entry_time,exit_time,side,entry,sl,tp,exit,qty,pnl,balance_after,result,exit_minus_entry,cumulative_pnl
2024-12-30 19:10:00+00:00,2024-12-31 05:05:00+00:00,buy,28.9523,28.8567,29.047900000000002,28.8567,1046.0251046024994,-100.0,9900.0,loss,-0.09560000000000102,-100.0
2024-12-31 07:40:00+00:00,2024-12-31 07:55:00+00:00,sell,28.8507,28.8863,28.8151,28.8151,2780.8988764045926,99.0,9999.0,win,-0.035599999999998744,-1.0
2024-12-31 08:05:00+00:00,2024-12-31 08:20:00+00:00,sell,28.8017,28.8833,28.720100000000002,28.8833,1225.3676470588518,-99.99000000000001,9899.01,loss,0.08159999999999812,-100.99000000000001
2024-12-31 11:05:00+00:00,2024-12-31 14:00:00+00:00,buy,28.9603,28.8827,29.0379,28.8827,1275.6456185566956,-98.9901,9800.0199,loss,-0.07760000000000034,-199.9801
2024-12-31 17:05:00+00:00,2024-12-31 18:20:00+00:00,buy,28.935299999999998,28.817700000000002,29.052899999999994,28.817700000000002,833.3350255102329,-98.000199,9702.019701,loss,-0.11759999999999593,-297.980299
2024-12-31 19:35:00+00:00,2024-12-31 22:20:00+00:00,sell,28.8387,28.8953,28.7821,28.8953,1714.1377563604378,-97.02019700999999,9604.999503989999,loss,0.05659999999999954,-395.00049601
2024-12-31 23:35:00+00:00,2025-01-02 01:00:00+00:00,sell,28.878700000000002,28.9013,28.856100000000005,28.9013,4249.9997805271,-96.04999503989998,9508.949508950098,loss,0.022599999999997067,-491.05049104989996
2025-01-02 02:05:00+00:00,2025-01-02 03:00:00+00:00,buy,28.9843,28.9307,29.0379,29.0379,1774.057744207127,95.08949508950099,9604.0390040396,win,0.053599999999999426,-395.960995960399
2025-01-02 03:10:00+00:00,2025-01-02 12:15:00+00:00,buy,29.1903,28.971700000000002,29.4089,29.4089,439.34304684536426,96.040390040396,9700.079394079996,win,0.21859999999999857,-299.92060592000297
2025-01-02 12:25:00+00:00,2025-01-02 15:10:00+00:00,buy,29.4113,29.2607,29.5619,29.2607,644.0955772961454,-97.00079394079997,9603.078600139195,loss,-0.15060000000000073,-396.9213998608029
2025-01-02 16:25:00+00:00,2025-01-02 16:40:00+00:00,buy,29.3693,29.2577,29.4809,29.4809,860.4909139909731,96.03078600139196,9699.109386140588,win,0.11159999999999926,-300.89061385941096
2025-01-02 17:15:00+00:00,2025-01-03 10:00:00+00:00,buy,29.4923,29.3357,29.6489,29.6489,619.3556440702764,96.99109386140589,9796.100480001995,win,0.15660000000000096,-203.89951999800508
2025-01-03 11:05:00+00:00,2025-01-03 15:35:00+00:00,buy,29.6903,29.5597,29.8209,29.8209,750.0842633998399,97.96100480001995,9894.061484802014,win,0.13060000000000116,-105.93851519798513
2025-01-03 15:45:00+00:00,2025-01-03 17:20:00+00:00,buy,29.8273,29.6727,29.981900000000003,29.6727,639.9781038034853,-98.94061484802015,9795.120869953995,loss,-0.15460000000000207,-204.8791300460053
2025-01-03 20:30:00+00:00,2025-01-03 21:05:00+00:00,buy,29.6053,29.5377,29.6729,29.6729,1448.9823772121558,97.95120869953996,9893.072078653535,win,0.06759999999999877,-106.92792134646533
2025-01-06 07:30:00+00:00,2025-01-06 07:35:00+00:00,sell,29.5407,29.595299999999998,29.486100000000004,29.486100000000004,1811.9179631234545,98.93072078653535,9992.00279944007,win,-0.054599999999997095,-7.997200559929979
2025-01-06 11:00:00+00:00,2025-01-06 13:10:00+00:00,buy,29.714299999999998,29.6337,29.794899999999995,29.794899999999995,1239.7025805757387,99.9200279944007,10091.922827434471,win,0.0805999999999969,91.92282743447072
2025-01-06 13:20:00+00:00,2025-01-06 13:35:00+00:00,buy,29.9243,29.7207,30.127899999999997,30.127899999999997,495.6740092060202,100.91922827434472,10192.842055708816,win,0.203599999999998,192.84205570881545
2025-01-06 13:45:00+00:00,2025-01-06 15:40:00+00:00,buy,30.2293,29.8907,30.567899999999998,29.8907,301.02900341727195,-101.92842055708816,10090.913635151728,loss,-0.33859999999999957,90.91363515172729
2025-01-06 16:55:00+00:00,2025-01-06 17:05:00+00:00,buy,29.8873,29.701700000000002,30.072899999999997,30.072899999999997,543.6914674112002,100.90913635151729,10191.822771503246,win,0.18559999999999732,191.82277150324458
2025-01-06 17:20:00+00:00,2025-01-09 15:00:00+00:00,buy,30.0873,29.7457,30.4289,30.4289,298.3554675498611,101.91822771503246,10293.740999218278,win,0.3415999999999997,293.740999218277
2025-01-09 15:15:00+00:00,2025-01-09 15:55:00+00:00,buy,30.4303,30.3187,30.5419,30.3187,922.378225736411,-102.93740999218278,10190.803589226096,loss,-0.11159999999999926,190.80358922609423
2025-01-09 23:05:00+00:00,2025-01-10 01:00:00+00:00,sell,30.0817,30.1353,30.028100000000002,30.1353,1901.2693263481724,-101.90803589226095,10088.895553333836,loss,0.053599999999999426,88.89555333383328
2025-01-10 05:05:00+00:00,2025-01-10 06:10:00+00:00,buy,30.2633,30.2107,30.315900000000003,30.2107,1918.0409797211976,-100.88895553333836,9988.006597800497,loss,-0.052600000000001756,-11.993402199505084
2025-01-10 07:10:00+00:00,2025-01-10 09:25:00+00:00,buy,30.2773,30.1977,30.3569,30.1977,1254.774698216155,-99.88006597800496,9888.126531822492,loss,-0.07959999999999923,-111.87346817751005
2025-01-10 10:05:00+00:00,2025-01-10 10:35:00+00:00,buy,30.275299999999998,30.186700000000002,30.363899999999994,30.363899999999994,1116.041369280241,98.8812653182249,9987.007797140717,win,0.08859999999999602,-12.992202859285143
2025-01-10 12:10:00+00:00,2025-01-10 13:10:00+00:00,buy,30.3413,30.2727,30.4099,30.4099,1455.8320403995215,99.87007797140717,10086.877875112124,win,0.0686,86.87787511212203
2025-01-10 16:00:00+00:00,2025-01-10 16:05:00+00:00,buy,30.3563,30.262700000000002,30.4499,30.4499,1077.6578926402005,100.86877875112123,10187.746653863245,win,0.09359999999999857,187.74665386324324
2025-01-10 16:15:00+00:00,2025-01-13 05:45:00+00:00,buy,30.5073,30.1807,30.8339,30.1807,311.933455415287,-101.87746653863246,10085.869187324613,loss,-0.3265999999999991,85.86918732461078
2025-01-13 07:30:00+00:00,2025-01-13 07:40:00+00:00,sell,30.1747,30.2323,30.117100000000004,30.117100000000004,1751.0189561328302,100.85869187324613,10186.727879197859,win,-0.05759999999999721,186.7278791978569
2025-01-13 07:50:00+00:00,2025-01-13 08:20:00+00:00,sell,30.1147,30.243299999999998,29.9861,30.243299999999998,792.1250294866221,-101.86727879197859,10084.86060040588,loss,0.12859999999999872,84.86060040587832
2025-01-13 09:35:00+00:00,2025-01-13 10:05:00+00:00,sell,30.2207,30.2943,30.147100000000002,30.2943,1370.2256250551654,-100.84860600405881,9984.01199440182,loss,0.073599999999999,-15.988005598180493
2025-01-13 11:20:00+00:00,2025-01-13 11:25:00+00:00,sell,30.2207,30.304299999999998,30.137100000000004,30.137100000000004,1194.2598079428442,99.8401199440182,10083.852114345838,win,-0.08359999999999701,83.8521143458377
2025-01-13 11:40:00+00:00,2025-01-13 14:00:00+00:00,sell,30.0407,30.275299999999998,29.806100000000004,29.806100000000004,429.83171842906967,100.83852114345838,10184.690635489296,win,-0.2345999999999968,184.69063548929608
2025-01-13 14:10:00+00:00,2025-01-15 10:05:00+00:00,sell,29.721700000000002,30.0413,29.402100000000004,30.0413,318.6699197587413,-101.84690635489297,10082.843729134403,loss,0.31959999999999766,82.84372913440312
2025-01-15 10:20:00+00:00,2025-01-15 14:20:00+00:00,buy,30.063299999999998,29.9637,30.162899999999997,29.9637,1012.3337077444302,-100.82843729134403,9982.01529184306,loss,-0.0995999999999988,-17.98470815694091
2025-01-15 15:15:00+00:00,2025-01-15 15:30:00+00:00,buy,29.9713,29.8927,30.049899999999997,30.049899999999997,1269.9765002345182,99.8201529184306,10081.83544476149,win,0.078599999999998,81.83544476148968
2025-01-15 15:45:00+00:00,2025-01-15 18:50:00+00:00,buy,30.179299999999998,29.8927,30.465899999999994,30.465899999999994,351.7737419665602,100.81835444761488,10182.653799209103,win,0.2865999999999964,182.65379920910456
2025-01-15 19:00:00+00:00,2025-01-15 20:10:00+00:00,buy,30.4713,30.2967,30.645899999999997,30.645899999999997,583.19895757212,101.82653799209103,10284.480337201194,win,0.1745999999999981,284.4803372011956
2025-01-15 21:15:00+00:00,2025-01-15 23:30:00+00:00,buy,30.656299999999998,30.564700000000002,30.747899999999994,30.564700000000002,1122.7598621399159,-102.84480337201195,10181.635533829181,loss,-0.09159999999999613,181.63553382918366
2025-01-16 03:00:00+00:00,2025-01-16 03:30:00+00:00,buy,30.6583,30.5797,30.736900000000002,30.736900000000002,1295.373477586384,101.8163553382918,10283.451889167472,win,0.07860000000000156,283.45188916747543
2025-01-16 05:50:00+00:00,2025-01-16 08:50:00+00:00,buy,30.6613,30.5867,30.7359,30.7359,1378.478805518424,102.83451889167473,10386.286408059148,win,0.07460000000000022,386.2864080591502
2025-01-16 09:00:00+00:00,2025-01-16 09:35:00+00:00,buy,30.7453,30.6587,30.8319,30.8319,1199.3402318774904,103.86286408059148,10490.149272139739,win,0.08660000000000068,490.14927213974164
2025-01-16 09:50:00+00:00,2025-01-16 10:00:00+00:00,buy,30.8323,30.7717,30.8929,30.7717,1731.0477346764997,-104.90149272139739,10385.247779418341,loss,-0.060600000000000875,385.24777941834424
2025-01-16 11:15:00+00:00,2025-01-16 13:05:00+00:00,buy,30.8483,30.750700000000002,30.945899999999995,30.750700000000002,1064.0622724814273,-103.85247779418343,10281.395301624158,loss,-0.09759999999999636,281.3953016241608
2025-01-16 13:25:00+00:00,2025-01-16 14:00:00+00:00,buy,30.8143,30.727700000000002,30.900899999999996,30.727700000000002,1187.2280948758082,-102.81395301624157,10178.581348607917,loss,-0.08659999999999712,178.58134860791927
2025-01-16 15:15:00+00:00,2025-01-16 17:10:00+00:00,buy,30.6843,30.5347,30.8339,30.8339,680.3864537839539,101.78581348607918,10280.367162093997,win,0.1495999999999995,280.36716209399845
2025-01-16 18:10:00+00:00,2025-01-17 07:50:00+00:00,buy,30.842299999999998,30.657700000000002,31.026899999999994,30.657700000000002,556.8996295825684,-102.80367162093997,10177.563490473056,loss,-0.1845999999999961,177.5634904730585
2025-01-17 10:05:00+00:00,2025-01-17 11:15:00+00:00,sell,30.5877,30.6493,30.526100000000003,30.526100000000003,1652.2018653365742,101.77563490473057,10279.339125377786,win,-0.061599999999998545,279.33912537778906
2025-01-17 11:25:00+00:00,2025-01-17 12:05:00+00:00,sell,30.5117,30.5903,30.433100000000003,30.433100000000003,1307.8039599717617,102.79339125377787,10382.132516631564,win,-0.078599999999998,382.13251663156694
2025-01-17 14:25:00+00:00,2025-01-17 14:50:00+00:00,sell,30.5717,30.6653,30.4781,30.4781,1109.2021919478336,103.82132516631565,10485.95384179788,win,-0.09359999999999857,485.9538417978826
2025-01-17 15:00:00+00:00,2025-01-17 15:10:00+00:00,sell,30.4707,30.592299999999998,30.349100000000004,30.349100000000004,862.3317304110292,104.8595384179788,10590.813380215859,win,-0.12159999999999727,590.8133802158613
2025-01-17 15:20:00+00:00,2025-01-17 15:35:00+00:00,sell,30.3347,30.502299999999998,30.167100000000005,30.167100000000005,631.9101062181427,105.90813380215859,10696.721514018018,win,-0.16759999999999664,696.7215140180199
2025-01-17 15:55:00+00:00,2025-01-17 17:00:00+00:00,sell,30.1307,30.4083,29.8531,30.4083,385.32858479892053,-106.9672151401802,10589.754298877837,loss,0.2775999999999996,589.7542988778397
2025-01-17 19:20:00+00:00,2025-01-17 21:50:00+00:00,sell,30.3307,30.4423,30.2191,30.2191,948.9027149532175,105.89754298877837,10695.651841866615,win,-0.11159999999999926,695.651841866618
2025-01-17 22:00:00+00:00,2025-01-17 22:55:00+00:00,sell,30.198700000000002,30.3063,30.091100000000004,30.3063,994.0196879058385,-106.95651841866615,10588.695323447948,loss,0.10759999999999792,588.6953234479519
2025-01-20 01:25:00+00:00,2025-01-20 03:05:00+00:00,sell,30.2487,30.333299999999998,30.1641,30.1641,1251.6188325588853,105.88695323447948,10694.582276682428,win,-0.08459999999999823,694.5822766824314
2025-01-20 03:35:00+00:00,2025-01-20 05:35:00+00:00,sell,30.1537,30.2923,30.0151,30.2923,771.6148828775185,-106.94582276682428,10587.636453915604,loss,0.13860000000000028,587.636453915607
2025-01-20 10:15:00+00:00,2025-01-20 10:25:00+00:00,sell,30.3517,30.4013,30.302100000000003,30.302100000000003,2134.6041237733893,105.87636453915603,10693.51281845476,win,-0.04959999999999809,693.5128184547631
2025-01-20 11:45:00+00:00,2025-01-20 12:50:00+00:00,sell,30.279700000000002,30.342299999999998,30.217100000000006,30.217100000000006,1708.2288847372854,106.9351281845476,10800.447946639308,win,-0.06259999999999621,800.4479466393107
2025-01-20 13:20:00+00:00,2025-01-20 15:05:00+00:00,sell,30.215700000000002,30.2773,30.154100000000003,30.2773,1753.319471857072,-108.00447946639308,10692.443467172914,loss,0.061599999999998545,692.4434671729176
2025-01-20 15:35:00+00:00,2025-01-20 15:40:00+00:00,sell,30.1967,30.2913,30.1021,30.1021,1130.279436276209,106.92443467172914,10799.367901844644,win,-0.0945999999999998,799.3679018446468
2025-01-20 18:25:00+00:00,2025-01-20 19:25:00+00:00,buy,30.5323,30.4307,30.633899999999997,30.4307,1062.9299115989065,-107.99367901844646,10691.374222826198,loss,-0.10159999999999769,691.3742228262004
2025-01-20 20:40:00+00:00,2025-01-20 20:45:00+00:00,buy,30.4823,30.4247,30.539899999999996,30.539899999999996,1856.1413581296383,106.91374222826198,10798.28796505446,win,0.05759999999999721,798.2879650544623
2025-01-21 01:20:00+00:00,2025-01-21 02:45:00+00:00,buy,30.5643,30.4527,30.6759,30.4527,967.5885273346355,-107.9828796505446,10690.305085403916,loss,-0.11159999999999926,690.3050854039177
2025-01-21 04:10:00+00:00,2025-01-21 05:10:00+00:00,buy,30.522299999999998,30.3717,30.672899999999995,30.672899999999995,709.8476152326771,106.90305085403917,10797.208136257956,win,0.15059999999999718,797.2081362579569
2025-01-21 05:20:00+00:00,2025-01-21 05:35:00+00:00,buy,30.6743,30.5917,30.756899999999998,30.5917,1307.168055237051,-107.97208136257956,10689.236054895377,loss,-0.08259999999999934,689.2360548953773
2025-01-21 07:40:00+00:00,2025-01-21 08:25:00+00:00,buy,30.6293,30.5837,30.6749,30.6749,2344.13071379283,106.89236054895377,10796.128415444331,win,0.04560000000000031,796.128415444331
2025-01-21 09:40:00+00:00,2025-01-21 10:00:00+00:00,buy,30.5723,30.4917,30.652899999999995,30.4917,1339.4700267301175,-107.96128415444332,10688.167131289887,loss,-0.0805999999999969,688.1671312898877
2025-01-21 13:10:00+00:00,2025-01-21 14:15:00+00:00,buy,30.4953,30.4217,30.5689,30.5689,1452.1966210991893,106.88167131289887,10795.048802602785,win,0.073599999999999,795.0488026027866
2025-01-21 14:25:00+00:00,2025-01-21 14:50:00+00:00,buy,30.5883,30.4897,30.6869,30.4897,1094.832535760919,-107.95048802602786,10687.098314576757,loss,-0.09860000000000113,687.0983145767588
2025-01-21 15:00:00+00:00,2025-01-21 16:30:00+00:00,buy,30.589299999999998,30.4857,30.692899999999995,30.692899999999995,1031.5731963877518,106.87098314576755,10793.969297722524,win,0.10359999999999658,793.9692977225263
2025-01-21 16:45:00+00:00,2025-01-21 19:05:00+00:00,buy,30.7003,30.5777,30.822899999999997,30.822899999999997,880.4216392922233,107.93969297722525,10901.908990699749,win,0.12259999999999849,901.9089906997516
2025-01-21 20:20:00+00:00,2025-01-21 20:25:00+00:00,buy,30.7893,30.7377,30.8409,30.7377,2112.773060213108,-109.0190899069975,10792.889900792752,loss,-0.051600000000000534,792.8899007927541
2025-01-21 20:35:00+00:00,2025-01-22 01:25:00+00:00,buy,30.7993,30.724700000000002,30.873899999999995,30.724700000000002,1446.7680832162512,-107.92889900792751,10684.961001784824,loss,-0.07459999999999667,684.9610017848266
2025-01-22 02:05:00+00:00,2025-01-22 03:00:00+00:00,buy,30.7973,30.7207,30.8739,30.8739,1394.9035250371996,106.84961001784825,10791.810611802674,win,0.07659999999999911,791.8106118026749
2025-01-22 05:25:00+00:00,2025-01-22 07:15:00+00:00,buy,30.839299999999998,30.7617,30.916899999999995,30.916899999999995,1390.697243789062,107.91810611802674,10899.7287179207,win,0.07759999999999678,899.7287179207017
2025-01-22 07:35:00+00:00,2025-01-22 08:00:00+00:00,buy,30.9223,30.872700000000002,30.971899999999998,30.872700000000002,2197.525951193774,-108.99728717920698,10790.731430741493,loss,-0.04959999999999809,790.7314307414947
2025-01-22 09:25:00+00:00,2025-01-22 09:50:00+00:00,buy,30.897299999999998,30.788700000000002,31.005899999999993,30.788700000000002,993.6216787055185,-107.90731430741494,10682.824116434078,loss,-0.10859999999999559,682.8241164340798
2025-01-22 11:05:00+00:00,2025-01-22 11:25:00+00:00,buy,30.8583,30.785700000000002,30.930899999999998,30.930899999999998,1471.4633769193395,106.82824116434077,10789.65235759842,win,0.07259999999999778,789.6523575984205
2025-01-22 12:00:00+00:00,2025-01-22 13:00:00+00:00,buy,30.9343,30.8447,31.0239,30.8447,1204.2022720533844,-107.89652357598419,10681.755834022435,loss,-0.08960000000000079,681.7558340224364
2025-01-22 15:05:00+00:00,2025-01-22 15:35:00+00:00,buy,30.8063,30.715700000000002,30.8969,30.715700000000002,1179.0017476846156,-106.81755834022435,10574.93827568221,loss,-0.09059999999999846,574.9382756822121
2025-01-22 20:10:00+00:00,2025-01-22 20:25:00+00:00,buy,30.8343,30.7777,30.8909,30.8909,1868.3636529474024,105.74938275682211,10680.687658439032,win,0.05659999999999954,680.6876584390342
2025-01-22 20:35:00+00:00,2025-01-22 23:00:00+00:00,buy,30.894299999999998,30.7867,31.001899999999996,30.7867,992.6289645389627,-106.80687658439032,10573.880781854641,loss,-0.10759999999999792,573.8807818546438
2025-01-23 02:15:00+00:00,2025-01-23 02:50:00+00:00,buy,30.7743,30.727700000000002,30.820899999999998,30.820899999999998,2269.0731291534553,105.73880781854642,10679.619589673188,win,0.046599999999997976,679.6195896731903
2025-01-23 03:00:00+00:00,2025-01-23 03:15:00+00:00,buy,30.8313,30.7727,30.889899999999997,30.7727,1822.460680831651,-106.79619589673189,10572.823393776456,loss,-0.05859999999999843,572.8233937764584
2025-01-23 04:05:00+00:00,2025-01-23 11:20:00+00:00,sell,30.6517,30.8313,30.472100000000005,30.472100000000005,588.6872713684091,105.72823393776457,10678.551627714221,win,-0.1795999999999971,678.551627714223
2025-01-23 11:30:00+00:00,2025-01-23 11:50:00+00:00,sell,30.4127,30.5463,30.279100000000003,30.5463,799.2927865055692,-106.78551627714222,10571.766111437079,loss,0.13359999999999772,571.7661114370808
2025-01-23 13:55:00+00:00,2025-01-23 14:00:00+00:00,sell,30.5267,30.5873,30.466100000000004,30.466100000000004,1744.5158599731924,105.71766111437078,10677.48377255145,win,-0.06059999999999732,677.4837725514516
2025-01-23 14:10:00+00:00,2025-01-23 14:35:00+00:00,sell,30.4527,30.5873,30.3181,30.3181,793.2751688374096,106.7748377255145,10784.258610276964,win,-0.13459999999999894,784.2586102769661
2025-01-23 15:10:00+00:00,2025-01-23 15:25:00+00:00,sell,30.2747,30.4313,30.1181,30.1181,688.6499751134673,107.84258610276964,10892.101196379734,win,-0.15660000000000096,892.1011963797357
2025-01-23 16:40:00+00:00,2025-01-23 18:20:00+00:00,sell,30.154700000000002,30.2973,30.012100000000004,30.2973,763.8219632804967,-108.92101196379734,10783.180184415936,loss,0.14259999999999806,783.1801844159384
2025-01-23 20:40:00+00:00,2025-01-23 22:55:00+00:00,sell,30.4227,30.4793,30.3661,30.4793,1905.1555096141387,-107.83180184415937,10675.348382571778,loss,0.05659999999999954,675.348382571779
2025-01-24 01:00:00+00:00,2025-01-24 03:05:00+00:00,sell,30.3967,30.4843,30.309099999999997,30.4843,1218.6470756360213,-106.75348382571778,10568.59489874606,loss,0.0876000000000019,568.5948987460612
2025-01-24 05:05:00+00:00,2025-01-24 10:45:00+00:00,buy,30.7873,30.7027,30.871899999999997,30.871899999999997,1249.2428958328937,105.6859489874606,10674.28084773352,win,0.08459999999999823,674.2808477335218
2025-01-24 11:00:00+00:00,2025-01-24 16:10:00+00:00,buy,30.9073,30.779700000000002,31.034899999999997,30.779700000000002,836.542386186029,-106.7428084773352,10567.538039256186,loss,-0.1275999999999975,567.5380392561866
2025-01-27 01:05:00+00:00,2025-01-27 01:50:00+00:00,sell,30.5537,30.6113,30.4961,30.4961,1834.6420207041747,105.67538039256186,10673.213419648748,win,-0.05760000000000076,673.2134196487484
2025-01-27 02:00:00+00:00,2025-01-27 03:30:00+00:00,sell,30.4887,30.5883,30.389100000000003,30.389100000000003,1071.6077730571162,106.7321341964875,10779.945553845235,win,-0.0995999999999988,779.945553845236
2025-01-27 03:40:00+00:00,2025-01-27 04:15:00+00:00,sell,30.3477,30.516299999999998,30.179100000000002,30.179100000000002,639.3799260881003,107.79945553845235,10887.745009383687,win,-0.16859999999999786,887.7450093836883
2025-01-27 04:30:00+00:00,2025-01-27 05:15:00+00:00,sell,30.1777,30.3383,30.017100000000003,30.3383,677.9417814062125,-108.87745009383687,10778.86755928985,loss,0.16059999999999874,778.8675592898514
2025-01-27 06:30:00+00:00,2025-01-27 06:35:00+00:00,sell,30.314700000000002,30.3513,30.278100000000006,30.278100000000006,2945.045781227024,107.78867559289851,10886.65623488275,win,-0.03659999999999641,886.6562348827499
2025-01-27 07:25:00+00:00,2025-01-27 09:30:00+00:00,sell,30.2417,30.3473,30.136100000000003,30.136100000000003,1030.9333555760275,108.8665623488275,10995.522797231577,win,-0.10559999999999903,995.5227972315774
2025-01-27 10:00:00+00:00,2025-01-27 10:55:00+00:00,sell,30.1297,30.2593,30.0001,30.2593,848.4199689221899,-109.95522797231575,10885.567569259261,loss,0.12959999999999994,885.5675692592617
2025-01-27 15:15:00+00:00,2025-01-27 15:35:00+00:00,sell,30.4787,30.5883,30.3691,30.3691,993.208719822922,108.85567569259261,10994.423244951853,win,-0.10960000000000036,994.4232449518544
2025-01-27 16:00:00+00:00,2025-01-27 16:20:00+00:00,sell,30.3377,30.5273,30.148100000000003,30.148100000000003,579.8746437210934,109.94423244951854,11104.367477401373,win,-0.18959999999999866,1104.367477401373
2025-01-27 16:30:00+00:00,2025-01-27 16:45:00+00:00,sell,30.1427,30.4333,29.852100000000004,30.4333,382.1186330833262,-111.04367477401372,10993.32380262736,loss,0.29059999999999775,993.3238026273592
2025-01-27 18:05:00+00:00,2025-01-27 18:40:00+00:00,sell,30.285700000000002,30.423299999999998,30.148100000000007,30.148100000000007,798.9334158886423,109.9332380262736,11103.257040653632,win,-0.1375999999999955,1103.2570406536329
2025-01-27 18:50:00+00:00,2025-01-27 18:55:00+00:00,sell,30.1457,30.2593,30.032100000000003,30.032100000000003,977.3993873814976,111.03257040653632,11214.289611060169,win,-0.11359999999999815,1214.2896110601691
2025-01-27 19:05:00+00:00,2025-01-28 15:15:00+00:00,sell,29.8667,30.2593,29.474100000000004,30.2593,285.6416100626649,-112.14289611060168,11102.146714949567,loss,0.39259999999999806,1102.1467149495675
2025-01-28 18:55:00+00:00,2025-01-29 09:40:00+00:00,buy,30.3873,30.2747,30.4999,30.2747,985.9810581660321,-111.02146714949568,10991.125247800072,loss,-0.11260000000000048,991.1252478000717
2025-01-29 09:50:00+00:00,2025-01-29 10:00:00+00:00,buy,30.3213,30.2727,30.3699,30.3699,2261.548404897115,109.91125247800073,11101.036500278073,win,0.04860000000000042,1101.0365002780725
2025-01-29 10:10:00+00:00,2025-01-29 10:35:00+00:00,buy,30.3793,30.2727,30.4859,30.4859,1041.3730300448449,111.01036500278073,11212.046865280854,win,0.10660000000000025,1212.0468652808531
2025-01-29 11:50:00+00:00,2025-01-29 13:15:00+00:00,buy,30.4533,30.4037,30.502899999999997,30.502899999999997,2260.4933196131624,112.12046865280854,11324.167333933663,win,0.04959999999999809,1324.1673339336617
2025-01-29 13:25:00+00:00,2025-01-29 14:20:00+00:00,buy,30.5073,30.4187,30.5959,30.4187,1278.1227239202842,-113.24167333933663,11210.925660594326,loss,-0.08859999999999957,1210.925660594325
2025-01-29 14:45:00+00:00,2025-01-29 15:00:00+00:00,buy,30.4973,30.413700000000002,30.580899999999996,30.580899999999996,1341.0198158606133,112.10925660594326,11323.03491720027,win,0.08359999999999701,1323.0349172002684
2025-01-29 16:15:00+00:00,2025-01-29 16:35:00+00:00,buy,30.647299999999998,30.4087,30.885899999999996,30.885899999999996,474.56139636212737,113.2303491720027,11436.265266372273,win,0.23859999999999815,1436.265266372271
2025-01-29 16:45:00+00:00,2025-01-29 20:00:00+00:00,buy,30.897299999999998,30.6567,31.137899999999995,30.6567,475.3227459007653,-114.36265266372273,11321.90261370855,loss,-0.24059999999999704,1321.9026137085484
2025-01-29 20:25:00+00:00,2025-01-29 21:10:00+00:00,buy,30.7593,30.5747,30.9439,30.5747,613.3208349787958,-113.21902613708549,11208.683587571464,loss,-0.18459999999999965,1208.683587571463
2025-01-29 21:30:00+00:00,2025-01-30 09:10:00+00:00,buy,30.7413,30.5687,30.913899999999998,30.913899999999998,649.4022936020577,112.08683587571464,11320.770423447178,win,0.1725999999999992,1320.7704234471776
2025-01-30 09:40:00+00:00,2025-01-30 12:35:00+00:00,buy,30.9713,30.8537,31.0889,31.0889,962.6505462114991,113.20770423447179,11433.97812768165,win,0.11759999999999948,1433.9781276816493
2025-01-30 13:30:00+00:00,2025-01-30 14:00:00+00:00,buy,31.0983,30.9927,31.203899999999997,30.9927,1082.7630802728936,-114.33978127681651,11319.638346404834,loss,-0.10559999999999903,1319.6383464048329
2025-01-30 14:35:00+00:00,2025-01-30 15:05:00+00:00,buy,31.0703,30.951700000000002,31.188899999999997,31.188899999999997,954.4383091403968,113.19638346404834,11432.834729868882,win,0.11859999999999715,1432.8347298688811
2025-01-30 15:15:00+00:00,2025-01-30 15:45:00+00:00,buy,31.1903,31.0577,31.3229,31.3229,862.2047307593423,114.32834729868883,11547.163077167572,win,0.13260000000000005,1547.16307716757
2025-01-30 15:55:00+00:00,2025-01-30 17:20:00+00:00,buy,31.330299999999998,31.0837,31.576899999999995,31.576899999999995,468.2547882063139,115.47163077167572,11662.634707939247,win,0.24659999999999727,1662.6347079392458
2025-01-30 17:30:00+00:00,2025-01-30 18:55:00+00:00,buy,31.612299999999998,31.442700000000002,31.781899999999993,31.442700000000002,687.6553483454926,-116.62634707939247,11546.008360859854,loss,-0.16959999999999553,1546.0083608598534
2025-01-30 21:15:00+00:00,2025-01-30 21:30:00+00:00,buy,31.5793,31.5307,31.6279,31.5307,2375.721884950567,-115.46008360859855,11430.548277251255,loss,-0.04860000000000042,1430.5482772512548
2025-01-30 23:00:00+00:00,2025-01-31 03:25:00+00:00,buy,31.5733,31.4407,31.7059,31.4407,862.0322984352376,-114.30548277251255,11316.242794478743,loss,-0.13260000000000005,1316.2427944787423
2025-01-31 05:05:00+00:00,2025-01-31 05:25:00+00:00,buy,31.2593,31.1077,31.410899999999998,31.410899999999998,746.4540101898987,113.16242794478745,11429.405222423531,win,0.1515999999999984,1429.4052224235297
2025-01-31 05:35:00+00:00,2025-01-31 14:10:00+00:00,buy,31.4443,31.2067,31.681899999999995,31.681899999999995,481.03557333432997,114.29405222423532,11543.699274647766,win,0.23759999999999692,1543.699274647765
2025-01-31 17:10:00+00:00,2025-01-31 17:20:00+00:00,buy,31.641299999999998,31.5227,31.759899999999995,31.5227,973.3304616060746,-115.43699274647767,11428.262281901289,loss,-0.11859999999999715,1428.2622819012872
2025-01-31 19:15:00+00:00,2025-01-31 19:25:00+00:00,buy,31.4883,31.3797,31.596899999999998,31.3797,1052.326176970661,-114.28262281901289,11313.979659082275,loss,-0.10859999999999914,1313.9796590822743
2025-02-03 01:10:00+00:00,2025-02-03 01:30:00+00:00,sell,31.2727,31.615299999999998,30.930100000000003,30.930100000000003,330.23875245424296,113.13979659082277,11427.119455673099,win,-0.34259999999999735,1427.119455673097
2025-02-03 01:40:00+00:00,2025-02-03 15:00:00+00:00,sell,30.8247,31.3983,30.2511,31.3983,199.2175637320976,-114.27119455673099,11312.848261116367,loss,0.573599999999999,1312.848261116366
2025-02-03 16:05:00+00:00,2025-02-03 17:25:00+00:00,buy,31.3503,31.1737,31.5269,31.1737,640.591634264798,-113.12848261116368,11199.719778505203,loss,-0.17660000000000053,1199.7197785052024
2025-02-03 18:05:00+00:00,2025-02-04 16:05:00+00:00,buy,31.4333,30.942700000000002,31.923899999999996,31.923899999999996,228.2861756727532,111.99719778505204,11311.716976290256,win,0.49059999999999704,1311.7169762902545
2025-02-04 16:25:00+00:00,2025-02-04 17:05:00+00:00,buy,31.9723,31.7557,32.188900000000004,32.188900000000004,522.2399342700957,113.11716976290441,11424.834146053161,win,0.21660000000000323,1424.834146053159
2025-02-04 17:15:00+00:00,2025-02-04 17:55:00+00:00,buy,32.2173,32.0147,32.419900000000005,32.0147,563.910866044074,-114.24834146053159,11310.585804592629,loss,-0.2026000000000039,1310.5858045926275
2025-02-04 18:45:00+00:00,2025-02-05 02:55:00+00:00,buy,32.3083,31.9357,32.68090000000001,31.9357,303.5583951849857,-113.1058580459263,11197.479946546702,loss,-0.37260000000000204,1197.4799465467013
2025-02-05 03:05:00+00:00,2025-02-05 10:50:00+00:00,buy,32.1753,31.9347,32.4159,32.4159,465.39816901690256,111.97479946546703,11309.454746012168,win,0.2406000000000006,1309.4547460121682
2025-02-05 11:00:00+00:00,2025-02-05 12:55:00+00:00,buy,32.4363,32.287699999999994,32.58490000000001,32.287699999999994,761.0669411851607,-113.09454746012169,11196.360198552047,loss,-0.14860000000000895,1196.3601985520465
2025-02-05 14:35:00+00:00,2025-02-05 14:50:00+00:00,buy,32.3243,32.256699999999995,32.39190000000001,32.39190000000001,1656.2663015608098,111.96360198552047,11308.323800537568,win,0.06760000000000588,1308.323800537567
2025-02-05 16:10:00+00:00,2025-02-05 17:05:00+00:00,buy,32.2353,32.0447,32.425900000000006,32.425900000000006,593.3013536483402,113.08323800537568,11421.407038542944,win,0.19060000000000343,1421.4070385429427
2025-02-05 17:15:00+00:00,2025-02-05 22:50:00+00:00,buy,32.441300000000005,32.2307,32.65190000000001,32.2307,542.3270198738171,-114.21407038542944,11307.192968157515,loss,-0.21060000000000656,1307.1929681575132
2025-02-06 01:20:00+00:00,2025-02-06 02:40:00+00:00,buy,32.3263,32.2727,32.379900000000006,32.379900000000006,2109.5509268949418,113.07192968157516,11420.26489783909,win,0.05360000000000298,1420.2648978390882
2025-02-06 02:55:00+00:00,2025-02-06 04:15:00+00:00,buy,32.3853,32.3227,32.447900000000004,32.3227,1824.323466108384,-114.2026489783909,11306.062248860699,loss,-0.06260000000000332,1306.0622488606973
2025-02-06 09:40:00+00:00,2025-02-06 09:45:00+00:00,sell,32.152699999999996,32.338300000000004,31.967099999999988,31.967099999999988,609.1628366842788,113.060622488607,11419.122871349306,win,-0.18560000000000798,1419.1228713493042
2025-02-06 10:00:00+00:00,2025-02-06 19:20:00+00:00,sell,31.9097,32.1963,31.6231,32.1963,398.4341546179102,-114.19122871349306,11304.931642635813,loss,0.28659999999999997,1304.9316426358112
2025-02-07 01:20:00+00:00,2025-02-07 01:40:00+00:00,buy,32.2213,32.1887,32.2539,32.1887,3467.770442526091,-113.04931642635813,11191.882326209454,loss,-0.03260000000000218,1191.882326209453
2025-02-07 02:15:00+00:00,2025-02-07 04:50:00+00:00,buy,32.231300000000005,32.1817,32.28090000000001,32.28090000000001,2256.427888348444,111.91882326209455,11303.801149471548,win,0.049600000000005195,1303.8011494715474
2025-02-07 05:00:00+00:00,2025-02-07 05:10:00+00:00,buy,32.283300000000004,32.2467,32.31990000000001,32.2467,3088.4702594178593,-113.03801149471549,11190.763137976834,loss,-0.03660000000000707,1190.763137976832
2025-02-07 08:40:00+00:00,2025-02-07 10:00:00+00:00,buy,32.2173,32.1247,32.309900000000006,32.309900000000006,1208.5057384423644,111.90763137976833,11302.670769356602,win,0.09260000000000446,1302.6707693566004
2025-02-07 10:15:00+00:00,2025-02-07 11:05:00+00:00,buy,32.3113,32.2397,32.38290000000001,32.38290000000001,1578.5853029826849,113.02670769356601,11415.697477050167,win,0.07160000000000366,1415.6974770501665
2025-02-07 13:50:00+00:00,2025-02-07 14:00:00+00:00,buy,32.3023,32.2427,32.361900000000006,32.2427,1915.3854827264352,-114.15697477050168,11301.540502279666,loss,-0.059600000000003206,1301.540502279665
2025-02-07 15:30:00+00:00,2025-02-07 15:35:00+00:00,buy,32.2503,32.1877,32.312900000000006,32.1877,1805.3579077123109,-113.01540502279666,11188.525097256868,loss,-0.06260000000000332,1188.5250972568683
2025-02-07 16:10:00+00:00,2025-02-07 19:30:00+00:00,buy,32.3553,31.9297,32.7809,31.9297,262.88827766111103,-111.88525097256867,11076.639846284299,loss,-0.4255999999999993,1076.6398462842997
2025-02-07 20:50:00+00:00,2025-02-10 01:00:00+00:00,sell,31.881700000000002,32.0153,31.7481,31.7481,829.0898088536072,110.76639846284299,11187.406244747142,win,-0.13360000000000127,1187.4062447471426
2025-02-10 03:30:00+00:00,2025-02-10 05:50:00+00:00,sell,31.8677,32.0153,31.720099999999995,32.0153,757.9543526251238,-111.87406244747143,11075.53218229967,loss,0.14760000000000417,1075.5321822996711
2025-02-10 07:30:00+00:00,2025-02-10 08:45:00+00:00,sell,31.9917,32.0443,31.939100000000003,32.0443,2105.6144833270055,-110.7553218229967,10964.776860476673,loss,0.052599999999998204,964.7768604766744
2025-02-10 11:05:00+00:00,2025-02-10 12:00:00+00:00,buy,32.219300000000004,32.1307,32.30790000000001,32.30790000000001,1237.5594650649941,109.64776860476674,11074.42462908144,win,0.08860000000000667,1074.4246290814413
2025-02-10 12:10:00+00:00,2025-02-10 12:20:00+00:00,buy,32.3153,32.2497,32.380900000000004,32.2497,1688.1744861403754,-110.74424629081442,10963.680382790626,loss,-0.06560000000000343,963.6803827906268
2025-02-10 13:00:00+00:00,2025-02-10 13:10:00+00:00,buy,32.3173,32.2397,32.39490000000001,32.2397,1412.8454101533605,-109.63680382790626,10854.043578962719,loss,-0.07760000000000389,854.0435789627205
2025-02-10 15:20:00+00:00,2025-02-10 15:25:00+00:00,buy,32.270300000000006,32.2097,32.330900000000014,32.2097,1791.0963001586288,-108.5404357896272,10745.503143173091,loss,-0.06060000000000798,745.5031431730933
2025-02-10 16:55:00+00:00,2025-02-10 18:25:00+00:00,buy,32.2363,32.0537,32.4189,32.0537,588.4722422329161,-107.45503143173093,10638.04811174136,loss,-0.18260000000000076,638.0481117413624
2025-02-10 21:55:00+00:00,2025-02-11 01:00:00+00:00,sell,32.0447,32.0953,31.994099999999996,31.994099999999996,2102.381049751138,106.38048111741361,10744.428592858774,win,-0.050600000000002865,744.428592858776
2025-02-11 03:25:00+00:00,2025-02-11 04:15:00+00:00,sell,32.094699999999996,32.194300000000005,31.995099999999987,32.194300000000005,1078.757890849172,-107.44428592858775,10636.984306930186,loss,0.09960000000000946,636.9843069301883
2025-02-11 04:30:00+00:00,2025-02-11 04:35:00+00:00,sell,32.0757,32.203300000000006,31.94809999999999,31.94809999999999,833.6194597907137,106.36984306930187,10743.354149999488,win,-0.12760000000000815,743.3541499994901
2025-02-11 06:55:00+00:00,2025-02-11 07:15:00+00:00,sell,31.8647,31.909299999999998,31.8201,31.909299999999998,2408.823800448365,-107.43354149999487,10635.920608499493,loss,0.044599999999999085,635.9206084994953
2025-02-11 08:30:00+00:00,2025-02-11 08:45:00+00:00,sell,31.9317,32.0323,31.8311,31.8311,1057.248569433349,106.35920608499494,10742.279814584488,win,-0.10060000000000002,742.2798145844903
2025-02-11 08:55:00+00:00,2025-02-11 11:00:00+00:00,sell,31.8187,31.9633,31.6741,31.6741,742.8962527375138,107.42279814584487,10849.702612730332,win,-0.1446000000000005,849.7026127303352
2025-02-11 12:40:00+00:00,2025-02-11 14:10:00+00:00,sell,31.7197,31.7903,31.6491,31.6491,1536.7850726247173,108.49702612730333,10958.199638857635,win,-0.07059999999999889,958.1996388576385
2025-02-11 14:30:00+00:00,2025-02-11 14:50:00+00:00,sell,31.6427,31.7703,31.515100000000004,31.515100000000004,858.7930751455996,109.58199638857636,11067.781635246212,win,-0.1275999999999975,1067.7816352462148
2025-02-11 15:00:00+00:00,2025-02-11 15:15:00+00:00,sell,31.5027,31.7073,31.2981,31.2981,540.9472940003058,110.67781635246214,11178.459451598674,win,-0.20459999999999923,1178.4594515986769
2025-02-12 02:05:00+00:00,2025-02-12 02:10:00+00:00,sell,31.8137,31.8313,31.796100000000003,31.796100000000003,6351.397415681764,111.78459451598674,11290.24404611466,win,-0.01759999999999806,1290.2440461146637
2025-02-12 02:25:00+00:00,2025-02-12 02:50:00+00:00,sell,31.782700000000002,31.830299999999998,31.735100000000006,31.735100000000006,2371.9000096881705,112.90244046114658,11403.146486575806,win,-0.047599999999995646,1403.1464865758103
2025-02-12 03:00:00+00:00,2025-02-12 03:30:00+00:00,sell,31.7347,31.7923,31.6771,31.6771,1979.7129316971625,114.03146486575807,11517.177951441565,win,-0.05760000000000076,1517.1779514415684
2025-02-12 06:50:00+00:00,2025-02-12 07:25:00+00:00,sell,31.7807,31.8383,31.7231,31.7231,1999.5100610141342,115.17177951441565,11632.34973095598,win,-0.05760000000000076,1632.3497309559841
2025-02-12 11:20:00+00:00,2025-02-12 12:25:00+00:00,sell,31.7547,31.8483,31.6611,31.8483,1242.7724071534358,-116.32349730955981,11516.02623364642,loss,0.09359999999999857,1516.0262336464243
2025-02-12 14:30:00+00:00,2025-02-12 15:10:00+00:00,sell,31.7107,31.7863,31.635099999999998,31.635099999999998,1523.2838933394444,115.1602623364642,11631.186495982884,win,-0.07560000000000144,1631.1864959828886
2025-02-12 16:10:00+00:00,2025-02-14 03:05:00+00:00,buy,31.9973,31.561700000000002,32.4329,32.4329,267.01530064240023,116.31186495982882,11747.498360942713,win,0.4355999999999973,1747.4983609427175
2025-02-14 03:15:00+00:00,2025-02-14 07:55:00+00:00,buy,32.4543,32.2767,32.63190000000001,32.63190000000001,661.4582410440519,117.47498360942713,11864.97334455214,win,0.1776000000000053,1864.9733445521447
2025-02-14 08:05:00+00:00,2025-02-14 08:10:00+00:00,buy,32.642300000000006,32.497699999999995,32.78690000000002,32.78690000000002,820.5375756951054,118.64973344552139,11983.623077997661,win,0.14460000000001116,1983.623077997666
2025-02-14 08:30:00+00:00,2025-02-14 12:10:00+00:00,buy,32.9193,32.543699999999994,33.294900000000005,33.294900000000005,319.05279760376675,119.83623077997662,12103.459308777637,win,0.3756000000000057,2103.4593087776425
2025-02-14 12:20:00+00:00,2025-02-14 12:45:00+00:00,buy,33.3033,33.229699999999994,33.376900000000006,33.229699999999994,1644.4917539098687,-121.03459308777639,11982.424715689862,loss,-0.0736000000000061,1982.4247156898662
2025-02-14 14:15:00+00:00,2025-02-14 15:25:00+00:00,buy,33.218300000000006,33.095699999999994,33.34090000000002,33.34090000000002,977.3592753416493,119.82424715689862,12102.248962846761,win,0.1226000000000127,2102.2489628467647
2025-02-14 15:35:00+00:00,2025-02-14 15:40:00+00:00,buy,33.343300000000006,33.097699999999996,33.58890000000002,33.097699999999996,492.76257992045015,-121.02248962846761,11981.226473218294,loss,-0.24560000000001025,1981.226473218297
2025-02-14 22:25:00+00:00,2025-02-14 22:40:00+00:00,sell,32.2427,32.3123,32.1731,32.1731,1721.4405852324835,119.81226473218294,12101.038737950477,win,-0.06960000000000122,2101.03873795048
2025-02-14 23:55:00+00:00,2025-02-17 01:00:00+00:00,sell,32.113699999999994,32.1723,32.05509999999999,32.1723,2065.023675417975,-121.01038737950476,11980.028350570972,loss,0.05860000000000554,1980.0283505709754
2025-02-17 01:25:00+00:00,2025-02-17 03:25:00+00:00,sell,32.0547,32.212300000000006,31.897099999999988,32.212300000000006,760.1540831580119,-119.80028350570973,11860.228067065262,loss,0.1576000000000093,1860.2280670652656
2025-02-17 06:50:00+00:00,2025-02-17 07:50:00+00:00,sell,32.3737,32.4583,32.2891,32.2891,1401.918211236999,118.60228067065262,11978.830347735915,win,-0.08460000000000178,1978.8303477359182
2025-02-17 08:00:00+00:00,2025-02-17 08:05:00+00:00,sell,32.226699999999994,32.402300000000004,32.051099999999984,32.051099999999984,682.1657373425533,119.78830347735915,12098.618651213274,win,-0.17560000000000997,2098.618651213277
2025-02-17 09:20:00+00:00,2025-02-17 09:55:00+00:00,sell,32.1187,32.2303,32.007099999999994,32.2303,1084.1056139079722,-120.98618651213273,11977.63246470114,loss,0.11160000000000281,1977.6324647011445
2025-02-17 14:05:00+00:00,2025-02-17 14:10:00+00:00,sell,32.4257,32.4823,32.369099999999996,32.369099999999996,2116.1894813958456,119.7763246470114,12097.408789348152,win,-0.05660000000000309,2097.408789348156
2025-02-17 14:20:00+00:00,2025-02-17 15:00:00+00:00,sell,32.3617,32.4823,32.241099999999996,32.241099999999996,1003.1018896639997,120.97408789348152,12218.382877241633,win,-0.12060000000000315,2218.3828772416377
2025-02-17 15:50:00+00:00,2025-02-17 16:50:00+00:00,sell,32.2187,32.347300000000004,32.09009999999999,32.347300000000004,950.107533222479,-122.18382877241633,12096.199048469216,loss,0.12860000000000582,2096.1990484692215
2025-02-17 17:10:00+00:00,2025-02-17 20:45:00+00:00,sell,32.287699999999994,32.3903,32.185099999999984,32.3903,1178.9667688565387,-120.96199048469215,11975.237057984525,loss,0.10260000000000957,1975.2370579845292
2025-02-18 03:05:00+00:00,2025-02-18 03:10:00+00:00,sell,32.3367,32.4003,32.2731,32.2731,1882.8989084881036,119.75237057984525,12094.98942856437,win,-0.06360000000000099,2094.9894285643745
2025-02-18 03:20:00+00:00,2025-02-18 03:45:00+00:00,sell,32.2497,32.380300000000005,32.11909999999999,32.11909999999999,926.1094508854214,120.9498942856437,12215.939322850014,win,-0.13060000000000827,2215.939322850018
2025-02-18 03:55:00+00:00,2025-02-18 04:40:00+00:00,sell,32.1117,32.2483,31.975099999999998,32.2483,894.2854555527006,-122.15939322850014,12093.779929621514,loss,0.1366000000000014,2093.779929621518
2025-02-18 07:55:00+00:00,2025-02-18 08:10:00+00:00,sell,32.341699999999996,32.3933,32.29009999999999,32.3933,2343.7558003139,-120.93779929621516,11972.8421303253,loss,0.05160000000000764,1972.8421303253028
2025-02-18 10:10:00+00:00,2025-02-18 16:30:00+00:00,buy,32.4393,32.308699999999995,32.56990000000001,32.56990000000001,916.7566715409297,119.728421303253,12092.570551628552,win,0.13060000000000827,2092.5705516285557
2025-02-18 16:55:00+00:00,2025-02-18 18:00:00+00:00,buy,32.575300000000006,32.470699999999994,32.67990000000002,32.67990000000002,1156.0774905953313,120.92570551628555,12213.496257144838,win,0.10460000000001202,2213.4962571448414
2025-02-18 18:10:00+00:00,2025-02-18 18:15:00+00:00,buy,32.6803,32.5537,32.806900000000006,32.806900000000006,964.7311419545429,122.13496257144838,12335.631219716286,win,0.12660000000000338,2335.6312197162897
2025-02-18 18:25:00+00:00,2025-02-19 04:35:00+00:00,buy,32.8463,32.6207,33.0719,32.6207,546.7921639945162,-123.35631219716286,12212.274907519124,loss,-0.22560000000000002,2212.274907519127
2025-02-19 07:15:00+00:00,2025-02-19 07:30:00+00:00,buy,32.6633,32.604699999999994,32.721900000000005,32.721900000000005,2084.0059569143295,122.12274907519125,12334.397656594316,win,0.05860000000000554,2334.397656594318
2025-02-19 07:40:00+00:00,2025-02-19 10:05:00+00:00,buy,32.761300000000006,32.625699999999995,32.89690000000002,32.89690000000002,909.6163463564404,123.34397656594317,12457.741633160258,win,0.13560000000001082,2457.7416331602612
2025-02-19 10:15:00+00:00,2025-02-19 10:25:00+00:00,buy,32.904300000000006,32.844699999999996,32.96390000000002,32.96390000000002,2090.225106234581,124.57741633160258,12582.31904949186,win,0.05960000000001031,2582.319049491864
2025-02-19 11:15:00+00:00,2025-02-19 14:00:00+00:00,buy,32.965300000000006,32.8497,33.080900000000014,32.8497,1088.4359039352096,-125.8231904949186,12456.495858996941,loss,-0.1156000000000077,2456.4958589969456
2025-02-19 15:35:00+00:00,2025-02-19 15:50:00+00:00,buy,32.960300000000004,32.7977,33.12290000000001,32.7977,766.082156149851,-124.56495858996941,12331.930900406971,loss,-0.16260000000000474,2331.930900406976
2025-02-19 19:05:00+00:00,2025-02-19 20:40:00+00:00,sell,32.588699999999996,32.651300000000006,32.526099999999985,32.651300000000006,1969.957012844236,-123.31930900406971,12208.611591402901,loss,0.06260000000001043,2208.6115914029065
2025-02-19 23:35:00+00:00,2025-02-20 02:40:00+00:00,sell,32.7007,32.758300000000006,32.64309999999999,32.758300000000006,2119.550623507159,-122.08611591402902,12086.525475488872,loss,0.05760000000000787,2086.5254754888774
2025-02-20 03:10:00+00:00,2025-02-20 03:20:00+00:00,sell,32.732699999999994,32.7653,32.700099999999985,32.700099999999985,3707.5231519893955,120.86525475488872,12207.39073024376,win,-0.03260000000000929,2207.390730243766
2025-02-20 03:30:00+00:00,2025-02-20 03:45:00+00:00,sell,32.698699999999995,32.789300000000004,32.608099999999986,32.608099999999986,1347.3941203358204,122.07390730243762,12329.464637546198,win,-0.09060000000000912,2329.4646375462034
2025-02-20 05:25:00+00:00,2025-02-20 09:05:00+00:00,buy,32.816300000000005,32.726699999999994,32.90590000000002,32.90590000000002,1376.0563211545339,123.294646375462,12452.75928392166,win,0.08960000000001145,2452.7592839216654
2025-02-20 09:15:00+00:00,2025-02-20 09:30:00+00:00,buy,32.911300000000004,32.8407,32.98190000000001,32.98190000000001,1763.846924068074,124.5275928392166,12577.286876760876,win,0.07060000000000599,2577.286876760882
2025-02-20 10:00:00+00:00,2025-02-20 11:20:00+00:00,buy,32.9823,32.8827,33.081900000000005,33.081900000000005,1262.7798069036726,125.77286876760876,12703.059745528484,win,0.09960000000000235,2703.0597455284906
2025-02-20 11:30:00+00:00,2025-02-20 11:40:00+00:00,buy,33.084300000000006,33.0017,33.16690000000001,33.0017,1537.9006955844422,-127.03059745528485,12576.0291480732,loss,-0.08260000000000645,2576.0291480732058
2025-02-20 11:55:00+00:00,2025-02-20 13:00:00+00:00,buy,33.088300000000004,33.000699999999995,33.17590000000001,33.17590000000001,1435.6197657616333,125.76029148073201,12701.789439553932,win,0.087600000000009,2701.789439553938
2025-02-20 13:10:00+00:00,2025-02-20 13:35:00+00:00,buy,33.1783,33.103699999999996,33.252900000000004,33.103699999999996,1702.6527398864998,-127.01789439553932,12574.771545158392,loss,-0.07460000000000377,2574.7715451583986
2025-02-20 15:00:00+00:00,2025-02-20 15:05:00+00:00,buy,33.088300000000004,32.975699999999996,33.20090000000001,32.975699999999996,1116.764790866567,-125.7477154515839,12449.023829706808,loss,-0.11260000000000758,2449.0238297068145
2025-02-20 15:30:00+00:00,2025-02-20 15:50:00+00:00,buy,33.1073,32.921699999999994,33.29290000000001,32.921699999999994,670.7448184108983,-124.49023829706809,12324.53359140974,loss,-0.18560000000000798,2324.5335914097464
2025-02-20 18:10:00+00:00,2025-02-20 19:40:00+00:00,buy,32.9803,32.8837,33.0769,33.0769,1275.8316347214757,123.24533591409741,12447.778927323838,win,0.09660000000000224,2447.7789273238436
2025-02-20 20:55:00+00:00,2025-02-20 21:05:00+00:00,buy,33.0313,32.970699999999994,33.09190000000001,32.970699999999994,2054.088931901353,-124.4777892732384,12323.3011380506,loss,-0.06060000000000798,2323.301138050605
2025-02-20 23:05:00+00:00,2025-02-20 23:30:00+00:00,buy,32.880300000000005,32.8257,32.93490000000001,32.93490000000001,2257.0148604485075,123.23301138050601,12446.534149431105,win,0.05460000000000775,2446.534149431111
2025-02-21 01:00:00+00:00,2025-02-21 02:20:00+00:00,buy,32.953300000000006,32.906699999999994,32.99990000000002,32.906699999999994,2670.930074984517,-124.46534149431105,12322.068807936794,loss,-0.04660000000001219,2322.0688079368
2025-02-21 06:25:00+00:00,2025-02-21 06:45:00+00:00,sell,32.835699999999996,32.901300000000006,32.770099999999985,32.770099999999985,1878.364147551039,123.22068807936795,12445.289496016161,win,-0.06560000000001054,2445.289496016168
2025-02-21 07:05:00+00:00,2025-02-21 07:35:00+00:00,sell,32.7557,32.8543,32.65709999999999,32.8543,1262.199746046204,-124.45289496016161,12320.836601056,loss,0.09860000000000468,2320.836601056006
2025-02-21 10:10:00+00:00,2025-02-21 10:15:00+00:00,sell,32.878699999999995,32.965300000000006,32.792099999999984,32.792099999999984,1422.72939965986,123.20836601056001,12444.04496706656,win,-0.08660000000001133,2444.044967066566
2025-02-21 14:05:00+00:00,2025-02-21 14:30:00+00:00,sell,32.9077,32.9763,32.839099999999995,32.9763,1814.0007240620869,-124.4404496706656,12319.604517395896,loss,0.06860000000000355,2319.6045173959005
2025-02-21 14:50:00+00:00,2025-02-21 15:00:00+00:00,sell,32.8957,32.9803,32.811099999999996,32.811099999999996,1456.21802806095,123.19604517395896,12442.800562569855,win,-0.08460000000000178,2442.8005625698597
2025-02-21 16:35:00+00:00,2025-02-21 16:45:00+00:00,sell,32.7977,32.947300000000006,32.64809999999999,32.947300000000006,831.7380055193386,-124.42800562569856,12318.372556944156,loss,0.14960000000000662,2318.3725569441613
2025-02-21 16:55:00+00:00,2025-02-21 17:20:00+00:00,sell,32.787699999999994,32.9883,32.587099999999985,32.587099999999985,614.0763986512279,123.18372556944158,12441.556282513597,win,-0.20060000000000855,2441.556282513603
2025-02-21 19:40:00+00:00,2025-02-21 20:05:00+00:00,sell,32.668699999999994,32.728300000000004,32.609099999999984,32.609099999999984,2087.5094433744034,124.41556282513596,12565.971845338732,win,-0.05960000000001031,2565.971845338739
2025-02-21 20:15:00+00:00,2025-02-21 20:35:00+00:00,sell,32.604699999999994,32.7143,32.49509999999999,32.7143,1146.5302778592952,-125.65971845338731,12440.312126885345,loss,0.10960000000000747,2440.312126885352
2025-02-21 21:40:00+00:00,2025-02-21 23:55:00+00:00,sell,32.601699999999994,32.752300000000005,32.45109999999998,32.45109999999998,826.0499420241969,124.40312126885345,12564.715248154198,win,-0.1506000000000114,2564.7152481542053
2025-02-24 02:55:00+00:00,2025-02-24 03:00:00+00:00,sell,32.531699999999994,32.6573,32.40609999999999,32.40609999999999,1000.3754178466263,125.64715248154198,12690.36240063574,win,-0.1256000000000057,2690.3624006357472
2025-02-24 03:10:00+00:00,2025-02-24 04:30:00+00:00,sell,32.384699999999995,32.5833,32.18609999999999,32.5833,638.9910574338041,-126.9036240063574,12563.458776629383,loss,0.1986000000000061,2563.45877662939
2025-02-24 07:15:00+00:00,2025-02-24 07:50:00+00:00,sell,32.6447,32.679300000000005,32.610099999999996,32.610099999999996,3631.0574498923997,125.63458776629383,12689.093364395676,win,-0.03460000000000463,2689.0933643956837
2025-02-24 08:00:00+00:00,2025-02-24 08:25:00+00:00,sell,32.588699999999996,32.6693,32.50809999999999,32.6693,1574.3292015378468,-126.89093364395674,12562.202430751719,loss,0.080600000000004,2562.2024307517268
2025-02-24 09:55:00+00:00,2025-02-24 10:35:00+00:00,sell,32.579699999999995,32.6803,32.47909999999999,32.47909999999999,1248.727875820162,125.6220243075172,12687.824455059235,win,-0.10060000000000713,2687.824455059244
2025-02-24 10:45:00+00:00,2025-02-24 10:50:00+00:00,sell,32.473699999999994,32.5493,32.398099999999985,32.5493,1678.2836580764288,-126.87824455059236,12560.946210508642,loss,0.07560000000000855,2560.946210508652
2025-02-24 12:05:00+00:00,2025-02-24 12:45:00+00:00,sell,32.4997,32.554300000000005,32.44509999999999,32.44509999999999,2300.53959899393,125.60946210508642,12686.55567261373,win,-0.05460000000000775,2686.5556726137384
2025-02-24 12:55:00+00:00,2025-02-24 14:00:00+00:00,sell,32.4447,32.508300000000006,32.38109999999999,32.508300000000006,1994.7414579578797,-126.8655567261373,12559.690115887592,loss,0.0636000000000081,2559.690115887601
2025-02-24 14:10:00+00:00,2025-02-24 14:20:00+00:00,sell,32.4357,32.511300000000006,32.36009999999999,32.511300000000006,1661.3346714135148,-125.59690115887592,12434.093214728715,loss,0.07560000000000855,2434.0932147287253
2025-02-24 16:25:00+00:00,2025-02-24 16:35:00+00:00,sell,32.515699999999995,32.655300000000004,32.37609999999999,32.37609999999999,890.6943563558702,124.34093214728715,12558.434146876001,win,-0.1396000000000086,2558.4341468760126
2025-02-24 17:00:00+00:00,2025-02-25 14:20:00+00:00,sell,32.3067,32.6053,32.0081,32.0081,420.5771649991957,125.58434146876002,12684.018488344762,win,-0.2986000000000004,2684.018488344773
2025-02-25 14:30:00+00:00,2025-02-25 16:35:00+00:00,sell,31.9387,32.1783,31.6991,32.1783,529.3830754734889,-126.84018488344762,12557.178303461314,loss,0.23959999999999937,2557.178303461325
2025-02-25 16:50:00+00:00,2025-02-25 17:15:00+00:00,sell,31.9937,32.1893,31.798099999999998,31.798099999999998,641.9825308517975,125.57178303461315,12682.750086495927,win,-0.19560000000000244,2682.750086495938
2025-02-25 17:25:00+00:00,2025-02-25 17:30:00+00:00,sell,31.7437,31.990299999999998,31.497100000000003,31.497100000000003,514.3045452755907,126.82750086495926,12809.577587360887,win,-0.24659999999999727,2809.5775873608973
2025-02-25 18:05:00+00:00,2025-02-26 10:50:00+00:00,sell,31.4647,31.877299999999998,31.052100000000003,31.877299999999998,310.45995122057593,-128.0957758736089,12681.481811487278,loss,0.41259999999999764,2681.4818114872883
2025-02-26 11:30:00+00:00,2025-02-26 16:05:00+00:00,sell,31.7607,31.9113,31.6101,31.6101,842.063865304596,126.81481811487278,12808.296629602151,win,-0.15060000000000073,2808.296629602161
2025-02-26 16:25:00+00:00,2025-02-26 17:10:00+00:00,sell,31.5887,31.7683,31.4091,31.7683,713.1568279288477,-128.0829662960215,12680.21366330613,loss,0.17960000000000065,2680.2136633061396
2025-02-27 01:05:00+00:00,2025-02-27 01:40:00+00:00,buy,31.8603,31.826700000000002,31.893899999999995,31.893899999999995,3773.873114079621,126.8021366330613,12807.01579993919,win,0.0335999999999963,2807.015799939201
2025-02-27 01:50:00+00:00,2025-02-27 02:00:00+00:00,buy,31.9023,31.8417,31.9629,31.8417,2113.3689438843244,-128.0701579993919,12678.9456419398,loss,-0.060600000000000875,2678.945641939809
2025-02-27 03:30:00+00:00,2025-02-27 03:55:00+00:00,buy,31.9053,31.846700000000002,31.9639,31.846700000000002,2163.6426010136756,-126.789456419398,12552.156185520402,loss,-0.05859999999999843,2552.156185520411
2025-02-27 05:30:00+00:00,2025-02-27 07:15:00+00:00,sell,31.7087,31.8273,31.5901,31.5901,1058.3605552715285,125.52156185520403,12677.677747375606,win,-0.1186000000000007,2677.6777473756147
2025-02-27 07:25:00+00:00,2025-02-27 08:00:00+00:00,sell,31.5667,31.6463,31.4871,31.6463,1592.6730838411722,-126.77677747375608,12550.90096990185,loss,0.07959999999999923,2550.9009699018584
2025-02-27 09:40:00+00:00,2025-02-27 09:45:00+00:00,sell,31.7097,31.7643,31.655100000000004,31.7643,2298.6998113374575,-125.5090096990185,12425.39196020283,loss,0.054599999999997095,2425.39196020284
2025-02-27 10:10:00+00:00,2025-02-27 13:10:00+00:00,sell,31.7087,31.8503,31.5671,31.8503,877.4994322177117,-124.25391960202832,12301.138040600803,loss,0.1416000000000004,2301.1380406008116
2025-02-27 13:25:00+00:00,2025-02-27 13:50:00+00:00,sell,31.7987,31.8723,31.7251,31.7251,1671.3502772555667,123.01138040600803,12424.14942100681,win,-0.073599999999999,2424.1494210068195
2025-02-27 16:30:00+00:00,2025-02-27 16:45:00+00:00,sell,31.7117,31.903299999999998,31.520100000000003,31.520100000000003,648.4420365870026,124.24149421006811,12548.390915216878,win,-0.19159999999999755,2548.3909152168876
2025-02-27 17:00:00+00:00,2025-02-28 10:45:00+00:00,sell,31.3977,31.7933,31.002100000000002,31.002100000000002,317.1989614564443,125.48390915216878,12673.874824369046,win,-0.3955999999999982,2673.8748243690566
2025-02-28 12:00:00+00:00,2025-02-28 12:20:00+00:00,sell,31.1217,31.173299999999998,31.070100000000004,31.070100000000004,2456.1772915445326,126.73874824369047,12800.613572612736,win,-0.05159999999999698,2800.6135726127472
2025-02-28 12:30:00+00:00,2025-02-28 12:35:00+00:00,sell,31.0667,31.1313,31.002100000000002,31.1313,1981.5191288874614,-128.00613572612735,12672.607436886608,loss,0.06459999999999866,2672.60743688662
2025-02-28 14:30:00+00:00,2025-02-28 14:35:00+00:00,sell,31.0717,31.124299999999998,31.0191,31.0191,2409.240957583088,126.7260743688661,12799.333511255474,win,-0.052599999999998204,2799.333511255486
2025-02-28 15:50:00+00:00,2025-02-28 16:05:00+00:00,sell,31.070700000000002,31.1963,30.945100000000004,30.945100000000004,1019.0552158643007,127.99333511255475,12927.326846368029,win,-0.1255999999999986,2927.3268463680406
2025-02-28 16:25:00+00:00,2025-02-28 18:00:00+00:00,sell,30.9387,31.159299999999998,30.718100000000003,31.159299999999998,586.0075632986482,-129.2732684636803,12798.05357790435,loss,0.22059999999999746,2798.0535779043603
2025-02-28 19:55:00+00:00,2025-02-28 21:50:00+00:00,sell,30.9767,31.0963,30.857100000000003,31.0963,1070.0713693900102,-127.98053577904348,12670.073042125307,loss,0.11959999999999837,2670.073042125317
2025-03-03 06:50:00+00:00,2025-03-03 07:00:00+00:00,buy,31.3063,31.253700000000002,31.3589,31.253700000000002,2408.759133483981,-126.70073042125307,12543.372311704054,loss,-0.052599999999998204,2543.372311704064
2025-03-03 10:05:00+00:00,2025-03-03 10:10:00+00:00,buy,31.1903,31.1277,31.2529,31.2529,2003.733596118866,125.43372311704054,12668.806034821095,win,0.06259999999999977,2668.8060348211047
2025-03-03 10:35:00+00:00,2025-03-03 11:45:00+00:00,buy,31.266299999999998,31.1277,31.404899999999994,31.404899999999994,914.0552694676331,126.68806034821095,12795.494095169306,win,0.13859999999999673,2795.4940951693156
2025-03-03 11:55:00+00:00,2025-03-03 12:50:00+00:00,buy,31.406299999999998,31.3457,31.466899999999995,31.466899999999995,2111.467672470276,127.95494095169306,12923.449036121,win,0.06059999999999732,2923.4490361210087
2025-03-03 13:05:00+00:00,2025-03-03 14:30:00+00:00,buy,31.4833,31.3937,31.5729,31.5729,1442.3492227813488,129.23449036121,13052.68352648221,win,0.08960000000000079,3052.683526482219
2025-03-03 14:40:00+00:00,2025-03-03 15:10:00+00:00,buy,31.5783,31.503700000000002,31.652899999999995,31.652899999999995,1749.6894807617684,130.5268352648221,13183.210361747031,win,0.07459999999999667,3183.210361747041
2025-03-03 15:30:00+00:00,2025-03-03 16:35:00+00:00,buy,31.6713,31.5487,31.793899999999997,31.793899999999997,1075.302639620489,131.83210361747032,13315.042465364502,win,0.12259999999999849,3315.0424653645114
2025-03-03 17:30:00+00:00,2025-03-03 17:35:00+00:00,buy,31.8243,31.6797,31.9689,31.6797,920.8189810072238,-133.15042465364502,13181.892040710858,loss,-0.1446000000000005,3181.8920407108662
2025-03-03 19:00:00+00:00,2025-03-03 20:00:00+00:00,buy,31.7803,31.689700000000002,31.8709,31.689700000000002,1454.9549713809142,-131.81892040710858,13050.07312030375,loss,-0.09059999999999846,3050.0731203037576
2025-03-03 23:25:00+00:00,2025-03-04 03:05:00+00:00,buy,31.656299999999998,31.5657,31.746899999999997,31.5657,1440.4054216671052,-130.5007312030375,12919.572389100713,loss,-0.09059999999999846,2919.57238910072
2025-03-04 05:15:00+00:00,2025-03-04 05:20:00+00:00,buy,31.5823,31.4947,31.6699,31.6699,1474.8370307192874,129.19572389100713,13048.76811299172,win,0.08759999999999835,3048.7681129917273
2025-03-04 05:30:00+00:00,2025-03-04 11:45:00+00:00,buy,31.682299999999998,31.4947,31.869899999999994,31.869899999999994,695.5633322490396,130.4876811299172,13179.255794121636,win,0.18759999999999621,3179.2557941216446
2025-03-04 13:05:00+00:00,2025-03-04 14:20:00+00:00,buy,31.830299999999998,31.756700000000002,31.903899999999993,31.903899999999993,1790.6597546362027,131.79255794121636,13311.048352062853,win,0.07359999999999545,3311.048352062861
2025-03-04 14:30:00+00:00,2025-03-04 15:20:00+00:00,buy,31.906299999999998,31.8317,31.980899999999995,31.8317,1784.3228353972447,-133.11048352062852,13177.937868542225,loss,-0.07459999999999667,3177.9378685422325
2025-03-04 18:10:00+00:00,2025-03-04 18:30:00+00:00,buy,31.6053,31.5177,31.692899999999998,31.692899999999998,1504.3308069112413,131.77937868542224,13309.717247227647,win,0.08759999999999835,3309.7172472276548
2025-03-04 18:40:00+00:00,2025-03-04 21:20:00+00:00,buy,31.7063,31.5087,31.903899999999997,31.903899999999997,673.568686600597,133.09717247227647,13442.814419699924,win,0.19759999999999778,3442.814419699931
2025-03-04 21:30:00+00:00,2025-03-04 22:40:00+00:00,buy,31.9173,31.8217,32.0129,31.8217,1406.1521359518597,-134.42814419699923,13308.386275502924,loss,-0.09560000000000102,3308.3862755029318
2025-03-05 01:00:00+00:00,2025-03-05 02:00:00+00:00,buy,31.9713,31.8927,32.049899999999994,31.8927,1693.17891545843,-133.08386275502923,13175.302412747895,loss,-0.078599999999998,3175.3024127479025
2025-03-05 04:20:00+00:00,2025-03-05 05:45:00+00:00,buy,31.874299999999998,31.7647,31.983899999999995,31.983899999999995,1202.1261325500252,131.75302412747894,13307.055436875373,win,0.10959999999999681,3307.0554368753815
2025-03-05 06:10:00+00:00,2025-03-05 07:50:00+00:00,buy,31.9953,31.907700000000002,32.082899999999995,32.082899999999995,1519.0702553510987,133.07055436874833,13440.125991244122,win,0.0875999999999948,3440.1259912441296
2025-03-05 08:00:00+00:00,2025-03-05 09:35:00+00:00,buy,32.100300000000004,31.9617,32.23890000000001,32.23890000000001,969.7060599742965,134.40125991244122,13574.527251156564,win,0.13860000000000383,3574.527251156571
2025-03-05 10:05:00+00:00,2025-03-05 15:40:00+00:00,buy,32.2903,32.1147,32.465900000000005,32.1147,773.0368594052587,-135.74527251156564,13438.781978644998,loss,-0.17560000000000286,3438.7819786450054
2025-03-05 16:40:00+00:00,2025-03-06 18:30:00+00:00,buy,32.334300000000006,31.9297,32.738900000000015,32.738900000000015,332.1498264618095,134.38781978645116,13573.169798431449,win,0.4046000000000092,3573.1697984314565
2025-03-06 18:40:00+00:00,2025-03-06 19:15:00+00:00,buy,32.7393,32.6767,32.8019,32.6767,2168.2379869697647,-135.73169798431448,13437.438100447134,loss,-0.06260000000000332,3437.438100447142
2025-03-06 19:25:00+00:00,2025-03-06 19:45:00+00:00,buy,32.7303,32.6737,32.7869,32.6737,2374.105671456961,-134.37438100447133,13303.063719442664,loss,-0.05660000000000309,3303.063719442671
2025-03-06 20:20:00+00:00,2025-03-06 20:45:00+00:00,buy,32.7423,32.661699999999996,32.822900000000004,32.661699999999996,1650.5041835535985,-133.03063719442665,13170.033082248237,loss,-0.080600000000004,3170.033082248244
2025-03-06 21:50:00+00:00,2025-03-06 21:55:00+00:00,buy,32.7453,32.6607,32.8299,32.6607,1556.7414990836833,-131.70033082248239,13038.332751425754,loss,-0.08460000000000178,3038.3327514257617
2025-03-06 23:10:00+00:00,2025-03-07 01:00:00+00:00,buy,32.6193,32.567699999999995,32.67090000000001,32.67090000000001,2526.808672756555,130.38332751425756,13168.716078940011,win,0.05160000000000764,3168.716078940019
2025-03-07 05:35:00+00:00,2025-03-07 11:50:00+00:00,buy,32.5793,32.4987,32.65990000000001,32.65990000000001,1633.8357418038904,131.6871607894001,13300.403239729412,win,0.080600000000004,3300.403239729419
2025-03-07 14:15:00+00:00,2025-03-07 15:00:00+00:00,sell,32.454699999999995,32.548300000000005,32.361099999999986,32.361099999999986,1420.9832521077028,133.0040323972941,13433.407272126706,win,-0.09360000000000923,3433.407272126713
2025-03-07 15:10:00+00:00,2025-03-07 15:35:00+00:00,sell,32.357699999999994,32.4853,32.230099999999986,32.4853,1052.7748645866652,-134.33407272126706,13299.073199405439,loss,0.12760000000000815,3299.073199405446
2025-03-07 16:00:00+00:00,2025-03-07 16:55:00+00:00,sell,32.2347,32.5623,31.907099999999993,32.5623,405.95461536646155,-132.99073199405439,13166.082467411385,loss,0.3276000000000039,3166.0824674113915
2025-03-07 17:40:00+00:00,2025-03-10 00:35:00+00:00,sell,32.2187,32.581300000000006,31.85609999999999,32.581300000000006,363.1021088640681,-131.66082467411385,13034.42164273727,loss,0.3626000000000076,3034.4216427372776
2025-03-10 05:05:00+00:00,2025-03-10 08:05:00+00:00,sell,32.3777,32.4613,32.29409999999999,32.4613,1559.1413448249557,-130.34421642737271,12904.077426309897,loss,0.08360000000000412,2904.0774263099047
2025-03-10 10:25:00+00:00,2025-03-10 11:35:00+00:00,sell,32.451699999999995,32.603300000000004,32.300099999999986,32.603300000000004,851.1924423686759,-129.04077426309897,12775.036652046798,loss,0.15160000000000906,2775.0366520468056
2025-03-10 14:05:00+00:00,2025-03-10 15:00:00+00:00,buy,32.4913,32.4047,32.57790000000001,32.4047,1475.177442499558,-127.75036652046796,12647.28628552633,loss,-0.08660000000000423,2647.2862855263375
2025-03-10 15:30:00+00:00,2025-03-10 15:45:00+00:00,sell,32.3947,32.5403,32.2491,32.2491,868.6322998300948,126.4728628552633,12773.759148381594,win,-0.14560000000000173,2773.759148381601
2025-03-10 16:00:00+00:00,2025-03-10 20:00:00+00:00,sell,32.228699999999996,32.4853,31.97209999999999,31.97209999999999,497.80822869763443,127.73759148381595,12901.49673986541,win,-0.25660000000000593,2901.4967398654167
2025-03-10 21:05:00+00:00,2025-03-10 21:20:00+00:00,sell,31.9697,32.060300000000005,31.879099999999994,32.060300000000005,1424.006262678214,-129.0149673986541,12772.481772466756,loss,0.09060000000000556,2772.481772466763
2025-03-11 00:20:00+00:00,2025-03-11 01:15:00+00:00,sell,32.0507,32.0993,32.0021,32.0021,2628.08266923182,127.72481772466756,12900.206590191423,win,-0.04860000000000042,2900.20659019143
2025-03-11 01:25:00+00:00,2025-03-11 02:45:00+00:00,sell,31.9987,32.048300000000005,31.949099999999994,31.949099999999994,2600.8481028609012,129.00206590191422,13029.208656093337,win,-0.049600000000005195,3029.2086560933444
2025-03-11 02:55:00+00:00,2025-03-11 03:00:00+00:00,sell,31.9227,32.0033,31.842099999999995,31.842099999999995,1616.52712854748,130.29208656093337,13159.50074265427,win,-0.080600000000004,3159.500742654278
2025-03-11 06:00:00+00:00,2025-03-11 07:00:00+00:00,sell,32.1157,32.1933,32.03809999999999,32.1933,1695.811951372888,-131.5950074265427,13027.905735227729,loss,0.07760000000000389,3027.905735227735
2025-03-11 07:10:00+00:00,2025-03-11 07:35:00+00:00,sell,32.155699999999996,32.197300000000006,32.114099999999986,32.114099999999986,3131.7081094290174,130.27905735227728,13158.184792580007,win,-0.04160000000000963,3158.184792580012
2025-03-11 07:45:00+00:00,2025-03-11 07:50:00+00:00,sell,32.1127,32.1833,32.04209999999999,32.04209999999999,1863.7655513567834,131.58184792580008,13289.766640505806,win,-0.07060000000000599,3289.766640505812
2025-03-11 11:05:00+00:00,2025-03-11 11:30:00+00:00,buy,32.402300000000004,32.3307,32.47390000000001,32.47390000000001,1856.1126592884254,132.89766640505806,13422.664306910865,win,0.07160000000000366,3422.66430691087
2025-03-11 11:40:00+00:00,2025-03-11 12:15:00+00:00,buy,32.4763,32.415699999999994,32.53690000000001,32.53690000000001,2214.961106750676,134.22664306910866,13556.890949979974,win,0.06060000000000798,3556.890949979979
2025-03-11 12:25:00+00:00,2025-03-11 14:15:00+00:00,buy,32.5373,32.4647,32.6099,32.4647,1867.3403512368766,-135.56890949979973,13421.322040480174,loss,-0.07260000000000133,3421.322040480179
2025-03-11 14:40:00+00:00,2025-03-11 15:00:00+00:00,buy,32.545300000000005,32.4597,32.63090000000001,32.4597,1567.911453327003,-134.21322040480175,13287.108820075373,loss,-0.08560000000000656,3287.1088200753775
2025-03-11 15:30:00+00:00,2025-03-11 15:35:00+00:00,buy,32.5493,32.4537,32.64490000000001,32.64490000000001,1389.8649393383616,132.87108820075372,13419.979908276127,win,0.09560000000000457,3419.979908276131
2025-03-11 15:45:00+00:00,2025-03-12 11:00:00+00:00,buy,32.7213,32.4107,33.0319,33.0319,432.0663202922115,134.19979908276127,13554.17970735889,win,0.3106000000000009,3554.1797073588923
2025-03-12 12:30:00+00:00,2025-03-12 12:35:00+00:00,buy,33.029300000000006,32.9847,33.073900000000016,32.9847,3039.05374604393,-135.5417970735889,13418.6379102853,loss,-0.04460000000000974,3418.6379102853034
2025-03-12 13:05:00+00:00,2025-03-12 14:30:00+00:00,buy,33.0383,32.982699999999994,33.093900000000005,32.982699999999994,2413.424084583452,-134.186379102853,13284.451531182447,loss,-0.05560000000000542,3284.4515311824503
2025-03-12 14:40:00+00:00,2025-03-12 15:15:00+00:00,buy,33.167300000000004,32.979699999999994,33.354900000000015,32.979699999999994,708.1264142420953,-132.84451531182447,13151.607015870622,loss,-0.18760000000001043,3151.6070158706257
2025-03-12 16:55:00+00:00,2025-03-12 19:20:00+00:00,buy,33.1163,32.9837,33.248900000000006,33.248900000000006,991.8255668077122,131.5160701587062,13283.123086029329,win,0.1326000000000036,3283.1230860293317
2025-03-12 19:30:00+00:00,2025-03-12 22:55:00+00:00,buy,33.2633,33.174699999999994,33.35190000000001,33.174699999999994,1499.2238246081636,-132.8312308602933,13150.291855169036,loss,-0.08860000000000667,3150.2918551690386
2025-03-13 00:05:00+00:00,2025-03-13 03:35:00+00:00,buy,33.240300000000005,33.1697,33.31090000000001,33.1697,1862.6475715535298,-131.50291855169036,13018.788936617346,loss,-0.07060000000000599,3018.788936617348
2025-03-13 04:10:00+00:00,2025-03-13 05:30:00+00:00,buy,33.246300000000005,33.164699999999996,33.327900000000014,33.164699999999996,1595.4398206637188,-130.18788936617347,12888.601047251172,loss,-0.08160000000000878,2888.601047251175
2025-03-13 16:05:00+00:00,2025-03-13 17:00:00+00:00,buy,33.261300000000006,33.0807,33.44190000000001,33.44190000000001,713.654543037142,128.8860104725117,13017.487057723683,win,0.18060000000000542,3017.4870577236866
2025-03-13 17:10:00+00:00,2025-03-13 17:30:00+00:00,buy,33.4793,33.293699999999994,33.66490000000001,33.66490000000001,701.3732250928408,130.17487057723685,13147.66192830092,win,0.18560000000000798,3147.6619283009236
2025-03-13 17:40:00+00:00,2025-03-13 17:50:00+00:00,buy,33.6873,33.470699999999994,33.90390000000001,33.90390000000001,607.0019357479459,131.4766192830092,13279.138547583929,win,0.2166000000000068,3279.138547583933
2025-03-13 18:00:00+00:00,2025-03-14 16:25:00+00:00,buy,33.9163,33.607699999999994,34.224900000000005,33.607699999999994,430.30261009668476,-132.7913854758393,13146.34716210809,loss,-0.30860000000000554,3146.3471621080935
2025-03-17 02:55:00+00:00,2025-03-17 04:45:00+00:00,buy,33.837300000000006,33.7727,33.90190000000001,33.7727,2035.0382603880678,-131.4634716210809,13014.88369048701,loss,-0.06460000000000576,3014.8836904870127
2025-03-17 08:05:00+00:00,2025-03-17 10:15:00+00:00,buy,33.7963,33.6757,33.916900000000005,33.6757,1079.1777521133226,-130.1488369048701,12884.73485358214,loss,-0.12060000000000315,2884.7348535821425
2025-03-17 14:05:00+00:00,2025-03-17 14:15:00+00:00,sell,33.7397,33.8123,33.6671,33.6671,1774.7568668845597,128.8473485358214,13013.582202117961,win,-0.07260000000000133,3013.582202117964
2025-03-17 14:30:00+00:00,2025-03-17 14:50:00+00:00,sell,33.619699999999995,33.773300000000006,33.46609999999998,33.46609999999998,847.2384246169913,130.13582202117962,13143.718024139142,win,-0.1536000000000115,3143.7180241391434
2025-03-17 15:25:00+00:00,2025-03-17 16:05:00+00:00,sell,33.448699999999995,33.6773,33.22009999999999,33.6773,574.9657928319652,-131.43718024139142,13012.28084389775,loss,0.22860000000000724,3012.2808438977518
2025-03-17 21:05:00+00:00,2025-03-17 21:30:00+00:00,buy,33.832300000000004,33.792699999999996,33.87190000000001,33.87190000000001,3285.929506034189,130.1228084389775,13142.403652336727,win,0.039600000000007185,3142.4036523367295
2025-03-18 02:05:00+00:00,2025-03-18 02:20:00+00:00,buy,33.792300000000004,33.728699999999996,33.85590000000001,33.85590000000001,2066.4156686061406,131.42403652336728,13273.827688860094,win,0.0636000000000081,3273.8276888600967
2025-03-18 02:30:00+00:00,2025-03-18 09:30:00+00:00,buy,33.8603,33.7407,33.97990000000001,33.97990000000001,1109.85181344979,132.73827688860095,13406.565965748696,win,0.11960000000000548,3406.5659657486976
2025-03-18 10:10:00+00:00,2025-03-18 10:30:00+00:00,buy,33.9833,33.8947,34.0719,34.0719,1513.1564295427495,134.06565965748695,13540.631625406182,win,0.08859999999999957,3540.6316254061844
2025-03-18 10:40:00+00:00,2025-03-18 14:30:00+00:00,buy,34.084300000000006,33.9597,34.208900000000014,34.208900000000014,1086.7280598238613,135.40631625406184,13676.037941660245,win,0.12460000000000804,3676.0379416602464
2025-03-18 14:50:00+00:00,2025-03-18 15:05:00+00:00,buy,34.2113,34.0867,34.3359,34.0867,1097.5953404221625,-136.76037941660246,13539.277562243642,loss,-0.12460000000000093,3539.277562243644
2025-03-18 18:10:00+00:00,2025-03-18 18:40:00+00:00,buy,34.0103,33.905699999999996,34.114900000000006,34.114900000000006,1294.3860002144368,135.39277562243643,13674.670337866079,win,0.10460000000000491,3674.6703378660804
2025-03-18 18:55:00+00:00,2025-03-18 19:25:00+00:00,buy,34.1203,34.043699999999994,34.19690000000001,34.043699999999994,1785.2050049432073,-136.74670337866078,13537.923634487417,loss,-0.07660000000000622,3537.92363448742
2025-03-18 20:40:00+00:00,2025-03-18 21:50:00+00:00,buy,34.039300000000004,33.9507,34.12790000000001,33.9507,1527.982351522167,-135.3792363448742,13402.544398142543,loss,-0.08860000000000667,3402.5443981425456
2025-03-19 05:55:00+00:00,2025-03-19 08:20:00+00:00,buy,34.0553,33.945699999999995,34.16490000000001,33.945699999999995,1222.8598903413897,-134.02544398142544,13268.518954161118,loss,-0.10960000000000747,3268.5189541611203
2025-03-19 10:05:00+00:00,2025-03-19 10:40:00+00:00,sell,33.8127,33.9613,33.6641,33.6641,892.901679284048,132.68518954161118,13401.20414370273,win,-0.14860000000000184,3401.2041437027315
2025-03-19 11:15:00+00:00,2025-03-19 13:10:00+00:00,sell,33.637699999999995,33.8483,33.42709999999999,33.8483,636.3344797579446,-134.0120414370273,13267.192102265702,loss,0.21060000000000656,3267.1921022657043
2025-03-19 14:20:00+00:00,2025-03-19 14:30:00+00:00,sell,33.8567,33.914300000000004,33.79909999999999,33.79909999999999,2303.331962198592,132.67192102265702,13399.864023288359,win,-0.05760000000000787,3399.8640232883613
2025-03-19 14:50:00+00:00,2025-03-19 15:35:00+00:00,sell,33.735699999999994,33.9283,33.54309999999999,33.54309999999999,695.7354113856671,133.9986402328836,13533.862663521242,win,-0.19260000000000588,3533.862663521245
2025-03-19 16:05:00+00:00,2025-03-19 21:05:00+00:00,sell,33.5227,33.8113,33.2341,33.8113,468.94881023981736,-135.33862663521242,13398.52403688603,loss,0.2886000000000024,3398.5240368860327
2025-03-20 09:05:00+00:00,2025-03-20 09:10:00+00:00,sell,33.7767,33.834300000000006,33.71909999999999,33.71909999999999,2326.132645292396,133.9852403688603,13532.50927725489,win,-0.05760000000000787,3532.509277254893
2025-03-20 09:20:00+00:00,2025-03-20 10:45:00+00:00,sell,33.667699999999996,33.8143,33.52109999999999,33.52109999999999,923.0906737554087,135.3250927725489,13667.83437002744,win,-0.1466000000000065,3667.8343700274418
2025-03-20 12:00:00+00:00,2025-03-20 12:15:00+00:00,sell,33.494699999999995,33.593300000000006,33.39609999999998,33.39609999999998,1386.1900983798994,136.6783437002744,13804.512713727714,win,-0.09860000000001179,3804.5127137277163
2025-03-20 12:25:00+00:00,2025-03-20 22:10:00+00:00,sell,33.2637,33.5523,32.9751,33.5523,478.3268438575052,-138.04512713727715,13666.467586590437,loss,0.2886000000000024,3666.467586590439
2025-03-21 00:05:00+00:00,2025-03-21 00:10:00+00:00,sell,33.5547,33.5763,33.53309999999999,33.53309999999999,6327.068327123297,136.66467586590437,13803.132262456342,win,-0.021600000000006503,3803.1322624563436
2025-03-21 01:25:00+00:00,2025-03-21 01:50:00+00:00,sell,33.5027,33.523300000000006,33.48209999999999,33.523300000000006,6700.549641966225,-138.03132262456342,13665.100939831778,loss,0.020600000000008833,3665.10093983178
2025-03-21 02:10:00+00:00,2025-03-21 02:15:00+00:00,sell,33.4927,33.5323,33.4531,33.4531,3450.7830656140786,136.6510093983178,13801.751949230096,win,-0.03960000000000008,3801.751949230098
2025-03-21 02:25:00+00:00,2025-03-21 04:05:00+00:00,sell,33.433699999999995,33.5343,33.33309999999999,33.33309999999999,1371.9435337205884,138.01751949230098,13939.769468722398,win,-0.10060000000000713,3939.769468722399
2025-03-21 04:15:00+00:00,2025-03-21 04:40:00+00:00,sell,33.323699999999995,33.4163,33.23109999999999,33.23109999999999,1505.3746726481347,139.39769468722398,14079.167163409622,win,-0.09260000000000446,4079.167163409623
2025-03-21 05:00:00+00:00,2025-03-21 05:35:00+00:00,sell,33.210699999999996,33.3153,33.10609999999999,33.10609999999999,1346.0006848383327,140.79167163409622,14219.958835043719,win,-0.10460000000000491,4219.958835043719
2025-03-21 06:50:00+00:00,2025-03-21 07:30:00+00:00,sell,33.1397,33.1873,33.092099999999995,33.092099999999995,2987.3863098829615,142.19958835043718,14362.158423394156,win,-0.04760000000000275,4362.158423394156
2025-03-21 07:40:00+00:00,2025-03-21 07:45:00+00:00,sell,33.052699999999994,33.139300000000006,32.96609999999998,32.96609999999998,1658.4478548951818,143.62158423394155,14505.780007628096,win,-0.08660000000001133,4505.780007628097
2025-03-21 09:00:00+00:00,2025-03-21 10:20:00+00:00,sell,33.0937,33.215300000000006,32.97209999999999,32.97209999999999,1192.909540100917,145.05780007628096,14650.837807704378,win,-0.12160000000000792,4650.837807704378
2025-03-21 11:10:00+00:00,2025-03-21 12:45:00+00:00,sell,32.951699999999995,33.115300000000005,32.788099999999986,33.115300000000005,895.5279833559612,-146.50837807704377,14504.329429627334,loss,0.16360000000000952,4504.329429627334
2025-03-21 14:55:00+00:00,2025-03-21 15:25:00+00:00,sell,33.0817,33.1983,32.96509999999999,33.1983,1243.9390591446543,-145.04329429627336,14359.286135331062,loss,0.11660000000000537,4359.286135331061
2025-03-21 15:35:00+00:00,2025-03-21 15:45:00+00:00,sell,33.097699999999996,33.2393,32.95609999999999,32.95609999999999,1014.0738796137473,143.5928613533106,14502.878996684372,win,-0.14160000000000394,4502.8789966843715
2025-03-21 15:55:00+00:00,2025-03-24 10:10:00+00:00,sell,32.8867,33.2393,32.534099999999995,33.2393,411.31250699615066,-145.02878996684373,14357.850206717529,loss,0.35260000000000247,4357.850206717528
2025-03-24 10:20:00+00:00,2025-03-24 14:00:00+00:00,buy,33.2413,33.0697,33.41290000000001,33.0697,836.7045575009968,-143.5785020671753,14214.271704650353,loss,-0.17160000000000508,4214.271704650352
2025-03-24 15:30:00+00:00,2025-03-24 16:30:00+00:00,buy,33.167300000000004,33.0577,33.27690000000001,33.0577,1296.9226007891773,-142.14271704650352,14072.12898760385,loss,-0.10960000000000747,4072.1289876038486
2025-03-24 17:00:00+00:00,2025-03-25 10:10:00+00:00,sell,32.9747,33.1683,32.781099999999995,33.1683,726.8661667150616,-140.7212898760385,13931.407697727811,loss,0.19360000000000355,3931.40769772781
2025-03-25 10:20:00+00:00,2025-03-25 10:50:00+00:00,buy,33.1743,33.0877,33.26090000000001,33.26090000000001,1608.7075863426248,139.31407697727812,14070.721774705089,win,0.08660000000000423,4070.721774705088
2025-03-25 11:00:00+00:00,2025-03-25 12:50:00+00:00,buy,33.267300000000006,33.1817,33.35290000000001,33.35290000000001,1643.7759082598143,140.7072177470509,14211.42899245214,win,0.08560000000000656,4211.428992452139
2025-03-25 13:00:00+00:00,2025-03-25 13:30:00+00:00,buy,33.362300000000005,33.268699999999995,33.455900000000014,33.455900000000014,1518.3150632960192,142.11428992452142,14353.54328237666,win,0.09360000000000923,4353.5432823766605
2025-03-25 14:30:00+00:00,2025-03-25 15:40:00+00:00,buy,33.5253,33.345699999999994,33.70490000000001,33.70490000000001,799.1950602659265,143.5354328237666,14497.078715200427,win,0.17960000000000775,4497.078715200427
2025-03-25 15:50:00+00:00,2025-03-26 15:55:00+00:00,buy,33.749300000000005,33.506699999999995,33.991900000000015,33.506699999999995,597.5712578400586,-144.97078715200428,14352.107928048423,loss,-0.24260000000001014,4352.107928048423
2025-03-27 04:05:00+00:00,2025-03-27 04:20:00+00:00,buy,33.6373,33.591699999999996,33.68290000000001,33.68290000000001,3147.3920894837916,143.52107928048423,14495.629007328907,win,0.04560000000000741,4495.629007328907
2025-03-27 04:30:00+00:00,2025-03-27 12:00:00+00:00,buy,33.6893,33.603699999999996,33.77490000000001,33.77490000000001,1693.4146036597892,144.95629007328907,14640.585297402196,win,0.08560000000000656,4640.585297402196
2025-03-27 12:10:00+00:00,2025-03-27 12:15:00+00:00,buy,33.7783,33.649699999999996,33.90690000000001,33.90690000000001,1138.459198864816,146.40585297402197,14786.991150376218,win,0.12860000000000582,4786.991150376219
2025-03-27 12:25:00+00:00,2025-03-27 15:20:00+00:00,buy,33.9433,33.7027,34.1839,33.7027,614.5881608635154,-147.86991150376218,14639.121238872456,loss,-0.2406000000000006,4639.121238872456
2025-03-27 16:35:00+00:00,2025-03-27 16:55:00+00:00,buy,34.0553,33.869699999999995,34.24090000000001,34.24090000000001,788.7457564047321,146.39121238872457,14785.51245126118,win,0.18560000000000798,4785.512451261181
2025-03-27 17:10:00+00:00,2025-03-27 21:50:00+00:00,buy,34.2543,34.0567,34.4519,34.4519,748.2546787075446,147.8551245126118,14933.367575773791,win,0.19760000000000133,4933.367575773793
2025-03-28 00:20:00+00:00,2025-03-28 00:35:00+00:00,buy,34.404300000000006,34.3597,34.448900000000016,34.448900000000016,3348.288694118953,149.33367575773792,15082.70125153153,win,0.04460000000000974,5082.701251531531
2025-03-28 01:50:00+00:00,2025-03-28 02:00:00+00:00,buy,34.420300000000005,34.3927,34.44790000000001,34.3927,5464.746830263714,-150.8270125153153,14931.874239016213,loss,-0.02760000000000673,4931.874239016216
2025-03-28 02:20:00+00:00,2025-03-28 03:10:00+00:00,buy,34.4313,34.381699999999995,34.480900000000005,34.381699999999995,3010.458515930373,-149.31874239016213,14782.555496626052,loss,-0.049600000000005195,4782.555496626054
2025-03-28 05:55:00+00:00,2025-03-28 08:10:00+00:00,buy,34.2633,34.152699999999996,34.373900000000006,34.373900000000006,1336.5782546677544,147.8255549662605,14930.381051592312,win,0.11060000000000514,4930.381051592315
2025-03-28 08:20:00+00:00,2025-03-28 14:20:00+00:00,buy,34.386300000000006,34.247699999999995,34.52490000000002,34.52490000000002,1077.2280701003704,149.30381051592312,15079.684862108235,win,0.13860000000001094,5079.684862108238
2025-03-28 14:40:00+00:00,2025-03-28 15:15:00+00:00,buy,34.539300000000004,34.3427,34.73590000000001,34.3427,767.0236450716152,-150.79684862108235,14928.888013487152,loss,-0.19660000000000366,4928.888013487156
2025-03-28 20:20:00+00:00,2025-03-28 20:25:00+00:00,sell,34.009699999999995,34.0653,33.95409999999999,33.95409999999999,2685.0518009866364,149.28888013487153,15078.176893622023,win,-0.05560000000000542,5078.176893622028
2025-03-28 20:35:00+00:00,2025-03-28 21:00:00+00:00,sell,33.927699999999994,34.0503,33.80509999999999,34.0503,1229.86760959391,-150.78176893622023,14927.395124685803,loss,0.1226000000000056,4927.395124685808
2025-03-31 03:05:00+00:00,2025-03-31 03:30:00+00:00,sell,34.174699999999994,34.210300000000004,34.139099999999985,34.139099999999985,4193.088518169063,149.27395124685805,15076.669075932661,win,-0.0356000000000094,5076.669075932666
2025-03-31 03:40:00+00:00,2025-03-31 03:50:00+00:00,sell,34.0807,34.2043,33.9571,33.9571,1219.795232680604,150.76669075932662,15227.435766691988,win,-0.12360000000000326,5227.435766691992
2025-03-31 04:00:00+00:00,2025-03-31 05:00:00+00:00,sell,33.9207,34.158300000000004,33.68309999999999,34.158300000000004,640.8853437159723,-152.27435766691988,15075.161409025068,loss,0.23760000000000758,5075.161409025072
2025-03-31 08:10:00+00:00,2025-03-31 08:30:00+00:00,buy,34.3633,34.3307,34.395900000000005,34.3307,4624.282640804926,-150.75161409025068,14924.409794934818,loss,-0.03260000000000218,4924.409794934822
2025-03-31 08:50:00+00:00,2025-03-31 10:05:00+00:00,buy,34.389300000000006,34.3017,34.476900000000015,34.3017,1703.6997482800552,-149.24409794934817,14775.16569698547,loss,-0.087600000000009,4775.165696985473
2025-03-31 10:55:00+00:00,2025-03-31 11:30:00+00:00,buy,34.408300000000004,34.2797,34.53690000000001,34.2797,1148.9242377126595,-147.7516569698547,14627.414040015616,loss,-0.12860000000000582,4627.414040015618
2025-03-31 13:10:00+00:00,2025-03-31 15:20:00+00:00,sell,34.030699999999996,34.197300000000006,33.864099999999986,34.197300000000006,877.9960408172132,-146.27414040015617,14481.13989961546,loss,0.16660000000000963,4481.139899615462
2025-03-31 16:00:00+00:00,2025-03-31 16:05:00+00:00,sell,34.058699999999995,34.1993,33.91809999999999,33.91809999999999,1029.953051181708,144.8113989961546,14625.951298611615,win,-0.14060000000000628,4625.951298611617
2025-03-31 16:25:00+00:00,2025-03-31 16:30:00+00:00,sell,33.8957,34.151300000000006,33.64009999999999,33.64009999999999,572.2203168470713,146.25951298611616,14772.210811597732,win,-0.25560000000000827,4772.2108115977335
2025-03-31 16:40:00+00:00,2025-03-31 21:20:00+00:00,sell,33.6247,34.0403,33.20909999999999,34.0403,355.44299354180845,-147.7221081159773,14624.488703481755,loss,0.41560000000000485,4624.488703481757
2025-04-01 01:05:00+00:00,2025-04-01 01:10:00+00:00,sell,34.043699999999994,34.0743,34.01309999999999,34.01309999999999,4779.244674339374,146.24488703481754,14770.733590516573,win,-0.030600000000006844,4770.733590516574
2025-04-01 01:20:00+00:00,2025-04-01 02:10:00+00:00,sell,34.003699999999995,34.0923,33.91509999999999,34.0923,1667.125687417095,-147.70733590516573,14623.026254611406,loss,0.08860000000000667,4623.026254611408
2025-04-01 04:05:00+00:00,2025-04-01 04:35:00+00:00,sell,34.0327,34.0833,33.982099999999996,34.0833,2889.926137274818,-146.23026254611406,14476.795992065292,loss,0.050600000000002865,4476.795992065294
2025-04-01 04:50:00+00:00,2025-04-01 05:40:00+00:00,sell,34.0107,34.1283,33.8931,34.1283,1231.020067352459,-144.7679599206529,14332.028032144639,loss,0.11760000000000304,4332.028032144641
2025-04-01 10:05:00+00:00,2025-04-01 10:35:00+00:00,sell,33.973699999999994,34.0623,33.88509999999999,33.88509999999999,1617.6103873751197,143.3202803214464,14475.348312466085,win,-0.08860000000000667,4475.348312466087
2025-04-01 10:45:00+00:00,2025-04-01 12:00:00+00:00,sell,33.8647,34.027300000000004,33.702099999999994,34.027300000000004,890.2428236448746,-144.75348312466085,14330.594829341424,loss,0.16260000000000474,4330.594829341426
2025-04-01 13:00:00+00:00,2025-04-01 13:10:00+00:00,sell,33.976699999999994,34.0443,33.90909999999999,33.90909999999999,2119.910477713044,143.30594829341425,14473.900777634839,win,-0.06760000000000588,4473.90077763484
2025-04-01 14:25:00+00:00,2025-04-01 15:00:00+00:00,sell,33.8977,33.999300000000005,33.796099999999996,33.796099999999996,1424.5965332317082,144.7390077763484,14618.639785411187,win,-0.1016000000000048,4618.639785411188
2025-04-01 16:20:00+00:00,2025-04-01 16:50:00+00:00,sell,33.9017,34.0103,33.793099999999995,33.793099999999995,1346.0994277542195,146.18639785411187,14764.826183265299,win,-0.1086000000000027,4764.826183265301
2025-04-01 17:00:00+00:00,2025-04-01 17:40:00+00:00,sell,33.7767,33.9283,33.625099999999996,33.9283,973.9331255451918,-147.648261832653,14617.177921432645,loss,0.15160000000000196,4617.177921432648
2025-04-01 18:55:00+00:00,2025-04-01 19:00:00+00:00,sell,33.713699999999996,33.862300000000005,33.56509999999999,33.56509999999999,983.6593486831605,146.17177921432645,14763.349700646972,win,-0.14860000000000895,4763.349700646974
2025-04-01 19:10:00+00:00,2025-04-02 05:05:00+00:00,sell,33.564699999999995,33.819300000000005,33.310099999999984,33.819300000000005,579.8644815650573,-147.63349700646972,14615.716203640502,loss,0.2546000000000106,4615.716203640504
2025-04-02 12:05:00+00:00,2025-04-02 13:30:00+00:00,buy,34.002300000000005,33.9357,34.06890000000001,33.9357,2194.5519825283336,-146.15716203640503,14469.559041604098,loss,-0.06660000000000821,4469.5590416041
2025-04-02 17:45:00+00:00,2025-04-03 01:00:00+00:00,buy,33.9513,33.661699999999996,34.24090000000001,33.661699999999996,499.6394696686374,-144.69559041604097,14324.863451188057,loss,-0.2896000000000072,4324.863451188058
2025-04-03 03:20:00+00:00,2025-04-03 03:50:00+00:00,sell,33.628699999999995,33.868300000000005,33.389099999999985,33.389099999999985,597.8657533884582,143.24863451188057,14468.112085699939,win,-0.23960000000001003,4468.112085699939
2025-04-03 05:05:00+00:00,2025-04-03 05:25:00+00:00,sell,33.7947,33.9463,33.6431,33.6431,954.3609555210919,144.6811208569994,14612.793206556938,win,-0.15160000000000196,4612.7932065569385
2025-04-03 05:40:00+00:00,2025-04-03 06:35:00+00:00,sell,33.6387,33.8273,33.4501,33.4501,774.8034573996215,146.12793206556938,14758.921138622507,win,-0.188600000000001,4758.921138622508
2025-04-03 06:45:00+00:00,2025-04-03 07:45:00+00:00,sell,33.3957,33.566300000000005,33.22509999999999,33.22509999999999,865.1184723693942,147.58921138622506,14906.510350008732,win,-0.1706000000000074,4906.5103500087325
2025-04-03 08:00:00+00:00,2025-04-03 10:10:00+00:00,sell,33.2037,33.3933,33.01409999999999,33.01409999999999,786.2083517936857,149.06510350008733,15055.575453508818,win,-0.18960000000000576,5055.57545350882
2025-04-03 10:45:00+00:00,2025-04-03 12:20:00+00:00,sell,33.0027,33.2623,32.74309999999999,32.74309999999999,579.9528294879996,150.5557545350882,15206.131208043906,win,-0.25960000000000605,5206.131208043908
2025-04-03 12:50:00+00:00,2025-04-03 15:10:00+00:00,sell,32.6907,33.0613,32.3201,32.3201,410.3111497043652,152.06131208043905,15358.192520124345,win,-0.37060000000000315,5358.1925201243475
2025-04-03 15:20:00+00:00,2025-04-03 15:25:00+00:00,sell,32.2637,32.5043,32.0231,32.0231,638.3288661730801,153.58192520124345,15511.77444532559,win,-0.2406000000000006,5511.774445325591
2025-04-03 15:35:00+00:00,2025-04-04 06:15:00+00:00,sell,31.9407,32.426300000000005,31.455099999999995,31.455099999999995,319.43522333866196,155.11774445325588,15666.892189778844,win,-0.48560000000000514,5666.892189778847
2025-04-04 06:35:00+00:00,2025-04-04 07:30:00+00:00,sell,31.4527,31.5783,31.3271,31.5783,1247.364027848648,-156.66892189778844,15510.223267881056,loss,0.1255999999999986,5510.223267881059
2025-04-04 07:55:00+00:00,2025-04-04 08:20:00+00:00,sell,31.4617,31.5933,31.3301,31.5933,1178.5883942158962,-155.10223267881057,15355.121035202246,loss,0.13159999999999883,5355.121035202248
2025-04-04 09:35:00+00:00,2025-04-04 10:20:00+00:00,sell,31.480700000000002,31.6783,31.283100000000005,31.283100000000005,777.0810240487054,153.55121035202248,15508.67224555427,win,-0.19759999999999778,5508.67224555427
2025-04-04 10:30:00+00:00,2025-04-04 13:00:00+00:00,sell,31.2747,31.4953,31.0541,31.4953,703.0223139417134,-155.08672245554268,15353.585523098727,loss,0.22060000000000102,5353.585523098728
2025-04-04 13:50:00+00:00,2025-04-04 14:10:00+00:00,sell,31.3167,31.5153,31.118100000000002,31.5153,773.0909125427394,-153.53585523098727,15200.04966786774,loss,0.198599999999999,5200.049667867741
2025-04-04 14:30:00+00:00,2025-04-04 15:10:00+00:00,sell,31.2077,31.534299999999998,30.8811,30.8811,465.4026230210588,152.0004966786774,15352.050164546417,win,-0.3265999999999991,5352.050164546418
2025-04-04 15:30:00+00:00,2025-04-04 16:50:00+00:00,sell,30.8297,31.2483,30.411099999999998,30.411099999999998,366.7474955696695,153.52050164546418,15505.570666191881,win,-0.4186000000000014,5505.570666191882
2025-04-04 17:05:00+00:00,2025-04-04 17:40:00+00:00,sell,30.317700000000002,30.7903,29.845100000000006,29.845100000000006,328.0907885355904,155.0557066619188,15660.6263728538,win,-0.47259999999999636,5660.626372853801
2025-04-04 17:50:00+00:00,2025-04-04 20:20:00+00:00,sell,29.7427,30.217299999999998,29.2681,29.2681,329.97527123585843,156.606263728538,15817.232636582337,win,-0.4745999999999988,5817.232636582338
2025-04-04 21:40:00+00:00,2025-04-04 22:20:00+00:00,sell,29.358700000000002,29.615299999999998,29.102100000000007,29.615299999999998,616.4159250421914,-158.17232636582338,15659.060310216513,loss,0.2565999999999953,5659.060310216515
2025-04-04 23:40:00+00:00,2025-04-07 01:00:00+00:00,sell,29.564700000000002,29.6973,29.432100000000005,29.432100000000005,1180.9246086136448,156.59060310216515,15815.65091331868,win,-0.1325999999999965,5815.65091331868
2025-04-07 01:10:00+00:00,2025-04-07 04:05:00+00:00,sell,28.8057,29.6133,27.998100000000004,29.6133,195.83520199750785,-158.1565091331868,15657.494404185492,loss,0.8075999999999972,5657.494404185493
2025-04-07 06:05:00+00:00,2025-04-07 06:45:00+00:00,sell,30.3277,30.5683,30.0871,30.0871,650.7686784781985,156.57494404185493,15814.069348227347,win,-0.2406000000000006,5814.069348227348
2025-04-07 06:55:00+00:00,2025-04-07 09:10:00+00:00,sell,30.0607,30.3533,29.7681,29.7681,540.4671684288221,158.14069348227346,15972.21004170962,win,-0.2926000000000002,5972.210041709622
2025-04-07 19:05:00+00:00,2025-04-07 20:20:00+00:00,sell,29.8367,30.0073,29.6661,29.6661,936.237399865744,159.72210041709621,16131.932142126718,win,-0.1706000000000003,6131.932142126718
2025-04-07 20:30:00+00:00,2025-04-07 21:20:00+00:00,sell,29.6237,29.894299999999998,29.3531,29.894299999999998,596.1541811576802,-161.31932142126718,15970.61282070545,loss,0.2705999999999982,5970.612820705451
2025-04-07 21:30:00+00:00,2025-04-07 21:40:00+00:00,sell,29.7517,29.9043,29.5991,29.9043,1046.567026258551,-159.7061282070545,15810.906692498394,loss,0.15259999999999962,5810.906692498396
2025-04-07 21:50:00+00:00,2025-04-07 22:15:00+00:00,sell,29.724700000000002,29.9133,29.536100000000005,29.9133,838.3301533668404,-158.10906692498395,15652.79762557341,loss,0.18859999999999744,5652.797625573412
2025-04-08 02:15:00+00:00,2025-04-08 02:20:00+00:00,sell,30.0217,30.0873,29.9561,29.9561,2386.097199020341,156.5279762557341,15809.325601829145,win,-0.06559999999999988,5809.325601829146
2025-04-08 02:30:00+00:00,2025-04-08 03:10:00+00:00,sell,29.9537,30.1033,29.804100000000002,30.1033,1056.7731017265505,-158.09325601829144,15651.232345810853,loss,0.1495999999999995,5651.232345810854
2025-04-08 03:50:00+00:00,2025-04-08 04:00:00+00:00,sell,29.9697,30.1083,29.8311,29.8311,1129.2375429877939,156.51232345810854,15807.744669268961,win,-0.13860000000000028,5807.744669268963
2025-04-08 11:05:00+00:00,2025-04-08 12:25:00+00:00,buy,30.1833,30.0587,30.307899999999997,30.0587,1268.6793474533945,-158.07744669268962,15649.66722257627,loss,-0.12459999999999738,5649.667222576273
2025-04-08 12:40:00+00:00,2025-04-08 14:15:00+00:00,buy,30.2073,30.0547,30.3599,30.3599,1025.5352046249218,156.4966722257627,15806.163894802034,win,0.15259999999999962,5806.163894802035
2025-04-08 14:25:00+00:00,2025-04-08 15:50:00+00:00,buy,30.3603,30.1997,30.520899999999997,30.1997,984.1945139976438,-158.06163894802035,15648.102255854013,loss,-0.16059999999999874,5648.102255854015
2025-04-08 16:05:00+00:00,2025-04-08 16:10:00+00:00,buy,30.3283,30.1977,30.458899999999996,30.458899999999996,1198.1701574161027,156.48102255854013,15804.583278412554,win,0.1305999999999976,5804.583278412555
2025-04-08 16:30:00+00:00,2025-04-08 17:55:00+00:00,buy,30.4743,30.1817,30.7669,30.1817,540.1429691870316,-158.04583278412554,15646.537445628428,loss,-0.2926000000000002,5646.53744562843
2025-04-08 20:05:00+00:00,2025-04-08 20:25:00+00:00,sell,29.8197,29.9473,29.692100000000003,29.692100000000003,1226.2176681527221,156.46537445628428,15803.002820084712,win,-0.1275999999999975,5803.002820084714
2025-04-08 21:55:00+00:00,2025-04-09 02:30:00+00:00,sell,29.8187,30.0583,29.5791,29.5791,659.5577136930198,158.0300282008471,15961.032848285558,win,-0.23959999999999937,5961.032848285561
2025-04-09 02:40:00+00:00,2025-04-09 04:40:00+00:00,sell,29.4857,29.7883,29.183100000000003,29.7883,527.4630815692549,-159.61032848285558,15801.422519802703,loss,0.3025999999999982,5801.422519802705
2025-04-09 07:00:00+00:00,2025-04-09 09:00:00+00:00,sell,29.8107,29.9373,29.6841,29.9373,1248.137639794844,-158.01422519802705,15643.408294604676,loss,0.12659999999999982,5643.408294604678
2025-04-09 10:10:00+00:00,2025-04-09 11:30:00+00:00,buy,30.313299999999998,30.1567,30.469899999999996,30.1567,998.9405041254748,-156.43408294604677,15486.97421165863,loss,-0.1565999999999974,5486.974211658631
2025-04-09 11:45:00+00:00,2025-04-09 14:05:00+00:00,buy,30.298299999999998,30.096700000000002,30.499899999999993,30.096700000000002,768.2030858957824,-154.8697421165863,15332.104469542042,loss,-0.20159999999999556,5332.104469542045
2025-04-09 14:20:00+00:00,2025-04-09 20:50:00+00:00,buy,30.4113,30.0797,30.742900000000002,30.742900000000002,462.36744479921487,153.32104469542043,15485.425514237462,win,0.33160000000000167,5485.425514237466
2025-04-09 21:00:00+00:00,2025-04-11 03:35:00+00:00,buy,30.8403,30.3767,31.3039,31.3039,334.0255719205668,154.85425514237463,15640.279769379837,win,0.46359999999999957,5640.27976937984
2025-04-11 05:25:00+00:00,2025-04-11 08:20:00+00:00,buy,31.150299999999998,30.9527,31.347899999999996,31.347899999999996,791.5121340779358,156.40279769379836,15796.682567073634,win,0.19759999999999778,5796.682567073639
2025-04-11 09:45:00+00:00,2025-04-11 10:00:00+00:00,buy,31.3193,31.1977,31.440899999999996,31.1977,1299.0692900554268,-157.96682567073634,15638.715741402899,loss,-0.12159999999999727,5638.7157414029025
2025-04-11 10:10:00+00:00,2025-04-11 13:15:00+00:00,buy,31.3473,31.192700000000002,31.5019,31.5019,1011.5598797802749,156.387157414029,15795.102898816927,win,0.15459999999999852,5795.102898816932
2025-04-11 14:35:00+00:00,2025-04-11 16:35:00+00:00,buy,31.4863,31.2417,31.7309,31.7309,645.7523670816448,157.95102898816927,15953.053927805096,win,0.24459999999999837,5953.053927805101
2025-04-11 16:45:00+00:00,2025-04-11 17:00:00+00:00,buy,31.7583,31.5507,31.965899999999998,31.5507,768.4515379482249,-159.53053927805098,15793.523388527046,loss,-0.20759999999999934,5793.52338852705
2025-04-11 17:20:00+00:00,2025-04-11 18:00:00+00:00,buy,31.8123,31.5227,32.1019,32.1019,545.3564705983094,157.93523388527046,15951.458622412316,win,0.2896000000000001,5951.45862241232
2025-04-11 19:05:00+00:00,2025-04-14 04:00:00+00:00,buy,32.1963,31.8067,32.5859,31.8067,409.4316894869675,-159.51458622412315,15791.944036188193,loss,-0.3896000000000015,5791.944036188197
2025-04-14 06:25:00+00:00,2025-04-14 08:20:00+00:00,buy,31.9203,31.817700000000002,32.0229,31.817700000000002,1539.1758319871697,-157.91944036188193,15634.024595826311,loss,-0.10259999999999891,5634.024595826315
2025-04-14 08:45:00+00:00,2025-04-14 10:20:00+00:00,buy,31.9813,31.8157,32.1469,32.1469,944.0836108590694,156.34024595826313,15790.364841784574,win,0.1656000000000013,5790.364841784578
2025-04-14 10:30:00+00:00,2025-04-14 16:05:00+00:00,buy,32.2043,32.0137,32.39490000000001,32.0137,828.4556580159649,-157.90364841784574,15632.46119336673,loss,-0.19060000000000343,5632.461193366732
2025-04-14 17:10:00+00:00,2025-04-14 20:35:00+00:00,buy,32.042300000000004,31.811700000000002,32.27290000000001,32.27290000000001,677.9037811520622,156.32461193366728,15788.785805300397,win,0.23060000000000258,5788.785805300399
2025-04-14 21:55:00+00:00,2025-04-15 03:25:00+00:00,buy,32.2973,32.2067,32.3879,32.2067,1742.6915899889677,-157.88785805300398,15630.897947247393,loss,-0.09060000000000201,5630.897947247396
2025-04-15 04:15:00+00:00,2025-04-15 06:10:00+00:00,buy,32.279300000000006,32.1817,32.37690000000001,32.1817,1601.5264290211342,-156.30897947247394,15474.588967774918,loss,-0.09760000000000701,5474.588967774922
2025-04-15 07:00:00+00:00,2025-04-15 10:00:00+00:00,buy,32.271300000000004,32.158699999999996,32.38390000000001,32.38390000000001,1374.297421649545,154.74588967774918,15629.334857452668,win,0.11260000000000758,5629.334857452671
2025-04-15 12:20:00+00:00,2025-04-15 12:40:00+00:00,buy,32.3493,32.274699999999996,32.4239,32.274699999999996,2095.085101535104,-156.29334857452668,15473.041508878141,loss,-0.07460000000000377,5473.041508878144
2025-04-15 15:05:00+00:00,2025-04-15 15:35:00+00:00,buy,32.2973,32.1967,32.3979,32.1967,1538.0756967075686,-154.73041508878143,15318.31109378936,loss,-0.10060000000000002,5318.3110937893625
2025-04-15 21:50:00+00:00,2025-04-16 03:50:00+00:00,buy,32.340300000000006,32.244699999999995,32.43590000000002,32.43590000000002,1602.3337964212853,153.1831109378936,15471.494204727253,win,0.09560000000001168,5471.494204727256
2025-04-16 04:00:00+00:00,2025-04-16 04:10:00+00:00,buy,32.441300000000005,32.387699999999995,32.494900000000015,32.387699999999995,2886.47279938887,-154.71494204727253,15316.77926267998,loss,-0.053600000000010084,5316.779262679984
2025-04-16 04:25:00+00:00,2025-04-16 04:30:00+00:00,buy,32.4773,32.372699999999995,32.581900000000005,32.372699999999995,1464.3192411739255,-153.1677926267998,15163.61147005318,loss,-0.10460000000000491,5163.611470053184
2025-04-16 06:45:00+00:00,2025-04-16 09:00:00+00:00,buy,32.3853,32.284699999999994,32.48590000000001,32.48590000000001,1507.317243543947,151.6361147005318,15315.247584753712,win,0.10060000000000713,5315.247584753716
2025-04-16 09:15:00+00:00,2025-04-16 09:55:00+00:00,buy,32.4893,32.3597,32.618900000000004,32.618900000000004,1181.7320667247916,153.15247584753712,15468.400060601249,win,0.1296000000000035,5468.400060601253
2025-04-16 10:05:00+00:00,2025-04-16 10:30:00+00:00,buy,32.621300000000005,32.4847,32.757900000000014,32.757900000000014,1132.3865344509727,154.6840006060125,15623.08406120726,win,0.1366000000000085,5623.084061207266
2025-04-16 10:40:00+00:00,2025-04-16 11:25:00+00:00,buy,32.841300000000004,32.6027,33.07990000000001,33.07990000000001,654.7813940153778,156.2308406120726,15779.314901819333,win,0.23860000000000525,5779.314901819339
2025-04-16 13:45:00+00:00,2025-04-16 14:45:00+00:00,buy,32.8883,32.7797,32.996900000000004,32.996900000000004,1452.9755894860905,157.79314901819333,15937.108050837525,win,0.1086000000000027,5937.108050837533
2025-04-16 15:20:00+00:00,2025-04-16 16:00:00+00:00,buy,33.008300000000006,32.8137,33.202900000000014,32.8137,818.967525736734,-159.37108050837526,15777.73697032915,loss,-0.19460000000000832,5777.736970329157
2025-04-16 18:20:00+00:00,2025-04-16 18:40:00+00:00,buy,32.801300000000005,32.6887,32.91390000000001,32.91390000000001,1401.2199796028497,157.7773697032915,15935.514340032441,win,0.11260000000000758,5935.514340032449
2025-04-16 18:50:00+00:00,2025-04-16 22:50:00+00:00,buy,32.9253,32.7497,33.1009,32.7497,907.4894271088941,-159.3551434003244,15776.159196632118,loss,-0.17560000000000286,5776.159196632124
2025-04-17 01:05:00+00:00,2025-04-17 01:10:00+00:00,buy,32.7623,32.7097,32.81490000000001,32.81490000000001,2999.2698092453475,157.7615919663212,15933.920788598438,win,0.05260000000000531,5933.920788598445
2025-04-17 01:20:00+00:00,2025-04-17 04:20:00+00:00,buy,32.8553,32.707699999999996,33.002900000000004,32.707699999999996,1079.5339287668014,-159.3392078859844,15774.581580712453,loss,-0.14760000000000417,5774.581580712461
2025-04-17 08:05:00+00:00,2025-04-17 10:15:00+00:00,sell,32.497699999999995,32.649300000000004,32.346099999999986,32.346099999999986,1040.5396821049808,157.7458158071245,15932.327396519577,win,-0.15160000000000906,5932.327396519586
2025-04-17 11:30:00+00:00,2025-04-17 15:30:00+00:00,sell,32.3597,32.472300000000004,32.24709999999999,32.472300000000004,1414.94914711532,-159.32327396519577,15773.004122554381,loss,0.11260000000000758,5773.00412255439
2025-04-17 17:00:00+00:00,2025-04-17 17:25:00+00:00,sell,32.408699999999996,32.582300000000004,32.23509999999999,32.23509999999999,908.583186783047,157.7300412255438,15930.734163779925,win,-0.17360000000000753,5930.734163779934
2025-04-17 17:35:00+00:00,2025-04-17 19:50:00+00:00,sell,32.2187,32.4713,31.966099999999997,32.4713,630.6703944489255,-159.30734163779925,15771.426822142126,loss,0.25260000000000105,5771.426822142134
2025-04-17 22:10:00+00:00,2025-04-17 22:20:00+00:00,sell,32.4237,32.4763,32.37109999999999,32.37109999999999,2998.370118277668,157.71426822142126,15929.141090363548,win,-0.05260000000000531,5929.141090363556
2025-04-21 04:05:00+00:00,2025-04-21 04:20:00+00:00,buy,32.6503,32.5717,32.7289,32.5717,2026.6082812166965,-159.2914109036355,15769.849679459912,loss,-0.07860000000000156,5769.8496794599205
2025-04-21 05:55:00+00:00,2025-04-21 08:00:00+00:00,buy,32.6953,32.5897,32.800900000000006,32.800900000000006,1493.356977221546,157.69849679459912,15927.548176254511,win,0.10560000000000258,5927.54817625452
2025-04-21 08:25:00+00:00,2025-04-21 09:00:00+00:00,buy,32.816300000000005,32.6947,32.93790000000001,32.93790000000001,1309.8312644945293,159.27548176254513,16086.823658017056,win,0.12160000000000792,6086.823658017065
2025-04-21 11:35:00+00:00,2025-04-21 14:15:00+00:00,buy,32.7913,32.640699999999995,32.941900000000004,32.941900000000004,1068.182181807211,160.86823658017056,16247.691894597227,win,0.15060000000000429,6247.691894597236
2025-04-21 14:30:00+00:00,2025-04-21 16:00:00+00:00,buy,32.9433,32.848699999999994,33.03790000000001,33.03790000000001,1717.5149994287572,162.47691894597227,16410.168813543198,win,0.0946000000000069,6410.168813543208
2025-04-22 04:55:00+00:00,2025-04-22 05:05:00+00:00,sell,32.6027,32.6743,32.531099999999995,32.531099999999995,2291.9230186511672,164.10168813543197,16574.27050167863,win,-0.07160000000000366,6574.270501678639
2025-04-22 07:05:00+00:00,2025-04-22 09:25:00+00:00,buy,32.831300000000006,32.7057,32.95690000000001,32.7057,1319.6075240189393,-165.74270501678632,16408.527796661845,loss,-0.1256000000000057,6408.527796661853
2025-04-22 10:05:00+00:00,2025-04-22 10:10:00+00:00,sell,32.5817,32.749300000000005,32.41409999999999,32.41409999999999,979.0291048127167,164.08527796661846,16572.613074628465,win,-0.1676000000000073,6572.613074628472
2025-04-22 11:25:00+00:00,2025-04-22 11:55:00+00:00,sell,32.4717,32.6053,32.3381,32.3381,1240.465050496131,165.72613074628467,16738.33920537475,win,-0.13360000000000127,6738.339205374757
2025-04-22 15:05:00+00:00,2025-04-22 15:15:00+00:00,sell,32.6387,32.740300000000005,32.537099999999995,32.740300000000005,1647.4743312375942,-167.38339205374749,16570.955813321,loss,0.1016000000000048,6570.955813321009
2025-04-22 15:55:00+00:00,2025-04-22 16:10:00+00:00,sell,32.622699999999995,32.7563,32.489099999999986,32.7563,1240.341003991015,-165.70955813320998,16405.24625518779,loss,0.13360000000000838,6405.2462551878
2025-04-22 17:05:00+00:00,2025-04-22 17:40:00+00:00,buy,32.7503,32.524699999999996,32.97590000000001,32.97590000000001,727.1829013824146,164.0524625518779,16569.298717739668,win,0.22560000000000713,6569.298717739678
2025-04-22 18:40:00+00:00,2025-04-22 19:35:00+00:00,buy,32.996300000000005,32.7067,33.28590000000001,32.7067,572.1442927396153,-165.6929871773967,16403.60573056227,loss,-0.2896000000000072,6403.605730562282
2025-04-22 20:50:00+00:00,2025-04-22 21:15:00+00:00,buy,32.9433,32.848699999999994,33.03790000000001,32.848699999999994,1733.9963774377457,-164.0360573056227,16239.569673256648,loss,-0.0946000000000069,6239.569673256659
2025-04-22 23:50:00+00:00,2025-04-23 01:00:00+00:00,sell,32.4437,32.5463,32.3411,32.3411,1582.8040617208828,162.39569673256648,16401.965369989215,win,-0.10260000000000247,6401.965369989226
2025-04-23 01:25:00+00:00,2025-04-23 01:45:00+00:00,sell,32.2187,32.493300000000005,31.94409999999999,32.493300000000005,597.3039100505762,-164.01965369989216,16237.945716289323,loss,0.2746000000000066,6237.945716289334
2025-04-23 03:00:00+00:00,2025-04-23 03:05:00+00:00,sell,32.5117,32.5983,32.42509999999999,32.5983,1875.0514683935946,-162.37945716289323,16075.56625912643,loss,0.08660000000000423,6075.566259126441
2025-04-23 05:35:00+00:00,2025-04-23 10:30:00+00:00,sell,32.6907,32.856300000000005,32.525099999999995,32.856300000000005,970.7467547781376,-160.7556625912643,15914.810596535166,loss,0.16560000000000485,5914.810596535177
2025-04-23 10:40:00+00:00,2025-04-23 16:30:00+00:00,buy,32.8663,32.7097,33.02290000000001,32.7097,1016.2714301746302,-159.14810596535168,15755.662490569814,loss,-0.1566000000000045,5755.662490569825
2025-04-23 16:40:00+00:00,2025-04-23 17:20:00+00:00,buy,32.8493,32.661699999999996,33.0369,33.0369,839.8540773224698,157.55662490569813,15913.219115475511,win,0.18760000000000332,5913.219115475524
2025-04-23 17:35:00+00:00,2025-04-23 17:45:00+00:00,buy,33.170300000000005,32.783699999999996,33.55690000000001,33.55690000000001,411.6197391483487,159.1321911547551,16072.351306630266,win,0.3866000000000085,6072.3513066302785
2025-04-23 19:00:00+00:00,2025-04-24 06:10:00+00:00,buy,33.5093,33.320699999999995,33.69790000000001,33.320699999999995,852.1925401182173,-160.72351306630267,15911.627793563963,loss,-0.1886000000000081,5911.6277935639755
2025-04-24 07:10:00+00:00,2025-04-24 07:20:00+00:00,buy,33.313300000000005,33.2767,33.34990000000001,33.2767,4347.439287858167,-159.11627793563963,15752.511515628323,loss,-0.03660000000000707,5752.5115156283355
2025-04-24 07:30:00+00:00,2025-04-24 07:55:00+00:00,buy,33.3153,33.2377,33.392900000000004,33.392900000000004,2029.9628241788057,157.52511515628322,15910.036630784605,win,0.07760000000000389,5910.036630784619
2025-04-24 08:05:00+00:00,2025-04-24 08:30:00+00:00,buy,33.3973,33.3427,33.4519,33.3427,2913.9261228542887,-159.10036630784606,15750.936264476759,loss,-0.05460000000000065,5750.9362644767725
2025-04-24 10:00:00+00:00,2025-04-24 11:20:00+00:00,buy,33.3633,33.268699999999995,33.45790000000001,33.268699999999995,1665.0038334540816,-157.5093626447676,15593.426901831992,loss,-0.0946000000000069,5593.426901832005
2025-04-24 12:55:00+00:00,2025-04-24 13:40:00+00:00,buy,33.3823,33.3127,33.4519,33.3127,2240.4348996884655,-155.93426901831992,15437.492632813672,loss,-0.06960000000000122,5437.492632813684
2025-04-24 13:50:00+00:00,2025-04-24 14:05:00+00:00,buy,33.368300000000005,33.3067,33.42990000000001,33.42990000000001,2506.086466365626,154.37492632813672,15591.867559141809,win,0.06160000000000565,5591.867559141821
2025-04-24 14:15:00+00:00,2025-04-24 15:40:00+00:00,buy,33.4463,33.348699999999994,33.54390000000001,33.348699999999994,1597.527413846382,-155.9186755914181,15435.94888355039,loss,-0.09760000000000701,5435.9488835504035
2025-04-24 18:15:00+00:00,2025-04-24 20:10:00+00:00,buy,33.417300000000004,33.311699999999995,33.522900000000014,33.522900000000014,1461.7375836694107,154.35948883550392,15590.308372385894,win,0.10560000000000969,5590.308372385907
2025-04-24 20:20:00+00:00,2025-04-24 22:00:00+00:00,buy,33.5253,33.472699999999996,33.57790000000001,33.472699999999996,2963.9369529247756,-155.90308372385894,15434.405288662036,loss,-0.05260000000000531,5434.405288662048
2025-04-24 22:25:00+00:00,2025-04-25 01:00:00+00:00,buy,33.542300000000004,33.4567,33.62790000000001,33.62790000000001,1803.0847299837444,154.34405288662035,15588.749341548655,win,0.08560000000000656,5588.749341548669
2025-04-25 01:10:00+00:00,2025-04-25 04:45:00+00:00,buy,33.6293,33.518699999999995,33.739900000000006,33.518699999999995,1409.4710073732306,-155.88749341548655,15432.861848133169,loss,-0.11060000000000514,5432.861848133182
2025-04-25 13:00:00+00:00,2025-04-25 13:20:00+00:00,sell,33.317699999999995,33.417300000000004,33.218099999999986,33.417300000000004,1549.4841212983638,-154.3286184813317,15278.533229651837,loss,0.09960000000000946,5278.533229651851
2025-04-25 14:35:00+00:00,2025-04-25 14:40:00+00:00,sell,33.329699999999995,33.404300000000006,33.255099999999985,33.255099999999985,2048.0607546447195,152.78533229651836,15431.318561948356,win,-0.07460000000001088,5431.318561948369
2025-04-25 15:55:00+00:00,2025-04-25 16:15:00+00:00,sell,33.2487,33.3633,33.1341,33.1341,1346.5373963305378,154.31318561948356,15585.631747567839,win,-0.11460000000000292,5585.6317475678525
2025-04-25 16:25:00+00:00,2025-04-25 16:30:00+00:00,sell,33.0807,33.2873,32.8741,32.8741,754.386822244323,155.8563174756784,15741.488065043517,win,-0.20660000000000167,5741.488065043531
2025-04-25 17:55:00+00:00,2025-04-28 01:00:00+00:00,sell,32.878699999999995,33.088300000000004,32.669099999999986,33.088300000000004,751.0251939428841,-157.41488065043518,15584.073184393083,loss,0.2096000000000089,5584.073184393095
2025-04-28 02:15:00+00:00,2025-04-28 02:50:00+00:00,sell,32.979699999999994,33.0553,32.904099999999985,32.904099999999985,2061.3853418507038,155.84073184393083,15739.913916237014,win,-0.07560000000000855,5739.913916237027
2025-04-28 03:00:00+00:00,2025-04-28 04:55:00+00:00,sell,32.8747,33.0093,32.74009999999999,32.74009999999999,1169.3843919937822,157.39913916237015,15897.313055399383,win,-0.13460000000000605,5897.313055399397
2025-04-28 05:05:00+00:00,2025-04-28 07:25:00+00:00,sell,32.7347,32.8613,32.60809999999999,32.8613,1255.711931706079,-158.97313055399383,15738.33992484539,loss,0.12660000000000338,5738.339924845403
2025-04-28 09:00:00+00:00,2025-04-28 09:15:00+00:00,sell,32.8717,32.960300000000004,32.78309999999999,32.78309999999999,1776.3363346325289,157.3833992484539,15895.723324093844,win,-0.08860000000000667,5895.723324093858
2025-04-28 09:35:00+00:00,2025-04-28 10:10:00+00:00,sell,32.771699999999996,32.902300000000004,32.64109999999999,32.902300000000004,1217.1304229780121,-158.95723324093845,15736.766090852905,loss,0.13060000000000827,5736.766090852919
2025-04-28 11:25:00+00:00,2025-04-28 12:15:00+00:00,sell,32.9407,32.9953,32.8861,32.9953,2882.191591731267,-157.36766090852905,15579.398429944376,loss,0.05460000000000065,5579.39842994439
2025-04-28 12:35:00+00:00,2025-04-28 13:50:00+00:00,sell,32.896699999999996,33.017300000000006,32.776099999999985,33.017300000000006,1291.8240820848303,-155.79398429944376,15423.604445644933,loss,0.12060000000001025,5423.604445644946
2025-04-28 15:15:00+00:00,2025-04-28 15:55:00+00:00,sell,33.0057,33.0733,32.93809999999999,32.93809999999999,2281.5982907756793,154.23604445644932,15577.840490101382,win,-0.06760000000000588,5577.8404901013955
2025-04-28 16:40:00+00:00,2025-04-28 16:45:00+00:00,sell,32.9327,33.051300000000005,32.81409999999999,32.81409999999999,1313.4772757251567,155.77840490101383,15733.618895002395,win,-0.11860000000000781,5733.61889500241
2025-04-28 21:10:00+00:00,2025-04-28 21:25:00+00:00,buy,33.066300000000005,33.0137,33.11890000000001,33.11890000000001,2991.1822994298113,157.33618895002397,15890.95508395242,win,0.05260000000000531,5890.955083952434
2025-04-28 21:35:00+00:00,2025-04-29 06:15:00+00:00,buy,33.136300000000006,33.034699999999994,33.23790000000002,33.034699999999994,1564.0703822785983,-158.9095508395242,15732.045533112896,loss,-0.1016000000000119,5732.04553311291
2025-04-29 08:15:00+00:00,2025-04-29 09:30:00+00:00,sell,32.9047,33.0013,32.808099999999996,33.0013,1628.5761421441543,-157.32045533112895,15574.725077781766,loss,0.09660000000000224,5574.725077781781
2025-04-29 10:05:00+00:00,2025-04-29 10:10:00+00:00,buy,33.0613,33.0137,33.108900000000006,33.108900000000006,3272.001066760686,155.74725077781767,15730.472328559585,win,0.04760000000000275,5730.472328559598
2025-04-29 10:20:00+00:00,2025-04-29 10:50:00+00:00,buy,33.1223,33.0137,33.230900000000005,33.230900000000005,1448.4781149686185,157.30472328559586,15887.77705184518,win,0.1086000000000027,5887.777051845194
2025-04-29 11:15:00+00:00,2025-04-29 15:30:00+00:00,buy,33.2323,33.0567,33.407900000000005,33.407900000000005,904.7709027246538,158.8777705184518,16046.654822363631,win,0.17560000000000286,6046.654822363646
2025-04-29 15:40:00+00:00,2025-04-29 16:00:00+00:00,buy,33.423300000000005,33.1727,33.67390000000001,33.1727,640.3294023289412,-160.46654822363632,15886.188274139995,loss,-0.2506000000000057,5886.18827414001
2025-04-29 16:25:00+00:00,2025-04-29 17:25:00+00:00,buy,33.502300000000005,33.1707,33.833900000000014,33.1707,479.0768478329185,-158.86188274139997,15727.326391398596,loss,-0.3316000000000088,5727.32639139861
2025-04-29 17:35:00+00:00,2025-04-29 18:20:00+00:00,buy,33.3143,33.152699999999996,33.47590000000001,33.152699999999996,973.2256430320488,-157.27326391398597,15570.053127484609,loss,-0.16160000000000707,5570.053127484624
2025-04-29 19:40:00+00:00,2025-04-29 20:50:00+00:00,buy,33.252300000000005,33.1877,33.31690000000001,33.1877,2410.224942334864,-155.7005312748461,15414.352596209763,loss,-0.06460000000000576,5414.352596209778
2025-04-29 22:15:00+00:00,2025-04-29 22:40:00+00:00,sell,33.003699999999995,33.0563,32.95109999999999,32.95109999999999,2930.4852844502298,154.14352596209764,15568.49612217186,win,-0.05260000000000531,5568.496122171876
2025-04-29 22:50:00+00:00,2025-04-30 04:00:00+00:00,sell,32.918699999999994,33.051300000000005,32.78609999999998,33.051300000000005,1174.0947301787785,-155.6849612217186,15412.811160950141,loss,0.1326000000000107,5412.8111609501575
2025-04-30 04:55:00+00:00,2025-04-30 05:40:00+00:00,sell,32.994699999999995,33.0643,32.925099999999986,32.925099999999986,2214.4843622052153,154.12811160950142,15566.939272559643,win,-0.06960000000000832,5566.939272559659
2025-04-30 05:50:00+00:00,2025-04-30 07:05:00+00:00,sell,32.9197,33.0223,32.817099999999996,32.817099999999996,1517.2455431344315,155.66939272559642,15722.60866528524,win,-0.10260000000000247,5722.6086652852555
2025-04-30 07:20:00+00:00,2025-04-30 08:30:00+00:00,sell,32.805699999999995,32.9303,32.68109999999999,32.9303,1261.8466023502588,-157.2260866528524,15565.382578632387,loss,0.12460000000000804,5565.382578632403
2025-04-30 09:30:00+00:00,2025-04-30 10:20:00+00:00,sell,32.823699999999995,32.935300000000005,32.712099999999985,32.935300000000005,1394.7475428880828,-155.65382578632386,15409.728752846064,loss,0.11160000000000991,5409.728752846079
2025-04-30 10:45:00+00:00,2025-04-30 10:55:00+00:00,sell,32.7987,32.941300000000005,32.65609999999999,32.65609999999999,1080.6261397507099,154.09728752846064,15563.826040374524,win,-0.14260000000000872,5563.82604037454
2025-04-30 11:05:00+00:00,2025-04-30 11:10:00+00:00,sell,32.6507,32.9123,32.3891,32.3891,594.9474786075857,155.63826040374525,15719.464300778269,win,-0.2616000000000014,5719.464300778285
2025-04-30 11:20:00+00:00,2025-05-01 06:40:00+00:00,sell,32.375699999999995,32.7963,31.955099999999987,31.955099999999987,373.73904661859234,157.1946430077827,15876.658943786051,win,-0.4206000000000074,5876.6589437860675
2025-05-01 07:55:00+00:00,2025-05-01 08:30:00+00:00,sell,32.039699999999996,32.1103,31.96909999999999,32.1103,2248.8185472782866,-158.76658943786052,15717.89235434819,loss,0.07060000000000599,5717.892354348207
2025-05-01 10:00:00+00:00,2025-05-01 11:00:00+00:00,sell,32.0817,32.1663,31.997099999999996,32.1663,1857.906897677052,-157.17892354348191,15560.713430804708,loss,0.08460000000000178,5560.713430804725
2025-05-01 12:15:00+00:00,2025-05-01 12:40:00+00:00,sell,32.213699999999996,32.301300000000005,32.12609999999999,32.12609999999999,1776.337149635058,155.60713430804708,15716.320565112756,win,-0.087600000000009,5716.320565112772
2025-05-01 12:55:00+00:00,2025-05-01 13:05:00+00:00,sell,32.1147,32.212300000000006,32.01709999999999,32.01709999999999,1610.2787464253715,157.16320565112756,15873.483770763884,win,-0.09760000000000701,5873.4837707639
2025-05-01 13:15:00+00:00,2025-05-01 14:50:00+00:00,sell,31.9907,32.1593,31.8221,31.8221,941.4877681354537,158.73483770763883,16032.218608471523,win,-0.16860000000000142,6032.218608471539
2025-05-01 15:00:00+00:00,2025-05-01 15:25:00+00:00,sell,31.7097,32.0613,31.3581,32.0613,455.978913779052,-160.32218608471524,15871.896422386808,loss,0.35160000000000124,5871.896422386823
2025-05-01 18:30:00+00:00,2025-05-02 03:25:00+00:00,sell,32.256699999999995,32.4893,32.02409999999999,32.4893,682.3687197930552,-158.71896422386808,15713.17745816294,loss,0.23260000000000502,5713.177458162955
2025-05-02 04:45:00+00:00,2025-05-02 05:00:00+00:00,buy,32.499300000000005,32.4347,32.56390000000001,32.56390000000001,2432.380411480114,157.1317745816294,15870.309232744568,win,0.06460000000000576,5870.309232744585
2025-05-02 05:10:00+00:00,2025-05-02 06:50:00+00:00,buy,32.566300000000005,32.439699999999995,32.692900000000016,32.692900000000016,1253.57892833675,158.7030923274457,16029.012325072013,win,0.12660000000001048,6029.012325072031
2025-05-02 09:15:00+00:00,2025-05-02 11:00:00+00:00,buy,32.6373,32.530699999999996,32.74390000000001,32.530699999999996,1503.6596927833873,-160.29012325072014,15868.722201821294,loss,-0.10660000000000736,5868.722201821311
2025-05-02 12:40:00+00:00,2025-05-02 13:10:00+00:00,buy,32.517300000000006,32.4347,32.59990000000001,32.4347,1921.1528089370527,-158.68722201821294,15710.034979803082,loss,-0.08260000000000645,5710.0349798030975
2025-05-02 17:05:00+00:00,2025-05-05 15:40:00+00:00,sell,32.1737,32.4853,31.86209999999999,32.4853,504.17313799110394,-157.10034979803083,15552.934630005051,loss,0.31160000000000565,5552.9346300050665
2025-05-05 15:50:00+00:00,2025-05-05 16:55:00+00:00,buy,32.5133,32.3307,32.6959,32.3307,851.7488844471516,-155.52934630005052,15397.405283705,loss,-0.18260000000000076,5397.405283705016
2025-05-05 20:30:00+00:00,2025-05-05 22:25:00+00:00,buy,32.337300000000006,32.253699999999995,32.42090000000002,32.42090000000002,1841.7948903950878,153.97405283705,15551.37933654205,win,0.08360000000001122,5551.379336542066
2025-05-05 22:35:00+00:00,2025-05-06 03:10:00+00:00,buy,32.447300000000006,32.3467,32.54790000000001,32.54790000000001,1545.8627571114262,155.5137933654205,15706.89312990747,win,0.10060000000000713,5706.893129907487
2025-05-06 03:45:00+00:00,2025-05-06 03:55:00+00:00,buy,32.5623,32.4907,32.633900000000004,32.633900000000004,2193.7001578081936,157.06893129907468,15863.962061206545,win,0.07160000000000366,5863.962061206561
2025-05-06 04:05:00+00:00,2025-05-06 04:10:00+00:00,buy,32.6873,32.500699999999995,32.873900000000006,32.873900000000006,850.1587385426615,158.63962061206544,16022.60168181861,win,0.18660000000000565,6022.601681818626
2025-05-06 04:40:00+00:00,2025-05-07 17:20:00+00:00,buy,32.993300000000005,32.5717,33.41490000000001,32.5717,380.0427343884824,-160.2260168181861,15862.375665000425,loss,-0.4216000000000051,5862.37566500044
2025-05-07 17:50:00+00:00,2025-05-07 22:20:00+00:00,sell,32.549699999999994,32.835300000000004,32.264099999999985,32.264099999999985,555.4053103991563,158.62375665000425,16020.99942165043,win,-0.2856000000000094,6020.999421650444
2025-05-07 22:30:00+00:00,2025-05-08 04:00:00+00:00,sell,32.262699999999995,32.5583,31.967099999999988,32.5583,541.9823890950619,-160.2099942165043,15860.789427433925,loss,0.2956000000000074,5860.78942743394
2025-05-08 09:10:00+00:00,2025-05-08 09:25:00+00:00,sell,32.5547,32.761300000000006,32.34809999999999,32.34809999999999,767.705199778957,158.60789427433926,16019.397321708264,win,-0.20660000000000878,6019.3973217082785
2025-05-08 09:35:00+00:00,2025-05-08 16:30:00+00:00,sell,32.3467,32.6443,32.049099999999996,32.6443,538.2862003262136,-160.19397321708266,15859.20334849118,loss,0.29760000000000275,5859.203348491195
2025-05-08 19:05:00+00:00,2025-05-08 20:30:00+00:00,sell,32.5357,32.685300000000005,32.38609999999999,32.38609999999999,1060.1071757012353,158.5920334849118,16017.795381976093,win,-0.14960000000000662,6017.795381976107
2025-05-08 21:45:00+00:00,2025-05-08 22:00:00+00:00,sell,32.476699999999994,32.5123,32.441099999999985,32.441099999999985,4499.380725272996,160.17795381976094,16177.973335795854,win,-0.0356000000000094,6177.973335795868
2025-05-08 22:10:00+00:00,2025-05-08 22:15:00+00:00,sell,32.4387,32.493300000000005,32.38409999999999,32.38409999999999,2962.9987794493695,161.77973335795855,16339.753069153812,win,-0.05460000000000775,6339.753069153826
2025-05-08 22:25:00+00:00,2025-05-09 01:30:00+00:00,sell,32.3647,32.4853,32.244099999999996,32.4853,1354.871730443896,-163.39753069153812,16176.355538462274,loss,0.12060000000000315,6176.355538462288
2025-05-09 02:30:00+00:00,2025-05-09 03:10:00+00:00,sell,32.439699999999995,32.4893,32.39009999999999,32.39009999999999,3261.362003721891,161.76355538462275,16338.119093846897,win,-0.049600000000005195,6338.119093846911
2025-05-09 03:20:00+00:00,2025-05-09 03:55:00+00:00,sell,32.3837,32.466300000000004,32.30109999999999,32.466300000000004,1977.9805198360316,-163.38119093846896,16174.737902908428,loss,0.08260000000000645,6174.737902908442
2025-05-09 04:20:00+00:00,2025-05-09 04:35:00+00:00,sell,32.408699999999996,32.4923,32.32509999999999,32.32509999999999,1934.777261113353,161.74737902908427,16336.485281937512,win,-0.08360000000000412,6336.485281937526
2025-05-09 04:50:00+00:00,2025-05-09 07:50:00+00:00,sell,32.314699999999995,32.5033,32.12609999999999,32.5033,866.19752290227,-163.36485281937513,16173.120429118137,loss,0.1886000000000081,6173.120429118151
2025-05-09 08:30:00+00:00,2025-05-09 10:10:00+00:00,sell,32.4437,32.5413,32.3461,32.5413,1657.0820111801386,-161.73120429118137,16011.389224826955,loss,0.09759999999999991,6011.389224826969
2025-05-09 12:40:00+00:00,2025-05-09 13:05:00+00:00,buy,32.5983,32.5477,32.648900000000005,32.5477,3164.306170914239,-160.11389224826956,15851.275332578685,loss,-0.050600000000002865,5851.2753325787
2025-05-09 13:15:00+00:00,2025-05-09 14:00:00+00:00,buy,32.6013,32.539699999999996,32.66290000000001,32.539699999999996,2573.258982561239,-158.51275332578686,15692.762579252898,loss,-0.06160000000000565,5692.762579252913
2025-05-09 15:20:00+00:00,2025-05-09 15:25:00+00:00,buy,32.5833,32.5027,32.663900000000005,32.663900000000005,1946.9928758377318,156.92762579252897,15849.690205045426,win,0.080600000000004,5849.690205045443
2025-05-09 16:30:00+00:00,2025-05-09 19:00:00+00:00,buy,32.6783,32.537699999999994,32.818900000000006,32.818900000000006,1127.289488267761,158.49690205045428,16008.18710709588,win,0.14060000000000628,6008.187107095897
2025-05-09 20:30:00+00:00,2025-05-12 01:00:00+00:00,buy,32.7603,32.6847,32.8359,32.6847,2117.4850670761343,-160.0818710709588,15848.105236024921,loss,-0.07560000000000144,5848.105236024938
2025-05-12 02:55:00+00:00,2025-05-12 03:20:00+00:00,buy,32.6503,32.573699999999995,32.72690000000001,32.573699999999995,2068.9432423007356,-158.4810523602492,15689.624183664671,loss,-0.07660000000000622,5689.624183664689
2025-05-12 04:05:00+00:00,2025-05-12 04:15:00+00:00,buy,32.6893,32.5717,32.806900000000006,32.5717,1334.1517162979817,-156.8962418366467,15532.727941828025,loss,-0.11760000000000304,5532.727941828042
2025-05-12 06:25:00+00:00,2025-05-12 06:30:00+00:00,buy,32.685300000000005,32.601699999999994,32.768900000000016,32.768900000000016,1857.9818112231987,155.32727941828026,15688.055221246304,win,0.08360000000001122,5688.055221246323
2025-05-12 06:40:00+00:00,2025-05-12 10:00:00+00:00,buy,32.7943,32.6087,32.9799,32.9799,845.2615959723184,156.88055221246304,15844.935773458768,win,0.18560000000000088,5844.935773458786
2025-05-12 11:10:00+00:00,2025-05-12 14:50:00+00:00,sell,31.913700000000002,32.356300000000005,31.4711,32.356300000000005,357.99674137954554,-158.4493577345877,15686.486415724181,loss,0.4426000000000023,5686.486415724198
2025-05-12 15:10:00+00:00,2025-05-12 15:45:00+00:00,sell,32.2067,32.3943,32.019099999999995,32.3943,836.1666532901868,-156.8648641572418,15529.62155156694,loss,0.18760000000000332,5529.621551566956
2025-05-12 19:05:00+00:00,2025-05-12 20:10:00+00:00,sell,32.485699999999994,32.588300000000004,32.383099999999985,32.383099999999985,1513.6083383592095,155.2962155156694,15684.917767082608,win,-0.10260000000000957,5684.917767082626
2025-05-13 04:05:00+00:00,2025-05-13 04:10:00+00:00,buy,32.5563,32.5197,32.5929,32.5929,4285.496657672848,156.8491776708261,15841.766944753435,win,0.036599999999999966,5841.766944753452
2025-05-13 04:20:00+00:00,2025-05-13 04:45:00+00:00,buy,32.6163,32.5297,32.70290000000001,32.70290000000001,1829.303342350192,158.41766944753437,16000.184614200969,win,0.08660000000000423,6000.184614200986
2025-05-13 05:00:00+00:00,2025-05-13 06:20:00+00:00,buy,32.7053,32.537699999999994,32.87290000000001,32.87290000000001,954.6649531145747,160.0018461420097,16160.186460342979,win,0.1676000000000073,6160.186460342996
2025-05-13 06:30:00+00:00,2025-05-13 09:45:00+00:00,buy,32.9213,32.7247,33.117900000000006,33.117900000000006,821.9830346054262,161.6018646034298,16321.788324946408,win,0.19660000000000366,6321.788324946426
2025-05-13 09:55:00+00:00,2025-05-13 12:40:00+00:00,buy,33.1283,32.9937,33.26290000000001,32.9937,1212.6142886289506,-163.21788324946408,16158.570441696944,loss,-0.13460000000000605,6158.570441696962
2025-05-13 17:05:00+00:00,2025-05-13 17:30:00+00:00,buy,32.697300000000006,32.5687,32.82590000000001,32.82590000000001,1256.498479136564,161.58570441696943,16320.156146113914,win,0.12860000000000582,6320.156146113932
2025-05-13 17:40:00+00:00,2025-05-14 05:35:00+00:00,buy,32.832300000000004,32.6247,33.03990000000001,32.6247,786.1346891191429,-163.20156146113914,16156.954584652774,loss,-0.20760000000000645,6156.954584652793
2025-05-14 05:45:00+00:00,2025-05-14 09:20:00+00:00,sell,32.6237,32.7423,32.5051,32.7423,1362.3064573906138,-161.56954584652775,15995.385038806247,loss,0.1186000000000007,5995.385038806265
2025-05-14 12:05:00+00:00,2025-05-14 13:55:00+00:00,sell,32.7987,32.8723,32.72509999999999,32.8723,2173.28601070719,-159.95385038806245,15835.431188418184,loss,0.0736000000000061,5835.4311884182025
2025-05-14 14:10:00+00:00,2025-05-14 15:10:00+00:00,buy,32.8873,32.808699999999995,32.96590000000001,32.808699999999995,2014.6859018341524,-158.35431188418184,15677.076876534002,loss,-0.07860000000000866,5677.076876534021
2025-05-14 15:20:00+00:00,2025-05-14 15:25:00+00:00,sell,32.7217,32.9103,32.5331,32.5331,831.234192817281,156.77076876534002,15833.847645299342,win,-0.188600000000001,5833.847645299361
2025-05-14 15:35:00+00:00,2025-05-15 06:15:00+00:00,sell,32.360699999999994,32.9103,31.81109999999999,31.81109999999999,288.09766457967964,158.33847645299343,15992.186121752335,win,-0.5496000000000052,5992.186121752355
2025-05-15 07:30:00+00:00,2025-05-15 07:45:00+00:00,sell,31.8167,31.8753,31.758100000000002,31.758100000000002,2729.0420002991063,159.92186121752334,16152.107982969857,win,-0.05859999999999843,6152.107982969878
2025-05-15 07:55:00+00:00,2025-05-15 09:00:00+00:00,sell,31.7517,31.8703,31.6331,31.8703,1361.8978063212278,-161.52107982969858,15990.586903140158,loss,0.1186000000000007,5990.58690314018
2025-05-15 10:15:00+00:00,2025-05-15 10:35:00+00:00,sell,31.8707,31.9793,31.7621,31.7621,1472.4297332541698,159.90586903140158,16150.49277217156,win,-0.10859999999999914,6150.492772171581
2025-05-15 10:45:00+00:00,2025-05-15 11:10:00+00:00,sell,31.7077,31.9103,31.5051,31.9103,797.1615386066898,-161.5049277217156,15988.987844449844,loss,0.20260000000000034,5988.987844449865
2025-05-15 19:05:00+00:00,2025-05-16 01:35:00+00:00,buy,32.5223,32.387699999999995,32.65690000000001,32.65690000000001,1187.8891414895338,159.88987844449844,16148.877722894344,win,0.13460000000000605,6148.877722894364
2025-05-16 01:50:00+00:00,2025-05-16 02:55:00+00:00,buy,32.673300000000005,32.6087,32.73790000000001,32.6087,2499.8262728936384,-161.48877722894343,15987.3889456654,loss,-0.06460000000000576,5987.388945665421
2025-05-16 05:15:00+00:00,2025-05-16 05:50:00+00:00,buy,32.5103,32.4537,32.566900000000004,32.4537,2824.6270222022135,-159.873889456654,15827.515056208746,loss,-0.05660000000000309,5827.5150562087665
2025-05-16 08:05:00+00:00,2025-05-16 08:35:00+00:00,buy,32.4183,32.378699999999995,32.45790000000001,32.45790000000001,3996.8472364156246,158.27515056208745,15985.790206770833,win,0.039600000000007185,5985.790206770854
2025-05-16 09:05:00+00:00,2025-05-16 09:25:00+00:00,buy,32.4583,32.3867,32.529900000000005,32.3867,2232.652263515365,-159.85790206770832,15825.932304703125,loss,-0.07160000000000366,5825.932304703146
2025-05-16 13:05:00+00:00,2025-05-16 13:10:00+00:00,sell,32.2347,32.3053,32.16409999999999,32.16409999999999,2241.6334709209323,158.25932304703124,15984.191627750157,win,-0.07060000000000599,5984.191627750177
2025-05-16 13:45:00+00:00,2025-05-16 14:25:00+00:00,sell,32.158699999999996,32.3053,32.01209999999999,32.01209999999999,1090.326850460399,159.8419162775016,16144.033544027658,win,-0.1466000000000065,6144.0335440276785
2025-05-16 14:50:00+00:00,2025-05-16 15:30:00+00:00,sell,31.9787,32.094300000000004,31.863099999999996,31.863099999999996,1396.5426941199896,161.44033544027658,16305.473879467934,win,-0.11560000000000414,6305.473879467955
2025-05-16 17:40:00+00:00,2025-05-16 18:55:00+00:00,sell,32.0417,32.194300000000005,31.889099999999992,32.194300000000005,1068.5107391525041,-163.0547387946793,16142.419140673255,loss,0.15260000000000673,6142.419140673276
2025-05-16 20:25:00+00:00,2025-05-16 22:00:00+00:00,sell,32.1767,32.2413,32.11209999999999,32.2413,2498.826492364058,-161.42419140673255,15980.994949266522,loss,0.06460000000000576,5980.994949266544
2025-05-19 02:05:00+00:00,2025-05-19 03:10:00+00:00,buy,32.4483,32.369699999999995,32.52690000000001,32.52690000000001,2033.2054642830485,159.80994949266523,16140.804898759186,win,0.07860000000000866,6140.804898759209
2025-05-19 03:45:00+00:00,2025-05-19 04:10:00+00:00,buy,32.529300000000006,32.3977,32.66090000000001,32.3977,1226.5049315166002,-161.40804898759185,15979.396849771594,loss,-0.13160000000000593,5979.396849771618
2025-05-19 08:10:00+00:00,2025-05-19 08:25:00+00:00,buy,32.3513,32.3077,32.39490000000001,32.39490000000001,3664.999277470132,159.79396849771595,16139.19081826931,win,0.04360000000000497,6139.190818269334
2025-05-19 09:05:00+00:00,2025-05-19 10:05:00+00:00,buy,32.4073,32.3377,32.4769,32.4769,2318.8492554984236,161.3919081826931,16300.582726452003,win,0.06960000000000122,6300.582726452028
2025-05-19 10:15:00+00:00,2025-05-19 10:40:00+00:00,buy,32.496300000000005,32.405699999999996,32.586900000000014,32.405699999999996,1799.1813163852498,-163.00582726452004,16137.576899187483,loss,-0.09060000000000912,6137.5768991875075
2025-05-19 11:15:00+00:00,2025-05-19 14:55:00+00:00,buy,32.5013,32.4007,32.6019,32.6019,1604.1328925633677,161.37576899187482,16298.952668179358,win,0.10060000000000002,6298.952668179382
2025-05-19 18:15:00+00:00,2025-05-19 18:50:00+00:00,buy,32.374300000000005,32.3137,32.43490000000001,32.43490000000001,2689.5961498642264,162.9895266817936,16461.942194861153,win,0.06060000000000798,6461.942194861176
2025-05-20 01:00:00+00:00,2025-05-20 03:35:00+00:00,sell,32.3247,32.359300000000005,32.290099999999995,32.290099999999995,4757.7867615199275,164.61942194861152,16626.561616809766,win,-0.03460000000000463,6626.561616809788
2025-05-20 04:20:00+00:00,2025-05-20 04:35:00+00:00,sell,32.2887,32.3393,32.238099999999996,32.3393,3285.8817424523368,-166.26561616809767,16460.29600064167,loss,0.050600000000002865,6460.29600064169
2025-05-20 05:05:00+00:00,2025-05-20 06:35:00+00:00,sell,32.277699999999996,32.3903,32.16509999999999,32.16509999999999,1461.8380107140817,164.60296000641668,16624.898960648086,win,-0.11260000000000758,6624.898960648106
2025-05-20 07:00:00+00:00,2025-05-20 08:00:00+00:00,sell,32.1637,32.2353,32.092099999999995,32.2353,2321.9132626602286,-166.24898960648088,16458.649971041606,loss,0.07160000000000366,6458.649971041626
2025-05-20 09:25:00+00:00,2025-05-20 09:50:00+00:00,sell,32.1977,32.2603,32.135099999999994,32.135099999999994,2629.1773116678487,164.58649971041606,16623.23647075202,win,-0.06260000000000332,6623.236470752042
2025-05-20 10:00:00+00:00,2025-05-20 10:35:00+00:00,sell,32.1327,32.2293,32.0361,32.2293,1720.8319327900244,-166.23236470752022,16457.0041060445,loss,0.09660000000000224,6457.004106044522
2025-05-20 14:05:00+00:00,2025-05-20 15:30:00+00:00,buy,32.4983,32.4137,32.5829,32.5829,1945.2723529603018,164.570041060445,16621.574147104944,win,0.08460000000000178,6621.574147104967
2025-05-20 15:45:00+00:00,2025-05-20 16:05:00+00:00,buy,32.609300000000005,32.4497,32.76890000000001,32.4497,1041.452014229603,-166.21574147104945,16455.358405633895,loss,-0.15960000000000463,6455.358405633918
2025-05-20 17:00:00+00:00,2025-05-20 17:15:00+00:00,buy,32.6373,32.4267,32.84790000000001,32.84790000000001,781.3560496502082,164.55358405633896,16619.911989690234,win,0.21060000000000656,6619.911989690257
2025-05-20 17:25:00+00:00,2025-05-21 17:25:00+00:00,buy,32.8673,32.500699999999995,33.233900000000006,33.233900000000006,453.35275476513885,166.19911989690235,16786.111109587135,win,0.36660000000000537,6786.111109587159
2025-05-21 17:50:00+00:00,2025-05-21 18:10:00+00:00,buy,33.2593,33.088699999999996,33.42990000000001,33.42990000000001,983.9455515584059,167.86111109587134,16953.972220683005,win,0.1706000000000074,6953.97222068303
2025-05-21 18:20:00+00:00,2025-05-21 20:30:00+00:00,buy,33.466300000000004,33.2437,33.68890000000001,33.2437,761.6339721780085,-169.53972220683005,16784.432498476173,loss,-0.22260000000000701,6784.4324984762
2025-05-21 21:45:00+00:00,2025-05-21 22:05:00+00:00,buy,33.3903,33.329699999999995,33.45090000000001,33.45090000000001,2769.708333081512,167.84432498476173,16952.276823460936,win,0.06060000000000798,6952.276823460961
2025-05-21 22:15:00+00:00,2025-05-22 01:00:00+00:00,buy,33.4863,33.363699999999994,33.608900000000006,33.363699999999994,1382.730572876033,-169.52276823460937,16782.754055226327,loss,-0.1226000000000056,6782.754055226352
2025-05-22 01:55:00+00:00,2025-05-22 06:05:00+00:00,buy,33.4553,33.3397,33.5709,33.5709,1451.7953334970798,167.8275405522633,16950.58159577859,win,0.11560000000000059,6950.581595778615
2025-05-22 06:15:00+00:00,2025-05-22 07:30:00+00:00,buy,33.5803,33.5107,33.6499,33.6499,2435.4283901980307,169.5058159577859,17120.087411736375,win,0.06960000000000122,7120.087411736401
2025-05-22 07:40:00+00:00,2025-05-22 08:35:00+00:00,buy,33.6633,33.5847,33.7419,33.5847,2178.1281694320655,-171.20087411736375,16948.88653761901,loss,-0.07860000000000156,6948.886537619037
2025-05-22 10:25:00+00:00,2025-05-22 11:00:00+00:00,buy,33.5193,33.4437,33.5949,33.4437,2241.9162086797205,-169.48886537619012,16779.39767224282,loss,-0.07560000000000144,6779.397672242847
2025-05-22 14:05:00+00:00,2025-05-22 15:55:00+00:00,sell,32.6967,33.0833,32.3101,33.0833,434.02477165656387,-167.7939767224282,16611.603695520393,loss,0.3866000000000014,6611.603695520419
2025-05-22 16:45:00+00:00,2025-05-22 20:55:00+00:00,sell,32.869699999999995,33.088300000000004,32.651099999999985,33.088300000000004,759.90867774564,-166.11603695520392,16445.487658565187,loss,0.21860000000000923,6445.4876585652155
2025-05-22 22:15:00+00:00,2025-05-22 22:25:00+00:00,sell,33.0777,33.115300000000005,33.040099999999995,33.040099999999995,4373.7999091923175,164.45487658565187,16609.94253515084,win,-0.03760000000000474,6609.942535150867
2025-05-22 22:55:00+00:00,2025-05-23 04:25:00+00:00,sell,33.0167,33.1173,32.9161,33.1173,1651.0877271521708,-166.09942535150842,16443.84310979933,loss,0.10060000000000002,6443.843109799359
2025-05-23 05:30:00+00:00,2025-05-23 06:25:00+00:00,sell,33.0507,33.1283,32.973099999999995,33.1283,2119.051947138983,-164.43843109799332,16279.404678701338,loss,0.07760000000000389,6279.404678701366
2025-05-23 11:05:00+00:00,2025-05-23 11:15:00+00:00,buy,33.2483,33.204699999999995,33.291900000000005,33.204699999999995,3733.8084125457526,-162.79404678701337,16116.610631914324,loss,-0.04360000000000497,6116.610631914353
2025-05-23 17:00:00+00:00,2025-05-23 17:20:00+00:00,sell,33.0237,33.2203,32.827099999999994,33.2203,819.7665631695842,-161.16610631914324,15955.44452559518,loss,0.19660000000000366,5955.44452559521
2025-05-23 17:30:00+00:00,2025-05-23 21:05:00+00:00,buy,33.2543,33.012699999999995,33.495900000000006,33.495900000000006,660.4074720858786,159.5544452559518,16114.998970851131,win,0.24160000000000537,6114.998970851161
2025-05-23 21:25:00+00:00,2025-05-26 01:00:00+00:00,buy,33.5123,33.424699999999994,33.59990000000001,33.424699999999994,1839.6117546631822,-161.14998970851133,15953.84898114262,loss,-0.087600000000009,5953.84898114265
2025-05-26 01:45:00+00:00,2025-05-26 03:10:00+00:00,buy,33.5043,33.3987,33.6099,33.3987,1510.7811535172568,-159.53848981142622,15794.310491331194,loss,-0.10560000000000258,5794.310491331224
2025-05-26 04:25:00+00:00,2025-05-26 04:45:00+00:00,buy,33.4283,33.3377,33.5189,33.5189,1743.3013787340888,157.94310491331194,15952.253596244507,win,0.09060000000000201,5952.253596244535
2025-05-26 05:05:00+00:00,2025-05-26 10:15:00+00:00,buy,33.5313,33.381699999999995,33.68090000000001,33.381699999999995,1066.3271120483823,-159.52253596244506,15792.731060282062,loss,-0.14960000000000662,5792.731060282091
2025-05-26 10:50:00+00:00,2025-05-26 12:20:00+00:00,buy,33.4923,33.3617,33.6229,33.3617,1209.2443384595654,-157.92731060282063,15634.80374967924,loss,-0.13060000000000116,5634.80374967927
2025-05-26 21:00:00+00:00,2025-05-27 02:55:00+00:00,buy,33.4523,33.3857,33.5189,33.3857,2347.5681305824296,-156.3480374967924,15478.455712182447,loss,-0.0666000000000011,5478.455712182478
2025-05-27 03:05:00+00:00,2025-05-27 03:45:00+00:00,buy,33.4213,33.384699999999995,33.45790000000001,33.45790000000001,4229.086260158321,154.78455712182446,15633.240269304271,win,0.03660000000000707,5633.240269304302
2025-05-27 03:55:00+00:00,2025-05-27 04:00:00+00:00,buy,33.481300000000005,33.406699999999994,33.555900000000015,33.406699999999994,2095.6086151879344,-156.33240269304272,15476.90786661123,loss,-0.07460000000001088,5476.907866611259
2025-05-27 07:40:00+00:00,2025-05-27 07:45:00+00:00,sell,33.2917,33.350300000000004,33.23309999999999,33.23309999999999,2641.11055744194,154.7690786661123,15631.67694527734,win,-0.05860000000000554,5631.6769452773715
2025-05-27 08:05:00+00:00,2025-05-27 08:30:00+00:00,sell,33.2277,33.340300000000006,33.11509999999999,33.11509999999999,1388.2483965609492,156.3167694527734,15787.993714730113,win,-0.11260000000000758,5787.993714730145
2025-05-27 09:45:00+00:00,2025-05-27 09:50:00+00:00,sell,33.1977,33.3113,33.08409999999999,33.08409999999999,1389.788179113502,157.87993714730115,15945.873651877415,win,-0.11360000000000525,5945.873651877447
2025-05-27 10:00:00+00:00,2025-05-27 13:55:00+00:00,sell,33.064699999999995,33.277300000000004,32.852099999999986,32.852099999999986,750.0410936912859,159.45873651877415,16105.33238839619,win,-0.212600000000009,6105.332388396221
2025-05-27 14:55:00+00:00,2025-05-27 15:20:00+00:00,sell,32.8497,32.9833,32.7161,32.9833,1205.4889512272482,-161.0533238839619,15944.279064512228,loss,0.13360000000000127,5944.2790645122595
2025-05-27 15:40:00+00:00,2025-05-27 16:05:00+00:00,sell,32.8337,33.0183,32.6491,33.0183,863.7204260298998,-159.44279064512227,15784.836273867106,loss,0.1846000000000032,5784.836273867138
2025-05-27 18:45:00+00:00,2025-05-27 19:10:00+00:00,sell,32.9967,33.1013,32.89209999999999,33.1013,1509.0665653791937,-157.84836273867106,15626.987911128435,loss,0.10460000000000491,5626.987911128466
2025-05-28 03:10:00+00:00,2025-05-28 03:50:00+00:00,buy,33.276300000000006,33.2547,33.29790000000001,33.2547,7234.7166255202455,-156.26987911128435,15470.71803201715,loss,-0.021600000000006503,5470.718032017182
2025-05-28 05:10:00+00:00,2025-05-28 09:00:00+00:00,buy,33.2663,33.198699999999995,33.33390000000001,33.198699999999995,2288.567756215356,-154.70718032017152,15316.01085169698,loss,-0.06760000000000588,5316.01085169701
2025-05-28 10:05:00+00:00,2025-05-28 10:15:00+00:00,buy,33.2363,33.1667,33.3059,33.3059,2200.5762717955045,153.16010851696979,15469.170960213949,win,0.06960000000000122,5469.17096021398
2025-05-28 10:30:00+00:00,2025-05-28 14:15:00+00:00,buy,33.3063,33.1667,33.4459,33.1667,1108.1068023075777,-154.69170960213953,15314.47925061181,loss,-0.1396000000000015,5314.47925061184
2025-05-28 17:35:00+00:00,2025-05-28 19:45:00+00:00,sell,33.0697,33.194300000000005,32.94509999999999,32.94509999999999,1229.0914326332925,153.1447925061181,15467.624043117929,win,-0.12460000000000804,5467.6240431179585
2025-05-28 22:10:00+00:00,2025-05-28 22:25:00+00:00,sell,32.9907,33.0313,32.95009999999999,32.95009999999999,3809.759616531054,154.67624043117928,15622.300283549108,win,-0.040600000000004854,5622.300283549138
2025-05-28 22:40:00+00:00,2025-05-29 02:10:00+00:00,sell,32.9497,33.0163,32.8831,32.8831,2345.6907332655933,156.2230028354911,15778.5232863846,win,-0.0666000000000011,5778.523286384629
2025-05-29 02:20:00+00:00,2025-05-29 02:45:00+00:00,sell,32.8337,32.968300000000006,32.699099999999994,32.699099999999994,1172.2528444564555,157.785232863846,15936.308519248445,win,-0.13460000000000605,5936.308519248475
2025-05-29 04:00:00+00:00,2025-05-29 04:45:00+00:00,sell,32.8797,32.996300000000005,32.763099999999994,32.996300000000005,1366.7503018222737,-159.36308519248445,15776.94543405596,loss,0.11660000000000537,5776.9454340559905
2025-05-29 10:45:00+00:00,2025-05-29 13:30:00+00:00,buy,33.2573,33.1057,33.4089,33.4089,1040.6956091065804,157.76945434055963,15934.71488839652,win,0.15160000000000196,5934.71488839655
2025-05-29 14:30:00+00:00,2025-05-29 16:00:00+00:00,buy,33.426300000000005,33.296699999999994,33.555900000000015,33.296699999999994,1229.5304697835818,-159.34714888396522,15775.367739512554,loss,-0.1296000000000106,5775.367739512585
2025-05-29 18:05:00+00:00,2025-05-29 18:55:00+00:00,buy,33.1633,33.058699999999995,33.267900000000004,33.267900000000004,1508.161351769772,157.75367739512555,15933.12141690768,win,0.10460000000000491,5933.12141690771
2025-05-29 19:05:00+00:00,2025-05-30 04:40:00+00:00,buy,33.270300000000006,33.1697,33.37090000000001,33.1697,1583.8092859748062,-159.3312141690768,15773.790202738603,loss,-0.10060000000000713,5773.7902027386335
2025-05-30 05:05:00+00:00,2025-05-30 05:25:00+00:00,sell,33.1457,33.2263,33.065099999999994,33.065099999999994,1957.045930860772,157.73790202738604,15931.528104765988,win,-0.080600000000004,5931.528104766019
2025-05-30 05:35:00+00:00,2025-05-30 06:45:00+00:00,sell,33.0507,33.145300000000006,32.95609999999999,32.95609999999999,1684.0938799962819,159.31528104765988,16090.843385813649,win,-0.0946000000000069,6090.843385813679
2025-05-30 07:00:00+00:00,2025-05-30 08:30:00+00:00,sell,32.9377,33.054300000000005,32.821099999999994,33.054300000000005,1380.003720910198,-160.90843385813648,15929.934951955513,loss,0.11660000000000537,5929.934951955543
2025-05-30 10:10:00+00:00,2025-05-30 10:20:00+00:00,sell,33.0297,33.1133,32.946099999999994,33.1133,1905.4946114778384,-159.29934951955514,15770.635602435957,loss,0.08360000000000412,5770.6356024359875
2025-05-30 12:15:00+00:00,2025-05-30 13:55:00+00:00,sell,33.128699999999995,33.1833,33.07409999999999,33.07409999999999,2888.3947989805342,157.70635602435956,15928.341958460316,win,-0.05460000000000775,5928.341958460347
2025-05-30 15:00:00+00:00,2025-05-30 15:05:00+00:00,sell,33.0667,33.130300000000005,33.00309999999999,33.00309999999999,2504.4562827764607,159.28341958460317,16087.625378044919,win,-0.0636000000000081,6087.625378044951
2025-05-30 16:10:00+00:00,2025-05-30 16:15:00+00:00,sell,33.1767,33.2933,33.06009999999999,33.06009999999999,1379.7277339660532,160.8762537804492,16248.501631825367,win,-0.11660000000000537,6248.5016318254
2025-05-30 16:45:00+00:00,2025-06-02 10:10:00+00:00,sell,32.9777,33.2753,32.680099999999996,33.2753,545.9845978435893,-162.48501631825368,16086.016615507113,loss,0.29760000000000275,6086.0166155071465
2025-06-02 10:20:00+00:00,2025-06-02 10:25:00+00:00,buy,33.337300000000006,33.156699999999994,33.51790000000002,33.51790000000002,890.6985944355481,160.86016615507114,16246.876781662184,win,0.18060000000001253,6246.876781662218
2025-06-02 10:45:00+00:00,2025-06-02 13:30:00+00:00,buy,33.5193,33.219699999999996,33.818900000000006,33.219699999999996,542.2856068645494,-162.46876781662183,16084.408013845563,loss,-0.2996000000000052,6084.408013845596
2025-06-02 13:55:00+00:00,2025-06-02 14:50:00+00:00,buy,33.2903,33.2147,33.3659,33.2147,2127.567197598579,-160.84408013845564,15923.563933707108,loss,-0.07560000000000144,5923.56393370714
2025-06-02 15:05:00+00:00,2025-06-02 15:30:00+00:00,buy,33.3393,33.207699999999996,33.47090000000001,33.47090000000001,1209.9972594001817,159.2356393370711,16082.79957304418,win,0.13160000000000593,6082.799573044211
2025-06-02 15:40:00+00:00,2025-06-02 16:10:00+00:00,buy,33.5923,33.323699999999995,33.86090000000001,33.86090000000001,598.7639453851004,160.8279957304418,16243.627568774622,win,0.2686000000000064,6243.627568774653
2025-06-02 16:20:00+00:00,2025-06-02 17:10:00+00:00,buy,33.9343,33.616699999999994,34.251900000000006,34.251900000000006,511.449230754859,162.43627568774622,16406.06384446237,win,0.3176000000000059,6406.063844462399
2025-06-02 17:20:00+00:00,2025-06-02 20:20:00+00:00,buy,34.2783,33.979699999999994,34.57690000000001,34.57690000000001,549.4328146169443,164.0606384446237,16570.12448290699,win,0.2986000000000075,6570.124482907023
2025-06-02 21:25:00+00:00,2025-06-02 22:35:00+00:00,buy,34.6013,34.488699999999994,34.71390000000001,34.71390000000001,1471.5918723717473,165.7012448290699,16735.82572773606,win,0.11260000000000758,6735.825727736093
2025-06-02 22:50:00+00:00,2025-06-03 02:30:00+00:00,buy,34.7233,34.6637,34.782900000000005,34.6637,2808.0244509622753,-167.35825727736062,16568.4674704587,loss,-0.059600000000003206,6568.467470458732
2025-06-03 07:05:00+00:00,2025-06-03 07:10:00+00:00,buy,34.0463,33.985699999999994,34.10690000000001,34.10690000000001,2734.0705396792937,165.68467470458702,16734.152145163287,win,0.06060000000000798,6734.15214516332
2025-06-03 07:30:00+00:00,2025-06-03 14:05:00+00:00,buy,34.1533,34.0197,34.2869,34.2869,1252.5562982906533,167.34152145163287,16901.49366661492,win,0.13360000000000127,6901.493666614952
2025-06-03 15:10:00+00:00,2025-06-03 15:15:00+00:00,buy,34.2993,34.232699999999994,34.36590000000001,34.232699999999994,2537.7618118037294,-169.0149366661492,16732.47872994877,loss,-0.06660000000000821,6732.478729948803
2025-06-03 15:25:00+00:00,2025-06-03 16:00:00+00:00,buy,34.304300000000005,34.201699999999995,34.406900000000014,34.406900000000014,1630.8458801118136,167.3247872994877,16899.803517248256,win,0.10260000000000957,6899.803517248291
2025-06-03 16:10:00+00:00,2025-06-03 16:30:00+00:00,buy,34.420300000000005,34.323699999999995,34.516900000000014,34.323699999999995,1749.4620618267725,-168.99803517248256,16730.805482075775,loss,-0.09660000000000935,6730.805482075809
2025-06-03 17:25:00+00:00,2025-06-03 23:05:00+00:00,buy,34.4453,34.2957,34.59490000000001,34.59490000000001,1118.3693504060852,167.30805482075775,16898.113536896533,win,0.14960000000000662,6898.113536896567
2025-06-04 01:20:00+00:00,2025-06-04 08:20:00+00:00,buy,34.536300000000004,34.415699999999994,34.656900000000014,34.415699999999994,1401.1702766911358,-168.98113536896534,16729.132401527568,loss,-0.12060000000001025,6729.132401527601
2025-06-04 11:50:00+00:00,2025-06-04 13:40:00+00:00,buy,34.530300000000004,34.4167,34.64390000000001,34.4167,1472.6348945005982,-167.29132401527568,16561.84107751229,loss,-0.11360000000000525,6561.841077512326
2025-06-04 21:05:00+00:00,2025-06-04 21:10:00+00:00,buy,34.4953,34.4687,34.5219,34.5219,6226.256044177095,165.6184107751229,16727.45948828741,win,0.026600000000001955,6727.459488287449
2025-06-04 21:20:00+00:00,2025-06-04 21:45:00+00:00,buy,34.524300000000004,34.4557,34.59290000000001,34.4557,2438.405173219613,-167.2745948828741,16560.184893404537,loss,-0.06860000000000355,6560.184893404575
2025-06-04 23:30:00+00:00,2025-06-05 01:00:00+00:00,buy,34.4833,34.4417,34.5249,34.4417,3980.813676298926,-165.60184893404536,16394.58304447049,loss,-0.041600000000002524,6394.58304447053
2025-06-05 02:15:00+00:00,2025-06-05 02:20:00+00:00,buy,34.4953,34.469699999999996,34.520900000000005,34.520900000000005,6404.134001745213,163.9458304447049,16558.528874915195,win,0.025600000000004286,6558.528874915235
2025-06-05 03:20:00+00:00,2025-06-05 03:40:00+00:00,buy,34.527300000000004,34.469699999999996,34.58490000000001,34.469699999999996,2874.744596339051,-165.58528874915194,16392.943586166042,loss,-0.05760000000000787,6392.943586166083
2025-06-05 04:05:00+00:00,2025-06-05 07:30:00+00:00,buy,34.545300000000005,34.4437,34.64690000000001,34.4437,1613.4786994257156,-163.92943586166044,16229.014150304381,loss,-0.1016000000000048,6229.014150304422
2025-06-05 08:40:00+00:00,2025-06-05 09:30:00+00:00,buy,34.4763,34.433699999999995,34.51890000000001,34.51890000000001,3809.6277348125827,162.29014150304383,16391.304291807424,win,0.0426000000000073,6391.304291807466
2025-06-05 10:00:00+00:00,2025-06-05 10:15:00+00:00,buy,34.523300000000006,34.466699999999996,34.579900000000016,34.579900000000016,2895.9901575626272,163.91304291807424,16555.217334725497,win,0.0566000000000102,6555.21733472554
2025-06-05 10:30:00+00:00,2025-06-05 11:30:00+00:00,buy,34.5923,34.4627,34.721900000000005,34.721900000000005,1277.4087449633528,165.55217334725498,16720.769508072754,win,0.1296000000000035,6720.769508072795
2025-06-05 11:40:00+00:00,2025-06-05 11:55:00+00:00,buy,34.7233,34.6187,34.82790000000001,34.82790000000001,1598.543930026001,167.20769508072755,16887.97720315348,win,0.10460000000000491,6887.977203153523
2025-06-05 12:05:00+00:00,2025-06-05 12:10:00+00:00,buy,34.8543,34.704699999999995,35.00390000000001,35.00390000000001,1128.875481494167,168.87977203153486,17056.856975185015,win,0.14960000000000662,7056.856975185058
2025-06-05 12:20:00+00:00,2025-06-05 12:25:00+00:00,buy,35.1803,34.7647,35.59590000000001,35.59590000000001,410.4152303942449,170.56856975185016,17227.425544936865,win,0.41560000000000485,7227.425544936908
2025-06-05 13:40:00+00:00,2025-06-05 14:05:00+00:00,buy,35.706300000000006,35.533699999999996,35.878900000000016,35.878900000000016,998.1127198688228,172.27425544936864,17399.69980038623,win,0.17260000000000986,7399.699800386277
2025-06-05 14:15:00+00:00,2025-06-05 16:00:00+00:00,buy,35.923300000000005,35.640699999999995,36.205900000000014,35.640699999999995,615.7006298791812,-173.99699800386233,17225.70280238237,loss,-0.2826000000000093,7225.702802382415
2025-06-05 17:40:00+00:00,2025-06-05 18:15:00+00:00,buy,35.963300000000004,35.6337,36.29290000000001,35.6337,522.6244782276104,-172.25702802382372,17053.445774358544,loss,-0.32960000000000633,7053.445774358592
2025-06-05 19:30:00+00:00,2025-06-06 01:20:00+00:00,buy,35.5093,35.308699999999995,35.70990000000001,35.70990000000001,850.1219229490438,170.53445774358545,17223.98023210213,win,0.20060000000000855,7223.980232102177
2025-06-06 01:30:00+00:00,2025-06-06 04:25:00+00:00,buy,35.710300000000004,35.533699999999996,35.88690000000001,35.88690000000001,975.3103189185382,172.2398023210213,17396.220034423153,win,0.17660000000000764,7396.220034423199
2025-06-06 05:45:00+00:00,2025-06-06 05:50:00+00:00,buy,35.9213,35.866699999999994,35.97590000000001,35.97590000000001,3186.120885425034,173.96220034423155,17570.182234767384,win,0.05460000000000775,7570.182234767431
2025-06-06 06:55:00+00:00,2025-06-06 11:40:00+00:00,buy,36.0553,35.866699999999994,36.24390000000001,36.24390000000001,931.6109350353462,175.70182234767384,17745.884057115058,win,0.1886000000000081,7745.884057115104
2025-06-06 13:00:00+00:00,2025-06-06 13:55:00+00:00,buy,36.1023,35.982699999999994,36.221900000000005,36.221900000000005,1483.7695699928297,177.45884057115057,17923.34289768621,win,0.11960000000000548,7923.342897686254
2025-06-06 15:10:00+00:00,2025-06-06 15:15:00+00:00,buy,36.151300000000006,36.079699999999995,36.22290000000002,36.079699999999995,2503.2601812407142,-179.2334289768621,17744.109468709346,loss,-0.07160000000001077,7744.109468709392
2025-06-06 15:30:00+00:00,2025-06-06 15:40:00+00:00,buy,36.1983,36.0687,36.32790000000001,36.0687,1369.1442491287708,-177.44109468709348,17566.668374022254,loss,-0.1296000000000035,7566.668374022298
2025-06-06 15:50:00+00:00,2025-06-06 17:00:00+00:00,buy,36.2813,36.0207,36.541900000000005,36.0207,674.0855093638528,-175.66668374022254,17391.00169028203,loss,-0.2606000000000037,7391.001690282075
2025-06-06 18:35:00+00:00,2025-06-09 10:00:00+00:00,buy,36.0523,35.8227,36.28190000000001,36.28190000000001,757.4478088101769,173.91001690282033,17564.911707184852,win,0.2296000000000049,7564.911707184896
2025-06-09 10:10:00+00:00,2025-06-09 12:20:00+00:00,buy,36.3183,36.1367,36.499900000000004,36.1367,967.2308208802067,-175.64911707184854,17389.262590113005,loss,-0.1816000000000031,7389.262590113048
2025-06-09 14:40:00+00:00,2025-06-09 15:00:00+00:00,buy,36.295300000000005,36.2407,36.34990000000001,36.34990000000001,3184.846628225373,173.89262590113006,17563.155216014136,win,0.05460000000000775,7563.155216014178
2025-06-09 15:10:00+00:00,2025-06-09 15:35:00+00:00,buy,36.380300000000005,36.2637,36.49690000000001,36.2637,1506.2740322481413,-175.63155216014135,17387.523663853994,loss,-0.11660000000000537,7387.523663854037
2025-06-09 16:25:00+00:00,2025-06-09 17:10:00+00:00,buy,36.3873,36.259699999999995,36.51490000000001,36.51490000000001,1362.6585943458374,173.87523663853997,17561.398900492535,win,0.12760000000000815,7561.398900492577
2025-06-09 17:20:00+00:00,2025-06-09 21:05:00+00:00,buy,36.5683,36.3927,36.743900000000004,36.743900000000004,1000.079664037144,175.61398900492534,17737.012889497462,win,0.17560000000000286,7737.012889497502
2025-06-09 21:15:00+00:00,2025-06-09 21:20:00+00:00,buy,36.7503,36.7067,36.79390000000001,36.79390000000001,4068.1222223613395,177.3701288949746,17914.383018392436,win,0.04360000000000497,7914.3830183924765
2025-06-09 21:30:00+00:00,2025-06-09 22:25:00+00:00,buy,36.8083,36.7177,36.898900000000005,36.7177,1977.3049689174436,-179.14383018392436,17735.239188208514,loss,-0.09060000000000201,7735.239188208552
2025-06-09 23:40:00+00:00,2025-06-10 01:50:00+00:00,buy,36.746300000000005,36.7067,36.78590000000001,36.78590000000001,4478.595754597297,177.35239188208513,17912.5915800906,win,0.039600000000007185,7912.591580090637
2025-06-10 02:00:00+00:00,2025-06-10 03:25:00+00:00,buy,36.7903,36.729699999999994,36.85090000000001,36.729699999999994,2955.873198034363,-179.125915800906,17733.465664289695,loss,-0.06060000000000798,7733.465664289731
2025-06-10 05:15:00+00:00,2025-06-10 08:10:00+00:00,buy,36.457300000000004,36.2957,36.61890000000001,36.61890000000001,1097.367924770354,177.33465664289696,17910.80032093259,win,0.16160000000000707,7910.800320932628
2025-06-10 12:05:00+00:00,2025-06-10 12:10:00+00:00,buy,36.5353,36.482699999999994,36.587900000000005,36.587900000000005,3405.0951180476777,179.10800320932591,18089.908324141918,win,0.05260000000000531,8089.908324141954
2025-06-10 12:20:00+00:00,2025-06-10 13:25:00+00:00,buy,36.590300000000006,36.4967,36.683900000000015,36.683900000000015,1932.6825132628348,180.8990832414192,18270.807407383338,win,0.09360000000000923,8270.807407383372
2025-06-10 13:35:00+00:00,2025-06-10 15:40:00+00:00,buy,36.707300000000004,36.561699999999995,36.85290000000001,36.561699999999995,1254.8631461114169,-182.7080740738334,18088.099333309503,loss,-0.14560000000000883,8088.099333309538
2025-06-11 02:05:00+00:00,2025-06-11 02:20:00+00:00,buy,36.5653,36.534699999999994,36.59590000000001,36.534699999999994,5911.1435729756395,-180.88099333309503,17907.218339976407,loss,-0.030600000000006844,7907.2183399764435
2025-06-11 03:10:00+00:00,2025-06-11 08:50:00+00:00,buy,36.581300000000006,36.4927,36.66990000000001,36.4927,2021.130738146169,-179.07218339976407,17728.146156576644,loss,-0.08860000000000667,7728.1461565766795
2025-06-11 10:00:00+00:00,2025-06-11 12:00:00+00:00,buy,36.5793,36.408699999999996,36.74990000000001,36.408699999999996,1039.1644874897934,-177.28146156576645,17550.864695010878,loss,-0.1706000000000074,7550.864695010913
2025-06-11 12:10:00+00:00,2025-06-11 15:35:00+00:00,sell,36.2987,36.533300000000004,36.06409999999999,36.533300000000004,748.1186997020596,-175.50864695010878,17375.35604806077,loss,0.23460000000000747,7375.356048060805
2025-06-11 16:50:00+00:00,2025-06-12 08:20:00+00:00,sell,36.1607,36.396300000000004,35.92509999999999,36.396300000000004,737.4938899855854,-173.75356048060772,17201.602487580163,loss,0.23560000000000514,7201.602487580197
2025-06-12 10:10:00+00:00,2025-06-12 10:15:00+00:00,sell,36.2157,36.3153,36.116099999999996,36.116099999999996,1727.0685228493733,172.01602487580163,17373.618512455963,win,-0.09960000000000235,7373.618512455999
2025-06-12 10:25:00+00:00,2025-06-12 10:30:00+00:00,sell,36.100699999999996,36.307300000000005,35.89409999999999,35.89409999999999,840.9302280956063,173.73618512455963,17547.354697580522,win,-0.20660000000000878,7547.354697580558
2025-06-12 10:40:00+00:00,2025-06-12 13:50:00+00:00,sell,35.7947,36.2293,35.360099999999996,36.2293,403.7587367137688,-175.47354697580522,17371.881150604717,loss,0.4346000000000032,7371.881150604753
2025-06-12 16:15:00+00:00,2025-06-12 16:40:00+00:00,sell,36.1117,36.3023,35.921099999999996,36.3023,911.4313300422037,-173.71881150604716,17198.162339098668,loss,0.19060000000000343,7198.162339098706
2025-06-12 23:05:00+00:00,2025-06-13 01:00:00+00:00,buy,36.3523,36.290699999999994,36.413900000000005,36.290699999999994,2791.9094706326446,-171.98162339098667,17026.18071570768,loss,-0.06160000000000565,7026.180715707719
2025-06-13 02:40:00+00:00,2025-06-13 02:55:00+00:00,buy,36.3333,36.2957,36.370900000000006,36.370900000000006,4528.239552049345,170.26180715707682,17196.442522864756,win,0.03760000000000474,7196.442522864796
2025-06-13 04:40:00+00:00,2025-06-13 10:05:00+00:00,buy,36.3843,35.9657,36.80290000000001,35.9657,410.80846925142265,-171.96442522864757,17024.478097636107,loss,-0.41860000000000497,7024.478097636148
2025-06-13 12:05:00+00:00,2025-06-13 12:35:00+00:00,buy,36.350300000000004,36.2577,36.44290000000001,36.44290000000001,1838.4965548202256,170.24478097636108,17194.72287861247,win,0.09260000000000446,7194.722878612509
2025-06-13 14:05:00+00:00,2025-06-13 15:05:00+00:00,sell,36.1187,36.261300000000006,35.97609999999999,36.261300000000006,1205.801043380885,-171.9472287861247,17022.775649826344,loss,0.14260000000000872,7022.775649826384
2025-06-13 16:05:00+00:00,2025-06-13 16:20:00+00:00,sell,36.1547,36.2633,36.046099999999996,36.2633,1567.4747375530317,-170.22775649826346,16852.54789332808,loss,0.1086000000000027,6852.547893328121
2025-06-13 17:00:00+00:00,2025-06-13 19:30:00+00:00,sell,36.1187,36.2913,35.946099999999994,36.2913,976.3932730780887,-168.5254789332808,16684.0224143948,loss,0.17260000000000275,6684.02241439484
2025-06-13 23:10:00+00:00,2025-06-16 01:05:00+00:00,buy,36.2873,36.2187,36.355900000000005,36.355900000000005,2432.073238249845,166.84022414394798,16850.862638538747,win,0.06860000000000355,6850.862638538788
2025-06-16 02:10:00+00:00,2025-06-17 13:00:00+00:00,buy,36.313300000000005,36.052699999999994,36.573900000000016,36.573900000000016,646.6179063138161,168.50862638538746,17019.371264924135,win,0.2606000000000108,7019.371264924175
2025-06-17 13:10:00+00:00,2025-06-17 13:15:00+00:00,buy,36.5773,36.469699999999996,36.684900000000006,36.684900000000006,1581.725953989158,170.19371264924135,17189.564977573376,win,0.10760000000000502,7189.564977573416
2025-06-17 13:25:00+00:00,2025-06-17 14:05:00+00:00,buy,36.8513,36.536699999999996,37.16590000000001,37.16590000000001,546.3943095223478,171.89564977573377,17361.46062734911,win,0.31460000000000576,7361.46062734915
2025-06-17 14:15:00+00:00,2025-06-17 14:50:00+00:00,buy,37.185300000000005,36.9447,37.42590000000001,36.9447,721.5902172630323,-173.61460627349112,17187.84602107562,loss,-0.2406000000000077,7187.846021075658
2025-06-17 16:05:00+00:00,2025-06-17 16:55:00+00:00,buy,36.9223,36.7607,37.0839,37.0839,1063.604332987353,171.8784602107562,17359.724481286376,win,0.16159999999999997,7359.724481286415
2025-06-17 17:05:00+00:00,2025-06-17 17:30:00+00:00,buy,37.1143,36.921699999999994,37.306900000000006,36.921699999999994,901.3356428497324,-173.59724481286375,17186.127236473512,loss,-0.19260000000000588,7186.1272364735505
2025-06-17 18:05:00+00:00,2025-06-18 17:10:00+00:00,buy,37.1653,36.8807,37.44990000000001,36.8807,603.8695445001136,-171.86127236473513,17014.265964108778,loss,-0.2846000000000046,7014.265964108816
2025-06-18 20:15:00+00:00,2025-06-18 20:20:00+00:00,sell,36.884699999999995,36.9163,36.85309999999999,36.85309999999999,5384.261381046313,170.1426596410878,17184.408623749867,win,-0.03160000000000451,7184.408623749903
2025-06-18 20:30:00+00:00,2025-06-18 21:00:00+00:00,sell,36.844699999999996,36.914300000000004,36.77509999999999,36.914300000000004,2469.0242275499727,-171.84408623749866,17012.564537512368,loss,0.06960000000000832,7012.564537512405
2025-06-18 21:45:00+00:00,2025-06-18 22:00:00+00:00,sell,36.8077,36.9803,36.635099999999994,36.635099999999994,985.6642258118247,170.12564537512367,17182.69018288749,win,-0.17260000000000275,7182.690182887529
2025-06-18 22:25:00+00:00,2025-06-19 09:25:00+00:00,sell,36.6277,36.9303,36.32509999999999,36.32509999999999,567.8351018799468,171.82690182887492,17354.517084716364,win,-0.3026000000000053,7354.517084716404
2025-06-19 09:40:00+00:00,2025-06-20 05:30:00+00:00,sell,36.2347,36.560300000000005,35.90909999999999,35.90909999999999,533.0011389654763,173.54517084716366,17528.062255563527,win,-0.32560000000000855,7528.062255563567
2025-06-20 05:40:00+00:00,2025-06-23 17:25:00+00:00,sell,35.8717,36.2873,35.45609999999999,36.2873,421.753182280157,-175.2806225556353,17352.781633007893,loss,0.41560000000000485,7352.781633007932
2025-06-23 18:05:00+00:00,2025-06-23 23:50:00+00:00,buy,36.2973,36.1327,36.4619,36.1327,1054.2394673759347,-173.52781633007893,17179.253816677814,loss,-0.16460000000000008,7179.253816677853
2025-06-24 04:40:00+00:00,2025-06-24 05:55:00+00:00,sell,35.9717,36.0963,35.8471,36.0963,1378.7523127349668,-171.79253816677814,17007.461278511037,loss,0.12460000000000093,7007.461278511075
2025-06-24 08:10:00+00:00,2025-06-24 08:15:00+00:00,sell,36.1327,36.164300000000004,36.101099999999995,36.101099999999995,5382.10799952804,170.07461278511036,17177.535891296146,win,-0.03160000000000451,7177.535891296186
2025-06-24 08:35:00+00:00,2025-06-24 08:50:00+00:00,sell,36.0757,36.1783,35.973099999999995,35.973099999999995,1674.2237710814554,171.77535891296145,17349.311250209106,win,-0.10260000000000247,7349.311250209147
2025-06-24 09:05:00+00:00,2025-06-24 11:00:00+00:00,sell,35.963699999999996,36.1283,35.79909999999999,36.1283,1054.0286300248085,-173.49311250209107,17175.818137707014,loss,0.16460000000000719,7175.818137707056
2025-06-24 12:05:00+00:00,2025-06-24 12:20:00+00:00,sell,36.0747,36.1343,36.0151,36.1343,2881.8486808231696,-171.75818137707014,17004.059956329944,loss,0.059600000000003206,7004.059956329986
2025-06-24 12:55:00+00:00,2025-06-24 13:10:00+00:00,sell,36.0477,36.1433,35.952099999999994,36.1433,1778.667359448654,-170.04059956329945,16834.019356766643,loss,0.09560000000000457,6834.0193567666865
2025-06-24 15:15:00+00:00,2025-06-24 15:25:00+00:00,sell,36.061699999999995,36.158300000000004,35.965099999999985,35.965099999999985,1742.6521073255708,168.34019356766643,17002.35955033431,win,-0.09660000000000935,7002.359550334353
2025-06-24 15:35:00+00:00,2025-06-24 16:35:00+00:00,sell,35.857699999999994,36.1403,35.575099999999985,35.575099999999985,601.64046533382,170.0235955033431,17172.38314583765,win,-0.2826000000000093,7172.383145837696
2025-06-24 16:45:00+00:00,2025-06-25 01:45:00+00:00,sell,35.552699999999994,35.9433,35.16209999999999,35.9433,439.6411455667531,-171.7238314583765,17000.659314379274,loss,0.3906000000000063,7000.65931437932
2025-06-25 09:40:00+00:00,2025-06-25 10:00:00+00:00,buy,36.005300000000005,35.9677,36.04290000000001,36.04290000000001,4521.451945313067,170.00659314379274,17170.665907523067,win,0.03760000000000474,7170.665907523113
2025-06-25 12:05:00+00:00,2025-06-25 12:10:00+00:00,sell,35.8597,35.938300000000005,35.78109999999999,35.78109999999999,2184.5630925599457,171.70665907523065,17342.372566598297,win,-0.07860000000000866,7342.372566598344
2025-06-25 12:45:00+00:00,2025-06-25 17:05:00+00:00,sell,35.716699999999996,35.926300000000005,35.50709999999999,35.926300000000005,827.4032713071356,-173.42372566598297,17168.948840932313,loss,0.2096000000000089,7168.948840932361
2025-06-25 19:05:00+00:00,2025-06-25 19:30:00+00:00,buy,36.0313,35.9467,36.1159,36.1159,2029.426576942311,171.68948840932313,17340.638329341637,win,0.08460000000000178,7340.638329341685
2025-06-25 19:40:00+00:00,2025-06-25 22:15:00+00:00,buy,36.1343,36.0027,36.26590000000001,36.26590000000001,1317.677684600369,173.40638329341638,17514.044712635052,win,0.13160000000000593,7514.044712635101
2025-06-25 22:25:00+00:00,2025-06-26 01:00:00+00:00,buy,36.273300000000006,36.2217,36.324900000000014,36.2217,3394.1947117504765,-175.14044712635052,17338.9042655087,loss,-0.05160000000000764,7338.9042655087505
2025-06-26 01:30:00+00:00,2025-06-26 11:15:00+00:00,buy,36.274300000000004,36.1427,36.40590000000001,36.40590000000001,1317.5459168319087,173.389042655087,17512.293308163786,win,0.13160000000000593,7512.2933081638375
2025-06-26 11:45:00+00:00,2025-06-26 11:50:00+00:00,buy,36.4103,36.345699999999994,36.474900000000005,36.474900000000005,2710.8813170529756,175.12293308163785,17687.416241245424,win,0.06460000000000576,7687.416241245475
2025-06-26 12:00:00+00:00,2025-06-26 16:00:00+00:00,buy,36.7783,36.350699999999996,37.20590000000001,36.350699999999996,413.64397196550993,-176.87416241245424,17510.54207883297,loss,-0.4276000000000053,7510.542078833021
2025-06-26 17:15:00+00:00,2025-06-26 20:20:00+00:00,buy,36.5523,36.411699999999996,36.69290000000001,36.69290000000001,1245.415510585504,175.1054207883297,17685.647499621296,win,0.14060000000000628,7685.647499621351
2025-06-26 22:25:00+00:00,2025-06-27 01:00:00+00:00,buy,36.652300000000004,36.6147,36.68990000000001,36.6147,4703.629654154007,-176.85647499621297,17508.791024625083,loss,-0.03760000000000474,7508.791024625138
2025-06-27 01:25:00+00:00,2025-06-27 02:55:00+00:00,buy,36.6683,36.6027,36.733900000000006,36.6027,2669.023022046367,-175.08791024625083,17333.703114378834,loss,-0.06560000000000343,7333.703114378887
2025-06-27 03:05:00+00:00,2025-06-27 03:35:00+00:00,buy,36.6503,36.5997,36.700900000000004,36.5997,3425.633026556888,-173.33703114378835,17160.366083235047,loss,-0.050600000000002865,7160.366083235099
2025-06-27 04:50:00+00:00,2025-06-27 06:00:00+00:00,buy,36.6113,36.518699999999995,36.703900000000004,36.703900000000004,1853.171283286633,171.60366083235047,17331.9697440674,win,0.09260000000000446,7331.969744067449
2025-06-27 10:05:00+00:00,2025-06-27 10:20:00+00:00,sell,36.418699999999994,36.529300000000006,36.30809999999998,36.30809999999998,1567.0858719769874,173.319697440674,17505.289441508074,win,-0.11060000000001224,7505.289441508123
2025-06-27 10:35:00+00:00,2025-06-27 12:15:00+00:00,sell,36.189699999999995,36.468300000000006,35.91109999999998,35.91109999999998,628.3305614324247,175.05289441508074,17680.342335923153,win,-0.2786000000000115,7680.342335923204
2025-06-27 14:35:00+00:00,2025-06-27 14:55:00+00:00,sell,35.9567,36.0153,35.89809999999999,36.0153,3017.123265515612,-176.80342335923154,17503.538912563923,loss,0.05860000000000554,7503.538912563972
2025-06-27 15:15:00+00:00,2025-06-27 15:30:00+00:00,sell,35.8987,36.039300000000004,35.75809999999999,36.039300000000004,1244.9174191012191,-175.03538912563923,17328.503523438285,loss,0.14060000000000628,7328.503523438333
2025-06-27 15:45:00+00:00,2025-06-27 17:05:00+00:00,sell,35.8837,36.0833,35.684099999999994,36.0833,868.1614991702384,-173.28503523438286,17155.218488203904,loss,0.19960000000000377,7155.21848820395
2025-06-27 20:40:00+00:00,2025-06-27 20:55:00+00:00,sell,36.1297,36.1663,36.0931,36.0931,4687.218166175934,171.55218488203903,17326.770673085943,win,-0.036599999999999966,7326.770673085989
2025-06-27 21:05:00+00:00,2025-06-27 21:35:00+00:00,sell,36.0697,36.1533,35.98609999999999,35.98609999999999,2072.5802240532403,173.26770673085943,17500.0383798168,win,-0.08360000000000412,7500.038379816849
2025-06-27 21:45:00+00:00,2025-06-27 23:00:00+00:00,sell,35.978699999999996,36.0833,35.87409999999999,35.87409999999999,1673.0438221621393,175.000383798168,17675.038763614968,win,-0.10460000000000491,7675.038763615016
2025-06-30 01:20:00+00:00,2025-06-30 01:25:00+00:00,sell,35.906699999999994,36.0733,35.740099999999984,35.740099999999984,1060.926696495435,176.75038763614967,17851.789151251116,win,-0.16660000000000963,7851.789151251166
2025-06-30 02:40:00+00:00,2025-06-30 03:25:00+00:00,sell,35.789699999999996,35.865300000000005,35.71409999999999,35.865300000000005,2361.347771329246,-178.51789151251117,17673.271259738605,loss,0.07560000000000855,7673.271259738654
2025-06-30 03:40:00+00:00,2025-06-30 03:55:00+00:00,sell,35.747699999999995,35.8693,35.62609999999999,35.8693,1453.3940180705144,-176.73271259738607,17496.53854714122,loss,0.12160000000000792,7496.538547141268
2025-06-30 14:05:00+00:00,2025-06-30 14:10:00+00:00,sell,36.0017,36.081300000000006,35.92209999999999,35.92209999999999,2198.0576064246015,174.9653854714122,17671.50393261263,win,-0.07960000000000633,7671.503932612681
2025-06-30 14:20:00+00:00,2025-06-30 16:05:00+00:00,sell,35.9167,36.057300000000005,35.77609999999999,36.057300000000005,1256.8637220918806,-176.71503932612632,17494.788893286506,loss,0.14060000000000628,7494.788893286554
2025-06-30 16:15:00+00:00,2025-06-30 22:15:00+00:00,sell,35.966699999999996,36.0703,35.86309999999999,36.0703,1688.6861866105485,-174.94788893286506,17319.841004353642,loss,0.10360000000000724,7319.84100435369
2025-07-01 02:10:00+00:00,2025-07-01 04:00:00+00:00,buy,36.1203,36.0807,36.1599,36.1599,4373.697223321618,173.19841004353643,17493.03941439718,win,0.03960000000000008,7493.039414397226
2025-07-01 05:05:00+00:00,2025-07-01 07:10:00+00:00,sell,35.9037,36.082300000000004,35.7251,36.082300000000004,979.4534946470822,-174.9303941439718,17318.109020253207,loss,0.17860000000000298,7318.109020253254
2025-07-01 08:05:00+00:00,2025-07-01 08:30:00+00:00,buy,36.1713,36.1447,36.197900000000004,36.1447,6510.567300846591,-173.18109020253206,17144.927930050675,loss,-0.026600000000001955,7144.927930050722
2025-07-01 09:35:00+00:00,2025-07-01 10:00:00+00:00,buy,36.182300000000005,36.0747,36.28990000000001,36.28990000000001,1593.3947890380925,171.44927930050676,17316.377209351183,win,0.10760000000000502,7316.377209351229
2025-07-01 10:10:00+00:00,2025-07-01 10:35:00+00:00,buy,36.3543,36.1767,36.53190000000001,36.1767,975.0212392652402,-173.16377209351182,17143.213437257673,loss,-0.1776000000000053,7143.2134372577175
2025-07-01 12:15:00+00:00,2025-07-01 12:30:00+00:00,buy,36.3663,36.2497,36.48290000000001,36.48290000000001,1470.258442303335,171.43213437257674,17314.645571630248,win,0.11660000000000537,7314.645571630294
2025-07-01 12:40:00+00:00,2025-07-01 15:30:00+00:00,buy,36.5063,36.3257,36.68690000000001,36.3257,958.7289906771721,-173.14645571630248,17141.499115913946,loss,-0.18060000000000542,7141.499115913992
2025-07-01 16:45:00+00:00,2025-07-01 18:10:00+00:00,buy,36.3153,36.180699999999995,36.44990000000001,36.180699999999995,1273.5140502164322,-171.41499115913948,16970.084124754805,loss,-0.13460000000000605,6970.084124754852
2025-07-01 23:05:00+00:00,2025-07-02 02:35:00+00:00,sell,35.9937,36.0773,35.91009999999999,36.0773,2029.9143689897094,-169.70084124754806,16800.383283507257,loss,0.08360000000000412,6800.383283507304
2025-07-02 03:00:00+00:00,2025-07-02 03:05:00+00:00,sell,36.049699999999994,36.081300000000006,36.01809999999998,36.081300000000006,5316.5769884497095,-168.0038328350726,16632.379450672186,loss,0.03160000000001162,6632.3794506722315
2025-07-02 05:00:00+00:00,2025-07-02 05:50:00+00:00,sell,36.042699999999996,36.1563,35.92909999999999,36.1563,1464.1179093900896,-166.32379450672187,16466.055656165463,loss,0.11360000000000525,6466.055656165509
2025-07-02 06:35:00+00:00,2025-07-02 06:45:00+00:00,sell,36.0597,36.1753,35.9441,35.9441,1424.3992782149983,164.66055656165463,16630.71621272712,win,-0.11560000000000059,6630.716212727164
2025-07-02 09:15:00+00:00,2025-07-02 09:55:00+00:00,sell,36.0597,36.146300000000004,35.973099999999995,35.973099999999995,1920.4060291831763,166.3071621272712,16797.02337485439,win,-0.08660000000000423,6797.023374854435
2025-07-02 10:05:00+00:00,2025-07-02 10:45:00+00:00,sell,35.9527,36.072300000000006,35.833099999999995,36.072300000000006,1404.4333925462893,-167.9702337485439,16629.053141105847,loss,0.11960000000000548,6629.053141105891
2025-07-02 13:40:00+00:00,2025-07-02 13:55:00+00:00,buy,36.2423,36.1857,36.2989,36.2989,2937.9952546121804,166.29053141105848,16795.343672516905,win,0.05660000000000309,6795.3436725169495
2025-07-02 14:05:00+00:00,2025-07-02 14:55:00+00:00,buy,36.3273,36.2217,36.432900000000004,36.2217,1590.4681508064862,-167.95343672516904,16627.390235791736,loss,-0.10560000000000258,6627.3902357917805
2025-07-02 15:25:00+00:00,2025-07-02 15:55:00+00:00,buy,36.3233,36.210699999999996,36.43590000000001,36.210699999999996,1476.6776408339801,-166.27390235791736,16461.11633343382,loss,-0.11260000000000758,6461.1163334338635
2025-07-02 17:20:00+00:00,2025-07-02 18:30:00+00:00,buy,36.343300000000006,36.229699999999994,36.45690000000002,36.45690000000002,1449.0419307598618,164.61116333433822,16625.72749676816,win,0.11360000000001236,6625.7274967682015
2025-07-02 18:45:00+00:00,2025-07-02 21:30:00+00:00,buy,36.4613,36.396699999999996,36.52590000000001,36.52590000000001,2573.6420273632625,166.25727496768158,16791.98477173584,win,0.06460000000000576,6791.984771735883
2025-07-02 22:00:00+00:00,2025-07-02 22:20:00+00:00,buy,36.526300000000006,36.4907,36.561900000000016,36.561900000000016,4716.849654980731,167.91984771735838,16959.9046194532,win,0.0356000000000094,6959.904619453242
2025-07-02 22:40:00+00:00,2025-07-03 01:00:00+00:00,buy,36.5643,36.5167,36.611900000000006,36.5167,3563.005172153827,-169.59904619453198,16790.305573258665,loss,-0.04760000000000275,6790.30557325871
2025-07-03 01:10:00+00:00,2025-07-03 02:25:00+00:00,buy,36.560300000000005,36.5147,36.60590000000001,36.5147,3682.0845555385827,-167.90305573258667,16622.40251752608,loss,-0.04560000000000741,6622.402517526123
2025-07-03 04:10:00+00:00,2025-07-03 05:25:00+00:00,buy,36.4073,36.347699999999996,36.4669,36.347699999999996,2788.993710994159,-166.2240251752608,16456.17849235082,loss,-0.059600000000003206,6456.178492350862
2025-07-03 05:45:00+00:00,2025-07-03 06:50:00+00:00,buy,36.4123,36.3407,36.483900000000006,36.3407,2298.3489514455277,-164.5617849235082,16291.616707427313,loss,-0.07160000000000366,6291.6167074273535
2025-07-03 07:05:00+00:00,2025-07-03 08:30:00+00:00,buy,36.402300000000004,36.3317,36.47290000000001,36.47290000000001,2307.5944344795935,162.91616707427312,16454.532874501587,win,0.07060000000000599,6454.532874501627
2025-07-03 08:40:00+00:00,2025-07-03 08:50:00+00:00,buy,36.536300000000004,36.384699999999995,36.68790000000001,36.68790000000001,1085.3913505607259,164.54532874501587,16619.0782032466,win,0.15160000000000906,6619.078203246642
2025-07-03 09:00:00+00:00,2025-07-03 11:00:00+00:00,buy,36.7023,36.430699999999995,36.97390000000001,36.97390000000001,611.895368308034,166.19078203246602,16785.268985279068,win,0.2716000000000065,6785.268985279108
2025-07-03 11:30:00+00:00,2025-07-03 12:35:00+00:00,buy,37.002300000000005,36.887699999999995,37.116900000000015,36.887699999999995,1464.6831575285864,-167.8526898527907,16617.41629542628,loss,-0.11460000000001003,6617.416295426317
2025-07-03 13:50:00+00:00,2025-07-03 15:15:00+00:00,buy,36.8843,36.793699999999994,36.97490000000001,36.793699999999994,1834.1519089872634,-166.17416295426278,16451.242132472016,loss,-0.09060000000000912,6451.242132472054
2025-07-03 16:05:00+00:00,2025-07-03 16:40:00+00:00,buy,36.6383,36.3777,36.898900000000005,36.898900000000005,631.2832744616954,164.51242132472018,16615.754553796738,win,0.2606000000000037,6615.754553796774
2025-07-03 18:20:00+00:00,2025-07-03 19:40:00+00:00,buy,36.7513,36.671699999999994,36.83090000000001,36.83090000000001,2087.4063509793236,166.15754553796737,16781.912099334706,win,0.07960000000000633,6781.9120993347415
2025-07-03 19:50:00+00:00,2025-07-04 03:05:00+00:00,buy,36.834300000000006,36.7517,36.91690000000001,36.7517,2031.7084866021062,-167.81912099334707,16614.09297834136,loss,-0.08260000000000645,6614.092978341394
2025-07-04 04:05:00+00:00,2025-07-04 04:10:00+00:00,buy,36.7333,36.7067,36.7599,36.7599,6245.899615917346,166.1409297834136,16780.233908124774,win,0.026600000000001955,6780.233908124807
2025-07-04 04:20:00+00:00,2025-07-04 05:15:00+00:00,buy,36.771300000000004,36.6937,36.84890000000001,36.6937,2162.4012768200946,-167.80233908124774,16612.431569043525,loss,-0.07760000000000389,6612.43156904356
2025-07-04 06:35:00+00:00,2025-07-04 06:40:00+00:00,buy,36.725300000000004,36.6757,36.77490000000001,36.77490000000001,3349.2805582745536,166.12431569043525,16778.55588473396,win,0.049600000000005195,6778.555884733995
2025-07-04 06:50:00+00:00,2025-07-04 15:10:00+00:00,buy,36.7823,36.640699999999995,36.9239,36.9239,1184.9262630461508,167.78555884733962,16946.3414435813,win,0.14160000000000394,6946.341443581335
2025-07-04 16:05:00+00:00,2025-07-04 17:10:00+00:00,buy,36.926300000000005,36.8367,37.01590000000001,36.8367,1891.332750399607,-169.463414435813,16776.878029145486,loss,-0.08960000000000434,6776.878029145521
2025-07-04 18:35:00+00:00,2025-07-04 19:20:00+00:00,buy,36.8813,36.844699999999996,36.91790000000001,36.91790000000001,4583.846456049794,167.76878029145487,16944.64680943694,win,0.03660000000000707,6944.646809436977
2025-07-04 19:40:00+00:00,2025-07-04 20:00:00+00:00,buy,36.926300000000005,36.8777,36.97490000000001,36.8777,3486.55284144739,-169.4464680943694,16775.20034134257,loss,-0.048600000000007526,6775.200341342607
2025-07-07 01:05:00+00:00,2025-07-07 01:10:00+00:00,buy,36.9423,36.8397,37.044900000000005,37.044900000000005,1635.009779857911,167.7520034134257,16942.952344755995,win,0.10260000000000247,6942.952344756033
2025-07-07 01:30:00+00:00,2025-07-07 04:00:00+00:00,buy,37.2023,36.8397,37.5649,36.8397,467.26288871362306,-169.42952344755994,16773.522821308434,loss,-0.3626000000000005,6773.522821308473
2025-07-07 07:20:00+00:00,2025-07-07 07:25:00+00:00,sell,36.6997,36.795300000000005,36.604099999999995,36.604099999999995,1754.5525963710913,167.73522821308435,16941.25804952152,win,-0.09560000000000457,6941.258049521557
2025-07-07 07:35:00+00:00,2025-07-07 13:40:00+00:00,sell,36.5117,36.807300000000005,36.21609999999999,36.21609999999999,573.1142777239883,169.41258049521517,17110.670630016735,win,-0.2956000000000074,7110.6706300167725
2025-07-07 16:10:00+00:00,2025-07-07 16:30:00+00:00,sell,36.223699999999994,36.3673,36.08009999999999,36.3673,1191.5508795275748,-171.10670630016736,16939.563923716567,loss,0.1436000000000064,6939.563923716605
2025-07-08 01:05:00+00:00,2025-07-08 03:35:00+00:00,buy,36.776300000000006,36.7437,36.808900000000015,36.7437,5196.185252672313,-169.39563923716568,16770.1682844794,loss,-0.03260000000000929,6770.1682844794395
2025-07-08 04:50:00+00:00,2025-07-08 08:50:00+00:00,buy,36.7413,36.643699999999995,36.83890000000001,36.83890000000001,1718.254947180143,167.70168284479402,16937.869967324194,win,0.09760000000000701,6937.869967324234
2025-07-08 10:05:00+00:00,2025-07-08 11:15:00+00:00,buy,36.8333,36.7437,36.922900000000006,36.7437,1890.3872731387692,-169.37869967324193,16768.491267650952,loss,-0.08960000000000434,6768.491267650992
2025-07-08 13:10:00+00:00,2025-07-08 13:45:00+00:00,buy,36.740300000000005,36.6537,36.82690000000001,36.82690000000001,1936.3153888741494,167.68491267650953,16936.17618032746,win,0.08660000000000423,6936.176180327501
2025-07-08 15:50:00+00:00,2025-07-08 16:05:00+00:00,buy,36.7693,36.6707,36.867900000000006,36.6707,1717.664927010817,-169.36176180327462,16766.814418524187,loss,-0.09860000000000468,6766.814418524226
2025-07-08 16:15:00+00:00,2025-07-08 17:45:00+00:00,sell,36.5937,36.779300000000006,36.40809999999999,36.40809999999999,903.3843975497558,167.66814418524189,16934.48256270943,win,-0.18560000000000798,6934.482562709468
2025-07-08 18:00:00+00:00,2025-07-08 19:55:00+00:00,sell,36.3747,36.514300000000006,36.23509999999999,36.514300000000006,1213.0718168129215,-169.34482562709428,16765.137737082336,loss,0.1396000000000086,6765.137737082374
2025-07-08 22:05:00+00:00,2025-07-08 23:20:00+00:00,sell,36.628699999999995,36.7113,36.54609999999999,36.7113,2029.67769214056,-167.65137737082335,16597.48635971151,loss,0.08260000000000645,6597.486359711551
2025-07-09 02:15:00+00:00,2025-07-09 02:35:00+00:00,sell,36.6947,36.7413,36.64809999999999,36.64809999999999,3561.6923518690346,165.9748635971151,16763.461223308626,win,-0.04660000000000508,6763.461223308666
2025-07-09 02:45:00+00:00,2025-07-09 02:50:00+00:00,sell,36.6217,36.707300000000004,36.53609999999999,36.53609999999999,1958.3482737508577,167.63461223308627,16931.095835541713,win,-0.08560000000000656,6931.095835541752
2025-07-09 04:45:00+00:00,2025-07-09 05:45:00+00:00,sell,36.5687,36.6403,36.497099999999996,36.497099999999996,2364.6781893213474,169.31095835541714,17100.40679389713,win,-0.07160000000000366,7100.406793897169
2025-07-09 09:15:00+00:00,2025-07-09 10:25:00+00:00,sell,36.613699999999994,36.703300000000006,36.52409999999998,36.52409999999998,1908.5275439614895,171.0040679389713,17271.410861836102,win,-0.08960000000001145,7271.410861836141
2025-07-09 10:35:00+00:00,2025-07-09 10:50:00+00:00,sell,36.5207,36.609300000000005,36.43209999999999,36.609300000000005,1949.3691717646502,-172.71410861836102,17098.69675321774,loss,0.08860000000000667,7098.69675321778
2025-07-09 11:35:00+00:00,2025-07-09 12:55:00+00:00,sell,36.476699999999994,36.6113,36.34209999999999,36.6113,1270.33408270557,-170.9869675321774,16927.70978568556,loss,0.13460000000000605,6927.709785685603
2025-07-09 14:35:00+00:00,2025-07-09 14:40:00+00:00,sell,36.579699999999995,36.636300000000006,36.523099999999985,36.523099999999985,2990.761446233659,169.27709785685562,17096.986883542417,win,-0.0566000000000102,7096.986883542459
2025-07-09 14:50:00+00:00,2025-07-09 15:45:00+00:00,sell,36.518699999999995,36.648300000000006,36.389099999999985,36.389099999999985,1319.2119508905107,170.96986883542417,17267.956752377842,win,-0.1296000000000106,7267.956752377882
2025-07-09 16:00:00+00:00,2025-07-09 16:30:00+00:00,sell,36.3497,36.4613,36.238099999999996,36.4613,1547.30795272199,-172.67956752377842,17095.277184854065,loss,0.11160000000000281,7095.277184854104
2025-07-09 17:20:00+00:00,2025-07-10 05:30:00+00:00,sell,36.3127,36.466300000000004,36.159099999999995,36.466300000000004,1112.9737750555714,-170.95277184854066,16924.324413005525,loss,0.1536000000000044,6924.324413005564
2025-07-10 05:40:00+00:00,2025-07-10 07:40:00+00:00,sell,36.4207,36.4743,36.36709999999999,36.4743,3157.5232113814523,-169.24324413005525,16755.08116887547,loss,0.05360000000000298,6755.081168875508
2025-07-10 11:50:00+00:00,2025-07-10 13:45:00+00:00,buy,36.6323,36.5167,36.7479,36.7479,1449.4014851968325,167.5508116887547,16922.631980564223,win,0.11560000000000059,6922.631980564263
2025-07-10 13:55:00+00:00,2025-07-10 14:50:00+00:00,buy,36.7633,36.6307,36.895900000000005,36.6307,1276.216589786106,-169.22631980564225,16753.40566075858,loss,-0.1326000000000036,6753.405660758621
2025-07-10 18:10:00+00:00,2025-07-10 19:00:00+00:00,buy,36.7353,36.5927,36.877900000000004,36.877900000000004,1174.8531318904904,167.53405660758582,16920.939717366167,win,0.14260000000000161,6920.939717366206
2025-07-10 20:15:00+00:00,2025-07-10 21:15:00+00:00,buy,36.8363,36.7367,36.935900000000004,36.935900000000004,1698.8895298560008,169.20939717366167,17090.14911453983,win,0.09960000000000235,7090.149114539868
2025-07-10 21:25:00+00:00,2025-07-10 22:00:00+00:00,buy,36.9363,36.8567,37.01590000000001,37.01590000000001,2147.0036576053353,170.9014911453983,17261.05060568523,win,0.07960000000000633,7261.050605685266
2025-07-10 22:10:00+00:00,2025-07-11 01:00:00+00:00,buy,37.0533,36.9567,37.1499,37.1499,1786.8582407541228,172.61050605685227,17433.66111174208,win,0.09660000000000224,7433.661111742119
2025-07-11 02:30:00+00:00,2025-07-11 02:45:00+00:00,buy,37.1043,37.0667,37.14190000000001,37.0667,4636.61199780316,-174.3366111174208,17259.324500624658,loss,-0.03760000000000474,7259.324500624698
2025-07-11 04:25:00+00:00,2025-07-11 04:30:00+00:00,buy,37.0993,37.036699999999996,37.1619,37.1619,2757.0805911539524,172.59324500624658,17431.917745630904,win,0.06260000000000332,7431.917745630944
2025-07-11 05:25:00+00:00,2025-07-11 08:40:00+00:00,buy,37.1713,36.9257,37.416900000000005,37.416900000000005,709.768637851412,174.31917745630903,17606.236923087214,win,0.24560000000000315,7606.236923087254
2025-07-11 11:00:00+00:00,2025-07-11 13:15:00+00:00,buy,37.4303,37.2727,37.587900000000005,37.587900000000005,1117.147012886229,176.06236923087215,17782.299292318086,win,0.15760000000000218,7782.2992923181255
2025-07-11 13:30:00+00:00,2025-07-11 13:55:00+00:00,buy,37.588300000000004,37.512699999999995,37.66390000000001,37.512699999999995,2352.1559910471,-177.82299292318086,17604.476299394904,loss,-0.07560000000000855,7604.476299394944
2025-07-11 14:50:00+00:00,2025-07-11 15:35:00+00:00,buy,37.6133,37.4807,37.745900000000006,37.745900000000006,1327.6377299694136,176.04476299394904,17780.521062388852,win,0.1326000000000036,7780.521062388893
2025-07-11 16:30:00+00:00,2025-07-11 17:20:00+00:00,buy,37.7633,37.5207,38.005900000000004,38.005900000000004,732.9151303540244,177.80521062388854,17958.326273012743,win,0.24260000000000304,7958.326273012782
2025-07-11 17:30:00+00:00,2025-07-11 20:55:00+00:00,buy,38.0923,37.7607,38.4239,38.4239,541.5659310317446,179.58326273012742,18137.90953574287,win,0.33160000000000167,8137.909535742909
2025-07-11 21:05:00+00:00,2025-07-14 01:00:00+00:00,buy,38.4283,38.3067,38.5499,38.3067,1491.6044026104232,-181.3790953574287,17956.530440385442,loss,-0.12160000000000082,7956.53044038548
2025-07-14 02:40:00+00:00,2025-07-14 04:00:00+00:00,buy,38.499300000000005,38.4207,38.577900000000014,38.577900000000014,2284.5458575551484,179.56530440385444,18136.095744789298,win,0.07860000000000866,8136.095744789334
2025-07-14 04:30:00+00:00,2025-07-14 06:55:00+00:00,buy,38.594300000000004,38.4647,38.72390000000001,38.72390000000001,1399.3901037645687,181.36095744789299,18317.456702237192,win,0.1296000000000035,8317.456702237227
2025-07-14 07:30:00+00:00,2025-07-14 17:10:00+00:00,buy,38.9313,38.6187,39.243900000000004,38.6187,585.971103718394,-183.17456702237192,18134.28213521482,loss,-0.3126000000000033,8134.282135214855
2025-07-14 23:45:00+00:00,2025-07-15 01:55:00+00:00,sell,38.0937,38.2023,37.985099999999996,38.2023,1669.8234010326307,-181.3428213521482,17952.939313862673,loss,0.1086000000000027,7952.9393138627065
2025-07-15 03:55:00+00:00,2025-07-15 04:00:00+00:00,sell,38.222699999999996,38.280300000000004,38.16509999999999,38.16509999999999,3116.829741989622,179.52939313862674,18132.4687070013,win,-0.05760000000000787,8132.468707001333
2025-07-15 05:15:00+00:00,2025-07-15 05:40:00+00:00,sell,38.2187,38.277300000000004,38.16009999999999,38.16009999999999,3094.277936348052,181.324687070013,18313.793394071312,win,-0.05860000000000554,8313.793394071346
2025-07-15 05:50:00+00:00,2025-07-15 06:15:00+00:00,sell,38.149699999999996,38.2513,38.04809999999999,38.04809999999999,1802.5387198888234,183.1379339407131,18496.931328012026,win,-0.1016000000000048,8496.93132801206
2025-07-15 10:00:00+00:00,2025-07-15 10:30:00+00:00,sell,38.277699999999996,38.337300000000006,38.218099999999986,38.337300000000006,3103.511967786716,-184.96931328012028,18311.962014731907,loss,0.05960000000001031,8311.96201473194
2025-07-15 11:05:00+00:00,2025-07-15 11:15:00+00:00,sell,38.326699999999995,38.3733,38.28009999999999,38.28009999999999,3929.6055825600665,183.11962014731907,18495.081634879225,win,-0.04660000000000508,8495.08163487926
2025-07-15 11:25:00+00:00,2025-07-15 14:45:00+00:00,sell,38.259699999999995,38.3583,38.16109999999999,38.16109999999999,1875.7689284866476,184.95081634879224,18680.032451228017,win,-0.09860000000000468,8680.032451228051
2025-07-15 15:25:00+00:00,2025-07-15 16:15:00+00:00,sell,38.1177,38.2573,37.9781,38.2573,1338.11120710801,-186.80032451228018,18493.232126715735,loss,0.1396000000000015,8493.232126715771
2025-07-15 16:30:00+00:00,2025-07-15 16:35:00+00:00,sell,38.1117,38.2593,37.964099999999995,37.964099999999995,1252.9290058750144,184.93232126715733,18678.164447982894,win,-0.14760000000000417,8678.164447982928
2025-07-15 16:45:00+00:00,2025-07-15 18:30:00+00:00,sell,37.9537,38.2593,37.64809999999999,37.64809999999999,611.1964806277017,186.78164447982894,18864.946092462724,win,-0.3056000000000054,8864.946092462756
2025-07-15 18:55:00+00:00,2025-07-16 08:20:00+00:00,sell,37.595699999999994,37.850300000000004,37.34109999999998,37.850300000000004,740.9641041815373,-188.64946092462725,18676.296631538098,loss,0.2546000000000106,8676.296631538129
2025-07-16 16:30:00+00:00,2025-07-16 16:35:00+00:00,sell,37.823699999999995,37.932300000000005,37.715099999999985,37.715099999999985,1719.7326548376072,186.762966315381,18863.05959785348,win,-0.1086000000000098,8863.05959785351
2025-07-16 16:45:00+00:00,2025-07-16 18:15:00+00:00,sell,37.686699999999995,37.9213,37.45209999999999,37.9213,804.0519862682387,-188.6305959785348,18674.429001874945,loss,0.23460000000000747,8674.429001874974
2025-07-16 22:10:00+00:00,2025-07-16 23:45:00+00:00,sell,37.860699999999994,37.9163,37.80509999999999,37.9163,3358.710252135454,-186.74429001874947,18487.684711856196,loss,0.05560000000000542,8487.684711856225
2025-07-17 06:20:00+00:00,2025-07-17 06:55:00+00:00,buy,37.923300000000005,37.857699999999994,37.988900000000015,37.988900000000015,2818.244620709333,184.87684711856195,18672.561558974758,win,0.06560000000001054,8672.561558974787
2025-07-17 07:10:00+00:00,2025-07-17 08:45:00+00:00,buy,37.9923,37.930699999999995,38.053900000000006,37.930699999999995,3031.25999333978,-186.72561558974758,18485.83594338501,loss,-0.06160000000000565,8485.835943385038
2025-07-17 09:05:00+00:00,2025-07-17 09:10:00+00:00,buy,38.0003,37.921699999999994,38.07890000000001,37.921699999999994,2351.8875246034318,-184.8583594338501,18300.97758395116,loss,-0.07860000000000866,8300.977583951188
2025-07-17 11:10:00+00:00,2025-07-17 13:35:00+00:00,sell,37.7577,37.8513,37.6641,37.8513,1955.2326478579855,-183.0097758395116,18117.967808111647,loss,0.09360000000000213,8117.967808111676
2025-07-17 13:55:00+00:00,2025-07-17 14:40:00+00:00,sell,37.756699999999995,37.8613,37.65209999999999,37.8613,1732.1192933184318,-181.17967808111646,17936.78813003053,loss,0.10460000000000491,7936.78813003056
2025-07-17 14:50:00+00:00,2025-07-17 14:55:00+00:00,sell,37.802699999999994,37.8673,37.73809999999999,37.8673,2776.59258978776,-179.3678813003053,17757.420248730225,loss,0.06460000000000576,7757.420248730255
2025-07-17 15:30:00+00:00,2025-07-17 15:35:00+00:00,sell,37.8017,37.8823,37.72109999999999,37.8823,2203.153877013566,-177.57420248730224,17579.84604624292,loss,0.080600000000004,7579.846046242952
2025-07-17 15:45:00+00:00,2025-07-17 15:50:00+00:00,sell,37.771699999999996,37.8873,37.65609999999999,37.65609999999999,1520.7479278755839,175.7984604624292,17755.64450670535,win,-0.1156000000000077,7755.644506705381
2025-07-17 16:00:00+00:00,2025-07-17 17:35:00+00:00,sell,37.6247,37.8873,37.36209999999999,37.8873,676.1479248554812,-177.55644506705352,17578.088061638296,loss,0.26260000000000616,7578.088061638327
2025-07-17 20:15:00+00:00,2025-07-17 20:55:00+00:00,buy,38.029300000000006,37.969699999999996,38.08890000000002,38.08890000000002,2949.34363450256,175.78088061638297,17753.868942254678,win,0.05960000000001031,7753.86894225471
2025-07-17 21:25:00+00:00,2025-07-17 22:10:00+00:00,buy,38.0983,38.0417,38.154900000000005,38.154900000000005,3136.7259615289236,177.53868942254678,17931.407631677226,win,0.05660000000000309,7931.407631677257
2025-07-17 22:25:00+00:00,2025-07-17 23:20:00+00:00,buy,38.155300000000004,38.1097,38.20090000000001,38.1097,3932.3262350162963,-179.31407631677226,17752.093555360454,loss,-0.04560000000000741,7752.093555360485
2025-07-18 01:00:00+00:00,2025-07-18 01:40:00+00:00,buy,38.1403,38.1057,38.17490000000001,38.17490000000001,5130.662877271122,177.52093555360455,17929.61449091406,win,0.03460000000000463,7929.614490914089
2025-07-18 02:55:00+00:00,2025-07-18 03:15:00+00:00,buy,38.1053,38.082699999999996,38.127900000000004,38.127900000000004,7933.457739341039,179.2961449091406,18108.910635823202,win,0.022600000000004172,8108.91063582323
2025-07-18 03:25:00+00:00,2025-07-18 04:00:00+00:00,buy,38.139300000000006,38.0877,38.19090000000001,38.0877,3509.4788053915736,-181.08910635823202,17927.82152946497,loss,-0.05160000000000764,7927.821529464998
2025-07-18 07:35:00+00:00,2025-07-18 08:30:00+00:00,buy,38.1573,38.1217,38.1929,38.1217,5035.904924006689,-179.2782152946497,17748.54331417032,loss,-0.035600000000002296,7748.543314170349
2025-07-18 09:25:00+00:00,2025-07-18 09:45:00+00:00,buy,38.1813,38.1067,38.255900000000004,38.255900000000004,2379.161302167483,177.4854331417032,17926.028747312026,win,0.07460000000000377,7926.028747312052
2025-07-18 09:55:00+00:00,2025-07-18 20:00:00+00:00,buy,38.2903,38.1457,38.434900000000006,38.1457,1239.6977003673253,-179.26028747312026,17746.768459838906,loss,-0.14460000000000406,7746.768459838931
2025-07-18 20:50:00+00:00,2025-07-18 22:50:00+00:00,buy,38.2513,38.140699999999995,38.361900000000006,38.140699999999995,1604.5902766580546,-177.46768459838907,17569.300775240517,loss,-0.11060000000000514,7569.300775240542
2025-07-21 08:25:00+00:00,2025-07-21 08:30:00+00:00,buy,38.2413,38.1877,38.294900000000005,38.294900000000005,3277.854622246183,175.69300775240518,17744.993782992922,win,0.05360000000000298,7744.993782992947
2025-07-21 09:05:00+00:00,2025-07-21 10:45:00+00:00,buy,38.3123,38.2067,38.4179,38.4179,1680.3971385409552,177.4499378299292,17922.443720822852,win,0.10560000000000258,7922.443720822876
2025-07-21 11:20:00+00:00,2025-07-21 15:40:00+00:00,buy,38.457300000000004,38.3347,38.57990000000001,38.57990000000001,1461.863272497719,179.22443720822852,18101.66815803108,win,0.1226000000000056,8101.668158031104
2025-07-21 16:15:00+00:00,2025-07-21 16:35:00+00:00,buy,38.5803,38.482699999999994,38.67790000000001,38.67790000000001,1854.6791145522316,181.0166815803108,18282.68483961139,win,0.09760000000000701,8282.684839611415
2025-07-21 16:45:00+00:00,2025-07-21 18:30:00+00:00,buy,38.7563,38.558699999999995,38.95390000000001,38.95390000000001,925.2370870248284,182.8268483961139,18465.511688007504,win,0.19760000000000844,8465.51168800753
2025-07-21 19:10:00+00:00,2025-07-21 22:15:00+00:00,buy,38.9543,38.875699999999995,39.03290000000001,39.03290000000001,2349.3017414765227,184.65511688007504,18650.16680488758,win,0.07860000000000866,8650.166804887604
2025-07-21 22:25:00+00:00,2025-07-21 22:35:00+00:00,buy,39.033300000000004,38.9877,39.07890000000001,38.9877,4089.948860720296,-186.5016680488758,18463.665136838703,loss,-0.04560000000000741,8463.665136838728
2025-07-22 01:35:00+00:00,2025-07-22 03:20:00+00:00,buy,38.9453,38.899699999999996,38.99090000000001,38.899699999999996,4049.0493721130924,-184.63665136838702,18279.028485470317,loss,-0.04560000000000741,8279.02848547034
2025-07-22 04:00:00+00:00,2025-07-22 04:20:00+00:00,buy,38.962300000000006,38.8717,39.052900000000015,38.8717,2017.5528129656157,-182.79028485470317,18096.238200615615,loss,-0.09060000000000912,8096.238200615638
2025-07-22 05:40:00+00:00,2025-07-22 07:20:00+00:00,buy,38.801300000000005,38.722699999999996,38.87990000000001,38.722699999999996,2302.320381757458,-180.96238200615616,17915.275818609458,loss,-0.07860000000000866,7915.275818609482
2025-07-22 08:35:00+00:00,2025-07-22 08:45:00+00:00,buy,38.8063,38.7247,38.8879,38.7247,2195.499487574644,-179.15275818609462,17736.123060423364,loss,-0.08160000000000167,7736.123060423387
2025-07-22 09:15:00+00:00,2025-07-22 15:20:00+00:00,buy,38.8553,38.7117,38.9989,38.9989,1235.1060627035831,177.36123060423364,17913.4842910276,win,0.14359999999999928,7913.48429102762
2025-07-22 15:30:00+00:00,2025-07-22 16:05:00+00:00,buy,39.030300000000004,38.9007,39.15990000000001,39.15990000000001,1382.2132940607341,179.13484291027598,18092.619133937875,win,0.1296000000000035,8092.619133937897
2025-07-22 17:40:00+00:00,2025-07-23 11:55:00+00:00,buy,39.057300000000005,38.741699999999994,39.372900000000016,39.372900000000016,573.2769053845777,180.92619133937876,18273.545325277253,win,0.31560000000001054,8273.545325277275
2025-07-23 12:05:00+00:00,2025-07-23 15:40:00+00:00,buy,39.3753,39.281699999999994,39.46890000000001,39.46890000000001,1952.301850990967,182.73545325277254,18456.280778530025,win,0.09360000000000923,8456.280778530048
2025-07-23 17:05:00+00:00,2025-07-23 19:00:00+00:00,buy,39.450300000000006,39.226699999999994,39.67390000000002,39.226699999999994,825.4150616515676,-184.56280778530024,18271.717970744725,loss,-0.2236000000000118,8271.717970744749
2025-07-24 05:05:00+00:00,2025-07-24 06:05:00+00:00,sell,39.0907,39.231300000000005,38.95009999999999,38.95009999999999,1299.553198488187,182.71717970744726,18454.435150452173,win,-0.14060000000000628,8454.435150452196
2025-07-24 06:15:00+00:00,2025-07-24 06:25:00+00:00,sell,38.945699999999995,39.091300000000004,38.800099999999986,38.800099999999986,1267.474941651858,184.54435150452173,18638.979501956695,win,-0.14560000000000883,8638.979501956717
2025-07-24 08:45:00+00:00,2025-07-24 09:15:00+00:00,sell,39.030699999999996,39.0953,38.96609999999999,38.96609999999999,2885.2909445750824,186.38979501956695,18825.369296976263,win,-0.06460000000000576,8825.369296976285
2025-07-24 09:25:00+00:00,2025-07-24 09:35:00+00:00,sell,38.9597,39.072300000000006,38.84709999999999,39.072300000000006,1671.8800441363228,-188.25369296976262,18637.1156040065,loss,0.11260000000000758,8637.115604006522
2025-07-24 10:50:00+00:00,2025-07-24 12:10:00+00:00,sell,39.067699999999995,39.1383,38.99709999999999,38.99709999999999,2639.8180742216596,186.371156040065,18823.486760046566,win,-0.07060000000000599,8823.486760046586
2025-07-24 12:20:00+00:00,2025-07-24 15:45:00+00:00,sell,38.985699999999994,39.121300000000005,38.85009999999998,38.85009999999998,1388.1627404163025,188.23486760046566,19011.72162764703,win,-0.13560000000001082,9011.721627647052
2025-07-24 15:55:00+00:00,2025-07-24 17:15:00+00:00,sell,38.781699999999994,39.075300000000006,38.48809999999998,39.075300000000006,647.5382025765072,-190.11721627647032,18821.60441137056,loss,0.2936000000000121,8821.604411370581
2025-07-24 18:00:00+00:00,2025-07-24 21:30:00+00:00,sell,38.978699999999996,39.090300000000006,38.867099999999986,39.090300000000006,1686.52369277499,-188.2160441137056,18633.388367256855,loss,0.11160000000000991,8633.388367256875
2025-07-24 23:05:00+00:00,2025-07-25 01:00:00+00:00,sell,39.058699999999995,39.1233,38.99409999999999,38.99409999999999,2884.425443847553,186.33388367256856,18819.722250929422,win,-0.06460000000000576,8819.722250929444
2025-07-25 07:30:00+00:00,2025-07-25 07:35:00+00:00,sell,38.9907,39.0403,38.94109999999999,38.94109999999999,3794.2988409127925,188.19722250929422,19007.919473438717,win,-0.049600000000005195,9007.919473438738
2025-07-25 09:00:00+00:00,2025-07-25 09:05:00+00:00,sell,38.9647,39.011300000000006,38.918099999999995,39.011300000000006,4078.952676703142,-190.07919473438716,18817.84027870433,loss,0.04660000000000508,8817.84027870435
2025-07-25 11:10:00+00:00,2025-07-25 11:15:00+00:00,sell,38.9987,39.081300000000006,38.91609999999999,38.91609999999999,2278.188895726739,188.1784027870433,19006.018681491372,win,-0.08260000000000645,9006.018681491394
2025-07-25 11:25:00+00:00,2025-07-25 13:15:00+00:00,sell,38.9107,39.057300000000005,38.76409999999999,38.76409999999999,1296.4542074686583,190.06018681491375,19196.078868306286,win,-0.1466000000000065,9196.078868306307
2025-07-25 13:25:00+00:00,2025-07-25 14:15:00+00:00,sell,38.7217,38.7973,38.6461,38.6461,2539.163871469037,191.96078868306287,19388.03965698935,win,-0.07560000000000144,9388.039656989371
2025-07-25 17:10:00+00:00,2025-07-25 17:15:00+00:00,sell,38.7617,38.856300000000005,38.66709999999999,38.66709999999999,2049.4756508443907,193.8803965698935,19581.920053559243,win,-0.0946000000000069,9581.920053559264
2025-07-25 17:45:00+00:00,2025-07-25 18:10:00+00:00,sell,38.5687,38.8853,38.2521,38.2521,618.5066346670618,195.81920053559244,19777.739254094835,win,-0.3166000000000011,9777.739254094857
2025-07-25 18:20:00+00:00,2025-07-28 01:00:00+00:00,sell,38.250699999999995,38.575300000000006,37.926099999999984,37.926099999999984,609.2957256344476,197.77739254094834,19975.516646635784,win,-0.3246000000000109,9975.516646635806
2025-07-28 03:25:00+00:00,2025-07-28 03:45:00+00:00,sell,38.1397,38.1963,38.083099999999995,38.1963,3529.2432237870485,-199.75516646635785,19775.761480169425,loss,0.05660000000000309,9775.761480169449
2025-07-28 06:10:00+00:00,2025-07-28 06:20:00+00:00,sell,38.2487,38.2943,38.2031,38.2031,4336.789798282739,197.75761480169422,19973.519094971118,win,-0.04560000000000031,9973.519094971143
2025-07-28 06:30:00+00:00,2025-07-28 08:30:00+00:00,sell,38.1967,38.274300000000004,38.119099999999996,38.274300000000004,2573.9070998672833,-199.73519094971118,19773.783904021406,loss,0.07760000000000389,9773.783904021431
2025-07-28 10:30:00+00:00,2025-07-28 11:40:00+00:00,sell,38.241699999999994,38.3053,38.178099999999986,38.178099999999986,3109.0855194998253,197.73783904021406,19971.52174306162,win,-0.0636000000000081,9971.521743061645
2025-07-28 11:50:00+00:00,2025-07-28 15:25:00+00:00,sell,38.161699999999996,38.286300000000004,38.03709999999999,38.03709999999999,1602.850862203879,199.7152174306162,20171.23696049224,win,-0.12460000000000804,10171.23696049226
2025-07-28 16:45:00+00:00,2025-07-28 16:50:00+00:00,sell,38.0777,38.149300000000004,38.006099999999996,38.006099999999996,2817.211865990392,201.7123696049224,20372.949330097163,win,-0.07160000000000366,10372.949330097183
2025-07-28 17:00:00+00:00,2025-07-28 21:40:00+00:00,sell,37.9007,38.167300000000004,37.6341,38.167300000000004,764.1766440396422,-203.72949330097163,20169.21983679619,loss,0.26660000000000394,10169.219836796212
2025-07-29 03:10:00+00:00,2025-07-29 03:15:00+00:00,sell,38.155699999999996,38.1873,38.12409999999999,38.12409999999999,6382.664505314338,201.6921983679619,20370.91203516415,win,-0.03160000000000451,10370.912035164174
2025-07-29 03:25:00+00:00,2025-07-29 08:30:00+00:00,sell,38.0997,38.1873,38.0121,38.1873,2325.446579356588,-203.7091203516415,20167.202914812508,loss,0.0876000000000019,10167.202914812533
2025-07-29 09:30:00+00:00,2025-07-29 10:00:00+00:00,sell,38.1237,38.1983,38.049099999999996,38.049099999999996,2703.3784068111913,201.67202914812506,20368.874943960633,win,-0.07460000000000377,10368.874943960658
2025-07-29 10:10:00+00:00,2025-07-29 11:15:00+00:00,sell,38.0287,38.176300000000005,37.881099999999996,38.176300000000005,1380.005077504069,-203.68874943960634,20165.186194521026,loss,0.14760000000000417,10165.186194521051
2025-07-29 13:45:00+00:00,2025-07-29 14:00:00+00:00,sell,38.131699999999995,38.173300000000005,38.090099999999985,38.090099999999985,4847.4005275279715,201.6518619452103,20366.838056466237,win,-0.04160000000000963,10366.838056466262
2025-07-29 14:50:00+00:00,2025-07-29 17:00:00+00:00,sell,38.0727,38.1663,37.979099999999995,37.979099999999995,2175.944236801899,203.66838056466239,20570.506437030897,win,-0.09360000000000213,10570.506437030925
2025-07-29 23:05:00+00:00,2025-07-29 23:20:00+00:00,buy,38.158300000000004,38.1237,38.19290000000001,38.19290000000001,5945.233074285591,205.70506437030897,20776.211501401205,win,0.03460000000000463,10776.211501401234
2025-07-29 23:30:00+00:00,2025-07-30 01:00:00+00:00,buy,38.1933,38.1367,38.249900000000004,38.1367,3670.7087458304013,-207.76211501401207,20568.449386387194,loss,-0.05660000000000309,10568.449386387223
2025-07-30 03:00:00+00:00,2025-07-30 03:35:00+00:00,buy,38.206300000000006,38.1797,38.232900000000015,38.1797,7732.49976931586,-205.68449386387195,20362.764892523322,loss,-0.02660000000000906,10362.764892523352
2025-07-30 05:05:00+00:00,2025-07-30 05:10:00+00:00,buy,38.054300000000005,37.9967,38.11190000000001,38.11190000000001,3535.202238284816,203.62764892523322,20566.392541448557,win,0.05760000000000787,10566.392541448586
2025-07-30 05:20:00+00:00,2025-07-30 07:20:00+00:00,buy,38.127300000000005,38.033699999999996,38.220900000000015,38.220900000000015,2197.264160410954,205.6639254144856,20772.056466863043,win,0.09360000000000923,10772.05646686307
2025-07-30 07:30:00+00:00,2025-07-30 07:50:00+00:00,buy,38.225300000000004,38.1887,38.26190000000001,38.1887,5675.425264169134,-207.72056466863043,20564.335902194412,loss,-0.03660000000000707,10564.33590219444
2025-07-30 08:35:00+00:00,2025-07-30 08:45:00+00:00,buy,38.231300000000005,38.165699999999994,38.296900000000015,38.165699999999994,3134.8073021632786,-205.64335902194412,20358.692543172467,loss,-0.06560000000001054,10358.692543172496
2025-07-30 09:05:00+00:00,2025-07-30 14:00:00+00:00,sell,38.0817,38.240300000000005,37.92309999999999,37.92309999999999,1283.6502234029997,203.5869254317247,20562.279468604193,win,-0.15860000000000696,10562.27946860422
2025-07-30 14:10:00+00:00,2025-07-30 16:00:00+00:00,sell,37.8597,38.048300000000005,37.67109999999999,37.67109999999999,1090.258720498585,205.62279468604197,20767.902263290234,win,-0.1886000000000081,10767.902263290262
2025-07-30 16:10:00+00:00,2025-07-30 21:35:00+00:00,sell,37.6487,37.9103,37.3871,37.3871,793.8800559361669,207.67902263290236,20975.581285923137,win,-0.2616000000000014,10975.581285923165
2025-07-30 21:45:00+00:00,2025-07-30 21:55:00+00:00,sell,37.3617,37.594300000000004,37.129099999999994,37.129099999999994,901.787673513443,209.75581285923138,21185.33709878237,win,-0.23260000000000502,11185.337098782396
2025-07-30 22:05:00+00:00,2025-07-31 13:30:00+00:00,sell,37.0727,37.590300000000006,36.55509999999999,36.55509999999999,409.2994029903789,211.8533709878237,21397.190469770194,win,-0.5176000000000087,11397.19046977022
2025-07-31 13:40:00+00:00,2025-07-31 13:45:00+00:00,sell,36.536699999999996,36.743300000000005,36.33009999999999,36.33009999999999,1035.6820169297814,213.97190469770192,21611.162374467895,win,-0.20660000000000878,11611.162374467922
2025-07-31 13:55:00+00:00,2025-07-31 15:30:00+00:00,sell,36.3107,36.6683,35.95309999999999,36.6683,604.3389925745971,-216.11162374467895,21395.050750723214,loss,0.357600000000005,11395.050750723243
2025-07-31 16:45:00+00:00,2025-07-31 21:30:00+00:00,sell,36.570699999999995,36.706300000000006,36.435099999999984,36.706300000000006,1577.8061025605832,-213.95050750723215,21181.10024321598,loss,0.13560000000001082,11181.100243216011
2025-07-31 22:25:00+00:00,2025-07-31 23:35:00+00:00,sell,36.6297,36.7173,36.5421,36.7173,2417.933817718667,-211.8110024321598,20969.28924078382,loss,0.0876000000000019,10969.289240783852
2025-08-01 01:00:00+00:00,2025-08-01 02:00:00+00:00,sell,36.683699999999995,36.731300000000005,36.636099999999985,36.731300000000005,4405.312865709974,-209.6928924078382,20759.59634837598,loss,0.04760000000000986,10759.596348376013
2025-08-01 02:30:00+00:00,2025-08-01 03:00:00+00:00,sell,36.6917,36.740300000000005,36.64309999999999,36.64309999999999,4271.521882381227,207.5959634837598,20967.19231185974,win,-0.048600000000007526,10967.192311859773
2025-08-01 03:55:00+00:00,2025-08-01 04:20:00+00:00,sell,36.6367,36.703300000000006,36.57009999999999,36.57009999999999,3148.227073852426,209.67192311859742,21176.864234978337,win,-0.06660000000000821,11176.864234978371
2025-08-01 04:30:00+00:00,2025-08-01 04:50:00+00:00,sell,36.5607,36.691300000000005,36.43009999999999,36.43009999999999,1621.5056841483151,211.76864234978336,21388.63287732812,win,-0.13060000000000827,11388.632877328155
2025-08-01 08:35:00+00:00,2025-08-01 08:45:00+00:00,sell,36.5627,36.6503,36.4751,36.6503,2441.6247576858054,-213.88632877328118,21174.74654855484,loss,0.0876000000000019,11174.746548554873
2025-08-01 10:00:00+00:00,2025-08-01 10:35:00+00:00,sell,36.5727,36.6873,36.458099999999995,36.458099999999995,1847.7091229104974,211.7474654855484,21386.494014040385,win,-0.11460000000000292,11386.494014040421
2025-08-01 11:00:00+00:00,2025-08-01 15:30:00+00:00,sell,36.4167,36.5533,36.2801,36.5533,1565.6291371918132,-213.86494014040386,21172.62907389998,loss,0.1366000000000014,11172.629073900018
2025-08-01 18:30:00+00:00,2025-08-01 19:25:00+00:00,buy,36.9303,36.8317,37.02890000000001,36.8317,2147.3254638842773,-211.7262907389998,20960.902783160982,loss,-0.09860000000000468,10960.902783161018
2025-08-01 20:55:00+00:00,2025-08-01 21:40:00+00:00,buy,36.8873,36.838699999999996,36.93590000000001,36.93590000000001,4312.942959497477,209.60902783160986,21170.511810992593,win,0.048600000000007526,11170.511810992628
2025-08-01 22:30:00+00:00,2025-08-04 03:40:00+00:00,buy,36.9463,36.851699999999994,37.04090000000001,36.851699999999994,2237.8976544388,-211.70511810992593,20958.806692882667,loss,-0.0946000000000069,10958.806692882703
2025-08-04 05:10:00+00:00,2025-08-04 05:55:00+00:00,buy,36.7903,36.6697,36.910900000000005,36.910900000000005,1737.8778352306897,209.58806692882666,21168.394759811494,win,0.12060000000000315,11168.39475981153
2025-08-04 06:05:00+00:00,2025-08-04 09:10:00+00:00,buy,36.9923,36.799699999999994,37.184900000000006,37.184900000000006,1099.0859169164512,211.68394759811497,21380.078707409608,win,0.19260000000000588,11380.078707409644
2025-08-04 09:30:00+00:00,2025-08-04 11:00:00+00:00,buy,37.1983,37.091699999999996,37.30490000000001,37.30490000000001,2005.6359012577987,213.8007870740961,21593.879494483703,win,0.10660000000000736,11593.879494483741
2025-08-04 11:10:00+00:00,2025-08-04 13:15:00+00:00,buy,37.313300000000005,37.162699999999994,37.46390000000002,37.162699999999994,1433.8565401382516,-215.938794944837,21377.940699538867,loss,-0.1506000000000114,11377.940699538904
2025-08-04 14:20:00+00:00,2025-08-04 14:40:00+00:00,buy,37.2393,37.161699999999996,37.316900000000004,37.316900000000004,2754.8892654043552,213.77940699538868,21591.720106534256,win,0.07760000000000389,11591.720106534292
2025-08-04 14:50:00+00:00,2025-08-04 15:30:00+00:00,buy,37.3203,37.1827,37.45790000000001,37.1827,1569.1657054166635,-215.91720106534257,21375.802905468914,loss,-0.13760000000000616,11375.80290546895
2025-08-04 16:00:00+00:00,2025-08-05 11:15:00+00:00,buy,37.3213,37.1447,37.4979,37.4979,1210.4078655418375,213.75802905468916,21589.560934523604,win,0.17660000000000053,11589.560934523639
2025-08-05 11:25:00+00:00,2025-08-05 12:55:00+00:00,buy,37.5003,37.3737,37.626900000000006,37.3737,1705.3365667079802,-215.89560934523604,21373.66532517837,loss,-0.12660000000000338,11373.665325178403
2025-08-05 15:10:00+00:00,2025-08-05 15:25:00+00:00,buy,37.408300000000004,37.3287,37.48790000000001,37.48790000000001,2685.1338348211893,213.73665325178368,21587.401978430153,win,0.07960000000000633,11587.401978430187
2025-08-05 16:40:00+00:00,2025-08-05 17:15:00+00:00,buy,37.524300000000004,37.412699999999994,37.635900000000014,37.635900000000014,1934.3550159881931,215.87401978430154,21803.275998214453,win,0.11160000000000991,11803.275998214489
2025-08-05 17:25:00+00:00,2025-08-06 17:30:00+00:00,buy,37.694300000000005,37.476699999999994,37.91190000000002,37.91190000000002,1001.9887866825964,218.03275998214454,22021.308758196596,win,0.21760000000001156,12021.308758196634
2025-08-06 18:00:00+00:00,2025-08-06 18:20:00+00:00,buy,37.9253,37.8337,38.0169,37.8337,2404.0730085367545,-220.21308758196594,21801.095670614628,loss,-0.09159999999999968,11801.095670614668
2025-08-06 20:40:00+00:00,2025-08-06 21:55:00+00:00,buy,37.883300000000006,37.811699999999995,37.954900000000016,37.811699999999995,3044.8457640518645,-218.0109567061463,21583.084713908484,loss,-0.07160000000001077,11583.084713908522
2025-08-07 01:00:00+00:00,2025-08-07 01:05:00+00:00,buy,37.8583,37.7917,37.9249,37.9249,3240.703410496716,215.83084713908485,21798.91556104757,win,0.0666000000000011,11798.915561047606
2025-08-07 02:20:00+00:00,2025-08-07 02:30:00+00:00,buy,37.9213,37.878699999999995,37.96390000000001,37.878699999999995,5117.116328883529,-217.98915561047568,21580.926405437094,loss,-0.0426000000000073,11580.92640543713
2025-08-07 04:25:00+00:00,2025-08-07 05:45:00+00:00,buy,37.9303,37.863699999999994,37.99690000000001,37.99690000000001,3240.3793401553203,215.80926405437094,21796.735669491463,win,0.06660000000000821,11796.735669491502
2025-08-07 05:55:00+00:00,2025-08-07 10:00:00+00:00,buy,38.0013,37.878699999999995,38.123900000000006,38.123900000000006,1777.874035031849,217.96735669491463,22014.703026186377,win,0.1226000000000056,12014.703026186417
2025-08-07 10:10:00+00:00,2025-08-07 10:30:00+00:00,buy,38.142300000000006,38.055699999999995,38.22890000000002,38.22890000000002,2542.113513416108,220.1470302618638,22234.850056448242,win,0.08660000000001133,12234.85005644828
2025-08-07 10:40:00+00:00,2025-08-07 11:05:00+00:00,buy,38.2383,38.1217,38.35490000000001,38.1217,1906.9339671052505,-222.34850056448244,22012.50155588376,loss,-0.11660000000000537,12012.501555883799
2025-08-07 12:20:00+00:00,2025-08-07 12:30:00+00:00,buy,38.270300000000006,38.1817,38.35890000000001,38.1817,2484.4809882485442,-220.1250155588376,21792.37654032492,loss,-0.08860000000000667,11792.376540324962
2025-08-07 13:35:00+00:00,2025-08-07 19:30:00+00:00,buy,38.343300000000006,38.137699999999995,38.54890000000002,38.137699999999995,1059.9404932064078,-217.92376540324923,21574.452774921672,loss,-0.2056000000000111,11574.452774921712
2025-08-07 22:15:00+00:00,2025-08-07 22:30:00+00:00,buy,38.082300000000004,37.991699999999994,38.17290000000001,38.17290000000001,2381.2861782471855,215.74452774921673,21790.197302670887,win,0.09060000000000912,11790.19730267093
2025-08-07 22:40:00+00:00,2025-08-08 02:40:00+00:00,buy,38.203300000000006,38.0417,38.36490000000001,38.36490000000001,1348.4032984325454,217.90197302670887,22008.099275697597,win,0.16160000000000707,12008.099275697637
2025-08-08 07:35:00+00:00,2025-08-08 07:50:00+00:00,buy,38.1923,38.1537,38.230900000000005,38.230900000000005,5701.580123237363,220.08099275697597,22228.180268454573,win,0.03860000000000241,12228.180268454613
2025-08-08 08:00:00+00:00,2025-08-08 08:40:00+00:00,buy,38.2453,38.156699999999994,38.33390000000001,38.33390000000001,2508.8239580646614,222.28180268454574,22450.462071139118,win,0.08860000000000667,12450.462071139158
2025-08-08 09:00:00+00:00,2025-08-08 09:05:00+00:00,buy,38.340300000000006,38.1937,38.48690000000001,38.1937,1531.409418222246,-224.5046207113912,22225.957450427726,loss,-0.1466000000000065,12225.957450427766
2025-08-08 09:35:00+00:00,2025-08-08 21:00:00+00:00,buy,38.356300000000005,38.0777,38.63490000000001,38.0777,797.77305995791,-222.25957450427725,22003.697875923448,loss,-0.2786000000000044,12003.697875923488
2025-08-08 21:10:00+00:00,2025-08-11 05:15:00+00:00,buy,38.2913,37.9907,38.5919,37.9907,731.9926106428222,-220.03697875923447,21783.660897164213,loss,-0.30060000000000286,11783.660897164253
2025-08-11 06:40:00+00:00,2025-08-11 08:10:00+00:00,sell,38.0577,38.109300000000005,38.00609999999999,38.109300000000005,4221.639708752129,-217.8366089716421,21565.82428819257,loss,0.05160000000000764,11565.82428819261
2025-08-11 09:25:00+00:00,2025-08-11 10:00:00+00:00,sell,38.1187,38.2143,38.02309999999999,38.02309999999999,2255.8393606894915,215.6582428819257,21781.482531074496,win,-0.09560000000000457,11781.482531074536
2025-08-11 10:10:00+00:00,2025-08-11 10:30:00+00:00,sell,37.9847,38.0923,37.87709999999999,37.87709999999999,2024.301350471513,217.81482531074496,21999.297356385243,win,-0.10760000000000502,11999.297356385281
2025-08-11 10:40:00+00:00,2025-08-11 10:45:00+00:00,sell,37.8647,38.048300000000005,37.681099999999994,37.681099999999994,1198.218810260598,219.99297356385244,22219.290329949094,win,-0.18360000000000554,12219.290329949134
2025-08-11 10:55:00+00:00,2025-08-12 18:30:00+00:00,sell,37.6477,38.0103,37.2851,38.0103,612.776898233565,-222.19290329949098,21997.0974266496,loss,0.3626000000000005,11997.097426649643
2025-08-12 21:10:00+00:00,2025-08-12 21:30:00+00:00,buy,37.932300000000005,37.8947,37.96990000000001,37.8947,5850.291868789051,-219.97097426649603,21777.126452383105,loss,-0.03760000000000474,11777.126452383147
2025-08-12 22:45:00+00:00,2025-08-13 01:00:00+00:00,buy,37.880300000000005,37.829699999999995,37.930900000000015,37.829699999999995,4303.7799313001615,-217.7712645238311,21559.355187859273,loss,-0.05060000000000997,11559.355187859315
2025-08-13 01:15:00+00:00,2025-08-13 04:50:00+00:00,buy,37.9303,37.8097,38.050900000000006,38.050900000000006,1787.6745595239395,215.59355187859273,21774.948739737865,win,0.12060000000000315,11774.948739737909
2025-08-13 05:00:00+00:00,2025-08-13 05:35:00+00:00,buy,38.0733,37.9967,38.14990000000001,38.14990000000001,2842.682603098707,217.74948739737866,21992.698227135243,win,0.07660000000000622,11992.698227135288
2025-08-13 07:00:00+00:00,2025-08-13 07:05:00+00:00,buy,38.1473,38.125699999999995,38.16890000000001,38.16890000000001,10181.80473478177,219.92698227135244,22212.625209406597,win,0.021600000000006503,12212.62520940664
2025-08-13 07:15:00+00:00,2025-08-13 09:00:00+00:00,buy,38.1713,38.1217,38.22090000000001,38.22090000000001,4478.351856734732,222.12625209406596,22434.751461500662,win,0.049600000000005195,12434.751461500706
2025-08-13 09:10:00+00:00,2025-08-13 09:15:00+00:00,buy,38.2423,38.1547,38.3299,38.3299,2561.0446873858646,224.3475146150066,22659.098976115667,win,0.0876000000000019,12659.098976115713
2025-08-13 09:25:00+00:00,2025-08-13 11:55:00+00:00,buy,38.3393,38.1907,38.4879,38.4879,1524.8384236955171,226.59098976115666,22885.689965876823,win,0.14860000000000184,12885.689965876869
2025-08-13 12:05:00+00:00,2025-08-13 12:25:00+00:00,buy,38.5033,38.4257,38.58090000000001,38.58090000000001,2949.1868512726387,228.85689965876824,23114.54686553559,win,0.07760000000000389,13114.546865535636
2025-08-13 13:00:00+00:00,2025-08-13 14:20:00+00:00,buy,38.587300000000006,38.4937,38.680900000000015,38.4937,2469.5028702492855,-231.14546865535593,22883.401396880236,loss,-0.09360000000000923,12883.401396880281
2025-08-13 16:40:00+00:00,2025-08-13 17:40:00+00:00,buy,38.4523,38.338699999999996,38.565900000000006,38.565900000000006,2014.3839257816178,228.83401396880237,23112.235410849036,win,0.11360000000000525,13112.235410849084
2025-08-13 19:15:00+00:00,2025-08-13 20:20:00+00:00,buy,38.4823,38.4137,38.550900000000006,38.550900000000006,3369.130526362659,231.12235410849036,23343.357764957527,win,0.06860000000000355,13343.357764957575
2025-08-13 22:15:00+00:00,2025-08-13 22:50:00+00:00,buy,38.484300000000005,38.4467,38.52190000000001,38.52190000000001,6208.339831104943,233.43357764957528,23576.791342607103,win,0.03760000000000474,13576.79134260715
2025-08-13 23:00:00+00:00,2025-08-14 01:00:00+00:00,buy,38.5223,38.4627,38.581900000000005,38.4627,3955.837473591583,-235.76791342607103,23341.02342918103,loss,-0.059600000000003206,13341.02342918108
2025-08-14 03:00:00+00:00,2025-08-14 03:20:00+00:00,buy,38.529300000000006,38.500699999999995,38.55790000000002,38.55790000000002,8161.1970032068675,233.4102342918103,23574.43366347284,win,0.028600000000011505,13574.43366347289
2025-08-14 03:30:00+00:00,2025-08-14 05:05:00+00:00,buy,38.5833,38.5117,38.654900000000005,38.654900000000005,3292.5186680826305,235.7443366347284,23810.178000107568,win,0.07160000000000366,13810.178000107619
2025-08-14 05:15:00+00:00,2025-08-14 06:35:00+00:00,buy,38.682300000000005,38.5567,38.80790000000001,38.5567,1895.7148089256755,-238.10178000107567,23572.076220106494,loss,-0.1256000000000057,13572.076220106543
2025-08-14 07:50:00+00:00,2025-08-14 08:25:00+00:00,buy,38.5763,38.5257,38.626900000000006,38.5257,4658.513086977304,-235.72076220106493,23336.35545790543,loss,-0.050600000000002865,13336.355457905478
2025-08-14 14:10:00+00:00,2025-08-14 15:30:00+00:00,sell,38.2827,38.4093,38.156099999999995,38.156099999999995,1843.31401721207,233.3635545790543,23569.719012484482,win,-0.12660000000000338,13569.719012484533
2025-08-14 16:50:00+00:00,2025-08-14 17:05:00+00:00,sell,38.094699999999996,38.270300000000006,37.919099999999986,37.919099999999986,1342.239123717719,235.69719012484484,23805.416202609325,win,-0.17560000000000997,13805.416202609378
2025-08-14 19:10:00+00:00,2025-08-14 20:20:00+00:00,sell,37.9327,38.0323,37.833099999999995,38.0323,2390.1020283743737,-238.05416202609325,23567.362040583233,loss,0.09960000000000235,13567.362040583284
2025-08-14 20:35:00+00:00,2025-08-14 21:30:00+00:00,sell,37.969699999999996,38.0463,37.89309999999999,38.0463,3076.679117569363,-235.67362040583234,23331.6884201774,loss,0.07660000000000622,13331.688420177452
2025-08-14 22:45:00+00:00,2025-08-14 22:55:00+00:00,sell,38.0237,38.0583,37.98909999999999,37.98909999999999,6743.262549183318,233.316884201774,23565.005304379174,win,-0.03460000000000463,13565.005304379227
2025-08-14 23:05:00+00:00,2025-08-15 04:15:00+00:00,sell,37.982699999999994,38.0413,37.92409999999999,37.92409999999999,4021.3319632042576,235.65005304379176,23800.655357422966,win,-0.05860000000000554,13800.655357423018
2025-08-15 04:25:00+00:00,2025-08-15 06:30:00+00:00,sell,37.890699999999995,38.020300000000006,37.761099999999985,38.020300000000006,1836.470320788659,-238.00655357422966,23562.648803848737,loss,0.1296000000000106,13562.648803848788
2025-08-15 07:45:00+00:00,2025-08-15 08:00:00+00:00,sell,38.0227,38.0503,37.9951,38.0503,8537.191595597484,-235.62648803848734,23327.02231581025,loss,0.027599999999999625,13327.0223158103
2025-08-15 09:05:00+00:00,2025-08-15 09:45:00+00:00,sell,38.0077,38.0533,37.9621,38.0533,5115.575069256599,-233.27022315810248,23093.752092652147,loss,0.04560000000000031,13093.752092652197
2025-08-15 09:55:00+00:00,2025-08-15 10:30:00+00:00,sell,38.003699999999995,38.054300000000005,37.953099999999985,37.953099999999985,4563.982627005454,230.93752092652147,23324.689613578666,win,-0.05060000000000997,13324.68961357872
2025-08-15 10:40:00+00:00,2025-08-15 10:50:00+00:00,sell,37.9297,38.0183,37.84109999999999,38.0183,2632.583477830351,-233.24689613578667,23091.44271744288,loss,0.08860000000000667,13091.442717442933
2025-08-15 12:05:00+00:00,2025-08-15 12:10:00+00:00,sell,37.9477,38.0063,37.88909999999999,37.88909999999999,3940.5192350581397,230.9144271744288,23322.35714461731,win,-0.05860000000000554,13322.357144617361
2025-08-15 12:35:00+00:00,2025-08-18 01:00:00+00:00,sell,37.838699999999996,38.0063,37.67109999999999,38.0063,1391.5487556453636,-233.22357144617308,23089.133573171137,loss,0.1676000000000073,13089.133573171188
2025-08-18 02:05:00+00:00,2025-08-18 02:15:00+00:00,sell,37.8747,37.899300000000004,37.85009999999999,37.85009999999999,9385.826655758101,230.8913357317114,23320.024908902848,win,-0.024600000000006617,13320.024908902898
2025-08-18 06:25:00+00:00,2025-08-18 06:35:00+00:00,buy,38.0183,37.9647,38.07190000000001,38.07190000000001,4350.750915839842,233.20024908902846,23553.225157991877,win,0.05360000000000298,13553.225157991927
2025-08-18 06:45:00+00:00,2025-08-18 11:10:00+00:00,buy,38.112300000000005,37.9927,38.23190000000001,37.9927,1969.333207189866,-235.53225157991878,23317.692906411958,loss,-0.11960000000000548,13317.692906412009
2025-08-18 12:05:00+00:00,2025-08-18 15:40:00+00:00,buy,38.1163,37.9807,38.251900000000006,38.251900000000006,1719.593872154227,233.17692906411958,23550.869835476078,win,0.13560000000000372,13550.869835476129
2025-08-19 03:10:00+00:00,2025-08-19 04:00:00+00:00,buy,38.069300000000005,38.031699999999994,38.10690000000002,38.031699999999994,6263.529211560814,-235.50869835476078,23315.36113712132,loss,-0.037600000000011846,13315.361137121368
2025-08-19 04:10:00+00:00,2025-08-19 04:15:00+00:00,sell,38.0117,38.069300000000005,37.95409999999999,37.95409999999999,4047.8057529718985,233.1536113712132,23548.514748492533,win,-0.05760000000000787,13548.514748492582
2025-08-19 05:00:00+00:00,2025-08-19 12:00:00+00:00,sell,37.8397,38.0653,37.6141,38.0653,1043.8171431069384,-235.48514748492533,23313.02960100761,loss,0.22560000000000002,13313.029601007656
2025-08-19 14:05:00+00:00,2025-08-19 14:15:00+00:00,buy,38.0773,38.040699999999994,38.11390000000001,38.040699999999994,6369.680218853307,-233.1302960100761,23079.899304997532,loss,-0.03660000000000707,13079.89930499758
2025-08-19 15:20:00+00:00,2025-08-19 15:55:00+00:00,buy,38.090300000000006,38.037699999999994,38.14290000000002,38.037699999999994,4387.813556082146,-230.79899304997534,22849.100311947557,loss,-0.052600000000012415,12849.100311947604
2025-08-19 16:05:00+00:00,2025-08-19 16:10:00+00:00,sell,38.0167,38.1403,37.8931,37.8931,1848.632711322569,228.49100311947558,23077.59131506703,win,-0.12360000000000326,13077.59131506708
2025-08-19 17:25:00+00:00,2025-08-19 17:30:00+00:00,sell,37.851699999999994,37.9343,37.76909999999999,37.76909999999999,2793.8972536398583,230.7759131506703,23308.367228217703,win,-0.08260000000000645,13308.36722821775
2025-08-19 17:40:00+00:00,2025-08-19 18:00:00+00:00,sell,37.680699999999995,37.9333,37.428099999999986,37.428099999999986,922.7382117267202,233.08367228217705,23541.45090049988,win,-0.25260000000000815,13541.450900499927
2025-08-19 18:10:00+00:00,2025-08-20 05:45:00+00:00,sell,37.417699999999996,37.6433,37.19209999999999,37.19209999999999,1043.504029277444,235.41450900499882,23776.86540950488,win,-0.22560000000000713,13776.865409504926
2025-08-20 06:30:00+00:00,2025-08-20 11:15:00+00:00,sell,37.189699999999995,37.2883,37.09109999999999,37.09109999999999,2411.4467960957154,237.76865409504884,24014.63406359993,win,-0.09860000000000468,14014.634063599975
2025-08-20 11:25:00+00:00,2025-08-20 14:25:00+00:00,sell,37.0567,37.1833,36.930099999999996,37.1833,1896.890526350655,-240.1463406359993,23774.48772296393,loss,0.12660000000000338,13774.487722963975
2025-08-20 20:45:00+00:00,2025-08-20 21:05:00+00:00,buy,37.8083,37.7757,37.840900000000005,37.7757,7292.787645080472,-237.74487722963931,23536.74284573429,loss,-0.03260000000000218,13536.742845734336
2025-08-20 21:45:00+00:00,2025-08-20 22:10:00+00:00,buy,37.8203,37.7727,37.867900000000006,37.867900000000006,4944.6938751539765,235.3674284573429,23772.110274191633,win,0.04760000000000275,13772.110274191678
2025-08-20 22:20:00+00:00,2025-08-21 09:50:00+00:00,buy,37.8853,37.792699999999996,37.977900000000005,37.792699999999996,2567.182535009772,-237.72110274191633,23534.389171449715,loss,-0.09260000000000446,13534.389171449762
2025-08-21 10:05:00+00:00,2025-08-21 11:45:00+00:00,buy,37.8603,37.7917,37.928900000000006,37.7917,3430.66897542981,-235.34389171449712,23299.04527973522,loss,-0.06860000000000355,13299.045279735265
2025-08-21 15:05:00+00:00,2025-08-21 15:25:00+00:00,buy,37.746300000000005,37.671699999999994,37.820900000000016,37.820900000000016,3123.196418194614,232.9904527973522,23532.03573253257,win,0.07460000000001088,13532.035732532617
2025-08-21 15:35:00+00:00,2025-08-21 15:45:00+00:00,buy,37.837300000000006,37.7517,37.92290000000001,37.92290000000001,2749.069594921819,235.32035732532572,23767.356089857898,win,0.08560000000000656,13767.356089857942
2025-08-21 15:55:00+00:00,2025-08-21 17:10:00+00:00,buy,37.935300000000005,37.7677,38.10290000000001,38.10290000000001,1418.100005361388,237.67356089857898,24005.029650756478,win,0.1676000000000073,14005.02965075652
2025-08-21 17:25:00+00:00,2025-08-22 09:35:00+00:00,buy,38.1313,37.9657,38.29690000000001,37.9657,1449.579085190566,-240.05029650756478,23764.979354248913,loss,-0.16560000000000485,13764.979354248955
2025-08-22 17:10:00+00:00,2025-08-22 17:15:00+00:00,buy,38.2503,37.9077,38.59290000000001,38.59290000000001,693.6654802757911,237.6497935424891,24002.629147791402,win,0.34260000000000446,14002.629147791444
2025-08-22 17:25:00+00:00,2025-08-29 18:40:00+00:00,buy,38.679300000000005,37.9077,39.45090000000001,39.45090000000001,311.07606464218765,240.02629147791401,24242.655439269314,win,0.7716000000000065,14242.655439269358
2025-08-29 18:50:00+00:00,2025-08-29 19:00:00+00:00,buy,39.4763,39.3657,39.58690000000001,39.58690000000001,2191.9218299519157,242.42655439269313,24485.081993662006,win,0.11060000000000514,14485.081993662052
2025-08-29 19:10:00+00:00,2025-08-29 20:00:00+00:00,buy,39.6953,39.4377,39.95290000000001,39.95290000000001,950.5078413688534,244.85081993662007,24729.932813598625,win,0.2576000000000036,14729.932813598673
2025-08-29 22:20:00+00:00,2025-08-29 22:50:00+00:00,buy,39.7293,39.6697,39.788900000000005,39.788900000000005,4149.317586174043,247.29932813598626,24977.23214173461,win,0.059600000000003206,14977.23214173466
2025-08-29 23:00:00+00:00,2025-08-29 23:05:00+00:00,buy,39.7963,39.7337,39.858900000000006,39.7337,3989.9731855803975,-249.77232141734612,24727.459820317265,loss,-0.06260000000000332,14727.459820317314
2025-09-01 02:05:00+00:00,2025-09-01 04:40:00+00:00,buy,39.7453,39.506699999999995,39.983900000000006,39.983900000000006,1036.3562372303738,247.27459820317264,24974.73441852044,win,0.23860000000000525,14974.734418520486
2025-09-01 04:50:00+00:00,2025-09-01 05:35:00+00:00,buy,40.033300000000004,39.774699999999996,40.29190000000001,40.29190000000001,965.7669922088023,249.74734418520438,25224.481762705644,win,0.2586000000000084,15224.481762705691
2025-09-01 05:45:00+00:00,2025-09-01 09:20:00+00:00,buy,40.3673,40.113699999999994,40.620900000000006,40.620900000000006,994.6562209268559,252.24481762705645,25476.7265803327,win,0.2536000000000058,15476.726580332748
2025-09-01 10:25:00+00:00,2025-09-01 10:35:00+00:00,buy,40.6503,40.439699999999995,40.86090000000001,40.439699999999995,1209.7211101772036,-254.767265803327,25221.959314529373,loss,-0.21060000000000656,15221.959314529422
2025-09-01 11:10:00+00:00,2025-09-02 11:00:00+00:00,buy,40.658300000000004,40.4237,40.89290000000001,40.4237,1075.1048301163073,-252.21959314529371,24969.739721384078,loss,-0.23460000000000747,14969.739721384129
2025-09-02 18:05:00+00:00,2025-09-03 16:00:00+00:00,buy,40.764300000000006,40.5517,40.976900000000015,40.976900000000015,1174.4938721252597,249.6973972138408,25219.437118597918,win,0.212600000000009,15219.437118597969
2025-09-03 16:10:00+00:00,2025-09-03 16:25:00+00:00,buy,40.987300000000005,40.8867,41.08790000000001,41.08790000000001,2506.902298071186,252.1943711859792,25471.631489783897,win,0.10060000000000713,15471.631489783947
2025-09-03 17:00:00+00:00,2025-09-03 17:20:00+00:00,buy,41.100300000000004,40.9227,41.27790000000001,41.27790000000001,1434.2134847850864,254.71631489783897,25726.347804681736,win,0.1776000000000053,15726.347804681787
2025-09-03 17:30:00+00:00,2025-09-03 17:50:00+00:00,buy,41.398300000000006,41.0077,41.78890000000001,41.0077,658.6366565458608,-257.26347804681734,25469.08432663492,loss,-0.3906000000000063,15469.08432663497
2025-09-03 19:55:00+00:00,2025-09-03 21:35:00+00:00,buy,41.2813,41.1457,41.416900000000005,41.1457,1878.2510565364469,-254.6908432663492,25214.39348336857,loss,-0.13560000000000372,15214.39348336862
2025-09-03 22:50:00+00:00,2025-09-03 23:15:00+00:00,buy,41.1373,41.055699999999995,41.21890000000001,41.21890000000001,3089.999201392875,252.1439348336857,25466.537418202257,win,0.08160000000000878,15466.537418202306
2025-09-03 23:25:00+00:00,2025-09-04 01:00:00+00:00,buy,41.2243,41.113699999999994,41.334900000000005,41.113699999999994,2302.580236727041,-254.6653741820226,25211.872044020234,loss,-0.11060000000000514,15211.872044020283
2025-09-04 03:20:00+00:00,2025-09-04 03:45:00+00:00,buy,41.0803,40.991699999999994,41.16890000000001,41.16890000000001,2845.5837521465387,252.1187204402023,25463.990764460435,win,0.08860000000000667,15463.990764460486
2025-09-04 03:55:00+00:00,2025-09-04 04:00:00+00:00,buy,41.173300000000005,41.095699999999994,41.250900000000016,41.095699999999994,3281.4421088217564,-254.63990764460436,25209.350856815832,loss,-0.077600000000011,15209.350856815881
2025-09-04 14:05:00+00:00,2025-09-04 14:15:00+00:00,sell,40.917699999999996,40.9953,40.84009999999999,40.84009999999999,3248.6276877338364,252.09350856815834,25461.44436538399,win,-0.07760000000000389,15461.444365384039
2025-09-04 15:35:00+00:00,2025-09-04 16:45:00+00:00,sell,40.884699999999995,41.0223,40.74709999999999,40.74709999999999,1850.39566608887,254.6144436538399,25716.058809037833,win,-0.13760000000000616,15716.058809037879
2025-09-04 16:55:00+00:00,2025-09-05 15:30:00+00:00,sell,40.6067,40.987300000000005,40.22609999999999,40.987300000000005,675.6715399116467,-257.1605880903783,25458.898220947456,loss,0.38060000000000827,15458.8982209475
2025-09-05 15:40:00+00:00,2025-09-08 07:00:00+00:00,buy,41.1133,40.555699999999995,41.67090000000001,40.555699999999995,456.5799537472579,-254.58898220947458,25204.30923873798,loss,-0.5576000000000079,15204.309238738026
2025-09-08 11:05:00+00:00,2025-09-08 11:35:00+00:00,buy,41.0583,40.9937,41.12290000000001,41.12290000000001,3901.5958573894322,252.0430923873798,25456.35233112536,win,0.06460000000000576,15456.352331125405
2025-09-08 11:45:00+00:00,2025-09-08 13:10:00+00:00,buy,41.158300000000004,41.0387,41.27790000000001,41.27790000000001,2128.4575527695815,254.56352331125362,25710.915854436615,win,0.11960000000000548,15710.915854436658
2025-09-08 13:20:00+00:00,2025-09-08 13:50:00+00:00,buy,41.2963,41.143699999999995,41.44890000000001,41.143699999999995,1684.8568711949856,-257.10915854436615,25453.80669589225,loss,-0.15260000000000673,15453.806695892292
2025-09-08 15:30:00+00:00,2025-09-08 16:15:00+00:00,buy,41.2873,41.204699999999995,41.36990000000001,41.36990000000001,3081.5746605194026,254.5380669589225,25708.34476285117,win,0.08260000000000645,15708.344762851215
2025-09-08 16:25:00+00:00,2025-09-08 17:15:00+00:00,buy,41.3703,41.2607,41.4799,41.2607,2345.651894420719,-257.0834476285117,25451.26131522266,loss,-0.10960000000000036,15451.261315222704
2025-09-08 17:50:00+00:00,2025-09-08 18:00:00+00:00,buy,41.429300000000005,41.2377,41.62090000000001,41.62090000000001,1328.3539308570755,254.51261315222658,25705.773928374885,win,0.1916000000000082,15705.77392837493
2025-09-08 21:25:00+00:00,2025-09-09 01:00:00+00:00,buy,41.2973,41.2157,41.3789,41.3789,3150.217393183132,257.05773928374884,25962.831667658633,win,0.08160000000000167,15962.83166765868
2025-09-09 02:30:00+00:00,2025-09-09 03:05:00+00:00,buy,41.3303,41.2827,41.377900000000004,41.2827,5454.376400768305,-259.62831667658634,25703.203350982047,loss,-0.04760000000000275,15703.203350982094
2025-09-09 03:20:00+00:00,2025-09-09 04:05:00+00:00,buy,41.335300000000004,41.2647,41.40590000000001,41.2647,3640.6803613285924,-257.03203350982045,25446.171317472224,loss,-0.07060000000000599,15446.171317472274
2025-09-09 04:50:00+00:00,2025-09-09 06:10:00+00:00,buy,41.3583,41.2377,41.4789,41.2377,2109.9644541850384,-254.4617131747223,25191.709604297503,loss,-0.12060000000000315,15191.709604297552
2025-09-09 07:25:00+00:00,2025-09-09 08:25:00+00:00,buy,41.3513,41.268699999999995,41.43390000000001,41.43390000000001,3049.84377775975,251.917096042975,25443.62670034048,win,0.08260000000000645,15443.626700340526
2025-09-09 08:45:00+00:00,2025-09-09 09:05:00+00:00,buy,41.4393,41.348699999999994,41.52990000000001,41.348699999999994,2808.3473179180924,-254.43626700340477,25189.190433337073,loss,-0.09060000000000912,15189.190433337122
2025-09-09 10:20:00+00:00,2025-09-09 11:10:00+00:00,buy,41.368300000000005,41.2767,41.45990000000001,41.2767,2749.911619359739,-251.89190433337075,24937.298529003703,loss,-0.09160000000000679,14937.298529003752
2025-09-09 17:05:00+00:00,2025-09-09 17:10:00+00:00,sell,41.165699999999994,41.255300000000005,41.07609999999998,41.07609999999998,2783.1806393973793,249.37298529003704,25186.67151429374,win,-0.08960000000001145,15186.67151429379
2025-09-09 17:35:00+00:00,2025-09-11 17:15:00+00:00,sell,40.8047,41.3883,40.22109999999999,41.3883,431.57422060132905,-251.8667151429374,24934.804799150803,loss,0.5836000000000041,14934.804799150852
2025-09-11 17:25:00+00:00,2025-09-11 17:40:00+00:00,buy,41.453300000000006,41.268699999999995,41.637900000000016,41.268699999999995,1350.747822272449,-249.348047991508,24685.456751159294,loss,-0.1846000000000103,14685.456751159343
2025-09-11 18:15:00+00:00,2025-09-11 19:10:00+00:00,buy,41.459300000000006,41.2487,41.66990000000001,41.66990000000001,1172.1489435497874,246.85456751159293,24932.311318670887,win,0.21060000000000656,14932.311318670936
2025-09-11 19:25:00+00:00,2025-09-12 03:15:00+00:00,buy,41.743300000000005,41.4447,42.04190000000001,41.4447,834.973587363371,-249.32311318670887,24682.988205484176,loss,-0.2986000000000075,14682.988205484227
2025-09-12 04:10:00+00:00,2025-09-12 04:30:00+00:00,buy,41.523300000000006,41.3837,41.662900000000015,41.662900000000015,1768.1223642895884,246.82988205484176,24929.818087539017,win,0.1396000000000086,14929.81808753907
2025-09-12 04:40:00+00:00,2025-09-12 04:45:00+00:00,buy,41.713300000000004,41.5167,41.90990000000001,41.90990000000001,1268.047715541127,249.29818087539022,25179.116268414407,win,0.19660000000000366,15179.11626841446
2025-09-12 04:55:00+00:00,2025-09-12 11:40:00+00:00,buy,41.947300000000006,41.5837,42.31090000000001,42.31090000000001,692.4949468760738,251.79116268414404,25430.907431098552,win,0.36360000000000525,15430.907431098603
2025-09-12 11:50:00+00:00,2025-09-12 15:05:00+00:00,buy,42.365300000000005,42.1267,42.60390000000001,42.1267,1065.8385344131598,-254.30907431098552,25176.598356787566,loss,-0.23860000000000525,15176.598356787617
2025-09-12 16:20:00+00:00,2025-09-12 17:05:00+00:00,buy,42.078300000000006,41.8977,42.25890000000001,42.25890000000001,1394.0530651598456,251.76598356787568,25428.36434035544,win,0.18060000000000542,15428.364340355492
2025-09-12 17:15:00+00:00,2025-09-15 04:05:00+00:00,buy,42.2683,42.040699999999994,42.49590000000001,42.040699999999994,1117.2392065182062,-254.2836434035544,25174.080696951885,loss,-0.22760000000000957,15174.080696951938
2025-09-15 05:05:00+00:00,2025-09-15 15:30:00+00:00,buy,42.1833,42.0257,42.340900000000005,42.0257,1597.340145745656,-251.74080696951887,24922.339889982366,loss,-0.15760000000000218,14922.339889982419
2025-09-15 15:50:00+00:00,2025-09-15 17:45:00+00:00,buy,42.188300000000005,42.0107,42.36590000000001,42.36590000000001,1403.2849037151814,249.22339889982365,25171.56328888219,win,0.1776000000000053,15171.563288882242
2025-09-15 17:55:00+00:00,2025-09-15 18:35:00+00:00,buy,42.3723,42.271699999999996,42.47290000000001,42.47290000000001,2502.1434680795633,251.7156328888219,25423.278921771012,win,0.10060000000000713,15423.278921771063
2025-09-15 18:45:00+00:00,2025-09-15 18:55:00+00:00,buy,42.5123,42.4077,42.61690000000001,42.61690000000001,2430.5237974923343,254.23278921771012,25677.51171098872,win,0.10460000000000491,15677.511710988774
2025-09-15 19:25:00+00:00,2025-09-16 05:45:00+00:00,buy,42.6293,42.4447,42.813900000000004,42.4447,1390.9811327729294,-256.7751171098872,25420.736593878835,loss,-0.1846000000000032,15420.736593878886
2025-09-16 07:10:00+00:00,2025-09-16 07:20:00+00:00,buy,42.5773,42.521699999999996,42.63290000000001,42.63290000000001,4572.074926956179,254.20736593878837,25674.943959817625,win,0.05560000000000542,15674.943959817674
2025-09-16 07:45:00+00:00,2025-09-16 09:05:00+00:00,buy,42.636300000000006,42.546699999999994,42.72590000000002,42.72590000000002,2865.5071383721365,256.74943959817625,25931.693399415803,win,0.08960000000001145,15931.69339941585
2025-09-16 09:15:00+00:00,2025-09-16 16:20:00+00:00,buy,42.7273,42.5997,42.8549,42.8549,2032.2643729949523,259.31693399415803,26191.010333409962,win,0.12760000000000105,16191.010333410008
2025-09-16 16:30:00+00:00,2025-09-16 17:30:00+00:00,buy,42.8733,42.7057,43.0409,42.7057,1562.7094471008313,-261.91010333409963,25929.100230075863,loss,-0.1676000000000002,15929.100230075908
2025-09-17 04:10:00+00:00,2025-09-17 04:20:00+00:00,sell,42.5177,42.5793,42.45609999999999,42.45609999999999,4209.269517869072,259.29100230075863,26188.39123237662,win,-0.06160000000000565,16188.391232376667
2025-09-17 04:30:00+00:00,2025-09-17 04:35:00+00:00,sell,42.427699999999994,42.5703,42.285099999999986,42.285099999999986,1836.4930737990896,261.8839123237662,26450.275144700387,win,-0.14260000000000872,16450.275144700434
2025-09-17 04:45:00+00:00,2025-09-17 11:15:00+00:00,sell,42.097699999999996,42.526300000000006,41.669099999999986,41.669099999999986,617.1319445800225,264.50275144700385,26714.77789614739,win,-0.4286000000000101,16714.777896147436
2025-09-17 11:25:00+00:00,2025-09-17 11:40:00+00:00,sell,41.658699999999996,41.7603,41.55709999999999,41.55709999999999,2629.407273242729,267.1477789614739,26981.92567510886,win,-0.1016000000000048,16981.92567510891
2025-09-17 12:55:00+00:00,2025-09-17 13:00:00+00:00,sell,41.582699999999996,41.6263,41.53909999999999,41.53909999999999,6188.515063097658,269.81925675108863,27251.74493185995,win,-0.04360000000000497,17251.744931859997
2025-09-17 13:10:00+00:00,2025-09-17 13:15:00+00:00,sell,41.5047,41.6293,41.3801,41.3801,2187.1384375489365,272.5174493185995,27524.26238117855,win,-0.12460000000000093,17524.262381178596
2025-09-17 13:50:00+00:00,2025-09-17 15:00:00+00:00,sell,41.3317,41.6053,41.058099999999996,41.6053,1006.0037420021332,-275.2426238117855,27249.019757366765,loss,0.27360000000000184,17249.019757366812
2025-09-17 19:05:00+00:00,2025-09-17 20:15:00+00:00,sell,41.9807,42.072300000000006,41.88909999999999,41.88909999999999,2974.783816306195,272.4901975736677,27521.509954940433,win,-0.09160000000000679,17521.50995494048
2025-09-17 21:00:00+00:00,2025-09-17 21:05:00+00:00,sell,41.768699999999995,41.9543,41.58309999999999,41.9543,1482.8399760204336,-275.21509954940433,27246.29485539103,loss,0.18560000000000798,17246.294855391076
2025-09-17 21:35:00+00:00,2025-09-19 06:35:00+00:00,sell,41.622699999999995,42.222300000000004,41.023099999999985,42.222300000000004,454.40785282506,-272.4629485539103,26973.831906837117,loss,0.5996000000000095,16973.831906837164
2025-09-19 06:45:00+00:00,2025-09-19 10:00:00+00:00,buy,42.2423,42.0047,42.4799,42.0047,1135.2622856412906,-269.7383190683712,26704.093587768744,loss,-0.23760000000000048,16704.09358776879
2025-09-19 10:25:00+00:00,2025-09-19 15:30:00+00:00,buy,42.1403,41.9967,42.28390000000001,41.9967,1859.6165451091613,-267.04093587768745,26437.052651891056,loss,-0.1436000000000064,16437.052651891103
2025-09-19 16:00:00+00:00,2025-09-19 16:55:00+00:00,buy,42.1293,41.982699999999994,42.27590000000001,42.27590000000001,1803.346019910633,264.37052651891054,26701.423178409965,win,0.1466000000000065,16701.423178410012
2025-09-19 17:05:00+00:00,2025-09-19 17:50:00+00:00,buy,42.3063,42.0627,42.5499,42.5499,1096.1175360595191,267.01423178409965,26968.437410194063,win,0.2436000000000007,16968.43741019411
2025-09-19 18:00:00+00:00,2025-09-19 20:55:00+00:00,buy,42.6353,42.3857,42.8849,42.8849,1080.4662423955915,269.68437410194065,27238.121784296003,win,0.24960000000000093,17238.12178429605
2025-09-19 21:05:00+00:00,2025-09-22 01:00:00+00:00,buy,42.901300000000006,42.6797,43.122900000000016,43.122900000000016,1229.1571202299122,272.38121784296004,27510.503002138965,win,0.22160000000000935,17510.503002139012
2025-09-22 02:50:00+00:00,2025-09-22 04:15:00+00:00,buy,43.1253,43.033699999999996,43.21690000000001,43.21690000000001,3003.3300220673505,275.10503002138967,27785.608032160355,win,0.09160000000000679,17785.608032160402
2025-09-22 04:30:00+00:00,2025-09-22 06:15:00+00:00,buy,43.240300000000005,43.088699999999996,43.391900000000014,43.391900000000014,1832.8237488231327,277.85608032160354,28063.464112481957,win,0.15160000000000906,18063.464112482005
2025-09-22 06:25:00+00:00,2025-09-22 09:45:00+00:00,buy,43.475300000000004,43.226699999999994,43.723900000000015,43.723900000000015,1128.8601815157194,280.63464112481955,28344.098753606777,win,0.24860000000001037,18344.098753606824
2025-09-22 09:55:00+00:00,2025-09-22 10:10:00+00:00,buy,43.7573,43.610699999999994,43.90390000000001,43.610699999999994,1933.4310200276618,-283.4409875360678,28060.657766070708,loss,-0.1466000000000065,18060.657766070755
2025-09-22 11:35:00+00:00,2025-09-22 14:40:00+00:00,buy,43.6953,43.552699999999994,43.83790000000001,43.552699999999994,1967.7880621366755,-280.6065776607071,27780.05118841,loss,-0.14260000000000872,17780.05118841005
2025-09-22 15:55:00+00:00,2025-09-22 16:40:00+00:00,buy,43.481300000000005,43.348699999999994,43.613900000000015,43.348699999999994,2095.026484796965,-277.80051188410005,27502.250676525902,loss,-0.1326000000000107,17502.25067652595
2025-09-22 16:55:00+00:00,2025-09-22 17:55:00+00:00,buy,43.5323,43.338699999999996,43.7259,43.7259,1420.5707994073036,275.02250676525904,27777.27318329116,win,0.19360000000000355,17777.273183291207
2025-09-22 18:05:00+00:00,2025-09-22 19:40:00+00:00,buy,43.7443,43.5517,43.93690000000001,43.93690000000001,1442.22602197769,277.7727318329116,28055.045915124072,win,0.19260000000000588,18055.04591512412
2025-09-22 20:25:00+00:00,2025-09-22 21:55:00+00:00,buy,43.9543,43.847699999999996,44.06090000000001,44.06090000000001,2631.8054329382867,280.5504591512407,28335.596374275312,win,0.10660000000000736,18335.59637427536
2025-09-22 22:15:00+00:00,2025-09-22 23:15:00+00:00,buy,44.0833,44.030699999999996,44.13590000000001,44.030699999999996,5386.995508416817,-283.35596374275315,28052.24041053256,loss,-0.05260000000000531,18052.240410532606
2025-09-23 02:20:00+00:00,2025-09-23 03:15:00+00:00,buy,44.0593,43.9347,44.1839,43.9347,2251.3836605563683,-280.5224041053256,27771.718006427232,loss,-0.12460000000000093,17771.71800642728
2025-09-23 04:15:00+00:00,2025-09-23 04:25:00+00:00,buy,44.0253,43.9257,44.124900000000004,43.9257,2788.3251010468452,-277.7171800642723,27494.00082636296,loss,-0.09960000000000235,17494.000826363008
2025-09-23 05:40:00+00:00,2025-09-23 07:35:00+00:00,buy,43.774300000000004,43.6307,43.91790000000001,43.91790000000001,1914.624012977837,274.94000826362964,27768.940834626592,win,0.1436000000000064,17768.94083462664
2025-09-23 07:45:00+00:00,2025-09-23 08:15:00+00:00,buy,43.938300000000005,43.8347,44.04190000000001,44.04190000000001,2680.399694461839,277.6894083462659,28046.630242972857,win,0.10360000000000724,18046.630242972904
2025-09-23 08:25:00+00:00,2025-09-23 08:50:00+00:00,buy,44.045300000000005,43.899699999999996,44.19090000000001,43.899699999999996,1926.2795496546123,-280.46630242972856,27766.163940543127,loss,-0.14560000000000883,17766.163940543174
2025-09-23 10:30:00+00:00,2025-09-23 11:40:00+00:00,buy,43.8763,43.7177,44.0349,44.0349,1750.7039054566933,277.6616394054313,28043.82557994856,win,0.15859999999999985,18043.825579948607
2025-09-23 11:50:00+00:00,2025-09-23 12:30:00+00:00,buy,44.057300000000005,43.924699999999994,44.189900000000016,44.189900000000016,2114.9189728466285,280.4382557994856,28324.263835748046,win,0.1326000000000107,18324.263835748094
2025-09-23 12:50:00+00:00,2025-09-23 13:10:00+00:00,buy,44.191300000000005,44.104699999999994,44.27790000000002,44.27790000000002,3270.7002119797157,283.2426383574805,28607.50647410553,win,0.08660000000001133,18607.506474105576
2025-09-23 13:25:00+00:00,2025-09-23 14:25:00+00:00,buy,44.283300000000004,44.1537,44.41290000000001,44.41290000000001,2207.369326705614,286.0750647410553,28893.581538846585,win,0.1296000000000035,18893.581538846633
2025-09-23 15:40:00+00:00,2025-09-23 16:50:00+00:00,buy,44.3543,44.198699999999995,44.50990000000001,44.198699999999995,1856.9139806455858,-288.93581538846587,28604.64572345812,loss,-0.15560000000000684,18604.64572345817
2025-09-23 19:00:00+00:00,2025-09-23 19:10:00+00:00,buy,44.3303,44.235699999999994,44.42490000000001,44.235699999999994,3023.7469052279107,-286.0464572345812,28318.59926622354,loss,-0.0946000000000069,18318.599266223588
2025-09-23 20:25:00+00:00,2025-09-23 20:30:00+00:00,buy,44.2943,44.226699999999994,44.361900000000006,44.226699999999994,4189.141903287142,-283.1859926622354,28035.413273561306,loss,-0.06760000000000588,18035.413273561353
2025-09-24 08:10:00+00:00,2025-09-24 08:35:00+00:00,buy,44.149300000000004,44.0687,44.22990000000001,44.22990000000001,3478.339115826292,280.35413273561306,28315.76740629692,win,0.080600000000004,18315.767406296967
2025-09-24 08:45:00+00:00,2025-09-24 09:20:00+00:00,buy,44.2353,44.1267,44.343900000000005,44.1267,2607.345065036484,-283.1576740629692,28032.609732233952,loss,-0.1086000000000027,18032.609732234
2025-09-24 10:35:00+00:00,2025-09-24 11:25:00+00:00,buy,44.1813,44.082699999999996,44.279900000000005,44.082699999999996,2843.0638673663916,-280.32609732233954,27752.28363491161,loss,-0.09860000000000468,17752.28363491166
2025-09-24 13:00:00+00:00,2025-09-24 13:15:00+00:00,buy,44.1623,44.0727,44.251900000000006,44.0727,3097.353084253378,-277.5228363491161,27474.760798562496,loss,-0.08960000000000434,17474.760798562544
2025-09-24 18:50:00+00:00,2025-09-24 19:50:00+00:00,sell,43.915699999999994,44.060300000000005,43.77109999999998,43.77109999999998,1900.052614008325,274.747607985625,27749.50840654812,win,-0.14460000000001116,17749.508406548168
2025-09-24 21:05:00+00:00,2025-09-24 21:10:00+00:00,sell,43.8187,43.901300000000006,43.73609999999999,43.73609999999999,3359.5046497028998,277.4950840654812,28027.003490613602,win,-0.08260000000000645,18027.00349061365
2025-09-24 22:25:00+00:00,2025-09-24 22:35:00+00:00,sell,43.6877,43.8023,43.5731,43.8023,2445.6373028458015,-280.270034906136,27746.73345570747,loss,0.11460000000000292,17746.733455707516
2025-09-25 01:00:00+00:00,2025-09-25 01:25:00+00:00,sell,43.847699999999996,43.914300000000004,43.78109999999999,43.914300000000004,4166.176194550158,-277.4673345570747,27469.266121150395,loss,0.06660000000000821,17469.266121150442
2025-09-25 04:05:00+00:00,2025-09-25 04:25:00+00:00,sell,43.906699999999994,43.9523,43.861099999999986,43.9523,6023.961868672353,-274.69266121150395,27194.57345993889,loss,0.04560000000000741,17194.57345993894
2025-09-25 04:35:00+00:00,2025-09-25 05:05:00+00:00,sell,43.8717,43.9713,43.772099999999995,43.772099999999995,2730.378861439583,271.9457345993889,27466.51919453828,win,-0.09960000000000235,17466.51919453833
2025-09-25 07:05:00+00:00,2025-09-25 08:25:00+00:00,sell,43.9387,43.9973,43.88009999999999,43.88009999999999,4687.119316473666,274.6651919453828,27741.184386483663,win,-0.05860000000000554,17741.184386483714
2025-09-25 10:05:00+00:00,2025-09-25 10:30:00+00:00,buy,44.0043,43.9287,44.0799,44.0799,3669.4688341908904,277.4118438648366,28018.5962303485,win,0.07560000000000144,18018.59623034855
2025-09-25 10:40:00+00:00,2025-09-25 10:45:00+00:00,buy,44.1413,43.969699999999996,44.312900000000006,44.312900000000006,1632.7853281088385,280.185962303485,28298.782192651983,win,0.17160000000000508,18298.782192652034
2025-09-25 10:55:00+00:00,2025-09-25 11:10:00+00:00,buy,44.4133,44.0087,44.8179,44.8179,699.4261540447809,282.9878219265198,28581.770014578502,win,0.40460000000000207,18581.770014578553
2025-09-25 11:20:00+00:00,2025-09-25 16:40:00+00:00,buy,44.841300000000004,44.338699999999996,45.34390000000001,44.338699999999996,568.6782732705539,-285.817700145785,28295.952314432718,loss,-0.5026000000000082,18295.95231443277
2025-09-25 17:55:00+00:00,2025-09-25 18:15:00+00:00,buy,44.6113,44.4617,44.7609,44.7609,1891.440662729466,282.9595231443272,28578.911837577045,win,0.1495999999999995,18578.911837577096
2025-09-25 19:30:00+00:00,2025-09-25 20:15:00+00:00,buy,44.779300000000006,44.655699999999996,44.90290000000002,44.90290000000002,2312.2096955966545,285.78911837577044,28864.700955952816,win,0.12360000000001037,18864.700955952867
2025-09-25 21:30:00+00:00,2025-09-25 21:40:00+00:00,buy,44.8453,44.7177,44.9729,44.9729,2262.1238993693246,288.64700955952816,29153.347965512345,win,0.12760000000000105,19153.347965512396
2025-09-25 21:50:00+00:00,2025-09-26 01:40:00+00:00,buy,45.0163,44.784699999999994,45.24790000000001,44.784699999999994,1258.7801366801132,-291.5334796551235,28861.81448585722,loss,-0.23160000000000736,18861.81448585727
2025-09-26 02:55:00+00:00,2025-09-26 04:05:00+00:00,buy,44.8583,44.686699999999995,45.029900000000005,45.029900000000005,1681.9239210872006,288.6181448585722,29150.432630715793,win,0.17160000000000508,19150.432630715844
2025-09-26 06:40:00+00:00,2025-09-26 09:10:00+00:00,buy,44.743300000000005,44.5907,44.89590000000001,44.89590000000001,1910.2511553548172,291.50432630715795,29441.93695702295,win,0.15260000000000673,19441.936957023
2025-09-26 09:20:00+00:00,2025-09-26 09:30:00+00:00,buy,44.9313,44.725699999999996,45.136900000000004,45.136900000000004,1432.0008247578976,294.4193695702295,29736.35632659318,win,0.205600000000004,19736.35632659323
2025-09-26 10:00:00+00:00,2025-09-26 16:05:00+00:00,buy,45.179300000000005,44.8617,45.49690000000001,45.49690000000001,936.2832596534204,297.3635632659318,30033.719889859112,win,0.3176000000000059,20033.719889859163
2025-09-26 16:15:00+00:00,2025-09-26 18:30:00+00:00,buy,45.5153,45.1397,45.89090000000001,45.89090000000001,799.6198053742986,300.3371988985911,30334.057088757705,win,0.3756000000000057,20334.057088757756
2025-09-26 18:40:00+00:00,2025-09-26 19:35:00+00:00,buy,45.9713,45.689699999999995,46.252900000000004,46.252900000000004,1077.2037318450716,303.34057088757703,30637.39765964528,win,0.2816000000000045,20637.397659645332
2025-09-26 19:45:00+00:00,2025-09-26 20:55:00+00:00,buy,46.2623,45.9297,46.59490000000001,46.59490000000001,921.148456393406,306.3739765964528,30943.771636241734,win,0.33260000000000645,20943.771636241785
2025-09-29 01:00:00+00:00,2025-09-29 03:05:00+00:00,buy,46.194300000000005,46.018699999999995,46.369900000000015,46.369900000000015,1762.1737833849645,309.43771636241735,31253.20935260415,win,0.17560000000000997,21253.2093526042
2025-09-29 03:15:00+00:00,2025-09-29 03:55:00+00:00,buy,46.4003,46.2307,46.569900000000004,46.569900000000004,1842.7599854129517,312.5320935260415,31565.741446130192,win,0.16960000000000264,21565.741446130243
2025-09-29 05:10:00+00:00,2025-09-29 06:00:00+00:00,buy,46.331300000000006,46.101699999999994,46.56090000000002,46.56090000000002,1374.8145229150061,315.6574144613019,31881.398860591493,win,0.22960000000001202,21881.398860591544
2025-09-29 06:10:00+00:00,2025-09-29 06:35:00+00:00,buy,46.588300000000004,46.4467,46.72990000000001,46.72990000000001,2251.511218968263,318.813988605915,32200.212849197407,win,0.14160000000000394,22200.212849197458
2025-09-29 06:45:00+00:00,2025-09-29 16:55:00+00:00,buy,46.832300000000004,46.4687,47.19590000000001,46.4687,885.5944127941954,-322.0021284919741,31878.210720705432,loss,-0.36360000000000525,21878.210720705483
2025-09-29 17:25:00+00:00,2025-09-30 11:20:00+00:00,buy,46.8483,46.4597,47.236900000000006,46.4597,820.3348101056387,-318.7821072070543,31559.428613498378,loss,-0.38860000000000383,21559.42861349843
2025-09-30 12:05:00+00:00,2025-09-30 12:20:00+00:00,sell,46.159699999999994,46.3843,45.935099999999984,45.935099999999984,1405.1392971280966,315.5942861349838,31875.02289963336,win,-0.22460000000000946,21875.02289963341
2025-09-30 12:45:00+00:00,2025-09-30 17:05:00+00:00,sell,45.933699999999995,46.3233,45.544099999999986,46.3233,818.147405021372,-318.7502289963336,31556.272670637027,loss,0.3896000000000086,21556.272670637078
2025-09-30 18:05:00+00:00,2025-09-30 18:10:00+00:00,sell,46.5907,46.771300000000004,46.41009999999999,46.41009999999999,1747.301919747291,315.56272670637026,31871.8353973434,win,-0.18060000000000542,21871.83539734345
2025-09-30 18:20:00+00:00,2025-10-01 04:15:00+00:00,sell,46.3097,46.771300000000004,45.848099999999995,46.771300000000004,690.4643716928749,-318.718353973434,31553.117043369966,loss,0.46160000000000423,21553.117043370017
2025-10-01 04:25:00+00:00,2025-10-01 04:30:00+00:00,buy,46.8183,46.6757,46.9609,46.9609,2212.7010549347556,315.53117043369974,31868.648213803666,win,0.14260000000000161,21868.648213803717
2025-10-01 04:40:00+00:00,2025-10-01 05:00:00+00:00,buy,46.993300000000005,46.707699999999996,47.278900000000014,47.278900000000014,1115.8490270939292,318.68648213803664,32187.334695941703,win,0.2856000000000094,22187.334695941754
2025-10-01 05:10:00+00:00,2025-10-01 06:30:00+00:00,buy,47.362300000000005,46.9627,47.76190000000001,46.9627,805.4888562547841,-321.87334695941706,31865.461348982288,loss,-0.3996000000000066,21865.46134898234
2025-10-01 07:55:00+00:00,2025-10-01 08:25:00+00:00,buy,47.109300000000005,46.9467,47.27190000000001,46.9467,1959.745470417058,-318.6546134898229,31546.806735492464,loss,-0.16260000000000474,21546.806735492515
2025-10-01 09:40:00+00:00,2025-10-01 10:35:00+00:00,buy,46.959300000000006,46.655699999999996,47.262900000000016,47.262900000000016,1039.09113094504,315.46806735492464,31862.274802847387,win,0.3036000000000101,21862.274802847438
2025-10-01 10:45:00+00:00,2025-10-01 16:30:00+00:00,buy,47.276300000000006,47.015699999999995,47.53690000000002,47.53690000000002,1222.6506064023818,318.6227480284739,32180.89755087586,win,0.2606000000000108,22180.89755087591
2025-10-01 16:40:00+00:00,2025-10-01 18:10:00+00:00,buy,47.590300000000006,47.241699999999994,47.93890000000002,47.241699999999994,923.1468029510835,-321.8089755087586,31859.0885753671,loss,-0.3486000000000118,21859.08857536715
2025-10-01 19:10:00+00:00,2025-10-01 23:05:00+00:00,buy,47.505300000000005,47.2377,47.772900000000014,47.2377,1190.5489004247406,-318.590885753671,31540.49768961343,loss,-0.2676000000000087,21540.49768961348
2025-10-02 08:05:00+00:00,2025-10-02 08:10:00+00:00,buy,47.2333,47.152699999999996,47.313900000000004,47.313900000000004,3913.21311285507,315.4049768961343,31855.902666509563,win,0.080600000000004,21855.902666509613
2025-10-02 08:20:00+00:00,2025-10-02 15:00:00+00:00,buy,47.383300000000006,47.167699999999996,47.598900000000015,47.598900000000015,1477.546505867728,318.55902666509564,32174.461693174657,win,0.21560000000000912,22174.461693174708
2025-10-02 15:10:00+00:00,2025-10-02 16:00:00+00:00,buy,47.6873,47.4617,47.9129,47.9129,1426.1729473924936,321.7446169317466,32496.206310106405,win,0.22560000000000002,22496.206310106456
2025-10-02 16:10:00+00:00,2025-10-02 16:35:00+00:00,buy,47.9483,47.7057,48.190900000000006,47.7057,1339.4973746952185,-324.9620631010641,32171.24424700534,loss,-0.24260000000000304,22171.24424700539
2025-10-02 17:50:00+00:00,2025-10-03 08:30:00+00:00,sell,46.3307,47.124300000000005,45.537099999999995,47.124300000000005,405.38362206407686,-321.7124424700534,31849.531804535287,loss,0.793600000000005,21849.531804535338
2025-10-03 10:05:00+00:00,2025-10-03 10:40:00+00:00,buy,47.2933,47.2057,47.380900000000004,47.380900000000004,3635.791301887511,318.49531804535286,32168.02712258064,win,0.0876000000000019,22168.02712258069
2025-10-03 10:50:00+00:00,2025-10-03 12:15:00+00:00,buy,47.3813,47.299699999999994,47.46290000000001,47.299699999999994,3942.160186590341,-321.6802712258064,31846.346851354832,loss,-0.08160000000000878,21846.346851354883
2025-10-03 13:40:00+00:00,2025-10-03 13:50:00+00:00,buy,47.4133,47.3647,47.4619,47.4619,6552.746265710814,318.4634685135483,32164.810319868382,win,0.04860000000000042,22164.810319868433
2025-10-03 14:00:00+00:00,2025-10-03 14:30:00+00:00,buy,47.5463,47.3227,47.76990000000001,47.3227,1438.4977781693967,-321.6481031986838,31843.162216669698,loss,-0.22360000000000468,21843.16221666975
2025-10-03 15:00:00+00:00,2025-10-03 18:20:00+00:00,buy,47.6193,47.2307,48.00790000000001,48.00790000000001,819.4328928633397,318.43162216669697,32161.593838836394,win,0.38860000000000383,22161.593838836445
2025-10-03 18:30:00+00:00,2025-10-03 20:50:00+00:00,buy,48.179300000000005,47.8007,48.55790000000001,47.8007,849.4874231071288,-321.61593838836393,31839.97790044803,loss,-0.3786000000000058,21839.97790044808
2025-10-03 21:30:00+00:00,2025-10-06 04:25:00+00:00,buy,47.996300000000005,47.704699999999995,48.287900000000015,48.287900000000015,1091.9059636641625,318.3997790044803,32158.37767945251,win,0.29160000000000963,22158.377679452562
2025-10-06 04:50:00+00:00,2025-10-06 06:40:00+00:00,buy,48.3113,48.100699999999996,48.52190000000001,48.52190000000001,1526.9884938011164,321.58377679452514,32479.961456247038,win,0.21060000000000656,22479.96145624709
2025-10-06 06:55:00+00:00,2025-10-06 14:40:00+00:00,buy,48.523300000000006,48.2467,48.799900000000015,48.2467,1174.2574640725225,-324.79961456247037,32155.161841684567,loss,-0.27660000000000906,22155.161841684618
2025-10-06 15:15:00+00:00,2025-10-06 15:35:00+00:00,buy,48.441300000000005,48.1477,48.73490000000001,48.1477,1095.2030600028618,-321.55161841684566,31833.610223267722,loss,-0.29360000000000497,21833.610223267773
2025-10-06 16:05:00+00:00,2025-10-06 17:10:00+00:00,buy,48.371300000000005,48.0477,48.69490000000001,48.69490000000001,983.733319631246,318.3361022326772,32151.9463255004,win,0.3236000000000061,22151.946325500452
2025-10-06 17:35:00+00:00,2025-10-06 19:10:00+00:00,buy,48.7083,48.433699999999995,48.98290000000001,48.433699999999995,1170.8647605790106,-321.51946325500404,31830.426862245396,loss,-0.2746000000000066,21830.426862245447
2025-10-06 21:45:00+00:00,2025-10-06 22:20:00+00:00,buy,48.691300000000005,48.6157,48.766900000000014,48.6157,4210.373923576957,-318.30426862245395,31512.122593622942,loss,-0.07560000000000855,21512.122593622993
2025-10-07 01:10:00+00:00,2025-10-07 01:15:00+00:00,buy,48.5493,48.5117,48.58690000000001,48.58690000000001,8380.883668515684,315.12122593622945,31827.24381955917,win,0.03760000000000474,21827.243819559222
2025-10-07 02:40:00+00:00,2025-10-07 03:45:00+00:00,buy,48.539300000000004,48.354699999999994,48.723900000000015,48.354699999999994,1724.1193835079846,-318.27243819559175,31508.97138136358,loss,-0.1846000000000103,21508.97138136363
2025-10-07 07:45:00+00:00,2025-10-07 08:10:00+00:00,buy,48.560300000000005,48.4597,48.66090000000001,48.4597,3132.1045110697164,-315.0897138136358,31193.881667549944,loss,-0.10060000000000713,21193.881667549995
2025-10-07 08:45:00+00:00,2025-10-07 10:00:00+00:00,buy,48.6103,48.4207,48.79990000000001,48.4207,1645.2469233939344,-311.9388166754994,30881.942850874446,loss,-0.18960000000000576,20881.942850874497
2025-10-07 11:05:00+00:00,2025-10-07 12:10:00+00:00,sell,47.9107,48.2853,47.5361,48.2853,824.39783371261,-308.81942850874447,30573.1234223657,loss,0.37460000000000093,20573.123422365752
2025-10-07 17:05:00+00:00,2025-10-07 17:10:00+00:00,sell,48.220699999999994,48.417300000000004,48.02409999999998,48.02409999999998,1555.092747831334,305.731234223657,30878.85465658936,win,-0.19660000000001077,20878.85465658941
2025-10-07 18:05:00+00:00,2025-10-07 18:45:00+00:00,sell,47.979699999999994,48.383300000000006,47.57609999999998,47.57609999999998,765.0855960502597,308.7885465658936,31187.643203155254,win,-0.4036000000000115,21187.643203155305
2025-10-07 19:15:00+00:00,2025-10-08 05:25:00+00:00,sell,47.3247,48.222300000000004,46.427099999999996,48.222300000000004,347.4559180387156,-311.87643203155255,30875.7667711237,loss,0.8976000000000042,20875.766771123752
2025-10-08 08:05:00+00:00,2025-10-08 08:20:00+00:00,buy,48.508300000000006,48.390699999999995,48.625900000000016,48.625900000000016,2625.4903716939657,308.757667711237,31184.52443883494,win,0.11760000000001014,21184.52443883499
2025-10-08 08:30:00+00:00,2025-10-08 08:35:00+00:00,buy,48.6783,48.4657,48.8909,48.8909,1466.816765702477,311.8452443883494,31496.36968322329,win,0.2126000000000019,21496.36968322334
2025-10-08 10:10:00+00:00,2025-10-08 12:40:00+00:00,buy,48.6863,48.4537,48.91890000000001,48.91890000000001,1354.100158350069,314.96369683223287,31811.333380055523,win,0.23260000000000502,21811.333380055574
2025-10-08 12:50:00+00:00,2025-10-08 13:25:00+00:00,buy,48.9273,48.796699999999994,49.05790000000001,48.796699999999994,2435.7835666197175,-318.1133338005552,31493.220046254966,loss,-0.13060000000000827,21493.220046255017
2025-10-08 13:55:00+00:00,2025-10-08 16:35:00+00:00,buy,48.953300000000006,48.774699999999996,49.131900000000016,48.774699999999996,1763.3381884800217,-314.93220046254964,31178.287845792416,loss,-0.17860000000001008,21178.287845792467
2025-10-08 16:55:00+00:00,2025-10-08 18:00:00+00:00,buy,49.0673,48.7587,49.37590000000001,49.37590000000001,1010.3139288979862,311.78287845792414,31490.07072425034,win,0.30860000000000554,21490.070724250392
2025-10-08 18:35:00+00:00,2025-10-08 22:55:00+00:00,buy,49.420300000000005,48.9657,49.87490000000001,48.9657,692.6984321216432,-314.9007072425034,31175.170017007837,loss,-0.45460000000000633,21175.170017007888
2025-10-09 01:15:00+00:00,2025-10-09 01:20:00+00:00,buy,48.8793,48.683699999999995,49.07490000000001,49.07490000000001,1593.822598006487,311.7517001700784,31486.921717177916,win,0.195600000000006,21486.921717177967
2025-10-09 08:05:00+00:00,2025-10-09 08:55:00+00:00,buy,49.0653,48.9467,49.1839,49.1839,2654.8837872831136,314.86921717177916,31801.790934349694,win,0.1186000000000007,21801.790934349745
2025-10-09 09:05:00+00:00,2025-10-09 09:25:00+00:00,buy,49.243300000000005,49.043699999999994,49.442900000000016,49.043699999999994,1593.2760989152287,-318.01790934349697,31483.773025006198,loss,-0.19960000000001088,21483.77302500625
2025-10-09 11:10:00+00:00,2025-10-09 12:05:00+00:00,buy,49.1623,48.978699999999996,49.34590000000001,49.34590000000001,1714.802452342334,314.837730250062,31798.61075525626,win,0.18360000000000554,21798.61075525631
2025-10-09 12:15:00+00:00,2025-10-09 12:20:00+00:00,buy,49.3523,49.226699999999994,49.477900000000005,49.477900000000005,2531.7365250999055,317.9861075525626,32116.596862808823,win,0.1256000000000057,22116.596862808874
2025-10-09 12:30:00+00:00,2025-10-09 15:15:00+00:00,buy,49.563300000000005,49.2947,49.83190000000001,49.83190000000001,1195.703531750114,321.16596862808825,32437.76283143691,win,0.2686000000000064,22437.76283143696
2025-10-09 15:25:00+00:00,2025-10-09 15:45:00+00:00,buy,49.8553,49.6307,50.0799,50.0799,1444.2458963239792,324.37762831436913,32762.14045975128,win,0.22460000000000235,22762.140459751332
2025-10-09 15:55:00+00:00,2025-10-09 16:00:00+00:00,buy,50.2503,49.909699999999994,50.59090000000001,50.59090000000001,961.8949048664241,327.6214045975128,33089.761864348795,win,0.3406000000000091,23089.761864348846
2025-10-09 16:10:00+00:00,2025-10-09 16:45:00+00:00,buy,51.008300000000006,49.9467,52.06990000000001,49.9467,311.697078601626,-330.89761864348793,32758.864245705307,loss,-1.0616000000000057,22758.864245705357
2025-10-09 18:05:00+00:00,2025-10-09 19:20:00+00:00,buy,50.6893,49.857699999999994,51.52090000000001,49.857699999999994,393.9257364803386,-327.5886424570531,32431.275603248254,loss,-0.8316000000000088,22431.275603248305
2025-10-10 02:05:00+00:00,2025-10-10 03:10:00+00:00,sell,48.917699999999996,49.307300000000005,48.52809999999999,49.307300000000005,832.424938481713,-324.3127560324825,32106.96284721577,loss,0.3896000000000086,22106.962847215822
2025-10-10 04:05:00+00:00,2025-10-10 05:50:00+00:00,buy,49.761300000000006,49.476699999999994,50.04590000000002,49.476699999999994,1128.1434591431641,-321.0696284721578,31785.893218743615,loss,-0.28460000000001173,21785.893218743666
2025-10-10 08:05:00+00:00,2025-10-10 08:20:00+00:00,buy,49.3573,49.137699999999995,49.57690000000001,49.57690000000001,1447.4450463908295,317.85893218743615,32103.75215093105,win,0.2196000000000069,22103.7521509311
2025-10-10 08:40:00+00:00,2025-10-10 09:20:00+00:00,buy,49.658300000000004,49.3407,49.97590000000001,49.97590000000001,1010.8234304449137,321.0375215093105,32424.78967244036,win,0.3176000000000059,22424.789672440413
2025-10-10 09:30:00+00:00,2025-10-10 10:20:00+00:00,buy,49.9793,49.6977,50.26090000000001,50.26090000000001,1151.4484968906195,324.24789672440363,32749.037569164764,win,0.2816000000000045,22749.037569164815
2025-10-10 10:30:00+00:00,2025-10-10 11:35:00+00:00,buy,50.3363,49.7957,50.876900000000006,50.876900000000006,605.7905580681553,327.49037569164767,33076.52794485641,win,0.5406000000000049,23076.52794485646
2025-10-10 11:45:00+00:00,2025-10-10 12:55:00+00:00,buy,50.889300000000006,50.6067,51.171900000000015,50.6067,1170.4362330097426,-330.7652794485641,32745.762665407845,loss,-0.2826000000000093,22745.762665407896
2025-10-10 15:25:00+00:00,2025-10-10 15:45:00+00:00,buy,50.200300000000006,49.851699999999994,50.54890000000002,49.851699999999994,939.3506214976115,-327.45762665407847,32418.305038753766,loss,-0.3486000000000118,22418.305038753817
2025-10-10 16:25:00+00:00,2025-10-10 16:55:00+00:00,buy,50.2423,49.811699999999995,50.672900000000006,49.811699999999995,752.8635633709558,-324.18305038753766,32094.121988366227,loss,-0.4306000000000054,22094.121988366278
2025-10-10 17:15:00+00:00,2025-10-10 18:40:00+00:00,buy,50.307300000000005,49.7957,50.81890000000001,49.7957,627.3284204137157,-320.94121988366226,31773.180768482565,loss,-0.5116000000000085,21773.180768482616
2025-10-10 19:20:00+00:00,2025-10-10 19:45:00+00:00,buy,50.337300000000006,49.7797,50.894900000000014,49.7797,569.8203150732087,-317.73180768482564,31455.44896079774,loss,-0.5576000000000079,21455.448960797792
2025-10-10 21:10:00+00:00,2025-10-10 21:40:00+00:00,buy,50.203300000000006,49.9007,50.50590000000001,49.9007,1039.5059141043355,-314.5544896079774,31140.894471189764,loss,-0.3026000000000053,21140.894471189815
2025-10-10 22:55:00+00:00,2025-10-10 23:50:00+00:00,buy,50.026300000000006,49.7157,50.336900000000014,50.336900000000014,1002.6044581838044,311.4089447118976,31452.30341590166,win,0.310600000000008,21452.30341590171
2025-10-13 01:00:00+00:00,2025-10-13 01:05:00+00:00,buy,50.353300000000004,50.0517,50.65490000000001,50.65490000000001,1042.8482564953867,314.5230341590166,31766.82645006068,win,0.30160000000000764,21766.82645006073
2025-10-13 02:20:00+00:00,2025-10-13 02:25:00+00:00,buy,50.4073,50.290699999999994,50.523900000000005,50.290699999999994,2724.4276543790065,-317.66826450060677,31449.15818556007,loss,-0.11660000000000537,21449.15818556012
2025-10-13 03:40:00+00:00,2025-10-13 04:50:00+00:00,buy,50.405300000000004,50.097699999999996,50.71290000000001,50.71290000000001,1022.4043623393779,314.4915818556007,31763.64976741567,win,0.30760000000000787,21763.64976741572
2025-10-13 05:00:00+00:00,2025-10-13 06:20:00+00:00,buy,50.795300000000005,50.3657,51.22490000000001,51.22490000000001,739.3773223327537,317.6364976741567,32081.286265089828,win,0.42960000000000775,22081.28626508988
2025-10-13 06:30:00+00:00,2025-10-13 13:00:00+00:00,buy,51.343300000000006,50.835699999999996,51.85090000000002,50.835699999999996,632.019035955263,-320.8128626508983,31760.47340243893,loss,-0.5076000000000107,21760.47340243898
2025-10-13 14:05:00+00:00,2025-10-14 01:00:00+00:00,buy,51.392300000000006,50.341699999999996,52.442900000000016,52.442900000000016,302.30795166988986,317.6047340243893,32078.07813646332,win,1.05060000000001,22078.07813646337
2025-10-14 02:25:00+00:00,2025-10-14 04:25:00+00:00,buy,52.463300000000004,52.1277,52.79890000000001,52.79890000000001,955.8426143165284,320.7807813646332,32398.85891782795,win,0.33560000000000656,22398.858917828
2025-10-14 04:35:00+00:00,2025-10-14 06:25:00+00:00,buy,52.865300000000005,52.5487,53.18190000000001,53.18190000000001,1023.3372999945393,323.98858917827954,32722.84750700623,win,0.3166000000000082,22722.84750700628
2025-10-14 06:35:00+00:00,2025-10-14 08:40:00+00:00,buy,53.249300000000005,52.802699999999994,53.695900000000016,52.802699999999994,732.7104233543538,-327.2284750700623,32395.619031936167,loss,-0.44660000000001077,22395.619031936218
2025-10-14 10:05:00+00:00,2025-10-14 15:30:00+00:00,buy,51.7903,50.6477,52.932900000000004,50.6477,283.5254597578866,-323.9561903193617,32071.662841616806,loss,-1.1426000000000016,22071.662841616857
2025-10-14 15:40:00+00:00,2025-10-14 17:00:00+00:00,sell,50.5787,51.4183,49.73909999999999,51.4183,381.98740878533397,-320.7166284161681,31750.946213200637,loss,0.8396000000000043,21750.94621320069
2025-10-14 19:05:00+00:00,2025-10-14 19:10:00+00:00,sell,51.7057,51.8703,51.5411,51.5411,1928.9760761361254,317.5094621320064,32068.455675332643,win,-0.16460000000000008,22068.455675332694
2025-10-14 19:20:00+00:00,2025-10-14 19:50:00+00:00,sell,51.4777,51.9003,51.055099999999996,51.9003,758.8370959614869,-320.68455675332643,31747.771118579316,loss,0.42260000000000275,21747.771118579367
2025-10-14 22:05:00+00:00,2025-10-14 22:25:00+00:00,sell,51.8047,51.8753,51.73409999999999,51.73409999999999,4496.85143322615,317.47771118579317,32065.24882976511,win,-0.07060000000000599,22065.24882976516
2025-10-14 22:35:00+00:00,2025-10-14 22:40:00+00:00,sell,51.728699999999996,51.8423,51.61509999999999,51.61509999999999,2822.6451434651085,320.65248829765113,32385.901318062763,win,-0.11360000000000525,22385.901318062814
2025-10-14 22:50:00+00:00,2025-10-15 02:25:00+00:00,sell,51.3587,51.8183,50.8991,51.8183,704.6540756758625,-323.85901318062764,32062.042304882136,loss,0.4596000000000018,22062.042304882187
2025-10-15 04:05:00+00:00,2025-10-15 04:10:00+00:00,buy,51.911300000000004,51.7587,52.06390000000001,52.06390000000001,2101.051265064267,320.6204230488213,32382.662727930958,win,0.15260000000000673,22382.66272793101
2025-10-15 04:55:00+00:00,2025-10-15 05:35:00+00:00,buy,52.1893,51.7587,52.61990000000001,51.7587,752.03582740201,-323.8266272793096,32058.83610065165,loss,-0.4306000000000054,22058.8361006517
2025-10-15 06:25:00+00:00,2025-10-15 08:15:00+00:00,buy,51.898300000000006,51.4807,52.31590000000001,52.31590000000001,767.6924353604188,320.5883610065165,32379.424461658167,win,0.4176000000000073,22379.42446165822
2025-10-15 08:30:00+00:00,2025-10-15 08:35:00+00:00,buy,52.340300000000006,52.140699999999995,52.53990000000002,52.140699999999995,1622.2156543916035,-323.7942446165817,32055.630217041584,loss,-0.19960000000001088,22055.630217041635
2025-10-15 09:00:00+00:00,2025-10-15 10:20:00+00:00,buy,52.3523,52.1027,52.6019,52.6019,1284.2800567724946,320.55630217041585,32376.186519212,win,0.24960000000000093,22376.18651921205
2025-10-15 10:30:00+00:00,2025-10-15 11:30:00+00:00,buy,52.6023,52.3187,52.8859,52.8859,1141.6144752895634,323.76186519212,32699.948384404117,win,0.28359999999999985,22699.948384404168
2025-10-15 11:40:00+00:00,2025-10-15 12:15:00+00:00,buy,52.889300000000006,52.680699999999995,53.09790000000002,52.680699999999995,1567.5910059636797,-326.99948384404115,32372.948900560077,loss,-0.20860000000001122,22372.948900560128
2025-10-15 14:35:00+00:00,2025-10-15 14:55:00+00:00,buy,52.752300000000005,52.5477,52.95690000000001,52.95690000000001,1582.2555669872472,323.7294890056008,32696.678389565677,win,0.20460000000000633,22696.678389565728
2025-10-15 15:05:00+00:00,2025-10-15 15:15:00+00:00,buy,52.959300000000006,52.7377,53.180900000000015,52.7377,1475.4818767853924,-326.96678389565676,32369.71160567002,loss,-0.22160000000000935,22369.711605670072
2025-10-15 17:10:00+00:00,2025-10-15 18:15:00+00:00,buy,52.707300000000004,52.506699999999995,52.90790000000001,52.90790000000001,1613.644646344399,323.6971160567002,32693.408721726722,win,0.20060000000000855,22693.408721726773
2025-10-15 20:35:00+00:00,2025-10-15 21:05:00+00:00,buy,52.5103,52.2677,52.752900000000004,52.752900000000004,1347.626080862585,326.93408721726723,33020.34280894399,win,0.24260000000000304,23020.342808944042
2025-10-15 21:20:00+00:00,2025-10-16 03:20:00+00:00,buy,52.868300000000005,52.5597,53.17690000000001,53.17690000000001,1070.0046276391251,330.20342808943997,33350.54623703343,win,0.30860000000000554,23350.546237033483
2025-10-16 04:20:00+00:00,2025-10-16 07:40:00+00:00,buy,53.2273,52.960699999999996,53.493900000000004,52.960699999999996,1250.9582234445961,-333.50546237033427,33017.040774663095,loss,-0.26660000000000394,23017.04077466315
2025-10-16 09:05:00+00:00,2025-10-16 09:20:00+00:00,buy,52.7513,52.5357,52.9669,52.9669,1531.4026333331535,330.170407746631,33347.21118240972,win,0.215600000000002,23347.21118240978
2025-10-16 09:30:00+00:00,2025-10-16 16:55:00+00:00,buy,52.9673,52.5597,53.374900000000004,53.374900000000004,818.1357012367405,333.4721118240972,33680.68329423382,win,0.4076000000000022,23680.683294233877
2025-10-16 17:05:00+00:00,2025-10-16 19:10:00+00:00,buy,53.4153,52.8717,53.95890000000001,53.95890000000001,619.5857853979676,336.80683294233825,34017.49012717616,win,0.543600000000005,24017.490127176214
2025-10-16 19:20:00+00:00,2025-10-16 19:35:00+00:00,buy,53.9713,53.668699999999994,54.273900000000005,53.668699999999994,1124.1735005675998,-340.17490127176166,33677.3152259044,loss,-0.3026000000000053,23677.31522590445
2025-10-16 20:30:00+00:00,2025-10-17 04:40:00+00:00,buy,54.1223,53.4907,54.75390000000001,53.4907,533.2063841973414,-336.773152259044,33340.54207364535,loss,-0.6316000000000059,23340.542073645407
2025-10-17 05:30:00+00:00,2025-10-17 07:00:00+00:00,buy,53.8613,53.454699999999995,54.267900000000004,54.267900000000004,819.9838188304226,333.40542073645355,33673.947494381806,win,0.4066000000000045,23673.94749438186
2025-10-17 07:10:00+00:00,2025-10-17 09:30:00+00:00,buy,54.3173,54.1187,54.51590000000001,54.1187,1695.5663390926873,-336.73947494381804,33337.20801943799,loss,-0.1986000000000061,23337.208019438043
2025-10-17 11:50:00+00:00,2025-10-17 13:10:00+00:00,buy,53.8143,53.5537,54.07490000000001,54.07490000000001,1279.2481972155608,333.3720801943799,33670.58009963237,win,0.2606000000000037,23670.58009963242
2025-10-17 16:05:00+00:00,2025-10-17 16:35:00+00:00,sell,53.2407,53.7723,52.70909999999999,52.70909999999999,633.3818679389029,336.70580099632366,34007.28590062869,win,-0.5316000000000045,24007.285900628744
2025-10-17 17:00:00+00:00,2025-10-17 17:05:00+00:00,sell,52.6067,53.4063,51.80709999999999,51.80709999999999,425.30372562066617,340.0728590062869,34347.358759634975,win,-0.7996000000000052,24347.35875963503
2025-10-17 17:15:00+00:00,2025-10-21 11:00:00+00:00,sell,51.796699999999994,53.045300000000005,50.548099999999984,50.548099999999984,275.08696748065586,343.4735875963498,34690.83234723133,win,-1.2486000000000104,24690.83234723138
2025-10-21 11:10:00+00:00,2025-10-21 11:15:00+00:00,sell,50.1757,51.0123,49.339099999999995,49.339099999999995,414.66450331378377,346.90832347231327,35037.74067070364,win,-0.8366000000000042,25037.740670703693
2025-10-21 13:45:00+00:00,2025-10-21 15:10:00+00:00,sell,50.0907,50.3783,49.80309999999999,49.80309999999999,1218.280273668396,350.37740670703647,35388.118077410676,win,-0.28760000000000474,25388.11807741073
2025-10-21 15:20:00+00:00,2025-10-21 16:45:00+00:00,sell,49.780699999999996,50.149300000000004,49.41209999999999,49.41209999999999,960.0683146340186,353.8811807741068,35741.999258184784,win,-0.3686000000000078,25741.99925818484
2025-10-21 16:55:00+00:00,2025-10-21 17:30:00+00:00,sell,49.174699999999994,49.9333,48.416099999999986,48.416099999999986,471.1573854229421,357.41999258184785,36099.41925076663,win,-0.7586000000000084,26099.419250766685
2025-10-21 17:40:00+00:00,2025-10-21 18:10:00+00:00,sell,48.287699999999994,48.9553,47.62009999999999,48.9553,540.7342607963786,-360.9941925076663,35738.42505825897,loss,0.6676000000000073,25738.425058259018
2025-10-21 19:25:00+00:00,2025-10-21 19:30:00+00:00,sell,48.847699999999996,49.0383,48.65709999999999,48.65709999999999,1875.0485340114546,357.3842505825897,36095.809308841555,win,-0.19060000000000343,26095.809308841606
2025-10-21 19:40:00+00:00,2025-10-21 20:25:00+00:00,sell,48.6397,49.011300000000006,48.26809999999999,48.26809999999999,971.361929731991,360.9580930884156,36456.767401929974,win,-0.3716000000000079,26456.76740193002
2025-10-21 21:45:00+00:00,2025-10-21 22:10:00+00:00,sell,48.5077,48.7013,48.314099999999996,48.314099999999996,1883.097489769076,364.5676740192998,36821.335075949275,win,-0.19360000000000355,26821.335075949322
2025-10-22 01:05:00+00:00,2025-10-22 01:10:00+00:00,sell,48.2097,48.490300000000005,47.92909999999999,48.490300000000005,1312.2357475391439,-368.21335075949276,36453.12172518978,loss,0.28060000000000684,26453.12172518983
2025-10-22 02:45:00+00:00,2025-10-22 02:55:00+00:00,sell,48.411699999999996,48.6283,48.19509999999999,48.19509999999999,1682.969608734471,364.53121725189783,36817.65294244168,win,-0.2166000000000068,26817.652942441728
2025-10-22 03:05:00+00:00,2025-10-22 03:10:00+00:00,sell,48.177699999999994,48.530300000000004,47.825099999999985,47.825099999999985,1044.1762036993953,368.17652942441674,37185.8294718661,win,-0.3526000000000096,27185.829471866145
2025-10-22 10:05:00+00:00,2025-10-22 10:10:00+00:00,sell,49.159699999999994,49.2903,49.029099999999985,49.029099999999985,2847.3070039711906,371.85829471866106,37557.68776658476,win,-0.13060000000000827,27557.687766584808
2025-10-22 10:20:00+00:00,2025-10-22 11:05:00+00:00,sell,48.9507,49.271300000000004,48.63009999999999,48.63009999999999,1171.4812154268263,375.5768776658475,37933.2646442506,win,-0.320600000000006,27933.264644250656
2025-10-22 11:15:00+00:00,2025-10-22 13:55:00+00:00,sell,48.5387,49.0653,48.0121,48.0121,720.3430429975401,379.332646442506,38312.597290693106,win,-0.526600000000002,28312.59729069316
2025-10-22 14:05:00+00:00,2025-10-23 09:00:00+00:00,sell,47.9497,48.776300000000006,47.123099999999994,48.776300000000006,463.4962169210358,-383.12597290693105,37929.47131778618,loss,0.8266000000000062,27929.47131778623
2025-10-23 10:05:00+00:00,2025-10-23 10:35:00+00:00,buy,49.212300000000006,49.0697,49.354900000000015,49.0697,2659.8507235472553,-379.2947131778618,37550.176604608314,loss,-0.14260000000000872,27550.17660460837
2025-10-23 12:00:00+00:00,2025-10-23 12:20:00+00:00,buy,49.173300000000005,49.0577,49.28890000000001,49.28890000000001,3248.2851734088076,375.50176604608316,37925.678370654394,win,0.1156000000000077,27925.678370654452
2025-10-23 13:35:00+00:00,2025-10-23 13:45:00+00:00,buy,49.1233,49.006699999999995,49.239900000000006,49.006699999999995,3252.6310781005704,-379.25678370654396,37546.42158694785,loss,-0.11660000000000537,27546.42158694791
2025-10-23 14:00:00+00:00,2025-10-23 16:50:00+00:00,buy,49.1563,48.9417,49.370900000000006,49.370900000000006,1749.6002603423622,375.4642158694785,37921.88580281733,win,0.21460000000000434,27921.885802817385
2025-10-23 17:00:00+00:00,2025-10-23 17:15:00+00:00,buy,49.401300000000006,49.095699999999994,49.70690000000002,49.095699999999994,1240.8994045424008,-379.21885802817326,37542.666944789155,loss,-0.30560000000001253,27542.666944789213
2025-10-23 18:30:00+00:00,2025-10-23 18:45:00+00:00,buy,49.2423,49.0727,49.4119,49.0727,2213.6006453295145,-375.42666944789147,37167.24027534126,loss,-0.16960000000000264,27167.240275341323
2025-10-23 20:55:00+00:00,2025-10-23 22:45:00+00:00,buy,49.0983,48.8777,49.318900000000006,48.8777,1684.8250351468944,-371.6724027534126,36795.567872587846,loss,-0.22060000000000457,26795.56787258791
2025-10-24 05:05:00+00:00,2025-10-24 08:05:00+00:00,sell,48.390699999999995,48.706300000000006,48.075099999999985,48.706300000000006,1165.892518142795,-367.95567872587844,36427.61219386197,loss,0.31560000000001054,26427.612193862034
2025-10-24 09:00:00+00:00,2025-10-24 11:20:00+00:00,sell,48.289699999999996,48.713300000000004,47.86609999999999,47.86609999999999,859.9530735094742,364.2761219386197,36791.88831580059,win,-0.4236000000000075,26791.888315800654
2025-10-24 11:40:00+00:00,2025-10-24 11:50:00+00:00,sell,47.8337,48.1653,47.5021,48.1653,1109.5261856393367,-367.91888315800594,36423.96943264259,loss,0.33160000000000167,26423.969432642647
2025-10-24 13:45:00+00:00,2025-10-24 14:00:00+00:00,sell,48.0107,48.1953,47.8261,47.8261,1973.1294383879715,364.2396943264259,36788.20912696901,win,-0.1846000000000032,26788.20912696907
2025-10-24 15:25:00+00:00,2025-10-24 15:30:00+00:00,sell,47.9997,48.234300000000005,47.76509999999999,48.234300000000005,1568.1248562219882,-367.88209126969014,36420.32703569932,loss,0.23460000000000747,26420.32703569938
2025-10-27 01:05:00+00:00,2025-10-27 01:10:00+00:00,sell,48.488699999999994,48.6573,48.32009999999999,48.32009999999999,2160.161745889576,364.2032703569933,36784.53030605632,win,-0.16860000000000497,26784.530306056375
2025-10-27 01:20:00+00:00,2025-10-27 06:00:00+00:00,sell,48.2707,48.6573,47.8841,47.8841,951.4881093134037,367.8453030605632,37152.375609116876,win,-0.3866000000000014,27152.375609116938
2025-10-27 06:10:00+00:00,2025-10-27 07:20:00+00:00,sell,47.8217,48.1143,47.5291,48.1143,1269.7325908789082,-371.5237560911688,36780.851853025706,loss,0.2926000000000002,26780.851853025768
2025-10-27 09:05:00+00:00,2025-10-27 09:20:00+00:00,sell,48.259699999999995,48.3633,48.15609999999999,48.15609999999999,3550.2752753883333,367.80851853025706,37148.66037155596,win,-0.10360000000000724,27148.660371556027
2025-10-27 09:40:00+00:00,2025-10-27 10:50:00+00:00,sell,48.097699999999996,48.3423,47.85309999999999,47.85309999999999,1518.7514460979203,371.4866037155596,37520.14697527152,win,-0.24460000000000548,27520.146975271586
2025-10-27 11:00:00+00:00,2025-10-27 13:05:00+00:00,sell,47.756699999999995,48.0093,47.50409999999999,47.50409999999999,1485.358154207059,375.2014697527152,37895.34844502423,win,-0.25260000000000815,27895.3484450243
2025-10-27 13:20:00+00:00,2025-10-27 14:55:00+00:00,sell,47.4287,47.715300000000006,47.14209999999999,47.715300000000006,1322.23825697918,-378.95348445024234,37516.39496057399,loss,0.28660000000000707,27516.39496057406
2025-10-27 15:25:00+00:00,2025-10-27 15:40:00+00:00,sell,47.478699999999996,47.743300000000005,47.21409999999999,47.21409999999999,1417.8531731131054,375.1639496057399,37891.55891017973,win,-0.2646000000000086,27891.5589101798
2025-10-27 15:50:00+00:00,2025-10-27 16:15:00+00:00,sell,47.088699999999996,47.584300000000006,46.593099999999986,46.593099999999986,764.5593000439659,378.9155891017973,38270.474499281525,win,-0.49560000000001025,28270.474499281598
2025-10-27 16:25:00+00:00,2025-10-28 01:30:00+00:00,sell,46.524699999999996,47.066300000000005,45.983099999999986,47.066300000000005,706.6188053781545,-382.70474499281534,37887.76975428871,loss,0.5416000000000096,27887.769754288784
2025-10-28 02:10:00+00:00,2025-10-28 03:00:00+00:00,sell,46.8157,47.0993,46.5321,47.0993,1335.9580308282345,-378.8776975428871,37508.892056745826,loss,0.28359999999999985,27508.892056745895
2025-10-28 04:15:00+00:00,2025-10-28 04:35:00+00:00,sell,46.972699999999996,47.1113,46.83409999999999,46.83409999999999,2706.269268163405,375.0889205674583,37883.98097731329,win,-0.13860000000000383,27883.980977313353
2025-10-28 04:45:00+00:00,2025-10-28 07:35:00+00:00,sell,46.777699999999996,47.0013,46.55409999999999,46.55409999999999,1694.2746412036,378.83980977313286,38262.82078708642,win,-0.22360000000000468,28262.820787086486
2025-10-28 07:45:00+00:00,2025-10-28 08:20:00+00:00,sell,46.5197,46.7293,46.3101,46.7293,1825.5162589258634,-382.62820787086423,37880.19257921556,loss,0.20960000000000178,27880.19257921562
2025-10-28 08:40:00+00:00,2025-10-28 09:25:00+00:00,sell,46.5447,46.746300000000005,46.34309999999999,46.34309999999999,1878.9778065086505,378.8019257921556,38258.994505007715,win,-0.20160000000000622,28258.994505007777
2025-10-28 10:00:00+00:00,2025-10-28 10:25:00+00:00,sell,46.3227,46.6623,45.98309999999999,45.98309999999999,1126.5899441992706,382.5899450500772,38641.584450057795,win,-0.33960000000000434,28641.584450057853
2025-10-28 10:40:00+00:00,2025-10-28 12:50:00+00:00,sell,45.6887,46.332300000000004,45.04509999999999,46.332300000000004,600.3975209766534,-386.4158445005779,38255.16860555721,loss,0.6436000000000064,28255.168605557275
2025-10-28 14:45:00+00:00,2025-10-28 15:00:00+00:00,sell,46.2987,46.524300000000004,46.07309999999999,46.524300000000004,1695.7078282604612,-382.55168605557213,37872.61691950164,loss,0.22560000000000713,27872.616919501703
2025-10-29 01:40:00+00:00,2025-10-29 02:40:00+00:00,buy,47.088300000000004,46.875699999999995,47.30090000000001,47.30090000000001,1781.4024891580452,378.72616919501644,38251.34308869666,win,0.212600000000009,28251.343088696718
2025-10-29 03:00:00+00:00,2025-10-29 04:35:00+00:00,buy,47.3783,47.152699999999996,47.60390000000001,47.152699999999996,1695.5382574776352,-382.5134308869666,37868.82965780969,loss,-0.22560000000000713,27868.82965780975
2025-10-29 05:00:00+00:00,2025-10-29 08:35:00+00:00,buy,47.4703,47.122699999999995,47.81790000000001,47.81790000000001,1089.4369867033638,378.6882965780969,38247.51795438779,win,0.347600000000007,28247.517954387848
2025-10-29 08:45:00+00:00,2025-10-29 10:15:00+00:00,buy,47.8613,47.4937,48.2289,48.2289,1040.4656679648388,382.4751795438779,38629.99313393167,win,0.36760000000000304,28629.993133931726
2025-10-29 10:45:00+00:00,2025-10-29 19:20:00+00:00,buy,48.2453,47.9747,48.5159,47.9747,1427.5681128577762,-386.2999313393167,38243.69320259235,loss,-0.27060000000000173,28243.69320259241
2025-10-29 20:00:00+00:00,2025-10-29 20:05:00+00:00,buy,48.1433,47.9677,48.318900000000006,47.9677,2177.88685663962,-382.4369320259235,37861.25627056643,loss,-0.17560000000000286,27861.256270566486
2025-10-30 11:05:00+00:00,2025-10-30 11:10:00+00:00,buy,47.947300000000006,47.7527,48.141900000000014,48.141900000000014,1945.5938474082639,378.61256270566435,38239.86883327209,win,0.19460000000000832,28239.86883327215
2025-10-30 11:35:00+00:00,2025-10-30 12:20:00+00:00,buy,48.2503,47.8717,48.62890000000001,47.8717,1010.0335138212231,-382.39868833272095,37857.47014493937,loss,-0.3786000000000058,27857.47014493943
2025-10-30 13:35:00+00:00,2025-10-30 14:55:00+00:00,buy,48.091300000000004,47.8867,48.29590000000001,47.8867,1850.316233867947,-378.5747014493937,37478.89544348997,loss,-0.20460000000000633,27478.895443490037
2025-10-30 15:10:00+00:00,2025-10-30 16:05:00+00:00,buy,48.2353,47.878699999999995,48.59190000000001,48.59190000000001,1051.0066024534267,374.78895443489967,37853.68439792487,win,0.35660000000000736,27853.684397924935
2025-10-30 16:15:00+00:00,2025-10-31 04:10:00+00:00,buy,48.694300000000005,48.2037,49.18490000000001,49.18490000000001,771.5793803082812,378.5368439792487,38232.221241904124,win,0.4906000000000077,28232.221241904183
2025-10-31 06:30:00+00:00,2025-10-31 07:15:00+00:00,buy,48.840300000000006,48.719699999999996,48.96090000000002,48.719699999999996,3170.1675988309185,-382.32221241904125,37849.89902948508,loss,-0.12060000000001025,27849.899029485143
2025-10-31 07:40:00+00:00,2025-10-31 08:05:00+00:00,buy,48.896300000000004,48.7187,49.07390000000001,49.07390000000001,2131.1880084168893,378.49899029485084,38228.39801977993,win,0.1776000000000053,28228.398019779994
2025-10-31 08:15:00+00:00,2025-10-31 10:50:00+00:00,buy,49.1323,48.9017,49.3629,48.9017,1657.779619244558,-382.28398019779934,37846.114039582135,loss,-0.23060000000000258,27846.114039582193
2025-10-31 12:05:00+00:00,2025-10-31 14:20:00+00:00,buy,48.8843,48.7127,49.05590000000001,49.05590000000001,2205.484501141085,378.46114039582136,38224.575179977954,win,0.17160000000000508,28224.575179978016
2025-10-31 14:45:00+00:00,2025-10-31 15:30:00+00:00,buy,49.145300000000006,48.9207,49.369900000000015,48.9207,1701.8956001770412,-382.24575179977955,37842.32942817817,loss,-0.22460000000000946,27842.329428178236
2025-10-31 22:05:00+00:00,2025-10-31 22:40:00+00:00,sell,48.463699999999996,48.649300000000004,48.27809999999999,48.649300000000004,2038.9186114319257,-378.4232942817817,37463.90613389639,loss,0.18560000000000798,27463.906133896453
2025-11-03 01:00:00+00:00,2025-11-03 01:05:00+00:00,sell,48.5017,48.7363,48.2671,48.7363,1596.9269451788716,-374.63906133896387,37089.26707255742,loss,0.23460000000000036,27089.26707255749
2025-11-03 02:10:00+00:00,2025-11-03 04:30:00+00:00,sell,48.3987,48.7513,48.046099999999996,48.7513,1051.8793837934531,-370.8926707255742,36718.37440183185,loss,0.35260000000000247,26718.374401831916
2025-11-03 07:05:00+00:00,2025-11-03 07:30:00+00:00,buy,48.810300000000005,48.7547,48.86590000000001,48.86590000000001,6604.024172990695,367.18374401831846,37085.55814585016,win,0.05560000000000542,27085.558145850235
2025-11-03 07:40:00+00:00,2025-11-03 09:50:00+00:00,buy,48.9223,48.7767,49.0679,49.0679,2547.0850374896786,370.8555814585016,37456.41372730867,win,0.14560000000000173,27456.413727308736
2025-11-03 10:00:00+00:00,2025-11-03 10:20:00+00:00,buy,49.0733,48.9257,49.22090000000001,48.9257,2537.69740699916,-374.56413727308666,37081.84959003558,loss,-0.14760000000000417,27081.84959003565
2025-11-03 13:10:00+00:00,2025-11-03 15:00:00+00:00,buy,48.7043,48.5877,48.82090000000001,48.82090000000001,3180.2615428845515,370.8184959003558,37452.66808593593,win,0.11660000000000537,27452.668085936006
2025-11-03 17:20:00+00:00,2025-11-03 17:25:00+00:00,sell,48.646699999999996,48.883300000000006,48.410099999999986,48.410099999999986,1582.953004477361,374.5266808593593,37827.19476679529,win,-0.2366000000000099,27827.194766795365
2025-11-03 17:35:00+00:00,2025-11-04 01:10:00+00:00,sell,48.3137,48.856300000000005,47.77109999999999,47.77109999999999,697.146973217744,378.27194766795293,38205.46671446325,win,-0.5426000000000073,28205.466714463317
2025-11-04 04:35:00+00:00,2025-11-04 04:50:00+00:00,sell,47.8307,47.9643,47.6971,47.6971,2859.6906223400365,382.0546671446325,38587.52138160788,win,-0.13360000000000127,28587.52138160795
2025-11-04 07:00:00+00:00,2025-11-04 07:25:00+00:00,sell,47.9937,48.1383,47.84909999999999,47.84909999999999,2668.56994340296,385.8752138160788,38973.39659542396,win,-0.14460000000000406,28973.396595424027
2025-11-04 07:35:00+00:00,2025-11-04 07:45:00+00:00,sell,47.835699999999996,48.0503,47.62109999999999,47.62109999999999,1816.0949019302504,389.73396595423964,39363.1305613782,win,-0.21460000000000434,29363.130561378268
2025-11-04 07:55:00+00:00,2025-11-04 10:05:00+00:00,sell,47.6177,47.9453,47.290099999999995,47.9453,1201.5607619468174,-393.63130561378205,38969.49925576442,loss,0.3276000000000039,28969.499255764487
2025-11-04 11:45:00+00:00,2025-11-04 12:00:00+00:00,sell,47.8837,48.0703,47.69709999999999,47.69709999999999,2088.397602130935,389.69499255764424,39359.19424832206,win,-0.18660000000000565,29359.194248322132
2025-11-04 13:25:00+00:00,2025-11-04 14:05:00+00:00,sell,47.713699999999996,47.844300000000004,47.58309999999999,47.844300000000004,3013.7208459662766,-393.59194248322063,38965.602305838845,loss,0.13060000000000827,28965.60230583891
2025-11-04 14:50:00+00:00,2025-11-04 15:45:00+00:00,sell,47.664699999999996,47.8643,47.46509999999999,47.46509999999999,1952.1844842604264,389.6560230583885,39355.25832889723,win,-0.19960000000000377,29355.2583288973
2025-11-04 16:30:00+00:00,2025-11-04 16:35:00+00:00,sell,47.406699999999994,47.633300000000006,47.18009999999998,47.18009999999998,1736.772212219557,393.5525832889723,39748.8109121862,win,-0.2266000000000119,29748.810912186273
2025-11-04 19:15:00+00:00,2025-11-04 20:30:00+00:00,sell,47.664699999999996,47.8783,47.45109999999999,47.45109999999999,1860.8993872745768,397.488109121862,40146.29902130806,win,-0.21360000000000667,30146.299021308136
2025-11-04 20:40:00+00:00,2025-11-04 21:30:00+00:00,sell,47.414699999999996,47.581300000000006,47.24809999999999,47.24809999999999,2409.74183801355,401.4629902130806,40547.76201152115,win,-0.16660000000000963,30547.762011521216
2025-11-04 21:40:00+00:00,2025-11-05 01:00:00+00:00,sell,47.213699999999996,47.395300000000006,47.032099999999986,47.032099999999986,2232.806278167339,405.4776201152115,40953.23963163636,win,-0.1816000000000102,30953.23963163643
2025-11-05 01:45:00+00:00,2025-11-05 02:05:00+00:00,sell,46.9817,47.1633,46.80009999999999,47.1633,2255.1343409491,-409.53239631636353,40543.70723532,loss,0.1816000000000031,30543.707235320064
2025-11-05 02:40:00+00:00,2025-11-05 03:00:00+00:00,sell,46.9777,47.185300000000005,46.77009999999999,47.185300000000005,1952.97241017913,-405.4370723532,40138.2701629668,loss,0.20760000000000645,30138.270162966863
2025-11-05 15:05:00+00:00,2025-11-05 15:45:00+00:00,buy,47.722300000000004,47.478699999999996,47.96590000000001,47.96590000000001,1647.7122398590113,401.382701629668,40539.65286459647,win,0.2436000000000078,30539.65286459653
2025-11-05 15:55:00+00:00,2025-11-05 17:00:00+00:00,buy,47.972300000000004,47.7917,48.15290000000001,47.7917,2244.720535138165,-405.39652864596474,40134.25633595051,loss,-0.18060000000000542,30134.256335950566
2025-11-05 17:25:00+00:00,2025-11-05 17:40:00+00:00,buy,47.9893,47.7737,48.2049,48.2049,1861.5146723539024,401.3425633595051,40535.59889931001,win,0.215600000000002,30535.59889931007
2025-11-05 18:55:00+00:00,2025-11-05 23:55:00+00:00,buy,48.155300000000004,47.9817,48.32890000000001,47.9817,2334.9999365960975,-405.3559889931001,40130.24291031691,loss,-0.17360000000000753,30130.24291031697
2025-11-06 02:10:00+00:00,2025-11-06 03:05:00+00:00,buy,48.0553,47.951699999999995,48.15890000000001,47.951699999999995,3873.5755704936396,-401.3024291031691,39728.94048121374,loss,-0.10360000000000724,29728.940481213802
2025-11-06 04:30:00+00:00,2025-11-06 04:35:00+00:00,buy,47.8293,47.7577,47.90090000000001,47.90090000000001,5548.734704079848,397.28940481213743,40126.22988602588,win,0.07160000000000366,30126.22988602594
2025-11-06 04:45:00+00:00,2025-11-06 05:30:00+00:00,buy,47.957300000000004,47.756699999999995,48.15790000000001,48.15790000000001,2000.3105626133686,401.26229886025885,40527.49218488614,win,0.20060000000000855,30527.4921848862
2025-11-06 05:40:00+00:00,2025-11-06 09:20:00+00:00,buy,48.170300000000005,47.8717,48.46890000000001,48.46890000000001,1357.2502406190597,405.2749218488614,40932.767106735,win,0.2986000000000075,30932.76710673506
2025-11-06 10:10:00+00:00,2025-11-06 10:25:00+00:00,buy,48.526300000000006,48.3307,48.72190000000001,48.72190000000001,2092.677254945488,409.32767106735,41342.094777802355,win,0.195600000000006,31342.09477780241
2025-11-06 11:05:00+00:00,2025-11-06 16:05:00+00:00,buy,48.771300000000004,48.4557,49.08690000000001,48.4557,1309.952306014002,-413.42094777802356,40928.67383002433,loss,-0.31560000000000343,30928.673830024385
2025-11-06 23:05:00+00:00,2025-11-07 01:00:00+00:00,sell,47.9777,48.090300000000006,47.86509999999999,48.090300000000006,3634.873341920211,-409.2867383002433,40519.387091724086,loss,0.11260000000000758,30519.38709172414
2025-11-07 05:35:00+00:00,2025-11-07 06:20:00+00:00,buy,48.3063,48.213699999999996,48.398900000000005,48.398900000000005,4375.743746406279,405.19387091724093,40924.580962641325,win,0.09260000000000446,30924.580962641383
2025-11-07 06:45:00+00:00,2025-11-07 08:30:00+00:00,buy,48.4153,48.222699999999996,48.60790000000001,48.60790000000001,2124.8484404278333,409.2458096264132,41333.82677226774,win,0.19260000000000588,31333.826772267796
2025-11-07 08:45:00+00:00,2025-11-07 11:15:00+00:00,buy,48.649300000000004,48.4557,48.84290000000001,48.84290000000001,2135.0117134435427,413.3382677226774,41747.16503999042,win,0.19360000000000355,31747.165039990472
2025-11-07 12:50:00+00:00,2025-11-07 13:05:00+00:00,buy,48.8453,48.7177,48.9729,48.7177,3271.7213981183445,-417.4716503999042,41329.69338959052,loss,-0.12760000000000105,31329.693389590568
2025-11-10 01:00:00+00:00,2025-11-10 01:05:00+00:00,sell,48.2697,48.4133,48.1261,48.4133,2878.112353035566,-413.29693389590517,40916.39645569461,loss,0.14359999999999928,30916.396455694663
2025-11-10 02:05:00+00:00,2025-11-10 03:10:00+00:00,buy,48.5533,48.3617,48.7449,48.7449,2135.5112972700613,409.1639645569461,41325.56042025155,win,0.1916000000000011,31325.560420251608
2025-11-10 03:20:00+00:00,2025-11-10 07:20:00+00:00,buy,48.8843,48.4837,49.28490000000001,49.28490000000001,1031.5916230716703,413.25560420251554,41738.81602445407,win,0.4006000000000043,31738.816024454125
2025-11-10 07:30:00+00:00,2025-11-10 07:40:00+00:00,buy,49.3003,49.1607,49.4399,49.4399,2989.8865347029814,417.3881602445407,42156.20418469861,win,0.1396000000000015,32156.204184698665
2025-11-10 07:50:00+00:00,2025-11-10 09:15:00+00:00,buy,49.4483,49.2347,49.66190000000001,49.66190000000001,1973.6050648266523,421.5620418469861,42577.766226545595,win,0.21360000000000667,32577.76622654565
2025-11-10 09:40:00+00:00,2025-11-10 10:05:00+00:00,buy,49.6653,49.469699999999996,49.86090000000001,49.86090000000001,2176.7774144450045,425.77766226545594,43003.54388881105,win,0.195600000000006,33003.5438888111
2025-11-10 10:15:00+00:00,2025-11-10 15:05:00+00:00,buy,49.889300000000006,49.5997,50.17890000000001,50.17890000000001,1484.9290016854277,430.03543888811055,43433.57932769916,win,0.2896000000000072,33433.57932769921
2025-11-10 16:55:00+00:00,2025-11-10 19:00:00+00:00,buy,49.944300000000005,49.7147,50.17390000000001,50.17390000000001,1891.7064167115957,434.33579327699164,43867.915120976155,win,0.2296000000000049,33867.915120976206
2025-11-10 19:10:00+00:00,2025-11-10 20:25:00+00:00,buy,50.2013,50.003699999999995,50.39890000000001,50.39890000000001,2220.0361903327066,438.6791512097615,44306.59427218592,win,0.19760000000000844,34306.59427218597
2025-11-10 20:35:00+00:00,2025-11-10 23:15:00+00:00,buy,50.401300000000006,50.2437,50.558900000000015,50.558900000000015,2811.3321238694994,443.0659427218592,44749.66021490777,win,0.1576000000000093,34749.660214907824
2025-11-11 01:10:00+00:00,2025-11-11 01:15:00+00:00,buy,50.5833,50.4617,50.7049,50.4617,3680.0707413575224,-447.4966021490777,44302.1636127587,loss,-0.12160000000000082,34302.16361275875
2025-11-11 02:30:00+00:00,2025-11-11 02:45:00+00:00,buy,50.5473,50.4407,50.6539,50.6539,4155.925292003621,443.021636127587,44745.185248886286,win,0.10660000000000025,34745.18524888634
2025-11-11 02:55:00+00:00,2025-11-11 03:00:00+00:00,buy,50.6683,50.5297,50.806900000000006,50.806900000000006,3228.3683440754003,447.45185248886287,45192.63710137515,win,0.13860000000000383,35192.6371013752
2025-11-11 03:15:00+00:00,2025-11-11 04:00:00+00:00,buy,50.843300000000006,50.5607,51.125900000000016,50.5607,1599.173287380526,-451.9263710137515,44740.710730361396,loss,-0.2826000000000093,34740.71073036145
2025-11-11 05:15:00+00:00,2025-11-11 05:45:00+00:00,buy,50.7423,50.588699999999996,50.895900000000005,50.895900000000005,2912.8066881744867,447.407107303614,45188.11783766501,win,0.1536000000000044,35188.117837665064
2025-11-11 05:55:00+00:00,2025-11-11 06:00:00+00:00,buy,50.9513,50.7757,51.126900000000006,51.126900000000006,2573.355229935323,451.88117837665015,45639.999016041664,win,0.17560000000000286,35639.999016041715
2025-11-11 08:20:00+00:00,2025-11-11 09:00:00+00:00,buy,50.9123,50.6857,51.13890000000001,50.6857,2014.1217571068269,-456.3999901604166,45183.599025881245,loss,-0.2266000000000048,35183.599025881296
2025-11-11 10:15:00+00:00,2025-11-11 13:25:00+00:00,buy,50.801300000000005,50.506699999999995,51.095900000000015,51.095900000000015,1533.7270545105143,451.83599025881244,45635.43501614006,win,0.29460000000000974,35635.43501614011
2025-11-11 13:35:00+00:00,2025-11-11 14:00:00+00:00,buy,51.0993,50.978699999999996,51.2199,51.2199,3784.03275424037,456.3543501614006,46091.78936630146,win,0.12060000000000315,36091.78936630151
2025-11-11 14:25:00+00:00,2025-11-11 14:50:00+00:00,buy,51.2273,51.033699999999996,51.4209,51.033699999999996,2380.774244127098,-460.91789366301464,45630.87147263845,loss,-0.19360000000000355,35630.8714726385
2025-11-11 16:05:00+00:00,2025-11-11 16:15:00+00:00,buy,51.2053,51.0687,51.3419,51.0687,3340.4737534874075,-456.3087147263845,45174.56275791206,loss,-0.1366000000000014,35174.562757912114
2025-11-11 18:05:00+00:00,2025-11-11 19:05:00+00:00,buy,50.5473,50.268699999999995,50.825900000000004,50.825900000000004,1621.4846646773638,451.74562757912065,45626.30838549118,win,0.2786000000000044,35626.30838549123
2025-11-11 19:15:00+00:00,2025-11-11 20:55:00+00:00,buy,50.8553,50.6817,51.0289,51.0289,2628.2435705928037,456.2630838549118,46082.57146934609,win,0.17360000000000042,36082.57146934614
2025-11-11 21:05:00+00:00,2025-11-11 22:50:00+00:00,buy,51.029300000000006,50.8717,51.186900000000016,51.186900000000016,2924.021032318742,460.8257146934609,46543.39718403955,win,0.1576000000000093,36543.397184039604
2025-11-11 23:00:00+00:00,2025-11-12 02:05:00+00:00,buy,51.1953,51.0597,51.33090000000001,51.33090000000001,3432.4039221267167,465.43397184039554,47008.83115587995,win,0.13560000000000372,37008.83115588
2025-11-12 03:45:00+00:00,2025-11-12 06:00:00+00:00,buy,51.2853,51.0147,51.5559,51.0147,1737.207359788605,-470.0883115587995,46538.74284432115,loss,-0.27060000000000173,36538.7428443212
2025-11-12 07:20:00+00:00,2025-11-12 08:25:00+00:00,buy,51.1173,50.9847,51.249900000000004,51.249900000000004,3509.709113447955,465.3874284432115,47004.130272764356,win,0.1326000000000036,37004.13027276441
2025-11-12 08:35:00+00:00,2025-11-12 08:55:00+00:00,buy,51.3483,51.159699999999994,51.53690000000001,51.53690000000001,2492.2656560319374,470.04130272764354,47474.171575492,win,0.1886000000000081,37474.17157549205
2025-11-12 09:05:00+00:00,2025-11-12 10:25:00+00:00,buy,51.5583,51.3187,51.797900000000006,51.797900000000006,1981.3928036515617,474.74171575492,47948.91329124692,win,0.23960000000000292,37948.91329124697
2025-11-12 10:35:00+00:00,2025-11-12 13:55:00+00:00,buy,51.8243,51.5177,52.130900000000004,51.5177,1563.891496779075,-479.4891329124692,47469.424158334456,loss,-0.3066000000000031,37469.42415833451
2025-11-12 14:20:00+00:00,2025-11-12 16:35:00+00:00,buy,51.7013,51.475699999999996,51.92690000000001,51.92690000000001,2104.141141770078,474.6942415833446,47944.1183999178,win,0.22560000000000713,37944.118399917854
2025-11-12 16:45:00+00:00,2025-11-12 17:10:00+00:00,buy,52.1233,51.6977,52.5489,52.5489,1126.5065413514446,479.44118399917807,48423.559583916984,win,0.42560000000000286,38423.559583917035
2025-11-12 17:25:00+00:00,2025-11-12 17:45:00+00:00,buy,52.5583,52.1397,52.97690000000001,52.97690000000001,1156.7978878145343,484.23559583916983,48907.795179756155,win,0.41860000000000497,38907.795179756205
2025-11-12 18:25:00+00:00,2025-11-13 05:20:00+00:00,buy,53.069300000000005,52.4407,53.69790000000001,53.69790000000001,778.0431940782008,489.0779517975616,49396.873131553715,win,0.6286000000000058,39396.873131553766
2025-11-13 05:30:00+00:00,2025-11-13 15:30:00+00:00,buy,53.914300000000004,53.344699999999996,54.48390000000001,53.344699999999996,867.2203850342871,-493.9687313155372,48902.90440023818,loss,-0.5696000000000083,38902.90440023823
2025-11-13 22:45:00+00:00,2025-11-14 01:00:00+00:00,sell,52.3257,52.624300000000005,52.02709999999999,52.02709999999999,1637.7395981325167,489.0290440023818,49391.93344424056,win,-0.2986000000000075,39391.93344424061
2025-11-14 07:05:00+00:00,2025-11-14 07:10:00+00:00,sell,52.979699999999994,53.118300000000005,52.84109999999998,52.84109999999998,3563.6315616332367,493.9193344424056,49885.852778682965,win,-0.13860000000001094,39885.85277868302
2025-11-14 08:25:00+00:00,2025-11-14 09:10:00+00:00,sell,52.799699999999994,53.0773,52.52209999999999,52.52209999999999,1797.0408061484782,498.85852778682965,50384.71130646979,win,-0.27760000000000673,40384.71130646985
2025-11-14 09:20:00+00:00,2025-11-14 09:40:00+00:00,sell,52.500699999999995,52.7423,52.25909999999999,52.7423,2085.4599050690676,-503.8471130646979,49880.86419340509,loss,0.24160000000000537,39880.86419340515
2025-11-14 11:00:00+00:00,2025-11-14 13:15:00+00:00,sell,52.646699999999996,53.1103,52.18309999999999,52.18309999999999,1075.9461646549692,498.80864193405085,50379.672835339145,win,-0.4636000000000067,40379.6728353392
2025-11-14 13:45:00+00:00,2025-11-14 14:10:00+00:00,sell,52.174699999999994,52.6723,51.67709999999999,51.67709999999999,1012.4532322214345,503.7967283533915,50883.46956369254,win,-0.4976000000000056,40883.4695636926
2025-11-14 14:20:00+00:00,2025-11-14 15:15:00+00:00,sell,51.6737,52.3483,50.99909999999999,50.99909999999999,754.2761571848821,508.8346956369254,51392.30425932947,win,-0.6746000000000052,41392.304259329525
2025-11-14 15:25:00+00:00,2025-11-17 21:40:00+00:00,sell,50.9477,51.9253,49.970099999999995,49.970099999999995,525.6986933237453,513.9230425932947,51906.22730192276,win,-0.9776000000000025,41906.227301922816
2025-11-17 21:55:00+00:00,2025-11-18 16:20:00+00:00,sell,49.793699999999994,50.6833,48.904099999999985,50.6833,583.4782745270038,-519.0622730192276,51387.16502890353,loss,0.8896000000000086,41387.16502890359
2025-11-18 19:35:00+00:00,2025-11-18 21:05:00+00:00,buy,50.737300000000005,50.6147,50.85990000000001,50.85990000000001,4191.4490235645335,513.8716502890353,51901.03667919257,win,0.1226000000000056,41901.03667919263
2025-11-18 21:15:00+00:00,2025-11-18 21:20:00+00:00,buy,50.8873,50.741699999999994,51.03290000000001,51.03290000000001,3564.631640054218,519.0103667919257,52420.047045984495,win,0.14560000000000883,42420.04704598455
2025-11-18 21:55:00+00:00,2025-11-18 23:15:00+00:00,buy,51.1373,50.784699999999994,51.48990000000001,50.784699999999994,1486.671782359134,-524.200470459845,51895.84657552465,loss,-0.3526000000000096,41895.84657552471
2025-11-19 01:40:00+00:00,2025-11-19 04:30:00+00:00,buy,50.7813,50.546699999999994,51.01590000000001,51.01590000000001,2212.0991720171783,518.9584657552465,52414.8050412799,win,0.23460000000000747,42414.80504127996
2025-11-19 04:40:00+00:00,2025-11-19 06:00:00+00:00,buy,51.109300000000005,50.720699999999994,51.497900000000016,50.720699999999994,1348.8112465588888,-524.148050412799,51890.6569908671,loss,-0.38860000000001094,41890.65699086716
2025-11-19 07:15:00+00:00,2025-11-19 07:20:00+00:00,buy,50.9673,50.866699999999994,51.06790000000001,51.06790000000001,5158.116997103721,518.906569908671,52409.56356077577,win,0.10060000000000713,42409.56356077583
2025-11-19 07:30:00+00:00,2025-11-19 11:40:00+00:00,buy,51.2233,50.866699999999994,51.57990000000001,51.57990000000001,1469.7017263257064,524.0956356077577,52933.65919638353,win,0.35660000000000736,42933.65919638359
2025-11-19 11:50:00+00:00,2025-11-19 11:55:00+00:00,buy,51.8003,51.4657,52.1349,52.1349,1581.9981827968693,529.3365919638353,53462.99578834737,win,0.3346000000000018,43462.99578834743
2025-11-19 12:05:00+00:00,2025-11-19 18:15:00+00:00,buy,52.1963,51.494699999999995,52.89790000000001,51.494699999999995,762.0153333572819,-534.6299578834737,52928.365830463896,loss,-0.7016000000000062,42928.365830463954
2025-11-20 01:05:00+00:00,2025-11-20 01:35:00+00:00,buy,51.4153,51.299699999999994,51.53090000000001,51.53090000000001,4578.578359036364,529.283658304639,53457.64948876853,win,0.1156000000000077,43457.64948876859
2025-11-20 01:45:00+00:00,2025-11-20 01:55:00+00:00,buy,51.5803,51.412699999999994,51.74790000000001,51.74790000000001,3189.597224866719,534.5764948876854,53992.225983656215,win,0.1676000000000073,43992.22598365627
2025-11-20 02:05:00+00:00,2025-11-20 03:05:00+00:00,buy,51.7603,51.4777,52.0429,51.4777,1910.5529364350955,-539.9222598365621,53452.303723819656,loss,-0.2826000000000022,43452.303723819714
2025-11-20 09:45:00+00:00,2025-11-20 10:20:00+00:00,sell,51.006699999999995,51.304300000000005,50.709099999999985,50.709099999999985,1796.112356311085,534.5230372381966,53986.826761057855,win,-0.29760000000000986,43986.82676105791
2025-11-20 10:30:00+00:00,2025-11-20 14:15:00+00:00,sell,50.491699999999994,51.0613,49.922099999999986,51.0613,947.8024361140637,-539.8682676105785,53446.95849344727,loss,0.5696000000000083,43446.95849344733
2025-11-20 15:25:00+00:00,2025-11-20 15:30:00+00:00,sell,50.9807,51.179300000000005,50.78209999999999,50.78209999999999,2691.186228270173,534.4695849344728,53981.428078381745,win,-0.1986000000000061,43981.4280783818
2025-11-20 18:00:00+00:00,2025-11-20 18:55:00+00:00,sell,50.8557,51.3883,50.3231,50.3231,1013.5454013965739,539.8142807838175,54521.24235916556,win,-0.5326000000000022,44521.24235916562
2025-11-20 19:05:00+00:00,2025-11-20 21:25:00+00:00,sell,50.253699999999995,50.7963,49.71109999999999,50.7963,1004.8146398666573,-545.2124235916556,53976.029935573904,loss,0.5426000000000073,43976.02993557396
2025-11-20 22:40:00+00:00,2025-11-21 01:15:00+00:00,sell,50.4907,50.746300000000005,50.23509999999999,50.746300000000005,2111.7382603901474,-539.7602993557391,53436.26963621817,loss,0.25560000000000827,43436.269636218225
2025-11-21 02:30:00+00:00,2025-11-21 03:00:00+00:00,sell,50.6297,50.8063,50.4531,50.4531,3025.836332741676,534.3626963621816,53970.632332580346,win,-0.17660000000000053,43970.632332580404
2025-11-21 03:10:00+00:00,2025-11-21 05:00:00+00:00,sell,50.2787,50.755300000000005,49.802099999999996,49.802099999999996,1132.409406894247,539.7063233258035,54510.33865590615,win,-0.4766000000000048,44510.338655906206
2025-11-21 05:10:00+00:00,2025-11-21 10:00:00+00:00,sell,49.7497,50.4223,49.077099999999994,49.077099999999994,810.4421447503112,545.1033865590615,55055.442042465205,win,-0.6726000000000028,45055.44204246526
2025-11-21 11:35:00+00:00,2025-11-21 12:20:00+00:00,sell,49.244699999999995,49.6073,48.88209999999999,48.88209999999999,1518.3519592516288,550.5544204246521,55605.99646288986,win,-0.3626000000000076,45605.99646288992
2025-11-21 12:30:00+00:00,2025-11-21 14:30:00+00:00,sell,48.732699999999994,49.2023,48.26309999999999,49.2023,1184.1140643715723,-556.0599646288986,55049.93649826096,loss,0.4696000000000069,45049.93649826102
2025-11-21 17:40:00+00:00,2025-11-21 17:45:00+00:00,sell,49.3987,49.6723,49.125099999999996,49.6723,2012.0590825387644,-550.4993649826097,54499.437133278356,loss,0.27360000000000184,44499.437133278414
2025-11-24 06:20:00+00:00,2025-11-24 08:55:00+00:00,sell,49.9417,50.1043,49.77909999999999,49.77909999999999,3351.7489011855328,544.9943713327835,55044.43150461114,win,-0.16260000000000474,45044.431504611195
2025-11-24 11:05:00+00:00,2025-11-24 11:10:00+00:00,buy,50.1403,49.936699999999995,50.34390000000001,50.34390000000001,2703.557539519096,550.4443150461113,55594.875819657245,win,0.20360000000000866,45594.8758196573
2025-11-24 14:35:00+00:00,2025-11-24 14:45:00+00:00,buy,50.1053,49.954699999999995,50.255900000000004,50.255900000000004,3691.558819366246,555.9487581965725,56150.82457785382,win,0.15060000000000429,46150.82457785388
2025-11-24 15:00:00+00:00,2025-11-24 16:20:00+00:00,buy,50.3083,50.0487,50.56790000000001,50.0487,2162.9747526137335,-561.5082457785383,55589.31633207528,loss,-0.25960000000000605,45589.31633207534
2025-11-24 16:50:00+00:00,2025-11-24 17:10:00+00:00,buy,50.2473,50.0357,50.45890000000001,50.45890000000001,2627.0943446159818,555.8931633207528,56145.20949539603,win,0.21160000000000423,46145.20949539609
2025-11-24 18:25:00+00:00,2025-11-24 19:40:00+00:00,buy,50.4493,50.311699999999995,50.58690000000001,50.58690000000001,4080.320457514064,561.4520949539603,56706.66159034999,win,0.13760000000000616,46706.66159035005
2025-11-24 19:50:00+00:00,2025-11-24 20:35:00+00:00,buy,50.587300000000006,50.4357,50.738900000000015,50.738900000000015,3740.5449597853963,567.0666159035,57273.728206253494,win,0.15160000000000906,47273.72820625355
2025-11-24 20:45:00+00:00,2025-11-24 21:45:00+00:00,buy,50.828300000000006,50.601699999999994,51.05490000000002,51.05490000000002,2527.5255166041698,572.737282062535,57846.465488316026,win,0.2266000000000119,47846.465488316084
2025-11-24 21:55:00+00:00,2025-11-24 22:00:00+00:00,buy,51.0563,50.942699999999995,51.169900000000005,51.169900000000005,5092.118440872654,578.4646548831603,58424.930143199184,win,0.11360000000000525,48424.93014319924
2025-11-24 22:10:00+00:00,2025-11-25 04:15:00+00:00,buy,51.197300000000006,50.954699999999995,51.439900000000016,51.439900000000016,2408.282363693188,584.2493014319919,59009.179444631176,win,0.24260000000001014,49009.179444631234
2025-11-25 04:30:00+00:00,2025-11-25 06:15:00+00:00,buy,51.4543,51.3217,51.58690000000001,51.58690000000001,4450.164362340088,590.0917944463117,59599.27123907749,win,0.1326000000000036,49599.27123907755
2025-11-25 07:40:00+00:00,2025-11-25 07:55:00+00:00,buy,51.5703,51.473699999999994,51.66690000000001,51.66690000000001,6169.696815638896,595.992712390775,60195.26395146827,win,0.09660000000000935,50195.263951468325
2025-11-25 09:10:00+00:00,2025-11-25 09:50:00+00:00,buy,51.514300000000006,51.2317,51.796900000000015,51.2317,2130.0518029535133,-601.9526395146827,59593.311311953585,loss,-0.2826000000000093,49593.31131195364
2025-11-25 12:10:00+00:00,2025-11-25 14:05:00+00:00,buy,51.154300000000006,50.9627,51.345900000000015,51.345900000000015,3110.298085174897,595.9331131195358,60189.24442507312,win,0.1916000000000082,50189.24442507318
2025-11-25 14:15:00+00:00,2025-11-25 14:45:00+00:00,buy,51.362300000000005,51.122699999999995,51.601900000000015,51.122699999999995,2512.071970996269,-601.8924442507313,59587.35198082239,loss,-0.23960000000001003,49587.351980822445
2025-11-25 15:05:00+00:00,2025-11-25 15:50:00+00:00,buy,51.3783,51.0447,51.71190000000001,51.71190000000001,1786.191606139738,595.8735198082239,60183.22550063061,win,0.3336000000000041,50183.225500630666
2025-11-25 22:10:00+00:00,2025-11-26 03:05:00+00:00,buy,51.3003,51.085699999999996,51.514900000000004,51.514900000000004,2804.437348584781,601.8322550063061,60785.05775563692,win,0.21460000000000434,50785.057755636975
2025-11-26 03:15:00+00:00,2025-11-26 03:45:00+00:00,buy,51.5153,51.350699999999996,51.67990000000001,51.67990000000001,3692.8953679000165,607.8505775563692,61392.908333193285,win,0.16460000000000719,51392.90833319334
2025-11-26 03:55:00+00:00,2025-11-26 04:25:00+00:00,buy,51.725300000000004,51.4997,51.95090000000001,51.95090000000001,2721.316858740751,613.9290833319328,62006.83741652522,win,0.22560000000000713,52006.837416525275
2025-11-26 04:45:00+00:00,2025-11-26 12:00:00+00:00,buy,51.978300000000004,51.622699999999995,52.333900000000014,52.333900000000014,1743.7243367976246,620.0683741652522,62626.90579069047,win,0.3556000000000097,52626.90579069053
2025-11-26 12:10:00+00:00,2025-11-26 13:40:00+00:00,buy,52.3703,52.149699999999996,52.590900000000005,52.590900000000005,2838.934985978657,626.2690579069048,63253.17484859737,win,0.22060000000000457,53253.17484859743
2025-11-26 15:15:00+00:00,2025-11-26 16:55:00+00:00,buy,52.4333,52.0997,52.76690000000001,52.0997,1896.0783827516964,-632.5317484859737,62620.643100111396,loss,-0.3336000000000041,52620.643100111454
2025-11-26 17:35:00+00:00,2025-11-26 18:15:00+00:00,buy,52.4553,52.0657,52.8449,52.8449,1607.3060343971035,626.206431001114,63246.84953111251,win,0.3896000000000015,53246.849531112566
2025-11-26 18:30:00+00:00,2025-11-26 21:20:00+00:00,buy,52.926300000000005,52.5687,53.28390000000001,53.28390000000001,1768.6479175366785,632.4684953111251,63879.318026423636,win,0.357600000000005,53879.318026423694
2025-11-26 21:30:00+00:00,2025-11-27 01:00:00+00:00,buy,53.2973,53.1327,53.4619,53.1327,3880.8820186162584,-638.7931802642364,63240.5248461594,loss,-0.16460000000000008,53240.52484615946
2025-11-27 01:15:00+00:00,2025-11-27 03:15:00+00:00,buy,53.3603,52.9997,53.72090000000001,52.9997,1753.7583152012896,-632.405248461594,62608.119597697805,loss,-0.36060000000000514,52608.11959769786
2025-11-27 04:35:00+00:00,2025-11-27 05:00:00+00:00,buy,52.9133,52.7067,53.1199,52.7067,3030.4026910792495,-626.081195976978,61982.03840172083,loss,-0.20660000000000167,51982.038401720885
2025-11-27 07:20:00+00:00,2025-11-27 08:05:00+00:00,buy,52.914300000000004,52.814699999999995,53.013900000000014,53.013900000000014,6223.096225071781,619.8203840172083,62601.85878573803,win,0.09960000000000946,52601.85878573809
2025-11-27 08:15:00+00:00,2025-11-27 08:30:00+00:00,buy,53.039300000000004,52.8167,53.26190000000001,53.26190000000001,2812.302730715906,626.0185878573803,63227.87737359542,win,0.22260000000000701,53227.877373595475
2025-11-27 08:40:00+00:00,2025-11-27 09:10:00+00:00,buy,53.2723,53.0077,53.5369,53.5369,2389.564526590894,632.2787737359541,63860.15614733137,win,0.2646000000000015,53860.15614733143
2025-11-27 09:20:00+00:00,2025-11-27 10:45:00+00:00,buy,53.5993,53.308699999999995,53.889900000000004,53.889900000000004,2197.5277407890676,638.6015614733137,64498.75770880468,win,0.29060000000000485,54498.75770880474
2025-11-27 10:55:00+00:00,2025-11-27 11:00:00+00:00,buy,53.8903,53.741699999999994,54.03890000000001,53.741699999999994,4340.42784043074,-644.9875770880468,63853.770131716636,loss,-0.14860000000000895,53853.770131716694
2025-11-27 13:40:00+00:00,2025-11-27 15:00:00+00:00,buy,53.374300000000005,53.174699999999994,53.573900000000016,53.174699999999994,3199.086679945549,-638.5377013171664,63215.23243039947,loss,-0.19960000000001088,53215.23243039953
2025-11-27 16:05:00+00:00,2025-11-27 19:35:00+00:00,buy,53.1833,52.994699999999995,53.37190000000001,53.37190000000001,3351.8150811451087,632.1523243039946,63847.38475470346,win,0.1886000000000081,53847.38475470352
2025-11-27 19:50:00+00:00,2025-11-28 01:00:00+00:00,buy,53.4093,53.2557,53.562900000000006,53.2557,4156.730778300888,-638.4738475470347,63208.91090715642,loss,-0.1536000000000044,53208.91090715648
2025-11-28 01:10:00+00:00,2025-11-28 03:35:00+00:00,buy,53.417300000000004,52.9197,53.91490000000001,53.91490000000001,1270.2755407386599,632.0891090715643,63841.00001622799,win,0.4976000000000056,53841.00001622805
2025-11-28 03:50:00+00:00,2025-11-28 05:00:00+00:00,buy,53.9193,53.671699999999994,54.166900000000005,54.166900000000005,2578.392569314481,638.41000016228,64479.41001639027,win,0.2476000000000056,54479.41001639033
2025-11-28 07:20:00+00:00,2025-11-28 07:30:00+00:00,buy,53.7453,53.591699999999996,53.898900000000005,53.898900000000005,4197.878256275289,644.7941001639028,65124.204116554174,win,0.1536000000000044,55124.20411655423
2025-11-28 07:40:00+00:00,2025-11-28 08:15:00+00:00,buy,53.9163,53.6397,54.1929,54.1929,2354.4542341487245,651.2420411655418,65775.44615771972,win,0.27660000000000196,55775.44615771977
2025-11-28 10:35:00+00:00,2025-11-28 11:05:00+00:00,buy,53.9803,53.5457,54.4149,53.5457,1513.4709194136963,-657.7544615771973,65117.69169614252,loss,-0.4346000000000032,55117.691696142574
2025-11-28 12:20:00+00:00,2025-11-28 12:55:00+00:00,buy,53.740300000000005,53.6067,53.87390000000001,53.87390000000001,4874.078719770841,651.1769169614253,65768.86861310394,win,0.13360000000000838,55768.868613104
2025-11-28 13:45:00+00:00,2025-11-28 15:50:00+00:00,buy,53.8973,53.7027,54.0919,54.0919,3379.6952010844566,657.6886861310394,66426.55729923498,win,0.19460000000000122,56426.55729923504
2025-11-28 16:00:00+00:00,2025-11-28 16:05:00+00:00,buy,54.097300000000004,53.8217,54.37290000000001,54.37290000000001,2410.252441917052,664.2655729923498,67090.82287222732,win,0.2756000000000043,57090.82287222739
2025-11-28 16:15:00+00:00,2025-11-28 16:30:00+00:00,buy,54.395300000000006,53.908699999999996,54.881900000000016,54.881900000000016,1378.7674244189468,670.9082287222732,67761.73110094959,win,0.4866000000000099,57761.73110094966
2025-11-28 16:40:00+00:00,2025-11-28 18:55:00+00:00,buy,54.999300000000005,54.3007,55.69790000000001,55.69790000000001,969.9646593322216,677.6173110094959,68439.34841195909,win,0.6986000000000061,58439.34841195916
2025-11-28 19:05:00+00:00,2025-11-28 19:10:00+00:00,buy,55.7413,55.4557,56.026900000000005,56.026900000000005,2396.335728710033,684.3934841195909,69123.74189607867,win,0.2856000000000023,59123.74189607875
2025-11-28 19:50:00+00:00,2025-12-01 02:40:00+00:00,buy,56.401300000000006,55.5207,57.281900000000014,57.281900000000014,784.9618657287988,691.2374189607867,69814.97931503945,win,0.8806000000000083,59814.979315039534
2025-12-01 02:50:00+00:00,2025-12-01 03:55:00+00:00,buy,57.3033,56.759699999999995,57.846900000000005,57.846900000000005,1284.3079344194043,698.1497931503945,70513.12910818985,win,0.543600000000005,60513.129108189925
2025-12-01 06:30:00+00:00,2025-12-01 07:10:00+00:00,buy,57.258300000000006,56.9807,57.53590000000001,56.9807,2540.098310813694,-705.1312910818986,69807.99781710796,loss,-0.27760000000000673,59807.99781710803
2025-12-01 08:45:00+00:00,2025-12-01 09:00:00+00:00,buy,57.014300000000006,56.7407,57.287900000000015,56.7407,2551.4619085199442,-698.0799781710796,69109.91783893688,loss,-0.27360000000000895,59109.91783893695
2025-12-01 10:15:00+00:00,2025-12-01 12:00:00+00:00,buy,57.011300000000006,56.610699999999994,57.41190000000002,57.41190000000002,1725.1602056648753,691.0991783893687,69801.01701732624,win,0.4006000000000114,59801.01701732632
2025-12-01 12:10:00+00:00,2025-12-01 14:20:00+00:00,buy,57.6843,57.1767,58.191900000000004,57.1767,1375.1185385603972,-698.0101701732625,69103.00684715298,loss,-0.5076000000000036,59103.006847153054
2025-12-01 15:25:00+00:00,2025-12-01 16:30:00+00:00,buy,57.594300000000004,57.164699999999996,58.02390000000001,57.164699999999996,1608.5429899243886,-691.0300684715298,68411.97677868145,loss,-0.42960000000000775,58411.97677868152
2025-12-01 16:55:00+00:00,2025-12-01 18:10:00+00:00,buy,57.636300000000006,57.143699999999995,58.128900000000016,58.128900000000016,1388.7936820682103,684.1197677868145,69096.09654646827,win,0.49260000000001014,59096.09654646833
2025-12-01 18:20:00+00:00,2025-12-02 01:50:00+00:00,buy,58.228300000000004,57.494699999999995,58.961900000000014,57.494699999999995,941.8769976345058,-690.9609654646827,68405.13558100359,loss,-0.7336000000000098,58405.13558100365
2025-12-02 16:05:00+00:00,2025-12-02 16:10:00+00:00,buy,57.6753,57.4237,57.9269,57.9269,2718.80507078707,684.051355810036,69089.18693681362,win,0.2516000000000034,59089.18693681368
2025-12-02 16:20:00+00:00,2025-12-02 17:15:00+00:00,buy,58.1503,57.4557,58.8449,57.4557,994.6614877168658,-690.8918693681362,68398.29506744549,loss,-0.6946000000000012,58398.29506744555
2025-12-02 18:30:00+00:00,2025-12-02 19:45:00+00:00,buy,57.560300000000005,57.055699999999995,58.064900000000016,58.064900000000016,1355.4953441824032,683.982950674455,69082.27801811995,win,0.5046000000000106,59082.27801812001
2025-12-02 19:55:00+00:00,2025-12-02 20:35:00+00:00,buy,58.072300000000006,57.863699999999994,58.28090000000002,57.863699999999994,3311.710355614393,-690.8227801811995,68391.45523793875,loss,-0.20860000000001122,58391.455237938804
2025-12-02 21:10:00+00:00,2025-12-03 01:50:00+00:00,buy,58.1843,57.6607,58.7079,58.7079,1306.1775255526834,683.9145523793874,69075.36979031813,win,0.5236000000000018,59075.36979031819
2025-12-03 03:20:00+00:00,2025-12-03 04:45:00+00:00,buy,58.4453,58.1947,58.69590000000001,58.69590000000001,2756.399432973526,690.7536979031813,69766.12348822132,win,0.2506000000000057,59766.12348822137
2025-12-03 04:55:00+00:00,2025-12-03 07:30:00+00:00,buy,58.7213,58.351699999999994,59.090900000000005,58.351699999999994,1887.6115662397262,-697.6612348822132,69068.46225333911,loss,-0.3696000000000055,59068.46225333915
2025-12-03 10:15:00+00:00,2025-12-03 11:10:00+00:00,buy,58.090300000000006,57.878699999999995,58.30190000000002,57.878699999999995,3264.1050214241686,-690.6846225333911,68377.77763080572,loss,-0.21160000000001133,58377.77763080576
2025-12-03 12:00:00+00:00,2025-12-03 14:40:00+00:00,buy,58.2023,57.8617,58.5429,58.5429,2007.5683391311015,683.7777763080572,69061.55540711377,win,0.340600000000002,59061.55540711382
2025-12-03 14:55:00+00:00,2025-12-03 15:40:00+00:00,buy,58.5493,58.228699999999996,58.86990000000001,58.86990000000001,2154.1346040895974,690.6155540711378,69752.17096118491,win,0.320600000000006,59752.17096118496
2025-12-03 15:50:00+00:00,2025-12-03 16:00:00+00:00,buy,58.871300000000005,58.6147,59.12790000000001,58.6147,2718.323108385943,-697.5217096118491,69054.64925157306,loss,-0.25660000000000593,59054.64925157311
2025-12-03 17:15:00+00:00,2025-12-03 18:50:00+00:00,buy,58.502300000000005,58.1087,58.89590000000001,58.1087,1754.437226920019,-690.5464925157306,68364.10275905734,loss,-0.3936000000000064,58364.10275905738
2025-12-03 21:10:00+00:00,2025-12-04 03:45:00+00:00,buy,58.444300000000005,58.1517,58.73690000000001,58.73690000000001,2336.4355009930155,683.6410275905733,69047.74378664792,win,0.2926000000000073,59047.74378664795
2025-12-04 07:05:00+00:00,2025-12-04 07:15:00+00:00,sell,58.1357,58.2693,58.0021,58.0021,5168.244295407729,690.4774378664791,69738.22122451439,win,-0.13360000000000127,59738.22122451443
2025-12-04 07:35:00+00:00,2025-12-04 07:40:00+00:00,sell,57.966699999999996,58.1963,57.73709999999999,57.73709999999999,3037.3789731930706,697.3822122451439,70435.60343675953,win,-0.2296000000000049,60435.60343675958
2025-12-04 07:50:00+00:00,2025-12-04 08:15:00+00:00,sell,57.7307,58.234300000000005,57.22709999999999,57.22709999999999,1398.641847433652,704.3560343675953,71139.95947112712,win,-0.5036000000000058,61139.95947112717
2025-12-04 08:25:00+00:00,2025-12-04 16:05:00+00:00,sell,57.183699999999995,57.773300000000006,56.59409999999998,57.773300000000006,1206.5800453040322,-711.3995947112712,70428.55987641585,loss,0.5896000000000114,60428.5598764159
2025-12-04 16:35:00+00:00,2025-12-04 17:00:00+00:00,sell,57.2647,57.8203,56.70909999999999,56.70909999999999,1267.612668761972,704.2855987641585,71132.84547518,win,-0.5556000000000054,61132.84547518006
2025-12-04 20:05:00+00:00,2025-12-04 21:05:00+00:00,sell,56.9987,57.215300000000006,56.78209999999999,56.78209999999999,3284.064888050682,711.3284547518,71844.1739299318,win,-0.2166000000000068,61844.17392993186
2025-12-04 21:20:00+00:00,2025-12-04 22:45:00+00:00,sell,56.7347,57.091300000000004,56.37809999999999,57.091300000000004,2014.699212841568,-718.441739299318,71125.73219063248,loss,0.35660000000000736,61125.73219063254
2025-12-05 01:10:00+00:00,2025-12-05 03:00:00+00:00,sell,57.036699999999996,57.1443,56.92909999999999,56.92909999999999,6610.198158980405,711.2573219063248,71836.9895125388,win,-0.10760000000000502,61836.989512538865
2025-12-05 03:10:00+00:00,2025-12-05 03:30:00+00:00,sell,56.899699999999996,57.0593,56.74009999999999,57.0593,4501.06450579804,-718.369895125388,71118.61961741341,loss,0.15960000000000463,61118.619617413475
2025-12-05 08:05:00+00:00,2025-12-05 16:50:00+00:00,buy,58.130300000000005,57.7367,58.52390000000001,58.52390000000001,1806.8754984098643,711.1861961741341,71829.80581358755,win,0.3936000000000064,61829.805813587605
2025-12-05 17:20:00+00:00,2025-12-05 18:15:00+00:00,buy,58.7203,58.0747,59.3659,58.0747,1112.6054184260743,-718.2980581358755,71111.50775545168,loss,-0.6456000000000017,61111.50775545173
2025-12-05 19:30:00+00:00,2025-12-05 19:35:00+00:00,buy,58.578300000000006,58.2787,58.87790000000001,58.2787,2373.548322945609,-711.1150775545168,70400.39267789717,loss,-0.2996000000000052,60400.39267789721
2025-12-05 19:50:00+00:00,2025-12-05 21:05:00+00:00,buy,58.6143,58.229699999999994,58.998900000000006,58.229699999999994,1830.483428962456,-704.0039267789716,69696.3887511182,loss,-0.38460000000000605,59696.38875111824
2025-12-08 01:00:00+00:00,2025-12-08 01:10:00+00:00,buy,58.4403,58.2727,58.6079,58.6079,4158.495748873396,696.9638875111821,70393.35263862938,win,0.1676000000000002,60393.352638629425
2025-12-08 10:05:00+00:00,2025-12-08 15:00:00+00:00,buy,58.399300000000004,58.189699999999995,58.60890000000001,58.189699999999995,3358.4614808504957,-703.9335263862938,69689.4191122431,loss,-0.2096000000000089,59689.41911224313
2025-12-08 18:05:00+00:00,2025-12-09 01:00:00+00:00,sell,57.8717,58.173300000000005,57.57009999999999,57.57009999999999,2310.6571323687444,696.8941911224309,70386.31330336552,win,-0.30160000000000764,60386.31330336556
2025-12-09 02:15:00+00:00,2025-12-09 02:40:00+00:00,sell,58.079699999999995,58.1173,58.04209999999999,58.04209999999999,18719.76417642464,703.8631330336552,71090.17643639917,win,-0.03760000000000474,61090.17643639922
2025-12-09 02:50:00+00:00,2025-12-09 03:00:00+00:00,sell,58.030699999999996,58.1173,57.94409999999999,58.1173,8209.027302124214,-710.9017643639917,70379.27467203517,loss,0.08660000000000423,60379.27467203523
2025-12-09 07:05:00+00:00,2025-12-09 07:30:00+00:00,sell,58.1537,58.319300000000005,57.988099999999996,57.988099999999996,4249.956200002,703.7927467203517,71083.06741875553,win,-0.16560000000000485,61083.067418755585
2025-12-09 07:40:00+00:00,2025-12-09 07:50:00+00:00,sell,57.9467,58.1753,57.7181,57.7181,3109.4955126314735,710.8306741875552,71793.89809294308,win,-0.22860000000000014,61793.89809294314
2025-12-09 08:00:00+00:00,2025-12-09 10:00:00+00:00,sell,57.662699999999994,58.103300000000004,57.22209999999998,58.103300000000004,1629.457514592405,-717.9389809294308,71075.95911201365,loss,0.44060000000001054,61075.95911201371
2025-12-09 11:05:00+00:00,2025-12-09 11:10:00+00:00,buy,58.3523,58.156699999999994,58.547900000000006,58.547900000000006,3633.740240900382,710.7595911201365,71786.71870313378,win,0.195600000000006,61786.71870313385
2025-12-09 11:20:00+00:00,2025-12-09 17:20:00+00:00,buy,58.804300000000005,58.2547,59.35390000000001,59.35390000000001,1306.1630040599182,717.8671870313378,72504.58589016512,win,0.5496000000000052,62504.58589016519
2025-12-09 17:30:00+00:00,2025-12-09 17:55:00+00:00,buy,59.517300000000006,58.848699999999994,60.18590000000002,60.18590000000002,1084.4239588717294,725.0458589016514,73229.63174906677,win,0.6686000000000121,63229.63174906684
2025-12-09 18:05:00+00:00,2025-12-10 01:15:00+00:00,buy,60.2903,59.7217,60.858900000000006,60.858900000000006,1287.8936290725699,732.2963174906678,73961.92806655743,win,0.5686000000000035,63961.928066557506
2025-12-10 01:25:00+00:00,2025-12-10 03:25:00+00:00,buy,60.877300000000005,60.4837,61.27090000000001,61.27090000000001,1879.114026081205,739.6192806655744,74701.54734722301,win,0.3936000000000064,64701.54734722308
2025-12-10 03:55:00+00:00,2025-12-10 11:00:00+00:00,buy,61.325300000000006,60.8277,61.82290000000001,60.8277,1501.2368839875837,-747.01547347223,73954.53187375078,loss,-0.4976000000000056,63954.53187375085
2025-12-10 12:55:00+00:00,2025-12-10 15:50:00+00:00,buy,61.066300000000005,60.783699999999996,61.348900000000015,60.783699999999996,2616.9331873230126,-739.5453187375076,73214.98655501327,loss,-0.2826000000000093,63214.98655501334
2025-12-10 22:05:00+00:00,2025-12-11 02:10:00+00:00,buy,61.1103,60.155699999999996,62.06490000000001,62.06490000000001,766.9703179867251,732.1498655501326,73947.1364205634,win,0.9546000000000063,63947.136420563475
2025-12-11 02:20:00+00:00,2025-12-11 03:00:00+00:00,buy,62.176300000000005,61.814699999999995,62.537900000000015,62.537900000000015,2044.9982417190645,739.471364205634,74686.60778476903,win,0.3616000000000099,64686.607784769105
2025-12-11 03:10:00+00:00,2025-12-11 05:05:00+00:00,buy,62.6723,62.119699999999995,63.224900000000005,62.119699999999995,1351.5491817728614,-746.8660778476903,73939.74170692134,loss,-0.5526000000000053,63939.74170692141
2025-12-11 08:30:00+00:00,2025-12-11 12:05:00+00:00,buy,61.8883,61.4807,62.2959,62.2959,1814.0270291197485,739.3974170692135,74679.13912399055,win,0.4076000000000022,64679.13912399063
2025-12-11 12:15:00+00:00,2025-12-11 13:50:00+00:00,buy,62.365300000000005,62.0057,62.72490000000001,62.0057,2076.728006785011,-746.7913912399055,73932.34773275064,loss,-0.35960000000000747,63932.34773275072
2025-12-11 15:20:00+00:00,2025-12-11 15:25:00+00:00,buy,62.295300000000005,62.1277,62.46290000000001,62.1277,4411.237931548176,-739.3234773275065,73193.02425542314,loss,-0.1676000000000073,63193.02425542322
2025-12-11 15:40:00+00:00,2025-12-11 15:50:00+00:00,buy,62.3203,62.0937,62.54690000000001,62.54690000000001,3230.0540271589407,731.9302425542314,73924.95449797736,win,0.2266000000000048,63924.95449797745
2025-12-11 16:05:00+00:00,2025-12-11 17:40:00+00:00,buy,62.566300000000005,62.0627,63.06990000000001,63.06990000000001,1467.9299940027106,739.2495449797736,74664.20404295714,win,0.5036000000000058,64664.20404295722
2025-12-11 17:50:00+00:00,2025-12-11 18:45:00+00:00,buy,63.2383,62.680699999999995,63.79590000000001,63.79590000000001,1339.0280495508623,746.6420404295714,75410.84608338671,win,0.5576000000000079,65410.846083386794
2025-12-11 18:55:00+00:00,2025-12-11 21:00:00+00:00,buy,63.828300000000006,63.292699999999996,64.36390000000002,63.292699999999996,1407.9694937151867,-754.1084608338672,74656.73762255284,loss,-0.5356000000000094,64656.73762255293
2025-12-11 23:20:00+00:00,2025-12-11 23:30:00+00:00,buy,63.5703,63.4527,63.687900000000006,63.4527,6348.362042733921,-746.5673762255284,73910.17024632731,loss,-0.11760000000000304,63910.1702463274
2025-12-11 23:40:00+00:00,2025-12-12 01:00:00+00:00,buy,63.630300000000005,63.445699999999995,63.814900000000016,63.814900000000016,4003.8012051095984,739.1017024632731,74649.27194879059,win,0.1846000000000103,64649.27194879067
2025-12-12 02:15:00+00:00,2025-12-12 03:25:00+00:00,buy,63.274300000000004,62.9417,63.60690000000001,62.9417,2244.4158733851214,-746.4927194879058,73902.77922930267,loss,-0.33260000000000645,63902.77922930277
2025-12-12 04:00:00+00:00,2025-12-12 04:10:00+00:00,buy,63.3843,62.9207,63.84790000000001,63.84790000000001,1594.106540752839,739.0277922930268,74641.8070215957,win,0.4636000000000067,64641.80702159579
2025-12-12 04:30:00+00:00,2025-12-12 13:10:00+00:00,buy,63.8723,63.2067,64.53790000000001,64.53790000000001,1121.421379531177,746.418070215957,75388.22509181165,win,0.6656000000000049,65388.22509181175
2025-12-12 16:15:00+00:00,2025-12-12 16:35:00+00:00,buy,64.5423,63.930699999999995,65.1539,63.930699999999995,1232.6393899903744,-753.8822509181165,74634.34284089353,loss,-0.6116000000000028,64634.34284089363
2025-12-12 20:40:00+00:00,2025-12-12 21:10:00+00:00,sell,61.5907,61.8553,61.3261,61.3261,2820.6478775847736,746.3434284089353,75380.68626930246,win,-0.2646000000000015,65380.68626930257
2025-12-12 22:25:00+00:00,2025-12-12 22:30:00+00:00,sell,61.744699999999995,62.0003,61.489099999999986,61.489099999999986,2949.166129471832,753.8068626930246,76134.49313199548,win,-0.25560000000000827,66134.4931319956
2025-12-12 23:55:00+00:00,2025-12-15 01:00:00+00:00,sell,61.918699999999994,62.008300000000006,61.82909999999998,61.82909999999998,8497.153251337695,761.3449313199548,76895.83806331543,win,-0.08960000000001145,66895.83806331555
2025-12-15 03:05:00+00:00,2025-12-15 03:10:00+00:00,sell,61.9327,62.0803,61.78509999999999,61.78509999999999,5209.745126240736,768.9583806331543,77664.79644394858,win,-0.14760000000000417,67664.7964439487
2025-12-15 05:10:00+00:00,2025-12-15 05:30:00+00:00,sell,62.494699999999995,62.6993,62.29009999999999,62.6993,3795.9333550315823,-776.6479644394858,76888.1484795091,loss,0.20460000000000633,66888.14847950921
2025-12-15 10:05:00+00:00,2025-12-15 10:30:00+00:00,buy,63.338300000000004,63.0867,63.58990000000001,63.58990000000001,3055.9677456084287,768.881484795091,77657.02996430418,win,0.2516000000000034,67657.0299643043
2025-12-15 10:40:00+00:00,2025-12-15 11:10:00+00:00,buy,63.5923,63.2727,63.9119,63.9119,2429.8194607103846,776.5702996430418,78433.60026394723,win,0.3196000000000012,68433.60026394734
2025-12-15 11:30:00+00:00,2025-12-15 11:45:00+00:00,buy,63.947300000000006,63.7317,64.16290000000001,63.7317,3637.9220901643744,-784.3360026394723,77649.26426130776,loss,-0.21560000000000912,67649.26426130788
2025-12-15 13:35:00+00:00,2025-12-15 14:55:00+00:00,buy,63.7783,63.5257,64.0309,64.0309,3074.000960463478,776.4926426130777,78425.75690392085,win,0.25260000000000105,68425.75690392096
2025-12-15 15:45:00+00:00,2025-12-15 15:55:00+00:00,buy,64.03529999999999,63.8827,64.18789999999998,63.8827,5139.302549405288,-784.2575690392085,77641.49933488164,loss,-0.15259999999999252,67641.49933488175
2025-12-15 17:15:00+00:00,2025-12-15 18:35:00+00:00,buy,63.6813,63.110699999999994,64.2519,63.110699999999994,1360.6992522762148,-776.4149933488163,76865.08434153281,loss,-0.570600000000006,66865.08434153293
2025-12-15 19:40:00+00:00,2025-12-16 05:05:00+00:00,buy,63.5583,62.875699999999995,64.24090000000001,62.875699999999995,1126.0633510332834,-768.6508434153282,76096.43349811749,loss,-0.6826000000000079,66096.4334981176
2025-12-16 07:10:00+00:00,2025-12-16 07:15:00+00:00,sell,62.756699999999995,62.938300000000005,62.575099999999985,62.575099999999985,4190.33224108553,760.9643349811749,76857.39783309867,win,-0.1816000000000102,66857.39783309879
2025-12-16 07:25:00+00:00,2025-12-16 08:25:00+00:00,sell,62.5627,63.033300000000004,62.092099999999995,63.033300000000004,1633.178874481469,-768.5739783309867,76088.82385476769,loss,0.47060000000000457,66088.8238547678
2025-12-16 10:20:00+00:00,2025-12-16 10:30:00+00:00,sell,62.884699999999995,63.1283,62.64109999999999,63.1283,3123.514936566718,-760.8882385476769,75327.93561622001,loss,0.2436000000000078,65327.93561622013
2025-12-16 11:45:00+00:00,2025-12-16 11:50:00+00:00,sell,63.052699999999994,63.1813,62.92409999999999,62.92409999999999,5857.537761758678,753.2793561622001,76081.21497238221,win,-0.12860000000000582,66081.21497238232
2025-12-16 12:05:00+00:00,2025-12-16 14:15:00+00:00,sell,62.8867,63.1433,62.63009999999999,63.1433,2964.973303678116,-760.8121497238221,75320.40282265839,loss,0.25660000000000593,65320.4028226585
2025-12-16 15:00:00+00:00,2025-12-16 15:20:00+00:00,sell,62.8947,63.197300000000006,62.592099999999995,63.197300000000006,2489.107826260974,-753.2040282265839,74567.19879443181,loss,0.3026000000000053,64567.19879443192
2025-12-16 18:05:00+00:00,2025-12-16 18:15:00+00:00,buy,63.642300000000006,63.3897,63.894900000000014,63.3897,2951.9872840233334,-745.6719879443181,73821.5268064875,loss,-0.25260000000000815,63821.5268064876
2025-12-16 19:05:00+00:00,2025-12-16 19:55:00+00:00,buy,63.682300000000005,63.3277,64.0369,63.3277,2081.825347052636,-738.215268064875,73083.31153842263,loss,-0.3546000000000049,63083.31153842273
2025-12-16 20:30:00+00:00,2025-12-16 21:50:00+00:00,buy,63.600300000000004,63.3107,63.88990000000001,63.88990000000001,2523.5950116858016,730.8331153842263,73814.14465380686,win,0.2896000000000072,63814.14465380695
2025-12-17 01:50:00+00:00,2025-12-17 02:10:00+00:00,buy,63.789300000000004,63.661699999999996,63.91690000000001,63.91690000000001,5784.807574749384,738.1414465380685,74552.28610034492,win,0.12760000000000815,64552.286100345016
2025-12-17 02:20:00+00:00,2025-12-17 03:10:00+00:00,buy,63.959300000000006,63.720699999999994,64.19790000000002,64.19790000000002,3124.571923736004,745.5228610034492,75297.80896134838,win,0.23860000000001236,65297.80896134846
2025-12-17 03:20:00+00:00,2025-12-17 03:30:00+00:00,buy,64.32329999999999,63.7737,64.87289999999999,64.87289999999999,1370.0474701846729,752.9780896134936,76050.78705096187,win,0.5495999999999981,66050.78705096195
2025-12-17 03:40:00+00:00,2025-12-17 07:35:00+00:00,buy,65.21029999999999,64.05470000000001,66.36589999999997,66.36589999999997,658.1064992295196,760.5078705096187,76811.29492147149,win,1.1555999999999784,66811.29492147158
2025-12-17 07:45:00+00:00,2025-12-17 08:20:00+00:00,buy,66.46029999999999,65.9777,66.94289999999998,65.9777,1591.6140679957098,-768.112949214715,76043.18197225677,loss,-0.4825999999999908,66043.18197225686
2025-12-17 10:40:00+00:00,2025-12-17 16:10:00+00:00,buy,65.7933,65.4477,66.1389,65.4477,2200.323552437956,-760.4318197225676,75282.75015253421,loss,-0.34560000000000457,65282.750152534296
2025-12-17 16:55:00+00:00,2025-12-18 16:40:00+00:00,buy,66.07629999999999,65.2137,66.93889999999998,65.2137,872.7422925172201,-752.8275015253421,74529.92265100886,loss,-0.8625999999999863,64529.92265100895
2025-12-18 19:10:00+00:00,2025-12-18 19:15:00+00:00,sell,65.67370000000001,65.96029999999999,65.38710000000003,65.38710000000003,2600.485786846281,745.2992265100886,75275.22187751895,win,-0.28659999999997865,65275.22187751904
2025-12-18 21:50:00+00:00,2025-12-18 22:00:00+00:00,sell,65.18570000000001,65.39529999999999,64.97610000000003,65.39529999999999,3591.3750895766207,-752.7522187751896,74522.46965874376,loss,0.20959999999998047,64522.46965874385
2025-12-19 02:45:00+00:00,2025-12-19 03:00:00+00:00,sell,65.39670000000001,65.59429999999999,65.19910000000003,65.19910000000003,3771.380043459074,745.2246965874376,75267.6943553312,win,-0.19759999999998,65267.69435533129
2025-12-19 03:25:00+00:00,2025-12-19 07:00:00+00:00,sell,64.9437,65.4713,64.41610000000001,65.4713,1426.6052758781705,-752.6769435533121,74515.0174117779,loss,0.5275999999999925,64515.017411777975
2025-12-19 12:05:00+00:00,2025-12-19 13:05:00+00:00,buy,66.1203,65.8747,66.3659,65.8747,3033.9990802841653,-745.150174117779,73769.86723766012,loss,-0.24559999999999604,63769.8672376602
2025-12-19 15:05:00+00:00,2025-12-19 16:35:00+00:00,buy,66.0033,65.6277,66.37889999999999,66.37889999999999,1964.053973313679,737.6986723766012,74507.56591003672,win,0.3755999999999915,64507.5659100368
2025-12-19 17:30:00+00:00,2025-12-19 18:50:00+00:00,buy,66.5453,65.8037,67.28689999999999,67.28689999999999,1004.6867032097845,745.0756591003673,75252.6415691371,win,0.7415999999999912,65252.641569137166
2025-12-19 19:00:00+00:00,2025-12-22 03:00:00+00:00,buy,67.3003,66.86370000000001,67.73689999999998,67.73689999999998,1723.606082664677,752.526415691371,76005.16798482847,win,0.43659999999998433,66005.16798482854
2025-12-22 03:25:00+00:00,2025-12-22 04:50:00+00:00,buy,68.1293,67.35170000000001,68.9069,68.9069,977.432715854285,760.0516798482847,76765.21966467676,win,0.7775999999999925,66765.21966467683
2025-12-22 05:20:00+00:00,2025-12-22 18:30:00+00:00,buy,68.9733,68.3927,69.55389999999998,68.3927,1322.1705074867052,-767.6521966467676,75997.56746802999,loss,-0.5805999999999898,65997.56746803006
2025-12-22 21:50:00+00:00,2025-12-22 22:30:00+00:00,buy,68.53829999999999,68.3197,68.75689999999999,68.75689999999999,3476.558438610783,759.9756746802999,76757.54314271029,win,0.21859999999999502,66757.54314271036
2025-12-22 22:40:00+00:00,2025-12-22 22:50:00+00:00,buy,68.7623,68.6337,68.89089999999999,68.89089999999999,5968.704754487971,767.5754314271029,77525.11857413739,win,0.1285999999999916,67525.11857413746
2025-12-22 23:00:00+00:00,2025-12-23 01:10:00+00:00,buy,68.8913,68.6667,69.1159,69.1159,3451.697176052495,775.2511857413739,78300.36975987877,win,0.22459999999999525,68300.36975987884
2025-12-23 01:20:00+00:00,2025-12-23 02:25:00+00:00,buy,69.1253,68.9967,69.25389999999999,68.9967,6088.675720053179,-783.0036975987878,77517.36606227998,loss,-0.1285999999999916,67517.36606228005
2025-12-23 03:00:00+00:00,2025-12-23 03:05:00+00:00,buy,69.19229999999999,68.98870000000001,69.39589999999997,69.39589999999997,3807.3362506035123,775.1736606227998,78292.53972290277,win,0.20359999999998024,68292.53972290285
2025-12-23 03:15:00+00:00,2025-12-23 03:20:00+00:00,buy,69.5873,69.1237,70.0509,69.1237,1688.7950759901391,-782.9253972290278,77509.61432567374,loss,-0.46359999999999957,67509.61432567381
2025-12-23 04:35:00+00:00,2025-12-23 05:00:00+00:00,buy,69.5363,69.2367,69.8359,69.8359,2587.103281898339,775.0961432567374,78284.71046893048,win,0.2995999999999981,68284.71046893056
2025-12-23 06:20:00+00:00,2025-12-23 06:50:00+00:00,buy,69.6773,69.5167,69.8379,69.5167,4874.51497315874,-782.8471046893048,77501.86336424117,loss,-0.1606000000000023,67501.86336424125
2025-12-23 09:20:00+00:00,2025-12-23 09:45:00+00:00,buy,69.4503,69.2937,69.6069,69.6069,4949.033420449709,775.0186336424117,78276.88199788358,win,0.1565999999999974,68276.88199788365
2025-12-23 12:05:00+00:00,2025-12-23 12:55:00+00:00,buy,69.5713,69.4367,69.70589999999999,69.70589999999999,5815.5187219827885,782.7688199788358,79059.65081786242,win,0.13459999999999184,69059.6508178625
2025-12-23 13:50:00+00:00,2025-12-23 14:15:00+00:00,buy,69.71629999999999,69.60470000000001,69.82789999999997,69.60470000000001,7084.1981019601735,-790.5965081786243,78269.0543096838,loss,-0.11159999999998149,68269.05430968387
2025-12-23 15:00:00+00:00,2025-12-23 15:05:00+00:00,buy,69.7353,69.5317,69.93889999999999,69.93889999999999,3844.256105583788,782.6905430968379,79051.74485278063,win,0.20359999999999445,69051.7448527807
2025-12-23 15:15:00+00:00,2025-12-23 15:20:00+00:00,buy,69.9593,69.5377,70.3809,70.3809,1875.0413864511625,790.5174485278063,79842.26230130844,win,0.421599999999998,69842.26230130851
2025-12-23 15:30:00+00:00,2025-12-23 16:35:00+00:00,buy,70.4333,69.5637,71.30290000000001,69.5637,918.1492904934215,-798.4226230130844,79043.83967829535,loss,-0.8696000000000055,69043.83967829542
2025-12-23 17:50:00+00:00,2025-12-23 18:10:00+00:00,buy,69.6733,69.13470000000001,70.21189999999999,70.21189999999999,1467.5796449739526,790.4383967829535,79834.2780750783,win,0.5385999999999882,69834.27807507837
2025-12-23 18:20:00+00:00,2025-12-23 19:05:00+00:00,buy,70.2443,69.51870000000001,70.96989999999998,70.96989999999998,1100.251902909039,798.342780750783,80632.62085582908,win,0.7255999999999858,70632.62085582915
2025-12-23 19:25:00+00:00,2025-12-24 02:30:00+00:00,buy,71.0723,70.2407,71.9039,71.9039,969.6082353995865,806.3262085582909,81438.94706438738,win,0.8315999999999946,71438.94706438745
2025-12-24 02:40:00+00:00,2025-12-24 03:00:00+00:00,buy,71.90729999999999,71.6607,72.15389999999998,71.6607,3302.471494906399,-814.3894706438738,80624.5575937435,loss,-0.2465999999999866,70624.55759374358
2025-12-24 03:20:00+00:00,2025-12-24 03:40:00+00:00,buy,72.0593,71.5147,72.60389999999998,72.60389999999998,1480.4362393269412,806.245575937435,81430.80316968093,win,0.5445999999999884,71430.803169681
2025-12-24 03:50:00+00:00,2025-12-24 04:25:00+00:00,buy,72.6443,71.8927,73.3959,71.8927,1083.4327191282775,-814.3080316968094,80616.49513798412,loss,-0.7515999999999963,70616.4951379842
2025-12-24 04:45:00+00:00,2025-12-24 04:55:00+00:00,buy,72.33229999999999,71.8917,72.77289999999998,71.8917,1829.698028551659,-806.1649513798412,79810.33018660427,loss,-0.4405999999999892,69810.33018660435
2025-12-24 06:20:00+00:00,2025-12-24 07:00:00+00:00,buy,72.3793,72.1987,72.5599,72.1987,4419.176643776579,-798.1033018660428,79012.22688473824,loss,-0.18059999999999832,69012.22688473831
2025-12-24 08:30:00+00:00,2025-12-24 10:00:00+00:00,buy,72.27329999999999,71.9387,72.60789999999999,71.9387,2361.3935111996266,-790.1222688473825,78222.10461589086,loss,-0.3345999999999947,68222.10461589093
2025-12-24 11:25:00+00:00,2025-12-24 14:00:00+00:00,buy,71.8543,71.3707,72.33789999999999,72.33789999999999,1617.4959597992467,782.2210461589086,79004.32566204977,win,0.4835999999999956,69004.32566204984
2025-12-24 14:15:00+00:00,2025-12-24 15:00:00+00:00,buy,72.3643,71.99470000000001,72.73389999999999,71.99470000000001,2137.5629237568082,-790.0432566204977,78214.28240542927,loss,-0.36959999999999127,68214.28240542935
2025-12-26 01:05:00+00:00,2025-12-26 01:10:00+00:00,buy,71.89229999999999,71.7257,72.05889999999998,72.05889999999998,4694.73483826139,782.1428240542928,78996.42522948356,win,0.1665999999999883,68996.42522948363
2025-12-26 02:25:00+00:00,2025-12-26 03:00:00+00:00,buy,73.7543,73.05470000000001,74.45389999999999,74.45389999999999,1129.1655979057282,789.9642522948357,79786.3894817784,win,0.6995999999999896,69786.38948177847
2025-12-26 03:10:00+00:00,2025-12-26 13:25:00+00:00,buy,74.8363,73.8177,75.85489999999999,73.8177,783.2946149791775,-797.8638948177841,78988.52558696062,loss,-1.0185999999999922,68988.52558696069
2025-12-26 14:45:00+00:00,2025-12-26 14:55:00+00:00,buy,74.44829999999999,74.1567,74.73989999999998,74.1567,2708.79717376419,-789.8852558696062,78198.64033109101,loss,-0.2915999999999883,68198.64033109108
2025-12-26 15:05:00+00:00,2025-12-26 15:45:00+00:00,buy,74.5243,74.0667,74.9819,74.0667,1708.8863708717465,-781.9864033109101,77416.6539277801,loss,-0.45759999999999934,67416.65392778018
2025-12-26 16:15:00+00:00,2025-12-26 17:25:00+00:00,buy,74.8083,74.0177,75.5989,75.5989,979.2139378671936,774.1665392778011,78190.8204670579,win,0.7905999999999977,68190.82046705797
2025-12-26 17:35:00+00:00,2025-12-26 20:00:00+00:00,buy,75.74929999999999,74.9507,76.54789999999998,76.54789999999998,979.0986785256518,781.908204670579,78972.72867172847,win,0.7985999999999933,68972.72867172855
2025-12-26 20:15:00+00:00,2025-12-26 20:50:00+00:00,buy,76.5683,75.8357,77.30089999999998,77.30089999999998,1077.9788243479315,789.7272867172848,79762.45595844576,win,0.7325999999999908,69762.45595844583
2025-12-26 21:10:00+00:00,2025-12-26 22:15:00+00:00,buy,77.37729999999999,76.6997,78.05489999999998,78.05489999999998,1177.131876600467,797.6245595844575,80560.08051803021,win,0.677599999999984,70560.08051803029
2025-12-26 22:35:00+00:00,2025-12-26 23:30:00+00:00,buy,78.1053,76.9927,79.2179,79.2179,724.0704702321605,805.600805180302,81365.68132321052,win,1.1126000000000005,71365.68132321059
2025-12-29 01:00:00+00:00,2025-12-29 01:05:00+00:00,buy,79.3093,78.2787,80.33989999999999,80.33989999999999,789.4981692529702,813.6568132321053,82179.33813644263,win,1.0305999999999926,72179.3381364427
2025-12-29 01:20:00+00:00,2025-12-29 02:20:00+00:00,buy,83.3553,78.95870000000001,87.75189999999999,78.95870000000001,186.91565786390115,-821.7933813644263,81357.54475507821,loss,-4.396599999999992,71357.54475507828
2025-12-29 04:45:00+00:00,2025-12-29 05:20:00+00:00,buy,78.5013,77.3057,79.6969,79.6969,680.4746132074129,813.5754475507821,82171.120202629,win,1.1955999999999989,72171.12020262907
2025-12-29 05:30:00+00:00,2025-12-29 08:00:00+00:00,buy,80.5253,78.2667,82.7839,78.2667,363.81439919697584,-821.7112020262902,81349.40900060271,loss,-2.2586000000000013,71349.40900060278
2025-12-29 13:40:00+00:00,2025-12-29 13:50:00+00:00,sell,75.1457,75.5463,74.74510000000001,74.74510000000001,2030.68919122824,813.4940900060271,82162.90309060874,win,-0.4005999999999972,72162.90309060882
2025-12-29 14:00:00+00:00,2025-12-29 15:00:00+00:00,sell,74.4437,75.76429999999999,73.12310000000002,75.76429999999999,622.1634339740247,-821.6290309060875,81341.27405970266,loss,1.3205999999999847,71341.27405970273
2025-12-29 15:20:00+00:00,2025-12-29 15:40:00+00:00,sell,74.8327,75.7813,73.8841,73.8841,857.4876034124262,813.4127405970266,82154.68680029968,win,-0.948599999999999,72154.68680029975
2025-12-29 15:50:00+00:00,2025-12-30 14:15:00+00:00,sell,72.9397,75.4343,70.44510000000001,75.4343,329.33010021767006,-821.5468680029969,81333.13993229668,loss,2.4945999999999913,71333.13993229675
2025-12-30 14:25:00+00:00,2025-12-30 15:00:00+00:00,buy,75.6493,74.79870000000001,76.49989999999998,76.49989999999998,956.185515310346,813.3313993229667,82146.47133161964,win,0.8505999999999858,72146.47133161972
2025-12-30 17:20:00+00:00,2025-12-30 17:40:00+00:00,buy,75.73129999999999,75.13770000000001,76.32489999999997,76.32489999999997,1383.8691262065752,821.4647133161965,82967.93604493584,win,0.5935999999999808,72967.93604493591
2025-12-30 18:15:00+00:00,2025-12-30 19:00:00+00:00,buy,76.4533,75.63170000000001,77.27489999999999,77.27489999999999,1009.8336909072164,829.6793604493583,83797.6154053852,win,0.8215999999999894,73797.61540538527
2025-12-30 19:10:00+00:00,2025-12-30 21:55:00+00:00,buy,77.35329999999999,76.10470000000001,78.60189999999997,76.10470000000001,671.1325917458466,-837.976154053852,82959.63925133135,loss,-1.248599999999982,72959.63925133142
2025-12-31 05:05:00+00:00,2025-12-31 22:00:00+00:00,sell,72.77470000000001,75.3853,70.16410000000002,70.16410000000002,317.7799710845462,829.5963925133135,83789.23564384466,win,-2.610599999999991,73789.23564384473
2026-01-02 07:05:00+00:00,2026-01-02 07:20:00+00:00,buy,73.5123,73.21470000000001,73.80989999999998,73.80989999999998,2815.4985095378997,837.8923564384467,84627.1280002831,win,0.29759999999998854,74627.12800028318
2026-01-02 07:30:00+00:00,2026-01-02 17:10:00+00:00,buy,73.91329999999999,73.1517,74.67489999999998,73.1517,1111.17552521382,-846.2712800028311,83780.85672028028,loss,-0.7615999999999872,73780.85672028035
2026-01-02 20:10:00+00:00,2026-01-02 21:15:00+00:00,sell,71.8437,72.28829999999999,71.3991,72.28829999999999,1884.4097327998513,-837.8085672028028,82943.04815307749,loss,0.4445999999999941,72943.04815307754
2026-01-05 02:05:00+00:00,2026-01-05 02:35:00+00:00,buy,74.1293,72.9217,75.3369,75.3369,686.8420681771905,829.4304815307748,83772.47863460825,win,1.2075999999999993,73772.47863460831
2026-01-05 02:55:00+00:00,2026-01-05 16:10:00+00:00,buy,75.4713,74.3037,76.63889999999999,76.63889999999999,717.4758361991156,837.7247863460825,84610.20342095433,win,1.167599999999993,74610.20342095439
2026-01-05 16:20:00+00:00,2026-01-06 05:10:00+00:00,buy,76.6913,75.24770000000001,78.13489999999999,78.13489999999999,586.105593107197,846.1020342095434,85456.30545516388,win,1.4435999999999893,75456.30545516394
2026-01-06 05:20:00+00:00,2026-01-06 06:10:00+00:00,buy,78.28829999999999,77.5597,79.01689999999998,79.01689999999998,1172.8836872792413,854.5630545516386,86310.86850971551,win,0.7285999999999859,76310.86850971557
2026-01-06 07:25:00+00:00,2026-01-06 07:30:00+00:00,buy,78.89829999999999,78.6217,79.17489999999998,79.17489999999998,3120.4218550151604,863.1086850971551,87173.97719481267,win,0.27659999999998774,77173.97719481273
2026-01-06 15:00:00+00:00,2026-01-06 15:50:00+00:00,buy,78.4803,78.1147,78.8459,78.8459,2384.4085665977173,871.7397719481269,88045.7169667608,win,0.3656000000000006,78045.71696676085
2026-01-06 16:00:00+00:00,2026-01-06 16:35:00+00:00,buy,78.87129999999999,78.1507,79.59189999999998,79.59189999999998,1221.8389809431305,880.4571696676081,88926.17413642841,win,0.7205999999999904,78926.17413642847
2026-01-06 16:45:00+00:00,2026-01-06 18:30:00+00:00,buy,79.74329999999999,78.7227,80.76389999999998,80.76389999999998,871.3126997494562,889.2617413642841,89815.4358777927,win,1.0205999999999875,79815.43587779276
2026-01-06 19:20:00+00:00,2026-01-06 21:50:00+00:00,buy,80.84729999999999,79.9407,81.75389999999997,79.9407,990.6842695543168,-898.154358777927,88917.28151901477,loss,-0.9065999999999832,78917.28151901482
2026-01-06 22:20:00+00:00,2026-01-06 22:55:00+00:00,buy,80.4443,79.8137,81.0749,81.0749,1410.042523295506,889.1728151901477,89806.45433420491,win,0.6306000000000012,79806.45433420497
2026-01-07 01:10:00+00:00,2026-01-07 01:15:00+00:00,buy,81.40729999999999,81.1747,81.63989999999998,81.63989999999998,3860.982559510252,898.0645433420492,90704.51887754696,win,0.23259999999999081,80704.51887754702
2026-01-07 01:25:00+00:00,2026-01-07 01:30:00+00:00,buy,81.8733,81.18570000000001,82.56089999999999,82.56089999999999,1319.1465805344444,907.0451887754696,91611.56406632243,win,0.6875999999999891,81611.56406632249
2026-01-07 01:55:00+00:00,2026-01-07 03:05:00+00:00,buy,82.6713,81.4337,83.9089,81.4337,740.2356501803685,-916.1156406632243,90695.44842565921,loss,-1.2376000000000005,80695.44842565927
2026-01-07 04:25:00+00:00,2026-01-07 06:10:00+00:00,buy,80.7663,79.6147,81.9179,79.6147,787.5603371453548,-906.9544842565921,89788.49394140262,loss,-1.151600000000002,79788.49394140267
2026-01-07 15:05:00+00:00,2026-01-07 15:10:00+00:00,sell,78.5687,79.09729999999999,78.04010000000002,78.04010000000002,1698.6094200038874,897.8849394140261,90686.37888081664,win,-0.5285999999999831,80686.3788808167
2026-01-07 15:35:00+00:00,2026-01-08 07:40:00+00:00,sell,77.3927,79.09729999999999,75.68810000000002,75.68810000000002,532.0097317893784,906.8637888081664,91593.24266962481,win,-1.704599999999985,81593.24266962487
2026-01-08 08:05:00+00:00,2026-01-08 16:30:00+00:00,sell,75.5297,77.1883,73.87110000000001,73.87110000000001,552.2322601569108,915.9324266962483,92509.17509632107,win,-1.6585999999999927,82509.17509632112
2026-01-08 20:05:00+00:00,2026-01-08 22:25:00+00:00,sell,75.76870000000001,76.3463,75.19110000000002,76.3463,1601.6131422493545,-925.0917509632106,91584.08334535785,loss,0.5775999999999897,81584.08334535791
2026-01-09 08:30:00+00:00,2026-01-09 10:05:00+00:00,buy,77.1263,76.6847,77.5679,77.5679,2073.914930827878,915.8408334535784,92499.92417881143,win,0.441599999999994,82499.92417881149
2026-01-09 10:30:00+00:00,2026-01-09 15:30:00+00:00,buy,77.7443,77.0567,78.43189999999998,78.43189999999998,1345.257768743643,924.9992417881143,93424.92342059955,win,0.6875999999999891,83424.9234205996
2026-01-09 16:05:00+00:00,2026-01-09 17:20:00+00:00,buy,78.67229999999999,77.60170000000001,79.74289999999998,79.74289999999998,872.640794139743,934.2492342059954,94359.17265480554,win,1.0705999999999847,84359.1726548056
2026-01-09 17:35:00+00:00,2026-01-12 01:00:00+00:00,buy,79.85329999999999,78.88770000000001,80.81889999999997,80.81889999999997,977.2076704101847,943.5917265480555,95302.7643813536,win,0.9655999999999807,85302.76438135366
2026-01-12 01:10:00+00:00,2026-01-12 02:10:00+00:00,buy,80.8423,79.71170000000001,81.97289999999998,81.97289999999998,842.9397167995286,953.027643813536,96255.79202516713,win,1.130599999999987,86255.79202516719
2026-01-12 02:20:00+00:00,2026-01-12 02:35:00+00:00,buy,82.0923,81.4137,82.77089999999998,82.77089999999998,1418.4466847210247,962.5579202516714,97218.3499454188,win,0.6785999999999888,87218.34994541886
2026-01-12 02:45:00+00:00,2026-01-12 03:00:00+00:00,buy,82.8103,81.8657,83.75489999999999,83.75489999999999,1029.201248628196,972.1834994541879,98190.53344487298,win,0.9445999999999941,88190.53344487304
2026-01-12 04:45:00+00:00,2026-01-12 07:55:00+00:00,buy,83.4183,82.33070000000001,84.5059,84.5059,902.8184391768431,981.9053344487298,99172.43877932172,win,1.0875999999999948,89172.43877932178
2026-01-12 08:55:00+00:00,2026-01-12 09:40:00+00:00,buy,84.5493,83.5797,85.5189,83.5797,1022.8180567174271,-991.7243877932171,98180.7143915285,loss,-0.9695999999999998,88180.71439152856
2026-01-12 09:55:00+00:00,2026-01-12 13:55:00+00:00,buy,84.2543,83.5767,84.9319,83.5767,1448.9479691784056,-981.807143915285,97198.90724761321,loss,-0.6775999999999982,87198.90724761327
2026-01-12 14:05:00+00:00,2026-01-12 15:00:00+00:00,buy,84.0813,83.5637,84.5989,84.5989,1877.8768788178693,971.9890724761322,98170.89632008935,win,0.5176000000000016,88170.8963200894
2026-01-12 15:10:00+00:00,2026-01-12 15:50:00+00:00,buy,84.7933,83.9597,85.6269,85.6269,1177.6739001930048,981.7089632008937,99152.60528329024,win,0.8336000000000041,89152.6052832903
2026-01-12 16:00:00+00:00,2026-01-12 16:05:00+00:00,buy,85.6323,85.0257,86.2389,85.0257,1634.5632259032343,-991.5260528329023,98161.07923045733,loss,-0.6066000000000003,88161.07923045738
2026-01-12 17:25:00+00:00,2026-01-13 01:10:00+00:00,buy,85.52929999999999,84.5077,86.55089999999998,84.5077,960.8562963044055,-981.6107923045732,97179.46843815275,loss,-1.0215999999999923,87179.4684381528
2026-01-13 04:05:00+00:00,2026-01-13 04:30:00+00:00,buy,84.13029999999999,83.61670000000001,84.64389999999997,84.64389999999997,1892.1236066619172,971.7946843815275,98151.26312253428,win,0.5135999999999825,88151.26312253434
2026-01-13 04:40:00+00:00,2026-01-13 04:45:00+00:00,buy,84.7003,84.18570000000001,85.21489999999999,85.21489999999999,1907.3311916544249,981.5126312253428,99132.77575375962,win,0.5145999999999873,89132.77575375968
2026-01-13 04:55:00+00:00,2026-01-13 15:05:00+00:00,buy,85.40129999999999,84.18570000000001,86.61689999999997,86.61689999999997,815.5049009029384,991.3277575375962,100124.10351129722,win,1.2155999999999807,90124.10351129727
2026-01-13 15:15:00+00:00,2026-01-13 16:05:00+00:00,buy,86.7843,85.61970000000001,87.9489,87.9489,859.7295510157808,1001.2410351129722,101125.34454641018,win,1.164599999999993,91125.34454641024
2026-01-13 16:15:00+00:00,2026-01-13 16:45:00+00:00,buy,87.99029999999999,87.3247,88.65589999999997,88.65589999999997,1519.311065901633,1011.2534454641019,102136.59799187428,win,0.6655999999999835,92136.59799187434
2026-01-13 18:00:00+00:00,2026-01-13 19:50:00+00:00,buy,88.71329999999999,87.6537,89.77289999999998,87.6537,963.9165533397069,-1021.3659799187428,101115.23201195554,loss,-1.059599999999989,91115.2320119556
2026-01-13 21:25:00+00:00,2026-01-13 22:20:00+00:00,buy,87.8033,86.87270000000001,88.73389999999998,86.87270000000001,1086.5595531050642,-1011.1523201195555,100104.07969183598,loss,-0.9305999999999841,90104.07969183604
2026-01-14 01:00:00+00:00,2026-01-14 01:05:00+00:00,buy,87.0363,86.6947,87.3779,87.3779,2930.447297770377,1001.0407969183599,101105.12048875434,win,0.3415999999999997,91105.1204887544
2026-01-14 01:20:00+00:00,2026-01-14 02:25:00+00:00,buy,87.3903,86.5697,88.2109,88.2109,1232.0877466336156,1011.0512048875436,102116.17169364188,win,0.8205999999999989,92116.17169364194
2026-01-14 02:35:00+00:00,2026-01-14 03:10:00+00:00,buy,88.2993,87.6977,88.90090000000001,88.90090000000001,1697.4097688437678,1021.1617169364189,103137.3334105783,win,0.6016000000000048,93137.33341057836
2026-01-14 03:20:00+00:00,2026-01-14 04:00:00+00:00,buy,89.01729999999999,88.08370000000001,89.95089999999998,89.95089999999998,1104.7272216214658,1031.373334105783,104168.70674468408,win,0.9335999999999842,94168.70674468414
2026-01-14 05:05:00+00:00,2026-01-14 06:00:00+00:00,buy,89.98429999999999,88.9697,90.99889999999998,90.99889999999998,1026.6972870558386,1041.6870674468407,105210.39381213092,win,1.0145999999999873,95210.39381213098
2026-01-14 06:15:00+00:00,2026-01-14 07:55:00+00:00,buy,91.02029999999999,89.65870000000001,92.38189999999997,89.65870000000001,772.6967818164833,-1052.1039381213093,104158.28987400961,loss,-1.3615999999999815,94158.28987400967
2026-01-14 09:15:00+00:00,2026-01-14 10:15:00+00:00,buy,90.2423,89.5947,90.8899,89.5947,1608.3738399322126,-1041.5828987400962,103116.70697526952,loss,-0.6475999999999971,93116.70697526958
2026-01-14 11:15:00+00:00,2026-01-14 14:05:00+00:00,buy,90.3433,89.5557,91.1309,91.1309,1309.252247019678,1031.1670697526952,104147.87404502222,win,0.7875999999999976,94147.87404502228
2026-01-14 14:15:00+00:00,2026-01-14 15:00:00+00:00,buy,91.2053,90.2197,92.19089999999998,92.19089999999998,1056.6951506191474,1041.4787404502222,105189.35278547245,win,0.9855999999999909,95189.35278547251
2026-01-14 15:10:00+00:00,2026-01-14 15:30:00+00:00,buy,92.1973,91.4347,92.95989999999999,91.4347,1379.351596977099,-1051.8935278547247,104137.45925761772,loss,-0.762599999999992,94137.45925761778
2026-01-14 18:00:00+00:00,2026-01-14 18:45:00+00:00,buy,91.88329999999999,90.9137,92.85289999999998,90.9137,1074.0249510893077,-1041.3745925761773,103096.08466504155,loss,-0.9695999999999856,93096.0846650416
2026-01-14 20:00:00+00:00,2026-01-14 20:40:00+00:00,buy,90.7633,89.6777,91.8489,91.8489,949.6691660375977,1030.9608466504155,104127.04551169196,win,1.0855999999999995,94127.04551169202
2026-01-14 20:50:00+00:00,2026-01-14 21:00:00+00:00,buy,91.9333,91.3357,92.5309,92.5309,1742.4204402893572,1041.2704551169197,105168.31596680888,win,0.5975999999999999,95168.31596680894
2026-01-14 21:10:00+00:00,2026-01-15 01:10:00+00:00,buy,92.8023,91.47070000000001,94.1339,91.47070000000001,789.7890955753178,-1051.6831596680888,104116.63280714079,loss,-1.3315999999999946,94116.63280714085
2026-01-15 07:15:00+00:00,2026-01-15 07:35:00+00:00,sell,87.4727,88.0483,86.89710000000001,86.89710000000001,1808.8365671845345,1041.1663280714079,105157.7991352122,win,-0.5755999999999943,95157.79913521226
2026-01-15 09:55:00+00:00,2026-01-15 11:30:00+00:00,sell,89.4467,90.0373,88.85610000000001,90.0373,1780.5248752999173,-1051.5779913521221,104106.22114386008,loss,0.5905999999999949,94106.22114386014
2026-01-15 13:35:00+00:00,2026-01-15 13:45:00+00:00,buy,91.45129999999999,90.9577,91.94489999999998,90.9577,2109.1211739032196,-1041.0622114386008,103065.15893242147,loss,-0.4935999999999865,93065.15893242153
2026-01-15 17:05:00+00:00,2026-01-15 18:20:00+00:00,buy,90.4853,89.1447,91.82589999999999,91.82589999999999,768.7987388663424,1030.6515893242147,104095.81052174569,win,1.340599999999995,94095.81052174575
2026-01-15 19:45:00+00:00,2026-01-15 20:10:00+00:00,buy,91.8063,91.2877,92.32489999999999,92.32489999999999,2007.2466355909614,1040.958105217457,105136.76862696315,win,0.5185999999999922,95136.76862696321
2026-01-15 20:20:00+00:00,2026-01-15 22:10:00+00:00,buy,92.6553,91.48870000000001,93.82189999999999,91.48870000000001,901.2238010197515,-1051.3676862696316,104085.40094069352,loss,-1.1665999999999883,94085.40094069358
2026-01-16 01:00:00+00:00,2026-01-16 01:15:00+00:00,buy,92.5723,91.84570000000001,93.29889999999999,91.84570000000001,1432.4993248100038,-1040.8540094069353,103044.54693128659,loss,-0.7265999999999906,93044.54693128665
2026-01-16 03:05:00+00:00,2026-01-16 03:15:00+00:00,buy,91.1673,90.4867,91.8479,91.8479,1514.0250798014524,1030.445469312866,104074.99240059945,win,0.6805999999999983,94074.99240059951
2026-01-16 03:25:00+00:00,2026-01-16 04:30:00+00:00,buy,91.8853,90.2997,93.4709,90.2997,656.3760872893511,-1040.7499240059947,103034.24247659346,loss,-1.5855999999999995,93034.24247659351
2026-01-16 11:05:00+00:00,2026-01-16 12:45:00+00:00,buy,91.4083,91.01570000000001,91.80089999999998,91.01570000000001,2624.407602562322,-1030.3424247659345,102003.90005182753,loss,-0.3925999999999874,92003.90005182759
2026-01-16 14:05:00+00:00,2026-01-16 14:25:00+00:00,sell,90.91170000000001,91.32029999999999,90.50310000000003,90.50310000000003,2496.4243771863166,1020.0390005182754,103023.9390523458,win,-0.40859999999997854,93023.93905234586
2026-01-16 14:50:00+00:00,2026-01-16 15:00:00+00:00,sell,90.38170000000001,91.00529999999999,89.75810000000003,89.75810000000003,1652.0836923083514,1030.239390523458,104054.17844286926,win,-0.623599999999982,94054.17844286932
2026-01-16 15:10:00+00:00,2026-01-16 17:30:00+00:00,sell,88.9597,90.7683,87.1511,87.1511,575.3299703796823,1040.5417844286926,105094.72022729795,win,-1.8085999999999984,95094.720227298
2026-01-16 21:15:00+00:00,2026-01-16 23:15:00+00:00,sell,88.7767,89.7273,87.82610000000001,89.7273,1105.5619632579273,-1050.9472022729794,104043.77302502497,loss,0.9505999999999943,94043.77302502503
2026-01-19 02:40:00+00:00,2026-01-19 03:30:00+00:00,buy,93.7473,92.9227,94.57189999999999,92.9227,1261.7483995273624,-1040.4377302502498,103003.33529477472,loss,-0.8245999999999896,93003.33529477478
2026-01-19 04:55:00+00:00,2026-01-19 10:50:00+00:00,buy,93.2873,92.6387,93.9359,92.6387,1588.0871923338643,-1030.0333529477473,101973.30194182697,loss,-0.6486000000000018,91973.30194182703
2026-01-19 11:50:00+00:00,2026-01-19 17:00:00+00:00,buy,93.2003,92.4307,93.9699,93.9699,1325.0169171235366,1019.7330194182697,102993.03496124524,win,0.769599999999997,92993.0349612453
2026-01-19 18:15:00+00:00,2026-01-19 18:45:00+00:00,buy,93.91029999999999,93.6357,94.18489999999998,94.18489999999998,3750.6567720774974,1029.9303496124523,104022.96531085769,win,0.2745999999999924,94022.96531085775
2026-01-19 18:55:00+00:00,2026-01-20 01:55:00+00:00,buy,94.3393,93.76870000000001,94.90989999999998,93.76870000000001,1823.045308637583,-1040.229653108577,102982.73565774912,loss,-0.5705999999999847,92982.73565774917
2026-01-20 05:40:00+00:00,2026-01-20 06:35:00+00:00,buy,93.40129999999999,92.77170000000001,94.03089999999997,94.03089999999997,1635.6851279820844,1029.8273565774912,104012.5630143266,win,0.6295999999999822,94012.56301432666
2026-01-20 06:45:00+00:00,2026-01-20 07:35:00+00:00,buy,94.03229999999999,93.56070000000001,94.50389999999997,94.50389999999997,2205.5250851215187,1040.125630143266,105052.68864446988,win,0.4715999999999809,95052.68864446993
2026-01-20 07:55:00+00:00,2026-01-20 08:15:00+00:00,buy,94.5923,94.0817,95.10289999999999,94.0817,2057.436126997073,-1050.5268864446987,104002.16175802518,loss,-0.5105999999999966,94002.16175802524
2026-01-20 09:35:00+00:00,2026-01-20 10:30:00+00:00,buy,94.39829999999999,93.8857,94.91089999999998,94.91089999999998,2028.9145875541712,1040.0216175802518,105042.18337560543,win,0.512599999999992,95042.18337560548
2026-01-20 10:45:00+00:00,2026-01-20 10:55:00+00:00,buy,94.9203,94.4367,95.4039,95.4039,2172.0881591316456,1050.4218337560542,106092.60520936149,win,0.4835999999999956,96092.60520936154
2026-01-20 11:05:00+00:00,2026-01-20 16:30:00+00:00,buy,95.40429999999999,94.5787,96.22989999999999,94.5787,1285.0364003071973,-1060.9260520936148,105031.67915726788,loss,-0.8255999999999943,95031.67915726794
2026-01-20 19:20:00+00:00,2026-01-20 20:05:00+00:00,buy,94.3093,93.8977,94.72089999999999,94.72089999999999,2551.7900669890596,1050.3167915726788,106081.99594884056,win,0.41159999999999286,96081.99594884062
2026-01-20 20:15:00+00:00,2026-01-20 22:05:00+00:00,buy,94.7563,94.0527,95.45989999999999,94.0527,1507.703182899963,-1060.8199594884056,105021.17598935215,loss,-0.7035999999999945,95021.17598935221
2026-01-21 01:40:00+00:00,2026-01-21 01:45:00+00:00,buy,94.6103,94.4127,94.80789999999999,94.80789999999999,5314.83684156656,1050.2117598935215,106071.38774924567,win,0.19759999999999422,96071.38774924572
2026-01-21 01:55:00+00:00,2026-01-21 02:30:00+00:00,buy,94.82629999999999,94.29270000000001,95.35989999999997,95.35989999999997,1987.8445979994367,1060.7138774924567,107132.10162673812,win,0.5335999999999785,97132.10162673818
2026-01-21 02:55:00+00:00,2026-01-21 03:00:00+00:00,buy,95.3843,94.8947,95.87389999999999,94.8947,2188.1556704807813,-1071.3210162673813,106060.78061047074,loss,-0.4895999999999958,96060.7806104708
2026-01-21 10:05:00+00:00,2026-01-21 11:25:00+00:00,buy,94.7713,94.40270000000001,95.13989999999998,95.13989999999998,2877.395024700885,1060.6078061047074,107121.38841657544,win,0.3685999999999865,97121.3884165755
2026-01-21 11:40:00+00:00,2026-01-21 12:55:00+00:00,buy,95.2863,94.9017,95.67089999999999,94.9017,2785.267509531402,-1071.2138841657545,106050.17453240968,loss,-0.38459999999999184,96050.17453240974
2026-01-21 15:30:00+00:00,2026-01-21 16:10:00+00:00,buy,94.5953,94.0557,95.13489999999999,94.0557,1965.3479342552089,-1060.5017453240969,104989.67278708558,loss,-0.539599999999993,94989.67278708564
2026-01-21 17:15:00+00:00,2026-01-21 17:25:00+00:00,sell,93.46770000000001,94.6053,92.33010000000002,92.33010000000002,922.9049998864831,1049.8967278708558,106039.56951495644,win,-1.137599999999992,96039.5695149565
2026-01-21 19:00:00+00:00,2026-01-21 21:25:00+00:00,sell,93.1177,93.97229999999999,92.26310000000001,92.26310000000001,1240.8093788317062,1060.3956951495645,107099.965210106,win,-0.8545999999999907,97099.96521010606
2026-01-21 21:35:00+00:00,2026-01-22 07:45:00+00:00,sell,91.6067,93.6263,89.5871,93.6263,530.302858041722,-1070.99965210106,106028.96555800494,loss,2.019599999999997,96028.965558005
2026-01-22 16:25:00+00:00,2026-01-22 16:30:00+00:00,buy,93.5753,93.0237,94.12689999999999,94.12689999999999,1922.2074974257832,1060.2896555800494,107089.255213585,win,0.5515999999999934,97089.25521358506
2026-01-22 16:40:00+00:00,2026-01-22 17:35:00+00:00,buy,94.16929999999999,93.3007,95.03789999999998,95.03789999999998,1232.894948348914,1070.89255213585,108160.14776572085,win,0.8685999999999865,98160.1477657209
2026-01-22 17:45:00+00:00,2026-01-22 20:05:00+00:00,buy,95.0953,93.67670000000001,96.51389999999998,96.51389999999998,762.4428857022565,1081.6014776572085,109241.74924337806,win,1.4185999999999837,99241.74924337812
2026-01-22 23:30:00+00:00,2026-01-23 01:00:00+00:00,buy,96.2653,96.0167,96.51389999999999,96.51389999999999,4394.27792612147,1092.4174924337806,110334.16673581184,win,0.24859999999999616,100334.1667358119
2026-01-23 01:10:00+00:00,2026-01-23 02:55:00+00:00,buy,96.5523,96.05470000000001,97.0499,97.0499,2217.3265019255177,1103.3416673581185,111437.50840316997,win,0.4975999999999914,101437.50840317002
2026-01-23 03:05:00+00:00,2026-01-23 03:15:00+00:00,buy,97.1783,96.6907,97.66589999999998,97.66589999999998,2285.428802362041,1114.3750840316998,112551.88348720166,win,0.48759999999998627,102551.88348720172
2026-01-23 03:25:00+00:00,2026-01-23 03:35:00+00:00,buy,97.8313,96.8507,98.8119,98.8119,1147.7858809626982,1125.5188348720167,113677.40232207367,win,0.9805999999999955,103677.40232207373
2026-01-23 03:45:00+00:00,2026-01-23 17:45:00+00:00,buy,98.8223,97.50670000000001,100.13789999999999,100.13789999999999,864.0726841142795,1136.7740232207368,114814.17634529441,win,1.3155999999999892,104814.17634529447
2026-01-23 18:05:00+00:00,2026-01-23 19:30:00+00:00,buy,100.2713,99.4567,101.0859,101.0859,1409.4546568290523,1148.1417634529441,115962.31810874736,win,0.8145999999999987,105962.31810874742
2026-01-23 19:40:00+00:00,2026-01-23 19:55:00+00:00,buy,101.1503,100.59570000000001,101.7049,100.59570000000001,2090.918105098246,-1159.6231810874738,114802.69492765989,loss,-0.5545999999999935,104802.69492765995
2026-01-23 20:05:00+00:00,2026-01-23 22:10:00+00:00,buy,101.2773,100.4937,102.06089999999999,102.06089999999999,1465.0675718180316,1148.026949276599,115950.72187693648,win,0.7835999999999927,105950.72187693654
2026-01-23 22:20:00+00:00,2026-01-23 23:00:00+00:00,buy,102.09429999999999,101.61070000000001,102.57789999999997,102.57789999999997,2397.6576070500614,1159.507218769365,117110.22909570584,win,0.4835999999999814,107110.2290957059
2026-01-23 23:10:00+00:00,2026-01-23 23:50:00+00:00,buy,102.71629999999999,102.1667,103.26589999999997,103.26589999999997,2130.8265847108673,1171.1022909570584,118281.3313866629,win,0.5495999999999839,108281.33138666296
2026-01-26 01:00:00+00:00,2026-01-26 01:05:00+00:00,buy,103.29729999999999,102.6297,103.96489999999999,103.96489999999999,1771.7395354503312,1182.813313866629,119464.14470052953,win,0.6675999999999931,109464.14470052959
2026-01-26 02:20:00+00:00,2026-01-26 02:40:00+00:00,buy,105.6753,104.5817,106.76889999999999,106.76889999999999,1092.3934226456663,1194.6414470052953,120658.78614753483,win,1.093599999999995,110658.78614753489
2026-01-26 02:50:00+00:00,2026-01-26 03:30:00+00:00,buy,106.8183,105.3957,108.24089999999998,108.24089999999998,848.1567984502727,1206.5878614753483,121865.37400901018,win,1.4225999999999885,111865.37400901024
2026-01-26 04:30:00+00:00,2026-01-26 07:35:00+00:00,buy,108.53229999999999,106.9217,110.14289999999998,106.9217,756.645809071221,-1218.6537400901018,120646.72026892008,loss,-1.610599999999991,110646.72026892014
2026-01-26 08:30:00+00:00,2026-01-26 10:15:00+00:00,buy,107.77929999999999,106.85170000000001,108.70689999999998,108.70689999999998,1300.6330343782035,1206.4672026892008,121853.18747160929,win,0.927599999999984,111853.18747160934
2026-01-26 10:25:00+00:00,2026-01-26 10:35:00+00:00,buy,109.0963,108.16470000000001,110.02789999999999,110.02789999999999,1307.9990067798492,1218.531874716093,123071.71934632538,win,0.9315999999999889,113071.71934632544
2026-01-26 11:30:00+00:00,2026-01-26 11:50:00+00:00,buy,110.0493,108.66770000000001,111.4309,108.66770000000001,890.7912517829047,-1230.7171934632538,121841.00215286213,loss,-1.3815999999999917,111841.00215286219
2026-01-26 14:00:00+00:00,2026-01-26 14:15:00+00:00,buy,109.5273,109.1817,109.87289999999999,109.87289999999999,3525.4919604417114,1218.4100215286214,123059.41217439075,win,0.34559999999999036,113059.4121743908
2026-01-26 14:25:00+00:00,2026-01-26 14:55:00+00:00,buy,109.9293,109.1157,110.74289999999999,109.1157,1512.5296481611563,-1230.5941217439074,121828.81805264683,loss,-0.8135999999999939,111828.8180526469
2026-01-26 16:10:00+00:00,2026-01-26 16:50:00+00:00,buy,109.7413,108.5177,110.96489999999999,110.96489999999999,995.658859534552,1218.2881805264683,123047.1062331733,win,1.2235999999999905,113047.10623317336
2026-01-26 17:00:00+00:00,2026-01-26 18:05:00+00:00,buy,111.1233,109.4227,112.8239,112.8239,723.5511362646931,1230.471062331733,124277.57729550503,win,1.7005999999999943,114277.57729550509
2026-01-26 18:15:00+00:00,2026-01-26 19:15:00+00:00,buy,112.96329999999999,110.9017,115.02489999999997,115.02489999999997,602.8209996871652,1242.7757729550503,125520.35306846008,win,2.0615999999999843,115520.35306846014
2026-01-26 19:35:00+00:00,2026-01-26 19:55:00+00:00,buy,115.5393,114.0207,117.05789999999999,117.05789999999999,826.5530954066951,1255.2035306846008,126775.55659914468,win,1.5185999999999922,116775.55659914474
2026-01-26 20:05:00+00:00,2026-01-26 20:10:00+00:00,buy,117.2513,115.3287,119.1739,115.3287,659.3964246288593,-1267.7555659914467,125507.80103315323,loss,-1.9226000000000028,115507.80103315329
2026-01-27 07:40:00+00:00,2026-01-27 09:25:00+00:00,buy,109.2263,107.6027,110.84989999999999,110.84989999999999,773.0216865801524,1255.0780103315324,126762.87904348476,win,1.6235999999999962,116762.87904348482
2026-01-27 09:35:00+00:00,2026-01-27 09:40:00+00:00,buy,111.3993,109.7977,113.00089999999999,113.00089999999999,791.4765175042801,1267.6287904348476,128030.5078339196,win,1.6015999999999906,118030.50783391966
2026-01-27 11:20:00+00:00,2026-01-27 16:10:00+00:00,buy,112.28229999999999,110.1477,114.41689999999998,110.1477,599.7868820103068,-1280.3050783391961,126750.20275558041,loss,-2.134599999999992,116750.20275558047
2026-01-27 19:05:00+00:00,2026-01-27 19:40:00+00:00,sell,107.5147,108.8693,106.16010000000001,106.16010000000001,935.70207260875,1267.502027555804,128017.70478313621,win,-1.3545999999999907,118017.70478313627
2026-01-27 20:05:00+00:00,2026-01-27 20:55:00+00:00,sell,106.05770000000001,108.06429999999999,104.05110000000003,108.06429999999999,637.9831794235904,-1280.1770478313622,126737.52773530486,loss,2.0065999999999775,116737.52773530492
2026-01-27 23:05:00+00:00,2026-01-28 03:00:00+00:00,buy,112.2963,110.36070000000001,114.2319,114.2319,654.7712736893226,1267.3752773530487,128004.9030126579,win,1.9355999999999938,118004.90301265796
2026-01-28 04:45:00+00:00,2026-01-28 05:20:00+00:00,buy,114.15729999999999,112.9517,115.36289999999998,115.36289999999998,1061.7526792689034,1280.049030126579,129284.95204278448,win,1.2055999999999898,119284.95204278454
2026-01-28 05:50:00+00:00,2026-01-28 08:25:00+00:00,buy,115.37429999999999,114.20570000000001,116.54289999999997,114.20570000000001,1106.323395882135,-1292.8495204278447,127992.10252235664,loss,-1.1685999999999837,117992.1025223567
2026-01-28 11:50:00+00:00,2026-01-28 13:00:00+00:00,buy,112.96929999999999,112.1657,113.77289999999998,112.1657,1592.7339786256648,-1279.9210252235664,126712.18149713308,loss,-0.8035999999999888,116712.18149713313
2026-01-28 14:20:00+00:00,2026-01-28 15:00:00+00:00,buy,112.56429999999999,111.2667,113.86189999999998,113.86189999999998,976.5118796018357,1267.1218149713309,127979.3033121044,win,1.2975999999999885,117979.30331210446
2026-01-28 15:10:00+00:00,2026-01-28 17:05:00+00:00,buy,114.0533,112.4777,115.62889999999999,115.62889999999999,812.257573699574,1279.7930331210441,129259.09634522544,win,1.5755999999999943,119259.0963452255
2026-01-28 18:20:00+00:00,2026-01-28 18:45:00+00:00,buy,113.4953,112.54870000000001,114.44189999999999,114.44189999999999,1365.5091521786062,1292.5909634522543,130551.68730867769,win,0.9465999999999894,120551.68730867775
2026-01-28 18:55:00+00:00,2026-01-28 20:00:00+00:00,buy,114.4463,113.4957,115.39689999999999,113.4957,1373.3609016271669,-1305.516873086777,129246.17043559092,loss,-0.9505999999999943,119246.17043559098
2026-01-28 21:05:00+00:00,2026-01-28 21:45:00+00:00,buy,112.4153,110.49170000000001,114.3389,114.3389,671.8973301912631,1292.4617043559092,130538.63213994683,win,1.9235999999999933,120538.63213994689
2026-01-28 21:55:00+00:00,2026-01-28 22:35:00+00:00,buy,114.4003,112.5447,116.2559,116.2559,703.4847604006636,1305.3863213994682,131844.0184613463,win,1.8555999999999955,121844.01846134635
2026-01-28 22:45:00+00:00,2026-01-29 01:35:00+00:00,buy,116.5573,114.13470000000001,118.97989999999999,118.97989999999999,544.2252887862088,1318.4401846134633,133162.45864595976,win,2.4225999999999885,123162.4586459598
2026-01-29 03:30:00+00:00,2026-01-29 04:05:00+00:00,buy,118.3903,116.7677,120.01289999999999,116.7677,820.6733553923361,-1331.6245864595976,131830.83405950016,loss,-1.6225999999999914,121830.83405950021
2026-01-29 06:25:00+00:00,2026-01-29 06:35:00+00:00,buy,117.5833,117.0667,118.09989999999999,118.09989999999999,2551.8938068041225,1318.3083405950017,133149.14240009515,win,0.5165999999999968,123149.14240009521
2026-01-29 06:45:00+00:00,2026-01-29 08:10:00+00:00,buy,118.32629999999999,117.25970000000001,119.39289999999997,119.39289999999997,1248.351231952913,1331.4914240009516,134480.6338240961,win,1.0665999999999798,124480.63382409616
2026-01-29 08:20:00+00:00,2026-01-29 09:25:00+00:00,buy,119.5903,117.8987,121.2819,117.8987,794.9907414524507,-1344.806338240961,133135.82748585512,loss,-1.691599999999994,123135.8274858552
2026-01-29 11:55:00+00:00,2026-01-29 12:55:00+00:00,buy,117.69829999999999,116.6657,118.73089999999998,116.6657,1289.326239452418,-1331.358274858551,131804.46921099655,loss,-1.032599999999988,121804.46921099666
2026-01-29 13:10:00+00:00,2026-01-29 13:45:00+00:00,buy,117.3603,116.6417,118.07889999999999,118.07889999999999,1834.1840970080361,1318.0446921099656,133122.51390310653,win,0.718599999999995,123122.51390310662
2026-01-29 13:55:00+00:00,2026-01-29 14:10:00+00:00,buy,118.1443,117.46470000000001,118.8239,118.8239,1958.836284624894,1331.2251390310653,134453.7390421376,win,0.6795999999999935,124453.73904213769
2026-01-29 14:20:00+00:00,2026-01-29 16:05:00+00:00,buy,119.0133,117.9007,120.1259,120.1259,1208.4643092049034,1344.5373904213761,135798.27643255898,win,1.1126000000000005,125798.27643255907
2026-01-29 16:15:00+00:00,2026-01-29 16:45:00+00:00,buy,120.91929999999999,118.98570000000001,122.85289999999998,118.98570000000001,702.3080080293757,-1357.9827643255899,134440.29366823338,loss,-1.9335999999999842,124440.29366823348
2026-01-29 20:25:00+00:00,2026-01-29 21:30:00+00:00,sell,113.97070000000001,115.6743,112.26710000000001,112.26710000000001,789.1541069983201,1344.4029366823338,135784.69660491572,win,-1.7035999999999945,125784.69660491582
2026-01-30 03:05:00+00:00,2026-01-30 03:10:00+00:00,sell,116.5657,118.2473,114.88410000000002,114.88410000000002,807.4732195820445,1357.8469660491571,137142.5435709649,win,-1.6815999999999889,127142.54357096498
2026-01-30 03:45:00+00:00,2026-01-30 04:15:00+00:00,sell,113.7547,117.65429999999999,109.85510000000001,109.85510000000001,351.6836177324986,1371.4254357096488,138513.96900667454,win,-3.8995999999999924,128513.96900667463
2026-01-30 04:25:00+00:00,2026-01-30 10:30:00+00:00,sell,109.77470000000001,114.89229999999999,104.65710000000003,104.65710000000003,270.6619685139031,1385.1396900667455,139899.10869674128,win,-5.117599999999982,129899.10869674137
2026-01-30 10:40:00+00:00,2026-01-30 11:10:00+00:00,sell,104.24470000000001,106.8543,101.63510000000002,101.63510000000002,536.094070726326,1398.991086967413,141298.0997837087,win,-2.609599999999986,131298.09978370878
2026-01-30 11:25:00+00:00,2026-01-30 11:45:00+00:00,sell,100.4757,105.01429999999999,95.93710000000002,95.93710000000002,311.325298073655,1412.980997837087,142711.08078154578,win,-4.538599999999988,132711.08078154587
2026-01-30 14:45:00+00:00,2026-01-30 14:50:00+00:00,sell,101.1517,103.4273,98.87610000000001,98.87610000000001,627.1360554646948,1427.1108078154577,144138.19158936123,win,-2.275599999999997,134138.19158936132
2026-01-30 15:25:00+00:00,2026-01-30 18:35:00+00:00,sell,98.6937,103.60029999999999,93.78710000000002,93.78710000000002,293.7638926942521,1441.3819158936124,145579.57350525484,win,-4.906599999999983,135579.57350525493
2026-01-30 18:45:00+00:00,2026-01-30 19:35:00+00:00,sell,93.4897,97.4303,89.5491,89.5491,369.43504416904716,1455.7957350525485,147035.3692403074,win,-3.9406000000000034,137035.36924030748
2026-01-30 19:45:00+00:00,2026-01-30 19:50:00+00:00,sell,89.1267,91.85629999999999,86.39710000000001,86.39710000000001,538.6700221289123,1470.3536924030739,148505.72293271046,win,-2.7295999999999907,138505.72293271055
2026-01-30 20:05:00+00:00,2026-01-30 20:15:00+00:00,sell,84.8377,91.0403,78.6351,78.6351,239.42495555526773,1485.0572293271046,149990.78016203755,win,-6.202600000000004,139990.78016203764
2026-01-30 20:25:00+00:00,2026-02-02 02:15:00+00:00,sell,77.6057,87.07329999999999,68.13810000000001,87.07329999999999,158.42534555963255,-1499.9078016203755,148490.87236041718,loss,9.46759999999999,138490.87236041727
2026-02-02 03:05:00+00:00,2026-02-02 07:50:00+00:00,sell,80.6517,87.6083,73.69510000000001,73.69510000000001,213.4532276692886,1484.9087236041719,149975.78108402135,win,-6.956599999999995,139975.78108402144
2026-02-02 08:25:00+00:00,2026-02-02 09:45:00+00:00,sell,72.70270000000001,77.12429999999999,68.28110000000002,77.12429999999999,339.1889385833678,-1499.7578108402136,148476.02327318114,loss,4.421599999999984,138476.02327318123
2026-02-02 11:00:00+00:00,2026-02-02 11:30:00+00:00,sell,77.6907,79.6653,75.71610000000001,79.6653,751.9296225725792,-1484.7602327318114,146991.26304044932,loss,1.9745999999999952,136991.2630404494
2026-02-02 14:00:00+00:00,2026-02-02 14:20:00+00:00,sell,82.4847,84.0693,80.90010000000001,84.0693,927.6237728161669,-1469.9126304044933,145521.35041004483,loss,1.5845999999999947,135521.35041004492
2026-02-02 15:00:00+00:00,2026-02-02 16:55:00+00:00,sell,81.5167,84.2053,78.8281,78.8281,541.2532560070117,1455.2135041004483,146976.56391414528,win,-2.688599999999994,136976.56391414537
2026-02-02 17:20:00+00:00,2026-02-03 01:55:00+00:00,sell,77.9097,82.6323,73.1871,82.6323,311.2195907215205,-1469.7656391414525,145506.79827500382,loss,4.7226,135506.7982750039
2026-02-03 09:10:00+00:00,2026-02-03 10:10:00+00:00,buy,85.4913,83.8687,87.11389999999999,87.11389999999999,896.7508829964538,1455.0679827500383,146961.86625775386,win,1.6225999999999914,136961.86625775395
2026-02-03 10:20:00+00:00,2026-02-03 11:25:00+00:00,buy,87.2303,86.1837,88.2769,86.1837,1404.1837020614769,-1469.6186625775388,145492.24759517633,loss,-1.046599999999998,135492.24759517642
2026-02-03 14:00:00+00:00,2026-02-03 15:10:00+00:00,buy,86.7683,85.4017,88.13489999999999,88.13489999999999,1064.6293545673736,1454.9224759517633,146947.1700711281,win,1.3665999999999912,136947.17007112817
2026-02-03 15:20:00+00:00,2026-02-03 16:15:00+00:00,buy,88.1843,86.5687,89.79989999999998,86.5687,909.5516840253115,-1469.4717007112808,145477.6983704168,loss,-1.6155999999999864,135477.69837041688
2026-02-03 16:40:00+00:00,2026-02-03 19:00:00+00:00,buy,88.21629999999999,86.4697,89.96289999999998,86.4697,832.9193769060914,-1454.776983704168,144022.92138671264,loss,-1.7465999999999866,134022.92138671273
2026-02-04 03:05:00+00:00,2026-02-04 03:20:00+00:00,buy,86.1043,84.9097,87.29889999999999,87.29889999999999,1205.6162848377144,1440.2292138671264,145463.15060057977,win,1.194599999999994,135463.15060057986
2026-02-04 04:00:00+00:00,2026-02-04 08:50:00+00:00,buy,87.47829999999999,85.67670000000001,89.27989999999997,89.27989999999997,807.410915855803,1454.6315060057977,146917.78210658557,win,1.8015999999999792,136917.78210658566
2026-02-04 09:00:00+00:00,2026-02-04 16:05:00+00:00,buy,89.5093,86.98570000000001,92.03289999999998,92.03289999999998,582.1753927190771,1469.1778210658558,148386.95992765142,win,2.5235999999999876,138386.9599276515
2026-02-05 01:05:00+00:00,2026-02-05 01:10:00+00:00,buy,88.2053,87.75970000000001,88.65089999999998,88.65089999999998,3330.048472344177,1483.8695992765142,149870.82952692793,win,0.4455999999999847,139870.82952692802
2026-02-05 01:20:00+00:00,2026-02-05 01:45:00+00:00,buy,88.89529999999999,87.83670000000001,89.95389999999998,89.95389999999998,1415.7456029371829,1498.7082952692795,151369.53782219722,win,1.0585999999999842,141369.5378221973
2026-02-05 02:45:00+00:00,2026-02-05 03:00:00+00:00,buy,90.1913,89.0197,91.3629,89.0197,1291.9899097148984,-1513.6953782219723,149855.84244397524,loss,-1.171599999999998,139855.84244397533
2026-02-05 04:05:00+00:00,2026-02-05 04:10:00+00:00,sell,86.6147,88.2483,84.9811,84.9811,917.3349806805529,1498.5584244397523,151354.400868415,win,-1.6336000000000013,141354.40086841508
2026-02-05 04:20:00+00:00,2026-02-05 04:45:00+00:00,sell,82.13170000000001,88.0493,76.21410000000002,76.21410000000002,255.76990818645257,1513.54400868415,152867.94487709913,win,-5.917599999999993,142867.94487709922
2026-02-05 04:55:00+00:00,2026-02-06 02:00:00+00:00,sell,75.25970000000001,84.20729999999999,66.31210000000003,66.31210000000003,170.84798703238798,1528.6794487709913,154396.62432587013,win,-8.94759999999998,144396.62432587022
2026-02-06 02:10:00+00:00,2026-02-06 02:25:00+00:00,sell,65.47070000000001,68.1493,62.79210000000002,68.1493,576.4079157988157,-1543.9662432587013,152852.65808261142,loss,2.6785999999999888,142852.6580826115
2026-02-06 05:20:00+00:00,2026-02-06 07:15:00+00:00,sell,70.7977,73.3363,68.25910000000002,73.3363,602.1139922894987,-1528.5265808261142,151324.1315017853,loss,2.538599999999988,141324.1315017854
2026-02-06 08:30:00+00:00,2026-02-06 15:00:00+00:00,sell,73.1957,75.1383,71.2531,75.1383,778.9773061967745,-1513.2413150178531,149810.89018676744,loss,1.9425999999999988,139810.89018676753
2026-02-06 19:05:00+00:00,2026-02-06 20:00:00+00:00,buy,76.59729999999999,75.4497,77.74489999999997,77.74489999999997,1305.4277639139916,1498.1089018676744,151308.99908863512,win,1.1475999999999829,141308.9990886352
2026-02-06 20:10:00+00:00,2026-02-09 01:00:00+00:00,buy,77.8853,76.4687,79.3019,79.3019,1068.113787156818,1513.0899908863512,152822.08907952148,win,1.4166000000000025,142822.08907952157
2026-02-09 01:20:00+00:00,2026-02-09 03:15:00+00:00,buy,79.45429999999999,77.63170000000001,81.27689999999997,81.27689999999997,838.483973880847,1528.220890795215,154350.30997031668,win,1.82259999999998,144350.30997031677
2026-02-09 04:30:00+00:00,2026-02-09 06:45:00+00:00,buy,80.7933,79.5977,81.9889,81.9889,1290.9861991495218,1543.5030997031668,155893.81307001985,win,1.1955999999999989,145893.81307001994
2026-02-09 07:30:00+00:00,2026-02-09 08:35:00+00:00,buy,82.0963,81.0727,83.1199,81.0727,1522.9954383550173,-1558.9381307001986,154334.87493931965,loss,-1.0236000000000018,144334.87493931974
2026-02-09 10:00:00+00:00,2026-02-09 12:00:00+00:00,buy,81.4703,80.6357,82.30489999999999,80.6357,1849.207703562433,-1543.3487493931966,152791.52618992646,loss,-0.8345999999999947,142791.52618992655
2026-02-09 13:40:00+00:00,2026-02-09 16:40:00+00:00,buy,79.9683,78.6887,81.2479,81.2479,1194.0569411529088,1527.9152618992646,154319.44145182573,win,1.279600000000002,144319.4414518258
2026-02-09 16:55:00+00:00,2026-02-09 19:35:00+00:00,buy,81.6473,79.7067,83.5879,83.5879,795.2150955983997,1543.1944145182572,155862.63586634398,win,1.9406000000000034,145862.63586634406
2026-02-09 20:55:00+00:00,2026-02-09 22:30:00+00:00,buy,82.9433,82.0107,83.87589999999999,83.87589999999999,1671.2699535314716,1558.6263586634398,157421.2622250074,win,0.9325999999999937,147421.2622250075
2026-02-09 22:40:00+00:00,2026-02-09 23:10:00+00:00,buy,83.8963,83.4967,84.29589999999999,83.4967,3939.471026651912,-1574.212622250074,155847.04960275732,loss,-0.3995999999999924,145847.0496027574
2026-02-10 01:00:00+00:00,2026-02-10 01:05:00+00:00,buy,84.0043,83.4077,84.6009,83.4077,2612.2535970961885,-1558.4704960275733,154288.57910672974,loss,-0.5965999999999951,144288.57910672983
2026-02-10 03:55:00+00:00,2026-02-10 05:55:00+00:00,buy,82.13029999999999,81.0947,83.16589999999998,81.0947,1489.8472296903392,-1542.8857910672975,152745.69331566244,loss,-1.035599999999988,142745.69331566253
2026-02-10 11:05:00+00:00,2026-02-10 13:15:00+00:00,buy,82.4443,81.71770000000001,83.17089999999999,81.71770000000001,2102.197816070251,-1527.4569331566247,151218.23638250583,loss,-0.7265999999999906,141218.23638250591
2026-02-10 14:00:00+00:00,2026-02-10 14:40:00+00:00,buy,82.5393,81.7127,83.3659,81.7127,1829.400391755456,-1512.1823638250582,149706.05401868076,loss,-0.8265999999999991,139706.05401868085
2026-02-10 15:30:00+00:00,2026-02-10 16:30:00+00:00,buy,82.1773,81.3407,83.0139,83.0139,1789.4579729701172,1497.0605401868077,151203.11455886756,win,0.8366000000000042,141203.11455886764
2026-02-10 20:10:00+00:00,2026-02-11 01:20:00+00:00,sell,80.8247,81.5743,80.07510000000002,81.5743,2017.1173233573938,-1512.0311455886756,149691.0834132789,loss,0.7495999999999867,139691.08341327898
2026-02-11 04:20:00+00:00,2026-02-11 04:45:00+00:00,buy,81.98729999999999,81.48270000000001,82.49189999999997,82.49189999999997,2966.5295959826435,1496.910834132789,151187.99424741167,win,0.5045999999999822,141187.99424741176
2026-02-11 05:30:00+00:00,2026-02-11 08:55:00+00:00,buy,82.53529999999999,81.8957,83.17489999999998,83.17489999999998,2363.7897787275588,1511.8799424741164,152699.8741898858,win,0.6395999999999873,142699.8741898859
2026-02-11 09:05:00+00:00,2026-02-11 11:40:00+00:00,buy,83.4913,82.1657,84.81689999999999,84.81689999999999,1151.9302518850818,1526.998741898858,154226.87293178466,win,1.3255999999999943,144226.87293178475
2026-02-11 12:00:00+00:00,2026-02-11 13:25:00+00:00,buy,84.8453,83.72670000000001,85.96389999999998,85.96389999999998,1378.7490875360857,1542.2687293178467,155769.1416611025,win,1.1185999999999865,145769.1416611026
2026-02-11 13:35:00+00:00,2026-02-11 14:35:00+00:00,buy,86.01129999999999,85.3647,86.65789999999998,85.3647,2409.049515327936,-1557.691416611025,154211.45024449148,loss,-0.6465999999999923,144211.45024449157
2026-02-11 18:25:00+00:00,2026-02-11 19:15:00+00:00,buy,83.3663,82.5497,84.18289999999999,84.18289999999999,1888.4576321882516,1542.114502444915,155753.5647469364,win,0.816599999999994,145753.5647469365
2026-02-11 19:25:00+00:00,2026-02-12 01:10:00+00:00,buy,84.3043,83.28370000000001,85.32489999999999,83.28370000000001,1526.0980280907143,-1557.535647469364,154196.02909946704,loss,-1.0205999999999875,144196.02909946712
2026-02-12 14:05:00+00:00,2026-02-12 14:10:00+00:00,sell,83.2917,83.60329999999999,82.98010000000002,82.98010000000002,4948.524682268126,1541.9602909946705,155737.9893904617,win,-0.31159999999998433,145737.9893904618
2026-02-12 14:20:00+00:00,2026-02-12 18:05:00+00:00,sell,82.7097,83.60329999999999,81.8161,81.8161,1742.8154587115384,1557.3798939046171,157295.36928436632,win,-0.8935999999999922,147295.3692843664
2026-02-12 18:15:00+00:00,2026-02-12 18:20:00+00:00,sell,81.51270000000001,83.08229999999999,79.94310000000003,79.94310000000003,1002.1366544620817,1572.9536928436632,158868.32297721,win,-1.56959999999998,148868.32297721007
2026-02-12 18:30:00+00:00,2026-02-20 19:00:00+00:00,sell,76.99170000000001,82.5343,71.44910000000002,82.5343,286.63140579729765,-1588.6832297721,157279.63974743788,loss,5.542599999999993,147279.63974743796
2026-02-20 19:10:00+00:00,2026-02-20 19:15:00+00:00,buy,82.59729999999999,82.1757,83.01889999999997,82.1757,3730.5417397401316,-1572.7963974743789,155706.84334996348,loss,-0.42159999999998377,145706.84334996357
2026-02-20 19:40:00+00:00,2026-02-20 22:00:00+00:00,buy,82.6873,82.06070000000001,83.31389999999998,83.31389999999998,2484.94802665126,1557.068433499635,157263.91178346312,win,0.6265999999999821,147263.9117834632
2026-02-20 22:10:00+00:00,2026-02-20 22:20:00+00:00,buy,83.3733,82.9367,83.8099,83.8099,3602.0135543624287,1572.6391178346312,158836.55090129774,win,0.43659999999999854,148836.55090129783
2026-02-20 22:30:00+00:00,2026-02-23 01:00:00+00:00,buy,83.9533,83.2007,84.7059,84.7059,2110.5042639024387,1588.3655090129776,160424.91641031072,win,0.752600000000001,150424.9164103108
2026-02-23 01:10:00+00:00,2026-02-23 01:50:00+00:00,buy,85.6083,84.2727,86.9439,86.9439,1201.1449267019375,1604.249164103107,162029.1655744138,win,1.3355999999999995,152029.1655744139
2026-02-23 02:00:00+00:00,2026-02-23 02:45:00+00:00,buy,87.0553,86.1387,87.9719,86.1387,1767.7194585905888,-1620.291655744138,160408.87391866968,loss,-0.9166000000000025,150408.87391866976
2026-02-23 03:20:00+00:00,2026-02-23 04:35:00+00:00,buy,86.7923,85.9197,87.66489999999999,87.66489999999999,1838.2864304225448,1604.0887391866968,162012.96265785638,win,0.8725999999999914,152012.96265785646
2026-02-23 06:30:00+00:00,2026-02-23 06:50:00+00:00,buy,87.51129999999999,87.08070000000001,87.94189999999998,87.08070000000001,3762.493326935958,-1620.1296265785638,160392.8330312778,loss,-0.4305999999999841,150392.8330312779
2026-02-23 08:05:00+00:00,2026-02-23 08:25:00+00:00,buy,87.00829999999999,86.77470000000001,87.24189999999997,86.77470000000001,6866.131550997029,-1603.9283303127781,158788.90470096504,loss,-0.23359999999998138,148788.90470096513
2026-02-23 10:55:00+00:00,2026-02-23 12:20:00+00:00,buy,86.34429999999999,85.8597,86.82889999999998,86.82889999999998,3276.700468447577,1587.8890470096503,160376.79374797468,win,0.48459999999998615,150376.79374797476
2026-02-23 12:35:00+00:00,2026-02-23 13:10:00+00:00,buy,86.8883,86.6217,87.1549,86.6217,6015.6336739676135,-1603.7679374797467,158773.02581049493,loss,-0.26659999999999684,148773.02581049502
2026-02-23 14:35:00+00:00,2026-02-23 15:30:00+00:00,buy,86.9173,86.3527,87.4819,86.3527,2812.132940320498,-1587.7302581049496,157185.29555239,loss,-0.5645999999999987,147185.29555239007
2026-02-23 16:30:00+00:00,2026-02-23 16:40:00+00:00,buy,86.9983,86.1417,87.8549,87.8549,1834.9906088301418,1571.8529555239,158757.1485079139,win,0.8566000000000003,148757.14850791398
2026-02-23 20:05:00+00:00,2026-02-23 20:45:00+00:00,buy,86.9923,86.3147,87.6699,87.6699,2342.9331243789006,1587.571485079139,160344.71999299302,win,0.6775999999999982,150344.7199929931
2026-02-23 21:10:00+00:00,2026-02-23 22:35:00+00:00,buy,87.67229999999999,86.6997,88.64489999999998,88.64489999999998,1648.6193706867714,1603.4471999299303,161948.16719292296,win,0.9725999999999857,151948.16719292305
2026-02-23 22:50:00+00:00,2026-02-24 01:00:00+00:00,buy,88.8373,87.8237,89.8509,87.8237,1597.752241445575,-1619.4816719292296,160328.68552099372,loss,-1.0135999999999967,150328.6855209938
2026-02-24 01:10:00+00:00,2026-02-24 02:35:00+00:00,buy,88.5283,87.62270000000001,89.4339,87.62270000000001,1770.4139302230014,-1603.2868552099371,158725.39866578378,loss,-0.9055999999999926,148725.39866578387
2026-02-24 04:05:00+00:00,2026-02-24 07:40:00+00:00,buy,86.7543,85.84270000000001,87.6659,87.6659,1741.173745785268,1587.253986657838,160312.6526524416,win,0.9115999999999929,150312.6526524417
2026-02-24 07:50:00+00:00,2026-02-24 08:10:00+00:00,buy,87.8343,87.0147,88.6539,88.6539,1955.986489170849,1603.1265265244162,161915.77917896604,win,0.8195999999999941,151915.77917896613
2026-02-24 09:40:00+00:00,2026-02-24 10:00:00+00:00,buy,88.3183,87.8097,88.82689999999998,87.8097,3183.5583794528147,-1619.1577917896605,160296.6213871764,loss,-0.5085999999999871,150296.62138717648
2026-02-24 12:00:00+00:00,2026-02-24 12:40:00+00:00,buy,88.3003,87.8707,88.72989999999999,87.8707,3731.299380520922,-1602.966213871764,158693.65517330464,loss,-0.42959999999999354,148693.65517330472
2026-02-24 13:55:00+00:00,2026-02-24 14:10:00+00:00,buy,88.1613,87.8417,88.48089999999999,87.8417,4965.383453482715,-1586.9365517330464,157106.71862157158,loss,-0.3195999999999941,147106.71862157166
2026-02-24 19:15:00+00:00,2026-02-24 21:00:00+00:00,buy,87.92229999999999,86.9187,88.92589999999998,86.9187,1565.4316323393075,-1571.0671862157158,155535.65143535586,loss,-1.0035999999999916,145535.65143535595
2026-02-25 03:05:00+00:00,2026-02-25 03:15:00+00:00,buy,87.4023,86.8437,87.9609,87.9609,2784.383305323242,1555.3565143535586,157091.00794970943,win,0.5585999999999984,147091.0079497095
2026-02-25 03:25:00+00:00,2026-02-25 04:30:00+00:00,buy,88.1703,87.0967,89.2439,89.2439,1463.2172871619746,1570.9100794970946,158661.9180292065,win,1.073599999999999,148661.9180292066
2026-02-25 04:40:00+00:00,2026-02-25 07:40:00+00:00,buy,89.5033,88.5137,90.49289999999999,90.49289999999999,1603.293431984713,1586.6191802920653,160248.53720949858,win,0.9895999999999958,150248.53720949867
2026-02-25 07:50:00+00:00,2026-02-25 13:15:00+00:00,buy,90.9863,89.4997,92.4729,89.4997,1077.953297521183,-1602.4853720949861,158646.0518374036,loss,-1.4865999999999957,148646.05183740368
2026-02-25 14:00:00+00:00,2026-02-25 16:35:00+00:00,buy,90.5093,89.4517,91.56689999999999,89.4517,1500.0572223657766,-1586.460518374036,157059.59131902954,loss,-1.0575999999999937,147059.59131902963
2026-02-25 17:55:00+00:00,2026-02-25 21:55:00+00:00,buy,90.49029999999999,89.7937,91.18689999999998,91.18689999999998,2254.6596514360026,1570.5959131902957,158630.18723221985,win,0.6965999999999894,148630.18723221993
2026-02-26 04:10:00+00:00,2026-02-26 04:35:00+00:00,sell,89.1037,90.00229999999999,88.20510000000002,88.20510000000002,1765.3036638350993,1586.3018723221985,160216.48910454204,win,-0.8985999999999876,150216.48910454212
2026-02-26 04:45:00+00:00,2026-02-26 06:05:00+00:00,sell,88.1777,89.4413,86.9141,89.4413,1267.9367608779871,-1602.1648910454203,158614.3242134966,loss,1.2635999999999967,148614.3242134967
2026-02-26 08:25:00+00:00,2026-02-26 08:50:00+00:00,sell,89.2547,89.6593,88.8501,88.8501,3920.2749434872912,1586.1432421349662,160200.4674556316,win,-0.40460000000000207,150200.46745563167
2026-02-26 09:00:00+00:00,2026-02-26 10:25:00+00:00,sell,88.6187,89.4713,87.76610000000001,87.76610000000001,1878.9639626510962,1602.0046745563159,161802.4721301879,win,-0.8525999999999954,151802.472130188
2026-02-26 10:35:00+00:00,2026-02-26 17:25:00+00:00,sell,86.76870000000001,88.1943,85.34310000000002,85.34310000000002,1134.9780592746156,1618.024721301879,163420.4968514898,win,-1.4255999999999887,153420.49685148988
2026-02-26 18:45:00+00:00,2026-02-26 20:35:00+00:00,sell,86.8187,87.3453,86.29210000000002,87.3453,3103.3136508069424,-1634.204968514898,161786.29188297488,loss,0.5265999999999877,151786.29188297497
2026-02-27 04:05:00+00:00,2026-02-27 15:15:00+00:00,buy,89.4883,88.40270000000001,90.57389999999998,90.57389999999998,1490.2937719507838,1617.8629188297489,163404.15480180463,win,1.0855999999999852,153404.15480180472
2026-02-27 15:25:00+00:00,2026-02-27 17:35:00+00:00,buy,91.2353,89.62570000000001,92.84489999999998,92.84489999999998,1015.184858361121,1634.0415480180463,165038.19634982268,win,1.6095999999999862,155038.19634982277
2026-02-27 17:45:00+00:00,2026-02-27 18:10:00+00:00,buy,92.8763,91.8897,93.8629,93.8629,1672.7974493191102,1650.381963498227,166688.5783133209,win,0.9865999999999957,156688.578313321
2026-02-27 18:20:00+00:00,2026-02-27 18:35:00+00:00,buy,93.91629999999999,93.2067,94.62589999999999,93.2067,2349.0498634910114,-1666.885783133209,165021.6925301877,loss,-0.7095999999999947,155021.69253018778
2026-02-27 20:00:00+00:00,2026-02-27 20:20:00+00:00,buy,93.7743,93.0507,94.49789999999999,93.0507,2280.565126177306,-1650.216925301877,163371.4756048858,loss,-0.7235999999999905,153371.4756048859
2026-02-27 22:15:00+00:00,2026-03-02 01:00:00+00:00,buy,93.48729999999999,92.99170000000001,93.98289999999997,93.98289999999997,3296.438167976025,1633.7147560488581,165005.19036093468,win,0.49559999999998183,155005.19036093476
2026-03-02 01:40:00+00:00,2026-03-02 03:00:00+00:00,buy,96.2623,93.53370000000001,98.99089999999998,93.53370000000001,604.7247319538793,-1650.0519036093465,163355.13845732535,loss,-2.728599999999986,153355.1384573254
2026-03-02 04:15:00+00:00,2026-03-02 08:15:00+00:00,buy,93.3993,91.9837,94.8149,94.8149,1153.9639619760214,1633.5513845732532,164988.6898418986,win,1.4155999999999977,154988.68984189865
2026-03-02 08:25:00+00:00,2026-03-02 09:30:00+00:00,buy,94.97229999999999,93.9657,95.97889999999998,95.97889999999998,1639.0690427369357,1649.886898418986,166638.57674031757,win,1.0065999999999917,156638.57674031763
2026-03-02 09:45:00+00:00,2026-03-02 11:00:00+00:00,buy,95.99629999999999,95.3247,96.66789999999997,95.3247,2481.2176405646455,-1666.3857674031756,164972.1909729144,loss,-0.6715999999999838,154972.19097291445
2026-03-02 12:35:00+00:00,2026-03-02 13:05:00+00:00,buy,95.5573,95.07770000000001,96.03689999999999,95.07770000000001,3439.7871345479066,-1649.721909729144,163322.46906318524,loss,-0.4795999999999907,153322.4690631853
2026-03-02 14:30:00+00:00,2026-03-02 15:10:00+00:00,buy,95.1263,94.26870000000001,95.98389999999999,94.26870000000001,1904.4131187405198,-1633.2246906318524,161689.2443725534,loss,-0.8575999999999908,151689.24437255345
2026-03-02 18:00:00+00:00,2026-03-02 22:35:00+00:00,sell,88.2857,90.3493,86.22210000000001,90.3493,783.5299688532364,-1616.8924437255337,160072.35192882788,loss,2.063599999999994,150072.35192882793
2026-03-02 23:50:00+00:00,2026-03-03 01:00:00+00:00,sell,89.3287,89.8053,88.8521,89.8053,3358.630967872981,-1600.7235192882788,158471.6284095396,loss,0.4766000000000048,148471.62840953967
2026-03-03 03:45:00+00:00,2026-03-03 03:50:00+00:00,sell,89.99170000000001,91.0873,88.89610000000002,88.89610000000002,1446.4369150195419,1584.716284095396,160056.344693635,win,-1.0955999999999904,150056.34469363507
2026-03-03 04:00:00+00:00,2026-03-03 08:10:00+00:00,sell,88.3807,91.2563,85.50510000000001,85.50510000000001,556.6015603478769,1600.5634469363501,161656.90814057135,win,-2.8755999999999915,151656.9081405714
2026-03-03 08:35:00+00:00,2026-03-03 12:35:00+00:00,sell,85.17370000000001,88.1463,82.20110000000003,82.20110000000003,543.8232797570213,1616.5690814057136,163273.47722197705,win,-2.9725999999999857,153273.4772219771
2026-03-03 12:45:00+00:00,2026-03-03 13:05:00+00:00,sell,82.0887,84.1433,80.03410000000001,80.03410000000001,794.6728181737446,1632.7347722197705,164906.2119941968,win,-2.0545999999999935,154906.21199419687
2026-03-03 13:30:00+00:00,2026-03-03 14:15:00+00:00,sell,79.2487,82.62429999999999,75.87310000000001,82.62429999999999,488.5241497635894,-1649.0621199419681,163257.14987425486,loss,3.3755999999999915,153257.14987425492
2026-03-03 16:35:00+00:00,2026-03-03 16:40:00+00:00,sell,81.3857,82.9023,79.8691,79.8691,1076.468085680174,1632.5714987425486,164889.72137299742,win,-1.5165999999999968,154889.72137299748
2026-03-03 16:50:00+00:00,2026-03-03 17:45:00+00:00,sell,79.6337,82.08529999999999,77.18210000000002,82.08529999999999,672.5800349689935,-1648.8972137299743,163240.82415926745,loss,2.451599999999985,153240.8241592675
2026-03-03 19:00:00+00:00,2026-03-03 20:35:00+00:00,sell,82.1777,83.6103,80.74510000000001,83.6103,1139.4724567867386,-1632.4082415926744,161608.41591767478,loss,1.4325999999999937,151608.41591767484
2026-03-03 21:05:00+00:00,2026-03-03 21:45:00+00:00,sell,82.9847,83.82029999999999,82.14910000000002,83.82029999999999,1934.0404011210821,-1616.0841591767478,159992.33175849804,loss,0.8355999999999852,149992.3317584981
2026-03-03 22:50:00+00:00,2026-03-04 03:00:00+00:00,sell,82.2067,83.8253,80.5881,83.8253,988.4612119022487,-1599.9233175849804,158392.40844091307,loss,1.6186000000000007,148392.40844091313
2026-03-04 12:05:00+00:00,2026-03-04 12:25:00+00:00,buy,86.26729999999999,85.7067,86.82789999999999,85.7067,2825.4086414719022,-1583.9240844091307,156808.48435650393,loss,-0.5605999999999938,146808.484356504
2026-03-04 13:40:00+00:00,2026-03-04 13:45:00+00:00,buy,86.3903,86.0317,86.74889999999999,86.0317,4372.796552049801,-1568.0848435650394,155240.3995129389,loss,-0.3585999999999956,145240.39951293895
2026-03-04 14:00:00+00:00,2026-03-04 14:15:00+00:00,buy,86.4793,85.9997,86.95889999999999,85.9997,3236.8723835058777,-1552.403995129389,153687.9955178095,loss,-0.4795999999999907,143687.99551780956
2026-03-04 18:20:00+00:00,2026-03-05 03:05:00+00:00,sell,83.3157,84.6263,82.00510000000001,84.6263,1172.6537121761808,-1536.879955178095,152151.1155626314,loss,1.3105999999999938,142151.11556263146
2026-03-05 07:35:00+00:00,2026-03-05 07:55:00+00:00,sell,84.09870000000001,84.9123,83.28510000000001,83.28510000000001,1870.0972905928288,1521.5111556263141,153672.6267182577,win,-0.8135999999999939,143672.62671825776
2026-03-05 08:05:00+00:00,2026-03-05 11:05:00+00:00,sell,82.4307,84.4733,80.38810000000001,84.4733,752.3383272214737,-1536.726267182577,152135.9004510751,loss,2.042599999999993,142135.90045107517
2026-03-05 14:45:00+00:00,2026-03-05 15:00:00+00:00,sell,84.0527,84.4833,83.6221,83.6221,3533.1142696487627,1521.3590045107512,153657.25945558585,win,-0.4305999999999983,143657.2594555859
2026-03-05 15:10:00+00:00,2026-03-05 15:20:00+00:00,sell,83.2007,84.3523,82.0491,82.0491,1334.293673633081,1536.5725945558586,155193.8320501417,win,-1.151600000000002,145193.83205014176
2026-03-05 16:35:00+00:00,2026-03-05 17:00:00+00:00,sell,82.0197,82.9853,81.0541,82.9853,1607.226926782752,-1551.9383205014171,153641.8937296403,loss,0.9655999999999949,143641.89372964035
2026-03-05 17:10:00+00:00,2026-03-05 21:35:00+00:00,sell,81.9197,83.2833,80.55610000000001,80.55610000000001,1126.7372670111565,1536.4189372964029,155178.3126669367,win,-1.363599999999991,145178.31266693675
2026-03-06 01:00:00+00:00,2026-03-06 01:05:00+00:00,sell,81.8887,82.1833,81.5941,82.1833,5267.424055225231,-1551.783126669367,153626.52954026734,loss,0.29460000000000264,143626.5295402674
2026-03-06 02:45:00+00:00,2026-03-06 03:00:00+00:00,sell,82.4657,83.0803,81.8511,81.8511,2499.618118129977,1536.2652954026735,155162.79483567,win,-0.6145999999999958,145162.79483567007
2026-03-06 06:10:00+00:00,2026-03-06 06:25:00+00:00,buy,84.43929999999999,84.12870000000001,84.74989999999997,84.12870000000001,4995.582576808764,-1551.6279483567,153611.1668873133,loss,-0.31059999999997956,143611.16688731336
2026-03-06 08:45:00+00:00,2026-03-06 11:20:00+00:00,buy,84.2173,83.6177,84.81689999999999,83.6177,2561.894044151343,-1536.111668873133,152075.05521844016,loss,-0.5995999999999952,142075.05521844022
2026-03-06 13:40:00+00:00,2026-03-06 15:00:00+00:00,sell,82.4007,83.08529999999999,81.71610000000001,81.71610000000001,2221.370949728931,1520.7505521844016,153595.80577062457,win,-0.684599999999989,143595.80577062463
2026-03-06 17:05:00+00:00,2026-03-09 00:05:00+00:00,buy,83.7483,82.3647,85.1319,82.3647,1110.1171275702836,-1535.9580577062459,152059.84771291833,loss,-1.3836000000000013,142059.8477129184
2026-03-09 02:20:00+00:00,2026-03-09 03:00:00+00:00,sell,80.9247,82.2353,79.61410000000001,79.61410000000001,1160.2307928652453,1520.5984771291833,153580.4461900475,win,-1.3105999999999938,143580.44619004757
2026-03-09 06:30:00+00:00,2026-03-09 07:10:00+00:00,sell,82.8007,83.28529999999999,82.31610000000002,83.28529999999999,3169.2209283956236,-1535.8044619004752,152044.64172814705,loss,0.48459999999998615,142044.6417281471
2026-03-09 10:05:00+00:00,2026-03-09 11:30:00+00:00,buy,83.7743,83.0997,84.4489,84.4489,2253.8488249058328,1520.4464172814705,153565.0881454285,win,0.6745999999999981,143565.08814542857
2026-03-09 14:05:00+00:00,2026-03-09 14:30:00+00:00,buy,83.4353,82.93270000000001,83.93789999999998,83.93789999999998,3055.4136121255974,1535.6508814542851,155100.7390268828,win,0.5025999999999868,145100.73902688286
2026-03-09 15:00:00+00:00,2026-03-09 15:30:00+00:00,buy,84.0803,83.3467,84.81389999999999,84.81389999999999,2114.241262634729,1551.007390268828,156651.74641715162,win,0.7335999999999956,146651.74641715168
2026-03-09 16:45:00+00:00,2026-03-09 20:40:00+00:00,buy,84.20729999999999,83.2457,85.16889999999998,85.16889999999998,1629.073902008665,1566.5174641715162,158218.26388132313,win,0.96159999999999,148218.2638813232
2026-03-09 20:50:00+00:00,2026-03-09 21:15:00+00:00,buy,85.38329999999999,84.5727,86.19389999999999,86.19389999999999,1951.8660730486595,1582.1826388132313,159800.44652013635,win,0.8105999999999938,149800.4465201364
2026-03-09 21:25:00+00:00,2026-03-10 00:45:00+00:00,buy,86.4203,85.66470000000001,87.17589999999998,87.17589999999998,2114.8815050309568,1598.0044652013632,161398.45098533772,win,0.755599999999987,151398.45098533778
2026-03-10 00:55:00+00:00,2026-03-10 01:10:00+00:00,buy,87.2173,86.8807,87.55389999999998,87.55389999999998,4794.962893206848,1613.9845098533772,163012.4354951911,win,0.33659999999999,153012.43549519117
2026-03-10 01:20:00+00:00,2026-03-10 02:00:00+00:00,buy,87.9403,86.92370000000001,88.95689999999998,86.92370000000001,1603.5061528152064,-1630.124354951911,161382.3111402392,loss,-1.0165999999999826,151382.31114023927
2026-03-10 03:05:00+00:00,2026-03-10 03:25:00+00:00,buy,87.83529999999999,86.8317,88.83889999999998,88.83889999999998,1608.0341883244378,1613.8231114023922,162996.1342516416,win,1.0035999999999916,152996.13425164166
2026-03-10 03:40:00+00:00,2026-03-10 20:15:00+00:00,buy,89.0603,87.39070000000001,90.72989999999999,87.39070000000001,976.2585903907687,-1629.9613425164162,161366.1729091252,loss,-1.6695999999999884,151366.17290912525
2026-03-10 21:15:00+00:00,2026-03-11 00:10:00+00:00,buy,88.4643,87.6597,89.26889999999999,87.6597,2005.5452760269263,-1613.661729091252,159752.51118003394,loss,-0.8045999999999935,149752.511180034
2026-03-11 00:20:00+00:00,2026-03-11 07:30:00+00:00,buy,88.60329999999999,87.5797,89.62689999999998,87.5797,1560.6927626029294,-1597.5251118003393,158154.9860682336,loss,-1.0235999999999876,148154.98606823364
2026-03-11 09:05:00+00:00,2026-03-11 09:40:00+00:00,sell,87.27770000000001,87.8733,86.68210000000002,86.68210000000002,2655.389289258498,1581.549860682336,159736.53592891592,win,-0.5955999999999904,149736.53592891598
2026-03-11 09:50:00+00:00,2026-03-11 14:45:00+00:00,sell,86.5747,87.6263,85.52310000000001,85.52310000000001,1518.9856973080725,1597.3653592891592,161333.9012882051,win,-1.0515999999999934,151333.90128820515
2026-03-11 14:55:00+00:00,2026-03-12 02:00:00+00:00,sell,85.48570000000001,86.6933,84.27810000000002,84.27810000000002,1335.9879205714399,1613.3390128820508,162947.24030108715,win,-1.2075999999999851,152947.2403010872
2026-03-12 03:15:00+00:00,2026-03-12 04:40:00+00:00,sell,85.2787,85.8763,84.6811,84.6811,2726.6941148106957,1629.4724030108716,164576.71270409803,win,-0.5975999999999999,154576.71270409808
2026-03-12 04:50:00+00:00,2026-03-12 08:30:00+00:00,sell,84.6037,85.5523,83.6551,85.5523,1734.9432079285073,-1645.7671270409803,162930.94557705705,loss,0.948599999999999,152930.9455770571
2026-03-12 12:05:00+00:00,2026-03-12 12:35:00+00:00,buy,87.1323,86.86070000000001,87.4039,86.86070000000001,5998.930249523626,-1629.3094557705706,161301.6361212865,loss,-0.2715999999999923,151301.63612128654
2026-03-12 12:50:00+00:00,2026-03-12 13:10:00+00:00,buy,87.20729999999999,86.8597,87.55489999999998,86.8597,4640.438323397386,-1613.016361212865,159688.61976007363,loss,-0.3475999999999857,149688.6197600737
2026-03-12 14:30:00+00:00,2026-03-12 15:20:00+00:00,buy,87.12429999999999,86.6127,87.63589999999998,86.6127,3121.356914778687,-1596.8861976007363,158091.7335624729,loss,-0.5115999999999872,148091.73356247295
2026-03-12 17:05:00+00:00,2026-03-12 21:55:00+00:00,sell,85.1507,85.95429999999999,84.34710000000001,84.34710000000001,1967.2938472184555,1580.9173356247288,159672.6508980976,win,-0.8035999999999888,149672.65089809767
2026-03-12 22:10:00+00:00,2026-03-12 22:20:00+00:00,sell,84.3287,84.94229999999999,83.7151,83.7151,2602.2270354970656,1596.7265089809762,161269.37740707857,win,-0.613599999999991,151269.37740707863
2026-03-12 22:30:00+00:00,2026-03-13 02:10:00+00:00,sell,83.54870000000001,84.5983,82.49910000000003,84.5983,1536.4841597473423,-1612.6937740707858,159656.68363300778,loss,1.0495999999999839,149656.68363300784
2026-03-13 03:40:00+00:00,2026-03-13 03:45:00+00:00,sell,84.85470000000001,85.41629999999999,84.29310000000002,84.29310000000002,2842.88966582999,1596.5668363300779,161253.25046933786,win,-0.5615999999999843,151253.25046933792
2026-03-13 05:00:00+00:00,2026-03-13 07:35:00+00:00,sell,84.5587,85.1403,83.97710000000001,83.97710000000001,2772.579959926743,1612.5325046933785,162865.78297403123,win,-0.5815999999999946,152865.7829740313
2026-03-13 07:45:00+00:00,2026-03-13 08:20:00+00:00,sell,83.7557,84.4833,83.02810000000001,83.02810000000001,2238.3972371362324,1628.6578297403123,164494.44080377155,win,-0.7275999999999954,154494.4408037716
2026-03-13 08:30:00+00:00,2026-03-13 09:15:00+00:00,sell,82.8037,83.87129999999999,81.73610000000002,81.73610000000002,1540.7871937408572,1644.9444080377154,166139.38521180928,win,-1.0675999999999846,156139.38521180933
2026-03-13 15:30:00+00:00,2026-03-13 16:05:00+00:00,sell,83.8257,84.4493,83.2021,83.2021,2664.1979668346744,1661.3938521180928,167800.77906392736,win,-0.6235999999999962,157800.77906392742
2026-03-13 16:15:00+00:00,2026-03-13 16:40:00+00:00,sell,83.1147,84.2183,82.0111,82.0111,1520.4854935114838,1678.0077906392737,169478.78685456663,win,-1.1036000000000001,159478.7868545667
2026-03-13 16:50:00+00:00,2026-03-13 16:55:00+00:00,sell,81.9097,82.5583,81.2611,81.2611,2612.993938553286,1694.7878685456662,171173.57472311228,win,-0.6486000000000018,161173.57472311234
2026-03-13 17:40:00+00:00,2026-03-16 03:10:00+00:00,sell,80.59270000000001,82.54429999999999,78.64110000000002,78.64110000000002,877.0935372162,1711.7357472311228,172885.3104703434,win,-1.951599999999985,162885.31047034345
2026-03-16 04:25:00+00:00,2026-03-16 04:50:00+00:00,sell,79.8347,80.4433,79.2261,79.2261,2840.7050685235727,1728.8531047034337,174614.1635750468,win,-0.6085999999999956,164614.16357504687
2026-03-16 05:00:00+00:00,2026-03-16 05:30:00+00:00,sell,79.0947,79.9653,78.2241,79.9653,2005.6761265224857,-1746.1416357504681,172868.02193929633,loss,0.870599999999996,162868.0219392964
2026-03-16 06:45:00+00:00,2026-03-16 07:15:00+00:00,sell,80.2697,80.6313,79.9081,79.9081,4780.642199648739,1728.6802193929634,174596.7021586893,win,-0.3615999999999957,164596.70215868935
2026-03-16 07:30:00+00:00,2026-03-16 07:40:00+00:00,sell,79.7067,80.24329999999999,79.1701,80.24329999999999,3253.758892260373,-1745.967021586893,172850.7351371024,loss,0.5365999999999929,162850.73513710246
2026-03-16 09:15:00+00:00,2026-03-16 10:15:00+00:00,sell,79.5857,80.49029999999999,78.68110000000001,78.68110000000001,1910.7974257915623,1728.507351371024,174579.24248847342,win,-0.9045999999999879,164579.24248847348
2026-03-16 11:05:00+00:00,2026-03-16 11:55:00+00:00,sell,78.6397,79.4953,77.78410000000001,77.78410000000001,2040.430604119616,1745.7924248847341,176325.03491335816,win,-0.8555999999999955,166325.03491335822
2026-03-16 12:05:00+00:00,2026-03-16 12:50:00+00:00,sell,77.5467,78.7113,76.38210000000001,78.7113,1514.0394548631225,-1763.2503491335817,174561.78456422457,loss,1.164599999999993,164561.78456422462
2026-03-17 03:05:00+00:00,2026-03-17 03:35:00+00:00,buy,80.5633,80.2017,80.9249,80.9249,4827.482980205383,1745.6178456422456,176307.4024098668,win,0.3615999999999957,166307.40240986686
2026-03-17 03:45:00+00:00,2026-03-17 06:25:00+00:00,buy,81.0373,80.2467,81.8279,81.8279,2230.04556551818,1763.0740240986681,178070.47643396546,win,0.7905999999999977,168070.47643396552
2026-03-17 06:35:00+00:00,2026-03-17 07:50:00+00:00,buy,82.0193,81.2697,82.7689,81.2697,2375.539973772215,-1780.7047643396545,176289.7716696258,loss,-0.7496000000000009,166289.77166962586
2026-03-17 09:25:00+00:00,2026-03-17 10:10:00+00:00,buy,81.1323,80.5657,81.6989,80.5657,3111.36201323028,-1762.897716696258,174526.87395292954,loss,-0.566599999999994,164526.8739529296
2026-03-17 10:20:00+00:00,2026-03-17 11:10:00+00:00,buy,81.13329999999999,80.5327,81.73389999999998,80.5327,2905.8753571917027,-1745.2687395292955,172781.60521340024,loss,-0.6005999999999858,162781.6052134003
2026-03-17 16:15:00+00:00,2026-03-17 16:55:00+00:00,sell,80.8237,81.3753,80.27210000000001,80.27210000000001,3132.3713780529783,1727.8160521340023,174509.42126553424,win,-0.5515999999999934,164509.4212655343
2026-03-17 17:05:00+00:00,2026-03-17 17:30:00+00:00,sell,80.10470000000001,80.7903,79.41910000000001,79.41910000000001,2545.3532856700094,1745.0942126553425,176254.5154781896,win,-0.6855999999999938,166254.51547818966
2026-03-17 17:40:00+00:00,2026-03-18 04:55:00+00:00,sell,79.3647,80.3153,78.4141,78.4141,1854.139653673371,1762.545154781896,178017.0606329715,win,-0.9505999999999943,168017.06063297155
2026-03-18 05:05:00+00:00,2026-03-18 07:20:00+00:00,sell,78.1367,79.1613,77.11210000000001,79.1613,1737.4298324514232,-1780.170606329715,176236.89002664178,loss,1.0245999999999924,166236.89002664183
2026-03-18 10:15:00+00:00,2026-03-18 11:35:00+00:00,sell,79.2847,79.8183,78.75110000000001,79.8183,3302.7902928531516,-1762.3689002664178,174474.52112637536,loss,0.5335999999999927,164474.52112637542
2026-03-18 12:30:00+00:00,2026-03-18 12:35:00+00:00,sell,79.66170000000001,80.0223,79.30110000000002,79.30110000000002,4838.450391746526,1744.7452112637534,176219.2663376391,win,-0.36059999999999093,166219.26633763916
2026-03-18 12:50:00+00:00,2026-03-18 13:35:00+00:00,sell,79.2677,80.0193,78.51610000000001,78.51610000000001,2344.588429186269,1762.192663376391,177981.4590010155,win,-0.7515999999999963,167981.45900101555
2026-03-18 13:45:00+00:00,2026-03-18 15:00:00+00:00,sell,78.46470000000001,79.6103,77.31910000000002,77.31910000000002,1553.6091044083225,1779.814590010155,179761.27359102565,win,-1.1455999999999875,169761.2735910257
2026-03-18 15:15:00+00:00,2026-03-19 08:20:00+00:00,sell,75.9807,78.1323,73.8291,73.8291,835.4771964632157,1797.6127359102566,181558.8863269359,win,-2.151600000000002,171558.88632693596
2026-03-19 08:30:00+00:00,2026-03-19 08:40:00+00:00,sell,73.7217,74.8963,72.5471,72.5471,1545.7082098325916,1815.588863269359,183374.47519020527,win,-1.174599999999998,173374.47519020532
2026-03-19 08:50:00+00:00,2026-03-19 10:30:00+00:00,sell,72.4727,74.1653,70.7801,70.7801,1083.3893134243494,1833.7447519020525,185208.21994210733,win,-1.6925999999999988,175208.2199421074
2026-03-19 10:40:00+00:00,2026-03-19 11:20:00+00:00,sell,70.54270000000001,71.7213,69.36410000000002,71.7213,1571.4255891914906,-1852.0821994210733,183356.13774268626,loss,1.1785999999999888,173356.13774268632
2026-03-19 12:20:00+00:00,2026-03-19 13:55:00+00:00,sell,71.0657,71.8543,70.27710000000002,70.27710000000002,2325.0841712235483,1833.5613774268627,185189.69912011313,win,-0.7885999999999882,175189.6991201132
2026-03-19 14:05:00+00:00,2026-03-19 14:10:00+00:00,sell,70.2427,71.01429999999999,69.4711,69.4711,2400.073861069401,1851.8969912011314,187041.59611131425,win,-0.7715999999999923,177041.5961113143
2026-03-19 14:25:00+00:00,2026-03-19 14:45:00+00:00,sell,68.7977,70.5433,67.05210000000001,67.05210000000001,1071.5031857889246,1870.4159611131427,188912.0120724274,win,-1.745599999999996,178912.01207242746
2026-03-19 15:00:00+00:00,2026-03-19 15:50:00+00:00,sell,66.4597,68.95729999999999,63.96210000000001,68.95729999999999,756.3741674905032,-1889.120120724274,187022.89195170312,loss,2.4975999999999914,177022.89195170318
2026-03-19 17:30:00+00:00,2026-03-19 17:40:00+00:00,sell,69.7757,70.4703,69.0811,69.0811,2692.526518164479,1870.2289195170313,188893.12087122016,win,-0.6945999999999941,178893.12087122022
2026-03-19 18:55:00+00:00,2026-03-19 19:15:00+00:00,sell,70.1957,70.69529999999999,69.69610000000002,70.69529999999999,3780.8871271262046,-1888.9312087122016,187004.18966250797,loss,0.4995999999999867,177004.18966250803
2026-03-19 20:30:00+00:00,2026-03-19 20:55:00+00:00,sell,71.00670000000001,71.4953,70.51810000000002,71.4953,3827.347311962984,-1870.0418966250797,185134.1477658829,loss,0.48859999999999104,175134.14776588295
2026-03-20 00:40:00+00:00,2026-03-20 00:55:00+00:00,sell,72.4967,72.8133,72.18010000000001,72.18010000000001,5847.572576307214,1851.3414776588288,186985.48924354173,win,-0.316599999999994,176985.4892435418
2026-03-20 12:05:00+00:00,2026-03-20 15:50:00+00:00,sell,71.6087,72.8523,70.3651,70.3651,1503.5822550944163,1869.8548924354172,188855.34413597715,win,-1.2436000000000007,178855.3441359772
2026-03-20 16:00:00+00:00,2026-03-20 16:15:00+00:00,sell,70.2847,71.6943,68.8751,68.8751,1339.7796831439946,1888.5534413597713,190743.89757733693,win,-1.4095999999999975,180743.897577337
2026-03-20 16:25:00+00:00,2026-03-23 02:35:00+00:00,sell,68.5687,70.7123,66.42510000000001,66.42510000000001,889.8297143932526,1907.4389757733693,192651.3365531103,win,-2.143599999999992,182651.33655311036
2026-03-23 03:50:00+00:00,2026-03-23 03:55:00+00:00,sell,67.0827,67.9713,66.1941,66.1941,2168.0321466701666,1926.513365531103,194577.8499186414,win,-0.8885999999999967,184577.84991864147
2026-03-23 04:30:00+00:00,2026-03-23 07:45:00+00:00,sell,66.0087,67.7803,64.23710000000001,64.23710000000001,1098.3170575674094,1945.778499186414,196523.62841782783,win,-1.7715999999999923,186523.6284178279
2026-03-23 07:55:00+00:00,2026-03-23 08:25:00+00:00,sell,64.1207,65.9233,62.3181,62.3181,1090.2231688551428,1965.2362841782785,198488.8647020061,win,-1.8025999999999982,188488.86470200616
2026-03-23 08:35:00+00:00,2026-03-23 10:00:00+00:00,sell,61.912699999999994,64.19829999999999,59.6271,64.19829999999999,868.4322046815126,-1984.8886470200612,196503.97605498604,loss,2.285599999999995,186503.9760549861
2026-03-23 11:35:00+00:00,2026-03-23 13:05:00+00:00,sell,63.857699999999994,64.88029999999999,62.8351,64.88029999999999,1921.6113441715881,-1965.0397605498604,194538.93629443616,loss,1.022599999999997,184538.93629443622
2026-03-23 19:05:00+00:00,2026-03-23 20:30:00+00:00,buy,69.2213,68.43570000000001,70.00689999999999,70.00689999999999,2476.310288880335,1945.3893629443617,196484.3256573805,win,0.7855999999999881,186484.32565738057
2026-03-23 20:40:00+00:00,2026-03-23 21:10:00+00:00,buy,70.0893,69.3507,70.82789999999999,69.3507,2660.2264508175317,-1964.843256573805,194519.4824008067,loss,-0.738599999999991,184519.48240080677
2026-03-23 22:40:00+00:00,2026-03-24 00:00:00+00:00,buy,69.1473,68.6327,69.6619,68.6327,3780.013260800741,-1945.1948240080671,192574.28757679864,loss,-0.5146000000000015,182574.2875767987
2026-03-24 00:50:00+00:00,2026-03-24 02:25:00+00:00,buy,69.5833,68.3687,70.79789999999998,68.3687,1585.4955341412826,-1925.7428757679863,190648.54470103065,loss,-1.2145999999999901,180648.5447010307
2026-03-24 06:20:00+00:00,2026-03-24 07:40:00+00:00,sell,66.5377,67.13329999999999,65.94210000000001,67.13329999999999,3200.949373758122,-1906.4854470103066,188742.05925402034,loss,0.5955999999999904,178742.0592540204
2026-03-24 09:05:00+00:00,2026-03-24 09:45:00+00:00,buy,69.2233,68.58370000000001,69.86289999999998,69.86289999999998,2950.939012727081,1887.4205925402034,190629.47984656054,win,0.6395999999999873,180629.4798465606
2026-03-24 09:55:00+00:00,2026-03-24 10:25:00+00:00,buy,69.9233,69.1567,70.6899,69.1567,2486.6877099734065,-1906.2947984656055,188723.18504809495,loss,-0.7665999999999968,178723.185048095
2026-03-24 11:40:00+00:00,2026-03-24 13:00:00+00:00,buy,69.82929999999999,69.07770000000001,70.58089999999997,69.07770000000001,2510.9524354457085,-1887.2318504809496,186835.953197614,loss,-0.7515999999999821,176835.95319761406
2026-03-24 13:10:00+00:00,2026-03-24 14:35:00+00:00,buy,70.2843,68.5167,72.0519,68.5167,1057.00358224493,-1868.3595319761398,184967.59366563786,loss,-1.7676000000000016,174967.59366563792
2026-03-24 16:05:00+00:00,2026-03-24 16:40:00+00:00,buy,68.5963,67.6657,69.5269,69.5269,1987.6165233788759,1849.6759366563786,186817.26960229425,win,0.9305999999999983,176817.2696022943
2026-03-24 16:50:00+00:00,2026-03-24 22:25:00+00:00,buy,69.61829999999999,68.5967,70.63989999999998,70.63989999999998,1828.6733516277961,1868.1726960229425,188685.4422983172,win,1.0215999999999923,178685.44229831727
2026-03-24 22:35:00+00:00,2026-03-25 01:35:00+00:00,buy,71.0453,69.3567,72.73389999999999,72.73389999999999,1117.407570166516,1886.854422983172,190572.29672130037,win,1.6885999999999939,180572.29672130043
2026-03-25 01:45:00+00:00,2026-03-25 02:45:00+00:00,buy,72.8433,71.6027,74.0839,74.0839,1536.1300719111744,1905.7229672130038,192478.01968851336,win,1.2406000000000006,182478.01968851342
2026-03-25 03:10:00+00:00,2026-03-25 07:30:00+00:00,buy,74.24929999999999,72.9427,75.55589999999998,72.9427,1473.121228291099,-1924.7801968851336,190553.23949162822,loss,-1.3065999999999889,180553.23949162828
2026-03-25 07:40:00+00:00,2026-03-25 08:10:00+00:00,buy,73.4473,72.7487,74.1459,72.7487,2727.64442444358,-1905.5323949162823,188647.70709671194,loss,-0.698599999999999,178647.707096712
2026-03-25 08:20:00+00:00,2026-03-25 11:20:00+00:00,buy,73.3073,72.6447,73.9699,72.6447,2847.0828116014577,-1886.477070967119,186761.23002574482,loss,-0.6625999999999976,176761.23002574488
2026-03-25 12:45:00+00:00,2026-03-25 13:20:00+00:00,buy,72.86229999999999,72.5107,73.21389999999998,73.21389999999998,5311.75284487343,1867.612300257448,188628.84232600228,win,0.3515999999999906,178628.84232600234
2026-03-25 13:30:00+00:00,2026-03-25 14:15:00+00:00,buy,73.2623,72.86670000000001,73.65789999999998,72.86670000000001,4768.170938473414,-1886.2884232600231,186742.55390274225,loss,-0.3955999999999875,176742.5539027423
2026-03-25 16:35:00+00:00,2026-03-25 17:15:00+00:00,buy,72.97829999999999,71.9787,73.97789999999998,71.9787,1868.1728081507076,-1867.4255390274225,184875.12836371482,loss,-0.9995999999999867,174875.12836371487
2026-03-25 18:30:00+00:00,2026-03-25 19:05:00+00:00,buy,72.78229999999999,72.3827,73.18189999999998,72.3827,4626.504713806765,-1848.7512836371482,183026.37708007765,loss,-0.3995999999999924,173026.3770800777
2026-03-26 01:05:00+00:00,2026-03-26 01:35:00+00:00,sell,70.9667,71.52029999999999,70.41310000000001,70.41310000000001,3306.112302747135,1830.2637708007767,184856.64085087844,win,-0.5535999999999888,174856.6408508785
2026-03-26 03:15:00+00:00,2026-03-26 04:05:00+00:00,sell,71.52470000000001,71.9953,71.05410000000002,71.9953,3928.105415445861,-1848.5664085087844,183008.07444236966,loss,0.47059999999999036,173008.07444236972
2026-03-26 04:35:00+00:00,2026-03-26 07:25:00+00:00,sell,71.33670000000001,72.0343,70.63910000000001,70.63910000000001,2623.3955625339904,1830.0807444236966,184838.15518679336,win,-0.6975999999999942,174838.15518679342
2026-03-26 07:45:00+00:00,2026-03-26 07:55:00+00:00,sell,70.5237,71.65729999999999,69.39010000000002,69.39010000000002,1630.5412419442084,1848.3815518679335,186686.5367386613,win,-1.133599999999987,176686.53673866135
2026-03-26 08:05:00+00:00,2026-03-26 11:30:00+00:00,sell,69.31070000000001,70.95129999999999,67.67010000000003,67.67010000000003,1137.9162302734599,1866.8653673866131,188553.4021060479,win,-1.6405999999999779,178553.40210604796
2026-03-26 12:45:00+00:00,2026-03-26 13:45:00+00:00,sell,67.9257,68.4743,67.37710000000001,67.37710000000001,3436.992382538283,1885.534021060479,190438.93612710838,win,-0.5485999999999933,180438.93612710843
2026-03-26 15:00:00+00:00,2026-03-26 15:05:00+00:00,sell,67.41170000000001,67.7963,67.02710000000002,67.7963,4951.610403721072,-1904.3893612710838,188534.5467658373,loss,0.38459999999999184,178534.54676583735
2026-03-26 16:50:00+00:00,2026-03-26 18:15:00+00:00,sell,68.7017,69.3213,68.08210000000001,68.08210000000001,3042.8429110045186,1885.345467658373,190419.89223349566,win,-0.6195999999999913,180419.89223349572
2026-03-26 18:25:00+00:00,2026-03-26 18:35:00+00:00,sell,67.9637,68.8053,67.1221,67.1221,2262.5937765386852,1904.1989223349567,192324.09115583063,win,-0.8415999999999997,182324.09115583068
2026-03-26 19:50:00+00:00,2026-03-26 20:15:00+00:00,sell,67.4387,67.9853,66.8921,66.8921,3518.552710498195,1923.2409115583064,194247.33206738892,win,-0.546599999999998,184247.33206738898
2026-03-26 20:25:00+00:00,2026-03-26 20:40:00+00:00,sell,66.8467,67.53829999999999,66.1551,67.53829999999999,2808.6658772034502,-1942.4733206738892,192304.85874671504,loss,0.691599999999994,182304.8587467151
2026-03-26 21:55:00+00:00,2026-03-26 22:10:00+00:00,sell,67.12270000000001,67.78229999999999,66.46310000000003,67.78229999999999,2915.476936730138,-1923.0485874671504,190381.8101592479,loss,0.6595999999999833,180381.81015924795
2026-03-27 02:20:00+00:00,2026-03-27 02:45:00+00:00,sell,68.34570000000001,68.98429999999999,67.70710000000003,67.70710000000003,2981.23724020127,1903.818101592479,192285.62826084037,win,-0.6385999999999825,182285.62826084043
2026-03-27 02:55:00+00:00,2026-03-27 03:30:00+00:00,sell,67.6127,68.4243,66.8011,68.4243,2369.216710951709,-1922.8562826084037,190362.77197823196,loss,0.8115999999999985,180362.77197823202
2026-03-27 04:55:00+00:00,2026-03-27 05:25:00+00:00,sell,68.5767,68.95729999999999,68.19610000000002,68.95729999999999,5001.649290022031,-1903.6277197823197,188459.14425844964,loss,0.38059999999998695,178459.1442584497
2026-03-27 12:35:00+00:00,2026-03-27 12:55:00+00:00,sell,68.5467,68.9953,68.0981,68.0981,4201.0509197157835,1884.5914425844962,190343.73570103414,win,-0.448599999999999,180343.7357010342
2026-03-27 13:05:00+00:00,2026-03-27 14:05:00+00:00,sell,68.0967,68.6383,67.5551,67.5551,3514.4707478034206,1903.4373570103414,192247.1730580445,win,-0.5416000000000025,182247.17305804454
2026-03-27 17:05:00+00:00,2026-03-30 01:00:00+00:00,buy,70.5873,68.7587,72.4159,68.7587,1051.3353005471129,-1922.4717305804447,190324.70132746405,loss,-1.8285999999999945,180324.7013274641
2026-03-30 06:05:00+00:00,2026-03-30 06:10:00+00:00,buy,69.38329999999999,68.4937,70.27289999999998,70.27289999999998,2139.4413368645096,1903.2470132746405,192227.9483407387,win,0.8895999999999873,182227.94834073875
2026-03-30 06:20:00+00:00,2026-03-31 03:20:00+00:00,buy,70.4173,69.0317,71.8029,69.0317,1387.3264170087987,-1922.2794834073868,190305.6688573313,loss,-1.3855999999999966,180305.66885733136
2026-03-31 04:05:00+00:00,2026-03-31 04:25:00+00:00,buy,70.6733,69.51870000000001,71.82789999999999,71.82789999999999,1648.2389473179742,1903.056688573313,192208.7255459046,win,1.1545999999999879,182208.72554590466
2026-03-31 04:35:00+00:00,2026-03-31 04:40:00+00:00,buy,71.84729999999999,70.4157,73.27889999999998,73.27889999999998,1342.614735581909,1922.087255459046,194130.81280136365,win,1.4315999999999889,184130.8128013637
2026-03-31 07:10:00+00:00,2026-03-31 08:10:00+00:00,buy,72.1073,71.8347,72.37989999999999,71.8347,7121.453147518919,-1941.3081280136364,192189.50467335002,loss,-0.27259999999999707,182189.50467335008
2026-03-31 08:35:00+00:00,2026-03-31 10:55:00+00:00,buy,72.2963,71.5697,73.0229,73.0229,2645.0523626940376,1921.8950467335003,194111.39972008351,win,0.7266000000000048,184111.39972008357
2026-03-31 11:05:00+00:00,2026-03-31 13:35:00+00:00,buy,73.1053,72.4257,73.7849,72.4257,2856.259560330862,-1941.1139972008352,192170.2857228827,loss,-0.6795999999999935,182170.28572288275
2026-03-31 14:10:00+00:00,2026-03-31 17:00:00+00:00,buy,73.0253,72.2707,73.7799,73.7799,2546.651016735802,1921.702857228827,194091.98858011153,win,0.7545999999999964,184091.9885801116
2026-03-31 17:10:00+00:00,2026-03-31 19:40:00+00:00,buy,73.8543,72.9017,74.80689999999998,74.80689999999998,2037.4972557223768,1940.9198858011152,196032.90846591265,win,0.9525999999999897,186032.9084659127
2026-03-31 20:00:00+00:00,2026-04-02 01:05:00+00:00,buy,75.0283,73.7187,76.3379,73.7187,1496.8914818716567,-1960.3290846591262,194072.5793812535,loss,-1.3096000000000032,184072.57938125357
2026-04-02 01:30:00+00:00,2026-04-02 04:05:00+00:00,buy,75.1873,73.3657,77.00889999999998,73.3657,1065.3962416625748,-1940.725793812535,192131.85358744097,loss,-1.8215999999999894,182131.85358744103
2026-04-02 05:10:00+00:00,2026-04-02 05:35:00+00:00,sell,72.4577,73.2443,71.67110000000001,71.67110000000001,2442.561067727469,1921.3185358744097,194053.1721233154,win,-0.7865999999999929,184053.17212331545
2026-04-02 06:50:00+00:00,2026-04-02 07:10:00+00:00,sell,72.0697,72.41929999999999,71.7201,71.7201,5550.720026410699,1940.5317212331538,195993.70384454855,win,-0.34959999999999525,185993.7038445486
2026-04-02 07:25:00+00:00,2026-04-02 08:30:00+00:00,sell,71.6727,72.2383,71.10710000000002,71.10710000000002,3465.235216487841,1959.9370384454855,197953.64088299405,win,-0.5655999999999892,187953.6408829941
2026-04-02 08:40:00+00:00,2026-04-02 09:10:00+00:00,sell,70.86370000000001,71.9793,69.74810000000002,69.74810000000002,1774.4141348422056,1979.5364088299405,199933.177291824,win,-1.1155999999999864,189933.17729182405
2026-04-02 11:45:00+00:00,2026-04-02 12:55:00+00:00,sell,71.3807,71.73429999999999,71.02710000000002,71.02710000000002,5654.218814814252,1999.33177291824,201932.50906474222,win,-0.3535999999999859,191932.50906474228
2026-04-02 13:10:00+00:00,2026-04-02 13:20:00+00:00,sell,70.9957,71.33229999999999,70.65910000000001,70.65910000000001,5999.183275839222,2019.3250906474223,203951.83415538963,win,-0.33659999999999,193951.8341553897
2026-04-02 13:40:00+00:00,2026-04-02 16:00:00+00:00,sell,70.57770000000001,71.29429999999999,69.86110000000002,69.86110000000002,2846.1043002427264,2039.5183415538963,205991.35249694352,win,-0.7165999999999855,195991.35249694358
2026-04-02 18:20:00+00:00,2026-04-06 01:10:00+00:00,sell,72.1517,73.09729999999999,71.20610000000002,71.20610000000002,2178.4195484025686,2059.9135249694355,208051.26602191295,win,-0.9455999999999847,198051.266021913
2026-04-06 04:15:00+00:00,2026-04-06 05:15:00+00:00,sell,72.0417,72.38929999999999,71.69410000000002,72.38929999999999,5985.36438498048,-2080.5126602191294,205970.75336169382,loss,0.3475999999999857,195970.75336169387
2026-04-06 06:05:00+00:00,2026-04-06 06:10:00+00:00,sell,72.3037,72.66929999999999,71.93810000000002,71.93810000000002,5633.773341403214,2059.7075336169382,208030.46089531077,win,-0.3655999999999864,198030.46089531083
2026-04-06 06:20:00+00:00,2026-04-06 08:05:00+00:00,sell,71.9127,72.6193,71.2061,72.6193,2944.1050225773047,-2080.3046089531076,205950.15628635767,loss,0.7065999999999946,195950.15628635773
2026-04-06 11:05:00+00:00,2026-04-06 12:10:00+00:00,buy,72.62429999999999,71.8677,73.38089999999998,73.38089999999998,2722.0480608823673,2059.5015628635765,208009.65784922126,win,0.7565999999999917,198009.65784922132
2026-04-06 12:20:00+00:00,2026-04-06 12:55:00+00:00,buy,73.40429999999999,73.0197,73.78889999999998,73.0197,5408.467442777579,-2080.0965784922128,205929.56127072906,loss,-0.38459999999999184,195929.56127072911
2026-04-06 15:00:00+00:00,2026-04-06 15:25:00+00:00,buy,73.4293,72.9067,73.9519,72.9067,3940.481463274593,-2059.2956127072907,203870.26565802176,loss,-0.5225999999999971,193870.26565802182
2026-04-06 20:20:00+00:00,2026-04-06 21:00:00+00:00,buy,72.8093,72.5627,73.05589999999998,72.5627,8267.24516050417,-2038.7026565802175,201831.56300144154,loss,-0.2465999999999866,191831.5630014416
2026-04-06 21:10:00+00:00,2026-04-07 01:00:00+00:00,buy,72.90729999999999,72.55470000000001,73.25989999999997,72.55470000000001,5724.094242809198,-2018.315630014415,199813.24737142713,loss,-0.35259999999998115,189813.2473714272
2026-04-07 07:05:00+00:00,2026-04-07 07:55:00+00:00,buy,72.7093,72.2107,73.2079,73.2079,4007.4859079708917,1998.1324737142713,201811.3798451414,win,0.49859999999999616,191811.37984514146
2026-04-07 08:10:00+00:00,2026-04-07 08:25:00+00:00,sell,72.7817,73.3243,72.23910000000001,72.23910000000001,3719.339842335864,2018.1137984514141,203829.4936435928,win,-0.5425999999999931,193829.49364359287
2026-04-07 08:35:00+00:00,2026-04-07 11:20:00+00:00,sell,71.9337,72.9303,70.9371,72.9303,2045.2487822957319,-2038.294936435928,201791.19870715687,loss,0.9966000000000008,191791.19870715693
2026-04-07 13:05:00+00:00,2026-04-07 14:10:00+00:00,sell,72.3917,72.9433,71.8401,71.8401,3658.2885915003494,2017.9119870715688,203809.11069422844,win,-0.5515999999999934,193809.1106942285
2026-04-07 15:45:00+00:00,2026-04-07 15:50:00+00:00,sell,71.9407,72.2833,71.59810000000002,71.59810000000002,5948.894065797847,2038.0911069422846,205847.2018011707,win,-0.34259999999999025,195847.20180117077
2026-04-07 16:40:00+00:00,2026-04-07 17:05:00+00:00,sell,71.4517,72.4263,70.47710000000001,70.47710000000001,2112.119862519718,2058.472018011707,207905.6738191824,win,-0.9745999999999952,197905.67381918247
2026-04-07 17:15:00+00:00,2026-04-07 19:00:00+00:00,sell,70.1027,71.6113,68.5941,71.6113,1378.1365094735663,-2079.056738191824,205826.61708099057,loss,1.5086000000000013,195826.61708099063
2026-04-07 21:10:00+00:00,2026-04-07 21:45:00+00:00,sell,72.0087,72.3123,71.70510000000002,71.70510000000002,6779.532841930112,2058.266170809906,207884.8832518005,win,-0.30359999999998877,197884.88325180055
2026-04-07 21:55:00+00:00,2026-04-07 22:00:00+00:00,sell,71.6967,72.1103,71.28310000000002,71.28310000000002,5026.230252703251,2078.848832518005,209963.7320843185,win,-0.4135999999999882,199963.73208431856
2026-04-08 01:05:00+00:00,2026-04-08 01:10:00+00:00,buy,73.0633,72.7497,73.37689999999999,73.37689999999999,6695.272069015389,2099.637320843185,212063.36940516168,win,0.3135999999999939,202063.36940516173
2026-04-08 01:30:00+00:00,2026-04-08 01:55:00+00:00,buy,74.1783,72.8147,75.54189999999998,75.54189999999998,1555.1728469137802,2120.6336940516167,214184.0030992133,win,1.363599999999991,204184.00309921335
2026-04-08 02:05:00+00:00,2026-04-08 21:15:00+00:00,buy,76.3003,74.3257,78.27489999999999,74.3257,1084.6956502542987,-2141.840030992133,212042.16306822115,loss,-1.9745999999999952,202042.1630682212
2026-04-08 23:30:00+00:00,2026-04-09 01:00:00+00:00,sell,74.1967,74.5503,73.84310000000002,73.84310000000002,5996.667507585679,2120.421630682212,214162.58469890337,win,-0.3535999999999859,204162.58469890343
2026-04-09 02:15:00+00:00,2026-04-09 04:20:00+00:00,sell,73.6667,74.13329999999999,73.20010000000002,73.20010000000002,4589.853936967639,2141.6258469890336,216304.21054589242,win,-0.46659999999998547,206304.21054589248
2026-04-09 04:30:00+00:00,2026-04-09 04:55:00+00:00,sell,73.0937,73.87129999999999,72.3161,73.87129999999999,2781.689950435886,-2163.042105458924,214141.1684404335,loss,0.7775999999999925,204141.16844043357
2026-04-09 06:10:00+00:00,2026-04-09 14:45:00+00:00,sell,73.6747,74.35029999999999,72.99910000000001,74.35029999999999,3169.644293079294,-2141.411684404335,211999.75675602918,loss,0.6755999999999887,201999.75675602924
2026-04-09 18:10:00+00:00,2026-04-09 18:20:00+00:00,buy,74.8373,74.2037,75.4709,75.4709,3345.955756881767,2119.997567560292,214119.75432358947,win,0.6336000000000013,204119.75432358953
2026-04-09 18:30:00+00:00,2026-04-09 20:35:00+00:00,buy,75.5783,74.63170000000001,76.52489999999999,76.52489999999999,2261.987685649608,2141.197543235895,216260.95186682537,win,0.9465999999999894,206260.95186682543
2026-04-09 20:45:00+00:00,2026-04-09 21:00:00+00:00,buy,76.53529999999999,76.16470000000001,76.90589999999997,76.16470000000001,5835.427735208742,-2162.6095186682537,214098.3423481571,loss,-0.37059999999998183,204098.34234815717
2026-04-10 02:30:00+00:00,2026-04-10 03:05:00+00:00,buy,75.35329999999999,75.18270000000001,75.52389999999997,75.18270000000001,12549.726984067027,-2140.983423481571,211957.35892467553,loss,-0.170599999999979,201957.3589246756
2026-04-10 03:55:00+00:00,2026-04-10 04:15:00+00:00,buy,75.4383,75.0817,75.7949,75.7949,5943.84068773627,2119.5735892467555,214076.93251392228,win,0.35660000000000025,204076.93251392234
2026-04-10 04:35:00+00:00,2026-04-10 05:30:00+00:00,buy,75.8273,75.0997,76.55489999999999,75.0997,2942.233816848868,-2140.769325139223,211936.16318878304,loss,-0.7275999999999954,201936.1631887831
2026-04-10 05:50:00+00:00,2026-04-10 08:35:00+00:00,buy,75.5153,74.88770000000001,76.14289999999998,76.14289999999998,3376.9305798085957,2119.3616318878303,214055.52482067086,win,0.6275999999999868,204055.52482067092
2026-04-10 10:35:00+00:00,2026-04-10 10:50:00+00:00,buy,75.6623,75.3917,75.9329,75.3917,7910.403725819272,-2140.5552482067087,211914.96957246415,loss,-0.27060000000000173,201914.9695724642
2026-04-10 13:15:00+00:00,2026-04-10 15:10:00+00:00,buy,75.4233,75.1337,75.71289999999999,75.71289999999999,7317.505855402945,2119.1496957246413,214034.11926818878,win,0.289599999999993,204034.11926818884
2026-04-10 15:20:00+00:00,2026-04-10 15:30:00+00:00,buy,75.7653,75.5287,76.00189999999999,76.00189999999999,9046.243417928683,2140.3411926818876,216174.46046087067,win,0.2365999999999957,206174.46046087073
2026-04-10 16:05:00+00:00,2026-04-10 17:20:00+00:00,buy,76.1313,75.55770000000001,76.70489999999998,76.70489999999998,3768.7318769329913,2161.7446046087066,218336.2050654794,win,0.5735999999999848,208336.20506547944
2026-04-10 17:30:00+00:00,2026-04-10 18:35:00+00:00,buy,76.7443,75.9907,77.49789999999999,75.9907,2897.2426362192386,-2183.362050654794,216152.84301482458,loss,-0.7535999999999916,206152.84301482464
2026-04-10 19:50:00+00:00,2026-04-10 21:30:00+00:00,buy,76.1463,75.8927,76.39989999999999,76.39989999999999,8523.37709049021,2161.5284301482457,218314.3714449728,win,0.2535999999999916,208314.37144497287
2026-04-10 21:40:00+00:00,2026-04-10 23:25:00+00:00,buy,76.43929999999999,76.0877,76.79089999999998,76.0877,6209.168698662646,-2183.143714449728,216131.2277305231,loss,-0.3515999999999906,206131.22773052315
2026-04-13 02:15:00+00:00,2026-04-13 02:20:00+00:00,sell,73.1837,73.52029999999999,72.84710000000001,72.84710000000001,6421.010924852332,2161.312277305231,218292.54000782833,win,-0.33659999999999,208292.5400078284
2026-04-13 04:40:00+00:00,2026-04-13 10:00:00+00:00,sell,74.2907,74.7393,73.8421,74.7393,4866.084262323425,-2182.9254000782835,216109.61460775003,loss,0.448599999999999,206109.6146077501
2026-04-13 10:10:00+00:00,2026-04-13 10:50:00+00:00,sell,74.3617,74.77029999999999,73.9531,74.77029999999999,5289.026299749237,-2161.0961460775,213948.51846167253,loss,0.40859999999999275,203948.5184616726
2026-04-13 11:35:00+00:00,2026-04-13 13:20:00+00:00,sell,74.4967,74.81429999999999,74.17910000000002,74.17910000000002,6736.414309246944,2139.4851846167253,216088.00364628926,win,-0.31759999999998456,206088.00364628932
2026-04-13 14:20:00+00:00,2026-04-13 15:25:00+00:00,sell,74.13770000000001,74.4083,73.86710000000002,73.86710000000002,7985.5138080672305,2160.880036462893,218248.88368275214,win,-0.2705999999999875,208248.8836827522
2026-04-13 15:35:00+00:00,2026-04-13 16:50:00+00:00,sell,73.83070000000001,74.2953,73.36610000000002,74.2953,4697.565296658562,-2182.4888368275215,216066.39484592463,loss,0.46459999999999013,206066.3948459247
2026-04-13 18:05:00+00:00,2026-04-13 19:05:00+00:00,sell,73.7737,74.2873,73.26010000000001,74.2873,4206.900211174572,-2160.6639484592465,213905.73089746537,loss,0.5135999999999967,203905.73089746543
2026-04-13 22:25:00+00:00,2026-04-14 01:00:00+00:00,buy,75.5743,75.1967,75.95189999999998,75.1967,5664.876347920361,-2139.0573089746536,211766.67358849072,loss,-0.37759999999998684,201766.67358849078
2026-04-14 01:15:00+00:00,2026-04-14 04:05:00+00:00,buy,75.71629999999999,75.18570000000001,76.24689999999997,76.24689999999997,3991.0794117696823,2117.666735884907,213884.34032437563,win,0.5305999999999784,203884.3403243757
2026-04-14 04:15:00+00:00,2026-04-14 06:40:00+00:00,buy,76.25829999999999,75.70570000000001,76.81089999999998,76.81089999999998,3870.5092349689075,2138.8434032437563,216023.18372761938,win,0.552599999999984,206023.18372761944
2026-04-14 06:50:00+00:00,2026-04-14 07:25:00+00:00,buy,76.84429999999999,76.6327,77.05589999999998,77.05589999999998,10209.035147808581,2160.231837276194,218183.41556489558,win,0.21159999999999002,208183.41556489564
2026-04-14 07:40:00+00:00,2026-04-14 08:30:00+00:00,buy,77.0563,76.85470000000001,77.25789999999998,76.85470000000001,10822.590057783329,-2181.834155648956,216001.58140924663,loss,-0.2015999999999849,206001.5814092467
2026-04-14 09:45:00+00:00,2026-04-14 09:55:00+00:00,buy,76.99629999999999,76.7587,77.23389999999998,77.23389999999998,9090.975648537842,2160.0158140924664,218161.5972233391,win,0.23759999999998627,208161.59722333917
2026-04-14 10:05:00+00:00,2026-04-14 16:35:00+00:00,buy,77.4833,76.7587,78.2079,78.2079,3010.7866025854337,2181.615972233391,220343.2131955725,win,0.7245999999999952,210343.21319557255
2026-04-14 16:55:00+00:00,2026-04-14 17:25:00+00:00,buy,78.3313,77.64370000000001,79.01889999999999,79.01889999999999,3204.526079051425,2203.432131955725,222546.6453275282,win,0.6875999999999891,212546.64532752827
2026-04-14 17:35:00+00:00,2026-04-15 04:10:00+00:00,buy,79.0633,78.3447,79.7819,79.7819,3096.94747185541,2225.466453275282,224772.1117808035,win,0.718599999999995,214772.11178080356
2026-04-15 04:20:00+00:00,2026-04-15 05:05:00+00:00,buy,80.0493,79.3347,80.7639,80.7639,3145.4255776770524,2247.721117808035,227019.83289861155,win,0.7146000000000043,217019.8328986116
2026-04-15 11:55:00+00:00,2026-04-15 12:05:00+00:00,buy,79.25529999999999,79.02770000000001,79.48289999999997,79.02770000000001,9974.509354069874,-2270.1983289861155,224749.63456962543,loss,-0.22759999999998115,214749.6345696255
2026-04-15 16:05:00+00:00,2026-04-15 16:10:00+00:00,buy,78.7413,78.5437,78.93889999999999,78.93889999999999,11373.969360811336,2247.496345696254,226997.13091532167,win,0.19759999999999422,216997.13091532173
2026-04-15 16:20:00+00:00,2026-04-15 17:00:00+00:00,buy,79.3493,78.5537,80.14489999999999,80.14489999999999,2853.156497176013,2269.9713091532167,229267.1022244749,win,0.7955999999999932,219267.10222447495
2026-04-15 17:10:00+00:00,2026-04-15 18:05:00+00:00,buy,80.14529999999999,79.4277,80.86289999999998,79.4277,3194.9150254247215,-2292.671022244749,226974.43120223013,loss,-0.7175999999999902,216974.4312022302
2026-04-15 22:10:00+00:00,2026-04-15 23:05:00+00:00,buy,79.3603,79.09870000000001,79.62189999999998,79.09870000000001,8676.392630055096,-2269.744312022302,224704.68689020784,loss,-0.2615999999999872,214704.6868902079
2026-04-16 02:05:00+00:00,2026-04-16 02:40:00+00:00,buy,79.3843,79.2427,79.5259,79.5259,15868.975062868141,2247.0468689020786,226951.73375910992,win,0.14159999999999684,216951.73375910998
2026-04-16 03:00:00+00:00,2026-04-16 03:05:00+00:00,buy,79.5363,79.3557,79.7169,79.7169,12566.541182675086,2269.5173375910995,229221.25109670102,win,0.18059999999999832,219221.25109670107
2026-04-16 03:15:00+00:00,2026-04-16 04:00:00+00:00,buy,79.88929999999999,79.45570000000001,80.32289999999998,80.32289999999998,5286.4679680975405,2292.21251096701,231513.46360766803,win,0.4335999999999842,221513.4636076681
2026-04-16 04:10:00+00:00,2026-04-16 04:40:00+00:00,buy,80.3843,79.9217,80.84689999999999,79.9217,5004.614431640091,-2315.13463607668,229198.32897159134,loss,-0.4625999999999948,219198.3289715914
2026-04-16 05:55:00+00:00,2026-04-16 06:30:00+00:00,buy,80.2543,79.92970000000001,80.57889999999999,80.57889999999999,7060.946671953134,2291.9832897159135,231490.31226130726,win,0.32459999999998956,221490.31226130732
2026-04-16 07:35:00+00:00,2026-04-16 08:30:00+00:00,buy,80.58529999999999,80.3947,80.77589999999998,80.77589999999998,12145.346918222474,2314.903122613073,233805.21538392032,win,0.19059999999998922,223805.21538392038
2026-04-16 13:50:00+00:00,2026-04-16 14:40:00+00:00,buy,79.64829999999999,79.47370000000001,79.82289999999998,79.47370000000001,13390.90580664043,-2338.052153839203,231467.16323008112,loss,-0.17459999999998388,221467.16323008118
2026-04-16 17:05:00+00:00,2026-04-17 12:30:00+00:00,sell,78.2487,79.7633,76.7341,79.7633,1528.2395565171062,-2314.6716323008113,229152.49159778032,loss,1.5146000000000015,219152.49159778038
2026-04-17 14:35:00+00:00,2026-04-17 14:45:00+00:00,buy,79.38029999999999,79.1387,79.62189999999998,79.62189999999998,9484.788559511122,2291.524915977803,231444.0165137581,win,0.24159999999999116,221444.01651375816
2026-04-17 15:00:00+00:00,2026-04-17 15:30:00+00:00,buy,79.6413,79.1747,80.1079,80.1079,4960.223242900948,2314.440165137581,233758.4566788957,win,0.4665999999999997,223758.45667889575
2026-04-17 15:40:00+00:00,2026-04-17 15:45:00+00:00,buy,80.1793,79.6907,80.66789999999999,80.66789999999999,4784.250034361441,2337.584566788957,236096.04124568464,win,0.48859999999999104,226096.0412456847
2026-04-17 15:55:00+00:00,2026-04-17 16:55:00+00:00,buy,81.1193,79.8737,82.36489999999999,82.36489999999999,1895.440279750204,2360.9604124568464,238457.0016581415,win,1.245599999999996,228457.00165814155
2026-04-17 17:05:00+00:00,2026-04-17 20:20:00+00:00,buy,82.4173,81.5477,83.28689999999999,81.5477,2742.1458332353254,-2384.570016581415,236072.43164156008,loss,-0.8695999999999913,226072.43164156014
2026-04-17 22:40:00+00:00,2026-04-17 23:05:00+00:00,buy,81.4553,81.0877,81.82289999999999,81.0877,6421.992155646428,-2360.7243164156007,233711.70732514447,loss,-0.36759999999999593,223711.70732514453
2026-04-20 08:10:00+00:00,2026-04-20 08:40:00+00:00,sell,79.64070000000001,79.9343,79.34710000000003,79.34710000000003,7960.208015162039,2337.1170732514447,236048.82439839593,win,-0.29359999999998365,226048.82439839598
2026-04-20 09:55:00+00:00,2026-04-20 10:00:00+00:00,sell,79.51870000000001,79.7693,79.26810000000002,79.7693,9419.346544230006,-2360.4882439839594,233688.33615441195,loss,0.2505999999999915,223688.336154412
2026-04-20 10:30:00+00:00,2026-04-20 16:05:00+00:00,sell,79.4847,80.0133,78.9561,80.0133,4420.891716882579,-2336.8833615441195,231351.45279286784,loss,0.5285999999999973,221351.4527928679
2026-04-20 17:05:00+00:00,2026-04-20 17:10:00+00:00,sell,80.11970000000001,80.41929999999999,79.82010000000002,79.82010000000002,7722.011107906552,2313.5145279286785,233664.9673207965,win,-0.2995999999999839,223664.96732079657
2026-04-20 17:50:00+00:00,2026-04-21 04:50:00+00:00,sell,79.7727,80.3763,79.1691,79.1691,3871.1889880847652,2336.649673207965,236001.61699400446,win,-0.6036000000000001,226001.61699400452
2026-04-21 05:30:00+00:00,2026-04-21 06:20:00+00:00,sell,79.1657,79.7273,78.6041,78.6041,4202.307994907498,2360.0161699400446,238361.6331639445,win,-0.5615999999999985,228361.63316394456
2026-04-21 07:45:00+00:00,2026-04-21 08:00:00+00:00,sell,78.85770000000001,78.9953,78.72010000000002,78.9953,17322.793107845817,-2383.616331639445,235978.01683230506,loss,0.13759999999999195,225978.01683230512
2026-04-21 09:00:00+00:00,2026-04-21 09:45:00+00:00,sell,78.81070000000001,79.0243,78.59710000000003,79.0243,11047.659964059982,-2359.7801683230505,233618.236663982,loss,0.21359999999998536,223618.23666398207
2026-04-21 10:00:00+00:00,2026-04-21 10:40:00+00:00,sell,78.67070000000001,79.0563,78.28510000000003,79.0563,6058.564228837984,-2336.18236663982,231282.0542973422,loss,0.3855999999999824,221282.05429734226
2026-04-21 11:05:00+00:00,2026-04-21 11:10:00+00:00,sell,78.8867,79.11829999999999,78.65510000000002,78.65510000000002,9986.271774497243,2312.820542973422,233594.8748403156,win,-0.23159999999998604,223594.87484031566
2026-04-21 13:30:00+00:00,2026-04-21 13:55:00+00:00,sell,78.8807,79.02029999999999,78.74110000000002,79.02029999999999,16733.157223519833,-2335.948748403156,231258.92609191244,loss,0.1395999999999873,221258.9260919125
2026-04-21 14:05:00+00:00,2026-04-21 14:10:00+00:00,sell,78.91470000000001,79.04129999999999,78.78810000000003,78.78810000000003,18266.897795572295,2312.5892609191246,233571.51535283157,win,-0.12659999999998206,223571.51535283163
2026-04-21 15:25:00+00:00,2026-04-21 15:40:00+00:00,sell,78.8147,79.2353,78.39410000000001,78.39410000000001,5553.293279905738,2335.7151535283156,235907.2305063599,win,-0.4205999999999932,225907.23050635995
2026-04-21 16:05:00+00:00,2026-04-21 16:40:00+00:00,sell,78.3617,78.9593,77.7641,78.9593,3947.5774850461835,-2359.072305063599,233548.1582012963,loss,0.5975999999999999,223548.15820129635
2026-04-21 17:30:00+00:00,2026-04-21 17:45:00+00:00,sell,78.2707,79.02929999999999,77.51210000000002,77.51210000000002,3078.67332192592,2335.481582012963,235883.63978330925,win,-0.7585999999999871,225883.6397833093
2026-04-21 17:55:00+00:00,2026-04-21 22:40:00+00:00,sell,77.0057,78.5133,75.49810000000001,75.49810000000001,1564.6301391835354,2358.8363978330926,238242.47618114235,win,-1.5075999999999965,228242.4761811424
2026-04-21 23:05:00+00:00,2026-04-22 01:00:00+00:00,sell,75.4667,77.0933,73.8401,77.0933,1464.6654136305356,-2382.4247618114237,235860.05141933094,loss,1.6265999999999963,225860.051419331
2026-04-22 19:30:00+00:00,2026-04-22 20:10:00+00:00,sell,77.68270000000001,77.94529999999999,77.42010000000003,77.94529999999999,8981.72320713446,-2358.600514193309,233501.45090513764,loss,0.26259999999997774,223501.4509051377
2026-04-22 21:25:00+00:00,2026-04-22 21:45:00+00:00,sell,77.7437,77.9243,77.5631,77.9243,12929.205476475074,-2335.0145090513765,231166.43639608627,loss,0.18059999999999832,221166.43639608633
2026-04-22 22:10:00+00:00,2026-04-23 02:35:00+00:00,sell,77.6837,77.97829999999999,77.38910000000001,77.38910000000001,7846.790101700453,2311.664363960863,233478.10076004712,win,-0.2945999999999884,223478.10076004718
2026-04-23 03:00:00+00:00,2026-04-23 03:05:00+00:00,sell,77.3887,77.57029999999999,77.20710000000001,77.20710000000001,12856.723610135541,2334.781007600471,235812.8817676476,win,-0.18159999999998888,225812.88176764766
2026-04-23 04:10:00+00:00,2026-04-23 04:25:00+00:00,sell,77.8987,78.3543,77.44310000000002,77.44310000000002,5175.8753680345235,2358.128817676476,238171.01058532408,win,-0.4555999999999898,228171.01058532414
2026-04-23 04:50:00+00:00,2026-04-23 05:10:00+00:00,sell,77.4347,78.2203,76.64910000000002,76.64910000000002,3031.7083832144563,2381.7101058532407,240552.72069117732,win,-0.7855999999999881,230552.72069117738
2026-04-23 05:35:00+00:00,2026-04-23 08:30:00+00:00,sell,76.5947,77.5923,75.59710000000001,75.59710000000001,2411.314361379104,2405.527206911773,242958.2478980891,win,-0.9975999999999914,232958.24789808915
2026-04-23 10:30:00+00:00,2026-04-23 10:45:00+00:00,sell,75.8027,76.1413,75.4641,76.1413,7175.376488425558,-2429.5824789808908,240528.6654191082,loss,0.33859999999999957,230528.66541910826
2026-04-23 11:40:00+00:00,2026-04-23 12:05:00+00:00,sell,75.7407,76.35329999999999,75.12810000000002,75.12810000000002,3926.3575811151422,2405.286654191082,242933.9520732993,win,-0.6125999999999863,232933.95207329936
2026-04-23 13:10:00+00:00,2026-04-23 13:20:00+00:00,sell,75.0797,75.71929999999999,74.44010000000002,74.44010000000002,3798.2168866995644,2429.339520732993,245363.2915940323,win,-0.6395999999999873,235363.29159403234
2026-04-23 13:30:00+00:00,2026-04-23 14:50:00+00:00,sell,74.3647,75.43929999999999,73.29010000000001,75.43929999999999,2283.2988236928595,-2453.632915940323,242909.65867809198,loss,1.0745999999999896,232909.65867809203
2026-04-23 16:05:00+00:00,2026-04-23 16:15:00+00:00,sell,76.5877,76.9703,76.2051,76.2051,6348.919463619818,2429.09658678092,245338.7552648729,win,-0.3825999999999965,235338.75526487295
2026-04-23 16:25:00+00:00,2026-04-23 20:35:00+00:00,sell,76.1027,76.9303,75.2751,75.2751,2964.460551774671,2453.387552648729,247792.1428175216,win,-0.8276000000000039,237792.14281752167
2026-04-23 20:45:00+00:00,2026-04-23 21:00:00+00:00,sell,75.2007,75.78229999999999,74.6191,75.78229999999999,4260.525151608045,-2477.921428175216,245314.2213893464,loss,0.5815999999999946,235314.22138934647
2026-04-23 22:35:00+00:00,2026-04-24 03:30:00+00:00,sell,75.4197,75.8883,74.95110000000001,75.8883,5235.045270792766,-2453.142213893464,242861.07917545293,loss,0.468599999999995,232861.079175453
2026-04-24 04:00:00+00:00,2026-04-24 05:45:00+00:00,sell,75.42670000000001,75.9153,74.93810000000002,74.93810000000002,4970.55012639086,2428.6107917545296,245289.68996720747,win,-0.48859999999999104,235289.68996720752
2026-04-24 05:55:00+00:00,2026-04-24 09:25:00+00:00,sell,74.9257,75.4003,74.45110000000001,74.45110000000001,5168.345764163715,2452.8968996720746,247742.58686687954,win,-0.47459999999999525,237742.5868668796
2026-04-24 09:35:00+00:00,2026-04-24 14:00:00+00:00,sell,74.3827,75.1113,73.6541,75.1113,3400.2551038550573,-2477.4258686687954,245265.16099821075,loss,0.7286000000000001,235265.1609982108
2026-04-24 20:00:00+00:00,2026-04-24 23:50:00+00:00,buy,76.5253,75.63770000000001,77.4129,75.63770000000001,2763.2397588802723,-2452.6516099821074,242812.50938822865,loss,-0.887599999999992,232812.5093882287
2026-04-27 02:20:00+00:00,2026-04-27 02:30:00+00:00,sell,74.99770000000001,75.1553,74.84010000000002,74.84010000000002,15406.88511346746,2428.1250938822864,245240.63448211094,win,-0.15759999999998797,235240.634482111
2026-04-27 02:40:00+00:00,2026-04-27 03:25:00+00:00,sell,74.8067,75.09729999999999,74.51610000000002,75.09729999999999,8439.113368276836,-2452.4063448211095,242788.2281372898,loss,0.29059999999998354,232788.22813728987
2026-04-27 05:45:00+00:00,2026-04-27 05:55:00+00:00,buy,75.6593,75.17970000000001,76.13889999999999,76.13889999999999,5062.306675089543,2427.882281372898,245216.11041866272,win,0.4795999999999907,235216.11041866278
2026-04-27 06:30:00+00:00,2026-04-27 15:40:00+00:00,buy,76.1703,75.3917,76.9489,75.3917,3149.449144858253,-2452.161104186627,242763.9493144761,loss,-0.7785999999999973,232763.94931447617
2026-04-27 16:05:00+00:00,2026-04-28 01:30:00+00:00,sell,75.1897,75.90429999999999,74.47510000000001,75.90429999999999,3397.2005221729564,-2427.639493144761,240336.30982133135,loss,0.7145999999999901,230336.3098213314
2026-04-28 03:05:00+00:00,2026-04-28 03:10:00+00:00,buy,75.9703,75.9227,76.01789999999998,76.01789999999998,50490.82139104816,2403.3630982133136,242739.67291954465,win,0.04759999999998854,232739.6729195447
2026-04-28 04:25:00+00:00,2026-04-28 04:45:00+00:00,sell,75.53370000000001,75.8843,75.18310000000002,75.18310000000002,6923.550282930817,2427.3967291954464,245167.0696487401,win,-0.3505999999999858,235167.06964874014
2026-04-28 04:55:00+00:00,2026-04-28 05:00:00+00:00,sell,75.1637,75.5653,74.76210000000002,74.76210000000002,6104.757710377181,2451.670696487401,247618.74034522747,win,-0.40159999999998774,237618.74034522753
2026-04-28 05:45:00+00:00,2026-04-28 08:40:00+00:00,sell,74.3217,75.38329999999999,73.26010000000002,73.26010000000002,2332.5050899136318,2476.187403452275,250094.92774867974,win,-1.0615999999999843,240094.9277486798
2026-04-28 09:20:00+00:00,2026-04-28 14:40:00+00:00,sell,73.14070000000001,74.25829999999999,72.02310000000003,72.02310000000003,2237.7856813590174,2500.9492774867967,252595.87702616653,win,-1.1175999999999817,242595.8770261666
2026-04-28 16:05:00+00:00,2026-04-29 03:00:00+00:00,sell,72.8227,73.66329999999999,71.9821,73.66329999999999,3004.947383133096,-2525.9587702616654,250069.91825590486,loss,0.8405999999999949,240069.91825590492
2026-04-29 04:00:00+00:00,2026-04-29 05:05:00+00:00,sell,73.0717,73.70129999999999,72.44210000000002,73.70129999999999,3971.8856139757295,-2500.6991825590485,247569.21907334583,loss,0.6295999999999822,237569.21907334588
2026-04-29 10:10:00+00:00,2026-04-29 10:45:00+00:00,sell,73.3117,73.64529999999999,72.97810000000001,72.97810000000001,7421.139660472221,2475.692190733458,250044.91126407927,win,-0.3335999999999899,240044.91126407933
2026-04-29 10:55:00+00:00,2026-04-29 11:30:00+00:00,sell,72.95270000000001,73.3303,72.57510000000002,72.57510000000002,6621.952099154873,2500.449112640793,252545.36037672005,win,-0.37759999999998684,242545.3603767201
2026-04-29 12:45:00+00:00,2026-04-29 13:30:00+00:00,sell,72.6867,72.9493,72.42410000000001,72.9493,9617.111971695651,-2525.4536037672005,250019.90677295285,loss,0.26259999999999195,240019.9067729529
2026-04-29 14:00:00+00:00,2026-04-29 15:30:00+00:00,sell,72.72970000000001,73.0633,72.39610000000002,72.39610000000002,7494.601521971235,2500.1990677295285,252520.10584068237,win,-0.3335999999999899,242520.10584068243
2026-04-29 15:45:00+00:00,2026-04-29 16:20:00+00:00,sell,72.3257,72.7593,71.8921,71.8921,5823.803178982548,2525.201058406824,255045.3068990892,win,-0.43359999999999843,245045.30689908925
2026-04-29 16:30:00+00:00,2026-04-29 21:10:00+00:00,sell,71.6967,72.4253,70.96810000000002,70.96810000000002,3500.4845854940177,2550.453068990892,257595.7599680801,win,-0.7285999999999859,247595.75996808015
2026-04-29 21:40:00+00:00,2026-04-29 22:00:00+00:00,sell,70.95570000000001,71.58229999999999,70.32910000000003,71.58229999999999,4111.007979062999,-2575.957599680801,255019.80236839928,loss,0.6265999999999821,245019.80236839934
2026-04-29 23:15:00+00:00,2026-04-29 23:20:00+00:00,sell,71.50370000000001,71.7243,71.28310000000002,71.28310000000002,11560.281159039456,2550.1980236839927,257570.00039208328,win,-0.22059999999999036,247570.00039208334
2026-04-30 01:00:00+00:00,2026-04-30 02:35:00+00:00,sell,71.2137,71.7243,70.7031,71.7243,5044.457508658147,-2575.700003920833,254994.30038816246,loss,0.5105999999999966,244994.30038816252
2026-04-30 06:30:00+00:00,2026-04-30 07:55:00+00:00,sell,72.12270000000001,72.5563,71.68910000000002,71.68910000000002,5880.864861350824,2549.9430038816245,257544.2433920441,win,-0.4335999999999842,247544.24339204415
2026-04-30 11:05:00+00:00,2026-04-30 14:05:00+00:00,buy,73.26429999999999,72.7377,73.79089999999998,73.79089999999998,4890.699646639767,2575.442433920441,260119.68582596452,win,0.5265999999999877,250119.68582596458
2026-04-30 14:20:00+00:00,2026-04-30 14:40:00+00:00,buy,73.79729999999999,73.5017,74.09289999999999,73.5017,8799.718735655293,-2601.1968582596446,257518.48896770488,loss,-0.2955999999999932,247518.48896770494
2026-04-30 18:10:00+00:00,2026-04-30 21:00:00+00:00,buy,73.3123,72.8037,73.82089999999998,73.82089999999998,5063.2813403010505,2575.184889677049,260093.67385738192,win,0.5085999999999871,250093.67385738197
2026-04-30 23:50:00+00:00,2026-05-01 01:00:00+00:00,buy,73.71029999999999,73.5727,73.84789999999998,73.5727,18902.156530334094,-2600.936738573819,257492.7371188081,loss,-0.13759999999999195,247492.73711880815
2026-05-01 02:25:00+00:00,2026-05-01 02:30:00+00:00,buy,74.1803,74.06070000000001,74.2999,74.2999,21529.493070136028,2574.927371188081,260067.66448999615,win,0.11959999999999127,250067.6644899962
2026-05-01 02:40:00+00:00,2026-05-01 04:00:00+00:00,buy,74.3603,74.0707,74.64989999999999,74.0707,8980.23703349456,-2600.6766448999615,257466.98784509618,loss,-0.289599999999993,247466.98784509624
2026-05-01 05:15:00+00:00,2026-05-01 05:20:00+00:00,buy,74.27329999999999,74.0977,74.44889999999998,74.44889999999998,14662.129148354943,2574.6698784509617,260041.65772354713,win,0.17559999999998865,250041.6577235472
2026-05-01 06:35:00+00:00,2026-05-01 07:25:00+00:00,buy,74.3703,74.08670000000001,74.6539,74.08670000000001,9169.310921140825,-2600.4165772354713,257441.24114631166,loss,-0.28359999999999275,247441.24114631172
2026-05-01 15:05:00+00:00,2026-05-01 15:10:00+00:00,buy,73.7053,73.4367,73.97389999999999,73.97389999999999,9584.55849390615,2574.4124114631168,260015.65355777479,win,0.2685999999999922,250015.65355777484
2026-05-01 15:20:00+00:00,2026-05-01 15:25:00+00:00,buy,74.1773,73.4967,74.8579,74.8579,3820.3886799555603,2600.156535577748,262615.8100933525,win,0.6805999999999983,252615.8100933526
2026-05-01 16:40:00+00:00,2026-05-01 16:50:00+00:00,buy,75.2063,74.4927,75.9199,75.9199,3680.154289424785,2626.158100933525,265241.96819428605,win,0.7135999999999996,255241.96819428614
2026-05-01 17:00:00+00:00,2026-05-04 10:40:00+00:00,buy,76.1653,74.5977,77.7329,74.5977,1692.0258241533954,-2652.4196819428607,262589.5485123432,loss,-1.5675999999999988,252589.5485123433
2026-05-04 13:05:00+00:00,2026-05-04 13:10:00+00:00,sell,74.2727,74.5583,73.9871,73.9871,9194.31192270102,2625.895485123432,265215.44399746665,win,-0.2856000000000023,255215.44399746673
2026-05-04 13:20:00+00:00,2026-05-04 17:20:00+00:00,sell,72.64670000000001,74.5583,70.73510000000002,74.5583,1387.400313859948,-2652.1544399746667,262563.28955749195,loss,1.9115999999999929,252563.28955749207
2026-05-04 18:15:00+00:00,2026-05-04 21:25:00+00:00,sell,73.59870000000001,74.65129999999999,72.54610000000002,72.54610000000002,2494.426083578719,2625.6328955749195,265188.92245306686,win,-1.052599999999984,255188.92245306697
2026-05-04 23:00:00+00:00,2026-05-05 01:00:00+00:00,sell,72.7487,73.0153,72.4821,72.4821,9947.071359830083,2651.889224530669,267840.8116775975,win,-0.26659999999999684,257840.81167759764
2026-05-05 03:20:00+00:00,2026-05-05 04:00:00+00:00,sell,72.5347,72.85329999999999,72.21610000000001,72.85329999999999,8406.805137401334,-2678.4081167759755,265162.40356082155,loss,0.31859999999998934,255162.40356082167
2026-05-05 06:20:00+00:00,2026-05-05 06:25:00+00:00,sell,73.0147,73.1623,72.86710000000001,72.86710000000001,17964.932490570925,2651.6240356082158,267814.02759642975,win,-0.14759999999999707,257814.0275964299
2026-05-05 06:50:00+00:00,2026-05-05 08:30:00+00:00,sell,72.76570000000001,73.1623,72.36910000000002,73.1623,6752.749056894477,-2678.1402759642974,265135.88732046547,loss,0.3965999999999923,255135.88732046558
2026-05-05 09:20:00+00:00,2026-05-05 09:50:00+00:00,sell,72.8137,73.24329999999999,72.3841,73.24329999999999,6171.69197673346,-2651.3588732046546,262484.5284472608,loss,0.42959999999999354,252484.52844726093
2026-05-05 17:05:00+00:00,2026-05-05 17:15:00+00:00,buy,73.72229999999999,73.3857,74.05889999999998,73.3857,7798.114332955098,-2624.845284472608,259859.6831627882,loss,-0.33659999999999,249859.68316278834
2026-05-05 17:25:00+00:00,2026-05-05 19:15:00+00:00,buy,73.94529999999999,73.2337,74.65689999999998,73.2337,3651.7662052106775,-2598.596831627882,257261.0863311603,loss,-0.71159999999999,247261.08633116045
2026-05-05 21:50:00+00:00,2026-05-05 22:00:00+00:00,sell,73.03970000000001,73.2033,72.87610000000002,72.87610000000002,15725.005276966924,2572.610863311603,259833.6971944719,win,-0.1635999999999882,249833.69719447204
2026-05-05 22:10:00+00:00,2026-05-06 01:00:00+00:00,sell,72.8407,73.2083,72.4731,72.4731,7068.381316498226,2598.336971944719,262432.0341664166,win,-0.36759999999999593,252432.03416641676
2026-05-06 03:20:00+00:00,2026-05-06 03:55:00+00:00,buy,73.9803,73.7277,74.2329,74.2329,10389.233339921439,2624.3203416641663,265056.3545080808,win,0.25260000000000105,255056.35450808093
2026-05-06 04:05:00+00:00,2026-05-06 04:45:00+00:00,buy,74.47829999999999,73.9247,75.03189999999998,75.03189999999998,4787.867675362829,2650.563545080808,267706.91805316164,win,0.5535999999999888,257706.91805316173
2026-05-06 05:45:00+00:00,2026-05-06 06:00:00+00:00,buy,75.0653,74.75370000000001,75.37689999999998,75.37689999999998,8591.364507483155,2677.0691805316164,270383.98723369325,win,0.31159999999998433,260383.98723369336
2026-05-06 06:10:00+00:00,2026-05-06 10:55:00+00:00,buy,75.5493,74.84570000000001,76.2529,76.2529,3842.8650829121,2703.8398723369323,273087.8271060302,win,0.7035999999999945,263087.8271060303
2026-05-06 11:50:00+00:00,2026-05-06 11:55:00+00:00,buy,76.3113,75.7977,76.8249,76.8249,5317.130590070715,2730.878271060302,275818.7053770905,win,0.5135999999999967,265818.7053770906
2026-05-06 12:55:00+00:00,2026-05-06 15:15:00+00:00,buy,77.1523,75.95570000000001,78.34889999999999,75.95570000000001,2305.020101764106,-2758.187053770905,273060.51832331956,loss,-1.1965999999999894,263060.5183233197
2026-05-06 16:00:00+00:00,2026-05-07 09:30:00+00:00,buy,77.2023,75.70870000000001,78.69589999999998,78.69589999999998,1828.2037916665909,2730.6051832331955,275791.1235065528,win,1.4935999999999865,265791.1235065529
2026-05-07 09:40:00+00:00,2026-05-07 10:15:00+00:00,buy,78.7243,77.9907,79.4579,79.4579,3759.420985640055,2757.9112350655278,278549.0347416183,win,0.7335999999999956,268549.03474161844
2026-05-07 10:40:00+00:00,2026-05-07 13:00:00+00:00,buy,79.5223,78.6887,80.3559,80.3559,3341.519130777555,2785.4903474161833,281334.5250890345,win,0.8336000000000041,271334.52508903464
2026-05-07 13:10:00+00:00,2026-05-07 14:25:00+00:00,buy,80.39529999999999,80.0627,80.72789999999998,80.72789999999998,8458.644771167983,2813.345250890345,284147.8703399249,win,0.33259999999998513,274147.870339925
2026-05-07 14:35:00+00:00,2026-05-07 15:10:00+00:00,buy,80.7623,80.27470000000001,81.24989999999998,81.24989999999998,5827.478883099526,2841.478703399249,286989.3490433241,win,0.48759999999998627,276989.34904332424
2026-05-07 15:20:00+00:00,2026-05-07 17:45:00+00:00,buy,81.3763,80.7727,81.9799,81.9799,4754.62804909417,2869.893490433242,289859.24253375735,win,0.6036000000000001,279859.24253375747
2026-05-07 17:55:00+00:00,2026-05-07 18:10:00+00:00,buy,82.01129999999999,81.6397,82.38289999999998,81.6397,7800.302543965765,-2898.592425337574,286960.65010841977,loss,-0.3715999999999866,276960.6501084199
2026-05-08 06:10:00+00:00,2026-05-08 07:40:00+00:00,buy,79.82629999999999,79.3347,80.31789999999998,79.3347,5837.279294312956,-2869.6065010841976,284091.0436073356,loss,-0.49159999999999116,274091.0436073357
2026-05-08 08:20:00+00:00,2026-05-08 08:55:00+00:00,buy,79.83529999999999,79.28670000000001,80.38389999999997,80.38389999999997,5178.473270276092,2840.910436073356,286931.954043409,win,0.5485999999999791,276931.9540434091
2026-05-08 09:05:00+00:00,2026-05-08 10:10:00+00:00,buy,80.4973,80.0557,80.93889999999999,80.0557,6497.5533071425025,-2869.31954043409,284062.63450297486,loss,-0.441599999999994,274062.634502975
2026-05-08 11:25:00+00:00,2026-05-08 12:20:00+00:00,buy,80.0873,79.72070000000001,80.45389999999999,80.45389999999999,7748.571590370479,2840.626345029749,286903.2608480046,win,0.36659999999999116,276903.2608480047
2026-05-08 12:30:00+00:00,2026-05-08 12:50:00+00:00,buy,80.4613,80.0327,80.88989999999998,80.0327,6693.963155576578,-2869.0326084800463,284034.2282395246,loss,-0.42859999999998877,274034.2282395247
2026-05-08 13:20:00+00:00,2026-05-08 15:30:00+00:00,buy,80.4703,80.0107,80.92989999999999,80.92989999999999,6180.031075707743,2840.342282395246,286874.5705219198,win,0.4595999999999947,276874.57052191993
2026-05-08 15:40:00+00:00,2026-05-08 18:10:00+00:00,buy,81.1413,80.33070000000001,81.9519,80.33070000000001,3539.039853465606,-2868.745705219198,284005.8248167006,loss,-0.8105999999999938,274005.8248167007
