entry_time,exit_time,side,entry,sl,tp,exit,qty,pnl,balance_after,result,exit_minus_entry,cumulative_pnl
2025-01-24 16:40:00+00:00,2025-01-24 16:45:00+00:00,sell,408.7257,408.9353,408.51610000000005,408.51610000000005,477.0992366412982,100.0,10100.0,win,-0.20959999999996626,100.0
2025-01-24 16:55:00+00:00,2025-01-24 19:00:00+00:00,sell,408.34770000000003,409.1903,407.5051000000001,407.5051000000001,119.86707809162863,101.0,10201.0,win,-0.8425999999999476,201.0
2025-01-24 20:15:00+00:00,2025-01-24 20:25:00+00:00,sell,407.5317,407.64529999999996,407.41810000000004,407.64529999999996,897.9753521129716,-102.01,10098.99,loss,0.11359999999996262,98.99
2025-01-24 21:40:00+00:00,2025-01-24 21:45:00+00:00,sell,407.5427,407.5823,407.5031000000001,407.5031000000001,2550.2500000031982,100.9899,10199.9799,win,-0.03959999999995034,199.9799
2025-01-24 21:55:00+00:00,2025-01-24 22:25:00+00:00,sell,407.3797,407.5743,407.18510000000003,407.5743,524.1510739979987,-101.999799,10097.980101000001,loss,0.1945999999999799,97.98010099999999
2025-01-24 23:40:00+00:00,2025-01-24 23:45:00+00:00,sell,407.40270000000004,407.5053,407.3001000000001,407.5053,984.2085868426952,-100.97980101000002,9997.00029999,loss,0.10259999999993852,-2.9997000100000264
2025-01-27 00:00:00+00:00,2025-01-27 00:20:00+00:00,sell,407.16970000000003,407.52529999999996,406.8141000000001,407.52529999999996,281.13049212576277,-99.97000299989999,9897.0302969901,loss,0.3555999999999244,-102.96970300990002
2025-01-27 01:40:00+00:00,2025-01-27 02:50:00+00:00,sell,407.3707,407.6853,407.0561,407.6853,314.59091853116945,-98.97030296990101,9798.0599940202,loss,0.31459999999998445,-201.94000597980101
2025-01-27 09:10:00+00:00,2025-01-27 09:20:00+00:00,buy,408.28229999999996,407.6007,408.9638999999999,408.9638999999999,143.75088019396966,97.980599940202,9896.0405939604,win,0.6815999999999462,-103.95940603959902
2025-01-27 09:45:00+00:00,2025-01-27 23:55:00+00:00,buy,409.14529999999996,407.6547,410.63589999999994,407.6547,66.38964573970607,-98.96040593960402,9797.080188020796,loss,-1.4905999999999722,-202.91981197920302
2025-01-28 00:05:00+00:00,2025-01-28 01:05:00+00:00,sell,407.6147,408.2453,406.98410000000007,408.2453,155.3612462420146,-97.97080188020796,9699.109386140588,loss,0.6305999999999585,-300.89061385941096
2025-01-28 03:00:00+00:00,2025-01-28 04:05:00+00:00,sell,407.73470000000003,408.7353,406.73410000000007,408.7353,96.9329341009489,-96.99109386140589,9602.118292279181,loss,1.000599999999963,-397.88170772081685
2025-01-28 04:40:00+00:00,2025-01-28 05:05:00+00:00,buy,408.77529999999996,408.5547,408.9958999999999,408.9958999999999,435.2728147000034,96.02118292279181,9698.139475201973,win,0.22059999999993352,-301.86052479802504
2025-01-28 06:45:00+00:00,2025-01-28 08:05:00+00:00,buy,409.08529999999996,408.9047,409.26589999999993,408.9047,536.9955412626573,-96.98139475201974,9601.158080449954,loss,-0.1805999999999699,-398.8419195500448
2025-01-28 09:20:00+00:00,2025-01-28 10:35:00+00:00,buy,409.0053,408.6147,409.3958999999999,408.6147,245.8053784037685,-96.01158080449954,9505.146499645454,loss,-0.39059999999994943,-494.85350035454434
2025-01-28 11:55:00+00:00,2025-01-28 14:50:00+00:00,buy,408.7933,408.03470000000004,409.55189999999993,408.03470000000004,125.29853018252241,-95.05146499645454,9410.095034648999,loss,-0.7585999999999444,-589.9049653509989
2025-01-28 15:10:00+00:00,2025-01-29 10:05:00+00:00,sell,407.8147,408.6353,406.99410000000006,406.99410000000006,114.6733491914392,94.10095034649,9504.19598499549,win,-0.8205999999999563,-495.80401500450887
2025-01-29 15:35:00+00:00,2025-01-29 15:50:00+00:00,buy,408.0583,407.9397,408.17689999999993,408.17689999999993,801.365597386075,95.04195984995489,9599.237944845445,win,0.11859999999995807,-400.762055154554
2025-01-29 17:20:00+00:00,2025-01-29 18:00:00+00:00,buy,408.1053,407.9347,408.2759,407.9347,562.6751433087121,-95.99237944845446,9503.24556539699,loss,-0.170599999999979,-496.75443460300846
2025-01-29 22:05:00+00:00,2025-01-30 01:20:00+00:00,buy,407.9253,407.4017,408.4489,408.4489,181.49819643615766,95.0324556539699,9598.278021050959,win,0.5235999999999876,-401.72197894903854
2025-01-30 03:00:00+00:00,2025-01-30 03:05:00+00:00,buy,408.2113,408.1307,408.2919,408.1307,1190.853352487653,-95.98278021050959,9502.295240840449,loss,-0.080600000000004,-497.70475915954813
2025-01-30 06:30:00+00:00,2025-01-30 07:55:00+00:00,buy,407.95529999999997,407.7937,408.11689999999993,408.11689999999993,588.0133193590681,95.02295240840449,9597.318193248853,win,0.16159999999996444,-402.68180675114365
2025-01-30 08:25:00+00:00,2025-01-30 08:30:00+00:00,buy,408.1253,407.9167,408.33389999999997,407.9167,460.0823678451255,-95.97318193248853,9501.345011316365,loss,-0.2085999999999899,-498.65498868363215
2025-01-30 08:40:00+00:00,2025-01-30 09:50:00+00:00,buy,408.1953,407.8417,408.54889999999995,407.8417,268.70319602141194,-95.01345011316366,9406.331561203202,loss,-0.3535999999999717,-593.6684387967958
2025-01-30 10:05:00+00:00,2025-01-30 17:15:00+00:00,sell,407.0147,408.2523,405.7771,405.7771,76.00461830319415,94.06331561203204,9500.394876815233,win,-1.2375999999999863,-499.6051231847638
2025-01-30 18:30:00+00:00,2025-01-30 18:45:00+00:00,sell,406.4977,406.6653,406.3301,406.6653,566.8493363255146,-95.00394876815233,9405.390928047082,loss,0.1675999999999931,-594.6090719529161
2025-01-30 20:10:00+00:00,2025-01-30 20:15:00+00:00,sell,406.8947,407.0653,406.7241,407.0653,551.3124811282673,-94.05390928047082,9311.337018766611,loss,0.170599999999979,-688.662981233387
2025-01-30 21:05:00+00:00,2025-01-30 22:35:00+00:00,sell,406.8847,407.1053,406.6641,407.1053,422.09143330766176,-93.11337018766612,9218.223648578945,loss,0.22059999999999036,-781.776351421053
2025-01-30 23:50:00+00:00,2025-01-31 00:50:00+00:00,sell,406.97470000000004,407.4753,406.4741000000001,406.4741000000001,184.1435007706677,92.18223648578946,9310.405885064734,win,-0.5005999999999631,-689.5941149352636
2025-01-31 01:35:00+00:00,2025-01-31 01:50:00+00:00,sell,406.2507,406.8553,405.6461,406.8553,153.99281979928315,-93.10405885064735,9217.301826214087,loss,0.6046000000000049,-782.698173785911
2025-01-31 05:25:00+00:00,2025-01-31 08:30:00+00:00,buy,408.14529999999996,407.98470000000003,408.3058999999999,408.3058999999999,573.9291299014965,92.17301826214087,9309.474844476228,win,0.16059999999993124,-690.5251555237701
2025-01-31 09:50:00+00:00,2025-01-31 10:35:00+00:00,buy,407.8853,407.4547,408.31589999999994,407.4547,216.19774371753087,-93.09474844476229,9216.380096031466,loss,-0.4305999999999699,-783.6199039685324
2025-01-31 11:30:00+00:00,2025-01-31 12:20:00+00:00,buy,407.8453,407.41470000000004,408.2759,408.2759,214.03576628035555,92.16380096031466,9308.54389699178,win,0.4305999999999699,-691.4561030082177
2025-01-31 12:30:00+00:00,2025-01-31 13:30:00+00:00,buy,408.39529999999996,407.79470000000003,408.9958999999999,408.9958999999999,154.98741087234234,93.0854389699178,9401.629335961698,win,0.600599999999929,-598.3706640382999
2025-01-31 19:10:00+00:00,2025-01-31 19:15:00+00:00,sell,407.3147,407.4253,407.20410000000004,407.4253,850.0569019858659,-94.01629335961698,9307.61304260208,loss,0.11059999999997672,-692.3869573979168
2025-01-31 19:30:00+00:00,2025-01-31 20:30:00+00:00,sell,407.28470000000004,407.6253,406.9441000000001,407.6253,273.2710816971161,-93.07613042602081,9214.53691217606,loss,0.34059999999993806,-785.4630878239376
2025-02-03 00:05:00+00:00,2025-02-03 00:10:00+00:00,buy,407.89029999999997,407.53470000000004,408.2458999999999,408.2458999999999,259.12645984752584,92.14536912176061,9306.68228129782,win,0.3555999999999244,-693.317718702177
2025-02-03 01:00:00+00:00,2025-02-03 10:00:00+00:00,buy,408.41929999999996,407.53470000000004,409.3038999999999,409.3038999999999,105.20780331560766,93.0668228129782,9399.749104110799,win,0.8845999999999208,-600.2508958891988
2025-02-03 11:15:00+00:00,2025-02-03 11:30:00+00:00,buy,409.23629999999997,408.97470000000004,409.4978999999999,408.97470000000004,359.31762630402534,-93.99749104110799,9305.751613069691,loss,-0.26159999999993033,-694.2483869303068
2025-02-03 13:00:00+00:00,2025-02-03 13:50:00+00:00,buy,409.08529999999996,408.7357,409.4348999999999,408.7357,266.1828264608396,-93.0575161306969,9212.694096938994,loss,-0.3495999999999526,-787.3059030610036
2025-02-03 15:30:00+00:00,2025-02-03 16:00:00+00:00,buy,408.8653,408.5547,409.17589999999996,409.17589999999996,296.60959745460474,92.12694096938995,9304.821037908385,win,0.31059999999996535,-695.1789620916137
2025-02-03 16:10:00+00:00,2025-02-03 16:55:00+00:00,buy,409.20529999999997,408.85470000000004,409.5558999999999,408.85470000000004,265.39706326041846,-93.04821037908386,9211.772827529301,loss,-0.35059999999992897,-788.2271724706975
2025-02-03 18:05:00+00:00,2025-02-03 18:50:00+00:00,buy,408.51829999999995,408.28970000000004,408.74689999999987,408.74689999999987,402.9646906182298,92.11772827529302,9303.890555804594,win,0.22859999999991487,-696.1094441954044
2025-02-04 02:05:00+00:00,2025-02-04 02:10:00+00:00,sell,408.1967,408.46529999999996,407.9281000000001,408.46529999999996,346.3846074388248,-93.03890555804594,9210.851650246548,loss,0.26859999999993533,-789.1483497534504
2025-02-04 02:55:00+00:00,2025-02-04 09:10:00+00:00,sell,408.1727,408.5713,407.77410000000003,407.77410000000003,231.0800715064434,92.10851650246548,9302.960166749013,win,-0.39859999999998763,-697.0398332509849
2025-02-04 09:45:00+00:00,2025-02-04 14:20:00+00:00,sell,407.7627,408.3853,407.1401,407.1401,149.42113984499446,93.02960166749014,9395.989768416503,win,-0.6225999999999772,-604.0102315834947
2025-02-04 14:30:00+00:00,2025-02-05 09:40:00+00:00,sell,406.9547,407.5053,406.4041,406.4041,170.65001395599236,93.95989768416503,9489.949666100667,win,-0.5505999999999744,-510.0503338993297
2025-02-05 10:00:00+00:00,2025-02-05 10:35:00+00:00,sell,406.3997,406.7973,406.0021,406.0021,238.68082661218304,94.89949666100667,9584.849162761673,win,-0.3976000000000113,-415.15083723832305
2025-02-05 10:45:00+00:00,2025-02-05 10:55:00+00:00,sell,405.95570000000004,406.4813,405.4301000000001,406.4813,182.3601438881804,-95.84849162761674,9489.000671134056,loss,0.5255999999999403,-510.9993288659398
2025-02-05 12:10:00+00:00,2025-02-05 12:50:00+00:00,sell,405.91270000000003,406.3153,405.5101000000001,405.5101000000001,235.69301219908687,94.89000671134056,9583.890677845397,win,-0.4025999999999499,-416.1093221545992
2025-02-05 14:30:00+00:00,2025-02-05 18:15:00+00:00,sell,405.7497,406.0113,405.48810000000003,406.0113,366.35667728768607,-95.83890677845397,9488.051771066943,loss,0.2615999999999872,-511.9482289330532
2025-02-05 18:30:00+00:00,2025-02-05 20:05:00+00:00,sell,405.8537,406.1353,405.57210000000003,406.1353,336.93365664303934,-94.88051771066942,9393.171253356273,loss,0.281599999999969,-606.8287466437226
2025-02-05 20:35:00+00:00,2025-02-05 21:05:00+00:00,sell,405.9977,406.1443,405.85110000000003,406.1443,640.7347376096642,-93.93171253356273,9299.239540822711,loss,0.14659999999997808,-700.7604591772854
2025-02-05 22:20:00+00:00,2025-02-06 01:50:00+00:00,sell,406.1517,406.3653,405.9381,405.9381,435.3576564055875,92.99239540822711,9392.231936230939,win,-0.21359999999998536,-607.7680637690582
2025-02-06 05:20:00+00:00,2025-02-06 05:25:00+00:00,sell,406.1447,406.1853,406.1041,406.1853,2313.3576197622533,-93.92231936230941,9298.30961686863,loss,0.04059999999998354,-701.6903831313676
2025-02-06 05:35:00+00:00,2025-02-06 08:00:00+00:00,sell,406.1347,406.2453,406.02410000000003,406.2453,840.715155232422,-92.9830961686863,9205.326520699944,loss,0.11059999999997672,-794.6734793000539
2025-02-06 09:05:00+00:00,2025-02-06 09:10:00+00:00,buy,406.40729999999996,406.24370000000005,406.5708999999999,406.5708999999999,562.672770214218,92.05326520699944,9297.379785906944,win,0.16359999999991715,-702.6202140930545
2025-02-06 09:20:00+00:00,2025-02-06 09:50:00+00:00,buy,406.7553,406.3647,407.1458999999999,407.1458999999999,238.02815632125314,92.97379785906944,9390.353583766013,win,0.39059999999994943,-609.6464162339851
2025-02-06 10:00:00+00:00,2025-02-06 12:05:00+00:00,buy,407.1853,406.6247,407.74589999999995,406.6247,167.50541533654288,-93.90353583766013,9296.450047928352,loss,-0.5605999999999653,-703.5499520716452
2025-02-06 16:05:00+00:00,2025-02-06 16:40:00+00:00,sell,405.73670000000004,406.0773,405.3961000000001,405.3961000000001,272.94333669788733,92.96450047928352,9389.414548407636,win,-0.34059999999993806,-610.5854515923617
2025-02-06 16:50:00+00:00,2025-02-07 00:50:00+00:00,sell,405.1107,405.7353,404.4861,404.4861,150.32684195337552,93.89414548407636,9483.308693891713,win,-0.6245999999999867,-516.6913061082853
2025-02-07 04:15:00+00:00,2025-02-07 04:20:00+00:00,sell,404.60470000000004,404.6053,404.6041000000001,404.6041000000001,158055.14490792234,94.83308693891713,9578.14178083063,win,-0.0005999999999630745,-421.85821916936817
2025-02-07 05:35:00+00:00,2025-02-07 05:45:00+00:00,sell,404.67470000000003,404.7333,404.6161000000001,404.6161000000001,1634.4951844433199,95.7814178083063,9673.923198638937,win,-0.0585999999999558,-326.0768013610619
2025-02-07 05:55:00+00:00,2025-02-07 07:05:00+00:00,sell,404.60470000000004,404.6873,404.5221000000001,404.6873,1171.177142692979,-96.73923198638937,9577.183966652547,loss,0.08259999999995671,-422.81603334745125
2025-02-07 07:25:00+00:00,2025-02-07 08:15:00+00:00,sell,404.5647,404.7453,404.38410000000005,404.7453,530.2981155400965,-95.77183966652547,9481.41212698602,loss,0.1805999999999699,-518.5878730139767
2025-02-07 08:55:00+00:00,2025-02-07 09:00:00+00:00,sell,404.6207,404.7553,404.4861,404.4861,704.4139767449924,94.81412126986022,9576.226248255882,win,-0.13459999999997763,-423.7737517441165
2025-02-07 09:30:00+00:00,2025-02-07 10:10:00+00:00,sell,404.4137,404.76529999999997,404.06210000000004,404.06210000000004,272.36138362505443,95.76226248255884,9671.98851073844,win,-0.35159999999996217,-328.0114892615577
2025-02-07 17:55:00+00:00,2025-02-07 18:05:00+00:00,buy,405.3033,404.6307,405.97589999999997,405.97589999999997,143.80000759349696,96.7198851073844,9768.708395845824,win,0.6725999999999885,-231.29160415417329
2025-02-07 19:40:00+00:00,2025-02-07 19:55:00+00:00,buy,405.83529999999996,405.3047,406.3658999999999,405.3047,184.10682992549957,-97.68708395845825,9671.021311887365,loss,-0.5305999999999358,-328.9786881126315
2025-02-10 00:05:00+00:00,2025-02-10 03:05:00+00:00,sell,404.49670000000003,405.2853,403.70810000000006,405.2853,122.63531970438352,-96.71021311887365,9574.311098768492,loss,0.788599999999974,-425.68890123150516
2025-02-10 06:15:00+00:00,2025-02-10 07:10:00+00:00,buy,405.57529999999997,405.47470000000004,405.6758999999999,405.47470000000004,951.7207851665262,-95.74311098768493,9478.567987780807,loss,-0.10059999999992897,-521.43201221919
2025-02-10 08:10:00+00:00,2025-02-10 08:45:00+00:00,buy,405.64529999999996,405.42670000000004,405.8638999999999,405.42670000000004,433.6032931282756,-94.78567987780808,9383.782307902999,loss,-0.21859999999992397,-616.2176920969981
2025-02-10 12:15:00+00:00,2025-02-10 13:25:00+00:00,sell,404.8097,405.13129999999995,404.4881000000001,404.4881000000001,291.7842757433136,93.83782307902997,9477.620130982028,win,-0.3215999999999326,-522.3798690179682
2025-02-10 13:35:00+00:00,2025-02-10 14:40:00+00:00,sell,404.41470000000004,404.7553,404.0741000000001,404.0741000000001,278.26248182571203,94.77620130982028,9572.396332291848,win,-0.34059999999993806,-427.6036677081479
2025-02-10 14:50:00+00:00,2025-02-10 15:10:00+00:00,sell,403.92470000000003,404.3383,403.51110000000006,403.51110000000006,231.44091712505923,95.72396332291848,9668.120295614766,win,-0.413599999999974,-331.8797043852294
2025-02-10 15:30:00+00:00,2025-02-10 16:05:00+00:00,sell,403.3707,404.0353,402.7061,404.0353,145.47277002128592,-96.68120295614767,9571.439092658618,loss,0.6646000000000072,-428.56090734137706
2025-02-10 21:50:00+00:00,2025-02-10 23:45:00+00:00,sell,404.4707,404.6423,404.29910000000007,404.6423,557.776170900997,-95.71439092658619,9475.724701732031,loss,0.17159999999995534,-524.2752982679633
2025-02-11 04:05:00+00:00,2025-02-11 04:10:00+00:00,sell,404.55870000000004,404.5813,404.5361000000001,404.5813,4192.798540597848,-94.75724701732031,9380.967454714711,loss,0.022599999999954434,-619.0325452852836
2025-02-11 04:45:00+00:00,2025-02-11 05:40:00+00:00,sell,404.5507,404.62629999999996,404.47510000000005,404.47510000000005,1240.868710941892,93.80967454714711,9474.777129261858,win,-0.0755999999999517,-525.2228707381365
2025-02-11 06:00:00+00:00,2025-02-11 06:20:00+00:00,sell,404.46070000000003,404.5553,404.3661000000001,404.5553,1001.5620644044554,-94.74777129261858,9380.029357969239,loss,0.09459999999995716,-619.9706420307551
2025-02-11 09:00:00+00:00,2025-02-11 09:05:00+00:00,sell,404.49870000000004,404.5653,404.4321000000001,404.4321000000001,1408.4128165132267,93.8002935796924,9473.829651548931,win,-0.06659999999993715,-526.1703484510628
2025-02-11 09:15:00+00:00,2025-02-11 09:20:00+00:00,sell,404.22470000000004,404.60429999999997,403.8451000000001,404.60429999999997,249.57401611040027,-94.73829651548931,9379.09135503344,loss,0.37959999999992533,-620.9086449665521
2025-02-11 09:30:00+00:00,2025-02-11 10:00:00+00:00,sell,404.10470000000004,404.70529999999997,403.5041000000001,403.5041000000001,156.16202722335248,93.79091355033441,9472.882268583775,win,-0.600599999999929,-527.1177314162177
2025-02-11 10:10:00+00:00,2025-02-12 09:10:00+00:00,sell,403.3947,404.2953,402.4941,402.4941,105.184124678923,94.72882268583776,9567.611091269613,win,-0.9005999999999972,-432.3889087303799
2025-02-12 09:20:00+00:00,2025-02-12 10:00:00+00:00,sell,402.4207,402.95529999999997,401.88610000000006,401.88610000000006,178.96765976936814,95.67611091269613,9663.28720218231,win,-0.5345999999999549,-336.7127978176838
2025-02-12 10:30:00+00:00,2025-02-12 15:15:00+00:00,sell,401.6587,402.69329999999997,400.62410000000006,402.69329999999997,93.40119081947353,-96.6328720218231,9566.654330160487,loss,1.034599999999955,-433.3456698395069
2025-02-12 19:05:00+00:00,2025-02-12 19:25:00+00:00,sell,402.1917,403.15029999999996,401.2331000000001,401.2331000000001,99.79818829711199,95.66654330160488,9662.320873462091,win,-0.9585999999999331,-337.67912653790205
2025-02-12 21:55:00+00:00,2025-02-12 22:50:00+00:00,sell,401.8147,401.9453,401.68410000000006,401.9453,739.8408019498592,-96.62320873462092,9565.69766472747,loss,0.13059999999995853,-434.30233527252295
2025-02-12 23:15:00+00:00,2025-02-12 23:20:00+00:00,sell,401.78470000000004,401.9753,401.5941000000001,401.9753,501.8729100067911,-95.6569766472747,9470.040688080195,loss,0.1905999999999608,-529.9593119197976
2025-02-12 23:30:00+00:00,2025-02-12 23:55:00+00:00,sell,401.7717,402.06329999999997,401.48010000000005,401.48010000000005,324.76134046918713,94.70040688080194,9564.741094960997,win,-0.2915999999999599,-435.2589050389957
2025-02-13 00:05:00+00:00,2025-02-13 00:50:00+00:00,sell,401.4547,401.87829999999997,401.03110000000004,401.87829999999997,225.7965319868222,-95.64741094960996,9469.093684011386,loss,0.4235999999999649,-530.9063159886057
2025-02-13 01:00:00+00:00,2025-02-13 01:05:00+00:00,sell,401.65070000000003,402.1013,401.2001000000001,402.1013,210.14411193991126,-94.69093684011386,9374.402747171272,loss,0.4505999999999517,-625.5972528287195
2025-02-13 02:00:00+00:00,2025-02-13 02:45:00+00:00,sell,401.5267,402.1413,400.9121,402.1413,152.52851850262508,-93.74402747171273,9280.65871969956,loss,0.6145999999999958,-719.3412803004322
2025-02-13 03:00:00+00:00,2025-02-13 13:45:00+00:00,sell,401.2837,402.14529999999996,400.42210000000006,402.14529999999996,107.7142376938262,-92.80658719699561,9187.852132502565,loss,0.8615999999999531,-812.1478674974278
2025-02-13 18:15:00+00:00,2025-02-13 19:10:00+00:00,buy,402.3853,401.92470000000003,402.8458999999999,402.8458999999999,199.4757301889646,91.87852132502564,9279.73065382759,win,0.4605999999999426,-720.2693461724022
2025-02-13 19:55:00+00:00,2025-02-13 20:40:00+00:00,buy,402.9213,402.29470000000003,403.5478999999999,402.29470000000003,148.09656325931195,-92.79730653827589,9186.933347289314,loss,-0.6265999999999394,-813.066652710678
2025-02-13 23:45:00+00:00,2025-02-13 23:50:00+00:00,sell,401.6017,401.7863,401.4171,401.4171,497.6670285639145,91.86933347289315,9278.802680762206,win,-0.184599999999989,-721.1973192377849
2025-02-14 00:00:00+00:00,2025-02-14 01:05:00+00:00,sell,401.2747,401.7553,400.7941,401.7553,193.0670553633493,-92.78802680762206,9186.014653954584,loss,0.48059999999998126,-813.9853460454069
2025-02-14 02:20:00+00:00,2025-02-14 03:00:00+00:00,sell,401.4047,401.9013,400.9081,401.9013,184.97814446142908,-91.86014653954584,9094.154507415038,loss,0.4966000000000008,-905.8454925849528
2025-02-14 04:15:00+00:00,2025-02-14 05:30:00+00:00,sell,401.58770000000004,401.71529999999996,401.4601000000001,401.71529999999996,712.7080334969468,-90.94154507415038,9003.212962340887,loss,0.12759999999991578,-996.7870376591031
2025-02-14 08:05:00+00:00,2025-02-14 08:25:00+00:00,sell,401.74170000000004,401.8123,401.6711000000001,401.8123,1275.2426292275447,-90.03212962340888,8913.180832717479,loss,0.07059999999995625,-1086.819167282512
2025-02-14 08:35:00+00:00,2025-02-14 09:00:00+00:00,sell,401.68370000000004,401.8193,401.5481000000001,401.5481000000001,657.314220702102,89.13180832717478,9002.312641044653,win,-0.13559999999995398,-997.6873589553371
2025-02-14 09:10:00+00:00,2025-02-14 09:55:00+00:00,sell,401.25370000000004,401.6963,400.81110000000007,401.6963,203.3961283561965,-90.02312641044654,8912.289514634207,loss,0.44259999999997035,-1087.7104853657836
2025-02-14 10:20:00+00:00,2025-02-14 11:30:00+00:00,sell,401.1947,401.70529999999997,400.68410000000006,400.68410000000006,174.54542723531162,89.12289514634207,9001.412409780549,win,-0.510599999999954,-998.5875902194415
2025-02-14 13:05:00+00:00,2025-02-14 13:30:00+00:00,buy,401.83529999999996,401.5547,402.1158999999999,402.1158999999999,320.7916040549754,90.01412409780549,9091.426533878353,win,0.2805999999999358,-908.573466121636
2025-02-14 13:40:00+00:00,2025-02-14 13:45:00+00:00,buy,402.1253,401.7977,402.45289999999994,402.45289999999994,277.51607246274204,90.91426533878354,9182.340799217138,win,0.32759999999996126,-817.6592007828524
2025-02-14 13:55:00+00:00,2025-02-14 15:30:00+00:00,buy,402.59029999999996,401.8817,403.2988999999999,401.8817,129.58426191388662,-91.82340799217138,9090.517391224967,loss,-0.7085999999999331,-909.4826087750238
2025-02-14 17:05:00+00:00,2025-02-14 17:35:00+00:00,sell,401.48470000000003,401.76529999999997,401.2041000000001,401.2041000000001,323.96712014351556,90.90517391224967,9181.422565137216,win,-0.2805999999999358,-818.5774348627741
2025-02-14 17:55:00+00:00,2025-02-14 18:15:00+00:00,sell,401.1147,401.4853,400.74410000000006,401.4853,247.7448074780901,-91.81422565137217,9089.608339485843,loss,0.3705999999999676,-910.3916605141462
2025-02-14 22:25:00+00:00,2025-02-14 22:45:00+00:00,buy,401.97929999999997,401.8197,402.1388999999999,402.1388999999999,569.5243320481462,90.89608339485845,9180.504422880702,win,0.1595999999999549,-819.4955771192878
2025-02-14 23:20:00+00:00,2025-02-14 23:50:00+00:00,buy,402.20529999999997,401.8407,402.5698999999999,401.8407,251.79661061114203,-91.80504422880702,9088.699378651894,loss,-0.364599999999939,-911.3006213480948
2025-02-17 02:35:00+00:00,2025-02-17 02:55:00+00:00,buy,401.6903,401.3807,401.99989999999997,401.99989999999997,293.5626414293352,90.88699378651894,9179.586372438413,win,0.309599999999989,-820.4136275615758
2025-02-17 05:20:00+00:00,2025-02-17 06:00:00+00:00,buy,401.8743,401.7477,402.0009,402.0009,725.0858114090587,91.79586372438412,9271.382236162797,win,0.12659999999999627,-728.6177638371917
2025-02-17 06:10:00+00:00,2025-02-17 09:00:00+00:00,buy,402.0123,401.8007,402.22389999999996,402.22389999999996,438.1560603102012,92.71382236162798,9364.096058524425,win,0.2115999999999758,-635.9039414755637
2025-02-17 09:20:00+00:00,2025-02-17 09:45:00+00:00,buy,402.3943,401.8047,402.98389999999995,402.98389999999995,158.82116788543135,93.64096058524424,9457.737019109669,win,0.5895999999999617,-542.2629808903195
2025-02-17 09:55:00+00:00,2025-02-17 10:20:00+00:00,buy,403.01529999999997,402.4547,403.57589999999993,402.4547,168.70740312362207,-94.57737019109669,9363.159648918572,loss,-0.5605999999999653,-636.8403510814162
2025-02-17 14:05:00+00:00,2025-02-18 03:10:00+00:00,sell,401.3347,401.77529999999996,400.89410000000004,401.77529999999996,212.50929752427157,-93.63159648918572,9269.528052429387,loss,0.4405999999999608,-730.471947570602
2025-02-18 04:30:00+00:00,2025-02-18 05:40:00+00:00,sell,401.45070000000004,401.6543,401.2471000000001,401.6543,455.28133852810544,-92.69528052429386,9176.832771905092,loss,0.2035999999999376,-823.1672280948958
2025-02-18 13:05:00+00:00,2025-02-18 13:20:00+00:00,sell,401.5027,401.73429999999996,401.27110000000005,401.27110000000005,396.2363027593598,91.76832771905093,9268.601099624144,win,-0.23159999999995762,-731.3989003758448
2025-02-18 13:40:00+00:00,2025-02-18 14:05:00+00:00,sell,401.2257,401.58529999999996,400.8661000000001,400.8661000000001,257.74752779826474,92.68601099624145,9361.287110620386,win,-0.3595999999999435,-638.7128893796034
2025-02-18 15:35:00+00:00,2025-02-18 15:50:00+00:00,sell,401.3157,401.70529999999997,400.9261,400.9261,240.27944329109425,93.61287110620385,9454.89998172659,win,-0.3895999999999731,-545.1000182733995
2025-02-18 16:30:00+00:00,2025-02-18 23:30:00+00:00,sell,400.92470000000003,401.4453,400.4041000000001,400.4041000000001,181.61544336779855,94.54899981726591,9549.448981543856,win,-0.5205999999999449,-450.55101845613365
2025-02-18 23:40:00+00:00,2025-02-18 23:45:00+00:00,sell,400.38870000000003,400.5523,400.22510000000005,400.5523,583.7071504612087,-95.49448981543856,9453.954491728417,loss,0.163599999999974,-546.0455082715722
2025-02-19 02:05:00+00:00,2025-02-19 11:20:00+00:00,sell,400.89070000000004,401.3053,400.4761000000001,401.3053,228.02591634658825,-94.53954491728416,9359.414946811132,loss,0.41459999999995034,-640.5850531888564
2025-02-19 12:05:00+00:00,2025-02-19 12:10:00+00:00,buy,401.3923,401.1947,401.58989999999994,401.58989999999994,473.65460257149556,93.59414946811133,9453.009096279244,win,0.1975999999999658,-546.990903720745
2025-02-19 12:30:00+00:00,2025-02-19 13:30:00+00:00,buy,401.6703,401.1947,402.1459,402.1459,198.7596529915796,94.53009096279244,9547.539187242037,win,0.4755999999999858,-452.46081275795257
2025-02-19 13:40:00+00:00,2025-02-19 15:55:00+00:00,buy,402.40529999999995,401.66270000000003,403.1478999999999,401.66270000000003,128.56907066042288,-95.47539187242037,9452.063795369617,loss,-0.7425999999999249,-547.9362046303729
2025-02-19 16:45:00+00:00,2025-02-19 19:00:00+00:00,buy,402.17629999999997,401.5747,402.77789999999993,402.77789999999993,157.1154221304889,94.52063795369618,9546.584433323313,win,0.6015999999999622,-453.41556667667675
2025-02-19 19:10:00+00:00,2025-02-19 23:05:00+00:00,buy,402.7933,402.3847,403.20189999999997,402.3847,233.64132240146387,-95.46584433323312,9451.118588990079,loss,-0.40859999999997854,-548.8814110099099
2025-02-20 01:05:00+00:00,2025-02-20 02:55:00+00:00,buy,402.3853,401.97470000000004,402.7958999999999,401.97470000000004,230.17824132955823,-94.51118588990079,9356.607403100179,loss,-0.41059999999993124,-643.3925968998108
2025-02-20 04:25:00+00:00,2025-02-20 04:30:00+00:00,buy,402.5793,402.4207,402.73789999999997,402.73789999999997,589.9500254162324,93.56607403100179,9450.17347713118,win,0.15859999999997854,-549.826522868809
2025-02-20 06:30:00+00:00,2025-02-20 06:35:00+00:00,buy,402.7853,402.5367,403.0339,402.5367,380.13569899962937,-94.5017347713118,9355.67174235987,loss,-0.24860000000001037,-644.3282576401208
2025-02-20 08:55:00+00:00,2025-02-20 09:00:00+00:00,buy,402.42929999999996,402.3247,402.5338999999999,402.5338999999999,894.4236847384814,93.5567174235987,9449.228459783468,win,0.10459999999994807,-550.7715402165221
2025-02-20 09:15:00+00:00,2025-02-20 09:50:00+00:00,buy,402.7553,402.34470000000005,403.1658999999999,402.34470000000005,230.13220798307478,-94.49228459783468,9354.736175185633,loss,-0.41059999999993124,-645.2638248143568
2025-02-20 23:05:00+00:00,2025-02-20 23:25:00+00:00,sell,402.0047,402.0553,401.95410000000004,401.95410000000004,1848.7620899585688,93.54736175185633,9448.28353693749,win,-0.05059999999997444,-551.7164630625005
2025-02-20 23:35:00+00:00,2025-02-20 23:40:00+00:00,sell,401.9527,402.01529999999997,401.8901,402.01529999999997,1509.3104691599485,-94.4828353693749,9353.800701568114,loss,0.0625999999999749,-646.1992984318754
2025-02-21 01:00:00+00:00,2025-02-21 01:05:00+00:00,sell,402.1247,402.14529999999996,402.1041000000001,402.14529999999996,4540.67995222968,-93.53800701568115,9260.262694552433,loss,0.020599999999944885,-739.7373054475565
2025-02-21 01:15:00+00:00,2025-02-21 01:20:00+00:00,sell,401.90770000000003,402.25129999999996,401.5641000000001,402.25129999999996,269.50706328738306,-92.60262694552434,9167.660067606908,loss,0.34359999999992397,-832.3399323930809
2025-02-21 01:30:00+00:00,2025-02-21 02:00:00+00:00,sell,401.8747,402.2553,401.49410000000006,402.2553,240.87388511844213,-91.67660067606909,9075.983466930838,loss,0.3805999999999585,-924.01653306915
2025-02-21 02:40:00+00:00,2025-02-21 09:25:00+00:00,buy,402.26529999999997,401.9157,402.6148999999999,402.6148999999999,259.61051106785095,90.75983466930839,9166.743301600147,win,0.3495999999999526,-833.2566983998416
2025-02-21 09:55:00+00:00,2025-02-21 10:15:00+00:00,buy,402.6353,402.22470000000004,403.0458999999999,403.0458999999999,223.25239409648518,91.66743301600147,9258.410734616149,win,0.41059999999993124,-741.5892653838401
2025-02-21 11:00:00+00:00,2025-02-21 11:10:00+00:00,buy,403.20529999999997,402.5217,403.8888999999999,403.8888999999999,135.43608447362124,92.58410734616149,9350.99484196231,win,0.6835999999999558,-649.0051580376787
2025-02-21 11:30:00+00:00,2025-02-24 00:00:00+00:00,buy,403.9853,402.5247,405.4459,402.5247,64.0215996300309,-93.5099484196231,9257.484893542687,loss,-1.4605999999999995,-742.5151064573018
2025-02-24 09:55:00+00:00,2025-02-24 10:30:00+00:00,buy,403.52529999999996,403.0247,404.0258999999999,403.0247,184.92778452943207,-92.57484893542687,9164.91004460726,loss,-0.5005999999999631,-835.0899553927287
2025-02-24 11:25:00+00:00,2025-02-24 12:50:00+00:00,sell,402.3747,402.9873,401.76210000000003,401.76210000000003,149.6067588084797,91.64910044607261,9256.559145053334,win,-0.6125999999999863,-743.4408549466561
2025-02-24 13:00:00+00:00,2025-02-24 16:10:00+00:00,sell,401.6977,402.3453,401.0501,401.0501,142.93636728000575,92.56559145053333,9349.124736503867,win,-0.6476000000000113,-650.8752634961228
2025-02-24 16:25:00+00:00,2025-02-24 16:35:00+00:00,sell,400.91970000000003,401.27529999999996,400.5641000000001,401.27529999999996,262.91126930556396,-93.49124736503867,9255.633489138829,loss,0.3555999999999244,-744.3665108611615
2025-02-24 18:55:00+00:00,2025-02-24 19:15:00+00:00,sell,401.3777,401.6753,401.0801,401.0801,311.0091898232253,92.55633489138829,9348.189824030216,win,-0.29759999999998854,-651.8101759697732
2025-02-24 21:25:00+00:00,2025-02-24 22:15:00+00:00,sell,401.2547,401.3993,401.11010000000005,401.11010000000005,646.4861565720781,93.48189824030216,9441.67172227052,win,-0.14459999999996853,-558.3282777294711
2025-02-24 23:10:00+00:00,2025-02-25 00:00:00+00:00,sell,401.0727,401.3053,400.8401,400.8401,405.9188186702877,94.41671722270519,9536.088439493224,win,-0.23259999999999081,-463.9115605067659
2025-02-25 01:30:00+00:00,2025-02-25 01:35:00+00:00,sell,400.9207,401.1413,400.7001,401.1413,432.27962101059114,-95.36088439493224,9440.727555098292,loss,0.22059999999999036,-559.2724449016981
2025-02-25 02:55:00+00:00,2025-02-25 03:00:00+00:00,sell,401.0307,401.05129999999997,401.0101000000001,401.0101000000001,4582.877453943472,94.40727555098293,9535.134830649275,win,-0.020599999999944885,-464.8651693507152
2025-02-25 05:00:00+00:00,2025-02-25 05:10:00+00:00,sell,401.0007,401.07829999999996,400.92310000000003,401.07829999999996,1228.7544884863448,-95.35134830649275,9439.783482342782,loss,0.07759999999996126,-560.216517657208
2025-02-25 06:25:00+00:00,2025-02-25 09:05:00+00:00,sell,401.0237,401.1713,400.87610000000006,401.1713,639.5517264461854,-94.39783482342783,9345.385647519353,loss,0.14759999999995443,-654.6143524806358
2025-02-25 09:25:00+00:00,2025-02-25 09:55:00+00:00,sell,400.9887,401.2253,400.7521,401.2253,394.9867137581979,-93.45385647519353,9251.93179104416,loss,0.2366000000000099,-748.0682089558294
2025-02-25 10:05:00+00:00,2025-02-25 10:10:00+00:00,sell,400.9547,401.27529999999996,400.63410000000005,400.63410000000005,288.5817776370999,92.5193179104416,9344.451108954601,win,-0.32059999999995625,-655.5488910453878
2025-02-25 11:15:00+00:00,2025-02-25 13:25:00+00:00,sell,400.4297,401.30129999999997,399.5581000000001,401.30129999999997,107.21031561444701,-93.44451108954601,9251.006597865055,loss,0.871599999999944,-748.9934021349338
2025-02-25 14:05:00+00:00,2025-02-25 15:00:00+00:00,sell,401.3047,401.7493,400.86010000000005,400.86010000000005,208.07482226418068,92.51006597865054,9343.516663843706,win,-0.4445999999999799,-656.4833361562833
2025-02-25 15:35:00+00:00,2025-02-25 16:15:00+00:00,sell,400.8147,401.4853,400.14410000000004,400.14410000000004,139.3306988345362,93.43516663843705,9436.951830482143,win,-0.670599999999979,-563.0481695178462
2025-02-25 16:25:00+00:00,2025-02-25 17:05:00+00:00,sell,400.09470000000005,400.8753,399.3141000000001,400.8753,120.89356687782372,-94.36951830482143,9342.582312177321,loss,0.7805999999999358,-657.4176878226676
2025-02-25 18:35:00+00:00,2025-02-25 20:40:00+00:00,sell,400.8947,401.1683,400.6211,400.6211,341.46865176088244,93.4258231217732,9436.008135299095,win,-0.27359999999998763,-563.9918647008944
2025-02-25 22:00:00+00:00,2025-02-25 23:45:00+00:00,sell,400.6947,400.78729999999996,400.60210000000006,400.78729999999996,1019.0073580242369,-94.36008135299095,9341.648053946104,loss,0.09259999999994761,-658.3519460538854
2025-02-26 06:15:00+00:00,2025-02-26 07:20:00+00:00,sell,400.84470000000005,400.95529999999997,400.7341000000001,400.95529999999997,844.6336395979089,-93.41648053946105,9248.231573406643,loss,0.11059999999991987,-751.7684265933465
2025-02-26 09:05:00+00:00,2025-02-26 09:10:00+00:00,sell,400.7787,400.9953,400.56210000000004,400.56210000000004,426.97283349066805,92.48231573406643,9340.71388914071,win,-0.21659999999997126,-659.28611085928
2025-02-26 09:20:00+00:00,2025-02-26 10:20:00+00:00,sell,400.34270000000004,400.9733,399.7121000000001,399.7121000000001,148.12422913322746,93.40713889140709,9434.121028032117,win,-0.6305999999999585,-565.878971967873
2025-02-26 10:30:00+00:00,2025-02-27 17:05:00+00:00,sell,399.58270000000005,400.5883,398.5771000000001,400.5883,93.81584156754681,-94.34121028032118,9339.779817751796,loss,1.0055999999999585,-660.2201822481942
2025-02-27 17:15:00+00:00,2025-02-28 14:15:00+00:00,buy,400.8053,399.5847,402.0259,399.5847,76.51794050263699,-93.39779817751797,9246.382019574277,loss,-1.2205999999999904,-753.6179804257122
2025-02-28 15:10:00+00:00,2025-02-28 15:40:00+00:00,sell,399.29470000000003,399.64529999999996,398.9441000000001,399.64529999999996,263.73023444313037,-92.46382019574277,9153.918199378535,loss,0.35059999999992897,-846.0818006214549
2025-02-28 16:05:00+00:00,2025-02-28 16:20:00+00:00,sell,399.24170000000004,399.6753,398.8081000000001,399.6753,211.11434961668516,-91.53918199378535,9062.37901738475,loss,0.4335999999999558,-937.6209826152403
2025-02-28 19:00:00+00:00,2025-02-28 19:35:00+00:00,sell,399.8147,400.0653,399.56410000000005,400.0653,361.62725528276474,-90.6237901738475,8971.755227210902,loss,0.2505999999999631,-1028.2447727890878
2025-02-28 20:15:00+00:00,2025-02-28 20:20:00+00:00,buy,401.3653,399.71270000000004,403.01789999999994,403.01789999999994,54.28872822952424,89.71755227210903,9061.47277948301,win,1.6525999999999499,-938.5272205169788
2025-02-28 21:35:00+00:00,2025-02-28 22:05:00+00:00,buy,403.16229999999996,402.7447,403.5798999999999,403.5798999999999,216.98929069646536,90.6147277948301,9152.08750727784,win,0.41759999999993624,-847.9124927221487
2025-02-28 22:45:00+00:00,2025-02-28 22:55:00+00:00,buy,403.6753,402.8107,404.5399,402.8107,105.85342941565908,-91.5208750727784,9060.566632205062,loss,-0.8645999999999958,-939.4333677949271
2025-02-28 23:30:00+00:00,2025-02-28 23:35:00+00:00,buy,403.6963,402.6897,404.7029,402.6897,90.01158982917879,-90.60566632205062,8969.960965883012,loss,-1.0065999999999917,-1030.0390341169777
2025-03-03 03:05:00+00:00,2025-03-03 03:15:00+00:00,buy,401.4353,401.1547,401.7159,401.7159,319.67074005285986,89.69960965883013,9059.660575541842,win,0.28059999999999263,-940.3394244581476
2025-03-03 04:30:00+00:00,2025-03-03 05:15:00+00:00,buy,401.52529999999996,401.2507,401.7998999999999,401.7998999999999,329.92208942254297,90.59660575541842,9150.25718129726,win,0.274599999999964,-849.7428187027292
2025-03-03 05:25:00+00:00,2025-03-03 07:30:00+00:00,buy,401.8553,401.4587,402.2519,401.4587,230.71752852490584,-91.5025718129726,9058.754609484287,loss,-0.3965999999999781,-941.2453905157018
2025-03-03 10:05:00+00:00,2025-03-03 10:20:00+00:00,buy,401.3453,400.82370000000003,401.8669,401.8669,173.67244266650056,90.58754609484288,9149.34215557913,win,0.5215999999999781,-850.657844420859
2025-03-03 11:35:00+00:00,2025-03-03 14:00:00+00:00,buy,401.83529999999996,400.9447,402.7258999999999,400.9447,102.73233949673984,-91.4934215557913,9057.848734023339,loss,-0.8905999999999494,-942.1512659766503
2025-03-03 15:05:00+00:00,2025-03-03 15:15:00+00:00,sell,400.5047,400.8453,400.1641,400.1641,265.9380133301079,90.5784873402334,9148.427221363572,win,-0.3405999999999949,-851.5727786364168
2025-03-03 15:25:00+00:00,2025-03-04 10:30:00+00:00,sell,399.8647,400.7453,398.98410000000007,398.98410000000007,103.8885671288213,91.48427221363572,9239.911493577209,win,-0.8805999999999585,-760.0885064227812
2025-03-04 10:45:00+00:00,2025-03-06 11:55:00+00:00,sell,398.7447,400.0453,397.44410000000005,400.0453,71.0434529723004,-92.39911493577209,9147.512378641437,loss,1.3005999999999744,-852.4876213585533
2025-03-06 12:25:00+00:00,2025-03-06 13:00:00+00:00,buy,400.1783,399.60470000000004,400.7518999999999,400.7518999999999,159.47545987870222,91.47512378641437,9238.987502427852,win,0.5735999999999422,-761.012497572139
2025-03-06 13:10:00+00:00,2025-03-06 15:15:00+00:00,buy,400.83029999999997,400.1947,401.4658999999999,400.1947,145.35851954733357,-92.38987502427852,9146.597627403573,loss,-0.635599999999954,-853.4023725964175
2025-03-06 17:35:00+00:00,2025-03-06 18:00:00+00:00,buy,399.4753,399.17470000000003,399.7759,399.17470000000003,304.2780315171108,-91.46597627403573,9055.131651129537,loss,-0.30059999999997444,-944.8683488704532
2025-03-06 19:20:00+00:00,2025-03-06 23:20:00+00:00,buy,399.27529999999996,399.0147,399.5358999999999,399.5358999999999,347.47243480932985,90.55131651129537,9145.682967640832,win,0.260599999999954,-854.3170323591579
2025-03-07 02:05:00+00:00,2025-03-07 02:10:00+00:00,buy,399.3913,399.23170000000005,399.55089999999996,399.55089999999996,573.0377799275325,91.45682967640833,9237.13979731724,win,0.1595999999999549,-762.8602026827496
2025-03-07 02:50:00+00:00,2025-03-07 03:15:00+00:00,buy,399.5553,399.2797,399.8309,399.2797,335.16472414068704,-92.3713979731724,9144.768399344068,loss,-0.2755999999999972,-855.231600655922
2025-03-07 15:15:00+00:00,2025-03-07 15:30:00+00:00,sell,398.97470000000004,399.27529999999996,398.6741000000001,398.6741000000001,304.2171789536452,91.44768399344068,9236.21608333751,win,-0.3005999999999176,-763.7839166624813
2025-03-07 16:50:00+00:00,2025-03-07 17:45:00+00:00,sell,398.5247,399.0953,397.9541,397.9541,161.86849077001924,92.3621608333751,9328.578244170883,win,-0.5706000000000131,-671.4217558291061
2025-03-07 19:00:00+00:00,2025-03-07 21:00:00+00:00,sell,398.1547,398.4753,397.8341,397.8341,290.97249669901754,93.28578244170883,9421.864026612593,win,-0.3206000000000131,-578.1359733873973
2025-03-07 22:00:00+00:00,2025-03-07 23:45:00+00:00,sell,397.77570000000003,397.9713,397.5801000000001,397.5801000000001,481.690389908727,94.21864026612593,9516.08266687872,win,-0.19559999999995625,-483.9173331212713
2025-03-09 23:00:00+00:00,2025-03-09 23:05:00+00:00,sell,397.5747,397.76529999999997,397.38410000000005,397.38410000000005,499.2698146317249,95.1608266687872,9611.243493547507,win,-0.1905999999999608,-388.75650645248413
2025-03-10 00:45:00+00:00,2025-03-10 00:55:00+00:00,sell,397.4547,397.9253,396.9841,397.9253,204.23381839242887,-96.11243493547506,9515.13105861203,loss,0.47059999999999036,-484.8689413879592
2025-03-10 02:10:00+00:00,2025-03-10 02:15:00+00:00,sell,397.90070000000003,398.01529999999997,397.7861000000001,397.7861000000001,830.2906682911952,95.1513105861203,9610.28236919815,win,-0.11459999999993897,-389.7176308018389
2025-03-10 02:25:00+00:00,2025-03-10 04:10:00+00:00,sell,397.6547,398.01529999999997,397.2941,398.01529999999997,266.50810785354327,-96.1028236919815,9514.17954550617,loss,0.3605999999999767,-485.82045449382036
2025-03-10 05:40:00+00:00,2025-03-10 05:45:00+00:00,sell,398.0867,398.25329999999997,397.92010000000005,397.92010000000005,571.0792044122725,95.14179545506168,9609.32134096123,win,-0.1665999999999599,-390.67865903875867
2025-03-10 08:00:00+00:00,2025-03-10 08:45:00+00:00,sell,397.9957,398.2433,397.7481,398.2433,388.09860020040855,-96.0932134096123,9513.228127551618,loss,0.24759999999997717,-486.77187244837097
2025-03-10 11:05:00+00:00,2025-03-10 11:25:00+00:00,buy,398.82529999999997,398.40070000000003,399.2498999999999,398.40070000000003,224.05153385664,-95.13228127551618,9418.095846276101,loss,-0.42459999999994125,-581.9041537238871
2025-03-10 11:45:00+00:00,2025-03-10 15:35:00+00:00,buy,398.89029999999997,398.35470000000004,399.4258999999999,399.4258999999999,175.8419687505099,94.18095846276101,9512.276804738862,win,0.5355999999999312,-487.72319526112614
2025-03-10 15:45:00+00:00,2025-03-10 17:25:00+00:00,buy,399.5053,398.98470000000003,400.0258999999999,400.0258999999999,182.71757212331673,95.12276804738862,9607.399572786251,win,0.5205999999999449,-392.60042721373753
2025-03-10 18:45:00+00:00,2025-03-10 19:05:00+00:00,buy,399.57529999999997,399.2357,399.91489999999993,399.2357,282.9034032033962,-96.07399572786251,9511.32557705839,loss,-0.3395999999999617,-488.6744229416
2025-03-10 20:00:00+00:00,2025-03-10 20:20:00+00:00,buy,399.6613,399.22470000000004,400.0978999999999,400.0978999999999,217.84987579156342,95.11325577058389,9606.438832828973,win,0.4365999999999417,-393.5611671710161
2025-03-10 20:30:00+00:00,2025-03-11 02:40:00+00:00,buy,400.1253,399.5247,400.72589999999997,399.5247,159.9473665139727,-96.06438832828974,9510.374444500683,loss,-0.6005999999999858,-489.62555549930585
2025-03-11 02:50:00+00:00,2025-03-11 09:30:00+00:00,buy,399.9253,398.7547,401.0959,398.7547,81.2435882837934,-95.10374444500685,9415.270700055677,loss,-1.170599999999979,-584.7292999443127
2025-03-11 10:05:00+00:00,2025-03-11 11:10:00+00:00,buy,399.31329999999997,398.6947,399.9318999999999,399.9318999999999,152.20288878202902,94.15270700055677,9509.423407056232,win,0.6185999999999581,-490.57659294375594
2025-03-11 11:20:00+00:00,2025-03-11 13:25:00+00:00,buy,400.1853,399.49870000000004,400.8718999999999,400.8718999999999,138.50019526736148,95.09423407056232,9604.517641126795,win,0.6865999999999417,-395.4823588731936
2025-03-11 14:20:00+00:00,2025-03-11 15:10:00+00:00,buy,400.9973,400.2747,401.7199,401.7199,132.91610353067804,96.04517641126795,9700.562817538063,win,0.7225999999999999,-299.43718246192566
2025-03-11 15:20:00+00:00,2025-03-11 16:45:00+00:00,buy,401.7793,401.17470000000003,402.3838999999999,401.17470000000003,160.4459612560188,-97.00562817538062,9603.557189362682,loss,-0.6045999999999481,-396.44281063730625
2025-03-11 18:00:00+00:00,2025-03-11 20:10:00+00:00,buy,401.2203,400.53470000000004,401.9059,400.53470000000004,140.07522154847095,-96.03557189362682,9507.521617469056,loss,-0.6855999999999653,-492.47838253093306
2025-03-11 22:45:00+00:00,2025-03-11 22:50:00+00:00,buy,400.6753,400.3677,400.9829,400.3677,309.0871787213814,-95.07521617469057,9412.446401294364,loss,-0.30759999999997945,-587.5535987056236
2025-03-12 00:05:00+00:00,2025-03-12 00:10:00+00:00,buy,400.7253,400.4707,400.9799,400.9799,369.6954595952484,94.12446401294365,9506.570865307309,win,0.2545999999999822,-493.42913469267995
2025-03-12 02:00:00+00:00,2025-03-12 06:10:00+00:00,buy,400.75129999999996,400.52070000000003,400.9818999999999,400.9818999999999,412.2537235607296,95.06570865307309,9601.636573960383,win,0.23059999999992442,-398.36342603960685
2025-03-12 06:30:00+00:00,2025-03-12 06:35:00+00:00,buy,401.0123,400.9547,401.06989999999996,400.9547,1666.950794090939,-96.01636573960383,9505.620208220778,loss,-0.057599999999979445,-494.3797917792107
2025-03-12 07:00:00+00:00,2025-03-12 07:35:00+00:00,buy,401.0453,400.91470000000004,401.17589999999996,400.91470000000004,727.84228240611,-95.05620208220779,9410.564006138571,loss,-0.13059999999995853,-589.4359938614184
2025-03-12 08:05:00+00:00,2025-03-12 08:10:00+00:00,buy,401.08029999999997,400.9037,401.2568999999999,400.9037,532.8745190340427,-94.10564006138571,9316.458366077186,loss,-0.1765999999999508,-683.5416339228041
2025-03-12 08:55:00+00:00,2025-03-12 10:20:00+00:00,buy,401.3243,400.85470000000004,401.79389999999995,401.79389999999995,198.39136213965153,93.16458366077187,9409.622949737957,win,0.46959999999995716,-590.3770502620322
2025-03-12 10:30:00+00:00,2025-03-12 11:05:00+00:00,buy,401.8153,401.3047,402.32589999999993,401.3047,184.2856041860322,-94.09622949737957,9315.526720240578,loss,-0.510599999999954,-684.4732797594118
2025-03-12 15:05:00+00:00,2025-03-12 15:10:00+00:00,sell,399.6347,400.0953,399.1741,399.1741,202.24764915850173,93.15526720240578,9408.681987442984,win,-0.46059999999999945,-591.318012557006
2025-03-12 15:55:00+00:00,2025-03-13 12:20:00+00:00,sell,399.1547,399.8553,398.4541,399.8553,134.29463299233328,-94.08681987442984,9314.595167568554,loss,0.7006000000000085,-685.4048324314358
2025-03-13 14:05:00+00:00,2025-03-13 14:10:00+00:00,buy,400.5553,400.3947,400.7159,400.7159,579.9872458013228,93.14595167568554,9407.74111924424,win,0.16059999999998809,-592.2588807557503
2025-03-13 21:25:00+00:00,2025-03-13 22:35:00+00:00,buy,399.64529999999996,399.5147,399.7758999999999,399.5147,720.3477120403696,-94.0774111924424,9313.663708051798,loss,-0.13059999999995853,-686.3362919481926
2025-03-13 23:05:00+00:00,2025-03-14 00:20:00+00:00,sell,399.2457,399.57529999999997,398.91610000000003,399.57529999999997,282.5747484239266,-93.13663708051797,9220.52707097128,loss,0.3295999999999708,-779.4729290287106
2025-03-14 01:10:00+00:00,2025-03-14 01:15:00+00:00,sell,399.40070000000003,399.5833,399.21810000000005,399.5833,504.95767091852787,-92.2052707097128,9128.321800261567,loss,0.18259999999997945,-871.6781997384235
2025-03-14 02:05:00+00:00,2025-03-14 10:25:00+00:00,buy,399.7013,399.1307,400.2719,399.1307,159.97759902315732,-91.28321800261567,9037.03858225895,loss,-0.5706000000000131,-962.9614177410391
2025-03-14 11:15:00+00:00,2025-03-14 12:00:00+00:00,buy,399.5553,399.2147,399.8959,399.8959,265.3270282518816,90.37038582258951,9127.40896808154,win,0.3405999999999949,-872.5910319184496
2025-03-14 14:00:00+00:00,2025-03-16 23:00:00+00:00,sell,399.08770000000004,399.7553,398.4201000000001,398.4201000000001,136.71972690357117,91.2740896808154,9218.683057762355,win,-0.6675999999999362,-781.3169422376343
2025-03-17 07:05:00+00:00,2025-03-17 07:45:00+00:00,buy,399.4463,399.3677,399.5249,399.3677,1172.8604399189576,-92.18683057762355,9126.49622718473,loss,-0.07859999999999445,-873.5037728152579
2025-03-17 09:00:00+00:00,2025-03-17 09:10:00+00:00,buy,399.4333,399.2547,399.61189999999993,399.2547,511.0020283979147,-91.26496227184731,9035.231264912883,loss,-0.17859999999996035,-964.7687350871051
2025-03-17 09:30:00+00:00,2025-03-17 09:40:00+00:00,buy,399.4443,399.2237,399.6649,399.6649,409.5753066597134,90.35231264912883,9125.583577562013,win,0.22059999999999036,-874.4164224379763
2025-03-17 09:50:00+00:00,2025-03-17 10:20:00+00:00,buy,399.6753,399.2147,400.1359,399.2147,198.12382930008735,-91.25583577562013,9034.327741786392,loss,-0.46059999999999945,-965.6722582135964
2025-03-17 12:55:00+00:00,2025-03-17 13:35:00+00:00,buy,399.4853,399.06170000000003,399.90889999999996,399.06170000000003,213.27497029714684,-90.34327741786392,8943.984464368528,loss,-0.4235999999999649,-1056.0155356314604
2025-03-17 14:05:00+00:00,2025-03-17 14:30:00+00:00,sell,398.97470000000004,399.32529999999997,398.6241000000001,399.32529999999997,255.10509025585685,-89.43984464368529,8854.544619724844,loss,0.35059999999992897,-1145.4553802751457
2025-03-17 15:45:00+00:00,2025-03-17 15:50:00+00:00,sell,399.1367,399.2553,399.01810000000006,399.01810000000006,746.5889224053941,88.54544619724844,8943.090065922092,win,-0.11859999999995807,-1056.9099340778973
2025-03-17 16:00:00+00:00,2025-03-17 16:25:00+00:00,sell,398.6247,399.20529999999997,398.04410000000007,398.04410000000007,154.03186472481752,89.43090065922091,9032.520966581313,win,-0.5805999999999472,-967.4790334186764
2025-03-17 17:10:00+00:00,2025-03-19 09:25:00+00:00,sell,397.7837,398.7483,396.81910000000005,398.7483,93.64006807569638,-90.32520966581313,8942.1957569155,loss,0.9645999999999617,-1057.8042430844896
2025-03-19 09:35:00+00:00,2025-03-19 09:40:00+00:00,buy,398.7853,397.84470000000005,399.72589999999997,399.72589999999997,95.06905971630738,89.421957569155,9031.617714484655,win,0.9405999999999608,-968.3822855153346
2025-03-19 10:55:00+00:00,2025-03-19 11:35:00+00:00,buy,399.8973,398.8437,400.95089999999993,398.8437,85.72150450346426,-90.31617714484655,8941.301537339808,loss,-1.0535999999999603,-1058.6984626601811
2025-03-19 14:05:00+00:00,2025-03-19 15:55:00+00:00,buy,398.46529999999996,397.8147,399.1158999999999,399.1158999999999,137.43162522810678,89.41301537339807,9030.714552713207,win,0.6505999999999403,-969.2854472867831
2025-03-19 19:05:00+00:00,2025-03-19 19:10:00+00:00,buy,398.0453,397.9107,398.1799,398.1799,670.9297587455208,90.30714552713208,9121.02169824034,win,0.13459999999997763,-878.978301759651
2025-03-19 19:30:00+00:00,2025-03-19 19:50:00+00:00,buy,398.2253,397.91470000000004,398.53589999999997,398.53589999999997,293.65813580944484,91.2102169824034,9212.231915222743,win,0.31059999999996535,-787.7680847772476
2025-03-20 07:05:00+00:00,2025-03-20 08:20:00+00:00,buy,398.3053,398.1087,398.5019,398.5019,468.5774117611006,92.12231915222743,9304.35423437497,win,0.19659999999998945,-695.6457656250202
2025-03-20 08:30:00+00:00,2025-03-20 09:15:00+00:00,buy,398.6483,398.31170000000003,398.9849,398.9849,276.4216944258954,93.0435423437497,9397.39777671872,win,0.3365999999999758,-602.6022232812705
2025-03-20 09:25:00+00:00,2025-03-20 12:15:00+00:00,buy,399.0043,398.4397,399.5689,399.5689,166.44346044489868,93.97397776718721,9491.371754485908,win,0.5645999999999844,-508.62824551408335
2025-03-20 12:25:00+00:00,2025-03-20 13:25:00+00:00,buy,399.5953,399.0247,400.1659,399.0247,166.34019899203804,-94.91371754485908,9396.458036941049,loss,-0.5706000000000131,-603.5419630589424
2025-03-20 15:15:00+00:00,2025-03-20 16:00:00+00:00,buy,399.5953,399.1247,400.0659,399.1247,199.66974154146283,-93.96458036941048,9302.493456571638,loss,-0.47059999999999036,-697.5065434283529
2025-03-21 00:40:00+00:00,2025-03-21 01:00:00+00:00,sell,398.2907,398.5313,398.05010000000004,398.5313,386.63730077193327,-93.02493456571638,9209.468522005922,loss,0.24059999999997217,-790.5314779940693
2025-03-21 01:10:00+00:00,2025-03-21 02:05:00+00:00,sell,398.27070000000003,398.5953,397.94610000000006,398.5953,283.71745292688297,-92.09468522005922,9117.373836785862,loss,0.32459999999997535,-882.6261632141285
2025-03-21 05:20:00+00:00,2025-03-21 07:35:00+00:00,buy,398.83729999999997,398.69370000000004,398.9808999999999,398.9808999999999,634.9146125898307,91.17373836785862,9208.547575153721,win,0.14359999999993533,-791.4524248462699
2025-03-21 07:45:00+00:00,2025-03-21 07:55:00+00:00,buy,398.9933,398.7987,399.18789999999996,398.7987,473.20388361534805,-92.08547575153722,9116.462099402184,loss,-0.1945999999999799,-883.537900597807
2025-03-21 09:15:00+00:00,2025-03-21 10:30:00+00:00,buy,398.90529999999995,398.5407,399.2698999999999,399.2698999999999,250.04010146472052,91.16462099402185,9207.626720396207,win,0.364599999999939,-792.3732796037852
2025-03-21 11:55:00+00:00,2025-03-21 12:00:00+00:00,buy,399.1243,399.00370000000004,399.2449,399.00370000000004,763.4848026864577,-92.07626720396208,9115.550453192245,loss,-0.12059999999996762,-884.4495468077473
2025-03-21 12:40:00+00:00,2025-03-21 12:45:00+00:00,buy,399.1353,398.84470000000005,399.4258999999999,399.4258999999999,313.6803321815054,91.15550453192247,9206.705957724167,win,0.2905999999999267,-793.2940422758248
2025-03-21 14:10:00+00:00,2025-03-21 14:55:00+00:00,buy,399.15529999999995,398.9447,399.3658999999999,398.9447,437.16552505824677,-92.06705957724168,9114.638898146926,loss,-0.2105999999999426,-885.3611018530665
2025-03-21 18:05:00+00:00,2025-03-21 19:05:00+00:00,sell,398.17470000000003,398.82529999999997,397.5241000000001,397.5241000000001,140.09589453039905,91.14638898146926,9205.785287128396,win,-0.6505999999999403,-794.2147128715973
2025-03-21 19:15:00+00:00,2025-03-21 21:50:00+00:00,sell,397.47470000000004,397.95529999999997,396.9941000000001,396.9941000000001,191.54775878339248,92.05785287128396,9297.843139999679,win,-0.4805999999999244,-702.1568600003134
2025-03-21 22:30:00+00:00,2025-03-21 22:45:00+00:00,sell,396.8247,397.3553,396.2941,397.3553,175.23262608367526,-92.9784313999968,9204.864708599682,loss,0.5305999999999926,-795.1352914003102
2025-03-24 00:35:00+00:00,2025-03-24 01:55:00+00:00,sell,397.2887,397.44329999999997,397.13410000000005,397.13410000000005,595.3987521734862,92.0486470859968,9296.913355685678,win,-0.15459999999995944,-703.0866443143134
2025-03-24 02:05:00+00:00,2025-03-24 03:00:00+00:00,sell,396.9347,397.4353,396.43410000000006,397.4353,185.7154086233792,-92.96913355685678,9203.944222128821,loss,0.5005999999999631,-796.0557778711702
2025-03-24 03:15:00+00:00,2025-03-24 03:25:00+00:00,sell,397.2037,397.4453,396.9621000000001,397.4453,380.95795621402243,-92.03944222128821,9111.904779907532,loss,0.24159999999994852,-888.0952200924585
2025-03-24 04:00:00+00:00,2025-03-24 09:35:00+00:00,sell,397.1857,397.60429999999997,396.7671,397.60429999999997,217.67569947224555,-91.11904779907533,9020.785732108458,loss,0.41859999999996944,-979.2142678915338
2025-03-24 10:00:00+00:00,2025-03-24 11:00:00+00:00,sell,397.2697,397.8553,396.6841,397.8553,154.04347220130578,-90.20785732108457,8930.577874787374,loss,0.5855999999999995,-1069.4221252126183
2025-03-24 16:45:00+00:00,2025-03-25 09:40:00+00:00,buy,398.59729999999996,397.7117,399.4828999999999,399.4828999999999,100.84211692398192,89.30577874787375,9019.883653535248,win,0.885599999999954,-980.1163464647445
2025-03-25 12:00:00+00:00,2025-03-25 12:45:00+00:00,buy,398.7953,398.3947,399.1959,398.3947,225.1593523099179,-90.19883653535247,8929.684816999896,loss,-0.4005999999999972,-1070.315183000097
2025-03-25 14:05:00+00:00,2025-03-25 15:05:00+00:00,sell,397.42470000000003,397.90529999999995,396.9441000000001,397.90529999999995,185.8028467956991,-89.29684816999895,8840.387968829897,loss,0.4805999999999244,-1159.612031170096
2025-03-25 17:45:00+00:00,2025-03-26 09:20:00+00:00,buy,399.2353,398.49370000000005,399.97689999999994,399.97689999999994,119.20695750850203,88.40387968829897,8928.791848518196,win,0.7415999999999485,-1071.2081514817971
2025-03-26 10:35:00+00:00,2025-03-26 10:55:00+00:00,buy,399.8563,399.5047,400.20789999999994,400.20789999999994,253.94743596470866,89.28791848518196,9018.079767003379,win,0.35159999999996217,-981.9202329966151
2025-03-26 12:10:00+00:00,2025-03-26 13:15:00+00:00,buy,400.2203,399.8397,400.6009,400.6009,236.94376686818222,90.1807976700338,9108.260564673412,win,0.38060000000001537,-891.7394353265813
2025-03-26 13:30:00+00:00,2025-03-26 14:25:00+00:00,buy,400.6293,400.16970000000003,401.08889999999997,400.16970000000003,198.17799313912275,-91.08260564673412,9017.177959026678,loss,-0.45959999999996626,-982.8220409733154
2025-03-26 15:00:00+00:00,2025-03-26 17:10:00+00:00,buy,400.53029999999995,400.1447,400.9158999999999,400.1447,233.84797611586498,-90.17177959026678,8927.006179436412,loss,-0.385599999999954,-1072.9938205635822
2025-03-26 17:50:00+00:00,2025-03-26 19:10:00+00:00,buy,400.4153,400.08770000000004,400.74289999999996,400.08770000000004,272.4971361244648,-89.27006179436411,8837.736117642047,loss,-0.32759999999996126,-1162.2638823579464
2025-03-26 19:25:00+00:00,2025-03-26 19:35:00+00:00,buy,400.39329999999995,400.0667,400.7198999999999,400.7198999999999,270.59816649246767,88.37736117642048,8926.113478818468,win,0.32659999999992806,-1073.886521181526
2025-03-26 19:55:00+00:00,2025-03-26 22:55:00+00:00,buy,400.8433,400.15770000000003,401.52889999999996,400.15770000000003,130.19418726398658,-89.26113478818469,8836.852344030283,loss,-0.6855999999999653,-1163.1476559697107
2025-03-27 00:30:00+00:00,2025-03-27 12:35:00+00:00,buy,400.2453,399.6917,400.79889999999995,400.79889999999995,159.6252229774371,88.36852344030284,8925.220867470585,win,0.5535999999999603,-1074.779132529408
2025-03-27 12:45:00+00:00,2025-03-27 16:35:00+00:00,buy,400.8553,400.2147,401.4959,401.4959,139.32595796863095,89.25220867470586,9014.473076145292,win,0.6406000000000063,-985.5269238547021
2025-03-27 16:45:00+00:00,2025-03-27 16:50:00+00:00,buy,401.5823,401.0247,402.13989999999995,402.13989999999995,161.6655860140894,90.14473076145292,9104.617806906745,win,0.5575999999999794,-895.3821930932492
2025-03-27 23:50:00+00:00,2025-03-27 23:55:00+00:00,buy,400.9953,400.95070000000004,401.03989999999993,401.03989999999993,2041.3941271116169,91.04617806906745,9195.663984975812,win,0.044599999999945794,-804.3360150241817
2025-03-28 00:05:00+00:00,2025-03-28 02:00:00+00:00,buy,401.2713,400.95070000000004,401.59189999999995,400.95070000000004,286.8266994690289,-91.9566398497581,9103.707345126055,loss,-0.32059999999995625,-896.2926548739398
2025-03-28 02:10:00+00:00,2025-03-28 10:30:00+00:00,buy,401.5353,400.55870000000004,402.51189999999997,402.51189999999997,93.2183836281631,91.03707345126055,9194.744418577315,win,0.9765999999999622,-805.2555814226793
2025-03-28 10:55:00+00:00,2025-03-28 13:15:00+00:00,buy,402.53029999999995,401.90070000000003,403.1598999999999,403.1598999999999,146.04104857970785,91.94744418577315,9286.691862763088,win,0.6295999999999253,-713.3081372369061
2025-03-28 13:25:00+00:00,2025-03-28 15:55:00+00:00,buy,403.2323,402.6247,403.8399,402.6247,152.84219655634016,-92.86691862763088,9193.824944135456,loss,-0.6075999999999908,-806.175055864537
2025-03-28 16:05:00+00:00,2025-03-28 16:25:00+00:00,buy,402.8653,402.60470000000004,403.12589999999994,402.60470000000004,352.7945105194582,-91.93824944135457,9101.886694694102,loss,-0.260599999999954,-898.1133053058916
2025-03-28 17:50:00+00:00,2025-03-28 18:25:00+00:00,buy,402.6823,402.4707,402.8939,402.4707,430.14587404041316,-91.01886694694102,9010.86782774716,loss,-0.2115999999999758,-989.1321722528326
2025-03-31 08:05:00+00:00,2025-03-31 08:10:00+00:00,buy,402.1823,402.07070000000004,402.29389999999995,402.07070000000004,807.4254325941712,-90.10867827747161,8920.75914946969,loss,-0.11159999999995307,-1079.2408505303042
2025-03-31 08:55:00+00:00,2025-03-31 09:05:00+00:00,buy,402.2573,401.74170000000004,402.77289999999994,401.74170000000004,173.0170509982654,-89.2075914946969,8831.551557974994,loss,-0.5155999999999494,-1168.4484420250012
2025-03-31 12:15:00+00:00,2025-03-31 12:45:00+00:00,sell,401.6967,401.80129999999997,401.5921000000001,401.80129999999997,844.3165925410497,-88.31551557974994,8743.236042395243,loss,0.10459999999994807,-1256.763957604751
2025-03-31 15:05:00+00:00,2025-03-31 15:15:00+00:00,buy,402.2963,402.0247,402.56789999999995,402.0247,321.9159073047109,-87.43236042395243,8655.80368197129,loss,-0.2715999999999781,-1344.1963180287034
2025-03-31 16:10:00+00:00,2025-03-31 17:10:00+00:00,buy,402.3053,401.98470000000003,402.62589999999994,401.98470000000003,269.9876382399399,-86.55803681971291,8569.245645151577,loss,-0.32059999999995625,-1430.7543548484164
2025-03-31 17:25:00+00:00,2025-03-31 17:40:00+00:00,buy,402.3223,401.9637,402.68089999999995,402.68089999999995,238.96390533051763,85.69245645151578,8654.938101603093,win,0.35859999999996717,-1345.0618983969007
2025-03-31 17:50:00+00:00,2025-03-31 18:55:00+00:00,buy,402.6853,402.10470000000004,403.26589999999993,403.26589999999993,149.06886155018742,86.54938101603094,8741.487482619124,win,0.5805999999999472,-1258.5125173808697
2025-03-31 20:10:00+00:00,2025-03-31 23:05:00+00:00,buy,402.7303,402.5337,402.9269,402.9269,444.6331374679346,87.41487482619125,8828.902357445315,win,0.19659999999998945,-1171.0976425546785
2025-04-01 01:00:00+00:00,2025-04-01 02:05:00+00:00,buy,402.6353,402.52070000000003,402.7498999999999,402.7498999999999,770.4103278752197,88.28902357445315,8917.191381019768,win,0.11459999999993897,-1082.8086189802252
2025-04-01 02:30:00+00:00,2025-04-01 03:00:00+00:00,buy,402.7553,402.65070000000003,402.8598999999999,402.65070000000003,852.5039561208599,-89.17191381019768,8828.01946720957,loss,-0.10459999999994807,-1171.9805327904228
2025-04-01 03:10:00+00:00,2025-04-01 03:15:00+00:00,buy,402.7713,402.5747,402.9679,402.5747,449.0345608957296,-88.2801946720957,8739.739272537474,loss,-0.19659999999998945,-1260.2607274625184
2025-04-01 03:35:00+00:00,2025-04-01 04:30:00+00:00,buy,402.7963,402.5147,403.07789999999994,402.5147,310.36005939412064,-87.39739272537474,8652.341879812098,loss,-0.281599999999969,-1347.658120187893
2025-04-01 05:45:00+00:00,2025-04-01 06:30:00+00:00,buy,402.6053,402.42470000000003,402.78589999999997,402.42470000000003,479.0886976640942,-86.52341879812099,8565.818461013978,loss,-0.1805999999999699,-1434.181538986014
2025-04-01 06:45:00+00:00,2025-04-01 08:50:00+00:00,buy,402.65529999999995,402.2797,403.0308999999999,403.0308999999999,228.05693453181098,85.65818461013978,8651.476645624118,win,0.3755999999999631,-1348.523354375874
2025-04-01 09:00:00+00:00,2025-04-01 09:10:00+00:00,buy,403.09929999999997,402.72470000000004,403.4738999999999,403.4738999999999,230.95239310266248,86.51476645624118,8737.991412080359,win,0.3745999999999299,-1262.0085879196329
2025-04-01 09:25:00+00:00,2025-04-01 11:30:00+00:00,buy,403.5053,402.79970000000003,404.2108999999999,402.79970000000003,123.83774676985563,-87.37991412080359,8650.611497959555,loss,-0.7055999999999472,-1349.3885020404364
2025-04-01 13:10:00+00:00,2025-04-01 17:50:00+00:00,buy,402.7253,402.19870000000003,403.2519,402.19870000000003,164.2729110892516,-86.50611497959555,8564.10538297996,loss,-0.5265999999999735,-1435.894617020032
2025-04-01 18:10:00+00:00,2025-04-01 18:40:00+00:00,sell,402.16470000000004,402.3853,401.9441000000001,401.9441000000001,388.218739029127,85.6410538297996,8649.74643680976,win,-0.22059999999993352,-1350.2535631902324
2025-04-01 19:00:00+00:00,2025-04-01 19:55:00+00:00,sell,401.88570000000004,402.1753,401.5961000000001,401.5961000000001,298.67908966889655,86.49746436809761,8736.243901177859,win,-0.28959999999995034,-1263.7560988221348
2025-04-01 20:10:00+00:00,2025-04-01 21:55:00+00:00,sell,401.59470000000005,401.6753,401.5141000000001,401.6753,1083.9012284346882,-87.36243901177859,8648.88146216608,loss,0.08059999999994716,-1351.1185378339135
2025-04-01 23:10:00+00:00,2025-04-02 03:05:00+00:00,sell,401.7097,401.9183,401.5011,401.9183,414.61560221315915,-86.48881462166081,8562.39264754442,loss,0.2085999999999899,-1437.6073524555743
2025-04-02 03:45:00+00:00,2025-04-02 03:55:00+00:00,sell,401.6847,401.9753,401.39410000000004,401.9753,294.64530789899885,-85.62392647544422,8476.768721068976,loss,0.29059999999998354,-1523.2312789310186
2025-04-02 04:05:00+00:00,2025-04-02 08:55:00+00:00,sell,401.5907,401.9953,401.18610000000007,401.9953,209.50985469772186,-84.76768721068977,8392.001033858287,loss,0.40459999999995944,-1607.9989661417083
2025-04-02 09:15:00+00:00,2025-04-02 11:35:00+00:00,sell,401.48470000000003,402.0953,400.87410000000006,400.87410000000006,137.43860193020976,83.92001033858288,8475.92104419687,win,-0.6105999999999767,-1524.0789558031254
2025-04-02 11:45:00+00:00,2025-04-02 12:10:00+00:00,sell,400.87170000000003,401.0953,400.64810000000006,400.64810000000006,379.06623632369275,84.7592104419687,8560.680254638839,win,-0.22359999999997626,-1439.3197453611567
2025-04-02 12:35:00+00:00,2025-04-02 13:15:00+00:00,sell,400.6417,400.9873,400.2961,400.2961,247.70486847914,85.6068025463884,8646.287057185227,win,-0.34559999999999036,-1353.7129428147682
2025-04-02 14:45:00+00:00,2025-04-02 15:10:00+00:00,sell,400.5547,400.9153,400.19410000000005,400.9153,239.77501545163022,-86.46287057185228,8559.824186613376,loss,0.3605999999999767,-1440.1758133866206
2025-04-02 15:30:00+00:00,2025-04-02 16:05:00+00:00,sell,400.4547,401.0823,399.82710000000003,399.82710000000003,136.38980539537522,85.59824186613375,8645.42242847951,win,-0.6275999999999726,-1354.5775715204868
2025-04-02 16:15:00+00:00,2025-04-03 01:00:00+00:00,sell,399.73470000000003,400.70529999999997,398.7641000000001,400.70529999999997,89.07296959076963,-86.45422428479509,8558.968204194714,loss,0.9705999999999335,-1441.031795805282
2025-04-03 04:20:00+00:00,2025-04-03 08:25:00+00:00,sell,399.9947,400.5233,399.46610000000004,399.46610000000004,161.91767317811178,85.58968204194716,8644.557886236662,win,-0.5285999999999831,-1355.4421137633349
2025-04-03 13:25:00+00:00,2025-04-03 13:50:00+00:00,buy,400.9643,400.47470000000004,401.4538999999999,401.4538999999999,176.56368231694728,86.44557886236662,8731.00346509903,win,0.489599999999939,-1268.9965349009683
2025-04-03 15:05:00+00:00,2025-04-03 16:00:00+00:00,buy,401.50329999999997,401.0907,401.9158999999999,401.9158999999999,211.60939081677853,87.31003465099029,8818.31349975002,win,0.4125999999999408,-1181.686500249978
2025-04-03 16:20:00+00:00,2025-04-03 16:40:00+00:00,buy,402.0343,401.60470000000004,402.4638999999999,402.4638999999999,205.2680051152542,88.1831349975002,8906.49663474752,win,0.4295999999999367,-1093.5033652524778
2025-04-03 16:50:00+00:00,2025-04-03 17:20:00+00:00,buy,402.4853,401.92470000000003,403.04589999999996,401.92470000000003,158.8743602345357,-89.0649663474752,8817.431668400044,loss,-0.5605999999999653,-1182.5683315999531
2025-04-03 18:00:00+00:00,2025-04-03 18:15:00+00:00,buy,402.4823,401.8747,403.0899,403.0899,145.11902021725112,88.17431668400044,8905.605985084045,win,0.6075999999999908,-1094.3940149159528
2025-04-03 19:15:00+00:00,2025-04-04 10:00:00+00:00,buy,403.2353,402.0847,404.3859,404.3859,77.39966960789212,89.05605985084046,8994.662044934885,win,1.1505999999999972,-1005.3379550651123
2025-04-04 10:55:00+00:00,2025-04-04 12:20:00+00:00,buy,404.5843,403.7547,405.41389999999996,405.41389999999996,108.42167363711671,89.94662044934886,9084.608665384234,win,0.8295999999999708,-915.3913346157634
2025-04-04 12:30:00+00:00,2025-04-04 13:50:00+00:00,buy,405.4683,404.7147,406.2219,406.2219,120.54947804384506,90.84608665384233,9175.454752038077,win,0.7536000000000058,-824.5452479619211
2025-04-04 14:10:00+00:00,2025-04-04 14:35:00+00:00,buy,406.71529999999996,405.4547,407.9758999999999,405.4547,72.78640926573387,-91.75454752038077,9083.700204517696,loss,-1.260599999999954,-916.2997954823019
2025-04-04 16:55:00+00:00,2025-04-04 17:05:00+00:00,buy,405.2353,404.34470000000005,406.12589999999994,406.12589999999994,101.99528637455886,90.83700204517696,9174.537206562873,win,0.8905999999999494,-825.4627934371249
2025-04-04 17:15:00+00:00,2025-04-07 00:20:00+00:00,buy,406.5653,404.4547,408.67589999999996,404.4547,43.46885817569873,-91.74537206562873,9082.791834497244,loss,-2.1105999999999767,-917.2081655027537
2025-04-07 01:05:00+00:00,2025-04-07 01:10:00+00:00,buy,405.4473,404.8747,406.01989999999995,406.01989999999995,158.62367856265783,90.82791834497245,9173.619752842216,win,0.5725999999999658,-826.3802471577812
2025-04-07 01:35:00+00:00,2025-04-07 09:15:00+00:00,buy,406.2213,404.76370000000003,407.67889999999994,407.67889999999994,62.936469215439686,91.73619752842217,9265.355950370638,win,1.4575999999999567,-734.6440496293591
2025-04-07 09:25:00+00:00,2025-04-07 09:45:00+00:00,buy,407.7933,407.0297,408.5569,407.0297,121.33782019867311,-92.65355950370639,9172.702390866933,loss,-0.7635999999999967,-827.2976091330654
2025-04-07 10:20:00+00:00,2025-04-07 11:45:00+00:00,buy,408.1873,406.9947,409.37989999999996,406.9947,76.91348642350462,-91.72702390866934,9080.975366958262,loss,-1.1925999999999704,-919.0246330417348
2025-04-07 12:05:00+00:00,2025-04-07 13:35:00+00:00,buy,408.0353,406.98470000000003,409.0859,406.98470000000003,86.4360876352416,-90.80975366958262,8990.16561328868,loss,-1.0505999999999744,-1009.8343867113174
2025-04-07 14:40:00+00:00,2025-04-07 17:10:00+00:00,buy,407.7083,406.7737,408.6429,406.7737,96.19265582376188,-89.9016561328868,8900.263957155794,loss,-0.934599999999989,-1099.7360428442041
2025-04-07 17:40:00+00:00,2025-04-08 09:05:00+00:00,buy,408.5103,406.14070000000004,410.8798999999999,406.14070000000004,37.560195632832716,-89.00263957155794,8811.261317584236,loss,-2.3695999999999344,-1188.738682415762
2025-04-08 11:45:00+00:00,2025-04-08 12:25:00+00:00,buy,407.8143,407.1147,408.5139,408.5139,125.94713146919021,88.11261317584237,8899.373930760079,win,0.6995999999999754,-1100.6260692399196
2025-04-08 21:10:00+00:00,2025-04-08 23:35:00+00:00,buy,407.5053,406.9047,408.10589999999996,408.10589999999996,148.17472412188295,88.99373930760079,8988.36767006768,win,0.6005999999999858,-1011.6323299323188
2025-04-09 01:00:00+00:00,2025-04-09 01:10:00+00:00,buy,407.6753,407.64070000000004,407.70989999999995,407.64070000000004,2597.7941243004043,-89.8836767006768,8898.483993367005,loss,-0.03459999999995489,-1101.5160066329956
2025-04-09 02:05:00+00:00,2025-04-09 02:10:00+00:00,buy,407.30129999999997,407.3007,407.30189999999993,407.30189999999993,148308.066565244,88.98483993367005,8987.468833300674,win,0.0005999999999630745,-1012.5311666993256
2025-04-09 02:35:00+00:00,2025-04-09 03:00:00+00:00,buy,407.4303,407.3007,407.55989999999997,407.55989999999997,693.4775334337894,89.87468833300674,9077.34352163368,win,0.12959999999998217,-922.6564783663189
2025-04-09 03:10:00+00:00,2025-04-09 05:00:00+00:00,buy,407.6753,407.3847,407.9659,407.3847,312.36557197640036,-90.77343521633681,8986.570086417343,loss,-0.29059999999998354,-1013.4299135826557
2025-04-09 05:20:00+00:00,2025-04-09 06:55:00+00:00,buy,407.64529999999996,407.34470000000005,407.9458999999999,407.9458999999999,298.95442735927503,89.86570086417343,9076.435787281516,win,0.3005999999999176,-923.5642127184823
2025-04-09 07:05:00+00:00,2025-04-09 07:25:00+00:00,buy,407.9853,407.6617,408.3089,408.3089,280.48318254887346,90.76435787281517,9167.200145154331,win,0.323599999999999,-832.7998548456671
2025-04-09 08:10:00+00:00,2025-04-09 15:20:00+00:00,buy,408.5553,407.8797,409.23089999999996,409.23089999999996,135.68975940134217,91.67200145154331,9258.872146605874,win,0.6755999999999744,-741.1278533941238
2025-04-09 15:30:00+00:00,2025-04-09 16:40:00+00:00,buy,409.3053,408.74670000000003,409.86389999999994,408.74670000000003,165.75138107065175,-92.58872146605874,9166.283425139816,loss,-0.5585999999999558,-833.7165748601825
2025-04-09 17:55:00+00:00,2025-04-09 18:00:00+00:00,buy,409.0893,408.66970000000003,409.5088999999999,409.5088999999999,218.45289383081507,91.66283425139817,9257.946259391214,win,0.4195999999999458,-742.0537406087843
2025-04-09 21:05:00+00:00,2025-04-09 21:15:00+00:00,sell,405.42170000000004,406.6653,404.1781000000001,404.1781000000001,74.4447270777704,92.57946259391214,9350.525721985126,win,-1.243599999999958,-649.4742780148722
2025-04-09 21:40:00+00:00,2025-04-10 10:30:00+00:00,sell,402.5547,406.0623,399.04710000000006,406.0623,26.65790204694153,-93.50525721985126,9257.020464765275,loss,3.507599999999968,-742.9795352347235
2025-04-10 15:25:00+00:00,2025-04-10 16:25:00+00:00,buy,406.71529999999996,405.90070000000003,407.5298999999999,407.5298999999999,113.63884685448194,92.57020464765276,9349.590669412928,win,0.8145999999999276,-650.4093305870707
2025-04-10 16:35:00+00:00,2025-04-10 18:40:00+00:00,buy,407.6473,406.7047,408.58989999999994,406.7047,99.189376929909,-93.49590669412929,9256.094762718798,loss,-0.9425999999999704,-743.9052372812
2025-04-10 18:55:00+00:00,2025-04-10 22:45:00+00:00,buy,407.7723,406.0777,409.46689999999995,406.0777,54.62111862810639,-92.56094762718799,9163.53381509161,loss,-1.69459999999998,-836.466184908388
2025-04-11 01:10:00+00:00,2025-04-11 02:55:00+00:00,buy,407.1613,406.10470000000004,408.21789999999993,406.10470000000004,86.72661191644973,-91.63533815091613,9071.898476940694,loss,-1.0565999999999462,-928.1015230593041
2025-04-11 07:25:00+00:00,2025-04-11 07:50:00+00:00,buy,407.01529999999997,406.8247,407.20589999999993,407.20589999999993,475.96529259929486,90.71898476940694,9162.6174617101,win,0.1905999999999608,-837.3825382898972
2025-04-11 08:10:00+00:00,2025-04-11 08:45:00+00:00,buy,407.2553,406.8747,407.63589999999994,406.8747,240.74139415951387,-91.626174617101,9070.991287093,loss,-0.3805999999999585,-929.0087129069982
2025-04-11 09:00:00+00:00,2025-04-11 10:35:00+00:00,buy,407.3853,406.4397,408.33089999999993,408.33089999999993,95.9284188567409,90.70991287093,9161.70119996393,win,0.9455999999999563,-838.2988000360682
2025-04-11 10:50:00+00:00,2025-04-11 11:50:00+00:00,buy,408.53029999999995,407.5247,409.5358999999999,409.5358999999999,91.10681384212717,91.6170119996393,9253.31821196357,win,1.0055999999999585,-746.6817880364289
2025-04-11 12:10:00+00:00,2025-04-11 12:25:00+00:00,buy,409.57529999999997,408.8347,410.31589999999994,410.31589999999994,124.94353513318819,92.5331821196357,9345.851394083205,win,0.7405999999999722,-654.1486059167931
2025-04-11 12:35:00+00:00,2025-04-11 13:55:00+00:00,buy,410.33029999999997,409.0297,411.63089999999994,409.0297,71.85799933940788,-93.45851394083205,9252.392880142374,loss,-1.3005999999999744,-747.6071198576252
2025-04-11 16:15:00+00:00,2025-04-11 16:25:00+00:00,buy,409.0953,408.5047,409.6859,409.6859,156.66090213583564,92.52392880142374,9344.916808943797,win,0.5905999999999949,-655.0831910562015
2025-04-11 16:35:00+00:00,2025-04-14 00:00:00+00:00,buy,409.7953,408.8647,410.72589999999997,408.8647,100.41819051089728,-93.44916808943798,9251.46764085436,loss,-0.9305999999999699,-748.5323591456395
2025-04-14 00:30:00+00:00,2025-04-15 14:25:00+00:00,buy,409.65529999999995,408.40070000000003,410.9098999999999,408.40070000000003,73.74037654116779,-92.51467640854361,9158.952964445816,loss,-1.2545999999999253,-841.0470355541831
2025-04-15 14:55:00+00:00,2025-04-22 15:20:00+00:00,sell,407.24870000000004,409.4153,405.0821000000001,409.4153,42.27339132486839,-91.58952964445817,9067.363434801358,loss,2.16659999999996,-932.6365651986413
2025-04-22 15:30:00+00:00,2025-04-22 16:05:00+00:00,buy,409.4923,409.1347,409.8499,409.1347,253.56161730429505,-90.67363434801358,8976.689800453345,loss,-0.3575999999999908,-1023.3101995466549
2025-04-22 17:55:00+00:00,2025-04-22 18:05:00+00:00,buy,408.6853,408.3057,409.06489999999997,408.3057,236.47760275167983,-89.76689800453345,8886.922902448812,loss,-0.3795999999999822,-1113.0770975511882
2025-04-22 19:20:00+00:00,2025-04-22 23:10:00+00:00,buy,408.4353,408.18670000000003,408.68389999999994,408.68389999999994,357.47879736325314,88.86922902448812,8975.792131473301,win,0.24859999999995352,-1024.2078685267002
2025-04-22 23:25:00+00:00,2025-04-23 00:55:00+00:00,buy,408.7853,408.4447,409.1259,408.4447,263.52883533392355,-89.75792131473303,8886.034210158568,loss,-0.3405999999999949,-1113.9657898414332
2025-04-23 13:05:00+00:00,2025-04-23 13:15:00+00:00,buy,408.4753,408.23470000000003,408.7159,408.7159,369.3281051604155,88.86034210158569,8974.894552260153,win,0.24059999999997217,-1025.1054477398475
2025-04-23 14:30:00+00:00,2025-04-23 14:35:00+00:00,buy,408.6053,408.4067,408.8039,408.8039,451.9080842024269,89.74894552260153,9064.643497782756,win,0.198599999999999,-935.356502217246
2025-04-23 15:00:00+00:00,2025-04-23 16:35:00+00:00,buy,408.83029999999997,408.4067,409.25389999999993,408.4067,213.99063970216022,-90.64643497782755,8973.997062804929,loss,-0.4235999999999649,-1026.0029371950736
2025-04-23 18:25:00+00:00,2025-04-23 19:15:00+00:00,buy,408.5893,408.14770000000004,409.0308999999999,409.0308999999999,203.2155131976043,89.73997062804929,9063.737033432977,win,0.44159999999993715,-936.2629665670244
2025-04-23 21:20:00+00:00,2025-04-23 23:45:00+00:00,buy,408.6953,408.0817,409.30889999999994,408.0817,147.71409767655686,-90.63737033432977,8973.099663098646,loss,-0.6135999999999626,-1026.9003369013542
2025-04-24 01:05:00+00:00,2025-04-24 09:55:00+00:00,buy,408.32529999999997,407.9307,408.71989999999994,407.9307,227.39735588188958,-89.73099663098647,8883.36866646766,loss,-0.39459999999996853,-1116.6313335323407
2025-04-24 10:05:00+00:00,2025-04-24 11:55:00+00:00,sell,407.8747,408.51529999999997,407.23410000000007,407.23410000000007,138.672629823109,88.8336866646766,8972.202353132338,win,-0.6405999999999494,-1027.797646867664
2025-04-24 13:25:00+00:00,2025-04-24 13:45:00+00:00,sell,407.3767,407.6953,407.0581000000001,407.0581000000001,281.61338208204137,89.72202353132337,9061.924376663661,win,-0.3185999999999467,-938.0756233363406
2025-04-24 14:10:00+00:00,2025-04-24 15:25:00+00:00,sell,407.04670000000004,407.45529999999997,406.6381000000001,406.6381000000001,221.77984279651,90.61924376663661,9152.543620430297,win,-0.4085999999999217,-847.456379569704
2025-04-24 15:50:00+00:00,2025-04-24 19:25:00+00:00,sell,406.6317,407.2453,406.01810000000006,406.01810000000006,149.16140189750416,91.52543620430298,9244.0690566346,win,-0.6135999999999626,-755.930943365401
2025-04-24 21:55:00+00:00,2025-04-24 22:40:00+00:00,sell,406.21770000000004,406.3723,406.0631000000001,406.3723,597.9346090968322,-92.440690566346,9151.628366068255,loss,0.15459999999995944,-848.371633931747
2025-04-24 23:20:00+00:00,2025-04-24 23:30:00+00:00,sell,406.1807,406.3803,405.9811,405.9811,458.4984151337367,91.51628366068255,9243.144649728938,win,-0.19959999999997535,-756.8553502710645
2025-04-25 00:55:00+00:00,2025-04-25 01:15:00+00:00,sell,405.84970000000004,405.9273,405.7721000000001,405.9273,1191.1268878522621,-92.43144649728939,9150.71320323165,loss,0.07759999999996126,-849.2867967683538
2025-04-25 03:50:00+00:00,2025-04-25 09:20:00+00:00,sell,406.1417,406.4753,405.8081,406.4753,274.3019545333311,-91.50713203231649,9059.206071199333,loss,0.3335999999999899,-940.7939288006703
2025-04-25 15:05:00+00:00,2025-04-25 15:10:00+00:00,sell,406.4547,406.6253,406.2841,406.2841,531.0202855334378,90.59206071199333,9149.798131911326,win,-0.170599999999979,-850.201868088677
2025-04-25 15:20:00+00:00,2025-04-25 16:15:00+00:00,sell,406.14070000000004,406.58529999999996,405.6961000000001,405.6961000000001,205.79842851805915,91.49798131911326,9241.296113230439,win,-0.44459999999992306,-758.7038867695637
2025-04-25 17:45:00+00:00,2025-04-25 17:55:00+00:00,sell,405.8947,406.14529999999996,405.64410000000004,405.64410000000004,368.766804199194,92.41296113230439,9333.709074362743,win,-0.2505999999999631,-666.2909256372593
2025-04-25 18:20:00+00:00,2025-04-25 19:10:00+00:00,sell,405.6317,406.0523,405.21110000000004,405.21110000000004,221.91414822546858,93.33709074362743,9427.04616510637,win,-0.420599999999979,-572.9538348936319
2025-04-25 22:00:00+00:00,2025-04-25 23:45:00+00:00,sell,405.3747,405.5953,405.1541,405.1541,427.33663486431476,94.27046165106371,9521.316626757434,win,-0.22059999999999036,-478.68337324256817
2025-04-28 00:00:00+00:00,2025-04-28 00:05:00+00:00,sell,405.1247,405.5343,404.71510000000006,404.71510000000006,232.4540192079708,95.21316626757435,9616.529793025009,win,-0.4095999999999549,-383.4702069749938
2025-04-28 02:55:00+00:00,2025-04-28 03:00:00+00:00,sell,405.52070000000003,405.5553,405.4861000000001,405.5553,2779.3438708201,-96.16529793025009,9520.364495094758,loss,0.03459999999995489,-479.6355049052439
2025-04-28 03:10:00+00:00,2025-04-28 09:00:00+00:00,sell,405.4947,405.90529999999995,405.0841000000001,405.0841000000001,231.86469788349615,95.20364495094758,9615.568140045705,win,-0.41059999999993124,-384.4318599542963
2025-04-28 09:10:00+00:00,2025-04-28 15:00:00+00:00,sell,404.9687,405.64529999999996,404.29210000000006,404.29210000000006,142.11599379317772,96.15568140045706,9711.723821446161,win,-0.6765999999999508,-288.27617855383926
2025-04-28 16:15:00+00:00,2025-04-29 11:45:00+00:00,sell,404.45570000000004,405.07529999999997,403.8361000000001,403.8361000000001,156.7418305591864,97.11723821446162,9808.841059660623,win,-0.6195999999999344,-191.15894033937764
2025-04-29 11:55:00+00:00,2025-04-29 13:00:00+00:00,sell,403.6967,404.1893,403.20410000000004,404.1893,199.1238542359112,-98.08841059660622,9710.752649064016,loss,0.4925999999999817,-289.24735093598383
2025-04-29 14:20:00+00:00,2025-04-29 14:25:00+00:00,sell,403.9547,404.1033,403.8061,403.8061,653.4826816328953,97.10752649064015,9807.860175554655,win,-0.14859999999998763,-192.13982444534366
2025-04-29 14:35:00+00:00,2025-04-29 15:20:00+00:00,sell,403.7517,404.1083,403.39510000000007,404.1083,275.03814289276,-98.07860175554656,9709.781573799108,loss,0.3565999999999576,-290.21842620089024
2025-04-29 18:35:00+00:00,2025-04-30 02:40:00+00:00,sell,404.0097,404.4333,403.58610000000004,403.58610000000004,229.22052818224535,97.09781573799108,9806.879389537098,win,-0.4235999999999649,-193.12061046289915
2025-04-30 03:55:00+00:00,2025-04-30 09:20:00+00:00,sell,404.0547,404.2953,403.81410000000005,403.81410000000005,407.60097213375866,98.06879389537099,9904.948183432469,win,-0.24059999999997217,-95.05181656752816
2025-04-30 11:35:00+00:00,2025-04-30 11:40:00+00:00,buy,404.1353,403.7407,404.52989999999994,404.52989999999994,251.01237160246475,99.0494818343247,10003.997665266794,win,0.39459999999996853,3.997665266796531
2025-04-30 12:55:00+00:00,2025-04-30 14:15:00+00:00,buy,404.33529999999996,404.1667,404.50389999999993,404.1667,593.3569196481974,-100.03997665266795,9903.957688614126,loss,-0.16859999999996944,-96.04231138587141
2025-04-30 15:05:00+00:00,2025-04-30 15:40:00+00:00,sell,403.91470000000004,404.20529999999997,403.6241000000001,404.20529999999997,340.8106568691199,-99.03957688614126,9804.918111727984,loss,0.2905999999999267,-195.0818882720127
2025-04-30 17:20:00+00:00,2025-04-30 18:30:00+00:00,buy,404.4353,403.80670000000003,405.06389999999993,403.80670000000003,155.9802435846131,-98.04918111727984,9706.868930610704,loss,-0.628599999999949,-293.1310693892925
2025-04-30 19:05:00+00:00,2025-04-30 21:15:00+00:00,buy,404.3853,404.1017,404.66889999999995,404.66889999999995,342.2732345067503,97.06868930610705,9803.937619916811,win,0.28359999999997854,-196.06238008318547
2025-04-30 21:30:00+00:00,2025-04-30 22:35:00+00:00,buy,404.6753,404.4347,404.91589999999997,404.4347,407.47870406974005,-98.03937619916812,9705.898243717644,loss,-0.24059999999997217,-294.10175628235356
2025-04-30 23:55:00+00:00,2025-05-01 00:45:00+00:00,buy,404.49629999999996,404.3077,404.6848999999999,404.3077,514.628750992585,-97.05898243717644,9608.839261280467,loss,-0.18859999999995125,-391.16073871953
2025-05-01 01:05:00+00:00,2025-05-01 10:15:00+00:00,buy,404.4153,403.8877,404.9429,404.9429,182.12356446702702,96.08839261280468,9704.927653893272,win,0.5276000000000067,-295.0723461067253
2025-05-01 10:25:00+00:00,2025-05-01 11:20:00+00:00,buy,404.9453,404.73470000000003,405.1558999999999,404.73470000000003,460.8227755886,-97.04927653893272,9607.878377354338,loss,-0.2105999999999426,-392.121622645658
2025-05-01 14:15:00+00:00,2025-05-01 14:20:00+00:00,sell,403.88570000000004,404.02529999999996,403.7461000000001,403.7461000000001,688.2434367736463,96.07878377354338,9703.957161127883,win,-0.13959999999991624,-296.04283887211466
2025-05-01 16:45:00+00:00,2025-05-01 16:55:00+00:00,sell,403.88870000000003,404.0313,403.74610000000007,404.0313,680.501904707621,-97.03957161127883,9606.917589516604,loss,0.14259999999995898,-393.08241048339346
2025-05-01 17:15:00+00:00,2025-05-01 18:55:00+00:00,sell,403.77570000000003,404.1843,403.36710000000005,404.1843,235.11790478504915,-96.06917589516604,9510.84841362144,loss,0.40859999999997854,-489.1515863785595
2025-05-01 20:35:00+00:00,2025-05-01 21:30:00+00:00,sell,403.93670000000003,404.1253,403.7481000000001,404.1253,504.2867663639395,-95.1084841362144,9415.739929485226,loss,0.18859999999995125,-584.2600705147739
2025-05-01 22:55:00+00:00,2025-05-01 23:00:00+00:00,sell,404.0897,404.1663,404.0131,404.0131,1229.2088680792535,94.15739929485227,9509.897328780078,win,-0.0765999999999849,-490.10267121992166
2025-05-02 02:55:00+00:00,2025-05-02 09:50:00+00:00,sell,403.9707,404.3963,403.54510000000005,403.54510000000005,223.44683573262805,95.09897328780079,9604.996302067879,win,-0.42559999999997444,-395.0036979321209
2025-05-02 10:00:00+00:00,2025-05-02 10:30:00+00:00,sell,403.34470000000005,403.83529999999996,402.85410000000013,403.83529999999996,195.78060134670886,-96.04996302067879,9508.9463390472,loss,0.4905999999999153,-491.05366095279965
2025-05-02 11:05:00+00:00,2025-05-02 12:55:00+00:00,sell,403.1137,403.8463,402.3811,403.8463,129.79724732524323,-95.089463390472,9413.856875656727,loss,0.7325999999999908,-586.1431243432717
2025-05-02 18:05:00+00:00,2025-05-02 18:35:00+00:00,buy,404.3053,404.0047,404.60589999999996,404.60589999999996,313.16889140577274,94.13856875656728,9507.995444413295,win,0.30059999999997444,-492.0045555867044
2025-05-02 18:45:00+00:00,2025-05-02 19:00:00+00:00,buy,404.6253,404.35470000000004,404.8958999999999,404.35470000000004,351.36716350388883,-95.07995444413295,9412.915489969162,loss,-0.2705999999999449,-587.0845100308374
2025-05-02 23:30:00+00:00,2025-05-02 23:35:00+00:00,buy,404.2553,404.1947,404.31589999999994,404.31589999999994,1553.2863844842484,94.12915489969163,9507.044644868854,win,0.06059999999996535,-492.9553551311457
2025-05-05 01:05:00+00:00,2025-05-05 01:10:00+00:00,buy,403.9013,403.7697,404.0329,404.0329,722.4198058411438,95.07044644868854,9602.115091317542,win,0.13159999999999172,-397.8849086824572
2025-05-05 03:10:00+00:00,2025-05-05 03:15:00+00:00,sell,403.9207,403.96529999999996,403.87610000000006,403.87610000000006,2152.9406034370436,96.02115091317545,9698.136242230717,win,-0.044599999999945794,-301.86375776928173
2025-05-05 03:25:00+00:00,2025-05-05 09:05:00+00:00,sell,403.85470000000004,404.26529999999997,403.4441000000001,404.26529999999997,236.1942582131598,-96.98136242230717,9601.15487980841,loss,0.41059999999993124,-398.8451201915889
2025-05-05 09:20:00+00:00,2025-05-05 10:35:00+00:00,buy,404.2673,403.97470000000004,404.5598999999999,403.97470000000004,328.1324292484792,-96.01154879808409,9505.143331010326,loss,-0.29259999999993624,-494.856668989673
2025-05-05 10:45:00+00:00,2025-05-05 14:40:00+00:00,sell,403.9447,404.3413,403.54810000000003,404.3413,239.66574208297658,-95.05143331010326,9410.091897700222,loss,0.3965999999999781,-589.9081022997763
2025-05-05 14:50:00+00:00,2025-05-05 15:55:00+00:00,buy,404.3453,404.02070000000003,404.6699,404.02070000000003,289.8980868053277,-94.10091897700222,9315.990978723219,loss,-0.32459999999997535,-684.0090212767785
2025-05-05 16:05:00+00:00,2025-05-05 16:10:00+00:00,sell,403.97470000000004,404.3053,403.6441000000001,403.6441000000001,281.790410729725,93.1599097872322,9409.15088851045,win,-0.33059999999994716,-590.8491114895463
2025-05-05 16:20:00+00:00,2025-05-05 18:35:00+00:00,sell,403.5647,404.20529999999997,402.92410000000007,402.92410000000007,146.88028236826713,94.0915088851045,9503.242397395556,win,-0.6405999999999494,-496.7576026044418
2025-05-05 20:05:00+00:00,2025-05-05 20:10:00+00:00,sell,403.2547,403.3153,403.19410000000005,403.3153,1568.1918147526387,-95.03242397395556,9408.2099734216,loss,0.06059999999996535,-591.7900265783974
2025-05-05 21:25:00+00:00,2025-05-05 21:50:00+00:00,sell,403.2797,403.3343,403.2251,403.3343,1723.1153797477498,-94.08209973421602,9314.127873687385,loss,0.05459999999999354,-685.8721263126134
2025-05-05 22:15:00+00:00,2025-05-05 23:45:00+00:00,sell,403.2507,403.3363,403.1651,403.3363,1088.099050664421,-93.14127873687384,9220.986594950511,loss,0.08559999999999945,-779.0134050494872
2025-05-06 00:25:00+00:00,2025-05-06 02:55:00+00:00,sell,403.2497,403.3553,403.14410000000004,403.3553,873.1994881583473,-92.20986594950512,9128.776729001005,loss,0.10559999999998126,-871.2232709989923
2025-05-06 03:05:00+00:00,2025-05-06 09:05:00+00:00,sell,403.2547,403.6203,402.88910000000004,403.6203,249.69301775168765,-91.28776729001005,9037.488961710995,loss,0.36559999999997217,-962.5110382890024
2025-05-06 11:35:00+00:00,2025-05-06 11:45:00+00:00,buy,404.1253,403.79470000000003,404.45589999999993,404.45589999999993,273.3662722841028,90.37488961710994,9127.863851328104,win,0.33059999999994716,-872.1361486718924
2025-05-06 11:55:00+00:00,2025-05-07 00:30:00+00:00,buy,404.9153,403.8847,405.9459,403.8847,88.56844412311439,-91.27863851328104,9036.585212814824,loss,-1.0305999999999926,-963.4147871851735
2025-05-07 04:30:00+00:00,2025-05-07 09:05:00+00:00,buy,404.58529999999996,404.1017,405.0688999999999,404.1017,186.8607364105756,-90.36585212814823,8946.219360686675,loss,-0.48359999999996717,-1053.7806393133217
2025-05-07 09:15:00+00:00,2025-05-07 09:25:00+00:00,buy,404.4253,404.0767,404.77389999999997,404.77389999999997,256.6327986427792,89.46219360686675,9035.681554293542,win,0.34859999999997626,-964.3184457064549
2025-05-07 11:35:00+00:00,2025-05-07 12:30:00+00:00,buy,404.33529999999996,403.9347,404.7358999999999,403.9347,225.5537082949298,-90.35681554293542,8945.324738750607,loss,-0.40059999999994034,-1054.6752612493904
2025-05-07 14:55:00+00:00,2025-05-07 15:05:00+00:00,sell,403.8947,404.08529999999996,403.70410000000004,403.70410000000004,469.3244878673896,89.45324738750607,9034.777986138113,win,-0.1905999999999608,-965.2220138618843
2025-05-07 16:50:00+00:00,2025-05-07 17:10:00+00:00,sell,403.6897,403.9953,403.38410000000005,403.9953,295.6406409076899,-90.34777986138113,8944.430206276733,loss,0.3055999999999699,-1055.5697937232653
2025-05-07 18:20:00+00:00,2025-05-08 09:15:00+00:00,sell,404.09470000000005,404.4303,403.7591000000001,404.4303,266.52056633725454,-89.44430206276732,8854.985904213965,loss,0.3355999999999426,-1145.0140957860326
2025-05-08 09:30:00+00:00,2025-05-08 10:40:00+00:00,buy,404.51529999999997,404.2047,404.82589999999993,404.82589999999993,285.09291385109316,88.54985904213966,8943.535763256104,win,0.31059999999996535,-1056.464236743893
2025-05-08 11:05:00+00:00,2025-05-08 12:35:00+00:00,buy,404.9353,404.5147,405.35589999999996,405.35589999999996,212.63755975407875,89.43535763256105,9032.971120888666,win,0.420599999999979,-967.028879111332
2025-05-08 12:45:00+00:00,2025-05-08 13:20:00+00:00,buy,405.36629999999997,404.8647,405.8678999999999,405.8678999999999,180.0831563175789,90.32971120888666,9123.300832097551,win,0.5015999999999394,-876.6991679024453
2025-05-08 13:30:00+00:00,2025-05-08 14:20:00+00:00,buy,405.8753,405.35470000000004,406.3958999999999,405.35470000000004,175.24588613327924,-91.23300832097551,9032.067823776575,loss,-0.5205999999999449,-967.9321762234208
2025-05-08 14:50:00+00:00,2025-05-08 15:10:00+00:00,buy,405.8123,405.22470000000004,406.39989999999995,405.22470000000004,153.71116105815707,-90.32067823776575,8941.74714553881,loss,-0.5875999999999522,-1058.2528544611866
2025-05-08 17:10:00+00:00,2025-05-08 17:15:00+00:00,buy,405.1853,404.7397,405.63089999999994,405.63089999999994,200.66757507943643,89.4174714553881,9031.164616994198,win,0.44559999999995625,-968.8353830057986
2025-05-08 17:30:00+00:00,2025-05-09 00:00:00+00:00,buy,405.7443,405.0047,406.4839,405.0047,122.10876983496821,-90.31164616994198,8940.852970824255,loss,-0.7395999999999958,-1059.1470291757405
2025-05-09 03:45:00+00:00,2025-05-09 17:55:00+00:00,buy,405.40529999999995,403.7547,407.0558999999999,403.7547,54.167290505419714,-89.40852970824255,8851.444441116013,loss,-1.6505999999999403,-1148.555558883983
2025-05-09 19:10:00+00:00,2025-05-09 20:00:00+00:00,sell,403.75370000000004,403.91229999999996,403.5951000000001,403.91229999999996,558.0986406759384,-88.51444441116013,8762.929996704854,loss,0.1585999999999217,-1237.0700032951431
2025-05-09 22:25:00+00:00,2025-05-09 22:30:00+00:00,sell,403.81870000000004,403.91229999999996,403.7251000000001,403.91229999999996,936.210469734185,-87.62929996704854,8675.300696737806,loss,0.09359999999992397,-1324.6993032621917
2025-05-09 23:45:00+00:00,2025-05-09 23:50:00+00:00,sell,403.7557,403.8093,403.7021,403.7021,1618.5262493908626,86.75300696737806,8762.053703705184,win,-0.05360000000001719,-1237.9462962948137
2025-05-12 00:05:00+00:00,2025-05-12 04:30:00+00:00,sell,403.41470000000004,403.8093,403.02010000000007,403.8093,222.04900414865386,-87.62053703705183,8674.433166668132,loss,0.39459999999996853,-1325.5668333318656
2025-05-12 05:05:00+00:00,2025-05-12 09:00:00+00:00,sell,403.4977,403.8503,403.1451,403.8503,246.0134193609826,-86.74433166668132,8587.68883500145,loss,0.35259999999999536,-1412.311164998547
2025-05-12 13:10:00+00:00,2025-05-12 13:15:00+00:00,buy,405.3653,405.0747,405.6559,405.6559,295.5157892292477,85.87688835001451,8673.565723351465,win,0.29059999999998354,-1326.4342766485324
2025-05-12 14:30:00+00:00,2025-05-12 15:35:00+00:00,buy,405.7833,405.41970000000003,406.14689999999996,406.14689999999996,238.54691208339813,86.73565723351464,8760.301380584979,win,0.3635999999999626,-1239.6986194150177
2025-05-12 15:55:00+00:00,2025-05-12 16:05:00+00:00,buy,406.1943,405.9047,406.4839,405.9047,302.4965946334517,-87.60301380584978,8672.698366779128,loss,-0.2896000000000072,-1327.3016332208674
2025-05-12 20:15:00+00:00,2025-05-12 21:25:00+00:00,buy,404.89529999999996,404.78470000000004,405.0058999999999,404.78470000000004,784.1499427473248,-86.72698366779129,8585.971383111337,loss,-0.11059999999991987,-1414.0286168886587
2025-05-12 22:55:00+00:00,2025-05-12 23:00:00+00:00,buy,404.80629999999996,404.7857,404.8268999999999,404.8268999999999,4167.94727336617,85.85971383111338,8671.831096942451,win,0.020599999999944885,-1328.1689030575453
2025-05-13 01:05:00+00:00,2025-05-13 01:10:00+00:00,buy,404.7013,404.6247,404.7779,404.7779,1132.0928324992376,86.71831096942451,8758.549407911876,win,0.0765999999999849,-1241.4505920881209
2025-05-13 01:50:00+00:00,2025-05-13 03:00:00+00:00,buy,405.2553,404.54670000000004,405.9638999999999,404.54670000000004,123.60357617714794,-87.58549407911876,8670.963913832757,loss,-0.7085999999999331,-1329.0360861672395
2025-05-13 05:55:00+00:00,2025-05-13 06:00:00+00:00,buy,404.9303,404.6247,405.23589999999996,404.6247,283.73573016471244,-86.70963913832757,8584.25427469443,loss,-0.3055999999999699,-1415.745725305567
2025-05-13 06:30:00+00:00,2025-05-13 08:25:00+00:00,buy,404.9753,404.60470000000004,405.3459,405.3459,231.63125403926549,85.84254274694429,8670.096817441374,win,0.3705999999999676,-1329.9031825586228
2025-05-13 08:45:00+00:00,2025-05-13 10:30:00+00:00,buy,405.3653,404.9347,405.79589999999996,404.9347,201.34920616446774,-86.70096817441375,8583.39584926696,loss,-0.4305999999999699,-1416.6041507330365
2025-05-13 11:35:00+00:00,2025-05-13 13:00:00+00:00,buy,405.0453,404.6147,405.47589999999997,404.6147,199.33571410282306,-85.83395849266961,8497.561890774292,loss,-0.4305999999999699,-1502.438109225706
2025-05-13 17:05:00+00:00,2025-05-13 17:10:00+00:00,sell,404.5667,404.8103,404.32310000000007,404.32310000000007,348.8325899333233,84.97561890774293,8582.537509682035,win,-0.24359999999995807,-1417.462490317963
2025-05-13 18:25:00+00:00,2025-05-13 22:45:00+00:00,sell,404.08570000000003,404.3793,403.79210000000006,403.79210000000006,292.32075986658475,85.82537509682035,8668.362884778855,win,-0.29359999999996944,-1331.6371152211427
2025-05-14 00:00:00+00:00,2025-05-14 00:05:00+00:00,sell,403.7807,404.0653,403.49610000000007,403.49610000000007,304.5805651714768,86.68362884778855,8755.046513626643,win,-0.2845999999999549,-1244.9534863733543
2025-05-14 03:00:00+00:00,2025-05-14 08:40:00+00:00,sell,403.8947,404.21529999999996,403.57410000000004,403.57410000000004,273.0831726022407,87.55046513626642,8842.59697876291,win,-0.32059999999995625,-1157.4030212370878
2025-05-14 09:30:00+00:00,2025-05-14 09:55:00+00:00,sell,403.5717,403.8003,403.34310000000005,403.8003,386.8152659126861,-88.4259697876291,8754.17100897528,loss,0.22859999999997171,-1245.828991024717
2025-05-14 11:20:00+00:00,2025-05-14 12:50:00+00:00,sell,403.96770000000004,404.4393,403.49610000000007,404.4393,185.62703581373827,-87.5417100897528,8666.629298885528,loss,0.4715999999999667,-1333.3707011144697
2025-05-14 13:40:00+00:00,2025-05-14 17:50:00+00:00,sell,403.92470000000003,404.4973,403.35210000000006,403.35210000000006,151.35573347687819,86.66629298885528,8753.295591874383,win,-0.5725999999999658,-1246.7044081256145
2025-05-14 18:00:00+00:00,2025-05-14 21:00:00+00:00,sell,403.2647,403.6953,402.83410000000003,402.83410000000003,203.28136534777042,87.53295591874382,8840.828547793126,win,-0.4305999999999699,-1159.1714522068705
2025-05-14 22:50:00+00:00,2025-05-14 23:45:00+00:00,sell,402.8867,402.9873,402.78610000000003,402.9873,878.8099948105738,-88.40828547793126,8752.420262315194,loss,0.10059999999998581,-1247.5797376848018
2025-05-15 01:00:00+00:00,2025-05-15 04:50:00+00:00,sell,402.8647,403.1653,402.56410000000005,403.1653,291.16501205309174,-87.52420262315194,8664.896059692042,loss,0.30059999999997444,-1335.1039403079537
2025-05-15 05:10:00+00:00,2025-05-15 05:25:00+00:00,sell,402.8397,403.19129999999996,402.48810000000003,403.19129999999996,246.44186745429397,-86.64896059692043,8578.247099095122,loss,0.35159999999996217,-1421.7529009048742
2025-05-15 06:40:00+00:00,2025-05-15 08:20:00+00:00,sell,402.86670000000004,403.15529999999995,402.5781000000001,403.15529999999995,297.23655922029053,-85.78247099095123,8492.464628104171,loss,0.28859999999991715,-1507.5353718958254
2025-05-15 11:05:00+00:00,2025-05-15 11:55:00+00:00,sell,403.04670000000004,403.3033,402.7901000000001,403.3033,330.96120920133774,-84.92464628104172,8407.539981823129,loss,0.2565999999999349,-1592.4600181768672
2025-05-15 17:05:00+00:00,2025-05-16 00:00:00+00:00,sell,402.76370000000003,403.3573,402.17010000000005,402.17010000000005,141.6364552193969,84.07539981823129,8491.61538164136,win,-0.5935999999999808,-1508.3846183586359
2025-05-16 02:50:00+00:00,2025-05-16 11:55:00+00:00,sell,402.4407,402.77529999999996,402.1061,402.77529999999996,253.7840819379025,-84.91615381641361,8406.699227824947,loss,0.33459999999996626,-1593.3007721750496
2025-05-16 15:05:00+00:00,2025-05-16 15:45:00+00:00,buy,402.90529999999995,402.6347,403.1758999999999,403.1758999999999,310.66885542596674,84.06699227824947,8490.766220103196,win,0.2705999999999449,-1509.2337798968001
2025-05-16 15:55:00+00:00,2025-05-16 16:15:00+00:00,buy,403.21529999999996,402.8387,403.5918999999999,402.8387,225.45847637027515,-84.90766220103197,8405.858557902164,loss,-0.3765999999999394,-1594.1414420978322
2025-05-16 21:05:00+00:00,2025-05-19 00:00:00+00:00,sell,402.45570000000004,402.7353,402.1761000000001,402.1761000000001,300.6387180938263,84.05858557902164,8489.917143481185,win,-0.27959999999995944,-1510.0828565188106
2025-05-19 04:35:00+00:00,2025-05-19 08:30:00+00:00,sell,402.4427,402.6483,402.2371,402.6483,412.93371320432976,-84.89917143481185,8405.017972046373,loss,0.205600000000004,-1594.9820279536225
2025-05-19 14:15:00+00:00,2025-05-19 14:30:00+00:00,sell,402.42470000000003,402.5603,402.2891000000001,402.5603,619.8390834844562,-84.05017972046373,8320.96779232591,loss,0.13559999999995398,-1679.0322076740863
2025-05-19 14:55:00+00:00,2025-05-19 15:00:00+00:00,sell,402.39070000000004,402.6103,402.1711000000001,402.1711000000001,378.9147446415088,83.2096779232591,8404.17747024917,win,-0.21959999999995716,-1595.8225297508272
2025-05-19 15:30:00+00:00,2025-05-19 16:20:00+00:00,sell,402.1547,402.6073,401.7021,401.7021,185.68664317827736,84.0417747024917,8488.21924495166,win,-0.4526000000000181,-1511.7807550483355
2025-05-19 18:25:00+00:00,2025-05-19 18:35:00+00:00,sell,401.7047,401.9453,401.46410000000003,401.46410000000003,352.7938173297025,84.88219244951661,8573.101437401177,win,-0.24059999999997217,-1426.898562598819
2025-05-19 18:45:00+00:00,2025-05-19 23:00:00+00:00,sell,401.3747,401.95529999999997,400.79410000000007,401.95529999999997,147.65934270413294,-85.73101437401178,8487.370423027165,loss,0.5805999999999472,-1512.6295769728306
2025-05-20 00:00:00+00:00,2025-05-20 00:30:00+00:00,sell,401.7547,402.0113,401.4981,402.0113,330.7626821133063,-84.87370423027166,8402.496718796894,loss,0.2565999999999917,-1597.5032812031022
2025-05-20 00:45:00+00:00,2025-05-20 01:40:00+00:00,sell,401.6087,402.0953,401.1221,401.1221,172.67769664604856,84.02496718796894,8486.521685984862,win,-0.4866000000000099,-1513.4783140151333
2025-05-20 04:00:00+00:00,2025-05-20 04:05:00+00:00,sell,401.7117,402.03929999999997,401.38410000000005,402.03929999999997,259.05133351605207,-84.86521685984862,8401.656469125013,loss,0.32759999999996126,-1598.343530874982
2025-05-20 06:05:00+00:00,2025-05-20 06:20:00+00:00,sell,402.04670000000004,402.2043,401.8891000000001,401.8891000000001,533.1000297670005,84.01656469125014,8485.673033816263,win,-0.15759999999994534,-1514.3269661837319
2025-05-20 07:35:00+00:00,2025-05-20 08:20:00+00:00,sell,401.8987,402.08029999999997,401.7171000000001,402.08029999999997,467.2727441530163,-84.85673033816263,8400.816303478101,loss,0.18159999999994625,-1599.1836965218945
2025-05-20 10:20:00+00:00,2025-05-20 10:25:00+00:00,sell,401.9447,402.1353,401.75410000000005,401.75410000000005,440.75636429589866,84.008163034781,8484.824466512882,win,-0.1905999999999608,-1515.1755334871134
2025-05-20 10:55:00+00:00,2025-05-20 11:00:00+00:00,sell,401.7147,402.0623,401.3671,402.0623,244.09736670060084,-84.84824466512883,8399.976221847754,loss,0.3475999999999999,-1600.0237781522421
2025-05-20 13:05:00+00:00,2025-05-20 17:55:00+00:00,buy,402.51529999999997,402.1147,402.9158999999999,402.1147,209.68487822888181,-83.99976221847754,8315.976459629275,loss,-0.40059999999994034,-1684.0235403707197
2025-05-20 20:30:00+00:00,2025-05-20 23:55:00+00:00,buy,402.1753,402.0457,402.3049,402.0457,641.6648502801249,-83.15976459629276,8232.816695032983,loss,-0.12959999999998217,-1767.1833049670124
2025-05-21 00:05:00+00:00,2025-05-21 00:10:00+00:00,sell,402.03470000000004,402.2843,401.7851000000001,401.7851000000001,329.84041246135,82.32816695032983,8315.144861983314,win,-0.24959999999992988,-1684.8551380166825
2025-05-21 02:50:00+00:00,2025-05-21 03:00:00+00:00,buy,402.2963,402.24170000000004,402.3508999999999,402.24170000000004,1522.920304394314,-83.15144861983313,8231.99341336348,loss,-0.0545999999999367,-1768.0065866365157
2025-05-21 03:20:00+00:00,2025-05-21 03:25:00+00:00,buy,402.3003,402.1497,402.4509,402.1497,546.6131084570807,-82.3199341336348,8149.673479229845,loss,-0.15059999999999718,-1850.3265207701506
2025-05-21 04:25:00+00:00,2025-05-21 05:15:00+00:00,buy,402.3803,402.0967,402.66389999999996,402.0967,287.36507331560165,-81.49673479229845,8068.176744437546,loss,-0.28359999999997854,-1931.823255562449
2025-05-21 06:15:00+00:00,2025-05-21 06:20:00+00:00,buy,402.0053,401.8947,402.11589999999995,402.11589999999995,729.4915682133133,80.68176744437547,8148.858511881922,win,0.11059999999997672,-1851.1414881180735
2025-05-21 06:35:00+00:00,2025-05-21 10:45:00+00:00,buy,402.33529999999996,401.8847,402.7858999999999,402.7858999999999,180.8446185504393,81.48858511881922,8230.347097000742,win,0.4505999999999517,-1769.6529029992544
2025-05-21 12:30:00+00:00,2025-05-21 13:00:00+00:00,buy,402.6073,402.4277,402.7869,402.7869,458.25986063480167,82.30347097000742,8312.65056797075,win,0.17959999999999354,-1687.349432029247
2025-05-21 18:05:00+00:00,2025-05-21 18:35:00+00:00,buy,402.3753,402.2547,402.49589999999995,402.49589999999995,689.2745081237962,83.1265056797075,8395.777073650457,win,0.12059999999996762,-1604.2229263495396
2025-05-21 19:55:00+00:00,2025-05-21 20:25:00+00:00,buy,402.6483,402.5247,402.7719,402.7719,679.2699897774881,83.95777073650457,8479.734844386961,win,0.12360000000001037,-1520.2651556130352
2025-05-21 21:00:00+00:00,2025-05-22 00:05:00+00:00,buy,402.83529999999996,402.6347,403.0358999999999,402.6347,422.7185864600699,-84.79734844386961,8394.937495943092,loss,-0.2005999999999517,-1605.0625040569048
2025-05-22 01:05:00+00:00,2025-05-22 10:40:00+00:00,buy,402.5953,402.2447,402.9459,402.9459,239.44488008965862,83.94937495943091,8478.886870902523,win,0.3505999999999858,-1521.1131290974738
2025-05-22 10:50:00+00:00,2025-05-22 16:15:00+00:00,buy,403.1353,402.5897,403.68089999999995,403.68089999999995,155.40481801508153,84.78886870902522,8563.675739611548,win,0.545599999999979,-1436.3242603884487
2025-05-22 19:10:00+00:00,2025-05-22 19:35:00+00:00,buy,403.2853,403.1757,403.3949,403.3949,781.357275512,85.63675739611548,8649.312497007664,win,0.10960000000000036,-1350.6875029923333
2025-05-22 20:30:00+00:00,2025-05-22 22:00:00+00:00,buy,403.4393,403.2147,403.6639,403.2147,385.0985083262378,-86.49312497007665,8562.819372037588,loss,-0.22460000000000946,-1437.18062796241
2025-05-23 01:45:00+00:00,2025-05-23 02:00:00+00:00,buy,403.1253,403.04470000000003,403.20589999999993,403.04470000000003,1062.3845374743426,-85.62819372037588,8477.19117831721,loss,-0.08059999999994716,-1522.808821682786
2025-05-23 02:10:00+00:00,2025-05-23 02:30:00+00:00,buy,403.21529999999996,402.9947,403.4358999999999,402.9947,384.2788385457736,-84.77191178317211,8392.419266534038,loss,-0.22059999999993352,-1607.580733465958
2025-05-23 02:50:00+00:00,2025-05-23 04:35:00+00:00,buy,403.2253,402.97470000000004,403.47589999999997,402.97470000000004,334.8930273956614,-83.92419266534039,8308.495073868697,loss,-0.2505999999999631,-1691.5049261312984
2025-05-23 04:45:00+00:00,2025-05-23 04:50:00+00:00,buy,403.1053,402.8747,403.3359,403.3359,360.29900580526333,83.08495073868697,8391.580024607383,win,0.23059999999998126,-1608.4199753926114
2025-05-23 06:05:00+00:00,2025-05-23 06:50:00+00:00,buy,403.32529999999997,403.21970000000005,403.4308999999999,403.21970000000005,794.6571993005103,-83.91580024607383,8307.66422436131,loss,-0.10559999999992442,-1692.3357756386852
2025-05-23 07:30:00+00:00,2025-05-23 08:45:00+00:00,buy,403.33529999999996,403.1847,403.4858999999999,403.1847,551.6377307015007,-83.0766422436131,8224.587582117696,loss,-0.15059999999994034,-1775.4124178822983
2025-05-23 10:30:00+00:00,2025-05-23 13:10:00+00:00,buy,403.2553,402.8947,403.61589999999995,402.8947,228.0806317836447,-82.24587582117697,8142.341706296519,loss,-0.3605999999999767,-1857.6582937034752
2025-05-23 16:10:00+00:00,2025-05-23 16:50:00+00:00,buy,403.6353,403.3147,403.95589999999993,403.3147,253.97198085769276,-81.42341706296519,8060.918289233554,loss,-0.32059999999995625,-1939.0817107664404
2025-05-23 17:00:00+00:00,2025-05-23 17:40:00+00:00,buy,403.5953,403.10470000000004,404.0859,403.10470000000004,164.3073438490422,-80.60918289233554,7980.3091063412185,loss,-0.49059999999997217,-2019.690893658776
2025-05-23 19:00:00+00:00,2025-05-23 23:00:00+00:00,buy,403.3753,403.04470000000003,403.70589999999993,403.70589999999993,241.38866020394718,79.80309106341218,8060.112197404631,win,0.33059999999994716,-1939.8878025953638
2025-05-23 23:10:00+00:00,2025-05-23 23:40:00+00:00,buy,403.7453,403.5147,403.97589999999997,403.5147,349.52784897681204,-80.60112197404631,7979.511075430584,loss,-0.23059999999998126,-2020.48892456941
2025-05-26 01:00:00+00:00,2025-05-26 03:00:00+00:00,buy,403.4043,402.7937,404.01489999999995,404.01489999999995,130.6831162042399,79.79511075430584,8059.30618618489,win,0.6105999999999767,-1940.6938138151042
2025-05-26 03:20:00+00:00,2025-05-26 03:30:00+00:00,buy,404.08529999999996,403.6607,404.5098999999999,403.6607,189.80937791300062,-80.59306186184891,7978.7131243230415,loss,-0.42459999999994125,-2021.286875676953
2025-05-26 04:50:00+00:00,2025-05-26 10:45:00+00:00,buy,403.7853,403.4947,404.0759,404.0759,274.5599836312283,79.78713124323042,8058.500255566272,win,0.29059999999998354,-1941.4997444337228
2025-05-26 22:05:00+00:00,2025-05-26 22:45:00+00:00,sell,403.5667,403.6173,403.51610000000005,403.51610000000005,1592.588983314297,80.58500255566273,8139.085258121935,win,-0.05059999999997444,-1860.91474187806
2025-05-26 22:55:00+00:00,2025-05-26 23:55:00+00:00,sell,403.34270000000004,403.59029999999996,403.0951000000001,403.0951000000001,328.7191138176314,81.39085258121935,8220.476110703154,win,-0.24759999999992033,-1779.5238892968407
2025-05-27 00:05:00+00:00,2025-05-27 02:55:00+00:00,sell,403.0147,403.37129999999996,402.65810000000005,402.65810000000005,230.52372716500648,82.20476110703154,8302.680871810186,win,-0.3565999999999576,-1697.3191281898091
2025-05-27 09:10:00+00:00,2025-05-27 09:30:00+00:00,buy,403.7903,403.53770000000003,404.0429,404.0429,328.6888706180161,83.02680871810186,8385.707680528287,win,0.2525999999999726,-1614.2923194717073
2025-05-27 10:00:00+00:00,2025-05-27 11:35:00+00:00,buy,404.08529999999996,403.7147,404.45589999999993,404.45589999999993,226.27381760736696,83.85707680528287,8469.56475733357,win,0.3705999999999676,-1530.4352426664245
2025-05-27 11:45:00+00:00,2025-05-27 11:50:00+00:00,buy,404.4953,404.23470000000003,404.75589999999994,404.23470000000003,325.0024849322742,-84.6956475733357,8384.869109760235,loss,-0.260599999999954,-1615.1308902397602
2025-05-27 13:10:00+00:00,2025-05-27 13:55:00+00:00,buy,404.3053,404.07570000000004,404.53489999999994,404.07570000000004,365.1946476377235,-83.84869109760236,8301.020418662632,loss,-0.22959999999994807,-1698.9795813373626
2025-05-27 22:15:00+00:00,2025-05-27 23:15:00+00:00,sell,403.60470000000004,403.65529999999995,403.5541000000001,403.65529999999995,1640.517869303587,-83.01020418662632,8218.010214476006,loss,0.0505999999999176,-1781.989785523989
2025-05-28 05:05:00+00:00,2025-05-28 05:10:00+00:00,sell,403.73470000000003,403.7553,403.7141000000001,403.7141000000001,3989.325346843686,82.18010214476006,8300.190316620767,win,-0.020599999999944885,-1699.809683379229
2025-05-28 05:25:00+00:00,2025-05-28 05:50:00+00:00,sell,403.6447,403.7493,403.5401,403.5401,793.5172386826364,83.00190316620767,8383.192219786974,win,-0.10460000000000491,-1616.8077802130213
2025-05-28 09:20:00+00:00,2025-05-28 09:30:00+00:00,sell,403.6537,403.7553,403.55210000000005,403.55210000000005,825.117344467529,83.83192219786973,8467.024141984843,win,-0.10159999999996217,-1532.9758580151515
2025-05-28 09:40:00+00:00,2025-05-28 10:30:00+00:00,sell,403.5147,403.7963,403.23310000000004,403.23310000000004,300.6755732239267,84.67024141984842,8551.69438340469,win,-0.281599999999969,-1448.305616595303
2025-05-28 10:50:00+00:00,2025-05-28 11:00:00+00:00,sell,403.22470000000004,403.6153,402.8341000000001,402.8341000000001,218.93738820803375,85.51694383404691,8637.211327238738,win,-0.39059999999994943,-1362.788672761256
2025-05-28 11:15:00+00:00,2025-05-28 11:50:00+00:00,sell,402.7427,403.3053,402.18010000000004,403.3053,153.52313059436764,-86.37211327238738,8550.83921396635,loss,0.5625999999999749,-1449.1607860336435
2025-05-28 12:35:00+00:00,2025-05-28 12:50:00+00:00,sell,403.0847,403.3153,402.8541,403.3153,370.80829201938616,-85.5083921396635,8465.330821826687,loss,0.23059999999998126,-1534.669178173307
2025-05-28 13:30:00+00:00,2025-05-28 16:15:00+00:00,sell,403.0297,403.3553,402.7041,403.3553,259.99173285707815,-84.65330821826687,8380.67751360842,loss,0.32560000000000855,-1619.3224863915739
2025-05-28 17:15:00+00:00,2025-05-28 17:45:00+00:00,sell,402.9947,403.3753,402.61410000000006,403.3753,220.19646646372394,-83.8067751360842,8296.870738472335,loss,0.3805999999999585,-1703.1292615276582
2025-05-29 02:05:00+00:00,2025-05-29 02:40:00+00:00,sell,403.1317,403.39529999999996,402.8681000000001,402.8681000000001,314.75230419097977,82.96870738472334,8379.839445857058,win,-0.2635999999999399,-1620.1605541429349
2025-05-29 05:10:00+00:00,2025-05-29 05:15:00+00:00,buy,403.62129999999996,403.60470000000004,403.6378999999999,403.6378999999999,5048.096051743689,83.79839445857058,8463.637840315629,win,0.016599999999925785,-1536.3621596843643
2025-05-29 05:50:00+00:00,2025-05-29 05:55:00+00:00,buy,403.66229999999996,403.5937,403.7308999999999,403.7308999999999,1233.7664490265604,84.63637840315629,8548.274218718785,win,0.0685999999999467,-1451.7257812812081
2025-05-29 06:05:00+00:00,2025-05-29 11:25:00+00:00,buy,403.95529999999997,403.60470000000004,404.3058999999999,404.3058999999999,243.81843179465253,85.48274218718785,8633.756960905974,win,0.35059999999992897,-1366.2430390940203
2025-05-29 12:05:00+00:00,2025-05-29 18:30:00+00:00,buy,404.3203,404.02070000000003,404.6198999999999,404.02070000000003,288.17613354164445,-86.33756960905974,8547.419391296915,loss,-0.29959999999994125,-1452.58060870308
2025-05-29 23:05:00+00:00,2025-05-29 23:40:00+00:00,sell,403.66470000000004,403.77529999999996,403.5541000000001,403.77529999999996,772.8227297742412,-85.47419391296916,8461.945197383946,loss,0.11059999999991987,-1538.0548026160493
2025-05-29 23:50:00+00:00,2025-05-29 23:55:00+00:00,sell,403.6547,403.8153,403.4941,403.4941,526.8957159019037,84.61945197383946,8546.564649357786,win,-0.16059999999998809,-1453.4353506422099
2025-05-30 01:10:00+00:00,2025-05-30 01:15:00+00:00,sell,403.45070000000004,403.70529999999997,403.1961000000001,403.1961000000001,335.68596423253314,85.46564649357786,8632.030295851364,win,-0.25459999999992533,-1367.969704148632
2025-05-30 01:30:00+00:00,2025-05-30 06:15:00+00:00,sell,403.1547,403.70529999999997,402.6041,403.70529999999997,156.77497813025363,-86.32030295851364,8545.709992892851,loss,0.5505999999999744,-1454.2900071071456
2025-05-30 09:05:00+00:00,2025-05-30 09:10:00+00:00,sell,403.8267,403.9453,403.70810000000006,403.70810000000006,720.5489032795846,85.45709992892851,8631.167092821779,win,-0.11859999999995807,-1368.832907178217
2025-05-30 10:05:00+00:00,2025-05-30 11:50:00+00:00,sell,403.51070000000004,403.9153,403.1061000000001,403.9153,213.32592913550778,-86.3116709282178,8544.85542189356,loss,0.40459999999995944,-1455.144578106435
2025-05-30 12:05:00+00:00,2025-05-30 12:10:00+00:00,sell,403.8247,403.9453,403.70410000000004,403.70410000000004,708.5286419482467,85.44855421893561,8630.303976112496,win,-0.12059999999996762,-1369.6960238874992
2025-05-30 12:35:00+00:00,2025-05-30 16:35:00+00:00,sell,403.5847,403.9453,403.2241,403.9453,239.3317797036343,-86.30303976112496,8544.000936351371,loss,0.3605999999999767,-1455.999063648624
2025-05-30 16:45:00+00:00,2025-05-30 16:50:00+00:00,sell,403.6637,403.95329999999996,403.37410000000006,403.37410000000006,295.0276566420178,85.44000936351371,8629.440945714885,win,-0.28959999999995034,-1370.5590542851103
2025-05-30 17:00:00+00:00,2025-05-30 17:55:00+00:00,sell,403.3487,403.95329999999996,402.74410000000006,403.95329999999996,142.7297543122002,-86.29440945714883,8543.146536257736,loss,0.6045999999999481,-1456.853463742259
2025-05-30 18:55:00+00:00,2025-05-30 19:40:00+00:00,buy,403.9953,403.5147,404.47589999999997,403.5147,177.76001948102518,-85.43146536257737,8457.71507089516,loss,-0.48059999999998126,-1542.2849291048365
2025-05-30 20:10:00+00:00,2025-05-30 23:05:00+00:00,buy,403.67929999999996,403.4157,403.9428999999999,403.4157,320.85413774268164,-84.57715070895159,8373.137920186207,loss,-0.2635999999999399,-1626.8620798137881
2025-05-30 23:45:00+00:00,2025-06-02 00:05:00+00:00,sell,403.41470000000004,403.82529999999997,403.0041000000001,403.0041000000001,203.92445007763294,83.73137920186207,8456.869299388069,win,-0.41059999999993124,-1543.130700611926
2025-06-02 03:50:00+00:00,2025-06-02 04:35:00+00:00,sell,403.6307,403.7663,403.4951,403.7663,623.6629276834361,-84.56869299388069,8372.300606394188,loss,0.13560000000001082,-1627.6993936058066
2025-06-02 07:50:00+00:00,2025-06-02 08:00:00+00:00,buy,403.7663,403.67470000000003,403.8579,403.67470000000003,914.0066164188663,-83.72300606394188,8288.577600330247,loss,-0.09159999999997126,-1711.4223996697485
2025-06-02 09:15:00+00:00,2025-06-02 09:25:00+00:00,sell,403.5847,403.8573,403.3121,403.3121,304.056405001097,82.88577600330247,8371.46337633355,win,-0.2726000000000113,-1628.536623666446
2025-06-02 09:40:00+00:00,2025-06-02 11:30:00+00:00,sell,403.2447,403.8943,402.59510000000006,402.59510000000006,128.87104951253102,83.71463376333551,8455.178010096884,win,-0.649599999999964,-1544.8219899031105
2025-06-02 12:10:00+00:00,2025-06-02 14:55:00+00:00,sell,402.4497,402.9753,401.9241,402.9753,160.86716153152454,-84.55178010096884,8370.626229995916,loss,0.5255999999999972,-1629.3737700040795
2025-06-02 15:10:00+00:00,2025-06-02 16:00:00+00:00,sell,402.6147,403.0353,402.19410000000005,403.0353,199.01631550157714,-83.70626229995916,8286.919967695958,loss,0.420599999999979,-1713.0800323040387
2025-06-02 17:15:00+00:00,2025-06-02 18:40:00+00:00,sell,402.9347,403.2353,402.63410000000005,402.63410000000005,275.67930697593687,82.86919967695958,8369.789167372917,win,-0.30059999999997444,-1630.210832627079
2025-06-02 18:50:00+00:00,2025-06-02 22:20:00+00:00,sell,402.5477,402.8753,402.22010000000006,402.8753,255.48806982215834,-83.69789167372917,8286.091275699187,loss,0.32759999999996126,-1713.9087243008082
2025-06-02 23:50:00+00:00,2025-06-02 23:55:00+00:00,sell,402.9427,403.00629999999995,402.87910000000005,402.87910000000005,1302.8445402052735,82.86091275699188,8368.95218845618,win,-0.06359999999995125,-1631.0478115438164
2025-06-03 00:05:00+00:00,2025-06-03 01:00:00+00:00,sell,402.8647,403.0263,402.70310000000006,403.0263,517.8807047313132,-83.6895218845618,8285.262666571618,loss,0.16159999999996444,-1714.7373334283782
2025-06-03 13:05:00+00:00,2025-06-03 13:20:00+00:00,buy,403.07529999999997,402.9347,403.2158999999999,403.2158999999999,589.2789947777097,82.85262666571619,8368.115293237333,win,0.14059999999994943,-1631.884706762662
2025-06-03 13:35:00+00:00,2025-06-03 15:45:00+00:00,buy,403.3753,402.9947,403.75589999999994,403.75589999999994,219.86640287015885,83.68115293237334,8451.796446169707,win,0.3805999999999585,-1548.2035538302887
2025-06-03 15:55:00+00:00,2025-06-04 04:55:00+00:00,buy,403.7793,403.3817,404.17689999999993,403.3817,212.570333153186,-84.51796446169706,8367.27848170801,loss,-0.39759999999995443,-1632.7215182919858
2025-06-04 05:45:00+00:00,2025-06-04 10:05:00+00:00,buy,403.5623,403.3297,403.7949,403.3297,359.72822363320466,-83.6727848170801,8283.60569689093,loss,-0.23259999999999081,-1716.394303109066
2025-06-04 17:10:00+00:00,2025-06-05 03:30:00+00:00,sell,403.26070000000004,403.5073,403.0141000000001,403.0141000000001,335.9126397766753,82.8360569689093,8366.441753859839,win,-0.24659999999994398,-1633.5582461401566
2025-06-05 03:40:00+00:00,2025-06-05 09:30:00+00:00,sell,403.0047,403.2853,402.7241,403.2853,298.1625714134019,-83.66441753859837,8282.77733632124,loss,0.28059999999999263,-1717.222663678755
2025-06-05 12:45:00+00:00,2025-06-05 13:45:00+00:00,buy,403.6133,403.3457,403.88089999999994,403.3457,309.5208272168352,-82.8277733632124,8199.949562958027,loss,-0.267599999999959,-1800.0504370419674
2025-06-05 15:30:00+00:00,2025-06-05 15:35:00+00:00,buy,403.5553,403.4447,403.66589999999997,403.4447,741.4059279348782,-81.99949562958027,8117.9500673284465,loss,-0.11059999999997672,-1882.0499326715476
2025-06-05 19:05:00+00:00,2025-06-05 21:00:00+00:00,sell,403.1347,403.26829999999995,403.00110000000006,403.00110000000006,607.6309930637592,81.17950067328447,8199.12956800173,win,-0.13359999999994443,-1800.870431998263
2025-06-05 21:20:00+00:00,2025-06-05 21:45:00+00:00,sell,402.99870000000004,403.09729999999996,402.9001000000001,403.09729999999996,831.5547229217476,-81.9912956800173,8117.138272321713,loss,0.09859999999991942,-1882.8617276782804
2025-06-05 23:00:00+00:00,2025-06-05 23:05:00+00:00,sell,402.92470000000003,403.09029999999996,402.7591000000001,402.7591000000001,490.1653546090161,81.17138272321714,8198.30965504493,win,-0.1655999999999267,-1801.6903449550632
2025-06-05 23:15:00+00:00,2025-06-06 00:00:00+00:00,sell,402.5117,403.05629999999996,401.9671000000001,403.05629999999996,150.53818683521385,-81.9830965504493,8116.326558494481,loss,0.5445999999999458,-1883.6734415055125
2025-06-06 02:10:00+00:00,2025-06-06 02:30:00+00:00,sell,402.64070000000004,403.1183,402.1631000000001,403.1183,169.93983581439542,-81.16326558494481,8035.163292909537,loss,0.4775999999999385,-1964.8367070904574
2025-06-06 07:10:00+00:00,2025-06-06 08:40:00+00:00,buy,403.33529999999996,403.27070000000003,403.3998999999999,403.27070000000003,1243.8333270771736,-80.35163292909537,7954.811659980442,loss,-0.0645999999999276,-2045.1883400195527
2025-06-06 09:00:00+00:00,2025-06-06 09:15:00+00:00,buy,403.3453,403.2647,403.4259,403.2647,986.949337466507,-79.54811659980442,7875.263543380637,loss,-0.080600000000004,-2124.7364566193573
2025-06-06 09:30:00+00:00,2025-06-06 09:35:00+00:00,buy,403.4153,403.22470000000004,403.60589999999996,403.22470000000004,413.18276722886975,-78.75263543380638,7796.510907946831,loss,-0.1905999999999608,-2203.489092053164
2025-06-06 10:50:00+00:00,2025-06-06 12:55:00+00:00,buy,403.3263,403.02070000000003,403.6319,403.02070000000003,255.12143023388742,-77.96510907946832,7718.5457988673625,loss,-0.3055999999999699,-2281.454201132632
2025-06-06 14:30:00+00:00,2025-06-06 14:35:00+00:00,sell,402.8847,403.0453,402.7241,403.0453,480.6068367912787,-77.18545798867363,7641.3603408786885,loss,0.16059999999998809,-2358.6396591213056
2025-06-06 15:50:00+00:00,2025-06-06 16:35:00+00:00,sell,402.8927,403.34229999999997,402.4431,403.34229999999997,169.95908231492677,-76.41360340878688,7564.946737469902,loss,0.44959999999997535,-2435.0532625300925
2025-06-06 17:15:00+00:00,2025-06-09 00:00:00+00:00,sell,403.08770000000004,403.46529999999996,402.7101000000001,402.7101000000001,200.34286910676877,75.64946737469901,7640.596204844601,win,-0.3775999999999158,-2359.4037951553937
2025-06-09 03:45:00+00:00,2025-06-09 04:35:00+00:00,sell,403.1107,403.2373,402.9841,402.9841,603.5226070177588,76.40596204844601,7717.002166893047,win,-0.12659999999999627,-2282.997833106948
2025-06-09 04:50:00+00:00,2025-06-09 04:55:00+00:00,sell,402.9447,403.1003,402.7891,403.1003,495.95129607284144,-77.17002166893047,7639.832145224116,loss,0.15559999999999263,-2360.1678547758784
2025-06-09 08:05:00+00:00,2025-06-09 08:15:00+00:00,sell,403.1547,403.1713,403.1381,403.1381,4602.308521224163,76.39832145224116,7716.2304666763575,win,-0.01659999999998263,-2283.769533323637
2025-06-09 08:25:00+00:00,2025-06-09 09:00:00+00:00,sell,403.1367,403.1713,403.10210000000006,403.1713,2230.124412337115,-77.16230466676357,7639.068162009594,loss,0.03459999999995489,-2360.9318379904007
2025-06-09 09:10:00+00:00,2025-06-09 09:55:00+00:00,sell,403.0047,403.18129999999996,402.82810000000006,402.82810000000006,432.56331608220404,76.39068162009595,7715.45884362969,win,-0.1765999999999508,-2284.5411563703046
2025-06-09 10:05:00+00:00,2025-06-09 11:30:00+00:00,sell,402.71270000000004,403.0453,402.3801000000001,402.3801000000001,231.97410834728487,77.1545884362969,7792.613432065987,win,-0.3325999999999567,-2207.386567934008
2025-06-09 12:00:00+00:00,2025-06-09 12:35:00+00:00,sell,402.3577,402.7453,401.97010000000006,401.97010000000006,201.04781816477606,77.92613432065987,7870.539566386647,win,-0.38759999999996353,-2129.460433613348
2025-06-09 12:50:00+00:00,2025-06-09 18:30:00+00:00,sell,401.78470000000004,402.3453,401.2241000000001,401.2241000000001,140.39492626448686,78.70539566386647,7949.244962050513,win,-0.5605999999999653,-2050.7550379494814
2025-06-09 18:40:00+00:00,2025-06-09 23:00:00+00:00,sell,401.1947,401.5953,400.7941,401.5953,198.43347384050347,-79.49244962050513,7869.752512430008,loss,0.4005999999999972,-2130.247487569987
2025-06-10 02:15:00+00:00,2025-06-10 03:50:00+00:00,sell,401.70070000000004,401.8553,401.5461000000001,401.8553,509.03961917413153,-78.69752512430009,7791.054987305708,loss,0.15459999999995944,-2208.945012694287
2025-06-10 05:15:00+00:00,2025-06-10 06:30:00+00:00,sell,401.9347,402.1653,401.70410000000004,401.70410000000004,337.8601468909948,77.91054987305708,7868.965537178765,win,-0.23059999999998126,-2131.03446282123
2025-06-10 09:05:00+00:00,2025-06-10 09:30:00+00:00,sell,401.99370000000005,402.2163,401.7711000000001,401.7711000000001,353.502494931751,78.68965537178765,7947.655192550553,win,-0.22259999999994307,-2052.3448074494427
2025-06-10 09:40:00+00:00,2025-06-10 10:10:00+00:00,sell,401.54470000000003,401.8773,401.2121000000001,401.8773,238.95535756318665,-79.47655192550553,7868.178640625048,loss,0.3325999999999567,-2131.8213593749483
2025-06-10 10:20:00+00:00,2025-06-10 10:25:00+00:00,sell,401.58570000000003,401.8843,401.28710000000007,401.8843,263.5022987483581,-78.68178640625048,7789.496854218797,loss,0.2985999999999649,-2210.503145781199
2025-06-10 11:45:00+00:00,2025-06-10 11:55:00+00:00,sell,401.8147,402.1733,401.45610000000005,401.45610000000005,217.21965572279726,77.89496854218797,7867.391822760985,win,-0.35859999999996717,-2132.6081772390107
2025-06-10 13:15:00+00:00,2025-06-10 13:55:00+00:00,sell,401.42470000000003,401.6293,401.22010000000006,401.22010000000006,384.52550453382736,78.67391822760985,7946.065740988594,win,-0.2045999999999708,-2053.934259011401
2025-06-10 14:05:00+00:00,2025-06-10 15:20:00+00:00,sell,401.0547,401.5223,400.5871000000001,400.5871000000001,169.93297136418914,79.46065740988594,8025.5263983984805,win,-0.4675999999999476,-1974.4736016015152
2025-06-10 17:00:00+00:00,2025-06-10 17:45:00+00:00,sell,400.5847,400.85929999999996,400.31010000000003,400.85929999999996,292.2624325709954,-80.2552639839848,7945.2711344144955,loss,0.274599999999964,-2054.7288655855
2025-06-10 19:05:00+00:00,2025-06-11 09:30:00+00:00,sell,400.63870000000003,400.9473,400.3301000000001,400.3301000000001,257.46179955980665,79.45271134414496,8024.72384575864,win,-0.3085999999999558,-1975.276154241355
2025-06-11 09:40:00+00:00,2025-06-11 10:20:00+00:00,sell,400.29470000000003,400.7953,399.79410000000007,399.79410000000007,160.30211437793113,80.2472384575864,8104.971084216227,win,-0.5005999999999631,-1895.0289157837685
2025-06-11 13:05:00+00:00,2025-06-11 13:20:00+00:00,sell,400.1347,400.4953,399.77410000000003,399.77410000000003,224.76347987289935,81.04971084216227,8186.020795058389,win,-0.3605999999999767,-1813.9792049416062
2025-06-11 15:00:00+00:00,2025-06-11 15:30:00+00:00,sell,400.0907,400.3753,399.8061000000001,400.3753,287.6324945558569,-81.8602079505839,8104.160587107805,loss,0.2845999999999549,-1895.83941289219
2025-06-11 15:40:00+00:00,2025-06-12 10:00:00+00:00,sell,399.9017,400.46229999999997,399.34110000000004,400.46229999999997,144.56226519993413,-81.04160587107806,8023.118981236727,loss,0.5605999999999653,-1976.881018763268
2025-06-12 12:50:00+00:00,2025-06-12 14:40:00+00:00,buy,400.95529999999997,400.4547,401.45589999999993,400.4547,160.2700555580767,-80.23118981236728,7942.88779142436,loss,-0.5005999999999631,-2057.112208575635
2025-06-12 15:45:00+00:00,2025-06-13 01:00:00+00:00,buy,400.9463,400.3317,401.5609,401.5609,129.2367034074913,79.4288779142436,8022.316669338604,win,0.6145999999999958,-1977.6833306613914
2025-06-13 02:15:00+00:00,2025-06-13 02:20:00+00:00,buy,401.36429999999996,400.8337,401.8948999999999,400.8337,151.1933032291665,-80.22316669338603,7942.093502645218,loss,-0.5305999999999358,-2057.9064973547775
2025-06-13 02:30:00+00:00,2025-06-13 02:55:00+00:00,buy,401.4343,400.65770000000003,402.2109,400.65770000000003,102.26749295191205,-79.42093502645218,7862.672567618766,loss,-0.7765999999999735,-2137.3274323812298
2025-06-13 03:25:00+00:00,2025-06-13 05:40:00+00:00,buy,401.6803,400.54470000000003,402.81589999999994,402.81589999999994,69.23804656233784,78.62672567618766,7941.299293294954,win,1.135599999999954,-2058.700706705042
2025-06-13 07:05:00+00:00,2025-06-13 07:20:00+00:00,buy,403.1323,402.8047,403.45989999999995,402.8047,242.40840333626045,-79.41299293294954,7861.8863003620045,loss,-0.32759999999996126,-2138.113699637992
2025-06-13 07:30:00+00:00,2025-06-13 07:35:00+00:00,buy,403.14529999999996,402.7797,403.51089999999994,402.7797,215.0406537298305,-78.61886300362005,7783.267437358384,loss,-0.36559999999997217,-2216.732562641612
2025-06-13 08:00:00+00:00,2025-06-13 08:05:00+00:00,buy,403.2453,402.6247,403.86589999999995,402.6247,125.41520201996117,-77.83267437358384,7705.4347629848,loss,-0.6205999999999676,-2294.5652370151956
2025-06-13 08:35:00+00:00,2025-06-13 10:35:00+00:00,buy,403.31629999999996,402.2907,404.3418999999999,402.2907,75.13099417887332,-77.054347629848,7628.380415354952,loss,-1.0255999999999403,-2371.6195846450437
2025-06-13 11:50:00+00:00,2025-06-13 12:00:00+00:00,buy,402.30429999999996,401.8947,402.7138999999999,402.7138999999999,186.23975623427228,76.28380415354953,7704.664219508501,win,0.4095999999999549,-2295.335780491494
2025-06-13 12:25:00+00:00,2025-06-13 13:00:00+00:00,buy,402.71529999999996,402.1567,403.2738999999999,403.2738999999999,137.92810990886343,77.04664219508501,7781.7108617035865,win,0.5585999999999558,-2218.289138296409
2025-06-13 13:10:00+00:00,2025-06-13 13:55:00+00:00,buy,403.4153,402.7647,404.0659,402.7647,119.60822105292992,-77.81710861703587,7703.8937530865505,loss,-0.6505999999999972,-2296.106246913445
2025-06-13 14:45:00+00:00,2025-06-13 16:10:00+00:00,buy,403.27529999999996,402.7027,403.8478999999999,403.8478999999999,134.5423289047679,77.03893753086551,7780.9326906174165,win,0.5725999999999658,-2219.0673093825794
2025-06-13 19:55:00+00:00,2025-06-13 20:00:00+00:00,buy,402.38329999999996,402.1307,402.63589999999994,402.63589999999994,308.03375655654236,77.80932690617416,7858.74201752359,win,0.2525999999999726,-2141.2579824764052
2025-06-13 20:35:00+00:00,2025-06-16 00:00:00+00:00,buy,402.7353,402.3097,403.16089999999997,402.3097,184.65089326889245,-78.5874201752359,7780.154597348354,loss,-0.42559999999997444,-2219.845402651641
2025-06-16 01:05:00+00:00,2025-06-16 09:40:00+00:00,buy,402.6603,402.0217,403.2989,402.0217,121.83142181879728,-77.80154597348354,7702.353051374871,loss,-0.6385999999999967,-2297.6469486251244
2025-06-16 10:15:00+00:00,2025-06-16 10:20:00+00:00,sell,401.8647,402.1253,401.6041000000001,401.6041000000001,295.5622813267932,77.02353051374871,7779.3765818886195,win,-0.260599999999954,-2220.623418111376
2025-06-16 11:20:00+00:00,2025-06-16 19:15:00+00:00,sell,401.1347,402.0953,400.1741,402.0953,80.98455737964423,-77.7937658188862,7701.582816069733,loss,0.9605999999999995,-2298.417183930262
2025-06-17 03:30:00+00:00,2025-06-17 15:40:00+00:00,buy,402.2553,401.1297,403.38089999999994,403.38089999999994,68.42202217546185,77.01582816069732,7778.59864423043,win,1.125599999999963,-2221.401355769565
2025-06-17 17:00:00+00:00,2025-06-17 17:15:00+00:00,buy,403.1753,402.8947,403.4559,403.4559,277.2130664372999,77.78598644230432,7856.384630672735,win,0.28059999999999263,-2143.6153693272604
2025-06-17 17:35:00+00:00,2025-06-17 22:15:00+00:00,buy,403.5383,403.0147,404.0619,404.0619,150.04554298458595,78.56384630672734,7934.948476979462,win,0.5235999999999876,-2065.051523020533
2025-06-17 22:50:00+00:00,2025-06-18 09:15:00+00:00,buy,404.07529999999997,403.6297,404.5208999999999,403.6297,178.0733500219982,-79.34948476979461,7855.598992209667,loss,-0.44559999999995625,-2144.4010077903276
2025-06-18 10:05:00+00:00,2025-06-18 12:20:00+00:00,buy,403.8753,403.46770000000004,404.2828999999999,403.46770000000004,192.7281401425594,-78.55598992209667,7777.04300228757,loss,-0.40759999999994534,-2222.9569977124243
2025-06-18 18:20:00+00:00,2025-06-19 09:05:00+00:00,sell,402.90970000000004,403.3683,402.4511000000001,403.3683,169.58227218248376,-77.7704300228757,7699.272572264694,loss,0.45859999999993306,-2300.7274277353
2025-06-19 11:05:00+00:00,2025-06-19 11:40:00+00:00,sell,403.10470000000004,403.4153,402.79410000000007,402.79410000000007,247.88385615793794,76.99272572264694,7776.265297987341,win,-0.31059999999996535,-2223.734702012653
2025-06-19 12:20:00+00:00,2025-06-19 13:50:00+00:00,sell,402.7447,403.0453,402.44410000000005,403.0453,258.6914603455756,-77.76265297987341,7698.502645007467,loss,0.30059999999997444,-2301.4973549925267
2025-06-19 18:05:00+00:00,2025-06-19 18:55:00+00:00,buy,403.3653,403.1197,403.61089999999996,403.61089999999996,313.45694808666457,76.98502645007467,7775.487671457542,win,0.24559999999996762,-2224.512328542452
2025-06-20 02:40:00+00:00,2025-06-20 03:35:00+00:00,sell,403.0307,403.1803,402.88110000000006,403.1803,519.7518496964849,-77.75487671457542,7697.732794742967,loss,0.14959999999996398,-2302.2672052570274
2025-06-20 04:35:00+00:00,2025-06-20 09:45:00+00:00,sell,403.06170000000003,403.3213,402.80210000000005,402.80210000000005,296.52283492849114,76.97732794742967,7774.710122690396,win,-0.2595999999999776,-2225.2898773095976
2025-06-20 10:25:00+00:00,2025-06-23 01:00:00+00:00,sell,402.5847,403.2083,401.9611,403.2083,124.67463314128075,-77.74710122690396,7696.963021463492,loss,0.6236000000000104,-2303.0369785365015
2025-06-23 06:25:00+00:00,2025-06-23 06:35:00+00:00,buy,403.0213,402.95070000000004,403.09189999999995,403.09189999999995,1090.2213911428132,76.96963021463492,7773.932651678127,win,0.07059999999995625,-2226.0673483218666
2025-06-23 08:20:00+00:00,2025-06-23 08:25:00+00:00,buy,403.2303,403.2047,403.2559,403.2559,3036.6924420621026,77.73932651678126,7851.671978194908,win,0.02559999999999718,-2148.3280218050854
2025-06-23 08:35:00+00:00,2025-06-23 08:45:00+00:00,buy,403.3463,403.14570000000003,403.54689999999994,403.14570000000003,391.40937079744754,-78.51671978194908,7773.155258412959,loss,-0.2005999999999517,-2226.8447415870346
2025-06-23 09:05:00+00:00,2025-06-23 10:45:00+00:00,buy,403.4103,403.0837,403.7369,403.0837,238.0023042992443,-77.73155258412959,7695.423705828829,loss,-0.3265999999999849,-2304.576294171164
2025-06-23 11:10:00+00:00,2025-06-23 13:00:00+00:00,buy,403.44829999999996,403.00870000000003,403.8878999999999,403.8878999999999,175.0551343455436,76.95423705828829,7772.377942887118,win,0.4395999999999276,-2227.622057112876
2025-06-23 13:10:00+00:00,2025-06-23 19:35:00+00:00,buy,403.9923,403.5767,404.4079,404.4079,187.0158311570603,77.72377942887118,7850.101722315989,win,0.41559999999998354,-2149.898277684005
2025-06-24 00:00:00+00:00,2025-06-24 01:15:00+00:00,sell,402.50370000000004,402.6533,402.3541000000001,402.6533,524.7394199410347,-78.50101722315989,7771.600705092829,loss,0.14959999999996398,-2228.399294907165
2025-06-24 05:45:00+00:00,2025-06-24 07:45:00+00:00,sell,402.6447,402.7743,402.5151,402.5151,599.6605482325539,77.7160070509283,7849.316712143757,win,-0.12959999999998217,-2150.6832878562363
2025-06-24 08:10:00+00:00,2025-06-24 09:00:00+00:00,sell,402.49170000000004,402.65229999999997,402.3311000000001,402.3311000000001,488.7494839444034,78.49316712143758,7927.8098792651945,win,-0.16059999999993124,-2072.1901207347987
2025-06-24 09:10:00+00:00,2025-06-24 09:15:00+00:00,sell,402.16470000000004,402.5653,401.7641000000001,401.7641000000001,197.8983993825855,79.27809879265195,8007.087978057846,win,-0.40059999999994034,-1992.9120219421468
2025-06-24 11:40:00+00:00,2025-06-24 16:30:00+00:00,sell,401.84270000000004,402.3563,401.3291000000001,401.3291000000001,155.90124567871464,80.07087978057847,8087.158857838424,win,-0.5135999999999399,-1912.8411421615683
2025-06-24 16:40:00+00:00,2025-06-25 19:00:00+00:00,sell,401.1847,401.71529999999996,400.6541000000001,400.6541000000001,152.41535729060317,80.87158857838425,8168.030446416808,win,-0.5305999999999358,-1831.969553583184
2025-06-25 19:25:00+00:00,2025-06-25 19:50:00+00:00,sell,400.6347,400.82529999999997,400.44410000000005,400.44410000000005,428.5430454574233,81.68030446416809,8249.710750880977,win,-0.1905999999999608,-1750.289249119016
2025-06-25 21:35:00+00:00,2025-06-25 21:50:00+00:00,sell,400.5147,400.6083,400.4211,400.6083,881.3793537267809,-82.49710750880978,8167.213643372167,loss,0.09359999999998081,-1832.7863566278256
2025-06-25 23:05:00+00:00,2025-06-25 23:10:00+00:00,sell,400.5167,400.64029999999997,400.39310000000006,400.39310000000006,660.7778028620743,81.67213643372168,8248.885779805889,win,-0.12359999999995352,-1751.1142201941038
2025-06-26 03:50:00+00:00,2025-06-26 09:30:00+00:00,sell,400.5147,400.6943,400.3351,400.3351,459.292081280968,82.48885779805889,8331.374637603947,win,-0.17959999999999354,-1668.625362396045
2025-06-26 09:40:00+00:00,2025-06-26 11:10:00+00:00,sell,400.3347,400.6613,400.0081,400.0081,255.09414077171868,83.31374637603948,8414.688383979987,win,-0.3265999999999849,-1585.3116160200054
2025-06-26 11:35:00+00:00,2025-06-26 13:45:00+00:00,sell,399.84270000000004,400.3633,399.3221000000001,399.3221000000001,161.63442919671297,84.14688383979987,8498.835267819786,win,-0.5205999999999449,-1501.1647321802056
2025-06-26 15:00:00+00:00,2025-06-26 15:35:00+00:00,sell,399.7447,399.8803,399.60910000000007,399.8803,626.7577631137664,-84.98835267819787,8413.846915141588,loss,0.13559999999995398,-1586.1530848584034
2025-06-26 15:45:00+00:00,2025-06-26 16:25:00+00:00,sell,399.63570000000004,399.90729999999996,399.3641000000001,399.3641000000001,309.78817802444877,84.13846915141589,8497.985384293004,win,-0.27159999999992124,-1502.0146157069876
2025-06-26 16:40:00+00:00,2025-06-26 23:00:00+00:00,sell,399.2547,399.71529999999996,398.79410000000007,399.71529999999996,184.49816292431748,-84.97985384293004,8413.005530450075,loss,0.4605999999999426,-1586.9944695499175
2025-06-27 00:10:00+00:00,2025-06-27 01:00:00+00:00,sell,399.4347,399.7793,399.09010000000006,399.7793,244.13829165557516,-84.13005530450074,8328.875475145574,loss,0.34459999999995716,-1671.1245248544183
2025-06-27 02:30:00+00:00,2025-06-27 02:35:00+00:00,sell,399.77070000000003,399.77529999999996,399.7661000000001,399.7661000000001,18106.251033219072,83.28875475145574,8412.164229897031,win,-0.0045999999999253305,-1587.8357701029624
2025-06-27 09:05:00+00:00,2025-06-27 09:15:00+00:00,sell,399.7507,399.9463,399.5551,399.5551,430.0697459047274,84.12164229897031,8496.285872196002,win,-0.1956000000000131,-1503.7141278039921
2025-06-27 09:25:00+00:00,2025-06-27 11:05:00+00:00,sell,399.48470000000003,399.8463,399.1231000000001,399.1231000000001,234.96365797005268,84.96285872196002,8581.248730917961,win,-0.36159999999995307,-1418.7512690820322
2025-06-27 11:35:00+00:00,2025-06-27 14:00:00+00:00,sell,399.12170000000003,399.4753,398.76810000000006,398.76810000000006,242.68237361195273,85.81248730917962,8667.061218227142,win,-0.3535999999999717,-1332.9387817728525
2025-06-27 14:20:00+00:00,2025-06-27 16:30:00+00:00,sell,398.71970000000005,399.07529999999997,398.3641000000001,399.07529999999997,243.73063043388592,-86.67061218227141,8580.39060604487,loss,0.3555999999999244,-1419.609393955124
2025-06-27 17:00:00+00:00,2025-06-27 18:40:00+00:00,sell,398.6847,399.0763,398.29310000000004,398.29310000000004,219.11109821361723,85.8039060604487,8666.194512105318,win,-0.39159999999998263,-1333.8054878946753
2025-06-27 19:55:00+00:00,2025-06-27 20:45:00+00:00,sell,398.4947,398.6653,398.32410000000004,398.6653,507.98326565688075,-86.66194512105318,8579.532566984264,loss,0.170599999999979,-1420.4674330157284
2025-06-27 23:45:00+00:00,2025-06-27 23:50:00+00:00,sell,398.7047,398.7553,398.6541,398.7553,1695.559795847549,-85.79532566984264,8493.737241314422,loss,0.05059999999997444,-1506.262758685571
2025-06-30 00:10:00+00:00,2025-06-30 03:50:00+00:00,sell,398.4417,399.0553,397.82810000000006,399.0553,138.42466169026955,-84.93737241314422,8408.799868901278,loss,0.6135999999999626,-1591.2001310987152
2025-06-30 08:10:00+00:00,2025-06-30 08:15:00+00:00,sell,398.9047,398.9753,398.8341,398.8341,1191.0481400707818,84.08799868901279,8492.88786759029,win,-0.0706000000000131,-1507.1121324097026
2025-06-30 08:50:00+00:00,2025-06-30 08:55:00+00:00,sell,398.83270000000005,398.9853,398.6801000000001,398.6801000000001,556.5457318213028,84.92887867590291,8577.816746266193,win,-0.1525999999999499,-1422.1832537337996
2025-06-30 09:05:00+00:00,2025-06-30 09:45:00+00:00,sell,398.6517,398.9953,398.3081,398.3081,249.64542334885542,85.77816746266193,8663.594913728855,win,-0.3435999999999808,-1336.4050862711376
2025-06-30 14:10:00+00:00,2025-06-30 16:30:00+00:00,buy,399.6233,399.3407,399.9058999999999,399.3407,306.5674067137484,-86.63594913728855,8576.958964591568,loss,-0.28259999999994534,-1423.041035408426
2025-06-30 17:45:00+00:00,2025-06-30 18:35:00+00:00,buy,399.4453,399.23670000000004,399.6538999999999,399.6538999999999,411.1677355989607,85.76958964591567,8662.728554237483,win,0.20859999999993306,-1337.2714457625104
2025-06-30 19:00:00+00:00,2025-06-30 23:45:00+00:00,buy,399.6653,399.3647,399.9659,399.3647,288.181255962682,-86.62728554237484,8576.101268695109,loss,-0.30059999999997444,-1423.8987313048854
2025-07-01 02:45:00+00:00,2025-07-01 02:50:00+00:00,buy,399.2963,399.28470000000004,399.3078999999999,399.3078999999999,7393.190748919496,85.76101268695109,8661.86228138206,win,0.011599999999930333,-1338.1377186179343
2025-07-01 03:00:00+00:00,2025-07-01 03:25:00+00:00,buy,399.39529999999996,399.28470000000004,399.5058999999999,399.5058999999999,783.1701881906271,86.61862281382061,8748.480904195882,win,0.11059999999991987,-1251.5190958041137
2025-07-01 04:55:00+00:00,2025-07-01 07:30:00+00:00,buy,399.5213,399.4047,399.6379,399.4047,750.2985338075024,-87.48480904195881,8660.996095153923,loss,-0.11660000000000537,-1339.0039048460726
2025-07-01 08:00:00+00:00,2025-07-01 08:45:00+00:00,buy,399.4713,399.3747,399.56789999999995,399.56789999999995,896.5834467036136,86.60996095153924,8747.606056105462,win,0.09659999999996671,-1252.3939438945333
2025-07-01 08:55:00+00:00,2025-07-01 09:00:00+00:00,buy,399.5933,399.4947,399.6919,399.6919,887.1811415930597,87.47606056105462,8835.082116666517,win,0.09859999999997626,-1164.9178833334786
2025-07-01 10:05:00+00:00,2025-07-01 10:10:00+00:00,sell,399.23470000000003,399.5503,398.91910000000007,398.91910000000007,279.9455677017622,88.35082116666517,8923.432937833182,win,-0.3155999999999608,-1076.5670621668135
2025-07-01 10:20:00+00:00,2025-07-01 17:00:00+00:00,sell,398.7147,399.3823,398.0471,399.3823,133.664363957958,-89.23432937833184,8834.19860845485,loss,0.6675999999999931,-1165.8013915451452
2025-07-01 21:05:00+00:00,2025-07-01 21:45:00+00:00,sell,399.1487,399.3263,398.97110000000004,398.97110000000004,497.4210928184485,88.3419860845485,8922.540594539398,win,-0.177599999999984,-1077.4594054605966
2025-07-01 21:55:00+00:00,2025-07-01 22:00:00+00:00,sell,398.9647,399.0823,398.8471,399.0823,758.7194383112911,-89.22540594539397,8833.315188594004,loss,0.11759999999998172,-1166.6848114059906
2025-07-01 23:55:00+00:00,2025-07-02 00:00:00+00:00,sell,399.10970000000003,399.2013,399.01810000000006,399.01810000000006,964.335719279124,88.33315188594004,8921.648340479944,win,-0.09159999999997126,-1078.3516595200506
2025-07-02 02:00:00+00:00,2025-07-02 03:00:00+00:00,sell,399.03270000000003,399.1653,398.90010000000007,399.1653,672.8241584073975,-89.21648340479943,8832.431857075144,loss,0.13259999999996808,-1167.56814292485
2025-07-02 07:05:00+00:00,2025-07-02 08:10:00+00:00,buy,399.3433,399.28470000000004,399.40189999999996,399.40189999999996,1507.2409312426291,88.32431857075144,8920.756175645894,win,0.0585999999999558,-1079.2438243540985
2025-07-02 08:20:00+00:00,2025-07-02 08:45:00+00:00,buy,399.4113,399.2857,399.53689999999995,399.53689999999995,710.2512878701049,89.20756175645894,9009.963737402353,win,0.12559999999996307,-990.0362625976395
2025-07-02 08:55:00+00:00,2025-07-02 09:20:00+00:00,buy,399.5553,399.4067,399.7039,399.7039,606.3232663124564,90.09963737402353,9100.063374776377,win,0.14859999999998763,-899.9366252236159
2025-07-02 09:30:00+00:00,2025-07-02 09:55:00+00:00,buy,399.7253,399.41470000000004,400.03589999999997,399.41470000000004,292.98336686340605,-91.00063374776377,9009.062741028612,loss,-0.31059999999996535,-990.9372589713797
2025-07-02 13:10:00+00:00,2025-07-02 13:20:00+00:00,sell,398.84470000000005,399.0403,398.6491000000001,398.6491000000001,460.58602970504234,90.09062741028613,9099.153368438898,win,-0.19559999999995625,-900.8466315610935
2025-07-02 14:05:00+00:00,2025-07-02 14:50:00+00:00,sell,398.6347,398.9763,398.29310000000004,398.9763,266.36865832668803,-90.99153368438898,9008.161834754508,loss,0.34159999999997126,-991.8381652454825
2025-07-02 16:05:00+00:00,2025-07-02 16:10:00+00:00,buy,399.5043,399.0847,399.9239,399.9239,214.6845051180756,90.08161834754509,9098.243453102054,win,0.41960000000000264,-901.7565468979374
2025-07-02 16:20:00+00:00,2025-07-03 12:35:00+00:00,buy,400.4153,399.27570000000003,401.5549,399.27570000000003,79.83716613813854,-90.98243453102053,9007.261018571033,loss,-1.139599999999973,-992.7389814289579
2025-07-03 12:45:00+00:00,2025-07-03 15:30:00+00:00,sell,399.2667,399.7073,398.82610000000005,399.7073,204.43170718501668,-90.07261018571033,8917.188408385322,loss,0.4405999999999608,-1082.8115916146683
2025-07-03 17:50:00+00:00,2025-07-03 19:10:00+00:00,sell,398.98470000000003,399.45529999999997,398.5141000000001,398.5141000000001,189.48551654030135,89.17188408385321,9006.360292469175,win,-0.4705999999999335,-993.639707530815
2025-07-03 21:30:00+00:00,2025-07-03 22:45:00+00:00,sell,398.59470000000005,398.64329999999995,398.54610000000014,398.64329999999995,1853.1605540095093,-90.06360292469175,8916.296689544482,loss,0.04859999999990805,-1083.7033104555069
2025-07-03 23:20:00+00:00,2025-07-03 23:45:00+00:00,sell,398.60470000000004,398.66429999999997,398.5451000000001,398.66429999999997,1496.0229344890324,-89.16296689544482,8827.133722649038,loss,0.05959999999993215,-1172.8662773509518
2025-07-04 00:00:00+00:00,2025-07-04 00:05:00+00:00,sell,398.6107,398.6653,398.5561,398.5561,1616.6911579945204,88.27133722649037,8915.405059875528,win,-0.05459999999999354,-1084.5949401244613
2025-07-04 02:00:00+00:00,2025-07-04 02:05:00+00:00,sell,398.5127,398.6323,398.3931,398.6323,745.4352056752657,-89.15405059875528,8826.251009276772,loss,0.11959999999999127,-1173.7489907232166
2025-07-04 04:30:00+00:00,2025-07-04 04:35:00+00:00,sell,398.5847,398.65529999999995,398.51410000000004,398.65529999999995,1250.177196782187,-88.2625100927677,8737.988499184004,loss,0.07059999999995625,-1262.0115008159844
2025-07-04 06:15:00+00:00,2025-07-04 06:35:00+00:00,sell,398.6347,398.7083,398.5611,398.7083,1187.2266982587123,-87.37988499184004,8650.608614192164,loss,0.073599999999999,-1349.3913858078245
2025-07-04 08:05:00+00:00,2025-07-04 09:05:00+00:00,sell,398.6347,398.7383,398.53110000000004,398.7383,835.0008314859581,-86.50608614192164,8564.102528050242,loss,0.10359999999997171,-1435.8974719497462
2025-07-04 09:20:00+00:00,2025-07-04 10:00:00+00:00,sell,398.5867,398.7523,398.4211,398.4211,517.1559497615394,85.64102528050242,8649.743553330743,win,-0.16559999999998354,-1350.2564466692438
2025-07-04 10:25:00+00:00,2025-07-04 11:30:00+00:00,sell,398.3527,398.6653,398.04010000000005,398.6653,276.7032486670326,-86.49743553330744,8563.246117797436,loss,0.3125999999999749,-1436.7538822025513
2025-07-04 12:05:00+00:00,2025-07-04 12:55:00+00:00,sell,398.4347,398.70529999999997,398.1641000000001,398.70529999999997,316.4540324389941,-85.63246117797436,8477.613656619462,loss,0.2705999999999449,-1522.3863433805257
2025-07-04 13:10:00+00:00,2025-07-04 13:50:00+00:00,sell,398.4787,398.7323,398.2251,398.2251,334.29075933041275,84.77613656619462,8562.389793185657,win,-0.2536000000000058,-1437.610206814331
2025-07-04 15:10:00+00:00,2025-07-04 15:25:00+00:00,sell,398.3027,398.52529999999996,398.0801000000001,398.52529999999996,384.6536295232636,-85.62389793185658,8476.7658952538,loss,0.22259999999994307,-1523.2341047461875
2025-07-04 16:40:00+00:00,2025-07-04 17:00:00+00:00,sell,398.3967,398.65529999999995,398.13810000000007,398.65529999999995,327.79450484360484,-84.767658952538,8391.998236301262,loss,0.25859999999994443,-1608.0017636987254
2025-07-04 17:20:00+00:00,2025-07-04 17:50:00+00:00,sell,398.38370000000003,398.6903,398.0771000000001,398.6903,273.7116189270298,-83.91998236301262,8308.078253938249,loss,0.30659999999994625,-1691.921746061738
2025-07-04 18:15:00+00:00,2025-07-04 23:45:00+00:00,sell,398.4057,398.7233,398.08810000000005,398.08810000000005,261.5893656781809,83.0807825393825,8391.159036477631,win,-0.31759999999997035,-1608.8409635223557
2025-07-07 03:05:00+00:00,2025-07-07 03:10:00+00:00,sell,398.3107,398.3153,398.3061,398.3153,18241.65007936989,-83.91159036477632,8307.247446112855,loss,0.004599999999982174,-1692.7525538871319
2025-07-07 03:35:00+00:00,2025-07-07 04:05:00+00:00,sell,398.3047,398.4133,398.19610000000006,398.4133,764.9399121653192,-83.07247446112855,8224.174971651726,loss,0.10859999999996717,-1775.8250283482605
2025-07-07 09:05:00+00:00,2025-07-07 09:10:00+00:00,buy,398.80129999999997,398.65970000000004,398.9428999999999,398.9428999999999,580.8033172073472,82.24174971651725,8306.416721368243,win,0.14159999999992579,-1693.5832786317433
2025-07-07 09:20:00+00:00,2025-07-07 11:50:00+00:00,buy,399.13829999999996,398.6787,399.5978999999999,399.5978999999999,180.73143432047115,83.06416721368244,8389.480888581926,win,0.45959999999996626,-1610.519111418061
2025-07-07 13:10:00+00:00,2025-07-07 13:55:00+00:00,buy,399.4253,399.09770000000003,399.75289999999995,399.09770000000003,256.0891602131538,-83.89480888581926,8305.586079696106,loss,-0.32759999999996126,-1694.41392030388
2025-07-07 14:35:00+00:00,2025-07-07 19:45:00+00:00,buy,399.4253,399.0407,399.80989999999997,399.80989999999997,215.9538762271604,83.05586079696106,8388.641940493068,win,0.3845999999999776,-1611.358059506919
2025-07-07 19:55:00+00:00,2025-07-08 10:05:00+00:00,buy,399.8793,399.3847,400.3739,399.3847,169.60456814583938,-83.88641940493068,8304.755521088136,loss,-0.49459999999999127,-1695.2444789118497
2025-07-08 14:05:00+00:00,2025-07-08 17:50:00+00:00,sell,399.16470000000004,399.5793,398.7501000000001,399.5793,200.30765849226077,-83.04755521088137,8221.707965877255,loss,0.41459999999995034,-1778.2920341227311
2025-07-08 18:05:00+00:00,2025-07-08 19:10:00+00:00,buy,399.76529999999997,399.4277,400.1028999999999,400.1028999999999,243.53400372862617,82.21707965877255,8303.925045536027,win,0.33759999999995216,-1696.0749544639586
2025-07-08 19:35:00+00:00,2025-07-09 00:00:00+00:00,buy,400.11629999999997,399.62370000000004,400.6088999999999,399.62370000000004,168.57338703892194,-83.03925045536027,8220.885795080667,loss,-0.4925999999999249,-1779.114204919319
2025-07-09 01:05:00+00:00,2025-07-09 01:10:00+00:00,buy,399.5953,399.58270000000005,399.6079,399.6079,6524.512535797193,82.20885795080667,8303.094653031474,win,0.01259999999996353,-1696.9053469685123
2025-07-09 02:05:00+00:00,2025-07-09 09:10:00+00:00,buy,399.9033,399.58270000000005,400.22389999999996,400.22389999999996,258.98610895298214,83.03094653031474,8386.125599561788,win,0.32059999999995625,-1613.8744004381974
2025-07-09 11:00:00+00:00,2025-07-09 11:55:00+00:00,buy,400.1683,399.7797,400.5569,400.5569,215.80354090483425,83.86125599561788,8469.986855557407,win,0.3885999999999967,-1530.0131444425795
2025-07-09 13:40:00+00:00,2025-07-09 14:30:00+00:00,buy,400.36429999999996,400.2517,400.4768999999999,400.2517,752.219081311076,-84.69986855557407,8385.286987001833,loss,-0.11259999999992942,-1614.7130129981535
2025-07-09 19:15:00+00:00,2025-07-09 23:00:00+00:00,sell,399.5657,399.72729999999996,399.4041,399.4041,518.8915214729999,83.85286987001832,8469.13985687185,win,-0.16159999999996444,-1530.8601431281352
2025-07-09 23:10:00+00:00,2025-07-10 08:15:00+00:00,sell,399.34970000000004,399.62829999999997,399.0711000000001,399.62829999999997,303.98922673632785,-84.69139856871851,8384.448458303132,loss,0.27859999999992624,-1615.5515416968537
2025-07-10 10:10:00+00:00,2025-07-10 11:00:00+00:00,sell,399.3747,399.6253,399.12410000000006,399.12410000000006,334.57495843193806,83.84448458303132,8468.292942886163,win,-0.2505999999999631,-1531.7070571138224
2025-07-10 12:05:00+00:00,2025-07-11 11:20:00+00:00,sell,398.7647,399.3853,398.14410000000004,399.3853,136.45331844806,-84.68292942886161,8383.6100134573,loss,0.6205999999999676,-1616.389986542684
2025-07-11 11:45:00+00:00,2025-07-11 15:00:00+00:00,buy,399.4463,399.10670000000005,399.78589999999997,399.78589999999997,246.86719709829939,83.83610013457302,8467.446113591874,win,0.3395999999999617,-1532.553886408111
2025-07-11 17:05:00+00:00,2025-07-11 17:10:00+00:00,buy,400.0403,399.7547,400.3259,400.3259,296.47920565799114,84.67446113591873,8552.120574727793,win,0.2855999999999881,-1447.8794252721923
2025-07-11 18:30:00+00:00,2025-07-14 00:05:00+00:00,buy,399.8843,399.58070000000004,400.18789999999996,399.58070000000004,281.6904010121512,-85.52120574727793,8466.599368980515,loss,-0.30359999999996035,-1533.4006310194702
2025-07-14 01:00:00+00:00,2025-07-14 09:10:00+00:00,buy,399.95529999999997,399.4427,400.46789999999993,400.46789999999993,165.1697106707202,84.66599368980515,8551.26536267032,win,0.5125999999999635,-1448.734637329665
2025-07-14 09:20:00+00:00,2025-07-14 12:05:00+00:00,buy,400.4953,399.78470000000004,401.20589999999993,399.78470000000004,120.33866257628779,-85.5126536267032,8465.752709043616,loss,-0.7105999999999426,-1534.2472909563683
2025-07-14 13:20:00+00:00,2025-07-14 16:35:00+00:00,buy,400.13329999999996,399.88570000000004,400.3808999999999,399.88570000000004,341.91246805518335,-84.65752709043616,8381.09518195318,loss,-0.24759999999992033,-1618.9048180468044
2025-07-14 18:15:00+00:00,2025-07-14 20:35:00+00:00,buy,400.0483,399.80670000000003,400.28989999999993,399.80670000000003,346.8996350146923,-83.81095181953181,8297.284230133648,loss,-0.24159999999994852,-1702.7157698663361
2025-07-15 04:50:00+00:00,2025-07-15 08:45:00+00:00,sell,399.78970000000004,399.9253,399.6541000000001,399.9253,611.894117266701,-82.97284230133648,8214.311387832311,loss,0.13559999999995398,-1785.6886121676725
2025-07-15 09:10:00+00:00,2025-07-15 09:55:00+00:00,buy,399.9953,399.8047,400.18589999999995,400.18589999999995,430.9712165705142,82.1431138783231,8296.454501710634,win,0.1905999999999608,-1703.5454982893493
2025-07-15 11:20:00+00:00,2025-07-15 12:00:00+00:00,buy,400.0023,399.76570000000004,400.23889999999994,400.23889999999994,350.65319111209976,82.96454501710635,8379.41904672774,win,0.23659999999995307,-1620.580953272243
2025-07-15 13:15:00+00:00,2025-07-15 13:40:00+00:00,buy,400.1353,400.03470000000004,400.2358999999999,400.2358999999999,832.9442392379381,83.7941904672774,8463.213237195017,win,0.10059999999992897,-1536.7867628049657
2025-07-15 13:50:00+00:00,2025-07-15 14:45:00+00:00,buy,400.2553,400.0847,400.42589999999996,400.42589999999996,496.0851838919144,84.63213237195018,8547.845369566967,win,0.170599999999979,-1452.1546304330157
2025-07-15 17:15:00+00:00,2025-07-15 21:15:00+00:00,buy,400.2973,400.0267,400.5679,400.5679,315.8848990970773,85.47845369566967,8633.323823262637,win,0.27060000000000173,-1366.676176737346
2025-07-15 21:25:00+00:00,2025-07-15 23:15:00+00:00,buy,400.58729999999997,400.4307,400.74389999999994,400.4307,551.2978175775445,-86.33323823262637,8546.990585030011,loss,-0.156599999999969,-1453.0094149699723
2025-07-16 02:10:00+00:00,2025-07-16 02:20:00+00:00,buy,400.2453,400.1207,400.3699,400.1207,685.9543005642794,-85.46990585030011,8461.520679179712,loss,-0.12459999999998672,-1538.4793208202725
2025-07-16 02:50:00+00:00,2025-07-16 12:35:00+00:00,buy,400.27529999999996,399.91270000000003,400.6378999999999,399.91270000000003,233.35688580202313,-84.61520679179712,8376.905472387914,loss,-0.3625999999999294,-1623.0945276120697
2025-07-16 13:05:00+00:00,2025-07-16 15:25:00+00:00,sell,399.9047,400.12129999999996,399.6881,399.6881,386.7454050041102,83.76905472387915,8460.674527111794,win,-0.21659999999997126,-1539.3254728881905
2025-07-16 15:35:00+00:00,2025-07-16 15:40:00+00:00,sell,399.66470000000004,399.8173,399.5121000000001,399.5121000000001,554.4347658659615,84.60674527111794,8545.281272382912,win,-0.1525999999999499,-1454.7187276170725
2025-07-16 15:50:00+00:00,2025-07-16 18:00:00+00:00,sell,399.4887,399.7933,399.1841,399.1841,280.5410791983944,85.45281272382913,8630.734085106742,win,-0.30459999999999354,-1369.2659148932435
2025-07-16 20:05:00+00:00,2025-07-16 23:10:00+00:00,sell,399.3047,399.5093,399.10010000000005,399.10010000000005,421.8345105135862,86.30734085106742,8717.04142595781,win,-0.2045999999999708,-1282.958574042176
2025-07-16 23:45:00+00:00,2025-07-16 23:55:00+00:00,sell,399.09470000000005,399.2623,398.9271000000001,399.2623,520.1098702840768,-87.17041425957811,8629.871011698233,loss,0.16759999999993624,-1370.1289883017541
2025-07-17 02:00:00+00:00,2025-07-17 02:10:00+00:00,sell,399.34270000000004,399.40529999999995,399.2801000000001,399.2801000000001,1378.573644043056,86.29871011698233,8716.169721815215,win,-0.06259999999991805,-1283.8302781847717
2025-07-17 04:45:00+00:00,2025-07-17 09:15:00+00:00,sell,399.40270000000004,399.53929999999997,399.2661000000001,399.53929999999997,638.0797746573691,-87.16169721815216,8629.008024597062,loss,0.13659999999993033,-1370.9919754029238
2025-07-17 10:20:00+00:00,2025-07-17 12:20:00+00:00,sell,399.3387,399.5953,399.0821,399.0821,336.2824639359837,86.29008024597063,8715.298104843032,win,-0.2565999999999917,-1284.7018951569532
2025-07-17 12:55:00+00:00,2025-07-17 16:30:00+00:00,sell,399.0537,399.34229999999997,398.7651,399.34229999999997,301.9853813182196,-87.15298104843032,8628.145123794602,loss,0.288599999999974,-1371.8548762053836
2025-07-17 16:55:00+00:00,2025-07-18 10:55:00+00:00,sell,399.03970000000004,399.4353,398.6441000000001,398.6441000000001,218.10275843770992,86.28145123794603,8714.426575032548,win,-0.3955999999999449,-1285.5734249674376
2025-07-18 11:05:00+00:00,2025-07-18 11:30:00+00:00,sell,398.5297,398.8323,398.2271,398.8323,287.985015698381,-87.14426575032549,8627.282309282224,loss,0.302599999999984,-1372.7176907177632
2025-07-18 15:10:00+00:00,2025-07-22 10:55:00+00:00,sell,398.8847,399.32529999999997,398.44410000000005,399.32529999999997,195.80758759153406,-86.27282309282224,8541.009486189401,loss,0.4405999999999608,-1458.9905138105853
2025-07-22 11:20:00+00:00,2025-07-22 11:40:00+00:00,buy,399.41729999999995,399.03470000000004,399.79989999999987,399.03470000000004,223.23600329825882,-85.41009486189401,8455.599391327507,loss,-0.38259999999991123,-1544.4006086724794
2025-07-22 12:55:00+00:00,2025-07-22 13:30:00+00:00,buy,399.31329999999997,399.11170000000004,399.5148999999999,399.5148999999999,419.4245729826649,84.55599391327507,8540.155385240781,win,0.20159999999992806,-1459.8446147592044
2025-07-22 16:00:00+00:00,2025-07-22 16:30:00+00:00,buy,399.2953,398.9347,399.6559,398.9347,236.83181878095766,-85.40155385240782,8454.753831388374,loss,-0.3605999999999767,-1545.2461686116123
2025-07-22 18:15:00+00:00,2025-07-22 18:35:00+00:00,sell,398.7857,398.9713,398.60010000000005,398.9713,455.5363055705794,-84.54753831388375,8370.20629307449,loss,0.18559999999996535,-1629.793706925496
2025-07-22 19:00:00+00:00,2025-07-23 03:25:00+00:00,sell,398.78470000000004,399.02529999999996,398.5441000000001,399.02529999999996,347.88887336148946,-83.7020629307449,8286.504230143746,loss,0.24059999999991533,-1713.495769856241
2025-07-23 08:05:00+00:00,2025-07-23 08:35:00+00:00,buy,399.03729999999996,398.9327,399.1418999999999,399.1418999999999,792.2088174137534,82.86504230143747,8369.369272445183,win,0.10459999999994807,-1630.6307275548036
2025-07-23 09:10:00+00:00,2025-07-23 09:45:00+00:00,buy,399.21529999999996,399.00870000000003,399.4218999999999,399.00870000000003,405.100158395367,-83.69369272445184,8285.675579720732,loss,-0.2065999999999235,-1714.3244202792555
2025-07-23 10:25:00+00:00,2025-07-23 10:30:00+00:00,buy,399.1853,398.9947,399.37589999999994,398.9947,434.71540292352756,-82.85675579720731,8202.818823923524,loss,-0.1905999999999608,-1797.1811760764629
2025-07-23 11:25:00+00:00,2025-07-23 13:40:00+00:00,buy,399.1953,398.9907,399.39989999999995,398.9907,400.9197861155765,-82.02818823923525,8120.790635684289,loss,-0.2045999999999708,-1879.2093643156982
2025-07-23 17:05:00+00:00,2025-07-23 17:20:00+00:00,sell,398.8747,399.0353,398.71410000000003,398.71410000000003,505.6532151734054,81.20790635684288,8201.998542041132,win,-0.16059999999998809,-1798.0014579588553
2025-07-23 17:40:00+00:00,2025-07-23 18:30:00+00:00,sell,398.7047,398.9753,398.4341,398.4341,303.1041589815624,82.01998542041132,8284.018527461543,win,-0.27060000000000173,-1715.981472538444
2025-07-23 18:55:00+00:00,2025-07-23 20:00:00+00:00,sell,398.41470000000004,398.7043,398.1251000000001,398.1251000000001,286.05036351736754,82.84018527461544,8366.858712736159,win,-0.28959999999995034,-1633.1412872638286
2025-07-23 21:40:00+00:00,2025-07-23 23:45:00+00:00,sell,398.20070000000004,398.3263,398.0751000000001,398.3263,666.1511713963869,-83.66858712736159,8283.190125608797,loss,0.12559999999996307,-1716.8098743911903
2025-07-24 00:15:00+00:00,2025-07-24 00:20:00+00:00,sell,398.1547,398.34729999999996,397.9621,398.34729999999996,430.0721768229529,-82.83190125608797,8200.358224352709,loss,0.19259999999997035,-1799.6417756472783
2025-07-24 01:35:00+00:00,2025-07-24 02:00:00+00:00,sell,398.3807,398.6413,398.1201,398.1201,314.6722265676273,82.00358224352709,8282.361806596236,win,-0.2606000000000108,-1717.6381934037513
2025-07-24 08:20:00+00:00,2025-07-24 08:45:00+00:00,sell,398.4297,398.45529999999997,398.4041000000001,398.4041000000001,3235.297580709195,82.82361806596236,8365.185424662199,win,-0.025599999999940337,-1634.814575337789
2025-07-24 08:55:00+00:00,2025-07-24 09:00:00+00:00,sell,398.3747,398.4303,398.31910000000005,398.31910000000005,1504.5297526379009,83.651854246622,8448.83727890882,win,-0.055599999999969896,-1551.162721091167
2025-07-24 09:10:00+00:00,2025-07-24 09:20:00+00:00,sell,398.3147,398.4373,398.19210000000004,398.4373,689.1384403678951,-84.4883727890882,8364.348906119732,loss,0.12259999999997717,-1635.6510938802553
2025-07-24 09:30:00+00:00,2025-07-24 09:55:00+00:00,sell,398.22470000000004,398.45029999999997,397.9991000000001,397.9991000000001,370.76014654797723,83.64348906119733,8447.99239518093,win,-0.22559999999992897,-1552.007604819058
2025-07-24 11:50:00+00:00,2025-07-24 13:35:00+00:00,sell,397.97470000000004,398.26529999999997,397.6841000000001,397.6841000000001,290.7086164894378,84.47992395180931,8532.47231913274,win,-0.2905999999999267,-1467.5276808672488
2025-07-24 13:45:00+00:00,2025-07-24 14:00:00+00:00,sell,397.6797,397.9273,397.43210000000005,397.43210000000005,344.6071211281715,85.3247231913274,8617.797042324066,win,-0.24759999999997717,-1382.2029576759214
2025-07-24 15:30:00+00:00,2025-07-24 21:00:00+00:00,sell,397.5747,397.96729999999997,397.18210000000005,397.18210000000005,219.50578304444645,86.17797042324067,8703.975012747307,win,-0.392599999999959,-1296.0249872526808
2025-07-24 21:25:00+00:00,2025-07-24 22:15:00+00:00,sell,397.16270000000003,397.30429999999996,397.0211000000001,397.0211000000001,614.6875009005557,87.03975012747307,8791.01476287478,win,-0.14159999999992579,-1208.9852371252077
2025-07-24 23:50:00+00:00,2025-07-24 23:55:00+00:00,sell,396.9547,397.0653,396.8441,397.0653,794.8476277465309,-87.91014762874781,8703.104615246033,loss,0.11059999999997672,-1296.8953847539556
2025-07-25 02:15:00+00:00,2025-07-25 02:25:00+00:00,sell,397.3047,397.45529999999997,397.1541000000001,397.45529999999997,577.89539277885,-87.03104615246033,8616.073569093573,loss,0.15059999999994034,-1383.9264309064158
2025-07-25 03:30:00+00:00,2025-07-25 03:45:00+00:00,sell,397.06370000000004,397.46529999999996,396.6621000000001,396.6621000000001,214.54366456910756,86.16073569093572,8702.234304784508,win,-0.4015999999999167,-1297.76569521548
2025-07-25 04:35:00+00:00,2025-07-25 10:10:00+00:00,sell,396.60470000000004,397.14529999999996,396.0641000000001,396.0641000000001,160.97362753950588,87.02234304784508,8789.256647832353,win,-0.5405999999999267,-1210.7433521676348
2025-07-25 10:20:00+00:00,2025-07-25 14:10:00+00:00,sell,396.0147,396.6753,395.3541,396.6753,133.04960108738285,-87.89256647832353,8701.36408135403,loss,0.6605999999999881,-1298.6359186459583
2025-07-25 15:30:00+00:00,2025-07-25 17:55:00+00:00,sell,396.6247,396.9373,396.31210000000004,396.31210000000004,278.3545771386669,87.01364081354029,8788.37772216757,win,-0.3125999999999749,-1211.6222778324181
2025-07-25 19:10:00+00:00,2025-07-25 19:20:00+00:00,sell,396.28470000000004,396.37129999999996,396.1981000000001,396.1981000000001,1014.8242173413157,87.8837772216757,8876.261499389246,win,-0.08659999999991896,-1123.7385006107424
2025-07-25 19:35:00+00:00,2025-07-25 23:10:00+00:00,sell,396.1877,396.3653,396.0101,396.3653,499.7894988395296,-88.76261499389246,8787.498884395352,loss,0.177599999999984,-1212.5011156046348
2025-07-25 23:50:00+00:00,2025-07-28 00:00:00+00:00,sell,396.17470000000003,396.44329999999997,395.9061000000001,395.9061000000001,327.1593032165848,87.87498884395353,8875.373873239307,win,-0.26859999999993533,-1124.6261267606812
2025-07-28 03:10:00+00:00,2025-07-28 03:15:00+00:00,sell,396.02070000000003,396.0453,395.99610000000007,396.0453,3607.875558232643,-88.75373873239307,8786.620134506913,loss,0.024599999999963984,-1213.3798654930742
2025-07-28 03:30:00+00:00,2025-07-28 08:10:00+00:00,sell,396.0077,396.2093,395.8061,396.2093,435.84425270374857,-87.86620134506913,8698.753933161845,loss,0.2015999999999849,-1301.2460668381434
2025-07-28 08:50:00+00:00,2025-07-28 09:20:00+00:00,sell,396.1547,396.3293,395.9801,396.3293,498.21041999782017,-86.98753933161845,8611.766393830227,loss,0.1745999999999981,-1388.233606169762
2025-07-28 09:45:00+00:00,2025-07-28 10:30:00+00:00,sell,396.02570000000003,396.3553,395.69610000000006,396.3553,261.27932020118294,-86.11766393830227,8525.648729891924,loss,0.3295999999999708,-1474.3512701080642
2025-07-28 12:05:00+00:00,2025-07-28 13:25:00+00:00,buy,397.2303,396.7717,397.6889,397.6889,185.9059906212846,85.25648729891924,8610.905217190842,win,0.4585999999999899,-1389.094782809145
2025-07-28 13:35:00+00:00,2025-07-28 14:10:00+00:00,buy,397.7793,397.34470000000005,398.2138999999999,397.34470000000005,198.13403629066238,-86.10905217190843,8524.796165018934,loss,-0.43459999999993215,-1475.2038349810534
2025-07-28 15:30:00+00:00,2025-07-28 16:15:00+00:00,buy,397.32529999999997,396.8947,397.75589999999994,397.75589999999994,197.9748296567471,85.24796165018934,8610.044126669123,win,0.4305999999999699,-1389.955873330864
2025-07-28 16:30:00+00:00,2025-07-28 21:05:00+00:00,buy,397.7723,397.28470000000004,398.2598999999999,397.28470000000004,176.58006822539724,-86.10044126669123,8523.943685402432,loss,-0.4875999999999294,-1476.0563145975552
2025-07-28 22:20:00+00:00,2025-07-28 22:25:00+00:00,buy,397.3443,397.3177,397.37089999999995,397.3177,3204.4901072973357,-85.23943685402432,8438.704248548407,loss,-0.026599999999973534,-1561.2957514515795
2025-07-28 23:45:00+00:00,2025-07-28 23:50:00+00:00,buy,397.3153,397.27070000000003,397.3598999999999,397.3598999999999,1892.0861543853505,84.38704248548407,8523.091291033892,win,0.044599999999945794,-1476.9087089660954
2025-07-29 01:05:00+00:00,2025-07-29 01:30:00+00:00,buy,397.1853,397.1427,397.2279,397.2279,2000.7256551725995,85.23091291033892,8608.322203944232,win,0.04259999999999309,-1391.6777960557565
2025-07-29 01:55:00+00:00,2025-07-29 02:00:00+00:00,buy,397.3453,397.1707,397.5199,397.1707,493.0310540632489,-86.08322203944232,8522.23898190479,loss,-0.1745999999999981,-1477.7610180951988
2025-07-29 02:20:00+00:00,2025-07-29 09:50:00+00:00,buy,397.3513,396.8807,397.82189999999997,397.82189999999997,181.0930510392045,85.22238981904789,8607.461371723837,win,0.47059999999999036,-1392.5386282761508
2025-07-29 10:00:00+00:00,2025-07-29 10:05:00+00:00,buy,397.8503,397.3947,398.3059,398.3059,188.92584222396317,86.07461371723838,8693.535985441076,win,0.455600000000004,-1306.4640145589124
2025-07-29 10:15:00+00:00,2025-07-29 11:50:00+00:00,buy,398.40229999999997,397.59470000000005,399.2098999999999,399.2098999999999,107.64655752156897,86.93535985441076,8780.471345295487,win,0.8075999999999226,-1219.5286547045016
2025-07-29 12:00:00+00:00,2025-07-29 12:10:00+00:00,buy,399.2213,398.80670000000003,399.63589999999994,398.80670000000003,211.78174976595608,-87.80471345295487,8692.666631842532,loss,-0.41459999999995034,-1307.3333681574566
2025-07-29 12:30:00+00:00,2025-07-29 14:50:00+00:00,buy,399.3153,398.78470000000004,399.8458999999999,399.8458999999999,163.82711330274375,86.92666631842532,8779.593298160959,win,0.5305999999999358,-1220.4067018390313
2025-07-29 15:15:00+00:00,2025-07-29 21:50:00+00:00,buy,399.90529999999995,399.3707,400.4398999999999,399.3707,164.2273344212813,-87.79593298160958,8691.797365179349,loss,-0.5345999999999549,-1308.202634820641
2025-07-29 23:10:00+00:00,2025-07-29 23:15:00+00:00,buy,399.4803,399.3847,399.5759,399.5759,909.183824809647,86.91797365179349,8778.715338831142,win,0.09559999999999036,-1221.2846611688474
2025-07-30 00:30:00+00:00,2025-07-30 01:00:00+00:00,buy,399.5113,399.4327,399.5899,399.5899,1116.8849031592572,87.78715338831142,8866.502492219453,win,0.07859999999999445,-1133.497507780536
2025-07-30 03:05:00+00:00,2025-07-30 09:25:00+00:00,buy,399.71529999999996,399.41270000000003,400.0178999999999,399.41270000000003,293.01065737678744,-88.66502492219453,8777.837467297259,loss,-0.30259999999992715,-1222.1625327027305
2025-07-30 18:25:00+00:00,2025-07-30 18:30:00+00:00,buy,399.7353,399.4947,399.97589999999997,399.97589999999997,364.8311499292716,87.77837467297259,8865.615841970231,win,0.24059999999997217,-1134.3841580297578
2025-07-30 21:20:00+00:00,2025-07-30 22:25:00+00:00,buy,399.9153,399.79470000000003,400.03589999999997,400.03589999999997,735.125691705855,88.65615841970232,8954.272000389934,win,0.12059999999996762,-1045.7279996100556
2025-07-30 22:40:00+00:00,2025-07-30 22:45:00+00:00,buy,400.0453,399.8947,400.1959,400.1959,594.5731739966867,89.54272000389935,9043.814720393833,win,0.15059999999999718,-956.1852796061562
2025-07-30 23:10:00+00:00,2025-07-30 23:20:00+00:00,buy,400.2553,399.9427,400.56789999999995,399.9427,289.30949201518104,-90.43814720393833,8953.376573189895,loss,-0.3125999999999749,-1046.6234268100945
2025-07-31 00:55:00+00:00,2025-07-31 02:40:00+00:00,buy,400.2253,399.8627,400.5879,399.8627,246.92158227220725,-89.53376573189895,8863.842807457995,loss,-0.36259999999998627,-1136.1571925419935
2025-07-31 03:40:00+00:00,2025-07-31 09:05:00+00:00,buy,400.2253,399.7427,400.7079,399.7427,183.66852066842443,-88.63842807457995,8775.204379383415,loss,-0.4825999999999908,-1224.7956206165734
2025-07-31 14:05:00+00:00,2025-07-31 14:35:00+00:00,buy,400.15729999999996,399.93670000000003,400.3778999999999,399.93670000000003,397.78804983617675,-87.75204379383415,8687.45233558958,loss,-0.22059999999993352,-1312.5476644104076
2025-07-31 23:05:00+00:00,2025-07-31 23:45:00+00:00,sell,399.8627,399.9763,399.74910000000006,399.74910000000006,764.7405224993344,86.8745233558958,8774.326858945476,win,-0.11359999999996262,-1225.6731410545117
2025-07-31 23:55:00+00:00,2025-08-01 01:00:00+00:00,sell,399.6827,399.8463,399.51910000000004,399.8463,536.3280476128895,-87.74326858945477,8686.583590356022,loss,0.163599999999974,-1313.4164096439665
2025-08-01 01:55:00+00:00,2025-08-01 03:15:00+00:00,sell,399.5047,399.9573,399.05210000000005,399.9573,191.92628348114818,-86.86583590356022,8599.717754452462,loss,0.45259999999996126,-1400.2822455475268
2025-08-01 07:30:00+00:00,2025-08-01 08:20:00+00:00,sell,399.7907,399.87129999999996,399.71010000000007,399.71010000000007,1066.962500553114,85.99717754452462,8685.714931996987,win,-0.08059999999994716,-1314.2850680030022
2025-08-01 08:30:00+00:00,2025-08-01 08:55:00+00:00,sell,399.7047,399.78029999999995,399.62910000000005,399.78029999999995,1148.9040915347268,-86.85714931996986,8598.857782677016,loss,0.0755999999999517,-1401.142217322972
2025-08-01 10:05:00+00:00,2025-08-01 14:30:00+00:00,sell,399.6447,400.0503,399.2391,400.0503,212.00339700880605,-85.98857782677017,8512.869204850245,loss,0.40559999999999263,-1487.1307951497422
2025-08-01 15:45:00+00:00,2025-08-01 16:10:00+00:00,sell,398.93170000000003,400.0893,397.7741000000001,397.7741000000001,73.5389530481224,85.12869204850246,8597.997896898747,win,-1.1575999999999453,-1402.0021031012398
2025-08-01 17:30:00+00:00,2025-08-01 23:50:00+00:00,sell,398.17470000000003,398.67429999999996,397.6751000000001,397.6751000000001,172.09763604683653,85.97997896898747,8683.977875867735,win,-0.4995999999999299,-1316.0221241322522
2025-08-04 00:05:00+00:00,2025-08-04 00:10:00+00:00,sell,397.67470000000003,398.3453,397.00410000000005,397.00410000000005,129.49564383936783,86.83977875867734,8770.817654626413,win,-0.670599999999979,-1229.182345373575
2025-08-04 01:00:00+00:00,2025-08-04 09:00:00+00:00,sell,395.72470000000004,398.33529999999996,393.1141000000001,398.33529999999996,33.59694190847576,-87.70817654626414,8683.109478080149,loss,2.61059999999992,-1316.890521919839
2025-08-04 11:15:00+00:00,2025-08-04 12:35:00+00:00,sell,398.11670000000004,398.3573,397.87610000000006,397.87610000000006,360.8939932702059,86.8310947808015,8769.94057286095,win,-0.24059999999997217,-1230.0594271390376
2025-08-04 12:50:00+00:00,2025-08-04 14:35:00+00:00,sell,397.8757,398.1783,397.5731,398.1783,289.81958271187756,-87.6994057286095,8682.24116713234,loss,0.302599999999984,-1317.758832867647
2025-08-04 18:05:00+00:00,2025-08-05 16:20:00+00:00,buy,399.0403,398.4647,399.6159,398.4647,150.83810227818296,-86.8224116713234,8595.418755461018,loss,-0.5756000000000085,-1404.5812445389704
2025-08-05 19:00:00+00:00,2025-08-06 00:10:00+00:00,sell,398.1247,398.46529999999996,397.7841000000001,397.7841000000001,252.36109088263598,85.95418755461019,8681.372943015629,win,-0.34059999999993806,-1318.6270569843603
2025-08-06 01:45:00+00:00,2025-08-06 02:00:00+00:00,sell,397.5547,397.9303,397.17910000000006,397.17910000000006,231.13346493654106,86.81372943015629,8768.186672445785,win,-0.3755999999999631,-1231.813327554204
2025-08-06 04:20:00+00:00,2025-08-06 05:40:00+00:00,sell,397.7767,397.9753,397.5781,397.9753,441.4998324494375,-87.68186672445785,8680.504805721328,loss,0.198599999999999,-1319.495194278662
2025-08-06 06:45:00+00:00,2025-08-06 08:55:00+00:00,sell,397.8367,398.02529999999996,397.64810000000006,398.02529999999996,460.26006393020003,-86.80504805721328,8593.699757664115,loss,0.18859999999995125,-1406.3002423358753
2025-08-06 09:05:00+00:00,2025-08-06 10:00:00+00:00,sell,397.85470000000004,398.1253,397.5841000000001,398.1253,317.5794441118206,-85.93699757664115,8507.762760087475,loss,0.2705999999999449,-1492.2372399125165
2025-08-06 10:30:00+00:00,2025-08-06 11:15:00+00:00,sell,397.81870000000004,398.1853,397.4521000000001,398.1853,232.0720883821241,-85.07762760087475,8422.6851324866,loss,0.3665999999999485,-1577.3148675133914
2025-08-06 15:20:00+00:00,2025-08-06 15:25:00+00:00,sell,398.0547,398.2013,397.90810000000005,397.90810000000005,574.5351386417367,84.226851324866,8506.911983811466,win,-0.14659999999997808,-1493.0880161885254
2025-08-06 16:30:00+00:00,2025-08-06 16:45:00+00:00,sell,397.84470000000005,398.1753,397.5141000000001,397.5141000000001,257.31736188181566,85.06911983811466,8591.981103649581,win,-0.33059999999994716,-1408.0188963504108
2025-08-06 19:05:00+00:00,2025-08-06 19:30:00+00:00,sell,398.0007,398.15529999999995,397.84610000000004,397.84610000000004,555.7555694470786,85.91981103649582,8677.900914686077,win,-0.15459999999995944,-1322.099085313915
2025-08-06 20:00:00+00:00,2025-08-06 21:25:00+00:00,sell,397.8147,398.04429999999996,397.58510000000007,398.04429999999996,377.9573569115,-86.77900914686077,8591.121905539216,loss,0.22959999999994807,-1408.8780944607759
2025-08-06 22:10:00+00:00,2025-08-06 23:20:00+00:00,sell,397.9207,398.07829999999996,397.76310000000007,397.76310000000007,545.1219483212053,85.91121905539217,8677.033124594607,win,-0.15759999999994534,-1322.9668754053837
2025-08-06 23:30:00+00:00,2025-08-06 23:45:00+00:00,sell,397.7547,397.84929999999997,397.66010000000006,397.84929999999997,917.2339455178156,-86.77033124594607,8590.262793348662,loss,0.09459999999995716,-1409.7372066513299
2025-08-07 01:00:00+00:00,2025-08-07 01:25:00+00:00,sell,397.77270000000004,397.7853,397.7601000000001,397.7853,6817.6688836297835,-85.90262793348663,8504.360165415175,loss,0.01259999999996353,-1495.6398345848165
2025-08-07 01:55:00+00:00,2025-08-07 02:15:00+00:00,sell,397.7627,397.9213,397.6041,397.9213,536.2143862179273,-85.04360165415176,8419.316563761024,loss,0.15859999999997854,-1580.6834362389682
2025-08-07 02:55:00+00:00,2025-08-07 03:00:00+00:00,sell,397.66270000000003,397.96529999999996,397.3601000000001,397.3601000000001,278.2325368064458,84.19316563761024,8503.509729398635,win,-0.30259999999992715,-1496.490270601358
2025-08-07 04:15:00+00:00,2025-08-07 07:05:00+00:00,sell,397.7747,397.95529999999997,397.5941,397.95529999999997,470.84771480620446,-85.03509729398635,8418.474632104648,loss,0.1805999999999699,-1581.5253678953443
2025-08-07 11:05:00+00:00,2025-08-07 11:10:00+00:00,sell,397.79470000000003,398.1053,397.48410000000007,397.48410000000007,271.039105991809,84.18474632104648,8502.659378425695,win,-0.31059999999996535,-1497.3406215742978
2025-08-07 11:40:00+00:00,2025-08-08 09:30:00+00:00,sell,397.0647,397.9853,396.14410000000004,396.14410000000004,92.35997586819344,85.02659378425695,8587.685972209953,win,-0.920599999999979,-1412.3140277900409
2025-08-08 10:15:00+00:00,2025-08-08 17:15:00+00:00,sell,396.0047,397.0913,394.91810000000004,394.91810000000004,79.03263364816992,85.87685972209952,8673.562831932051,win,-1.0865999999999758,-1326.4371680679415
2025-08-08 17:25:00+00:00,2025-08-08 17:50:00+00:00,sell,394.8217,395.2853,394.35810000000004,395.2853,187.09151923926498,-86.73562831932051,8586.827203612731,loss,0.46359999999998536,-1413.172796387262
2025-08-08 19:15:00+00:00,2025-08-08 20:00:00+00:00,sell,394.87170000000003,394.9613,394.78210000000007,394.9613,958.3512504036161,-85.86827203612731,8500.958931576604,loss,0.08959999999996171,-1499.0410684233893
2025-08-08 21:50:00+00:00,2025-08-08 22:25:00+00:00,sell,395.1017,395.1853,395.0181,395.1853,1016.8611162174201,-85.00958931576605,8415.949342260838,loss,0.0835999999999899,-1584.0506577391554
2025-08-08 22:35:00+00:00,2025-08-08 23:05:00+00:00,sell,395.0887,395.20529999999997,394.97210000000007,395.20529999999997,721.779531926634,-84.15949342260838,8331.789848838229,loss,0.11659999999994852,-1668.2101511617639
2025-08-08 23:35:00+00:00,2025-08-08 23:45:00+00:00,sell,395.0847,395.2353,394.9341,394.9341,553.2396977980335,83.31789848838228,8415.10774732661,win,-0.15059999999999718,-1584.8922526733816
2025-08-11 00:05:00+00:00,2025-08-11 12:00:00+00:00,sell,394.8847,395.2553,394.51410000000004,395.2553,227.06712755875193,-84.15107747326611,8330.956669853344,loss,0.3705999999999676,-1669.0433301466476
2025-08-11 19:35:00+00:00,2025-08-12 00:55:00+00:00,buy,395.5953,395.4397,395.7509,395.4397,535.4085263402145,-83.30956669853343,8247.64710315481,loss,-0.15559999999999263,-1752.352896845181
2025-08-12 02:05:00+00:00,2025-08-12 02:55:00+00:00,buy,395.4253,395.3647,395.48589999999996,395.3647,1360.9978718085026,-82.4764710315481,8165.170632123261,loss,-0.06059999999996535,-1834.829367876729
2025-08-12 05:10:00+00:00,2025-08-12 05:50:00+00:00,buy,395.4813,395.42470000000003,395.5378999999999,395.5378999999999,1442.6096523199674,81.65170632123261,8246.822338444494,win,0.05659999999994625,-1753.1776615554963
2025-08-12 08:30:00+00:00,2025-08-12 09:05:00+00:00,buy,395.5003,395.40070000000003,395.59989999999993,395.59989999999993,827.9942106875922,82.46822338444494,8329.290561828939,win,0.09959999999995262,-1670.7094381710515
2025-08-12 09:20:00+00:00,2025-08-12 09:45:00+00:00,buy,395.6753,395.4307,395.9199,395.9199,340.52700579841525,83.2929056182894,8412.583467447228,win,0.24459999999999127,-1587.4165325527622
2025-08-12 09:55:00+00:00,2025-08-12 10:20:00+00:00,buy,395.9253,395.6947,396.1559,395.6947,364.81281298559895,-84.12583467447229,8328.457632772755,loss,-0.23059999999998126,-1671.5423672272345
2025-08-12 11:35:00+00:00,2025-08-12 11:40:00+00:00,buy,395.7203,395.6377,395.8029,395.8029,1008.2878490038,83.28457632772755,8411.742209100483,win,0.08260000000001355,-1588.257790899507
2025-08-12 11:55:00+00:00,2025-08-12 15:30:00+00:00,buy,395.83529999999996,395.6377,396.0328999999999,395.6377,425.6954559262115,-84.11742209100483,8327.624787009478,loss,-0.1975999999999658,-1672.3752129905117
2025-08-12 18:05:00+00:00,2025-08-12 19:10:00+00:00,sell,395.1347,395.33729999999997,394.93210000000005,395.33729999999997,411.03774861851286,-83.27624787009478,8244.348539139382,loss,0.20259999999996126,-1755.6514608606064
2025-08-12 21:00:00+00:00,2025-08-13 00:00:00+00:00,sell,395.27570000000003,395.5243,395.0271000000001,395.0271000000001,331.63107558893495,82.44348539139382,8326.792024530776,win,-0.24859999999995352,-1673.2079754692127
2025-08-13 01:15:00+00:00,2025-08-13 01:25:00+00:00,sell,394.98470000000003,395.0353,394.93410000000006,395.0353,1645.6110720424865,-83.26792024530776,8243.524104285469,loss,0.05059999999997444,-1756.4758957145204
2025-08-13 02:50:00+00:00,2025-08-13 02:55:00+00:00,sell,395.3507,395.36129999999997,395.34010000000006,395.36129999999997,7776.909532378545,-82.43524104285468,8161.088863242614,loss,0.01059999999995398,-1838.911136757375
2025-08-13 05:15:00+00:00,2025-08-13 09:05:00+00:00,sell,395.3987,395.64529999999996,395.1521000000001,395.64529999999996,330.944398347302,-81.61088863242614,8079.477974610188,loss,0.24659999999994398,-1920.5220253898012
2025-08-13 10:05:00+00:00,2025-08-13 10:10:00+00:00,sell,395.1847,395.5553,394.81410000000005,394.81410000000005,218.01073865652708,80.79477974610188,8160.27275435629,win,-0.3705999999999676,-1839.7272456436995
2025-08-13 11:25:00+00:00,2025-08-13 14:05:00+00:00,sell,394.8487,395.15029999999996,394.54710000000006,395.15029999999996,270.5660727572155,-81.60272754356289,8078.670026812727,loss,0.3015999999999508,-1921.3299731872623
2025-08-13 19:10:00+00:00,2025-08-13 19:25:00+00:00,sell,395.16470000000004,395.3003,395.0291000000001,395.0291000000001,595.7721258713473,80.78670026812728,8159.456727080854,win,-0.13559999999995398,-1840.543272919135
2025-08-13 21:55:00+00:00,2025-08-13 22:00:00+00:00,sell,395.15070000000003,395.1873,395.11410000000006,395.11410000000006,2229.359761499667,81.59456727080854,8241.051294351662,win,-0.03659999999996444,-1758.9487056483265
2025-08-13 22:10:00+00:00,2025-08-13 23:00:00+00:00,sell,395.0967,395.1993,394.9941,394.9941,803.2213737185219,82.41051294351662,8323.46180729518,win,-0.10259999999999536,-1676.53819270481
2025-08-13 23:10:00+00:00,2025-08-13 23:30:00+00:00,sell,394.9907,395.0413,394.94010000000003,394.94010000000003,1644.9529263437519,83.2346180729518,8406.69642536813,win,-0.05059999999997444,-1593.303574631858
2025-08-13 23:45:00+00:00,2025-08-13 23:50:00+00:00,sell,394.9347,394.9953,394.87410000000006,394.9953,1387.2436345499898,-84.0669642536813,8322.62946111445,loss,0.06059999999996535,-1677.3705388855394
2025-08-14 01:20:00+00:00,2025-08-14 02:00:00+00:00,sell,394.9527,395.0053,394.9001,395.0053,1582.248946980415,-83.2262946111445,8239.403166503305,loss,0.05259999999998399,-1760.596833496684
2025-08-14 03:20:00+00:00,2025-08-14 07:10:00+00:00,sell,395.0047,395.06129999999996,394.94810000000007,395.06129999999996,1455.7249410797049,-82.39403166503305,8157.009134838272,loss,0.05659999999994625,-1842.990865161717
2025-08-14 11:25:00+00:00,2025-08-14 12:30:00+00:00,buy,395.46529999999996,395.14570000000003,395.7848999999999,395.14570000000003,255.22556742303615,-81.57009134838272,8075.43904348989,loss,-0.31959999999992306,-1924.5609565100997
2025-08-14 14:05:00+00:00,2025-08-14 15:30:00+00:00,sell,394.7557,395.2353,394.2761,395.2353,168.3786289301461,-80.7543904348989,7994.684653054991,loss,0.4796000000000049,-2005.3153469449985
2025-08-14 20:05:00+00:00,2025-08-14 20:10:00+00:00,sell,395.1147,395.22429999999997,395.0051000000001,395.0051000000001,729.442030388605,79.9468465305499,8074.631499585541,win,-0.10959999999994352,-1925.3685004144486
2025-08-14 20:20:00+00:00,2025-08-15 00:00:00+00:00,sell,394.99170000000004,395.1653,394.8181000000001,395.1653,465.12854260294785,-80.74631499585541,7993.885184589685,loss,0.1735999999999649,-2006.114815410304
2025-08-15 04:30:00+00:00,2025-08-15 09:20:00+00:00,buy,395.2553,395.0957,395.41489999999993,395.41489999999993,500.869999034583,79.93885184589685,8073.8240364355825,win,0.1595999999999549,-1926.175963564407
2025-08-15 11:05:00+00:00,2025-08-15 13:05:00+00:00,buy,395.05129999999997,394.71270000000004,395.3898999999999,394.71270000000004,238.44725447245386,-80.73824036435583,7993.0857960712265,loss,-0.3385999999999285,-2006.9142039287628
2025-08-15 15:25:00+00:00,2025-08-15 15:40:00+00:00,sell,394.8047,394.9153,394.69410000000005,394.69410000000005,722.7021515436626,79.93085796071226,8073.016654031939,win,-0.11059999999997672,-1926.9833459680506
2025-08-15 16:05:00+00:00,2025-08-15 23:50:00+00:00,sell,394.6247,394.89529999999996,394.3541000000001,394.3541000000001,298.3376442732292,80.73016654031939,8153.746820572258,win,-0.2705999999999449,-1846.253179427731
2025-08-18 00:05:00+00:00,2025-08-18 02:35:00+00:00,sell,394.16470000000004,394.7523,393.5771000000001,394.7523,138.76356059518247,-81.53746820572258,8072.209352366535,loss,0.5875999999999522,-1927.7906476334538
2025-08-18 02:55:00+00:00,2025-08-18 03:00:00+00:00,sell,394.64070000000004,394.77529999999996,394.5061000000001,394.77529999999996,599.7183768477925,-80.72209352366535,7991.48725884287,loss,0.13459999999992078,-2008.512741157119
2025-08-18 06:35:00+00:00,2025-08-18 07:50:00+00:00,sell,394.5627,394.5953,394.5301,394.5953,2451.376459767587,-79.9148725884287,7911.572386254441,loss,0.03260000000000218,-2088.4276137455477
2025-08-18 08:30:00+00:00,2025-08-18 08:35:00+00:00,sell,394.5547,394.6063,394.5031000000001,394.6063,1533.250462453873,-79.11572386254441,7832.456662391896,loss,0.051599999999950796,-2167.543337608092
2025-08-18 08:50:00+00:00,2025-08-18 09:00:00+00:00,sell,394.52570000000003,394.6963,394.35510000000005,394.35510000000005,459.11234832314545,78.32456662391897,7910.781229015815,win,-0.170599999999979,-2089.218770984173
2025-08-18 10:05:00+00:00,2025-08-18 10:10:00+00:00,buy,395.20529999999997,394.9707,395.4398999999999,395.4398999999999,337.2029509385217,79.10781229015815,7989.8890413059735,win,0.23459999999994352,-2010.1109586940147
2025-08-18 12:40:00+00:00,2025-08-18 13:15:00+00:00,buy,395.5813,395.3767,395.78589999999997,395.3767,390.5126608654503,-79.89889041305973,7909.990150892913,loss,-0.2045999999999708,-2090.0098491070744
2025-08-18 15:50:00+00:00,2025-08-18 17:20:00+00:00,buy,395.5053,395.3507,395.65989999999994,395.3507,511.6423124770368,-79.09990150892914,7830.890249383984,loss,-0.15459999999995944,-2169.1097506160036
2025-08-18 19:10:00+00:00,2025-08-18 19:25:00+00:00,buy,395.25629999999995,394.97970000000004,395.53289999999987,394.97970000000004,283.11244574787935,-78.30890249383984,7752.581346890144,loss,-0.2765999999999167,-2247.4186531098435
2025-08-18 20:10:00+00:00,2025-08-18 22:20:00+00:00,buy,395.2883,394.8927,395.6839,394.8927,195.970205937566,-77.52581346890145,7675.055533421243,loss,-0.39560000000000173,-2324.944466578745
2025-08-19 00:05:00+00:00,2025-08-19 00:10:00+00:00,sell,394.57070000000004,394.7453,394.3961000000001,394.7453,439.57935472072313,-76.75055533421244,7598.304978087031,loss,0.17459999999994125,-2401.6950219129576
2025-08-19 02:00:00+00:00,2025-08-19 02:10:00+00:00,sell,394.6807,394.8453,394.5161,394.5161,461.6224166516828,75.9830497808703,7674.288027867901,win,-0.16460000000000719,-2325.7119721320873
2025-08-19 02:40:00+00:00,2025-08-19 05:05:00+00:00,sell,394.4327,394.9813,393.88410000000005,394.9813,139.8885896439736,-76.74288027867901,7597.545147589222,loss,0.5485999999999649,-2402.4548524107663
2025-08-19 08:05:00+00:00,2025-08-19 08:10:00+00:00,sell,394.9707,395.0263,394.91510000000005,394.91510000000005,1366.464954603118,75.97545147589223,7673.520599065115,win,-0.055599999999969896,-2326.479400934874
2025-08-19 08:20:00+00:00,2025-08-19 08:55:00+00:00,sell,394.9107,395.04429999999996,394.7771000000001,395.04429999999996,574.36531430152,-76.73520599065115,7596.785393074463,loss,0.13359999999994443,-2403.214606925525
2025-08-19 09:05:00+00:00,2025-08-19 09:15:00+00:00,sell,394.8847,395.05129999999997,394.71810000000005,395.05129999999997,455.9895193923345,-75.96785393074464,7520.817539143719,loss,0.1665999999999599,-2479.1824608562697
2025-08-19 09:25:00+00:00,2025-08-19 09:40:00+00:00,sell,394.78470000000004,395.0553,394.5141000000001,394.5141000000001,277.93117291741504,75.2081753914372,7596.025714535156,win,-0.2705999999999449,-2403.9742854648325
2025-08-19 09:50:00+00:00,2025-08-19 10:10:00+00:00,sell,394.34470000000005,394.8853,393.8041000000001,393.8041000000001,140.5110195067737,75.96025714535156,7671.985971680508,win,-0.5405999999999267,-2328.014028319481
2025-08-19 10:30:00+00:00,2025-08-20 10:45:00+00:00,sell,393.67470000000003,394.3453,393.00410000000005,394.3453,114.40480124784891,-76.71985971680508,7595.266111963702,loss,0.670599999999979,-2404.733888036286
2025-08-20 11:05:00+00:00,2025-08-20 12:40:00+00:00,buy,394.39529999999996,393.91470000000004,394.8758999999999,394.8758999999999,158.03716421067202,75.95266111963703,7671.218773083339,win,0.4805999999999244,-2328.781226916649
2025-08-20 15:00:00+00:00,2025-08-20 15:45:00+00:00,buy,394.45529999999997,394.2547,394.6558999999999,394.2547,382.41369756157457,-76.71218773083339,7594.506585352506,loss,-0.2005999999999517,-2405.493414647482
2025-08-20 17:05:00+00:00,2025-08-20 17:50:00+00:00,buy,394.4443,394.0217,394.8669,394.8669,179.70910045794398,75.94506585352507,7670.451651206031,win,0.42259999999998854,-2329.548348793957
2025-08-20 20:35:00+00:00,2025-08-20 21:35:00+00:00,buy,394.4753,394.3947,394.5559,394.3947,951.6689393555397,-76.70451651206031,7593.747134693971,loss,-0.080600000000004,-2406.252865306017
2025-08-20 22:50:00+00:00,2025-08-20 23:00:00+00:00,buy,394.4253,394.34970000000004,394.50089999999994,394.34970000000004,1004.4639067061935,-75.93747134693972,7517.809663347031,loss,-0.0755999999999517,-2482.190336652957
2025-08-20 23:35:00+00:00,2025-08-20 23:45:00+00:00,buy,394.4353,394.34470000000005,394.5258999999999,394.5258999999999,829.780316043286,75.17809663347032,7592.987759980501,win,0.09059999999993806,-2407.0122400194864
2025-08-20 23:55:00+00:00,2025-08-21 02:40:00+00:00,buy,394.5353,394.3507,394.7199,394.3507,411.3211137584482,-75.92987759980501,7517.057882380696,loss,-0.184599999999989,-2482.9421176192914
2025-08-21 05:15:00+00:00,2025-08-21 08:25:00+00:00,buy,394.46529999999996,394.31370000000004,394.6168999999999,394.31370000000004,495.848145276044,-75.17057882380696,7441.8873035568895,loss,-0.1515999999999167,-2558.1126964430982
2025-08-21 08:50:00+00:00,2025-08-21 09:00:00+00:00,buy,394.51529999999997,394.30170000000004,394.7288999999999,394.7288999999999,348.4029636497837,74.4188730355689,7516.3061765924585,win,0.2135999999999285,-2483.693823407529
2025-08-21 09:10:00+00:00,2025-08-21 10:00:00+00:00,buy,394.9253,394.3147,395.53589999999997,395.53589999999997,123.09705497203971,75.16306176592458,7591.469238358383,win,0.6105999999999767,-2408.5307616416044
2025-08-21 10:20:00+00:00,2025-08-21 16:40:00+00:00,buy,395.6343,395.10470000000004,396.16389999999996,396.16389999999996,143.34345238593212,75.91469238358384,7667.383930741968,win,0.5295999999999594,-2332.6160692580206
2025-08-21 16:50:00+00:00,2025-08-21 17:20:00+00:00,buy,396.17429999999996,395.6247,396.7238999999999,395.6247,139.5084412435005,-76.67383930741968,7590.710091434548,loss,-0.5495999999999412,-2409.2899085654403
2025-08-21 17:40:00+00:00,2025-08-21 18:30:00+00:00,buy,396.01829999999995,395.60470000000004,396.43189999999987,396.43189999999987,183.52780685290304,75.90710091434549,7666.617192348894,win,0.41359999999991715,-2333.382807651095
2025-08-21 18:40:00+00:00,2025-08-21 18:45:00+00:00,buy,396.46529999999996,396.1177,396.8128999999999,396.8128999999999,220.55860737486043,76.66617192348893,7743.283364272383,win,0.34759999999994307,-2256.716635727606
2025-08-21 20:00:00+00:00,2025-08-21 20:05:00+00:00,buy,396.61129999999997,396.4837,396.73889999999994,396.4837,606.84038904969,-77.43283364272382,7665.850530629659,loss,-0.12759999999997262,-2334.14946937033
2025-08-21 21:20:00+00:00,2025-08-21 23:25:00+00:00,buy,396.2553,396.1547,396.35589999999996,396.1547,762.0129752118032,-76.65850530629659,7589.192025323363,loss,-0.10059999999998581,-2410.8079746766266
2025-08-21 23:45:00+00:00,2025-08-21 23:55:00+00:00,buy,396.2113,396.12170000000003,396.30089999999996,396.12170000000003,847.0080385409159,-75.89192025323364,7513.30010507013,loss,-0.08959999999996171,-2486.6998949298604
2025-08-22 03:45:00+00:00,2025-08-22 09:00:00+00:00,buy,396.0553,395.78470000000004,396.32589999999993,396.32589999999993,277.6533667801796,75.13300105070131,7588.433106120831,win,0.2705999999999449,-2411.566893879159
2025-08-22 09:10:00+00:00,2025-08-22 09:25:00+00:00,buy,396.4953,396.1347,396.85589999999996,396.85589999999996,210.43907670885528,75.88433106120831,7664.31743718204,win,0.3605999999999767,-2335.682562817951
2025-08-22 09:35:00+00:00,2025-08-22 11:55:00+00:00,buy,396.96529999999996,396.3647,397.5658999999999,396.3647,127.61101294010899,-76.6431743718204,7587.674262810219,loss,-0.600599999999929,-2412.325737189771
2025-08-22 17:05:00+00:00,2025-08-22 17:10:00+00:00,sell,395.9157,396.1653,395.66610000000003,395.66610000000003,303.9933598882461,75.87674262810219,7663.551005438321,win,-0.24959999999998672,-2336.4489945616688
2025-08-22 22:55:00+00:00,2025-08-22 23:00:00+00:00,sell,395.04470000000003,395.0883,395.00110000000006,395.0883,1757.695184734792,-76.63551005438322,7586.915495383938,loss,0.04359999999996944,-2413.084504616052
2025-08-22 23:15:00+00:00,2025-08-22 23:30:00+00:00,sell,394.9177,395.1753,394.66010000000006,395.1753,294.5231170568664,-75.86915495383938,7511.046340430098,loss,0.2575999999999681,-2488.9536595698914
2025-08-22 23:45:00+00:00,2025-08-22 23:50:00+00:00,sell,394.7097,395.38129999999995,394.03810000000004,394.03810000000004,111.83809321665572,75.11046340430099,7586.156803834399,win,-0.6715999999999553,-2413.8431961655906
2025-08-25 02:25:00+00:00,2025-08-25 02:50:00+00:00,sell,394.3407,394.6253,394.0561000000001,394.6253,266.5550528403233,-75.86156803834399,7510.295235796056,loss,0.2845999999999549,-2489.7047642039347
2025-08-25 10:15:00+00:00,2025-08-25 10:20:00+00:00,buy,395.71529999999996,395.6147,395.8158999999999,395.8158999999999,746.550222246656,75.10295235796056,7585.398188154017,win,0.10059999999992897,-2414.601811845974
2025-08-25 10:40:00+00:00,2025-08-26 10:05:00+00:00,buy,396.7253,395.67470000000003,397.7759,397.7759,72.20063000337142,75.85398188154016,7661.252170035556,win,1.0505999999999744,-2338.747829964434
2025-08-26 10:15:00+00:00,2025-08-26 12:40:00+00:00,buy,397.8053,397.0027,398.6079,397.0027,95.45542200393359,-76.61252170035557,7584.639648335201,loss,-0.802599999999984,-2415.3603516647895
2025-08-26 16:10:00+00:00,2025-08-26 16:30:00+00:00,sell,396.7797,397.02529999999996,396.5341,396.5341,308.82083258697884,75.84639648335201,7660.486044818553,win,-0.24559999999996762,-2339.5139551814373
2025-08-26 16:50:00+00:00,2025-08-27 13:55:00+00:00,sell,396.17470000000003,396.82529999999997,395.5241000000001,396.82529999999997,117.7449438183101,-76.60486044818553,7583.881184370367,loss,0.6505999999999403,-2416.118815629623
2025-08-27 14:05:00+00:00,2025-08-27 15:40:00+00:00,buy,396.8443,396.4017,397.28689999999995,397.28689999999995,171.3484226021436,75.83881184370367,7659.71999621407,win,0.44259999999997035,-2340.2800037859192
2025-08-27 15:50:00+00:00,2025-08-27 19:30:00+00:00,buy,397.3553,396.7647,397.9459,396.7647,129.6938705759251,-76.5971999621407,7583.12279625193,loss,-0.5905999999999949,-2416.87720374806
2025-08-27 21:05:00+00:00,2025-08-27 21:25:00+00:00,buy,396.6593,396.5897,396.72889999999995,396.5897,1089.5291373928333,-75.83122796251929,7507.29156828941,loss,-0.0695999999999799,-2492.708431710579
2025-08-27 22:10:00+00:00,2025-08-27 23:20:00+00:00,buy,396.6613,396.5817,396.74089999999995,396.5817,943.1270814437391,-75.0729156828941,7432.218652606516,loss,-0.0795999999999708,-2567.7813473934734
2025-08-28 00:10:00+00:00,2025-08-28 09:10:00+00:00,sell,395.6247,396.54429999999996,394.7051000000001,396.54429999999996,80.8201245390056,-74.32218652606517,7357.896466080451,loss,0.9195999999999458,-2642.1035339195387
2025-08-28 11:05:00+00:00,2025-08-28 11:10:00+00:00,buy,396.5953,396.41470000000004,396.7759,396.7759,407.41397929577397,73.57896466080452,7431.475430741256,win,0.1805999999999699,-2568.524569258734
2025-08-28 11:20:00+00:00,2025-08-28 15:10:00+00:00,buy,396.9663,396.41470000000004,397.51789999999994,396.41470000000004,134.72580548843217,-74.31475430741256,7357.160676433843,loss,-0.5515999999999508,-2642.8393235661465
2025-08-28 15:50:00+00:00,2025-08-28 16:00:00+00:00,buy,396.7453,396.3747,397.11589999999995,397.11589999999995,198.52025570519388,73.57160676433843,7430.732283198182,win,0.3705999999999676,-2569.267716801808
2025-08-28 20:05:00+00:00,2025-08-28 20:10:00+00:00,buy,396.52529999999996,396.35470000000004,396.6958999999999,396.6958999999999,435.5646121454615,74.30732283198182,7505.039606030164,win,0.17059999999992215,-2494.9603939698263
2025-08-28 20:20:00+00:00,2025-08-29 17:35:00+00:00,buy,396.8153,396.35470000000004,397.2758999999999,396.35470000000004,162.9405038217781,-75.05039606030164,7429.989209969862,loss,-0.4605999999999426,-2570.010790030128
2025-08-29 17:55:00+00:00,2025-08-29 18:35:00+00:00,buy,396.6753,396.34470000000005,397.00589999999994,396.34470000000005,224.7425653348775,-74.29989209969862,7355.689317870163,loss,-0.33059999999994716,-2644.310682129827
2025-08-29 20:45:00+00:00,2025-08-29 23:45:00+00:00,sell,396.1877,396.2853,396.0901,396.2853,753.6566924047305,-73.55689317870163,7282.132424691461,loss,0.09759999999999991,-2717.8675753085286
2025-09-01 00:05:00+00:00,2025-09-01 02:05:00+00:00,sell,396.1007,396.3553,395.84610000000004,396.3553,286.02248329504994,-72.82132424691461,7209.311100444546,loss,0.2545999999999822,-2790.688899555443
2025-09-01 03:05:00+00:00,2025-09-01 03:10:00+00:00,sell,396.5607,396.6013,396.5201,396.5201,1775.6923892727757,72.09311100444546,7281.404211448992,win,-0.04059999999998354,-2718.595788550998
2025-09-01 03:20:00+00:00,2025-09-01 04:30:00+00:00,sell,396.45070000000004,396.6013,396.3001000000001,396.6013,483.49297552801306,-72.81404211448992,7208.590169334502,loss,0.15059999999994034,-2791.409830665488
2025-09-01 09:05:00+00:00,2025-09-01 09:10:00+00:00,sell,396.46270000000004,396.5213,396.4041000000001,396.4041000000001,1230.13484118429,72.08590169334502,7280.676071027847,win,-0.0585999999999558,-2719.3239289721428
2025-09-01 09:45:00+00:00,2025-09-01 10:25:00+00:00,sell,395.9447,396.54429999999996,395.34510000000006,395.34510000000006,121.42555155150804,72.80676071027847,7353.482831738125,win,-0.5995999999999526,-2646.5171682618643
2025-09-01 10:55:00+00:00,2025-09-02 10:35:00+00:00,sell,395.1317,395.8653,394.39810000000006,395.8653,100.2383155907641,-73.53482831738125,7279.948003420744,loss,0.7335999999999672,-2720.0519965792455
2025-09-02 11:10:00+00:00,2025-09-02 12:50:00+00:00,buy,396.78029999999995,395.78470000000004,397.77589999999987,395.78470000000004,73.1212133730554,-72.79948003420743,7207.148523386536,loss,-0.9955999999999108,-2792.851476613453
2025-09-02 14:05:00+00:00,2025-09-02 14:55:00+00:00,buy,395.9153,395.3847,396.4459,395.3847,135.8301644060806,-72.07148523386536,7135.077038152671,loss,-0.5305999999999926,-2864.922961847318
2025-09-02 15:30:00+00:00,2025-09-02 17:00:00+00:00,buy,395.7353,395.3247,396.1459,395.3247,173.7719687811222,-71.35077038152671,7063.726267771144,loss,-0.4105999999999881,-2936.273732228845
2025-09-02 19:10:00+00:00,2025-09-02 21:40:00+00:00,sell,394.9297,395.22429999999997,394.6351000000001,395.22429999999997,239.77346462228257,-70.63726267771145,6993.089005093433,loss,0.2945999999999458,-3006.9109949065564
2025-09-02 23:05:00+00:00,2025-09-02 23:10:00+00:00,sell,395.4447,395.57529999999997,395.31410000000005,395.31410000000005,535.4585761941543,69.93089005093434,7063.019895144367,win,-0.13059999999995853,-2936.980104855622
2025-09-02 23:40:00+00:00,2025-09-03 11:00:00+00:00,sell,395.0247,395.5583,394.4911,394.4911,132.36544031380532,70.63019895144367,7133.650094095811,win,-0.5335999999999785,-2866.3499059041783
2025-09-03 11:10:00+00:00,2025-09-03 12:35:00+00:00,sell,394.2567,394.96029999999996,393.5531000000001,393.5531000000001,101.38786375918767,71.33650094095812,7204.986595036769,win,-0.7035999999999376,-2795.01340496322
2025-09-03 12:45:00+00:00,2025-09-03 13:15:00+00:00,sell,393.5147,394.0653,392.96410000000003,392.96410000000003,130.85700317902476,72.04986595036769,7277.036460987137,win,-0.5505999999999744,-2722.9635390128524
2025-09-03 13:25:00+00:00,2025-09-03 17:25:00+00:00,sell,392.9347,393.7203,392.14910000000003,393.7203,92.63030118364621,-72.77036460987136,7204.266096377265,loss,0.7855999999999881,-2795.7339036227236
2025-09-03 18:05:00+00:00,2025-09-04 02:00:00+00:00,sell,393.3047,393.7253,392.88410000000005,392.88410000000005,171.2854516494918,72.04266096377265,7276.308757341038,win,-0.420599999999979,-2723.691242658951
2025-09-04 04:20:00+00:00,2025-09-04 09:00:00+00:00,sell,393.3747,393.4713,393.27810000000005,393.4713,753.2410721887727,-72.76308757341037,7203.545669767627,loss,0.09659999999996671,-2796.4543302323614
2025-09-04 13:10:00+00:00,2025-09-04 13:15:00+00:00,sell,393.65770000000003,393.7543,393.56110000000007,393.56110000000007,745.7086614668851,72.03545669767628,7275.581126465304,win,-0.09659999999996671,-2724.418873534685
2025-09-04 13:25:00+00:00,2025-09-05 09:35:00+00:00,sell,393.10970000000003,393.7453,392.4741000000001,392.4741000000001,114.46792206522706,72.75581126465305,7348.336937729957,win,-0.635599999999954,-2651.6630622700322
2025-09-05 09:45:00+00:00,2025-09-05 10:30:00+00:00,sell,392.4547,392.7213,392.1881,392.7213,275.631543050654,-73.48336937729957,7274.853568352657,loss,0.26659999999998263,-2725.1464316473316
2025-09-05 11:10:00+00:00,2025-09-05 15:50:00+00:00,sell,392.6547,393.0653,392.2441,392.2441,177.17617068565193,72.74853568352657,7347.602104036184,win,-0.4105999999999881,-2652.3978959638052
2025-09-05 16:00:00+00:00,2025-09-05 17:35:00+00:00,sell,392.1297,392.7903,391.4691,392.7903,111.22618988853039,-73.47602104036184,7274.126082995822,loss,0.6605999999999881,-2725.873917004167
2025-09-05 18:50:00+00:00,2025-09-05 19:15:00+00:00,sell,392.32070000000004,392.51529999999997,392.1261000000001,392.1261000000001,373.7988737409403,72.74126082995822,7346.86734382578,win,-0.19459999999992306,-2653.132656174209
2025-09-08 00:05:00+00:00,2025-09-08 00:10:00+00:00,sell,392.6147,392.9453,392.2841000000001,392.2841000000001,222.22829231176513,73.46867343825781,7420.336017264038,win,-0.33059999999994716,-2579.6639827359513
2025-09-08 00:30:00+00:00,2025-09-08 03:45:00+00:00,sell,391.8047,392.8053,390.80410000000006,392.8053,74.15886485373088,-74.20336017264037,7346.132657091397,loss,1.000599999999963,-2653.8673429085916
2025-09-08 07:05:00+00:00,2025-09-08 08:55:00+00:00,buy,393.08529999999996,393.0167,393.1538999999999,393.0167,1070.86481881882,-73.46132657091397,7272.671330520483,loss,-0.0685999999999467,-2727.3286694795056
2025-09-08 09:05:00+00:00,2025-09-08 09:10:00+00:00,buy,393.07529999999997,392.97470000000004,393.1758999999999,393.1758999999999,722.9295557182522,72.72671330520483,7345.398043825688,win,0.10059999999992897,-2654.601956174301
2025-09-08 10:50:00+00:00,2025-09-08 12:55:00+00:00,buy,392.9253,392.6427,393.2079,393.2079,259.92208223020634,73.45398043825688,7418.852024263944,win,0.2826000000000022,-2581.147975736044
2025-09-08 13:05:00+00:00,2025-09-08 23:55:00+00:00,buy,393.3053,392.8077,393.80289999999997,392.8077,149.0926853750861,-74.18852024263944,7344.663504021305,loss,-0.49759999999997717,-2655.336495978683
2025-09-09 06:40:00+00:00,2025-09-09 07:25:00+00:00,buy,393.08729999999997,393.0677,393.10689999999994,393.0677,3747.2772979760703,-73.44663504021305,7271.216868981092,loss,-0.01959999999996853,-2728.7831310188963
2025-09-09 08:25:00+00:00,2025-09-09 08:45:00+00:00,buy,393.0943,393.05870000000004,393.1298999999999,393.1298999999999,2042.4766485941393,72.71216868981092,7343.929037670903,win,0.03559999999993124,-2656.0709623290854
2025-09-09 08:55:00+00:00,2025-09-09 09:00:00+00:00,buy,393.1953,393.0657,393.32489999999996,393.0657,566.6611911783884,-73.43929037670904,7270.489747294194,loss,-0.12959999999998217,-2729.5102527057943
2025-09-09 09:10:00+00:00,2025-09-09 09:15:00+00:00,buy,393.2073,393.03470000000004,393.3798999999999,393.3798999999999,421.23347319218254,72.70489747294194,7343.194644767136,win,0.1725999999999317,-2656.8053552328524
2025-09-09 10:35:00+00:00,2025-09-09 10:45:00+00:00,buy,393.3853,393.1017,393.66889999999995,393.66889999999995,258.927878870511,73.43194644767136,7416.626591214807,win,0.28359999999997854,-2583.3734087851813
2025-09-09 11:05:00+00:00,2025-09-09 13:30:00+00:00,buy,393.83529999999996,393.2547,394.4158999999999,393.2547,127.74072668300866,-74.16626591214808,7342.460325302659,loss,-0.5805999999999472,-2657.5396746973292
2025-09-09 20:10:00+00:00,2025-09-09 20:25:00+00:00,sell,393.04470000000003,393.1053,392.98410000000007,392.98410000000007,1211.6271163872702,73.42460325302659,7415.884928555685,win,-0.06059999999996535,-2584.115071444303
2025-09-09 22:00:00+00:00,2025-09-09 23:00:00+00:00,sell,392.97470000000004,393.0653,392.8841000000001,393.0653,818.5303453157567,-74.15884928555685,7341.726079270128,loss,0.09059999999993806,-2658.2739207298596
2025-09-10 01:05:00+00:00,2025-09-10 01:10:00+00:00,sell,393.1127,393.14529999999996,393.0801000000001,393.0801000000001,2252.0632145038153,73.41726079270128,7415.143340062829,win,-0.03259999999994534,-2584.8566599371584
2025-09-10 03:35:00+00:00,2025-09-10 04:00:00+00:00,sell,393.0047,393.04229999999995,392.9671000000001,392.9671000000001,1972.1125904453472,74.15143340062829,7489.294773463457,win,-0.03759999999994079,-2510.70522653653
2025-09-10 04:35:00+00:00,2025-09-10 05:20:00+00:00,sell,392.9297,393.0403,392.81910000000005,393.0403,677.1514261722454,-74.89294773463457,7414.401825728823,loss,0.11059999999997672,-2585.5981742711647
2025-09-10 06:35:00+00:00,2025-09-10 06:40:00+00:00,sell,393.0187,393.0463,392.9911000000001,393.0463,2686.377473095031,-74.14401825728822,7340.257807471535,loss,0.027599999999949887,-2659.742192528453
2025-09-10 08:00:00+00:00,2025-09-10 08:25:00+00:00,sell,393.0417,393.0743,393.0091,393.0743,2251.6128243776207,-73.40257807471535,7266.85522939682,loss,0.03260000000000218,-2733.144770603168
2025-09-10 09:30:00+00:00,2025-09-10 09:35:00+00:00,buy,393.2213,393.1297,393.31289999999996,393.1297,793.3248067029585,-72.6685522939682,7194.186677102852,loss,-0.09159999999997126,-2805.8133228971365
2025-09-10 09:45:00+00:00,2025-09-10 10:00:00+00:00,buy,393.3213,392.8227,393.8199,393.8199,144.2877392118472,71.94186677102851,7266.1285438738805,win,0.49860000000001037,-2733.871456126108
2025-09-10 11:35:00+00:00,2025-09-10 12:55:00+00:00,buy,393.8053,393.3407,394.26989999999995,393.3407,156.39536254572707,-72.6612854387388,7193.467258435142,loss,-0.4645999999999617,-2806.532741564847
2025-09-10 17:05:00+00:00,2025-09-10 18:10:00+00:00,sell,392.6347,392.9033,392.3661,392.9033,267.8133752209736,-71.93467258435142,7121.53258585079,loss,0.2685999999999922,-2878.4674141491987
2025-09-10 21:10:00+00:00,2025-09-10 21:15:00+00:00,sell,392.8707,392.9353,392.8061,392.9353,1102.4044250545674,-71.21532585850791,7050.317259992283,loss,0.06459999999998445,-2949.682740007707
2025-09-11 00:25:00+00:00,2025-09-11 09:00:00+00:00,sell,392.9647,393.1713,392.7581,393.1713,341.25446563373447,-70.50317259992283,6979.81408739236,loss,0.20659999999998035,-3020.1859126076297
2025-09-11 11:05:00+00:00,2025-09-11 11:15:00+00:00,sell,393.0047,393.3053,392.70410000000004,392.70410000000004,232.19607742491527,69.7981408739236,7049.612228266284,win,-0.30059999999997444,-2950.387771733706
2025-09-11 11:25:00+00:00,2025-09-11 13:25:00+00:00,sell,392.60470000000004,393.2083,392.00110000000006,393.2083,116.79278045504662,-70.49612228266284,6979.11610598362,loss,0.6035999999999717,-3020.8838940163687
2025-09-11 13:40:00+00:00,2025-09-11 14:00:00+00:00,sell,392.97470000000004,393.2253,392.7241000000001,392.7241000000001,278.49625323163,69.7911610598362,7048.907267043456,win,-0.2505999999999631,-2951.0927329565325
2025-09-11 14:10:00+00:00,2025-09-11 15:10:00+00:00,sell,392.7047,393.07529999999997,392.33410000000003,392.33410000000003,190.2025706164078,70.48907267043457,7119.3963397138905,win,-0.3705999999999676,-2880.6036602860977
2025-09-11 16:00:00+00:00,2025-09-12 10:00:00+00:00,sell,391.9707,392.9353,391.00610000000006,391.00610000000006,73.80672133230533,71.1939633971389,7190.590303111029,win,-0.9645999999999617,-2809.409696888959
2025-09-12 10:10:00+00:00,2025-09-12 11:55:00+00:00,sell,390.8797,391.7373,390.0221,391.7373,83.8455026015754,-71.9059030311103,7118.684400079919,loss,0.8575999999999908,-2881.3155999200694
2025-09-12 12:10:00+00:00,2025-09-12 13:30:00+00:00,sell,391.3847,391.7953,390.9741,390.9741,173.3727325884103,71.1868440007992,7189.8712440807185,win,-0.4105999999999881,-2810.12875591927
2025-09-12 13:40:00+00:00,2025-09-12 15:30:00+00:00,sell,390.8277,391.4883,390.1671,391.4883,108.83849900213212,-71.89871244080719,7117.972531639912,loss,0.6605999999999881,-2882.0274683600774
2025-09-12 17:15:00+00:00,2025-09-12 17:30:00+00:00,sell,391.3037,391.6323,390.9751,390.9751,216.61511051856456,71.17972531639911,7189.152256956311,win,-0.32859999999999445,-2810.8477430436783
2025-09-12 17:45:00+00:00,2025-09-12 19:45:00+00:00,sell,390.8847,391.5533,390.21610000000004,390.21610000000004,107.52546002029075,71.89152256956311,7261.043779525874,win,-0.6685999999999694,-2738.956220474115
2025-09-12 20:05:00+00:00,2025-09-12 23:45:00+00:00,sell,390.20070000000004,390.3963,390.0051000000001,390.0051000000001,371.2190071333077,72.61043779525875,7333.654217321133,win,-0.19559999999995625,-2666.3457826788563
2025-09-15 00:00:00+00:00,2025-09-15 00:05:00+00:00,sell,389.9857,390.3853,389.58610000000004,389.58610000000004,183.5248803133582,73.33654217321133,7406.990759494344,win,-0.399599999999964,-2593.009240505645
2025-09-15 03:40:00+00:00,2025-09-15 05:15:00+00:00,sell,390.16270000000003,390.3653,389.96010000000007,390.3653,365.59677983690824,-74.06990759494344,7332.920851899401,loss,0.20259999999996126,-2667.079148100588
2025-09-15 10:05:00+00:00,2025-09-15 10:35:00+00:00,sell,390.59470000000005,390.9693,390.2201000000001,390.2201000000001,195.7533596342972,73.32920851899401,7406.250060418395,win,-0.3745999999999299,-2593.749939581594
2025-09-15 10:55:00+00:00,2025-09-15 11:25:00+00:00,sell,390.07070000000004,390.46529999999996,389.67610000000013,389.67610000000013,187.69006742068052,74.06250060418395,7480.312561022579,win,-0.3945999999999117,-2519.68743897741
2025-09-15 11:45:00+00:00,2025-09-16 02:00:00+00:00,sell,389.5847,390.2953,388.8741,388.8741,105.26755644557535,74.80312561022579,7555.115686632805,win,-0.7105999999999995,-2444.884313367184
2025-09-16 03:15:00+00:00,2025-09-16 07:40:00+00:00,sell,389.3047,389.5453,389.06410000000005,389.5453,314.0114582973266,-75.55115686632804,7479.564529766477,loss,0.24059999999997217,-2520.435470233512
2025-09-16 08:00:00+00:00,2025-09-16 08:05:00+00:00,sell,389.4647,389.5483,389.3811,389.3811,894.6847523645192,74.79564529766478,7554.360175064142,win,-0.0835999999999899,-2445.6398249358476
2025-09-16 09:10:00+00:00,2025-09-16 09:35:00+00:00,sell,389.28470000000004,389.5953,388.9741000000001,389.5953,243.21829282243993,-75.54360175064141,7478.8165733135,loss,0.31059999999996535,-2521.183426686489
2025-09-16 10:50:00+00:00,2025-09-16 11:55:00+00:00,sell,389.3347,389.76529999999997,388.9041,389.76529999999997,173.68361758741344,-74.788165733135,7404.028407580365,loss,0.4305999999999699,-2595.971592419624
2025-09-16 19:10:00+00:00,2025-09-17 01:35:00+00:00,sell,389.35470000000004,389.6853,389.0241000000001,389.0241000000001,223.95730210470504,74.04028407580365,7478.068691656168,win,-0.33059999999994716,-2521.93130834382
2025-09-17 01:45:00+00:00,2025-09-17 02:00:00+00:00,sell,389.0027,389.4953,388.5101,389.4953,151.80813421957868,-74.78068691656168,7403.288004739607,loss,0.4925999999999817,-2596.7119952603816
2025-09-17 10:05:00+00:00,2025-09-17 11:50:00+00:00,sell,389.34470000000005,389.6153,389.0741000000001,389.6153,273.58787896308627,-74.03288004739606,7329.25512469221,loss,0.2705999999999449,-2670.744875307778
2025-09-17 12:00:00+00:00,2025-09-17 21:05:00+00:00,buy,389.6953,389.2477,390.14289999999994,389.2477,163.7456462174435,-73.2925512469221,7255.962573445288,loss,-0.4475999999999658,-2744.0374265547
2025-09-17 21:50:00+00:00,2025-09-18 02:05:00+00:00,buy,389.7853,389.1017,390.4689,389.1017,106.14339633477404,-72.55962573445288,7183.402947710835,loss,-0.6836000000000126,-2816.5970522891525
2025-09-18 02:50:00+00:00,2025-09-18 10:55:00+00:00,buy,389.8923,389.0147,390.76989999999995,389.0147,81.8528138982573,-71.83402947710836,7111.568918233726,loss,-0.8775999999999726,-2888.431081766261
2025-09-18 11:05:00+00:00,2025-09-18 12:30:00+00:00,sell,388.7047,389.6353,387.77410000000003,387.77410000000003,76.41918029479858,71.11568918233726,7182.684607416064,win,-0.9305999999999699,-2817.3153925839238
2025-09-18 14:35:00+00:00,2025-09-18 15:35:00+00:00,sell,388.3147,388.70529999999997,387.92410000000007,388.70529999999997,183.8884948135431,-71.82684607416064,7110.857761341903,loss,0.39059999999994943,-2889.1422386580844
2025-09-18 20:10:00+00:00,2025-09-18 20:30:00+00:00,sell,389.29470000000003,389.40529999999995,389.1841000000001,389.1841000000001,642.934698132645,71.10857761341903,7181.966338955322,win,-0.11059999999991987,-2818.033661044665
2025-09-18 21:45:00+00:00,2025-09-18 22:10:00+00:00,sell,389.2747,389.3153,389.2341,389.3153,1768.9572263443924,-71.81966338955321,7110.146675565768,loss,0.04059999999998354,-2889.8533244342184
2025-09-18 23:55:00+00:00,2025-09-19 00:00:00+00:00,sell,389.3627,389.4153,389.31010000000003,389.31010000000003,1351.73891170493,71.10146675565768,7181.248142321426,win,-0.05259999999998399,-2818.7518576785606
2025-09-19 02:05:00+00:00,2025-09-19 03:00:00+00:00,sell,388.6347,389.0053,388.26410000000004,389.0053,193.77356023534955,-71.81248142321427,7109.435660898212,loss,0.3705999999999676,-2890.5643391017747
2025-09-19 07:20:00+00:00,2025-09-19 08:05:00+00:00,buy,389.5353,389.4527,389.6179,389.4527,860.7064964766399,-71.09435660898212,7038.34130428923,loss,-0.08260000000001355,-2961.658695710757
2025-09-19 08:35:00+00:00,2025-09-19 09:35:00+00:00,buy,389.6153,389.44370000000004,389.78689999999995,389.44370000000004,410.1597496673113,-70.3834130428923,6967.957891246338,loss,-0.17159999999995534,-3032.0421087536492
2025-09-19 10:05:00+00:00,2025-09-19 11:55:00+00:00,buy,389.60429999999997,389.3047,389.9038999999999,389.9038999999999,232.57536352629188,69.67957891246338,7037.637470158801,win,0.29959999999994125,-2962.3625298411857
2025-09-19 12:10:00+00:00,2025-09-19 12:30:00+00:00,buy,390.0643,389.59470000000005,390.53389999999996,390.53389999999996,149.8645117154907,70.376374701588,7108.013844860389,win,0.46959999999995716,-2891.986155139598
2025-09-19 12:50:00+00:00,2025-09-22 00:00:00+00:00,buy,390.8533,389.9947,391.71189999999996,389.9947,82.78609183392338,-71.08013844860389,7036.933706411785,loss,-0.8585999999999672,-2963.066293588202
2025-09-22 01:15:00+00:00,2025-09-22 01:55:00+00:00,sell,387.9447,388.46529999999996,387.42410000000007,388.46529999999996,135.16968318118577,-70.36933706411786,6966.564369347668,loss,0.5205999999999449,-3033.4356306523196
2025-09-22 04:20:00+00:00,2025-09-22 04:30:00+00:00,sell,390.08270000000005,390.2933,389.8721000000001,389.8721000000001,330.79602893397754,69.66564369347668,7036.230013041144,win,-0.2105999999999426,-2963.7699869588428
2025-09-22 04:40:00+00:00,2025-09-22 10:05:00+00:00,sell,389.8317,390.19329999999997,389.47010000000006,389.47010000000006,194.5860069978445,70.36230013041144,7106.592313171555,win,-0.36159999999995307,-2893.4076868284315
2025-09-22 11:20:00+00:00,2025-09-22 13:00:00+00:00,sell,389.5047,389.77029999999996,389.23910000000006,389.23910000000006,267.5674816706667,71.06592313171555,7177.658236303271,win,-0.26559999999994943,-2822.341763696716
2025-09-22 13:10:00+00:00,2025-09-22 13:20:00+00:00,sell,389.0657,389.4853,388.6461,388.6461,171.05953852009597,71.77658236303272,7249.434818666304,win,-0.41960000000000264,-2750.5651813336835
2025-09-22 14:50:00+00:00,2025-09-22 15:10:00+00:00,sell,389.04470000000003,389.1783,388.9111000000001,388.9111000000001,542.6223666668652,72.49434818666305,7321.929166852967,win,-0.13359999999994443,-2678.0708331470205
2025-09-22 15:25:00+00:00,2025-09-22 15:50:00+00:00,sell,388.8947,389.15529999999995,388.63410000000005,388.63410000000005,280.96428115327166,73.21929166852966,7395.148458521497,win,-0.260599999999954,-2604.8515414784906
2025-09-22 16:25:00+00:00,2025-09-22 17:20:00+00:00,sell,388.60470000000004,388.9953,388.2141000000001,388.9953,189.32791752489643,-73.95148458521497,7321.196973936282,loss,0.39059999999994943,-2678.8030260637056
2025-09-22 18:00:00+00:00,2025-09-23 10:20:00+00:00,sell,388.7087,389.1713,388.24610000000007,389.1713,158.26193199172158,-73.21196973936283,7247.985004196919,loss,0.46259999999995216,-2752.0149958030684
2025-09-23 13:05:00+00:00,2025-09-23 14:55:00+00:00,sell,388.8047,389.0053,388.6041000000001,389.0053,361.31530429704213,-72.4798500419692,7175.50515415495,loss,0.2005999999999517,-2824.4948458450376
2025-09-23 16:00:00+00:00,2025-09-23 16:35:00+00:00,sell,388.6947,389.1653,388.2241,389.1653,152.47567263397997,-71.7550515415495,7103.7501026134005,loss,0.47059999999999036,-2896.2498973865872
2025-09-23 17:50:00+00:00,2025-09-24 02:00:00+00:00,buy,389.6363,388.9647,390.3079,388.9647,105.7735274361714,-71.03750102613401,7032.712601587266,loss,-0.6716000000000122,-2967.2873984127214
2025-09-24 02:10:00+00:00,2025-09-24 12:45:00+00:00,buy,389.64329999999995,388.9047,390.3818999999999,390.3818999999999,95.21679666379126,70.32712601587266,7103.039727603139,win,0.7385999999999626,-2896.9602723968487
2025-09-24 13:15:00+00:00,2025-09-24 13:20:00+00:00,buy,390.55629999999996,390.1947,390.9178999999999,390.9178999999999,196.43362078551056,71.0303972760314,7174.07012487917,win,0.36159999999995307,-2825.9298751208175
2025-09-24 13:30:00+00:00,2025-09-24 13:50:00+00:00,buy,390.9303,390.2447,391.61589999999995,391.61589999999995,104.63929587047161,71.74070124879171,7245.810826127962,win,0.6855999999999653,-2754.189173872026
2025-09-24 17:00:00+00:00,2025-09-25 00:00:00+00:00,buy,391.1853,390.6517,391.71889999999996,390.6517,135.79105746117418,-72.45810826127962,7173.352717866683,loss,-0.5335999999999785,-2826.6472821333055
2025-09-25 02:25:00+00:00,2025-09-25 21:20:00+00:00,buy,391.2983,390.3247,392.27189999999996,392.27189999999996,73.67864336346403,71.73352717866683,7245.08624504535,win,0.9735999999999763,-2754.9137549546385
2025-09-25 21:30:00+00:00,2025-09-25 23:05:00+00:00,buy,392.3853,392.0647,392.70589999999993,392.0647,225.98522286482654,-72.4508624504535,7172.635382594896,loss,-0.32059999999995625,-2827.364617405092
2025-09-26 03:05:00+00:00,2025-09-26 03:10:00+00:00,buy,391.64529999999996,391.4327,391.8578999999999,391.8578999999999,337.37701705533914,71.72635382594896,7244.361736420845,win,0.21259999999995216,-2755.638263579143
2025-09-26 04:25:00+00:00,2025-09-26 04:55:00+00:00,buy,391.8633,391.7867,391.93989999999997,391.93989999999997,945.7391300812367,72.44361736420845,7316.805353785054,win,0.0765999999999849,-2683.1946462149344
2025-09-26 06:10:00+00:00,2025-09-26 06:20:00+00:00,buy,391.91929999999996,391.8677,391.9708999999999,391.9708999999999,1417.985533680626,73.16805353785054,7389.973407322905,win,0.051599999999950796,-2610.026592677084
2025-09-26 06:45:00+00:00,2025-09-26 08:00:00+00:00,buy,391.9753,391.9017,392.0489,391.9017,1004.0724738210606,-73.89973407322906,7316.073673249675,loss,-0.073599999999999,-2683.926326750313
2025-09-26 08:50:00+00:00,2025-09-26 08:55:00+00:00,buy,391.9473,391.6897,392.20489999999995,392.20489999999995,284.00907116655986,73.16073673249676,7389.234409982172,win,0.2575999999999681,-2610.765590017816
2025-09-26 10:20:00+00:00,2025-09-26 10:30:00+00:00,buy,391.8553,391.61170000000004,392.09889999999996,391.61170000000004,303.3347458942301,-73.89234409982173,7315.342065882351,loss,-0.24359999999995807,-2684.657934117638
2025-09-26 15:05:00+00:00,2025-09-26 15:30:00+00:00,sell,391.4547,391.8453,391.0641,391.0641,187.2847431101442,73.1534206588235,7388.495486541175,win,-0.3906000000000063,-2611.5045134588145
2025-09-26 15:45:00+00:00,2025-09-26 16:25:00+00:00,sell,390.84470000000005,391.5053,390.1841000000001,391.5053,111.84522383502791,-73.88495486541174,7314.610531675763,loss,0.6605999999999312,-2685.389468324226
2025-09-26 17:40:00+00:00,2025-09-26 18:20:00+00:00,sell,391.1127,391.4333,390.79210000000006,390.79210000000006,228.15379075722896,73.14610531675763,7387.756636992521,win,-0.32059999999995625,-2612.2433630074684
2025-09-26 18:30:00+00:00,2025-09-26 20:00:00+00:00,sell,390.7147,390.95529999999997,390.4741,390.95529999999997,307.0555543222517,-73.8775663699252,7313.8790706225955,loss,0.24059999999997217,-2686.1209293773936
2025-09-26 21:00:00+00:00,2025-09-26 23:45:00+00:00,sell,390.8647,390.9753,390.75410000000005,390.75410000000005,661.2910552101389,73.13879070622596,7387.017861328822,win,-0.11059999999997672,-2612.982138671168
2025-09-29 00:00:00+00:00,2025-09-29 00:05:00+00:00,sell,390.7497,390.8513,390.64810000000006,390.8513,727.0686871389344,-73.87017861328822,7313.147682715534,loss,0.10159999999996217,-2686.852317284456
2025-09-29 01:55:00+00:00,2025-09-29 02:45:00+00:00,sell,390.7747,391.07829999999996,390.47110000000004,391.07829999999996,240.88101721727566,-73.13147682715534,7240.016205888379,loss,0.30359999999996035,-2759.9837941116116
2025-09-29 03:10:00+00:00,2025-09-29 03:15:00+00:00,sell,391.0627,391.1053,391.0201,391.0201,1699.5343206313507,72.4001620588838,7312.416367947263,win,-0.04259999999999309,-2687.583632052728
2025-09-29 04:20:00+00:00,2025-09-29 09:10:00+00:00,sell,390.9047,391.2553,390.5541,390.5541,208.5686357087153,73.12416367947263,7385.540531626736,win,-0.3505999999999858,-2614.4594683732553
2025-09-29 09:20:00+00:00,2025-09-29 09:35:00+00:00,sell,390.47470000000004,390.7783,390.1711000000001,390.1711000000001,243.26549840670953,73.85540531626737,7459.395936943003,win,-0.30359999999996035,-2540.604063056988
2025-09-29 11:15:00+00:00,2025-09-29 12:00:00+00:00,sell,390.1547,390.46729999999997,389.8421,390.46729999999997,238.62431020293036,-74.59395936943004,7384.801977573573,loss,0.3125999999999749,-2615.198022426418
2025-09-29 18:05:00+00:00,2025-09-30 00:00:00+00:00,buy,391.34029999999996,391.08270000000005,391.59789999999987,391.08270000000005,286.67709540279964,-73.84801977573574,7310.953957797838,loss,-0.25759999999991123,-2689.046042202154
2025-09-30 06:25:00+00:00,2025-09-30 07:20:00+00:00,sell,390.9477,390.9823,390.9131,390.9823,2112.99247335126,-73.10953957797838,7237.844418219859,loss,0.03460000000001173,-2762.1555817801323
2025-09-30 07:40:00+00:00,2025-09-30 10:05:00+00:00,buy,391.2383,390.93870000000004,391.5378999999999,390.93870000000004,241.58359206346057,-72.37844418219859,7165.46597403766,loss,-0.29959999999994125,-2834.534025962331
2025-09-30 13:10:00+00:00,2025-09-30 16:50:00+00:00,sell,390.39570000000003,390.7813,390.0101000000001,390.0101000000001,185.82639974166275,71.6546597403766,7237.120633778037,win,-0.385599999999954,-2762.879366221954
2025-09-30 17:00:00+00:00,2025-09-30 17:40:00+00:00,sell,389.9297,390.26529999999997,389.5941000000001,389.5941000000001,215.6472179314444,72.37120633778036,7309.4918401158175,win,-0.3355999999999426,-2690.508159884174
2025-09-30 17:50:00+00:00,2025-09-30 21:35:00+00:00,sell,389.5237,389.8443,389.20310000000006,389.8443,227.99413100801047,-73.09491840115818,7236.39692171466,loss,0.32059999999995625,-2763.6030782853322
2025-09-30 23:55:00+00:00,2025-10-01 00:00:00+00:00,sell,389.8487,389.94829999999996,389.74910000000006,389.74910000000006,726.5458756745084,72.3639692171466,7308.760890931806,win,-0.09959999999995262,-2691.239109068186
2025-10-01 00:10:00+00:00,2025-10-01 03:20:00+00:00,sell,389.53470000000004,389.94829999999996,389.1211000000001,389.94829999999996,176.71085326240984,-73.08760890931806,7235.673282022488,loss,0.41359999999991715,-2764.326717977504
2025-10-01 06:50:00+00:00,2025-10-01 06:55:00+00:00,sell,389.9297,389.95529999999997,389.9041000000001,389.9041000000001,2826.4348757966213,72.35673282022488,7308.030014842713,win,-0.025599999999940337,-2691.969985157279
2025-10-01 07:30:00+00:00,2025-10-01 08:00:00+00:00,sell,389.87870000000004,389.95529999999997,389.8021000000001,389.8021000000001,954.0509157767071,73.08030014842713,7381.1103149911405,win,-0.07659999999992806,-2618.8896850088518
2025-10-01 09:05:00+00:00,2025-10-01 10:05:00+00:00,sell,389.7207,389.9233,389.51810000000006,389.51810000000006,364.31936401740137,73.8111031499114,7454.921418141052,win,-0.20259999999996126,-2545.07858185894
2025-10-01 10:15:00+00:00,2025-10-01 10:20:00+00:00,sell,389.4447,389.88329999999996,389.00610000000006,389.00610000000006,169.97084856684634,74.54921418141052,7529.470632322462,win,-0.43859999999995125,-2470.5293676775295
2025-10-01 10:45:00+00:00,2025-10-03 18:50:00+00:00,sell,388.8947,389.8153,387.9741,387.9741,81.78873161332429,75.29470632322462,7604.765338645687,win,-0.920599999999979,-2395.234661354305
2025-10-03 19:05:00+00:00,2025-10-03 19:10:00+00:00,sell,387.83270000000005,388.2383,387.4271000000001,387.4271000000001,187.49421446368075,76.04765338645687,7680.8129920321435,win,-0.4055999999999358,-2319.1870079678483
2025-10-03 21:40:00+00:00,2025-10-03 23:00:00+00:00,sell,388.07370000000003,388.15529999999995,387.9921000000001,387.9921000000001,941.2761019656058,76.80812992032143,7757.621121952465,win,-0.08159999999992351,-2242.378878047527
2025-10-03 23:30:00+00:00,2025-10-03 23:40:00+00:00,sell,387.8797,388.0573,387.70210000000003,387.70210000000003,436.80299110096644,77.57621121952465,7835.197333171989,win,-0.177599999999984,-2164.802666828002
2025-10-03 23:50:00+00:00,2025-10-06 00:00:00+00:00,sell,387.6227,387.96529999999996,387.28010000000006,387.28010000000006,228.69811246856938,78.35197333171989,7913.549306503709,win,-0.3425999999999476,-2086.4506934962824
2025-10-06 04:30:00+00:00,2025-10-06 06:15:00+00:00,sell,388.0667,388.1653,387.96810000000005,387.96810000000005,802.5912075563504,79.1354930650371,7992.684799568746,win,-0.09859999999997626,-2007.3152004312453
2025-10-06 06:25:00+00:00,2025-10-06 06:45:00+00:00,sell,387.96770000000004,388.0653,387.8701000000001,388.0653,818.9226229071114,-79.92684799568745,7912.757951573059,loss,0.09759999999994307,-2087.242048426933
2025-10-06 07:35:00+00:00,2025-10-06 07:50:00+00:00,sell,387.9667,388.07529999999997,387.85810000000004,387.85810000000004,728.6149126680895,79.12757951573059,7991.885531088789,win,-0.10859999999996717,-2008.1144689112023
2025-10-06 08:30:00+00:00,2025-10-06 09:00:00+00:00,sell,387.8317,388.0103,387.65310000000005,387.65310000000005,447.47399390204725,79.91885531088789,8071.804386399677,win,-0.17859999999996035,-1928.1956136003143
2025-10-06 13:05:00+00:00,2025-10-06 13:30:00+00:00,buy,388.7433,388.3337,389.15289999999993,389.15289999999993,197.06553677735758,80.71804386399677,8152.522430263674,win,0.4095999999999549,-1847.4775697363175
2025-10-06 17:00:00+00:00,2025-10-06 17:30:00+00:00,buy,388.5653,388.32370000000003,388.8068999999999,388.8068999999999,337.4388423123101,81.52522430263674,8234.047654566311,win,0.24159999999994852,-1765.9523454336806
2025-10-06 17:55:00+00:00,2025-10-06 23:55:00+00:00,buy,388.9253,388.45770000000005,389.39289999999994,388.45770000000005,176.0916949223104,-82.34047654566312,8151.707178020648,loss,-0.4675999999999476,-1848.2928219793437
2025-10-07 03:05:00+00:00,2025-10-07 05:45:00+00:00,buy,388.64329999999995,388.4227,388.8638999999999,388.4227,369.5243507716729,-81.51707178020648,8070.190106240441,loss,-0.22059999999993352,-1929.80989375955
2025-10-07 10:05:00+00:00,2025-10-07 10:10:00+00:00,buy,388.86629999999997,388.56870000000004,389.1638999999999,389.1638999999999,271.1757428172814,80.70190106240442,8150.892007302846,win,0.2975999999999317,-1849.1079926971456
2025-10-07 10:20:00+00:00,2025-10-07 10:40:00+00:00,buy,389.22729999999996,388.68170000000003,389.7728999999999,389.7728999999999,149.39318195205297,81.50892007302846,8232.400927375875,win,0.5455999999999221,-1767.599072624117
2025-10-07 10:50:00+00:00,2025-10-07 10:55:00+00:00,buy,389.9613,389.1207,390.8019,390.8019,97.93481950244973,82.32400927375875,8314.724936649633,win,0.8405999999999949,-1685.2750633503583
2025-10-07 11:30:00+00:00,2025-10-16 17:40:00+00:00,buy,391.6733,389.17670000000004,394.1698999999999,389.17670000000004,33.30419344969086,-83.14724936649633,8231.577687283136,loss,-2.496599999999944,-1768.4223127168545
2025-10-16 17:50:00+00:00,2025-10-16 19:35:00+00:00,sell,389.1557,389.6513,388.66010000000006,389.6513,166.09317367400473,-82.31577687283136,8149.261910410304,loss,0.4955999999999676,-1850.7380895896858
2025-10-16 20:15:00+00:00,2025-10-16 20:30:00+00:00,sell,389.2647,389.65529999999995,388.87410000000006,389.65529999999995,208.63445751181155,-81.49261910410304,8067.769291306201,loss,0.39059999999994943,-1932.230708693789
2025-10-16 21:10:00+00:00,2025-10-16 22:40:00+00:00,sell,389.2597,389.7303,388.7891,389.7303,171.43581154497167,-80.67769291306202,7987.091598393139,loss,0.47059999999999036,-2012.908401606851
2025-10-17 00:00:00+00:00,2025-10-17 00:10:00+00:00,sell,389.7277,389.8293,389.62610000000006,389.62610000000006,786.1310628342632,79.8709159839314,8066.962514377071,win,-0.10159999999996217,-1933.0374856229196
2025-10-17 01:55:00+00:00,2025-10-17 07:35:00+00:00,sell,389.71970000000005,389.7853,389.6541000000001,389.7853,1229.7198954850446,-80.66962514377072,7986.2928892333,loss,0.0655999999999608,-2013.7071107666902
2025-10-17 07:45:00+00:00,2025-10-17 08:25:00+00:00,sell,389.72970000000004,389.80429999999996,389.6551000000001,389.80429999999996,1070.5486446705127,-79.862928892333,7906.429960340967,loss,0.07459999999991851,-2093.570039659023
2025-10-17 09:20:00+00:00,2025-10-17 09:40:00+00:00,buy,390.1053,389.74170000000004,390.46889999999996,390.46889999999996,217.4485687662756,79.06429960340968,7985.494259944377,win,0.3635999999999626,-2014.5057400556136
2025-10-17 09:55:00+00:00,2025-10-17 10:05:00+00:00,buy,390.4973,389.97970000000004,391.01489999999995,391.01489999999995,154.2792554085203,79.85494259944377,8065.34920254382,win,0.517599999999959,-1934.6507974561698
2025-10-17 10:15:00+00:00,2025-10-17 14:10:00+00:00,buy,391.0333,390.08770000000004,391.97889999999995,390.08770000000004,85.29345603367378,-80.6534920254382,7984.695710518382,loss,-0.9455999999999563,-2015.304289481608
2025-10-17 17:05:00+00:00,2025-10-17 17:15:00+00:00,sell,389.7047,390.0053,389.4041,389.4041,265.6252731376933,79.84695710518382,8064.542667623566,win,-0.30059999999997444,-1935.4573323764243
2025-10-17 17:25:00+00:00,2025-10-20 17:15:00+00:00,sell,389.1447,389.8153,388.4741,388.4741,120.25861419063254,80.64542667623566,8145.188094299801,win,-0.670599999999979,-1854.8119057001886
2025-10-20 17:25:00+00:00,2025-10-21 03:15:00+00:00,sell,388.4547,389.1373,387.7721,389.1373,119.32593164811085,-81.45188094299802,8063.736213356803,loss,0.6825999999999794,-1936.2637866431867
2025-10-21 11:20:00+00:00,2025-10-21 12:35:00+00:00,buy,389.4353,389.0387,389.83189999999996,389.0387,203.32163926770673,-80.63736213356803,7983.098851223235,loss,-0.3965999999999781,-2016.9011487767548
2025-10-21 14:55:00+00:00,2025-10-21 15:00:00+00:00,buy,389.4763,389.2397,389.71289999999993,389.2397,337.4090807787328,-79.83098851223235,7903.267862711003,loss,-0.23659999999995307,-2096.7321372889874
2025-10-21 16:40:00+00:00,2025-10-21 19:00:00+00:00,buy,389.4453,389.0317,389.85889999999995,389.0317,191.08481292822776,-79.03267862711003,7824.235184083893,loss,-0.413599999999974,-2175.764815916097
2025-10-21 20:15:00+00:00,2025-10-21 20:20:00+00:00,buy,389.2553,389.0727,389.43789999999996,389.43789999999996,428.4904262916087,78.24235184083894,7902.4775359247315,win,0.18259999999997945,-2097.522464075258
2025-10-21 20:35:00+00:00,2025-10-21 23:50:00+00:00,buy,389.4393,389.0727,389.8059,389.0727,215.56130758114062,-79.02477535924731,7823.452760565484,loss,-0.36660000000000537,-2176.547239434505
2025-10-22 02:05:00+00:00,2025-10-22 02:10:00+00:00,sell,389.03270000000003,389.0333,389.03210000000007,389.03210000000007,130390.87935078266,78.23452760565485,7901.687288171139,win,-0.0005999999999630745,-2098.3127118288503
2025-10-22 05:05:00+00:00,2025-10-22 05:55:00+00:00,sell,389.1847,389.2783,389.09110000000004,389.09110000000004,844.1973598475171,79.0168728817114,7980.70416105285,win,-0.09359999999998081,-2019.295838947139
2025-10-22 09:35:00+00:00,2025-10-22 09:40:00+00:00,sell,389.1557,389.2673,389.04410000000007,389.04410000000007,715.1168603096959,79.8070416105285,8060.511202663379,win,-0.11159999999995307,-1939.4887973366103
2025-10-22 09:50:00+00:00,2025-10-22 11:10:00+00:00,sell,388.96270000000004,389.4153,388.5101000000001,389.4153,178.09348658117696,-80.60511202663379,7979.906090636745,loss,0.45259999999996126,-2020.0939093632442
2025-10-22 11:20:00+00:00,2025-10-22 11:30:00+00:00,buy,389.4903,389.0897,389.8909,389.8909,199.1988539849426,79.79906090636744,8059.705151543112,win,0.4005999999999972,-1940.2948484568767
2025-10-22 14:30:00+00:00,2025-10-22 15:55:00+00:00,buy,389.2253,388.74870000000004,389.70189999999997,388.74870000000004,169.10837497993603,-80.59705151543112,7979.108100027681,loss,-0.47659999999996217,-2020.8918999723078
2025-10-22 16:55:00+00:00,2025-10-23 03:05:00+00:00,sell,388.7047,389.2303,388.1791,389.2303,151.8095148407101,-79.7910810002768,7899.317019027404,loss,0.5255999999999972,-2100.6829809725846
2025-10-23 05:05:00+00:00,2025-10-23 08:20:00+00:00,buy,389.3753,389.2037,389.54689999999994,389.54689999999994,460.3331596171014,78.99317019027404,7978.310189217678,win,0.17159999999995534,-2021.6898107823106
2025-10-23 08:50:00+00:00,2025-10-23 09:00:00+00:00,buy,389.63829999999996,389.4637,389.8128999999999,389.8128999999999,456.9478917079246,79.78310189217679,8058.093291109855,win,0.17459999999994125,-1941.9067088901338
2025-10-23 10:35:00+00:00,2025-10-23 11:05:00+00:00,buy,389.89529999999996,389.6897,390.1008999999999,389.6897,391.9306075443544,-80.58093291109856,7977.512358198756,loss,-0.20559999999994716,-2022.4876418012323
2025-10-23 11:55:00+00:00,2025-10-23 12:55:00+00:00,buy,390.0343,389.6487,390.4198999999999,390.4198999999999,206.88569393671446,79.77512358198757,8057.287481780744,win,0.385599999999954,-1942.7125182192447
2025-10-23 16:20:00+00:00,2025-10-23 17:05:00+00:00,buy,389.83729999999997,389.54670000000004,390.1278999999999,389.54670000000004,277.26385002693655,-80.57287481780743,7976.714606962937,loss,-0.2905999999999267,-2023.285393037052
2025-10-23 18:20:00+00:00,2025-10-23 19:40:00+00:00,buy,389.90529999999995,389.51570000000004,390.29489999999987,390.29489999999987,204.7411346756841,79.76714606962938,8056.481753032566,win,0.38959999999991624,-1943.5182469674226
2025-10-23 19:50:00+00:00,2025-10-23 23:55:00+00:00,buy,390.4903,390.0267,390.9539,390.0267,173.78088336999184,-80.56481753032567,7975.91693550224,loss,-0.46359999999998536,-2024.0830644977482
2025-10-24 08:05:00+00:00,2025-10-24 08:15:00+00:00,buy,389.9613,389.9087,390.0139,390.0139,1516.334018156781,79.75916935502241,8055.6761048572625,win,0.05259999999998399,-1944.3238951427259
2025-10-24 08:25:00+00:00,2025-10-24 08:50:00+00:00,buy,390.01529999999997,389.94870000000003,390.0818999999999,390.0818999999999,1209.5609767064361,80.55676104857262,8136.232865905835,win,0.06659999999993715,-1863.7671340941533
2025-10-24 09:00:00+00:00,2025-10-24 09:05:00+00:00,buy,390.0943,390.05870000000004,390.1298999999999,390.1298999999999,2285.4586702026822,81.36232865905835,8217.595194564894,win,0.03559999999993124,-1782.4048054350949
2025-10-24 13:05:00+00:00,2025-10-24 13:10:00+00:00,sell,389.56870000000004,389.7283,389.4091000000001,389.4091000000001,514.8869169528332,82.17595194564895,8299.771146510542,win,-0.1595999999999549,-1700.228853489446
2025-10-24 15:00:00+00:00,2025-10-24 15:05:00+00:00,sell,389.5747,389.65029999999996,389.49910000000006,389.49910000000006,1097.8533262587096,82.99771146510543,8382.768857975647,win,-0.0755999999999517,-1617.2311420243407
2025-10-24 15:15:00+00:00,2025-10-24 15:35:00+00:00,sell,389.2927,389.7133,388.87210000000005,388.87210000000005,199.3050132661927,83.82768857975647,8466.596546555404,win,-0.420599999999979,-1533.403453444584
2025-10-24 17:00:00+00:00,2025-10-24 17:30:00+00:00,sell,389.1897,389.3683,389.01110000000006,389.3683,474.0535580379218,-84.66596546555404,8381.93058108985,loss,0.17859999999996035,-1618.0694189101382
2025-10-24 21:05:00+00:00,2025-10-24 23:45:00+00:00,buy,390.09729999999996,389.91470000000004,390.2798999999999,389.91470000000004,459.0323428857285,-83.8193058108985,8298.11127527895,loss,-0.1825999999999226,-1701.8887247210366
2025-10-27 01:05:00+00:00,2025-10-27 01:10:00+00:00,sell,389.5727,389.57529999999997,389.5701,389.57529999999997,31915.812597562777,-82.9811127527895,8215.13016252616,loss,0.002599999999972624,-1784.869837473826
2025-10-27 02:15:00+00:00,2025-10-27 02:20:00+00:00,sell,389.52270000000004,389.5833,389.4621000000001,389.5833,1355.6320400215939,-82.15130162526161,8132.978860900898,loss,0.06059999999996535,-1867.0211390990876
2025-10-27 08:10:00+00:00,2025-10-27 09:00:00+00:00,sell,389.6007,389.81829999999997,389.38310000000007,389.38310000000007,373.75821971060924,81.32978860900899,8214.308649509907,win,-0.2175999999999476,-1785.6913504900785
2025-10-27 09:45:00+00:00,2025-10-27 09:50:00+00:00,buy,389.5643,389.37870000000004,389.74989999999997,389.74989999999997,442.5812849952285,82.14308649509907,8296.451736005007,win,0.18559999999996535,-1703.5482639949794
2025-10-27 10:00:00+00:00,2025-10-27 11:50:00+00:00,buy,389.9223,389.42470000000003,390.4199,389.42470000000003,166.72933553065488,-82.96451736005007,8213.487218644957,loss,-0.49759999999997717,-1786.5127813550293
2025-10-27 12:30:00+00:00,2025-10-27 14:00:00+00:00,sell,389.40970000000004,389.8243,388.9951000000001,388.9951000000001,198.1063004979725,82.13487218644957,8295.622090831406,win,-0.41459999999995034,-1704.3779091685797
2025-10-27 15:35:00+00:00,2025-10-27 15:55:00+00:00,sell,388.9787,389.11429999999996,388.84310000000005,388.84310000000005,611.7715406219928,82.95622090831407,8378.57831173972,win,-0.13559999999995398,-1621.4216882602657
2025-10-27 16:05:00+00:00,2025-10-27 17:00:00+00:00,sell,388.8287,389.0963,388.56110000000007,388.56110000000007,313.10083377208537,83.7857831173972,8462.364094857117,win,-0.267599999999959,-1537.6359051428685
2025-10-27 18:00:00+00:00,2025-10-28 10:00:00+00:00,sell,388.4897,388.8553,388.12410000000006,388.12410000000006,231.46510106284907,84.62364094857118,8546.98773580569,win,-0.36559999999997217,-1453.0122641942974
2025-10-28 10:20:00+00:00,2025-10-29 00:55:00+00:00,sell,388.10470000000004,388.5553,387.6541000000001,387.6541000000001,189.68015392380394,85.46987735805689,8632.457613163746,win,-0.4505999999999517,-1367.5423868362404
2025-10-29 03:15:00+00:00,2025-10-29 03:30:00+00:00,sell,388.0357,388.0723,387.99910000000006,387.99910000000006,2358.594976276539,86.32457613163746,8718.782189295383,win,-0.03659999999996444,-1281.217810704603
2025-10-29 03:40:00+00:00,2025-10-29 03:45:00+00:00,sell,387.9947,388.0653,387.92410000000007,387.92410000000007,1234.9549843202246,87.18782189295383,8805.970011188338,win,-0.07059999999995625,-1194.029988811649
2025-10-29 04:05:00+00:00,2025-10-29 06:15:00+00:00,sell,387.9167,388.0553,387.7781,388.0553,635.3513716586252,-88.05970011188337,8717.910311076454,loss,0.13859999999999673,-1282.0896889235323
2025-10-29 09:15:00+00:00,2025-10-29 09:35:00+00:00,sell,388.1277,388.2303,388.0251,388.0251,849.6988607287377,87.17910311076454,8805.089414187218,win,-0.10259999999999536,-1194.9105858127677
2025-10-29 09:55:00+00:00,2025-10-29 10:35:00+00:00,sell,387.9787,388.21529999999996,387.74210000000005,388.21529999999996,372.150862814411,-88.05089414187218,8717.038520045346,loss,0.23659999999995307,-1282.96147995464
2025-10-29 16:20:00+00:00,2025-10-29 16:55:00+00:00,buy,388.3143,388.01370000000003,388.6149,388.6149,289.9879747187654,87.17038520045347,8804.2089052458,win,0.30059999999997444,-1195.7910947541866
2025-10-29 19:55:00+00:00,2025-10-29 20:35:00+00:00,sell,387.75370000000004,387.96029999999996,387.5471000000001,387.96029999999996,426.14757527827004,-88.042089052458,8716.166816193341,loss,0.2065999999999235,-1283.8331838066447
2025-10-29 21:05:00+00:00,2025-10-31 10:55:00+00:00,buy,388.63329999999996,387.7837,389.4828999999999,387.7837,102.59141732808177,-87.16166816193342,8629.005148031409,loss,-0.8495999999999526,-1370.9948519685781
2025-10-31 12:20:00+00:00,2025-10-31 12:35:00+00:00,sell,387.8557,388.03729999999996,387.67410000000007,387.67410000000007,475.1654817199319,86.29005148031409,8715.295199511722,win,-0.18159999999994625,-1284.704800488264
2025-10-31 14:00:00+00:00,2025-10-31 14:30:00+00:00,sell,387.6157,387.7523,387.4791,387.7523,638.0157539906692,-87.15295199511722,8628.142247516605,loss,0.13659999999998718,-1371.8577524833813
2025-10-31 15:50:00+00:00,2025-10-31 16:55:00+00:00,sell,387.9527,388.2283,387.6771,388.2283,313.06757066461154,-86.28142247516605,8541.86082504144,loss,0.2755999999999972,-1458.1391749585473
2025-10-31 17:15:00+00:00,2025-10-31 17:55:00+00:00,sell,387.96270000000004,388.3173,387.6081000000001,387.6081000000001,240.88722010836693,85.41860825041441,8627.279433291855,win,-0.35459999999994807,-1372.720566708133
2025-10-31 19:10:00+00:00,2025-10-31 19:20:00+00:00,sell,387.6537,387.77529999999996,387.53210000000007,387.77529999999996,709.4802165539334,-86.27279433291855,8541.006638958936,loss,0.12159999999994398,-1458.9933610410515
2025-10-31 19:35:00+00:00,2025-10-31 22:20:00+00:00,sell,387.6417,387.7783,387.5051,387.7783,625.2567085622063,-85.41006638958936,8455.596572569346,loss,0.13659999999998718,-1544.403427430641
2025-11-03 00:00:00+00:00,2025-11-03 00:05:00+00:00,sell,387.6027,387.8053,387.40010000000007,387.40010000000007,417.3542237201857,84.55596572569345,8540.152538295039,win,-0.20259999999996126,-1459.8474617049474
2025-11-03 03:05:00+00:00,2025-11-03 03:10:00+00:00,sell,387.5967,387.6903,387.5031,387.5031,912.4094592197424,85.40152538295038,8625.55406367799,win,-0.09359999999998081,-1374.445936321997
2025-11-03 03:35:00+00:00,2025-11-03 10:00:00+00:00,sell,387.5017,387.8173,387.18610000000007,387.8173,273.30652926739737,-86.2555406367799,8539.29852304121,loss,0.3155999999999608,-1460.7014769587768
2025-11-03 10:10:00+00:00,2025-11-03 11:05:00+00:00,sell,387.4927,387.8603,387.12510000000003,387.12510000000003,232.29865405445145,85.39298523041211,8624.691508271622,win,-0.3675999999999817,-1375.3084917283647
2025-11-03 11:15:00+00:00,2025-11-04 08:45:00+00:00,sell,387.1207,387.64329999999995,386.59810000000004,387.64329999999995,165.03428067876723,-86.24691508271624,8538.444593188906,loss,0.5225999999999544,-1461.555406811081
2025-11-04 09:05:00+00:00,2025-11-05 01:50:00+00:00,buy,388.03229999999996,387.3647,388.6998999999999,387.3647,127.89761224070882,-85.38444593188906,8453.060147257016,loss,-0.6675999999999362,-1546.93985274297
2025-11-05 03:05:00+00:00,2025-11-05 03:10:00+00:00,buy,387.9953,387.93170000000003,388.05889999999994,388.05889999999994,1329.0975074313674,84.53060147257017,8537.590748729586,win,0.06359999999995125,-1462.4092512703999
2025-11-05 07:05:00+00:00,2025-11-05 07:10:00+00:00,buy,388.2473,388.22970000000004,388.26489999999995,388.22970000000004,4850.903834516752,-85.37590748729586,8452.21484124229,loss,-0.017599999999958982,-1547.7851587576956
2025-11-05 12:25:00+00:00,2025-11-05 13:25:00+00:00,sell,387.4327,387.6083,387.25710000000004,387.25710000000004,481.3334192052119,84.52214841242291,8536.736989654713,win,-0.17559999999997444,-1463.2630103452727
2025-11-05 13:35:00+00:00,2025-11-05 17:05:00+00:00,sell,387.0187,387.5023,386.53510000000006,386.53510000000006,176.52475164713178,85.36736989654713,8622.10435955126,win,-0.48359999999996717,-1377.8956404487255
2025-11-05 18:40:00+00:00,2025-11-06 01:00:00+00:00,sell,386.42470000000003,386.7373,386.11210000000005,386.7373,275.8190774008942,-86.2210435955126,8535.883315955747,loss,0.3125999999999749,-1464.1166840442381
2025-11-06 04:35:00+00:00,2025-11-06 05:05:00+00:00,sell,386.7797,386.81329999999997,386.7461,386.81329999999997,2540.4414630836905,-85.35883315955748,8450.524482796189,loss,0.033599999999978536,-1549.4755172037956
2025-11-06 06:50:00+00:00,2025-11-06 06:55:00+00:00,sell,386.7917,386.8223,386.7611,386.7611,2761.6093081039944,84.50524482796189,8535.02972762415,win,-0.030599999999992633,-1464.9702723758337
2025-11-06 07:05:00+00:00,2025-11-06 08:55:00+00:00,sell,386.7047,386.8223,386.5871,386.8223,725.7678339817583,-85.3502972762415,8449.67943034791,loss,0.11759999999998172,-1550.3205696520752
2025-11-06 09:25:00+00:00,2025-11-06 10:00:00+00:00,sell,386.6017,386.8553,386.3481,386.3481,333.18925198532,84.49679430347909,8534.176224651388,win,-0.2536000000000058,-1465.823775348596
2025-11-06 10:55:00+00:00,2025-11-06 11:20:00+00:00,sell,386.34470000000005,386.58029999999997,386.1091000000001,386.58029999999997,362.2315884827797,-85.34176224651388,8448.834462404875,loss,0.23559999999991987,-1551.1655375951098
2025-11-06 11:30:00+00:00,2025-11-06 15:05:00+00:00,sell,386.35970000000003,386.62829999999997,386.0911000000001,386.0911000000001,314.5507990471671,84.48834462404875,8533.322807028924,win,-0.26859999999993533,-1466.677192971061
2025-11-06 15:20:00+00:00,2025-11-06 23:55:00+00:00,sell,386.0787,386.4303,385.72710000000006,385.72710000000006,242.69973853896025,85.33322807028924,8618.656035099213,win,-0.35159999999996217,-1381.3439649007719
2025-11-07 02:15:00+00:00,2025-11-07 02:20:00+00:00,sell,386.0217,386.07329999999996,385.97010000000006,385.97010000000006,1670.2821773464016,86.18656035099214,8704.842595450205,win,-0.051599999999950796,-1295.1574045497798
2025-11-07 02:30:00+00:00,2025-11-07 02:45:00+00:00,sell,385.96970000000005,386.07329999999996,385.86610000000013,386.07329999999996,840.2357717622932,-87.04842595450205,8617.794169495703,loss,0.10359999999991487,-1382.205830504282
2025-11-07 11:05:00+00:00,2025-11-07 11:10:00+00:00,sell,386.04470000000003,386.1803,385.9091000000001,385.9091000000001,635.5305434733501,86.17794169495703,8703.97211119066,win,-0.13559999999995398,-1296.0278888093248
2025-11-07 12:25:00+00:00,2025-11-07 12:50:00+00:00,sell,385.7797,386.1123,385.4471,385.4471,261.69489209832545,87.03972111190659,8791.011832302567,win,-0.33260000000001355,-1208.9881676974182
2025-11-07 13:25:00+00:00,2025-11-07 17:45:00+00:00,sell,385.1807,385.78729999999996,384.57410000000004,384.57410000000004,144.92271401752689,87.91011832302567,8878.921950625592,win,-0.6065999999999576,-1121.0780493743925
2025-11-07 18:25:00+00:00,2025-11-07 19:15:00+00:00,sell,384.53470000000004,384.9833,384.0861000000001,384.0861000000001,197.92514379462187,88.78921950625592,8967.711170131848,win,-0.44859999999994216,-1032.2888298681366
2025-11-07 19:25:00+00:00,2025-11-10 01:30:00+00:00,sell,384.0607,384.6193,383.5021,384.6193,160.5390470843474,-89.6771117013185,8878.03405843053,loss,0.5586000000000126,-1121.965941569455
2025-11-10 01:45:00+00:00,2025-11-10 01:50:00+00:00,sell,384.3127,384.71229999999997,383.91310000000004,384.71229999999997,222.17302448526854,-88.7803405843053,8789.253717846224,loss,0.399599999999964,-1210.7462821537604
2025-11-10 04:25:00+00:00,2025-11-10 04:30:00+00:00,sell,384.3927,384.4563,384.3291,384.3291,1381.958131736652,87.89253717846225,8877.146255024687,win,-0.0636000000000081,-1122.853744975298
2025-11-10 05:50:00+00:00,2025-11-10 06:00:00+00:00,sell,384.3747,384.4153,384.33410000000003,384.33410000000003,2186.489225376425,88.77146255024687,8965.917717574934,win,-0.04059999999998354,-1034.082282425051
2025-11-10 07:15:00+00:00,2025-11-10 07:20:00+00:00,sell,384.3287,384.3633,384.29410000000007,384.3633,2591.3056987244577,-89.65917717574933,8876.258540399185,loss,0.03459999999995489,-1123.7414596008005
2025-11-10 08:05:00+00:00,2025-11-10 08:30:00+00:00,sell,384.3057,384.3683,384.2431,384.2431,1417.932674185742,88.76258540399185,8965.021125803178,win,-0.0625999999999749,-1034.9788741968086
2025-11-10 08:50:00+00:00,2025-11-10 09:00:00+00:00,sell,384.15070000000003,384.32529999999997,383.9761000000001,383.9761000000001,513.4605455788198,89.65021125803177,9054.671337061209,win,-0.17459999999994125,-945.3286629387769
2025-11-10 09:15:00+00:00,2025-11-10 09:55:00+00:00,sell,383.9757,384.28729999999996,383.6641000000001,383.6641000000001,290.5863715360367,90.5467133706121,9145.21805043182,win,-0.3115999999999417,-854.7819495681648
2025-11-10 10:05:00+00:00,2025-11-10 10:55:00+00:00,sell,383.56370000000004,384.0593,383.0681000000001,383.0681000000001,184.5282092500488,91.4521805043182,9236.670230936139,win,-0.4955999999999676,-763.3297690638466
2025-11-10 11:05:00+00:00,2025-11-10 14:30:00+00:00,sell,383.0477,383.46729999999997,382.6281000000001,383.46729999999997,220.13036775351125,-92.36670230936139,9144.303528626777,loss,0.4195999999999458,-855.6964713732079
2025-11-10 16:15:00+00:00,2025-11-11 09:15:00+00:00,sell,383.30670000000003,383.8863,382.72710000000006,383.8863,157.7692120191035,-91.44303528626777,9052.86049334051,loss,0.5795999999999708,-947.1395066594757
2025-11-11 10:05:00+00:00,2025-11-11 10:10:00+00:00,buy,384.3393,383.88570000000004,384.7928999999999,384.7928999999999,199.5780532041833,90.52860493340509,9143.389098273914,win,0.4535999999999376,-856.6109017260707
2025-11-11 10:20:00+00:00,2025-11-11 11:55:00+00:00,buy,384.9393,383.9807,385.8979,385.8979,95.38273626407272,91.43389098273914,9234.822989256652,win,0.9585999999999899,-765.1770107433315
2025-11-11 12:05:00+00:00,2025-11-11 13:15:00+00:00,buy,385.9903,385.23170000000005,386.74889999999994,385.23170000000005,121.7350776332366,-92.34822989256652,9142.474759364086,loss,-0.7585999999999444,-857.5252406358981
2025-11-11 14:30:00+00:00,2025-11-11 14:50:00+00:00,buy,385.50329999999997,385.2357,385.7708999999999,385.7708999999999,341.6470388402648,91.42474759364086,9233.899506957727,win,0.267599999999959,-766.1004930422572
2025-11-11 17:35:00+00:00,2025-11-11 19:30:00+00:00,buy,385.14529999999996,384.73470000000003,385.5558999999999,384.73470000000003,224.88795681829694,-92.33899506957727,9141.56051188815,loss,-0.41059999999993124,-858.4394881118344
2025-11-11 21:00:00+00:00,2025-11-11 21:55:00+00:00,buy,384.80129999999997,384.71970000000005,384.8828999999999,384.71970000000005,1120.2892784187156,-91.4156051188815,9050.144906769268,loss,-0.08159999999992351,-949.855093230716
2025-11-12 00:05:00+00:00,2025-11-12 00:10:00+00:00,buy,384.6853,384.5297,384.8409,384.5297,581.6288500494665,-90.50144906769269,8959.643457701575,loss,-0.15559999999999263,-1040.3565422984086
2025-11-12 01:30:00+00:00,2025-11-12 08:10:00+00:00,buy,384.77529999999996,384.6347,384.9158999999999,384.6347,637.2434891681933,-89.59643457701574,8870.04702312456,loss,-0.14059999999994943,-1129.9529768754244
2025-11-12 11:05:00+00:00,2025-11-12 11:30:00+00:00,buy,384.6153,384.38570000000004,384.84489999999994,384.84489999999994,386.3260898574289,88.7004702312456,8958.747493355806,win,0.22959999999994807,-1041.2525066441788
2025-11-12 11:40:00+00:00,2025-11-12 11:55:00+00:00,buy,384.9903,384.59470000000005,385.38589999999994,385.38589999999994,226.4597445236869,89.58747493355806,9048.334968289364,win,0.3955999999999449,-951.6650317106207
2025-11-12 12:25:00+00:00,2025-11-12 14:25:00+00:00,buy,385.3993,384.9637,385.83489999999995,384.9637,207.7211884364115,-90.48334968289365,8957.85161860647,loss,-0.43559999999996535,-1042.1483813935145
2025-11-12 15:45:00+00:00,2025-11-12 18:05:00+00:00,buy,385.1653,384.8707,385.4599,384.8707,304.06828304841787,-89.5785161860647,8868.273102420406,loss,-0.29460000000000264,-1131.7268975795791
2025-11-12 20:05:00+00:00,2025-11-12 22:05:00+00:00,sell,384.3347,384.4853,384.1841,384.4853,588.8627558048189,-88.68273102420406,8779.590371396202,loss,0.15059999999999718,-1220.4096286037832
2025-11-12 23:45:00+00:00,2025-11-12 23:55:00+00:00,sell,384.4447,384.57329999999996,384.31610000000006,384.31610000000006,682.7053165940657,87.79590371396202,8867.386275110164,win,-0.12859999999994898,-1132.6137248898212
2025-11-13 00:05:00+00:00,2025-11-13 00:10:00+00:00,sell,384.3147,384.5053,384.12410000000006,384.12410000000006,465.2353764486877,88.67386275110164,8956.060137861266,win,-0.1905999999999608,-1043.9398621387195
2025-11-13 07:15:00+00:00,2025-11-13 08:05:00+00:00,sell,384.5297,384.5893,384.4701,384.4701,1502.6946540038455,89.56060137861266,9045.62073923988,win,-0.059599999999988995,-954.3792607601068
2025-11-13 08:15:00+00:00,2025-11-13 09:50:00+00:00,sell,384.3947,384.58029999999997,384.20910000000003,384.20910000000003,487.3718070712052,90.4562073923988,9136.076946632278,win,-0.18559999999996535,-863.923053367708
2025-11-13 10:00:00+00:00,2025-11-13 11:55:00+00:00,sell,384.0957,384.50629999999995,383.6851000000001,383.6851000000001,222.5055271951731,91.36076946632278,9227.4377160986,win,-0.41059999999993124,-772.5622839013852
2025-11-13 12:10:00+00:00,2025-11-13 17:00:00+00:00,sell,383.6547,384.40729999999996,382.9021,384.40729999999996,122.60746367391624,-92.274377160986,9135.163338937615,loss,0.7525999999999726,-864.8366610623711
2025-11-13 17:15:00+00:00,2025-11-13 18:10:00+00:00,sell,384.06370000000004,384.4583,383.66910000000007,383.66910000000007,231.5043927759337,91.35163338937615,9226.514972326991,win,-0.39459999999996853,-773.485027672995
2025-11-13 19:25:00+00:00,2025-11-13 20:25:00+00:00,sell,383.7217,383.8553,383.5881,383.8553,690.6074081083011,-92.26514972326991,9134.249822603722,loss,0.13360000000000127,-865.7501773962649
2025-11-13 22:35:00+00:00,2025-11-13 23:35:00+00:00,sell,384.17470000000003,384.39529999999996,383.9541000000001,384.39529999999996,414.0639085497042,-91.34249822603722,9042.907324377686,loss,0.22059999999993352,-957.0926756223022
2025-11-13 23:55:00+00:00,2025-11-14 00:00:00+00:00,sell,384.2747,384.4183,384.1311,384.1311,629.7289223104581,90.42907324377686,9133.336397621462,win,-0.14359999999999218,-866.6636023785253
2025-11-14 07:55:00+00:00,2025-11-14 08:10:00+00:00,buy,384.2983,384.2797,384.3169,384.2797,4910.395912701776,-91.33336397621463,9042.003033645247,loss,-0.01859999999999218,-957.9969663547399
2025-11-14 08:30:00+00:00,2025-11-14 08:40:00+00:00,buy,384.3053,384.24370000000005,384.36689999999993,384.36689999999993,1467.85763533341,90.42003033645247,9132.4230639817,win,0.0615999999999417,-867.5769360182875
2025-11-14 09:00:00+00:00,2025-11-14 09:05:00+00:00,buy,384.3863,384.2307,384.5419,384.5419,586.9166493561781,91.32423063981699,9223.747294621517,win,0.15559999999999263,-776.2527053784705
2025-11-14 09:15:00+00:00,2025-11-14 10:50:00+00:00,buy,384.58529999999996,384.21770000000004,384.9528999999999,384.21770000000004,250.91804392337872,-92.23747294621516,9131.509821675301,loss,-0.3675999999999249,-868.4901783246856
2025-11-14 11:25:00+00:00,2025-11-14 15:15:00+00:00,buy,384.58529999999996,384.1537,385.0168999999999,385.0168999999999,211.5734435050148,91.31509821675301,9222.824919892055,win,0.43159999999994625,-777.1750801079327
2025-11-14 15:25:00+00:00,2025-11-14 15:40:00+00:00,buy,385.11629999999997,384.53770000000003,385.6948999999999,385.6948999999999,159.39897891277306,92.22824919892055,9315.053169090976,win,0.5785999999999376,-684.9468309090121
2025-11-14 16:00:00+00:00,2025-11-14 16:50:00+00:00,buy,385.96729999999997,385.07370000000003,386.8608999999999,385.07370000000003,104.24186626109724,-93.15053169090976,9221.902637400066,loss,-0.8935999999999353,-778.0973625999218
2025-11-14 23:10:00+00:00,2025-11-14 23:40:00+00:00,sell,384.27770000000004,384.3193,384.2361000000001,384.2361000000001,2216.8035186079223,92.21902637400066,9314.121663774067,win,-0.04159999999995989,-685.8783362259211
2025-11-14 23:50:00+00:00,2025-11-17 00:00:00+00:00,sell,384.2137,384.2953,384.13210000000004,384.13210000000004,1141.4364784039594,93.14121663774067,9407.262880411809,win,-0.08159999999998035,-592.7371195881805
2025-11-17 04:30:00+00:00,2025-11-17 04:50:00+00:00,sell,384.2147,384.2933,384.1361,384.1361,1196.85278376749,94.07262880411808,9501.335509215927,win,-0.07859999999999445,-498.66449078406237
2025-11-17 05:00:00+00:00,2025-11-17 08:45:00+00:00,sell,384.1057,384.2443,383.9671,384.2443,685.5220425119878,-95.01335509215927,9406.322154123767,loss,0.13859999999999673,-593.6778458762217
2025-11-17 09:00:00+00:00,2025-11-17 09:05:00+00:00,sell,384.15070000000003,384.24629999999996,384.0551000000001,384.24629999999996,983.9249115199067,-94.06322154123767,9312.25893258253,loss,0.09559999999993352,-687.7410674174594
2025-11-17 09:15:00+00:00,2025-11-17 09:40:00+00:00,sell,384.1077,384.3323,383.88310000000007,383.88310000000007,414.615268592364,93.1225893258253,9405.381521908355,win,-0.22459999999995262,-594.6184780916341
2025-11-17 09:50:00+00:00,2025-11-17 15:40:00+00:00,sell,383.81170000000003,384.1353,383.4881000000001,384.1353,290.6483783037712,-94.05381521908355,9311.327706689272,loss,0.32359999999994216,-688.6722933107176
2025-11-17 16:05:00+00:00,2025-11-17 17:40:00+00:00,sell,383.9417,384.2163,383.66710000000006,384.2163,339.0869521737252,-93.11327706689272,9218.21442962238,loss,0.274599999999964,-781.7855703776103
2025-11-17 18:05:00+00:00,2025-11-17 19:10:00+00:00,sell,384.0817,384.27529999999996,383.88810000000007,383.88810000000007,476.1474395467416,92.1821442962238,9310.396573918604,win,-0.1935999999999467,-689.6034260813865
2025-11-17 19:20:00+00:00,2025-11-17 20:10:00+00:00,sell,383.8827,384.0023,383.7631,384.0023,778.46125199994,-93.10396573918604,9217.292608179418,loss,0.11959999999999127,-782.7073918205725
2025-11-17 22:05:00+00:00,2025-11-17 22:10:00+00:00,buy,384.33029999999997,384.1347,384.5258999999999,384.5258999999999,471.23172843463595,92.17292608179417,9309.465534261211,win,0.19559999999995625,-690.5344657387784
2025-11-17 22:20:00+00:00,2025-11-18 00:10:00+00:00,buy,384.5553,384.1907,384.9199,384.1907,255.33366797206028,-93.09465534261211,9216.370878918598,loss,-0.3645999999999958,-783.6291210813905
2025-11-18 02:00:00+00:00,2025-11-18 02:35:00+00:00,buy,384.21729999999997,384.16470000000004,384.2698999999999,384.2698999999999,1752.1617640553923,92.16370878918599,9308.534587707785,win,0.05259999999992715,-691.4654122922045
2025-11-18 02:45:00+00:00,2025-11-18 05:30:00+00:00,buy,384.27029999999996,384.2147,384.32589999999993,384.32589999999993,1674.1968682936738,93.08534587707786,9401.619933584863,win,0.055599999999969896,-598.3800664151266
2025-11-18 05:45:00+00:00,2025-11-18 06:20:00+00:00,buy,384.3463,384.2957,384.39689999999996,384.39689999999996,1858.0276548596073,94.01619933584864,9495.636132920712,win,0.05059999999997444,-504.363867079278
2025-11-18 06:40:00+00:00,2025-11-18 06:45:00+00:00,buy,384.42429999999996,384.34270000000004,384.5058999999999,384.5058999999999,1163.680898643335,94.95636132920713,9590.592494249919,win,0.08159999999992351,-409.40750575007087
2025-11-18 06:55:00+00:00,2025-11-18 08:55:00+00:00,buy,384.5213,384.3897,384.6529,384.6529,728.7684266147812,95.90592494249918,9686.498419192418,win,0.13159999999999172,-313.5015808075717
2025-11-18 09:05:00+00:00,2025-11-18 09:10:00+00:00,buy,384.6963,384.5297,384.8629,384.8629,581.4224741411432,96.8649841919242,9783.363403384343,win,0.16660000000001673,-216.63659661564753
2025-11-18 09:30:00+00:00,2025-11-18 10:00:00+00:00,buy,384.9663,384.59470000000005,385.33789999999993,384.59470000000005,263.2767331374009,-97.83363403384344,9685.5297693505,loss,-0.371599999999944,-314.470230649491
2025-11-18 11:50:00+00:00,2025-11-18 14:50:00+00:00,buy,384.5263,384.0657,384.9869,384.9869,210.28071579137023,96.85529769350501,9782.385067044004,win,0.46059999999999945,-217.61493295598598
2025-11-18 18:20:00+00:00,2025-11-18 18:40:00+00:00,sell,383.91470000000004,384.1843,383.64510000000007,383.64510000000007,362.84811079544306,97.82385067044004,9880.208917714444,win,-0.26959999999996853,-119.79108228554594
2025-11-18 19:05:00+00:00,2025-11-19 03:15:00+00:00,sell,383.6347,383.9513,383.3181,383.9513,312.0722968324268,-98.80208917714445,9781.4068285373,loss,0.316599999999994,-218.5931714626904
2025-11-19 04:05:00+00:00,2025-11-19 08:00:00+00:00,sell,383.85670000000005,383.9523,383.7611000000001,383.7611000000001,1023.1597100987555,97.814068285373,9879.220896822673,win,-0.09559999999993352,-120.77910317731741
2025-11-19 08:15:00+00:00,2025-11-19 08:35:00+00:00,sell,383.66470000000004,383.88829999999996,383.4411000000001,383.4411000000001,441.8256215038566,98.79220896822673,9978.0131057909,win,-0.22359999999991942,-21.98689420909068
2025-11-19 09:50:00+00:00,2025-11-19 10:00:00+00:00,sell,383.4547,383.6653,383.2441,383.2441,473.7897960964352,99.780131057909,10077.79323684881,win,-0.21059999999999945,77.79323684881832
2025-11-19 11:40:00+00:00,2025-11-19 13:10:00+00:00,sell,383.3947,383.5763,383.2131,383.2131,554.9445615004756,100.7779323684881,10178.571169217297,win,-0.1816000000000031,178.57116921730642
2025-11-19 13:30:00+00:00,2025-11-19 13:40:00+00:00,sell,383.0557,383.46529999999996,382.64610000000005,382.64610000000005,248.50027268599655,101.78571169217298,10280.35688090947,win,-0.4095999999999549,280.3568809094794
2025-11-19 13:50:00+00:00,2025-11-19 14:10:00+00:00,sell,382.6037,383.19129999999996,382.01610000000005,382.01610000000005,174.95501839534222,102.80356880909471,10383.160449718565,win,-0.5875999999999522,383.1604497185741
2025-11-19 14:25:00+00:00,2025-11-20 13:50:00+00:00,sell,381.8347,382.53029999999995,381.13910000000004,382.53029999999995,149.26912664921244,-103.83160449718564,10279.32884522138,loss,0.6955999999999563,279.32884522138846
2025-11-20 21:05:00+00:00,2025-11-20 21:10:00+00:00,buy,382.2553,382.16470000000004,382.3458999999999,382.3458999999999,1134.5837577514799,102.7932884522138,10382.122133673594,win,0.09059999999993806,382.12213367360226
2025-11-20 22:45:00+00:00,2025-11-20 23:50:00+00:00,buy,382.33029999999997,382.1807,382.47989999999993,382.1807,693.992121235033,-103.82122133673595,10278.30091233686,loss,-0.14959999999996398,278.3009123368663
2025-11-21 04:25:00+00:00,2025-11-21 09:30:00+00:00,buy,382.1803,381.97970000000004,382.38089999999994,382.38089999999994,512.3779118813228,102.78300912336861,10381.083921460227,win,0.2005999999999517,381.08392146023493
2025-11-21 09:40:00+00:00,2025-11-24 16:15:00+00:00,buy,384.20529999999997,382.19370000000004,386.2168999999999,382.19370000000004,51.60610420292597,-103.81083921460228,10277.273082245625,loss,-2.0115999999999303,277.2730822456326
2025-11-24 17:05:00+00:00,2025-11-24 17:15:00+00:00,sell,382.09470000000005,382.27729999999997,381.9121000000001,381.9121000000001,562.8298511637449,102.77273082245627,10380.045813068082,win,-0.1825999999999226,380.0458130680889
2025-11-24 20:05:00+00:00,2025-11-24 20:55:00+00:00,sell,382.2447,382.3853,382.1041000000001,382.1041000000001,738.2678387675545,103.80045813068084,10483.846271198763,win,-0.14059999999994943,483.8462711987697
2025-11-24 22:45:00+00:00,2025-11-24 22:55:00+00:00,sell,382.1057,382.18829999999997,382.02310000000006,382.18829999999997,1269.230783438772,-104.83846271198762,10379.007808486776,loss,0.08259999999995671,379.0078084867821
2025-11-25 00:00:00+00:00,2025-11-25 01:55:00+00:00,sell,382.0627,382.33729999999997,381.78810000000004,381.78810000000004,377.9682377453801,103.79007808486777,10482.797886571645,win,-0.274599999999964,482.7978865716499
2025-11-25 08:05:00+00:00,2025-11-25 08:30:00+00:00,sell,382.43870000000004,382.4853,382.3921000000001,382.4853,2249.5274434724656,-104.82797886571645,10377.969907705929,loss,0.046599999999955344,377.96990770593345
2025-11-25 08:50:00+00:00,2025-11-25 08:55:00+00:00,sell,382.4187,382.5053,382.3321,382.3321,1198.379896964068,103.77969907705929,10481.749606782987,win,-0.08659999999997581,481.7496067829927
2025-11-25 09:05:00+00:00,2025-11-25 09:20:00+00:00,sell,382.3147,382.53729999999996,382.0921000000001,382.0921000000001,470.87823929854756,104.81749606782988,10586.567102850817,win,-0.22259999999994307,586.5671028508226
2025-11-25 09:30:00+00:00,2025-11-25 14:40:00+00:00,sell,381.84470000000005,382.4323,381.2571000000001,381.2571000000001,180.16622026636622,105.86567102850817,10692.432773879325,win,-0.5875999999999522,692.4327738793307
2025-11-25 17:25:00+00:00,2025-11-26 00:05:00+00:00,sell,381.93870000000004,382.4153,381.4621000000001,381.4621000000001,224.34814884347827,106.92432773879325,10799.35710161812,win,-0.47659999999996217,799.357101618124
2025-11-26 00:50:00+00:00,2025-11-26 13:30:00+00:00,sell,381.4547,382.1753,380.7341,382.1753,149.86618237050047,-107.99357101618119,10691.363530601939,loss,0.7205999999999904,691.3635306019428
2025-11-26 15:35:00+00:00,2025-11-26 15:40:00+00:00,buy,382.1053,381.97970000000004,382.23089999999996,381.97970000000004,851.2232110354364,-106.91363530601939,10584.449895295918,loss,-0.12559999999996307,584.4498952959234
2025-11-26 15:50:00+00:00,2025-11-26 18:00:00+00:00,buy,382.1153,381.7137,382.51689999999996,381.7137,263.5570193051946,-105.84449895295919,10478.605396342959,loss,-0.40159999999997353,478.60539634296424
2025-11-26 18:10:00+00:00,2025-11-27 03:20:00+00:00,buy,381.9303,381.5797,382.2809,381.5797,298.8763661250252,-104.7860539634296,10373.81934237953,loss,-0.3505999999999858,373.81934237953465
2025-11-27 07:20:00+00:00,2025-11-27 07:35:00+00:00,sell,381.7387,381.9353,381.5421,381.5421,527.6612076490379,103.7381934237953,10477.557535803324,win,-0.19659999999998945,477.5575358033299
2025-11-27 09:30:00+00:00,2025-11-27 11:10:00+00:00,sell,381.61670000000004,381.7253,381.50810000000007,381.7253,964.7843034812607,-104.77557535803324,10372.78196044529,loss,0.10859999999996717,372.7819604452967
2025-11-27 12:25:00+00:00,2025-11-27 13:15:00+00:00,sell,381.5647,381.6853,381.44410000000005,381.44410000000005,860.098006670653,103.7278196044529,10476.509780049744,win,-0.12059999999996762,476.5097800497496
2025-11-27 13:25:00+00:00,2025-11-27 14:10:00+00:00,sell,381.43170000000003,381.6233,381.2401000000001,381.2401000000001,546.7906983326295,104.76509780049746,10581.274877850241,win,-0.19159999999993715,581.2748778502471
2025-11-27 15:25:00+00:00,2025-11-27 15:30:00+00:00,sell,381.4037,381.6493,381.15810000000005,381.15810000000005,430.8336676649689,105.81274877850241,10687.087626628743,win,-0.24559999999996762,687.0876266287495
2025-11-27 15:40:00+00:00,2025-11-28 09:35:00+00:00,sell,381.09470000000005,381.57529999999997,380.6141000000001,381.57529999999997,222.36969676717487,-106.87087626628744,10580.216750362455,loss,0.4805999999999244,580.2167503624621
2025-11-28 11:20:00+00:00,2025-11-28 17:05:00+00:00,sell,381.1927,381.5343,380.85110000000003,381.5343,309.72531470618696,-105.80216750362456,10474.41458285883,loss,0.34159999999997126,474.41458285883755
2025-11-28 19:55:00+00:00,2025-11-28 21:15:00+00:00,sell,381.1967,381.3753,381.01810000000006,381.3753,586.4733808992809,-104.7441458285883,10369.670437030241,loss,0.17859999999996035,369.6704370302492
2025-11-28 23:30:00+00:00,2025-11-28 23:50:00+00:00,sell,381.35470000000004,381.4543,381.2551000000001,381.2551000000001,1041.1315699834513,103.69670437030241,10473.367141400544,win,-0.09959999999995262,473.36714140055165
2025-12-01 00:55:00+00:00,2025-12-01 01:00:00+00:00,buy,381.3963,381.23470000000003,381.55789999999996,381.55789999999996,648.1044023145328,104.73367141400544,10578.10081281455,win,0.16159999999996444,578.1008128145571
2025-12-01 03:25:00+00:00,2025-12-01 03:30:00+00:00,sell,381.3227,381.3553,381.2901,381.3553,3244.8162002496447,-105.7810081281455,10472.319804686404,loss,0.03260000000000218,472.3198046864116
2025-12-01 03:40:00+00:00,2025-12-01 05:00:00+00:00,sell,381.2747,381.43629999999996,381.11310000000003,381.43629999999996,648.0395918743013,-104.72319804686404,10367.59660663954,loss,0.16159999999996444,367.59660663954753
2025-12-01 05:15:00+00:00,2025-12-01 06:35:00+00:00,buy,381.4953,381.3847,381.60589999999996,381.60589999999996,937.3957148862318,103.6759660663954,10471.272572705935,win,0.11059999999997672,471.27257270594293
2025-12-01 08:15:00+00:00,2025-12-01 08:30:00+00:00,buy,381.57529999999997,381.4947,381.6558999999999,381.6558999999999,1299.1653316020843,104.71272572705934,10575.985298432994,win,0.08059999999994716,575.9852984330023
2025-12-01 10:05:00+00:00,2025-12-01 11:35:00+00:00,sell,380.9427,381.5313,380.3541,380.3541,179.68034825744576,105.75985298432994,10681.745151417324,win,-0.5885999999999854,681.7451514173322
2025-12-01 11:55:00+00:00,2025-12-01 16:00:00+00:00,sell,380.3267,380.7383,379.91510000000005,380.7383,259.51761786730435,-106.81745151417324,10574.927699903152,loss,0.41159999999996444,574.9276999031589
2025-12-01 19:00:00+00:00,2025-12-02 08:50:00+00:00,sell,380.59470000000005,380.8853,380.3041000000001,380.8853,363.89978320391674,-105.74927699903152,10469.17842290412,loss,0.2905999999999267,469.1784229041274
2025-12-02 10:20:00+00:00,2025-12-02 11:20:00+00:00,sell,380.53470000000004,380.8653,380.2041000000001,380.8653,316.6720636087657,-104.6917842290412,10364.48663867508,loss,0.33059999999994716,364.48663867508617
2025-12-02 20:45:00+00:00,2025-12-03 01:00:00+00:00,sell,380.6247,380.7553,380.49410000000006,380.7553,793.605408780886,-103.6448663867508,10260.84177228833,loss,0.13059999999995853,260.8417722883354
2025-12-03 01:20:00+00:00,2025-12-03 03:25:00+00:00,sell,380.54470000000003,380.89529999999996,380.1941000000001,380.89529999999996,292.66519601512863,-102.6084177228833,10158.233354565446,loss,0.35059999999992897,158.2333545654521
2025-12-03 03:35:00+00:00,2025-12-03 03:40:00+00:00,sell,380.7647,380.9253,380.6041,380.6041,632.5176434972727,101.58233354565446,10259.8156881111,win,-0.16059999999998809,259.81568811110657
2025-12-03 03:50:00+00:00,2025-12-03 08:20:00+00:00,sell,380.5937,380.9253,380.26210000000003,380.26210000000003,309.4033681577717,102.59815688111101,10362.413844992212,win,-0.33159999999998035,362.4138449922176
2025-12-03 10:50:00+00:00,2025-12-03 15:00:00+00:00,sell,380.34470000000005,380.7853,379.9041000000001,380.7853,235.18869371296265,-103.62413844992213,10258.78970654229,loss,0.4405999999999608,258.78970654229545
2025-12-03 15:20:00+00:00,2025-12-03 15:55:00+00:00,buy,380.8853,380.53970000000004,381.2308999999999,381.2308999999999,296.83997993472985,102.58789706542291,10361.377603607712,win,0.3455999999999335,361.37760360771836
2025-12-03 16:05:00+00:00,2025-12-03 17:00:00+00:00,buy,381.27029999999996,381.0247,381.51589999999993,381.0247,421.88019558668884,-103.61377603607713,10257.763827571634,loss,-0.24559999999996762,257.76382757164123
2025-12-03 21:05:00+00:00,2025-12-03 23:00:00+00:00,buy,380.70529999999997,380.57370000000003,380.8368999999999,380.8368999999999,779.4653364419993,102.57763827571635,10360.34146584735,win,0.13159999999993488,360.3414658473576
2025-12-04 00:05:00+00:00,2025-12-04 03:20:00+00:00,sell,380.6447,380.90529999999995,380.38410000000005,380.90529999999995,397.55723199728243,-103.60341465847351,10256.738051188877,loss,0.260599999999954,256.73805118888407
2025-12-04 03:30:00+00:00,2025-12-04 10:00:00+00:00,buy,380.9373,380.6877,381.1869,381.1869,410.9270052559865,102.56738051188877,10359.305431700766,win,0.24959999999998672,359.30543170077283
2025-12-04 10:55:00+00:00,2025-12-04 12:05:00+00:00,buy,381.2553,380.8047,381.70589999999993,381.70589999999993,229.90025369955342,103.59305431700767,10462.898486017773,win,0.4505999999999517,462.8984860177805
2025-12-04 12:15:00+00:00,2025-12-04 12:25:00+00:00,buy,381.9543,381.30670000000003,382.60189999999994,382.60189999999994,161.5642138051036,104.62898486017774,10567.52747087795,win,0.6475999999999544,567.5274708779582
2025-12-04 13:40:00+00:00,2025-12-04 14:55:00+00:00,buy,382.2253,382.0437,382.4069,382.0437,581.9123056650755,-105.6752747087795,10461.852196169171,loss,-0.1816000000000031,461.8521961691787
2025-12-04 17:15:00+00:00,2025-12-04 17:20:00+00:00,buy,381.9253,381.7797,382.0709,382.0709,718.5338046819401,104.61852196169171,10566.470718130862,win,0.14560000000000173,566.4707181308704
2025-12-04 17:45:00+00:00,2025-12-04 18:55:00+00:00,buy,382.1363,381.7797,382.4929,382.4929,296.31157369967565,105.66470718130861,10672.135425312172,win,0.35660000000001446,672.135425312179
2025-12-04 19:10:00+00:00,2025-12-04 19:30:00+00:00,buy,382.52529999999996,382.35470000000004,382.6958999999999,382.6958999999999,625.5647963257352,106.72135425312172,10778.856779565293,win,0.17059999999992215,778.8567795653007
2025-12-04 19:40:00+00:00,2025-12-04 20:45:00+00:00,buy,382.70529999999997,382.4047,383.00589999999994,383.00589999999994,358.5780698458486,107.78856779565292,10886.645347360945,win,0.30059999999997444,886.6453473609537
2025-12-04 20:55:00+00:00,2025-12-04 23:30:00+00:00,buy,383.08029999999997,382.85470000000004,383.3058999999999,382.85470000000004,482.5640668157967,-108.86645347360945,10777.778893887336,loss,-0.22559999999992897,777.7788938873442
2025-12-05 00:45:00+00:00,2025-12-05 00:50:00+00:00,buy,382.20529999999997,381.8947,382.51589999999993,382.51589999999993,346.99867655790536,107.77778893887339,10885.556682826209,win,0.31059999999996535,885.5566828262176
2025-12-05 01:00:00+00:00,2025-12-05 10:10:00+00:00,buy,382.6243,381.8947,383.3539,381.8947,149.1989676922442,-108.8555668282621,10776.701115997947,loss,-0.7296000000000049,776.7011159979555
2025-12-05 14:05:00+00:00,2025-12-05 14:55:00+00:00,sell,381.85470000000004,382.02529999999996,381.6841000000001,381.6841000000001,631.6940865183391,107.76701115997946,10884.468127157927,win,-0.17059999999992215,884.468127157935
2025-12-05 15:05:00+00:00,2025-12-05 15:30:00+00:00,sell,381.66470000000004,382.01529999999997,381.3141000000001,382.01529999999997,310.4525991774139,-108.84468127157926,10775.623445886347,loss,0.35059999999992897,775.6234458863557
2025-12-05 16:45:00+00:00,2025-12-05 16:55:00+00:00,sell,381.78470000000004,381.9953,381.5741000000001,381.9953,511.66303161867444,-107.75623445886347,10667.867211427483,loss,0.2105999999999426,667.8672114274923
2025-12-05 17:20:00+00:00,2025-12-05 17:30:00+00:00,sell,381.7527,382.0553,381.4501,381.4501,352.540225096763,106.67867211427483,10774.545883541758,win,-0.302599999999984,774.5458835417671
2025-12-05 17:40:00+00:00,2025-12-05 18:35:00+00:00,sell,381.4347,381.8803,380.98910000000006,381.8803,241.79860600410268,-107.74545883541758,10666.80042470634,loss,0.44559999999995625,666.8004247063495
2025-12-05 20:10:00+00:00,2025-12-05 21:55:00+00:00,sell,382.0047,382.07329999999996,381.93610000000007,382.07329999999996,1554.9271756143773,-106.66800424706341,10560.132420459277,loss,0.0685999999999467,560.1324204592861
2025-12-05 23:05:00+00:00,2025-12-05 23:20:00+00:00,sell,382.05670000000003,382.0893,382.0241000000001,382.0241000000001,3239.3044234591976,105.60132420459277,10665.733744663868,win,-0.03259999999994534,665.7337446638788
2025-12-05 23:30:00+00:00,2025-12-05 23:35:00+00:00,sell,382.0147,382.0813,381.9481,381.9481,1601.4615232229476,106.65733744663869,10772.391082110507,win,-0.066599999999994,772.3910821105176
2025-12-05 23:45:00+00:00,2025-12-05 23:50:00+00:00,sell,381.8867,382.0673,381.70610000000005,381.70610000000005,596.4779115233833,107.72391082110508,10880.114992931613,win,-0.1805999999999699,880.1149929316226
2025-12-08 00:05:00+00:00,2025-12-08 04:50:00+00:00,sell,380.8537,381.9133,379.7941,381.9133,102.68134194914803,-108.80114992931613,10771.313843002295,loss,1.059599999999989,771.3138430023065
2025-12-08 07:10:00+00:00,2025-12-08 07:20:00+00:00,sell,381.8647,381.9453,381.7841000000001,381.7841000000001,1336.3912956587292,107.71313843002295,10879.026981432318,win,-0.08059999999994716,879.0269814323294
2025-12-08 07:30:00+00:00,2025-12-08 08:55:00+00:00,sell,381.7647,381.9113,381.6181,381.6181,742.0891528945392,108.79026981432318,10987.81725124664,win,-0.14659999999997808,987.8172512466526
2025-12-08 11:25:00+00:00,2025-12-08 13:05:00+00:00,buy,382.3653,382.0817,382.64889999999997,382.64889999999997,387.44066471253427,109.8781725124664,11097.695423759107,win,0.28359999999997854,1097.695423759119
2025-12-08 13:15:00+00:00,2025-12-08 13:45:00+00:00,buy,382.6853,382.42470000000003,382.94589999999994,382.94589999999994,425.85170467233564,110.97695423759107,11208.672377996698,win,0.260599999999954,1208.67237799671
2025-12-08 13:55:00+00:00,2025-12-08 14:40:00+00:00,buy,383.1613,382.8007,383.52189999999996,383.52189999999996,310.8339539100782,112.08672377996696,11320.759101776664,win,0.3605999999999767,1320.759101776677
2025-12-08 15:55:00+00:00,2025-12-08 16:40:00+00:00,buy,383.33029999999997,383.10470000000004,383.5558999999999,383.10470000000004,501.8066977739463,-113.20759101776665,11207.551510758898,loss,-0.22559999999992897,1207.5515107589104
2025-12-08 16:55:00+00:00,2025-12-08 17:05:00+00:00,buy,383.3753,383.0787,383.67189999999994,383.67189999999994,377.86754925018835,112.07551510758898,11319.627025866486,win,0.29659999999995534,1319.6270258664993
2025-12-08 17:15:00+00:00,2025-12-08 17:35:00+00:00,buy,383.7023,383.1147,384.28989999999993,384.28989999999993,192.64171248923432,113.19627025866487,11432.82329612515,win,0.5875999999999522,1432.8232961251642
2025-12-08 17:45:00+00:00,2025-12-09 09:15:00+00:00,buy,384.32529999999997,383.7647,384.88589999999994,384.88589999999994,203.93905273146373,114.3282329612515,11547.151529086403,win,0.5605999999999653,1547.1515290864158
2025-12-09 20:20:00+00:00,2025-12-09 23:45:00+00:00,sell,383.7547,383.89529999999996,383.61410000000006,383.61410000000006,821.2767801629129,115.47151529086403,11662.623044377267,win,-0.14059999999994943,1662.62304437728
2025-12-09 23:55:00+00:00,2025-12-10 01:55:00+00:00,sell,383.47470000000004,383.65529999999995,383.2941000000001,383.65529999999995,645.7709326900821,-116.62623044377267,11545.996813933494,loss,0.18059999999991305,1545.9968139335074
2025-12-10 03:20:00+00:00,2025-12-10 03:25:00+00:00,sell,383.5897,383.6393,383.5401,383.6393,2327.821938293133,-115.45996813933495,11430.536845794159,loss,0.04959999999999809,1430.5368457941725
2025-12-10 03:50:00+00:00,2025-12-10 04:15:00+00:00,sell,383.58570000000003,383.6473,383.5241000000001,383.6473,1855.6066308124962,-114.30536845794158,11316.231477336218,loss,0.0615999999999417,1316.231477336231
2025-12-10 05:20:00+00:00,2025-12-10 08:05:00+00:00,sell,383.5747,383.6483,383.5011,383.5011,1537.5314507250505,113.16231477336218,11429.39379210958,win,-0.073599999999999,1429.393792109593
2025-12-10 08:15:00+00:00,2025-12-10 08:25:00+00:00,sell,383.48470000000003,383.56829999999997,383.4011000000001,383.56829999999997,1367.1523674783173,-114.2939379210958,11315.099854188484,loss,0.08359999999993306,1315.0998541884971
2025-12-10 09:05:00+00:00,2025-12-10 09:10:00+00:00,sell,383.4547,383.6353,383.27410000000003,383.27410000000003,626.5282311290349,113.15099854188485,11428.250852730369,win,-0.1805999999999699,1428.250852730382
2025-12-10 09:25:00+00:00,2025-12-10 11:55:00+00:00,sell,383.10470000000004,383.7453,382.4641000000001,383.7453,178.39917035172138,-114.28250852730369,11313.968344203065,loss,0.6405999999999494,1313.9683442030782
2025-12-10 16:10:00+00:00,2025-12-10 16:20:00+00:00,sell,383.6277,383.76529999999997,383.49010000000004,383.49010000000004,822.2360715266035,113.13968344203066,11427.108027645096,win,-0.13759999999996353,1427.108027645109
2025-12-10 16:35:00+00:00,2025-12-10 16:50:00+00:00,sell,383.47470000000004,383.7953,383.1541000000001,383.1541000000001,356.42882182303975,114.27108027645096,11541.379107921546,win,-0.32059999999995625,1541.3791079215598
2025-12-10 20:55:00+00:00,2025-12-10 21:00:00+00:00,sell,383.48470000000003,383.55429999999996,383.4151000000001,383.4151000000001,1658.2441247032048,115.41379107921546,11656.792899000762,win,-0.06959999999992306,1656.7928990007754
2025-12-10 22:15:00+00:00,2025-12-10 22:25:00+00:00,sell,383.2547,383.4253,383.08410000000003,383.08410000000003,683.2821160024736,116.56792899000763,11773.36082799077,win,-0.170599999999979,1773.360827990783
2025-12-10 22:35:00+00:00,2025-12-10 23:40:00+00:00,sell,382.96270000000004,383.3503,382.5751000000001,382.5751000000001,303.7502793599556,117.73360827990771,11891.094436270678,win,-0.38759999999996353,1891.0944362706907
2025-12-10 23:50:00+00:00,2025-12-10 23:55:00+00:00,sell,382.53470000000004,382.7073,382.3621000000001,382.3621000000001,688.9394227274266,118.91094436270679,12010.005380633385,win,-0.1725999999999317,2010.0053806333974
2025-12-11 00:05:00+00:00,2025-12-11 00:10:00+00:00,sell,381.92470000000003,382.69129999999996,381.1581000000001,381.1581000000001,156.66586721412142,120.10005380633385,12130.10543443972,win,-0.7665999999999258,2130.105434439731
2025-12-11 00:55:00+00:00,2025-12-11 01:55:00+00:00,sell,381.0747,382.4353,379.71410000000003,382.4353,89.15261968572635,-121.3010543443972,12008.804380095322,loss,1.3605999999999767,2008.804380095334
2025-12-11 03:10:00+00:00,2025-12-11 05:10:00+00:00,sell,382.5547,382.70529999999997,382.4041000000001,382.70529999999997,797.3973691965524,-120.08804380095322,11888.716336294368,loss,0.15059999999994034,1888.7163362943807
2025-12-11 06:50:00+00:00,2025-12-11 07:00:00+00:00,sell,382.65270000000004,382.68829999999997,382.6171000000001,382.6171000000001,3339.527060763295,118.88716336294368,12007.603499657313,win,-0.03559999999993124,2007.6034996573244
2025-12-11 08:30:00+00:00,2025-12-11 08:40:00+00:00,sell,382.65270000000004,382.7693,382.5361000000001,382.5361000000001,1029.8116208973083,120.07603499657314,12127.679534653886,win,-0.11659999999994852,2127.6795346538975
2025-12-11 10:00:00+00:00,2025-12-11 10:35:00+00:00,sell,382.33270000000005,382.6653,382.0001000000001,382.0001000000001,364.63257771062734,121.27679534653888,12248.956330000425,win,-0.3325999999999567,2248.9563300004365
2025-12-11 11:35:00+00:00,2025-12-11 12:25:00+00:00,sell,381.9447,382.4453,381.44410000000005,381.44410000000005,244.6855039952323,122.48956330000425,12371.44589330043,win,-0.5005999999999631,2371.4458933004407
2025-12-11 12:50:00+00:00,2025-12-11 13:05:00+00:00,sell,381.3917,381.8553,380.92810000000003,381.8553,266.85603738785204,-123.7144589330043,12247.731434367426,loss,0.46359999999998536,2247.7314343674366
2025-12-11 14:05:00+00:00,2025-12-11 15:50:00+00:00,buy,385.0163,382.9877,387.0449,382.9877,60.37529051743827,-122.47731434367427,12125.254120023752,loss,-2.028599999999983,2125.2541200237624
2025-12-11 18:05:00+00:00,2025-12-11 18:25:00+00:00,sell,382.4777,382.8223,382.13310000000007,382.13310000000007,351.8646001168096,121.25254120023752,12246.50666122399,win,-0.34459999999995716,2246.506661224
2025-12-11 23:05:00+00:00,2025-12-12 01:00:00+00:00,sell,382.5747,382.6803,382.4691,382.6803,1159.7070701918715,-122.4650666122399,12124.04159461175,loss,0.10559999999998126,2124.04159461176
2025-12-12 03:05:00+00:00,2025-12-12 04:10:00+00:00,sell,382.7277,382.8093,382.64610000000005,382.64610000000005,1485.789411104739,121.24041594611751,12245.282010557867,win,-0.08159999999998035,2245.2820105578776
2025-12-12 04:40:00+00:00,2025-12-12 07:00:00+00:00,sell,382.6447,382.7253,382.5641,382.5641,1519.265758133655,122.45282010557868,12367.734830663445,win,-0.080600000000004,2367.7348306634563
2025-12-12 07:20:00+00:00,2025-12-12 07:50:00+00:00,sell,382.5317,382.6233,382.44010000000003,382.44010000000003,1350.1893919942495,123.67734830663444,12491.412178970078,win,-0.09159999999997126,2491.4121789700907
2025-12-12 08:00:00+00:00,2025-12-12 09:15:00+00:00,sell,382.4397,382.5693,382.31010000000003,382.5693,963.8435323280708,-124.91412178970079,12366.498057180377,loss,0.12959999999998217,2366.49805718039
2025-12-12 11:05:00+00:00,2025-12-12 11:10:00+00:00,buy,383.0623,382.7497,383.37489999999997,383.37489999999997,395.6013453992761,123.66498057180378,12490.163037752181,win,0.3125999999999749,2490.1630377521938
2025-12-12 11:20:00+00:00,2025-12-12 15:05:00+00:00,buy,383.6253,382.92670000000004,384.3238999999999,384.3238999999999,178.7884774943203,124.90163037752181,12615.064668129704,win,0.6985999999999422,2615.0646681297158
2025-12-12 15:15:00+00:00,2025-12-12 17:20:00+00:00,buy,384.3573,383.84770000000003,384.8669,384.8669,247.548364759228,126.15064668129705,12741.215314811001,win,0.5095999999999776,2741.215314811013
2025-12-12 17:30:00+00:00,2025-12-15 00:00:00+00:00,buy,384.9953,384.35470000000004,385.63589999999994,384.35470000000004,198.89502520780528,-127.41215314811001,12613.80316166289,loss,-0.6405999999999494,2613.8031616629028
2025-12-15 01:35:00+00:00,2025-12-15 02:10:00+00:00,buy,384.1053,383.50870000000003,384.70189999999997,384.70189999999997,211.4281455190009,126.13803161662891,12739.94119327952,win,0.5965999999999667,2739.9411932795315
2025-12-15 02:25:00+00:00,2025-12-15 09:30:00+00:00,buy,384.7843,384.08270000000005,385.4858999999999,385.4858999999999,181.58411050856364,127.39941193279519,12867.340605212314,win,0.7015999999999281,2867.340605212327
2025-12-15 09:40:00+00:00,2025-12-15 10:30:00+00:00,buy,385.51529999999997,385.0747,385.95589999999993,385.0747,292.0413210443363,-128.67340605212314,12738.66719916019,loss,-0.4405999999999608,2738.667199160204
2025-12-15 14:05:00+00:00,2025-12-15 14:30:00+00:00,buy,385.1303,384.9177,385.34289999999993,384.9177,599.1847224441702,-127.38667199160193,12611.280527168588,loss,-0.21259999999995216,2611.280527168602
2025-12-15 16:50:00+00:00,2025-12-15 17:00:00+00:00,buy,384.9453,384.7767,385.11389999999994,384.7767,748.0000312675489,-126.11280527168589,12485.167721896902,loss,-0.16859999999996944,2485.167721896916
2025-12-15 23:20:00+00:00,2025-12-16 00:00:00+00:00,sell,384.3197,384.4443,384.1951,384.4443,1002.0198813722498,-124.85167721896902,12360.316044677933,loss,0.12459999999998672,2360.316044677947
2025-12-16 01:15:00+00:00,2025-12-16 01:20:00+00:00,sell,384.2447,384.2853,384.20410000000004,384.20410000000004,3044.4128188874247,123.60316044677933,12483.919205124712,win,-0.04059999999998354,2483.9192051247264
2025-12-16 01:30:00+00:00,2025-12-16 01:35:00+00:00,sell,384.2027,384.2933,384.1121,384.2933,1377.9160270557852,-124.83919205124712,12359.080013073464,loss,0.0905999999999949,2359.080013073479
2025-12-16 01:50:00+00:00,2025-12-16 02:00:00+00:00,sell,384.16270000000003,384.3053,384.02010000000007,384.3053,866.6956530909551,-123.59080013073465,12235.48921294273,loss,0.14259999999995898,2235.4892129427444
2025-12-16 04:20:00+00:00,2025-12-16 05:15:00+00:00,sell,384.4547,384.57329999999996,384.33610000000004,384.57329999999996,1031.6601359989086,-122.3548921294273,12113.134320813302,loss,0.11859999999995807,2113.134320813317
2025-12-16 07:10:00+00:00,2025-12-16 07:40:00+00:00,buy,384.6483,384.59270000000004,384.7039,384.59270000000004,2178.6212807229963,-121.131343208133,11992.002977605169,loss,-0.055599999999969896,1992.002977605184
2025-12-16 08:00:00+00:00,2025-12-16 08:05:00+00:00,buy,384.65529999999995,384.5897,384.7208999999999,384.7208999999999,1828.0492343921242,119.92002977605169,12111.92300738122,win,0.0655999999999608,2111.9230073812355
2025-12-16 08:15:00+00:00,2025-12-16 08:30:00+00:00,buy,384.7303,384.5887,384.8719,384.5887,855.3617943066884,-121.11923007381222,11990.803777307407,loss,-0.14159999999998263,1990.8037773074234
2025-12-16 08:45:00+00:00,2025-12-16 09:10:00+00:00,buy,384.7883,384.4587,385.11789999999996,384.4587,363.7986582921259,-119.90803777307407,11870.895739534333,loss,-0.3295999999999708,1870.8957395343493
2025-12-16 09:50:00+00:00,2025-12-16 14:30:00+00:00,buy,384.9033,384.4297,385.3769,384.4297,250.65235936518008,-118.70895739534333,11752.18678213899,loss,-0.47359999999997626,1752.186782139006
2025-12-16 14:40:00+00:00,2025-12-16 14:50:00+00:00,sell,384.3757,384.5913,384.1601,384.5913,545.0921513051609,-117.5218678213899,11634.6649143176,loss,0.2155999999999949,1634.6649143176162
2025-12-16 15:00:00+00:00,2025-12-16 15:25:00+00:00,sell,384.2677,384.6323,383.9031,383.9031,319.107649871578,116.34664914317601,11751.011563460776,win,-0.3645999999999958,1751.011563460792
2025-12-16 15:55:00+00:00,2025-12-16 16:00:00+00:00,sell,383.66470000000004,384.46529999999996,382.8641000000001,384.46529999999996,146.77756137224563,-117.51011563460776,11633.501447826167,loss,0.8005999999999176,1633.5014478261844
2025-12-16 17:15:00+00:00,2025-12-17 09:30:00+00:00,buy,385.4343,384.47270000000003,386.3959,386.3959,120.98067229436835,116.33501447826167,11749.836462304429,win,0.9615999999999758,1749.836462304446
2025-12-17 10:50:00+00:00,2025-12-17 11:00:00+00:00,buy,386.4233,386.0007,386.8459,386.8459,278.0368306271829,117.49836462304431,11867.334826927474,win,0.42259999999998854,1867.3348269274904
2025-12-17 13:20:00+00:00,2025-12-17 13:25:00+00:00,buy,386.8143,386.5247,387.1039,387.1039,409.7836611508004,118.67334826927474,11986.008175196748,win,0.2896000000000072,1986.0081751967653
2025-12-17 13:35:00+00:00,2025-12-17 17:00:00+00:00,buy,387.2073,386.54470000000003,387.8698999999999,387.8698999999999,180.89357342586507,119.86008175196748,12105.868256948715,win,0.6625999999999408,2105.868256948733
2025-12-17 17:35:00+00:00,2025-12-17 17:55:00+00:00,buy,388.01529999999997,387.4447,388.5858999999999,388.5858999999999,212.16032697072632,121.05868256948716,12226.926939518202,win,0.5705999999999563,2226.92693951822
2025-12-17 18:30:00+00:00,2025-12-18 00:00:00+00:00,buy,388.64529999999996,387.92470000000003,389.3658999999999,387.92470000000003,169.6770321887223,-122.26926939518201,12104.65767012302,loss,-0.7205999999999335,2104.657670123038
2025-12-18 01:15:00+00:00,2025-12-18 09:45:00+00:00,buy,388.82329999999996,388.47470000000004,389.1718999999999,389.1718999999999,347.23630723252495,121.04657670123022,12225.70424682425,win,0.3485999999999194,2225.704246824268
2025-12-18 09:55:00+00:00,2025-12-18 10:50:00+00:00,buy,389.26529999999997,388.67470000000003,389.8558999999999,389.8558999999999,207.00481284838355,122.2570424682425,12347.961289292492,win,0.5905999999999381,2347.9612892925106
2025-12-18 11:00:00+00:00,2025-12-18 12:30:00+00:00,buy,390.18829999999997,389.4447,390.9318999999999,389.4447,166.05649931809023,-123.47961289292493,12224.481676399568,loss,-0.7435999999999581,2224.481676399586
2025-12-18 19:40:00+00:00,2025-12-18 20:45:00+00:00,sell,387.2547,387.5653,386.94410000000005,387.5653,393.5763579008671,-122.24481676399569,12102.236859635572,loss,0.31059999999996535,2102.23685963559
2025-12-18 22:50:00+00:00,2025-12-18 22:55:00+00:00,sell,387.5647,387.6153,387.51410000000004,387.6153,2391.7464149489497,-121.02236859635573,11981.214491039216,loss,0.05059999999997444,1981.2144910392342
2025-12-18 23:30:00+00:00,2025-12-18 23:40:00+00:00,sell,387.5487,387.6853,387.4121,387.6853,877.102085727697,-119.81214491039216,11861.402346128823,loss,0.13659999999998718,1861.402346128842
2025-12-18 23:50:00+00:00,2025-12-19 03:50:00+00:00,sell,387.52270000000004,387.70529999999997,387.3401000000001,387.3401000000001,649.5839181891486,118.61402346128826,11980.016369590112,win,-0.1825999999999226,1980.0163695901304
2025-12-19 04:25:00+00:00,2025-12-19 08:40:00+00:00,sell,387.2647,387.52529999999996,387.00410000000005,387.52529999999996,459.708993460945,-119.80016369590112,11860.21620589421,loss,0.260599999999954,1860.2162058942292
2025-12-19 09:00:00+00:00,2025-12-19 09:15:00+00:00,sell,387.3347,387.5473,387.1221,387.5473,557.8652966083588,-118.6021620589421,11741.614043835269,loss,0.212600000000009,1741.6140438352872
2025-12-19 11:25:00+00:00,2025-12-19 11:30:00+00:00,sell,387.54470000000003,387.7553,387.3341000000001,387.3341000000001,557.5315310464609,117.41614043835268,11859.03018427362,win,-0.2105999999999426,1859.0301842736399
2025-12-19 11:40:00+00:00,2025-12-19 12:50:00+00:00,sell,387.1497,387.68629999999996,386.61310000000003,386.61310000000003,221.00317152952678,118.59030184273621,11977.620486116357,win,-0.5365999999999644,1977.620486116376
2025-12-19 13:00:00+00:00,2025-12-19 15:20:00+00:00,sell,386.58270000000005,387.05429999999996,386.11110000000014,387.05429999999996,253.9783818091316,-119.77620486116358,11857.844281255193,loss,0.47159999999990987,1857.8442812552125
2025-12-19 16:05:00+00:00,2025-12-22 00:05:00+00:00,sell,386.6297,387.2353,386.02410000000003,386.02410000000003,195.80324110395574,118.57844281255193,11976.422724067745,win,-0.6055999999999813,1976.4227240677644
2025-12-22 02:25:00+00:00,2025-12-22 02:30:00+00:00,sell,386.3827,386.4353,386.3301,386.3301,2276.88644944323,119.76422724067746,12096.186951308422,win,-0.05259999999998399,2096.186951308442
2025-12-22 03:45:00+00:00,2025-12-22 04:25:00+00:00,sell,386.4517,386.5553,386.34810000000004,386.34810000000004,1167.5856130609773,120.96186951308422,12217.148820821507,win,-0.10359999999997171,2217.1488208215264
2025-12-22 04:50:00+00:00,2025-12-22 05:15:00+00:00,sell,386.34270000000004,386.4753,386.21010000000007,386.21010000000007,921.3536063970172,122.17148820821507,12339.320309029721,win,-0.13259999999996808,2339.3203090297416
2025-12-22 07:40:00+00:00,2025-12-22 07:50:00+00:00,sell,386.2427,386.2853,386.2001,386.2853,2896.554063152987,-123.39320309029722,12215.927105939423,loss,0.04259999999999309,2215.927105939444
2025-12-22 09:55:00+00:00,2025-12-22 10:00:00+00:00,sell,386.3047,386.3553,386.25410000000005,386.3553,2414.2148430722514,-122.15927105939421,12093.76783488003,loss,0.05059999999997444,2093.76783488005
2025-12-22 13:10:00+00:00,2025-12-22 14:15:00+00:00,buy,387.3263,386.9827,387.6699,387.6699,351.9722885588098,120.93767834880029,12214.70551322883,win,0.3435999999999808,2214.70551322885
2025-12-22 14:25:00+00:00,2025-12-22 15:20:00+00:00,buy,387.7353,387.4447,388.0259,388.0259,420.3270995605479,122.1470551322883,12336.852568361119,win,0.29059999999998354,2336.8525683611383
2025-12-22 15:30:00+00:00,2025-12-22 16:25:00+00:00,buy,388.1353,387.6247,388.6458999999999,388.6458999999999,241.61481724172017,123.3685256836112,12460.22109404473,win,0.510599999999954,2460.2210940447494
2025-12-22 16:35:00+00:00,2025-12-22 17:25:00+00:00,buy,388.6753,388.42470000000003,388.92589999999996,388.42470000000003,497.2155264982668,-124.60221094044729,12335.618883104282,loss,-0.2505999999999631,2335.6188831043023
2025-12-22 18:00:00+00:00,2025-12-22 19:45:00+00:00,buy,388.6153,388.4067,388.8239,388.4067,591.3527748372425,-123.35618883104281,12212.262694273239,loss,-0.2085999999999899,2212.2626942732595
2025-12-22 21:00:00+00:00,2025-12-22 22:30:00+00:00,buy,388.69829999999996,388.6377,388.7588999999999,388.6377,2015.2248670429408,-122.12262694273238,12090.140067330507,loss,-0.06059999999996535,2090.140067330527
2025-12-23 01:00:00+00:00,2025-12-23 01:05:00+00:00,buy,388.5053,388.42470000000003,388.5858999999999,388.5858999999999,1500.0173780816915,120.90140067330508,12211.041468003812,win,0.08059999999994716,2211.041468003832
2025-12-23 01:55:00+00:00,2025-12-23 08:50:00+00:00,buy,388.6483,388.42470000000003,388.8719,388.8719,546.1109779966506,122.1104146800381,12333.151882683851,win,0.22359999999997626,2333.15188268387
2025-12-23 09:00:00+00:00,2025-12-23 09:05:00+00:00,buy,389.0723,388.4707,389.67389999999995,389.67389999999995,205.00584911377373,123.33151882683852,12456.48340151069,win,0.6015999999999622,2456.4834015107085
2025-12-23 09:15:00+00:00,2025-12-24 17:10:00+00:00,buy,390.56329999999997,388.5547,392.5718999999999,388.5547,62.015749285626974,-124.5648340151069,12331.918567495582,loss,-2.0085999999999444,2331.9185674956016
2025-12-24 17:55:00+00:00,2025-12-24 23:05:00+00:00,sell,388.51570000000004,388.7163,388.3151000000001,388.7163,614.751673354863,-123.31918567495583,12208.599381820626,loss,0.2005999999999517,2208.5993818206457
2025-12-24 23:40:00+00:00,2025-12-26 00:05:00+00:00,sell,388.5427,388.79229999999995,388.2931000000001,388.2931000000001,489.12657779743813,122.08599381820626,12330.685375638832,win,-0.24959999999992988,2330.685375638852
2025-12-26 01:30:00+00:00,2025-12-26 02:40:00+00:00,sell,388.22970000000004,388.9703,387.48910000000006,388.9703,166.49588678962053,-123.30685375638834,12207.378521882443,loss,0.7405999999999722,2207.3785218824637
2025-12-26 05:20:00+00:00,2025-12-26 05:55:00+00:00,sell,389.1267,389.1723,389.08110000000005,389.08110000000005,2677.056693396506,122.07378521882443,12329.452307101268,win,-0.04559999999997899,2329.452307101288
2025-12-26 06:05:00+00:00,2025-12-26 06:25:00+00:00,sell,389.0747,389.1513,388.9981,388.9981,1609.5890740344255,123.29452307101269,12452.74683017228,win,-0.0765999999999849,2452.746830172301
2025-12-26 06:35:00+00:00,2025-12-26 07:15:00+00:00,sell,388.9827,389.0953,388.87010000000004,389.0953,1105.9277824310657,-124.5274683017228,12328.219361870557,loss,0.11259999999998627,2328.2193618705783
2025-12-26 10:05:00+00:00,2025-12-26 14:50:00+00:00,sell,389.0307,389.8443,388.2171000000001,388.2171000000001,151.5267866503355,123.28219361870558,12451.501555489262,win,-0.8135999999999513,2451.501555489284
2025-12-26 15:00:00+00:00,2025-12-26 16:00:00+00:00,sell,388.1107,388.53929999999997,387.68210000000005,387.68210000000005,290.51566858353743,124.51501555489263,12576.016571044154,win,-0.42859999999996035,2576.0165710441765
2025-12-26 17:15:00+00:00,2025-12-26 17:55:00+00:00,sell,387.65770000000003,387.90029999999996,387.4151000000001,387.4151000000001,518.3848545361933,125.76016571044156,12701.776736754597,win,-0.24259999999992488,2701.776736754618
2025-12-26 18:05:00+00:00,2025-12-26 18:50:00+00:00,sell,387.3937,387.66729999999995,387.1201000000001,387.1201000000001,464.2462257586919,127.01776736754597,12828.794504122143,win,-0.2735999999999308,2828.794504122164
2025-12-26 19:00:00+00:00,2025-12-26 23:30:00+00:00,sell,386.7477,387.4343,386.0611,387.4343,186.84524474398734,-128.28794504122143,12700.50655908092,loss,0.6865999999999985,2700.5065590809427
2025-12-26 23:40:00+00:00,2025-12-29 10:25:00+00:00,sell,386.48470000000003,387.47929999999997,385.4901000000001,387.47929999999997,127.69461652002572,-127.00506559080921,12573.501493490112,loss,0.9945999999999344,2573.5014934901333
2025-12-29 16:05:00+00:00,2025-12-29 16:25:00+00:00,sell,387.1207,387.33529999999996,386.90610000000004,386.90610000000004,585.9040770499699,125.73501493490112,12699.236508425012,win,-0.2145999999999617,2699.2365084250346
2025-12-29 16:35:00+00:00,2025-12-29 16:40:00+00:00,sell,386.79470000000003,387.2453,386.3441000000001,386.3441000000001,281.82948309867675,126.99236508425012,12826.228873509262,win,-0.4505999999999517,2826.2288735092848
2025-12-29 17:55:00+00:00,2025-12-29 18:00:00+00:00,sell,386.59470000000005,386.8453,386.3441000000001,386.3441000000001,511.82078505631097,128.26228873509262,12954.491162244354,win,-0.2505999999999631,2954.4911622443774
2025-12-29 19:15:00+00:00,2025-12-29 21:40:00+00:00,sell,385.9947,386.2853,385.70410000000004,386.2853,445.78427949914277,-129.54491162244355,12824.946250621912,loss,0.29059999999998354,2824.946250621934
2025-12-29 22:00:00+00:00,2025-12-29 23:55:00+00:00,sell,386.1797,386.32329999999996,386.0361000000001,386.0361000000001,893.1021065896718,128.24946250621912,12953.19571312813,win,-0.14359999999993533,2953.195713128153
2025-12-30 00:05:00+00:00,2025-12-30 00:10:00+00:00,sell,385.9547,386.1753,385.7341,385.7341,587.1802227166227,129.5319571312813,13082.727670259412,win,-0.22059999999999036,3082.727670259434
2025-12-30 03:40:00+00:00,2025-12-30 04:00:00+00:00,sell,386.5047,386.5353,386.4741,386.4741,4275.40119943221,130.82727670259413,13213.554946962005,win,-0.030599999999992633,3213.554946962028
2025-12-30 04:10:00+00:00,2025-12-30 08:00:00+00:00,sell,386.42670000000004,386.5353,386.3181000000001,386.3181000000001,1216.717766755617,132.13554946962006,13345.690496431625,win,-0.10859999999996717,3345.690496431648
2025-12-30 10:55:00+00:00,2025-12-30 11:05:00+00:00,sell,386.26370000000003,386.4153,386.11210000000005,386.11210000000005,880.3225921130578,133.45690496431627,13479.147401395941,win,-0.15159999999997353,3479.1474013959646
2025-12-30 11:45:00+00:00,2025-12-30 13:10:00+00:00,sell,386.0657,386.4473,385.6841,385.6841,353.2271331602787,134.79147401395943,13613.9388754099,win,-0.3815999999999917,3613.938875409924
2025-12-30 13:20:00+00:00,2025-12-31 10:00:00+00:00,sell,385.5777,386.16429999999997,384.9911,384.9911,232.08214925691206,136.139388754099,13750.078264164,win,-0.5865999999999758,3750.078264164023
2025-12-31 10:10:00+00:00,2025-12-31 11:15:00+00:00,sell,384.94570000000004,385.4753,384.4161000000001,384.4161000000001,259.63138716323743,137.50078264164,13887.57904680564,win,-0.5295999999999594,3887.579046805663
2025-12-31 12:30:00+00:00,2025-12-31 17:45:00+00:00,sell,384.7837,385.3973,384.17010000000005,384.17010000000005,226.3295151044082,138.8757904680564,14026.454837273697,win,-0.6135999999999626,4026.4548372737195
2025-12-31 17:55:00+00:00,2025-12-31 18:00:00+00:00,sell,384.1247,384.3313,383.91810000000004,383.91810000000004,678.9184335563907,140.26454837273698,14166.719385646435,win,-0.20659999999998035,4166.719385646456
2025-12-31 19:25:00+00:00,2025-12-31 19:40:00+00:00,sell,383.8577,384.28029999999995,383.4351000000001,384.28029999999995,335.2276238913565,-141.66719385646434,14025.05219178997,loss,0.4225999999999317,4025.0521917899923
2025-12-31 21:05:00+00:00,2025-12-31 22:50:00+00:00,sell,384.2547,384.3483,384.16110000000003,384.16110000000003,1498.4030119436802,140.2505219178997,14165.30271370787,win,-0.09359999999998081,4165.302713707892
2025-12-31 23:00:00+00:00,2025-12-31 23:50:00+00:00,sell,384.1377,384.2733,384.0021,384.0021,1044.6388431937123,141.6530271370787,14306.95574084495,win,-0.13560000000001082,4306.95574084497
2026-01-02 00:00:00+00:00,2026-01-02 03:00:00+00:00,sell,383.9647,384.1703,383.7591,384.1703,695.8636060722116,-143.0695574084495,14163.8861834365,loss,0.205600000000004,4163.886183436521
2026-01-02 06:10:00+00:00,2026-01-02 06:40:00+00:00,sell,384.19570000000004,384.26529999999997,384.1261000000001,384.1261000000001,2035.0411183120918,141.638861834365,14305.525045270864,win,-0.06959999999992306,4305.525045270886
2026-01-02 06:50:00+00:00,2026-01-02 08:15:00+00:00,sell,384.1157,384.2553,383.97610000000003,383.97610000000003,1024.7510777416635,143.05525045270863,14448.580295723574,win,-0.13959999999997308,4448.580295723595
2026-01-02 08:25:00+00:00,2026-01-02 08:50:00+00:00,sell,383.9587,384.08529999999996,383.8321000000001,384.08529999999996,1141.2780644336876,-144.48580295723573,14304.094492766339,loss,0.12659999999993943,4304.094492766359
2026-01-02 10:10:00+00:00,2026-01-02 10:40:00+00:00,sell,383.97470000000004,384.28029999999995,383.6691000000001,383.6691000000001,468.0659192660474,143.0409449276634,14447.135437694002,win,-0.30559999999991305,4447.135437694022
2026-01-02 10:50:00+00:00,2026-01-02 15:35:00+00:00,sell,383.6657,384.1353,383.19610000000006,383.19610000000006,307.64768819623765,144.47135437694,14591.606792070941,win,-0.46959999999995716,4591.606792070962
2026-01-02 16:50:00+00:00,2026-01-02 17:30:00+00:00,sell,383.3347,383.5553,383.1141,383.5553,661.450897192728,-145.91606792070942,14445.690724150232,loss,0.22059999999999036,4445.690724150252
2026-01-02 18:10:00+00:00,2026-01-02 18:15:00+00:00,sell,383.3347,383.5953,383.0741,383.0741,554.3242795145677,144.45690724150234,14590.147631391734,win,-0.2606000000000108,4590.147631391755
2026-01-02 18:30:00+00:00,2026-01-05 00:00:00+00:00,sell,383.04470000000003,383.5353,382.55410000000006,382.55410000000006,297.39395905814433,145.90147631391733,14736.04910770565,win,-0.49059999999997217,4736.049107705672
2026-01-05 02:40:00+00:00,2026-01-05 09:15:00+00:00,sell,382.91470000000004,383.9883,381.8411000000001,383.9883,137.25828155464274,-147.3604910770565,14588.688616628593,loss,1.0735999999999422,4588.688616628616
2026-01-05 11:25:00+00:00,2026-01-05 11:55:00+00:00,buy,383.77529999999996,383.47470000000004,384.0758999999999,384.0758999999999,485.3189825892413,145.88688616628593,14734.57550279488,win,0.3005999999999176,4734.575502794902
2026-01-05 12:05:00+00:00,2026-01-05 13:15:00+00:00,buy,384.26529999999997,383.7547,384.7758999999999,383.7547,288.5737466274228,-147.3457550279488,14587.22974776693,loss,-0.510599999999954,4587.229747766953
2026-01-05 14:50:00+00:00,2026-01-05 14:55:00+00:00,buy,383.95529999999997,383.7157,384.1948999999999,384.1948999999999,608.8159327116297,145.87229747766932,14733.102045244601,win,0.23959999999993897,4733.102045244622
2026-01-05 15:05:00+00:00,2026-01-05 15:25:00+00:00,buy,384.20529999999997,383.7257,384.6848999999999,384.6848999999999,307.19562229454124,147.331020452446,14880.433065697047,win,0.47959999999994807,4880.433065697068
2026-01-05 19:10:00+00:00,2026-01-05 23:50:00+00:00,buy,383.8363,383.67470000000003,383.99789999999996,383.67470000000003,920.8188778279903,-148.80433065697048,14731.628735040076,loss,-0.16159999999996444,4731.628735040097
2026-01-06 03:05:00+00:00,2026-01-06 03:10:00+00:00,buy,383.8293,383.7327,383.92589999999996,383.92589999999996,1525.013326609229,147.31628735040076,14878.945022390477,win,0.09659999999996671,4878.945022390498
2026-01-06 03:20:00+00:00,2026-01-06 07:55:00+00:00,buy,383.9453,383.7547,384.13589999999994,384.13589999999994,780.6371994959883,148.78945022390477,15027.734472614382,win,0.1905999999999608,5027.734472614403
2026-01-06 10:35:00+00:00,2026-01-06 10:55:00+00:00,buy,384.1253,383.63370000000003,384.61689999999993,384.61689999999993,305.6902862615125,150.2773447261438,15178.011817340526,win,0.4915999999999485,5178.011817340546
2026-01-06 11:05:00+00:00,2026-01-08 18:50:00+00:00,buy,384.7983,384.0147,385.58189999999996,385.58189999999996,193.69591395279406,151.78011817340527,15329.791935513931,win,0.7835999999999785,5329.791935513951
2026-01-08 21:55:00+00:00,2026-01-08 22:00:00+00:00,buy,385.2373,385.1247,385.3499,385.1247,1361.4380049303554,-153.29791935513933,15176.494016158791,loss,-0.11259999999998627,5176.494016158812
2026-01-09 01:10:00+00:00,2026-01-09 04:45:00+00:00,buy,384.9353,384.7547,385.11589999999995,385.11589999999995,840.3374316811362,151.7649401615879,15328.258956320378,win,0.1805999999999699,5328.2589563204
2026-01-09 05:15:00+00:00,2026-01-09 08:40:00+00:00,buy,385.1353,384.9547,385.31589999999994,385.31589999999994,848.7408059979476,153.2825895632038,15481.541545883581,win,0.1805999999999699,5481.541545883604
2026-01-09 08:50:00+00:00,2026-01-09 08:55:00+00:00,buy,385.3653,385.2147,385.5159,385.2147,1027.990806499593,-154.81541545883582,15326.726130424746,loss,-0.15059999999999718,5326.726130424769
2026-01-09 09:15:00+00:00,2026-01-09 09:35:00+00:00,buy,385.3683,385.2047,385.53189999999995,385.53189999999995,936.8414505151089,153.26726130424746,15479.993391728993,win,0.163599999999974,5479.993391729016
2026-01-09 09:45:00+00:00,2026-01-09 10:20:00+00:00,buy,385.57529999999997,385.29470000000003,385.8558999999999,385.8558999999999,551.6747466761417,154.79993391728993,15634.793325646282,win,0.2805999999999358,5634.793325646307
2026-01-09 11:40:00+00:00,2026-01-09 11:45:00+00:00,buy,385.8453,385.65270000000004,386.0379,385.65270000000004,811.7753543950514,-156.34793325646282,15478.44539238982,loss,-0.19259999999997035,5478.445392389844
2026-01-09 13:25:00+00:00,2026-01-09 15:30:00+00:00,buy,385.7953,385.4547,386.1359,385.4547,454.4464296062846,-154.7844539238982,15323.660938465922,loss,-0.3405999999999949,5323.660938465945
2026-01-09 16:45:00+00:00,2026-01-09 17:20:00+00:00,buy,385.8453,385.5787,386.1119,385.5787,574.780980437619,-153.23660938465923,15170.424329081263,loss,-0.26659999999998263,5170.424329081286
2026-01-09 19:10:00+00:00,2026-01-09 23:50:00+00:00,buy,385.57529999999997,385.3947,385.75589999999994,385.3947,840.0013471253484,-151.70424329081263,15018.72008579045,loss,-0.1805999999999699,5018.720085790473
2026-01-12 02:05:00+00:00,2026-01-12 02:10:00+00:00,buy,385.45529999999997,385.4327,385.4778999999999,385.4778999999999,6645.4513654074035,150.18720085790451,15168.907286648355,win,0.022599999999954434,5168.9072866483775
2026-01-12 02:25:00+00:00,2026-01-12 02:40:00+00:00,buy,385.48929999999996,385.4327,385.5458999999999,385.5458999999999,2680.01895524077,151.68907286648354,15320.596359514839,win,0.05659999999994625,5320.596359514861
2026-01-12 02:50:00+00:00,2026-01-12 03:30:00+00:00,buy,385.6203,385.44370000000004,385.79689999999994,385.79689999999994,867.5309376851137,153.2059635951484,15473.802323109987,win,0.1765999999999508,5473.80232311001
2026-01-12 03:40:00+00:00,2026-01-12 05:05:00+00:00,buy,385.8153,385.63370000000003,385.9968999999999,385.9968999999999,852.0816257221678,154.73802323109987,15628.540346341088,win,0.18159999999994625,5628.540346341109
2026-01-12 05:20:00+00:00,2026-01-12 06:05:00+00:00,buy,386.0053,385.87870000000004,386.1318999999999,385.87870000000004,1234.4818599011505,-156.2854034634109,15472.254942877677,loss,-0.12659999999993943,5472.254942877698
2026-01-12 08:00:00+00:00,2026-01-12 09:05:00+00:00,buy,385.95529999999997,385.8847,386.0258999999999,385.8847,2191.537527321142,-154.72254942877674,15317.5323934489,loss,-0.07059999999995625,5317.5323934489215
2026-01-12 09:30:00+00:00,2026-01-12 12:25:00+00:00,buy,386.0233,385.7457,386.3009,386.3009,551.7843081213447,153.175323934489,15470.70771738339,win,0.27760000000000673,5470.70771738341
2026-01-12 12:45:00+00:00,2026-01-12 13:35:00+00:00,buy,386.35229999999996,385.9737,386.7308999999999,386.7308999999999,408.62936390347267,154.7070771738339,15625.414794557224,win,0.378599999999949,5625.414794557244
2026-01-12 13:45:00+00:00,2026-01-12 13:50:00+00:00,buy,386.7733,386.4737,387.0729,387.0729,521.5425498850909,156.25414794557224,15781.668942502796,win,0.2995999999999981,5781.668942502816
2026-01-12 15:25:00+00:00,2026-01-13 09:00:00+00:00,buy,386.92629999999997,386.4807,387.3718999999999,387.3718999999999,354.1667177402232,157.81668942502796,15939.485631927824,win,0.44559999999995625,5939.485631927844
2026-01-13 11:10:00+00:00,2026-01-13 14:10:00+00:00,sell,385.98470000000003,386.40529999999995,385.5641000000001,386.40529999999995,378.97017669830655,-159.39485631927823,15780.090775608545,loss,0.42059999999992215,5780.090775608566
2026-01-13 15:25:00+00:00,2026-01-13 15:30:00+00:00,sell,386.3147,386.71529999999996,385.9141000000001,385.9141000000001,393.91140228684213,157.80090775608545,15937.89168336463,win,-0.40059999999994034,5937.891683364652
2026-01-13 16:05:00+00:00,2026-01-13 17:15:00+00:00,sell,385.8417,386.65529999999995,385.02810000000005,386.65529999999995,195.89345726850524,-159.37891683364631,15778.512766530985,loss,0.8135999999999513,5778.512766531006
2026-01-13 17:55:00+00:00,2026-01-14 09:15:00+00:00,sell,386.2447,386.6653,385.82410000000004,385.82410000000004,375.1429568837797,157.78512766530986,15936.297894196294,win,-0.420599999999979,5936.297894196316
2026-01-14 10:00:00+00:00,2026-01-14 10:25:00+00:00,sell,385.8047,386.0473,385.56210000000004,385.56210000000004,656.8960385077286,159.36297894196295,16095.660873138257,win,-0.24259999999998172,6095.6608731382785
2026-01-14 10:35:00+00:00,2026-01-14 10:55:00+00:00,sell,385.4857,385.90529999999995,385.06610000000006,385.06610000000006,383.59534969352563,160.95660873138257,16256.61748186964,win,-0.4195999999999458,6256.617481869661
2026-01-14 11:10:00+00:00,2026-01-14 12:35:00+00:00,sell,384.9907,385.6853,384.2961,385.6853,234.0428661369149,-162.5661748186964,16094.051307050944,loss,0.6945999999999799,6094.051307050964
2026-01-14 18:40:00+00:00,2026-01-14 19:30:00+00:00,buy,386.4833,386.29470000000003,386.67189999999994,386.67189999999994,853.3431233857425,160.94051307050944,16254.991820121453,win,0.18859999999995125,6254.991820121473
2026-01-14 23:05:00+00:00,2026-01-15 00:05:00+00:00,sell,385.6347,386.01529999999997,385.25410000000005,386.01529999999997,427.0885922260437,-162.54991820121452,16092.441901920238,loss,0.3805999999999585,6092.441901920259
2026-01-15 01:20:00+00:00,2026-01-15 02:55:00+00:00,sell,385.85470000000004,386.08529999999996,385.6241000000001,386.08529999999996,697.8509064148097,-160.9244190192024,15931.517482901036,loss,0.23059999999992442,5931.517482901057
2026-01-15 04:45:00+00:00,2026-01-15 05:00:00+00:00,sell,386.1447,386.32529999999997,385.96410000000003,385.96410000000003,882.1438251884658,159.31517482901037,16090.832657730047,win,-0.1805999999999699,6090.832657730067
2026-01-15 05:10:00+00:00,2026-01-15 08:35:00+00:00,sell,385.9447,386.3053,385.58410000000003,385.58410000000003,446.22386738022976,160.90832657730047,16251.740984307347,win,-0.3605999999999767,6251.740984307367
2026-01-15 08:45:00+00:00,2026-01-15 09:30:00+00:00,sell,385.5747,386.0453,385.1041,386.0453,345.34086239497833,-162.51740984307347,16089.223574464273,loss,0.47059999999999036,6089.223574464294
2026-01-15 10:45:00+00:00,2026-01-15 10:55:00+00:00,sell,385.8387,386.07529999999997,385.60210000000006,385.60210000000006,680.0179025556832,160.89223574464273,16250.115810208916,win,-0.23659999999995307,6250.115810208937
2026-01-15 11:40:00+00:00,2026-01-15 15:55:00+00:00,sell,385.59470000000005,385.9853,385.2041000000001,385.9853,416.0295906352028,-162.50115810208916,16087.614652106826,loss,0.39059999999994943,6087.614652106848
2026-01-15 16:55:00+00:00,2026-01-15 18:05:00+00:00,sell,385.6547,386.07529999999997,385.2341,385.2341,382.4920269164914,160.87614652106825,16248.490798627894,win,-0.420599999999979,6248.490798627916
2026-01-15 18:20:00+00:00,2026-01-16 10:30:00+00:00,sell,385.19570000000004,385.57529999999997,384.8161000000001,385.57529999999997,428.0424341051394,-162.48490798627896,16086.005890641614,loss,0.37959999999992533,6086.005890641637
2026-01-16 15:30:00+00:00,2026-01-16 16:50:00+00:00,sell,385.1467,385.3513,384.94210000000004,385.3513,786.2172967079135,-160.86005890641616,15925.145831735199,loss,0.2045999999999708,5925.145831735221
2026-01-16 17:55:00+00:00,2026-01-16 18:10:00+00:00,sell,385.14570000000003,385.3753,384.9161000000001,384.9161000000001,693.6039125321778,159.251458317352,16084.397290052551,win,-0.22959999999994807,6084.397290052573
2026-01-16 18:50:00+00:00,2026-01-19 00:00:00+00:00,sell,384.9037,385.4453,384.36210000000005,384.36210000000005,296.97927049582245,160.84397290052553,16245.241262953077,win,-0.5415999999999599,6245.241262953099
2026-01-19 05:35:00+00:00,2026-01-19 05:40:00+00:00,sell,384.97970000000004,385.0353,384.92410000000007,384.92410000000007,2921.8059825470996,162.45241262953078,16407.693675582606,win,-0.055599999999969896,6407.69367558263
2026-01-19 05:50:00+00:00,2026-01-19 07:25:00+00:00,sell,384.91970000000003,385.01529999999997,384.8241000000001,385.01529999999997,1716.2859493299181,-164.07693675582607,16243.61673882678,loss,0.09559999999993352,6243.616738826804
2026-01-19 09:15:00+00:00,2026-01-19 09:20:00+00:00,buy,385.5553,385.4547,385.6559,385.4547,1614.6736320903651,-162.43616738826782,16081.180571438512,loss,-0.10059999999998581,6081.180571438536
2026-01-19 09:35:00+00:00,2026-01-19 10:05:00+00:00,buy,385.6053,385.2087,386.0019,386.0019,405.4760608028089,160.81180571438512,16241.992377152897,win,0.3965999999999781,6241.992377152921
2026-01-19 10:15:00+00:00,2026-01-19 16:05:00+00:00,buy,386.0173,385.54470000000003,386.4898999999999,385.54470000000003,343.6731353608729,-162.41992377152897,16079.572453381368,loss,-0.47259999999994307,6079.572453381392
2026-01-19 17:10:00+00:00,2026-01-19 17:45:00+00:00,buy,385.4953,385.3007,385.68989999999997,385.3007,826.2884097319131,-160.79572453381368,15918.776728847555,loss,-0.1945999999999799,5918.776728847578
2026-01-20 08:20:00+00:00,2026-01-20 09:30:00+00:00,sell,385.25370000000004,385.4183,385.0891000000001,385.0891000000001,967.1188778160606,159.18776728847556,16077.96449613603,win,-0.16459999999995034,6077.964496136054
2026-01-20 10:05:00+00:00,2026-01-20 10:55:00+00:00,sell,385.0147,385.2913,384.73810000000003,385.2913,581.2713122247856,-160.7796449613603,15917.18485117467,loss,0.27659999999997353,5917.184851174693
2026-01-20 12:10:00+00:00,2026-01-20 12:45:00+00:00,buy,385.4493,385.16470000000004,385.73389999999995,385.73389999999995,559.2826722128318,159.1718485117467,16076.356699686417,win,0.2845999999999549,6076.356699686439
2026-01-20 12:55:00+00:00,2026-01-20 13:40:00+00:00,buy,385.74629999999996,385.4497,386.0428999999999,385.4497,542.0214666112217,-160.76356699686417,15915.593132689553,loss,-0.29659999999995534,5915.593132689575
2026-01-20 14:30:00+00:00,2026-01-20 16:15:00+00:00,buy,385.7853,385.3947,386.1759,385.3947,407.46526197361237,-159.15593132689554,15756.437201362658,loss,-0.3906000000000063,5756.43720136268
2026-01-20 17:55:00+00:00,2026-01-20 18:00:00+00:00,sell,385.1257,385.2423,385.0091,385.0091,1351.3239452282962,157.56437201362658,15914.001573376285,win,-0.11660000000000537,5914.001573376307
2026-01-20 18:20:00+00:00,2026-01-21 11:55:00+00:00,sell,384.8947,385.3153,384.4741,385.3153,378.3642789675958,-159.14001573376285,15754.861557642522,loss,0.420599999999979,5754.861557642544
2026-01-21 13:05:00+00:00,2026-01-21 15:00:00+00:00,buy,385.3753,385.1637,385.58689999999996,385.58689999999996,744.5586747468961,157.54861557642522,15912.410173218947,win,0.2115999999999758,5912.410173218969
2026-01-21 15:10:00+00:00,2026-01-21 15:30:00+00:00,buy,385.5983,385.43370000000004,385.76289999999995,385.43370000000004,966.7320882881985,-159.12410173218947,15753.286071486757,loss,-0.16459999999995034,5753.28607148678
2026-01-21 17:05:00+00:00,2026-01-21 17:45:00+00:00,sell,384.6017,385.0553,384.1481,384.1481,347.2946664789892,157.53286071486758,15910.818932201624,win,-0.45359999999999445,5910.818932201648
2026-01-21 21:20:00+00:00,2026-01-21 21:25:00+00:00,sell,384.6077,384.7253,384.49010000000004,384.49010000000004,1352.9607935547701,159.10818932201624,16069.92712152364,win,-0.11759999999998172,6069.927121523664
2026-01-21 21:55:00+00:00,2026-01-21 22:10:00+00:00,sell,384.2477,384.6873,383.8081,383.8081,365.55794179991375,160.6992712152364,16230.626392738877,win,-0.43959999999998445,6230.6263927389
2026-01-21 23:50:00+00:00,2026-01-21 23:55:00+00:00,sell,383.8217,384.0353,383.60810000000004,384.0353,759.8607861769659,-162.30626392738878,16068.320128811489,loss,0.21359999999998536,6068.3201288115115
2026-01-22 02:25:00+00:00,2026-01-22 06:00:00+00:00,sell,384.1727,384.3733,383.97210000000007,383.97210000000007,801.0129675381535,160.6832012881149,16229.003330099604,win,-0.2005999999999517,6229.0033300996265
2026-01-22 06:15:00+00:00,2026-01-22 08:45:00+00:00,sell,383.9647,384.1353,383.7941,384.1353,951.2897614362018,-162.29003330099604,16066.713296798607,loss,0.170599999999979,6066.713296798631
2026-01-22 09:30:00+00:00,2026-01-22 09:40:00+00:00,sell,384.0267,384.20029999999997,383.85310000000004,384.20029999999997,925.5019180185401,-160.66713296798608,15906.04616383062,loss,0.1735999999999649,5906.046163830645
2026-01-22 10:55:00+00:00,2026-01-22 11:00:00+00:00,sell,384.1447,384.4253,383.8641,383.8641,566.8583807495024,159.0604616383062,16065.106625468927,win,-0.28059999999999263,6065.106625468951
2026-01-22 11:10:00+00:00,2026-01-22 13:30:00+00:00,sell,383.6947,384.2853,383.1041,383.1041,272.0133190902314,160.65106625468928,16225.757691723617,win,-0.5905999999999949,6225.75769172364
2026-01-22 13:40:00+00:00,2026-01-22 14:35:00+00:00,sell,382.89070000000004,383.4453,382.3361000000001,382.3361000000001,292.5668534389735,162.25757691723618,16388.01526864085,win,-0.5545999999999367,6388.0152686408765
2026-01-22 15:30:00+00:00,2026-01-22 18:00:00+00:00,sell,382.29970000000003,382.9253,381.67410000000007,381.67410000000007,261.9567658030981,163.8801526864085,16551.89542132726,win,-0.6255999999999631,6551.895421327285
2026-01-22 18:10:00+00:00,2026-01-23 09:50:00+00:00,sell,381.6547,382.4153,380.8941,382.4153,217.61629531063664,-165.5189542132726,16386.376467113987,loss,0.7606000000000108,6386.376467114012
2026-01-23 18:00:00+00:00,2026-01-23 20:15:00+00:00,sell,381.7747,382.1363,381.4131,382.1363,453.163066015308,-163.86376467113988,16222.512702442848,loss,0.3616000000000099,6222.512702442872
2026-01-26 00:10:00+00:00,2026-01-26 00:15:00+00:00,sell,381.9347,382.4853,381.38410000000005,381.38410000000005,294.63335819912095,162.22512702442847,16384.737829467274,win,-0.5505999999999744,6384.737829467301
2026-01-26 02:40:00+00:00,2026-01-26 05:20:00+00:00,sell,381.5847,381.8453,381.3241,381.8453,628.7313058122254,-163.84737829467275,16220.890451172601,loss,0.2606000000000108,6220.890451172628
2026-01-26 07:45:00+00:00,2026-01-26 08:15:00+00:00,sell,381.79470000000003,381.8753,381.7141000000001,381.7141000000001,2012.5174257051162,162.20890451172602,16383.099355684328,win,-0.08059999999994716,6383.099355684354
2026-01-26 08:25:00+00:00,2026-01-26 08:35:00+00:00,sell,381.6997,381.8453,381.5541,381.5541,1125.2128678354488,163.83099355684328,16546.93034924117,win,-0.14560000000000173,6546.930349241197
2026-01-26 09:25:00+00:00,2026-01-26 09:45:00+00:00,sell,381.5027,381.8053,381.2001,381.8053,546.8251932994727,-165.4693034924117,16381.46104574876,loss,0.302599999999984,6381.461045748785
2026-01-26 11:05:00+00:00,2026-01-26 11:25:00+00:00,sell,381.6847,382.2263,381.14310000000006,382.2263,302.4641995153244,-163.8146104574876,16217.646435291272,loss,0.5415999999999599,6217.646435291297
2026-01-26 13:05:00+00:00,2026-01-26 16:30:00+00:00,sell,381.8147,382.3633,381.26610000000005,381.26610000000005,295.61878299840157,162.17646435291272,16379.822899644185,win,-0.5485999999999649,6379.82289964421
2026-01-26 16:40:00+00:00,2026-01-26 19:15:00+00:00,sell,381.18670000000003,381.6153,380.75810000000007,380.75810000000007,382.1703896324242,163.79822899644185,16543.621128640625,win,-0.42859999999996035,6543.621128640652
2026-01-26 22:05:00+00:00,2026-01-26 23:45:00+00:00,sell,381.6547,381.82529999999997,381.4841,381.4841,969.7316019134034,165.43621128640626,16709.057339927032,win,-0.170599999999979,6709.057339927059
2026-01-26 23:55:00+00:00,2026-01-27 00:00:00+00:00,sell,381.3987,381.6253,381.17210000000006,381.17210000000006,737.3811712237346,167.09057339927034,16876.147913326302,win,-0.22659999999996217,6876.147913326329
2026-01-27 04:05:00+00:00,2026-01-27 06:30:00+00:00,sell,381.35470000000004,381.52529999999996,381.1841000000001,381.52529999999996,989.2232071121924,-168.761479133263,16707.38643419304,loss,0.17059999999992215,6707.386434193067
2026-01-27 07:50:00+00:00,2026-01-27 08:05:00+00:00,sell,381.4227,381.5053,381.34010000000006,381.5053,2022.686008983268,-167.07386434193037,16540.312569851107,loss,0.08259999999995671,6540.312569851137
2026-01-27 08:35:00+00:00,2026-01-27 09:05:00+00:00,sell,381.4157,381.51329999999996,381.3181000000001,381.51329999999996,1694.7041567480283,-165.40312569851108,16374.909444152596,loss,0.09759999999994307,6374.909444152626
2026-01-27 10:05:00+00:00,2026-01-27 10:10:00+00:00,buy,382.33029999999997,382.0547,382.6058999999999,382.6058999999999,594.1549145194535,163.74909444152595,16538.65853859412,win,0.27559999999994034,6538.658538594152
2026-01-27 15:05:00+00:00,2026-01-27 16:20:00+00:00,sell,380.72470000000004,381.21529999999996,380.2341000000001,380.2341000000001,337.11085484298775,165.38658538594123,16704.045123980064,win,-0.4905999999999153,6704.045123980093
2026-01-27 16:30:00+00:00,2026-01-27 17:05:00+00:00,sell,380.18170000000003,381.0983,379.2651000000001,379.2651000000001,182.23920056710446,167.04045123980063,16871.085575219866,win,-0.9165999999999599,6871.085575219894
2026-01-27 17:15:00+00:00,2026-01-27 19:10:00+00:00,sell,379.15070000000003,379.97729999999996,378.3241000000001,379.97729999999996,204.1021724561013,-168.71085575219865,16702.37471946767,loss,0.8265999999999281,6702.374719467695
2026-01-27 21:30:00+00:00,2026-01-27 21:45:00+00:00,sell,379.80170000000004,379.89529999999996,379.7081000000001,379.89529999999996,1784.4417435343203,-167.0237471946767,16535.35097227299,loss,0.09359999999992397,6535.350972273019
2026-01-27 22:25:00+00:00,2026-01-27 22:45:00+00:00,sell,379.79970000000003,379.9253,379.67410000000007,379.67410000000007,1316.5088353724404,165.3535097227299,16700.70448199572,win,-0.12559999999996307,6700.704481995748
2026-01-27 22:55:00+00:00,2026-01-27 23:50:00+00:00,sell,379.5767,379.90529999999995,379.2481000000001,379.90529999999995,508.2381157029486,-167.0070448199572,16533.69743717576,loss,0.3285999999999376,6533.697437175791
2026-01-28 00:00:00+00:00,2026-01-28 02:50:00+00:00,sell,379.5527,379.95529999999997,379.15010000000007,379.95529999999997,410.6730610327327,-165.3369743717576,16368.360462804003,loss,0.4025999999999499,6368.360462804033
2026-01-28 04:35:00+00:00,2026-01-28 08:15:00+00:00,sell,379.9517,380.08529999999996,379.8181000000001,379.8181000000001,1225.1766813481147,163.68360462804003,16532.04406743204,win,-0.13359999999994443,6532.044067432073
2026-01-28 08:25:00+00:00,2026-01-28 09:05:00+00:00,sell,379.75370000000004,379.9153,379.5921000000001,379.5921000000001,1023.0225289254753,165.32044067432042,16697.364508106362,win,-0.16159999999996444,6697.364508106393
2026-01-28 09:15:00+00:00,2026-01-28 09:20:00+00:00,sell,379.4947,379.82529999999997,379.1641000000001,379.1641000000001,505.062447311223,166.97364508106364,16864.338153187426,win,-0.33059999999994716,6864.338153187457
2026-01-28 15:10:00+00:00,2026-01-28 15:15:00+00:00,buy,380.8853,380.5547,381.2158999999999,381.2158999999999,510.1130717843352,168.64338153187427,17032.9815347193,win,0.33059999999994716,7032.981534719331
2026-01-28 16:30:00+00:00,2026-01-28 17:05:00+00:00,buy,381.1373,380.9347,381.33989999999994,381.33989999999994,840.7197203713009,170.329815347193,17203.31135006649,win,0.20259999999996126,7203.311350066524
2026-01-28 18:20:00+00:00,2026-01-28 18:40:00+00:00,buy,380.6353,380.4287,380.84189999999995,380.84189999999995,832.6868998096867,172.0331135006649,17375.344463567155,win,0.20659999999998035,7375.3444635671885
2026-01-28 18:50:00+00:00,2026-01-28 20:10:00+00:00,buy,380.9303,380.5717,381.28889999999996,380.5717,484.5327513543989,-173.75344463567154,17201.59101893148,loss,-0.35859999999996717,7201.591018931517
2026-01-28 21:05:00+00:00,2026-01-28 22:40:00+00:00,buy,380.6593,380.3807,380.93789999999996,380.3807,617.42968481452,-172.01591018931484,17029.575108742167,loss,-0.2785999999999831,7029.575108742202
2026-01-28 23:05:00+00:00,2026-01-28 23:55:00+00:00,sell,379.9947,380.45529999999997,379.5341000000001,379.5341000000001,369.72590335962417,170.29575108742168,17199.87085982959,win,-0.4605999999999426,7199.870859829624
2026-01-29 02:00:00+00:00,2026-01-29 02:05:00+00:00,sell,379.6847,380.1353,379.23410000000007,379.23410000000007,381.7104052337202,171.9987085982959,17371.869568427886,win,-0.4505999999999517,7371.86956842792
2026-01-29 04:55:00+00:00,2026-01-29 07:00:00+00:00,sell,380.24670000000003,380.45529999999997,380.0381000000001,380.0381000000001,832.7837760514602,173.71869568427886,17545.588264112164,win,-0.20859999999993306,7545.588264112199
2026-01-29 07:20:00+00:00,2026-01-29 08:20:00+00:00,sell,379.90270000000004,380.20329999999996,379.6021000000001,379.6021000000001,583.685570995242,175.45588264112163,17721.044146753287,win,-0.3005999999999176,7721.04414675332
2026-01-29 11:05:00+00:00,2026-01-29 11:15:00+00:00,buy,380.77529999999996,380.2817,381.2688999999999,381.2688999999999,359.0162914658589,177.2104414675329,17898.25458822082,win,0.4935999999999581,7898.254588220853
2026-01-29 11:25:00+00:00,2026-01-29 16:20:00+00:00,buy,381.4683,380.52070000000003,382.41589999999997,380.52070000000003,188.8798500234431,-178.98254588220823,17719.272042338613,loss,-0.9475999999999658,7719.272042338645
2026-01-29 16:45:00+00:00,2026-01-29 16:50:00+00:00,buy,380.83529999999996,380.43170000000003,381.2388999999999,381.2388999999999,439.03052632165145,177.19272042338613,17896.464762762,win,0.40359999999992624,7896.464762762032
2026-01-29 17:05:00+00:00,2026-01-29 22:20:00+00:00,buy,381.3553,380.34970000000004,382.36089999999996,380.34970000000004,177.96802667822928,-178.96464762762,17717.50011513438,loss,-1.0055999999999585,7717.500115134411
2026-01-30 06:25:00+00:00,2026-01-30 08:15:00+00:00,buy,380.8653,380.55670000000003,381.17389999999995,381.17389999999995,574.125084741961,177.1750011513438,17894.67511628572,win,0.3085999999999558,7894.675116285755
2026-01-30 08:25:00+00:00,2026-01-30 08:30:00+00:00,buy,381.2213,381.0427,381.39989999999995,381.0427,1001.9414958728833,-178.94675116285723,17715.728365122864,loss,-0.17859999999996035,7715.728365122898
2026-01-30 08:55:00+00:00,2026-01-30 09:15:00+00:00,buy,381.30629999999996,380.6547,381.95789999999994,381.95789999999994,271.8804230375013,177.15728365122865,17892.885648774092,win,0.6515999999999735,7892.885648774127
2026-01-30 11:25:00+00:00,2026-01-30 13:10:00+00:00,buy,381.4353,380.7547,382.11589999999995,380.7547,262.898701862693,-178.92885648774092,17713.95679228635,loss,-0.6805999999999699,7713.956792286386
2026-01-30 15:20:00+00:00,2026-01-30 15:25:00+00:00,buy,380.82529999999997,380.6147,381.0358999999999,381.0358999999999,841.1185561391823,177.1395679228635,17891.096360209212,win,0.2105999999999426,7891.09636020925
2026-01-30 15:35:00+00:00,2026-02-02 00:00:00+00:00,buy,381.0553,380.4177,381.69289999999995,380.4177,280.60063300204257,-178.9109636020921,17712.18539660712,loss,-0.6375999999999635,7712.185396607158
2026-02-02 01:10:00+00:00,2026-02-02 02:00:00+00:00,sell,380.1447,380.51329999999996,379.77610000000004,380.51329999999996,480.5259196041546,-177.12185396607123,17535.06354264105,loss,0.3685999999999581,7535.063542641086
2026-02-02 04:05:00+00:00,2026-02-02 04:10:00+00:00,buy,381.2853,381.1347,381.4359,381.4359,1164.3468487809682,175.35063542641052,17710.41417806746,win,0.15059999999999718,7710.414178067497
2026-02-02 04:40:00+00:00,2026-02-02 08:15:00+00:00,buy,381.4853,381.1447,381.8259,381.8259,519.9769283049832,177.1041417806746,17887.518319848135,win,0.3405999999999949,7887.518319848172
2026-02-02 08:25:00+00:00,2026-02-02 09:00:00+00:00,buy,381.8463,381.6247,382.06789999999995,382.06789999999995,807.1984801376725,178.87518319848135,18066.393503046616,win,0.2215999999999667,8066.393503046653
2026-02-02 14:10:00+00:00,2026-02-02 14:20:00+00:00,sell,380.79470000000003,380.9853,380.6041000000001,380.9853,947.8695437067331,-180.66393503046618,17885.72956801615,loss,0.1905999999999608,7885.729568016187
2026-02-02 15:45:00+00:00,2026-02-02 16:15:00+00:00,sell,380.8637,381.14529999999996,380.5821,381.14529999999996,635.1466465915526,-178.8572956801615,17706.87227233599,loss,0.281599999999969,7706.872272336025
2026-02-02 19:05:00+00:00,2026-02-02 19:10:00+00:00,sell,380.9357,381.08529999999996,380.78610000000003,380.78610000000003,1183.6144567072363,177.0687227233599,17883.94099505935,win,-0.14959999999996398,7883.940995059385
2026-02-02 19:35:00+00:00,2026-02-03 01:30:00+00:00,sell,380.66470000000004,381.0433,380.2861000000001,380.2861000000001,472.3703379572573,178.8394099505935,18062.780405009944,win,-0.378599999999949,8062.7804050099785
2026-02-03 02:45:00+00:00,2026-02-03 04:10:00+00:00,sell,380.6637,380.82529999999997,380.50210000000004,380.82529999999997,1117.7463121914554,-180.62780405009946,17882.152600959846,loss,0.16159999999996444,7882.152600959879
2026-02-03 04:45:00+00:00,2026-02-03 05:55:00+00:00,sell,380.6907,380.8753,380.5061,380.8753,968.6973239957158,-178.82152600959847,17703.33107495025,loss,0.184599999999989,7703.331074950281
2026-02-03 06:35:00+00:00,2026-02-03 08:55:00+00:00,sell,380.7157,380.90529999999995,380.5261000000001,380.5261000000001,933.7199934049056,177.0333107495025,17880.36438569975,win,-0.1895999999999276,7880.364385699783
2026-02-03 09:05:00+00:00,2026-02-03 09:40:00+00:00,sell,380.42470000000003,380.6783,380.1711000000001,380.1711000000001,705.0616871334129,178.80364385699752,18059.16802955675,win,-0.253599999999949,8059.168029556781
2026-02-03 10:00:00+00:00,2026-02-03 10:25:00+00:00,sell,380.09470000000005,380.4453,379.7441000000001,380.4453,515.0932124803311,-180.5916802955675,17878.57634926118,loss,0.35059999999992897,7878.576349261214
2026-02-03 12:10:00+00:00,2026-02-03 13:15:00+00:00,sell,380.3047,380.6253,379.98410000000007,380.6253,557.6598986046045,-178.78576349261178,17699.79058576857,loss,0.32059999999995625,7699.790585768602
2026-02-03 14:00:00+00:00,2026-02-03 15:50:00+00:00,sell,380.4067,380.64529999999996,380.16810000000004,380.64529999999996,741.8185492779272,-176.9979058576857,17522.792679910883,loss,0.23859999999996262,7522.792679910916
2026-02-03 16:30:00+00:00,2026-02-03 17:00:00+00:00,sell,380.38570000000004,380.76529999999997,380.0061000000001,380.76529999999997,461.6120305562258,-175.22792679910884,17347.564753111776,loss,0.37959999999992533,7347.5647531118075
2026-02-03 17:10:00+00:00,2026-02-03 17:25:00+00:00,sell,380.5187,380.8653,380.17210000000006,380.17210000000006,500.50677302693146,173.47564753111777,17521.040400642894,win,-0.3465999999999667,7521.040400642925
2026-02-03 17:35:00+00:00,2026-02-03 22:20:00+00:00,sell,380.0667,380.8453,379.28810000000004,380.8453,225.03262780173742,-175.21040400642894,17345.829996636465,loss,0.7785999999999831,7345.829996636497
2026-02-04 03:45:00+00:00,2026-02-04 08:55:00+00:00,buy,380.8053,380.4297,381.18089999999995,380.4297,461.81656008088845,-173.45829996636465,17172.3716966701,loss,-0.3755999999999631,7172.371696670132
2026-02-04 09:05:00+00:00,2026-02-04 09:40:00+00:00,buy,380.70529999999997,380.4047,381.00589999999994,381.00589999999994,571.2698501886747,171.723716966701,17344.095413636802,win,0.30059999999997444,7344.095413636834
2026-02-04 09:50:00+00:00,2026-02-04 10:05:00+00:00,buy,381.0173,380.65270000000004,381.3818999999999,380.65270000000004,475.702013539213,-173.44095413636802,17170.654459500434,loss,-0.364599999999939,7170.654459500465
2026-02-04 12:30:00+00:00,2026-02-04 14:10:00+00:00,buy,380.81829999999997,380.48470000000003,381.1518999999999,380.48470000000003,514.7078674911235,-171.70654459500435,16998.94791490543,loss,-0.33359999999993306,6998.9479149054605
2026-02-04 14:20:00+00:00,2026-02-04 15:10:00+00:00,sell,380.4307,380.6953,380.16610000000003,380.16610000000003,642.4394525664082,169.98947914905432,17168.937394054487,win,-0.2645999999999731,7168.937394054515
2026-02-04 15:20:00+00:00,2026-02-04 17:10:00+00:00,sell,380.1347,380.51529999999997,379.75410000000005,379.75410000000005,451.10187582912135,171.68937394054487,17340.626767995032,win,-0.3805999999999585,7340.62676799506
2026-02-04 17:35:00+00:00,2026-02-05 16:35:00+00:00,sell,379.48470000000003,380.07529999999997,378.8941000000001,378.8941000000001,293.6103414831841,173.40626767995033,17514.033035674984,win,-0.5905999999999381,7514.03303567501
2026-02-05 16:45:00+00:00,2026-02-05 17:00:00+00:00,sell,378.78770000000003,379.3793,378.19610000000006,378.19610000000006,296.04518315882075,175.14033035674984,17689.173366031733,win,-0.5915999999999713,7689.1733660317595
2026-02-05 21:00:00+00:00,2026-02-05 21:05:00+00:00,sell,379.12870000000004,379.1663,379.0911000000001,379.0911000000001,4704.567384590316,176.89173366031733,17866.065099692052,win,-0.03759999999994079,7866.065099692077
2026-02-05 21:15:00+00:00,2026-02-05 21:55:00+00:00,sell,379.0897,379.1753,379.0041,379.1753,2087.1571378145054,-178.66065099692054,17687.40444869513,loss,0.08559999999999945,7687.404448695156
2026-02-05 23:55:00+00:00,2026-02-06 00:00:00+00:00,sell,379.2797,379.65529999999995,378.9041,378.9041,470.91066157339907,176.8740444869513,17864.278493182082,win,-0.3755999999999631,7864.278493182107
2026-02-06 03:05:00+00:00,2026-02-06 03:20:00+00:00,buy,380.20529999999997,380.1547,380.25589999999994,380.25589999999994,3530.4898207887563,178.64278493182084,18042.921278113903,win,0.05059999999997444,8042.921278113928
2026-02-06 07:55:00+00:00,2026-02-06 08:00:00+00:00,buy,380.20529999999997,380.13370000000003,380.2768999999999,380.13370000000003,2519.9610723646488,-180.42921278113903,17862.492065332764,loss,-0.0715999999999326,7862.492065332789
2026-02-06 11:05:00+00:00,2026-02-06 11:35:00+00:00,sell,378.98170000000005,379.5453,378.4181000000001,378.4181000000001,316.9356292642709,178.62492065332765,18041.116985986093,win,-0.5635999999999513,8041.116985986117
2026-02-06 11:50:00+00:00,2026-02-06 13:35:00+00:00,sell,378.3947,378.9153,377.8741,377.8741,346.5446981557056,180.41116985986093,18221.528155845954,win,-0.5206000000000017,8221.528155845977
2026-02-06 13:55:00+00:00,2026-02-09 00:00:00+00:00,sell,377.5647,378.1753,376.95410000000004,376.95410000000004,298.4200484088871,182.2152815584595,18403.743437404413,win,-0.6105999999999767,8403.743437404437
2026-02-09 02:30:00+00:00,2026-02-09 02:35:00+00:00,sell,377.3627,377.40529999999995,377.3201000000001,377.40529999999995,4320.12756747229,-184.03743437404412,18219.70600303037,loss,0.042599999999936244,8219.706003030393
2026-02-09 05:10:00+00:00,2026-02-09 05:35:00+00:00,sell,377.72470000000004,377.82829999999996,377.6211000000001,377.6211000000001,1758.6588806028321,182.1970600303037,18401.903063060672,win,-0.10359999999991487,8401.903063060696
2026-02-09 05:45:00+00:00,2026-02-09 09:00:00+00:00,sell,377.60470000000004,377.7553,377.4541000000001,377.7553,1221.9059138823347,-184.01903063060672,18217.884032430065,loss,0.15059999999994034,8217.884032430089
2026-02-09 10:00:00+00:00,2026-02-09 10:35:00+00:00,sell,377.58270000000005,377.9403,377.2251000000001,377.2251000000001,509.4486586250959,182.17884032430067,18400.062872754366,win,-0.35759999999993397,8400.06287275439
2026-02-09 10:45:00+00:00,2026-02-09 10:50:00+00:00,sell,377.1947,377.3653,377.02410000000003,377.02410000000003,1078.5499925414204,184.00062872754364,18584.06350148191,win,-0.170599999999979,8584.063501481933
2026-02-09 11:00:00+00:00,2026-02-09 12:10:00+00:00,sell,377.0147,377.32529999999997,376.70410000000004,377.32529999999997,598.3278654695423,-185.8406350148191,18398.22286646709,loss,0.31059999999996535,8398.222866467113
2026-02-09 13:35:00+00:00,2026-02-09 15:25:00+00:00,sell,377.0647,377.4353,376.69410000000005,376.69410000000005,496.4442219770291,183.9822286646709,18582.20509513176,win,-0.3705999999999676,8582.205095131783
2026-02-09 15:35:00+00:00,2026-02-09 19:05:00+00:00,sell,376.6797,377.01529999999997,376.3441000000001,376.3441000000001,553.7009861482401,185.8220509513176,18768.02714608308,win,-0.3355999999999426,8768.0271460831
2026-02-09 21:40:00+00:00,2026-02-10 04:15:00+00:00,sell,376.4857,376.6533,376.3181,376.6533,1119.8106889071514,-187.68027146083082,18580.34687462225,loss,0.1675999999999931,8580.34687462227
2026-02-10 04:50:00+00:00,2026-02-10 05:10:00+00:00,sell,376.6027,376.65529999999995,376.5501000000001,376.65529999999995,3532.385337385548,-185.8034687462225,18394.543405876026,loss,0.05259999999992715,8394.543405876047
2026-02-10 08:35:00+00:00,2026-02-10 09:00:00+00:00,sell,376.65970000000004,376.7593,376.5601000000001,376.7593,1846.8417074181505,-183.94543405876027,18210.597971817264,loss,0.09959999999995262,8210.597971817288
2026-02-10 12:05:00+00:00,2026-02-10 12:10:00+00:00,buy,377.23929999999996,377.0607,377.4178999999999,377.4178999999999,1019.6303455667025,182.10597971817265,18392.703951535437,win,0.17859999999996035,8392.70395153546
2026-02-10 12:20:00+00:00,2026-02-10 14:45:00+00:00,buy,377.45529999999997,377.1547,377.75589999999994,377.75589999999994,611.86639892006,183.92703951535438,18576.63099105079,win,0.30059999999997444,8576.630991050815
2026-02-10 14:55:00+00:00,2026-02-10 15:00:00+00:00,buy,377.77529999999996,377.5627,377.9878999999999,377.9878999999999,873.7832074814191,185.7663099105079,18762.3973009613,win,0.21259999999995216,8762.397300961324
2026-02-10 16:45:00+00:00,2026-02-10 17:10:00+00:00,buy,377.7953,377.49870000000004,378.09189999999995,378.09189999999995,632.5825118329104,187.623973009613,18950.021273970913,win,0.29659999999995534,8950.021273970937
2026-02-10 17:20:00+00:00,2026-02-10 17:35:00+00:00,buy,378.10429999999997,377.6797,378.5288999999999,378.5288999999999,446.3029032965976,189.50021273970913,19139.521486710622,win,0.42459999999994125,9139.521486710646
2026-02-10 22:10:00+00:00,2026-02-10 23:00:00+00:00,buy,377.9973,377.9347,378.05989999999997,377.9347,3057.431547399089,-191.39521486710623,18948.126271843517,loss,-0.0625999999999749,8948.12627184354
2026-02-10 23:30:00+00:00,2026-02-10 23:55:00+00:00,buy,378.0353,377.9227,378.1479,377.9227,1682.7820845333774,-189.48126271843518,18758.64500912508,loss,-0.11259999999998627,8758.645009125104
2026-02-11 02:00:00+00:00,2026-02-11 07:30:00+00:00,buy,377.9153,377.7047,378.1259,377.7047,890.7238845738428,-187.5864500912508,18571.05855903383,loss,-0.21059999999999945,8571.058559033854
2026-02-11 08:10:00+00:00,2026-02-11 08:15:00+00:00,buy,377.52529999999996,377.3947,377.6558999999999,377.3947,1421.9799815497495,-185.7105855903383,18385.34797344349,loss,-0.13059999999995853,8385.347973443515
2026-02-11 08:30:00+00:00,2026-02-11 08:35:00+00:00,buy,377.56129999999996,377.34470000000005,377.7778999999999,377.7778999999999,848.8156959118539,183.85347973443493,18569.201453177928,win,0.21659999999991442,8569.20145317795
2026-02-11 08:55:00+00:00,2026-02-11 11:05:00+00:00,buy,377.8263,377.34470000000005,378.30789999999996,378.30789999999996,385.5731198749909,185.69201453177928,18754.893467709706,win,0.4815999999999576,8754.89346770973
2026-02-11 12:00:00+00:00,2026-02-11 14:15:00+00:00,buy,378.3603,377.6947,379.0259,379.0259,281.774240800934,187.54893467709704,18942.4424023868,win,0.6655999999999835,8942.442402386827
2026-02-11 14:25:00+00:00,2026-02-11 14:30:00+00:00,buy,379.0453,378.8247,379.2659,379.2659,858.6782594010712,189.42442402386803,19131.86682641067,win,0.22059999999999036,9131.866826410695
2026-02-11 16:40:00+00:00,2026-02-12 09:30:00+00:00,buy,379.14529999999996,378.33570000000003,379.9548999999999,379.9548999999999,236.31258431833345,191.31866826410672,19323.185494674777,win,0.8095999999999322,9323.1854946748
2026-02-12 09:50:00+00:00,2026-02-12 11:35:00+00:00,buy,380.14029999999997,379.23670000000004,381.0438999999999,381.0438999999999,213.84667435454134,193.23185494674777,19516.417349621526,win,0.9035999999999262,9516.417349621548
2026-02-12 13:05:00+00:00,2026-02-12 13:35:00+00:00,buy,380.32529999999997,379.66470000000004,380.9858999999999,379.66470000000004,295.4347161614223,-195.16417349621523,19321.253176125312,loss,-0.6605999999999312,9321.253176125332
2026-02-12 14:35:00+00:00,2026-02-12 15:35:00+00:00,buy,379.8853,379.34470000000005,380.4258999999999,379.34470000000005,357.40386933274016,-193.21253176125313,19128.04064436406,loss,-0.5405999999999267,9128.040644364079
2026-02-12 20:25:00+00:00,2026-02-12 23:55:00+00:00,sell,378.82570000000004,379.0353,378.6161000000001,378.6161000000001,912.5973589869818,191.2804064436406,19319.321050807703,win,-0.20959999999996626,9319.321050807719
2026-02-13 03:30:00+00:00,2026-02-13 08:35:00+00:00,sell,378.8827,378.96529999999996,378.80010000000004,378.80010000000004,2338.900853609907,193.19321050807704,19512.51426131578,win,-0.08259999999995671,9512.514261315797
2026-02-13 08:45:00+00:00,2026-02-13 08:55:00+00:00,sell,378.7927,378.9353,378.65010000000007,378.65010000000007,1368.3390085078115,195.1251426131578,19707.639403928937,win,-0.14259999999995898,9707.639403928955
2026-02-13 09:20:00+00:00,2026-02-13 10:00:00+00:00,sell,378.5357,378.9253,378.14610000000005,378.14610000000005,505.84290051155796,197.07639403928937,19904.715797968227,win,-0.3895999999999731,9904.715797968245
2026-02-13 10:10:00+00:00,2026-02-13 12:35:00+00:00,sell,377.9647,378.77529999999996,377.1541,378.77529999999996,245.5553392298184,-199.04715797968228,19705.668639988544,loss,0.8105999999999653,9705.668639988562
2026-02-13 15:25:00+00:00,2026-02-13 15:30:00+00:00,sell,378.8247,379.02529999999996,378.62410000000006,378.62410000000006,982.3364227314701,197.05668639988545,19902.72532638843,win,-0.2005999999999517,9902.725326388447
2026-02-13 16:10:00+00:00,2026-02-13 16:50:00+00:00,sell,378.4547,379.0553,377.8541,379.0553,331.3807080650833,-199.02725326388432,19703.698073124546,loss,0.6005999999999858,9703.698073124562
2026-02-13 18:05:00+00:00,2026-02-13 23:40:00+00:00,buy,379.1753,378.7387,379.6119,378.7387,451.2986274192536,-197.03698073124545,19506.6610923933,loss,-0.43659999999999854,9506.661092393317
2026-02-16 00:10:00+00:00,2026-02-16 09:35:00+00:00,sell,378.2797,379.07529999999997,377.4841,377.4841,245.18176335336622,195.066610923933,19701.727703317232,win,-0.795599999999979,9701.72770331725
2026-02-16 10:10:00+00:00,2026-02-17 14:35:00+00:00,sell,377.3147,378.1753,376.45410000000004,378.1753,228.93013831417343,-197.01727703317232,19504.71042628406,loss,0.8605999999999767,9504.710426284078
2026-02-17 14:55:00+00:00,2026-02-17 20:25:00+00:00,buy,378.20529999999997,377.6447,378.76589999999993,377.6447,347.9256230161481,-195.04710426284058,19309.663322021217,loss,-0.5605999999999653,9309.663322021237
2026-02-18 00:05:00+00:00,2026-02-18 02:00:00+00:00,sell,377.4947,377.7263,377.26310000000007,377.7263,833.7505752169582,-193.09663322021217,19116.566688801006,loss,0.23159999999995762,9116.566688801026
2026-02-18 04:15:00+00:00,2026-02-18 04:40:00+00:00,buy,377.8513,377.8157,377.88689999999997,377.8157,5369.822103597586,-191.16566688801007,18925.401021912996,loss,-0.035599999999988086,8925.401021913016
2026-02-18 05:55:00+00:00,2026-02-18 08:25:00+00:00,buy,377.8453,377.79470000000003,377.8959,377.79470000000003,3740.197830419477,-189.25401021912995,18736.147011693865,loss,-0.05059999999997444,8736.147011693885
2026-02-18 10:30:00+00:00,2026-02-18 13:20:00+00:00,sell,377.4447,377.8053,377.08410000000003,377.8053,519.5825571740176,-187.36147011693862,18548.785541576926,loss,0.3605999999999767,8548.785541576946
2026-02-18 14:25:00+00:00,2026-02-18 14:35:00+00:00,buy,378.1003,377.8937,378.3069,378.3069,897.8114976562774,185.48785541576927,18734.273396992696,win,0.20659999999998035,8734.273396992716
2026-02-18 16:25:00+00:00,2026-02-18 17:00:00+00:00,buy,378.1853,377.92470000000003,378.44589999999994,377.92470000000003,718.8899998847278,-187.34273396992697,18546.93066302277,loss,-0.260599999999954,8546.93066302279
2026-02-18 20:05:00+00:00,2026-02-18 21:40:00+00:00,buy,377.95529999999997,377.4977,378.4128999999999,378.4128999999999,405.30879945420725,185.4693066302277,18732.399969652997,win,0.4575999999999567,8732.399969653017
2026-02-18 22:25:00+00:00,2026-02-19 09:55:00+00:00,buy,378.65529999999995,377.98470000000003,379.3258999999999,377.98470000000003,279.33790590001746,-187.32399969652997,18545.075969956466,loss,-0.6705999999999221,8545.075969956488
2026-02-19 11:15:00+00:00,2026-02-19 11:25:00+00:00,buy,378.5353,378.10470000000004,378.9659,378.9659,430.6798878299527,185.45075969956466,18730.52672965603,win,0.4305999999999699,8730.526729656052
2026-02-19 11:35:00+00:00,2026-02-20 18:25:00+00:00,buy,379.1193,378.3247,379.9139,379.9139,235.72271242959943,187.30526729656032,18917.83199695259,win,0.7946000000000026,8917.831996952613
2026-02-20 18:35:00+00:00,2026-02-20 18:45:00+00:00,buy,380.0213,379.6137,380.4289,380.4289,464.1273797093349,189.17831996952592,19107.01031692212,win,0.4076000000000022,9107.010316922138
2026-02-20 19:05:00+00:00,2026-02-20 20:40:00+00:00,buy,380.56629999999996,379.78470000000004,381.34789999999987,379.78470000000004,244.46021388081203,-191.0701031692212,18915.940213752896,loss,-0.7815999999999121,8915.940213752918
2026-02-20 22:40:00+00:00,2026-02-20 23:15:00+00:00,buy,379.8153,379.66470000000004,379.9658999999999,379.66470000000004,1256.0385268101188,-189.15940213752896,18726.78081161537,loss,-0.15059999999994034,8726.780811615388
2026-02-20 23:25:00+00:00,2026-02-20 23:50:00+00:00,buy,380.3333,379.2807,381.3859,379.2807,177.9097550029988,-187.26780811615367,18539.513003499214,loss,-1.052599999999984,8539.513003499234
2026-02-23 02:10:00+00:00,2026-02-23 09:30:00+00:00,buy,379.71529999999996,379.03470000000004,380.39589999999987,380.39589999999987,272.39954457099003,185.39513003499212,18724.908133534205,win,0.680599999999913,8724.908133534227
2026-02-23 18:15:00+00:00,2026-02-24 00:05:00+00:00,sell,379.34470000000005,379.7253,378.9641000000001,378.9641000000001,491.98392363468855,187.24908133534205,18912.15721486955,win,-0.3805999999999585,8912.157214869569
2026-02-24 00:15:00+00:00,2026-02-24 09:10:00+00:00,sell,378.9547,379.3453,378.5641,379.3453,484.1822123622439,-189.1215721486955,18723.035642720854,loss,0.3906000000000063,8723.035642720874
2026-02-24 11:05:00+00:00,2026-02-24 11:20:00+00:00,sell,379.2147,379.5553,378.8741,378.8741,549.7074469383774,187.23035642720853,18910.26599914806,win,-0.3405999999999949,8910.265999148081
2026-02-24 11:40:00+00:00,2026-02-24 14:25:00+00:00,sell,378.8407,379.3213,378.36010000000005,379.3213,393.47203493859337,-189.1026599914806,18721.16333915658,loss,0.48059999999998126,8721.163339156601
2026-02-24 14:55:00+00:00,2026-02-24 17:25:00+00:00,sell,378.9547,379.4753,378.4341,378.4341,359.6074402450349,187.2116333915658,18908.374972548147,win,-0.5206000000000017,8908.374972548167
2026-02-24 17:35:00+00:00,2026-02-25 08:20:00+00:00,sell,378.2287,378.9853,377.4721,377.4721,249.9124368563092,189.08374972548148,19097.458722273626,win,-0.7565999999999917,9097.458722273648
2026-02-25 08:30:00+00:00,2026-02-25 12:00:00+00:00,sell,377.28470000000004,378.3483,376.2211000000001,376.2211000000001,179.55489584688323,190.97458722273626,19288.433309496362,win,-1.0635999999999513,9288.433309496384
2026-02-25 12:35:00+00:00,2026-02-25 13:10:00+00:00,sell,376.2097,376.76529999999997,375.6541,375.6541,347.16402644883743,192.88433309496364,19481.317642591326,win,-0.5555999999999699,9481.317642591348
2026-02-25 13:45:00+00:00,2026-02-25 14:10:00+00:00,sell,375.47470000000004,376.0003,374.9491000000001,376.0003,370.6491180097705,-194.81317642591327,19286.504466165414,loss,0.5255999999999403,9286.504466165436
2026-02-25 14:50:00+00:00,2026-02-25 15:35:00+00:00,sell,375.6267,376.1153,375.13810000000007,376.1153,394.72993176764,-192.86504466165414,19093.639421503758,loss,0.4885999999999626,9093.639421503782
2026-02-25 16:50:00+00:00,2026-02-25 17:20:00+00:00,sell,375.8247,376.2253,375.4241,376.2253,476.6260464678955,-190.93639421503758,18902.70302728872,loss,0.4005999999999972,8902.703027288744
2026-02-25 17:55:00+00:00,2026-02-25 18:20:00+00:00,sell,375.7167,376.2963,375.13710000000003,375.13710000000003,326.13359260334147,189.0270302728872,19091.730057561606,win,-0.5795999999999708,9091.730057561632
2026-02-25 18:30:00+00:00,2026-02-26 01:55:00+00:00,sell,375.06370000000004,375.7853,374.3421000000001,374.3421000000001,264.57497308152006,190.91730057561605,19282.647358137223,win,-0.7215999999999667,9282.647358137248
2026-02-26 06:50:00+00:00,2026-02-26 09:00:00+00:00,sell,374.84470000000005,375.0453,374.6441000000001,375.0453,961.2486220409703,-192.82647358137223,19089.82088455585,loss,0.2005999999999517,9089.820884555877
2026-02-26 10:15:00+00:00,2026-02-26 15:55:00+00:00,sell,375.0847,375.4353,374.7341,375.4353,544.490042343315,-190.89820884555854,18898.92267571029,loss,0.3505999999999858,8898.922675710319
2026-02-26 20:15:00+00:00,2026-02-26 20:20:00+00:00,buy,376.1873,375.9887,376.3859,376.3859,951.6073854839068,188.98922675710293,19087.911902467393,win,0.198599999999999,9087.911902467422
2026-02-26 20:30:00+00:00,2026-02-26 20:35:00+00:00,buy,376.4473,376.0917,376.80289999999997,376.0917,536.7804247038358,-190.87911902467397,18897.03278344272,loss,-0.35559999999998126,8897.032783442748
2026-02-26 22:25:00+00:00,2026-02-26 22:45:00+00:00,buy,375.76529999999997,375.6967,375.8338999999999,375.8338999999999,2754.6695019617205,188.97032783442722,19086.003111277147,win,0.0685999999999467,9086.003111277176
2026-02-27 00:05:00+00:00,2026-02-27 01:00:00+00:00,buy,375.7253,375.3747,376.0759,375.3747,544.3811497797467,-190.86003111277148,18895.143080164376,loss,-0.3505999999999858,8895.143080164404
2026-02-27 05:05:00+00:00,2026-02-27 08:10:00+00:00,sell,375.2857,375.45529999999997,375.1161000000001,375.1161000000001,1114.1004174628783,188.95143080164377,19084.09451096602,win,-0.1695999999999458,9084.094510966048
2026-02-27 12:10:00+00:00,2026-02-27 12:55:00+00:00,sell,375.5357,375.78029999999995,375.2911000000001,375.2911000000001,780.2164558859827,190.8409451096602,19274.93545607568,win,-0.24459999999993443,9274.935456075707
2026-02-27 14:05:00+00:00,2026-02-27 14:35:00+00:00,buy,375.6583,375.3847,375.9319,375.9319,704.4932549735582,192.7493545607568,19467.684810636438,win,0.27359999999998763,9467.684810636465
2026-02-27 14:45:00+00:00,2026-02-27 14:55:00+00:00,buy,375.9453,375.5867,376.30389999999994,376.30389999999994,542.8802233864535,194.67684810636442,19662.3616587428,win,0.35859999999996717,9662.36165874283
2026-02-27 15:05:00+00:00,2026-03-02 00:00:00+00:00,buy,376.5503,375.5867,377.5139,377.5139,204.05107574453197,196.62361658742802,19858.98527533023,win,0.9635999999999854,9858.985275330258
2026-03-02 01:35:00+00:00,2026-03-02 06:25:00+00:00,buy,378.3143,377.61870000000005,379.00989999999996,377.61870000000005,285.49432540729555,-198.5898527533023,19660.395422576927,loss,-0.6955999999999563,9660.395422576956
2026-03-02 06:35:00+00:00,2026-03-02 06:40:00+00:00,buy,377.71529999999996,377.6147,377.8158999999999,377.8158999999999,1954.313660297297,196.60395422576926,19856.999376802694,win,0.10059999999992897,9856.999376802725
2026-03-02 07:00:00+00:00,2026-03-02 07:50:00+00:00,buy,377.8853,377.60470000000004,378.1658999999999,378.1658999999999,707.6621303209993,198.56999376802696,20055.56937057072,win,0.2805999999999358,10055.569370570753
2026-03-02 08:25:00+00:00,2026-03-02 08:30:00+00:00,buy,378.2853,377.7917,378.7789,378.7789,406.3121833583897,200.5556937057072,20256.125064276428,win,0.4936000000000149,10256.12506427646
2026-03-02 08:40:00+00:00,2026-03-02 09:05:00+00:00,buy,378.8443,377.6547,380.03389999999996,380.03389999999996,170.2767742457691,202.56125064276426,20458.686314919192,win,1.1895999999999844,10458.686314919225
2026-03-02 09:15:00+00:00,2026-03-02 10:45:00+00:00,buy,380.22929999999997,379.0187,381.4398999999999,379.0187,168.99625239484686,-204.5868631491919,20254.099451770002,loss,-1.2105999999999426,10254.099451770033
2026-03-02 13:25:00+00:00,2026-03-02 14:00:00+00:00,buy,378.82529999999997,378.47470000000004,379.1758999999999,379.1758999999999,577.6982159661753,202.54099451770003,20456.640446287704,win,0.35059999999992897,10456.640446287733
2026-03-02 14:10:00+00:00,2026-03-02 14:15:00+00:00,buy,379.26529999999997,378.47970000000004,380.0508999999999,380.0508999999999,260.39511769716773,204.56640446287707,20661.20685075058,win,0.7855999999999312,10661.20685075061
2026-03-02 14:25:00+00:00,2026-03-02 15:00:00+00:00,buy,380.07329999999996,378.5547,381.5918999999999,381.5918999999999,136.05430561537904,206.6120685075058,20867.818919258087,win,1.5185999999999353,10867.818919258116
2026-03-02 16:25:00+00:00,2026-03-02 16:35:00+00:00,buy,381.5553,380.5047,382.60589999999996,380.5047,198.6276310609042,-208.67818919258087,20659.140730065505,loss,-1.0505999999999744,10659.140730065536
2026-03-02 17:50:00+00:00,2026-03-02 17:55:00+00:00,buy,380.21529999999996,379.84470000000005,380.58589999999987,380.58589999999987,557.4511799803151,206.59140730065505,20865.732137366158,win,0.3705999999999108,10865.73213736619
2026-03-02 18:15:00+00:00,2026-03-02 20:05:00+00:00,buy,381.1953,379.9347,382.45589999999993,379.9347,165.52222860040393,-208.65732137366157,20657.074815992495,loss,-1.260599999999954,10657.07481599253
2026-03-02 22:05:00+00:00,2026-03-02 22:10:00+00:00,buy,379.21029999999996,378.55670000000003,379.8638999999999,379.8638999999999,316.05071627899065,206.570748159925,20863.64556415242,win,0.6535999999999262,10863.645564152455
2026-03-02 22:20:00+00:00,2026-03-03 00:00:00+00:00,buy,380.3053,378.55670000000003,382.05389999999994,378.55670000000003,119.31628482301828,-208.6364556415242,20655.009108510894,loss,-1.7485999999999535,10655.00910851093
2026-03-03 00:40:00+00:00,2026-03-03 08:25:00+00:00,buy,379.6013,378.5147,380.68789999999996,380.68789999999996,190.08843280426427,206.55009108510896,20861.559199596002,win,1.0865999999999758,10861.55919959604
2026-03-03 08:35:00+00:00,2026-03-03 09:05:00+00:00,buy,380.6893,380.4647,380.9139,380.9139,928.8316651645201,208.61559199596002,21070.174791591962,win,0.22460000000000946,11070.174791592
2026-03-03 09:15:00+00:00,2026-03-03 09:55:00+00:00,buy,381.3363,380.5067,382.16589999999997,382.16589999999997,253.9799275746469,210.70174791591964,21280.87653950788,win,0.8295999999999708,11280.87653950792
2026-03-03 10:05:00+00:00,2026-03-03 10:20:00+00:00,buy,382.4203,381.4687,383.3719,383.3719,223.63258238238984,212.8087653950788,21493.68530490296,win,0.9515999999999849,11493.685304903
2026-03-03 10:30:00+00:00,2026-03-03 11:25:00+00:00,buy,383.4593,382.2027,384.7159,384.7159,171.04635767072338,214.9368530490296,21708.622157951988,win,1.2565999999999917,11708.62215795203
2026-03-03 11:35:00+00:00,2026-03-03 12:10:00+00:00,buy,384.8433,383.8387,385.8479,385.8479,216.0921974711564,217.08622157951987,21925.70837953151,win,1.0045999999999822,11925.70837953155
2026-03-03 12:20:00+00:00,2026-03-03 12:35:00+00:00,buy,386.00829999999996,384.8247,387.1918999999999,387.1918999999999,185.2459308848625,219.25708379531508,22144.965463326822,win,1.1835999999999558,12144.965463326866
2026-03-03 12:55:00+00:00,2026-03-03 13:20:00+00:00,buy,387.51529999999997,385.9897,389.0408999999999,389.0408999999999,145.15577781415632,221.44965463326824,22366.41511796009,win,1.5255999999999403,12366.415117960134
2026-03-03 14:55:00+00:00,2026-03-03 15:20:00+00:00,buy,387.3323,385.93170000000003,388.7328999999999,388.7328999999999,159.69166869885078,223.66415117960088,22590.07926913969,win,1.4005999999999403,12590.079269139735
2026-03-03 15:30:00+00:00,2026-03-03 17:55:00+00:00,buy,388.8103,386.5697,391.05089999999996,391.05089999999996,100.82156239016322,225.9007926913969,22815.980061831087,win,2.240599999999972,12815.980061831131
2026-03-03 19:15:00+00:00,2026-03-03 20:40:00+00:00,buy,389.2353,386.0387,392.4319,386.0387,71.37577445357931,-228.15980061831087,22587.820261212775,loss,-3.1965999999999894,12587.82026121282
2026-03-03 23:00:00+00:00,2026-03-03 23:05:00+00:00,buy,386.3053,385.8387,386.77189999999996,386.77189999999996,484.0938761511823,225.87820261212775,22813.6984638249,win,0.46659999999997126,12813.698463824949
2026-03-03 23:15:00+00:00,2026-03-03 23:45:00+00:00,buy,386.86429999999996,385.8747,387.8538999999999,385.8747,230.5345438947687,-228.13698463824903,22585.561479186654,loss,-0.989599999999939,12585.5614791867
2026-03-04 01:00:00+00:00,2026-03-04 03:10:00+00:00,buy,386.7713,385.8677,387.6749,387.6749,249.95087958374367,225.85561479186654,22811.41709397852,win,0.9035999999999831,12811.417093978565
2026-03-04 03:20:00+00:00,2026-03-04 03:30:00+00:00,buy,387.7863,387.1297,388.44289999999995,388.44289999999995,347.4172569902467,228.1141709397852,23039.531264918307,win,0.656599999999969,13039.53126491835
2026-03-04 04:35:00+00:00,2026-03-04 08:05:00+00:00,buy,388.45529999999997,387.4227,389.4878999999999,389.4878999999999,223.12155011543217,230.39531264918307,23269.92657756749,win,1.0325999999999453,13269.926577567534
2026-03-04 10:10:00+00:00,2026-03-04 11:30:00+00:00,buy,387.7303,386.20570000000004,389.25489999999996,386.20570000000004,152.62971649985596,-232.6992657756749,23037.227311791816,loss,-1.524599999999964,13037.22731179186
2026-03-04 17:10:00+00:00,2026-03-04 17:15:00+00:00,sell,384.77270000000004,385.1473,384.3981000000001,384.3981000000001,614.9820424932228,230.37227311791816,23267.599584909734,win,-0.3745999999999299,13267.599584909778
2026-03-04 17:25:00+00:00,2026-03-04 18:05:00+00:00,sell,384.09470000000005,385.0453,383.1441000000001,383.1441000000001,244.76751088692316,232.67599584909735,23500.275580758833,win,-0.9505999999999517,13500.275580758875
2026-03-04 18:45:00+00:00,2026-03-04 19:40:00+00:00,sell,383.1147,384.4333,381.7961000000001,384.4333,178.22141347459262,-235.00275580758833,23265.272824951244,loss,1.3185999999999467,13265.272824951286
2026-03-04 20:55:00+00:00,2026-03-04 21:00:00+00:00,sell,384.4687,384.60929999999996,384.32810000000006,384.32810000000006,1654.7135721877391,232.65272824951245,23497.925553200756,win,-0.14059999999994943,13497.925553200797
2026-03-04 21:55:00+00:00,2026-03-04 22:05:00+00:00,sell,384.23470000000003,384.60929999999996,383.8601000000001,383.8601000000001,627.280447229182,234.97925553200758,23732.904808732765,win,-0.3745999999999299,13732.904808732805
2026-03-04 22:15:00+00:00,2026-03-05 01:05:00+00:00,sell,383.6847,384.4253,382.94410000000005,384.4253,320.45510138716793,-237.32904808732766,23495.575760645435,loss,0.7405999999999722,13495.575760645477
2026-03-05 02:30:00+00:00,2026-03-05 03:35:00+00:00,sell,384.1947,384.4353,383.95410000000004,384.4353,976.5409709330073,-234.95575760645437,23260.62000303898,loss,0.24059999999997217,13260.620003039023
2026-03-05 09:20:00+00:00,2026-03-05 09:35:00+00:00,buy,385.98929999999996,385.5837,386.3948999999999,386.3948999999999,573.4866864655489,232.60620003038983,23493.22620306937,win,0.4055999999999358,13493.226203069413
2026-03-05 09:45:00+00:00,2026-03-05 09:50:00+00:00,buy,386.5333,385.6127,387.4539,387.4539,255.19472304008156,234.93226203069372,23728.158465100063,win,0.920599999999979,13728.158465100107
2026-03-05 10:00:00+00:00,2026-03-05 11:00:00+00:00,buy,387.6413,386.2597,389.0229,386.2597,171.7440537427635,-237.28158465100063,23490.87688044906,loss,-1.3815999999999917,13490.876880449106
2026-03-05 13:20:00+00:00,2026-03-05 13:30:00+00:00,buy,386.1003,385.68370000000004,386.51689999999996,386.51689999999996,563.871264533157,234.90876880449062,23725.78564925355,win,0.4165999999999599,13725.785649253598
2026-03-05 13:40:00+00:00,2026-03-05 14:00:00+00:00,buy,386.76529999999997,385.7817,387.74889999999994,387.74889999999994,241.2137621925004,237.2578564925355,23963.043505746085,win,0.9835999999999672,13963.043505746133
2026-03-05 15:20:00+00:00,2026-03-05 16:50:00+00:00,buy,387.45529999999997,386.7327,388.1778999999999,386.7327,331.6225229137555,-239.63043505746086,23723.413070688624,loss,-0.7225999999999431,13723.413070688672
2026-03-05 17:45:00+00:00,2026-03-05 18:05:00+00:00,buy,387.33029999999997,386.59470000000005,388.0658999999999,388.0658999999999,322.50425599090823,237.23413070688625,23960.64720139551,win,0.7355999999999199,13960.647201395557
2026-03-05 18:15:00+00:00,2026-03-05 23:55:00+00:00,buy,388.1153,386.9067,389.3239,386.9067,198.25125931983874,-239.60647201395508,23721.040729381555,loss,-1.20859999999999,13721.040729381602
2026-03-06 03:20:00+00:00,2026-03-06 03:25:00+00:00,buy,387.0983,387.0147,387.1819,387.1819,2837.445063323495,237.21040729381554,23958.25113667537,win,0.0835999999999899,13958.251136675419
2026-03-06 04:40:00+00:00,2026-03-06 04:50:00+00:00,buy,387.26829999999995,387.0007,387.5358999999999,387.5358999999999,895.3008645993664,239.58251136675372,24197.833648042124,win,0.267599999999959,14197.833648042173
2026-03-06 06:30:00+00:00,2026-03-06 07:15:00+00:00,buy,387.4043,387.14770000000004,387.6608999999999,387.6608999999999,943.0176791912808,241.97833648042123,24439.811984522545,win,0.2565999999999349,14439.811984522594
2026-03-06 07:25:00+00:00,2026-03-06 07:35:00+00:00,buy,387.83029999999997,387.4637,388.1968999999999,387.4637,666.6615380394429,-244.39811984522547,24195.41386467732,loss,-0.3665999999999485,14195.413864677368
2026-03-06 08:35:00+00:00,2026-03-06 08:45:00+00:00,buy,387.90529999999995,387.41970000000003,388.3908999999999,387.41970000000003,498.25811088717694,-241.9541386467732,23953.45972603055,loss,-0.4855999999999199,13953.459726030595
2026-03-06 10:05:00+00:00,2026-03-06 10:15:00+00:00,buy,387.1243,386.2737,387.9749,387.9749,281.60662739279275,239.5345972603055,24192.994323290855,win,0.8505999999999858,14192.9943232909
2026-03-06 10:25:00+00:00,2026-03-06 11:20:00+00:00,buy,388.0143,386.2237,389.8049,389.8049,135.11110422925879,241.92994323290856,24434.924266523765,win,1.7905999999999835,14434.924266523809
2026-03-06 11:30:00+00:00,2026-03-06 11:35:00+00:00,buy,390.03029999999995,388.84770000000003,391.2128999999999,391.2128999999999,206.62036416814954,244.34924266523765,24679.273509189003,win,1.1825999999999226,14679.273509189046
2026-03-06 11:50:00+00:00,2026-03-06 13:00:00+00:00,buy,391.28029999999995,389.49870000000004,393.06189999999987,393.06189999999987,138.52308884817143,246.79273509189005,24926.066244280893,win,1.7815999999999121,14926.066244280937
2026-03-06 15:05:00+00:00,2026-03-06 15:10:00+00:00,buy,393.4973,392.8437,394.1509,392.8437,381.3657626114067,-249.26066244280895,24676.805581838085,loss,-0.6535999999999831,14676.805581838129
2026-03-06 15:50:00+00:00,2026-03-06 16:30:00+00:00,buy,393.70529999999997,392.49370000000005,394.9168999999999,392.49370000000005,203.67122467678885,-246.76805581838087,24430.037526019703,loss,-1.211599999999919,14430.037526019749
2026-03-06 19:35:00+00:00,2026-03-06 19:50:00+00:00,buy,392.2043,391.1787,393.2299,393.2299,238.20239397445172,244.30037526019703,24674.3379012799,win,1.0255999999999972,14674.337901279945
2026-03-06 22:10:00+00:00,2026-03-06 22:35:00+00:00,buy,392.18129999999996,391.9427,392.4198999999999,392.4198999999999,1034.1298366003255,246.743379012799,24921.0812802927,win,0.23859999999996262,14921.081280292745
2026-03-06 22:50:00+00:00,2026-03-06 23:05:00+00:00,buy,392.5763,392.15970000000004,392.99289999999996,392.99289999999996,598.2016629931612,249.21081280292697,25170.292093095628,win,0.4165999999999599,15170.292093095672
2026-03-08 23:50:00+00:00,2026-03-09 00:05:00+00:00,buy,392.1393,390.5177,393.7609,393.7609,155.21887082570063,251.70292093095628,25421.995014026583,win,1.6216000000000008,15421.995014026628
2026-03-09 00:15:00+00:00,2026-03-09 10:10:00+00:00,buy,393.88129999999995,391.1497,396.6128999999999,396.6128999999999,93.06631649592539,254.21995014026587,25676.214964166847,win,2.7315999999999576,15676.214964166895
2026-03-09 10:20:00+00:00,2026-03-09 10:25:00+00:00,buy,396.85229999999996,395.2577,398.4468999999999,398.4468999999999,161.01978530143947,256.7621496416685,25932.977113808516,win,1.5945999999999572,15932.977113808563
2026-03-09 10:35:00+00:00,2026-03-09 15:10:00+00:00,buy,399.3553,395.2957,403.4149,395.2957,63.8806215238166,-259.32977113808516,25673.647342670432,loss,-4.059599999999989,15673.647342670478
2026-03-09 21:05:00+00:00,2026-03-09 21:15:00+00:00,sell,394.48470000000003,394.7543,394.21510000000006,394.21510000000006,952.2866225027236,256.7364734267043,25930.383816097135,win,-0.26959999999996853,15930.383816097183
2026-03-09 21:25:00+00:00,2026-03-09 21:30:00+00:00,sell,393.7497,394.7543,392.74510000000004,392.74510000000004,258.11650225062306,259.30383816097134,26189.68765425811,win,-1.0045999999999822,16189.687654258154
2026-03-09 21:40:00+00:00,2026-03-09 22:40:00+00:00,sell,391.69870000000003,394.4543,388.9431000000001,388.9431000000001,95.04168839548012,261.8968765425811,26451.58453080069,win,-2.7555999999999585,16451.584530800734
2026-03-09 22:50:00+00:00,2026-03-09 22:55:00+00:00,sell,388.7747,389.48629999999997,388.0631,388.0631,371.719850067476,264.51584530800693,26716.100376108698,win,-0.7115999999999758,16716.10037610874
2026-03-09 23:10:00+00:00,2026-03-10 09:40:00+00:00,sell,386.9347,389.1783,384.69110000000006,384.69110000000006,119.07693161039936,267.161003761087,26983.261379869786,win,-2.243599999999958,16983.26137986983
2026-03-10 09:50:00+00:00,2026-03-10 12:35:00+00:00,sell,384.49370000000005,386.4343,382.5531000000001,386.4343,139.0459722759473,-269.8326137986979,26713.428766071087,loss,1.9405999999999608,16713.42876607113
2026-03-10 13:05:00+00:00,2026-03-10 14:05:00+00:00,sell,385.42470000000003,387.03029999999995,383.8191000000001,387.03029999999995,166.376611647187,-267.13428766071087,26446.294478410375,loss,1.6055999999999244,16446.29447841042
2026-03-10 14:45:00+00:00,2026-03-10 16:40:00+00:00,sell,385.47470000000004,387.2573,383.6921000000001,383.6921000000001,148.35798540565008,264.46294478410374,26710.757423194478,win,-1.7825999999999453,16710.757423194522
2026-03-10 16:55:00+00:00,2026-03-10 20:15:00+00:00,sell,383.2937,385.20529999999997,381.38210000000004,385.20529999999997,139.72984632347237,-267.1075742319448,26443.649848962534,loss,1.9115999999999644,16443.649848962577
2026-03-10 22:20:00+00:00,2026-03-10 23:35:00+00:00,sell,386.3557,389.0313,383.68010000000004,383.68010000000004,98.8325977312109,264.43649848962536,26708.086347452157,win,-2.6755999999999744,16708.0863474522
2026-03-10 23:45:00+00:00,2026-03-11 00:20:00+00:00,sell,383.63570000000004,385.5053,381.7661000000001,385.5053,142.8545482854787,-267.0808634745216,26441.005483977635,loss,1.8695999999999344,16441.00548397768
2026-03-11 01:00:00+00:00,2026-03-11 01:05:00+00:00,sell,383.37870000000004,386.0593,380.69810000000007,386.0593,98.63838500327513,-264.41005483977636,26176.59542913786,loss,2.68059999999997,16176.595429137902
2026-03-11 01:30:00+00:00,2026-03-11 02:00:00+00:00,sell,382.2627,386.2553,378.2701,386.2553,65.56277971531829,-261.7659542913786,25914.82947484648,loss,3.9925999999999817,15914.829474846523
2026-03-11 03:05:00+00:00,2026-03-11 03:15:00+00:00,sell,385.4837,385.8653,385.1021,385.1021,679.1097870767045,259.1482947484648,26173.977769594945,win,-0.3815999999999917,16173.977769594989
2026-03-11 03:25:00+00:00,2026-03-11 04:15:00+00:00,sell,384.7027,385.72929999999997,383.6761,383.6761,254.95789761928324,261.73977769594944,26435.717547290893,win,-1.0265999999999735,16435.717547290937
2026-03-11 06:40:00+00:00,2026-03-11 07:30:00+00:00,sell,383.67470000000003,383.7953,383.55410000000006,383.55410000000006,2192.0163803729674,264.3571754729089,26700.074722763802,win,-0.12059999999996762,16700.074722763846
2026-03-11 09:10:00+00:00,2026-03-11 09:15:00+00:00,sell,383.4997,383.71229999999997,383.28710000000007,383.28710000000007,1255.8831007887964,267.00074722763804,26967.07546999144,win,-0.21259999999995216,16967.075469991483
2026-03-11 13:30:00+00:00,2026-03-11 14:00:00+00:00,buy,386.50829999999996,385.4237,387.59289999999993,387.59289999999993,248.63613746996387,269.6707546999144,27236.746224691353,win,1.0845999999999663,17236.746224691396
2026-03-11 14:10:00+00:00,2026-03-11 15:40:00+00:00,buy,387.8153,386.54470000000003,389.0858999999999,386.54470000000003,214.36129564530563,-272.36746224691353,26964.378762444438,loss,-1.2705999999999449,16964.37876244448
2026-03-11 17:10:00+00:00,2026-03-11 18:00:00+00:00,buy,386.06129999999996,385.1947,386.9278999999999,386.9278999999999,311.1513819806836,269.64378762444437,27234.022550068883,win,0.8665999999999485,17234.022550068927
2026-03-11 18:10:00+00:00,2026-03-11 19:15:00+00:00,buy,387.0453,385.6537,388.4369,385.6537,195.7029502017047,-272.34022550068886,26961.682324568195,loss,-1.3915999999999826,16961.68232456824
2026-03-11 19:35:00+00:00,2026-03-11 22:15:00+00:00,buy,386.4613,385.61870000000005,387.30389999999994,387.30389999999994,319.98198818620784,269.616823245682,27231.299147813876,win,0.8425999999999476,17231.29914781392
2026-03-11 22:25:00+00:00,2026-03-11 23:00:00+00:00,buy,387.3793,386.60970000000003,388.14889999999997,386.60970000000003,353.83704713896816,-272.31299147813877,26958.986156335737,loss,-0.7695999999999685,16958.98615633578
2026-03-12 00:40:00+00:00,2026-03-12 02:05:00+00:00,buy,386.9253,385.9037,387.94689999999997,387.94689999999997,263.88984099781044,269.5898615633574,27228.576017899093,win,1.021599999999978,17228.576017899137
2026-03-12 02:15:00+00:00,2026-03-12 04:40:00+00:00,buy,388.01529999999997,386.66970000000003,389.3608999999999,389.3608999999999,202.35267551947413,272.2857601789909,27500.861778078084,win,1.3455999999999335,17500.861778078128
2026-03-12 07:15:00+00:00,2026-03-12 08:25:00+00:00,buy,389.39329999999995,389.1637,389.6228999999999,389.1637,1197.77272552632,-275.00861778078087,27225.8531602973,loss,-0.22959999999994807,17225.853160297345
2026-03-12 09:40:00+00:00,2026-03-12 09:45:00+00:00,buy,388.45529999999997,387.7237,389.1868999999999,387.7237,372.141240572702,-272.258531602973,26953.59462869433,loss,-0.7315999999999576,16953.594628694373
2026-03-12 11:20:00+00:00,2026-03-12 11:25:00+00:00,buy,388.35229999999996,387.5027,389.2018999999999,387.5027,317.25040758822774,-269.5359462869433,26684.058682407387,loss,-0.8495999999999526,16684.05868240743
2026-03-12 14:05:00+00:00,2026-03-12 15:15:00+00:00,buy,387.7453,386.62370000000004,388.86689999999993,388.86689999999993,237.9106515906626,266.84058682407385,26950.89926923146,win,1.121599999999944,16950.899269231504
2026-03-12 15:30:00+00:00,2026-03-12 20:30:00+00:00,buy,389.26529999999997,387.22470000000004,391.3058999999999,391.3058999999999,132.07340620029615,269.5089926923146,27220.408261923774,win,2.0405999999999267,17220.408261923818
2026-03-12 20:40:00+00:00,2026-03-13 08:50:00+00:00,buy,391.6053,390.7747,392.4359,392.4359,327.71982015318616,272.20408261923774,27492.612344543013,win,0.830600000000004,17492.612344543057
2026-03-13 09:00:00+00:00,2026-03-13 09:05:00+00:00,buy,392.4583,391.7717,393.1449,393.1449,400.41672508801446,274.92612344543016,27767.538467988445,win,0.6865999999999985,17767.53846798849
2026-03-13 10:00:00+00:00,2026-03-13 11:00:00+00:00,buy,393.6343,391.9787,395.2899,391.9787,167.71888419901288,-277.6753846798845,27489.86308330856,loss,-1.6555999999999926,17489.863083308603
2026-03-13 12:15:00+00:00,2026-03-13 12:35:00+00:00,buy,392.3153,391.7137,392.91689999999994,392.91689999999994,456.945862422046,274.8986308330856,27764.761714141645,win,0.6015999999999622,17764.76171414169
2026-03-13 14:10:00+00:00,2026-03-13 14:45:00+00:00,buy,391.91429999999997,390.9017,392.92689999999993,390.9017,274.19278801246935,-277.64761714141645,27487.114097000227,loss,-1.0125999999999635,17487.11409700027
2026-03-13 17:05:00+00:00,2026-03-13 17:40:00+00:00,buy,390.9803,389.7737,392.1869,392.1869,227.80634922095703,274.8711409700023,27761.985237970228,win,1.2065999999999804,17761.98523797027
2026-03-13 17:55:00+00:00,2026-03-13 22:45:00+00:00,buy,392.5983,390.90270000000004,394.29389999999995,390.90270000000004,163.72956615930022,-277.6198523797023,27484.365385590525,loss,-1.6955999999999563,17484.36538559057
2026-03-16 00:05:00+00:00,2026-03-16 00:10:00+00:00,buy,391.58029999999997,391.5787,391.5818999999999,391.5818999999999,171777.28366644387,274.84365385590525,27759.20903944643,win,0.0015999999999394277,17759.209039446472
2026-03-16 02:00:00+00:00,2026-03-16 02:05:00+00:00,buy,391.9453,391.92170000000004,391.9688999999999,391.9688999999999,11762.376711664338,277.59209039446426,28036.801129840893,win,0.023599999999930787,18036.801129840936
2026-03-16 02:35:00+00:00,2026-03-16 11:10:00+00:00,buy,392.8753,390.82070000000004,394.9298999999999,390.82070000000004,136.45868358727614,-280.36801129840893,27756.433118542485,loss,-2.0545999999999367,17756.43311854253
2026-03-16 12:20:00+00:00,2026-03-16 12:25:00+00:00,sell,391.12370000000004,391.5243,390.7231000000001,390.7231000000001,692.8715206826415,277.56433118542486,28033.99744972791,win,-0.40059999999994034,18033.997449727955
2026-03-16 12:50:00+00:00,2026-03-16 16:00:00+00:00,sell,390.32370000000003,391.5653,389.0821000000001,389.0821000000001,225.7892835835138,280.3399744972791,28314.33742422519,win,-1.2415999999999485,18314.337424225232
2026-03-16 20:05:00+00:00,2026-03-16 20:10:00+00:00,sell,391.1637,391.58529999999996,390.74210000000005,390.74210000000005,671.5924436486762,283.14337424225187,28597.48079846744,win,-0.42159999999995534,18597.480798467484
2026-03-16 20:20:00+00:00,2026-03-16 20:35:00+00:00,sell,390.7337,391.4853,389.9821,389.9821,380.4880361690738,285.97480798467444,28883.455606452117,win,-0.7515999999999963,18883.45560645216
2026-03-16 20:45:00+00:00,2026-03-17 07:50:00+00:00,sell,389.8057,390.7953,388.8161,390.7953,291.87000410723766,-288.83455606452117,28594.621050387595,loss,0.9895999999999958,18594.62105038764
2026-03-17 13:05:00+00:00,2026-03-17 14:10:00+00:00,buy,391.0333,390.6087,391.4579,390.6087,673.4484467825654,-285.946210503876,28308.67483988372,loss,-0.4245999999999981,18308.674839883763
2026-03-17 14:30:00+00:00,2026-03-17 14:35:00+00:00,sell,390.4637,391.0653,389.86210000000005,389.86210000000005,470.55643018426696,283.0867483988372,28591.761588282556,win,-0.6015999999999622,18591.7615882826
2026-03-17 14:45:00+00:00,2026-03-17 15:15:00+00:00,sell,389.2577,390.6753,387.8401,387.8401,201.6913204591048,285.91761588282554,28877.679204165383,win,-1.417599999999993,18877.679204165426
2026-03-17 15:25:00+00:00,2026-03-17 16:15:00+00:00,sell,387.81870000000004,388.9353,386.7021000000001,388.9353,258.62152251627003,-288.77679204165383,28588.902412123727,loss,1.1165999999999485,18588.90241212377
2026-03-17 16:45:00+00:00,2026-03-17 17:10:00+00:00,sell,388.2447,389.2453,387.24410000000006,389.2453,285.71759356510876,-285.8890241212373,28303.01338800249,loss,1.000599999999963,18303.013388002535
2026-03-17 18:25:00+00:00,2026-03-18 08:20:00+00:00,sell,388.5237,389.2553,387.79210000000006,387.79210000000006,386.8645897758903,283.03013388002495,28586.043521882515,win,-0.7315999999999576,18586.04352188256
2026-03-18 09:00:00+00:00,2026-03-18 09:10:00+00:00,sell,387.6437,388.0283,387.25910000000005,387.25910000000005,743.2668622434784,285.86043521882516,28871.90395710134,win,-0.3845999999999776,18871.903957101385
2026-03-18 09:20:00+00:00,2026-03-18 09:45:00+00:00,sell,387.1637,387.77529999999996,386.55210000000005,387.77529999999996,472.0716801357678,-288.7190395710134,28583.18491753033,loss,0.6115999999999531,18583.184917530372
2026-03-18 14:05:00+00:00,2026-03-18 14:10:00+00:00,buy,390.26529999999997,389.63370000000003,390.8968999999999,390.8968999999999,452.55200946062826,285.8318491753033,28869.01676670563,win,0.6315999999999349,18869.016766705674
2026-03-18 14:20:00+00:00,2026-03-18 22:30:00+00:00,buy,391.65529999999995,389.7237,393.5868999999999,393.5868999999999,149.45649599661644,288.6901676670563,29157.706934372687,win,1.9315999999999462,19157.70693437273
2026-03-18 22:40:00+00:00,2026-03-18 23:00:00+00:00,buy,393.70529999999997,392.63370000000003,394.7768999999999,392.63370000000003,272.09506284410713,-291.57706934372686,28866.12986502896,loss,-1.0715999999999326,18866.129865029005
2026-03-19 00:15:00+00:00,2026-03-19 00:50:00+00:00,buy,392.8323,392.00870000000003,393.6558999999999,392.00870000000003,350.48724945399454,-288.6612986502896,28577.468566378673,loss,-0.8235999999999422,18577.468566378717
2026-03-19 01:00:00+00:00,2026-03-19 09:00:00+00:00,buy,392.9783,391.7357,394.2209,394.2209,229.98123745677685,285.7746856637867,28863.24325204246,win,1.2425999999999817,18863.243252042503
2026-03-19 09:10:00+00:00,2026-03-19 11:15:00+00:00,buy,394.2843,393.2037,395.3648999999999,393.2037,267.1038612996841,-288.6324325204246,28574.610819522033,loss,-1.0805999999999472,18574.610819522077
2026-03-19 14:15:00+00:00,2026-03-19 14:25:00+00:00,buy,392.5763,391.87370000000004,393.27889999999996,393.27889999999996,406.6981329280332,285.74610819522036,28860.356927717254,win,0.7025999999999613,18860.356927717297
2026-03-19 15:05:00+00:00,2026-03-19 16:00:00+00:00,buy,393.9353,391.8937,395.97689999999994,391.8937,141.36146614281847,-288.60356927717254,28571.75335844008,loss,-2.04159999999996,18571.753358440124
2026-03-19 19:05:00+00:00,2026-03-19 19:15:00+00:00,buy,393.1393,392.6487,393.62989999999996,392.6487,582.3838841916369,-285.7175335844008,28286.03582485568,loss,-0.49059999999997217,18286.035824855724
2026-03-19 21:05:00+00:00,2026-03-19 21:10:00+00:00,sell,390.93370000000004,392.8963,388.9711000000001,388.9711000000001,144.12532265798617,282.8603582485568,28568.896183104236,win,-1.9625999999999522,18568.89618310428
2026-03-19 22:55:00+00:00,2026-03-20 07:55:00+00:00,sell,390.0537,390.83029999999997,389.2771,390.83029999999997,367.8714419663303,-285.6889618310424,28283.207221273195,loss,0.7765999999999735,18283.20722127324
2026-03-20 12:05:00+00:00,2026-03-20 13:15:00+00:00,buy,392.9423,391.8517,394.0329,391.8517,259.3362114549177,-282.83207221273193,28000.375149060463,loss,-1.090599999999995,18000.375149060506
2026-03-20 15:05:00+00:00,2026-03-20 15:55:00+00:00,buy,392.5453,391.5147,393.5759,393.5759,271.69003637745647,280.00375149060466,28280.378900551066,win,1.0305999999999926,18280.37890055111
2026-03-20 16:05:00+00:00,2026-03-20 17:20:00+00:00,buy,394.3293,391.6997,396.95889999999997,391.6997,107.54631465071212,-282.8037890055107,27997.575111545557,loss,-2.629599999999982,17997.5751115456
2026-03-20 18:35:00+00:00,2026-03-20 19:40:00+00:00,buy,392.69329999999997,391.9297,393.4568999999999,393.4568999999999,366.65237181178315,279.9757511154556,28277.550862661014,win,0.7635999999999399,18277.550862661057
2026-03-20 20:55:00+00:00,2026-03-20 21:40:00+00:00,buy,393.2963,392.8277,393.76489999999995,392.8277,603.447521610375,-282.77550862661013,27994.775354034402,loss,-0.4685999999999808,17994.775354034446
2026-03-23 02:05:00+00:00,2026-03-23 02:10:00+00:00,buy,392.04429999999996,392.02270000000004,392.0658999999999,392.0658999999999,12960.544145433556,279.947753540344,28274.723107574748,win,0.021599999999921238,18274.72310757479
2026-03-23 04:45:00+00:00,2026-03-23 08:00:00+00:00,buy,393.2453,392.9737,393.51689999999996,393.51689999999996,1041.0428242848686,282.7472310757475,28557.470338650495,win,0.2715999999999781,18557.47033865054
2026-03-23 08:10:00+00:00,2026-03-23 10:10:00+00:00,buy,394.35429999999997,393.37870000000004,395.3298999999999,393.37870000000004,292.7169981411703,-285.57470338650495,28271.89563526399,loss,-0.975599999999929,18271.895635264034
2026-03-23 11:30:00+00:00,2026-03-23 12:50:00+00:00,buy,394.6073,393.4837,395.7309,393.4837,251.6188646783885,-282.7189563526399,27989.17667891135,loss,-1.1236000000000104,17989.176678911394
2026-03-23 14:40:00+00:00,2026-03-24 19:05:00+00:00,sell,388.6197,392.44329999999997,384.7961000000001,392.44329999999997,73.2011106781875,-279.8917667891135,27709.284912122235,loss,3.823599999999942,17709.28491212228
2026-03-24 21:45:00+00:00,2026-03-24 22:20:00+00:00,buy,391.2613,390.91270000000003,391.6099,390.91270000000003,794.8733480242146,-277.09284912122234,27432.192063001014,loss,-0.34859999999997626,17432.192063001057
2026-03-25 01:45:00+00:00,2026-03-25 02:15:00+00:00,buy,390.1543,389.2907,391.01789999999994,389.2907,317.6492828045646,-274.32192063001014,27157.870142371004,loss,-0.8635999999999626,17157.870142371048
2026-03-25 05:05:00+00:00,2026-03-25 05:20:00+00:00,sell,389.2027,389.39529999999996,389.0101,389.39529999999996,1410.0659471638207,-271.5787014237101,26886.291440947294,loss,0.19259999999997035,16886.291440947338
2026-03-25 06:15:00+00:00,2026-03-25 08:25:00+00:00,sell,389.1997,389.4453,388.95410000000004,389.4453,1094.7187068791056,-268.8629144094729,26617.42852653782,loss,0.24559999999996762,16617.428526537864
2026-03-25 09:15:00+00:00,2026-03-25 09:35:00+00:00,sell,389.07070000000004,389.5983,388.5431000000001,389.5983,504.5001616099384,-266.1742852653782,26351.254241272443,loss,0.5275999999999499,16351.254241272485
2026-03-25 10:10:00+00:00,2026-03-25 16:05:00+00:00,sell,389.1137,390.1013,388.1261,388.1261,266.8211243547267,263.51254241272443,26614.76678368517,win,-0.9875999999999863,16614.76678368521
2026-03-25 16:50:00+00:00,2026-03-27 11:00:00+00:00,sell,386.4657,389.5593,383.37210000000005,389.5593,86.0317002317214,-266.14766783685167,26348.619115848316,loss,3.093599999999981,16348.619115848358
2026-03-27 12:15:00+00:00,2026-03-27 12:45:00+00:00,buy,389.2553,388.74170000000004,389.7688999999999,389.7688999999999,513.0182849659541,263.48619115848317,26612.1053070068,win,0.5135999999999399,16612.10530700684
2026-03-27 13:35:00+00:00,2026-03-27 14:00:00+00:00,buy,389.8153,389.1437,390.48689999999993,390.48689999999993,396.2493345296094,266.121053070068,26878.226360076867,win,0.6715999999999553,16878.226360076907
2026-03-27 17:50:00+00:00,2026-03-27 18:05:00+00:00,buy,388.90529999999995,388.31370000000004,389.49689999999987,389.49689999999987,454.3310743759424,268.78226360076866,27147.008623677637,win,0.5915999999999144,17147.008623677677
2026-03-27 18:15:00+00:00,2026-03-30 00:05:00+00:00,buy,389.6653,388.4347,390.8959,388.4347,220.59977753679544,-271.47008623677635,26875.53853744086,loss,-1.2305999999999813,16875.5385374409
2026-03-30 04:25:00+00:00,2026-03-30 04:30:00+00:00,buy,389.76529999999997,389.5627,389.96789999999993,389.5627,1326.5320107327739,-268.7553853744086,26606.78315206645,loss,-0.20259999999996126,16606.78315206649
2026-03-30 07:10:00+00:00,2026-03-30 07:20:00+00:00,buy,389.6753,389.56370000000004,389.78689999999995,389.56370000000004,2384.120354128821,-266.0678315206645,26340.715320545787,loss,-0.11159999999995307,16340.715320545827
2026-03-30 08:00:00+00:00,2026-03-30 08:05:00+00:00,buy,389.6953,389.5537,389.83689999999996,389.5537,1860.2200085133486,-263.40715320545786,26077.30816734033,loss,-0.14159999999998263,16077.308167340369
2026-03-30 11:05:00+00:00,2026-03-30 15:55:00+00:00,buy,389.5953,388.8407,390.3499,388.8407,345.5778977914252,-260.7730816734033,25816.535085666925,loss,-0.7545999999999822,15816.535085666965
2026-03-30 18:05:00+00:00,2026-03-30 18:35:00+00:00,sell,388.6467,389.2553,388.03810000000004,388.03810000000004,424.1954499781189,258.16535085666925,26074.700436523595,win,-0.6085999999999672,16074.700436523633
2026-03-30 18:45:00+00:00,2026-03-31 02:00:00+00:00,sell,387.8757,389.1873,386.5641,386.5641,198.8007047615403,260.74700436523597,26335.44744088883,win,-1.3115999999999985,16335.44744088887
2026-03-31 03:35:00+00:00,2026-03-31 03:40:00+00:00,sell,387.78470000000004,387.95329999999996,387.61610000000013,387.61610000000013,1562.0075587723895,263.35447440888834,26598.801915297718,win,-0.1685999999999126,16598.801915297758
2026-03-31 03:50:00+00:00,2026-03-31 04:00:00+00:00,sell,387.2277,388.15529999999995,386.3001000000001,386.3001000000001,286.7486191817573,265.9880191529772,26864.789934450695,win,-0.9275999999999271,16864.789934450735
2026-03-31 08:40:00+00:00,2026-03-31 09:40:00+00:00,sell,386.0337,386.61429999999996,385.45310000000006,386.61429999999996,462.707370555514,-268.647899344507,26596.14203510619,loss,0.5805999999999472,16596.14203510623
2026-03-31 11:05:00+00:00,2026-03-31 14:25:00+00:00,sell,386.2687,387.46529999999996,385.0721000000001,385.0721000000001,222.26426571208165,265.9614203510619,26862.10345545725,win,-1.1965999999999326,16862.10345545729
2026-03-31 14:35:00+00:00,2026-03-31 17:50:00+00:00,sell,384.9167,385.71529999999996,384.1181,385.71529999999996,336.3649318239223,-268.62103455457253,26593.482420902677,loss,0.7985999999999649,16593.482420902717
2026-03-31 19:40:00+00:00,2026-03-31 21:20:00+00:00,sell,385.1037,386.0573,384.1501,384.1501,278.87460592389715,265.9348242090268,26859.417245111705,win,-0.9535999999999945,16859.417245111745
2026-03-31 21:50:00+00:00,2026-04-01 00:10:00+00:00,sell,383.9757,384.6303,383.32110000000006,383.32110000000006,410.318014743559,268.59417245111706,27128.011417562822,win,-0.6545999999999594,17128.011417562862
2026-04-01 00:20:00+00:00,2026-04-01 00:30:00+00:00,sell,382.9297,384.27729999999997,381.5821000000001,384.27729999999997,201.30611025203302,-271.2801141756282,26856.731303387194,loss,1.347599999999943,16856.731303387234
2026-04-01 02:00:00+00:00,2026-04-01 02:45:00+00:00,sell,383.5427,384.1153,382.97010000000006,384.1153,469.0312836777645,-268.5673130338719,26588.16399035332,loss,0.5725999999999658,16588.16399035336
2026-04-01 05:40:00+00:00,2026-04-01 06:05:00+00:00,sell,384.0297,384.1033,383.9561,384.1033,3612.5222812980546,-265.8816399035332,26322.282350449786,loss,0.073599999999999,16322.282350449828
2026-04-01 06:55:00+00:00,2026-04-01 08:45:00+00:00,sell,383.9787,384.1343,383.8231,384.1343,1691.6633901318144,-263.22282350449785,26059.05952694529,loss,0.15559999999999263,16059.05952694533
2026-04-01 09:10:00+00:00,2026-04-01 09:15:00+00:00,sell,383.87870000000004,384.1753,383.5821000000001,383.5821000000001,878.5927015154825,260.5905952694529,26319.65012221474,win,-0.29659999999995534,16319.650122214782
2026-04-01 09:25:00+00:00,2026-04-01 09:30:00+00:00,sell,383.4737,384.1153,382.8321,382.8321,410.2189856953781,263.19650122214745,26582.84662343689,win,-0.6415999999999826,16582.84662343693
2026-04-01 09:40:00+00:00,2026-04-02 04:15:00+00:00,sell,382.4527,384.0843,380.8211,384.0843,162.92502220787586,-265.8284662343689,26317.01815720252,loss,1.6315999999999917,16317.018157202561
2026-04-02 07:05:00+00:00,2026-04-02 07:10:00+00:00,buy,384.95529999999997,384.8647,385.0458999999999,385.0458999999999,2904.7481409735665,263.17018157202523,26580.188338774547,win,0.09059999999993806,16580.188338774587
2026-04-02 07:25:00+00:00,2026-04-02 07:55:00+00:00,buy,385.2973,384.9037,385.6909,384.9037,675.309663078635,-265.8018833877455,26314.3864553868,loss,-0.3935999999999922,16314.386455386842
2026-04-02 13:10:00+00:00,2026-04-02 16:05:00+00:00,buy,383.6943,383.23470000000003,384.15389999999996,384.15389999999996,572.5497488117653,263.143864553868,26577.53031994067,win,0.45959999999996626,16577.53031994071
2026-04-02 16:15:00+00:00,2026-04-02 17:10:00+00:00,buy,384.3193,383.68370000000004,384.95489999999995,383.68370000000004,418.1486834478067,-265.7753031994067,26311.755016741263,loss,-0.635599999999954,16311.755016741303
2026-04-02 19:10:00+00:00,2026-04-02 23:55:00+00:00,buy,384.2503,383.4597,385.04089999999997,383.4597,332.8074249524641,-263.1175501674126,26048.63746657385,loss,-0.7905999999999835,16048.63746657389
2026-04-03 01:45:00+00:00,2026-04-03 01:50:00+00:00,sell,383.2027,383.4613,382.9441,382.9441,1007.2945656060992,260.48637466573854,26309.12384123959,win,-0.2586000000000013,16309.123841239629
2026-04-03 02:00:00+00:00,2026-04-03 03:10:00+00:00,sell,382.8817,383.7443,382.01910000000004,383.7443,304.99795781636925,-263.0912384123959,26046.032602827196,loss,0.8625999999999863,16046.032602827232
2026-04-03 06:00:00+00:00,2026-04-03 06:05:00+00:00,buy,384.1343,383.9417,384.32689999999997,383.9417,1352.3381413723366,-260.46032602827194,25785.572276798925,loss,-0.19259999999997035,15785.572276798961
2026-04-03 07:05:00+00:00,2026-04-03 10:25:00+00:00,buy,384.1353,383.9117,384.35889999999995,383.9117,1153.2009068337059,-257.8557227679893,25527.716554030936,loss,-0.22359999999997626,15527.716554030972
2026-04-03 11:00:00+00:00,2026-04-03 11:05:00+00:00,buy,384.3553,383.74370000000005,384.96689999999995,384.96689999999995,417.3923569985758,255.27716554030937,25782.993719571245,win,0.6115999999999531,15782.993719571281
2026-04-03 11:40:00+00:00,2026-04-03 15:25:00+00:00,buy,385.0193,383.9537,386.08489999999995,383.9537,241.95752364463394,-257.82993719571243,25525.163782375534,loss,-1.0655999999999608,15525.163782375568
2026-04-03 19:05:00+00:00,2026-04-03 19:10:00+00:00,buy,383.9983,383.9787,384.01789999999994,384.01789999999994,13023.042746130875,255.25163782375535,25780.41542019929,win,0.01959999999996853,15780.415420199324
2026-04-03 19:35:00+00:00,2026-04-03 19:40:00+00:00,buy,384.1303,383.9787,384.28189999999995,384.28189999999995,1700.555106873601,257.8041542019929,26038.219574401282,win,0.15159999999997353,16038.219574401317
2026-04-03 19:50:00+00:00,2026-04-03 20:00:00+00:00,buy,384.3203,383.9167,384.72389999999996,384.72389999999996,645.1491470367289,260.38219574401285,26298.601770145295,win,0.4035999999999831,16298.60177014533
2026-04-03 20:30:00+00:00,2026-04-03 21:55:00+00:00,buy,384.8093,384.2287,385.3899,384.2287,452.9555936986758,-262.98601770145297,26035.615752443842,loss,-0.580600000000004,16035.615752443877
2026-04-06 02:35:00+00:00,2026-04-06 02:40:00+00:00,sell,383.87170000000003,383.89529999999996,383.8481000000001,383.8481000000001,11032.040573101778,260.3561575244384,26295.97190996828,win,-0.023599999999930787,16295.971909968315
2026-04-06 03:00:00+00:00,2026-04-06 03:05:00+00:00,sell,383.83270000000005,383.89529999999996,383.7701000000001,383.89529999999996,4200.634490415767,-262.9597190996828,26033.012190868598,loss,0.06259999999991805,16033.012190868632
2026-04-06 04:15:00+00:00,2026-04-06 05:10:00+00:00,buy,384.7083,384.5787,384.8379,384.5787,2008.720076456187,-260.330121908686,25772.68206895991,loss,-0.12959999999998217,15772.682068959946
2026-04-06 05:20:00+00:00,2026-04-06 07:30:00+00:00,buy,384.7483,384.4957,385.00089999999994,384.4957,1020.2962022550555,-257.7268206895991,25514.95524827031,loss,-0.2525999999999726,15514.955248270348
2026-04-06 08:30:00+00:00,2026-04-06 09:00:00+00:00,buy,384.6483,384.4037,384.8929,384.4037,1043.1298139113337,-255.14955248270311,25259.805695787607,loss,-0.24459999999999127,15259.805695787645
2026-04-06 10:40:00+00:00,2026-04-06 10:45:00+00:00,sell,383.4137,383.8943,382.9331,382.9331,525.5889657883603,252.5980569578761,25512.403752745482,win,-0.48059999999998126,15512.403752745522
2026-04-06 10:55:00+00:00,2026-04-06 17:00:00+00:00,sell,382.5837,384.0343,381.13310000000007,381.13310000000007,175.87483629357735,255.12403752745482,25767.527790272936,win,-1.4505999999999517,15767.527790272978
2026-04-06 17:20:00+00:00,2026-04-06 23:55:00+00:00,sell,381.0797,381.64529999999996,380.51410000000004,380.51410000000004,455.5786384419152,257.67527790272936,26025.203068175666,win,-0.5655999999999608,16025.203068175708
2026-04-07 00:40:00+00:00,2026-04-07 00:45:00+00:00,sell,380.4617,381.28229999999996,379.64110000000005,381.28229999999996,317.1484653689624,-260.25203068175665,25764.95103749391,loss,0.8205999999999563,15764.951037493951
2026-04-07 01:05:00+00:00,2026-04-07 02:50:00+00:00,sell,379.42170000000004,381.8223,377.0211000000001,381.8223,107.32713087350892,-257.6495103749391,25507.30152711897,loss,2.4005999999999403,15507.301527119012
2026-04-07 12:35:00+00:00,2026-04-07 14:30:00+00:00,sell,380.9537,381.51329999999996,380.3941000000001,381.51329999999996,455.8131080615093,-255.0730152711897,25252.228511847778,loss,0.5595999999999322,15252.228511847823
2026-04-07 22:15:00+00:00,2026-04-07 22:45:00+00:00,sell,381.34470000000005,381.77029999999996,380.9191000000001,380.9191000000001,593.3324368386435,252.52228511847778,25504.750796966255,win,-0.4255999999999176,15504.7507969663
2026-04-07 22:55:00+00:00,2026-04-08 01:35:00+00:00,sell,380.66470000000004,381.4453,379.8841000000001,379.8841000000001,326.7326517674654,255.04750796966252,25759.798304935917,win,-0.7805999999999358,15759.798304935963
2026-04-08 01:45:00+00:00,2026-04-08 02:00:00+00:00,sell,379.1707,380.5773,377.76410000000004,377.76410000000004,183.1352076278721,257.5979830493592,26017.396287985277,win,-1.406599999999969,16017.396287985322
2026-04-08 02:10:00+00:00,2026-04-08 02:15:00+00:00,sell,377.61170000000004,379.32529999999997,375.8981000000001,375.8981000000001,151.82887656387933,260.17396287985275,26277.57025086513,win,-1.7135999999999285,16277.570250865176
2026-04-08 02:25:00+00:00,2026-04-08 11:40:00+00:00,sell,374.2137,379.0313,369.39610000000005,379.0313,54.54493990963403,-262.7757025086513,26014.79454835648,loss,4.81759999999997,16014.794548356524
2026-04-08 13:05:00+00:00,2026-04-08 13:15:00+00:00,sell,378.5957,379.2353,377.95610000000005,377.95610000000005,406.73537442710403,260.1479454835648,26274.942493840044,win,-0.6395999999999731,16274.942493840088
2026-04-08 13:30:00+00:00,2026-04-08 14:20:00+00:00,sell,377.8227,379.1963,376.4491,376.4491,191.2852540320315,262.74942493840047,26537.691918778444,win,-1.3736000000000104,16537.691918778488
2026-04-08 14:30:00+00:00,2026-04-08 15:30:00+00:00,sell,376.12170000000003,377.3843,374.85910000000007,374.85910000000007,210.1828918008808,265.37691918778444,26803.068837966228,win,-1.2625999999999635,16803.06883796627
2026-04-08 15:40:00+00:00,2026-04-08 16:30:00+00:00,sell,374.6007,376.1543,373.04710000000006,376.1543,172.52232774180558,-268.0306883796623,26535.038149586566,loss,1.5535999999999603,16535.03814958661
2026-04-08 17:45:00+00:00,2026-04-08 21:25:00+00:00,sell,375.8167,376.6193,375.01410000000004,376.6193,330.61348304992646,-265.3503814958657,26269.687768090702,loss,0.802599999999984,16269.687768090744
2026-04-08 22:40:00+00:00,2026-04-08 23:00:00+00:00,sell,376.4067,376.65529999999995,376.15810000000005,376.15810000000005,1056.70505905453,262.69687768090705,26532.38464577161,win,-0.24859999999995352,16532.38464577165
2026-04-08 23:10:00+00:00,2026-04-09 04:00:00+00:00,sell,376.0527,376.8463,375.25910000000005,376.8463,334.3294436211269,-265.3238464577161,26267.060799313895,loss,0.7935999999999694,16267.060799313935
2026-04-09 06:25:00+00:00,2026-04-09 06:30:00+00:00,sell,376.6037,376.80429999999996,376.40310000000005,376.40310000000005,1309.424765669004,262.67060799313896,26529.731407307034,win,-0.2005999999999517,16529.731407307074
2026-04-09 06:40:00+00:00,2026-04-09 07:40:00+00:00,sell,376.30170000000004,376.7733,375.8301000000001,376.7733,562.5473156766096,-265.29731407307037,26264.434093233962,loss,0.4715999999999667,16264.434093234004
2026-04-09 13:15:00+00:00,2026-04-09 13:40:00+00:00,buy,378.14529999999996,377.68170000000003,378.6088999999999,377.68170000000003,566.5322280681194,-262.6443409323396,26001.78975230162,loss,-0.4635999999999285,16001.789752301664
2026-04-09 15:40:00+00:00,2026-04-09 17:25:00+00:00,buy,377.3743,376.33570000000003,378.4129,376.33570000000003,250.35422445890887,-260.01789752301625,25741.771854778606,loss,-1.038599999999974,15741.771854778648
2026-04-09 18:25:00+00:00,2026-04-09 18:30:00+00:00,sell,376.5097,376.9783,376.04110000000003,376.04110000000003,549.333586316254,257.4177185477861,25999.189573326392,win,-0.4685999999999808,15999.189573326434
2026-04-09 19:15:00+00:00,2026-04-10 12:55:00+00:00,sell,375.6637,377.3453,373.9821,377.3453,154.60983333329176,-259.9918957332639,25739.19767759313,loss,1.681600000000003,15739.197677593169
2026-04-10 13:05:00+00:00,2026-04-10 16:00:00+00:00,buy,377.39529999999996,376.7257,378.0648999999999,376.7257,384.3966200357708,-257.3919767759313,25481.805700817196,loss,-0.6695999999999458,15481.805700817238
2026-04-10 17:10:00+00:00,2026-04-10 18:05:00+00:00,sell,375.5937,376.2933,374.89410000000004,374.89410000000004,364.23392939991555,254.81805700817193,25736.623757825368,win,-0.6995999999999754,15736.62375782541
2026-04-10 18:15:00+00:00,2026-04-10 23:10:00+00:00,sell,374.84970000000004,375.64029999999997,374.0591000000001,374.0591000000001,325.5328074605079,257.3662375782537,25993.989995403623,win,-0.7905999999999267,15993.989995403663
2026-04-10 23:25:00+00:00,2026-04-10 23:50:00+00:00,sell,374.00370000000004,374.7813,373.2261000000001,374.7813,334.28485076395697,-259.9398999540362,25734.050095449587,loss,0.7775999999999499,15734.050095449627
2026-04-13 00:10:00+00:00,2026-04-13 00:15:00+00:00,sell,372.6257,374.80429999999996,370.44710000000003,370.44710000000003,118.12195949440034,257.3405009544959,25991.390596404082,win,-2.1785999999999603,15991.390596404124
2026-04-13 01:45:00+00:00,2026-04-13 01:50:00+00:00,sell,367.54670000000004,367.74629999999996,367.3471000000001,367.74629999999996,1302.1738775758865,-259.91390596404085,25731.476690440042,loss,0.1995999999999185,15731.476690440084
2026-04-13 05:15:00+00:00,2026-04-13 05:30:00+00:00,sell,367.80170000000004,368.08529999999996,367.5181000000001,367.5181000000001,907.3158212428472,257.3147669044004,25988.791457344443,win,-0.2835999999999217,15988.791457344485
2026-04-13 05:40:00+00:00,2026-04-13 08:25:00+00:00,sell,367.4357,367.8053,367.0661,367.8053,703.1599420277342,-259.88791457344445,25728.903542771,loss,0.36959999999999127,15728.90354277104
2026-04-13 08:45:00+00:00,2026-04-13 09:05:00+00:00,sell,367.4777,368.1003,366.85510000000005,366.85510000000005,413.24933412740035,257.28903542771,25986.192578198712,win,-0.6225999999999772,15986.19257819875
2026-04-13 09:15:00+00:00,2026-04-13 09:20:00+00:00,sell,366.6787,367.7543,365.6031,365.6031,241.59717904609988,259.8619257819871,26246.0545039807,win,-1.0756000000000085,16246.054503980737
2026-04-13 09:30:00+00:00,2026-04-13 16:50:00+00:00,sell,365.2157,367.7543,362.67710000000005,362.67710000000005,103.3879087055108,262.460545039807,26508.51504902051,win,-2.538599999999974,16508.515049020545
2026-04-13 18:05:00+00:00,2026-04-13 19:20:00+00:00,sell,363.3867,364.08529999999996,362.6881000000001,362.6881000000001,379.45197608105786,265.0851504902051,26773.600199510714,win,-0.6985999999999422,16773.60019951075
2026-04-13 19:30:00+00:00,2026-04-14 12:00:00+00:00,sell,362.53270000000003,363.3433,361.72210000000007,363.3433,330.2936121331342,-267.73600199510713,26505.864197515606,loss,0.8105999999999653,16505.864197515642
2026-04-14 14:05:00+00:00,2026-04-14 14:30:00+00:00,sell,363.0907,363.41229999999996,362.7691000000001,363.41229999999996,824.1873195746631,-265.0586419751561,26240.80555554045,loss,0.3215999999999326,16240.805555540486
2026-04-14 14:55:00+00:00,2026-04-14 15:00:00+00:00,sell,363.07370000000003,363.4343,362.71310000000005,363.4343,727.6984347072143,-262.40805555540453,25978.397499985047,loss,0.3605999999999767,15978.397499985082
2026-04-14 23:05:00+00:00,2026-04-15 00:15:00+00:00,sell,363.2697,363.55629999999996,362.98310000000004,362.98310000000004,906.4339672012657,259.7839749998505,26238.181474984896,win,-0.28659999999996444,16238.181474984933
2026-04-15 02:35:00+00:00,2026-04-15 02:40:00+00:00,sell,363.3527,363.5433,363.16210000000007,363.16210000000007,1376.6097311117676,262.38181474984896,26500.563289734746,win,-0.1905999999999608,16500.563289734782
2026-04-15 12:10:00+00:00,2026-04-15 13:30:00+00:00,buy,364.0123,363.5537,364.4709,364.4709,577.8578999070068,265.0056328973475,26765.568922632094,win,0.4585999999999899,16765.56892263213
2026-04-15 13:40:00+00:00,2026-04-15 15:50:00+00:00,buy,364.4973,363.87870000000004,365.11589999999995,363.87870000000004,432.67974333388145,-267.65568922632093,26497.913233405772,loss,-0.6185999999999581,16497.91323340581
2026-04-15 16:35:00+00:00,2026-04-15 19:15:00+00:00,buy,364.4703,363.83570000000003,365.1049,363.83570000000003,417.55299768998907,-264.97913233405774,26232.934101071714,loss,-0.6345999999999776,16232.93410107175
2026-04-15 22:50:00+00:00,2026-04-15 23:05:00+00:00,sell,362.79970000000003,362.89529999999996,362.7041000000001,362.89529999999996,2744.0307637123387,-262.32934101071714,25970.604760060996,loss,0.09559999999993352,15970.604760061033
2026-04-15 23:55:00+00:00,2026-04-16 00:00:00+00:00,sell,362.7557,362.9523,362.5591,362.9523,1320.9870172971714,-259.70604760060996,25710.89871246039,loss,0.19659999999998945,15710.898712460423
2026-04-16 01:15:00+00:00,2026-04-16 02:00:00+00:00,sell,363.2327,363.4303,363.03510000000006,363.03510000000006,1301.1588417239293,257.1089871246039,25968.007699584992,win,-0.1975999999999658,15968.007699585027
2026-04-16 04:40:00+00:00,2026-04-16 05:40:00+00:00,sell,362.9037,363.0553,362.75210000000004,362.75210000000004,1712.92926778295,259.6800769958499,26227.687776580842,win,-0.15159999999997353,16227.687776580877
2026-04-16 06:05:00+00:00,2026-04-16 09:00:00+00:00,sell,362.70070000000004,363.02529999999996,362.3761000000001,363.02529999999996,808.000239574474,-262.2768777658084,25965.410898815033,loss,0.3245999999999185,15965.41089881507
2026-04-16 11:05:00+00:00,2026-04-16 12:25:00+00:00,buy,364.6353,364.0437,365.22689999999994,365.22689999999994,438.9014688778954,259.6541089881503,26225.065007803183,win,0.5915999999999713,16225.06500780322
2026-04-16 12:35:00+00:00,2026-04-16 13:00:00+00:00,buy,365.2453,364.5337,365.95689999999996,364.5337,368.53660775441364,-262.2506500780318,25962.81435772515,loss,-0.7115999999999758,15962.814357725189
2026-04-16 15:45:00+00:00,2026-04-16 16:25:00+00:00,buy,364.7543,364.3317,365.1769,364.3317,614.3590714085626,-259.62814357725154,25703.1862141479,loss,-0.42259999999998854,15703.186214147938
2026-04-16 17:20:00+00:00,2026-04-17 10:45:00+00:00,buy,364.89529999999996,364.1637,365.6268999999999,364.1637,351.3284064263175,-257.031862141479,25446.154352006422,loss,-0.7315999999999576,15446.154352006459
2026-04-17 12:20:00+00:00,2026-04-17 15:00:00+00:00,sell,363.3627,363.9883,362.73710000000005,362.73710000000005,406.74799156022897,254.46154352006423,25700.615895526487,win,-0.6255999999999631,15700.615895526524
2026-04-17 15:10:00+00:00,2026-04-17 15:15:00+00:00,sell,362.68370000000004,363.1253,362.2421000000001,362.2421000000001,581.9885845908094,257.0061589552649,25957.62205448175,win,-0.44159999999993715,15957.622054481788
2026-04-17 15:25:00+00:00,2026-04-17 15:45:00+00:00,sell,362.23170000000005,363.02529999999996,361.43810000000013,361.43810000000013,327.0869714526791,259.57622054481755,26217.19827502657,win,-0.7935999999999126,16217.198275026605
2026-04-17 15:55:00+00:00,2026-04-20 01:15:00+00:00,sell,360.7377,362.02529999999996,359.4501000000001,362.02529999999996,203.6129098712937,-262.1719827502657,25955.026292276303,loss,1.2875999999999408,15955.02629227634
2026-04-20 03:55:00+00:00,2026-04-20 04:00:00+00:00,sell,362.0967,362.2193,361.9741,361.9741,2117.0494528777435,259.550262922763,26214.576555199066,win,-0.12259999999997717,16214.576555199103
2026-04-20 04:15:00+00:00,2026-04-20 09:20:00+00:00,sell,361.5527,362.32529999999997,360.78010000000006,362.32529999999997,339.3033465596766,-262.1457655519907,25952.430789647075,loss,0.7725999999999544,15952.430789647113
2026-04-20 09:55:00+00:00,2026-04-20 11:40:00+00:00,sell,361.4637,362.5943,360.33310000000006,362.5943,229.54564646778726,-259.52430789647076,25692.906481750604,loss,1.1305999999999585,15692.906481750642
2026-04-20 21:05:00+00:00,2026-04-20 23:55:00+00:00,sell,361.6347,361.8153,361.45410000000004,361.45410000000004,1422.6415549144456,256.92906481750606,25949.83554656811,win,-0.1805999999999699,15949.835546568149
2026-04-21 00:05:00+00:00,2026-04-21 04:05:00+00:00,sell,360.9947,361.8003,360.18910000000005,361.8003,322.1181175095466,-259.4983554656811,25690.337191102426,loss,0.8055999999999699,15690.337191102468
2026-04-21 06:05:00+00:00,2026-04-21 06:15:00+00:00,sell,361.66270000000003,361.85429999999997,361.4711000000001,361.85429999999997,1340.831794943155,-256.90337191102424,25433.433819191403,loss,0.19159999999993715,15433.433819191443
2026-04-21 06:55:00+00:00,2026-04-21 08:25:00+00:00,sell,361.6567,361.8753,361.4381,361.4381,1163.4690676666805,254.33433819191404,25687.768157383318,win,-0.2185999999999808,15687.768157383358
2026-04-21 13:05:00+00:00,2026-04-21 13:20:00+00:00,buy,362.0553,361.6947,362.41589999999997,361.6947,712.361845740016,-256.8776815738332,25430.890475809483,loss,-0.3605999999999767,15430.890475809525
2026-04-21 14:05:00+00:00,2026-04-21 15:50:00+00:00,buy,362.1253,361.68370000000004,362.5668999999999,362.5668999999999,575.8806720066373,254.30890475809483,25685.199380567577,win,0.44159999999993715,15685.19938056762
2026-04-21 16:00:00+00:00,2026-04-21 17:05:00+00:00,buy,362.6033,361.97270000000003,363.23389999999995,361.97270000000003,407.3136596982123,-256.85199380567576,25428.347386761903,loss,-0.6305999999999585,15428.347386761943
2026-04-21 17:15:00+00:00,2026-04-21 17:45:00+00:00,buy,362.27529999999996,361.9517,362.5988999999999,362.5988999999999,785.7956547208421,254.28347386761905,25682.63086062952,win,0.32359999999994216,15682.630860629562
2026-04-21 17:55:00+00:00,2026-04-21 19:40:00+00:00,buy,362.8053,362.1377,363.4729,363.4729,384.70088167510164,256.8263086062952,25939.457169235815,win,0.6675999999999931,15939.457169235857
2026-04-21 19:50:00+00:00,2026-04-21 20:05:00+00:00,buy,363.5053,362.9537,364.0568999999999,364.0568999999999,470.25846934804446,259.39457169235817,26198.851740928174,win,0.5515999999999508,16198.851740928216
2026-04-21 20:15:00+00:00,2026-04-21 20:30:00+00:00,buy,364.1053,363.4547,364.7559,363.4547,402.68754597184585,-261.98851740928177,25936.863223518892,loss,-0.6505999999999972,15936.863223518934
2026-04-21 22:40:00+00:00,2026-04-21 23:05:00+00:00,buy,364.15529999999995,363.43670000000003,364.8738999999999,364.8738999999999,360.9360314990487,259.36863223518895,26196.231855754082,win,0.718599999999924,16196.231855754124
2026-04-22 01:00:00+00:00,2026-04-22 02:25:00+00:00,buy,363.44329999999997,362.8987,363.9878999999999,363.9878999999999,481.01784531319663,261.9623185575408,26458.194174311622,win,0.5445999999999458,16458.194174311666
2026-04-22 04:10:00+00:00,2026-04-22 08:00:00+00:00,buy,363.6653,363.4667,363.8639,363.8639,1332.2353562090511,264.5819417431162,26722.776116054738,win,0.198599999999999,16722.77611605478
2026-04-22 10:05:00+00:00,2026-04-22 10:15:00+00:00,buy,363.10929999999996,362.7137,363.5048999999999,363.5048999999999,675.499901821498,267.2277611605474,26990.003877215284,win,0.3955999999999449,16990.003877215328
2026-04-22 11:30:00+00:00,2026-04-22 12:00:00+00:00,buy,363.8173,363.3767,364.25789999999995,364.25789999999995,612.5738510489716,269.90003877215287,27259.903915987437,win,0.4405999999999608,17259.90391598748
2026-04-22 13:00:00+00:00,2026-04-22 13:30:00+00:00,buy,364.3683,363.7407,364.99589999999995,363.7407,434.35156016552946,-272.5990391598744,26987.304876827562,loss,-0.6275999999999726,16987.304876827606
2026-04-22 14:25:00+00:00,2026-04-22 14:40:00+00:00,buy,364.1683,363.6907,364.6459,364.6459,565.060822379142,269.8730487682756,27257.17792559584,win,0.47759999999999536,17257.177925595883
2026-04-22 14:55:00+00:00,2026-04-22 16:20:00+00:00,buy,364.9583,363.8587,366.0579,363.8587,247.8826657475046,-272.5717792559584,26984.60614633988,loss,-1.0996000000000095,16984.606146339924
2026-04-22 17:35:00+00:00,2026-04-22 17:55:00+00:00,buy,363.77529999999996,363.3417,364.2088999999999,364.2088999999999,622.3387026370533,269.8460614633988,27254.45220780328,win,0.4335999999999558,17254.452207803322
2026-04-22 18:05:00+00:00,2026-04-22 18:15:00+00:00,buy,364.2543,363.80670000000003,364.70189999999997,364.70189999999997,608.9019706837659,272.5445220780328,27526.99672988131,win,0.4475999999999658,17526.996729881354
2026-04-22 18:55:00+00:00,2026-04-23 00:00:00+00:00,buy,364.70529999999997,364.05870000000004,365.3518999999999,364.05870000000004,425.719095729735,-275.2699672988131,27251.726762582497,loss,-0.6465999999999212,17251.72676258254
2026-04-23 01:05:00+00:00,2026-04-23 01:10:00+00:00,buy,364.0833,363.9737,364.1929,364.1929,2486.4714199436503,272.51726762582496,27524.244030208323,win,0.10960000000000036,17524.244030208367
2026-04-23 01:20:00+00:00,2026-04-23 03:15:00+00:00,buy,364.4973,363.9737,365.0209,365.0209,525.6731098206451,275.24244030208325,27799.48647051041,win,0.5235999999999876,17799.486470510452
2026-04-23 04:50:00+00:00,2026-04-23 05:15:00+00:00,buy,364.65529999999995,364.2787,365.0318999999999,365.0318999999999,738.1701133965714,277.9948647051041,28077.48133521551,win,0.3765999999999394,18077.481335215554
2026-04-23 06:15:00+00:00,2026-04-23 06:20:00+00:00,buy,365.06329999999997,364.6227,365.50389999999993,365.50389999999993,637.2555909037224,280.7748133521551,28358.256148567667,win,0.4405999999999608,18358.25614856771
2026-04-23 06:30:00+00:00,2026-04-23 08:30:00+00:00,buy,365.5053,364.9287,366.08189999999996,364.9287,491.8185249491573,-283.58256148567665,28074.67358708199,loss,-0.5765999999999849,18074.673587082034
2026-04-23 09:45:00+00:00,2026-04-23 09:55:00+00:00,buy,365.17629999999997,364.7377,365.6148999999999,365.6148999999999,640.0974370060445,280.7467358708199,28355.42032295281,win,0.43859999999995125,18355.420322952854
2026-04-23 10:25:00+00:00,2026-04-23 14:50:00+00:00,buy,365.9513,364.85470000000004,367.04789999999997,364.85470000000004,258.57578262770085,-283.5542032295281,28071.866119723283,loss,-1.0965999999999667,18071.866119723327
2026-04-23 16:10:00+00:00,2026-04-23 20:10:00+00:00,buy,365.1103,364.2547,365.9659,365.9659,328.09567694861965,280.71866119723285,28352.584780920515,win,0.8555999999999813,18352.58478092056
2026-04-23 20:20:00+00:00,2026-04-24 14:25:00+00:00,buy,366.40229999999997,364.8537,367.95089999999993,364.8537,183.08526915227407,-283.5258478092052,28069.05893311131,loss,-1.548599999999965,18069.058933111355
2026-04-24 17:30:00+00:00,2026-04-24 18:40:00+00:00,sell,364.8057,365.2073,364.4041,364.4041,698.930750326523,280.69058933111313,28349.749522442424,win,-0.40159999999997353,18349.749522442467
2026-04-24 18:50:00+00:00,2026-04-24 23:50:00+00:00,sell,364.3537,365.1343,363.5731,363.5731,363.17895878097227,283.49749522442426,28633.247017666847,win,-0.7805999999999926,18633.24701766689
2026-04-27 03:05:00+00:00,2026-04-27 03:10:00+00:00,sell,365.3417,365.3923,365.29110000000003,365.29110000000003,5658.744469897492,286.3324701766685,28919.579487843515,win,-0.05059999999997444,18919.57948784356
2026-04-27 03:20:00+00:00,2026-04-27 04:15:00+00:00,sell,364.9047,365.45529999999997,364.3541,364.3541,525.2375497247522,289.1957948784351,29208.775282721952,win,-0.5505999999999744,19208.775282721996
2026-04-27 04:30:00+00:00,2026-04-27 11:20:00+00:00,sell,364.3507,364.9593,363.74210000000005,363.74210000000005,479.93386925276906,292.0877528272195,29500.863035549173,win,-0.6085999999999672,19500.863035549217
2026-04-27 11:30:00+00:00,2026-04-27 20:15:00+00:00,sell,363.3997,364.46529999999996,362.33410000000003,364.46529999999996,276.84743839668033,-295.00863035549173,29205.85440519368,loss,1.0655999999999608,19205.854405193724
2026-04-27 20:30:00+00:00,2026-04-27 20:40:00+00:00,sell,364.27570000000003,364.53029999999995,364.0211000000001,364.0211000000001,1147.1270386960819,292.0585440519368,29497.912949245616,win,-0.25459999999992533,19497.91294924566
2026-04-27 23:10:00+00:00,2026-04-27 23:15:00+00:00,sell,364.18870000000004,364.4403,363.9371000000001,363.9371000000001,1172.4130742946231,294.97912949245614,29792.89207873807,win,-0.2515999999999394,19792.892078738114
2026-04-27 23:55:00+00:00,2026-04-28 00:10:00+00:00,sell,363.93670000000003,364.3053,363.5681000000001,363.5681000000001,808.2716244910869,297.9289207873807,30090.82099952545,win,-0.3685999999999581,20090.820999525495
2026-04-28 01:00:00+00:00,2026-04-28 03:00:00+00:00,sell,363.5557,364.1653,362.9461,364.1653,493.6158300447086,-300.90820999525454,29789.912789530197,loss,0.6096000000000004,19789.91278953024
2026-04-28 08:05:00+00:00,2026-04-28 08:10:00+00:00,buy,364.18129999999996,364.16470000000004,364.1978999999999,364.1978999999999,17945.730596182762,297.899127895302,30087.8119174255,win,0.016599999999925785,20087.811917425544
2026-04-28 08:20:00+00:00,2026-04-28 08:45:00+00:00,buy,364.3273,364.1347,364.51989999999995,364.51989999999995,1562.19168834009,300.878119174255,30388.690036599757,win,0.19259999999997035,20388.6900365998
2026-04-28 09:20:00+00:00,2026-04-28 09:45:00+00:00,buy,364.79429999999996,364.16970000000003,365.4188999999999,365.4188999999999,486.5304200544856,303.8869003659976,30692.576936965754,win,0.6245999999999299,20692.576936965797
2026-04-28 09:55:00+00:00,2026-04-28 10:25:00+00:00,buy,365.5003,364.7157,366.28489999999994,364.7157,391.1875724823798,-306.92576936965753,30385.651167596097,loss,-0.7845999999999549,20385.65116759614
2026-04-28 12:00:00+00:00,2026-04-28 14:30:00+00:00,buy,364.9953,364.3967,365.59389999999996,365.59389999999996,507.61194733707487,303.856511675961,30689.507679272057,win,0.5985999999999763,20689.5076792721
2026-04-28 18:05:00+00:00,2026-04-29 11:35:00+00:00,sell,363.57370000000003,364.43829999999997,362.7091000000001,364.43829999999997,354.9561378588275,-306.8950767927206,30382.612602479338,loss,0.864599999999939,20382.61260247938
2026-04-29 16:20:00+00:00,2026-04-29 16:35:00+00:00,buy,364.1853,363.7737,364.59689999999995,364.59689999999995,738.15871240238,303.8261260247934,30686.43872850413,win,0.41159999999996444,20686.438728504174
2026-04-29 16:50:00+00:00,2026-04-29 18:55:00+00:00,buy,364.6953,363.7937,365.59689999999995,365.59689999999995,340.3553541315997,306.8643872850413,30993.30311578917,win,0.9015999999999735,20993.303115789215
2026-04-29 21:15:00+00:00,2026-04-29 23:55:00+00:00,buy,365.4933,364.8757,366.11089999999996,364.8757,501.83457117535767,-309.9330311578917,30683.37008463128,loss,-0.6175999999999817,20683.370084631322
2026-04-30 01:40:00+00:00,2026-04-30 01:50:00+00:00,buy,365.41929999999996,365.0987,365.7398999999999,365.0987,957.0608260959285,-306.8337008463128,30376.536383784965,loss,-0.32059999999995625,20376.53638378501
2026-04-30 03:55:00+00:00,2026-04-30 06:50:00+00:00,buy,365.3453,364.9227,365.7679,365.7679,718.8011449073779,303.76536383784963,30680.301747622816,win,0.42259999999998854,20680.30174762286
2026-04-30 07:00:00+00:00,2026-04-30 07:05:00+00:00,buy,365.8853,365.6797,366.0908999999999,366.0908999999999,1492.2325752738668,306.80301747622815,30987.104765099044,win,0.20559999999994716,20987.104765099088
2026-04-30 07:15:00+00:00,2026-04-30 07:20:00+00:00,buy,366.1703,365.71270000000004,366.62789999999995,366.62789999999995,677.1657509856201,309.8710476509904,31296.975812750035,win,0.4575999999999567,21296.97581275008
2026-04-30 07:30:00+00:00,2026-04-30 10:15:00+00:00,buy,366.7253,365.89070000000004,367.55989999999997,365.89070000000004,374.9937192996801,-312.96975812750037,30984.006054622536,loss,-0.8345999999999663,20984.00605462258
2026-04-30 17:10:00+00:00,2026-05-01 09:50:00+00:00,sell,364.5437,365.4043,363.6831,363.6831,360.02795787384815,309.84006054622535,31293.846115168762,win,-0.8605999999999767,21293.846115168806
2026-05-01 10:15:00+00:00,2026-05-01 10:50:00+00:00,sell,363.5797,364.26529999999997,362.89410000000004,364.26529999999997,456.4446632901159,-312.93846115168765,30980.907654017075,loss,0.6855999999999653,20980.90765401712
2026-05-01 15:10:00+00:00,2026-05-01 15:20:00+00:00,sell,363.8537,364.3653,363.3421,363.3421,605.5689533623505,309.80907654017074,31290.716730557248,win,-0.5115999999999872,21290.71673055729
2026-05-01 15:30:00+00:00,2026-05-01 17:15:00+00:00,sell,363.3037,364.3943,362.2131,362.2131,286.9128620076783,312.9071673055725,31603.62389786282,win,-1.090599999999995,21603.623897862864
2026-05-01 17:25:00+00:00,2026-05-04 13:05:00+00:00,sell,362.1147,363.7333,360.49610000000007,363.7333,195.25283515299418,-316.0362389786282,31287.587658884193,loss,1.618599999999958,21287.587658884237
2026-05-04 18:05:00+00:00,2026-05-04 18:15:00+00:00,buy,362.5713,361.9407,363.2019,363.2019,496.1558461605365,312.87587658884195,31600.463535473034,win,0.6306000000000154,21600.463535473078
2026-05-04 18:25:00+00:00,2026-05-04 22:10:00+00:00,buy,363.58029999999997,361.9977,365.1628999999999,365.1628999999999,199.67435571511373,316.00463535473034,31916.468170827764,win,1.5825999999999567,21916.468170827808
2026-05-04 23:25:00+00:00,2026-05-05 00:00:00+00:00,buy,364.95029999999997,364.5237,365.3768999999999,364.5237,748.1591226167709,-319.16468170827767,31597.303489119487,loss,-0.4265999999999508,21597.30348911953
2026-05-05 03:05:00+00:00,2026-05-05 14:55:00+00:00,buy,364.2043,362.89070000000004,365.51789999999994,362.89070000000004,240.5397646857541,-315.97303489119486,31281.330454228293,loss,-1.3135999999999513,21281.330454228337
2026-05-05 15:05:00+00:00,2026-05-05 15:25:00+00:00,sell,362.67470000000003,363.1953,362.1541000000001,362.1541000000001,600.870734810442,312.81330454228294,31594.143758770577,win,-0.5205999999999449,21594.14375877062
2026-05-05 16:10:00+00:00,2026-05-05 18:00:00+00:00,sell,362.0867,362.7733,361.4001,361.4001,460.1535647942127,315.94143758770576,31910.085196358283,win,-0.6865999999999985,21910.085196358326
2026-05-05 18:10:00+00:00,2026-05-06 00:00:00+00:00,sell,361.29470000000003,361.84729999999996,360.7421000000001,360.7421000000001,577.4535866153183,319.1008519635828,32229.186048321866,win,-0.5525999999999271,22229.18604832191
2026-05-06 02:20:00+00:00,2026-05-06 03:30:00+00:00,sell,361.0287,361.26829999999995,360.7891000000001,360.7891000000001,1345.1246263910716,322.29186048321867,32551.477908805085,win,-0.23959999999993897,22551.47790880513
2026-05-06 03:40:00+00:00,2026-05-06 04:55:00+00:00,sell,360.7157,360.9373,360.49410000000006,360.9373,1468.929508520306,-325.5147790880509,32225.963129717034,loss,0.2215999999999667,22225.963129717078
2026-05-06 07:20:00+00:00,2026-05-06 07:55:00+00:00,sell,361.0217,361.1323,360.91110000000003,360.91110000000003,2913.7398851468192,322.25963129717036,32548.222761014204,win,-0.11059999999997672,22548.222761014247
2026-05-06 08:05:00+00:00,2026-05-06 08:15:00+00:00,sell,360.8527,361.0053,360.7001000000001,361.0053,2132.9110590448818,-325.48222761014205,32222.740533404063,loss,0.1525999999999499,22222.740533404107
2026-05-06 08:25:00+00:00,2026-05-06 08:30:00+00:00,sell,360.6737,361.07829999999996,360.26910000000004,360.26910000000004,796.4098006279607,322.2274053340406,32544.967938738104,win,-0.40459999999995944,22544.967938738147
2026-05-06 08:45:00+00:00,2026-05-06 10:55:00+00:00,sell,360.2647,361.0653,359.46410000000003,359.46410000000003,406.5072188201242,325.449679387381,32870.41761812549,win,-0.8005999999999744,22870.417618125528
2026-05-06 11:50:00+00:00,2026-05-06 13:45:00+00:00,sell,359.32370000000003,360.30429999999996,358.3431000000001,358.3431000000001,335.2071957794006,328.70417618125487,33199.121794306746,win,-0.9805999999999244,23199.121794306782
2026-05-06 13:55:00+00:00,2026-05-06 15:05:00+00:00,sell,357.92470000000003,359.1253,356.7241000000001,359.1253,276.52108774202964,-331.99121794306745,32867.13057636368,loss,1.2005999999999517,22867.130576363714
2026-05-06 16:35:00+00:00,2026-05-06 19:10:00+00:00,sell,358.94370000000004,359.5553,358.3321000000001,358.3321000000001,537.3958563827044,328.67130576363684,33195.801882127314,win,-0.6115999999999531,23195.80188212735
2026-05-06 19:25:00+00:00,2026-05-06 20:05:00+00:00,sell,358.3287,358.7853,357.87210000000005,357.87210000000005,727.021504207813,331.95801882127313,33527.759900948586,win,-0.45659999999998035,23527.759900948626
2026-05-06 20:55:00+00:00,2026-05-06 21:10:00+00:00,sell,357.84770000000003,358.10429999999997,357.5911000000001,357.5911000000001,1306.6157404893645,335.27759900948587,33863.037499958074,win,-0.2565999999999349,23863.03749995811
2026-05-06 21:20:00+00:00,2026-05-06 22:55:00+00:00,sell,357.5357,357.9563,357.11510000000004,357.9563,805.1126367085061,-338.63037499958074,33524.407124958496,loss,0.420599999999979,23524.40712495853
2026-05-06 23:30:00+00:00,2026-05-06 23:45:00+00:00,sell,357.8217,358.0043,357.63910000000004,358.0043,1835.9478162629941,-335.244071249585,33189.16305370891,loss,0.18259999999997945,23189.163053708944
2026-05-07 00:00:00+00:00,2026-05-07 00:25:00+00:00,sell,357.75370000000004,358.0103,357.4971000000001,358.0103,1293.4202281261626,-331.8916305370891,32857.27142317182,loss,0.2565999999999349,22857.271423171856
2026-05-07 00:55:00+00:00,2026-05-07 01:30:00+00:00,sell,357.7377,358.03029999999995,357.4451000000001,358.03029999999995,1122.9416070806212,-328.5727142317182,32528.6987089401,loss,0.29259999999993624,22528.698708940137
2026-05-07 04:10:00+00:00,2026-05-07 09:10:00+00:00,sell,358.0597,358.27529999999996,357.8441000000001,358.27529999999996,1508.7522592277107,-325.286987089401,32203.4117218507,loss,0.21559999999993806,22203.411721850738
2026-05-07 09:35:00+00:00,2026-05-07 09:40:00+00:00,sell,357.99370000000005,358.2953,357.6921000000001,357.6921000000001,1067.752378045622,322.03411721850705,32525.44583906921,win,-0.3015999999999508,22525.445839069245
2026-05-07 09:55:00+00:00,2026-05-07 12:40:00+00:00,sell,357.34970000000004,358.40529999999995,356.2941000000001,356.2941000000001,308.1228290931403,325.2544583906921,32850.7002974599,win,-1.055599999999913,22850.700297459938
2026-05-07 13:00:00+00:00,2026-05-07 16:25:00+00:00,sell,355.8767,356.84729999999996,354.9061000000001,354.9061000000001,338.457658123451,328.507002974599,33179.2073004345,win,-0.9705999999999335,23179.207300434537
2026-05-07 17:55:00+00:00,2026-05-07 18:25:00+00:00,sell,355.37870000000004,355.8553,354.9021000000001,355.8553,696.1646517087104,-331.792073004345,32847.41522743015,loss,0.47659999999996217,22847.415227430192
2026-05-07 20:20:00+00:00,2026-05-07 20:25:00+00:00,sell,356.2617,356.7073,355.81610000000006,356.7073,737.1502519621494,-328.4741522743015,32518.94107515585,loss,0.44559999999995625,22518.94107515589
2026-05-07 21:40:00+00:00,2026-05-07 21:45:00+00:00,sell,356.04470000000003,356.44129999999996,355.6481000000001,356.44129999999996,819.9430427423679,-325.1894107515585,32193.75166440429,loss,0.39659999999992124,22193.75166440433
2026-05-07 23:55:00+00:00,2026-05-08 01:30:00+00:00,sell,356.1857,357.15529999999995,355.21610000000004,355.21610000000004,332.03126716590054,321.93751664404294,32515.689181048336,win,-0.9695999999999572,22515.689181048376
2026-05-08 08:10:00+00:00,2026-05-08 08:30:00+00:00,sell,356.53470000000004,356.8123,356.2571000000001,356.2571000000001,1171.3144517670823,325.1568918104834,32840.84607285882,win,-0.2775999999999499,22840.846072858858
2026-05-08 08:45:00+00:00,2026-05-08 11:30:00+00:00,sell,356.0007,356.76829999999995,355.23310000000004,355.23310000000004,427.8380155401325,328.4084607285882,33169.25453358741,win,-0.767599999999959,23169.254533587446
2026-05-08 11:40:00+00:00,2026-05-08 14:25:00+00:00,sell,355.2287,355.88829999999996,354.56910000000005,355.88829999999996,502.86923186157793,-331.6925453358741,32837.56198825154,loss,0.6595999999999549,22837.56198825157
2026-05-08 15:25:00+00:00,2026-05-08 15:35:00+00:00,sell,355.3517,355.91229999999996,354.79110000000003,354.79110000000003,585.7574382492609,328.37561988251537,33165.93760813405,win,-0.5605999999999653,23165.937608134085
