entry_time,exit_time,side,entry,sl,tp,exit,qty,pnl,balance_after,result,exit_minus_entry,cumulative_pnl
2025-06-07 16:05:00+00:00,2025-06-07 18:15:00+00:00,sell,151.38,152.07,150.69,150.69,144.92753623188455,100.0,10100.0,win,-0.6899999999999977,100.0
2025-06-07 18:40:00+00:00,2025-06-08 02:35:00+00:00,sell,150.35999999999999,151.22,149.49999999999997,149.49999999999997,117.44186046511442,101.0,10201.0,win,-0.8600000000000136,201.0
2025-06-08 02:45:00+00:00,2025-06-08 03:45:00+00:00,sell,149.41,150.1,148.72,148.72,147.84057971014542,102.01,10303.01,win,-0.6899999999999977,303.01
2025-06-08 04:05:00+00:00,2025-06-08 04:40:00+00:00,sell,148.67,149.49,147.84999999999997,149.49,125.64646341463084,-103.0301,10199.9799,loss,0.8200000000000216,199.9799
2025-06-08 05:55:00+00:00,2025-06-08 06:35:00+00:00,sell,149.37,149.72,149.02,149.72,291.4279971428619,-101.99979900000001,10097.980101000001,loss,0.3499999999999943,97.98010099999998
2025-06-08 07:10:00+00:00,2025-06-08 07:35:00+00:00,sell,149.13,149.77,148.48999999999998,149.77,157.78093907812138,-100.97980101000002,9997.00029999,loss,0.6400000000000148,-2.9997000100000406
2025-06-08 08:55:00+00:00,2025-06-08 09:25:00+00:00,sell,149.31,149.9,148.72,149.9,169.440683050677,-99.9700029999,9897.0302969901,loss,0.5900000000000034,-102.96970300990004
2025-06-08 10:30:00+00:00,2025-06-08 10:55:00+00:00,sell,149.33,149.94,148.72000000000003,148.72000000000003,162.24639831131708,98.97030296990103,9996.000599960002,win,-0.6099999999999852,-3.999400039999017
2025-06-08 11:35:00+00:00,2025-06-08 12:15:00+00:00,sell,148.59,149.38,147.8,147.8,126.53165316405193,99.96000599960001,10095.9606059596,win,-0.789999999999992,95.960605959601
2025-06-08 12:25:00+00:00,2025-06-08 14:20:00+00:00,sell,147.71,148.76,146.66000000000003,148.76,96.15200577104538,-100.95960605959601,9995.000999900005,loss,1.049999999999983,-4.9990000999950155
2025-06-08 15:35:00+00:00,2025-06-08 16:30:00+00:00,sell,148.60999999999999,149.32,147.89999999999998,149.32,140.77466197042102,-99.95000999900005,9895.050989901005,loss,0.710000000000008,-104.94901009899506
2025-06-08 20:05:00+00:00,2025-06-08 20:10:00+00:00,buy,151.67,151.2,152.14,152.14,210.53299978512828,98.95050989901006,9994.001499800015,win,0.46999999999999886,-5.998500199985003
2025-06-08 20:35:00+00:00,2025-06-08 23:00:00+00:00,buy,152.75,151.25,154.25,154.25,66.62667666533343,99.94001499800015,10093.941514798014,win,1.5,93.94151479801515
2025-06-09 00:40:00+00:00,2025-06-09 00:50:00+00:00,buy,153.91,153.35,154.47,154.47,180.24895562139238,100.93941514798014,10194.880929945995,win,0.5600000000000023,194.8809299459953
2025-06-09 03:30:00+00:00,2025-06-09 03:45:00+00:00,buy,152.15,151.56,152.74,151.56,172.79459203298197,-101.94880929945995,10092.932120646536,loss,-0.5900000000000034,92.93212064653534
2025-06-09 10:20:00+00:00,2025-06-09 11:35:00+00:00,sell,149.51,150.49,148.52999999999997,150.49,102.98910327190151,-100.92932120646536,9992.00279944007,loss,0.9800000000000182,-7.997200559930022
2025-06-09 12:10:00+00:00,2025-06-09 12:35:00+00:00,buy,151.22,150.13,152.31,152.31,91.66975045357833,99.9200279944007,10091.922827434471,win,1.0900000000000034,91.92282743447068
2025-06-09 12:45:00+00:00,2025-06-09 13:10:00+00:00,buy,152.37,150.73,154.01000000000002,154.01000000000002,61.53611480142915,100.91922827434472,10192.842055708816,win,1.6400000000000148,192.8420557088154
2025-06-09 13:20:00+00:00,2025-06-09 14:15:00+00:00,buy,154.13,152.7,155.56,155.56,71.27861577418719,101.92842055708816,10294.770476265903,win,1.4300000000000068,294.77047626590354
2025-06-09 14:35:00+00:00,2025-06-09 15:05:00+00:00,buy,155.75,154.35999999999999,157.14000000000001,154.35999999999999,74.06309695155247,-102.94770476265903,10191.822771503244,loss,-1.3900000000000148,191.8227715032445
2025-06-09 17:25:00+00:00,2025-06-09 18:10:00+00:00,buy,153.66,152.48,154.84,154.84,86.37137941951852,101.91822771503244,10293.740999218277,win,1.1800000000000068,293.74099921827695
2025-06-09 19:15:00+00:00,2025-06-10 00:00:00+00:00,buy,155.01,153.17,156.85,156.85,55.94424456096879,102.93740999218276,10396.678409210459,win,1.8400000000000034,396.67840921045973
2025-06-10 00:10:00+00:00,2025-06-10 00:25:00+00:00,buy,156.94,155.71,158.17,158.17,84.52584072528899,103.96678409210459,10500.645193302564,win,1.2299999999999898,500.64519330256434
2025-06-10 00:35:00+00:00,2025-06-10 02:40:00+00:00,buy,158.77,156.74,160.8,160.8,51.72731622316531,105.00645193302564,10605.65164523559,win,2.030000000000001,605.65164523559
2025-06-10 03:25:00+00:00,2025-06-10 05:05:00+00:00,buy,161.07,158.97,163.17,158.97,50.503103072550566,-106.05651645235591,10499.595128783234,loss,-2.0999999999999943,499.59512878323403
2025-06-10 08:15:00+00:00,2025-06-10 08:20:00+00:00,buy,158.86,158.07,159.65000000000003,158.07,132.9062674529489,-104.99595128783234,10394.599177495402,loss,-0.7900000000000205,394.5991774954017
2025-06-10 09:35:00+00:00,2025-06-10 13:05:00+00:00,buy,157.56,156.7,158.42000000000002,158.42000000000002,120.86743229645624,103.94599177495402,10498.545169270355,win,0.8600000000000136,498.5451692703557
2025-06-10 13:15:00+00:00,2025-06-10 13:35:00+00:00,buy,158.61,157.81,159.41000000000003,157.81,131.2318146158776,-104.98545169270356,10393.559717577651,loss,-0.8000000000000114,393.5597175776521
2025-06-10 14:25:00+00:00,2025-06-10 14:35:00+00:00,buy,159.0,157.63,160.37,160.37,75.86539939837677,103.93559717577652,10497.495314753427,win,1.3700000000000045,497.49531475342866
2025-06-10 14:45:00+00:00,2025-06-10 16:40:00+00:00,buy,160.47,157.68,163.26,157.68,37.62543123567548,-104.97495314753428,10392.520361605893,loss,-2.789999999999992,392.5203616058944
2025-06-10 21:40:00+00:00,2025-06-10 21:45:00+00:00,buy,157.97,157.16,158.78,158.78,128.30272051365264,103.92520361605894,10496.445565221953,win,0.8100000000000023,496.4455652219533
2025-06-10 21:55:00+00:00,2025-06-10 22:00:00+00:00,buy,160.44,157.49,163.39,163.39,35.58117140753218,104.96445565221953,10601.410020874173,win,2.9499999999999886,601.4100208741728
2025-06-10 22:20:00+00:00,2025-06-12 10:40:00+00:00,buy,164.1,157.60999999999999,170.59,157.60999999999999,16.334992328003327,-106.01410020874174,10495.39592066543,loss,-6.490000000000009,495.39592066543105
2025-06-12 11:05:00+00:00,2025-06-12 11:55:00+00:00,sell,157.56,158.86,156.26,158.86,80.73381477434876,-104.9539592066543,10390.441961458777,loss,1.3000000000000114,390.44196145877675
2025-06-12 13:10:00+00:00,2025-06-12 14:20:00+00:00,sell,158.32,159.18,157.45999999999998,157.45999999999998,120.81909257510014,103.90441961458777,10494.346381073365,win,-0.8600000000000136,494.3463810733645
2025-06-12 14:30:00+00:00,2025-06-12 17:00:00+00:00,sell,157.04,158.45,155.63,158.45,74.427988518251,-104.94346381073366,10389.40291726263,loss,1.4099999999999966,389.40291726263087
2025-06-12 18:15:00+00:00,2025-06-12 18:20:00+00:00,sell,159.05,159.87,158.23000000000002,158.23000000000002,126.70003557637459,103.8940291726263,10493.296946435257,win,-0.8199999999999932,493.29694643525715
2025-06-12 18:30:00+00:00,2025-06-12 18:50:00+00:00,sell,157.93,159.63,156.23000000000002,156.23000000000002,61.72527615550193,104.93296946435258,10598.22991589961,win,-1.6999999999999886,598.2299158996098
2025-06-12 21:05:00+00:00,2025-06-12 21:15:00+00:00,sell,159.04,159.81,158.26999999999998,158.26999999999998,137.63934955713597,105.98229915899611,10704.212215058606,win,-0.7700000000000102,704.2122150586058
2025-06-12 21:25:00+00:00,2025-06-12 22:45:00+00:00,sell,157.73,159.6,155.85999999999999,155.85999999999999,57.2417765511154,107.04212215058605,10811.254337209191,win,-1.8700000000000045,811.2543372091918
2025-06-12 22:55:00+00:00,2025-06-13 03:00:00+00:00,sell,154.23,157.33,151.12999999999997,151.12999999999997,34.87501399099714,108.11254337209192,10919.366880581283,win,-3.1000000000000227,919.3668805812838
2025-06-13 03:10:00+00:00,2025-06-13 03:20:00+00:00,sell,149.07,152.26,145.88,145.88,34.229990221257964,109.19366880581283,11028.560549387095,win,-3.1899999999999977,1028.5605493870967
2025-06-13 03:30:00+00:00,2025-06-15 18:05:00+00:00,sell,145.55,151.9,139.20000000000002,151.9,17.36781188879859,-110.28560549387096,10918.274943893224,loss,6.349999999999994,918.2749438932257
2025-06-15 18:40:00+00:00,2025-06-15 23:45:00+00:00,buy,152.16,148.57,155.75,148.57,30.413022127836253,-109.18274943893225,10809.092194454292,loss,-3.5900000000000034,809.0921944542935
2025-06-16 01:00:00+00:00,2025-06-16 01:45:00+00:00,buy,150.36,148.7,152.02000000000004,152.02000000000004,65.11501321960318,108.09092194454291,10917.183116398834,win,1.660000000000025,917.1831163988363
2025-06-16 02:15:00+00:00,2025-06-16 04:10:00+00:00,buy,152.13,150.87,153.39,150.87,86.64431044761042,-109.17183116398834,10808.011285234845,loss,-1.259999999999991,808.011285234848
2025-06-16 04:30:00+00:00,2025-06-16 04:35:00+00:00,buy,151.72,150.77,152.67,152.67,113.76853984457868,108.08011285234845,10916.091398087194,win,0.9499999999999886,916.0913980871964
2025-06-16 04:45:00+00:00,2025-06-16 22:00:00+00:00,buy,154.11,150.55,157.67000000000002,157.67000000000002,30.66317808451457,109.16091398087194,11025.252312068065,win,3.5600000000000023,1025.2523120680682
2025-06-16 22:10:00+00:00,2025-06-16 22:55:00+00:00,buy,157.82,156.74,158.89999999999998,156.74,102.08566955618728,-110.25252312068064,10914.999788947385,loss,-1.079999999999984,914.9997889473876
2025-06-17 05:15:00+00:00,2025-06-17 05:50:00+00:00,sell,150.62,151.47,149.77,151.47,128.41176222291128,-109.14999788947385,10805.849791057912,loss,0.8499999999999943,805.8497910579138
2025-06-17 07:10:00+00:00,2025-06-17 07:40:00+00:00,sell,152.5,153.08,151.92,151.92,186.30775501823584,108.05849791057912,10913.90828896849,win,-0.5800000000000125,913.9082889684929
2025-06-17 09:40:00+00:00,2025-06-17 11:35:00+00:00,sell,152.3,153.29,151.31000000000003,151.31000000000003,110.24149786837076,109.13908288968491,11023.047371858176,win,-0.9899999999999807,1023.0473718581778
2025-06-17 11:45:00+00:00,2025-06-17 13:15:00+00:00,sell,151.15,152.13,150.17000000000002,150.17000000000002,112.48007522304378,110.23047371858176,11133.277845576758,win,-0.9799999999999898,1133.2778455767595
2025-06-17 13:35:00+00:00,2025-06-17 15:55:00+00:00,sell,150.1,151.02,149.17999999999998,149.17999999999998,121.01388962583223,111.33277845576758,11244.610624032526,win,-0.9200000000000159,1244.610624032527
2025-06-17 16:05:00+00:00,2025-06-17 18:15:00+00:00,sell,148.96,150.49,147.43,147.43,73.49418708517986,112.44610624032526,11357.056730272852,win,-1.5300000000000011,1357.0567302728523
2025-06-17 18:25:00+00:00,2025-06-17 20:00:00+00:00,sell,147.14,149.2,145.07999999999998,145.07999999999998,55.131343350839025,113.57056730272852,11470.62729757558,win,-2.0600000000000023,1470.6272975755808
2025-06-17 21:25:00+00:00,2025-06-17 21:40:00+00:00,sell,145.48,146.21,144.74999999999997,146.21,157.13188078870266,-114.7062729757558,11355.921024599824,loss,0.7300000000000182,1355.921024599825
2025-06-17 22:55:00+00:00,2025-06-18 00:20:00+00:00,sell,148.3,149.81,146.79000000000002,146.79000000000002,75.20477499735028,113.55921024599824,11469.480234845822,win,-1.509999999999991,1469.4802348458231
2025-06-18 01:35:00+00:00,2025-06-18 01:55:00+00:00,sell,146.72,147.44,146.0,146.0,159.2983365950811,114.69480234845823,11584.17503719428,win,-0.7199999999999989,1584.1750371942815
2025-06-18 03:20:00+00:00,2025-06-18 04:00:00+00:00,sell,146.95,147.89000000000001,146.00999999999996,147.89000000000001,123.23590465099954,-115.8417503719428,11468.333286822337,loss,0.9400000000000261,1468.3332868223388
2025-06-18 05:15:00+00:00,2025-06-18 05:25:00+00:00,sell,146.92,147.61,146.22999999999996,147.61,166.20772879452034,-114.68333286822337,11353.649953954113,loss,0.6900000000000261,1353.6499539541155
2025-06-18 08:50:00+00:00,2025-06-18 09:00:00+00:00,sell,147.92,148.55,147.28999999999996,147.28999999999996,180.21666593577274,113.53649953954113,11467.186453493654,win,-0.6300000000000239,1467.1864534936567
2025-06-18 09:10:00+00:00,2025-06-18 13:20:00+00:00,sell,147.23,148.32,146.14,146.14,105.20354544489558,114.67186453493655,11581.858318028591,win,-1.0900000000000034,1581.8583180285932
2025-06-18 13:30:00+00:00,2025-06-18 13:55:00+00:00,sell,146.06,147.01,145.11,145.11,121.91429808451295,115.81858318028591,11697.676901208877,win,-0.9499999999999886,1697.6769012088791
2025-06-18 15:20:00+00:00,2025-06-18 16:15:00+00:00,sell,145.12,146.25,143.99,143.99,103.51926461246835,116.97676901208877,11814.653670220965,win,-1.1299999999999955,1814.6536702209678
2025-06-18 16:25:00+00:00,2025-06-18 16:55:00+00:00,sell,143.76,144.87,142.64999999999998,144.87,106.43832135334073,-118.14653670220966,11696.507133518755,loss,1.1100000000000136,1696.507133518758
2025-06-18 18:15:00+00:00,2025-06-18 23:45:00+00:00,sell,144.38,146.24,142.51999999999998,146.24,62.88444695440145,-116.96507133518755,11579.542062183567,loss,1.8600000000000136,1579.5420621835706
2025-06-19 04:05:00+00:00,2025-06-19 04:10:00+00:00,sell,146.29,147.4,145.17999999999998,145.17999999999998,104.32019875840923,115.79542062183567,11695.337482805404,win,-1.1100000000000136,1695.3374828054064
2025-06-19 05:00:00+00:00,2025-06-19 17:45:00+00:00,sell,145.0,147.29,142.71,142.71,51.07134271967443,116.95337482805405,11812.290857633458,win,-2.289999999999992,1812.2908576334603
2025-06-19 17:55:00+00:00,2025-06-19 20:35:00+00:00,sell,142.68,144.1,141.26000000000002,144.1,83.18514688474339,-118.12290857633457,11694.167949057122,loss,1.4199999999999875,1694.1679490571257
2025-06-20 03:10:00+00:00,2025-06-20 03:20:00+00:00,buy,146.67,146.3,147.03999999999996,146.3,316.05859321778047,-116.94167949057123,11577.22626956655,loss,-0.3699999999999761,1577.2262695665545
2025-06-20 04:45:00+00:00,2025-06-20 05:30:00+00:00,buy,146.44,145.63,147.25,145.63,142.92871937736442,-115.7722626956655,11461.454006870885,loss,-0.8100000000000023,1461.454006870889
2025-06-20 09:10:00+00:00,2025-06-20 09:30:00+00:00,sell,144.51,144.91,144.10999999999999,144.91,286.53635017176805,-114.61454006870885,11346.839466802176,loss,0.4000000000000057,1346.8394668021801
2025-06-20 10:50:00+00:00,2025-06-20 13:50:00+00:00,buy,146.59,144.98,148.20000000000002,148.20000000000002,70.47726376895702,113.46839466802176,11460.307861470197,win,1.6100000000000136,1460.307861470202
2025-06-20 18:20:00+00:00,2025-06-20 20:05:00+00:00,sell,143.21,145.35,141.07000000000002,141.07000000000002,53.55284047416014,114.60307861470197,11574.9109400849,win,-2.1399999999999864,1574.9109400849038
2025-06-20 20:15:00+00:00,2025-06-20 20:20:00+00:00,sell,140.94,142.3,139.57999999999998,139.57999999999998,85.10963926532929,115.749109400849,11690.660049485748,win,-1.3600000000000136,1690.6600494857528
2025-06-20 20:35:00+00:00,2025-06-22 16:25:00+00:00,sell,135.85999999999999,142.12,129.59999999999997,129.59999999999997,18.6751757979005,116.9066004948575,11807.566649980607,win,-6.260000000000019,1807.5666499806102
2025-06-22 16:40:00+00:00,2025-06-23 03:45:00+00:00,sell,126.53,133.1,119.96000000000001,133.1,17.97194315065543,-118.07566649980606,11689.4909834808,loss,6.569999999999993,1689.490983480804
2025-06-23 10:05:00+00:00,2025-06-23 12:25:00+00:00,buy,134.02,133.13,134.91000000000003,133.13,131.3425953200068,-116.894909834808,11572.596073645993,loss,-0.8900000000000148,1572.596073645996
2025-06-23 12:35:00+00:00,2025-06-23 13:40:00+00:00,buy,133.8,133.03,134.57000000000002,133.03,150.29345550189402,-115.72596073645992,11456.870112909533,loss,-0.7700000000000102,1456.8701129095361
2025-06-23 13:50:00+00:00,2025-06-23 14:25:00+00:00,buy,133.49,132.82,134.16000000000003,132.82,170.9980613867054,-114.56870112909533,11342.301411780438,loss,-0.6700000000000159,1342.3014117804407
2025-06-23 14:35:00+00:00,2025-06-23 15:35:00+00:00,buy,133.41,132.75,134.07,134.07,171.8530516936439,113.42301411780439,11455.724425898243,win,0.6599999999999966,1455.724425898245
2025-06-23 15:45:00+00:00,2025-06-23 16:30:00+00:00,buy,134.43,133.33,135.53,133.33,104.1429493263482,-114.55724425898244,11341.16718163926,loss,-1.0999999999999943,1341.1671816392627
2025-06-23 16:40:00+00:00,2025-06-23 17:00:00+00:00,buy,134.42,132.46,136.37999999999997,136.37999999999997,57.86309786550704,113.41167181639261,11454.578853455654,win,1.9599999999999795,1454.5788534556552
2025-06-23 20:05:00+00:00,2025-06-23 20:25:00+00:00,buy,132.48,130.24,134.71999999999997,134.71999999999997,51.136512738641756,114.54578853455655,11569.12464199021,win,2.2399999999999807,1569.1246419902118
2025-06-23 20:35:00+00:00,2025-06-23 23:10:00+00:00,buy,136.2,132.67,139.73,139.73,32.77372419827255,115.69124641990213,11684.815888410112,win,3.530000000000001,1684.815888410114
2025-06-23 23:20:00+00:00,2025-06-23 23:25:00+00:00,buy,140.09,138.46,141.72,141.72,71.68598704546102,116.84815888410114,11801.664047294213,win,1.6299999999999955,1801.6640472942152
2025-06-24 00:45:00+00:00,2025-06-24 01:00:00+00:00,buy,141.21,140.04,142.38000000000002,142.38000000000002,100.86892348114574,118.01664047294213,11919.680687767155,win,1.170000000000016,1919.6806877671572
2025-06-24 01:10:00+00:00,2025-06-24 01:25:00+00:00,buy,143.23,140.07,146.39,146.39,37.720508505592306,119.19680687767156,12038.877494644827,win,3.1599999999999966,2038.8774946448289
2025-06-24 06:15:00+00:00,2025-06-24 06:30:00+00:00,buy,142.59,142.1,143.08,143.08,245.6913774417266,120.38877494644827,12159.266269591275,win,0.4900000000000091,2159.2662695912773
2025-06-24 07:45:00+00:00,2025-06-24 08:10:00+00:00,buy,142.91,142.42,143.4,143.4,248.14829121614386,121.59266269591275,12280.858932287189,win,0.4900000000000091,2280.85893228719
2025-06-24 08:20:00+00:00,2025-06-24 08:35:00+00:00,buy,143.48,142.64,144.32,144.32,146.20070157484687,122.80858932287187,12403.667521610061,win,0.8400000000000034,2403.6675216100616
2025-06-24 08:45:00+00:00,2025-06-24 11:00:00+00:00,buy,144.84,143.23,146.45000000000002,143.23,77.0414131777016,-124.03667521610063,12279.63084639396,loss,-1.6100000000000136,2279.630846393961
2025-06-24 12:20:00+00:00,2025-06-24 12:25:00+00:00,buy,144.01,143.16,144.85999999999999,144.85999999999999,144.46624525169463,122.79630846393961,12402.4271548579,win,0.8499999999999943,2402.4271548579004
2025-06-24 13:40:00+00:00,2025-06-24 14:15:00+00:00,buy,143.54,142.71,144.36999999999998,142.71,149.42683319106192,-124.02427154857901,12278.402883309322,loss,-0.8299999999999841,2278.4028833093216
2025-06-24 14:25:00+00:00,2025-06-24 17:20:00+00:00,buy,143.66,142.63,144.69,144.69,119.20779498358552,122.78402883309322,12401.186912142415,win,1.0300000000000011,2401.1869121424147
2025-06-24 17:40:00+00:00,2025-06-24 18:40:00+00:00,buy,144.9,143.29,146.51000000000002,143.29,77.02600566548018,-124.01186912142414,12277.17504302099,loss,-1.6100000000000136,2277.1750430209904
2025-06-24 19:25:00+00:00,2025-06-24 19:55:00+00:00,buy,144.17,143.04,145.29999999999998,145.29999999999998,108.64756675239859,122.7717504302099,12399.9467934512,win,1.1299999999999955,2399.9467934512004
2025-06-24 23:25:00+00:00,2025-06-24 23:50:00+00:00,buy,143.34,142.3,144.38,144.38,119.23025762933938,123.999467934512,12523.946261385712,win,1.039999999999992,2523.946261385712
2025-06-25 00:00:00+00:00,2025-06-25 03:15:00+00:00,buy,144.48,143.32,145.64,145.64,107.96505397746336,125.23946261385713,12649.18572399957,win,1.1599999999999966,2649.1857239995693
2025-06-25 03:55:00+00:00,2025-06-25 04:15:00+00:00,buy,145.68,144.82,146.54000000000002,144.82,147.08355493022523,-126.49185723999571,12522.693866759573,loss,-0.8600000000000136,2522.6938667595737
2025-06-25 05:05:00+00:00,2025-06-25 07:30:00+00:00,buy,145.74,144.63,146.85000000000002,144.63,112.81706186269747,-125.22693866759573,12397.466928091977,loss,-1.1100000000000136,2397.466928091978
2025-06-25 08:00:00+00:00,2025-06-25 09:25:00+00:00,buy,145.03,144.51,145.55,145.55,238.41282554022564,123.97466928091977,12521.441597372897,win,0.5200000000000102,2521.441597372898
2025-06-25 09:35:00+00:00,2025-06-25 10:25:00+00:00,buy,145.71,144.58,146.84,146.84,110.80921767586679,125.21441597372898,12646.656013346626,win,1.1299999999999955,2646.656013346627
2025-06-25 14:30:00+00:00,2025-06-25 15:15:00+00:00,buy,145.58,144.79,146.37000000000003,144.79,160.08425333349746,-126.46656013346627,12520.189453213161,loss,-0.7900000000000205,2520.1894532131605
2025-06-25 15:55:00+00:00,2025-06-25 16:20:00+00:00,buy,145.73,144.76,146.7,146.7,129.07411807436264,125.20189453213162,12645.391347745293,win,0.9699999999999989,2645.391347745292
2025-06-25 16:30:00+00:00,2025-06-25 17:15:00+00:00,buy,146.73,145.42,148.04,145.42,96.5297049446204,-126.45391347745296,12518.93743426784,loss,-1.3100000000000023,2518.937434267839
2025-06-26 00:20:00+00:00,2025-06-26 01:40:00+00:00,sell,143.56,144.5,142.62,142.62,133.1801854709348,125.18937434267839,12644.12680861052,win,-0.9399999999999977,2644.1268086105174
2025-06-26 01:50:00+00:00,2025-06-26 02:00:00+00:00,sell,142.54,143.25,141.82999999999998,141.82999999999998,178.0862930790194,126.4412680861052,12770.568076696625,win,-0.710000000000008,2770.5680766966225
2025-06-26 06:05:00+00:00,2025-06-26 08:20:00+00:00,buy,145.81,144.24,147.38,144.24,81.34119794074319,-127.70568076696625,12642.862395929658,loss,-1.5699999999999932,2642.862395929656
2025-06-26 10:10:00+00:00,2025-06-26 10:20:00+00:00,buy,144.44,143.8,145.07999999999998,145.07999999999998,197.54472493640512,126.42862395929659,12769.291019888955,win,0.6399999999999864,2769.2910198889526
2025-06-26 10:35:00+00:00,2025-06-26 11:50:00+00:00,buy,145.15,144.08,146.22,144.08,119.3391684101779,-127.69291019888955,12641.598109690065,loss,-1.0699999999999932,2641.598109690063
2025-06-26 12:05:00+00:00,2025-06-26 12:30:00+00:00,sell,144.01,144.66,143.35999999999999,143.35999999999999,194.48612476446084,126.41598109690065,12768.014090786966,win,-0.6500000000000057,2768.014090786964
2025-06-26 13:00:00+00:00,2025-06-26 15:50:00+00:00,sell,143.13,143.99,142.26999999999998,142.26999999999998,148.46528012542748,127.68014090786966,12895.694231694835,win,-0.8600000000000136,2895.694231694834
2025-06-26 16:10:00+00:00,2025-06-26 16:50:00+00:00,sell,142.1,143.02,141.17999999999998,141.17999999999998,140.17058947494144,128.95694231694836,13024.651174011784,win,-0.9200000000000159,3024.651174011782
2025-06-26 18:25:00+00:00,2025-06-26 18:30:00+00:00,sell,142.3,143.1,141.50000000000003,141.50000000000003,162.80813967515078,130.24651174011785,13154.897685751901,win,-0.799999999999983,3154.8976857519
2025-06-26 19:45:00+00:00,2025-06-26 20:00:00+00:00,sell,141.49,142.08,140.9,142.08,222.9643675551157,-131.54897685751902,13023.348708894382,loss,0.5900000000000034,3023.348708894381
2025-06-26 20:10:00+00:00,2025-06-26 21:30:00+00:00,sell,141.43,142.18,140.68,140.68,173.64464945192512,130.23348708894383,13153.582195983327,win,-0.75,3153.582195983325
2025-06-27 00:05:00+00:00,2025-06-27 00:30:00+00:00,sell,141.7,143.29,140.10999999999999,140.10999999999999,82.72693205020943,131.53582195983327,13285.11801794316,win,-1.5900000000000034,3285.1180179431585
2025-06-27 01:30:00+00:00,2025-06-27 10:20:00+00:00,sell,138.91,141.57,136.25,141.57,49.9440526990345,-132.8511801794316,13152.266837763727,loss,2.6599999999999966,3152.266837763727
2025-06-27 10:35:00+00:00,2025-06-27 10:55:00+00:00,sell,140.59,141.6,139.58,139.58,130.22046374023608,131.52266837763727,13283.789506141366,win,-1.009999999999991,3283.789506141364
2025-06-27 18:20:00+00:00,2025-06-27 18:40:00+00:00,buy,141.78,140.75,142.81,142.81,128.96883015671216,132.83789506141366,13416.627401202779,win,1.0300000000000011,3416.627401202778
2025-06-27 18:50:00+00:00,2025-06-27 19:30:00+00:00,buy,142.85,141.54,144.16,144.16,102.41700306261646,134.1662740120278,13550.793675214807,win,1.3100000000000023,3550.7936752148057
2025-06-27 23:05:00+00:00,2025-06-27 23:50:00+00:00,buy,141.42,140.39,142.45,142.45,131.56110364286207,135.50793675214808,13686.301611966956,win,1.0300000000000011,3686.3016119669537
2025-06-28 00:30:00+00:00,2025-06-28 02:20:00+00:00,buy,142.5,141.54,143.46,141.54,142.5656417913213,-136.86301611966957,13549.438595847287,loss,-0.960000000000008,3549.438595847284
2025-06-28 04:55:00+00:00,2025-06-28 05:30:00+00:00,buy,141.95,141.18,142.71999999999997,142.71999999999997,175.96673501100787,135.49438595847286,13684.93298180576,win,0.7699999999999818,3684.9329818057568
2025-06-28 06:20:00+00:00,2025-06-28 09:00:00+00:00,buy,142.81,142.10999999999999,143.51000000000002,143.51000000000002,195.4990425972204,136.8493298180576,13821.782311623818,win,0.700000000000017,3821.782311623814
2025-06-28 09:10:00+00:00,2025-06-28 10:20:00+00:00,buy,143.76,143.05,144.46999999999997,144.46999999999997,194.67299030456644,138.21782311623818,13960.000134740056,win,0.7099999999999795,3960.0001347400525
2025-06-28 10:30:00+00:00,2025-06-28 10:55:00+00:00,buy,144.78,143.96,145.6,145.6,170.24390408219722,139.60000134740056,14099.600136087456,win,0.8199999999999932,4099.600136087453
2025-06-28 11:05:00+00:00,2025-06-28 18:55:00+00:00,buy,146.13,144.81,147.45,147.45,106.81515254611766,140.99600136087457,14240.59613744833,win,1.3199999999999932,4240.596137448328
2025-06-28 19:05:00+00:00,2025-06-28 20:35:00+00:00,buy,147.96,146.34,149.58,149.58,87.90491442869315,142.4059613744833,14383.002098822813,win,1.6200000000000045,4383.002098822811
2025-06-28 20:45:00+00:00,2025-06-28 20:50:00+00:00,buy,149.82,148.75,150.89,150.89,134.4205803628309,143.83002098822814,14526.83211981104,win,1.0699999999999932,4526.832119811039
2025-06-28 22:15:00+00:00,2025-06-28 23:10:00+00:00,buy,150.65,149.74,151.56,149.74,159.63551780012193,-145.2683211981104,14381.56379861293,loss,-0.9099999999999966,4381.563798612929
2025-06-29 00:25:00+00:00,2025-06-29 00:30:00+00:00,buy,149.73,149.37,150.08999999999997,150.08999999999997,399.48788329482,143.8156379861293,14525.379436599058,win,0.3599999999999852,4525.379436599058
2025-06-29 00:50:00+00:00,2025-06-29 05:00:00+00:00,buy,150.2,149.54,150.85999999999999,149.54,220.08150661513838,-145.2537943659906,14380.125642233068,loss,-0.6599999999999966,4380.125642233067
2025-06-29 06:20:00+00:00,2025-06-29 06:45:00+00:00,buy,149.38,149.08,149.67999999999998,149.08,479.3375214077962,-143.80125642233068,14236.324385810738,loss,-0.29999999999998295,4236.324385810736
2025-06-29 07:50:00+00:00,2025-06-29 08:00:00+00:00,buy,149.52,148.91,150.13000000000002,148.91,233.3823669804987,-142.36324385810738,14093.96114195263,loss,-0.6100000000000136,4093.9611419526286
2025-06-29 10:35:00+00:00,2025-06-29 11:45:00+00:00,buy,149.53,148.96,150.1,150.1,247.2624761746105,140.9396114195263,14234.900753372156,win,0.5699999999999932,4234.900753372155
2025-06-29 11:55:00+00:00,2025-06-29 12:30:00+00:00,buy,150.15,149.39,150.91000000000003,150.91000000000003,187.30132570226044,142.34900753372156,14377.249760905877,win,0.7600000000000193,4377.249760905876
2025-06-29 14:40:00+00:00,2025-06-29 15:05:00+00:00,buy,151.12,150.54,151.70000000000002,150.54,247.88361656733738,-143.77249760905877,14233.477263296818,loss,-0.5800000000000125,4233.477263296818
2025-06-29 15:55:00+00:00,2025-06-29 18:00:00+00:00,buy,151.25,150.4,152.1,150.4,167.45267368584607,-142.3347726329682,14091.14249066385,loss,-0.8499999999999943,4091.14249066385
2025-06-29 20:50:00+00:00,2025-06-29 21:20:00+00:00,buy,150.17,149.41,150.92999999999998,150.92999999999998,185.40976961400025,140.9114249066385,14232.053915570488,win,0.7599999999999909,4232.053915570488
2025-06-29 21:30:00+00:00,2025-06-29 22:40:00+00:00,buy,151.06,150.53,151.59,150.53,268.5293191617068,-142.3205391557049,14089.733376414782,loss,-0.5300000000000011,4089.7333764147834
2025-06-30 00:10:00+00:00,2025-06-30 00:15:00+00:00,buy,150.58,150.23,150.93000000000004,150.23,402.56381075468187,-140.89733376414782,13948.836042650635,loss,-0.35000000000002274,3948.8360426506356
2025-06-30 00:25:00+00:00,2025-06-30 01:15:00+00:00,buy,150.73,149.65,151.80999999999997,151.80999999999997,129.15588928380407,139.48836042650635,14088.324403077142,win,1.079999999999984,4088.324403077142
2025-06-30 01:25:00+00:00,2025-06-30 06:25:00+00:00,buy,152.76,150.79,154.73,150.79,71.51433707145762,-140.88324403077144,13947.441159046371,loss,-1.9699999999999989,3947.4411590463706
2025-06-30 15:20:00+00:00,2025-06-30 16:20:00+00:00,sell,149.6,150.21,148.98999999999998,150.21,228.64657637780425,-139.47441159046372,13807.966747455908,loss,0.6100000000000136,3807.966747455907
2025-06-30 18:25:00+00:00,2025-06-30 18:30:00+00:00,buy,151.64000000000001,150.23,153.05000000000004,153.05000000000004,97.92884218053662,138.07966747455907,13946.046414930468,win,1.410000000000025,3946.046414930466
2025-06-30 18:40:00+00:00,2025-07-01 10:15:00+00:00,buy,156.48,150.34,162.61999999999998,150.34,22.71343064320928,-139.46046414930467,13806.585950781164,loss,-6.139999999999986,3806.5859507811615
2025-07-01 10:25:00+00:00,2025-07-01 12:30:00+00:00,sell,149.52,150.99,148.05,148.05,93.92235340667466,138.06585950781164,13944.651810288975,win,-1.4699999999999989,3944.651810288973
2025-07-01 13:45:00+00:00,2025-07-01 15:25:00+00:00,sell,148.39,149.02,147.75999999999996,147.75999999999996,221.34367952838804,139.44651810288974,14084.098328391865,win,-0.6300000000000239,4084.098328391863
2025-07-01 16:10:00+00:00,2025-07-01 17:10:00+00:00,sell,147.49,148.6,146.38000000000002,148.6,126.88376872425273,-140.84098328391866,13943.257345107946,loss,1.1099999999999852,3943.2573451079443
2025-07-01 17:25:00+00:00,2025-07-01 17:40:00+00:00,sell,147.7,148.64000000000001,146.75999999999996,146.75999999999996,148.33252494795275,139.43257345107946,14082.689918559026,win,-0.9400000000000261,4082.6899185590237
2025-07-01 21:05:00+00:00,2025-07-01 21:20:00+00:00,sell,147.21,147.69,146.73000000000002,146.73000000000002,293.3893733033193,140.82689918559026,14223.516817744618,win,-0.47999999999998977,4223.516817744614
2025-07-01 21:45:00+00:00,2025-07-01 21:55:00+00:00,sell,146.43,147.49,145.37,145.37,134.18412092211875,142.23516817744618,14365.751985922063,win,-1.0600000000000023,4365.75198592206
2025-07-01 22:35:00+00:00,2025-07-02 01:35:00+00:00,sell,145.19,146.6,143.78,146.6,101.88476585760353,-143.65751985922063,14222.094466062843,loss,1.4099999999999966,4222.094466062839
2025-07-02 02:00:00+00:00,2025-07-02 03:10:00+00:00,sell,146.19,146.65,145.73,146.65,309.1759666535347,-142.22094466062842,14079.873521402214,loss,0.46000000000000796,4079.873521402211
2025-07-02 03:50:00+00:00,2025-07-02 04:15:00+00:00,sell,146.35999999999999,146.68,146.03999999999996,146.03999999999996,439.99604754378953,140.79873521402214,14220.672256616237,win,-0.3200000000000216,4220.672256616233
2025-07-02 17:25:00+00:00,2025-07-02 19:05:00+00:00,buy,149.52,147.76,151.28000000000003,151.28000000000003,80.79927418531864,142.20672256616237,14362.8789791824,win,1.7600000000000193,4362.878979182396
2025-07-02 19:15:00+00:00,2025-07-02 20:45:00+00:00,buy,152.45,150.19,154.70999999999998,150.19,63.55256185478964,-143.628789791824,14219.250189390576,loss,-2.259999999999991,4219.250189390572
2025-07-02 22:00:00+00:00,2025-07-02 22:05:00+00:00,buy,151.82,151.32,152.32,151.32,284.3850037878115,-142.19250189390576,14077.05768749667,loss,-0.5,4077.057687496666
2025-07-02 22:20:00+00:00,2025-07-02 22:55:00+00:00,buy,151.9,151.1,152.70000000000002,152.70000000000002,175.9632210937059,140.7705768749667,14217.828264371637,win,0.8000000000000114,4217.828264371633
2025-07-02 23:10:00+00:00,2025-07-03 01:30:00+00:00,buy,152.84,151.85,153.83,153.83,143.61442691284353,142.1782826437164,14360.006547015353,win,0.9900000000000091,4360.0065470153495
2025-07-03 06:00:00+00:00,2025-07-03 06:20:00+00:00,buy,152.06,151.33,152.79,152.79,196.71241845226788,143.60006547015354,14503.606612485506,win,0.7299999999999898,4503.606612485503
2025-07-03 06:40:00+00:00,2025-07-03 08:25:00+00:00,buy,153.44,152.28,154.6,154.6,125.03109148694439,145.03606612485507,14648.64267861036,win,1.1599999999999966,4648.642678610358
2025-07-03 08:35:00+00:00,2025-07-03 15:30:00+00:00,buy,154.72,153.34,156.1,153.34,106.14958462761166,-146.4864267861036,14502.156251824257,loss,-1.3799999999999955,4502.1562518242545
2025-07-03 16:35:00+00:00,2025-07-03 18:05:00+00:00,buy,153.55,151.46,155.64000000000001,151.46,69.38830742499634,-145.0215625182426,14357.134689306014,loss,-2.0900000000000034,4357.134689306012
2025-07-03 21:10:00+00:00,2025-07-03 21:15:00+00:00,sell,151.02,151.44,150.60000000000002,150.60000000000002,341.8365402215819,143.57134689306014,14500.706036199075,win,-0.4199999999999875,4500.706036199072
2025-07-03 22:30:00+00:00,2025-07-03 23:10:00+00:00,sell,151.2,151.62,150.77999999999997,151.62,345.25490562377445,-145.00706036199077,14355.698975837084,loss,0.4200000000000159,4355.698975837081
2025-07-04 02:10:00+00:00,2025-07-04 03:05:00+00:00,sell,152.10999999999999,152.51,151.70999999999998,151.70999999999998,358.89247439592197,143.55698975837083,14499.255965595454,win,-0.4000000000000057,4499.255965595452
2025-07-04 03:25:00+00:00,2025-07-04 04:05:00+00:00,sell,151.67,152.36,150.97999999999996,152.36,210.13414442891167,-144.99255965595455,14354.263405939499,loss,0.6900000000000261,4354.263405939498
2025-07-04 05:20:00+00:00,2025-07-04 05:30:00+00:00,sell,151.66,152.3,151.01999999999998,151.01999999999998,224.2853657177995,143.542634059395,14497.806039998894,win,-0.6400000000000148,4497.806039998893
2025-07-04 05:40:00+00:00,2025-07-04 07:15:00+00:00,sell,150.95,151.96,149.93999999999997,151.96,143.54263405939224,-144.97806039998895,14352.827979598904,loss,1.0100000000000193,4352.827979598904
2025-07-04 07:50:00+00:00,2025-07-04 08:10:00+00:00,sell,151.2,152.11,150.28999999999996,152.11,157.7233843911924,-143.52827979598905,14209.299699802914,loss,0.910000000000025,4209.299699802915
2025-07-04 09:05:00+00:00,2025-07-04 09:10:00+00:00,sell,152.35999999999999,152.94,151.77999999999997,151.77999999999997,244.98792585866568,142.09299699802915,14351.392696800944,win,-0.5800000000000125,4351.392696800944
2025-07-04 09:25:00+00:00,2025-07-04 10:30:00+00:00,sell,151.39,152.81,149.96999999999997,149.96999999999997,101.06614575211819,143.51392696800943,14494.906623768953,win,-1.420000000000016,4494.906623768953
2025-07-04 11:00:00+00:00,2025-07-04 16:55:00+00:00,sell,149.84,151.69,147.99,147.99,78.35084661496755,144.94906623768952,14639.855690006643,win,-1.8499999999999943,4639.855690006642
2025-07-04 17:05:00+00:00,2025-07-04 18:30:00+00:00,sell,147.93,149.64000000000001,146.22,146.22,85.6131911696291,146.39855690006644,14786.25424690671,win,-1.710000000000008,4786.254246906708
2025-07-04 18:50:00+00:00,2025-07-05 01:30:00+00:00,sell,145.91,147.29,144.53,147.29,107.14676990512145,-147.8625424690671,14638.391704437643,loss,1.3799999999999955,4638.391704437641
2025-07-05 02:45:00+00:00,2025-07-05 03:10:00+00:00,sell,147.17,147.54,146.79999999999998,147.54,395.63220822803953,-146.38391704437643,14492.007787393266,loss,0.37000000000000455,4492.007787393265
2025-07-05 04:25:00+00:00,2025-07-05 05:30:00+00:00,sell,147.42,147.96,146.87999999999997,146.87999999999997,268.3705145813466,144.92007787393266,14636.927865267198,win,-0.5400000000000205,4636.927865267197
2025-07-05 06:45:00+00:00,2025-07-05 08:00:00+00:00,sell,147.35999999999999,147.96,146.75999999999996,146.75999999999996,243.9487977544441,146.369278652672,14783.29714391987,win,-0.6000000000000227,4783.297143919869
2025-07-05 08:35:00+00:00,2025-07-05 09:20:00+00:00,sell,146.37,147.17,145.57000000000002,147.17,184.79121429900232,-147.8329714391987,14635.464172480672,loss,0.799999999999983,4635.464172480671
2025-07-05 10:35:00+00:00,2025-07-05 11:25:00+00:00,sell,147.49,148.04,146.94000000000003,146.94000000000003,266.0993485905659,146.35464172480673,14781.818814205479,win,-0.549999999999983,4781.818814205478
2025-07-05 11:35:00+00:00,2025-07-05 12:25:00+00:00,sell,146.91,147.42,146.4,146.4,289.8395845922695,147.8181881420548,14929.637002347534,win,-0.5099999999999909,4929.637002347533
2025-07-05 18:25:00+00:00,2025-07-05 18:45:00+00:00,sell,147.17,147.62,146.71999999999997,146.71999999999997,331.7697111632659,149.29637002347533,15078.93337237101,win,-0.45000000000001705,5078.933372371008
2025-07-05 18:55:00+00:00,2025-07-05 19:35:00+00:00,sell,146.6,147.23,145.97,145.97,239.34814876779552,150.7893337237101,15229.722706094719,win,-0.6299999999999955,5229.722706094718
2025-07-05 19:45:00+00:00,2025-07-05 20:00:00+00:00,sell,145.52,146.73,144.31000000000003,146.73,125.86547690987584,-152.2972270609472,15077.42547903377,loss,1.2099999999999795,5077.425479033771
2025-07-05 21:15:00+00:00,2025-07-05 23:50:00+00:00,sell,145.78,146.53,145.03,146.53,201.0323397204503,-150.77425479033772,14926.651224243433,loss,0.75,4926.651224243433
2025-07-06 03:00:00+00:00,2025-07-06 07:15:00+00:00,sell,146.88,147.36,146.39999999999998,147.36,310.97190050505975,-149.26651224243435,14777.384712000998,loss,0.4800000000000182,4777.384712000999
2025-07-06 07:50:00+00:00,2025-07-06 09:15:00+00:00,sell,146.79,147.39000000000001,146.18999999999997,147.39000000000001,246.2897452000073,-147.77384712000998,14629.610864880988,loss,0.6000000000000227,4629.610864880989
2025-07-06 12:45:00+00:00,2025-07-06 12:55:00+00:00,sell,146.82,147.25,146.39,146.39,340.223508485599,146.29610864880988,14775.906973529798,win,-0.4300000000000068,4775.906973529798
2025-07-06 15:10:00+00:00,2025-07-06 15:55:00+00:00,buy,147.57,146.92,148.22,148.22,227.32164574661027,147.75906973529797,14923.666043265095,win,0.6500000000000057,4923.666043265096
2025-07-06 16:20:00+00:00,2025-07-06 16:30:00+00:00,buy,148.48,147.69,149.26999999999998,149.26999999999998,188.90716510462335,149.23666043265095,15072.902703697746,win,0.789999999999992,5072.902703697747
2025-07-06 16:40:00+00:00,2025-07-07 00:30:00+00:00,buy,150.42,148.0,152.83999999999997,152.83999999999997,62.28472191610671,150.72902703697747,15223.631730734724,win,2.4199999999999875,5223.631730734724
2025-07-07 05:00:00+00:00,2025-07-07 05:05:00+00:00,buy,150.88,150.46,151.29999999999998,151.29999999999998,362.46742216036137,152.23631730734724,15375.86804804207,win,0.4199999999999875,5375.868048042072
2025-07-07 05:15:00+00:00,2025-07-07 05:45:00+00:00,buy,151.37,150.53,152.21,152.21,183.04604819097628,153.7586804804207,15529.626728522491,win,0.8400000000000034,5529.626728522492
2025-07-07 06:25:00+00:00,2025-07-07 06:50:00+00:00,buy,152.29,151.51,153.07,151.51,199.0977785708009,-155.29626728522493,15374.330461237267,loss,-0.7800000000000011,5374.330461237268
2025-07-07 08:40:00+00:00,2025-07-07 09:00:00+00:00,buy,151.58,151.29,151.87000000000003,151.29,530.1493262495235,-153.74330461237267,15220.587156624893,loss,-0.29000000000002046,5220.587156624895
2025-07-07 10:15:00+00:00,2025-07-07 10:25:00+00:00,buy,150.8,150.42,151.18000000000004,151.18000000000004,400.5417672795773,152.20587156624893,15372.793028191143,win,0.3800000000000239,5372.793028191144
2025-07-07 10:35:00+00:00,2025-07-07 11:25:00+00:00,buy,151.26,150.42,152.1,152.1,183.00944081179858,153.72793028191143,15526.520958473055,win,0.8400000000000034,5526.5209584730555
2025-07-07 11:35:00+00:00,2025-07-07 12:00:00+00:00,buy,152.2,151.77,152.62999999999997,151.77,361.08188275520547,-155.26520958473054,15371.255748888325,loss,-0.4299999999999784,5371.255748888325
2025-07-07 13:40:00+00:00,2025-07-07 14:25:00+00:00,buy,151.96,151.33,152.59,152.59,243.98818649029263,153.71255748888325,15524.968306377208,win,0.6299999999999955,5524.968306377208
2025-07-07 14:40:00+00:00,2025-07-07 15:10:00+00:00,buy,152.94,151.69,154.19,151.69,124.19974645101767,-155.2496830637721,15369.718623313436,loss,-1.25,5369.718623313436
2025-07-07 16:25:00+00:00,2025-07-07 16:45:00+00:00,buy,151.47,150.97,151.97,150.97,307.39437246626875,-153.69718623313437,15216.021437080302,loss,-0.5,5216.021437080301
2025-07-07 16:55:00+00:00,2025-07-07 18:45:00+00:00,buy,151.94,150.92,152.96,150.92,149.17668075568776,-152.16021437080303,15063.8612227095,loss,-1.0200000000000102,5063.861222709498
2025-07-07 21:15:00+00:00,2025-07-07 22:15:00+00:00,sell,149.14,150.05,148.22999999999996,150.05,165.53693651328666,-150.638612227095,14913.222610482406,loss,0.910000000000025,4913.222610482403
2025-07-07 22:40:00+00:00,2025-07-07 22:45:00+00:00,sell,149.24,150.17,148.31000000000003,148.31000000000003,160.3572323707823,149.13222610482407,15062.35483658723,win,-0.9299999999999784,5062.3548365872275
2025-07-07 23:00:00+00:00,2025-07-08 12:40:00+00:00,sell,148.16,150.19,146.13,150.19,74.19879229845921,-150.62354836587227,14911.731288221357,loss,2.030000000000001,4911.7312882213555
2025-07-08 14:05:00+00:00,2025-07-08 15:10:00+00:00,buy,150.83,150.44,151.22000000000003,151.22000000000003,382.35208431335366,149.11731288221358,15060.848601103571,win,0.3900000000000148,5060.848601103569
2025-07-08 15:30:00+00:00,2025-07-08 15:55:00+00:00,buy,151.34,150.76,151.92000000000002,151.92000000000002,259.66980346729736,150.60848601103572,15211.457087114606,win,0.5800000000000125,5211.457087114605
2025-07-08 16:45:00+00:00,2025-07-08 17:05:00+00:00,buy,151.99,150.96,153.02,150.96,147.68404938946205,-152.11457087114607,15059.34251624346,loss,-1.0300000000000011,5059.342516243459
2025-07-08 19:25:00+00:00,2025-07-08 20:05:00+00:00,buy,149.94,149.28,150.6,150.6,228.1718563067203,150.5934251624346,15209.935941405894,win,0.6599999999999966,5209.935941405894
2025-07-08 20:15:00+00:00,2025-07-08 21:50:00+00:00,buy,150.83,149.57,152.09000000000003,152.09000000000003,120.71377731274333,152.09935941405894,15362.035300819953,win,1.2600000000000193,5362.035300819953
2025-07-08 22:00:00+00:00,2025-07-08 22:30:00+00:00,buy,152.28,151.51,153.05,151.51,199.50695195869807,-153.62035300819954,15208.414947811752,loss,-0.7700000000000102,5208.414947811753
2025-07-09 01:00:00+00:00,2025-07-09 04:05:00+00:00,buy,150.59,149.45,151.73000000000002,151.73000000000002,133.40714866501364,152.08414947811752,15360.49909728987,win,1.1400000000000148,5360.49909728987
2025-07-09 05:30:00+00:00,2025-07-09 06:35:00+00:00,buy,151.38,150.8,151.95999999999998,150.8,264.8361913325913,-153.60499097289872,15206.894106316971,loss,-0.5799999999999841,5206.894106316971
2025-07-09 07:55:00+00:00,2025-07-09 08:35:00+00:00,buy,150.66,150.03,151.29,151.29,241.37927152884257,152.06894106316972,15358.96304738014,win,0.6299999999999955,5358.963047380141
2025-07-09 08:45:00+00:00,2025-07-09 17:25:00+00:00,buy,152.79,150.92,154.66,154.66,82.13349223197916,153.5896304738014,15512.552677853942,win,1.8700000000000045,5512.552677853942
2025-07-09 18:45:00+00:00,2025-07-09 19:45:00+00:00,buy,153.6,152.83,154.36999999999998,154.36999999999998,201.46172308901703,155.12552677853944,15667.678204632482,win,0.7699999999999818,5667.6782046324815
2025-07-09 21:05:00+00:00,2025-07-09 21:10:00+00:00,buy,153.38,152.77,153.98999999999998,153.98999999999998,256.84718368250594,156.67678204632483,15824.354986678807,win,0.6099999999999852,5824.354986678806
2025-07-09 22:15:00+00:00,2025-07-09 22:50:00+00:00,buy,154.74,152.77,156.71,156.71,80.32667505928333,158.24354986678807,15982.598536545594,win,1.9699999999999989,5982.5985365455945
2025-07-10 00:05:00+00:00,2025-07-10 01:10:00+00:00,buy,156.16,155.17,157.15,157.15,161.44038925803483,159.82598536545595,16142.42452191105,win,0.9900000000000091,6142.424521911051
2025-07-10 02:05:00+00:00,2025-07-10 03:30:00+00:00,buy,157.34,156.17,158.51000000000002,156.17,137.96944035821224,-161.4242452191105,15981.00027669194,loss,-1.170000000000016,5981.000276691941
2025-07-10 04:45:00+00:00,2025-07-10 05:00:00+00:00,buy,156.79,155.82,157.76,157.76,164.75258017208205,159.8100027669194,16140.81027945886,win,0.9699999999999989,6140.81027945886
2025-07-10 05:10:00+00:00,2025-07-10 07:00:00+00:00,buy,158.21,156.57,159.85000000000002,156.57,98.41957487474825,-161.4081027945886,15979.40217666427,loss,-1.6400000000000148,5979.402176664272
2025-07-10 07:40:00+00:00,2025-07-10 08:40:00+00:00,buy,157.05,156.53,157.57000000000002,156.53,307.2961957050761,-159.79402176664271,15819.608154897629,loss,-0.5200000000000102,5819.608154897629
2025-07-10 09:55:00+00:00,2025-07-10 10:05:00+00:00,buy,156.82,156.45,157.19,157.19,427.5569771593901,158.19608154897628,15977.804236446606,win,0.37000000000000455,5977.8042364466055
2025-07-10 10:15:00+00:00,2025-07-10 16:40:00+00:00,buy,157.85,156.45,159.25,156.45,114.12717311747528,-159.77804236446605,15818.02619408214,loss,-1.4000000000000057,5818.026194082139
2025-07-10 19:10:00+00:00,2025-07-10 19:20:00+00:00,buy,156.04,155.18,156.89999999999998,156.89999999999998,183.93053714049316,158.1802619408214,15976.206456022961,win,0.8599999999999852,5976.206456022961
2025-07-10 19:30:00+00:00,2025-07-10 20:10:00+00:00,buy,157.14000000000001,155.72,158.56000000000003,158.56000000000003,112.50849616917452,159.76206456022962,16135.96852058319,win,1.420000000000016,6135.96852058319
2025-07-10 20:40:00+00:00,2025-07-11 00:15:00+00:00,buy,158.9,157.35,160.45000000000002,160.45000000000002,104.10302271343917,161.3596852058319,16297.328205789023,win,1.5500000000000114,6297.328205789022
2025-07-11 00:25:00+00:00,2025-07-11 08:45:00+00:00,buy,162.6,159.56,165.64,165.64,53.60963225588508,162.97328205789023,16460.301487846915,win,3.039999999999992,6460.301487846912
2025-07-11 12:15:00+00:00,2025-07-11 12:20:00+00:00,buy,163.21,162.7,163.72000000000003,163.72000000000003,322.7510095656135,164.60301487846914,16624.904502725385,win,0.5100000000000193,6624.9045027253815
2025-07-11 12:30:00+00:00,2025-07-11 15:20:00+00:00,buy,163.85,162.87,164.82999999999998,162.87,169.64188268087307,-166.24904502725386,16458.655457698133,loss,-0.9799999999999898,6458.655457698128
2025-07-11 15:50:00+00:00,2025-07-11 16:00:00+00:00,buy,163.65,162.73,164.57000000000002,164.57000000000002,178.8984288880201,164.58655457698134,16623.242012275114,win,0.9200000000000159,6623.242012275109
2025-07-11 16:45:00+00:00,2025-07-11 18:35:00+00:00,buy,165.47,162.82,168.12,162.82,62.72921514066067,-166.23242012275114,16457.00959215236,loss,-2.6500000000000057,6457.009592152358
2025-07-11 20:05:00+00:00,2025-07-11 21:15:00+00:00,buy,162.53,160.98,164.08,164.08,106.17425543324026,164.5700959215236,16621.579688073885,win,1.5500000000000114,6621.579688073882
2025-07-11 23:10:00+00:00,2025-07-11 23:40:00+00:00,buy,163.71,162.44,164.98000000000002,162.44,130.87858022105317,-166.21579688073888,16455.363891193145,loss,-1.2700000000000102,6455.363891193143
2025-07-12 07:40:00+00:00,2025-07-12 10:00:00+00:00,sell,161.89,162.75,161.02999999999997,162.75,191.34144059526608,-164.55363891193144,16290.810252281213,loss,0.8600000000000136,6290.810252281211
2025-07-12 10:35:00+00:00,2025-07-12 11:25:00+00:00,sell,162.29,162.8,161.77999999999997,161.77999999999997,319.4276520055019,162.90810252281213,16453.718354804027,win,-0.5100000000000193,6453.718354804024
2025-07-12 11:35:00+00:00,2025-07-12 14:55:00+00:00,sell,161.60999999999999,162.48,160.73999999999998,160.73999999999998,189.12319948050506,164.53718354804028,16618.255538352067,win,-0.8700000000000045,6618.255538352064
2025-07-12 15:05:00+00:00,2025-07-12 15:40:00+00:00,sell,160.47,161.77,159.17,159.17,127.83273491039941,166.18255538352068,16784.43809373559,win,-1.3000000000000114,6784.4380937355845
2025-07-12 15:50:00+00:00,2025-07-12 16:40:00+00:00,sell,158.99,160.24,157.74,157.74,134.27550474988473,167.8443809373559,16952.282474672946,win,-1.25,6952.28247467294
2025-07-12 17:55:00+00:00,2025-07-12 18:35:00+00:00,sell,158.47,159.52,157.42,157.42,161.45030928259774,169.52282474672947,17121.805299419677,win,-1.0500000000000114,7121.80529941967
2025-07-12 18:45:00+00:00,2025-07-12 20:15:00+00:00,sell,157.35999999999999,158.69,156.02999999999997,158.69,128.73537819112417,-171.21805299419677,16950.58724642548,loss,1.3300000000000125,6950.587246425473
2025-07-12 23:15:00+00:00,2025-07-12 23:35:00+00:00,sell,159.51,159.87,159.14999999999998,159.14999999999998,470.8496457340232,169.5058724642548,17120.093118889734,win,-0.36000000000001364,7120.0931188897275
2025-07-12 23:45:00+00:00,2025-07-12 23:55:00+00:00,sell,159.07,159.87,158.26999999999998,158.26999999999998,214.00116398611863,171.20093118889733,17291.29405007863,win,-0.8000000000000114,7291.294050078624
2025-07-13 01:15:00+00:00,2025-07-13 02:40:00+00:00,sell,159.28,159.81,158.75,159.81,326.2508311335584,-172.9129405007863,17118.381109577844,loss,0.5300000000000011,7118.381109577838
2025-07-13 10:15:00+00:00,2025-07-13 14:20:00+00:00,buy,161.28,160.67,161.89000000000001,161.89000000000001,280.6291985176633,171.18381109577845,17289.564920673623,win,0.6100000000000136,7289.564920673617
2025-07-13 15:50:00+00:00,2025-07-13 15:55:00+00:00,buy,161.4,160.98,161.82000000000002,161.82000000000002,411.6563076350707,172.89564920673624,17462.46056988036,win,0.4200000000000159,7462.460569880353
2025-07-13 16:45:00+00:00,2025-07-13 17:20:00+00:00,buy,161.95,161.08,162.81999999999996,162.81999999999996,200.71793758483724,174.6246056988036,17637.085175579163,win,0.8699999999999761,7637.085175579157
2025-07-13 20:30:00+00:00,2025-07-13 22:25:00+00:00,buy,161.13,160.01,162.25,162.25,157.47397478195617,176.37085175579162,17813.456027334956,win,1.1200000000000045,7813.456027334949
2025-07-13 23:50:00+00:00,2025-07-14 00:05:00+00:00,buy,162.14000000000001,161.43,162.85000000000002,161.43,250.8937468638698,-178.13456027334956,17635.321467061607,loss,-0.710000000000008,7635.321467061599
2025-07-14 02:10:00+00:00,2025-07-14 02:40:00+00:00,sell,159.58,160.09,159.07000000000002,160.09,345.7906170012142,-176.3532146706161,17458.96825239099,loss,0.5099999999999909,7458.968252390983
2025-07-14 05:05:00+00:00,2025-07-14 05:20:00+00:00,buy,161.93,161.25,162.61,162.61,256.7495331233944,174.58968252390991,17633.5579349149,win,0.6800000000000068,7633.557934914893
2025-07-14 05:30:00+00:00,2025-07-14 05:45:00+00:00,buy,163.12,161.79,164.45000000000002,164.45000000000002,132.58314236777997,176.33557934914901,17809.89351426405,win,1.3300000000000125,7809.893514264042
2025-07-14 06:10:00+00:00,2025-07-14 06:40:00+00:00,buy,164.51,162.93,166.08999999999997,166.08999999999997,112.72084502698881,178.09893514264053,17987.99244940669,win,1.579999999999984,7987.992449406683
2025-07-14 08:05:00+00:00,2025-07-14 08:25:00+00:00,buy,166.95,166.27,167.62999999999997,167.62999999999997,264.5293007265774,179.8799244940669,18167.87237390076,win,0.6799999999999784,8167.872373900749
2025-07-14 10:35:00+00:00,2025-07-14 10:50:00+00:00,buy,165.63,164.75,166.51,166.51,206.4530951579642,181.67872373900758,18349.551097639767,win,0.8799999999999955,8349.551097639756
2025-07-14 12:05:00+00:00,2025-07-14 16:35:00+00:00,buy,166.72,165.43,168.01,165.43,142.24458215224712,-183.49551097639764,18166.05558666337,loss,-1.289999999999992,8166.055586663359
2025-07-14 16:45:00+00:00,2025-07-14 17:30:00+00:00,buy,166.67,165.32,168.01999999999998,165.32,134.56337471602552,-181.6605558666337,17984.395030796735,loss,-1.3499999999999943,7984.395030796725
2025-07-15 00:05:00+00:00,2025-07-15 00:10:00+00:00,sell,162.31,162.81,161.81,161.81,359.6879006159347,179.84395030796736,18164.238981104703,win,-0.5,8164.238981104692
2025-07-15 00:20:00+00:00,2025-07-15 03:40:00+00:00,sell,161.78,162.81,160.75,160.75,176.35183476800663,181.64238981104702,18345.88137091575,win,-1.0300000000000011,8345.88137091574
2025-07-15 04:00:00+00:00,2025-07-15 05:25:00+00:00,sell,160.53,162.22,158.84,158.84,108.55551107050755,183.4588137091575,18529.340184624907,win,-1.6899999999999977,8529.340184624898
2025-07-15 06:10:00+00:00,2025-07-15 16:45:00+00:00,sell,158.51,160.8,156.21999999999997,160.8,80.91414927783731,-185.2934018462491,18344.04678277866,loss,2.2900000000000205,8344.046782778649
2025-07-15 17:40:00+00:00,2025-07-15 17:55:00+00:00,sell,159.39,161.51,157.26999999999998,157.26999999999998,86.52852256027651,183.4404678277866,18527.487250606446,win,-2.1200000000000045,8527.487250606435
2025-07-16 02:05:00+00:00,2025-07-16 02:10:00+00:00,buy,162.02,161.0,163.04000000000002,163.04000000000002,181.64203186868883,185.27487250606447,18712.76212311251,win,1.0200000000000102,8712.7621231125
2025-07-16 02:20:00+00:00,2025-07-16 05:30:00+00:00,buy,163.6,161.57,165.63,161.57,92.18109420252462,-187.1276212311251,18525.634501881384,loss,-2.030000000000001,8525.634501881374
2025-07-16 07:30:00+00:00,2025-07-16 09:40:00+00:00,buy,162.23,161.37,163.08999999999997,163.08999999999997,215.41435467304305,185.25634501881385,18710.890846900198,win,0.8599999999999852,8710.890846900187
2025-07-16 09:50:00+00:00,2025-07-16 10:40:00+00:00,buy,163.25,162.42,164.08,164.08,225.43241984216766,187.108908469002,18897.9997553692,win,0.8300000000000125,8897.999755369188
2025-07-16 11:30:00+00:00,2025-07-16 11:50:00+00:00,buy,164.15,163.35,164.95000000000002,164.95000000000002,236.22499694211166,188.97999755369202,19086.979752922893,win,0.8000000000000114,9086.97975292288
2025-07-16 12:00:00+00:00,2025-07-16 12:15:00+00:00,buy,165.03,163.75,166.31,166.31,149.11702931970996,190.86979752922892,19277.849550452123,win,1.2800000000000011,9277.849550452109
2025-07-16 12:25:00+00:00,2025-07-16 18:35:00+00:00,buy,166.46,164.81,168.11,164.81,116.83545182092156,-192.77849550452123,19085.071054947603,loss,-1.6500000000000057,9085.071054947588
2025-07-16 18:55:00+00:00,2025-07-16 19:05:00+00:00,buy,166.94,164.77,169.10999999999999,169.10999999999999,87.94963619791572,190.85071054947602,19275.921765497078,win,2.1699999999999875,9275.921765497063
2025-07-16 19:15:00+00:00,2025-07-16 20:45:00+00:00,buy,169.31,165.78,172.84,172.84,54.60601066713052,192.7592176549708,19468.680983152048,win,3.530000000000001,9468.680983152035
2025-07-16 21:05:00+00:00,2025-07-17 04:20:00+00:00,buy,173.91,171.33,176.48999999999998,171.33,75.46000381066732,-194.68680983152046,19273.994173320527,loss,-2.579999999999984,9273.994173320514
2025-07-17 07:05:00+00:00,2025-07-17 07:40:00+00:00,buy,169.15,168.07,170.23000000000002,170.23000000000002,178.46290901222505,192.73994173320528,19466.734115053732,win,1.0800000000000125,9466.73411505372
2025-07-17 07:50:00+00:00,2025-07-17 08:45:00+00:00,buy,170.33,169.44,171.22000000000003,171.22000000000003,218.7273496073417,194.66734115053734,19661.40145620427,win,0.8900000000000148,9661.401456204258
2025-07-17 09:00:00+00:00,2025-07-17 09:25:00+00:00,buy,171.45,170.5,172.39999999999998,172.39999999999998,206.96212059162636,196.61401456204268,19858.01547076631,win,0.9499999999999886,9858.0154707663
2025-07-17 09:40:00+00:00,2025-07-17 12:05:00+00:00,buy,172.47,170.63,174.31,174.31,107.92399712372975,198.5801547076631,20056.595625473972,win,1.8400000000000034,10056.595625473963
2025-07-17 12:25:00+00:00,2025-07-17 16:45:00+00:00,buy,174.88,172.13,177.63,172.13,72.93307500172354,-200.56595625473972,19856.02966921923,loss,-2.75,9856.029669219224
2025-07-17 20:05:00+00:00,2025-07-17 21:30:00+00:00,buy,172.26,170.72,173.79999999999998,173.79999999999998,128.93525759233333,198.5602966921923,20054.589965911422,win,1.539999999999992,10054.589965911417
2025-07-17 22:00:00+00:00,2025-07-17 22:55:00+00:00,buy,174.14000000000001,172.95,175.33000000000004,172.95,168.52596610009226,-200.5458996591142,19854.044066252307,loss,-1.1900000000000261,9854.044066252301
2025-07-18 00:05:00+00:00,2025-07-18 00:10:00+00:00,buy,173.13,172.28,173.98,173.98,233.5769890147346,198.54044066252308,20052.58450691483,win,0.8499999999999943,10052.584506914825
2025-07-18 00:20:00+00:00,2025-07-18 03:30:00+00:00,buy,174.95,172.31,177.58999999999997,177.58999999999997,75.95675949588991,200.52584506914835,20253.110351983978,win,2.6399999999999864,10253.110351983974
2025-07-18 03:40:00+00:00,2025-07-18 07:20:00+00:00,buy,177.82,174.64,181.0,181.0,63.68902626410042,202.53110351983977,20455.641455503817,win,3.180000000000007,10455.641455503814
2025-07-18 08:05:00+00:00,2025-07-18 08:10:00+00:00,buy,181.41,179.32,183.5,183.5,97.87388256221907,204.55641455503817,20660.197870058855,win,2.0900000000000034,10660.197870058852
2025-07-18 10:00:00+00:00,2025-07-18 10:40:00+00:00,buy,183.33,181.76,184.90000000000003,181.76,131.59361700674248,-206.60197870058852,20453.595891358265,loss,-1.5700000000000216,10453.595891358264
2025-07-18 15:10:00+00:00,2025-07-18 15:35:00+00:00,buy,178.05,177.47,178.63000000000002,178.63000000000002,352.64820502341075,204.53595891358265,20658.13185027185,win,0.5800000000000125,10658.131850271846
2025-07-18 15:45:00+00:00,2025-07-18 16:30:00+00:00,buy,178.82,177.8,179.83999999999997,179.83999999999997,202.5307044144335,206.5813185027185,20864.713168774568,win,1.0199999999999818,10864.713168774564
2025-07-18 16:40:00+00:00,2025-07-18 17:15:00+00:00,buy,181.03,178.54,183.52,178.54,83.794028790259,-208.64713168774568,20656.06603708682,loss,-2.490000000000009,10656.066037086819
2025-07-19 03:25:00+00:00,2025-07-19 03:40:00+00:00,sell,176.37,176.87,175.87,175.87,413.12132074173644,206.56066037086822,20862.62669745769,win,-0.5,10862.626697457687
2025-07-19 03:50:00+00:00,2025-07-19 04:00:00+00:00,sell,175.57,176.74,174.39999999999998,174.39999999999998,178.31304869621715,208.6262669745769,21071.252964432268,win,-1.170000000000016,11071.252964432264
2025-07-19 09:20:00+00:00,2025-07-19 09:25:00+00:00,sell,176.7,177.31,176.08999999999997,176.08999999999997,345.430376466095,210.71252964432267,21281.96549407659,win,-0.6100000000000136,11281.965494076587
2025-07-19 09:40:00+00:00,2025-07-19 11:15:00+00:00,sell,176.02,176.99,175.05,175.05,219.40170612450117,212.8196549407659,21494.785149017356,win,-0.9699999999999989,11494.785149017353
2025-07-19 11:30:00+00:00,2025-07-19 13:35:00+00:00,sell,175.0,176.45,173.55,176.45,148.23989757943122,-214.94785149017358,21279.83729752718,loss,1.4499999999999886,11279.83729752718
2025-07-19 14:10:00+00:00,2025-07-19 14:15:00+00:00,sell,176.32,176.91,175.73,175.73,360.67520843266203,212.79837297527183,21492.635670502452,win,-0.5900000000000034,11492.635670502452
2025-07-19 15:05:00+00:00,2025-07-19 16:15:00+00:00,sell,175.49,177.07,173.91000000000003,177.07,136.02933968672573,-214.9263567050245,21277.709313797426,loss,1.579999999999984,11277.709313797428
2025-07-19 17:05:00+00:00,2025-07-19 17:20:00+00:00,sell,176.72,177.62,175.82,175.82,236.41899237552548,212.77709313797428,21490.4864069354,win,-0.9000000000000057,11490.486406935403
2025-07-19 17:30:00+00:00,2025-07-19 23:50:00+00:00,sell,175.66,177.64000000000001,173.67999999999998,177.64000000000001,108.53781013603638,-214.904864069354,21275.581542866046,loss,1.9800000000000182,11275.581542866048
2025-07-20 00:05:00+00:00,2025-07-20 00:10:00+00:00,sell,176.76,177.92,175.6,175.6,183.41018571436302,212.75581542866047,21488.337358294706,win,-1.1599999999999966,11488.337358294708
2025-07-20 00:20:00+00:00,2025-07-20 04:00:00+00:00,sell,175.07,177.92,172.22,177.92,75.39767494138508,-214.88337358294703,21273.45398471176,loss,2.8499999999999943,11273.453984711761
2025-07-20 04:10:00+00:00,2025-07-20 04:20:00+00:00,buy,177.97,176.49,179.45,179.45,143.73955395075612,212.7345398471176,21486.18852455888,win,1.4799999999999898,11486.188524558878
2025-07-20 06:25:00+00:00,2025-07-20 09:20:00+00:00,buy,177.27,176.37,178.17000000000002,176.37,238.7354280506527,-214.86188524558878,21271.32663931329,loss,-0.9000000000000057,11271.326639313289
2025-07-20 10:15:00+00:00,2025-07-20 11:25:00+00:00,buy,177.24,176.27,178.21,178.21,219.29202720941564,212.71326639313293,21484.039905706424,win,0.9699999999999989,11484.039905706422
2025-07-20 11:35:00+00:00,2025-07-20 11:55:00+00:00,buy,178.52,177.39,179.65000000000003,179.65000000000003,190.1242469531502,214.84039905706425,21698.88030476349,win,1.1300000000000239,11698.880304763486
2025-07-20 12:05:00+00:00,2025-07-20 16:05:00+00:00,buy,180.11,178.49,181.73000000000002,181.73000000000002,133.94370558495945,216.98880304763492,21915.869107811126,win,1.6200000000000045,11915.86910781112
2025-07-20 16:20:00+00:00,2025-07-20 18:00:00+00:00,buy,181.78,179.91,183.65,179.91,117.19716100433729,-219.15869107811127,21696.710416733014,loss,-1.8700000000000045,11696.710416733009
2025-07-20 19:00:00+00:00,2025-07-21 01:10:00+00:00,buy,181.45,179.41,183.48999999999998,179.41,106.35642361143677,-216.96710416733015,21479.743312565683,loss,-2.039999999999992,11479.743312565679
2025-07-21 02:30:00+00:00,2025-07-21 03:15:00+00:00,buy,180.12,178.62,181.62,178.62,143.19828875043788,-214.79743312565682,21264.945879440027,loss,-1.5,11264.945879440022
2025-07-21 05:05:00+00:00,2025-07-21 05:35:00+00:00,buy,179.54,177.48,181.6,181.6,103.22789261864081,212.6494587944003,21477.595338234427,win,2.0600000000000023,11477.595338234421
2025-07-21 05:50:00+00:00,2025-07-21 06:00:00+00:00,buy,181.87,179.74,184.0,184.0,100.83378093067829,214.77595338234428,21692.37129161677,win,2.1299999999999955,11692.371291616766
2025-07-21 06:30:00+00:00,2025-07-21 10:35:00+00:00,buy,185.31,181.38,189.24,189.24,55.19687351556421,216.92371291616772,21909.295004532938,win,3.930000000000007,11909.295004532934
2025-07-21 10:45:00+00:00,2025-07-21 11:10:00+00:00,buy,189.35,188.48,190.22,190.22,251.83097706359567,219.0929500453294,22128.387954578266,win,0.8700000000000045,12128.387954578264
2025-07-21 11:20:00+00:00,2025-07-21 14:20:00+00:00,buy,190.25,188.92,191.58,191.58,166.3788568013388,221.2838795457827,22349.67183412405,win,1.3300000000000125,12349.671834124047
2025-07-21 15:45:00+00:00,2025-07-21 16:50:00+00:00,buy,190.91,189.49,192.32999999999998,192.32999999999998,157.39205516988906,223.4967183412405,22573.16855246529,win,1.4199999999999875,12573.168552465288
2025-07-21 17:30:00+00:00,2025-07-21 18:00:00+00:00,buy,192.69,190.68,194.7,194.7,112.30432115654425,225.7316855246529,22798.900237989943,win,2.009999999999991,12798.900237989941
2025-07-21 18:10:00+00:00,2025-07-21 19:15:00+00:00,buy,196.87,193.45,200.29000000000002,193.45,66.66345098827438,-227.98900237989943,22570.911235610045,loss,-3.420000000000016,12570.911235610041
2025-07-21 21:05:00+00:00,2025-07-21 21:35:00+00:00,buy,196.0,193.89,198.11,193.89,106.97114329672938,-225.70911235610046,22345.202123253945,loss,-2.1100000000000136,12345.202123253941
2025-07-21 23:05:00+00:00,2025-07-22 03:20:00+00:00,buy,194.67,192.27,197.06999999999996,197.06999999999996,93.10500884689232,223.45202123253944,22568.654144486485,win,2.3999999999999773,12568.65414448648
2025-07-22 03:30:00+00:00,2025-07-22 04:05:00+00:00,buy,197.49,194.88,200.10000000000002,194.88,86.46993925090563,-225.68654144486487,22342.96760304162,loss,-2.6100000000000136,12342.967603041614
2025-07-22 04:20:00+00:00,2025-07-22 04:55:00+00:00,buy,197.72,193.77,201.67,201.67,56.564474944409326,223.4296760304162,22566.397279072036,win,3.9499999999999886,12566.39727907203
2025-07-22 05:05:00+00:00,2025-07-22 06:35:00+00:00,buy,201.74,199.07,204.41000000000003,199.07,84.51834186918316,-225.66397279072038,22340.733306281316,loss,-2.670000000000016,12340.73330628131
2025-07-22 09:10:00+00:00,2025-07-22 09:20:00+00:00,buy,196.86,194.84,198.88000000000002,198.88000000000002,110.59768963505546,223.40733306281317,22564.14063934413,win,2.0200000000000102,12564.140639344123
2025-07-22 09:30:00+00:00,2025-07-22 11:05:00+00:00,buy,199.16,195.28,203.04,195.28,58.155001647794215,-225.6414063934413,22338.499232950686,loss,-3.8799999999999955,12338.499232950682
2025-07-22 12:30:00+00:00,2025-07-22 12:45:00+00:00,buy,196.36,194.29,198.43000000000004,198.43000000000004,107.9154552316447,223.38499232950687,22561.88422528019,win,2.0700000000000216,12561.88422528019
2025-07-22 14:00:00+00:00,2025-07-22 14:35:00+00:00,buy,198.3,197.48,199.12000000000003,197.48,275.14492957658047,-225.61884225280193,22336.26538302739,loss,-0.8200000000000216,12336.265383027388
2025-07-22 14:45:00+00:00,2025-07-22 15:35:00+00:00,buy,198.62,197.03,200.21,200.21,140.47965649702732,223.36265383027393,22559.628036857663,win,1.5900000000000034,12559.628036857663
2025-07-22 15:45:00+00:00,2025-07-22 15:55:00+00:00,buy,200.29,198.45,202.13,202.13,122.60667411335663,225.59628036857663,22785.22431722624,win,1.8400000000000034,12785.224317226239
2025-07-22 16:05:00+00:00,2025-07-22 16:30:00+00:00,buy,203.04,199.04,207.04,199.04,56.9630607930656,-227.8522431722624,22557.372074053976,loss,-4.0,12557.372074053976
2025-07-22 17:55:00+00:00,2025-07-22 18:00:00+00:00,buy,200.02,197.99,202.05,202.05,111.12005947809834,225.57372074053976,22782.945794794516,win,2.030000000000001,12782.945794794516
2025-07-22 18:10:00+00:00,2025-07-22 22:45:00+00:00,buy,202.67,198.66,206.67999999999998,198.66,56.81532617155753,-227.82945794794517,22555.11633684657,loss,-4.009999999999991,12555.116336846571
2025-07-22 23:20:00+00:00,2025-07-23 01:05:00+00:00,buy,199.67,197.65,201.68999999999997,201.68999999999997,111.65899176656819,225.55116336846572,22780.667500215037,win,2.019999999999982,12780.667500215037
2025-07-23 01:35:00+00:00,2025-07-23 02:35:00+00:00,buy,201.72,199.44,204.0,204.0,99.91520833427643,227.80667500215037,23008.474175217187,win,2.280000000000001,13008.474175217187
2025-07-23 02:45:00+00:00,2025-07-23 04:00:00+00:00,buy,204.18,202.55,205.81,202.55,141.15628328354143,-230.08474175217188,22778.389433465014,loss,-1.6299999999999955,12778.389433465014
2025-07-23 07:25:00+00:00,2025-07-23 08:05:00+00:00,buy,201.24,200.23,202.25000000000003,200.23,225.52860825212454,-227.78389433465014,22550.605539130363,loss,-1.0100000000000193,12550.605539130363
2025-07-23 13:05:00+00:00,2025-07-23 13:10:00+00:00,sell,196.91,197.97,195.85,195.85,212.74156168990865,225.50605539130365,22776.111594521666,win,-1.0600000000000023,12776.111594521668
2025-07-23 15:00:00+00:00,2025-07-23 15:40:00+00:00,sell,196.41,197.51,195.31,195.31,207.05555995019805,227.76111594521666,23003.872710466883,win,-1.0999999999999943,13003.872710466885
2025-07-23 15:50:00+00:00,2025-07-23 16:15:00+00:00,sell,194.59,196.62,192.56,192.56,113.31957000229987,230.03872710466885,23233.91143757155,win,-2.030000000000001,13233.911437571554
2025-07-23 16:40:00+00:00,2025-07-23 16:45:00+00:00,sell,191.25,194.41,188.09,188.09,73.52503619484676,232.33911437571552,23466.250551947265,win,-3.1599999999999966,13466.25055194727
2025-07-23 19:15:00+00:00,2025-07-23 19:45:00+00:00,sell,190.34,192.36,188.32,188.32,116.16955718785717,234.66250551947266,23700.913057466736,win,-2.0200000000000102,13700.913057466743
2025-07-23 19:55:00+00:00,2025-07-23 20:15:00+00:00,sell,188.25,190.69,185.81,185.81,97.1348895797818,237.00913057466738,23937.922188041404,win,-2.4399999999999977,13937.922188041412
2025-07-23 22:35:00+00:00,2025-07-23 23:25:00+00:00,sell,188.17,189.81,186.52999999999997,186.52999999999997,145.96294017098285,239.37922188041404,24177.30140992182,win,-1.6400000000000148,14177.301409921825
2025-07-23 23:35:00+00:00,2025-07-24 01:25:00+00:00,sell,185.91,188.74,183.07999999999998,188.74,85.43216045908733,-241.77301409921822,23935.528395822603,loss,2.8300000000000125,13935.528395822606
2025-07-24 03:00:00+00:00,2025-07-24 03:15:00+00:00,sell,188.74,189.59,187.89000000000001,189.59,281.59445171556195,-239.35528395822604,23696.173111864377,loss,0.8499999999999943,13696.17311186438
2025-07-24 04:30:00+00:00,2025-07-24 04:35:00+00:00,sell,189.82,190.57,189.07,189.07,315.94897482485834,236.96173111864374,23933.13484298302,win,-0.75,13933.134842983023
2025-07-24 06:45:00+00:00,2025-07-24 07:00:00+00:00,sell,189.95,190.81,189.08999999999997,189.08999999999997,278.29226561607726,239.33134842983023,24172.466191412852,win,-0.8600000000000136,14172.466191412854
2025-07-24 07:10:00+00:00,2025-07-24 07:40:00+00:00,sell,188.85999999999999,190.99,186.72999999999996,186.72999999999996,113.48575676719521,241.72466191412852,24414.19085332698,win,-2.130000000000024,14414.190853326982
2025-07-24 07:50:00+00:00,2025-07-24 08:50:00+00:00,sell,186.18,189.07,183.29000000000002,183.29000000000002,84.47816904265432,244.14190853326983,24658.332761860253,win,-2.8899999999999864,14658.33276186025
2025-07-24 09:00:00+00:00,2025-07-24 09:45:00+00:00,sell,182.79,185.31,180.26999999999998,180.26999999999998,97.85052683277839,246.58332761860254,24904.916089478855,win,-2.5200000000000102,14904.916089478853
2025-07-24 10:00:00+00:00,2025-07-24 10:55:00+00:00,sell,179.98,183.63,176.32999999999998,183.63,68.2326468204899,-249.04916089478854,24655.866928584066,loss,3.6500000000000057,14655.866928584064
2025-07-24 12:10:00+00:00,2025-07-24 13:20:00+00:00,sell,184.92,185.95,183.89,183.89,239.37734882120427,246.55866928584066,24902.425597869908,win,-1.0300000000000011,14902.425597869906
2025-07-24 13:30:00+00:00,2025-07-24 14:30:00+00:00,sell,183.28,185.77,180.79,185.77,100.00974135690689,-249.02425597869905,24653.401341891207,loss,2.490000000000009,14653.401341891207
2025-07-24 15:45:00+00:00,2025-07-24 16:10:00+00:00,sell,184.57,185.96,183.17999999999998,185.96,177.36259958194924,-246.53401341891205,24406.867328472294,loss,1.3900000000000148,14406.867328472295
2025-07-24 16:55:00+00:00,2025-07-24 17:10:00+00:00,sell,184.72,186.05,183.39,183.39,183.51028066520348,244.06867328472293,24650.936001757018,win,-1.3300000000000125,14650.936001757018
2025-07-24 19:10:00+00:00,2025-07-24 19:25:00+00:00,sell,187.10999999999999,188.83,185.38999999999996,185.38999999999996,143.31939535905016,246.5093600175702,24897.44536177459,win,-1.7200000000000273,14897.445361774588
2025-07-24 19:35:00+00:00,2025-07-24 20:20:00+00:00,sell,185.32,187.9,182.73999999999998,187.9,96.50172620842817,-248.97445361774587,24648.470908156844,loss,2.5800000000000125,14648.470908156842
2025-07-25 01:05:00+00:00,2025-07-25 01:10:00+00:00,sell,185.07,186.48,183.66,183.66,174.8118504124603,246.48470908156844,24894.95561723841,win,-1.4099999999999966,14894.955617238411
2025-07-25 01:50:00+00:00,2025-07-25 03:35:00+00:00,sell,183.19,186.16,180.22,180.22,83.82139938464115,248.94955617238412,25143.905173410796,win,-2.969999999999999,15143.905173410794
2025-07-25 05:35:00+00:00,2025-07-25 06:00:00+00:00,sell,180.23,182.59,177.86999999999998,177.86999999999998,106.54197107377395,251.43905173410798,25395.344225144905,win,-2.3600000000000136,15395.344225144901
2025-07-25 06:15:00+00:00,2025-07-25 06:30:00+00:00,sell,177.69,180.21,175.17,175.17,100.77517549660635,253.95344225144905,25649.297667396353,win,-2.5200000000000102,15649.297667396351
2025-07-25 08:50:00+00:00,2025-07-25 09:05:00+00:00,sell,177.98,178.74,177.21999999999997,177.21999999999997,337.4907587815224,256.49297667396354,25905.790644070315,win,-0.7600000000000193,15905.790644070315
2025-07-25 09:25:00+00:00,2025-07-25 09:45:00+00:00,sell,177.05,178.32,175.78000000000003,178.32,203.9826034966196,-259.05790644070316,25646.732737629613,loss,1.2699999999999818,15646.732737629613
2025-07-25 10:10:00+00:00,2025-07-25 11:20:00+00:00,sell,176.72,178.41,175.03,178.41,151.75581501556005,-256.4673273762961,25390.265410253316,loss,1.6899999999999977,15390.265410253316
2025-07-25 11:45:00+00:00,2025-07-25 12:20:00+00:00,sell,176.46,178.72,174.20000000000002,178.72,112.34630712501513,-253.90265410253318,25136.362756150782,loss,2.259999999999991,15136.362756150784
2025-07-25 14:45:00+00:00,2025-07-25 16:40:00+00:00,sell,180.28,181.51,179.05,179.05,204.3606728142357,251.36362756150783,25387.72638371229,win,-1.2299999999999898,15387.726383712292
2025-07-25 17:15:00+00:00,2025-07-25 17:30:00+00:00,sell,178.98,180.89000000000001,177.06999999999996,177.06999999999996,132.92003342257567,253.87726383712285,25641.60364754941,win,-1.910000000000025,15641.603647549415
2025-07-25 17:40:00+00:00,2025-07-25 20:20:00+00:00,sell,176.81,179.85,173.77,179.85,84.34738041957065,-256.41603647549414,25385.187611073918,loss,3.039999999999992,15385.187611073921
2025-07-26 01:05:00+00:00,2025-07-26 01:40:00+00:00,buy,184.55,183.52,185.58,185.58,246.45813214634845,253.85187611073917,25639.03948718466,win,1.0300000000000011,15639.03948718466
2025-07-26 01:55:00+00:00,2025-07-26 04:35:00+00:00,buy,185.61,184.62,186.60000000000002,184.62,258.9801968402467,-256.3903948718466,25382.64909231281,loss,-0.9900000000000091,15382.649092312813
2025-07-26 05:25:00+00:00,2025-07-26 11:25:00+00:00,buy,185.55,184.5,186.60000000000002,186.60000000000002,241.7395151648813,253.82649092312812,25636.47558323594,win,1.0500000000000114,15636.47558323594
2025-07-26 11:45:00+00:00,2025-07-26 12:00:00+00:00,buy,186.72,185.96,187.48,187.48,337.3220471478454,256.36475583235944,25892.8403390683,win,0.7599999999999909,15892.8403390683
2025-07-26 12:10:00+00:00,2025-07-26 13:10:00+00:00,buy,187.87,186.52,189.22,189.22,191.79881732643267,258.928403390683,26151.768742458986,win,1.3499999999999943,16151.768742458982
2025-07-26 16:40:00+00:00,2025-07-26 17:00:00+00:00,buy,187.51,186.73,188.29,186.73,335.2790864417814,-261.51768742458984,25890.251055034398,loss,-0.7800000000000011,15890.251055034392
2025-07-26 18:50:00+00:00,2025-07-26 20:05:00+00:00,buy,186.93,185.81,188.05,185.81,231.16295584852048,-258.902510550344,25631.348544484055,loss,-1.1200000000000045,15631.348544484048
2025-07-26 22:45:00+00:00,2025-07-26 23:10:00+00:00,buy,185.92,185.48,186.35999999999999,185.48,582.530648738277,-256.3134854448406,25375.035059039215,loss,-0.4399999999999977,15375.035059039208
2025-07-27 06:05:00+00:00,2025-07-27 08:25:00+00:00,buy,186.62,185.71,187.53,187.53,278.8465391103221,253.75035059039217,25628.785409629607,win,0.9099999999999966,15628.7854096296
2025-07-27 08:35:00+00:00,2025-07-27 09:25:00+00:00,buy,187.7,186.84,188.55999999999997,186.84,298.00913267011686,-256.2878540962961,25372.49755553331,loss,-0.8599999999999852,15372.497555533304
2025-07-27 10:45:00+00:00,2025-07-27 11:05:00+00:00,buy,187.25,186.64,187.86,186.64,415.94258287758595,-253.72497555533312,25118.772579977976,loss,-0.6100000000000136,15118.772579977971
2025-07-27 13:35:00+00:00,2025-07-27 13:50:00+00:00,buy,186.61,185.69,187.53000000000003,187.53000000000003,273.0301367388863,251.18772579977974,25369.960305777757,win,0.9200000000000159,15369.960305777751
2025-07-27 14:30:00+00:00,2025-07-27 15:25:00+00:00,buy,187.87,186.07,189.67000000000002,186.07,140.94422392098664,-253.69960305777755,25116.260702719977,loss,-1.8000000000000114,15116.260702719974
2025-07-27 19:05:00+00:00,2025-07-27 19:10:00+00:00,buy,185.95,184.92,186.98,186.98,243.8471912885432,251.16260702719978,25367.423309747177,win,1.0300000000000011,15367.423309747173
2025-07-27 19:20:00+00:00,2025-07-27 19:35:00+00:00,buy,187.33,185.60999999999999,189.05000000000004,189.05000000000004,147.4850192427138,253.67423309747176,25621.097542844647,win,1.7200000000000273,15621.097542844645
2025-07-27 20:50:00+00:00,2025-07-28 01:05:00+00:00,buy,187.07,185.44,188.7,188.7,157.18464750211484,256.2109754284465,25877.308518273094,win,1.6299999999999955,15877.308518273092
2025-07-28 01:15:00+00:00,2025-07-28 06:35:00+00:00,buy,189.23,186.17,192.29,192.29,84.56636770677476,258.77308518273094,26136.081603455823,win,3.0600000000000023,16136.081603455823
2025-07-28 06:45:00+00:00,2025-07-28 08:50:00+00:00,buy,192.42,190.82,194.01999999999998,194.01999999999998,163.3505100215995,261.36081603455824,26397.44241949038,win,1.5999999999999943,16397.44241949038
2025-07-28 11:10:00+00:00,2025-07-28 11:15:00+00:00,buy,191.9,191.44,192.36,191.44,573.8574439019549,-263.9744241949038,26133.467995295476,loss,-0.46000000000000796,16133.467995295476
2025-07-28 12:05:00+00:00,2025-07-28 14:10:00+00:00,buy,192.33,191.29,193.37000000000003,191.29,251.28334610860543,-261.3346799529548,25872.133315342522,loss,-1.0400000000000205,15872.13331534252
2025-07-28 15:15:00+00:00,2025-07-28 15:40:00+00:00,buy,191.87,191.18,192.56,192.56,374.9584538455451,258.72133315342523,26130.854648495948,win,0.6899999999999977,16130.854648495946
2025-07-28 20:15:00+00:00,2025-07-28 21:05:00+00:00,sell,186.07,187.54,184.6,184.6,177.76091597616306,261.3085464849595,26392.16319498091,win,-1.4699999999999989,16392.163194980905
2025-07-28 21:20:00+00:00,2025-07-28 22:05:00+00:00,sell,184.26,185.82,182.7,185.82,169.18053330115941,-263.92163194980907,26128.2415630311,loss,1.5600000000000023,16128.241563031097
2025-07-28 22:40:00+00:00,2025-07-28 23:25:00+00:00,sell,184.43,186.02,182.84,182.84,164.32856328950342,261.282415630311,26389.52397866141,win,-1.5900000000000034,16389.523978661407
2025-07-29 01:30:00+00:00,2025-07-29 03:40:00+00:00,sell,182.88,184.36,181.39999999999998,181.39999999999998,178.30759445041275,263.8952397866141,26653.419218448023,win,-1.4800000000000182,16653.41921844802
2025-07-29 04:55:00+00:00,2025-07-29 05:15:00+00:00,sell,182.08,183.58,180.58,180.58,177.68946145632015,266.5341921844802,26919.953410632505,win,-1.5,16919.9534106325
2025-07-29 07:35:00+00:00,2025-07-29 08:50:00+00:00,sell,183.43,184.31,182.55,184.31,305.90856148446187,-269.1995341063251,26650.753876526178,loss,0.8799999999999955,16650.753876526174
2025-07-29 11:25:00+00:00,2025-07-29 13:05:00+00:00,sell,184.92,186.12,183.71999999999997,183.71999999999997,222.08961563771499,266.50753876526176,26917.26141529144,win,-1.200000000000017,16917.261415291436
2025-07-29 13:15:00+00:00,2025-07-29 13:50:00+00:00,sell,183.15,184.26,182.04000000000002,182.04000000000002,242.4978505882144,269.1726141529144,27186.434029444354,win,-1.1099999999999852,17186.43402944435
2025-07-29 14:00:00+00:00,2025-07-29 15:35:00+00:00,sell,181.99,183.74,180.24,183.74,155.35105159682487,-271.86434029444354,26914.56968914991,loss,1.75,16914.569689149906
2025-07-29 16:50:00+00:00,2025-07-29 17:00:00+00:00,sell,182.94,184.34,181.54,181.54,192.24692635107,269.1456968914991,27183.71538604141,win,-1.4000000000000057,17183.715386041407
2025-07-29 17:10:00+00:00,2025-07-30 14:15:00+00:00,sell,180.68,184.07,177.29000000000002,177.29000000000002,80.18795099127291,271.8371538604141,27455.552539901826,win,-3.3899999999999864,17455.552539901822
2025-07-30 14:25:00+00:00,2025-07-30 17:20:00+00:00,sell,176.43,178.23,174.63000000000002,178.23,152.53084744390048,-274.5555253990183,27180.99701450281,loss,1.799999999999983,17180.997014502806
2025-07-30 18:50:00+00:00,2025-07-30 21:00:00+00:00,sell,178.14,179.56,176.71999999999997,179.56,191.41547193311624,-271.8099701450281,26909.187044357783,loss,1.420000000000016,16909.18704435778
2025-07-30 21:45:00+00:00,2025-07-30 21:55:00+00:00,sell,177.59,179.65,175.53,175.53,130.6271215745522,269.0918704435778,27178.27891480136,win,-2.0600000000000023,17178.278914801358
2025-07-30 22:05:00+00:00,2025-07-30 22:10:00+00:00,sell,175.43,179.14000000000001,171.72,171.72,73.25681648194423,271.78278914801365,27450.061703949374,win,-3.710000000000008,17450.06170394937
2025-07-30 23:45:00+00:00,2025-07-31 02:30:00+00:00,sell,175.43,177.01,173.85000000000002,177.01,173.7345677465168,-274.50061703949376,27175.56108690988,loss,1.579999999999984,17175.561086909875
2025-07-31 08:05:00+00:00,2025-07-31 09:45:00+00:00,buy,180.34,179.65,181.03,181.03,393.8487114044923,271.7556108690988,27447.316697778977,win,0.6899999999999977,17447.316697778973
2025-07-31 09:55:00+00:00,2025-07-31 12:45:00+00:00,buy,181.09,180.1,182.08,182.08,277.2456232098861,274.4731669777898,27721.789864756767,win,0.9900000000000091,17721.789864756764
2025-07-31 12:55:00+00:00,2025-07-31 13:55:00+00:00,buy,182.12,181.31,182.93,181.31,342.2443193179838,-277.21789864756767,27444.5719661092,loss,-0.8100000000000023,17444.571966109197
2025-07-31 17:15:00+00:00,2025-07-31 18:10:00+00:00,sell,176.25,177.5,175.0,175.0,219.5565757288736,274.445719661092,27719.017685770294,win,-1.25,17719.01768577029
2025-07-31 20:45:00+00:00,2025-07-31 22:45:00+00:00,sell,176.81,178.77,174.85,174.85,141.42355962127644,277.19017685770297,27996.207862627998,win,-1.960000000000008,17996.207862627994
2025-07-31 22:55:00+00:00,2025-08-01 00:50:00+00:00,sell,174.62,175.86,173.38,173.38,225.77586985990158,279.96207862628,28276.169941254277,win,-1.240000000000009,18276.169941254273
2025-08-01 01:35:00+00:00,2025-08-01 03:40:00+00:00,sell,172.37,174.97,169.77,169.77,108.75449977405515,282.7616994125428,28558.93164066682,win,-2.5999999999999943,18558.931640666815
2025-08-01 03:50:00+00:00,2025-08-01 04:15:00+00:00,sell,169.57,171.55,167.58999999999997,167.58999999999997,144.23702848821495,285.5893164066682,28844.520957073488,win,-1.9800000000000182,18844.520957073484
2025-08-01 06:50:00+00:00,2025-08-01 07:10:00+00:00,sell,170.67,171.73,169.60999999999999,169.60999999999999,272.11812223654175,288.4452095707349,29132.966166644223,win,-1.0600000000000023,19132.96616664422
2025-08-01 07:20:00+00:00,2025-08-01 11:00:00+00:00,sell,169.31,171.29,167.33,167.33,147.13619276083017,291.32966166644223,29424.295828310664,win,-1.9799999999999898,19424.29582831066
2025-08-01 11:10:00+00:00,2025-08-01 15:00:00+00:00,sell,167.29,169.0,165.57999999999998,169.0,172.07190542871655,-294.24295828310665,29130.052870027557,loss,1.710000000000008,19130.052870027554
2025-08-01 16:20:00+00:00,2025-08-01 16:40:00+00:00,sell,168.3,169.35,167.25000000000003,167.25000000000003,277.42907495264797,291.3005287002756,29421.35339872783,win,-1.049999999999983,19421.353398727828
2025-08-01 16:50:00+00:00,2025-08-01 17:00:00+00:00,sell,166.75,169.26,164.24,164.24,117.21654740529058,294.2135339872783,29715.566932715108,win,-2.509999999999991,19715.566932715104
2025-08-01 18:15:00+00:00,2025-08-01 20:00:00+00:00,sell,167.52,169.43,165.61,165.61,155.57888446447728,297.1556693271511,30012.72260204226,win,-1.9099999999999966,20012.722602042257
2025-08-01 20:10:00+00:00,2025-08-01 23:35:00+00:00,sell,165.19,168.28,162.1,162.1,97.12855211016903,300.1272260204226,30312.849828062685,win,-3.0900000000000034,20312.84982806268
2025-08-02 01:00:00+00:00,2025-08-02 01:05:00+00:00,sell,163.13,164.33,161.92999999999998,161.92999999999998,252.60708190051878,303.12849828062684,30615.978326343313,win,-1.200000000000017,20615.97832634331
2025-08-02 01:20:00+00:00,2025-08-02 03:50:00+00:00,sell,161.27,164.0,158.54000000000002,164.0,112.14644075583674,-306.15978326343316,30309.81854307988,loss,2.7299999999999898,20309.818543079877
2025-08-02 06:50:00+00:00,2025-08-02 07:30:00+00:00,sell,163.8,164.34,163.26000000000002,164.34,561.2929359829691,-303.0981854307988,30006.720357649083,loss,0.539999999999992,20006.72035764908
2025-08-02 08:45:00+00:00,2025-08-02 09:15:00+00:00,sell,164.2,164.78,163.61999999999998,163.61999999999998,517.3572475456627,300.06720357649084,30306.787561225574,win,-0.5800000000000125,20306.78756122557
2025-08-02 09:25:00+00:00,2025-08-02 09:40:00+00:00,sell,162.91,164.36,161.45999999999998,161.45999999999998,209.0123280084498,303.06787561225576,30609.855436837828,win,-1.450000000000017,20609.855436837825
2025-08-02 12:30:00+00:00,2025-08-02 13:35:00+00:00,sell,163.04,164.01,162.07,162.07,315.5655199674007,306.0985543683783,30915.953991206206,win,-0.9699999999999989,20915.953991206203
2025-08-02 13:45:00+00:00,2025-08-02 14:00:00+00:00,sell,161.88,162.75,161.01,162.75,355.35579300236833,-309.1595399120621,30606.794451294143,loss,0.8700000000000045,20606.79445129414
2025-08-02 15:40:00+00:00,2025-08-02 17:35:00+00:00,sell,163.53,164.57,162.49,162.49,294.2961004932152,306.06794451294144,30912.862395807086,win,-1.039999999999992,20912.862395807082
2025-08-02 17:50:00+00:00,2025-08-02 19:15:00+00:00,sell,162.17,163.67,160.67,160.67,206.08574930538057,309.1286239580709,31221.991019765155,win,-1.5,21221.99101976515
2025-08-02 19:30:00+00:00,2025-08-02 19:45:00+00:00,sell,160.48,161.64000000000001,159.31999999999996,161.64000000000001,269.1550949979697,-312.2199101976516,30909.771109567504,loss,1.160000000000025,20909.7711095675
2025-08-02 20:45:00+00:00,2025-08-02 21:10:00+00:00,sell,159.87,161.71,158.03,158.03,167.98788646504048,309.09771109567504,31218.868820663178,win,-1.8400000000000034,21218.868820663174
2025-08-02 21:20:00+00:00,2025-08-02 21:35:00+00:00,sell,157.85999999999999,159.53,156.18999999999997,156.18999999999997,186.93933425546638,312.1886882066318,31531.05750886981,win,-1.670000000000016,21531.057508869806
2025-08-02 21:45:00+00:00,2025-08-02 23:15:00+00:00,sell,156.05,158.39000000000001,153.71,158.39000000000001,134.74810901226394,-315.3105750886981,31215.746933781113,loss,2.3400000000000034,21215.74693378111
2025-08-03 00:30:00+00:00,2025-08-03 01:00:00+00:00,sell,157.74,159.12,156.36,159.12,226.20106473754504,-312.1574693378111,30903.589464443303,loss,1.3799999999999955,20903.5894644433
2025-08-03 01:15:00+00:00,2025-08-03 02:20:00+00:00,sell,158.23,159.16,157.29999999999998,157.29999999999998,332.2966609079901,309.03589464443303,31212.625359087735,win,-0.9300000000000068,21212.62535908773
2025-08-03 02:30:00+00:00,2025-08-03 03:50:00+00:00,sell,157.23,158.86,155.59999999999997,158.86,191.48849913550478,-312.12625359087735,30900.499105496856,loss,1.6300000000000239,20900.499105496852
2025-08-03 07:05:00+00:00,2025-08-03 07:15:00+00:00,sell,159.98,160.34,159.61999999999998,160.34,858.3471973748801,-309.00499105496857,30591.494114441888,loss,0.36000000000001364,20591.494114441884
2025-08-03 07:30:00+00:00,2025-08-03 10:05:00+00:00,sell,159.78,160.64000000000001,158.92,160.64000000000001,355.7150478423419,-305.9149411444189,30285.57917329747,loss,0.8600000000000136,20285.579173297465
2025-08-03 20:10:00+00:00,2025-08-03 21:15:00+00:00,buy,161.92,161.33,162.50999999999996,161.33,513.3149012423518,-302.8557917329747,29982.723381564494,loss,-0.589999999999975,19982.72338156449
2025-08-03 22:20:00+00:00,2025-08-03 22:55:00+00:00,buy,161.86,161.03,162.69000000000003,161.03,361.23763110318123,-299.82723381564495,29682.89614774885,loss,-0.8300000000000125,19682.896147748845
2025-08-04 00:10:00+00:00,2025-08-04 01:00:00+00:00,buy,161.16,160.46,161.85999999999999,161.85999999999999,424.0413735392761,296.82896147748846,29979.725109226336,win,0.6999999999999886,19979.725109226332
2025-08-04 02:05:00+00:00,2025-08-04 03:05:00+00:00,buy,162.01,161.03,162.98999999999998,161.03,305.9155623390474,-299.79725109226337,29679.927858134073,loss,-0.9799999999999898,19679.92785813407
2025-08-04 03:15:00+00:00,2025-08-04 03:20:00+00:00,buy,161.56,160.94,162.18,162.18,478.70851384086865,296.79927858134073,29976.727136715414,win,0.6200000000000045,19976.72713671541
2025-08-04 03:30:00+00:00,2025-08-04 03:45:00+00:00,buy,162.27,160.94,163.60000000000002,163.60000000000002,225.3889258399634,299.76727136715414,30276.494408082566,win,1.3300000000000125,20276.494408082563
2025-08-04 03:55:00+00:00,2025-08-04 07:40:00+00:00,buy,164.12,161.95,166.29000000000002,161.95,139.52301570544859,-302.76494408082567,29973.72946400174,loss,-2.170000000000016,19973.729464001735
2025-08-04 10:05:00+00:00,2025-08-04 11:00:00+00:00,buy,161.86,160.91,162.81000000000003,162.81000000000003,315.51294172632845,299.7372946400174,30273.466758641756,win,0.950000000000017,20273.466758641753
2025-08-04 11:20:00+00:00,2025-08-04 11:30:00+00:00,buy,163.32,162.28,164.35999999999999,162.28,291.0910265254037,-302.7346675864176,29970.73209105534,loss,-1.039999999999992,19970.732091055335
2025-08-04 11:40:00+00:00,2025-08-04 12:50:00+00:00,buy,163.37,162.19,164.55,162.19,253.98925500894208,-299.7073209105534,29671.024770144784,loss,-1.1800000000000068,19671.02477014478
2025-08-04 15:05:00+00:00,2025-08-04 15:15:00+00:00,buy,161.95,161.48,162.42,162.42,631.2983993647841,296.7102477014478,29967.735017846233,win,0.46999999999999886,19967.73501784623
2025-08-04 15:35:00+00:00,2025-08-04 16:30:00+00:00,buy,162.72,161.59,163.85,163.85,265.2011948481978,299.67735017846235,30267.412368024696,win,1.1299999999999955,20267.412368024692
2025-08-04 16:40:00+00:00,2025-08-04 17:00:00+00:00,buy,163.89000000000001,162.66,165.12000000000003,165.12000000000003,246.07652331727033,302.67412368024696,30570.086491704944,win,1.2300000000000182,20570.08649170494
2025-08-04 17:15:00+00:00,2025-08-04 20:05:00+00:00,buy,166.2,163.76,168.64,168.64,125.28723972010235,305.70086491704944,30875.787356621993,win,2.4399999999999977,20875.78735662199
2025-08-04 20:15:00+00:00,2025-08-04 21:10:00+00:00,buy,168.94,166.87,171.01,166.87,149.1583930271599,-308.7578735662199,30567.029483055772,loss,-2.069999999999993,20567.02948305577
2025-08-04 23:30:00+00:00,2025-08-04 23:35:00+00:00,buy,165.6,164.73,166.47,166.47,351.3451664719036,305.67029483055774,30872.69977788633,win,0.8700000000000045,20872.699777886326
2025-08-05 00:35:00+00:00,2025-08-05 11:05:00+00:00,buy,167.86,165.13,170.59000000000003,165.13,113.08681237320924,-308.7269977788633,30563.972780107466,loss,-2.730000000000018,20563.972780107462
2025-08-05 12:05:00+00:00,2025-08-05 12:30:00+00:00,buy,166.52,165.68,167.36,167.36,363.8568188108017,305.6397278010747,30869.61250790854,win,0.8400000000000034,20869.612507908536
2025-08-05 12:40:00+00:00,2025-08-05 12:45:00+00:00,buy,167.42,166.52,168.31999999999996,168.31999999999996,342.9956945323258,308.6961250790854,31178.308632987624,win,0.8999999999999773,21178.30863298762
2025-08-05 13:05:00+00:00,2025-08-05 13:30:00+00:00,buy,168.81,166.87,170.75,170.75,160.71293109787456,311.78308632987626,31490.0917193175,win,1.9399999999999977,21490.091719317497
2025-08-05 14:45:00+00:00,2025-08-05 15:00:00+00:00,buy,170.88,169.95,171.81,169.95,338.6031367668524,-314.900917193175,31175.190802124325,loss,-0.9300000000000068,21175.19080212432
2025-08-05 19:40:00+00:00,2025-08-05 19:50:00+00:00,sell,162.49,163.35,161.63000000000002,163.35,362.5022186293588,-311.75190802124325,30863.43889410308,loss,0.8599999999999852,20863.438894103077
2025-08-05 21:25:00+00:00,2025-08-05 22:50:00+00:00,sell,163.2,164.37,162.02999999999997,162.02999999999997,263.79007601797144,308.6343889410308,31172.073283044112,win,-1.170000000000016,21172.07328304411
2025-08-06 00:50:00+00:00,2025-08-06 01:45:00+00:00,sell,161.72,162.95,160.49,162.95,253.43149010605183,-311.72073283044114,30860.352550213673,loss,1.2299999999999898,20860.35255021367
2025-08-06 03:00:00+00:00,2025-08-06 03:45:00+00:00,sell,163.31,163.89000000000001,162.73,162.73,532.0750439691898,308.60352550213673,31168.95607571581,win,-0.5800000000000125,21168.956075715807
2025-08-06 03:55:00+00:00,2025-08-06 06:25:00+00:00,sell,162.07,163.39000000000001,160.74999999999997,160.74999999999997,236.12845511905533,311.6895607571581,31480.645636472967,win,-1.3200000000000216,21480.645636472964
2025-08-06 09:15:00+00:00,2025-08-06 16:30:00+00:00,sell,163.08,164.19,161.97000000000003,164.19,283.6094201484089,-314.8064563647297,31165.839180108236,loss,1.1099999999999852,21165.839180108233
2025-08-06 17:05:00+00:00,2025-08-06 17:35:00+00:00,buy,164.08,162.57,165.59000000000003,165.59000000000003,206.39628596097904,311.65839180108236,31477.49757190932,win,1.5100000000000193,21477.497571909316
2025-08-06 17:45:00+00:00,2025-08-06 18:20:00+00:00,buy,165.67,163.48,167.85999999999999,167.85999999999999,143.73286562515688,314.7749757190932,31792.272547628414,win,2.1899999999999977,21792.27254762841
2025-08-06 18:35:00+00:00,2025-08-07 05:40:00+00:00,buy,168.1,166.69,169.51,166.69,225.47711026686872,-317.92272547628414,31474.34982215213,loss,-1.4099999999999966,21474.349822152126
2025-08-07 07:20:00+00:00,2025-08-07 08:45:00+00:00,buy,167.05,166.33,167.77,167.77,437.14374752989136,314.7434982215213,31789.09332037365,win,0.7199999999999989,21789.093320373646
2025-08-07 08:55:00+00:00,2025-08-07 09:05:00+00:00,buy,167.86,166.97,168.75000000000003,168.75000000000003,357.1808238244171,317.8909332037365,32106.984253577386,win,0.8900000000000148,22106.984253577382
2025-08-07 09:45:00+00:00,2025-08-07 13:10:00+00:00,buy,169.04,167.24,170.83999999999997,170.83999999999997,178.3721347420983,321.0698425357739,32428.05409611316,win,1.799999999999983,22428.054096113156
2025-08-07 13:25:00+00:00,2025-08-07 19:40:00+00:00,buy,171.01,168.95,173.07,168.95,157.41773833064622,-324.2805409611316,32103.773555152027,loss,-2.0600000000000023,22103.773555152024
2025-08-07 21:50:00+00:00,2025-08-07 22:35:00+00:00,buy,169.04,168.01,170.07,170.07,311.68712189467954,321.03773555152026,32424.811290703547,win,1.0300000000000011,22424.811290703543
2025-08-07 22:45:00+00:00,2025-08-07 22:50:00+00:00,buy,170.25,169.54,170.96,170.96,456.6874829676505,324.2481129070355,32749.059403610583,win,0.710000000000008,22749.05940361058
2025-08-07 23:00:00+00:00,2025-08-08 00:20:00+00:00,buy,171.34,169.83,172.85,172.85,216.88118810338267,327.49059403610585,33076.54999764669,win,1.509999999999991,23076.549997646685
2025-08-08 00:30:00+00:00,2025-08-08 01:45:00+00:00,buy,173.02,172.0,174.04000000000002,174.04000000000002,324.2799019377094,330.7654999764669,33407.31549762315,win,1.0200000000000102,23407.315497623153
2025-08-08 01:55:00+00:00,2025-08-08 03:15:00+00:00,buy,174.2,173.23,175.17,173.23,344.4053144084865,-334.07315497623154,33073.24234264692,loss,-0.9699999999999989,23073.24234264692
2025-08-08 03:35:00+00:00,2025-08-08 04:05:00+00:00,buy,175.02,173.10999999999999,176.93000000000004,173.10999999999999,173.15833687249471,-330.7324234264692,32742.509919220447,loss,-1.910000000000025,22742.50991922045
2025-08-08 05:45:00+00:00,2025-08-08 06:20:00+00:00,buy,174.13,173.49,174.76999999999998,174.76999999999998,511.6017174878304,327.42509919220447,33069.93501841265,win,0.6399999999999864,23069.935018412656
2025-08-08 06:30:00+00:00,2025-08-08 06:45:00+00:00,buy,175.0,174.02,175.98,174.02,337.44831651441837,-330.69935018412656,32739.235668228524,loss,-0.9799999999999898,22739.235668228528
2025-08-08 09:25:00+00:00,2025-08-08 09:55:00+00:00,buy,173.99,173.5,174.48000000000002,174.48000000000002,668.147666698529,327.39235668228525,33066.62802491081,win,0.4900000000000091,23066.628024910813
2025-08-08 10:15:00+00:00,2025-08-08 10:30:00+00:00,buy,174.53,173.77,175.29,175.29,435.08721085409485,330.6662802491081,33397.294305159914,win,0.7599999999999909,23397.29430515992
2025-08-08 10:40:00+00:00,2025-08-08 10:50:00+00:00,buy,175.54,173.79,177.29,177.29,190.84168174377095,333.97294305159915,33731.267248211516,win,1.75,23731.26724821152
2025-08-08 12:10:00+00:00,2025-08-08 13:15:00+00:00,buy,175.22,174.49,175.95,175.95,462.07215408509575,337.31267248211515,34068.57992069363,win,0.7299999999999898,24068.579920693635
2025-08-08 13:30:00+00:00,2025-08-08 14:10:00+00:00,buy,176.02,175.47,176.57000000000002,176.57000000000002,619.4287258307804,340.6857992069363,34409.26571990056,win,0.5500000000000114,24409.26571990057
2025-08-08 14:20:00+00:00,2025-08-08 16:10:00+00:00,buy,176.67,175.57,177.76999999999998,175.57,312.81150654455223,-344.09265719900566,34065.17306270156,loss,-1.0999999999999943,24065.173062701564
2025-08-08 16:40:00+00:00,2025-08-08 16:45:00+00:00,buy,176.35,175.43,177.26999999999998,177.26999999999998,370.2736202467611,340.6517306270156,34405.824793328575,win,0.9199999999999875,24405.82479332858
2025-08-08 16:55:00+00:00,2025-08-08 17:40:00+00:00,buy,177.72,175.34,180.1,175.34,144.56228904759934,-344.05824793328577,34061.76654539529,loss,-2.3799999999999955,24061.766545395294
2025-08-08 19:00:00+00:00,2025-08-08 20:30:00+00:00,buy,175.33,173.66,177.00000000000003,177.00000000000003,203.96267392452074,340.6176654539529,34402.38421084924,win,1.670000000000016,24402.384210849246
2025-08-08 20:40:00+00:00,2025-08-08 21:00:00+00:00,buy,177.35,175.83,178.86999999999998,178.86999999999998,226.33147507137926,344.0238421084924,34746.40805295773,win,1.5199999999999818,24746.40805295774
2025-08-08 21:20:00+00:00,2025-08-08 21:45:00+00:00,buy,179.03,177.02,181.04,177.02,172.8677017560094,-347.46408052957736,34398.943972428155,loss,-2.009999999999991,24398.943972428162
2025-08-08 23:00:00+00:00,2025-08-08 23:15:00+00:00,buy,177.77,176.91,178.63000000000002,176.91,399.9877206096234,-343.98943972428157,34054.95453270387,loss,-0.8600000000000136,24054.95453270388
2025-08-09 04:05:00+00:00,2025-08-09 04:40:00+00:00,buy,176.65,176.16,177.14000000000001,177.14000000000001,694.9990720959845,340.54954532703874,34395.504078030914,win,0.4900000000000091,24395.504078030917
2025-08-09 04:50:00+00:00,2025-08-09 08:00:00+00:00,buy,177.69,176.4,178.98,178.98,266.6318145583808,343.95504078030916,34739.459118811224,win,1.289999999999992,24739.459118811228
2025-08-09 08:10:00+00:00,2025-08-09 08:20:00+00:00,buy,179.13,177.39,180.87,180.87,199.6520639012129,347.39459118811226,35086.853709999334,win,1.740000000000009,25086.85370999934
2025-08-09 08:30:00+00:00,2025-08-10 05:00:00+00:00,buy,180.95,177.71,184.18999999999997,184.18999999999997,108.29275836419612,350.8685370999933,35437.72224709933,win,3.2399999999999807,25437.722247099333
2025-08-10 05:15:00+00:00,2025-08-10 05:40:00+00:00,buy,184.31,182.85,185.77,182.85,242.72412498013105,-354.3772224709933,35083.34502462834,loss,-1.460000000000008,25083.34502462834
2025-08-10 06:15:00+00:00,2025-08-10 08:20:00+00:00,buy,184.34,182.37,186.31,182.37,178.08804581029625,-350.8334502462834,34732.51157438206,loss,-1.9699999999999989,24732.511574382057
2025-08-10 14:15:00+00:00,2025-08-10 14:40:00+00:00,sell,178.22,179.86,176.57999999999998,179.86,211.78360716086428,-347.32511574382056,34385.186458638236,loss,1.6400000000000148,24385.186458638236
2025-08-10 17:00:00+00:00,2025-08-10 17:15:00+00:00,sell,178.60999999999999,179.56,177.65999999999997,179.56,361.9493311435539,-343.85186458638236,34041.334594051856,loss,0.950000000000017,24041.334594051856
2025-08-10 19:15:00+00:00,2025-08-10 21:35:00+00:00,buy,181.28,180.57,181.99,181.99,479.4554168176264,340.4133459405186,34381.747939992376,win,0.710000000000008,24381.747939992376
2025-08-10 21:50:00+00:00,2025-08-10 23:10:00+00:00,buy,182.11,181.39,182.83000000000004,181.39,477.52427694432043,-343.81747939992374,34037.930460592455,loss,-0.7200000000000273,24037.93046059245
2025-08-11 00:10:00+00:00,2025-08-11 03:55:00+00:00,buy,182.84,181.13,184.55,181.13,199.05222491574443,-340.3793046059246,33697.55115598653,loss,-1.710000000000008,23697.551155986526
2025-08-11 04:25:00+00:00,2025-08-11 05:00:00+00:00,buy,182.35,180.91,183.79,183.79,234.01077191657353,336.97551155986537,34034.5266675464,win,1.4399999999999977,24034.52666754639
2025-08-11 05:10:00+00:00,2025-08-11 07:25:00+00:00,buy,184.16,182.58,185.73999999999998,185.73999999999998,215.4083966300427,340.345266675464,34374.87193422187,win,1.579999999999984,24374.871934221854
2025-08-11 08:00:00+00:00,2025-08-11 08:30:00+00:00,buy,185.83,184.82,186.84000000000003,184.82,340.34526667545754,-343.7487193422187,34031.12321487965,loss,-1.0100000000000193,24031.123214879633
2025-08-11 11:35:00+00:00,2025-08-11 12:50:00+00:00,buy,183.26,182.18,184.33999999999997,182.18,315.10299273037174,-340.3112321487965,33690.811982730855,loss,-1.079999999999984,23690.811982730836
2025-08-11 15:30:00+00:00,2025-08-11 16:45:00+00:00,sell,177.72,179.37,176.07,179.37,204.1867392892772,-336.90811982730855,33353.90386290355,loss,1.6500000000000057,23353.903862903528
2025-08-11 18:00:00+00:00,2025-08-11 19:00:00+00:00,sell,177.91,179.91,175.91,179.91,166.76951931451774,-333.5390386290355,33020.36482427451,loss,2.0,23020.364824274493
2025-08-11 19:40:00+00:00,2025-08-11 21:00:00+00:00,sell,178.69,180.85,176.53,176.53,152.8720593716415,330.20364824274515,33350.568472517254,win,-2.1599999999999966,23350.56847251724
2025-08-11 22:40:00+00:00,2025-08-11 22:50:00+00:00,sell,176.82,177.82,175.82,175.82,333.50568472517256,333.50568472517256,33684.07415724242,win,-1.0,23684.074157242412
2025-08-12 00:15:00+00:00,2025-08-12 00:30:00+00:00,sell,175.34,176.06,174.62,174.62,467.8343632950344,336.84074157242424,34020.914898814844,win,-0.7199999999999989,24020.914898814837
2025-08-12 00:45:00+00:00,2025-08-12 05:40:00+00:00,sell,174.15,176.13,172.17000000000002,176.13,171.82280251926778,-340.20914898814846,33680.705749826695,loss,1.9799999999999898,23680.705749826688
2025-08-12 06:05:00+00:00,2025-08-12 08:20:00+00:00,sell,175.29,176.21,174.36999999999998,174.36999999999998,366.0946277155012,336.80705749826694,34017.512807324965,win,-0.9200000000000159,24017.512807324954
2025-08-12 08:30:00+00:00,2025-08-12 11:45:00+00:00,sell,174.03,175.8,172.26,175.8,192.18933789449022,-340.17512807324965,33677.337679251716,loss,1.7700000000000102,23677.337679251705
2025-08-12 12:00:00+00:00,2025-08-12 13:00:00+00:00,sell,174.81,175.91,173.71,173.71,306.15761526592627,336.7733767925171,34014.11105604423,win,-1.0999999999999943,24014.11105604422
2025-08-12 13:10:00+00:00,2025-08-12 14:35:00+00:00,sell,173.56,174.57,172.55,174.57,336.7733767925202,-340.1411105604423,33673.96994548379,loss,1.009999999999991,23673.96994548378
2025-08-12 16:05:00+00:00,2025-08-12 17:30:00+00:00,sell,176.27,178.08,174.46,178.08,186.04403284797652,-336.73969945483793,33337.23024602895,loss,1.8100000000000023,23337.230246028943
2025-08-12 19:25:00+00:00,2025-08-12 19:30:00+00:00,buy,181.31,180.04,182.58,182.58,262.49787595298176,333.3723024602895,33670.60254848924,win,1.2700000000000102,23670.60254848923
2025-08-12 19:40:00+00:00,2025-08-12 21:05:00+00:00,buy,183.11,180.02,186.20000000000002,186.20000000000002,108.96635128960907,336.7060254848924,34007.30857397413,win,3.0900000000000034,24007.308573974122
2025-08-12 21:15:00+00:00,2025-08-12 22:25:00+00:00,buy,186.61,184.57,188.65000000000003,188.65000000000003,166.70249300967544,340.0730857397413,34347.38165971387,win,2.0400000000000205,24347.381659713865
2025-08-12 22:35:00+00:00,2025-08-12 22:55:00+00:00,buy,188.88,187.51,190.25,190.25,250.710815034407,343.47381659713875,34690.85547631101,win,1.3700000000000045,24690.855476311004
2025-08-12 23:15:00+00:00,2025-08-13 00:35:00+00:00,buy,190.41,188.54,192.28,192.28,185.51259613000494,346.9085547631101,35037.76403107412,win,1.8700000000000045,25037.764031074115
2025-08-13 00:45:00+00:00,2025-08-13 01:00:00+00:00,buy,192.6,190.64,194.56,190.64,178.764102199357,-350.3776403107412,34687.38639076338,loss,-1.960000000000008,24687.386390763375
2025-08-13 02:35:00+00:00,2025-08-13 03:35:00+00:00,buy,191.52,190.13,192.91000000000003,192.91000000000003,249.54954237959,346.8738639076338,35034.26025467101,win,1.3900000000000148,25034.260254671008
2025-08-13 03:45:00+00:00,2025-08-13 05:40:00+00:00,buy,193.61,191.04,196.18000000000004,196.18000000000004,136.32007881194832,350.3426025467101,35384.602857217724,win,2.5700000000000216,25384.602857217717
2025-08-13 05:50:00+00:00,2025-08-13 12:20:00+00:00,buy,196.52,193.27,199.77,199.77,108.87570109913146,353.84602857217726,35738.4488857899,win,3.25,25738.448885789894
2025-08-13 12:55:00+00:00,2025-08-13 17:15:00+00:00,buy,200.84,197.74,203.94,197.74,115.28531898641924,-357.384488857899,35381.064396932,loss,-3.0999999999999943,25381.064396931994
2025-08-13 18:30:00+00:00,2025-08-13 19:25:00+00:00,buy,196.05,193.63,198.47000000000003,198.47000000000003,146.20274544186682,353.81064396932004,35734.87504090132,win,2.420000000000016,25734.875040901312
2025-08-13 20:25:00+00:00,2025-08-14 02:30:00+00:00,buy,199.02,196.09,201.95000000000002,201.95000000000002,121.96203085631822,357.34875040901323,36092.22379131034,win,2.930000000000007,26092.223791310324
2025-08-14 03:15:00+00:00,2025-08-14 03:45:00+00:00,buy,202.67,200.68,204.65999999999997,200.68,181.36795875030498,-360.9222379131034,35731.301553397236,loss,-1.9899999999999807,25731.30155339722
2025-08-14 04:30:00+00:00,2025-08-14 05:20:00+00:00,buy,203.79,200.62,206.95999999999998,200.62,112.71703960062264,-357.31301553397236,35373.98853786326,loss,-3.1699999999999875,25373.98853786325
2025-08-14 05:40:00+00:00,2025-08-14 05:50:00+00:00,buy,203.3,200.45,206.15000000000003,206.15000000000003,124.1192580275894,353.7398853786326,35727.72842324189,win,2.8500000000000227,25727.728423241882
2025-08-14 06:15:00+00:00,2025-08-14 13:40:00+00:00,buy,206.27,201.2,211.34000000000003,201.2,70.468892353534,-357.27728423241894,35370.45113900947,loss,-5.070000000000022,25370.451139009463
2025-08-14 18:15:00+00:00,2025-08-14 19:10:00+00:00,sell,194.84,197.38,192.3,192.3,139.25374464177,353.7045113900947,35724.15565039957,win,-2.539999999999992,25724.155650399556
2025-08-14 19:25:00+00:00,2025-08-15 00:35:00+00:00,sell,191.24,195.13,187.35000000000002,187.35000000000002,91.83587570796837,357.2415565039957,36081.397206903566,win,-3.8899999999999864,26081.39720690355
2025-08-15 02:55:00+00:00,2025-08-15 03:10:00+00:00,sell,191.85,192.83,190.86999999999998,192.83,368.1775225194173,-360.8139720690357,35720.58323483453,loss,0.9800000000000182,25720.583234834517
2025-08-15 03:30:00+00:00,2025-08-15 03:45:00+00:00,sell,191.56,193.0,190.12,193.0,248.05960579746238,-357.20583234834527,35363.377402486185,loss,1.4399999999999977,25363.37740248617
2025-08-15 07:50:00+00:00,2025-08-15 08:05:00+00:00,sell,194.3,195.09,193.51000000000002,195.09,447.6376886390701,-353.63377402486185,35009.74362846132,loss,0.789999999999992,25009.743628461307
2025-08-15 14:15:00+00:00,2025-08-15 15:20:00+00:00,sell,194.03,195.16,192.9,192.9,309.8207400748802,350.0974362846132,35359.84106474593,win,-1.1299999999999955,25359.84106474592
2025-08-15 15:30:00+00:00,2025-08-15 17:00:00+00:00,sell,192.07,194.44,189.7,189.7,149.19764162340027,353.59841064745933,35713.43947539339,win,-2.3700000000000045,25713.43947539338
2025-08-15 17:25:00+00:00,2025-08-15 17:50:00+00:00,sell,189.26,191.59,186.92999999999998,186.92999999999998,153.2765642720738,357.1343947539339,36070.573870147324,win,-2.3300000000000125,26070.573870147316
2025-08-15 18:00:00+00:00,2025-08-15 19:05:00+00:00,sell,186.76,189.59,183.92999999999998,183.92999999999998,127.45785819839988,360.70573870147325,36431.279608848796,win,-2.8300000000000125,26431.27960884879
2025-08-15 19:15:00+00:00,2025-08-15 20:25:00+00:00,sell,183.06,185.76,180.36,185.76,134.93066521795907,-364.31279608848797,36066.96681276031,loss,2.6999999999999886,26066.9668127603
2025-08-15 21:40:00+00:00,2025-08-15 22:15:00+00:00,sell,184.06,185.26,182.86,185.26,300.55805677300543,-360.6696681276031,35706.29714463271,loss,1.1999999999999886,25706.297144632696
2025-08-16 02:15:00+00:00,2025-08-16 03:10:00+00:00,sell,184.83,185.99,183.67000000000002,185.99,307.8129064192484,-357.0629714463271,35349.23417318638,loss,1.1599999999999966,25349.234173186367
2025-08-16 05:30:00+00:00,2025-08-16 06:20:00+00:00,sell,186.88,187.67,186.09,187.67,447.45866042008527,-353.4923417318638,34995.741831454514,loss,0.789999999999992,24995.741831454503
2025-08-16 08:40:00+00:00,2025-08-16 10:25:00+00:00,sell,186.6,187.67,185.53,187.67,327.063007770605,-349.9574183145451,34645.78441313997,loss,1.0699999999999932,24645.784413139958
2025-08-16 12:45:00+00:00,2025-08-16 12:50:00+00:00,sell,187.23,188.07,186.39,186.39,412.4498144421408,346.45784413139967,34992.24225727137,win,-0.8400000000000034,24992.24225727136
2025-08-16 13:00:00+00:00,2025-08-16 16:20:00+00:00,sell,186.05,187.83,184.27,187.83,196.5856306588278,-349.9224225727137,34642.319834698654,loss,1.7800000000000011,24642.319834698646
2025-08-17 01:30:00+00:00,2025-08-17 02:05:00+00:00,buy,188.28,187.77,188.79,188.79,679.2611732293975,346.42319834698657,34988.74303304564,win,0.5099999999999909,24988.743033045634
2025-08-17 02:15:00+00:00,2025-08-17 02:20:00+00:00,buy,188.84,188.45,189.23000000000002,188.45,897.1472572575466,-349.8874303304564,34638.855602715186,loss,-0.3900000000000148,24638.85560271518
2025-08-17 02:45:00+00:00,2025-08-17 03:20:00+00:00,buy,188.87,188.23,189.51000000000002,188.23,541.2321187924123,-346.3885560271519,34292.467046688034,loss,-0.6400000000000148,24292.467046688027
2025-08-17 05:20:00+00:00,2025-08-17 05:40:00+00:00,buy,188.31,187.10999999999999,189.51000000000002,189.51000000000002,285.77055872239623,342.92467046688034,34635.39171715491,win,1.200000000000017,24635.391717154907
2025-08-17 05:55:00+00:00,2025-08-17 18:35:00+00:00,buy,190.99,187.78,194.20000000000002,194.20000000000002,107.89841656434525,346.35391717154914,34981.74563432646,win,3.210000000000008,24981.745634326457
2025-08-17 18:55:00+00:00,2025-08-17 19:30:00+00:00,buy,194.83,193.24,196.42000000000002,193.24,220.0109788322414,-349.81745634326455,34631.928177983194,loss,-1.5900000000000034,24631.92817798319
2025-08-18 04:10:00+00:00,2025-08-18 04:20:00+00:00,sell,189.10999999999999,189.89000000000001,188.32999999999996,188.32999999999996,443.99907920489596,346.31928177983195,34978.24745976303,win,-0.7800000000000296,24978.247459763024
2025-08-18 04:30:00+00:00,2025-08-18 04:55:00+00:00,sell,188.29,190.0,186.57999999999998,186.57999999999998,204.55115473545538,349.7824745976303,35328.02993436066,win,-1.710000000000008,25328.029934360653
2025-08-18 05:05:00+00:00,2025-08-18 05:30:00+00:00,sell,185.96,188.16,183.76000000000002,183.76000000000002,160.58195424709473,353.2802993436066,35681.310233704266,win,-2.1999999999999886,25681.31023370426
2025-08-18 05:50:00+00:00,2025-08-18 06:45:00+00:00,sell,183.38,185.37,181.39,181.39,179.30306650102565,356.81310233704266,36038.12333604131,win,-1.990000000000009,26038.123336041303
2025-08-18 07:00:00+00:00,2025-08-18 19:05:00+00:00,sell,181.3,183.65,178.95000000000002,183.65,153.35371632358041,-360.3812333604131,35677.742102680895,loss,2.3499999999999943,25677.742102680888
2025-08-18 19:35:00+00:00,2025-08-18 20:25:00+00:00,sell,181.7,183.7,179.7,183.7,178.38871051340448,-356.77742102680895,35320.964681654084,loss,2.0,25320.964681654077
2025-08-18 22:10:00+00:00,2025-08-18 22:50:00+00:00,sell,183.27,184.07,182.47000000000003,182.47000000000003,441.51205852068546,353.20964681654084,35674.174328470624,win,-0.799999999999983,25674.174328470617
2025-08-18 23:05:00+00:00,2025-08-18 23:15:00+00:00,sell,182.32,183.34,181.29999999999998,183.34,349.74680714186536,-356.7417432847063,35317.43258518592,loss,1.0200000000000102,25317.43258518591
2025-08-18 23:35:00+00:00,2025-08-19 00:55:00+00:00,sell,182.28,183.37,181.19,183.37,324.01314298335603,-353.1743258518592,34964.258259334056,loss,1.0900000000000034,24964.258259334052
2025-08-19 02:20:00+00:00,2025-08-19 02:40:00+00:00,sell,183.53,184.49,182.57,182.57,364.2110235347268,349.6425825933406,35313.900841927396,win,-0.960000000000008,25313.900841927392
2025-08-19 02:50:00+00:00,2025-08-19 03:45:00+00:00,sell,182.35999999999999,184.01,180.70999999999998,184.01,214.0236414662259,-353.139008419274,34960.76183350812,loss,1.6500000000000057,24960.761833508117
2025-08-19 05:05:00+00:00,2025-08-19 06:05:00+00:00,sell,182.25,183.35,181.15,181.15,317.8251075773482,349.6076183350812,35310.3694518432,win,-1.0999999999999943,25310.3694518432
2025-08-19 06:20:00+00:00,2025-08-19 06:40:00+00:00,sell,180.66,182.71,178.60999999999999,178.60999999999999,172.2457046431366,353.103694518432,35663.47314636163,win,-2.0500000000000114,25663.47314636163
2025-08-19 06:50:00+00:00,2025-08-19 12:30:00+00:00,sell,178.05,181.57,174.53000000000003,181.57,101.31668507489152,-356.63473146361633,35306.83841489802,loss,3.519999999999982,25306.838414898015
2025-08-19 13:50:00+00:00,2025-08-19 14:20:00+00:00,sell,180.93,181.55,180.31,181.55,569.4651357241574,-353.0683841489802,34953.77003074904,loss,0.6200000000000045,24953.770030749034
2025-08-19 15:15:00+00:00,2025-08-19 16:25:00+00:00,sell,181.48,182.28,180.67999999999998,182.28,436.92212538435683,-349.5377003074904,34604.23233044155,loss,0.8000000000000114,24604.232330441544
2025-08-19 17:25:00+00:00,2025-08-19 17:40:00+00:00,sell,180.21,182.39000000000001,178.03,178.03,158.73501069009836,346.0423233044155,34950.27465374596,win,-2.180000000000007,24950.27465374596
2025-08-19 18:05:00+00:00,2025-08-20 07:30:00+00:00,sell,177.83,181.23,174.43000000000004,181.23,102.79492545219469,-349.5027465374596,34600.7719072085,loss,3.3999999999999773,24600.771907208502
2025-08-20 11:25:00+00:00,2025-08-20 11:30:00+00:00,buy,180.76,179.96,181.55999999999997,181.55999999999997,432.5096488401155,346.007719072085,34946.779626280586,win,0.799999999999983,24946.779626280586
2025-08-20 11:55:00+00:00,2025-08-20 14:15:00+00:00,buy,181.59,180.02,183.16,180.02,222.59095303363526,-349.46779626280585,34597.31183001778,loss,-1.5699999999999932,24597.31183001778
2025-08-20 15:05:00+00:00,2025-08-20 15:55:00+00:00,buy,179.84,177.84,181.84,181.84,172.9865591500889,345.9731183001778,34943.28494831796,win,2.0,24943.28494831796
2025-08-20 17:35:00+00:00,2025-08-20 18:20:00+00:00,buy,181.32,178.2,184.44,184.44,111.99770816768562,349.4328494831796,35292.71779780114,win,3.1200000000000045,25292.71779780114
2025-08-20 20:10:00+00:00,2025-08-20 21:15:00+00:00,buy,184.4,182.98,185.82000000000002,182.98,248.5402661816954,-352.9271779780114,34939.79061982313,loss,-1.420000000000016,24939.79061982313
2025-08-20 22:20:00+00:00,2025-08-21 03:35:00+00:00,buy,185.29,182.52,188.05999999999997,188.05999999999997,126.13642823040924,349.3979061982313,35289.18852602136,win,2.769999999999982,25289.18852602136
2025-08-21 04:50:00+00:00,2025-08-21 04:55:00+00:00,buy,187.2,186.43,187.96999999999997,187.96999999999997,458.30114968859993,352.8918852602136,35642.080411281575,win,0.7699999999999818,25642.080411281575
2025-08-21 05:05:00+00:00,2025-08-21 05:15:00+00:00,buy,188.81,186.52,191.1,186.52,155.64227253834804,-356.42080411281574,35285.65960716876,loss,-2.289999999999992,25285.65960716876
2025-08-21 06:10:00+00:00,2025-08-21 10:15:00+00:00,buy,189.55,185.87,193.23000000000002,185.87,95.88494458469754,-352.8565960716876,34932.80301109707,loss,-3.680000000000007,24932.803011097072
2025-08-21 10:35:00+00:00,2025-08-21 11:15:00+00:00,buy,186.85,185.81,187.89,185.81,335.8923366451667,-349.3280301109707,34583.4749809861,loss,-1.039999999999992,24583.474980986102
2025-08-21 18:05:00+00:00,2025-08-21 18:55:00+00:00,sell,183.3,185.25,181.35000000000002,181.35000000000002,177.3511537486477,345.834749809861,34929.30973079596,win,-1.9499999999999886,24929.30973079596
2025-08-21 19:05:00+00:00,2025-08-22 08:35:00+00:00,sell,181.03,183.33,178.73,183.33,151.8665640469382,-349.2930973079596,34580.016633488005,loss,2.3000000000000114,24580.016633488
2025-08-22 14:05:00+00:00,2025-08-22 14:30:00+00:00,sell,180.5,181.36,179.64,179.64,402.09321666845875,345.80016633488003,34925.81679982288,win,-0.8600000000000136,24925.816799822882
2025-08-22 14:40:00+00:00,2025-08-22 15:05:00+00:00,sell,179.6,180.48,178.72,178.72,396.88428181617115,349.2581679982288,35275.074967821114,win,-0.8799999999999955,25275.07496782111
2025-08-22 15:15:00+00:00,2025-08-22 16:40:00+00:00,sell,178.01,180.16,175.85999999999999,180.16,164.0701161294001,-352.75074967821115,34922.3242181429,loss,2.1500000000000057,24922.324218142898
2025-08-22 17:55:00+00:00,2025-08-22 19:05:00+00:00,buy,191.76,187.57,195.95,195.95,83.34683584282321,349.22324218142904,35271.54746032433,win,4.189999999999998,25271.547460324327
2025-08-22 20:20:00+00:00,2025-08-22 22:50:00+00:00,buy,196.65,194.09,199.21,199.21,137.7794822668918,352.7154746032433,35624.262934927574,win,2.5600000000000023,25624.26293492757
2025-08-23 00:05:00+00:00,2025-08-23 00:10:00+00:00,buy,199.13,197.98,200.28,200.28,309.7761994341513,356.2426293492758,35980.50556427685,win,1.1500000000000057,25980.505564276846
2025-08-23 00:20:00+00:00,2025-08-23 01:30:00+00:00,buy,201.28,198.31,204.25,198.31,121.14648338140357,-359.8050556427685,35620.70050863408,loss,-2.969999999999999,25620.700508634076
2025-08-23 02:30:00+00:00,2025-08-23 03:55:00+00:00,buy,199.4,198.18,200.62,198.18,291.9729549888042,-356.20700508634076,35264.49350354774,loss,-1.2199999999999989,25264.493503547736
2025-08-23 05:15:00+00:00,2025-08-23 05:25:00+00:00,buy,197.73,196.3,199.15999999999997,196.3,246.60484967516274,-352.6449350354774,34911.848568512265,loss,-1.4299999999999784,24911.848568512258
2025-08-23 06:10:00+00:00,2025-08-23 07:30:00+00:00,buy,197.86,196.1,199.62000000000003,199.62000000000003,198.3627759574539,349.11848568512266,35260.96705419739,win,1.7600000000000193,25260.96705419738
2025-08-23 07:40:00+00:00,2025-08-23 07:45:00+00:00,buy,200.05,198.14,201.96000000000004,201.96000000000004,184.61239295391061,352.6096705419739,35613.57672473937,win,1.910000000000025,25613.576724739352
2025-08-23 08:00:00+00:00,2025-08-24 05:25:00+00:00,buy,204.34,198.72,209.96,209.96,63.36935360273904,356.1357672473937,35969.712491986764,win,5.6200000000000045,25969.712491986746
2025-08-24 06:40:00+00:00,2025-08-24 07:20:00+00:00,buy,208.38,206.87,209.89,209.89,238.21001650322503,359.69712491986763,36329.40961690663,win,1.509999999999991,26329.409616906614
2025-08-24 07:55:00+00:00,2025-08-24 08:45:00+00:00,buy,210.19,208.39,211.99,208.39,201.8300534272578,-363.29409616906634,35966.11552073756,loss,-1.8000000000000114,25966.11552073755
2025-08-24 11:35:00+00:00,2025-08-24 13:20:00+00:00,buy,207.46,206.2,208.72000000000003,206.2,285.4453612756906,-359.66115520737566,35606.45436553019,loss,-1.2600000000000193,25606.45436553017
2025-08-24 20:05:00+00:00,2025-08-24 20:40:00+00:00,buy,206.86,205.56,208.16000000000003,208.16000000000003,273.8958028117683,356.0645436553019,35962.51890918549,win,1.3000000000000114,25962.518909185474
2025-08-24 21:05:00+00:00,2025-08-24 22:30:00+00:00,buy,209.19,206.88,211.5,206.88,155.6819000397639,-359.62518909185496,35602.893720093634,loss,-2.3100000000000023,25602.89372009362
2025-08-25 03:30:00+00:00,2025-08-25 03:35:00+00:00,sell,205.24,206.54,203.94000000000003,203.94000000000003,273.8684132314931,356.02893720093635,35958.92265729457,win,-1.299999999999983,25958.922657294555
2025-08-25 05:05:00+00:00,2025-08-25 05:10:00+00:00,buy,207.16,205.59,208.73,208.73,229.03772393181356,359.58922657294573,36318.51188386752,win,1.5699999999999932,26318.5118838675
2025-08-25 05:20:00+00:00,2025-08-25 08:05:00+00:00,buy,209.73,206.3,213.15999999999997,206.3,105.88487429699052,-363.1851188386752,35955.32676502885,loss,-3.4299999999999784,25955.326765028825
2025-08-25 09:05:00+00:00,2025-08-25 10:30:00+00:00,sell,203.10999999999999,204.9,201.31999999999996,201.31999999999996,200.86774729066167,359.5532676502885,36314.88003267914,win,-1.7900000000000205,26314.880032679113
2025-08-25 10:45:00+00:00,2025-08-25 10:50:00+00:00,sell,201.1,203.45,198.75,198.75,154.53140439437968,363.1488003267914,36678.02883300593,win,-2.3499999999999943,26678.028833005905
2025-08-25 11:00:00+00:00,2025-08-25 22:15:00+00:00,sell,198.3,202.29,194.31000000000003,194.31000000000003,91.92488429324838,366.78028833005925,37044.80912133599,win,-3.9899999999999807,27044.809121335966
2025-08-25 22:30:00+00:00,2025-08-25 23:10:00+00:00,sell,192.55,196.47,188.63000000000002,188.63000000000002,94.50206408504108,370.4480912133599,37415.257212549346,win,-3.9199999999999875,27415.257212549324
2025-08-25 23:20:00+00:00,2025-08-26 19:40:00+00:00,sell,188.26,192.35,184.17,192.35,91.47984648545065,-374.15257212549346,37041.10464042385,loss,4.090000000000003,27041.10464042383
2025-08-26 22:15:00+00:00,2025-08-26 22:45:00+00:00,buy,195.11,193.93,196.29000000000002,196.29000000000002,313.9076664442681,370.4110464042385,37411.51568682809,win,1.1800000000000068,27411.51568682807
2025-08-26 22:55:00+00:00,2025-08-27 00:05:00+00:00,buy,196.53,195.26,197.8,195.26,294.5788636758094,-374.1151568682809,37037.40052995981,loss,-1.2700000000000102,27037.40052995979
2025-08-27 00:55:00+00:00,2025-08-27 03:00:00+00:00,buy,196.47,195.21,197.73,195.21,293.9476232536514,-370.3740052995981,36667.02652466021,loss,-1.259999999999991,26667.026524660192
2025-08-27 04:30:00+00:00,2025-08-27 05:20:00+00:00,buy,195.31,193.34,197.28,197.28,186.12703819624483,366.67026524660207,37033.69678990681,win,1.9699999999999989,27033.696789906793
2025-08-27 05:30:00+00:00,2025-08-27 06:50:00+00:00,buy,198.78,195.24,202.32,202.32,104.6149626833528,370.3369678990681,37404.03375780588,win,3.539999999999992,27404.03375780586
2025-08-27 07:00:00+00:00,2025-08-27 18:10:00+00:00,buy,202.39000000000001,197.15,207.63000000000002,207.63000000000002,71.38174381260652,374.04033757805877,37778.07409538394,win,5.240000000000009,27778.07409538392
2025-08-27 19:00:00+00:00,2025-08-27 21:20:00+00:00,buy,208.54,205.84,211.23999999999998,211.23999999999998,139.91879294586704,377.7807409538394,38155.85483633778,win,2.6999999999999886,28155.85483633776
2025-08-27 21:35:00+00:00,2025-08-27 21:55:00+00:00,buy,211.32,208.53,214.10999999999999,208.53,136.75933633096017,-381.5585483633778,37774.2962879744,loss,-2.789999999999992,27774.296287974383
2025-08-27 23:20:00+00:00,2025-08-27 23:25:00+00:00,buy,207.01,204.24,209.77999999999997,204.24,136.36930067860885,-377.742962879744,37396.553325094654,loss,-2.769999999999982,27396.55332509464
2025-08-27 23:40:00+00:00,2025-08-28 02:40:00+00:00,buy,207.46,202.63,212.29000000000002,202.63,77.42557624243179,-373.9655332509465,37022.5877918437,loss,-4.8300000000000125,27022.587791843693
2025-08-28 04:20:00+00:00,2025-08-28 07:05:00+00:00,buy,204.71,201.28,208.14000000000001,208.14000000000001,107.93757373715344,370.22587791843705,37392.81366976214,win,3.430000000000007,27392.81366976213
2025-08-28 07:15:00+00:00,2025-08-28 07:40:00+00:00,buy,208.26,206.68,209.83999999999997,209.83999999999997,236.66337765672478,373.92813669762137,37766.74180645976,win,1.579999999999984,27766.74180645975
2025-08-28 07:50:00+00:00,2025-08-28 08:05:00+00:00,buy,210.31,207.98,212.64000000000001,212.64000000000001,162.08902062858178,377.6674180645976,38144.40922452436,win,2.3300000000000125,28144.40922452435
2025-08-28 10:00:00+00:00,2025-08-28 11:00:00+00:00,buy,211.41,209.19,213.63,213.63,171.82166317353324,381.4440922452436,38525.8533167696,win,2.219999999999999,28525.853316769593
2025-08-28 11:10:00+00:00,2025-08-28 18:40:00+00:00,buy,214.96,210.73,219.19000000000003,210.73,91.07766741553057,-385.258533167696,38140.594783601904,loss,-4.230000000000018,28140.594783601897
2025-08-28 19:15:00+00:00,2025-08-28 19:55:00+00:00,buy,213.28,210.18,216.38,210.18,123.03417672129669,-381.40594783601904,37759.18883576588,loss,-3.0999999999999943,27759.18883576588
2025-08-28 21:20:00+00:00,2025-08-28 21:30:00+00:00,buy,210.4,209.51,211.29000000000002,211.29000000000002,424.2605487164636,377.59188835765883,38136.78072412354,win,0.8900000000000148,28136.78072412354
2025-08-28 21:40:00+00:00,2025-08-29 01:00:00+00:00,buy,211.38,209.12,213.64,213.64,168.7468173633792,381.3678072412354,38518.14853136478,win,2.259999999999991,28518.148531364775
2025-08-29 01:10:00+00:00,2025-08-29 03:25:00+00:00,buy,213.72,211.75,215.69,215.69,195.5235966059127,385.1814853136478,38903.330016678425,win,1.9699999999999989,28903.330016678425
2025-08-29 04:40:00+00:00,2025-08-29 05:10:00+00:00,buy,213.62,211.76,215.48000000000002,215.48000000000002,209.15768826171043,389.0333001667843,39292.36331684521,win,1.8600000000000136,29292.36331684521
2025-08-29 05:20:00+00:00,2025-08-29 09:35:00+00:00,buy,216.1,212.37,219.82999999999998,212.37,105.3414566135263,-392.92363316845206,38899.439683676756,loss,-3.7299999999999898,28899.43968367676
2025-08-29 12:05:00+00:00,2025-08-29 13:25:00+00:00,sell,205.72,208.54,202.9,208.54,137.94127547403139,-388.9943968367676,38510.44528683999,loss,2.819999999999993,28510.445286839993
2025-08-29 13:35:00+00:00,2025-08-29 15:20:00+00:00,sell,207.6,209.06,206.14,209.06,263.77017319753276,-385.1044528683999,38125.34083397159,loss,1.460000000000008,28125.340833971593
2025-08-29 16:15:00+00:00,2025-08-29 16:45:00+00:00,sell,209.94,212.12,207.76,207.76,174.88688455950216,381.2534083397159,38506.59424231131,win,-2.180000000000007,28506.59424231131
2025-08-29 17:05:00+00:00,2025-08-29 19:00:00+00:00,sell,207.34,211.65,203.03,203.03,89.34244603784522,385.0659424231131,38891.66018473442,win,-4.310000000000002,28891.66018473442
2025-08-29 20:15:00+00:00,2025-08-29 21:20:00+00:00,sell,203.09,204.85,201.33,201.33,220.97534195871944,388.9166018473442,39280.57678658176,win,-1.759999999999991,29280.576786581765
2025-08-29 23:05:00+00:00,2025-08-30 02:15:00+00:00,sell,201.65,204.26,199.04000000000002,204.26,150.50029420146356,-392.80576786581764,38887.77101871595,loss,2.609999999999985,28887.771018715946
2025-08-30 03:35:00+00:00,2025-08-30 04:45:00+00:00,sell,203.71,204.96,202.46,202.46,311.1021681497276,388.87771018715955,39276.64872890311,win,-1.25,29276.648728903107
2025-08-30 04:55:00+00:00,2025-08-30 05:00:00+00:00,sell,202.33,204.14000000000001,200.52,200.52,216.9980592757075,392.7664872890311,39669.41521619214,win,-1.8100000000000023,29669.415216192137
2025-08-30 07:50:00+00:00,2025-08-30 08:35:00+00:00,sell,204.78,205.98,203.58,205.98,330.57846013493764,-396.6941521619214,39272.721064030215,loss,1.1999999999999886,29272.721064030215
2025-08-30 09:10:00+00:00,2025-08-30 11:45:00+00:00,sell,205.35999999999999,206.62,204.09999999999997,204.09999999999997,311.6882624129334,392.72721064030213,39665.44827467052,win,-1.2600000000000193,29665.448274670518
2025-08-30 11:55:00+00:00,2025-08-30 15:25:00+00:00,sell,203.04,205.17,200.91,200.91,186.22276185291364,396.6544827467052,40062.102757417226,win,-2.1299999999999955,30062.102757417222
2025-08-30 15:35:00+00:00,2025-08-30 16:05:00+00:00,sell,200.54,202.14000000000001,198.93999999999997,198.93999999999997,250.38814223385413,400.6210275741723,40462.723784991394,win,-1.6000000000000227,30462.723784991394
2025-08-30 16:15:00+00:00,2025-08-30 18:40:00+00:00,sell,197.85999999999999,200.46,195.25999999999996,200.46,155.625860711504,-404.62723784991397,40058.09654714148,loss,2.6000000000000227,30058.096547141482
2025-08-30 19:15:00+00:00,2025-08-30 20:10:00+00:00,sell,199.38,200.93,197.82999999999998,200.93,258.43933256220123,-400.58096547141486,39657.515581670064,loss,1.5500000000000114,29657.515581670068
2025-08-30 20:45:00+00:00,2025-08-30 21:05:00+00:00,sell,199.94,201.05,198.82999999999998,201.05,357.27491515017635,-396.5751558167006,39260.94042585336,loss,1.1100000000000136,29260.94042585337
2025-08-30 22:20:00+00:00,2025-08-30 23:10:00+00:00,sell,200.60999999999999,201.06,200.15999999999997,200.15999999999997,872.4653427967083,392.60940425853363,39653.54983011189,win,-0.45000000000001705,29653.5498301119
2025-08-30 23:20:00+00:00,2025-08-31 00:10:00+00:00,sell,199.89,200.89000000000001,198.88999999999996,200.89000000000001,396.5354983011077,-396.53549830111893,39257.01433181077,loss,1.0000000000000284,29257.01433181078
2025-08-31 06:50:00+00:00,2025-08-31 07:20:00+00:00,buy,205.17,204.46,205.87999999999997,204.46,552.9156948142522,-392.57014331810774,38864.444188492664,loss,-0.7099999999999795,28864.44418849267
2025-08-31 11:00:00+00:00,2025-08-31 11:50:00+00:00,buy,203.58,202.3,204.86,204.86,303.6284702225987,388.64444188492666,39253.08863037759,win,1.2800000000000011,29253.0886303776
2025-08-31 12:00:00+00:00,2025-08-31 12:55:00+00:00,buy,205.05,203.74,206.36,203.74,299.64189794181317,-392.53088630377596,38860.55774407381,loss,-1.3100000000000023,28860.557744073823
2025-08-31 18:05:00+00:00,2025-08-31 19:45:00+00:00,buy,203.52,202.53,204.51000000000002,204.51000000000002,392.5308863037723,388.60557744073816,39249.16332151455,win,0.9900000000000091,29249.163321514563
2025-08-31 19:55:00+00:00,2025-09-01 01:40:00+00:00,buy,204.6,203.38,205.82,203.38,321.7144534550376,-392.4916332151455,38856.6716882994,loss,-1.2199999999999989,28856.67168829942
2025-09-01 03:05:00+00:00,2025-09-01 03:35:00+00:00,sell,199.9,201.57,198.23000000000002,198.23000000000002,232.67468076826162,388.566716882994,39245.2384051824,win,-1.6699999999999875,29245.238405182412
2025-09-01 05:05:00+00:00,2025-09-01 05:25:00+00:00,sell,200.03,201.98,198.08,198.08,201.25763284709038,392.45238405182397,39637.69078923422,win,-1.9499999999999886,29637.690789234235
2025-09-01 05:45:00+00:00,2025-09-01 10:30:00+00:00,sell,197.38,200.56,194.2,200.56,124.64682638123942,-396.3769078923422,39241.31388134188,loss,3.180000000000007,29241.313881341892
2025-09-01 12:35:00+00:00,2025-09-01 12:45:00+00:00,sell,202.17,203.08,201.25999999999996,201.25999999999996,431.2232294652835,392.41313881341875,39633.7270201553,win,-0.910000000000025,29633.72702015531
2025-09-01 12:55:00+00:00,2025-09-01 13:30:00+00:00,sell,200.97,202.76,199.18,199.18,221.41746938634344,396.337270201553,40030.06429035685,win,-1.789999999999992,30030.064290356862
2025-09-01 13:40:00+00:00,2025-09-02 00:25:00+00:00,sell,198.34,201.05,195.63,195.63,147.7124143555599,400.30064290356853,40430.36493326042,win,-2.710000000000008,30430.36493326043
2025-09-02 00:35:00+00:00,2025-09-02 03:20:00+00:00,sell,195.28,197.02,193.54,197.02,232.35841915666788,-404.3036493326042,40026.06128392781,loss,1.740000000000009,30026.061283927826
2025-09-02 07:20:00+00:00,2025-09-02 08:45:00+00:00,buy,201.91,201.09,202.73,202.73,488.12269858448957,400.2606128392781,40426.32189676709,win,0.8199999999999932,30426.321896767105
2025-09-02 09:00:00+00:00,2025-09-02 09:05:00+00:00,buy,202.96,202.22,203.70000000000002,203.70000000000002,546.3016472536026,404.26321896767087,40830.585115734764,win,0.7400000000000091,30830.585115734775
2025-09-02 11:25:00+00:00,2025-09-02 12:40:00+00:00,buy,202.67,201.56,203.77999999999997,203.77999999999997,367.84310915076856,408.30585115734766,41238.89096689211,win,1.1099999999999852,31238.890966892122
2025-09-02 12:50:00+00:00,2025-09-02 14:05:00+00:00,buy,203.86,202.63,205.09000000000003,202.63,335.2755363161911,-412.38890966892114,40826.50205722319,loss,-1.2300000000000182,30826.502057223202
2025-09-02 16:35:00+00:00,2025-09-02 16:45:00+00:00,buy,200.14000000000001,197.17,203.11000000000004,203.11000000000004,137.4629698896391,408.2650205722319,41234.76707779542,win,2.9700000000000273,31234.767077795434
2025-09-02 16:55:00+00:00,2025-09-03 02:10:00+00:00,buy,203.4,198.17,208.63000000000002,208.63000000000002,78.84276687914966,412.3476707779542,41647.114748573375,win,5.230000000000018,31647.11474857339
2025-09-03 02:55:00+00:00,2025-09-03 04:25:00+00:00,buy,209.1,207.29,210.91,207.29,230.09455662195205,-416.47114748573375,41230.64360108764,loss,-1.8100000000000023,31230.643601087657
2025-09-03 04:50:00+00:00,2025-09-03 04:55:00+00:00,buy,208.39000000000001,206.96,209.82000000000002,209.82000000000002,288.32617902858357,412.3064360108765,41642.95003709852,win,1.4300000000000068,31642.950037098533
2025-09-03 05:15:00+00:00,2025-09-04 05:30:00+00:00,buy,211.36,207.18,215.54000000000002,207.18,99.62428238540299,-416.4295003709852,41226.520536727534,loss,-4.180000000000007,31226.52053672755
2025-09-04 08:05:00+00:00,2025-09-04 08:20:00+00:00,sell,206.57,207.52,205.61999999999998,205.61999999999998,433.9633740708084,412.26520536727537,41638.785742094806,win,-0.950000000000017,31638.785742094824
2025-09-04 09:55:00+00:00,2025-09-04 10:15:00+00:00,sell,206.09,206.77,205.41,206.77,612.3350844425646,-416.38785742094814,41222.39788467386,loss,0.6800000000000068,31222.397884673876
2025-09-04 13:50:00+00:00,2025-09-04 14:00:00+00:00,sell,207.64,208.37,206.90999999999997,206.90999999999997,564.6903819818197,412.22397884673865,41634.6218635206,win,-0.7300000000000182,31634.621863520613
2025-09-04 16:40:00+00:00,2025-09-04 17:05:00+00:00,sell,206.57,207.95,205.19,205.19,301.7001584313097,416.346218635206,42050.96808215581,win,-1.3799999999999955,32050.968082155818
2025-09-04 18:05:00+00:00,2025-09-05 03:50:00+00:00,sell,204.32,207.28,201.35999999999999,201.35999999999999,142.0640813586341,420.50968082155805,42471.47776297737,win,-2.960000000000008,32471.477762977374
2025-09-05 06:10:00+00:00,2025-09-05 06:25:00+00:00,sell,202.95,203.66,202.23999999999998,202.23999999999998,598.1898276475619,424.71477762977366,42896.19254060714,win,-0.710000000000008,32896.192540607146
2025-09-05 06:35:00+00:00,2025-09-05 07:45:00+00:00,sell,202.13,203.4,200.85999999999999,203.4,337.76529559532906,-428.9619254060714,42467.230615201064,loss,1.2700000000000102,32467.230615201075
2025-09-05 14:05:00+00:00,2025-09-05 15:15:00+00:00,buy,206.07,205.47,206.67,206.67,707.7871769200244,424.6723061520106,42891.902921353074,win,0.5999999999999943,32891.90292135309
2025-09-05 15:25:00+00:00,2025-09-05 15:30:00+00:00,buy,206.8,205.94,207.66000000000003,205.94,498.7430572250278,-428.91902921353073,42462.98389213954,loss,-0.8600000000000136,32462.983892139557
2025-09-05 16:30:00+00:00,2025-09-05 17:20:00+00:00,buy,209.28,204.76,213.8,204.76,93.94465462862709,-424.6298389213954,42038.35405321814,loss,-4.52000000000001,32038.35405321816
2025-09-05 19:05:00+00:00,2025-09-05 21:50:00+00:00,sell,202.42,204.06,200.77999999999997,204.06,256.33142715376687,-420.3835405321814,41617.97051268596,loss,1.6400000000000148,31617.97051268598
2025-09-06 00:15:00+00:00,2025-09-06 00:20:00+00:00,sell,204.28,205.22,203.34,203.34,442.7443671562347,416.17970512685963,42034.15021781282,win,-0.9399999999999977,32034.15021781284
2025-09-06 00:55:00+00:00,2025-09-06 20:40:00+00:00,sell,202.59,205.25,199.93,199.93,158.02312111959728,420.3415021781282,42454.49171999095,win,-2.6599999999999966,32454.49171999097
2025-09-06 20:50:00+00:00,2025-09-07 04:10:00+00:00,sell,199.47,201.16,197.78,201.16,251.21001017746158,-424.5449171999095,42029.94680279104,loss,1.6899999999999977,32029.94680279106
2025-09-07 10:15:00+00:00,2025-09-07 10:35:00+00:00,buy,202.1,201.69,202.51,202.51,1025.1206537266191,420.29946802791034,42450.24627081895,win,0.4099999999999966,32450.24627081897
2025-09-07 10:45:00+00:00,2025-09-07 11:30:00+00:00,buy,202.57,201.85,203.29,203.29,589.5867537613752,424.5024627081895,42874.748733527136,win,0.7199999999999989,32874.74873352716
2025-09-07 13:50:00+00:00,2025-09-07 14:45:00+00:00,buy,202.5,202.18,202.82,202.82,1339.8358979227517,428.7474873352714,43303.496220862406,win,0.3199999999999932,33303.49622086243
2025-09-07 16:00:00+00:00,2025-09-07 16:15:00+00:00,buy,203.04,202.65,203.42999999999998,202.65,1110.3460569452286,-433.034962208624,42870.461258653784,loss,-0.38999999999998636,32870.461258653806
2025-09-07 17:40:00+00:00,2025-09-07 18:35:00+00:00,buy,203.16,202.46,203.85999999999999,203.85999999999999,612.4351608379211,428.7046125865378,43299.16587124032,win,0.6999999999999886,33299.165871240344
2025-09-07 18:45:00+00:00,2025-09-07 19:45:00+00:00,buy,204.14000000000001,202.89,205.39000000000004,202.89,346.3933269699147,-432.99165871240325,42866.17421252792,loss,-1.2500000000000284,32866.17421252794
2025-09-07 22:05:00+00:00,2025-09-07 22:40:00+00:00,buy,201.62,200.9,202.34,202.34,595.3635307295554,428.66174212527915,43294.8359546532,win,0.7199999999999989,33294.83595465322
2025-09-07 22:50:00+00:00,2025-09-07 23:55:00+00:00,buy,202.71,201.38,204.04000000000002,204.04000000000002,325.5250823658105,432.948359546532,43727.78431419974,win,1.3300000000000125,33727.78431419976
2025-09-08 00:10:00+00:00,2025-09-08 01:45:00+00:00,buy,204.32,202.32,206.32,206.32,218.6389215709987,437.2778431419974,44165.06215734173,win,2.0,34165.06215734175
2025-09-08 01:55:00+00:00,2025-09-08 11:25:00+00:00,buy,206.35,204.08,208.61999999999998,208.61999999999998,194.559745186529,441.6506215734173,44606.71277891515,win,2.269999999999982,34606.71277891517
2025-09-08 11:40:00+00:00,2025-09-08 13:00:00+00:00,buy,208.73,206.84,210.61999999999998,210.61999999999998,236.0143533275951,446.0671277891515,45052.7799067043,win,1.8899999999999864,35052.77990670432
2025-09-08 13:10:00+00:00,2025-09-08 13:20:00+00:00,buy,211.16,208.79,213.53,213.53,190.0961177498068,450.527799067043,45503.307705771345,win,2.3700000000000045,35503.30770577137
2025-09-08 13:45:00+00:00,2025-09-09 09:35:00+00:00,buy,213.96,209.87,218.05,218.05,111.25503106545553,455.03307705771346,45958.34078282906,win,4.090000000000003,35958.34078282908
2025-09-09 10:25:00+00:00,2025-09-09 14:20:00+00:00,buy,218.69,216.26,221.12,216.26,189.12897441493388,-459.5834078282906,45498.757375000765,loss,-2.430000000000007,35498.75737500079
2025-09-09 14:45:00+00:00,2025-09-09 15:00:00+00:00,buy,216.96,216.06,217.86,216.06,505.5417486111164,-454.98757375000764,45043.76980125076,loss,-0.9000000000000057,35043.76980125078
2025-09-09 16:30:00+00:00,2025-09-09 17:00:00+00:00,buy,216.95,215.59,218.30999999999997,215.59,331.20418971508275,-450.43769801250767,44593.33210323825,loss,-1.3599999999999852,34593.332103238274
2025-09-10 01:05:00+00:00,2025-09-10 01:40:00+00:00,buy,215.21,214.43,215.99,215.99,571.7093859389512,445.9333210323826,45039.265424270634,win,0.7800000000000011,35039.265424270656
2025-09-10 01:55:00+00:00,2025-09-10 03:30:00+00:00,buy,216.23,215.23,217.23,215.23,450.3926542427063,-450.3926542427063,44588.87277002793,loss,-1.0,34588.87277002795
2025-09-10 04:20:00+00:00,2025-09-10 05:05:00+00:00,buy,215.93,214.56,217.3,217.3,325.46622459874294,445.88872770027933,45034.76149772821,win,1.3700000000000045,35034.76149772823
2025-09-10 05:15:00+00:00,2025-09-10 10:15:00+00:00,buy,217.35,215.14,219.56,219.56,203.77720134718572,450.3476149772821,45485.10911270549,win,2.210000000000008,35485.10911270551
2025-09-10 10:25:00+00:00,2025-09-10 10:30:00+00:00,buy,220.45,218.73,222.17,222.17,264.4483087947996,454.851091127055,45939.96020383255,win,1.7199999999999989,35939.96020383257
2025-09-10 10:55:00+00:00,2025-09-10 13:15:00+00:00,buy,222.35,218.9,225.79999999999998,218.9,133.1593049386455,-459.3996020383255,45480.56060179422,loss,-3.4499999999999886,35480.56060179424
2025-09-10 15:20:00+00:00,2025-09-10 15:30:00+00:00,buy,219.88,219.04,220.72,220.72,541.4352452594528,454.8056060179422,45935.36620781216,win,0.8400000000000034,35935.366207812185
2025-09-10 16:45:00+00:00,2025-09-10 17:35:00+00:00,buy,223.92,221.81,226.02999999999997,221.81,217.70315738299757,-459.35366207812166,45476.01254573404,loss,-2.109999999999985,35476.01254573406
2025-09-10 19:55:00+00:00,2025-09-10 20:25:00+00:00,buy,222.62,221.67,223.57000000000002,221.67,478.69486890245497,-454.7601254573404,45021.2524202767,loss,-0.950000000000017,35021.25242027672
2025-09-10 21:55:00+00:00,2025-09-10 22:25:00+00:00,buy,221.92,220.6,223.23999999999998,220.6,341.07009409300707,-450.212524202767,44571.03989607393,loss,-1.3199999999999932,34571.039896073955
2025-09-10 23:50:00+00:00,2025-09-11 00:20:00+00:00,buy,221.58,220.7,222.46000000000004,222.46000000000004,506.48908972809915,445.7103989607393,45016.750295034675,win,0.8800000000000239,35016.7502950347
2025-09-11 00:35:00+00:00,2025-09-11 02:00:00+00:00,buy,222.87,221.7,224.04000000000002,224.04000000000002,384.7585495302057,450.1675029503468,45466.91779798502,win,1.170000000000016,35466.91779798504
2025-09-11 03:15:00+00:00,2025-09-11 03:50:00+00:00,buy,223.61,222.83,224.39000000000001,224.39000000000001,582.9092025382687,454.66917797985025,45921.58697596487,win,0.7800000000000011,35921.58697596489
2025-09-11 04:10:00+00:00,2025-09-11 05:15:00+00:00,buy,224.55,223.53,225.57000000000002,223.53,450.21163701925894,-459.21586975964874,45462.371106205224,loss,-1.0200000000000102,35462.371106205246
2025-09-11 06:30:00+00:00,2025-09-11 07:05:00+00:00,buy,223.32,222.15,224.48999999999998,222.15,388.5672744120146,-454.6237110620523,45007.747395143175,loss,-1.1699999999999875,35007.7473951432
2025-09-11 09:10:00+00:00,2025-09-11 09:20:00+00:00,buy,221.55,220.93,222.17000000000002,222.17000000000002,725.9314095990782,450.0774739514318,45457.824869094606,win,0.6200000000000045,35457.82486909463
2025-09-11 09:30:00+00:00,2025-09-11 12:05:00+00:00,buy,222.41,221.03,223.79,223.79,329.4045280369185,454.57824869094605,45912.40311778555,win,1.3799999999999955,35912.40311778557
2025-09-11 12:20:00+00:00,2025-09-11 15:10:00+00:00,buy,223.92,222.02,225.81999999999996,225.81999999999996,241.64422693571632,459.1240311778555,46371.5271489634,win,1.8999999999999773,36371.527148963425
2025-09-11 15:30:00+00:00,2025-09-11 16:10:00+00:00,buy,227.41,224.13,230.69,224.13,141.37660716147374,-463.71527148963406,45907.81187747377,loss,-3.280000000000001,35907.81187747379
2025-09-11 16:30:00+00:00,2025-09-12 03:40:00+00:00,buy,227.11,223.5,230.72000000000003,230.72000000000003,127.16845395422048,459.0781187747377,46366.8899962485,win,3.6100000000000136,36366.88999624852
2025-09-12 03:50:00+00:00,2025-09-12 08:25:00+00:00,buy,233.06,227.29,238.83,238.83,80.35856151862811,463.668899962485,46830.55889621098,win,5.77000000000001,36830.558896211005
2025-09-12 10:00:00+00:00,2025-09-12 10:55:00+00:00,buy,237.44,236.53,238.35,236.53,514.6215263319907,-468.30558896210977,46362.25330724887,loss,-0.9099999999999966,36362.253307248895
2025-09-12 11:25:00+00:00,2025-09-12 12:45:00+00:00,buy,237.0,236.21,237.79,237.79,586.8639659145487,463.62253307248875,46825.875840321365,win,0.789999999999992,36825.87584032139
2025-09-12 13:35:00+00:00,2025-09-12 17:05:00+00:00,buy,238.0,236.60999999999999,239.39000000000001,239.39000000000001,336.87680460662494,468.2587584032137,47294.13459872458,win,1.3900000000000148,37294.1345987246
2025-09-12 17:20:00+00:00,2025-09-12 19:05:00+00:00,buy,240.68,237.31,244.05,237.31,140.33867833449412,-472.9413459872458,46821.193252737336,loss,-3.3700000000000045,36821.19325273736
2025-09-12 20:20:00+00:00,2025-09-12 20:40:00+00:00,buy,238.5,237.38,239.62,239.62,418.04636832801026,468.2119325273734,47289.40518526471,win,1.1200000000000045,37289.40518526473
2025-09-12 20:50:00+00:00,2025-09-12 23:25:00+00:00,buy,240.16,238.51,241.81,238.51,286.60245566827,-472.8940518526471,46816.51113341206,loss,-1.6500000000000057,36816.51113341208
2025-09-13 01:00:00+00:00,2025-09-13 01:15:00+00:00,buy,239.83,237.59,242.07000000000002,242.07000000000002,209.0022818455887,468.1651113341206,47284.67624474618,win,2.240000000000009,37284.6762447462
2025-09-13 02:30:00+00:00,2025-09-13 04:00:00+00:00,buy,241.04,239.17,242.91,242.91,252.85923125532656,472.8467624474618,47757.523007193646,win,1.8700000000000045,37757.52300719367
2025-09-13 04:10:00+00:00,2025-09-13 04:25:00+00:00,buy,242.98,241.81,244.14999999999998,241.81,408.1839573264458,-477.5752300719365,47279.947777121706,loss,-1.1699999999999875,37279.94777712173
2025-09-13 06:45:00+00:00,2025-09-13 06:50:00+00:00,buy,241.66,241.2,242.12,242.12,1027.824951676541,472.7994777712171,47752.74725489292,win,0.46000000000000796,37752.74725489294
2025-09-13 09:10:00+00:00,2025-09-13 09:55:00+00:00,buy,240.96,240.27,241.65,241.65,692.0688007955519,477.5274725489292,48230.27472744185,win,0.6899999999999977,38230.27472744187
2025-09-13 10:05:00+00:00,2025-09-13 12:55:00+00:00,buy,241.72,240.84,242.6,242.6,548.071303720933,482.30274727441855,48712.57747471627,win,0.8799999999999955,38712.577474716294
2025-09-13 15:40:00+00:00,2025-09-13 16:45:00+00:00,buy,241.5,240.58,242.42,240.58,529.4845377686623,-487.1257747471627,48225.45169996911,loss,-0.9199999999999875,38225.45169996913
2025-09-13 20:05:00+00:00,2025-09-13 23:05:00+00:00,sell,236.41,238.49,234.32999999999998,238.49,231.85313317292704,-482.25451699969113,47743.19718296942,loss,2.0800000000000125,37743.197182969445
2025-09-14 02:05:00+00:00,2025-09-14 02:15:00+00:00,buy,241.2,240.14,242.26,242.26,450.4075205940502,477.43197182969425,48220.62915479912,win,1.0600000000000023,38220.62915479914
2025-09-14 03:30:00+00:00,2025-09-14 04:05:00+00:00,buy,242.3,241.35,243.25000000000003,243.25000000000003,507.58557005050795,482.2062915479912,48702.83544634711,win,0.950000000000017,38702.83544634713
2025-09-14 04:45:00+00:00,2025-09-14 04:50:00+00:00,buy,243.32,241.35999999999999,245.28,245.28,248.48385431809652,487.02835446347115,49189.863800810585,win,1.960000000000008,39189.863800810606
2025-09-14 05:00:00+00:00,2025-09-14 17:25:00+00:00,buy,245.63,242.26,249.0,242.26,145.96398753949708,-491.8986380081058,48697.96516280248,loss,-3.3700000000000045,38697.9651628025
2025-09-14 20:20:00+00:00,2025-09-14 20:25:00+00:00,buy,245.08,244.18,245.98000000000002,245.98000000000002,541.0885018089131,486.97965162802484,49184.944814430506,win,0.9000000000000057,39184.94481443053
2025-09-14 20:35:00+00:00,2025-09-14 21:55:00+00:00,buy,246.52,243.87,249.17000000000002,243.87,185.6035653374732,-491.8494481443051,48693.0953662862,loss,-2.6500000000000057,38693.09536628622
2025-09-15 02:05:00+00:00,2025-09-15 02:45:00+00:00,sell,241.15,242.92,239.38000000000002,239.38000000000002,275.10223370783444,486.93095366286195,49180.026319949066,win,-1.7699999999999818,39180.02631994909
2025-09-15 04:00:00+00:00,2025-09-15 05:00:00+00:00,sell,240.35,241.79,238.91,241.79,341.52796055520236,-491.8002631994906,48688.226056749576,loss,1.4399999999999977,38688.2260567496
2025-09-15 05:30:00+00:00,2025-09-15 05:45:00+00:00,sell,240.43,241.94,238.92000000000002,241.94,322.4385831572839,-486.8822605674958,48201.34379618208,loss,1.509999999999991,38201.343796182104
2025-09-15 07:15:00+00:00,2025-09-15 07:20:00+00:00,sell,241.73,242.66,240.79999999999998,242.66,518.2940193137821,-482.0134379618209,47719.330358220264,loss,0.9300000000000068,37719.330358220286
2025-09-15 09:15:00+00:00,2025-09-15 09:25:00+00:00,sell,242.94,243.73,242.15,242.15,604.042156433174,477.19330358220265,48196.523661802465,win,-0.789999999999992,38196.52366180249
2025-09-15 09:35:00+00:00,2025-09-15 09:50:00+00:00,sell,241.78,243.73,239.83,239.83,247.16165980411665,481.9652366180247,48678.48889842049,win,-1.9499999999999886,38678.48889842051
2025-09-15 10:25:00+00:00,2025-09-15 10:35:00+00:00,sell,239.54,242.13,236.95,236.95,187.94783358463485,486.7848889842049,49165.273787404694,win,-2.5900000000000034,39165.273787404716
2025-09-15 11:00:00+00:00,2025-09-15 19:55:00+00:00,sell,235.96,240.96,230.96,230.96,98.3305475748094,491.65273787404703,49656.926525278745,win,-5.0,39656.926525278766
2025-09-15 20:15:00+00:00,2025-09-15 21:25:00+00:00,sell,230.39,233.05,227.72999999999996,233.05,186.6801749070612,-496.5692652527875,49160.35726002596,loss,2.660000000000025,39160.35726002598
2025-09-15 22:30:00+00:00,2025-09-15 22:35:00+00:00,sell,231.79,233.15,230.42999999999998,233.15,361.4732151472461,-491.6035726002596,48668.7536874257,loss,1.3600000000000136,38668.75368742572
2025-09-16 01:35:00+00:00,2025-09-16 02:05:00+00:00,sell,233.71,234.67,232.75000000000003,232.75000000000003,506.9661842440285,486.687536874257,49155.44122429995,win,-0.9599999999999795,39155.441224299975
2025-09-16 03:25:00+00:00,2025-09-16 04:00:00+00:00,sell,232.99,234.15,231.83,234.15,423.7538036577595,-491.55441224299955,48663.88681205695,loss,1.1599999999999966,38663.886812056975
2025-09-16 05:55:00+00:00,2025-09-16 06:30:00+00:00,sell,233.57,235.1,232.04,235.1,318.06461968664655,-486.6388681205696,48177.24794393638,loss,1.5300000000000011,38177.2479439364
2025-09-16 07:10:00+00:00,2025-09-16 08:15:00+00:00,sell,233.82,235.35,232.29,235.35,314.88397348978003,-481.7724794393638,47695.475464497016,loss,1.5300000000000011,37695.47546449704
2025-09-16 16:35:00+00:00,2025-09-16 16:45:00+00:00,sell,234.02,235.21,232.83,232.83,400.8023148277068,476.9547546449702,48172.430219141985,win,-1.1899999999999977,38172.43021914201
2025-09-16 17:10:00+00:00,2025-09-16 18:40:00+00:00,sell,230.98,235.2,226.76,235.2,114.15267824441231,-481.72430219141984,47690.70591695057,loss,4.219999999999999,37690.70591695059
2025-09-16 19:05:00+00:00,2025-09-17 06:45:00+00:00,buy,237.53,234.16,240.9,234.16,141.51544782477893,-476.90705916950566,47213.79885778106,loss,-3.3700000000000045,37213.79885778108
2025-09-17 07:45:00+00:00,2025-09-17 09:35:00+00:00,sell,233.39,235.1,231.67999999999998,235.1,276.10408688760725,-472.1379885778106,46741.66086920325,loss,1.710000000000008,36741.660869203275
2025-09-17 11:05:00+00:00,2025-09-17 11:10:00+00:00,sell,236.93,237.54,236.32000000000002,236.32000000000002,766.2567355607276,467.4166086920325,47209.077477895284,win,-0.6099999999999852,37209.077477895305
2025-09-17 11:30:00+00:00,2025-09-17 19:10:00+00:00,sell,235.07,237.33,232.80999999999997,232.80999999999997,208.88972335351716,472.09077477895283,47681.16825267424,win,-2.2600000000000193,37681.16825267426
2025-09-17 19:20:00+00:00,2025-09-17 19:45:00+00:00,sell,232.26,233.7,230.82,233.7,331.11922397690495,-476.81168252674235,47204.356570147494,loss,1.4399999999999977,37204.356570147516
2025-09-17 21:00:00+00:00,2025-09-17 21:05:00+00:00,sell,233.09,235.89000000000001,230.29,235.89000000000001,168.58698775052608,-472.04356570147496,46732.31300444602,loss,2.8000000000000114,36732.31300444604
2025-09-17 21:50:00+00:00,2025-09-17 22:40:00+00:00,sell,232.06,237.77,226.35,237.77,81.84292995524686,-467.32313004446024,46264.98987440156,loss,5.710000000000008,36264.98987440158
2025-09-17 23:05:00+00:00,2025-09-17 23:10:00+00:00,buy,238.54,236.92,240.16,240.16,285.58635724939154,462.6498987440156,46727.63977314557,win,1.6200000000000045,36727.639773145595
2025-09-18 00:25:00+00:00,2025-09-18 01:05:00+00:00,buy,238.53,235.44,241.62,241.62,151.2221351881732,467.27639773145575,47194.916170877026,win,3.0900000000000034,37194.91617087705
2025-09-18 01:15:00+00:00,2025-09-18 02:05:00+00:00,buy,242.52,239.32,245.72000000000003,245.72000000000003,147.48411303398993,471.9491617087703,47666.865332585796,win,3.200000000000017,37666.86533258582
2025-09-18 03:20:00+00:00,2025-09-18 04:40:00+00:00,buy,244.61,243.47,245.75000000000003,245.75000000000003,418.13039765425594,476.668653325858,48143.53398591165,win,1.1400000000000148,38143.53398591167
2025-09-18 04:50:00+00:00,2025-09-18 05:20:00+00:00,buy,245.98,244.81,247.14999999999998,244.81,411.4831964607878,-481.43533985911654,47662.09864605253,loss,-1.1699999999999875,37662.09864605255
2025-09-18 06:00:00+00:00,2025-09-18 08:25:00+00:00,buy,245.95,244.48,247.42,244.48,324.23196357858893,-476.6209864605254,47185.477659592005,loss,-1.4699999999999989,37185.47765959203
2025-09-18 10:00:00+00:00,2025-09-18 11:35:00+00:00,buy,243.85,241.93,245.76999999999998,245.76999999999998,245.75769614370995,471.85477659592004,47657.33243618793,win,1.9199999999999875,37657.33243618795
2025-09-18 12:50:00+00:00,2025-09-18 13:20:00+00:00,buy,246.11,245.33,246.89000000000001,245.33,610.9914414895879,-476.5733243618793,47180.759111826046,loss,-0.7800000000000011,37180.75911182607
2025-09-18 16:15:00+00:00,2025-09-18 16:35:00+00:00,buy,246.11,245.17,247.05000000000004,247.05000000000004,501.9229692747312,471.80759111826046,47652.56670294431,win,0.9400000000000261,37652.56670294433
2025-09-18 17:55:00+00:00,2025-09-18 19:45:00+00:00,buy,247.28,245.81,248.75,248.75,324.1671204281928,476.525667029443,48129.09236997375,win,1.4699999999999989,38129.09236997377
2025-09-18 19:55:00+00:00,2025-09-18 20:05:00+00:00,buy,249.33,246.98,251.68000000000004,251.68000000000004,204.80464838286505,481.2909236997375,48610.38329367348,win,2.3500000000000227,38610.383293673505
2025-09-18 20:15:00+00:00,2025-09-18 22:10:00+00:00,buy,252.22,248.18,256.26,248.18,120.3227309249346,-486.1038329367348,48124.27946073675,loss,-4.039999999999992,38124.27946073677
2025-09-18 23:35:00+00:00,2025-09-19 00:15:00+00:00,buy,248.27,247.10999999999999,249.43000000000004,247.10999999999999,414.86447810979064,-481.2427946073675,47643.03666612938,loss,-1.160000000000025,37643.0366661294
2025-09-19 01:30:00+00:00,2025-09-19 02:00:00+00:00,buy,247.08,246.2,247.96000000000004,246.2,541.3981439332738,-476.4303666612939,47166.60629946809,loss,-0.8800000000000239,37166.60629946811
2025-09-19 03:15:00+00:00,2025-09-19 04:45:00+00:00,buy,247.17,246.18,248.15999999999997,246.18,476.4303666613032,-471.66606299468094,46694.94023647341,loss,-0.9899999999999807,36694.940236473434
2025-09-19 04:55:00+00:00,2025-09-19 05:20:00+00:00,buy,246.91,246.10999999999999,247.71,246.10999999999999,583.6867529559094,-466.9494023647341,46227.99083410868,loss,-0.8000000000000114,36227.9908341087
2025-09-19 10:05:00+00:00,2025-09-19 14:05:00+00:00,sell,242.83,244.44,241.22000000000003,241.22000000000003,287.13037785160935,462.2799083410868,46690.270742449764,win,-1.6099999999999852,36690.270742449786
2025-09-19 14:15:00+00:00,2025-09-19 14:35:00+00:00,sell,241.04,242.01,240.07,240.07,481.34299734484347,466.90270742449763,47157.17344987426,win,-0.9699999999999989,37157.17344987428
2025-09-19 14:45:00+00:00,2025-09-19 15:05:00+00:00,sell,239.81,241.18,238.44,241.18,344.212944889592,-471.5717344987426,46685.60171537552,loss,1.3700000000000045,36685.60171537554
2025-09-19 16:30:00+00:00,2025-09-19 16:35:00+00:00,sell,240.06,240.94,239.18,240.94,530.5182013110881,-466.8560171537551,46218.74569822176,loss,0.8799999999999955,36218.745698221785
2025-09-19 17:50:00+00:00,2025-09-19 17:55:00+00:00,sell,240.60999999999999,242.04,239.17999999999998,239.17999999999998,323.2080118756751,462.18745698221755,46680.93315520398,win,-1.4300000000000068,36680.933155204
2025-09-19 18:05:00+00:00,2025-09-19 18:10:00+00:00,sell,238.91,241.3,236.51999999999998,236.51999999999998,195.31771194645896,466.8093315520398,47147.74248675602,win,-2.390000000000015,37147.74248675604
2025-09-19 20:30:00+00:00,2025-09-19 21:10:00+00:00,sell,236.91,238.13,235.69,235.69,386.4569056291481,471.4774248675602,47619.21991162358,win,-1.2199999999999989,37619.2199116236
2025-09-19 22:55:00+00:00,2025-09-19 23:40:00+00:00,sell,236.3,237.42,235.18000000000004,237.42,425.171606353791,-476.19219911623577,47143.02771250734,loss,1.1199999999999761,37143.02771250736
2025-09-20 00:00:00+00:00,2025-09-20 00:30:00+00:00,sell,236.46,237.52,235.4,237.52,444.7455444576155,-471.4302771250734,46671.59743538227,loss,1.0600000000000023,36671.59743538229
2025-09-20 01:45:00+00:00,2025-09-20 02:10:00+00:00,sell,238.21,238.58,237.84,237.84,1261.3945252805863,466.7159743538227,47138.31340973609,win,-0.37000000000000455,37138.31340973611
2025-09-20 02:20:00+00:00,2025-09-20 02:25:00+00:00,sell,237.64,238.46,236.81999999999996,236.81999999999996,574.8574806065225,471.3831340973608,47609.69654383345,win,-0.8200000000000216,37609.696543833474
2025-09-20 04:45:00+00:00,2025-09-20 05:15:00+00:00,sell,238.41,239.56,237.26,237.26,413.9973612507236,476.0969654383345,48085.79350927179,win,-1.1500000000000057,38085.79350927181
2025-09-20 11:20:00+00:00,2025-09-20 11:50:00+00:00,sell,238.64,239.32,237.95999999999998,237.95999999999998,707.1440221951664,480.857935092718,48566.65144436451,win,-0.6800000000000068,38566.65144436453
2025-09-20 12:00:00+00:00,2025-09-20 13:30:00+00:00,sell,237.60999999999999,238.64000000000001,236.57999999999996,236.57999999999996,471.52088780935065,485.6665144436451,49052.317958808155,win,-1.0300000000000296,39052.31795880818
2025-09-20 15:20:00+00:00,2025-09-20 17:45:00+00:00,sell,237.15,237.84,236.46,237.84,710.903158823309,-490.5231795880816,48561.79477922007,loss,0.6899999999999977,38561.794779220094
2025-09-21 02:00:00+00:00,2025-09-21 02:10:00+00:00,buy,239.94,239.35999999999999,240.52,239.35999999999999,837.2723237796383,-485.6179477922007,48076.176831427874,loss,-0.5800000000000125,38076.176831427896
2025-09-21 03:40:00+00:00,2025-09-21 03:50:00+00:00,buy,239.34,238.81,239.87,239.87,907.0976760646749,480.76176831427875,48556.938599742156,win,0.5300000000000011,38556.93859974218
2025-09-21 04:00:00+00:00,2025-09-21 11:20:00+00:00,buy,240.04,238.52,241.55999999999997,238.52,319.45354341936013,-485.5693859974216,48071.369213744736,loss,-1.5199999999999818,38071.36921374476
2025-09-21 17:10:00+00:00,2025-09-21 17:55:00+00:00,sell,238.81,239.52,238.1,238.1,677.0615382217493,480.71369213744737,48552.082905882184,win,-0.710000000000008,38552.082905882206
2025-09-21 18:15:00+00:00,2025-09-21 19:40:00+00:00,sell,238.01,239.44,236.57999999999998,236.57999999999998,339.5250552858878,485.52082905882185,49037.603734941,win,-1.4300000000000068,39037.603734941025
2025-09-21 19:50:00+00:00,2025-09-21 20:55:00+00:00,sell,236.01,237.49,234.52999999999997,237.49,331.33516037121893,-490.37603734941007,48547.227697591596,loss,1.4800000000000182,38547.22769759162
2025-09-21 22:10:00+00:00,2025-09-22 01:05:00+00:00,sell,237.04,237.86,236.21999999999997,236.21999999999997,592.0393621657356,485.472276975916,49032.69997456751,win,-0.8200000000000216,39032.699974567535
2025-09-22 01:15:00+00:00,2025-09-22 01:45:00+00:00,sell,236.01,237.17,234.85,237.17,422.6956894359281,-490.32699974567515,48542.37297482184,loss,1.1599999999999966,38542.37297482186
2025-09-22 03:00:00+00:00,2025-09-22 03:05:00+00:00,sell,235.85999999999999,236.52,235.19999999999996,236.52,735.4904996184849,-485.4237297482185,48056.94924507362,loss,0.660000000000025,38056.94924507364
2025-09-22 03:15:00+00:00,2025-09-22 03:20:00+00:00,sell,235.60999999999999,236.56,234.65999999999997,234.65999999999997,505.8626236323448,480.5694924507362,48537.518737524355,win,-0.950000000000017,38537.51873752438
2025-09-22 03:30:00+00:00,2025-09-22 03:35:00+00:00,sell,234.37,236.56,232.18,232.18,221.6325056507964,485.37518737524357,49022.893924899596,win,-2.1899999999999977,39022.89392489962
2025-09-22 03:45:00+00:00,2025-09-22 08:55:00+00:00,sell,231.91,236.03,227.79,227.79,118.98760661383385,490.22893924899597,49513.122864148594,win,-4.1200000000000045,39513.122864148616
2025-09-22 09:05:00+00:00,2025-09-22 12:20:00+00:00,sell,225.06,230.82,219.3,219.3,85.96028275025812,495.13122864148596,50008.25409279008,win,-5.759999999999991,40008.2540927901
2025-09-22 12:50:00+00:00,2025-09-22 13:50:00+00:00,sell,219.21,221.38,217.04000000000002,221.38,230.45278383774362,-500.08254092790077,49508.17155186218,loss,2.1699999999999875,39508.1715518622
2025-09-22 15:05:00+00:00,2025-09-22 15:25:00+00:00,sell,220.84,221.68,220.0,221.68,589.3829946650236,-495.0817155186218,49013.089836343555,loss,0.8400000000000034,39013.08983634358
2025-09-22 16:40:00+00:00,2025-09-22 17:45:00+00:00,sell,222.4,223.76,221.04000000000002,221.04000000000002,360.3903664437065,490.1308983634355,49503.22073470699,win,-1.3599999999999852,39503.220734707014
2025-09-22 17:55:00+00:00,2025-09-22 20:00:00+00:00,sell,220.87,223.67,218.07000000000002,218.07000000000002,176.7972169096689,495.03220734706986,49998.25294205406,win,-2.799999999999983,39998.25294205408
2025-09-22 21:15:00+00:00,2025-09-22 21:45:00+00:00,sell,220.31,220.93,219.69,219.69,806.4234345492532,499.9825294205407,50498.2354714746,win,-0.6200000000000045,40498.235471474625
2025-09-22 21:55:00+00:00,2025-09-22 22:05:00+00:00,sell,219.5,220.56,218.44,218.44,476.39844784409905,504.98235471474607,51003.21782618935,win,-1.0600000000000023,41003.21782618937
2025-09-22 22:15:00+00:00,2025-09-22 22:35:00+00:00,sell,218.22,219.99,216.45,216.45,288.1537730293167,510.03217826189353,51513.25000445124,win,-1.7700000000000102,41513.25000445126
2025-09-22 23:00:00+00:00,2025-09-22 23:30:00+00:00,sell,216.19,218.61,213.76999999999998,218.61,212.86466943987978,-515.1325000445124,50998.11750440673,loss,2.420000000000016,40998.11750440675
2025-09-23 01:55:00+00:00,2025-09-23 02:25:00+00:00,sell,219.49,220.01,218.97000000000003,220.01,980.733028930933,-509.9811750440673,50488.136329362664,loss,0.5199999999999818,40488.136329362686
2025-09-23 03:45:00+00:00,2025-09-23 04:35:00+00:00,sell,219.38,220.95,217.81,217.81,321.58048617428585,504.8813632936266,50993.01769265629,win,-1.5699999999999932,40993.017692656314
2025-09-23 04:45:00+00:00,2025-09-23 05:00:00+00:00,sell,217.43,218.7,216.16000000000003,216.16000000000003,401.5198243516301,509.9301769265629,51502.94786958286,win,-1.2699999999999818,41502.94786958288
2025-09-23 05:20:00+00:00,2025-09-23 05:55:00+00:00,sell,215.88,217.85,213.91,213.91,261.4362836019436,515.0294786958286,52017.977348278684,win,-1.9699999999999989,42017.977348278706
2025-09-23 06:05:00+00:00,2025-09-23 06:25:00+00:00,sell,213.54,215.9,211.17999999999998,215.9,220.41515825541686,-520.1797734827868,51497.7975747959,loss,2.3600000000000136,41497.79757479592
2025-09-23 11:05:00+00:00,2025-09-23 11:15:00+00:00,sell,218.29,218.91,217.67,218.91,830.6096383031536,-514.977975747959,50982.81959904794,loss,0.6200000000000045,40982.819599047965
2025-09-23 12:30:00+00:00,2025-09-23 12:45:00+00:00,sell,219.17,220.45,217.89,217.89,398.3032781175617,509.82819599047946,51492.64779503842,win,-1.2800000000000011,41492.64779503844
2025-09-23 14:05:00+00:00,2025-09-23 14:45:00+00:00,sell,218.08,218.9,217.26000000000002,218.9,627.9591194516933,-514.9264779503842,50977.721317088035,loss,0.8199999999999932,40977.72131708806
2025-09-23 17:30:00+00:00,2025-09-23 18:00:00+00:00,sell,218.33,219.84,216.82000000000002,216.82000000000002,337.60080342442615,509.77721317088043,51487.49853025891,win,-1.509999999999991,41487.498530258934
2025-09-23 20:15:00+00:00,2025-09-23 22:45:00+00:00,sell,217.87,221.27,214.47,214.47,151.43381920664362,514.8749853025892,52002.3735155615,win,-3.4000000000000057,42002.37351556152
2025-09-23 22:55:00+00:00,2025-09-24 00:40:00+00:00,sell,214.34,216.28,212.4,216.28,268.05347172969874,-520.023735155615,51482.349780405886,loss,1.9399999999999977,41482.34978040591
2025-09-24 02:20:00+00:00,2025-09-24 02:55:00+00:00,sell,214.35999999999999,215.38,213.33999999999997,213.33999999999997,504.72891941573897,514.8234978040589,51997.17327820994,win,-1.0200000000000102,41997.173278209964
2025-09-24 04:00:00+00:00,2025-09-24 04:15:00+00:00,sell,212.93,214.91,210.95000000000002,214.91,262.61198625358696,-519.9717327820995,51477.201545427844,loss,1.9799999999999898,41477.201545427866
2025-09-24 05:50:00+00:00,2025-09-24 06:25:00+00:00,sell,213.31,216.11,210.51,210.51,183.84714837652726,514.7720154542784,51991.97356088212,win,-2.8000000000000114,41991.97356088214
2025-09-24 07:00:00+00:00,2025-09-24 17:45:00+00:00,sell,207.24,214.29,200.19000000000003,214.29,73.74748022820178,-519.9197356088213,51472.0538252733,loss,7.049999999999983,41472.053825273324
2025-09-25 00:55:00+00:00,2025-09-25 04:40:00+00:00,sell,210.58,212.18,208.98000000000002,208.98000000000002,321.7003364079593,514.720538252733,51986.774363526034,win,-1.5999999999999943,41986.774363526056
2025-09-25 04:50:00+00:00,2025-09-25 05:30:00+00:00,sell,208.26,210.68,205.83999999999997,210.68,214.82138166746154,-519.8677436352604,51466.906619890775,loss,2.420000000000016,41466.9066198908
2025-09-25 06:25:00+00:00,2025-09-25 14:05:00+00:00,sell,206.44,211.44,201.44,201.44,102.93381323978156,514.6690661989078,51981.57568608968,win,-5.0,41981.5756860897
2025-09-25 14:15:00+00:00,2025-09-25 15:25:00+00:00,sell,201.24,202.87,199.61,199.61,318.90537230729956,519.8157568608968,52501.391442950575,win,-1.6299999999999955,42501.3914429506
2025-09-25 18:10:00+00:00,2025-09-25 19:25:00+00:00,sell,201.76,203.71,199.80999999999997,199.80999999999997,269.23790483564164,525.0139144295058,53026.40535738008,win,-1.950000000000017,43026.4053573801
2025-09-25 19:55:00+00:00,2025-09-25 20:35:00+00:00,sell,198.38,201.63,195.13,195.13,163.15817033040022,530.2640535738008,53556.66941095388,win,-3.25,43556.6694109539
2025-09-25 20:55:00+00:00,2025-09-25 21:20:00+00:00,sell,194.16,197.61,190.70999999999998,197.61,155.23672293030035,-535.5666941095388,53021.10271684434,loss,3.450000000000017,43021.10271684436
2025-09-25 22:40:00+00:00,2025-09-25 23:30:00+00:00,sell,198.41,200.42,196.4,196.4,263.7865806808188,530.2110271684434,53551.31374401278,win,-2.009999999999991,43551.313744012805
2025-09-25 23:50:00+00:00,2025-09-26 02:30:00+00:00,sell,195.46,198.34,192.58,192.58,185.9420616111558,535.5131374401278,54086.82688145291,win,-2.8799999999999955,44086.82688145293
2025-09-26 02:40:00+00:00,2025-09-26 04:00:00+00:00,sell,192.25,195.57,188.93,195.57,162.91212916100307,-540.8682688145291,53545.95861263838,loss,3.319999999999993,43545.9586126384
2025-09-26 06:35:00+00:00,2025-09-26 13:05:00+00:00,sell,195.0,197.16,192.84,192.84,247.8979565399929,535.4595861263838,54081.41819876476,win,-2.1599999999999966,44081.41819876478
2025-09-26 13:15:00+00:00,2025-09-26 15:30:00+00:00,sell,192.26,194.54,189.98,194.54,237.19920262616114,-540.8141819876477,53540.60401677711,loss,2.280000000000001,43540.604016777135
2025-09-26 17:20:00+00:00,2025-09-26 19:05:00+00:00,sell,194.67,196.98,192.35999999999999,196.98,231.77750656613446,-535.4060401677712,53005.19797660934,loss,2.3100000000000023,43005.197976609365
2025-09-26 21:10:00+00:00,2025-09-26 22:25:00+00:00,buy,201.26,200.15,202.36999999999998,200.15,477.524306095586,-530.0519797660934,52475.14599684325,loss,-1.1099999999999852,42475.14599684327
2025-09-27 00:20:00+00:00,2025-09-27 00:30:00+00:00,buy,200.65,199.65,201.65,201.65,524.7514599684325,524.7514599684325,52999.897456811676,win,1.0,42999.8974568117
2025-09-27 00:40:00+00:00,2025-09-27 02:30:00+00:00,buy,201.68,199.56,203.8,203.8,249.9995163057149,529.9989745681168,53529.89643137979,win,2.1200000000000045,43529.89643137981
2025-09-27 02:40:00+00:00,2025-09-27 08:05:00+00:00,buy,204.13,202.53,205.73,202.53,334.5618526961249,-535.2989643137979,52994.59746706599,loss,-1.5999999999999943,42994.597467066014
2025-09-27 10:00:00+00:00,2025-09-27 10:35:00+00:00,buy,202.44,201.91,202.97,201.91,999.8980654163373,-529.9459746706599,52464.65149239533,loss,-0.5300000000000011,42464.65149239535
2025-09-27 13:35:00+00:00,2025-09-27 15:45:00+00:00,buy,201.24,200.19,202.29000000000002,202.29000000000002,499.66334754661676,524.6465149239533,52989.29800731928,win,1.0500000000000114,42989.2980073193
2025-09-27 16:40:00+00:00,2025-09-27 20:15:00+00:00,buy,202.78,200.88,204.68,200.88,278.89104214378483,-529.8929800731928,52459.40502724609,loss,-1.9000000000000057,42459.40502724611
2025-09-27 22:05:00+00:00,2025-09-27 22:50:00+00:00,buy,201.35,200.7,202.0,202.0,807.0677696499328,524.5940502724609,52983.99907751855,win,0.6500000000000057,42983.99907751857
2025-09-27 23:00:00+00:00,2025-09-28 00:30:00+00:00,buy,202.06,201.35999999999999,202.76000000000002,202.76000000000002,756.9142725359608,529.8399907751855,53513.83906829374,win,0.700000000000017,43513.83906829376
2025-09-28 00:40:00+00:00,2025-09-28 01:05:00+00:00,buy,203.0,202.07,203.93,203.93,575.417624390251,535.1383906829374,54048.977458976675,win,0.9300000000000068,44048.9774589767
2025-09-28 01:15:00+00:00,2025-09-28 01:45:00+00:00,buy,204.19,203.35999999999999,205.02,203.35999999999999,651.1924995057333,-540.4897745897667,53508.487684386906,loss,-0.8300000000000125,43508.48768438693
2025-09-28 03:25:00+00:00,2025-09-28 03:35:00+00:00,buy,203.54,202.96,204.11999999999998,202.96,922.5601324894548,-535.0848768438691,52973.40280754304,loss,-0.5799999999999841,42973.40280754306
2025-09-28 08:05:00+00:00,2025-09-28 08:30:00+00:00,sell,201.37,201.81,200.93,201.81,1203.9409728987116,-529.7340280754304,52443.66877946761,loss,0.4399999999999977,42443.66877946763
2025-09-28 08:45:00+00:00,2025-09-28 11:00:00+00:00,sell,201.07,202.04,200.1,202.04,540.6563791697698,-524.4366877946761,51919.23209167294,loss,0.9699999999999989,41919.23209167296
2025-09-28 11:20:00+00:00,2025-09-28 11:45:00+00:00,sell,201.35,202.13,200.57,202.13,665.6311806624726,-519.1923209167294,51400.03977075621,loss,0.7800000000000011,41400.03977075623
2025-09-28 12:10:00+00:00,2025-09-28 14:20:00+00:00,sell,201.23,202.48,199.98,199.98,411.20031816604967,514.0003977075621,51914.04016846377,win,-1.25,41914.04016846379
2025-09-28 14:30:00+00:00,2025-09-28 15:35:00+00:00,sell,199.84,200.67,199.01000000000002,199.01000000000002,625.4703634754791,519.1404016846377,52433.180570148405,win,-0.8299999999999841,42433.180570148426
2025-09-28 15:45:00+00:00,2025-09-28 16:35:00+00:00,sell,198.58,199.67,197.49000000000004,199.67,481.0383538545836,-524.3318057014841,51908.84876444692,loss,1.089999999999975,41908.84876444694
2025-09-28 19:05:00+00:00,2025-09-28 20:05:00+00:00,buy,203.31,201.91,204.71,204.71,370.77749117461934,519.0884876444692,52427.93725209139,win,1.4000000000000057,42427.93725209141
2025-09-28 20:45:00+00:00,2025-09-28 23:20:00+00:00,buy,205.11,203.44,206.78000000000003,206.78000000000003,313.93974402449635,524.2793725209139,52952.2166246123,win,1.670000000000016,42952.21662461232
2025-09-28 23:30:00+00:00,2025-09-29 01:05:00+00:00,buy,206.98,205.85999999999999,208.1,208.1,472.78764843403644,529.522166246123,53481.73879085843,win,1.1200000000000045,43481.73879085845
2025-09-29 01:15:00+00:00,2025-09-29 13:55:00+00:00,buy,209.23,206.29,212.17,206.29,181.91067615938255,-534.8173879085842,52946.92140294985,loss,-2.9399999999999977,42946.92140294987
2025-09-29 17:05:00+00:00,2025-09-29 17:45:00+00:00,buy,209.14000000000001,206.01,212.27000000000004,212.27000000000004,169.15949330015798,529.4692140294985,53476.39061697935,win,3.130000000000024,43476.39061697937
2025-09-29 17:55:00+00:00,2025-09-29 18:50:00+00:00,buy,212.35,209.89,214.81,209.89,217.3837016950373,-534.7639061697935,52941.626710809556,loss,-2.460000000000008,42941.62671080958
2025-09-29 21:45:00+00:00,2025-09-29 22:10:00+00:00,buy,210.03,208.72,211.34,211.34,404.13455504434705,529.4162671080956,53471.04297791765,win,1.3100000000000023,43471.04297791767
2025-09-29 22:25:00+00:00,2025-09-29 23:05:00+00:00,buy,211.59,209.92,213.26000000000002,213.26000000000002,320.1858860953122,534.7104297791765,54005.75340769682,win,1.670000000000016,44005.753407696844
2025-09-29 23:15:00+00:00,2025-09-30 03:15:00+00:00,buy,213.72,211.59,215.85,211.59,253.54813806430485,-540.0575340769682,53465.69587361986,loss,-2.1299999999999955,43465.69587361988
2025-09-30 06:40:00+00:00,2025-09-30 07:55:00+00:00,buy,210.91,210.06,211.76,210.06,629.0081867484731,-534.6569587361986,52931.03891488366,loss,-0.8499999999999943,42931.038914883684
2025-09-30 12:05:00+00:00,2025-09-30 12:10:00+00:00,sell,207.41,208.28,206.54,206.54,608.4027461480849,529.3103891488366,53460.3493040325,win,-0.8700000000000045,43460.34930403252
2025-09-30 12:50:00+00:00,2025-09-30 16:40:00+00:00,sell,205.83,207.83,203.83,207.83,267.3017465201625,-534.603493040325,52925.74581099217,loss,2.0,42925.74581099219
2025-09-30 17:00:00+00:00,2025-09-30 19:35:00+00:00,sell,206.6,209.12,204.07999999999998,204.07999999999998,210.02280083726967,529.2574581099217,53455.0032691021,win,-2.5200000000000102,43455.00326910212
2025-10-01 03:15:00+00:00,2025-10-01 03:20:00+00:00,sell,207.65,208.1,207.20000000000002,207.20000000000002,1187.8889615356322,534.550032691021,53989.553301793116,win,-0.44999999999998863,43989.55330179314
2025-10-01 03:30:00+00:00,2025-10-01 04:40:00+00:00,sell,207.01,208.7,205.32,208.7,319.46481243664607,-539.8955330179311,53449.657768775185,loss,1.6899999999999977,43449.65776877521
2025-10-01 06:05:00+00:00,2025-10-01 06:45:00+00:00,sell,208.35,209.65,207.04999999999998,207.04999999999998,411.15121360595936,534.4965776877518,53984.154346462936,win,-1.3000000000000114,43984.15434646296
2025-10-01 06:55:00+00:00,2025-10-01 07:30:00+00:00,sell,206.10999999999999,208.53,203.68999999999997,208.53,223.07501796058918,-539.8415434646294,53444.312802998305,loss,2.420000000000016,43444.31280299833
2025-10-01 09:05:00+00:00,2025-10-01 09:20:00+00:00,sell,208.22,208.87,207.57,207.57,822.2201969691976,534.4431280299831,53978.75593102829,win,-0.6500000000000057,43978.75593102831
2025-10-01 10:35:00+00:00,2025-10-01 11:20:00+00:00,buy,208.86,207.66,210.06000000000003,210.06000000000003,449.822966091896,539.7875593102829,54518.54349033857,win,1.200000000000017,44518.54349033859
2025-10-01 11:30:00+00:00,2025-10-01 11:35:00+00:00,buy,210.16,209.29,211.03,211.03,626.6499251763022,545.1854349033857,55063.72892524196,win,0.8700000000000045,45063.72892524198
2025-10-01 11:45:00+00:00,2025-10-01 15:20:00+00:00,buy,213.5,209.33,217.67,217.67,132.04731157132403,550.6372892524196,55614.36621449438,win,4.1699999999999875,45614.366214494396
2025-10-01 15:40:00+00:00,2025-10-02 02:55:00+00:00,buy,218.56,216.55,220.57,220.57,276.688389126839,556.1436621449438,56170.50987663933,win,2.009999999999991,46170.50987663934
2025-10-02 04:10:00+00:00,2025-10-02 04:40:00+00:00,buy,220.18,219.04,221.32000000000002,221.32000000000002,492.723770847707,561.7050987663932,56732.21497540572,win,1.1400000000000148,46732.21497540573
2025-10-02 04:50:00+00:00,2025-10-02 06:30:00+00:00,buy,221.91,219.78,224.04,224.04,266.3484271145814,567.3221497540571,57299.537125159775,win,2.1299999999999955,47299.53712515979
2025-10-02 08:25:00+00:00,2025-10-02 10:50:00+00:00,buy,224.32,222.08,226.55999999999997,222.08,255.80150502303695,-572.9953712515978,56726.541753908175,loss,-2.2399999999999807,46726.54175390819
2025-10-02 11:35:00+00:00,2025-10-02 14:45:00+00:00,buy,223.56,221.8,225.32,225.32,322.30989632902543,567.2654175390818,57293.80717144726,win,1.759999999999991,47293.807171447275
2025-10-02 15:35:00+00:00,2025-10-02 16:15:00+00:00,buy,226.01,224.4,227.61999999999998,224.4,355.86215634439617,-572.9380717144726,56720.86909973279,loss,-1.6099999999999852,46720.8690997328
2025-10-02 18:40:00+00:00,2025-10-02 20:40:00+00:00,buy,225.74,222.01,229.47000000000003,229.47000000000003,152.0666731896314,567.2086909973278,57288.077790730116,win,3.730000000000018,47288.07779073013
2025-10-02 21:00:00+00:00,2025-10-02 21:45:00+00:00,buy,229.57,227.35,231.79,231.79,258.05440446274844,572.8807779073012,57860.95856863742,win,2.219999999999999,47860.958568637434
2025-10-02 21:55:00+00:00,2025-10-02 23:30:00+00:00,buy,231.84,230.3,233.38,230.3,375.7205101859592,-578.6095856863742,57282.34898295104,loss,-1.539999999999992,47282.34898295106
2025-10-02 23:55:00+00:00,2025-10-03 02:20:00+00:00,buy,231.88,230.24,233.51999999999998,233.51999999999998,349.2826157497044,572.8234898295104,57855.172472780556,win,1.6399999999999864,47855.17247278057
2025-10-03 02:30:00+00:00,2025-10-03 03:10:00+00:00,buy,233.85,232.19,235.51,232.19,348.5251353781968,-578.5517247278055,57276.62074805275,loss,-1.6599999999999966,47276.62074805277
2025-10-03 05:50:00+00:00,2025-10-03 06:00:00+00:00,buy,231.48,230.1,232.85999999999999,232.85999999999999,415.0479764351663,572.7662074805276,57849.38695553328,win,1.3799999999999955,47849.38695553329
2025-10-03 06:10:00+00:00,2025-10-03 07:40:00+00:00,buy,233.5,231.1,235.9,231.1,241.03911231472145,-578.4938695553328,57270.89308597794,loss,-2.4000000000000057,47270.89308597796
2025-10-03 09:15:00+00:00,2025-10-03 09:50:00+00:00,buy,230.73,229.62,231.83999999999997,229.62,515.953991765574,-572.7089308597795,56698.184155118164,loss,-1.1099999999999852,46698.18415511818
2025-10-03 11:35:00+00:00,2025-10-03 11:55:00+00:00,buy,229.17,227.99,230.34999999999997,230.34999999999997,480.49308606033225,566.9818415511817,57265.16599666935,win,1.1799999999999784,47265.16599666936
2025-10-03 12:05:00+00:00,2025-10-03 14:15:00+00:00,buy,230.6,229.04,232.16,229.04,367.0843974145466,-572.6516599666935,56692.514336702654,loss,-1.5600000000000023,46692.51433670267
2025-10-03 18:15:00+00:00,2025-10-03 18:30:00+00:00,buy,230.37,228.09,232.65,232.65,248.65137866974834,566.9251433670265,57259.43948006968,win,2.280000000000001,47259.4394800697
2025-10-03 18:40:00+00:00,2025-10-03 20:00:00+00:00,buy,232.94,228.8,237.07999999999998,228.8,138.30782483108663,-572.5943948006968,56686.845085268986,loss,-4.139999999999986,46686.845085269
2025-10-03 21:25:00+00:00,2025-10-04 04:50:00+00:00,buy,232.32,228.91,235.73,228.91,166.2370823614928,-566.8684508526899,56119.97663441629,loss,-3.4099999999999966,46119.97663441631
2025-10-04 08:45:00+00:00,2025-10-04 08:55:00+00:00,sell,228.56,229.11,228.01,229.11,1020.3632115348207,-561.199766344163,55558.77686807213,loss,0.5500000000000114,45558.77686807214
2025-10-04 10:10:00+00:00,2025-10-04 10:50:00+00:00,sell,228.85999999999999,229.43,228.28999999999996,228.28999999999996,974.7153836503513,555.5877686807213,56114.36463675285,win,-0.5700000000000216,46114.36463675286
2025-10-04 11:15:00+00:00,2025-10-04 13:25:00+00:00,sell,227.99,228.87,227.11,228.87,637.6632345085584,-561.1436463675285,55553.22099038532,loss,0.8799999999999955,45553.220990385336
2025-10-04 13:35:00+00:00,2025-10-04 15:45:00+00:00,sell,228.26,229.15,227.36999999999998,227.36999999999998,624.193494273982,555.5322099038532,56108.753200289175,win,-0.8900000000000148,46108.75320028919
2025-10-04 17:00:00+00:00,2025-10-04 17:50:00+00:00,sell,228.0,228.83,227.17,227.17,676.009074702269,561.0875320028917,56669.84073229207,win,-0.8300000000000125,46669.84073229208
2025-10-04 18:00:00+00:00,2025-10-04 18:25:00+00:00,sell,226.62,228.22,225.02,225.02,354.18650457682674,566.6984073229207,57236.539139614986,win,-1.5999999999999943,47236.539139615
2025-10-04 19:20:00+00:00,2025-10-04 23:10:00+00:00,sell,223.73,226.57,220.89,226.57,201.5371096465314,-572.3653913961499,56664.17374821883,loss,2.8400000000000034,46664.17374821885
2025-10-05 00:55:00+00:00,2025-10-05 01:50:00+00:00,sell,226.53,227.19,225.87,227.19,858.5480870942291,-566.6417374821883,56097.53201073664,loss,0.6599999999999966,46097.53201073666
2025-10-05 02:10:00+00:00,2025-10-05 02:45:00+00:00,sell,226.59,227.23,225.95000000000002,227.23,876.5239376677787,-560.9753201073664,55536.55669062927,loss,0.6399999999999864,45536.55669062929
2025-10-05 03:50:00+00:00,2025-10-05 05:30:00+00:00,sell,226.34,227.4,225.28,227.4,523.929780100275,-555.3655669062928,54981.19112372298,loss,1.0600000000000023,44981.191123722994
2025-10-05 07:35:00+00:00,2025-10-05 07:45:00+00:00,buy,231.53,230.06,233.0,233.0,374.0217083246464,549.8119112372298,55531.00303496021,win,1.4699999999999989,45531.003034960224
2025-10-05 08:00:00+00:00,2025-10-05 13:05:00+00:00,buy,234.04,230.75,237.32999999999998,230.75,168.78724326735667,-555.3100303496021,54975.693004610606,loss,-3.289999999999992,44975.69300461062
2025-10-05 14:25:00+00:00,2025-10-05 16:20:00+00:00,buy,231.77,230.1,233.44000000000003,230.1,329.19576649467115,-549.756930046106,54425.9360745645,loss,-1.670000000000016,44425.93607456452
2025-10-05 16:35:00+00:00,2025-10-05 17:40:00+00:00,buy,231.14000000000001,229.64,232.64000000000004,229.64,362.83957383042315,-544.259360745645,53881.67671381886,loss,-1.5000000000000284,43881.67671381887
2025-10-05 22:05:00+00:00,2025-10-05 22:10:00+00:00,sell,227.98,228.57,227.39,227.39,913.2487578613315,538.8167671381887,54420.49348095705,win,-0.5900000000000034,44420.49348095706
2025-10-06 01:10:00+00:00,2025-10-06 02:30:00+00:00,sell,226.78,228.2,225.36,228.2,383.242911837729,-544.2049348095704,53876.28854614748,loss,1.4199999999999875,43876.288546147494
2025-10-06 03:00:00+00:00,2025-10-06 03:15:00+00:00,sell,227.4,228.44,226.36,228.44,518.0412360206527,-538.7628854614748,53337.525660686006,loss,1.039999999999992,43337.52566068602
2025-10-06 06:25:00+00:00,2025-10-06 18:20:00+00:00,buy,232.17,229.10999999999999,235.23,235.23,174.3056394140064,533.37525660686,53870.90091729286,win,3.0600000000000023,43870.90091729288
2025-10-06 18:50:00+00:00,2025-10-06 23:20:00+00:00,buy,235.57,232.49,238.64999999999998,232.49,174.90552245874397,-538.7090091729286,53332.19190811994,loss,-3.079999999999984,43332.19190811995
2025-10-07 01:00:00+00:00,2025-10-07 02:20:00+00:00,buy,233.65,232.03,235.27,232.03,329.2110611612333,-533.3219190811994,52798.869989038736,loss,-1.6200000000000045,42798.86998903875
2025-10-07 07:05:00+00:00,2025-10-07 07:50:00+00:00,buy,233.14000000000001,232.09,234.19000000000003,234.19000000000003,502.8463808479825,527.9886998903874,53326.858688929125,win,1.0500000000000114,43326.85868892914
2025-10-07 11:10:00+00:00,2025-10-07 11:15:00+00:00,sell,229.71,230.27,229.15,229.15,952.2653337308733,533.2685868892912,53860.12727581841,win,-0.5600000000000023,43860.12727581843
2025-10-07 13:00:00+00:00,2025-10-07 13:10:00+00:00,sell,229.12,229.94,228.3,229.94,656.8308204368153,-538.6012727581841,53321.52600306023,loss,0.8199999999999932,43321.526003060244
2025-10-07 14:30:00+00:00,2025-10-07 15:15:00+00:00,sell,229.52,230.29,228.75000000000003,228.75000000000003,692.4873506891103,533.2152600306023,53854.74126309083,win,-0.7699999999999818,43854.741263090844
2025-10-07 15:30:00+00:00,2025-10-07 15:55:00+00:00,sell,228.69,230.02,227.35999999999999,230.02,404.9228666397769,-538.5474126309083,53316.193850459924,loss,1.3300000000000125,43316.19385045994
2025-10-07 16:35:00+00:00,2025-10-07 16:40:00+00:00,sell,228.52,230.68,226.36,226.36,246.8342307891667,533.1619385045992,53849.35578896452,win,-2.1599999999999966,43849.35578896454
2025-10-07 17:00:00+00:00,2025-10-07 18:05:00+00:00,sell,225.93,230.71,221.15,221.15,112.65555604385881,538.4935578896452,54387.84934685417,win,-4.780000000000001,44387.849346854186
2025-10-07 19:20:00+00:00,2025-10-07 19:30:00+00:00,sell,221.60999999999999,223.0,220.21999999999997,223.0,391.27949170398267,-543.8784934685417,53843.97085338563,loss,1.3900000000000148,43843.97085338565
2025-10-07 20:55:00+00:00,2025-10-07 21:20:00+00:00,sell,222.32,223.25,221.39,221.39,578.9674285310241,538.4397085338563,54382.41056191949,win,-0.9300000000000068,44382.4105619195
2025-10-07 21:40:00+00:00,2025-10-07 23:05:00+00:00,sell,221.35999999999999,222.57,220.14999999999998,222.57,449.44140960263746,-543.8241056191949,53838.58645630029,loss,1.210000000000008,43838.586456300305
2025-10-08 00:50:00+00:00,2025-10-08 02:15:00+00:00,sell,222.19,223.5,220.88,220.88,410.98157600229155,538.3858645630029,54376.97232086329,win,-1.3100000000000023,44376.97232086331
2025-10-08 02:25:00+00:00,2025-10-08 03:30:00+00:00,sell,220.76,222.38,219.14,219.14,335.66032296829104,543.769723208633,54920.74204407193,win,-1.6200000000000045,44920.74204407194
2025-10-08 06:00:00+00:00,2025-10-08 06:10:00+00:00,sell,220.99,222.26,219.72000000000003,219.72000000000003,432.44678774860404,549.2074204407193,55469.94946451265,win,-1.2699999999999818,45469.94946451266
2025-10-08 06:20:00+00:00,2025-10-08 06:50:00+00:00,sell,219.59,221.35,217.83,217.83,315.1701674120053,554.6994946451265,56024.64895915777,win,-1.759999999999991,46024.648959157785
2025-10-08 07:00:00+00:00,2025-10-08 07:15:00+00:00,sell,217.60999999999999,218.94,216.27999999999997,218.94,421.2379620989267,-560.2464895915778,55464.402469566194,loss,1.3300000000000125,45464.40246956621
2025-10-08 08:45:00+00:00,2025-10-08 09:55:00+00:00,sell,218.33,219.96,216.70000000000002,219.96,340.2724077887506,-554.644024695662,54909.75844487053,loss,1.6299999999999955,44909.758444870546
2025-10-08 12:15:00+00:00,2025-10-08 16:00:00+00:00,sell,221.05,222.23,219.87000000000003,222.23,465.33693597348764,-549.0975844487053,54360.66086042183,loss,1.1799999999999784,44360.66086042184
2025-10-08 16:25:00+00:00,2025-10-08 16:40:00+00:00,sell,221.19,222.54,219.84,219.84,402.6715619290523,543.6066086042183,54904.26746902605,win,-1.3499999999999943,44904.26746902606
2025-10-08 17:55:00+00:00,2025-10-08 18:20:00+00:00,sell,219.85999999999999,222.05,217.66999999999996,222.05,250.7044176667826,-549.0426746902605,54355.22479433579,loss,2.190000000000026,44355.2247943358
2025-10-08 21:10:00+00:00,2025-10-08 21:55:00+00:00,buy,226.99,225.2,228.78000000000003,228.78000000000003,303.66047371136966,543.5522479433579,54898.777042279144,win,1.7900000000000205,44898.77704227916
2025-10-09 00:35:00+00:00,2025-10-09 04:05:00+00:00,buy,228.19,226.81,229.57,226.81,397.81722494405307,-548.9877704227914,54349.78927185635,loss,-1.3799999999999955,44349.78927185637
2025-10-09 07:20:00+00:00,2025-10-09 07:55:00+00:00,buy,225.69,224.66,226.72,226.72,527.6678570083135,543.4978927185635,54893.28716457492,win,1.0300000000000011,44893.28716457493
2025-10-09 08:05:00+00:00,2025-10-09 08:30:00+00:00,buy,226.91,225.9,227.92,227.92,543.4978927185684,548.9328716457492,55442.220036220664,win,1.009999999999991,45442.22003622068
2025-10-09 13:25:00+00:00,2025-10-09 13:35:00+00:00,sell,220.71,221.73,219.69000000000003,221.73,543.5511768257026,-554.4222003622067,54887.79783585846,loss,1.0199999999999818,44887.79783585847
2025-10-09 16:35:00+00:00,2025-10-09 17:00:00+00:00,sell,223.34,225.62,221.06,221.06,240.73595542043174,548.8779783585846,55436.675814217044,win,-2.280000000000001,45436.67581421706
2025-10-09 17:20:00+00:00,2025-10-09 19:20:00+00:00,sell,220.69,224.12,217.26,217.26,161.62296155748376,554.3667581421704,55991.04257235921,win,-3.430000000000007,45991.04257235923
2025-10-09 19:55:00+00:00,2025-10-10 00:50:00+00:00,sell,217.13,219.36,214.89999999999998,219.36,251.08090839622758,-559.9104257235921,55431.132146635624,loss,2.230000000000018,45431.13214663564
2025-10-10 02:05:00+00:00,2025-10-10 03:15:00+00:00,sell,220.19,221.09,219.29,221.09,615.9014682959476,-554.3113214663563,54876.82082516927,loss,0.9000000000000057,44876.820825169285
2025-10-10 04:40:00+00:00,2025-10-10 05:50:00+00:00,sell,220.52,221.5,219.54000000000002,219.54000000000002,559.9675594405086,548.7682082516927,55425.58903342096,win,-0.9799999999999898,45425.589033420976
2025-10-10 06:00:00+00:00,2025-10-10 06:25:00+00:00,sell,219.25,220.72,217.78,220.72,377.0448233566055,-554.2558903342097,54871.333143086755,loss,1.4699999999999989,44871.33314308677
2025-10-10 07:35:00+00:00,2025-10-10 09:50:00+00:00,sell,220.53,222.25,218.81,218.81,319.0193787388767,548.7133314308676,55420.04647451762,win,-1.7199999999999989,45420.046474517636
2025-10-10 10:00:00+00:00,2025-10-10 14:50:00+00:00,sell,218.77,220.95,216.59000000000003,220.95,254.22039667210169,-554.2004647451762,54865.846009772446,loss,2.1799999999999784,44865.84600977246
2025-10-10 18:05:00+00:00,2025-10-10 18:20:00+00:00,sell,219.32,222.89000000000001,215.74999999999997,215.74999999999997,153.68584316462778,548.6584600977245,55414.50446987017,win,-3.5700000000000216,45414.50446987018
2025-10-10 18:30:00+00:00,2025-10-10 22:10:00+00:00,sell,213.29,219.63,206.95,206.95,87.40458118276047,554.1450446987017,55968.64951456887,win,-6.340000000000003,45968.64951456888
2025-10-10 22:20:00+00:00,2025-10-10 22:25:00+00:00,sell,206.24,208.24,204.24,204.24,279.84324757284435,559.6864951456887,56528.336009714556,win,-2.0,46528.33600971457
2025-10-10 23:50:00+00:00,2025-10-10 23:55:00+00:00,sell,205.43,207.4,203.46,203.46,286.9458680696172,565.2833600971455,57093.6193698117,win,-1.9699999999999989,47093.61936981171
2025-10-11 00:10:00+00:00,2025-10-11 00:15:00+00:00,sell,192.84,207.44,178.24,178.24,39.10521874644638,570.936193698117,57664.55556350981,win,-14.599999999999994,47664.55556350983
2025-10-11 01:30:00+00:00,2025-10-11 22:20:00+00:00,sell,185.28,193.08,177.48,177.48,73.92891738911504,576.6455556350982,58241.20111914491,win,-7.800000000000011,48241.20111914493
2025-10-11 22:40:00+00:00,2025-10-12 00:05:00+00:00,sell,177.39,182.23,172.54999999999998,172.54999999999998,120.33306016352246,582.4120111914491,58823.613130336365,win,-4.840000000000003,48823.61313033638
2025-10-12 01:20:00+00:00,2025-10-12 01:35:00+00:00,sell,176.06,177.14000000000001,174.98,177.14000000000001,544.6630845401452,-588.2361313033635,58235.376999033004,loss,1.0800000000000125,48235.37699903302
2025-10-12 03:00:00+00:00,2025-10-12 03:20:00+00:00,sell,177.19,178.5,175.88,175.88,444.54486258803746,582.3537699903301,58817.730769023336,win,-1.3100000000000023,48817.73076902335
2025-10-12 03:30:00+00:00,2025-10-12 06:20:00+00:00,sell,175.02,177.62,172.42000000000002,177.62,226.22204141932104,-588.1773076902334,58229.553461333104,loss,2.5999999999999943,48229.55346133312
2025-10-12 18:05:00+00:00,2025-10-12 23:50:00+00:00,buy,188.5,178.89,198.11,198.11,60.592667493582745,582.295534613331,58811.848995946435,win,9.610000000000014,48811.84899594645
2025-10-13 01:05:00+00:00,2025-10-13 01:15:00+00:00,buy,195.22,193.19,197.25,197.25,289.7135418519527,588.1184899594643,59399.9674859059,win,2.030000000000001,49399.967485905916
2025-10-13 01:30:00+00:00,2025-10-13 06:30:00+00:00,buy,197.49,194.54,200.44000000000003,194.54,201.35582198612053,-593.999674859059,58805.967811046845,loss,-2.950000000000017,48805.96781104686
2025-10-13 07:50:00+00:00,2025-10-13 08:15:00+00:00,buy,195.51,193.93,197.08999999999997,193.93,372.1896696901737,-588.0596781104684,58217.908132936376,loss,-1.579999999999984,48217.90813293639
2025-10-13 09:30:00+00:00,2025-10-13 10:25:00+00:00,buy,195.44,192.63,198.25,198.25,207.18116773286948,582.1790813293637,58800.08721426574,win,2.8100000000000023,48800.08721426575
2025-10-13 11:40:00+00:00,2025-10-13 13:00:00+00:00,buy,197.7,195.98,199.42,195.98,341.8609721759638,-588.0008721426574,58212.08634212308,loss,-1.7199999999999989,48212.0863421231
2025-10-13 16:30:00+00:00,2025-10-13 18:50:00+00:00,buy,193.79,190.93,196.64999999999998,196.64999999999998,203.53876343399787,582.1208634212309,58794.20720554431,win,2.859999999999985,48794.20720554433
2025-10-13 19:15:00+00:00,2025-10-13 19:35:00+00:00,buy,197.0,195.21,198.79,198.79,328.45925813153394,587.9420720554432,59382.149277599754,win,1.789999999999992,49382.14927759977
2025-10-13 19:55:00+00:00,2025-10-13 20:55:00+00:00,buy,199.72,195.85,203.59,203.59,153.44224619534802,593.8214927759975,59975.97077037575,win,3.8700000000000045,49975.97077037577
2025-10-13 21:15:00+00:00,2025-10-14 03:20:00+00:00,buy,205.08,199.72,210.44000000000003,210.44000000000003,111.89546785517835,599.7597077037575,60575.73047807951,win,5.360000000000014,50575.730478079524
2025-10-14 03:30:00+00:00,2025-10-14 04:05:00+00:00,buy,210.49,207.85,213.13000000000002,207.85,229.4535245381787,-605.7573047807952,59969.97317329871,loss,-2.640000000000015,49969.97317329873
2025-10-14 06:50:00+00:00,2025-10-14 07:00:00+00:00,buy,206.65,204.98,208.32000000000002,204.98,359.1016357682524,-599.6997317329872,59370.273441565725,loss,-1.670000000000016,49370.27344156574
2025-10-14 12:45:00+00:00,2025-10-14 13:05:00+00:00,sell,195.02,196.74,193.3,193.3,345.1760083811963,593.7027344156572,59963.976175981385,win,-1.7199999999999989,49963.9761759814
2025-10-14 13:15:00+00:00,2025-10-14 14:05:00+00:00,sell,192.96,195.76,190.16000000000003,195.76,214.15705777136338,-599.6397617598138,59364.33641422157,loss,2.799999999999983,49364.33641422159
2025-10-14 15:20:00+00:00,2025-10-14 17:10:00+00:00,sell,193.35,195.68,191.01999999999998,195.68,254.7825597176878,-593.6433641422158,58770.69305007935,loss,2.3300000000000125,48770.69305007937
2025-10-14 21:05:00+00:00,2025-10-14 21:55:00+00:00,buy,202.47,200.73,204.21,200.73,337.7626037360865,-587.7069305007935,58182.98611957856,loss,-1.740000000000009,48182.98611957858
2025-10-15 00:50:00+00:00,2025-10-15 01:00:00+00:00,buy,200.39000000000001,199.48,201.30000000000004,201.30000000000004,639.3734738415051,581.8298611957856,58764.81598077435,win,0.910000000000025,48764.815980774365
2025-10-15 02:00:00+00:00,2025-10-15 05:10:00+00:00,buy,201.73,199.47,203.98999999999998,203.98999999999998,260.0213096494451,587.6481598077435,59352.464140582095,win,2.259999999999991,49352.46414058211
2025-10-15 05:20:00+00:00,2025-10-15 06:00:00+00:00,buy,204.77,202.59,206.95000000000002,202.59,272.25900981918306,-593.524641405821,58758.939499176275,loss,-2.180000000000007,48758.93949917629
2025-10-15 07:15:00+00:00,2025-10-15 08:00:00+00:00,buy,201.88,200.13,203.63,203.63,335.7653685667216,587.5893949917628,59346.52889416804,win,1.75,49346.528894168056
2025-10-15 08:15:00+00:00,2025-10-15 09:30:00+00:00,buy,203.7,201.74,205.65999999999997,201.74,302.7884127253503,-593.4652889416805,58753.06360522636,loss,-1.9599999999999795,48753.06360522637
2025-10-15 09:40:00+00:00,2025-10-15 11:20:00+00:00,buy,203.96,201.71,206.21,206.21,261.12472713433937,587.5306360522636,59340.594241278624,win,2.25,49340.59424127864
2025-10-15 11:30:00+00:00,2025-10-15 13:35:00+00:00,buy,207.33,204.18,210.48000000000002,204.18,188.38283886120163,-593.4059424127862,58747.18829886584,loss,-3.1500000000000057,48747.188298865854
2025-10-15 15:15:00+00:00,2025-10-15 15:25:00+00:00,buy,202.95,201.92,203.98,201.92,570.3610514452988,-587.4718829886584,58159.716415877185,loss,-1.0300000000000011,48159.7164158772
2025-10-15 15:50:00+00:00,2025-10-15 16:00:00+00:00,buy,203.3,201.41,205.19000000000003,201.41,307.7233672797711,-581.5971641587719,57578.11925171841,loss,-1.8900000000000148,47578.119251718424
2025-10-15 18:10:00+00:00,2025-10-15 22:55:00+00:00,sell,197.9,201.73,194.07000000000002,194.07000000000002,150.33451501754217,575.7811925171841,58153.900444235594,win,-3.829999999999984,48153.90044423561
2025-10-15 23:25:00+00:00,2025-10-16 08:50:00+00:00,sell,193.88,196.35,191.41,191.41,235.4408924867839,581.5390044423559,58735.43944867795,win,-2.469999999999999,48735.439448677964
2025-10-16 10:10:00+00:00,2025-10-16 10:30:00+00:00,sell,193.68,195.2,192.16000000000003,192.16000000000003,386.4173647939385,587.3543944867795,59322.79384316473,win,-1.5199999999999818,49322.79384316474
2025-10-16 11:00:00+00:00,2025-10-16 12:30:00+00:00,sell,191.88,194.34,189.42,189.42,241.14956846814854,593.2279384316473,59916.02178159638,win,-2.460000000000008,49916.02178159639
2025-10-16 18:05:00+00:00,2025-10-16 18:45:00+00:00,sell,192.44,196.25,188.63,188.63,157.25989968922923,599.1602178159637,60515.18199941234,win,-3.8100000000000023,50515.18199941236
2025-10-16 18:55:00+00:00,2025-10-16 23:30:00+00:00,sell,187.35999999999999,192.29,182.42999999999998,182.42999999999998,122.7488478689904,605.1518199941235,61120.33381940646,win,-4.930000000000007,51120.33381940648
2025-10-16 23:40:00+00:00,2025-10-17 00:55:00+00:00,sell,182.01,185.0,179.01999999999998,185.0,204.41583217192735,-611.2033381940646,60509.1304812124,loss,2.990000000000009,50509.130481212414
2025-10-17 01:10:00+00:00,2025-10-17 01:55:00+00:00,sell,184.10999999999999,185.39000000000001,182.82999999999996,182.82999999999996,472.72758188446096,605.091304812124,61114.22178602452,win,-1.2800000000000296,51114.22178602454
2025-10-17 04:50:00+00:00,2025-10-17 09:30:00+00:00,sell,184.81,187.16,182.46,182.46,260.06051823840284,611.1422178602452,61725.364003884766,win,-2.3499999999999943,51725.36400388478
2025-10-17 09:40:00+00:00,2025-10-17 10:30:00+00:00,sell,182.01,186.0,178.01999999999998,178.01999999999998,154.70016041073842,617.2536400388477,62342.617643923615,win,-3.990000000000009,52342.61764392363
2025-10-17 11:00:00+00:00,2025-10-17 12:35:00+00:00,sell,177.09,179.58,174.6,179.58,250.3719584093309,-623.4261764392362,61719.19146748438,loss,2.490000000000009,51719.191467484394
2025-10-17 13:10:00+00:00,2025-10-17 14:10:00+00:00,sell,176.08,180.05,172.11,180.05,155.46395835638387,-617.1919146748438,61101.99955280954,loss,3.969999999999999,51101.99955280955
2025-10-17 15:30:00+00:00,2025-10-17 16:40:00+00:00,sell,180.35,182.21,178.48999999999998,178.48999999999998,328.5053739398338,611.0199955280954,61713.01954833764,win,-1.8600000000000136,51713.01954833765
2025-10-17 17:30:00+00:00,2025-10-17 18:55:00+00:00,sell,178.27,181.76,174.78000000000003,181.76,176.8281362416561,-617.1301954833764,61095.88935285426,loss,3.4899999999999807,51095.889352854276
2025-10-17 22:25:00+00:00,2025-10-18 00:10:00+00:00,sell,182.84,185.07,180.61,185.07,273.9725979948634,-610.9588935285426,60484.93045932572,loss,2.2299999999999898,50484.93045932573
2025-10-18 08:10:00+00:00,2025-10-18 09:05:00+00:00,buy,183.97,182.72,185.22,185.22,483.8794436746058,604.8493045932572,61089.779763918974,win,1.25,51089.77976391899
2025-10-18 09:20:00+00:00,2025-10-18 10:00:00+00:00,buy,185.4,183.8,187.0,187.0,381.811123524495,610.8977976391898,61700.677561558165,win,1.5999999999999943,51700.67756155818
2025-10-18 10:10:00+00:00,2025-10-18 13:55:00+00:00,buy,187.52,184.8,190.24,184.8,226.84072632925805,-617.0067756155817,61083.67078594258,loss,-2.719999999999999,51083.670785942595
2025-10-18 15:00:00+00:00,2025-10-18 17:05:00+00:00,buy,185.85,184.15,187.54999999999998,184.15,359.315710505547,-610.8367078594258,60472.83407808316,loss,-1.6999999999999886,50472.83407808317
2025-10-18 17:35:00+00:00,2025-10-18 19:20:00+00:00,buy,185.33,183.94,186.72000000000003,183.94,435.0563602739749,-604.7283407808316,59868.10573730233,loss,-1.3900000000000148,49868.10573730234
2025-10-18 20:10:00+00:00,2025-10-18 20:25:00+00:00,buy,183.98,182.95,185.01,185.01,581.2437450223521,598.6810573730234,60466.786794675354,win,1.0300000000000011,50466.78679467537
2025-10-18 20:35:00+00:00,2025-10-18 23:30:00+00:00,buy,185.26,183.5,187.01999999999998,187.01999999999998,343.5612886061117,604.6678679467535,61071.454662622105,win,1.759999999999991,51071.45466262212
2025-10-19 00:55:00+00:00,2025-10-19 03:40:00+00:00,buy,186.81,185.52,188.1,185.52,473.4221291676161,-610.714546626221,60460.74011599588,loss,-1.289999999999992,50460.7401159959
2025-10-19 05:20:00+00:00,2025-10-19 06:05:00+00:00,buy,185.56,184.72,186.4,184.72,719.7707156666147,-604.6074011599588,59856.13271483593,loss,-0.8400000000000034,49856.13271483594
2025-10-19 06:15:00+00:00,2025-10-19 06:40:00+00:00,buy,185.5,184.60999999999999,186.39000000000001,186.39000000000001,672.5408170206173,598.5613271483593,60454.69404198429,win,0.8900000000000148,50454.6940419843
2025-10-19 06:50:00+00:00,2025-10-19 09:35:00+00:00,buy,186.45,185.5,187.39999999999998,185.5,636.3652004419474,-604.5469404198428,59850.14710156444,loss,-0.9499999999999886,49850.14710156446
2025-10-19 13:25:00+00:00,2025-10-20 09:30:00+00:00,buy,188.25,183.16,193.34,193.34,117.58378605415405,598.5014710156445,60448.64857258009,win,5.090000000000003,50448.6485725801
2025-10-20 09:55:00+00:00,2025-10-20 10:45:00+00:00,buy,193.68,192.43,194.93,192.43,483.5891885806407,-604.4864857258009,59844.16208685429,loss,-1.25,49844.1620868543
2025-10-20 13:15:00+00:00,2025-10-20 13:40:00+00:00,buy,192.84,192.2,193.48000000000002,192.2,935.0650326070768,-598.4416208685429,59245.720465985745,loss,-0.6400000000000148,49245.72046598576
2025-10-20 14:55:00+00:00,2025-10-20 15:55:00+00:00,buy,191.56,190.9,192.22,192.22,897.662431302819,592.4572046598574,59838.1776706456,win,0.6599999999999966,49838.177670645615
2025-10-20 16:05:00+00:00,2025-10-20 16:15:00+00:00,buy,192.32,191.37,193.26999999999998,191.37,629.875554427856,-598.381776706456,59239.79589393915,loss,-0.9499999999999886,49239.79589393916
2025-10-21 00:45:00+00:00,2025-10-21 01:35:00+00:00,sell,188.88,190.16,187.6,190.16,462.8109054213992,-592.3979589393915,58647.39793499975,loss,1.2800000000000011,48647.39793499977
2025-10-21 02:10:00+00:00,2025-10-21 02:50:00+00:00,sell,189.85999999999999,190.49,189.22999999999996,189.22999999999996,930.9110783332942,586.4739793499975,59233.87191434975,win,-0.6300000000000239,49233.871914349766
2025-10-21 03:00:00+00:00,2025-10-21 04:00:00+00:00,sell,189.08,190.28,187.88000000000002,187.88000000000002,493.61559928625263,592.3387191434975,59826.21063349325,win,-1.1999999999999886,49826.21063349326
2025-10-21 04:55:00+00:00,2025-10-21 07:05:00+00:00,sell,186.73,189.82,183.64,183.64,193.61233214722714,598.2621063349325,60424.47273982818,win,-3.0900000000000034,50424.4727398282
2025-10-21 07:15:00+00:00,2025-10-21 13:45:00+00:00,sell,183.26,185.96,180.55999999999997,185.96,223.7943434808437,-604.2447273982818,59820.2280124299,loss,2.700000000000017,49820.228012429914
2025-10-21 16:05:00+00:00,2025-10-21 16:45:00+00:00,sell,186.0,187.38,184.62,184.62,433.47991313355146,598.202280124299,60418.4302925542,win,-1.3799999999999955,50418.430292554214
2025-10-21 18:05:00+00:00,2025-10-21 19:15:00+00:00,buy,192.41,187.91,196.91,196.91,134.26317842789823,604.184302925542,61022.61459547974,win,4.5,51022.614595479754
2025-10-21 20:40:00+00:00,2025-10-21 23:15:00+00:00,buy,194.17,191.7,196.64,191.7,247.05511981975616,-610.2261459547974,60412.388449524944,loss,-2.469999999999999,50412.38844952496
2025-10-22 05:45:00+00:00,2025-10-22 06:10:00+00:00,sell,185.74,186.78,184.70000000000002,184.70000000000002,580.8883504762058,604.1238844952494,61016.51233402019,win,-1.039999999999992,51016.512334020204
2025-10-22 06:35:00+00:00,2025-10-22 13:45:00+00:00,sell,184.41,185.93,182.89,182.89,401.42442325013013,610.165123340202,61626.67745736039,win,-1.5200000000000102,51626.677457360405
2025-10-22 14:00:00+00:00,2025-10-22 14:10:00+00:00,sell,182.8,183.8,181.8,183.8,616.2667745736039,-616.2667745736039,61010.41068278679,loss,1.0,51010.4106827868
2025-10-22 16:30:00+00:00,2025-10-22 16:55:00+00:00,sell,184.5,185.81,183.19,185.81,465.7283258227991,-610.1041068278679,60400.30657595892,loss,1.3100000000000023,50400.30657595894
2025-10-22 17:20:00+00:00,2025-10-22 17:30:00+00:00,sell,183.44,186.06,180.82,180.82,230.53552128228557,604.0030657595893,61004.309641718515,win,-2.6200000000000045,51004.30964171853
2025-10-22 20:40:00+00:00,2025-10-22 22:50:00+00:00,sell,181.8,184.19,179.41000000000003,179.41000000000003,255.24815749673166,610.0430964171852,61614.3527381357,win,-2.3899999999999864,51614.35273813571
2025-10-22 23:15:00+00:00,2025-10-23 00:10:00+00:00,sell,179.02,180.86,177.18,177.18,334.8606127072586,616.143527381357,62230.49626551705,win,-1.8400000000000034,52230.49626551707
2025-10-23 01:25:00+00:00,2025-10-23 02:00:00+00:00,sell,177.60999999999999,178.87,176.34999999999997,178.87,493.8928275040961,-622.3049626551706,61608.19130286188,loss,1.2600000000000193,51608.191302861895
2025-10-23 03:25:00+00:00,2025-10-23 03:30:00+00:00,sell,179.15,179.68,178.62,179.68,1162.4187038275802,-616.0819130286188,60992.10938983326,loss,0.5300000000000011,50992.10938983328
2025-10-23 05:50:00+00:00,2025-10-23 06:00:00+00:00,sell,181.32,181.91,180.73,181.91,1033.7645659293714,-609.9210938983326,60382.18829593493,loss,0.5900000000000034,50382.188295934946
2025-10-23 10:30:00+00:00,2025-10-23 13:25:00+00:00,buy,186.9,185.38,188.42000000000002,188.42000000000002,397.25123878904293,603.8218829593493,60986.01017889428,win,1.5200000000000102,50986.01017889429
2025-10-23 14:20:00+00:00,2025-10-23 14:35:00+00:00,buy,188.59,187.58,189.6,187.58,603.8218829593548,-609.8601017889428,60376.15007710533,loss,-1.009999999999991,50376.15007710535
2025-10-23 15:20:00+00:00,2025-10-23 15:30:00+00:00,buy,188.7,187.48,189.92,187.48,494.88647604184746,-603.7615007710533,59772.38857633428,loss,-1.2199999999999989,49772.38857633429
2025-10-23 16:10:00+00:00,2025-10-23 16:30:00+00:00,buy,188.73,186.24,191.21999999999997,191.21999999999997,240.04975331861343,597.7238857633428,60370.11246209762,win,2.4899999999999807,50370.11246209763
2025-10-23 18:10:00+00:00,2025-10-24 07:30:00+00:00,buy,190.61,187.43,193.79000000000002,193.79000000000002,189.8431209499921,603.7011246209762,60973.81358671859,win,3.180000000000007,50973.81358671861
2025-10-24 07:50:00+00:00,2025-10-24 14:15:00+00:00,buy,193.88,190.72,197.04,190.72,192.9551062870844,-609.738135867186,60364.07545085141,loss,-3.1599999999999966,50364.07545085142
2025-10-24 14:55:00+00:00,2025-10-24 15:00:00+00:00,buy,191.35,190.68,192.01999999999998,192.01999999999998,900.9563500127244,603.6407545085141,60967.716205359924,win,0.6699999999999875,50967.71620535994
2025-10-24 15:30:00+00:00,2025-10-24 16:45:00+00:00,buy,192.84,190.53,195.15,190.53,263.9295073825102,-609.6771620535992,60358.03904330632,loss,-2.3100000000000023,50358.03904330634
2025-10-24 22:05:00+00:00,2025-10-24 22:10:00+00:00,buy,191.33,190.59,192.07000000000002,192.07000000000002,815.6491762608863,603.5803904330633,60961.61943373938,win,0.7400000000000091,50961.6194337394
2025-10-24 22:20:00+00:00,2025-10-25 04:30:00+00:00,buy,192.26,190.85999999999999,193.66,193.66,435.4401388124224,609.6161943373938,61571.23562807678,win,1.4000000000000057,51571.23562807679
2025-10-25 05:50:00+00:00,2025-10-25 06:10:00+00:00,buy,193.21,192.8,193.62,192.8,1501.7374543433486,-615.7123562807678,60955.52327179601,loss,-0.4099999999999966,50955.523271796024
2025-10-25 07:15:00+00:00,2025-10-25 11:20:00+00:00,buy,193.64000000000001,192.75,194.53000000000003,194.53000000000003,684.893519907809,609.5552327179602,61565.07850451397,win,0.8900000000000148,51565.078504513986
2025-10-25 15:05:00+00:00,2025-10-25 15:15:00+00:00,buy,192.28,191.72,192.84,192.84,1099.3764018663164,615.6507850451397,62180.72928955911,win,0.5600000000000023,52180.72928955912
2025-10-25 15:45:00+00:00,2025-10-25 16:45:00+00:00,buy,193.35,191.97,194.73,191.97,450.5849948518791,-621.8072928955911,61558.92199666352,loss,-1.3799999999999955,51558.921996663536
2025-10-25 19:05:00+00:00,2025-10-25 21:10:00+00:00,sell,191.08,192.12,190.04000000000002,192.12,591.9127115063845,-615.5892199666353,60943.33277669689,loss,1.039999999999992,50943.3327766969
2025-10-25 22:15:00+00:00,2025-10-25 23:35:00+00:00,buy,193.65,193.15,194.15,193.15,1218.8666555339378,-609.4333277669689,60333.899448929915,loss,-0.5,50333.89944892993
2025-10-25 23:45:00+00:00,2025-10-26 03:00:00+00:00,buy,193.89000000000001,192.95,194.83000000000004,192.95,641.8499941375344,-603.3389944892991,59730.560454440616,loss,-0.9400000000000261,49730.56045444063
2025-10-26 08:20:00+00:00,2025-10-26 09:00:00+00:00,buy,193.04,192.55,193.52999999999997,193.52999999999997,1218.9910296825096,597.3056045444062,60327.86605898502,win,0.4899999999999807,50327.86605898503
2025-10-26 09:30:00+00:00,2025-10-26 10:00:00+00:00,buy,193.58,193.05,194.11,193.05,1138.2616237544319,-603.2786605898502,59724.58739839517,loss,-0.5300000000000011,49724.58739839518
2025-10-26 11:20:00+00:00,2025-10-26 11:25:00+00:00,buy,193.66,193.3,194.01999999999998,194.01999999999998,1659.0163166221562,597.2458739839517,60321.83327237912,win,0.3599999999999852,50321.83327237913
2025-10-26 11:40:00+00:00,2025-10-26 14:00:00+00:00,buy,195.3,193.23,197.37000000000003,197.37000000000003,291.40982257187676,603.2183327237911,60925.05160510291,win,2.0700000000000216,50925.051605102926
2025-10-26 14:15:00+00:00,2025-10-26 20:15:00+00:00,buy,197.41,195.58,199.23999999999998,199.23999999999998,332.9237792628603,609.2505160510291,61534.30212115394,win,1.829999999999984,51534.30212115395
2025-10-26 22:00:00+00:00,2025-10-26 22:05:00+00:00,buy,198.46,197.81,199.11,197.81,946.6815710946677,-615.3430212115394,60918.959099942396,loss,-0.6500000000000057,50918.95909994241
2025-10-26 23:20:00+00:00,2025-10-26 23:25:00+00:00,buy,197.03,196.58,197.48,196.58,1353.754646665421,-609.189590999424,60309.76950894297,loss,-0.44999999999998863,50309.76950894298
2025-10-26 23:40:00+00:00,2025-10-27 00:00:00+00:00,buy,197.3,196.13,198.47000000000003,198.47000000000003,515.468115461044,603.0976950894297,60912.8672040324,win,1.170000000000016,50912.867204032416
2025-10-27 01:30:00+00:00,2025-10-27 02:00:00+00:00,buy,199.68,198.82,200.54000000000002,198.82,708.2891535352492,-609.128672040324,60303.73853199208,loss,-0.8600000000000136,50303.738531992094
2025-10-27 02:10:00+00:00,2025-10-27 02:30:00+00:00,buy,200.0,198.72,201.28,201.28,471.12295728118767,603.0373853199208,60906.775917312,win,1.2800000000000011,50906.775917312014
2025-10-27 02:40:00+00:00,2025-10-27 03:25:00+00:00,buy,201.7,199.35999999999999,204.04,204.04,260.2853671679996,609.06775917312,61515.84367648512,win,2.3400000000000034,51515.843676485136
2025-10-27 03:35:00+00:00,2025-10-27 06:05:00+00:00,buy,204.25,202.41,206.09,202.41,334.3252373722011,-615.1584367648512,60900.68523972027,loss,-1.8400000000000034,50900.68523972028
2025-10-27 07:10:00+00:00,2025-10-27 09:35:00+00:00,buy,203.77,202.32,205.22000000000003,202.32,420.00472579116934,-609.0068523972027,60291.67838732307,loss,-1.450000000000017,50291.67838732308
2025-10-27 19:15:00+00:00,2025-10-27 20:25:00+00:00,buy,202.34,200.62,204.06,200.62,350.53301387978547,-602.9167838732307,59688.761603449835,loss,-1.7199999999999989,49688.76160344985
2025-10-28 00:15:00+00:00,2025-10-28 01:05:00+00:00,sell,197.83,198.87,196.79000000000002,196.79000000000002,573.9304000331759,596.8876160344984,60285.64921948433,win,-1.039999999999992,50285.649219484345
2025-10-28 05:05:00+00:00,2025-10-28 07:40:00+00:00,buy,200.52,198.75,202.29000000000002,198.75,340.59688824567223,-602.8564921948433,59682.79272728949,loss,-1.7700000000000102,49682.7927272895
2025-10-28 07:50:00+00:00,2025-10-28 08:50:00+00:00,sell,198.72,199.88,197.56,199.88,514.5068338559454,-596.8279272728948,59085.96480001659,loss,1.1599999999999966,49085.964800016605
2025-10-28 09:00:00+00:00,2025-10-28 09:30:00+00:00,buy,200.09,198.08,202.1,202.1,293.9600238806809,590.859648000166,59676.824448016756,win,2.009999999999991,49676.82444801677
2025-10-28 10:35:00+00:00,2025-10-28 11:25:00+00:00,buy,202.22,201.12,203.32,201.12,542.5165858910642,-596.7682444801676,59080.05620353659,loss,-1.0999999999999943,49080.0562035366
2025-10-28 15:05:00+00:00,2025-10-28 15:20:00+00:00,buy,199.64000000000001,197.93,201.35000000000002,201.35000000000002,345.4974046990428,590.8005620353659,59670.85676557195,win,1.710000000000008,49670.85676557197
2025-10-28 15:30:00+00:00,2025-10-28 16:40:00+00:00,buy,201.55,199.37,203.73000000000002,199.37,273.7195264475769,-596.7085676557195,59074.148197916234,loss,-2.180000000000007,49074.14819791625
2025-10-28 18:10:00+00:00,2025-10-28 18:30:00+00:00,sell,197.66,198.79,196.53,198.79,522.7800725479334,-590.7414819791624,58483.406715937075,loss,1.1299999999999955,48483.40671593709
2025-10-28 20:25:00+00:00,2025-10-28 20:35:00+00:00,sell,199.3,200.03,198.57000000000002,198.57000000000002,801.1425577525739,584.8340671593708,59068.240783096444,win,-0.7299999999999898,49068.24078309646
2025-10-28 20:45:00+00:00,2025-10-28 21:45:00+00:00,sell,198.26,200.51,196.01,196.01,262.5255145915398,590.6824078309645,59658.92319092741,win,-2.25,49658.923190927424
2025-10-28 21:55:00+00:00,2025-10-28 22:15:00+00:00,sell,194.77,197.12,192.42000000000002,192.42000000000002,253.86775825926617,596.5892319092741,60255.512422836684,win,-2.3499999999999943,50255.5124228367
2025-10-28 22:30:00+00:00,2025-10-29 07:35:00+00:00,sell,191.77,194.86,188.68,194.86,195.0016583263321,-602.5551242283668,59652.957298608315,loss,3.0900000000000034,49652.95729860833
2025-10-29 08:15:00+00:00,2025-10-29 08:50:00+00:00,sell,194.29,195.09,193.48999999999998,195.09,745.6619662325934,-596.5295729860832,59056.427725622234,loss,0.8000000000000114,49056.42772562225
2025-10-29 10:05:00+00:00,2025-10-29 10:35:00+00:00,sell,194.65,195.44,193.86,193.86,747.5497180458586,590.5642772562223,59646.992002878455,win,-0.789999999999992,49646.99200287847
2025-10-29 11:10:00+00:00,2025-10-29 12:20:00+00:00,sell,193.53,194.47,192.59,194.47,634.5424681157299,-596.4699200287846,59050.52208284967,loss,0.9399999999999977,49050.52208284968
2025-10-29 15:05:00+00:00,2025-10-29 15:15:00+00:00,buy,199.43,197.94,200.92000000000002,200.92000000000002,396.3122287439551,590.5052208284967,59641.027303678165,win,1.490000000000009,49641.02730367818
2025-10-29 19:05:00+00:00,2025-10-29 19:35:00+00:00,buy,195.4,194.35,196.45000000000002,196.45000000000002,568.0097838445478,596.4102730367816,60237.43757671495,win,1.0500000000000114,50237.43757671496
2025-10-30 00:05:00+00:00,2025-10-30 01:10:00+00:00,sell,195.35,196.63,194.07,194.07,470.60498106808507,602.3743757671494,60839.811952482094,win,-1.2800000000000011,50839.81195248211
2025-10-30 01:35:00+00:00,2025-10-30 02:05:00+00:00,sell,193.92,195.55,192.28999999999996,192.28999999999996,373.2503800765718,608.3981195248209,61448.210072006914,win,-1.6300000000000239,51448.21007200693
2025-10-30 03:25:00+00:00,2025-10-30 03:50:00+00:00,sell,193.13,194.37,191.89,194.37,495.5500812258586,-614.4821007200692,60833.72797128685,loss,1.240000000000009,50833.72797128686
2025-10-30 06:05:00+00:00,2025-10-30 06:10:00+00:00,sell,196.26,197.37,195.14999999999998,195.14999999999998,548.0516033449198,608.3372797128685,61442.065250999716,win,-1.1100000000000136,51442.06525099973
2025-10-30 06:20:00+00:00,2025-10-30 06:25:00+00:00,sell,193.45,196.78,190.11999999999998,190.11999999999998,184.5107064594579,614.4206525099971,62056.48590350971,win,-3.3300000000000125,52056.485903509725
2025-10-30 10:05:00+00:00,2025-10-30 10:25:00+00:00,sell,195.13,195.74,194.51999999999998,194.51999999999998,1017.3194410411201,620.5648590350971,62677.05076254481,win,-0.6100000000000136,52677.05076254482
2025-10-30 11:05:00+00:00,2025-10-30 11:15:00+00:00,sell,194.31,195.68,192.94,192.94,457.49672089448615,626.7705076254481,63303.82127017026,win,-1.3700000000000045,53303.82127017027
2025-10-30 11:30:00+00:00,2025-10-30 14:20:00+00:00,sell,192.48,195.24,189.71999999999997,189.71999999999997,229.36167126873121,633.0382127017026,63936.85948287196,win,-2.7600000000000193,53936.85948287197
2025-10-30 14:30:00+00:00,2025-10-30 14:40:00+00:00,sell,188.98,191.66,186.29999999999998,186.29999999999998,238.5703712047455,639.3685948287196,64576.228077700674,win,-2.680000000000007,54576.22807770069
2025-10-30 15:35:00+00:00,2025-10-30 19:30:00+00:00,sell,186.1,190.57,181.63,181.63,144.4658346257286,645.7622807770067,65221.990358477684,win,-4.469999999999999,55221.9903584777
2025-10-30 20:35:00+00:00,2025-10-31 01:35:00+00:00,sell,181.14,184.02,178.25999999999996,184.02,226.46524430026787,-652.2199035847768,64569.77045489291,loss,2.880000000000024,54569.770454892925
2025-10-31 04:05:00+00:00,2025-10-31 04:10:00+00:00,sell,185.26,186.48,184.04,184.04,529.2604135646965,645.6977045489291,65215.468159441836,win,-1.2199999999999989,55215.46815944185
2025-10-31 04:40:00+00:00,2025-10-31 06:20:00+00:00,sell,183.94,186.3,181.57999999999998,186.3,276.3367294891587,-652.1546815944183,64563.31347784742,loss,2.3600000000000136,54563.313477847434
2025-10-31 07:05:00+00:00,2025-10-31 07:20:00+00:00,sell,185.84,186.54,185.14000000000001,185.14000000000001,922.3330496835496,645.6331347784742,65208.94661262589,win,-0.6999999999999886,55208.94661262591
2025-10-31 07:50:00+00:00,2025-10-31 11:00:00+00:00,sell,184.99,186.22,183.76000000000002,186.22,530.1540375010279,-652.0894661262589,64556.857146499635,loss,1.2299999999999898,54556.85714649965
2025-10-31 17:05:00+00:00,2025-10-31 18:15:00+00:00,buy,188.98,187.12,190.83999999999997,187.12,347.0798771317212,-645.5685714649964,63911.28857503464,loss,-1.8599999999999852,53911.288575034654
2025-10-31 20:35:00+00:00,2025-10-31 20:40:00+00:00,sell,184.16,185.51,182.81,185.51,473.41695240766603,-639.1128857503464,63272.17568928429,loss,1.3499999999999943,53272.175689284304
2025-11-01 00:10:00+00:00,2025-11-01 00:20:00+00:00,buy,187.24,186.67,187.81000000000003,186.67,1110.0381699874017,-632.7217568928429,62639.45393239144,loss,-0.5700000000000216,52639.45393239146
2025-11-01 02:45:00+00:00,2025-11-01 04:00:00+00:00,buy,186.51,185.58,187.43999999999997,185.58,673.5425154020743,-626.3945393239145,62013.05939306753,loss,-0.9299999999999784,52013.059393067546
2025-11-01 04:10:00+00:00,2025-11-01 04:55:00+00:00,sell,185.24,186.31,184.17000000000002,186.31,579.5613027389526,-620.1305939306753,61392.928799136855,loss,1.0699999999999932,51392.92879913687
2025-11-01 05:05:00+00:00,2025-11-01 08:20:00+00:00,buy,186.36,185.21,187.51000000000002,185.21,533.8515547751005,-613.9292879913686,60778.999511145485,loss,-1.1500000000000057,50778.9995111455
2025-11-01 08:35:00+00:00,2025-11-01 10:55:00+00:00,sell,185.18,185.99,184.37,185.99,750.3580186561151,-607.7899951114549,60171.20951603403,loss,0.8100000000000023,50171.20951603405
2025-11-01 11:35:00+00:00,2025-11-01 11:55:00+00:00,sell,185.69,186.07,185.31,185.31,1583.4528820009145,601.7120951603404,60772.921611194375,win,-0.37999999999999545,50772.92161119439
2025-11-01 12:05:00+00:00,2025-11-01 15:40:00+00:00,sell,185.25,186.04,184.46,184.46,769.2774887493036,607.7292161119437,61380.650827306315,win,-0.789999999999992,51380.65082730633
2025-11-01 16:10:00+00:00,2025-11-01 17:05:00+00:00,sell,184.08,185.57,182.59000000000003,185.57,411.95067669333633,-613.8065082730632,60766.844319033255,loss,1.4899999999999807,50766.84431903327
2025-11-01 19:05:00+00:00,2025-11-01 19:15:00+00:00,sell,185.85999999999999,186.4,185.31999999999996,185.31999999999996,1125.3119318339066,607.6684431903326,61374.51276222359,win,-0.5400000000000205,51374.5127622236
2025-11-01 19:25:00+00:00,2025-11-01 22:20:00+00:00,sell,185.2,186.14000000000001,184.25999999999996,186.14000000000001,652.9203485342754,-613.7451276222359,60760.767634601354,loss,0.9400000000000261,50760.76763460137
2025-11-01 23:05:00+00:00,2025-11-01 23:10:00+00:00,sell,186.08,186.46,185.70000000000002,185.70000000000002,1598.9675693316337,607.6076763460136,61368.37531094737,win,-0.37999999999999545,51368.375310947384
2025-11-01 23:20:00+00:00,2025-11-01 23:55:00+00:00,sell,185.66,186.25,185.07,185.07,1040.1419544228308,613.6837531094737,61982.05906405684,win,-0.5900000000000034,51982.059064056855
2025-11-02 02:05:00+00:00,2025-11-02 02:15:00+00:00,sell,185.66,186.16,185.16,185.16,1239.6411812811368,619.8205906405684,62601.87965469741,win,-0.5,52601.879654697426
2025-11-02 02:50:00+00:00,2025-11-02 06:40:00+00:00,sell,184.91,186.17,183.65,186.17,496.84031471982433,-626.0187965469742,61975.86085815044,loss,1.259999999999991,51975.86085815045
2025-11-02 08:45:00+00:00,2025-11-02 09:50:00+00:00,buy,186.88,186.1,187.66,187.66,794.5623186942353,619.7586085815044,62595.61946673194,win,0.7800000000000011,52595.61946673196
2025-11-02 14:45:00+00:00,2025-11-02 15:20:00+00:00,sell,185.06,185.9,184.22,184.22,745.1859460325201,625.9561946673194,63221.57566139926,win,-0.8400000000000034,53221.57566139928
2025-11-02 16:45:00+00:00,2025-11-02 18:15:00+00:00,sell,183.55,184.94,182.16000000000003,182.16000000000003,454.83147957841646,632.2157566139927,63853.79141801326,win,-1.3899999999999864,53853.79141801327
2025-11-02 19:30:00+00:00,2025-11-02 23:00:00+00:00,sell,183.27,184.13,182.41000000000003,184.13,742.4859467210972,-638.5379141801326,63215.253503833126,loss,0.8599999999999852,53215.25350383314
2025-11-03 00:30:00+00:00,2025-11-03 01:05:00+00:00,sell,184.63,185.5,183.76,185.5,726.6121092394575,-632.1525350383313,62583.100968794795,loss,0.8700000000000045,52583.10096879481
2025-11-03 04:05:00+00:00,2025-11-03 04:30:00+00:00,sell,184.84,186.1,183.58,183.58,496.691277530121,625.8310096879479,63208.931978482746,win,-1.259999999999991,53208.93197848276
2025-11-03 04:40:00+00:00,2025-11-03 05:10:00+00:00,sell,183.2,185.14000000000001,181.25999999999996,181.25999999999996,325.819237002484,632.0893197848275,63841.02129826757,win,-1.9400000000000261,53841.02129826759
2025-11-03 05:20:00+00:00,2025-11-03 05:50:00+00:00,sell,180.18,183.85,176.51000000000002,176.51000000000002,173.95373650754166,638.4102129826757,64479.43151125025,win,-3.6699999999999875,54479.431511250266
2025-11-03 06:05:00+00:00,2025-11-03 17:25:00+00:00,sell,176.4,180.27,172.53,172.53,166.61351811692552,644.7943151125025,65124.22582636275,win,-3.8700000000000045,55124.22582636277
2025-11-03 17:45:00+00:00,2025-11-04 09:40:00+00:00,sell,165.75,175.41,156.09,156.09,67.41638284302564,651.2422582636275,65775.46808462638,win,-9.659999999999997,55775.468084626395
2025-11-04 09:50:00+00:00,2025-11-04 10:20:00+00:00,sell,155.85999999999999,157.74,153.97999999999996,157.74,349.86951108843374,-657.7546808462638,65117.713403780115,loss,1.8800000000000239,55117.71340378013
2025-11-04 12:45:00+00:00,2025-11-04 13:05:00+00:00,sell,159.72,160.76,158.68,160.76,626.1318596517366,-651.1771340378011,64466.53626974231,loss,1.039999999999992,54466.536269742326
2025-11-04 14:20:00+00:00,2025-11-04 16:30:00+00:00,sell,160.56,161.92,159.20000000000002,159.20000000000002,474.01864904222805,644.6653626974231,65111.201632439734,win,-1.3599999999999852,55111.20163243975
2025-11-04 17:45:00+00:00,2025-11-04 18:20:00+00:00,sell,162.14,164.59,159.68999999999997,159.68999999999997,265.76000666301746,651.1120163243974,65762.31364876413,win,-2.450000000000017,55762.313648764146
2025-11-04 18:40:00+00:00,2025-11-04 19:00:00+00:00,sell,159.16,161.69,156.63,156.63,259.9300934733759,657.6231364876413,66419.93678525178,win,-2.530000000000001,56419.93678525179
2025-11-04 19:10:00+00:00,2025-11-04 22:15:00+00:00,sell,155.67,159.86,151.47999999999996,151.47999999999996,158.52013552565958,664.1993678525178,67084.1361531043,win,-4.190000000000026,57084.13615310431
2025-11-04 23:30:00+00:00,2025-11-04 23:35:00+00:00,sell,149.66,153.51,145.81,145.81,174.24450948858285,670.8413615310429,67754.97751463533,win,-3.8499999999999943,57754.97751463535
2025-11-05 02:25:00+00:00,2025-11-05 03:05:00+00:00,sell,153.32,155.2,151.44,151.44,360.3988165672101,677.5497751463533,68432.52728978169,win,-1.8799999999999955,58432.527289781705
2025-11-05 03:15:00+00:00,2025-11-05 03:25:00+00:00,sell,150.88,153.2,148.56,148.56,294.96779004216336,684.325272897817,69116.8525626795,win,-2.319999999999993,59116.85256267952
2025-11-05 03:35:00+00:00,2025-11-05 03:55:00+00:00,sell,148.39,152.0,144.77999999999997,152.0,191.45942538138294,-691.168525626795,68425.6840370527,loss,3.6100000000000136,58425.68403705273
2025-11-05 06:15:00+00:00,2025-11-05 06:40:00+00:00,sell,155.8,156.93,154.67000000000002,156.93,605.5370268765752,-684.2568403705272,67741.42719668218,loss,1.1299999999999955,57741.4271966822
2025-11-05 08:05:00+00:00,2025-11-05 08:30:00+00:00,sell,156.47,157.47,155.47,157.47,677.4142719668218,-677.4142719668218,67064.01292471537,loss,1.0,57064.012924715375
2025-11-05 09:10:00+00:00,2025-11-05 10:00:00+00:00,sell,156.48,157.73,155.23,155.23,536.512103397723,670.6401292471537,67734.65305396252,win,-1.25,57734.65305396253
2025-11-05 10:15:00+00:00,2025-11-05 11:05:00+00:00,sell,154.94,156.69,153.19,156.69,387.0551603083573,-677.3465305396253,67057.3065234229,loss,1.75,57057.30652342291
2025-11-05 12:20:00+00:00,2025-11-05 13:45:00+00:00,sell,155.5,156.84,154.16,156.84,500.4276606225577,-670.573065234229,66386.73345818867,loss,1.3400000000000034,56386.733458188675
2025-11-05 18:45:00+00:00,2025-11-05 20:15:00+00:00,buy,159.98,157.85,162.10999999999999,162.10999999999999,311.67480496802256,663.8673345818867,67050.60079277055,win,2.1299999999999955,57050.600792770565
2025-11-05 20:25:00+00:00,2025-11-05 23:05:00+00:00,buy,162.27,161.15,163.39000000000001,161.15,598.6660785068774,-670.5060079277054,66380.09478484285,loss,-1.1200000000000045,56380.09478484286
2025-11-06 00:50:00+00:00,2025-11-06 02:00:00+00:00,buy,161.92,160.66,163.17999999999998,160.66,526.8261490860581,-663.8009478484283,65716.29383699442,loss,-1.259999999999991,55716.29383699443
2025-11-06 03:45:00+00:00,2025-11-06 07:15:00+00:00,buy,161.03,159.51,162.55,159.51,432.3440384012762,-657.1629383699442,65059.13089862447,loss,-1.5200000000000102,55059.130898624484
2025-11-06 12:05:00+00:00,2025-11-06 14:40:00+00:00,sell,158.31,159.43,157.19,157.19,580.8850973091447,650.5913089862447,65709.72220761071,win,-1.1200000000000045,55709.72220761073
2025-11-06 16:05:00+00:00,2025-11-06 16:10:00+00:00,sell,160.05,160.86,159.24,159.24,811.2311383655622,657.0972220761072,66366.81942968682,win,-0.8100000000000023,56366.81942968684
2025-11-06 16:20:00+00:00,2025-11-06 17:30:00+00:00,sell,158.57,161.07,156.07,156.07,265.46727771874725,663.6681942968681,67030.48762398369,win,-2.5,57030.48762398371
2025-11-06 17:40:00+00:00,2025-11-07 01:20:00+00:00,sell,155.76,158.47,153.04999999999998,153.04999999999998,247.3449727822269,670.3048762398369,67700.79250022353,win,-2.710000000000008,57700.79250022355
2025-11-07 03:30:00+00:00,2025-11-07 03:55:00+00:00,sell,154.29,156.02,152.55999999999997,156.02,391.3340606949296,-677.0079250022353,67023.78457522129,loss,1.7300000000000182,57023.78457522132
2025-11-07 06:00:00+00:00,2025-11-07 06:35:00+00:00,sell,156.21,157.5,154.92000000000002,154.92000000000002,519.5642215133465,670.2378457522129,67694.0224209735,win,-1.289999999999992,57694.02242097353
2025-11-07 08:45:00+00:00,2025-11-07 11:05:00+00:00,sell,156.75,157.75,155.75,155.75,676.940224209735,676.940224209735,68370.96264518324,win,-1.0,58370.96264518327
2025-11-07 11:20:00+00:00,2025-11-07 11:40:00+00:00,sell,155.39,156.86,153.91999999999996,153.91999999999996,465.10858942300666,683.7096264518325,69054.67227163508,win,-1.4700000000000273,59054.6722716351
2025-11-07 12:55:00+00:00,2025-11-07 13:10:00+00:00,sell,153.81,154.79,152.83,152.83,704.6395129758755,690.5467227163508,69745.21899435142,win,-0.9799999999999898,59745.21899435145
2025-11-07 13:25:00+00:00,2025-11-07 16:55:00+00:00,sell,151.59,153.99,149.19,153.99,290.60507914313024,-697.4521899435142,69047.7668044079,loss,2.4000000000000057,59047.76680440794
2025-11-07 20:05:00+00:00,2025-11-07 20:40:00+00:00,buy,160.79,159.41,162.17,162.17,500.346136263827,690.477668044079,69738.24447245199,win,1.3799999999999955,59738.24447245202
2025-11-07 21:10:00+00:00,2025-11-08 02:35:00+00:00,buy,162.43,160.5,164.36,160.5,361.338054261408,-697.3824447245199,69040.86202772747,loss,-1.9300000000000068,59040.8620277275
2025-11-08 02:45:00+00:00,2025-11-08 04:40:00+00:00,buy,161.81,159.96,163.66,163.66,373.19384879852805,690.4086202772747,69731.27064800475,win,1.8499999999999943,59731.27064800477
2025-11-08 05:00:00+00:00,2025-11-08 05:50:00+00:00,buy,163.86,162.35,165.37000000000003,162.35,461.79649435764145,-697.3127064800475,69033.9579415247,loss,-1.5100000000000193,59033.95794152472
2025-11-08 08:35:00+00:00,2025-11-08 09:20:00+00:00,buy,161.16,160.14,162.18,160.14,676.8035092306276,-690.339579415247,68343.61836210945,loss,-1.0200000000000102,58343.618362109475
2025-11-08 10:05:00+00:00,2025-11-08 11:30:00+00:00,buy,160.72,159.68,161.76,161.76,657.1501765587498,683.4361836210945,69027.05454573054,win,1.039999999999992,59027.05454573057
2025-11-08 16:05:00+00:00,2025-11-08 16:15:00+00:00,sell,157.68,158.97,156.39000000000001,156.39000000000001,535.0934460909377,690.2705454573054,69717.32509118784,win,-1.289999999999992,59717.32509118788
2025-11-08 17:15:00+00:00,2025-11-09 08:35:00+00:00,sell,156.31,158.16,154.46,158.16,376.8504058983138,-697.1732509118784,69020.15184027597,loss,1.8499999999999943,59020.151840276
2025-11-09 14:15:00+00:00,2025-11-09 15:10:00+00:00,buy,158.84,158.28,159.4,159.4,1232.5027114334944,690.2015184027597,69710.35335867872,win,0.5600000000000023,59710.35335867876
2025-11-09 15:30:00+00:00,2025-11-09 16:25:00+00:00,buy,159.49,158.58,160.4,160.4,766.0478391063624,697.1035335867872,70407.45689226552,win,0.9099999999999966,60407.456892265545
2025-11-09 16:35:00+00:00,2025-11-09 21:30:00+00:00,buy,161.86,158.75,164.97000000000003,164.97000000000003,226.39053663107785,704.0745689226552,71111.53146118818,win,3.1100000000000136,61111.5314611882
2025-11-09 21:55:00+00:00,2025-11-10 05:00:00+00:00,buy,165.33,162.77,167.89000000000001,167.89000000000001,277.7794197702661,711.1153146118818,71822.64677580007,win,2.5600000000000023,61822.64677580008
2025-11-10 06:05:00+00:00,2025-11-10 08:25:00+00:00,buy,168.13,165.74,170.51999999999998,165.74,300.51316642594344,-718.2264677580007,71104.42030804207,loss,-2.3899999999999864,61104.42030804208
2025-11-10 09:05:00+00:00,2025-11-10 10:35:00+00:00,buy,167.07,165.71,168.42999999999998,165.71,522.8266199120798,-711.0442030804207,70393.37610496164,loss,-1.3599999999999852,60393.37610496166
2025-11-10 11:20:00+00:00,2025-11-10 11:30:00+00:00,buy,166.69,165.57,167.81,167.81,628.5122866514407,703.9337610496165,71097.30986601126,win,1.1200000000000045,61097.309866011274
2025-11-10 11:40:00+00:00,2025-11-10 16:45:00+00:00,buy,168.06,166.08,170.04,166.08,359.0773225556143,-710.9730986601126,70386.33676735115,loss,-1.9799999999999898,60386.33676735116
2025-11-10 19:05:00+00:00,2025-11-10 19:35:00+00:00,buy,165.93,164.65,167.21,167.21,549.8932559949304,703.8633676735116,71090.20013502466,win,1.2800000000000011,61090.20013502467
2025-11-10 19:45:00+00:00,2025-11-10 20:15:00+00:00,buy,167.52,165.93,169.11,165.93,447.1081769498397,-710.9020013502466,70379.29813367441,loss,-1.5900000000000034,60379.29813367443
2025-11-10 21:40:00+00:00,2025-11-10 23:45:00+00:00,buy,166.61,165.1,168.12000000000003,165.1,466.0880671104206,-703.7929813367441,69675.50515233768,loss,-1.5100000000000193,59675.50515233768
2025-11-11 00:45:00+00:00,2025-11-11 03:15:00+00:00,buy,165.98,164.33,167.62999999999997,167.62999999999997,422.2757888020524,696.7550515233768,70372.26020386105,win,1.6499999999999773,60372.26020386106
2025-11-11 04:30:00+00:00,2025-11-11 04:35:00+00:00,buy,167.32,165.56,169.07999999999998,169.07999999999998,399.8423875219398,703.7226020386105,71075.98280589966,win,1.759999999999991,61075.982805899665
2025-11-11 04:45:00+00:00,2025-11-11 06:45:00+00:00,buy,170.27,166.73,173.81000000000003,166.73,200.77961244604307,-710.7598280589966,70365.22297784066,loss,-3.5400000000000205,60365.22297784067
2025-11-11 11:15:00+00:00,2025-11-11 14:50:00+00:00,sell,163.33,164.4,162.26000000000002,162.26000000000002,657.6189063349636,703.6522297784066,71068.87520761907,win,-1.0699999999999932,61068.87520761907
2025-11-11 15:55:00+00:00,2025-11-11 16:45:00+00:00,sell,162.08,163.04,161.12000000000003,161.12000000000003,740.3007834127145,710.6887520761908,71779.56395969527,win,-0.9599999999999795,61779.56395969526
2025-11-11 17:30:00+00:00,2025-11-11 19:35:00+00:00,sell,160.5,162.61,158.39,158.39,340.1875069179849,717.7956395969527,72497.35959929222,win,-2.1100000000000136,62497.35959929221
2025-11-11 20:25:00+00:00,2025-11-11 22:30:00+00:00,sell,158.0,159.79,156.21,156.21,405.0131821189528,724.9735959929222,73222.33319528514,win,-1.789999999999992,63222.33319528514
2025-11-11 22:40:00+00:00,2025-11-12 01:30:00+00:00,sell,156.14,157.29,154.98999999999998,154.98999999999998,636.7159408285634,732.2233319528515,73954.55652723799,win,-1.1500000000000057,63954.55652723799
2025-11-12 01:40:00+00:00,2025-11-12 02:10:00+00:00,sell,154.84,156.38,153.3,153.3,480.2243930340154,739.5455652723799,74694.10209251037,win,-1.539999999999992,64694.10209251037
2025-11-12 04:30:00+00:00,2025-11-12 07:20:00+00:00,sell,154.06,155.07,153.05,155.07,739.5455652723865,-746.9410209251037,73947.16107158526,loss,1.009999999999991,63947.16107158527
2025-11-12 09:50:00+00:00,2025-11-12 09:55:00+00:00,sell,155.31,156.02,154.6,154.6,1041.5093108673864,739.4716107158526,74686.6326823011,win,-0.710000000000008,64686.632682301126
2025-11-12 18:05:00+00:00,2025-11-12 18:10:00+00:00,sell,154.62,156.77,152.47,152.47,347.37968689442283,746.866326823011,75433.49900912412,win,-2.1500000000000057,65433.499009124134
2025-11-12 18:25:00+00:00,2025-11-13 07:55:00+00:00,sell,151.73,156.07,147.39,156.07,173.8099055509771,-754.3349900912413,74679.16401903288,loss,4.340000000000003,64679.16401903289
2025-11-13 18:10:00+00:00,2025-11-13 18:35:00+00:00,sell,151.96,153.07,150.85000000000002,150.85000000000002,672.7852614327376,746.7916401903287,75425.95565922321,win,-1.1099999999999852,65425.95565922322
2025-11-13 18:45:00+00:00,2025-11-13 19:35:00+00:00,sell,150.68,152.57,148.79000000000002,148.79000000000002,399.07913047208336,754.2595565922321,76180.21521581545,win,-1.8899999999999864,66180.21521581545
2025-11-13 19:45:00+00:00,2025-11-13 20:35:00+00:00,sell,147.62,150.62,144.62,144.62,253.93405071938483,761.8021521581545,76942.0173679736,win,-3.0,66942.0173679736
2025-11-13 21:15:00+00:00,2025-11-13 22:00:00+00:00,sell,144.17,146.73,141.60999999999999,141.60999999999999,300.55475534364666,769.4201736797361,77711.43754165334,win,-2.5600000000000023,67711.43754165334
2025-11-13 22:15:00+00:00,2025-11-14 00:35:00+00:00,sell,141.24,143.81,138.67000000000002,143.81,302.3791344033212,-777.1143754165334,76934.3231662368,loss,2.569999999999993,66934.3231662368
2025-11-14 01:50:00+00:00,2025-11-14 02:15:00+00:00,sell,144.6,145.66,143.54,143.54,725.7955015682702,769.3432316623681,77703.66639789917,win,-1.0600000000000023,67703.66639789917
2025-11-14 02:45:00+00:00,2025-11-14 04:15:00+00:00,sell,142.94,144.64000000000001,141.23999999999998,144.64000000000001,457.0803905758729,-777.0366639789918,76926.62973392018,loss,1.700000000000017,66926.62973392018
2025-11-14 05:40:00+00:00,2025-11-14 06:30:00+00:00,sell,143.66,144.99,142.32999999999998,142.32999999999998,578.3957122851087,769.2662973392019,77695.89603125938,win,-1.3300000000000125,67695.89603125938
2025-11-14 06:40:00+00:00,2025-11-14 08:45:00+00:00,sell,141.54,143.31,139.76999999999998,139.76999999999998,438.9598645833838,776.9589603125938,78472.85499157198,win,-1.7700000000000102,68472.85499157198
2025-11-14 10:05:00+00:00,2025-11-14 11:50:00+00:00,sell,141.77,143.51,140.03000000000003,140.03000000000003,450.99341949179797,784.7285499157198,79257.5835414877,win,-1.7399999999999807,69257.5835414877
2025-11-14 13:05:00+00:00,2025-11-14 13:35:00+00:00,sell,141.14,142.26,140.01999999999998,140.01999999999998,707.6569959061372,792.5758354148769,80050.15937690256,win,-1.1200000000000045,70050.15937690256
2025-11-14 13:45:00+00:00,2025-11-14 14:15:00+00:00,sell,139.57,141.12,138.01999999999998,138.01999999999998,516.4526411413032,800.5015937690258,80850.66097067158,win,-1.5500000000000114,70850.66097067158
2025-11-14 14:25:00+00:00,2025-11-14 16:35:00+00:00,sell,137.60999999999999,140.2,135.01999999999998,140.2,312.16471417247675,-808.5066097067158,80042.15436096487,loss,2.5900000000000034,70042.15436096487
2025-11-14 19:20:00+00:00,2025-11-14 19:45:00+00:00,sell,142.17,143.55,140.78999999999996,140.78999999999996,580.0156113113296,800.4215436096488,80842.5759045745,win,-1.3800000000000239,70842.5759045745
2025-11-14 20:00:00+00:00,2025-11-14 20:10:00+00:00,sell,140.44,142.17,138.71,142.17,467.29812661604035,-808.425759045745,80034.15014552877,loss,1.7299999999999898,70034.15014552877
2025-11-14 22:20:00+00:00,2025-11-14 22:35:00+00:00,sell,141.7,142.59,140.80999999999997,140.80999999999997,899.2601139946903,800.3415014552877,80834.49164698405,win,-0.8900000000000148,70834.49164698405
2025-11-14 22:45:00+00:00,2025-11-15 01:00:00+00:00,sell,140.43,142.27,138.59,138.59,439.3178893857821,808.3449164698405,81642.8365634539,win,-1.8400000000000034,71642.8365634539
2025-11-15 01:10:00+00:00,2025-11-15 03:40:00+00:00,sell,137.55,141.04,134.06000000000003,141.04,233.9336291216457,-816.428365634539,80826.40819781936,loss,3.4899999999999807,70826.40819781936
2025-11-15 13:15:00+00:00,2025-11-15 13:45:00+00:00,sell,140.31,140.95,139.67000000000002,139.67000000000002,1262.9126280909545,808.2640819781936,81634.67227979755,win,-0.6399999999999864,71634.67227979755
2025-11-15 16:25:00+00:00,2025-11-15 17:10:00+00:00,sell,140.56,141.46,139.66,141.46,907.0519142199671,-816.3467227979755,80818.32555699958,loss,0.9000000000000057,70818.32555699958
2025-11-15 22:05:00+00:00,2025-11-15 22:30:00+00:00,sell,141.1,141.91,140.29,140.29,997.7571056419673,808.1832555699958,81626.50881256958,win,-0.8100000000000023,71626.50881256958
2025-11-15 22:50:00+00:00,2025-11-15 23:40:00+00:00,sell,140.08,141.35,138.81000000000003,138.81000000000003,642.7284158470138,816.2650881256959,82442.77390069528,win,-1.2699999999999818,72442.77390069528
2025-11-15 23:50:00+00:00,2025-11-16 04:40:00+00:00,sell,138.32,139.99,136.64999999999998,139.99,493.66930479457784,-824.4277390069528,81618.34616168833,loss,1.670000000000016,71618.34616168833
2025-11-16 11:50:00+00:00,2025-11-16 13:20:00+00:00,buy,141.93,140.93,142.93,140.93,816.1834616168833,-816.1834616168833,80802.16270007145,loss,-1.0,70802.16270007145
2025-11-16 14:30:00+00:00,2025-11-16 14:50:00+00:00,sell,139.04,139.92,138.16,139.92,918.2063943189985,-808.0216270007145,79994.14107307074,loss,0.8799999999999955,69994.14107307074
2025-11-16 15:45:00+00:00,2025-11-16 16:40:00+00:00,sell,138.55,140.06,137.04000000000002,140.06,529.7625236627234,-799.9414107307075,79194.19966234003,loss,1.509999999999991,69194.19966234003
2025-11-16 17:45:00+00:00,2025-11-16 17:50:00+00:00,sell,138.97,140.3,137.64,137.64,595.4451102431525,791.9419966234003,79986.14165896343,win,-1.3300000000000125,69986.14165896343
2025-11-16 18:00:00+00:00,2025-11-16 19:45:00+00:00,sell,137.1,139.31,134.89,134.89,361.92824280073825,799.8614165896344,80786.00307555306,win,-2.210000000000008,70786.00307555306
2025-11-16 19:55:00+00:00,2025-11-16 20:00:00+00:00,sell,134.81,135.91,133.71,135.91,734.4182097777589,-807.8600307555306,79978.14304479753,loss,1.0999999999999943,69978.14304479753
2025-11-16 22:55:00+00:00,2025-11-17 00:50:00+00:00,sell,136.3,137.55,135.05,137.55,639.8251443583802,-799.7814304479753,79178.36161434956,loss,1.25,69178.36161434956
2025-11-17 01:00:00+00:00,2025-11-17 01:20:00+00:00,sell,135.43,137.8,133.06,137.8,334.08591398459663,-791.7836161434956,78386.57799820606,loss,2.3700000000000045,68386.57799820606
2025-11-17 03:20:00+00:00,2025-11-17 05:10:00+00:00,sell,138.09,139.2,136.98000000000002,139.2,706.1853873712352,-783.8657799820605,77602.712218224,loss,1.1099999999999852,67602.712218224
2025-11-17 08:15:00+00:00,2025-11-17 09:15:00+00:00,buy,140.38,139.57,141.19,141.19,958.0581755336269,776.02712218224,78378.73934040623,win,0.8100000000000023,68378.73934040623
2025-11-17 09:25:00+00:00,2025-11-17 10:15:00+00:00,buy,141.3,140.67,141.93000000000004,140.67,1244.1069736571947,-783.7873934040623,77594.95194700216,loss,-0.6300000000000239,67594.95194700216
2025-11-17 10:25:00+00:00,2025-11-17 10:45:00+00:00,buy,141.19,140.6,141.78,140.6,1315.1686770678257,-775.9495194700216,76819.00242753213,loss,-0.5900000000000034,66819.00242753213
2025-11-17 11:15:00+00:00,2025-11-17 11:45:00+00:00,buy,141.34,140.55,142.13,142.13,972.3924357915557,768.1900242753213,77587.19245180745,win,0.789999999999992,67587.19245180745
2025-11-17 13:10:00+00:00,2025-11-17 13:45:00+00:00,buy,142.06,141.38,142.74,141.38,1140.9881242912747,-775.8719245180746,76811.32052728938,loss,-0.6800000000000068,66811.32052728938
2025-11-17 16:35:00+00:00,2025-11-17 17:15:00+00:00,buy,139.89000000000001,136.75,143.03000000000003,136.75,244.6220398958249,-768.1132052728939,76043.20732201649,loss,-3.140000000000015,66043.20732201649
2025-11-17 18:05:00+00:00,2025-11-17 18:10:00+00:00,sell,136.46,137.64000000000001,135.28,135.28,644.4339603560682,760.4320732201649,76803.63939523665,win,-1.1800000000000068,66803.63939523665
2025-11-17 18:20:00+00:00,2025-11-17 19:40:00+00:00,sell,134.7,137.12,132.27999999999997,132.27999999999997,317.3704107241163,768.0363939523666,77571.67578918902,win,-2.420000000000016,67571.67578918902
2025-11-17 19:50:00+00:00,2025-11-17 22:00:00+00:00,sell,131.83,134.66,129.00000000000003,129.00000000000003,274.10486144589913,775.7167578918902,78347.3925470809,win,-2.829999999999984,68347.3925470809
2025-11-18 01:25:00+00:00,2025-11-18 02:45:00+00:00,sell,130.27,131.59,128.95000000000002,128.95000000000002,593.5408526294038,783.473925470809,79130.86647255172,win,-1.3199999999999932,69130.86647255172
2025-11-18 04:00:00+00:00,2025-11-18 04:20:00+00:00,sell,130.95,131.98,129.92,131.98,768.2608395393362,-791.3086647255171,78339.5578078262,loss,1.0300000000000011,68339.5578078262
2025-11-18 12:15:00+00:00,2025-11-18 15:25:00+00:00,buy,137.87,136.55,139.19,136.55,593.481498544141,-783.3955780782621,77556.16222974795,loss,-1.3199999999999932,67556.16222974795
2025-11-18 15:40:00+00:00,2025-11-18 16:25:00+00:00,buy,137.63,136.47,138.79,138.79,668.5876054288636,775.5616222974795,78331.72385204543,win,1.1599999999999966,68331.72385204543
2025-11-18 16:35:00+00:00,2025-11-18 16:55:00+00:00,buy,138.98,137.41,140.54999999999998,137.41,498.92817740156545,-783.3172385204543,77548.40661352497,loss,-1.5699999999999932,67548.40661352497
2025-11-18 17:15:00+00:00,2025-11-18 17:30:00+00:00,buy,139.43,137.2,141.66000000000003,141.66000000000003,347.75070230279977,775.4840661352498,78323.89067966022,win,2.230000000000018,68323.89067966022
2025-11-18 20:05:00+00:00,2025-11-18 21:20:00+00:00,buy,140.21,138.92,141.50000000000003,141.50000000000003,607.1619432531704,783.2389067966022,79107.12958645682,win,1.2900000000000205,69107.12958645682
2025-11-18 21:35:00+00:00,2025-11-18 21:50:00+00:00,buy,141.63,140.7,142.56,140.7,850.6142966285618,-791.0712958645682,78316.05829059225,loss,-0.9300000000000068,68316.05829059225
2025-11-19 00:10:00+00:00,2025-11-19 00:20:00+00:00,buy,140.01,139.23,140.79,140.79,1004.0520293665659,783.1605829059225,79099.21887349818,win,0.7800000000000011,69099.21887349818
2025-11-19 00:30:00+00:00,2025-11-19 02:15:00+00:00,buy,140.82,139.3,142.33999999999997,139.3,520.389597851968,-790.9921887349819,78308.2266847632,loss,-1.5199999999999818,68308.2266847632
2025-11-19 02:40:00+00:00,2025-11-19 04:50:00+00:00,buy,140.5,138.95,142.05,142.05,505.214365708146,783.082266847632,79091.30895161083,win,1.5500000000000114,69091.30895161083
2025-11-19 09:05:00+00:00,2025-11-19 09:35:00+00:00,buy,139.01,138.39,139.63,139.63,1275.6662734130687,790.9130895161084,79882.22204112694,win,0.6200000000000045,69882.22204112694
2025-11-19 09:45:00+00:00,2025-11-19 11:05:00+00:00,buy,140.06,138.83,141.29,138.83,649.4489596839643,-798.8222204112694,79083.39982071567,loss,-1.2299999999999898,69083.39982071567
2025-11-19 15:05:00+00:00,2025-11-19 15:50:00+00:00,sell,137.74,138.81,136.67000000000002,136.67000000000002,739.0971945861324,790.8339982071567,79874.23381892283,win,-1.0699999999999932,69874.23381892283
2025-11-19 16:00:00+00:00,2025-11-19 17:15:00+00:00,sell,136.38,138.52,134.23999999999998,138.52,373.244083265992,-798.7423381892283,79075.4914807336,loss,2.140000000000015,69075.4914807336
2025-11-19 17:25:00+00:00,2025-11-19 17:50:00+00:00,sell,136.38,138.66,134.1,134.1,346.82233105584896,790.754914807336,79866.24639554093,win,-2.280000000000001,69866.24639554093
2025-11-19 18:20:00+00:00,2025-11-19 19:15:00+00:00,sell,133.92,136.07,131.76999999999998,131.76999999999998,371.47091346763125,798.6624639554093,80664.90885949634,win,-2.1500000000000057,70664.90885949634
2025-11-19 19:35:00+00:00,2025-11-19 23:20:00+00:00,sell,131.71,133.42,130.00000000000003,133.42,471.7246132134345,-806.6490885949634,79858.25977090138,loss,1.7099999999999795,69858.25977090138
2025-11-20 04:05:00+00:00,2025-11-20 04:10:00+00:00,buy,139.27,138.18,140.36,140.36,732.6445850541388,798.5825977090138,80656.84236861039,win,1.0900000000000034,70656.84236861039
2025-11-20 05:00:00+00:00,2025-11-20 16:05:00+00:00,buy,143.25,138.6,147.9,138.6,173.4555749862587,-806.568423686104,79850.2739449243,loss,-4.650000000000006,69850.2739449243
2025-11-20 18:05:00+00:00,2025-11-20 18:10:00+00:00,sell,137.77,139.84,135.70000000000002,135.70000000000002,385.7501156759641,798.502739449243,80648.77668437354,win,-2.069999999999993,70648.77668437354
2025-11-20 18:20:00+00:00,2025-11-21 09:30:00+00:00,sell,133.14,138.93,127.34999999999997,127.34999999999997,139.28976974848578,806.4877668437355,81455.26445121728,win,-5.7900000000000205,71455.26445121728
2025-11-21 11:25:00+00:00,2025-11-21 12:00:00+00:00,sell,126.92,128.83,125.00999999999999,125.00999999999999,426.46735314773207,814.5526445121728,82269.81709572946,win,-1.9100000000000108,72269.81709572946
2025-11-21 12:25:00+00:00,2025-11-21 14:20:00+00:00,sell,124.51,126.34,122.68,122.68,449.5618420531669,822.6981709572947,83092.51526668677,win,-1.8299999999999983,73092.51526668677
2025-11-21 17:35:00+00:00,2025-11-21 18:15:00+00:00,sell,125.75,128.06,123.44,123.44,359.70785829734496,830.9251526668677,83923.44041935363,win,-2.3100000000000023,73923.44041935363
2025-11-21 20:05:00+00:00,2025-11-21 20:45:00+00:00,sell,127.92,129.79,126.05000000000001,129.79,448.78845144039605,-839.2344041935363,83084.20601516009,loss,1.8699999999999903,73084.20601516009
2025-11-21 22:05:00+00:00,2025-11-22 00:55:00+00:00,sell,127.15,129.26,125.04000000000002,125.04000000000002,393.7640095505245,830.8420601516009,83915.04807531169,win,-2.109999999999985,73915.04807531169
2025-11-22 01:05:00+00:00,2025-11-22 01:20:00+00:00,sell,124.99,127.29,122.68999999999998,127.29,364.848035110049,-839.1504807531169,83075.89759455857,loss,2.3000000000000114,73075.89759455857
2025-11-22 04:05:00+00:00,2025-11-22 04:10:00+00:00,sell,128.79,129.49,128.08999999999997,128.08999999999997,1186.7985370650936,830.7589759455857,83906.65657050416,win,-0.700000000000017,73906.65657050416
2025-11-22 04:20:00+00:00,2025-11-22 05:50:00+00:00,sell,127.94,129.37,126.50999999999999,126.50999999999999,586.759836157369,839.0665657050417,84745.7231362092,win,-1.4300000000000068,74745.7231362092
2025-11-22 06:00:00+00:00,2025-11-22 06:20:00+00:00,sell,126.42,127.31,125.53,125.53,952.1991363619005,847.457231362092,85593.18036757129,win,-0.8900000000000006,75593.18036757129
2025-11-22 06:35:00+00:00,2025-11-22 08:30:00+00:00,sell,125.42,126.97,123.87,126.97,552.2140668875577,-855.9318036757129,84737.24856389557,loss,1.5499999999999972,74737.24856389557
2025-11-22 10:00:00+00:00,2025-11-22 10:20:00+00:00,sell,126.9,127.95,125.85000000000001,125.85000000000001,807.0214148942457,847.3724856389557,85584.62104953453,win,-1.0499999999999972,75584.62104953453
2025-11-22 10:30:00+00:00,2025-11-22 18:10:00+00:00,sell,125.75,127.29,124.21,127.29,555.7442925294428,-855.8462104953453,84728.77483903918,loss,1.5400000000000063,74728.77483903918
2025-11-22 22:35:00+00:00,2025-11-23 00:35:00+00:00,sell,126.28999999999999,127.06,125.51999999999998,127.06,1100.3736992082863,-847.2877483903917,83881.48709064879,loss,0.7700000000000102,73881.48709064879
2025-11-23 03:05:00+00:00,2025-11-23 03:15:00+00:00,buy,127.84,127.15,128.53,128.53,1215.673725951436,838.8148709064881,84720.30196155528,win,0.6899999999999977,74720.30196155528
2025-11-23 03:35:00+00:00,2025-11-23 04:30:00+00:00,buy,128.6,127.3,129.89999999999998,129.89999999999998,651.6946304735036,847.2030196155436,85567.50498117082,win,1.299999999999983,75567.50498117082
2025-11-23 04:40:00+00:00,2025-11-23 06:20:00+00:00,buy,130.09,128.83,131.35,131.35,679.1071823902495,855.6750498117082,86423.18003098252,win,1.259999999999991,76423.18003098252
2025-11-23 09:45:00+00:00,2025-11-23 11:35:00+00:00,buy,128.71,127.67999999999999,129.74,129.74,839.0600003007886,864.2318003098133,87287.41183129234,win,1.0300000000000011,77287.41183129234
2025-11-23 11:45:00+00:00,2025-11-23 12:35:00+00:00,buy,129.92,129.1,130.73999999999998,129.1,1064.48063208894,-872.8741183129235,86414.53771297942,loss,-0.8199999999999932,76414.53771297942
2025-11-23 13:50:00+00:00,2025-11-23 14:10:00+00:00,buy,129.34,128.77,129.91,129.91,1516.044521280359,864.1453771297943,87278.68309010922,win,0.5699999999999932,77278.68309010922
2025-11-23 14:20:00+00:00,2025-11-23 16:00:00+00:00,buy,130.27,129.10999999999999,131.43000000000004,131.43000000000004,752.4024404319598,872.7868309010922,88151.46992101031,win,1.160000000000025,78151.46992101031
2025-11-23 17:15:00+00:00,2025-11-23 17:40:00+00:00,buy,130.84,130.0,131.68,131.68,1049.4222609644041,881.514699210103,89032.98462022042,win,0.8400000000000034,79032.98462022042
2025-11-23 17:55:00+00:00,2025-11-24 01:15:00+00:00,buy,132.23,130.42,134.04,130.42,491.89494265315085,-890.3298462022042,88142.65477401821,loss,-1.8100000000000023,78142.65477401821
2025-11-24 04:00:00+00:00,2025-11-24 04:15:00+00:00,buy,131.7,130.05,133.34999999999997,133.34999999999997,534.1979077213299,881.4265477401822,89024.0813217584,win,1.6499999999999773,79024.0813217584
2025-11-24 04:25:00+00:00,2025-11-24 06:20:00+00:00,buy,133.59,130.54,136.64000000000001,130.54,291.8822338418297,-890.2408132175839,88133.84050854082,loss,-3.0500000000000114,78133.84050854082
2025-11-24 07:05:00+00:00,2025-11-24 07:10:00+00:00,buy,131.34,130.74,131.94,131.94,1468.8973418090277,881.3384050854082,89015.17891362622,win,0.5999999999999943,79015.17891362622
2025-11-24 07:20:00+00:00,2025-11-24 08:30:00+00:00,buy,132.82,130.74,134.89999999999998,130.74,427.95759093089856,-890.1517891362622,88125.02712448996,loss,-2.079999999999984,78125.02712448996
2025-11-24 13:10:00+00:00,2025-11-24 13:35:00+00:00,sell,128.55,128.97,128.13000000000002,128.97,2098.2149315355377,-881.2502712448996,87243.77685324506,loss,0.4199999999999875,77243.77685324506
2025-11-24 16:00:00+00:00,2025-11-24 16:30:00+00:00,sell,129.12,129.98,128.26000000000002,129.98,1014.4625215493786,-872.4377685324506,86371.33908471261,loss,0.8599999999999852,76371.33908471261
2025-11-24 16:50:00+00:00,2025-11-24 17:00:00+00:00,sell,128.59,130.68,126.5,130.68,413.25999562063384,-863.7133908471261,85507.62569386548,loss,2.0900000000000034,75507.62569386548
2025-11-24 18:05:00+00:00,2025-11-24 18:40:00+00:00,buy,132.18,130.9,133.46,133.46,668.0283257333235,855.0762569386549,86362.70195080414,win,1.2800000000000011,76362.70195080414
2025-11-24 19:05:00+00:00,2025-11-24 19:25:00+00:00,buy,133.86,132.1,135.62000000000003,135.62000000000003,490.6971701750182,863.6270195080415,87226.32897031218,win,1.7600000000000193,77226.32897031218
2025-11-24 19:35:00+00:00,2025-11-24 22:10:00+00:00,buy,135.84,133.21,138.47,138.47,331.6590455144956,872.2632897031218,88098.59226001531,win,2.6299999999999955,78098.59226001531
2025-11-24 22:20:00+00:00,2025-11-25 09:25:00+00:00,buy,138.54,136.49,140.58999999999997,136.49,429.7492305366636,-880.9859226001531,87217.60633741516,loss,-2.049999999999983,77217.60633741516
2025-11-25 12:20:00+00:00,2025-11-25 16:40:00+00:00,buy,135.87,134.7,137.04000000000002,134.7,745.4496268155041,-872.1760633741517,86345.430274041,loss,-1.170000000000016,76345.430274041
2025-11-25 22:05:00+00:00,2025-11-26 00:35:00+00:00,buy,136.27,134.43,138.11,138.11,469.2686427937003,863.4543027404101,87208.88457678142,win,1.8400000000000034,77208.88457678142
2025-11-26 00:55:00+00:00,2025-11-26 14:00:00+00:00,buy,138.15,135.60999999999999,140.69000000000003,135.60999999999999,343.3420652629162,-872.0888457678142,86336.79573101361,loss,-2.5400000000000205,76336.79573101361
2025-11-26 16:10:00+00:00,2025-11-26 16:15:00+00:00,sell,135.81,136.43,135.19,136.43,1392.5289634034352,-863.3679573101361,85473.42777370347,loss,0.6200000000000045,75473.42777370347
2025-11-26 16:30:00+00:00,2025-11-26 16:40:00+00:00,sell,135.68,136.58,134.78,136.58,949.7047530411437,-854.7342777370347,84618.69349596644,loss,0.9000000000000057,74618.69349596644
2025-11-26 16:55:00+00:00,2025-11-26 17:30:00+00:00,sell,135.52,136.92,134.12000000000003,136.92,604.419239256913,-846.1869349596644,83772.50656100677,loss,1.3999999999999773,73772.50656100677
2025-11-26 17:45:00+00:00,2025-11-26 18:10:00+00:00,sell,135.68,137.0,134.36,137.0,634.6402012197516,-837.7250656100678,82934.7814953967,loss,1.3199999999999932,72934.7814953967
2025-11-26 19:25:00+00:00,2025-11-26 19:30:00+00:00,buy,137.02,136.05,137.99,137.99,854.9977473752248,829.347814953967,83764.12931035068,win,0.9699999999999989,73764.12931035068
2025-11-26 19:40:00+00:00,2025-11-26 20:10:00+00:00,buy,138.84,136.16,141.52,141.52,312.55272130727786,837.6412931035068,84601.77060345418,win,2.680000000000007,74601.77060345418
2025-11-26 20:20:00+00:00,2025-11-28 03:10:00+00:00,buy,142.09,139.81,144.37,139.81,371.0603973835708,-846.0177060345418,83755.75289741963,loss,-2.280000000000001,73755.75289741963
2025-11-28 03:20:00+00:00,2025-11-28 04:30:00+00:00,sell,139.31,140.5,138.12,138.12,703.8298562808386,837.5575289741963,84593.31042639383,win,-1.1899999999999977,74593.31042639383
2025-11-28 08:00:00+00:00,2025-11-28 08:15:00+00:00,sell,139.65,139.98,139.32000000000002,139.32000000000002,2563.433649284785,845.9331042639383,85439.24353065777,win,-0.3299999999999841,75439.24353065777
2025-11-28 08:25:00+00:00,2025-11-28 09:55:00+00:00,sell,139.23,139.92,138.54,138.54,1238.249906241421,854.3924353065777,86293.63596596435,win,-0.6899999999999977,76293.63596596435
2025-11-28 15:30:00+00:00,2025-11-28 15:35:00+00:00,buy,140.75,140.26,141.24,141.24,1761.0946115502602,862.9363596596435,87156.57232562399,win,0.4900000000000091,77156.57232562399
2025-11-28 15:45:00+00:00,2025-11-28 18:20:00+00:00,buy,141.7,140.01,143.39,140.01,515.7193628735154,-871.5657232562398,86285.00660236775,loss,-1.6899999999999977,76285.00660236775
2025-11-28 18:30:00+00:00,2025-11-28 19:10:00+00:00,sell,139.29,141.12,137.45999999999998,137.45999999999998,471.50276831894627,862.8500660236775,87147.85666839143,win,-1.8300000000000125,77147.85666839143
2025-11-28 19:20:00+00:00,2025-11-29 20:25:00+00:00,sell,137.03,139.01,135.05,135.05,440.14069024440346,871.4785666839143,88019.33523507534,win,-1.9799999999999898,78019.33523507534
2025-11-29 20:35:00+00:00,2025-11-29 21:15:00+00:00,sell,134.72,135.74,133.7,135.74,862.9346591673967,-880.1933523507535,87139.1418827246,loss,1.0200000000000102,77139.1418827246
2025-11-29 22:15:00+00:00,2025-11-29 22:55:00+00:00,sell,134.96,135.8,134.12,135.8,1037.3707366990982,-871.3914188272461,86267.75046389735,loss,0.8400000000000034,76267.75046389735
2025-11-30 00:10:00+00:00,2025-11-30 04:10:00+00:00,sell,135.55,136.31,134.79000000000002,136.31,1135.1019797881365,-862.6775046389735,85405.07295925838,loss,0.7599999999999909,75405.07295925838
2025-11-30 04:35:00+00:00,2025-11-30 05:05:00+00:00,sell,135.78,136.46,135.1,135.1,1255.9569552831988,854.0507295925837,86259.12368885096,win,-0.6800000000000068,76259.12368885096
2025-11-30 05:15:00+00:00,2025-11-30 05:40:00+00:00,sell,135.07,135.85,134.29,135.85,1105.8862011391132,-862.5912368885096,85396.53245196246,loss,0.7800000000000011,75396.53245196246
2025-11-30 07:05:00+00:00,2025-11-30 08:05:00+00:00,sell,135.69,136.32,135.06,135.06,1355.500515110525,853.9653245196246,86250.49777648208,win,-0.6299999999999955,76250.49777648208
2025-11-30 15:10:00+00:00,2025-11-30 15:20:00+00:00,buy,137.42,136.35,138.48999999999998,138.48999999999998,806.0794184718003,862.5049777648209,87113.0027542469,win,1.0699999999999932,77113.0027542469
2025-11-30 15:30:00+00:00,2025-11-30 22:20:00+00:00,buy,138.53,136.87,140.19,136.87,524.7771250255848,-871.1300275424691,86241.87272670443,loss,-1.6599999999999966,76241.87272670443
2025-12-01 00:05:00+00:00,2025-12-01 01:05:00+00:00,buy,136.93,136.28,137.58,136.28,1326.7980419492874,-862.4187272670443,85379.45399943739,loss,-0.6500000000000057,75379.45399943739
2025-12-01 01:15:00+00:00,2025-12-01 01:30:00+00:00,sell,136.17,137.52,134.81999999999996,134.81999999999996,632.440399995822,853.7945399943741,86233.24853943176,win,-1.3500000000000227,76233.24853943176
2025-12-01 01:50:00+00:00,2025-12-01 02:00:00+00:00,sell,134.46,136.73,132.19000000000003,132.19000000000003,379.8821521560901,862.3324853943177,87095.58102482608,win,-2.269999999999982,77095.58102482608
2025-12-01 02:10:00+00:00,2025-12-01 02:30:00+00:00,sell,132.1,135.07,129.13,129.13,293.25111456170407,870.9558102482607,87966.53683507434,win,-2.969999999999999,77966.53683507434
2025-12-01 02:40:00+00:00,2025-12-01 14:40:00+00:00,sell,128.33,131.37,125.29000000000002,125.29000000000002,289.3636080101137,879.6653683507433,88846.20220342508,win,-3.039999999999992,78846.20220342508
2025-12-01 14:50:00+00:00,2025-12-01 14:55:00+00:00,sell,125.23,126.51,123.95,126.51,694.1109547142578,-888.4620220342507,87957.74018139084,loss,1.2800000000000011,77957.74018139084
2025-12-01 16:15:00+00:00,2025-12-01 16:35:00+00:00,sell,125.72,126.55,124.89,126.55,1059.7318094143498,-879.5774018139085,87078.16277957693,loss,0.8299999999999983,77078.16277957693
2025-12-01 17:10:00+00:00,2025-12-01 17:30:00+00:00,sell,125.08,126.75,123.41,123.41,521.4261244286039,870.7816277957694,87948.9444073727,win,-1.6700000000000017,77948.9444073727
2025-12-01 17:40:00+00:00,2025-12-01 23:40:00+00:00,sell,122.81,125.71000000000001,119.91,125.71000000000001,303.27222209438804,-879.4894440737271,87069.45496329898,loss,2.9000000000000057,77069.45496329898
2025-12-02 02:00:00+00:00,2025-12-02 02:35:00+00:00,sell,126.15,126.95,125.35000000000001,126.95,1088.368187041241,-870.6945496329897,86198.760413666,loss,0.7999999999999972,76198.760413666
2025-12-02 14:05:00+00:00,2025-12-02 14:30:00+00:00,buy,128.05,127.53,128.57000000000002,128.57000000000002,1657.668469493544,861.9876041366599,87060.74801780266,win,0.5200000000000102,77060.74801780266
2025-12-02 15:10:00+00:00,2025-12-02 15:15:00+00:00,buy,128.72,127.91,129.53,129.53,1074.8240496024991,870.6074801780268,87931.35549798068,win,0.8100000000000023,77931.35549798068
2025-12-02 15:25:00+00:00,2025-12-02 16:30:00+00:00,buy,129.83,127.99000000000001,131.67000000000002,131.67000000000002,477.8878016194593,879.3135549798068,88810.66905296048,win,1.8400000000000034,78810.66905296048
2025-12-02 16:40:00+00:00,2025-12-02 17:00:00+00:00,buy,131.76,130.29,133.23,133.23,604.1542112446297,888.106690529605,89698.77574349009,win,1.4699999999999989,79698.77574349009
2025-12-02 17:10:00+00:00,2025-12-02 17:40:00+00:00,buy,133.7,130.78,136.61999999999998,136.61999999999998,307.18758816263863,896.9877574349009,90595.76350092498,win,2.9199999999999875,80595.76350092498
2025-12-02 18:35:00+00:00,2025-12-03 08:20:00+00:00,buy,139.05,134.76,143.34000000000003,143.34000000000003,211.178935899591,905.9576350092498,91501.72113593423,win,4.2900000000000205,81501.72113593423
2025-12-03 10:40:00+00:00,2025-12-03 12:35:00+00:00,buy,141.76,140.91,142.60999999999999,140.91,1076.4908368933511,-915.0172113593424,90586.70392457489,loss,-0.8499999999999943,80586.70392457489
2025-12-03 13:50:00+00:00,2025-12-03 14:30:00+00:00,buy,141.35,140.56,142.14,140.56,1146.6671382857696,-905.8670392457489,89680.83688532915,loss,-0.789999999999992,79680.83688532915
2025-12-03 14:50:00+00:00,2025-12-03 16:00:00+00:00,buy,141.6,140.5,142.7,140.5,815.2803353211783,-896.8083688532915,88784.02851647585,loss,-1.0999999999999943,78784.02851647585
2025-12-03 16:40:00+00:00,2025-12-03 23:55:00+00:00,buy,141.7,138.37,145.02999999999997,145.02999999999997,266.61870425368255,887.8402851647586,89671.86880164061,win,3.329999999999984,79671.86880164061
2025-12-04 01:15:00+00:00,2025-12-04 02:30:00+00:00,buy,144.84,143.22,146.46,143.22,553.5300543311133,-896.7186880164061,88775.1501136242,loss,-1.6200000000000045,78775.1501136242
2025-12-04 02:50:00+00:00,2025-12-04 03:10:00+00:00,buy,144.48,143.06,145.89999999999998,145.89999999999998,625.1771134762323,887.751501136242,89662.90161476044,win,1.4199999999999875,79662.90161476044
2025-12-04 04:30:00+00:00,2025-12-04 06:40:00+00:00,buy,145.29,143.41,147.17,143.41,476.93032773808864,-896.6290161476045,88766.27259861284,loss,-1.8799999999999955,78766.27259861284
2025-12-04 08:30:00+00:00,2025-12-04 09:05:00+00:00,buy,143.82,142.6,145.04,142.6,727.5923983492862,-887.6627259861284,87878.60987262671,loss,-1.2199999999999989,77878.60987262671
2025-12-04 11:05:00+00:00,2025-12-04 13:40:00+00:00,buy,143.14000000000001,142.15,144.13000000000002,142.15,887.6627259861202,-878.7860987262671,86999.82377390044,loss,-0.9900000000000091,76999.82377390044
2025-12-04 20:40:00+00:00,2025-12-04 21:10:00+00:00,sell,140.52,142.18,138.86,138.86,524.0953239391604,869.9982377390045,87869.82201163945,win,-1.6599999999999966,77869.82201163945
2025-12-04 21:20:00+00:00,2025-12-05 11:30:00+00:00,sell,138.31,140.67,135.95000000000002,135.95000000000002,372.3297542866102,878.6982201163945,88748.52023175584,win,-2.359999999999985,78748.52023175584
2025-12-05 11:40:00+00:00,2025-12-05 13:05:00+00:00,sell,135.85999999999999,137.38,134.33999999999997,137.38,583.8718436299687,-887.4852023175583,87861.03502943828,loss,1.5200000000000102,77861.03502943828
2025-12-05 13:20:00+00:00,2025-12-05 13:35:00+00:00,sell,136.85999999999999,137.45,136.26999999999998,136.26999999999998,1489.170085244708,878.6103502943828,88739.64537973267,win,-0.5900000000000034,78739.64537973267
2025-12-05 14:00:00+00:00,2025-12-05 16:10:00+00:00,sell,136.22,137.26,135.18,135.18,853.2658209589745,887.3964537973267,89627.04183352999,win,-1.039999999999992,79627.04183352999
2025-12-05 16:20:00+00:00,2025-12-05 16:40:00+00:00,sell,135.07,135.88,134.26,134.26,1106.5066893028363,896.2704183353,90523.3122518653,win,-0.8100000000000023,80523.3122518653
2025-12-05 16:50:00+00:00,2025-12-05 17:00:00+00:00,sell,133.96,135.54,132.38000000000002,135.54,572.9323560244696,-905.2331225186529,89618.07912934665,loss,1.579999999999984,79618.07912934665
2025-12-05 18:05:00+00:00,2025-12-05 18:40:00+00:00,sell,133.78,136.22,131.34,131.34,367.287209546503,896.1807912934664,90514.2599206401,win,-2.4399999999999977,80514.2599206401
2025-12-05 18:50:00+00:00,2025-12-06 05:05:00+00:00,sell,130.84,133.48,128.20000000000002,133.48,342.85704515394156,-905.142599206401,89609.1173214337,loss,2.6399999999999864,79609.1173214337
2025-12-06 06:45:00+00:00,2025-12-06 10:20:00+00:00,sell,132.52,133.25,131.79000000000002,131.79000000000002,1227.5221550881502,896.091173214337,90505.20849464805,win,-0.7299999999999898,80505.20849464805
2025-12-06 10:30:00+00:00,2025-12-06 12:20:00+00:00,sell,131.76,132.27,131.24999999999997,132.27,1774.6119312675414,-905.0520849464805,89600.15640970157,loss,0.5100000000000193,79600.15640970157
2025-12-06 14:50:00+00:00,2025-12-06 15:10:00+00:00,sell,132.13,132.38,131.88,132.38,3584.006256388063,-896.0015640970157,88704.15484560456,loss,0.25,78704.15484560456
2025-12-06 17:05:00+00:00,2025-12-06 17:15:00+00:00,sell,132.74,133.33,132.15,132.15,1503.4602516204075,887.0415484560456,89591.19639406061,win,-0.5900000000000034,79591.19639406061
2025-12-06 19:35:00+00:00,2025-12-06 20:40:00+00:00,sell,132.3,132.76,131.84000000000003,132.76,1947.6347042187956,-895.9119639406061,88695.28443012,loss,0.45999999999997954,78695.28443012
2025-12-06 20:50:00+00:00,2025-12-06 21:05:00+00:00,sell,132.22,132.8,131.64,131.64,1529.2290418985876,886.9528443012,89582.23727442119,win,-0.5800000000000125,79582.23727442119
2025-12-06 21:20:00+00:00,2025-12-07 01:20:00+00:00,sell,131.56,132.36,130.76,130.76,1119.777965930249,895.8223727442119,90478.0596471654,win,-0.8000000000000114,80478.0596471654
2025-12-07 03:55:00+00:00,2025-12-07 04:15:00+00:00,sell,131.74,132.19,131.29000000000002,132.19,2010.6235477148375,-904.780596471654,89573.27905069375,loss,0.44999999999998863,79573.27905069375
2025-12-07 09:05:00+00:00,2025-12-07 09:10:00+00:00,sell,132.41,132.65,132.17,132.17,3732.2199604454313,895.7327905069375,90469.01184120069,win,-0.2400000000000091,80469.01184120069
2025-12-07 09:30:00+00:00,2025-12-07 16:00:00+00:00,sell,131.74,132.64000000000001,130.84,130.84,1005.2112426800013,904.6901184120069,91373.70195961269,win,-0.9000000000000057,81373.70195961269
2025-12-07 16:10:00+00:00,2025-12-07 16:20:00+00:00,sell,130.68,131.35,130.01000000000002,130.01000000000002,1363.7865964121552,913.737019596127,92287.43897920882,win,-0.6699999999999875,82287.43897920882
2025-12-07 16:30:00+00:00,2025-12-07 17:55:00+00:00,sell,128.23,131.23,125.22999999999999,131.23,307.6247965973627,-922.8743897920881,91364.56458941672,loss,3.0,81364.56458941672
2025-12-07 20:05:00+00:00,2025-12-07 23:40:00+00:00,buy,134.92,133.66,136.17999999999998,133.66,725.115591979503,-913.6456458941673,90450.91894352256,loss,-1.259999999999991,80450.91894352256
2025-12-08 05:20:00+00:00,2025-12-08 06:25:00+00:00,buy,133.67,133.1,134.23999999999998,134.23999999999998,1586.8582270793622,904.5091894352256,91355.42813295778,win,0.5699999999999932,81355.42813295778
2025-12-08 06:35:00+00:00,2025-12-08 08:45:00+00:00,buy,134.34,133.5,135.18,135.18,1087.5646206304455,913.5542813295779,92268.98241428735,win,0.8400000000000034,82268.98241428735
2025-12-08 08:55:00+00:00,2025-12-08 11:00:00+00:00,buy,135.32,134.17,136.47,136.47,802.3389775155383,922.6898241428736,93191.67223843023,win,1.1500000000000057,83191.67223843023
2025-12-08 11:10:00+00:00,2025-12-08 17:10:00+00:00,buy,137.07,135.34,138.79999999999998,135.34,538.6801863493108,-931.9167223843021,92259.75551604593,loss,-1.7299999999999898,82259.75551604593
2025-12-09 00:35:00+00:00,2025-12-09 01:20:00+00:00,sell,133.19,134.02,132.35999999999999,132.35999999999999,1111.5633194704162,922.5975551604594,93182.3530712064,win,-0.8300000000000125,83182.3530712064
2025-12-09 02:35:00+00:00,2025-12-09 04:25:00+00:00,sell,132.45,133.02,131.87999999999997,133.02,1634.7781240561906,-931.823530712064,92250.52954049433,loss,0.5700000000000216,82250.52954049433
2025-12-09 04:50:00+00:00,2025-12-09 05:20:00+00:00,sell,132.59,133.08,132.1,132.1,1882.6638681733189,922.5052954049434,93173.03483589928,win,-0.4900000000000091,83173.03483589928
2025-12-09 06:35:00+00:00,2025-12-09 06:40:00+00:00,sell,133.10999999999999,133.65,132.56999999999996,132.56999999999996,1725.4265710351065,931.7303483589928,94104.76518425827,win,-0.5400000000000205,84104.76518425827
2025-12-09 06:50:00+00:00,2025-12-09 17:00:00+00:00,sell,131.9,133.53,130.27,133.53,577.3298477561873,-941.0476518425827,93163.71753241569,loss,1.6299999999999955,83163.71753241569
2025-12-09 18:05:00+00:00,2025-12-09 18:30:00+00:00,buy,137.89000000000001,133.41,142.37000000000003,142.37000000000003,207.9547266348556,931.6371753241569,94095.35470773984,win,4.480000000000018,84095.35470773984
2025-12-09 18:40:00+00:00,2025-12-09 23:35:00+00:00,buy,142.81,138.93,146.69,138.93,242.5138007931442,-940.9535470773984,93154.40116066244,loss,-3.8799999999999955,83154.40116066244
2025-12-10 03:15:00+00:00,2025-12-10 06:15:00+00:00,buy,137.5,136.59,138.41,138.41,1023.6747380292614,931.5440116066244,94085.94517226907,win,0.9099999999999966,84085.94517226907
2025-12-10 06:30:00+00:00,2025-12-10 12:15:00+00:00,buy,138.63,137.45,139.81,137.45,797.3385184090554,-940.8594517226908,93145.08572054638,loss,-1.1800000000000068,83145.08572054638
2025-12-10 22:05:00+00:00,2025-12-10 22:10:00+00:00,buy,138.7,136.79,140.60999999999999,140.60999999999999,487.6706058667359,931.4508572054639,94076.53657775185,win,1.9099999999999966,84076.53657775185
2025-12-11 01:30:00+00:00,2025-12-11 02:30:00+00:00,sell,136.07,137.23,134.91,134.91,811.0046256702769,940.7653657775185,95017.30194352937,win,-1.1599999999999966,85017.30194352937
2025-12-11 02:40:00+00:00,2025-12-11 02:45:00+00:00,sell,134.65,135.76,133.54000000000002,133.54000000000002,856.0117292209967,950.1730194352937,95967.47496296467,win,-1.1099999999999852,85967.47496296467
2025-12-11 03:00:00+00:00,2025-12-11 04:45:00+00:00,sell,132.94,135.61,130.26999999999998,130.26999999999998,359.4287451796408,959.6747496296467,96927.14971259431,win,-2.670000000000016,86927.14971259431
2025-12-11 04:55:00+00:00,2025-12-11 05:40:00+00:00,sell,130.14,131.37,128.90999999999997,128.90999999999997,788.0256074194543,969.2714971259431,97896.42120972025,win,-1.2300000000000182,87896.42120972025
2025-12-11 06:00:00+00:00,2025-12-11 06:45:00+00:00,sell,128.48,129.84,127.11999999999998,129.84,719.8266265420535,-978.9642120972027,96917.45699762306,loss,1.3600000000000136,86917.45699762306
2025-12-11 08:20:00+00:00,2025-12-11 08:35:00+00:00,sell,130.17,130.69,129.64999999999998,130.69,1863.797249954253,-969.1745699762306,95948.28242764683,loss,0.5200000000000102,85948.28242764683
2025-12-11 10:10:00+00:00,2025-12-11 11:20:00+00:00,sell,130.17,130.68,129.65999999999997,130.68,1881.338871130259,-959.4828242764684,94988.79960337037,loss,0.5100000000000193,84988.79960337037
2025-12-11 11:55:00+00:00,2025-12-11 14:20:00+00:00,sell,130.35999999999999,130.81,129.90999999999997,130.81,2110.86221340815,-949.8879960337035,94038.91160733666,loss,0.45000000000001705,84038.91160733666
2025-12-11 16:25:00+00:00,2025-12-11 16:30:00+00:00,sell,130.35,130.79,129.91,129.91,2137.2479910758443,940.3891160733666,94979.30072341002,win,-0.4399999999999977,84979.30072341002
2025-12-11 17:45:00+00:00,2025-12-11 20:00:00+00:00,sell,130.2,132.17,128.23,132.17,482.1284300680715,-949.7930072341003,94029.50771617593,loss,1.9699999999999989,84029.50771617593
2025-12-11 23:05:00+00:00,2025-12-12 08:00:00+00:00,buy,136.27,134.04,138.50000000000003,138.50000000000003,421.65698527432806,940.2950771617593,94969.80279333769,win,2.230000000000018,84969.80279333769
2025-12-12 08:10:00+00:00,2025-12-12 17:05:00+00:00,buy,138.58,136.59,140.57000000000002,136.59,477.23518991626764,-949.6980279333769,94020.1047654043,loss,-1.990000000000009,84020.1047654043
2025-12-12 19:30:00+00:00,2025-12-12 20:00:00+00:00,sell,130.95,132.12,129.77999999999997,132.12,803.5906390205388,-940.2010476540431,93079.90371775026,loss,1.170000000000016,83079.90371775026
2025-12-12 20:20:00+00:00,2025-12-12 20:35:00+00:00,sell,131.07,132.26,129.88,132.26,782.1840648550458,-930.7990371775027,92149.10468057275,loss,1.1899999999999977,82149.10468057275
2025-12-12 21:40:00+00:00,2025-12-13 00:20:00+00:00,sell,130.87,132.43,129.31,132.43,590.6993889780297,-921.4910468057276,91227.61363376703,loss,1.5600000000000023,81227.61363376703
2025-12-13 01:40:00+00:00,2025-12-13 04:30:00+00:00,sell,131.97,132.46,131.48,132.46,1861.7880333421497,-912.2761363376703,90315.33749742937,loss,0.4900000000000091,80315.33749742937
2025-12-13 04:45:00+00:00,2025-12-13 05:45:00+00:00,sell,132.03,132.51,131.55,132.51,1881.5695311964853,-903.1533749742937,89412.18412245507,loss,0.47999999999998977,79412.18412245507
2025-12-13 06:05:00+00:00,2025-12-13 10:15:00+00:00,sell,132.17,132.72,131.61999999999998,132.72,1625.676074953695,-894.1218412245507,88518.06228123052,loss,0.5500000000000114,78518.06228123052
2025-12-13 14:15:00+00:00,2025-12-13 14:20:00+00:00,sell,133.23,133.69,132.76999999999998,132.76999999999998,1924.3057017658477,885.1806228123053,89403.24290404283,win,-0.46000000000000796,79403.24290404283
2025-12-13 14:30:00+00:00,2025-12-13 19:50:00+00:00,sell,132.66,133.69,131.63,131.63,867.9926495538128,894.0324290404282,90297.27533308325,win,-1.0300000000000011,80297.27533308325
2025-12-13 22:45:00+00:00,2025-12-13 22:50:00+00:00,sell,132.1,132.41,131.79,131.79,2912.815333325245,902.9727533308326,91200.24808641408,win,-0.3100000000000023,81200.24808641408
2025-12-13 23:00:00+00:00,2025-12-14 01:50:00+00:00,sell,131.75,132.66,130.84,132.66,1002.2005284221365,-912.0024808641408,90288.24560554994,loss,0.9099999999999966,80288.24560554994
2025-12-14 06:25:00+00:00,2025-12-14 06:40:00+00:00,sell,132.3,132.59,132.01000000000002,132.01000000000002,3113.3877795018075,902.8824560554993,91191.12806160543,win,-0.28999999999999204,81191.12806160543
2025-12-14 06:55:00+00:00,2025-12-14 09:50:00+00:00,sell,131.94,132.62,131.26,132.62,1341.0460009059489,-911.9112806160543,90279.21678098937,loss,0.6800000000000068,80279.21678098937
2025-12-14 10:45:00+00:00,2025-12-14 11:25:00+00:00,sell,132.35,132.79,131.91,131.91,2051.800381386133,902.7921678098937,91182.00894879927,win,-0.4399999999999977,81182.00894879927
2025-12-14 11:55:00+00:00,2025-12-14 12:10:00+00:00,sell,131.85999999999999,132.26,131.45999999999998,131.45999999999998,2279.5502237199494,911.8200894879927,92093.82903828727,win,-0.4000000000000057,82093.82903828727
2025-12-14 13:25:00+00:00,2025-12-14 13:35:00+00:00,sell,130.81,131.32,130.3,131.32,1805.7613536919393,-920.9382903828727,91172.8907479044,loss,0.5099999999999909,81172.8907479044
2025-12-14 13:45:00+00:00,2025-12-14 19:10:00+00:00,sell,130.27,131.58,128.96,128.96,695.9762652511774,911.728907479044,92084.61965538345,win,-1.3100000000000023,82084.61965538345
2025-12-14 22:10:00+00:00,2025-12-14 22:15:00+00:00,sell,129.37,130.05,128.69,130.05,1354.1855831673902,-920.8461965538346,91163.77345882962,loss,0.6800000000000068,81163.77345882962
2025-12-14 23:00:00+00:00,2025-12-15 01:30:00+00:00,sell,129.21,131.06,127.36000000000001,127.36000000000001,492.777153831513,911.6377345882962,92075.41119341791,win,-1.8499999999999943,82075.41119341791
2025-12-15 10:15:00+00:00,2025-12-15 11:50:00+00:00,buy,131.83,131.37,132.29000000000002,132.29000000000002,2001.63937376992,920.7541119341792,92996.16530535209,win,0.46000000000000796,82996.16530535209
2025-12-15 14:30:00+00:00,2025-12-15 15:10:00+00:00,buy,132.15,131.18,133.12,131.18,958.7233536634247,-929.9616530535209,92066.20365229856,loss,-0.9699999999999989,82066.20365229856
2025-12-15 15:30:00+00:00,2025-12-15 16:15:00+00:00,buy,132.49,131.10999999999999,133.87000000000003,133.87000000000003,667.1464032775142,920.6620365229855,92986.86568882155,win,1.3800000000000239,82986.86568882155
2025-12-15 17:05:00+00:00,2025-12-15 19:50:00+00:00,sell,128.94,133.24,124.63999999999999,124.63999999999999,216.24852485772396,929.8686568882155,93916.73434570976,win,-4.300000000000011,83916.73434570976
2025-12-15 20:20:00+00:00,2025-12-15 23:35:00+00:00,sell,123.97,125.74,122.2,125.74,530.6030189023162,-939.1673434570976,92977.56700225266,loss,1.769999999999996,82977.56700225266
2025-12-16 00:50:00+00:00,2025-12-16 01:00:00+00:00,sell,125.47,126.01,124.92999999999999,126.01,1721.8067963379922,-929.7756700225266,92047.79133223013,loss,0.5400000000000063,82047.79133223013
2025-12-16 02:30:00+00:00,2025-12-16 02:40:00+00:00,sell,127.02,127.58,126.46,126.46,1643.7105595041028,920.4779133223013,92968.26924555244,win,-0.5600000000000023,82968.26924555244
2025-12-16 02:50:00+00:00,2025-12-16 03:25:00+00:00,sell,126.42,127.62,125.22,125.22,774.7355770462685,929.6826924555245,93897.95193800796,win,-1.2000000000000028,83897.95193800796
2025-12-16 05:10:00+00:00,2025-12-16 05:30:00+00:00,sell,125.71,126.85,124.57,124.57,823.6662450702449,938.9795193800798,94836.93145738804,win,-1.1400000000000006,84836.93145738804
2025-12-16 06:45:00+00:00,2025-12-16 07:00:00+00:00,sell,125.02,125.81,124.22999999999999,125.81,1200.4674868023708,-948.3693145738804,93888.56214281416,loss,0.7900000000000063,83888.56214281416
2025-12-16 09:20:00+00:00,2025-12-16 09:40:00+00:00,sell,126.42,127.0,125.84,125.84,1618.7683128071453,938.8856214281416,94827.4477642423,win,-0.5799999999999983,84827.4477642423
2025-12-16 09:50:00+00:00,2025-12-16 12:35:00+00:00,sell,125.21,126.57000000000001,123.84999999999998,126.57000000000001,697.260645325304,-948.274477642423,93879.17328659988,loss,1.3600000000000136,83879.17328659988
2025-12-16 17:55:00+00:00,2025-12-16 19:25:00+00:00,buy,129.29,127.27,131.31,127.27,464.74838260693105,-938.7917328659988,92940.38155373388,loss,-2.019999999999996,82940.38155373388
2025-12-16 20:30:00+00:00,2025-12-16 20:50:00+00:00,buy,127.35,126.66,128.04,128.04,1346.962051503394,929.4038155373388,93869.78536927122,win,0.6899999999999977,83869.78536927122
2025-12-16 22:35:00+00:00,2025-12-17 01:50:00+00:00,buy,127.6,126.63,128.57,128.57,967.7297460749622,938.6978536927122,94808.48322296393,win,0.9699999999999989,84808.48322296393
2025-12-17 02:00:00+00:00,2025-12-17 02:30:00+00:00,buy,128.82,127.9,129.73999999999998,127.9,1030.5269915539698,-948.0848322296393,93860.39839073429,loss,-0.9199999999999875,83860.39839073429
2025-12-17 02:50:00+00:00,2025-12-17 03:15:00+00:00,buy,128.37,127.84,128.9,128.9,1770.9509130327187,938.6039839073429,94799.00237464164,win,0.5300000000000011,84799.00237464164
2025-12-17 04:45:00+00:00,2025-12-17 05:55:00+00:00,buy,128.77,128.0,129.54000000000002,128.0,1231.1558749953297,-947.9900237464165,93851.01235089522,loss,-0.7700000000000102,83851.01235089522
2025-12-17 10:05:00+00:00,2025-12-17 10:20:00+00:00,sell,127.65,128.14000000000001,127.16,127.16,1915.3267826712956,938.5101235089522,94789.52247440418,win,-0.4900000000000091,84789.52247440418
2025-12-17 10:30:00+00:00,2025-12-17 11:25:00+00:00,sell,126.85,127.81,125.88999999999999,125.88999999999999,987.3908591083687,947.8952247440418,95737.41769914822,win,-0.960000000000008,85737.41769914822
2025-12-17 16:15:00+00:00,2025-12-17 16:45:00+00:00,buy,129.02,127.38,130.66000000000003,127.38,583.7647420679717,-957.3741769914823,94780.04352215675,loss,-1.6400000000000148,84780.04352215675
2025-12-17 16:55:00+00:00,2025-12-17 17:00:00+00:00,buy,128.96,126.41,131.51000000000002,131.51000000000002,371.68644518492675,947.8004352215675,95727.84395737831,win,2.5500000000000114,85727.84395737831
2025-12-17 18:10:00+00:00,2025-12-17 21:00:00+00:00,sell,126.08,130.9,121.25999999999999,121.25999999999999,198.60548538875136,957.278439573783,96685.1223969521,win,-4.820000000000007,86685.1223969521
2025-12-17 21:10:00+00:00,2025-12-17 22:15:00+00:00,sell,121.19,122.51,119.86999999999999,122.51,732.4630484617543,-966.851223969521,95718.27117298257,loss,1.3200000000000074,85718.27117298257
2025-12-17 23:30:00+00:00,2025-12-18 00:25:00+00:00,sell,121.74,122.7,120.77999999999999,122.7,997.0653247185601,-957.1827117298257,94761.08846125274,loss,0.960000000000008,84761.08846125274
2025-12-18 03:05:00+00:00,2025-12-18 03:20:00+00:00,sell,122.74,123.25,122.22999999999999,123.25,1858.0605580637607,-947.6108846125275,93813.47757664022,loss,0.5100000000000051,83813.47757664022
2025-12-18 05:25:00+00:00,2025-12-18 07:30:00+00:00,sell,122.83,123.74,121.92,121.92,1030.9173360070392,938.1347757664022,94751.61235240662,win,-0.9099999999999966,84751.61235240662
2025-12-18 08:00:00+00:00,2025-12-18 09:30:00+00:00,sell,121.87,122.92,120.82000000000001,122.92,902.3963081181607,-947.5161235240662,93804.09622888255,loss,1.0499999999999972,83804.09622888255
2025-12-18 09:40:00+00:00,2025-12-18 11:30:00+00:00,sell,122.28,122.98,121.58,122.98,1340.0585175554595,-938.0409622888254,92866.05526659373,loss,0.7000000000000028,82866.05526659373
2025-12-18 13:10:00+00:00,2025-12-18 13:55:00+00:00,sell,122.98,123.64,122.32000000000001,123.64,1407.0614434332456,-928.6605526659373,91937.39471392779,loss,0.6599999999999966,81937.39471392779
2025-12-18 17:05:00+00:00,2025-12-18 17:25:00+00:00,buy,125.85,124.2,127.49999999999999,127.49999999999999,557.1963315995653,919.3739471392779,92856.76866106706,win,1.6499999999999915,82856.76866106706
2025-12-18 17:35:00+00:00,2025-12-18 19:05:00+00:00,buy,127.61,125.21,130.01,125.21,386.9032027544452,-928.5676866106706,91928.2009744564,loss,-2.4000000000000057,81928.2009744564
2025-12-18 20:50:00+00:00,2025-12-18 21:15:00+00:00,sell,121.38,122.73,120.02999999999999,120.02999999999999,680.9496368478209,919.282009744564,92847.48298420096,win,-1.3500000000000085,82847.48298420096
2025-12-18 21:30:00+00:00,2025-12-18 21:35:00+00:00,sell,119.9,121.22,118.58000000000001,118.58000000000001,703.3900226075867,928.4748298420097,93775.95781404298,win,-1.3199999999999932,83775.95781404298
2025-12-18 21:45:00+00:00,2025-12-19 05:25:00+00:00,sell,117.81,120.83,114.79,120.83,310.5164166027917,-937.7595781404298,92838.19823590256,loss,3.019999999999996,82838.19823590256
2025-12-19 10:30:00+00:00,2025-12-19 10:45:00+00:00,buy,124.06,123.53999999999999,124.58000000000001,124.58000000000001,1785.3499660750142,928.3819823590256,93766.58021826159,win,0.5200000000000102,83766.58021826159
2025-12-19 10:55:00+00:00,2025-12-19 16:40:00+00:00,buy,124.77,123.33,126.21,126.21,651.156807071262,937.6658021826158,94704.2460204442,win,1.4399999999999977,84704.2460204442
2025-12-19 17:15:00+00:00,2025-12-19 19:30:00+00:00,buy,126.34,124.13,128.55,124.13,428.52600009250614,-947.042460204442,93757.20356023977,loss,-2.210000000000008,83757.20356023977
2025-12-19 20:50:00+00:00,2025-12-19 21:30:00+00:00,buy,124.41,123.07,125.75,125.75,699.6806235838771,937.5720356023978,94694.77559584216,win,1.3400000000000034,84694.77559584216
2025-12-19 21:40:00+00:00,2025-12-19 22:45:00+00:00,buy,125.83,124.75,126.91,126.91,876.8034777392808,946.9477559584217,95641.72335180058,win,1.0799999999999983,85641.72335180058
2025-12-20 00:00:00+00:00,2025-12-20 01:05:00+00:00,buy,126.48,125.98,126.98,125.98,1912.8344670360116,-956.4172335180058,94685.30611828258,loss,-0.5,84685.30611828258
2025-12-20 03:25:00+00:00,2025-12-20 03:55:00+00:00,buy,125.53,125.15,125.91,125.15,2491.7185820600976,-946.8530611828257,93738.45305709974,loss,-0.37999999999999545,83738.45305709974
2025-12-20 04:35:00+00:00,2025-12-20 05:10:00+00:00,buy,125.46000000000001,125.02,125.90000000000002,125.02,2130.4193876613,-937.3845305709974,92801.06852652875,loss,-0.44000000000001194,82801.06852652875
2025-12-20 05:25:00+00:00,2025-12-20 07:30:00+00:00,buy,125.55,124.99,126.11,126.11,1657.161937973721,928.0106852652875,93729.07921179403,win,0.5600000000000023,83729.07921179403
2025-12-20 10:00:00+00:00,2025-12-20 10:20:00+00:00,buy,125.82000000000001,125.44,126.20000000000002,126.20000000000002,2466.5547160997803,937.2907921179403,94666.37000391197,win,0.38000000000000966,84666.37000391197
2025-12-20 11:35:00+00:00,2025-12-20 11:50:00+00:00,buy,126.17,125.97,126.37,125.97,4733.318500195532,-946.6637000391198,93719.70630387285,loss,-0.20000000000000284,83719.70630387285
2025-12-20 13:40:00+00:00,2025-12-20 15:05:00+00:00,buy,125.89,125.46,126.32000000000001,125.46,2179.5280535784036,-937.1970630387284,92782.50924083413,loss,-0.4300000000000068,82782.50924083413
2025-12-20 17:15:00+00:00,2025-12-21 03:35:00+00:00,buy,125.91,125.03,126.78999999999999,125.03,1054.346695918575,-927.8250924083412,91854.68414842579,loss,-0.8799999999999955,81854.68414842579
2025-12-21 04:05:00+00:00,2025-12-21 07:25:00+00:00,sell,124.56,125.18,123.94,125.18,1481.527163684276,-918.5468414842579,90936.13730694153,loss,0.6200000000000045,80936.13730694153
2025-12-21 09:45:00+00:00,2025-12-21 10:05:00+00:00,sell,124.74,125.2,124.27999999999999,124.27999999999999,1976.8725501508686,909.3613730694153,91845.49868001095,win,-0.46000000000000796,81845.49868001095
2025-12-21 13:25:00+00:00,2025-12-21 15:00:00+00:00,sell,125.03,125.72,124.34,124.34,1331.094183768279,918.4549868001095,92763.95366681105,win,-0.6899999999999977,82763.95366681105
2025-12-21 15:25:00+00:00,2025-12-21 19:05:00+00:00,sell,123.91,125.31,122.50999999999999,125.31,662.5996690486477,-927.6395366681105,91836.31413014294,loss,1.4000000000000057,81836.31413014294
2025-12-21 20:05:00+00:00,2025-12-21 20:10:00+00:00,sell,124.86,125.38,124.34,124.34,1766.082964041224,918.3631413014294,92754.67727144437,win,-0.519999999999996,82754.67727144437
2025-12-21 23:00:00+00:00,2025-12-22 00:55:00+00:00,sell,124.6,125.34,123.85999999999999,125.34,1253.4415847492328,-927.5467727144437,91827.13049872992,loss,0.7400000000000091,81827.13049872992
2025-12-22 02:05:00+00:00,2025-12-22 02:10:00+00:00,buy,125.65,124.97,126.33000000000001,126.33000000000001,1350.3989779224853,918.2713049872992,92745.40180371722,win,0.6800000000000068,82745.40180371722
2025-12-22 03:25:00+00:00,2025-12-22 03:50:00+00:00,buy,126.47,125.61,127.33,125.61,1078.434904694387,-927.4540180371721,91817.94778568005,loss,-0.8599999999999994,81817.94778568005
2025-12-22 05:10:00+00:00,2025-12-22 05:20:00+00:00,buy,124.96000000000001,124.52,125.40000000000002,125.40000000000002,2086.771540583581,918.1794778568006,92736.12726353685,win,0.44000000000001194,82736.12726353685
2025-12-22 05:30:00+00:00,2025-12-22 14:30:00+00:00,buy,125.61,124.33,126.89,126.89,724.5009942463811,927.3612726353687,93663.48853617223,win,1.2800000000000011,83663.48853617223
2025-12-22 15:55:00+00:00,2025-12-22 16:15:00+00:00,buy,126.35,125.83,126.86999999999999,126.86999999999999,1801.2209333879412,936.6348853617222,94600.12342153395,win,0.519999999999996,84600.12342153395
2025-12-22 16:30:00+00:00,2025-12-22 16:35:00+00:00,buy,126.95,126.24,127.66000000000001,126.24,1332.3961045286323,-946.0012342153395,93654.12218731862,loss,-0.710000000000008,83654.12218731862
2025-12-22 17:05:00+00:00,2025-12-22 17:35:00+00:00,buy,127.66,125.99,129.32999999999998,125.99,560.8031268701708,-936.5412218731861,92717.58096544544,loss,-1.6700000000000017,82717.58096544544
2025-12-22 17:55:00+00:00,2025-12-22 20:55:00+00:00,buy,127.35,125.81,128.89,125.81,602.0622140613372,-927.1758096544544,91790.40515579098,loss,-1.539999999999992,81790.40515579098
2025-12-22 22:15:00+00:00,2025-12-22 23:40:00+00:00,sell,123.99,124.98,122.99999999999999,124.98,927.1758096544459,-917.9040515579098,90872.50110423307,loss,0.9900000000000091,80872.50110423307
2025-12-23 04:05:00+00:00,2025-12-23 04:10:00+00:00,sell,125.33,125.93,124.72999999999999,125.93,1514.5416850705296,-908.7250110423307,89963.77609319074,loss,0.6000000000000085,79963.77609319074
2025-12-23 04:40:00+00:00,2025-12-23 05:05:00+00:00,sell,125.16,125.99,124.33,124.33,1083.9009167854329,899.6377609319075,90863.41385412264,win,-0.8299999999999983,80863.41385412264
2025-12-23 06:50:00+00:00,2025-12-23 07:30:00+00:00,sell,124.83,125.49,124.17,124.17,1376.7183917291381,908.6341385412264,91772.04799266387,win,-0.6599999999999966,81772.04799266387
2025-12-23 08:10:00+00:00,2025-12-23 09:10:00+00:00,sell,124.02,124.77,123.27,123.27,1223.6273065688515,917.7204799266386,92689.7684725905,win,-0.75,82689.7684725905
2025-12-23 10:50:00+00:00,2025-12-23 11:30:00+00:00,sell,123.46,124.08,122.83999999999999,124.08,1494.9962656869327,-926.897684725905,91762.8707878646,loss,0.6200000000000045,81762.8707878646
2025-12-23 14:00:00+00:00,2025-12-23 14:15:00+00:00,sell,124.15,124.69,123.61000000000001,123.61000000000001,1699.3124219975175,917.628707878646,92680.49949574324,win,-0.539999999999992,82680.49949574324
2025-12-23 14:30:00+00:00,2025-12-23 15:35:00+00:00,sell,123.47,124.47,122.47,122.47,926.8049949574324,926.8049949574324,93607.30449070067,win,-1.0,83607.30449070067
2025-12-23 16:15:00+00:00,2025-12-23 18:50:00+00:00,sell,122.33,124.09,120.57,124.09,531.8596846062522,-936.0730449070066,92671.23144579366,loss,1.7600000000000051,82671.23144579366
2025-12-23 19:50:00+00:00,2025-12-23 22:40:00+00:00,sell,123.11,124.25,121.97,124.25,812.9055389981896,-926.7123144579366,91744.51913133572,loss,1.1400000000000006,81744.51913133572
2025-12-24 00:10:00+00:00,2025-12-24 00:15:00+00:00,sell,123.46,123.92,122.99999999999999,123.92,1994.4460680724812,-917.4451913133572,90827.07394002237,loss,0.46000000000000796,80827.07394002237
2025-12-24 00:25:00+00:00,2025-12-24 03:50:00+00:00,sell,123.27,124.14,122.39999999999999,122.39999999999999,1043.9893556324355,908.2707394002236,91735.34467942259,win,-0.8700000000000045,81735.34467942259
2025-12-24 04:00:00+00:00,2025-12-24 04:40:00+00:00,sell,122.34,123.18,121.5,121.5,1092.0874366597882,917.3534467942258,92652.69812621681,win,-0.8400000000000034,82652.69812621681
2025-12-24 06:15:00+00:00,2025-12-24 06:35:00+00:00,sell,121.6,122.01,121.18999999999998,121.18999999999998,2259.821905517424,926.5269812621683,93579.22510747898,win,-0.4100000000000108,83579.22510747898
2025-12-24 06:50:00+00:00,2025-12-24 08:05:00+00:00,sell,121.14,121.96000000000001,120.32,120.32,1141.2100622863188,935.7922510747899,94515.01735855377,win,-0.8200000000000074,84515.01735855377
2025-12-24 09:30:00+00:00,2025-12-24 09:45:00+00:00,sell,120.74,121.15,120.32999999999998,121.15,2305.244325818324,-945.1501735855377,93569.86718496823,loss,0.4100000000000108,83569.86718496823
2025-12-24 10:00:00+00:00,2025-12-24 12:20:00+00:00,sell,120.66,121.28,120.03999999999999,121.28,1509.191406209154,-935.6986718496823,92634.16851311855,loss,0.6200000000000045,82634.16851311855
2025-12-24 15:30:00+00:00,2025-12-24 16:30:00+00:00,sell,121.35,121.83,120.86999999999999,120.86999999999999,1929.8785106899538,926.3416851311855,93560.51019824974,win,-0.480000000000004,83560.51019824974
2025-12-24 16:40:00+00:00,2025-12-24 17:30:00+00:00,sell,120.77,121.71000000000001,119.82999999999998,121.71000000000001,995.3245765771123,-935.6051019824974,92624.90509626725,loss,0.9400000000000119,82624.90509626725
2025-12-24 19:40:00+00:00,2025-12-24 22:40:00+00:00,sell,121.86,122.6,121.12,122.6,1251.6879067063228,-926.2490509626724,91698.65604530458,loss,0.7399999999999949,81698.65604530458
2025-12-26 01:30:00+00:00,2025-12-26 02:10:00+00:00,sell,120.74,122.42,119.05999999999999,119.05999999999999,545.8253336030012,916.9865604530459,92615.64260575763,win,-1.6800000000000068,82615.64260575763
2025-12-26 02:25:00+00:00,2025-12-26 03:20:00+00:00,sell,118.91,119.99,117.83,119.99,857.552246349609,-926.1564260575763,91689.48617970005,loss,1.0799999999999983,81689.48617970005
2025-12-26 08:05:00+00:00,2025-12-26 09:50:00+00:00,buy,122.86,122.05,123.67,122.05,1131.968965181479,-916.8948617970005,90772.59131790305,loss,-0.8100000000000023,80772.59131790305
2025-12-26 11:20:00+00:00,2025-12-26 11:30:00+00:00,buy,122.07000000000001,121.61,122.53000000000002,122.53000000000002,1973.3172025630756,907.7259131790305,91680.31723108208,win,0.46000000000000796,81680.31723108208
2025-12-26 11:45:00+00:00,2025-12-26 15:10:00+00:00,buy,122.71000000000001,121.88,123.54000000000002,123.54000000000002,1104.5821353142253,916.8031723108209,92597.1204033929,win,0.8300000000000125,82597.1204033929
2025-12-26 15:45:00+00:00,2025-12-26 15:50:00+00:00,buy,123.67,123.21,124.13000000000001,124.13000000000001,2012.9808783345934,925.971204033929,93523.09160742682,win,0.46000000000000796,83523.09160742682
2025-12-26 22:20:00+00:00,2025-12-26 22:35:00+00:00,sell,121.38,121.81,120.94999999999999,121.81,2174.9556187773333,-935.2309160742682,92587.86069135254,loss,0.4300000000000068,82587.86069135254
2025-12-26 23:50:00+00:00,2025-12-27 04:45:00+00:00,sell,121.67,122.16,121.18,122.16,1889.5481773745614,-925.8786069135255,91661.98208443902,loss,0.4899999999999949,81661.98208443902
2025-12-27 09:20:00+00:00,2025-12-27 10:55:00+00:00,buy,122.75,122.31,123.19,122.31,2083.226865555443,-916.6198208443902,90745.36226359462,loss,-0.4399999999999977,80745.36226359462
2025-12-27 11:10:00+00:00,2025-12-27 12:30:00+00:00,buy,122.63,122.26,122.99999999999999,122.26,2452.5773584755943,-907.4536226359462,89837.90864095867,loss,-0.36999999999999034,79837.90864095867
2025-12-27 13:50:00+00:00,2025-12-27 14:50:00+00:00,buy,122.61,122.33,122.89,122.33,3208.4967371770827,-898.3790864095868,88939.52955454908,loss,-0.28000000000000114,78939.52955454908
2025-12-27 15:05:00+00:00,2025-12-27 15:30:00+00:00,buy,122.52,122.19,122.85,122.19,2695.137259228774,-889.3952955454909,88050.1342590036,loss,-0.3299999999999983,78050.1342590036
2025-12-27 16:45:00+00:00,2025-12-27 17:25:00+00:00,buy,122.65,122.34,122.96000000000001,122.96000000000001,2840.32691158074,880.501342590036,88930.63560159363,win,0.3100000000000023,78930.63560159363
2025-12-27 17:35:00+00:00,2025-12-27 18:45:00+00:00,buy,123.0,122.64,123.36,122.64,2470.2954333776047,-889.3063560159363,88041.3292455777,loss,-0.35999999999999943,78041.3292455777
2025-12-27 19:50:00+00:00,2025-12-27 20:20:00+00:00,buy,122.87,122.53999999999999,123.20000000000002,122.53999999999999,2667.9190680477077,-880.4132924557769,87160.91595312192,loss,-0.3300000000000125,77160.91595312192
2025-12-27 21:35:00+00:00,2025-12-27 23:10:00+00:00,buy,122.94,122.53999999999999,123.34,123.34,2179.0228988280173,871.6091595312193,88032.52511265314,win,0.4000000000000057,78032.52511265314
2025-12-27 23:20:00+00:00,2025-12-27 23:50:00+00:00,buy,123.48,122.99,123.97000000000001,123.97000000000001,1796.582145156153,880.3252511265314,88912.85036377967,win,0.4900000000000091,78912.85036377967
2025-12-28 00:00:00+00:00,2025-12-28 00:30:00+00:00,buy,124.08,123.37,124.78999999999999,123.37,1252.2936670954994,-889.1285036377967,88023.72186014187,loss,-0.7099999999999937,78023.72186014187
2025-12-28 01:45:00+00:00,2025-12-28 02:00:00+00:00,buy,124.13,123.67,124.58999999999999,124.58999999999999,1913.5591708726754,880.2372186014187,88903.9590787433,win,0.45999999999999375,78903.9590787433
2025-12-28 04:30:00+00:00,2025-12-28 07:00:00+00:00,buy,123.83,123.35,124.31,123.35,1852.16581414047,-889.039590787433,88014.91948795586,loss,-0.480000000000004,78014.91948795586
2025-12-28 08:30:00+00:00,2025-12-28 10:15:00+00:00,buy,123.6,123.05,124.14999999999999,124.14999999999999,1600.2712634173877,880.1491948795586,88895.06868283542,win,0.5499999999999972,78895.06868283542
2025-12-28 10:30:00+00:00,2025-12-28 11:35:00+00:00,buy,124.19,123.59,124.78999999999999,123.59,1481.5844780472712,-888.9506868283543,88006.11799600707,loss,-0.5999999999999943,78006.11799600707
2025-12-28 12:05:00+00:00,2025-12-28 12:55:00+00:00,buy,123.84,123.42,124.26,124.26,2095.3837618096836,880.0611799600707,88886.17917596715,win,0.4200000000000017,78886.17917596715
2025-12-28 13:05:00+00:00,2025-12-28 14:35:00+00:00,buy,124.3,123.85,124.75,123.85,1975.2484261325908,-888.8617917596715,87997.31738420748,loss,-0.45000000000000284,77997.31738420748
2025-12-28 16:05:00+00:00,2025-12-28 18:10:00+00:00,buy,124.48,123.86,125.10000000000001,123.86,1419.3115707130135,-879.9731738420747,87117.3442103654,loss,-0.6200000000000045,77117.3442103654
2025-12-28 19:05:00+00:00,2025-12-28 20:00:00+00:00,buy,124.22,123.81,124.63,123.81,2124.813273423564,-871.1734421036541,86246.17076826174,loss,-0.4099999999999966,76246.17076826174
2025-12-28 23:05:00+00:00,2025-12-28 23:20:00+00:00,sell,122.86,123.18,122.53999999999999,123.18,2695.192836508117,-862.4617076826174,85383.70906057913,loss,0.3200000000000074,75383.70906057913
2025-12-29 01:15:00+00:00,2025-12-29 01:45:00+00:00,buy,123.8,123.11,124.49,124.49,1237.445058848977,853.8370906057913,86237.54615118493,win,0.6899999999999977,76237.54615118493
2025-12-29 02:00:00+00:00,2025-12-29 02:30:00+00:00,buy,124.92,123.56,126.28,126.28,634.0996040528306,862.3754615118493,87099.92161269678,win,1.3599999999999994,77099.92161269678
2025-12-29 03:35:00+00:00,2025-12-29 13:00:00+00:00,buy,127.57000000000001,124.56,130.58,124.56,289.36851034118484,-870.9992161269679,86228.92239656982,loss,-3.010000000000005,76228.92239656982
2025-12-29 15:45:00+00:00,2025-12-29 16:05:00+00:00,sell,122.85,123.48,122.21999999999998,122.21999999999998,1368.7130539137856,862.2892239656982,87091.21162053551,win,-0.6300000000000097,77091.21162053551
2025-12-29 18:15:00+00:00,2025-12-30 06:40:00+00:00,sell,122.45,123.46000000000001,121.44,123.46000000000001,862.2892239656937,-870.9121162053551,86220.29950433016,loss,1.0100000000000051,76220.29950433016
2025-12-30 07:15:00+00:00,2025-12-30 07:30:00+00:00,sell,123.06,123.53,122.59,122.59,1834.474457538944,862.2029950433016,87082.50249937347,win,-0.46999999999999886,77082.50249937347
2025-12-30 16:05:00+00:00,2025-12-30 16:30:00+00:00,buy,123.75,123.28,124.22,123.28,1852.8192021143336,-870.8250249937347,86211.67747437973,loss,-0.46999999999999886,76211.67747437973
2025-12-30 16:50:00+00:00,2025-12-30 18:15:00+00:00,buy,124.2,123.14,125.26,125.26,813.3177120224486,862.1167747437974,87073.79424912353,win,1.0600000000000023,77073.79424912353
2025-12-30 18:25:00+00:00,2025-12-30 19:45:00+00:00,buy,125.43,124.25,126.61000000000001,124.25,737.9135105857883,-870.7379424912352,86203.0563066323,loss,-1.1800000000000068,76203.0563066323
2025-12-30 21:45:00+00:00,2025-12-30 22:40:00+00:00,buy,124.14,123.56,124.72,123.56,1486.2595914936646,-862.030563066323,85341.02574356597,loss,-0.5799999999999983,75341.02574356597
2025-12-31 00:05:00+00:00,2025-12-31 00:15:00+00:00,buy,123.48,122.9,124.06,124.06,1471.3969955787281,853.4102574356598,86194.43600100164,win,0.5799999999999983,76194.43600100164
2025-12-31 00:30:00+00:00,2025-12-31 03:15:00+00:00,buy,124.09,123.22,124.96000000000001,124.96000000000001,990.7406436896689,861.9443600100165,87056.38036101166,win,0.8700000000000045,77056.38036101166
2025-12-31 03:25:00+00:00,2025-12-31 12:50:00+00:00,buy,125.06,124.19,125.93,125.93,1000.6480501265655,870.5638036101166,87926.94416462177,win,0.8700000000000045,77926.94416462177
2025-12-31 13:05:00+00:00,2025-12-31 15:35:00+00:00,buy,126.05,125.36,126.74,125.36,1274.303538617711,-879.2694416462176,87047.67472297556,loss,-0.6899999999999977,77047.67472297556
2025-12-31 16:00:00+00:00,2025-12-31 16:05:00+00:00,buy,125.92,125.28999999999999,126.55000000000001,126.55000000000001,1381.7091225868924,870.4767472297556,87918.15147020531,win,0.6300000000000097,77918.15147020531
2025-12-31 21:40:00+00:00,2025-12-31 22:30:00+00:00,sell,124.06,124.83,123.29,123.29,1141.7941749377374,879.1815147020532,88797.33298490736,win,-0.769999999999996,78797.33298490736
2026-01-02 01:10:00+00:00,2026-01-02 01:45:00+00:00,buy,125.67,124.76,126.58,126.58,975.7948679660187,887.9733298490737,89685.30631475644,win,0.9099999999999966,79685.30631475644
2026-01-02 02:00:00+00:00,2026-01-02 02:05:00+00:00,buy,126.66,126.14,127.17999999999999,126.14,1724.7174291299448,-896.8530631475644,88788.45325160888,loss,-0.519999999999996,78788.45325160888
2026-01-02 04:25:00+00:00,2026-01-02 04:50:00+00:00,buy,125.66,125.27,126.05,126.05,2276.6270064515065,887.8845325160888,89676.33778412497,win,0.39000000000000057,79676.33778412497
2026-01-02 05:05:00+00:00,2026-01-02 05:10:00+00:00,buy,126.09,125.32,126.86000000000001,126.86000000000001,1164.627763430179,896.7633778412496,90573.10116196623,win,0.7700000000000102,80573.10116196623
2026-01-02 05:35:00+00:00,2026-01-02 11:10:00+00:00,buy,126.96000000000001,125.78,128.14000000000001,128.14000000000001,767.5686539149636,905.7310116196624,91478.83217358589,win,1.1800000000000068,81478.83217358589
2026-01-02 11:45:00+00:00,2026-01-02 16:15:00+00:00,buy,128.52,127.13,129.91000000000003,127.13,658.1210947739922,-914.788321735859,90564.04385185003,loss,-1.3900000000000148,80564.04385185003
2026-01-02 16:45:00+00:00,2026-01-02 18:15:00+00:00,buy,128.03,126.58,129.48000000000002,129.48000000000002,624.5796127713783,905.6404385185091,91469.68429036855,win,1.450000000000017,81469.68429036855
2026-01-02 18:30:00+00:00,2026-01-03 00:00:00+00:00,buy,129.92,127.96,131.88,131.88,466.68206270596346,914.6968429036921,92384.38113327224,win,1.960000000000008,82384.38113327224
2026-01-03 00:10:00+00:00,2026-01-03 08:35:00+00:00,buy,132.12,130.94,133.3,130.94,782.9184841802687,-923.8438113327225,91460.53732193951,loss,-1.1800000000000068,81460.53732193951
2026-01-03 11:30:00+00:00,2026-01-03 13:10:00+00:00,buy,130.4,129.9,130.9,129.9,1829.2107464387902,-914.6053732193951,90545.93194872011,loss,-0.5,80545.93194872011
2026-01-03 16:10:00+00:00,2026-01-03 16:25:00+00:00,buy,130.73,130.35,131.10999999999999,131.10999999999999,2382.7876828610842,905.4593194872011,91451.39126820731,win,0.37999999999999545,81451.39126820731
2026-01-03 16:35:00+00:00,2026-01-03 23:30:00+00:00,buy,131.28,130.4,132.16,132.16,1039.2203553205431,914.5139126820733,92365.90518088939,win,0.8799999999999955,82365.90518088939
2026-01-04 00:25:00+00:00,2026-01-04 02:05:00+00:00,buy,132.32,131.16,133.48,133.48,796.2578032835315,923.6590518088939,93289.56423269828,win,1.1599999999999966,83289.56423269828
2026-01-04 05:10:00+00:00,2026-01-04 05:45:00+00:00,buy,133.34,132.92,133.76000000000002,133.76000000000002,2221.1801007784466,932.8956423269829,94222.45987502526,win,0.4200000000000159,84222.45987502526
2026-01-04 05:55:00+00:00,2026-01-04 08:40:00+00:00,buy,133.84,133.07,134.61,133.07,1223.668310065247,-942.2245987502527,93280.23527627501,loss,-0.7700000000000102,83280.23527627501
2026-01-04 11:00:00+00:00,2026-01-04 12:45:00+00:00,buy,133.41,132.71,134.10999999999999,134.10999999999999,1332.5747896610933,932.8023527627502,94213.03762903776,win,0.6999999999999886,84213.03762903776
2026-01-04 13:10:00+00:00,2026-01-04 13:50:00+00:00,buy,134.17,133.47,134.86999999999998,133.47,1345.9005375577042,-942.1303762903776,93270.90725274738,loss,-0.6999999999999886,83270.90725274738
2026-01-04 14:20:00+00:00,2026-01-04 15:05:00+00:00,buy,133.86,133.37,134.35000000000002,133.37,1903.4879031172582,-932.7090725274738,92338.1981802199,loss,-0.4900000000000091,82338.1981802199
2026-01-04 15:50:00+00:00,2026-01-04 16:10:00+00:00,buy,133.66,133.3,134.01999999999998,134.01999999999998,2564.949949450658,923.381981802199,93261.5801620221,win,0.3599999999999852,83261.5801620221
2026-01-04 16:50:00+00:00,2026-01-04 18:05:00+00:00,buy,134.07,133.45,134.69,134.69,1504.2190348713134,932.6158016202212,94194.19596364233,win,0.6200000000000045,84194.19596364233
2026-01-04 19:20:00+00:00,2026-01-04 19:40:00+00:00,buy,134.57,134.17,134.97,134.17,2354.8548990910244,-941.9419596364231,93252.25400400591,loss,-0.4000000000000057,83252.25400400591
2026-01-04 22:00:00+00:00,2026-01-04 23:10:00+00:00,buy,133.11,132.57,133.65000000000003,133.65000000000003,1726.8935926667107,932.5225400400591,94184.77654404596,win,0.5400000000000205,84184.77654404596
2026-01-05 02:05:00+00:00,2026-01-05 02:45:00+00:00,buy,133.59,132.84,134.34,134.34,1255.7970205872796,941.8477654404596,95126.62430948642,win,0.75,85126.62430948642
2026-01-05 02:55:00+00:00,2026-01-05 03:35:00+00:00,buy,134.82,133.28,136.35999999999999,136.35999999999999,617.7053526590059,951.2662430948642,96077.89055258129,win,1.539999999999992,86077.89055258129
2026-01-05 04:50:00+00:00,2026-01-05 06:25:00+00:00,buy,136.01,134.8,137.21999999999997,134.8,794.0321533271315,-960.7789055258129,95117.11164705547,loss,-1.2099999999999795,85117.11164705547
2026-01-05 07:40:00+00:00,2026-01-05 07:50:00+00:00,buy,135.22,134.81,135.63,134.81,2319.929552367226,-951.1711164705547,94165.94053058492,loss,-0.4099999999999966,84165.94053058492
2026-01-05 09:55:00+00:00,2026-01-05 11:00:00+00:00,buy,134.91,134.17,135.65,134.17,1272.5127098727535,-941.6594053058492,93224.28112527907,loss,-0.7400000000000091,83224.28112527907
2026-01-05 11:40:00+00:00,2026-01-05 15:15:00+00:00,buy,134.68,133.93,135.43,133.93,1242.990415003721,-932.2428112527907,92292.03831402629,loss,-0.75,82292.03831402629
2026-01-05 17:30:00+00:00,2026-01-05 21:20:00+00:00,buy,134.8,132.35,137.25000000000003,137.25000000000003,376.70219720010465,922.9203831402629,93214.95869716656,win,2.450000000000017,83214.95869716656
2026-01-05 21:30:00+00:00,2026-01-05 22:25:00+00:00,buy,137.43,136.22,138.64000000000001,138.64000000000001,770.3715594807103,932.1495869716656,94147.10828413822,win,1.210000000000008,84147.10828413822
2026-01-05 23:40:00+00:00,2026-01-06 00:20:00+00:00,buy,137.6,137.0,138.2,138.2,1569.1184714023186,941.4710828413822,95088.5793669796,win,0.5999999999999943,85088.5793669796
2026-01-06 03:00:00+00:00,2026-01-06 06:20:00+00:00,buy,137.21,136.35999999999999,138.06000000000003,138.06000000000003,1118.6891690232594,950.8857936697959,96039.46516064939,win,0.8500000000000227,86039.46516064939
2026-01-06 06:35:00+00:00,2026-01-06 07:05:00+00:00,buy,138.11,137.32,138.90000000000003,137.32,1215.689432413252,-960.394651606494,95079.0705090429,loss,-0.7900000000000205,85079.0705090429
2026-01-06 07:30:00+00:00,2026-01-06 07:50:00+00:00,buy,137.87,137.2,138.54000000000002,138.54000000000002,1419.090604612547,950.790705090429,96029.86121413333,win,0.6700000000000159,86029.86121413333
2026-01-06 10:10:00+00:00,2026-01-06 13:10:00+00:00,buy,137.09,136.45,137.73000000000002,137.73000000000002,1500.4665814707985,960.2986121413333,96990.15982627466,win,0.6400000000000148,86990.15982627466
2026-01-06 13:20:00+00:00,2026-01-06 16:10:00+00:00,buy,138.05,136.74,139.36,139.36,740.3828994372099,969.9015982627466,97960.0614245374,win,1.3100000000000023,87960.0614245374
2026-01-06 16:20:00+00:00,2026-01-06 18:40:00+00:00,buy,140.11,137.82,142.40000000000003,137.82,427.77319399360925,-979.6006142453739,96980.46081029203,loss,-2.2900000000000205,86980.46081029203
2026-01-06 23:10:00+00:00,2026-01-06 23:15:00+00:00,buy,138.37,137.92,138.82000000000002,138.82000000000002,2155.1213513397415,969.8046081029204,97950.26541839495,win,0.45000000000001705,87950.26541839495
2026-01-06 23:30:00+00:00,2026-01-07 04:00:00+00:00,buy,140.66,137.84,143.48,137.84,347.34136673189784,-979.5026541839495,96970.762764211,loss,-2.819999999999993,86970.762764211
2026-01-07 04:35:00+00:00,2026-01-07 05:15:00+00:00,buy,138.5,137.64,139.36,139.36,1127.5670088861566,969.7076276421101,97940.47039185312,win,0.8600000000000136,87940.47039185312
2026-01-07 10:05:00+00:00,2026-01-07 11:05:00+00:00,buy,138.61,138.22,139.00000000000003,138.22,2511.2941126115234,-979.4047039185313,96961.06568793459,loss,-0.3900000000000148,86961.06568793459
2026-01-07 14:25:00+00:00,2026-01-07 15:25:00+00:00,sell,136.97,137.56,136.38,137.56,1643.407893015831,-969.6106568793458,95991.45503105524,loss,0.5900000000000034,85991.45503105524
2026-01-07 16:00:00+00:00,2026-01-07 17:00:00+00:00,sell,136.82,137.7,135.94,135.94,1090.8119889892698,959.9145503105525,96951.3695813658,win,-0.8799999999999955,86951.3695813658
2026-01-07 17:15:00+00:00,2026-01-07 21:15:00+00:00,sell,135.74,137.64000000000001,133.84,133.84,510.2703662177132,969.513695813658,97920.88327717946,win,-1.9000000000000057,87920.88327717946
2026-01-08 01:45:00+00:00,2026-01-08 03:10:00+00:00,sell,135.71,136.38,135.04000000000002,136.38,1461.5057205549447,-979.2088327717946,96941.67444440766,loss,0.6699999999999875,86941.67444440766
2026-01-08 04:00:00+00:00,2026-01-08 04:10:00+00:00,sell,135.99,136.48,135.50000000000003,136.48,1978.4015192737038,-969.4167444440766,95972.25769996358,loss,0.4899999999999807,85972.25769996358
2026-01-08 05:40:00+00:00,2026-01-08 06:30:00+00:00,sell,136.2,137.26,135.14,137.26,905.3986575468242,-959.7225769996357,95012.53512296395,loss,1.0600000000000023,85012.53512296395
2026-01-08 08:05:00+00:00,2026-01-08 08:15:00+00:00,sell,135.79,136.65,134.92999999999998,134.92999999999998,1104.7969200344469,950.1253512296394,95962.66047419359,win,-0.8600000000000136,85962.66047419359
2026-01-08 08:25:00+00:00,2026-01-08 09:00:00+00:00,sell,134.62,136.1,133.14000000000001,133.14000000000001,648.3963545553665,959.6266047419358,96922.28707893552,win,-1.4799999999999898,86922.28707893552
2026-01-08 10:30:00+00:00,2026-01-08 11:15:00+00:00,sell,134.85,135.42,134.28,134.28,1700.3910013848542,969.2228707893553,97891.50994972487,win,-0.5699999999999932,87891.50994972487
2026-01-08 11:25:00+00:00,2026-01-08 12:00:00+00:00,sell,134.05,134.83,133.27,133.27,1255.0193583298044,978.9150994972489,98870.42504922212,win,-0.7800000000000011,88870.42504922212
2026-01-08 13:15:00+00:00,2026-01-08 14:15:00+00:00,sell,134.05,134.78,133.32000000000002,133.32000000000002,1354.3893842359385,988.7042504922213,99859.12929971435,win,-0.7299999999999898,89859.12929971435
2026-01-08 14:30:00+00:00,2026-01-08 16:45:00+00:00,sell,133.26,134.21,132.30999999999997,132.30999999999997,1051.1487294706585,998.5912929971435,100857.72059271148,win,-0.950000000000017,90857.72059271148
2026-01-08 20:05:00+00:00,2026-01-08 21:15:00+00:00,buy,138.16,137.01,139.31,137.01,877.0236573279216,-1008.5772059271148,99849.14338678437,loss,-1.1500000000000057,89849.14338678437
2026-01-08 22:50:00+00:00,2026-01-08 23:35:00+00:00,buy,136.85,135.87,137.82999999999998,137.82999999999998,1018.868810069239,998.4914338678437,100847.63482065222,win,0.9799999999999898,90847.63482065222
2026-01-08 23:45:00+00:00,2026-01-09 00:05:00+00:00,buy,138.2,137.12,139.27999999999997,139.27999999999997,933.7743964875344,1008.4763482065223,101856.11116885874,win,1.079999999999984,91856.11116885874
2026-01-09 00:20:00+00:00,2026-01-09 00:35:00+00:00,buy,139.36,138.02,140.70000000000002,138.02,760.1202326034215,-1018.5611116885874,100837.55005717016,loss,-1.3400000000000034,90837.55005717016
2026-01-09 02:45:00+00:00,2026-01-09 03:25:00+00:00,buy,138.41,137.59,139.23,137.59,1229.7262202094023,-1008.3755005717015,99829.17455659846,loss,-0.8199999999999932,89829.17455659846
2026-01-09 05:05:00+00:00,2026-01-09 05:45:00+00:00,buy,138.86,138.25,139.47000000000003,139.47000000000003,1636.543845190102,998.2917455659846,100827.46630216445,win,0.6100000000000136,90827.46630216445
2026-01-09 08:15:00+00:00,2026-01-09 08:45:00+00:00,buy,139.26,138.69,139.82999999999998,139.82999999999998,1768.9029175818537,1008.2746630216445,101835.7409651861,win,0.5699999999999932,91835.7409651861
2026-01-09 08:55:00+00:00,2026-01-09 09:55:00+00:00,buy,139.93,138.91,140.95000000000002,138.91,998.389617305736,-1018.357409651861,100817.38355553424,loss,-1.0200000000000102,90817.38355553424
2026-01-09 12:15:00+00:00,2026-01-09 13:10:00+00:00,buy,138.26,137.7,138.82,137.7,1800.3104206345326,-1008.1738355553424,99809.2097199789,loss,-0.5600000000000023,89809.2097199789
2026-01-09 21:05:00+00:00,2026-01-09 22:00:00+00:00,sell,135.52,136.32,134.72000000000003,134.72000000000003,1247.6151214997628,998.092097199789,100807.30181717868,win,-0.799999999999983,90807.30181717868
2026-01-09 22:10:00+00:00,2026-01-09 23:20:00+00:00,sell,134.63,135.68,133.57999999999998,135.68,960.0695411159771,-1008.0730181717869,99799.2287990069,loss,1.0500000000000114,89799.2287990069
2026-01-10 01:50:00+00:00,2026-01-10 03:50:00+00:00,sell,135.23,135.75,134.70999999999998,135.75,1919.2159384424026,-997.992287990069,98801.23651101683,loss,0.5200000000000102,88801.23651101683
2026-01-10 04:35:00+00:00,2026-01-10 04:50:00+00:00,sell,135.35999999999999,135.8,134.91999999999996,135.8,2245.482647977522,-988.0123651101684,97813.22414590666,loss,0.44000000000002615,87813.22414590666
2026-01-10 06:05:00+00:00,2026-01-10 07:20:00+00:00,sell,135.22,135.64000000000001,134.79999999999998,135.64000000000001,2328.8862891881654,-978.1322414590666,96835.09190444759,loss,0.4200000000000159,86835.09190444759
2026-01-10 09:40:00+00:00,2026-01-10 11:55:00+00:00,sell,135.31,135.92,134.70000000000002,135.92,1587.4605230237694,-968.3509190444759,95866.74098540311,loss,0.6099999999999852,85866.74098540311
2026-01-10 13:35:00+00:00,2026-01-10 19:25:00+00:00,sell,135.87,136.4,135.34,136.4,1808.8064336868472,-958.6674098540311,94908.07357554909,loss,0.5300000000000011,84908.07357554909
2026-01-10 19:45:00+00:00,2026-01-11 00:00:00+00:00,sell,135.73,136.48,134.98,134.98,1265.4409810073212,949.0807357554909,95857.15431130458,win,-0.75,85857.15431130458
2026-01-11 00:10:00+00:00,2026-01-11 02:00:00+00:00,sell,134.93,135.61,134.25,135.61,1409.664033989759,-958.5715431130458,94898.58276819153,loss,0.6800000000000068,84898.58276819153
2026-01-11 04:35:00+00:00,2026-01-11 05:30:00+00:00,sell,135.43,135.74,135.12,135.74,3061.2446054255106,-948.9858276819152,93949.59694050961,loss,0.3100000000000023,83949.59694050961
2026-01-11 08:20:00+00:00,2026-01-11 10:15:00+00:00,sell,135.38,135.97,134.79,135.97,1592.3660498391368,-939.4959694050962,93010.10097110452,loss,0.5900000000000034,83010.10097110452
2026-01-11 13:20:00+00:00,2026-01-11 13:55:00+00:00,buy,136.4,135.81,136.99,135.81,1576.4423893407454,-930.1010097110452,92079.99996139348,loss,-0.5900000000000034,82079.99996139348
2026-01-11 15:10:00+00:00,2026-01-11 16:20:00+00:00,buy,136.57,136.09,137.04999999999998,137.04999999999998,1918.3333325290716,920.7999996139348,93000.79996100742,win,0.47999999999998977,83000.79996100742
2026-01-11 16:30:00+00:00,2026-01-11 16:50:00+00:00,buy,137.13,136.51,137.75,137.75,1500.012902596883,930.0079996100742,93930.80796061749,win,0.6200000000000045,83930.80796061749
2026-01-11 17:00:00+00:00,2026-01-11 18:25:00+00:00,buy,138.0,137.01,138.99,138.99,948.7960400062286,939.3080796061749,94870.11604022366,win,0.9900000000000091,84870.11604022366
2026-01-11 18:35:00+00:00,2026-01-11 22:15:00+00:00,buy,139.89000000000001,137.76,142.02000000000004,137.76,445.3996058226413,-948.7011604022366,93921.41487982142,loss,-2.130000000000024,83921.41487982142
2026-01-11 23:30:00+00:00,2026-01-12 00:05:00+00:00,buy,137.82,137.22,138.42,137.22,1565.356914663705,-939.2141487982142,92982.2007310232,loss,-0.5999999999999943,82982.2007310232
2026-01-12 01:10:00+00:00,2026-01-12 02:15:00+00:00,buy,138.2,136.92,139.48,139.48,726.4234432111182,929.8220073102322,93912.02273833343,win,1.2800000000000011,83912.02273833343
2026-01-12 02:25:00+00:00,2026-01-12 04:15:00+00:00,buy,139.71,138.14,141.28000000000003,141.28000000000003,598.1657499256823,939.1202273833342,94851.14296571676,win,1.5700000000000216,84851.14296571676
2026-01-12 05:00:00+00:00,2026-01-12 10:30:00+00:00,buy,142.04,140.19,143.89,140.19,512.7088808957678,-948.5114296571676,93902.63153605959,loss,-1.8499999999999943,83902.63153605959
2026-01-12 17:15:00+00:00,2026-01-12 17:35:00+00:00,buy,140.09,138.94,141.24,141.24,816.544622052688,939.026315360596,94841.65785142018,win,1.1500000000000057,84841.65785142018
2026-01-12 17:45:00+00:00,2026-01-12 18:25:00+00:00,buy,141.42,139.65,143.18999999999997,143.18999999999997,535.8285754317579,948.4165785142018,95790.07442993438,win,1.7699999999999818,85790.07442993438
2026-01-12 22:05:00+00:00,2026-01-12 22:30:00+00:00,buy,140.79,139.84,141.73999999999998,139.84,1008.3165729466898,-957.9007442993438,94832.17368563503,loss,-0.9499999999999886,84832.17368563503
2026-01-13 01:05:00+00:00,2026-01-13 02:00:00+00:00,sell,138.37,138.87,137.87,138.87,1896.6434737127006,-948.3217368563503,93883.85194877868,loss,0.5,83883.85194877868
2026-01-13 02:10:00+00:00,2026-01-13 04:40:00+00:00,sell,138.33,139.0,137.66000000000003,137.66000000000003,1401.2515216235886,938.8385194877868,94822.69046826648,win,-0.6699999999999875,84822.69046826648
2026-01-13 05:05:00+00:00,2026-01-13 06:15:00+00:00,sell,137.35,138.25,136.45,138.25,1053.5854496473987,-948.2269046826648,93874.4635635838,loss,0.9000000000000057,83874.4635635838
2026-01-13 06:35:00+00:00,2026-01-13 06:55:00+00:00,sell,137.78,138.28,137.28,138.28,1877.4892712716762,-938.7446356358381,92935.71892794796,loss,0.5,82935.71892794796
2026-01-13 10:10:00+00:00,2026-01-13 10:25:00+00:00,buy,139.7,139.23,140.17,140.17,1977.3557218712383,929.3571892794797,93865.07611722745,win,0.46999999999999886,83865.07611722745
2026-01-13 10:35:00+00:00,2026-01-13 11:05:00+00:00,buy,140.23,139.29,141.17,141.17,998.5646395449753,938.6507611722745,94803.72687839973,win,0.9399999999999977,84803.72687839973
2026-01-13 11:15:00+00:00,2026-01-13 11:20:00+00:00,buy,141.22,140.51,141.93,141.93,1335.2637588506855,948.0372687839973,95751.76414718373,win,0.710000000000008,85751.76414718373
2026-01-13 13:40:00+00:00,2026-01-13 14:10:00+00:00,buy,141.35,140.76,141.94,140.76,1622.9112567319182,-957.5176414718372,94794.24650571188,loss,-0.5900000000000034,84794.24650571188
2026-01-13 14:20:00+00:00,2026-01-13 15:30:00+00:00,buy,141.35,140.65,142.04999999999998,142.04999999999998,1354.2035215101919,947.942465057119,95742.188970769,win,0.6999999999999886,85742.188970769
2026-01-13 16:35:00+00:00,2026-01-13 17:00:00+00:00,buy,142.73,141.01,144.45,141.01,556.6406335509829,-957.42188970769,94784.7670810613,loss,-1.7199999999999989,84784.7670810613
2026-01-13 17:55:00+00:00,2026-01-14 00:10:00+00:00,buy,142.84,140.4,145.28,145.28,388.4621601682844,947.8476708106131,95732.61475187192,win,2.4399999999999977,85732.61475187192
2026-01-14 03:15:00+00:00,2026-01-14 07:00:00+00:00,buy,145.41,143.84,146.98,143.84,609.7618774004608,-957.3261475187193,94775.2886043532,loss,-1.5699999999999932,84775.2886043532
2026-01-14 09:00:00+00:00,2026-01-14 11:10:00+00:00,buy,143.9,143.02,144.78,144.78,1076.9919159585647,947.752886043532,95723.04149039673,win,0.8799999999999955,85723.04149039673
2026-01-14 11:35:00+00:00,2026-01-14 12:35:00+00:00,buy,144.9,144.01,145.79000000000002,144.01,1075.5397920269118,-957.2304149039674,94765.81107549276,loss,-0.8900000000000148,84765.81107549276
2026-01-14 14:10:00+00:00,2026-01-14 16:00:00+00:00,buy,143.46,142.73,144.19000000000003,144.19000000000003,1298.161795554663,947.6581107549276,95713.46918624769,win,0.7300000000000182,85713.46918624769
2026-01-14 16:10:00+00:00,2026-01-14 16:25:00+00:00,buy,144.41,143.27,145.54999999999998,145.54999999999998,839.591834967095,957.1346918624769,96670.60387811017,win,1.1399999999999864,86670.60387811017
2026-01-14 16:45:00+00:00,2026-01-14 18:20:00+00:00,buy,145.73,143.95,147.51,147.51,543.0932802141017,966.7060387811016,97637.30991689127,win,1.7800000000000011,87637.30991689127
2026-01-14 18:30:00+00:00,2026-01-14 18:55:00+00:00,buy,147.62,146.27,148.97,146.27,723.2393327177161,-976.3730991689126,96660.93681772237,loss,-1.3499999999999943,86660.93681772237
2026-01-14 20:25:00+00:00,2026-01-14 20:35:00+00:00,buy,146.1,144.94,147.26,144.94,833.283938083816,-966.6093681772237,95694.32744954515,loss,-1.1599999999999966,85694.32744954515
2026-01-14 22:10:00+00:00,2026-01-14 23:50:00+00:00,buy,146.68,145.67,147.69000000000003,145.67,947.4685886093398,-956.9432744954515,94737.3841750497,loss,-1.0100000000000193,84737.3841750497
2026-01-15 00:20:00+00:00,2026-01-15 00:30:00+00:00,buy,146.6,145.59,147.60999999999999,145.59,937.9939027232728,-947.3738417504969,93790.0103332992,loss,-1.009999999999991,83790.0103332992
2026-01-15 02:00:00+00:00,2026-01-15 03:30:00+00:00,buy,146.25,145.1,147.4,145.1,815.5653072460759,-937.900103332992,92852.1102299662,loss,-1.1500000000000057,82852.1102299662
2026-01-15 10:10:00+00:00,2026-01-15 11:35:00+00:00,sell,143.98,144.9,143.05999999999997,144.9,1009.2620677170065,-928.5211022996621,91923.58912766654,loss,0.9200000000000159,81923.58912766654
2026-01-15 13:30:00+00:00,2026-01-15 13:45:00+00:00,sell,144.47,144.77,144.17,144.17,3064.1196375887685,919.2358912766654,92842.8250189432,win,-0.30000000000001137,82842.8250189432
2026-01-15 14:00:00+00:00,2026-01-15 16:35:00+00:00,sell,143.99,144.88,143.10000000000002,143.10000000000002,1043.177809201625,928.428250189432,93771.25326913263,win,-0.8899999999999864,83771.25326913263
2026-01-15 16:45:00+00:00,2026-01-15 20:40:00+00:00,sell,142.85,144.83,140.86999999999998,140.86999999999998,473.59218822793827,937.7125326913264,94708.96580182396,win,-1.9800000000000182,84708.96580182396
2026-01-15 21:00:00+00:00,2026-01-16 00:10:00+00:00,sell,140.63,141.87,139.39,141.87,763.7819822727682,-947.0896580182396,93761.87614380571,loss,1.240000000000009,83761.87614380571
2026-01-16 03:05:00+00:00,2026-01-16 07:45:00+00:00,sell,141.39,142.23,140.54999999999998,142.23,1116.2128112357777,-937.618761438057,92824.25738236765,loss,0.8400000000000034,82824.25738236765
2026-01-16 09:20:00+00:00,2026-01-16 09:35:00+00:00,sell,142.15,142.49,141.81,141.81,2730.1252171284327,928.2425738236765,93752.49995619133,win,-0.3400000000000034,83752.49995619133
2026-01-16 17:15:00+00:00,2026-01-16 17:25:00+00:00,sell,141.97,142.8,141.14,141.14,1129.548192243252,937.5249995619133,94690.02495575324,win,-0.8300000000000125,84690.02495575324
2026-01-16 17:35:00+00:00,2026-01-16 19:55:00+00:00,sell,141.10999999999999,142.83,139.38999999999996,142.83,550.5234009055333,-946.9002495575323,93743.12470619571,loss,1.7200000000000273,83743.12470619571
2026-01-16 22:30:00+00:00,2026-01-16 23:00:00+00:00,buy,143.73,143.19,144.26999999999998,144.26999999999998,1735.9837908555019,937.4312470619572,94680.55595325767,win,0.539999999999992,84680.55595325767
2026-01-16 23:25:00+00:00,2026-01-17 02:30:00+00:00,buy,144.35,143.54,145.16,143.54,1168.8957525093508,-946.8055595325768,93733.7503937251,loss,-0.8100000000000023,83733.7503937251
2026-01-17 03:55:00+00:00,2026-01-17 04:00:00+00:00,buy,144.06,143.72,144.4,143.72,2756.8750115801226,-937.3375039372511,92796.41288978785,loss,-0.3400000000000034,82796.41288978785
2026-01-17 10:25:00+00:00,2026-01-17 13:05:00+00:00,buy,143.68,142.8,144.56,142.8,1054.504691929413,-927.9641288978786,91868.44876088998,loss,-0.8799999999999955,81868.44876088998
2026-01-17 17:55:00+00:00,2026-01-17 18:20:00+00:00,buy,143.5,143.04,143.96,143.04,1997.1401904540955,-918.6844876088999,90949.76427328108,loss,-0.46000000000000796,80949.76427328108
2026-01-17 19:10:00+00:00,2026-01-17 20:50:00+00:00,buy,143.25,142.89,143.61,143.61,2526.3823409243787,909.4976427328108,91859.26191601389,win,0.36000000000001364,81859.26191601389
2026-01-17 22:10:00+00:00,2026-01-18 00:00:00+00:00,buy,144.04,143.39,144.69,143.39,1413.219414092509,-918.5926191601388,90940.66929685375,loss,-0.6500000000000057,80940.66929685375
2026-01-18 02:10:00+00:00,2026-01-18 02:35:00+00:00,sell,142.89,143.17,142.60999999999999,143.17,3247.881046316192,-909.4066929685375,90031.26260388522,loss,0.28000000000000114,80031.26260388522
2026-01-18 02:45:00+00:00,2026-01-18 02:55:00+00:00,sell,142.79,143.25,142.32999999999998,142.32999999999998,1957.2013609539927,900.3126260388522,90931.57522992407,win,-0.46000000000000796,80931.57522992407
2026-01-18 03:05:00+00:00,2026-01-18 03:10:00+00:00,sell,142.29,143.25,141.32999999999998,141.32999999999998,947.2039086450345,909.3157522992407,91840.89098222331,win,-0.960000000000008,81840.89098222331
2026-01-18 04:25:00+00:00,2026-01-18 04:35:00+00:00,sell,141.82,142.32,141.32,141.32,1836.8178196444662,918.4089098222331,92759.29989204554,win,-0.5,82759.29989204554
2026-01-18 07:35:00+00:00,2026-01-18 08:45:00+00:00,sell,141.85,142.5,141.2,142.5,1427.0661521853035,-927.5929989204554,91831.70689312508,loss,0.6500000000000057,81831.70689312508
2026-01-18 08:55:00+00:00,2026-01-18 16:55:00+00:00,sell,141.82,142.54,141.1,141.1,1275.4403735156282,918.3170689312508,92750.02396205634,win,-0.7199999999999989,82750.02396205634
2026-01-18 19:15:00+00:00,2026-01-18 19:30:00+00:00,sell,141.2,141.45,140.95,141.45,3710.0009584822537,-927.5002396205634,91822.52372243577,loss,0.25,81822.52372243577
2026-01-18 22:05:00+00:00,2026-01-19 00:10:00+00:00,sell,141.35999999999999,142.52,140.19999999999996,142.52,791.5734803658086,-918.2252372243578,90904.29848521142,loss,1.160000000000025,80904.29848521142
2026-01-19 01:05:00+00:00,2026-01-19 01:10:00+00:00,sell,141.79,142.67,140.91,140.91,1033.0033918774077,909.042984852114,91813.34147006353,win,-0.8799999999999955,81813.34147006353
2026-01-19 01:20:00+00:00,2026-01-19 01:45:00+00:00,sell,140.31,142.67,137.95000000000002,137.95000000000002,389.03958250027165,918.1334147006354,92731.47488476417,win,-2.359999999999985,82731.47488476417
2026-01-19 01:55:00+00:00,2026-01-19 02:00:00+00:00,sell,137.51,140.12,134.89999999999998,134.89999999999998,355.2930072213168,927.3147488476418,93658.78963361181,win,-2.6100000000000136,83658.78963361181
2026-01-19 03:45:00+00:00,2026-01-19 18:50:00+00:00,sell,132.7,133.67,131.73,133.67,965.5545323052777,-936.5878963361182,92722.2017372757,loss,0.9699999999999989,82722.2017372757
2026-01-19 20:05:00+00:00,2026-01-19 20:40:00+00:00,sell,133.31,133.65,132.97,133.65,2727.1235805080814,-927.222017372757,91794.97971990294,loss,0.3400000000000034,81794.97971990294
2026-01-19 23:10:00+00:00,2026-01-20 00:10:00+00:00,sell,133.78,134.69,132.87,132.87,1008.7360408780581,917.9497971990295,92712.92951710198,win,-0.9099999999999966,82712.92951710198
2026-01-20 00:30:00+00:00,2026-01-20 03:25:00+00:00,sell,132.75,133.54,131.96,133.54,1173.581386292442,-927.1292951710197,91785.80022193096,loss,0.789999999999992,81785.80022193096
2026-01-20 06:20:00+00:00,2026-01-20 07:10:00+00:00,sell,132.76,133.46,132.05999999999997,132.05999999999997,1311.2257174561246,917.8580022193096,92703.65822415026,win,-0.700000000000017,82703.65822415026
2026-01-20 08:15:00+00:00,2026-01-20 08:20:00+00:00,sell,131.65,132.86,130.44,130.44,766.145935736774,927.0365822415027,93630.69480639177,win,-1.210000000000008,83630.69480639177
2026-01-20 09:45:00+00:00,2026-01-20 09:55:00+00:00,sell,130.52,131.09,129.95000000000002,129.95000000000002,1642.6437685332087,936.3069480639177,94567.00175445569,win,-0.5699999999999932,84567.00175445569
2026-01-20 10:05:00+00:00,2026-01-20 10:10:00+00:00,sell,129.83,130.81,128.85000000000002,128.85000000000002,964.9694056577212,945.6700175445569,95512.67177200025,win,-0.9799999999999898,85512.67177200025
2026-01-20 10:30:00+00:00,2026-01-20 18:30:00+00:00,sell,128.46,130.66,126.26000000000002,126.26000000000002,434.1485080545488,955.1267177200025,96467.79848972026,win,-2.1999999999999886,86467.79848972026
2026-01-20 18:40:00+00:00,2026-01-21 00:30:00+00:00,sell,126.07,127.91,124.22999999999999,124.22999999999999,524.2815135310874,964.6779848972026,97432.47647461746,win,-1.8400000000000034,87432.47647461746
2026-01-21 01:50:00+00:00,2026-01-21 02:35:00+00:00,sell,125.01,125.8,124.22000000000001,125.8,1233.3224870204867,-974.3247647461747,96458.1517098713,loss,0.789999999999992,86458.1517098713
2026-01-21 04:25:00+00:00,2026-01-21 06:20:00+00:00,sell,126.52,127.17,125.86999999999999,127.17,1483.9715647672379,-964.581517098713,95493.57019277257,loss,0.6500000000000057,85493.57019277257
2026-01-21 09:35:00+00:00,2026-01-21 10:35:00+00:00,sell,127.33,128.22,126.44,126.44,1072.9614628401407,954.9357019277259,96448.5058947003,win,-0.8900000000000006,86448.5058947003
2026-01-21 11:55:00+00:00,2026-01-21 12:35:00+00:00,sell,126.74,127.36,126.11999999999999,127.36,1555.6210628177355,-964.485058947003,95484.0208357533,loss,0.6200000000000045,85484.0208357533
2026-01-21 13:00:00+00:00,2026-01-21 13:55:00+00:00,sell,126.94,127.5,126.38,126.38,1705.071800638445,954.840208357533,96438.86104411083,win,-0.5600000000000023,86438.86104411083
2026-01-21 14:05:00+00:00,2026-01-21 16:05:00+00:00,sell,126.17,127.17,125.17,127.17,964.3886104411083,-964.3886104411083,95474.47243366973,loss,1.0,85474.47243366973
2026-01-21 19:10:00+00:00,2026-01-21 21:25:00+00:00,sell,124.84,127.62,122.06,127.62,343.4333540779485,-954.7447243366971,94519.72770933303,loss,2.780000000000001,84519.72770933303
2026-01-21 21:35:00+00:00,2026-01-22 17:25:00+00:00,buy,128.92,126.44,131.39999999999998,126.44,381.12793431182837,-945.1972770933304,93574.5304322397,loss,-2.4799999999999898,83574.5304322397
2026-01-22 20:50:00+00:00,2026-01-22 21:00:00+00:00,sell,127.55,128.15,126.94999999999999,126.94999999999999,1559.5755072039728,935.745304322397,94510.2757365621,win,-0.6000000000000085,84510.2757365621
2026-01-22 22:35:00+00:00,2026-01-23 08:15:00+00:00,sell,127.92,128.73,127.11000000000001,128.73,1166.793527611895,-945.102757365621,93565.17297919648,loss,0.8099999999999881,83565.17297919648
2026-01-23 08:25:00+00:00,2026-01-23 10:30:00+00:00,sell,127.69,128.85,126.53,126.53,806.5963187861788,935.6517297919647,94500.82470898844,win,-1.1599999999999966,84500.82470898844
2026-01-23 10:45:00+00:00,2026-01-23 13:55:00+00:00,sell,126.42,127.21000000000001,125.63,127.21000000000001,1196.2129709998442,-945.0082470898843,93555.81646189856,loss,0.7900000000000063,83555.81646189856
2026-01-23 14:05:00+00:00,2026-01-23 15:55:00+00:00,sell,126.75,127.4,126.1,126.1,1439.3202532599653,935.5581646189856,94491.37462651754,win,-0.6500000000000057,84491.37462651754
2026-01-23 16:30:00+00:00,2026-01-23 16:35:00+00:00,sell,126.07,126.66,125.47999999999999,125.47999999999999,1601.548722483339,944.9137462651754,95436.28837278271,win,-0.5900000000000034,85436.28837278271
2026-01-23 16:45:00+00:00,2026-01-23 17:45:00+00:00,sell,124.88,126.72,123.03999999999999,126.72,518.6754802868616,-954.362883727827,94481.92548905489,loss,1.8400000000000034,84481.92548905489
2026-01-23 22:05:00+00:00,2026-01-23 22:35:00+00:00,sell,126.98,127.77,126.19000000000001,126.19000000000001,1195.9737403677955,944.8192548905489,95426.74474394544,win,-0.789999999999992,85426.74474394544
2026-01-23 22:45:00+00:00,2026-01-24 05:40:00+00:00,sell,126.05,127.49,124.61,127.49,662.685727388511,-954.2674474394544,94472.47729650598,loss,1.4399999999999977,84472.47729650598
2026-01-24 09:15:00+00:00,2026-01-24 09:40:00+00:00,sell,126.9,127.45,126.35000000000001,126.35000000000001,1717.6814053910268,944.7247729650599,95417.20206947104,win,-0.5499999999999972,85417.20206947104
2026-01-24 11:35:00+00:00,2026-01-24 14:45:00+00:00,sell,126.39,127.07000000000001,125.71,127.07000000000001,1403.1941480804423,-954.1720206947103,94463.03004877633,loss,0.6800000000000068,84463.03004877633
2026-01-24 15:20:00+00:00,2026-01-24 20:50:00+00:00,sell,126.45,127.15,125.75,127.15,1349.4718578396564,-944.6303004877633,93518.39974828856,loss,0.7000000000000028,83518.39974828856
2026-01-24 21:20:00+00:00,2026-01-24 21:40:00+00:00,sell,126.49,127.18,125.79999999999998,127.18,1355.3391267867673,-935.1839974828856,92583.21575080567,loss,0.6900000000000119,82583.21575080567
2026-01-24 22:55:00+00:00,2026-01-25 00:55:00+00:00,sell,126.56,127.27,125.85000000000001,127.27,1303.9889542367112,-925.8321575080568,91657.3835932976,loss,0.7099999999999937,81657.3835932976
2026-01-25 01:40:00+00:00,2026-01-25 05:30:00+00:00,sell,126.53999999999999,127.43,125.64999999999998,125.64999999999998,1029.8582426213043,916.5738359329761,92573.95742923058,win,-0.8900000000000148,82573.95742923058
2026-01-25 08:10:00+00:00,2026-01-25 08:40:00+00:00,sell,125.86,126.06,125.66,126.06,4628.697871461463,-925.7395742923059,91648.21785493827,loss,0.20000000000000284,81648.21785493827
2026-01-25 09:15:00+00:00,2026-01-25 09:40:00+00:00,sell,125.74,126.12,125.35999999999999,126.12,2411.7952067088404,-916.4821785493826,90731.73567638888,loss,0.38000000000000966,80731.73567638888
2026-01-25 10:35:00+00:00,2026-01-25 11:40:00+00:00,sell,125.63,126.37,124.88999999999999,126.37,1226.1045361674023,-907.3173567638888,89824.418319625,loss,0.7400000000000091,79824.418319625
2026-01-25 13:00:00+00:00,2026-01-25 13:10:00+00:00,sell,126.17999999999999,126.51,125.84999999999998,126.51,2721.9520702915634,-898.24418319625,88926.17413642874,loss,0.3300000000000125,78926.17413642874
2026-01-25 13:50:00+00:00,2026-01-25 16:25:00+00:00,sell,125.97,126.76,125.17999999999999,125.17999999999999,1125.647773878836,889.2617413642874,89815.43587779303,win,-0.7900000000000063,79815.43587779303
2026-01-25 17:45:00+00:00,2026-01-25 18:00:00+00:00,sell,125.16,126.0,124.32,124.32,1069.2313794975319,898.1543587779304,90713.59023657096,win,-0.8400000000000034,80713.59023657096
2026-01-25 18:10:00+00:00,2026-01-25 21:25:00+00:00,sell,122.03,125.37,118.69,118.69,271.5975755585954,907.1359023657095,91620.72613893668,win,-3.3400000000000034,81620.72613893668
2026-01-25 21:50:00+00:00,2026-01-26 03:20:00+00:00,sell,118.21,121.01,115.40999999999998,121.01,327.21687906762963,-916.2072613893667,90704.5188775473,loss,2.8000000000000114,80704.5188775473
2026-01-26 05:40:00+00:00,2026-01-26 06:15:00+00:00,sell,120.66,121.63,119.69,121.63,935.0981327582208,-907.0451887754731,89797.47368877183,loss,0.9699999999999989,79797.47368877183
2026-01-26 08:05:00+00:00,2026-01-26 09:50:00+00:00,sell,121.7,122.23,121.17,122.23,1694.2919563919177,-897.9747368877183,88899.49895188412,loss,0.5300000000000011,78899.49895188412
2026-01-26 18:20:00+00:00,2026-01-26 20:25:00+00:00,buy,123.38,122.4,124.35999999999999,124.35999999999999,907.1377444069902,888.9949895188412,89788.49394140296,win,0.9799999999999898,79788.49394140296
2026-01-26 20:35:00+00:00,2026-01-26 22:15:00+00:00,buy,124.48,123.3,125.66000000000001,123.3,760.9194401813767,-897.8849394140296,88890.60900198894,loss,-1.1800000000000068,78890.60900198894
2026-01-26 23:30:00+00:00,2026-01-26 23:40:00+00:00,buy,123.45,122.91,123.99000000000001,123.99000000000001,1646.122388925702,888.9060900198893,89779.51509200883,win,0.5400000000000063,79779.51509200883
2026-01-27 00:10:00+00:00,2026-01-27 11:05:00+00:00,buy,124.24,123.12,125.35999999999999,123.12,801.6028133215144,-897.7951509200884,88881.71994108874,loss,-1.1199999999999903,78881.71994108874
2026-01-27 17:05:00+00:00,2026-01-27 17:55:00+00:00,buy,123.43,122.67999999999999,124.18000000000002,124.18000000000002,1185.089599214494,888.8171994108874,89770.53714049963,win,0.7500000000000142,79770.53714049963
2026-01-27 18:05:00+00:00,2026-01-27 18:10:00+00:00,buy,124.42,123.01,125.83,125.83,636.6704761737578,897.7053714049964,90668.24251190462,win,1.4099999999999966,80668.24251190462
2026-01-27 18:40:00+00:00,2026-01-27 19:15:00+00:00,buy,126.06,123.69,128.43,123.69,382.56642410086266,-906.6824251190462,89761.56008678558,loss,-2.3700000000000045,79761.56008678558
2026-01-27 20:10:00+00:00,2026-01-27 20:55:00+00:00,buy,123.84,122.89,124.79,124.79,944.8585272293191,897.6156008678558,90659.17568765343,win,0.9500000000000028,80659.17568765343
2026-01-27 22:10:00+00:00,2026-01-27 22:20:00+00:00,buy,125.68,125.05,126.31000000000002,126.31000000000002,1439.0345347246357,906.5917568765344,91565.76744452996,win,0.6300000000000097,81565.76744452996
2026-01-27 22:45:00+00:00,2026-01-28 17:15:00+00:00,buy,126.72,125.07,128.37,125.07,554.9440451183615,-915.6576744452996,90650.10977008466,loss,-1.6500000000000057,80650.10977008466
2026-01-28 23:00:00+00:00,2026-01-29 04:30:00+00:00,sell,124.53,125.74,123.32000000000001,123.32000000000001,749.1744609097944,906.5010977008466,91556.61086778551,win,-1.2099999999999937,81556.61086778551
2026-01-29 04:50:00+00:00,2026-01-29 16:30:00+00:00,sell,122.41,124.05,120.77,120.77,558.2720174864968,915.566108677855,92472.17697646336,win,-1.6400000000000006,82472.17697646336
2026-01-29 16:40:00+00:00,2026-01-29 17:00:00+00:00,sell,120.72,122.39,119.05,119.05,553.7256106375046,924.7217697646336,93396.89874622799,win,-1.6700000000000017,83396.89874622799
2026-01-29 17:10:00+00:00,2026-01-29 17:40:00+00:00,sell,118.49,121.04,115.93999999999998,115.93999999999998,366.2623480244219,933.96898746228,94330.86773369028,win,-2.5500000000000114,84330.86773369028
2026-01-29 20:00:00+00:00,2026-01-29 20:30:00+00:00,sell,117.03999999999999,118.46000000000001,115.61999999999998,115.61999999999998,664.3018854485156,943.3086773369027,95274.17641102718,win,-1.420000000000016,85274.17641102718
2026-01-29 20:45:00+00:00,2026-01-30 02:00:00+00:00,sell,115.58,117.36,113.8,117.36,535.248182084422,-952.7417641102717,94321.43464691691,loss,1.7800000000000011,84321.43464691691
2026-01-30 02:30:00+00:00,2026-01-30 03:35:00+00:00,sell,116.88,117.65,116.10999999999999,116.10999999999999,1224.9536967131903,943.2143464691691,95264.64899338609,win,-0.7700000000000102,85264.64899338609
2026-01-30 03:45:00+00:00,2026-01-30 04:15:00+00:00,sell,115.16,117.26,113.05999999999999,113.05999999999999,453.64118568278906,952.6464899338608,96217.29548331995,win,-2.1000000000000085,86217.29548331995
2026-01-30 04:25:00+00:00,2026-01-30 06:20:00+00:00,sell,112.85,114.77,110.92999999999999,114.77,501.1317473089576,-962.1729548331995,95255.12252848675,loss,1.9200000000000017,85255.12252848675
2026-01-30 08:00:00+00:00,2026-01-30 08:15:00+00:00,sell,114.75,115.38,114.12,114.12,1511.9860718807531,952.5512252848675,96207.67375377163,win,-0.6299999999999955,86207.67375377163
2026-01-30 08:25:00+00:00,2026-01-30 08:40:00+00:00,sell,114.03,115.03,113.03,113.03,962.0767375377163,962.0767375377163,97169.75049130934,win,-1.0,87169.75049130934
2026-01-30 10:40:00+00:00,2026-01-30 11:40:00+00:00,sell,114.63,115.23,114.02999999999999,115.23,1619.4958415217993,-971.6975049130934,96198.05298639624,loss,0.6000000000000085,86198.05298639624
2026-01-30 15:10:00+00:00,2026-01-30 15:30:00+00:00,sell,115.28999999999999,115.87,114.70999999999998,114.70999999999998,1658.587120455072,961.9805298639625,97160.03351626021,win,-0.5800000000000125,87160.03351626021
2026-01-30 17:20:00+00:00,2026-01-30 17:30:00+00:00,sell,115.35,116.45,114.24999999999999,114.24999999999999,883.2730319659951,971.6003351626022,98131.63385142281,win,-1.1000000000000085,88131.63385142281
2026-01-31 03:05:00+00:00,2026-01-31 05:10:00+00:00,buy,117.29,116.72,117.86000000000001,117.86000000000001,1721.607611428448,981.3163385142282,99112.95018993704,win,0.5700000000000074,89112.95018993704
2026-01-31 05:20:00+00:00,2026-01-31 05:30:00+00:00,buy,117.91,117.55,118.27,117.55,2753.137505276033,-991.1295018993703,98121.82068803767,loss,-0.35999999999999943,88121.82068803767
2026-01-31 06:00:00+00:00,2026-01-31 07:00:00+00:00,buy,117.98,117.48,118.48,117.48,1962.4364137607533,-981.2182068803767,97140.60248115729,loss,-0.5,87140.60248115729
2026-01-31 08:15:00+00:00,2026-01-31 08:25:00+00:00,buy,118.08,117.75,118.41,117.75,2943.6546206411454,-971.4060248115729,96169.19645634571,loss,-0.3299999999999983,86169.19645634571
2026-01-31 12:10:00+00:00,2026-01-31 12:30:00+00:00,sell,115.46,115.94,114.97999999999999,115.94,2003.5249261738525,-961.6919645634572,95207.50449178225,loss,0.480000000000004,85207.50449178225
2026-01-31 13:45:00+00:00,2026-01-31 14:10:00+00:00,sell,115.66,116.07000000000001,115.24999999999999,115.24999999999999,2322.134255897067,952.0750449178225,96159.57953670007,win,-0.4100000000000108,86159.57953670007
2026-01-31 14:35:00+00:00,2026-01-31 15:25:00+00:00,sell,114.83,115.62,114.03999999999999,114.03999999999999,1217.2098675531558,961.5957953670007,97121.17533206707,win,-0.7900000000000063,87121.17533206707
2026-01-31 15:35:00+00:00,2026-01-31 15:50:00+00:00,sell,113.99,114.8,113.17999999999999,113.17999999999999,1199.026855951442,971.2117533206708,98092.38708538775,win,-0.8100000000000023,88092.38708538775
2026-01-31 16:05:00+00:00,2026-01-31 16:15:00+00:00,sell,113.12,114.28,111.96000000000001,111.96000000000001,845.6240265981727,980.9238708538775,99073.31095624162,win,-1.1599999999999966,89073.31095624162
2026-01-31 16:25:00+00:00,2026-01-31 16:30:00+00:00,sell,111.58,113.85,109.31,109.31,436.4463037719903,990.7331095624163,100064.04406580403,win,-2.269999999999996,90064.04406580403
2026-01-31 16:40:00+00:00,2026-01-31 19:10:00+00:00,sell,108.38,113.21000000000001,103.54999999999998,103.54999999999998,207.17193388365172,1000.6404406580403,101064.68450646207,win,-4.8300000000000125,91064.68450646207
2026-01-31 20:35:00+00:00,2026-01-31 20:40:00+00:00,sell,101.78,103.25,100.31,100.31,687.5148605881778,1010.6468450646206,102075.3313515267,win,-1.4699999999999989,92075.3313515267
2026-01-31 22:00:00+00:00,2026-01-31 23:25:00+00:00,sell,100.86,102.31,99.41,102.31,703.9678024243207,-1020.753313515267,101054.57803801143,loss,1.4500000000000028,91054.57803801143
2026-02-01 00:45:00+00:00,2026-02-01 00:55:00+00:00,sell,102.84,103.65,102.03,103.65,1247.5873831853228,-1010.5457803801143,100044.03225763132,loss,0.8100000000000023,90044.03225763132
2026-02-01 03:05:00+00:00,2026-02-01 10:40:00+00:00,sell,104.28999999999999,105.41,103.16999999999999,105.41,893.2502880145618,-1000.4403225763132,99043.59193505501,loss,1.1200000000000045,89043.59193505501
2026-02-01 12:35:00+00:00,2026-02-01 12:55:00+00:00,sell,104.33,105.05,103.61,103.61,1375.6054435424328,990.4359193505501,100034.02785440556,win,-0.7199999999999989,90034.02785440556
2026-02-01 14:15:00+00:00,2026-02-01 15:00:00+00:00,sell,104.07,104.79,103.34999999999998,104.79,1389.36149797783,-1000.3402785440556,99033.6875758615,loss,0.7200000000000131,89033.6875758615
2026-02-01 15:50:00+00:00,2026-02-01 16:30:00+00:00,sell,103.88,105.39,102.36999999999999,102.36999999999999,655.8522356017296,990.3368757586151,100024.02445162012,win,-1.5100000000000051,90024.02445162012
2026-02-01 16:40:00+00:00,2026-02-01 17:35:00+00:00,sell,101.8,103.94,99.66,99.66,467.4019834187855,1000.2402445162013,101024.26469613632,win,-2.1400000000000006,91024.26469613632
2026-02-01 21:05:00+00:00,2026-02-01 21:45:00+00:00,sell,102.37,103.18,101.56,101.56,1247.2131443967412,1010.2426469613632,102034.50734309768,win,-0.8100000000000023,92034.50734309768
2026-02-01 21:55:00+00:00,2026-02-02 01:05:00+00:00,sell,101.0,102.52,99.48,99.48,671.2796535730128,1020.3450734309768,103054.85241652865,win,-1.519999999999996,93054.85241652865
2026-02-02 04:35:00+00:00,2026-02-02 05:00:00+00:00,sell,100.95,102.12,99.78,99.78,880.8107044147736,1030.5485241652866,104085.40094069394,win,-1.1700000000000017,94085.40094069394
2026-02-02 05:10:00+00:00,2026-02-02 05:15:00+00:00,sell,99.75,101.17,98.33,98.33,732.9957812724916,1040.8540094069394,105126.25495010088,win,-1.4200000000000017,95126.25495010088
2026-02-02 05:25:00+00:00,2026-02-02 06:20:00+00:00,sell,97.78,100.4,95.16,100.4,401.2452479011477,-1051.2625495010088,104074.99240059986,loss,2.6200000000000045,94074.99240059986
2026-02-02 07:25:00+00:00,2026-02-02 08:40:00+00:00,sell,98.13,100.51,95.74999999999999,100.51,437.28988403613204,-1040.7499240059985,103034.24247659386,loss,2.3800000000000097,93034.24247659386
2026-02-02 11:00:00+00:00,2026-02-02 11:20:00+00:00,sell,101.03999999999999,101.76,100.31999999999998,101.76,1431.0311455082222,-1030.3424247659386,102003.90005182792,loss,0.7200000000000131,92003.90005182792
2026-02-02 17:15:00+00:00,2026-02-02 21:35:00+00:00,buy,104.64,103.27,106.01,103.27,744.5540149768436,-1020.0390005182792,100983.86105130964,loss,-1.3700000000000045,90983.86105130964
2026-02-02 22:55:00+00:00,2026-02-02 23:05:00+00:00,buy,103.42,102.78,104.06,104.06,1577.8728289267117,1009.8386105130963,101993.69966182273,win,0.6400000000000006,91993.69966182273
2026-02-02 23:15:00+00:00,2026-02-03 04:10:00+00:00,buy,104.15,102.8,105.50000000000001,102.8,755.5088863838673,-1019.9369966182273,100973.7626652045,loss,-1.3500000000000085,90973.7626652045
2026-02-03 05:35:00+00:00,2026-02-03 06:40:00+00:00,buy,102.95,101.74,104.16000000000001,104.16000000000001,834.4939063239987,1009.737626652045,101983.50029185654,win,1.210000000000008,91983.50029185654
2026-02-03 09:10:00+00:00,2026-02-03 09:30:00+00:00,buy,103.51,103.08,103.94000000000001,103.94000000000001,2371.7093091129054,1019.8350029185655,103003.33529477511,win,0.4300000000000068,93003.33529477511
2026-02-03 09:40:00+00:00,2026-02-03 11:00:00+00:00,buy,104.16,103.39,104.92999999999999,103.39,1337.7056531789044,-1030.0333529477512,101973.30194182736,loss,-0.769999999999996,91973.30194182736
2026-02-03 15:20:00+00:00,2026-02-03 15:55:00+00:00,sell,102.31,102.89,101.73,102.89,1758.1603783073735,-1019.7330194182737,100953.56892240909,loss,0.5799999999999983,90953.56892240909
2026-02-03 16:15:00+00:00,2026-02-03 16:35:00+00:00,sell,102.35,103.01,101.68999999999998,101.68999999999998,1529.5995291273855,1009.5356892240909,101963.10461163319,win,-0.6600000000000108,91963.10461163319
2026-02-03 16:45:00+00:00,2026-02-03 17:15:00+00:00,sell,101.31,102.76,99.86,99.86,703.1938249078137,1019.6310461163318,102982.73565774952,win,-1.4500000000000028,92982.73565774952
2026-02-03 18:30:00+00:00,2026-02-03 20:20:00+00:00,sell,99.78,101.9,97.66,97.66,485.7676210271194,1029.8273565774953,104012.56301432702,win,-2.1200000000000045,94012.56301432702
2026-02-03 20:30:00+00:00,2026-02-03 21:15:00+00:00,sell,97.2,98.86,95.54,98.86,626.5817049055858,-1040.1256301432702,102972.43738418375,loss,1.6599999999999966,92972.43738418375
2026-02-03 23:35:00+00:00,2026-02-04 00:00:00+00:00,sell,100.38,101.3,99.46,99.46,1119.2656237411259,1029.7243738418376,104002.16175802558,win,-0.9200000000000017,94002.16175802558
2026-02-04 00:10:00+00:00,2026-02-04 00:45:00+00:00,sell,99.17999999999999,100.27,98.08999999999999,98.08999999999999,954.1482730094061,1040.021617580256,105042.18337560583,win,-1.0900000000000034,95042.18337560583
2026-02-04 01:00:00+00:00,2026-02-04 13:00:00+00:00,sell,97.57,99.2,95.93999999999998,95.93999999999998,644.4305728564736,1050.4218337560583,106092.6052093619,win,-1.6300000000000097,96092.6052093619
2026-02-04 13:10:00+00:00,2026-02-04 16:05:00+00:00,sell,94.9,96.55,93.25000000000001,93.25000000000001,642.985486117348,1060.9260520936189,107153.53126145552,win,-1.6499999999999915,97153.53126145552
2026-02-04 16:30:00+00:00,2026-02-04 17:00:00+00:00,sell,93.17999999999999,94.65,91.70999999999998,91.70999999999998,728.9355868126161,1071.535312614555,108225.06657407006,win,-1.470000000000013,98225.06657407006
2026-02-04 17:30:00+00:00,2026-02-05 00:05:00+00:00,sell,91.55,94.32000000000001,88.77999999999999,88.77999999999999,390.70421145873524,1082.2506657407007,109307.31723981077,win,-2.7700000000000102,99307.31723981077
2026-02-05 02:30:00+00:00,2026-02-05 03:10:00+00:00,sell,91.25,91.94,90.56,91.94,1584.1640179682774,-1093.0731723981078,108214.24406741267,loss,0.6899999999999977,98214.24406741267
2026-02-05 03:20:00+00:00,2026-02-05 03:25:00+00:00,sell,91.01,92.07000000000001,89.95,92.07000000000001,1020.8890949755889,-1082.1424406741266,107132.10162673854,loss,1.0600000000000023,97132.10162673854
2026-02-05 05:05:00+00:00,2026-02-05 10:30:00+00:00,sell,90.13,91.55,88.71,91.55,754.4514199066085,-1071.3210162673854,106060.78061047116,loss,1.4200000000000017,96060.78061047116
2026-02-05 11:45:00+00:00,2026-02-05 12:45:00+00:00,sell,91.73,92.85,90.61000000000001,90.61000000000001,946.9712554506436,1060.6078061047117,107121.38841657588,win,-1.1199999999999903,97121.38841657588
2026-02-05 12:55:00+00:00,2026-02-05 13:20:00+00:00,sell,90.33,92.02,88.64,88.64,633.8543693288523,1071.2138841657588,108192.60230074164,win,-1.6899999999999977,98192.60230074164
2026-02-05 13:30:00+00:00,2026-02-05 16:35:00+00:00,sell,88.34,90.34,86.34,90.34,540.9630115037082,-1081.9260230074165,107110.67627773422,loss,2.0,97110.67627773422
2026-02-05 16:55:00+00:00,2026-02-05 17:10:00+00:00,sell,88.45,90.79,86.11,86.11,457.73793281082936,1071.1067627773423,108181.78304051157,win,-2.3400000000000034,98181.78304051157
2026-02-05 17:20:00+00:00,2026-02-05 20:20:00+00:00,sell,85.42999999999999,89.59,81.26999999999998,81.26999999999998,260.05236307815215,1081.8178304051157,109263.60087091668,win,-4.160000000000011,99263.60087091668
2026-02-05 20:30:00+00:00,2026-02-05 22:20:00+00:00,sell,81.02,82.83,79.21,79.21,603.666303154235,1092.6360087091668,110356.23687962584,win,-1.8100000000000023,100356.23687962584
2026-02-05 22:30:00+00:00,2026-02-06 02:10:00+00:00,sell,78.36,81.71000000000001,75.00999999999999,75.00999999999999,329.42160262574794,1103.5623687962584,111459.7992484221,win,-3.3500000000000085,101459.7992484221
2026-02-06 02:20:00+00:00,2026-02-06 03:45:00+00:00,sell,70.97,78.41,63.53,78.41,149.81155812959966,-1114.597992484221,110345.20125593788,loss,7.439999999999998,100345.20125593788
2026-02-06 04:20:00+00:00,2026-02-06 07:30:00+00:00,sell,76.42999999999999,79.08,73.77999999999999,79.08,416.3969858714628,-1103.4520125593788,109241.7492433785,loss,2.6500000000000057,99241.7492433785
2026-02-06 08:45:00+00:00,2026-02-06 11:35:00+00:00,sell,79.17,80.43,77.91,80.43,866.9980098680797,-1092.417492433785,108149.33175094471,loss,1.2600000000000051,98149.33175094471
2026-02-06 12:50:00+00:00,2026-02-06 15:00:00+00:00,sell,80.47,81.44,79.5,81.44,1114.9415644427302,-1081.493317509447,107067.83843343526,loss,0.9699999999999989,97067.83843343526
2026-02-06 18:10:00+00:00,2026-02-06 18:20:00+00:00,buy,84.41,83.52,85.3,85.3,1203.0094206003953,1070.6783843343526,108138.51681776962,win,0.8900000000000006,98138.51681776962
2026-02-06 18:30:00+00:00,2026-02-06 19:30:00+00:00,buy,85.41,83.08,87.74,87.74,464.1138060848485,1081.3851681776962,109219.90198594732,win,2.3299999999999983,99219.90198594732
2026-02-06 21:40:00+00:00,2026-02-07 00:00:00+00:00,buy,86.23,84.73,87.73,87.73,728.1326799063155,1092.1990198594733,110312.10100580679,win,1.5,100312.10100580679
2026-02-07 00:10:00+00:00,2026-02-07 00:30:00+00:00,buy,87.86,87.13,88.59,88.59,1511.1246713124135,1103.121010058068,111415.22201586486,win,0.730000000000004,101415.22201586486
2026-02-07 00:40:00+00:00,2026-02-07 01:15:00+00:00,buy,88.7,87.48,89.92,87.48,913.2395247202046,-1114.1522201586486,110301.06979570621,loss,-1.2199999999999989,100301.06979570621
2026-02-07 03:35:00+00:00,2026-02-07 04:25:00+00:00,buy,86.1,85.27,86.92999999999999,86.92999999999999,1328.9285517554993,1103.0106979570621,111404.08049366326,win,0.8299999999999983,101404.08049366326
2026-02-07 05:00:00+00:00,2026-02-07 05:25:00+00:00,buy,86.98,86.22,87.74000000000001,87.74000000000001,1465.8431643902961,1114.0408049366326,112518.1212985999,win,0.7600000000000051,102518.1212985999
2026-02-07 06:00:00+00:00,2026-02-07 08:50:00+00:00,buy,87.82000000000001,86.62,89.02000000000001,86.62,937.6510108216637,-1125.181212985999,111392.9400856139,loss,-1.2000000000000028,101392.9400856139
2026-02-07 18:05:00+00:00,2026-02-07 18:10:00+00:00,buy,86.17,85.53,86.81,86.81,1740.5146888377155,1113.929400856139,112506.86948647004,win,0.6400000000000006,102506.86948647004
2026-02-07 19:35:00+00:00,2026-02-07 20:20:00+00:00,buy,86.83,85.88,87.78,87.78,1184.282836699681,1125.0686948647003,113631.93818133474,win,0.9500000000000028,103631.93818133474
2026-02-07 20:30:00+00:00,2026-02-08 01:05:00+00:00,buy,87.97,86.83,89.11,86.83,996.7713875555675,-1136.3193818133475,112495.6187995214,loss,-1.1400000000000006,102495.6187995214
2026-02-08 03:50:00+00:00,2026-02-08 04:50:00+00:00,buy,87.39,86.58,88.2,86.58,1388.8347999940877,-1124.9561879952141,111370.66261152619,loss,-0.8100000000000023,101370.66261152619
2026-02-08 07:10:00+00:00,2026-02-08 08:05:00+00:00,buy,86.86,86.46,87.26,86.46,2784.2665652881155,-1113.706626115262,110256.95598541092,loss,-0.4000000000000057,100256.95598541092
2026-02-08 10:00:00+00:00,2026-02-08 10:15:00+00:00,buy,86.84,86.48,87.2,86.48,3062.693221816975,-1102.5695598541092,109154.38642555682,loss,-0.35999999999999943,99154.38642555682
2026-02-08 10:25:00+00:00,2026-02-08 10:30:00+00:00,buy,87.07000000000001,86.32,87.82000000000002,87.82000000000002,1455.3918190073966,1091.5438642555682,110245.93028981239,win,0.7500000000000142,100245.93028981239
2026-02-08 11:05:00+00:00,2026-02-08 12:20:00+00:00,buy,88.24,86.32,90.16,86.32,574.1975535927724,-1102.459302898124,109143.47098691427,loss,-1.9200000000000017,99143.47098691427
2026-02-08 13:05:00+00:00,2026-02-08 13:15:00+00:00,buy,86.54,86.07,87.01000000000002,87.01000000000002,2322.2015103598137,1091.4347098691428,110234.9056967834,win,0.4700000000000131,100234.9056967834
2026-02-08 13:30:00+00:00,2026-02-08 15:25:00+00:00,buy,87.19,86.16,88.22,88.22,1070.241802881391,1102.349056967834,111337.25475375124,win,1.0300000000000011,101337.25475375124
2026-02-08 17:00:00+00:00,2026-02-08 17:25:00+00:00,buy,87.95,87.4,88.5,87.4,2024.3137227954876,-1113.3725475375124,110223.88220621373,loss,-0.5499999999999972,100223.88220621373
2026-02-08 21:55:00+00:00,2026-02-08 22:00:00+00:00,buy,88.0,87.22,88.78,87.22,1413.126694951456,-1102.2388220621374,109121.6433841516,loss,-0.7800000000000011,99121.6433841516
2026-02-09 01:20:00+00:00,2026-02-09 10:15:00+00:00,sell,85.99,87.48,84.49999999999999,84.49999999999999,732.3600227124223,1091.216433841516,110212.85981799311,win,-1.490000000000009,100212.85981799311
2026-02-09 10:25:00+00:00,2026-02-09 10:30:00+00:00,sell,84.26,85.05,83.47000000000001,83.47000000000001,1395.0994913670156,1102.1285981799313,111314.98841617304,win,-0.789999999999992,101314.98841617304
2026-02-09 11:45:00+00:00,2026-02-09 12:30:00+00:00,sell,83.48,84.12,82.84,82.84,1739.2966940027022,1113.1498841617304,112428.13830033477,win,-0.6400000000000006,102428.13830033477
2026-02-09 12:40:00+00:00,2026-02-09 15:10:00+00:00,sell,82.53999999999999,83.89,81.18999999999998,83.89,832.8010244469191,-1124.2813830033479,111303.85691733143,loss,1.3500000000000085,101303.85691733143
2026-02-09 15:50:00+00:00,2026-02-09 16:35:00+00:00,sell,83.25,83.99,82.51,83.99,1504.1061745585432,-1113.0385691733143,110190.81834815812,loss,0.7399999999999949,100190.81834815812
2026-02-09 21:30:00+00:00,2026-02-09 23:30:00+00:00,buy,87.4,86.59,88.21000000000001,86.59,1360.3804734340472,-1101.9081834815813,109088.91016467653,loss,-0.8100000000000023,99088.91016467653
2026-02-09 23:50:00+00:00,2026-02-10 02:05:00+00:00,buy,87.01,85.95,88.07000000000001,85.95,1029.1406619309084,-1090.8891016467653,107998.02106302977,loss,-1.0600000000000023,97998.02106302977
2026-02-10 03:05:00+00:00,2026-02-10 03:20:00+00:00,buy,86.15,85.64,86.66000000000001,86.66000000000001,2117.6082561378175,1079.9802106302977,109078.00127366006,win,0.5100000000000051,99078.00127366006
2026-02-10 03:35:00+00:00,2026-02-10 05:05:00+00:00,buy,86.75,85.73,87.77,85.73,1069.3921693496127,-1090.7800127366006,107987.22126092346,loss,-1.019999999999996,97987.22126092346
2026-02-10 06:05:00+00:00,2026-02-10 06:35:00+00:00,buy,85.35,84.78999999999999,85.91,85.91,1928.3432368021968,1079.8722126092346,109067.09347353269,win,0.5600000000000023,99067.09347353269
2026-02-10 06:50:00+00:00,2026-02-10 07:20:00+00:00,buy,85.97,85.59,86.35,85.59,2870.1866703561577,-1090.670934735327,107976.42253879736,loss,-0.37999999999999545,97976.42253879736
2026-02-10 08:20:00+00:00,2026-02-10 08:45:00+00:00,sell,84.99,85.99,83.99,83.99,1079.7642253879735,1079.7642253879735,109056.18676418533,win,-1.0,99056.18676418533
2026-02-10 08:55:00+00:00,2026-02-10 20:30:00+00:00,sell,83.77,85.02,82.52,82.52,872.4494941134826,1090.5618676418533,110146.74863182718,win,-1.25,100146.74863182718
2026-02-10 20:45:00+00:00,2026-02-11 08:05:00+00:00,sell,82.46,84.03,80.88999999999999,80.88999999999999,701.5716473364755,1101.4674863182718,111248.21611814546,win,-1.5700000000000074,101248.21611814546
2026-02-11 08:15:00+00:00,2026-02-11 09:20:00+00:00,sell,80.59,81.48,79.7,79.7,1249.979956383656,1112.4821611814546,112360.69827932691,win,-0.8900000000000006,102360.69827932691
2026-02-11 11:45:00+00:00,2026-02-11 13:20:00+00:00,sell,80.21,80.72,79.69999999999999,80.72,2203.150946653447,-1123.6069827932693,111237.09129653365,loss,0.5100000000000051,101237.09129653365
2026-02-11 15:10:00+00:00,2026-02-11 15:30:00+00:00,sell,80.36,80.91,79.81,80.91,2022.492569027895,-1112.3709129653364,110124.7203835683,loss,0.5499999999999972,100124.7203835683
2026-02-11 16:45:00+00:00,2026-02-11 17:05:00+00:00,sell,80.44,82.43,78.44999999999999,78.44999999999999,553.3905546912954,1101.247203835683,111225.96758740398,win,-1.990000000000009,101225.96758740398
2026-02-11 18:35:00+00:00,2026-02-11 23:25:00+00:00,sell,78.76,80.24,77.28000000000002,80.24,751.5268080230052,-1112.2596758740399,110113.70791152994,loss,1.4799999999999898,100113.70791152994
2026-02-12 00:10:00+00:00,2026-02-12 01:20:00+00:00,sell,79.34,80.29,78.39,78.39,1159.0916622266275,1101.1370791152995,111214.84499064524,win,-0.9500000000000028,101214.84499064524
2026-02-12 04:10:00+00:00,2026-02-12 04:30:00+00:00,sell,79.5,79.99,79.01,79.99,2269.6907140948247,-1112.1484499064525,110102.69654073879,loss,0.4899999999999949,100102.69654073879
2026-02-12 06:55:00+00:00,2026-02-12 07:10:00+00:00,sell,79.76,80.11,79.41000000000001,79.41000000000001,3145.7913297354453,1101.026965407388,111203.72350614618,win,-0.3499999999999943,101203.72350614618
2026-02-12 12:45:00+00:00,2026-02-12 14:20:00+00:00,buy,81.33,80.83,81.83,80.83,2224.0744701229237,-1112.0372350614618,110091.68627108472,loss,-0.5,100091.68627108472
2026-02-12 15:35:00+00:00,2026-02-12 15:55:00+00:00,buy,80.67,80.08,81.26,81.26,1865.9607842556625,1100.9168627108472,111192.60313379556,win,0.5900000000000034,101192.60313379556
2026-02-12 18:05:00+00:00,2026-02-12 18:10:00+00:00,sell,79.48,80.44,78.52000000000001,78.52000000000001,1158.2562826437113,1111.9260313379557,112304.52916513351,win,-0.9599999999999937,102304.52916513351
2026-02-12 18:20:00+00:00,2026-02-12 22:45:00+00:00,sell,78.36,80.33,76.39,76.39,570.0737521072771,1123.0452916513352,113427.57445678485,win,-1.9699999999999989,103427.57445678485
2026-02-13 00:20:00+00:00,2026-02-13 00:40:00+00:00,sell,76.55,77.03,76.07,77.03,2363.074467849665,-1134.2757445678485,112293.298712217,loss,0.480000000000004,102293.298712217
2026-02-13 02:15:00+00:00,2026-02-13 02:45:00+00:00,sell,77.55,77.97,77.13,77.13,2673.6499693384894,1122.93298712217,113416.23169933917,win,-0.4200000000000017,103416.23169933917
2026-02-13 06:25:00+00:00,2026-02-13 07:05:00+00:00,sell,78.32,78.76,77.87999999999998,77.87999999999998,2577.6416295303657,1134.1623169933916,114550.39401633256,win,-0.44000000000001194,104550.39401633256
2026-02-13 07:15:00+00:00,2026-02-13 07:40:00+00:00,sell,77.65,78.19,77.11000000000001,78.19,2121.3035928950785,-1145.5039401633255,113404.89007616923,loss,0.539999999999992,103404.89007616923
2026-02-13 08:20:00+00:00,2026-02-13 09:00:00+00:00,sell,77.69,78.24,77.14,78.24,2061.907092293997,-1134.0489007616925,112270.84117540755,loss,0.5499999999999972,102270.84117540755
2026-02-13 15:20:00+00:00,2026-02-13 15:30:00+00:00,buy,79.64,79.14,80.14,80.14,2245.416823508151,1122.7084117540755,113393.54958716163,win,0.5,103393.54958716163
2026-02-13 16:30:00+00:00,2026-02-13 16:45:00+00:00,buy,80.24,79.23,81.24999999999999,81.24999999999999,1122.7084117540855,1133.9354958716162,114527.48508303324,win,1.009999999999991,104527.48508303324
2026-02-13 17:05:00+00:00,2026-02-13 17:25:00+00:00,buy,81.41,79.67,83.14999999999999,83.14999999999999,658.2039372588138,1145.2748508303325,115672.75993386358,win,1.7399999999999949,105672.75993386358
2026-02-13 17:35:00+00:00,2026-02-14 13:10:00+00:00,buy,83.25,80.51,85.99,85.99,422.1633574228606,1156.7275993386359,116829.48753320222,win,2.739999999999995,106829.48753320222
2026-02-14 13:20:00+00:00,2026-02-14 18:30:00+00:00,buy,86.08,85.11,87.05,87.05,1204.4277065278593,1168.2948753320222,117997.78240853424,win,0.9699999999999989,107997.78240853424
2026-02-14 18:40:00+00:00,2026-02-15 00:35:00+00:00,buy,87.19,86.34,88.03999999999999,88.03999999999999,1388.2092048062946,1179.9778240853425,119177.76023261959,win,0.8499999999999943,109177.76023261959
2026-02-15 00:50:00+00:00,2026-02-15 02:05:00+00:00,buy,88.15,87.25,89.05000000000001,87.25,1324.197335917987,-1191.7776023261958,117985.9826302934,loss,-0.9000000000000057,107985.9826302934
2026-02-15 03:05:00+00:00,2026-02-15 03:25:00+00:00,buy,87.87,87.16,88.58000000000001,87.16,1661.7744032435503,-1179.859826302934,116806.12280399047,loss,-0.710000000000008,106806.12280399047
2026-02-15 05:45:00+00:00,2026-02-15 06:05:00+00:00,buy,87.62,86.69,88.55000000000001,88.55000000000001,1255.9798150966626,1168.0612280399048,117974.18403203037,win,0.9300000000000068,107974.18403203037
2026-02-15 06:15:00+00:00,2026-02-15 10:00:00+00:00,buy,88.64,86.88,90.4,90.4,670.3078638183524,1179.7418403203037,119153.92587235068,win,1.7600000000000051,109153.92587235068
2026-02-15 11:15:00+00:00,2026-02-15 12:15:00+00:00,buy,89.88,88.62,91.13999999999999,88.62,945.6660783519965,-1191.539258723507,117962.38661362717,loss,-1.259999999999991,107962.38661362717
2026-02-15 19:25:00+00:00,2026-02-15 19:45:00+00:00,sell,86.59,87.09,86.09,86.09,2359.2477322725435,1179.6238661362718,119142.01047976344,win,-0.5,109142.01047976344
2026-02-15 21:00:00+00:00,2026-02-15 21:35:00+00:00,sell,85.4,85.98,84.82000000000001,84.82000000000001,2054.172594478686,1191.4201047976342,120333.43058456108,win,-0.5799999999999983,110333.43058456108
2026-02-15 22:00:00+00:00,2026-02-15 23:05:00+00:00,sell,84.66,85.65,83.66999999999999,85.65,1215.4891978238381,-1203.3343058456107,119130.09627871547,loss,0.9900000000000091,109130.09627871547
2026-02-16 01:00:00+00:00,2026-02-16 01:05:00+00:00,sell,85.45,86.04,84.86,84.86,2019.1541742155048,1191.3009627871547,120321.39724150262,win,-0.5900000000000034,110321.39724150262
2026-02-16 01:20:00+00:00,2026-02-16 15:00:00+00:00,sell,84.53,86.06,83.0,86.06,786.4143610555722,-1203.2139724150263,119118.18326908759,loss,1.5300000000000011,109118.18326908759
2026-02-16 15:20:00+00:00,2026-02-16 15:25:00+00:00,sell,85.36,86.4,84.32,84.32,1145.3671468181428,1191.1818326908758,120309.36510177846,win,-1.0400000000000063,110309.36510177846
2026-02-16 15:35:00+00:00,2026-02-16 17:30:00+00:00,sell,84.13,86.27,81.99,81.99,562.1932948681235,1203.0936510177846,121512.45875279624,win,-2.1400000000000006,111512.45875279624
2026-02-16 21:15:00+00:00,2026-02-16 22:40:00+00:00,sell,83.92999999999999,84.62,83.23999999999998,84.62,1761.0501268520889,-1215.1245875279624,120297.33416526829,loss,0.6900000000000119,110297.33416526829
2026-02-17 02:45:00+00:00,2026-02-17 04:00:00+00:00,buy,86.3,85.49,87.11,85.49,1485.1522736452832,-1202.9733416526828,119094.3608236156,loss,-0.8100000000000023,109094.3608236156
2026-02-17 04:10:00+00:00,2026-02-17 07:30:00+00:00,buy,86.45,85.17999999999999,87.72000000000001,85.17999999999999,937.7508726268869,-1190.943608236156,117903.41721537945,loss,-1.2700000000000102,107903.41721537945
2026-02-17 08:00:00+00:00,2026-02-17 12:15:00+00:00,buy,85.91,84.98,86.83999999999999,84.98,1267.778679735273,-1179.0341721537945,116724.38304322565,loss,-0.9299999999999926,106724.38304322565
2026-02-17 14:45:00+00:00,2026-02-17 15:00:00+00:00,sell,84.3,84.64,83.96,83.96,3433.0700895066025,1167.2438304322566,117891.62687365791,win,-0.3400000000000034,107891.62687365791
2026-02-17 16:35:00+00:00,2026-02-17 16:40:00+00:00,sell,84.11,84.97,83.25,83.25,1370.83287062393,1178.916268736579,119070.54314239448,win,-0.8599999999999994,109070.54314239448
2026-02-17 16:50:00+00:00,2026-02-17 18:35:00+00:00,sell,83.0,84.82000000000001,81.17999999999999,84.82000000000001,654.2337535296374,-1190.705431423945,117879.83771097053,loss,1.8200000000000074,107879.83771097053
2026-02-17 19:00:00+00:00,2026-02-17 21:05:00+00:00,sell,83.51,84.92,82.10000000000001,84.92,836.0272178083037,-1178.7983771097054,116701.03933386083,loss,1.4099999999999966,106701.03933386083
2026-02-17 21:20:00+00:00,2026-02-17 22:30:00+00:00,sell,84.47,84.96000000000001,83.97999999999999,83.97999999999999,2381.653863956299,1167.0103933386083,117868.04972719944,win,-0.4900000000000091,107868.04972719944
2026-02-18 02:50:00+00:00,2026-02-18 03:05:00+00:00,sell,84.35,84.89,83.80999999999999,83.80999999999999,2182.7416616147793,1178.6804972719945,119046.73022447144,win,-0.5400000000000063,109046.73022447144
2026-02-18 03:25:00+00:00,2026-02-18 05:50:00+00:00,sell,83.7,84.8,82.60000000000001,84.8,1082.243002040655,-1190.4673022447143,117856.26292222673,loss,1.0999999999999943,107856.26292222673
2026-02-18 12:30:00+00:00,2026-02-18 13:00:00+00:00,sell,84.35,85.09,83.60999999999999,83.60999999999999,1592.652201651693,1178.5626292222673,119034.825551449,win,-0.7400000000000091,109034.825551449
2026-02-18 13:10:00+00:00,2026-02-18 13:40:00+00:00,sell,83.55,84.42,82.67999999999999,82.67999999999999,1368.216385648832,1190.3482555144901,120225.17380696349,win,-0.8700000000000045,110225.17380696349
2026-02-18 13:50:00+00:00,2026-02-18 14:30:00+00:00,sell,82.62,83.18,82.06,82.06,2146.878103695768,1202.251738069635,121427.42554503313,win,-0.5600000000000023,111427.42554503313
2026-02-18 15:45:00+00:00,2026-02-18 15:50:00+00:00,sell,82.42999999999999,82.73,82.12999999999998,82.12999999999998,4047.580851500951,1214.2742554503313,122641.69980048346,win,-0.30000000000001137,112641.69980048346
2026-02-18 16:25:00+00:00,2026-02-18 17:35:00+00:00,sell,81.73,82.63,80.83000000000001,82.63,1362.685553338718,-1226.4169980048346,121415.28280247863,loss,0.8999999999999915,111415.28280247863
2026-02-18 18:00:00+00:00,2026-02-18 20:40:00+00:00,sell,81.99,83.29,80.68999999999998,80.68999999999998,933.963713865212,1214.1528280247862,122629.43563050342,win,-1.3000000000000114,112629.43563050342
2026-02-18 21:25:00+00:00,2026-02-19 01:55:00+00:00,sell,80.33,81.37,79.28999999999999,81.37,1179.1291887548334,-1226.2943563050342,121403.14127419838,loss,1.0400000000000063,111403.14127419838
2026-02-19 02:10:00+00:00,2026-02-19 03:10:00+00:00,sell,80.83,81.43,80.22999999999999,81.43,2023.3856879032776,-1214.0314127419838,120189.1098614564,loss,0.6000000000000085,110189.1098614564
2026-02-19 04:30:00+00:00,2026-02-19 04:35:00+00:00,sell,81.17999999999999,81.53,80.82999999999998,80.82999999999998,3433.9745674700994,1201.891098614564,121391.00096007096,win,-0.3500000000000085,111391.00096007096
2026-02-19 06:40:00+00:00,2026-02-19 07:15:00+00:00,sell,81.03,81.39,80.67,81.39,3371.972248890865,-1213.9100096007096,120177.09095047024,loss,0.35999999999999943,110177.09095047024
2026-02-19 10:25:00+00:00,2026-02-19 11:05:00+00:00,sell,81.46,81.97,80.94999999999999,80.94999999999999,2356.413548048413,1201.7709095047026,121378.86185997495,win,-0.5100000000000051,111378.86185997495
2026-02-19 11:45:00+00:00,2026-02-19 13:15:00+00:00,sell,80.75,81.3,80.2,81.3,2206.8883974541013,-1213.7886185997495,120165.0732413752,loss,0.5499999999999972,110165.0732413752
2026-02-19 13:35:00+00:00,2026-02-19 14:05:00+00:00,sell,80.86,81.35,80.37,80.37,2452.3484334974787,1201.650732413752,121366.72397378895,win,-0.4899999999999949,111366.72397378895
2026-02-19 14:35:00+00:00,2026-02-19 15:05:00+00:00,sell,80.34,80.9,79.78,79.78,2167.2629281033655,1213.6672397378895,122580.39121352683,win,-0.5600000000000023,112580.39121352683
2026-02-19 15:25:00+00:00,2026-02-19 16:50:00+00:00,sell,79.62,80.55,78.69000000000001,80.55,1318.0687227261055,-1225.8039121352683,121354.58730139157,loss,0.9299999999999926,111354.58730139157
2026-02-19 18:05:00+00:00,2026-02-19 18:15:00+00:00,sell,79.58,80.33,78.83,80.33,1618.0611640185543,-1213.5458730139158,120141.04142837765,loss,0.75,110141.04142837765
2026-02-19 19:50:00+00:00,2026-02-19 20:45:00+00:00,sell,79.92999999999999,81.41,78.44999999999999,81.41,811.7637934349821,-1201.4104142837766,118939.63101409387,loss,1.480000000000004,108939.63101409387
2026-02-20 02:10:00+00:00,2026-02-20 02:15:00+00:00,buy,82.31,81.66,82.96000000000001,82.96000000000001,1829.8404771398898,1189.3963101409388,120129.0273242348,win,0.6500000000000057,110129.0273242348
2026-02-20 04:00:00+00:00,2026-02-20 06:10:00+00:00,buy,82.62,82.17999999999999,83.06000000000002,82.17999999999999,2730.205166459808,-1201.2902732423481,118927.73705099245,loss,-0.44000000000001194,108927.73705099245
2026-02-20 07:25:00+00:00,2026-02-20 07:30:00+00:00,buy,82.26,81.91,82.61000000000001,82.61000000000001,3397.9353443139876,1189.2773705099246,120117.01442150238,win,0.3500000000000085,110117.01442150238
2026-02-20 08:45:00+00:00,2026-02-20 11:00:00+00:00,buy,83.04,82.52,83.56000000000002,83.56000000000002,2309.9425850288467,1201.1701442150238,121318.1845657174,win,0.5200000000000102,111318.1845657174
2026-02-20 11:10:00+00:00,2026-02-20 15:00:00+00:00,buy,83.73,82.7,84.76,82.7,1177.8464520943426,-1213.181845657174,120105.00272006022,loss,-1.0300000000000011,110105.00272006022
2026-02-20 16:05:00+00:00,2026-02-20 17:00:00+00:00,buy,82.0,81.17,82.83,82.83,1447.0482255428972,1201.0500272006022,121306.05274726082,win,0.8299999999999983,111306.05274726082
2026-02-20 18:05:00+00:00,2026-02-21 17:10:00+00:00,buy,84.2,82.14,86.26,86.26,588.8643337245664,1213.0605274726083,122519.11327473343,win,2.0600000000000023,112519.11327473343
2026-02-21 19:40:00+00:00,2026-02-21 21:15:00+00:00,buy,85.79,85.17999999999999,86.40000000000002,86.40000000000002,2008.5100536841098,1225.1911327473344,123744.30440748077,win,0.6100000000000136,113744.30440748077
2026-02-21 23:35:00+00:00,2026-02-21 23:50:00+00:00,buy,85.14,84.86,85.42,85.42,4419.439443124295,1237.4430440748076,124981.74745155558,win,0.28000000000000114,114981.74745155558
2026-02-22 00:00:00+00:00,2026-02-22 00:10:00+00:00,buy,85.56,85.01,86.11,85.01,2272.395408210113,-1249.8174745155557,123731.92997704002,loss,-0.5499999999999972,113731.92997704002
2026-02-22 10:05:00+00:00,2026-02-22 14:35:00+00:00,sell,84.62,85.22,84.02000000000001,84.02000000000001,2062.1988329506867,1237.3192997704002,124969.24927681043,win,-0.5999999999999943,114969.24927681043
2026-02-22 14:45:00+00:00,2026-02-22 15:40:00+00:00,sell,83.74,84.41,83.07,83.07,1865.2126757732854,1249.6924927681043,126218.94176957854,win,-0.6700000000000017,116218.94176957854
2026-02-22 16:05:00+00:00,2026-02-22 19:35:00+00:00,sell,83.03,83.79,82.27,82.27,1660.7755495997064,1262.1894176957853,127481.13118727432,win,-0.7600000000000051,117481.13118727432
2026-02-22 22:10:00+00:00,2026-02-22 23:55:00+00:00,sell,82.55,83.17,81.92999999999999,83.17,2056.147277214087,-1274.8113118727433,126206.31987540158,loss,0.6200000000000045,116206.31987540158
2026-02-23 00:30:00+00:00,2026-02-23 01:05:00+00:00,sell,82.55,83.31,81.78999999999999,83.31,1660.6094720447463,-1262.0631987540157,124944.25667664756,loss,0.7600000000000051,114944.25667664756
2026-02-23 01:15:00+00:00,2026-02-23 02:25:00+00:00,sell,82.62,83.37,81.87,81.87,1665.923422355301,1249.4425667664757,126193.69924341404,win,-0.75,116193.69924341404
2026-02-23 02:35:00+00:00,2026-02-23 03:00:00+00:00,sell,81.52,82.6,80.44,80.44,1168.4601781797614,1261.9369924341404,127455.63623584819,win,-1.0799999999999983,117455.63623584819
2026-02-23 03:10:00+00:00,2026-02-23 03:45:00+00:00,sell,79.38,81.62,77.13999999999999,77.13999999999999,568.9983760528914,1274.556362358482,128730.19259820666,win,-2.240000000000009,118730.19259820666
2026-02-23 05:15:00+00:00,2026-02-23 08:10:00+00:00,sell,77.06,77.66,76.46000000000001,77.66,2145.5032099701316,-1287.3019259820667,127442.89067222459,loss,0.5999999999999943,117442.89067222459
2026-02-23 09:30:00+00:00,2026-02-23 09:35:00+00:00,sell,78.44,78.85,78.03,78.85,3108.363187127455,-1274.428906722246,126168.46176550235,loss,0.4099999999999966,116168.46176550235
2026-02-23 10:20:00+00:00,2026-02-23 11:30:00+00:00,sell,78.36,78.96000000000001,77.75999999999999,78.96000000000001,2102.807696091676,-1261.6846176550234,124906.77714784733,loss,0.6000000000000085,114906.77714784733
2026-02-23 13:50:00+00:00,2026-02-23 14:35:00+00:00,sell,79.52,80.02,79.02,80.02,2498.1355429569467,-1249.0677714784733,123657.70937636886,loss,0.5,113657.70937636886
2026-02-23 16:15:00+00:00,2026-02-23 16:40:00+00:00,sell,79.89,80.56,79.22,79.22,1845.6374533786352,1236.5770937636887,124894.28647013255,win,-0.6700000000000017,114894.28647013255
2026-02-23 17:55:00+00:00,2026-02-23 18:00:00+00:00,sell,78.96,79.44,78.47999999999999,78.47999999999999,2601.9643014610733,1248.9428647013256,126143.22933483387,win,-0.480000000000004,116143.22933483387
2026-02-23 18:10:00+00:00,2026-02-23 19:35:00+00:00,sell,78.27,79.43,77.10999999999999,77.10999999999999,1087.4416321968338,1261.4322933483388,127404.6616281822,win,-1.1600000000000108,117404.6616281822
2026-02-23 19:50:00+00:00,2026-02-23 20:30:00+00:00,sell,77.05,78.31,75.78999999999999,78.31,1011.1481081601721,-1274.046616281822,126130.61501190039,loss,1.2600000000000051,116130.61501190039
2026-02-23 21:35:00+00:00,2026-02-24 00:10:00+00:00,sell,77.57,78.35,76.78999999999999,78.35,1617.0591668192333,-1261.3061501190039,124869.30886178138,loss,0.7800000000000011,114869.30886178138
2026-02-24 01:15:00+00:00,2026-02-24 03:15:00+00:00,sell,77.67999999999999,78.6,76.75999999999999,76.75999999999999,1357.275096323708,1248.6930886178138,126118.0019503992,win,-0.9200000000000017,116118.0019503992
2026-02-24 05:00:00+00:00,2026-02-24 05:10:00+00:00,sell,76.95,77.64,76.26,76.26,1827.7971297159365,1261.180019503992,127379.18196990319,win,-0.6899999999999977,117379.18196990319
2026-02-24 05:30:00+00:00,2026-02-24 16:35:00+00:00,sell,76.22,77.22,75.22,75.22,1273.791819699032,1273.791819699032,128652.97378960223,win,-1.0,118652.97378960223
2026-02-25 00:00:00+00:00,2026-02-25 00:10:00+00:00,buy,78.3,78.01,78.58999999999999,78.58999999999999,4436.309441020888,1286.5297378960222,129939.50352749825,win,0.28999999999999204,119939.50352749825
2026-02-25 01:25:00+00:00,2026-02-25 03:10:00+00:00,buy,78.7,78.07,79.33000000000001,79.33000000000001,2062.53180202375,1299.3950352749825,131238.89856277325,win,0.6300000000000097,121238.89856277323
2026-02-25 03:20:00+00:00,2026-02-25 16:45:00+00:00,buy,81.37,78.53,84.21000000000001,84.21000000000001,462.10879775624335,1312.3889856277326,132551.287548401,win,2.8400000000000034,122551.28754840097
2026-02-25 17:00:00+00:00,2026-02-25 19:00:00+00:00,buy,85.25,83.38,87.12,87.12,708.8304146973297,1325.5128754840098,133876.800423885,win,1.8700000000000045,123876.80042388498
2026-02-25 19:10:00+00:00,2026-02-25 21:20:00+00:00,buy,87.53,86.35,88.71000000000001,88.71000000000001,1134.549156134612,1338.76800423885,135215.56842812384,win,1.1800000000000068,125215.56842812384
2026-02-25 21:45:00+00:00,2026-02-25 23:35:00+00:00,buy,88.85,87.76,89.93999999999998,89.93999999999998,1240.5098020928915,1352.1556842812383,136567.72411240506,win,1.0899999999999892,126567.72411240508
2026-02-26 02:05:00+00:00,2026-02-26 13:15:00+00:00,buy,88.08,86.48,89.67999999999999,86.48,853.5482757025346,-1365.6772411240506,135202.04687128103,loss,-1.5999999999999943,125202.04687128103
2026-02-26 14:05:00+00:00,2026-02-26 14:35:00+00:00,buy,86.5,86.03,86.97,86.97,2876.6392951336456,1352.0204687128103,136554.06733999384,win,0.46999999999999886,126554.06733999384
2026-02-26 14:45:00+00:00,2026-02-26 16:45:00+00:00,buy,87.15,86.47,87.83000000000001,86.47,2008.1480491175364,-1365.5406733999384,135188.5266665939,loss,-0.6800000000000068,125188.5266665939
2026-02-26 20:10:00+00:00,2026-02-26 20:30:00+00:00,sell,84.28,84.68,83.88,84.68,3379.7131666647997,-1351.885266665939,133836.64139992796,loss,0.4000000000000057,123836.64139992796
2026-02-26 22:50:00+00:00,2026-02-27 02:45:00+00:00,sell,85.47,86.23,84.71,84.71,1761.0084394727244,1338.3664139992795,135175.00781392725,win,-0.7600000000000051,125175.00781392724
2026-02-27 06:05:00+00:00,2026-02-27 11:45:00+00:00,buy,87.26,85.92999999999999,88.59000000000002,85.92999999999999,1016.3534422099698,-1351.7500781392725,133823.25773578798,loss,-1.3300000000000125,123823.25773578796
2026-02-27 12:05:00+00:00,2026-02-27 12:50:00+00:00,sell,85.63,86.93,84.32999999999998,84.32999999999998,1029.4096748906677,1338.2325773578798,135161.49031314586,win,-1.3000000000000114,125161.49031314584
2026-02-27 13:15:00+00:00,2026-02-27 13:40:00+00:00,sell,83.98,85.0,82.96000000000001,82.96000000000001,1325.1126501288861,1351.6149031314585,136513.10521627733,win,-1.019999999999996,126513.1052162773
2026-02-27 14:00:00+00:00,2026-02-27 15:35:00+00:00,sell,82.83,84.28,81.38,81.38,941.4696911467385,1365.1310521627734,137878.2362684401,win,-1.4500000000000028,127878.23626844007
2026-02-27 16:50:00+00:00,2026-02-27 18:55:00+00:00,sell,81.83,82.81,80.85,80.85,1406.920778249383,1378.7823626844008,139257.0186311245,win,-0.980000000000004,129257.01863112448
2026-02-27 19:20:00+00:00,2026-02-28 01:50:00+00:00,sell,80.74,81.71000000000001,79.76999999999998,81.71000000000001,1435.6393673311609,-1392.570186311245,137864.44844481326,loss,0.9700000000000131,127864.44844481323
2026-02-28 02:25:00+00:00,2026-02-28 04:45:00+00:00,sell,81.05,81.88,80.22,81.88,1661.0174511423318,-1378.6444844481325,136485.80396036513,loss,0.8299999999999983,126485.8039603651
2026-02-28 05:00:00+00:00,2026-02-28 06:30:00+00:00,sell,81.41,81.95,80.86999999999999,80.86999999999999,2527.5148881548807,1364.8580396036514,137850.66199996878,win,-0.5400000000000063,127850.66199996875
2026-02-28 08:10:00+00:00,2026-02-28 08:15:00+00:00,sell,80.7,81.26,80.14,80.14,2461.618964285147,1378.506619999688,139229.16861996846,win,-0.5600000000000023,129229.16861996845
2026-02-28 08:30:00+00:00,2026-02-28 20:35:00+00:00,sell,78.53999999999999,81.23,75.84999999999998,81.23,517.5805524905868,-1392.2916861996846,137836.87693376877,loss,2.690000000000012,127836.87693376877
2026-02-28 22:15:00+00:00,2026-02-28 22:20:00+00:00,buy,82.21000000000001,81.39,83.03000000000002,83.03000000000002,1680.937523582531,1378.3687693376878,139215.24570310646,win,0.8200000000000074,129215.24570310646
2026-02-28 22:40:00+00:00,2026-03-01 00:35:00+00:00,buy,83.14,81.39,84.89,84.89,795.5156897320369,1392.1524570310646,140607.39816013753,win,1.75,130607.39816013751
2026-03-01 01:50:00+00:00,2026-03-01 03:30:00+00:00,buy,83.88,83.28999999999999,84.47,84.47,2383.1762400023176,1406.0739816013756,142013.4721417389,win,0.5900000000000034,132013.4721417389
2026-03-01 03:40:00+00:00,2026-03-01 03:50:00+00:00,buy,84.58,83.64,85.52,85.52,1510.781618529141,1420.134721417389,143433.60686315628,win,0.9399999999999977,133433.60686315628
2026-03-01 04:00:00+00:00,2026-03-01 15:20:00+00:00,buy,86.91,84.05,89.77,84.05,501.5161079131339,-1434.3360686315627,141999.27079452472,loss,-2.8599999999999994,131999.27079452472
2026-03-01 15:50:00+00:00,2026-03-01 15:55:00+00:00,buy,84.49,83.9,85.07999999999998,85.07999999999998,2406.767301602158,1419.9927079452473,143419.26350246998,win,0.5899999999999892,133419.26350246998
2026-03-01 17:10:00+00:00,2026-03-01 18:00:00+00:00,buy,85.61,84.82,86.4,84.82,1815.4337152211249,-1434.1926350247,141985.0708674453,loss,-0.7900000000000063,131985.0708674453
2026-03-01 22:05:00+00:00,2026-03-01 22:10:00+00:00,sell,82.41,83.04,81.77999999999999,81.77999999999999,2253.7312836102083,1419.850708674453,143404.92157611976,win,-0.6300000000000097,133404.92157611976
2026-03-01 22:20:00+00:00,2026-03-02 00:10:00+00:00,sell,81.74,83.06,80.41999999999999,83.06,1086.4009210312042,-1434.0492157611977,141970.87236035857,loss,1.3200000000000074,131970.87236035857
2026-03-02 00:30:00+00:00,2026-03-02 02:10:00+00:00,sell,82.15,83.44,80.86000000000001,83.44,1100.5493981423213,-1419.7087236035857,140551.163636755,loss,1.289999999999992,130551.16363675498
2026-03-02 04:05:00+00:00,2026-03-02 04:10:00+00:00,sell,83.76,84.45,83.07000000000001,83.07000000000001,2036.9733860399342,1405.51163636755,141956.67527312256,win,-0.6899999999999977,131956.67527312253
2026-03-02 07:05:00+00:00,2026-03-02 07:40:00+00:00,sell,83.42999999999999,83.96000000000001,82.89999999999998,83.96000000000001,2678.427835341857,-1419.5667527312255,140537.10852039134,loss,0.5300000000000153,130537.1085203913
2026-03-02 08:00:00+00:00,2026-03-02 08:15:00+00:00,sell,83.4,84.11,82.69000000000001,82.69000000000001,1979.3958946534167,1405.3710852039135,141942.47960559526,win,-0.7099999999999937,131942.4796055952
2026-03-02 08:25:00+00:00,2026-03-02 16:30:00+00:00,sell,82.62,83.88,81.36000000000001,83.88,1126.527615917431,-1419.4247960559528,140523.05480953932,loss,1.259999999999991,130523.05480953924
2026-03-02 17:05:00+00:00,2026-03-02 17:15:00+00:00,buy,85.34,83.11,87.57000000000001,87.57000000000001,630.1482278454667,1405.2305480953933,141928.2853576347,win,2.230000000000004,131928.28535763462
2026-03-02 17:35:00+00:00,2026-03-03 04:20:00+00:00,buy,87.69,84.61,90.77,84.61,460.80612129102207,-1419.2828535763472,140509.00250405836,loss,-3.0799999999999983,130509.00250405828
2026-03-03 04:45:00+00:00,2026-03-03 10:10:00+00:00,buy,85.59,84.58,86.60000000000001,84.58,1391.1782426144323,-1405.0900250405837,139103.91247901777,loss,-1.0100000000000051,129103.9124790177
2026-03-03 12:10:00+00:00,2026-03-03 14:05:00+00:00,sell,83.37,84.06,82.68,84.06,2015.9987315799744,-1391.0391247901778,137712.8733542276,loss,0.6899999999999977,127712.87335422753
2026-03-03 15:00:00+00:00,2026-03-03 15:45:00+00:00,sell,83.47,84.26,82.67999999999999,82.67999999999999,1743.2009285345127,1377.128733542276,139090.00208776988,win,-0.7900000000000063,129090.00208776981
2026-03-03 16:40:00+00:00,2026-03-03 17:30:00+00:00,sell,82.53999999999999,83.52,81.55999999999999,83.52,1419.2857355894828,-1390.9000208776988,137699.1020668922,loss,0.980000000000004,127699.10206689211
2026-03-03 21:05:00+00:00,2026-03-03 23:05:00+00:00,sell,84.55,85.4,83.69999999999999,83.69999999999999,1619.9894360810683,1376.991020668922,139076.0930875611,win,-0.8500000000000085,129076.09308756104
2026-03-04 01:05:00+00:00,2026-03-04 01:10:00+00:00,buy,86.03,85.33,86.73,86.73,1986.8013298222936,1390.7609308756112,140466.85401843672,win,0.7000000000000028,130466.85401843664
2026-03-04 03:00:00+00:00,2026-03-04 03:15:00+00:00,buy,86.79,86.11,87.47000000000001,86.11,2065.6890296828724,-1404.6685401843672,139062.18547825236,loss,-0.6800000000000068,129062.18547825227
2026-03-04 03:35:00+00:00,2026-03-04 04:30:00+00:00,buy,87.02,85.92999999999999,88.11,85.92999999999999,1275.7998667729535,-1390.6218547825235,137671.56362346985,loss,-1.0900000000000034,127671.56362346974
2026-03-04 09:25:00+00:00,2026-03-04 09:40:00+00:00,buy,85.44,84.58,86.3,86.3,1600.8321351566271,1376.7156362346984,139048.27925970455,win,0.8599999999999994,129048.27925970445
2026-03-04 09:50:00+00:00,2026-03-04 10:45:00+00:00,buy,86.44,85.0,87.88,87.88,965.6130504146165,1390.4827925970455,140438.76205230158,win,1.4399999999999977,130438.76205230149
2026-03-04 10:55:00+00:00,2026-03-04 11:30:00+00:00,buy,88.35,86.42999999999999,90.27,90.27,731.4518856890701,1404.3876205230158,141843.1496728246,win,1.9200000000000017,131843.1496728245
2026-03-04 11:40:00+00:00,2026-03-04 14:15:00+00:00,buy,90.34,88.7,91.98,88.7,864.8972541025887,-1418.431496728246,140424.71817609636,loss,-1.6400000000000006,130424.71817609627
2026-03-04 15:05:00+00:00,2026-03-04 16:30:00+00:00,buy,89.3,88.52,90.08,90.08,1800.3168996935406,1404.2471817609637,141828.96535785732,win,0.7800000000000011,131828.96535785723
2026-03-04 17:20:00+00:00,2026-03-04 21:40:00+00:00,buy,91.01,89.14,92.88000000000001,92.88000000000001,758.4436650152779,1418.2896535785733,143247.2550114359,win,1.8700000000000045,133247.2550114358
2026-03-05 00:00:00+00:00,2026-03-05 00:05:00+00:00,buy,91.96000000000001,91.58,92.34000000000002,92.34000000000002,3769.6646055640067,1432.472550114359,144679.72756155024,win,0.38000000000000966,134679.72756155016
2026-03-05 11:05:00+00:00,2026-03-05 11:20:00+00:00,buy,90.07000000000001,89.27,90.87000000000002,90.87000000000002,1808.4965945193524,1446.7972756155025,146126.52483716575,win,0.8000000000000114,136126.52483716566
2026-03-05 11:35:00+00:00,2026-03-05 12:30:00+00:00,buy,90.92,89.91,91.93,91.93,1446.797275615495,1461.2652483716574,147587.79008553742,win,1.0100000000000051,137587.79008553733
2026-03-05 12:50:00+00:00,2026-03-05 15:20:00+00:00,buy,92.14,90.56,93.72,90.56,934.0999372502379,-1475.8779008553743,146111.91218468203,loss,-1.5799999999999983,136111.91218468195
2026-03-05 16:30:00+00:00,2026-03-05 16:35:00+00:00,buy,90.55,89.84,91.25999999999999,89.84,2057.9142561223007,-1461.1191218468207,144650.7930628352,loss,-0.7099999999999937,134650.79306283512
2026-03-05 19:05:00+00:00,2026-03-05 19:30:00+00:00,sell,87.92,88.46000000000001,87.38,87.38,2678.718390052473,1446.5079306283521,146097.30099346355,win,-0.5400000000000063,136097.30099346346
2026-03-05 19:50:00+00:00,2026-03-05 20:55:00+00:00,sell,87.28,88.16,86.4,88.16,1660.1966021984579,-1460.9730099346355,144636.3279835289,loss,0.8799999999999955,134636.3279835288
2026-03-05 23:50:00+00:00,2026-03-06 01:05:00+00:00,sell,88.28999999999999,88.81,87.76999999999998,88.81,2781.4678458370395,-1446.363279835289,143189.9647036936,loss,0.5200000000000102,133189.96470369352
2026-03-06 01:30:00+00:00,2026-03-06 03:25:00+00:00,sell,88.25,88.89,87.61,87.61,2237.343198495211,1431.8996470369361,144621.86435073055,win,-0.6400000000000006,134621.86435073047
2026-03-06 05:10:00+00:00,2026-03-06 14:00:00+00:00,sell,87.51,88.64,86.38000000000001,86.38000000000001,1279.8395075285941,1446.2186435073056,146068.08299423786,win,-1.1299999999999955,136068.08299423777
2026-03-06 14:10:00+00:00,2026-03-06 14:45:00+00:00,sell,86.31,87.19,85.43,85.43,1659.8645794799845,1460.6808299423788,147528.76382418023,win,-0.8799999999999955,137528.76382418015
2026-03-06 16:00:00+00:00,2026-03-06 16:30:00+00:00,sell,85.25,86.39,84.11,84.11,1294.1119633700014,1475.2876382418024,149004.05146242204,win,-1.1400000000000006,139004.05146242195
2026-03-06 16:40:00+00:00,2026-03-06 16:55:00+00:00,sell,84.01,84.71000000000001,83.31,83.31,2128.6293066060202,1490.0405146242201,150494.09197704625,win,-0.7000000000000028,140494.09197704616
2026-03-06 18:50:00+00:00,2026-03-06 20:45:00+00:00,sell,83.51,84.83,82.19000000000001,84.83,1140.1067574018714,-1504.9409197704624,148989.1510572758,loss,1.3199999999999932,138989.1510572757
2026-03-06 22:10:00+00:00,2026-03-07 06:00:00+00:00,sell,84.46,85.27,83.64999999999999,83.64999999999999,1839.3722352750049,1489.891510572758,150479.04256784855,win,-0.8100000000000023,140479.04256784846
2026-03-07 07:15:00+00:00,2026-03-07 07:45:00+00:00,sell,83.52,83.77,83.27,83.77,6019.161702713942,-1504.7904256784855,148974.25214217007,loss,0.25,138974.25214216998
2026-03-07 08:35:00+00:00,2026-03-07 09:25:00+00:00,sell,83.4,83.8,83.00000000000001,83.8,3724.356303554331,-1489.7425214217008,147484.50962074837,loss,0.3999999999999915,137484.5096207483
2026-03-07 11:45:00+00:00,2026-03-07 12:10:00+00:00,sell,83.8,84.03,83.57,84.03,6412.369983510688,-1474.8450962074837,146009.6645245409,loss,0.23000000000000398,136009.6645245408
2026-03-07 12:50:00+00:00,2026-03-07 13:10:00+00:00,sell,83.84,84.11,83.57000000000001,84.11,5407.765352760853,-1460.0966452454088,144549.56787929547,loss,0.269999999999996,134549.56787929538
2026-03-07 14:40:00+00:00,2026-03-07 14:45:00+00:00,sell,83.89,84.14,83.64,83.64,5781.982715171819,1445.4956787929548,145995.0635580884,win,-0.25,135995.06355808832
2026-03-07 15:35:00+00:00,2026-03-07 16:10:00+00:00,sell,83.59,84.08,83.10000000000001,83.10000000000001,2979.4910930222436,1459.9506355808842,147455.01419366928,win,-0.4899999999999949,137455.0141936692
2026-03-07 17:30:00+00:00,2026-03-07 17:35:00+00:00,sell,83.28999999999999,83.64,82.93999999999998,82.93999999999998,4213.000405533306,1474.5501419366929,148929.56433560597,win,-0.3500000000000085,138929.5643356059
2026-03-07 19:55:00+00:00,2026-03-07 20:00:00+00:00,sell,83.23,83.78,82.68,82.68,2707.8102606473954,1489.2956433560598,150418.85997896202,win,-0.5499999999999972,140418.85997896193
2026-03-07 21:00:00+00:00,2026-03-08 15:25:00+00:00,sell,82.33,83.78,80.88,80.88,1037.3714481307704,1504.1885997896202,151923.04857875165,win,-1.4500000000000028,141923.04857875156
2026-03-08 16:40:00+00:00,2026-03-08 18:45:00+00:00,sell,81.35,82.02,80.67999999999999,80.67999999999999,2267.508187742556,1519.2304857875163,153442.27906453918,win,-0.6700000000000017,143442.2790645391
2026-03-08 20:15:00+00:00,2026-03-08 20:25:00+00:00,sell,80.67,81.09,80.25,81.09,3653.3875967747276,-1534.4227906453918,151907.8562738938,loss,0.4200000000000017,141907.8562738937
2026-03-08 23:05:00+00:00,2026-03-09 00:00:00+00:00,sell,81.42999999999999,82.29,80.56999999999998,80.56999999999998,1766.3704217894347,1519.078562738938,153426.93483663272,win,-0.8600000000000136,143426.93483663263
2026-03-09 01:40:00+00:00,2026-03-09 02:30:00+00:00,sell,81.1,81.83,80.36999999999999,81.83,2101.738833378519,-1534.2693483663272,151892.6654882664,loss,0.730000000000004,141892.6654882663
2026-03-09 03:55:00+00:00,2026-03-09 04:50:00+00:00,sell,81.5,82.24,80.76,82.24,2052.6035876792894,-1518.9266548826636,150373.73883338372,loss,0.7399999999999949,140373.73883338363
2026-03-09 07:30:00+00:00,2026-03-09 08:50:00+00:00,buy,83.28,82.5,84.06,82.5,1927.8684465818396,-1503.737388333837,148870.0014450499,loss,-0.7800000000000011,138870.0014450498
2026-03-09 10:10:00+00:00,2026-03-09 10:20:00+00:00,buy,82.64,82.34,82.94,82.94,4962.33338150171,1488.700014450499,150358.7014595004,win,0.29999999999999716,140358.7014595003
2026-03-09 10:30:00+00:00,2026-03-09 15:25:00+00:00,buy,83.19,82.27,84.11,84.11,1634.3337115163056,1503.587014595004,151862.2884740954,win,0.9200000000000017,141862.28847409532
2026-03-09 15:35:00+00:00,2026-03-09 21:20:00+00:00,buy,84.39,83.4,85.38,85.38,1533.9625098393556,1518.622884740954,153380.91135883637,win,0.9899999999999949,143380.91135883628
2026-03-09 21:30:00+00:00,2026-03-10 01:45:00+00:00,buy,85.57000000000001,84.41,86.73000000000002,84.41,1322.2492358520253,-1533.8091135883637,151847.102245248,loss,-1.1600000000000108,141847.10224524792
2026-03-10 02:25:00+00:00,2026-03-10 04:30:00+00:00,buy,84.87,84.2,85.54,85.54,2266.3746603768304,1518.4710224524802,153365.5732677005,win,0.6700000000000017,143365.5732677004
2026-03-10 04:40:00+00:00,2026-03-10 05:50:00+00:00,buy,85.83,84.92,86.74,84.92,1685.335969974737,-1533.655732677005,151831.9175350235,loss,-0.9099999999999966,141831.9175350234
2026-03-10 06:55:00+00:00,2026-03-10 16:05:00+00:00,buy,85.97,84.86,87.08,84.86,1367.8551129281404,-1518.3191753502351,150313.59835967325,loss,-1.1099999999999994,140313.59835967317
2026-03-10 16:40:00+00:00,2026-03-10 16:55:00+00:00,buy,86.03,84.63,87.43,87.43,1073.6685597119474,1503.1359835967326,151816.73434326999,win,1.4000000000000057,141816.7343432699
2026-03-10 17:05:00+00:00,2026-03-10 21:10:00+00:00,buy,87.62,85.26,89.98,85.26,643.2912472172459,-1518.1673434327,150298.5669998373,loss,-2.3599999999999994,140298.5669998372
2026-03-11 04:35:00+00:00,2026-03-11 06:25:00+00:00,sell,85.01,85.58,84.44000000000001,85.58,2636.816964909458,-1502.985669998373,148795.58132983893,loss,0.5699999999999932,138795.58132983884
2026-03-11 07:20:00+00:00,2026-03-11 07:40:00+00:00,sell,85.62,86.26,84.98,84.98,2324.9309582787314,1487.9558132983893,150283.5371431373,win,-0.6400000000000006,140283.53714313722
2026-03-11 09:30:00+00:00,2026-03-11 09:35:00+00:00,sell,85.12,85.58,84.66000000000001,84.66000000000001,3267.033416155203,1502.835371431373,151786.37251456868,win,-0.45999999999999375,141786.3725145686
2026-03-11 10:25:00+00:00,2026-03-11 15:10:00+00:00,sell,84.49,85.45,83.52999999999999,85.45,1581.108047026744,-1517.8637251456869,150268.50878942298,loss,0.960000000000008,140268.5087894229
2026-03-11 17:05:00+00:00,2026-03-11 17:30:00+00:00,sell,85.72,86.53,84.91,84.91,1855.1667751780562,1502.6850878942298,151771.19387731722,win,-0.8100000000000023,141771.19387731713
2026-03-11 19:05:00+00:00,2026-03-11 19:20:00+00:00,buy,85.99,85.53999999999999,86.44,86.44,3372.6931972736948,1517.7119387731723,153288.90581609038,win,0.45000000000000284,143288.9058160903
2026-03-11 19:30:00+00:00,2026-03-12 02:30:00+00:00,buy,86.69,85.78,87.6,85.78,1684.493470506494,-1532.889058160904,151756.01675792946,loss,-0.9099999999999966,141756.01675792938
2026-03-12 05:45:00+00:00,2026-03-12 10:00:00+00:00,sell,84.5,85.34,83.66,85.34,1806.6192471182007,-1517.5601675792948,150238.45659035016,loss,0.8400000000000034,140238.45659035008
2026-03-12 10:10:00+00:00,2026-03-12 10:15:00+00:00,sell,84.99,85.44,84.53999999999999,85.44,3338.632368674427,-1502.3845659035017,148736.07202444665,loss,0.45000000000000284,138736.07202444656
2026-03-12 13:45:00+00:00,2026-03-12 14:05:00+00:00,buy,86.47,85.91,87.03,85.91,2656.0012861508226,-1487.3607202444666,147248.71130420218,loss,-0.5600000000000023,137248.7113042021
2026-03-12 14:15:00+00:00,2026-03-12 15:45:00+00:00,buy,86.51,85.88,87.14000000000001,85.88,2337.281131812697,-1472.4871130420217,145776.22419116014,loss,-0.6300000000000097,135776.22419116006
2026-03-12 17:25:00+00:00,2026-03-13 02:00:00+00:00,buy,85.56,84.53,86.59,86.59,1415.3031474869902,1457.7622419116014,147233.98643307175,win,1.0300000000000011,137233.98643307167
2026-03-13 02:10:00+00:00,2026-03-13 02:15:00+00:00,buy,86.66,86.05,87.27,87.27,2413.6719087388833,1472.3398643307175,148706.32629740247,win,0.6099999999999994,138706.32629740238
2026-03-13 02:25:00+00:00,2026-03-13 15:10:00+00:00,buy,88.41,86.05,90.77,90.77,630.1115521076377,1487.0632629740248,150193.3895603765,win,2.3599999999999994,140193.3895603764
2026-03-13 15:20:00+00:00,2026-03-13 15:45:00+00:00,buy,90.86,90.16,91.56,91.56,2145.6198508625125,1501.9338956037648,151695.32345598025,win,0.7000000000000028,141695.32345598016
2026-03-13 16:00:00+00:00,2026-03-13 16:45:00+00:00,buy,91.67,90.44,92.9,90.44,1233.2953126502418,-1516.9532345598025,150178.37022142045,loss,-1.230000000000004,140178.37022142037
2026-03-14 02:40:00+00:00,2026-03-14 03:40:00+00:00,sell,87.28999999999999,87.53,87.04999999999998,87.53,6257.432092558949,-1501.7837022142046,148676.58651920626,loss,0.2400000000000091,138676.58651920618
2026-03-14 06:25:00+00:00,2026-03-14 06:35:00+00:00,sell,87.65,87.97,87.33000000000001,87.97,4646.143328725295,-1486.7658651920626,147189.8206540142,loss,0.3199999999999932,137189.82065401413
2026-03-14 06:50:00+00:00,2026-03-14 08:15:00+00:00,sell,87.61,88.04,87.17999999999999,87.17999999999999,3423.0190849770206,1471.8982065401422,148661.71886055436,win,-0.4300000000000068,138661.71886055428
2026-03-14 08:25:00+00:00,2026-03-14 08:35:00+00:00,sell,87.05,87.51,86.58999999999999,86.58999999999999,3231.776496968517,1486.6171886055436,150148.3360491599,win,-0.46000000000000796,140148.3360491598
2026-03-14 10:45:00+00:00,2026-03-14 11:15:00+00:00,sell,86.52,86.84,86.19999999999999,86.84,4692.135501536139,-1501.4833604915991,148646.8526886683,loss,0.3200000000000074,138646.8526886682
2026-03-14 11:30:00+00:00,2026-03-15 00:40:00+00:00,sell,86.42,87.05,85.79,87.05,2359.473852201101,-1486.468526886683,147160.3841617816,loss,0.6299999999999955,137160.38416178152
2026-03-15 06:10:00+00:00,2026-03-15 07:15:00+00:00,buy,87.45,87.0,87.9,87.9,3270.2307591506815,1471.603841617816,148631.98800339943,win,0.45000000000000284,138631.98800339934
2026-03-15 08:45:00+00:00,2026-03-15 08:50:00+00:00,buy,87.94,87.61,88.27,87.61,4503.999636466672,-1486.3198800339942,147145.66812336544,loss,-0.3299999999999983,137145.66812336535
2026-03-15 10:10:00+00:00,2026-03-15 10:30:00+00:00,buy,87.66,87.42,87.89999999999999,87.89999999999999,6131.069505140357,1471.4566812336543,148617.1248045991,win,0.23999999999999488,138617.124804599
2026-03-15 11:05:00+00:00,2026-03-15 15:05:00+00:00,buy,88.13,87.44,88.82,87.44,2153.871373979704,-1486.171248045991,147130.9535565531,loss,-0.6899999999999977,137130.95355655302
2026-03-15 19:15:00+00:00,2026-03-15 19:50:00+00:00,buy,87.14,86.73,87.55,87.55,3588.559842842789,1471.3095355655312,148602.26309211864,win,0.4099999999999966,138602.26309211855
2026-03-15 22:30:00+00:00,2026-03-15 22:35:00+00:00,buy,87.6,87.28999999999999,87.91,87.91,4793.621390068308,1486.0226309211864,150088.28572303982,win,0.3100000000000023,140088.28572303973
2026-03-15 22:50:00+00:00,2026-03-15 23:35:00+00:00,buy,88.36,87.28,89.44,89.44,1389.706349287408,1500.8828572303985,151589.16858027023,win,1.0799999999999983,141589.16858027014
2026-03-15 23:45:00+00:00,2026-03-16 00:40:00+00:00,buy,89.48,87.9,91.06,91.06,959.4251175966481,1515.8916858027023,153105.06026607292,win,1.5799999999999983,143105.06026607283
2026-03-16 00:50:00+00:00,2026-03-16 21:05:00+00:00,buy,91.92,89.46,94.38000000000001,94.38000000000001,622.3782937645221,1531.0506026607295,154636.11086873364,win,2.460000000000008,144636.11086873355
2026-03-16 21:15:00+00:00,2026-03-16 23:10:00+00:00,buy,94.53,93.46,95.60000000000001,95.60000000000001,1445.197297838622,1546.3611086873364,156182.47197742097,win,1.0700000000000074,146182.47197742088
2026-03-16 23:35:00+00:00,2026-03-17 00:05:00+00:00,buy,95.69,94.78,96.6,96.6,1716.290900850786,1561.8247197742096,157744.29669719518,win,0.9099999999999966,147744.2966971951
2026-03-17 02:10:00+00:00,2026-03-17 02:25:00+00:00,buy,96.1,94.69,97.50999999999999,94.69,1118.7538772850749,-1577.4429669719518,156166.85373022323,loss,-1.4099999999999966,146166.85373022314
2026-03-17 04:45:00+00:00,2026-03-17 05:10:00+00:00,buy,94.91,94.17,95.64999999999999,94.17,2110.3628882462745,-1561.6685373022324,154605.185192921,loss,-0.7399999999999949,144605.1851929209
2026-03-17 20:05:00+00:00,2026-03-17 20:30:00+00:00,buy,94.0,93.52,94.48,94.48,3220.9413581858275,1546.05185192921,156151.23704485022,win,0.480000000000004,146151.23704485013
2026-03-17 23:00:00+00:00,2026-03-17 23:15:00+00:00,buy,94.38,93.83,94.92999999999999,94.92999999999999,2839.113400815473,1561.5123704485022,157712.74941529872,win,0.5499999999999972,147712.74941529863
2026-03-18 00:05:00+00:00,2026-03-18 00:35:00+00:00,buy,95.09,94.12,96.06,94.12,1625.9046331474115,-1577.1274941529873,156135.62192114574,loss,-0.9699999999999989,146135.62192114565
2026-03-18 03:00:00+00:00,2026-03-18 05:20:00+00:00,buy,94.01,93.4,94.62,94.62,2559.600359363047,1561.3562192114573,157696.97814035718,win,0.6099999999999994,147696.9781403571
2026-03-18 05:30:00+00:00,2026-03-18 06:10:00+00:00,buy,94.7,94.09,95.31,94.09,2585.1963629566776,-1576.969781403572,156120.0083589536,loss,-0.6099999999999994,146120.00835895352
2026-03-18 09:05:00+00:00,2026-03-18 10:35:00+00:00,sell,93.49,93.85,93.13,93.85,4336.666898859829,-1561.2000835895362,154558.80827536408,loss,0.35999999999999943,144558.808275364
2026-03-18 10:55:00+00:00,2026-03-18 13:25:00+00:00,sell,93.33,93.93,92.72999999999999,92.72999999999999,2575.980137922698,1545.5880827536407,156104.39635811772,win,-0.6000000000000085,146104.39635811764
2026-03-18 13:35:00+00:00,2026-03-18 13:40:00+00:00,sell,92.6,93.4,91.79999999999998,91.79999999999998,1951.3049544764438,1561.0439635811772,157665.4403216989,win,-0.8000000000000114,147665.4403216988
2026-03-18 14:00:00+00:00,2026-03-18 16:25:00+00:00,sell,91.1,93.31,88.88999999999999,88.88999999999999,713.418281998635,1576.654403216989,159242.0947249159,win,-2.210000000000008,149242.0947249158
2026-03-18 16:40:00+00:00,2026-03-18 20:00:00+00:00,sell,88.76,89.73,87.79,89.73,1641.67107963831,-1592.4209472491589,157649.67377766673,loss,0.9699999999999989,147649.67377766664
2026-03-18 20:20:00+00:00,2026-03-19 05:15:00+00:00,sell,89.16,90.2,88.11999999999999,90.2,1515.862247862171,-1576.4967377766673,156073.17703989006,loss,1.0400000000000063,146073.17703988997
2026-03-19 06:30:00+00:00,2026-03-19 09:15:00+00:00,sell,89.32,90.09,88.54999999999998,88.54999999999998,2026.9243771414024,1560.7317703989006,157633.90881028897,win,-0.7700000000000102,147633.90881028888
2026-03-19 09:25:00+00:00,2026-03-19 11:50:00+00:00,sell,88.45,89.39,87.51,89.39,1676.956476705206,-1576.3390881028897,156057.56972218608,loss,0.9399999999999977,146057.569722186
2026-03-19 13:30:00+00:00,2026-03-19 14:05:00+00:00,sell,89.08,89.46000000000001,88.69999999999999,88.69999999999999,4106.778150583739,1560.5756972218605,157618.14541940793,win,-0.38000000000000966,147618.14541940784
2026-03-19 14:15:00+00:00,2026-03-19 14:50:00+00:00,sell,88.49,89.02,87.96,87.96,2973.9272720642944,1576.1814541940794,159194.326873602,win,-0.5300000000000011,149194.3268736019
2026-03-19 15:00:00+00:00,2026-03-19 21:10:00+00:00,sell,87.32,88.44,86.19999999999999,88.44,1421.3779185142978,-1591.94326873602,157602.383604866,loss,1.1200000000000045,147602.3836048659
2026-03-20 00:30:00+00:00,2026-03-20 00:35:00+00:00,sell,88.21,88.63,87.78999999999999,87.78999999999999,3752.4377048777465,1576.0238360486599,159178.40744091466,win,-0.4200000000000017,149178.40744091457
2026-03-20 15:30:00+00:00,2026-03-20 15:35:00+00:00,sell,88.35,88.71000000000001,87.98999999999998,87.98999999999998,4421.622428914128,1591.7840744091466,160770.1915153238,win,-0.36000000000001364,150770.1915153237
2026-03-20 16:00:00+00:00,2026-03-20 16:30:00+00:00,sell,87.95,89.02,86.88000000000001,89.02,1502.52515434883,-1607.701915153238,159162.48960017055,loss,1.0699999999999932,149162.48960017046
2026-03-20 18:50:00+00:00,2026-03-20 19:35:00+00:00,sell,88.06,88.58,87.54,87.54,3060.817107695611,1591.6248960017056,160754.11449617226,win,-0.519999999999996,150754.11449617217
2026-03-21 00:05:00+00:00,2026-03-21 05:40:00+00:00,buy,89.47,88.78,90.16,90.16,2329.7697753068524,1607.541144961723,162361.65564113398,win,0.6899999999999977,152361.6556411339
2026-03-21 08:55:00+00:00,2026-03-21 09:45:00+00:00,buy,89.9,89.28,90.52000000000001,89.28,2618.7363813085935,-1623.6165564113398,160738.03908472264,loss,-0.6200000000000045,150738.03908472255
2026-03-21 11:00:00+00:00,2026-03-21 11:30:00+00:00,buy,89.36,89.14,89.58,89.58,7306.274503851067,1607.3803908472264,162345.41947556986,win,0.21999999999999886,152345.41947556977
2026-03-21 12:00:00+00:00,2026-03-21 12:15:00+00:00,buy,89.94,89.38,90.5,89.38,2899.0253477780216,-1623.4541947556986,160721.96528081415,loss,-0.5600000000000023,150721.96528081407
2026-03-21 13:30:00+00:00,2026-03-21 13:40:00+00:00,buy,89.36,89.15,89.57,89.57,7653.426918134235,1607.2196528081415,162329.1849336223,win,0.20999999999999375,152329.18493362222
2026-03-21 14:40:00+00:00,2026-03-21 16:50:00+00:00,buy,89.8,89.13,90.47,89.13,2422.8236557257,-1623.291849336223,160705.89308428607,loss,-0.6700000000000017,150705.893084286
2026-03-22 00:35:00+00:00,2026-03-22 01:00:00+00:00,buy,89.83,89.12,90.53999999999999,89.12,2263.4632828772887,-1607.058930842861,159098.8341534432,loss,-0.7099999999999937,149098.83415344314
2026-03-22 01:10:00+00:00,2026-03-22 01:45:00+00:00,sell,89.05,89.38,88.72,88.72,4821.176792528607,1590.988341534432,160689.82249497762,win,-0.3299999999999983,150689.82249497756
2026-03-22 01:55:00+00:00,2026-03-22 02:00:00+00:00,sell,88.05,89.22,86.88,86.88,1373.417286281858,1606.8982249497762,162296.7207199274,win,-1.1700000000000017,152296.72071992734
2026-03-22 03:35:00+00:00,2026-03-22 04:25:00+00:00,sell,86.36,87.08,85.64,87.08,2254.1211211101063,-1622.967207199274,160673.75351272812,loss,0.7199999999999989,150673.75351272806
2026-03-22 07:20:00+00:00,2026-03-22 09:40:00+00:00,sell,87.89,88.58,87.2,87.2,2328.605123372879,1606.7375351272813,162280.4910478554,win,-0.6899999999999977,152280.49104785535
2026-03-22 09:55:00+00:00,2026-03-22 20:35:00+00:00,sell,87.11,88.08,86.14,86.14,1672.9947530706763,1622.8049104785541,163903.29595833397,win,-0.9699999999999989,153903.2959583339
2026-03-22 22:55:00+00:00,2026-03-22 23:05:00+00:00,sell,86.02,86.42,85.61999999999999,85.61999999999999,4097.582398958291,1639.0329595833398,165542.3289179173,win,-0.4000000000000057,155542.32891791724
2026-03-22 23:15:00+00:00,2026-03-23 07:15:00+00:00,sell,84.78,86.65,82.91,86.65,885.2530958177374,-1655.423289179173,163886.90562873814,loss,1.8700000000000045,153886.90562873808
2026-03-23 08:05:00+00:00,2026-03-23 08:35:00+00:00,sell,86.17999999999999,86.67,85.68999999999998,85.68999999999998,3344.630727117043,1638.8690562873815,165525.7746850255,win,-0.4900000000000091,155525.77468502545
2026-03-23 08:45:00+00:00,2026-03-23 13:05:00+00:00,sell,85.11,86.12,84.1,86.12,1638.8690562873728,-1655.257746850255,163870.51693817525,loss,1.0100000000000051,153870.5169381752
2026-03-23 15:35:00+00:00,2026-03-23 16:00:00+00:00,buy,89.89,88.8,90.98,90.98,1503.3992379649058,1638.7051693817523,165509.222107557,win,1.0900000000000034,155509.22210755694
2026-03-23 16:10:00+00:00,2026-03-23 17:40:00+00:00,buy,91.02,89.81,92.22999999999999,89.81,1367.8448108062632,-1655.09222107557,163854.12988648142,loss,-1.2099999999999937,153854.12988648136
2026-03-23 19:00:00+00:00,2026-03-23 20:30:00+00:00,buy,89.79,88.72,90.86000000000001,90.86000000000001,1531.3470082848626,1638.5412988648143,165492.67118534623,win,1.0700000000000074,155492.67118534617
2026-03-23 20:45:00+00:00,2026-03-24 01:20:00+00:00,buy,91.08,90.34,91.82,90.34,2236.3874484506405,-1654.9267118534626,163837.74447349278,loss,-0.7399999999999949,153837.74447349273
2026-03-24 02:00:00+00:00,2026-03-24 02:30:00+00:00,buy,90.91,90.28999999999999,91.53,90.28999999999999,2642.5442657014773,-1638.377444734928,162199.36702875784,loss,-0.6200000000000045,152199.36702875778
2026-03-24 05:55:00+00:00,2026-03-24 06:05:00+00:00,buy,89.69,89.36,90.02,90.02,4915.132334204808,1621.9936702875782,163821.3606990454,win,0.3299999999999983,153821.36069904536
2026-03-24 08:55:00+00:00,2026-03-24 09:05:00+00:00,buy,89.81,89.39,90.23,90.23,3900.5085880724937,1638.213606990454,165459.57430603588,win,0.4200000000000017,155459.57430603582
2026-03-24 09:15:00+00:00,2026-03-24 11:55:00+00:00,buy,90.5,89.55,91.45,91.45,1741.6797295372148,1654.595743060359,167114.17004909622,win,0.9500000000000028,157114.17004909617
2026-03-24 12:20:00+00:00,2026-03-24 13:00:00+00:00,buy,91.52,90.92,92.11999999999999,90.92,2785.2361674849635,-1671.1417004909622,165443.02834860526,loss,-0.5999999999999943,155443.0283486052
2026-03-24 13:10:00+00:00,2026-03-24 13:15:00+00:00,buy,91.38,90.8,91.96,90.8,2852.4660060104443,-1654.4302834860528,163788.5980651192,loss,-0.5799999999999983,153788.59806511915
2026-03-24 14:00:00+00:00,2026-03-24 15:05:00+00:00,buy,91.54,90.67999999999999,92.40000000000002,90.67999999999999,1904.5185821525188,-1637.885980651192,162150.71208446802,loss,-0.8600000000000136,152150.71208446796
2026-03-24 19:05:00+00:00,2026-03-24 20:35:00+00:00,sell,88.36,89.0,87.72,89.0,2533.6048763198105,-1621.5071208446802,160529.20496362334,loss,0.6400000000000006,150529.20496362328
2026-03-24 20:45:00+00:00,2026-03-24 22:25:00+00:00,sell,88.32,89.05,87.58999999999999,89.05,2199.03020498113,-1605.2920496362335,158923.91291398712,loss,0.730000000000004,148923.91291398706
2026-03-25 02:10:00+00:00,2026-03-25 02:30:00+00:00,buy,90.49,90.09,90.88999999999999,90.09,3973.097822849763,-1589.2391291398712,157334.67378484725,loss,-0.3999999999999915,147334.6737848472
2026-03-25 02:40:00+00:00,2026-03-25 07:05:00+00:00,buy,90.77,90.02,91.52,91.52,2097.7956504646304,1573.346737848473,158908.02052269573,win,0.75,148908.02052269568
2026-03-25 08:20:00+00:00,2026-03-25 08:25:00+00:00,buy,91.88,91.57,92.19,92.19,5126.065178151438,1589.0802052269573,160497.1007279227,win,0.3100000000000023,150497.10072792263
2026-03-25 10:30:00+00:00,2026-03-25 11:45:00+00:00,buy,91.83,91.48,92.17999999999999,91.48,4585.631449369294,-1604.971007279227,158892.12972064345,loss,-0.3499999999999943,148892.1297206434
2026-03-25 12:00:00+00:00,2026-03-25 13:20:00+00:00,buy,91.97,91.42999999999999,92.51,92.51,2942.4468466785484,1588.9212972064345,160481.05101784988,win,0.5400000000000063,150481.05101784982
2026-03-25 13:30:00+00:00,2026-03-25 14:20:00+00:00,buy,92.55,91.74,93.36,91.74,1981.2475434302398,-1604.8105101784988,158876.24050767138,loss,-0.8100000000000023,148876.24050767132
2026-03-25 14:55:00+00:00,2026-03-25 16:05:00+00:00,buy,92.62,91.66,93.58000000000001,91.66,1654.9608386215632,-1588.7624050767138,157287.47810259467,loss,-0.960000000000008,147287.4781025946
2026-03-25 18:25:00+00:00,2026-03-25 18:35:00+00:00,buy,91.41,90.83,91.99,91.99,2711.853070734399,1572.8747810259467,158860.35288362062,win,0.5799999999999983,148860.35288362057
2026-03-26 05:20:00+00:00,2026-03-26 05:45:00+00:00,sell,89.99,90.34,89.63999999999999,90.34,4538.867225246193,-1588.6035288362061,157271.7493547844,loss,0.3500000000000085,147271.74935478435
2026-03-26 07:00:00+00:00,2026-03-26 07:05:00+00:00,sell,90.1,90.32000000000001,89.87999999999998,89.87999999999998,7148.7158797625025,1572.717493547844,158844.46684833226,win,-0.22000000000001307,148844.4668483322
2026-03-26 07:15:00+00:00,2026-03-26 07:40:00+00:00,sell,89.63,90.32000000000001,88.93999999999998,88.93999999999998,2302.0937224395584,1588.4446684833229,160432.91151681557,win,-0.6900000000000119,150432.9115168155
2026-03-26 07:50:00+00:00,2026-03-26 10:05:00+00:00,sell,88.78,89.49,88.07000000000001,88.07000000000001,2259.618472067845,1604.3291151681556,162037.24063198373,win,-0.7099999999999937,152037.24063198367
2026-03-26 10:15:00+00:00,2026-03-26 11:30:00+00:00,sell,88.02,88.55,87.49,87.49,3057.3064270185546,1620.3724063198374,163657.61303830356,win,-0.5300000000000011,153657.6130383035
2026-03-26 13:10:00+00:00,2026-03-26 17:05:00+00:00,sell,87.07,87.68,86.45999999999998,86.45999999999998,2682.9116891524573,1636.5761303830354,165294.1891686866,win,-0.6100000000000136,155294.18916868654
2026-03-26 17:15:00+00:00,2026-03-26 17:50:00+00:00,sell,86.39,87.07000000000001,85.71,87.07000000000001,2430.7968995394845,-1652.941891686866,163641.24727699973,loss,0.6800000000000068,153641.24727699967
2026-03-26 18:35:00+00:00,2026-03-26 19:55:00+00:00,sell,86.58,87.17,85.99,85.99,2773.5804623220133,1636.4124727699973,165277.65974976972,win,-0.5900000000000034,155277.65974976966
2026-03-26 20:05:00+00:00,2026-03-26 21:55:00+00:00,sell,85.81,86.84,84.78,84.78,1604.6374732987335,1652.7765974976974,166930.43634726742,win,-1.0300000000000011,156930.43634726736
2026-03-27 00:20:00+00:00,2026-03-27 06:05:00+00:00,sell,85.8,86.46000000000001,85.13999999999999,85.13999999999999,2529.2490355646164,1669.3043634726741,168599.7407107401,win,-0.6600000000000108,158599.74071074004
2026-03-27 07:25:00+00:00,2026-03-27 10:30:00+00:00,sell,85.38,85.94,84.82,84.82,3010.709655548918,1685.997407107401,170285.7381178475,win,-0.5600000000000023,160285.73811784745
2026-03-27 10:40:00+00:00,2026-03-27 10:45:00+00:00,sell,84.76,85.35,84.17000000000002,84.17000000000002,2886.1989511500105,1702.857381178475,171988.59549902598,win,-0.5899999999999892,161988.59549902592
2026-03-27 12:15:00+00:00,2026-03-27 12:35:00+00:00,sell,84.2,84.54,83.86,83.86,5058.488102912478,1719.8859549902597,173708.48145401623,win,-0.3400000000000034,163708.48145401618
2026-03-27 12:55:00+00:00,2026-03-30 01:40:00+00:00,sell,82.16,84.47,79.85,79.85,751.9847681992037,1737.0848145401621,175445.5662685564,win,-2.3100000000000023,165445.56626855634
2026-03-30 01:50:00+00:00,2026-03-30 03:15:00+00:00,sell,79.72,81.32000000000001,78.11999999999999,81.32000000000001,1096.5347891784716,-1754.4556626855638,173691.11060587084,loss,1.6000000000000085,163691.11060587078
2026-03-30 07:10:00+00:00,2026-03-30 08:05:00+00:00,buy,82.93,82.47,83.39000000000001,83.39000000000001,3775.8937088232137,1736.9111060587084,175428.02171192956,win,0.46000000000000796,165428.0217119295
2026-03-30 10:45:00+00:00,2026-03-30 10:50:00+00:00,buy,83.1,82.65,83.54999999999998,83.54999999999998,3898.4004824874223,1754.2802171192957,177182.30192904884,win,0.44999999999998863,167182.3019290488
2026-03-30 11:05:00+00:00,2026-03-30 20:25:00+00:00,buy,83.61,82.75,84.47,82.75,2060.259324756383,-1771.8230192904884,175410.47890975836,loss,-0.8599999999999994,165410.4789097583
2026-03-31 01:05:00+00:00,2026-03-31 01:45:00+00:00,sell,82.42999999999999,82.86,81.99999999999999,81.99999999999999,4079.3134630175714,1754.1047890975835,177164.58369885595,win,-0.4300000000000068,167164.5836988559
2026-03-31 02:00:00+00:00,2026-03-31 04:15:00+00:00,sell,81.92,82.39,81.45,82.39,3769.459227635242,-1771.6458369885595,175392.9378618674,loss,0.46999999999999886,165392.93786186734
2026-03-31 08:45:00+00:00,2026-03-31 09:15:00+00:00,buy,82.88,82.59,83.16999999999999,82.59,6048.032340064559,-1753.929378618674,173639.00848324873,loss,-0.28999999999999204,163639.00848324868
2026-03-31 11:30:00+00:00,2026-03-31 11:40:00+00:00,sell,82.11,82.5,81.72,81.72,4452.282268801243,1736.3900848324872,175375.39856808123,win,-0.39000000000000057,165375.39856808117
2026-03-31 11:50:00+00:00,2026-03-31 12:50:00+00:00,sell,81.67999999999999,82.67,80.68999999999998,80.68999999999998,1771.4686724048447,1753.7539856808123,177129.15255376205,win,-0.9900000000000091,167129.152553762
2026-03-31 13:00:00+00:00,2026-03-31 16:50:00+00:00,sell,80.03999999999999,81.27,78.80999999999999,81.27,1440.074411006191,-1771.2915255376206,175357.86102822443,loss,1.230000000000004,165357.86102822438
2026-03-31 17:50:00+00:00,2026-03-31 19:40:00+00:00,sell,80.19,81.71000000000001,78.66999999999999,81.71000000000001,1153.670138343574,-1753.5786102822444,173604.2824179422,loss,1.5200000000000102,163604.28241794213
2026-04-01 02:05:00+00:00,2026-04-01 03:15:00+00:00,buy,82.2,81.75,82.65,82.65,3857.872942620913,1736.0428241794218,175340.32524212162,win,0.45000000000000284,165340.32524212156
2026-04-01 03:50:00+00:00,2026-04-01 04:25:00+00:00,buy,82.7,82.25,83.15,82.25,3896.4516720471224,-1753.4032524212162,173586.9219897004,loss,-0.45000000000000284,163586.92198970035
2026-04-01 06:05:00+00:00,2026-04-01 06:10:00+00:00,buy,82.24,81.76,82.71999999999998,82.71999999999998,3616.3942081188356,1735.869219897004,175322.7912095974,win,0.47999999999998977,165322.79120959734
2026-04-01 07:00:00+00:00,2026-04-01 08:45:00+00:00,buy,82.81,81.88,83.74000000000001,83.74000000000001,1885.1913033289904,1753.227912095974,177076.0191216934,win,0.9300000000000068,167076.01912169333
2026-04-01 09:35:00+00:00,2026-04-01 10:55:00+00:00,buy,83.85,83.13,84.57,83.13,2459.3891544679677,-1770.760191216934,175305.25893047644,loss,-0.7199999999999989,165305.25893047638
2026-04-01 14:10:00+00:00,2026-04-01 15:00:00+00:00,buy,82.82000000000001,82.46,83.18000000000002,82.46,4869.590525846384,-1753.0525893047645,173552.20634117167,loss,-0.36000000000001364,163552.2063411716
2026-04-01 17:50:00+00:00,2026-04-01 19:25:00+00:00,buy,82.73,81.76,83.7,83.7,1789.198003517236,1735.5220634117168,175287.72840458338,win,0.9699999999999989,165287.72840458332
2026-04-01 19:35:00+00:00,2026-04-01 20:00:00+00:00,buy,83.82000000000001,82.36,85.28000000000002,85.28000000000002,1200.6008794834413,1752.877284045834,177040.6056886292,win,1.460000000000008,167040.60568862915
2026-04-01 22:25:00+00:00,2026-04-01 23:00:00+00:00,buy,83.44,82.83,84.05,82.83,2902.3050112890064,-1770.4060568862922,175270.1996317429,loss,-0.6099999999999994,165270.19963174284
2026-04-02 01:05:00+00:00,2026-04-02 04:15:00+00:00,sell,80.7,81.95,79.45,79.45,1402.1615970539433,1752.7019963174291,177022.90162806032,win,-1.25,167022.90162806027
2026-04-02 04:25:00+00:00,2026-04-02 16:15:00+00:00,sell,78.97,81.1,76.84,76.84,831.0934348735244,1770.2290162806032,178793.13064434094,win,-2.1299999999999955,168793.13064434088
2026-04-02 16:30:00+00:00,2026-04-02 17:20:00+00:00,sell,76.63,77.6,75.66,77.6,1843.2281509725892,-1787.9313064434095,177005.19933789753,loss,0.9699999999999989,167005.19933789747
2026-04-02 20:45:00+00:00,2026-04-03 04:25:00+00:00,sell,78.3,79.02,77.58,79.02,2458.405546359692,-1770.0519933789753,175235.14734451857,loss,0.7199999999999989,165235.1473445185
2026-04-03 04:35:00+00:00,2026-04-03 10:30:00+00:00,sell,78.51,79.06,77.96000000000001,79.06,3186.0935880821726,-1752.3514734451858,173482.79587107338,loss,0.5499999999999972,163482.79587107332
2026-04-03 13:15:00+00:00,2026-04-03 13:30:00+00:00,buy,79.4,79.07,79.73000000000002,79.07,5257.0544203353575,-1734.8279587107338,171747.96791236266,loss,-0.3300000000000125,161747.9679123626
2026-04-03 14:00:00+00:00,2026-04-03 15:30:00+00:00,buy,79.51,78.98,80.04,80.04,3240.5276964596655,1717.4796791236265,173465.44759148627,win,0.5300000000000011,163465.4475914862
2026-04-03 17:10:00+00:00,2026-04-03 18:10:00+00:00,buy,79.16,78.53,79.78999999999999,79.78999999999999,2753.4198030394846,1734.6544759148628,175200.10206740114,win,0.6299999999999955,165200.10206740108
2026-04-03 18:50:00+00:00,2026-04-03 20:15:00+00:00,buy,79.92,79.27,80.57000000000001,79.27,2695.3861856523017,-1752.0010206740114,173448.10104672713,loss,-0.6500000000000057,163448.10104672707
2026-04-03 22:45:00+00:00,2026-04-03 23:50:00+00:00,buy,79.53,79.15,79.91,79.91,4564.4237117560315,1734.4810104672713,175182.5820571944,win,0.37999999999999545,165182.58205719435
2026-04-04 01:05:00+00:00,2026-04-04 01:10:00+00:00,buy,80.04,79.62,80.46000000000001,79.62,4171.0138585046125,-1751.8258205719444,173430.75623662246,loss,-0.4200000000000017,163430.7562366224
2026-04-04 07:40:00+00:00,2026-04-04 08:00:00+00:00,buy,79.61,79.45,79.77,79.45,10839.422264789135,-1734.3075623662246,171696.44867425624,loss,-0.1599999999999966,161696.4486742562
2026-04-04 09:15:00+00:00,2026-04-04 09:20:00+00:00,buy,79.55,79.41,79.69,79.69,12264.03204816111,1716.9644867425625,173413.4131609988,win,0.14000000000000057,163413.41316099875
2026-04-04 09:45:00+00:00,2026-04-04 11:45:00+00:00,buy,79.72,79.42,80.02,79.42,5780.447105366682,-1734.1341316099881,171679.27902938882,loss,-0.29999999999999716,161679.27902938877
2026-04-04 13:05:00+00:00,2026-04-04 13:40:00+00:00,buy,79.41,79.25,79.57,79.57,10729.954939337029,1716.792790293888,173396.07181968272,win,0.1599999999999966,163396.07181968266
2026-04-04 17:55:00+00:00,2026-04-04 18:00:00+00:00,buy,79.6,79.23,79.96999999999998,79.96999999999998,4686.3803194510065,1733.9607181968272,175130.03253787954,win,0.36999999999999034,165130.03253787948
2026-04-04 18:10:00+00:00,2026-04-05 09:10:00+00:00,buy,80.3,78.88,81.72,78.88,1233.3100882949248,-1751.3003253787952,173378.73221250073,loss,-1.4200000000000017,163378.73221250068
2026-04-05 09:20:00+00:00,2026-04-05 16:30:00+00:00,sell,78.82,79.77,77.86999999999999,77.86999999999999,1825.0392864473708,1733.7873221250074,175112.51953462575,win,-0.9500000000000028,165112.5195346257
2026-04-05 18:05:00+00:00,2026-04-05 18:25:00+00:00,sell,78.42999999999999,78.77,78.08999999999999,78.77,5150.368221606588,-1751.1251953462574,173361.3943392795,loss,0.3400000000000034,163361.39433927945
2026-04-05 19:50:00+00:00,2026-04-05 20:40:00+00:00,sell,78.82,79.17,78.46999999999998,79.17,4953.182695407865,-1733.6139433927951,171627.78039588672,loss,0.3500000000000085,161627.78039588666
2026-04-05 22:35:00+00:00,2026-04-05 22:40:00+00:00,sell,79.19,79.48,78.89999999999999,79.48,5918.199323995967,-1716.2778039588673,169911.50259192786,loss,0.29000000000000625,159911.5025919278
2026-04-05 22:50:00+00:00,2026-04-05 23:50:00+00:00,sell,78.92,79.57000000000001,78.27,79.57000000000001,2614.0231167988672,-1699.1150259192787,168212.38756600858,loss,0.6500000000000057,158212.38756600852
2026-04-06 00:10:00+00:00,2026-04-06 02:00:00+00:00,sell,79.16,80.03,78.28999999999999,80.03,1933.4757191495137,-1682.1238756600858,166530.26369034848,loss,0.8700000000000045,156530.26369034842
2026-04-06 02:15:00+00:00,2026-04-06 03:00:00+00:00,buy,80.49,79.03,81.94999999999999,81.94999999999999,1140.6182444544465,1665.3026369034849,168195.56632725196,win,1.4599999999999937,158195.5663272519
2026-04-06 03:30:00+00:00,2026-04-06 09:20:00+00:00,buy,82.1,80.87,83.32999999999998,80.87,1367.4436286768566,-1681.9556632725196,166513.61066397943,loss,-1.2299999999999898,156513.61066397937
2026-04-06 10:50:00+00:00,2026-04-06 12:10:00+00:00,buy,81.28,80.62,81.94,81.94,2522.9334949087925,1665.1361066397944,168178.7467706192,win,0.6599999999999966,158178.74677061915
2026-04-06 12:20:00+00:00,2026-04-06 17:35:00+00:00,buy,82.0,81.16,82.84,81.16,2002.1279377454587,-1681.787467706192,166496.95930291302,loss,-0.8400000000000034,156496.95930291296
2026-04-06 18:50:00+00:00,2026-04-06 19:15:00+00:00,buy,81.63,81.28,81.97999999999999,81.28,4757.055980083306,-1664.96959302913,164831.9897098839,loss,-0.3499999999999943,154831.98970988384
2026-04-06 21:10:00+00:00,2026-04-06 21:15:00+00:00,buy,81.05,80.75,81.35,81.35,5494.399656996182,1648.319897098839,166480.30960698274,win,0.29999999999999716,156480.3096069827
2026-04-06 21:25:00+00:00,2026-04-07 00:35:00+00:00,buy,81.44,80.83,82.05,80.83,2729.1854033931622,-1664.8030960698275,164815.5065109129,loss,-0.6099999999999994,154815.50651091285
2026-04-07 02:05:00+00:00,2026-04-07 14:15:00+00:00,sell,79.44,80.39,78.49,78.49,1734.9000685359201,1648.155065109129,166463.66157602204,win,-0.9500000000000028,156463.661576022
2026-04-07 15:05:00+00:00,2026-04-07 17:05:00+00:00,sell,78.38,78.92,77.83999999999999,77.83999999999999,3082.6603995559285,1664.6366157602206,168128.29819178226,win,-0.5400000000000063,158128.2981917822
2026-04-07 18:05:00+00:00,2026-04-07 19:00:00+00:00,sell,77.7,78.48,76.92,78.48,2155.491002458744,-1681.2829819178228,166447.01520986445,loss,0.7800000000000011,156447.0152098644
2026-04-07 19:20:00+00:00,2026-04-07 20:20:00+00:00,sell,78.0,78.55,77.45,78.55,3026.3093674520965,-1664.4701520986443,164782.5450577658,loss,0.5499999999999972,154782.54505776573
2026-04-07 23:05:00+00:00,2026-04-08 01:05:00+00:00,buy,81.17,79.75,82.59,82.59,1160.4404581532788,1647.8254505776579,166430.37050834345,win,1.4200000000000017,156430.3705083434
2026-04-08 01:30:00+00:00,2026-04-08 01:35:00+00:00,buy,83.11,82.02,84.2,84.2,1526.8841331040637,1664.3037050834346,168094.6742134269,win,1.0900000000000034,158094.67421342683
2026-04-08 01:55:00+00:00,2026-04-08 02:25:00+00:00,buy,84.24,82.53999999999999,85.94,85.94,988.7922012554505,1680.9467421342688,169775.62095556114,win,1.7000000000000028,159775.62095556108
2026-04-08 04:45:00+00:00,2026-04-08 05:35:00+00:00,buy,84.15,83.72,84.58000000000001,83.72,3948.270254780429,-1697.7562095556113,168077.86474600554,loss,-0.4300000000000068,158077.86474600548
2026-04-08 07:05:00+00:00,2026-04-08 07:10:00+00:00,buy,84.0,83.69,84.31,84.31,5421.866604709817,1680.7786474600555,169758.64339346558,win,0.3100000000000023,159758.64339346552
2026-04-08 08:25:00+00:00,2026-04-08 08:55:00+00:00,buy,83.99,83.67999999999999,84.3,83.67999999999999,5476.085270756914,-1697.5864339346558,168061.05695953092,loss,-0.3100000000000023,158061.05695953086
2026-04-08 10:15:00+00:00,2026-04-08 14:35:00+00:00,buy,84.07000000000001,83.53,84.61000000000001,83.53,3112.241795546833,-1680.6105695953095,166380.44638993562,loss,-0.5400000000000063,156380.44638993556
2026-04-08 15:55:00+00:00,2026-04-08 16:40:00+00:00,buy,84.01,83.4,84.62,83.4,2727.5483014743572,-1663.8044638993563,164716.64192603627,loss,-0.6099999999999994,154716.64192603622
2026-04-09 02:05:00+00:00,2026-04-09 03:40:00+00:00,sell,81.89,82.36,81.42,81.42,3504.6094026816313,1647.1664192603628,166363.80834529662,win,-0.46999999999999886,156363.80834529657
2026-04-09 04:05:00+00:00,2026-04-09 11:45:00+00:00,sell,81.37,81.94,80.80000000000001,81.94,2918.663304303485,-1663.6380834529664,164700.17026184365,loss,0.5699999999999932,154700.1702618436
2026-04-09 12:05:00+00:00,2026-04-09 12:55:00+00:00,sell,81.63,81.98,81.27999999999999,81.98,4705.7191503382755,-1647.0017026184366,163053.16855922522,loss,0.3500000000000085,153053.16855922516
2026-04-09 14:10:00+00:00,2026-04-09 14:25:00+00:00,sell,81.74,82.06,81.41999999999999,81.41999999999999,5095.411517475671,1630.5316855922522,164683.70024481748,win,-0.3200000000000074,154683.70024481742
2026-04-09 16:35:00+00:00,2026-04-09 17:25:00+00:00,sell,81.28999999999999,81.7,80.87999999999998,80.87999999999998,4016.6756157271498,1646.8370024481749,166330.53724726566,win,-0.4100000000000108,156330.5372472656
2026-04-09 20:05:00+00:00,2026-04-09 20:50:00+00:00,buy,83.03,82.2,83.86,83.86,2003.9823764730845,1663.3053724726567,167993.8426197383,win,0.8299999999999983,157993.84261973825
2026-04-09 21:00:00+00:00,2026-04-09 21:20:00+00:00,buy,83.98,83.06,84.9,83.06,1826.020028475413,-1679.938426197383,166313.90419354092,loss,-0.9200000000000017,156313.90419354086
2026-04-09 22:55:00+00:00,2026-04-10 01:15:00+00:00,buy,83.53,82.67999999999999,84.38000000000001,84.38000000000001,1956.6341669828148,1663.1390419354093,167977.04323547633,win,0.8500000000000085,157977.04323547627
2026-04-10 14:05:00+00:00,2026-04-10 14:10:00+00:00,buy,82.7,82.4,83.0,83.0,5599.234774515931,1679.7704323547634,169656.8136678311,win,0.29999999999999716,159656.81366783104
2026-04-10 14:35:00+00:00,2026-04-10 15:40:00+00:00,buy,83.03,82.4,83.66,83.66,2692.9652963147987,1696.568136678311,171353.3818045094,win,0.6299999999999955,161353.38180450935
2026-04-10 16:55:00+00:00,2026-04-10 17:30:00+00:00,buy,83.65,82.87,84.43,84.43,2196.838228262938,1713.5338180450942,173066.91562255452,win,0.7800000000000011,163066.91562255446
2026-04-10 18:00:00+00:00,2026-04-10 18:55:00+00:00,buy,84.55,83.48,85.61999999999999,83.48,1617.4478095565946,-1730.6691562255453,171336.24646632897,loss,-1.0699999999999932,161336.2464663289
2026-04-10 19:50:00+00:00,2026-04-10 23:30:00+00:00,buy,84.16,83.37,84.94999999999999,84.94999999999999,2168.8132464092496,1713.36246466329,173049.60893099225,win,0.789999999999992,163049.6089309922
2026-04-10 23:50:00+00:00,2026-04-11 00:05:00+00:00,buy,85.01,84.55,85.47000000000001,84.55,3761.9480202388972,-1730.4960893099226,171319.11284168233,loss,-0.46000000000000796,161319.11284168228
2026-04-11 05:05:00+00:00,2026-04-11 06:55:00+00:00,buy,84.09,83.69,84.49000000000001,83.69,4282.977821041997,-1713.1911284168232,169605.9217132655,loss,-0.4000000000000057,159605.92171326544
2026-04-11 16:05:00+00:00,2026-04-11 18:15:00+00:00,sell,83.51,83.9,83.12,83.9,4348.869787519622,-1696.059217132655,167909.86249613285,loss,0.39000000000000057,157909.8624961328
2026-04-11 19:05:00+00:00,2026-04-11 19:40:00+00:00,buy,84.1,83.84,84.35999999999999,84.35999999999999,6458.0716344668745,1679.0986249613286,169588.96112109418,win,0.2599999999999909,159588.96112109412
2026-04-11 21:30:00+00:00,2026-04-11 21:35:00+00:00,buy,84.35,84.09,84.60999999999999,84.60999999999999,6522.652350811543,1695.889611210942,171284.85073230512,win,0.2599999999999909,161284.85073230506
2026-04-11 22:05:00+00:00,2026-04-12 02:05:00+00:00,buy,85.12,84.06,86.18,84.06,1615.8948182292902,-1712.8485073230513,169572.00222498208,loss,-1.0600000000000023,159572.00222498202
2026-04-12 04:30:00+00:00,2026-04-12 04:35:00+00:00,sell,83.97,84.34,83.6,83.6,4583.027087161622,1695.720022249821,171267.7222472319,win,-0.37000000000000455,161267.72224723184
2026-04-12 04:45:00+00:00,2026-04-12 17:40:00+00:00,sell,82.55,84.19,80.91,80.91,1044.3153795562916,1712.6772224723188,172980.39946970422,win,-1.6400000000000006,162980.39946970416
2026-04-12 18:30:00+00:00,2026-04-12 20:50:00+00:00,sell,80.61,81.45,79.77,81.45,2059.2904698774228,-1729.803994697042,171250.59547500717,loss,0.8400000000000034,161250.5954750071
2026-04-12 22:45:00+00:00,2026-04-12 23:35:00+00:00,sell,81.36,81.6,81.12,81.6,7135.441478125451,-1712.5059547500716,169538.08952025708,loss,0.23999999999999488,159538.08952025702
2026-04-13 01:05:00+00:00,2026-04-13 01:10:00+00:00,sell,81.8,82.19,81.41,81.41,4347.130500519406,1695.3808952025709,171233.47041545965,win,-0.39000000000000057,161233.4704154596
2026-04-13 01:20:00+00:00,2026-04-13 16:45:00+00:00,sell,81.2,82.18,80.22,82.18,1747.2803103618262,-1712.3347041545967,169521.13571130505,loss,0.980000000000004,159521.135711305
2026-04-13 16:55:00+00:00,2026-04-14 01:10:00+00:00,buy,82.92,81.6,84.24000000000001,84.24000000000001,1284.2510281159402,1695.2113571130506,171216.3470684181,win,1.3200000000000074,161216.34706841805
2026-04-14 01:20:00+00:00,2026-04-14 01:50:00+00:00,buy,84.42,83.25,85.59,85.59,1463.3875817813494,1712.1634706841812,172928.51053910228,win,1.1700000000000017,162928.51053910222
2026-04-14 02:00:00+00:00,2026-04-14 03:50:00+00:00,buy,85.72,84.91,86.53,84.91,2134.919883198788,-1729.285105391023,171199.22543371125,loss,-0.8100000000000023,161199.2254337112
2026-04-14 05:10:00+00:00,2026-04-14 07:25:00+00:00,buy,85.49,85.16,85.82,85.16,5187.855316173095,-1711.9922543371126,169487.23317937413,loss,-0.3299999999999983,159487.23317937407
2026-04-14 09:00:00+00:00,2026-04-14 09:05:00+00:00,buy,85.27,84.99,85.55,84.99,6053.115470691909,-1694.8723317937413,167792.3608475804,loss,-0.28000000000000114,157792.36084758033
2026-04-14 09:55:00+00:00,2026-04-14 16:40:00+00:00,buy,85.42,84.77,86.07000000000001,86.07000000000001,2581.420936116599,1677.923608475804,169470.2844560562,win,0.6500000000000057,159470.28445605614
2026-04-14 16:50:00+00:00,2026-04-14 17:55:00+00:00,buy,86.47,85.42999999999999,87.51,85.42999999999999,1629.5219659236075,-1694.702844560562,167775.58161149564,loss,-1.0400000000000063,157775.58161149558
2026-04-14 23:20:00+00:00,2026-04-14 23:50:00+00:00,sell,83.03,83.52,82.54,83.52,3423.9914614591303,-1677.7558161149564,166097.8257953807,loss,0.4899999999999949,156097.82579538063
2026-04-15 01:25:00+00:00,2026-04-15 02:00:00+00:00,sell,82.84,83.21000000000001,82.47,83.21000000000001,4489.130426902126,-1660.9782579538069,164436.8475374269,loss,0.37000000000000455,154436.84753742683
2026-04-15 03:15:00+00:00,2026-04-15 08:35:00+00:00,sell,82.92999999999999,83.43,82.42999999999998,82.42999999999998,3288.736950748444,1644.3684753742689,166081.21601280116,win,-0.5000000000000142,156081.2160128011
2026-04-15 08:45:00+00:00,2026-04-15 13:45:00+00:00,sell,82.38,82.91,81.85,82.91,3133.6078492981283,-1660.8121601280116,164420.40385267316,loss,0.5300000000000011,154420.4038526731
2026-04-15 16:30:00+00:00,2026-04-15 17:15:00+00:00,sell,82.84,83.26,82.42,83.26,3914.771520301726,-1644.2040385267317,162776.19981414644,loss,0.4200000000000017,152776.19981414638
2026-04-15 21:15:00+00:00,2026-04-15 22:35:00+00:00,buy,84.37,83.76,84.98,84.98,2668.4622920351903,1627.7619981414646,164403.96181228792,win,0.6099999999999994,154403.96181228786
2026-04-15 23:50:00+00:00,2026-04-16 00:05:00+00:00,buy,84.37,83.94,84.80000000000001,83.94,3823.347949122914,-1644.0396181228791,162759.92219416503,loss,-0.4300000000000068,152759.92219416497
2026-04-16 01:05:00+00:00,2026-04-16 16:15:00+00:00,buy,84.63,83.76,85.49999999999999,85.49999999999999,1870.803703381228,1627.5992219416503,164387.52141610667,win,0.8699999999999903,154387.5214161066
2026-04-16 18:10:00+00:00,2026-04-16 18:35:00+00:00,buy,85.05,83.94,86.16,86.16,1480.9686614063671,1643.8752141610667,166031.39663026773,win,1.1099999999999994,156031.39663026767
2026-04-16 20:55:00+00:00,2026-04-16 21:00:00+00:00,buy,85.81,85.24,86.38000000000001,86.38000000000001,2912.8315198292207,1660.3139663026773,167691.7105965704,win,0.5700000000000074,157691.71059657034
2026-04-16 21:15:00+00:00,2026-04-16 21:45:00+00:00,buy,86.48,85.42999999999999,87.53000000000002,87.53000000000002,1597.0639104435104,1676.917105965704,169368.6277025361,win,1.0500000000000114,159368.62770253603
2026-04-16 21:55:00+00:00,2026-04-17 17:40:00+00:00,buy,88.13,86.37,89.88999999999999,89.88999999999999,962.3217483098692,1693.686277025361,171062.31397956144,win,1.759999999999991,161062.31397956138
2026-04-17 19:20:00+00:00,2026-04-17 20:20:00+00:00,buy,89.86,88.86,90.86,88.86,1710.6231397956144,-1710.6231397956144,169351.69083976583,loss,-1.0,159351.69083976577
2026-04-17 22:40:00+00:00,2026-04-17 23:30:00+00:00,buy,89.0,88.31,89.69,88.31,2454.372331011107,-1693.5169083976582,167658.17393136816,loss,-0.6899999999999977,157658.1739313681
2026-04-18 00:00:00+00:00,2026-04-18 06:50:00+00:00,buy,88.67,87.82,89.52000000000001,87.82,1972.4491050749,-1676.5817393136817,165981.5921920545,loss,-0.8500000000000085,155981.59219205444
2026-04-18 11:05:00+00:00,2026-04-18 11:15:00+00:00,sell,87.61,87.9,87.32,87.32,5723.503179036238,1659.815921920545,167641.40811397505,win,-0.29000000000000625,157641.408113975
2026-04-18 11:25:00+00:00,2026-04-18 13:40:00+00:00,sell,87.05,87.86,86.24,86.24,2069.6470137527726,1676.4140811397506,169317.8221951148,win,-0.8100000000000023,159317.82219511474
2026-04-18 13:50:00+00:00,2026-04-18 14:40:00+00:00,sell,86.19,86.62,85.75999999999999,85.75999999999999,3937.6237719793517,1693.178221951148,171011.00041706595,win,-0.4300000000000068,161011.0004170659
2026-04-18 16:35:00+00:00,2026-04-18 18:00:00+00:00,sell,85.92999999999999,86.25,85.60999999999999,86.25,5344.093763033187,-1710.1100041706595,169300.8904128953,loss,0.3200000000000074,159300.89041289524
2026-04-18 18:10:00+00:00,2026-04-18 21:20:00+00:00,sell,86.03,86.33,85.73,85.73,5643.36301376323,1693.008904128953,170993.89931702425,win,-0.29999999999999716,160993.8993170242
2026-04-18 21:30:00+00:00,2026-04-18 21:40:00+00:00,sell,85.69,86.12,85.25999999999999,85.25999999999999,3976.6023096981758,1709.9389931702426,172703.8383101945,win,-0.4300000000000068,162703.83831019443
2026-04-19 00:20:00+00:00,2026-04-19 01:50:00+00:00,sell,85.39,85.68,85.1,85.68,5955.304769316923,-1727.0383831019449,170976.79992709254,loss,0.29000000000000625,160976.79992709248
2026-04-19 03:15:00+00:00,2026-04-19 03:35:00+00:00,sell,85.45,85.69,85.21000000000001,85.21000000000001,7124.033330295674,1709.7679992709254,172686.56792636347,win,-0.23999999999999488,162686.5679263634
2026-04-19 04:20:00+00:00,2026-04-20 01:05:00+00:00,sell,85.17999999999999,85.56,84.79999999999998,84.79999999999998,4544.383366483134,1726.8656792636348,174413.4336056271,win,-0.38000000000000966,164413.43360562704
2026-04-20 01:15:00+00:00,2026-04-20 20:10:00+00:00,sell,83.64,85.26,82.02,85.26,1076.6261333680654,-1744.134336056271,172669.29926957082,loss,1.6200000000000045,162669.29926957077
2026-04-20 22:30:00+00:00,2026-04-20 23:00:00+00:00,buy,85.55,85.05,86.05,85.05,3453.3859853914164,-1726.6929926957082,170942.60627687513,loss,-0.5,160942.60627687507
2026-04-20 23:20:00+00:00,2026-04-20 23:50:00+00:00,buy,85.38,84.98,85.77999999999999,85.77999999999999,4273.565156921969,1709.426062768751,172652.0323396439,win,0.3999999999999915,162652.03233964383
2026-04-21 01:05:00+00:00,2026-04-21 01:40:00+00:00,buy,85.24,84.99,85.49,84.99,6906.081293585756,-1726.520323396439,170925.51201624746,loss,-0.25,160925.5120162474
2026-04-21 02:00:00+00:00,2026-04-21 02:05:00+00:00,buy,85.29,84.92,85.66000000000001,84.92,4619.608432871496,-1709.2551201624744,169216.256896085,loss,-0.37000000000000455,159216.25689608493
2026-04-21 03:05:00+00:00,2026-04-21 03:45:00+00:00,buy,84.73,84.53,84.93,84.93,8460.81284480413,1692.16256896085,170908.41946504585,win,0.20000000000000284,160908.4194650458
2026-04-21 04:05:00+00:00,2026-04-21 04:55:00+00:00,buy,85.15,84.7,85.60000000000001,84.7,3797.964877000995,-1709.0841946504586,169199.3352703954,loss,-0.45000000000000284,159199.33527039533
2026-04-21 08:05:00+00:00,2026-04-21 09:45:00+00:00,buy,84.84,84.35,85.33000000000001,85.33000000000001,3453.0476585794336,1691.9933527039539,170891.32862309934,win,0.4900000000000091,160891.32862309928
2026-04-21 11:40:00+00:00,2026-04-21 12:25:00+00:00,buy,85.34,84.91,85.77000000000001,84.91,3974.2169447231777,-1708.9132862309934,169182.41533686835,loss,-0.4300000000000068,159182.4153368683
2026-04-21 13:00:00+00:00,2026-04-21 15:00:00+00:00,buy,85.27,84.84,85.69999999999999,85.69999999999999,3934.474775276076,1691.8241533686835,170874.23949023703,win,0.4299999999999926,160874.23949023697
2026-04-21 17:15:00+00:00,2026-04-21 17:40:00+00:00,buy,85.29,84.6,85.98000000000002,85.98000000000002,2476.438253481653,1708.7423949023703,172582.9818851394,win,0.6900000000000119,162582.98188513934
2026-04-21 18:55:00+00:00,2026-04-21 20:10:00+00:00,buy,85.3,84.72,85.88,84.72,2975.5686531920674,-1725.829818851394,170857.152066288,loss,-0.5799999999999983,160857.15206628793
2026-04-21 22:35:00+00:00,2026-04-21 23:10:00+00:00,sell,84.05,84.63,83.47,84.63,2945.8129666601467,-1708.57152066288,169148.58054562513,loss,0.5799999999999983,159148.58054562507
2026-04-22 00:30:00+00:00,2026-04-22 02:00:00+00:00,sell,84.46,84.99,83.92999999999999,84.99,3191.482651804241,-1691.4858054562512,167457.09474016886,loss,0.5300000000000011,157457.0947401688
2026-04-22 03:05:00+00:00,2026-04-22 05:10:00+00:00,buy,85.5,84.92,86.08,86.08,2887.1912886236096,1674.5709474016887,169131.66568757055,win,0.5799999999999983,159131.6656875705
2026-04-22 05:20:00+00:00,2026-04-22 06:10:00+00:00,buy,86.23,85.52,86.94000000000001,86.94000000000001,2382.136136444629,1691.3166568757053,170822.98234444627,win,0.710000000000008,160822.9823444462
2026-04-22 08:15:00+00:00,2026-04-22 08:20:00+00:00,buy,86.7,86.36,87.04,87.04,5024.205363071898,1708.2298234444625,172531.21216789074,win,0.3400000000000034,162531.21216789068
2026-04-22 08:30:00+00:00,2026-04-22 17:00:00+00:00,buy,87.47,86.32,88.62,88.62,1500.2714101555644,1725.3121216789075,174256.52428956964,win,1.1500000000000057,164256.52428956958
2026-04-22 17:15:00+00:00,2026-04-22 17:30:00+00:00,buy,88.65,87.98,89.32000000000001,87.98,2600.843646112973,-1742.5652428956964,172513.95904667396,loss,-0.6700000000000017,162513.9590466739
2026-04-22 21:10:00+00:00,2026-04-22 22:00:00+00:00,buy,87.37,87.02,87.72000000000001,87.02,4928.970258476279,-1725.1395904667397,170788.81945620722,loss,-0.3500000000000085,160788.81945620716
2026-04-23 04:05:00+00:00,2026-04-23 04:30:00+00:00,sell,86.01,86.53,85.49000000000001,85.49000000000001,3284.4003741578563,1707.8881945620722,172496.7076507693,win,-0.519999999999996,162496.70765076924
2026-04-23 05:20:00+00:00,2026-04-23 06:40:00+00:00,sell,85.44,86.05,84.83,84.83,2827.814879520811,1724.967076507693,174221.674727277,win,-0.6099999999999994,164221.67472727693
2026-04-23 08:30:00+00:00,2026-04-23 09:05:00+00:00,sell,85.07,85.37,84.76999999999998,85.37,5807.38915757568,-1742.21674727277,172479.45798000423,loss,0.30000000000001137,162479.45798000417
2026-04-23 10:50:00+00:00,2026-04-23 11:25:00+00:00,sell,85.34,85.6,85.08000000000001,85.08000000000001,6633.8253069234715,1724.7945798000424,174204.25255980427,win,-0.2599999999999909,164204.2525598042
2026-04-23 11:40:00+00:00,2026-04-23 12:05:00+00:00,sell,85.0,85.35,84.65,84.65,4977.264358851631,1742.0425255980426,175946.29508540232,win,-0.3499999999999943,165946.29508540226
2026-04-23 13:10:00+00:00,2026-04-23 14:45:00+00:00,sell,84.6,85.16,84.03999999999999,85.16,3141.898126525029,-1759.4629508540233,174186.8321345483,loss,0.5600000000000023,164186.83213454825
2026-04-23 16:15:00+00:00,2026-04-23 17:25:00+00:00,sell,85.07,85.48,84.65999999999998,85.48,4248.459320354725,-1741.868321345483,172444.96381320283,loss,0.4100000000000108,162444.96381320278
2026-04-23 19:15:00+00:00,2026-04-23 20:00:00+00:00,sell,85.53999999999999,86.08,84.99999999999999,84.99999999999999,3193.4252558000157,1724.4496381320284,174169.41345133487,win,-0.5400000000000063,164169.4134513348
2026-04-23 20:10:00+00:00,2026-04-23 20:35:00+00:00,sell,84.85,85.63,84.07,84.07,2232.9411980940336,1741.6941345133487,175911.10758584822,win,-0.7800000000000011,165911.10758584816
2026-04-23 20:45:00+00:00,2026-04-23 20:55:00+00:00,sell,84.03999999999999,84.8,83.27999999999999,84.8,2314.6198366558824,-1759.1110758584825,174151.99650998975,loss,0.7600000000000051,164151.9965099897
2026-04-24 07:35:00+00:00,2026-04-24 08:55:00+00:00,sell,84.77,85.14,84.39999999999999,85.14,4706.810716486151,-1741.5199650998973,172410.47654488985,loss,0.37000000000000455,162410.4765448898
2026-04-24 10:35:00+00:00,2026-04-24 10:50:00+00:00,sell,84.74,84.95,84.52999999999999,84.95,8210.022692613493,-1724.104765448899,170686.37177944096,loss,0.21000000000000796,160686.3717794409
2026-04-24 11:05:00+00:00,2026-04-24 11:15:00+00:00,sell,84.71,84.99,84.42999999999999,84.99,6095.941849265724,-1706.8637177944097,168979.50806164654,loss,0.28000000000000114,158979.50806164648
2026-04-24 12:00:00+00:00,2026-04-24 13:00:00+00:00,sell,84.67,85.06,84.28,85.06,4332.807899016571,-1689.7950806164654,167289.71298103008,loss,0.39000000000000057,157289.71298103002
2026-04-24 18:40:00+00:00,2026-04-24 23:35:00+00:00,buy,85.65,85.25,86.05000000000001,86.05000000000001,4182.242824525692,1672.8971298103008,168962.61011084038,win,0.4000000000000057,158962.61011084032
2026-04-24 23:50:00+00:00,2026-04-25 01:35:00+00:00,buy,86.3,85.57,87.03,85.57,2314.556302888212,-1689.626101108404,167272.98400973197,loss,-0.730000000000004,157272.9840097319
2026-04-25 04:15:00+00:00,2026-04-25 08:30:00+00:00,buy,85.67,85.47,85.87,85.47,8363.64920048648,-1672.7298400973198,165600.25416963466,loss,-0.20000000000000284,155600.2541696346
2026-04-25 09:05:00+00:00,2026-04-25 09:30:00+00:00,buy,85.62,85.5,85.74000000000001,85.74000000000001,13800.021180802367,1656.0025416963467,167256.256711331,win,0.12000000000000455,157256.25671133093
2026-04-25 09:45:00+00:00,2026-04-25 11:30:00+00:00,buy,85.81,85.53,86.09,86.09,5973.437739690368,1672.56256711331,168928.8192784443,win,0.28000000000000114,158928.81927844425
2026-04-25 14:15:00+00:00,2026-04-25 14:20:00+00:00,buy,86.1,85.89,86.30999999999999,85.89,8044.229489449968,-1689.288192784443,167239.53108565987,loss,-0.20999999999999375,157239.5310856598
2026-04-25 15:15:00+00:00,2026-04-25 15:20:00+00:00,buy,85.82000000000001,85.57,86.07000000000002,86.07000000000002,6689.581243426014,1672.3953108565986,168911.92639651647,win,0.2500000000000142,158911.9263965164
2026-04-25 16:35:00+00:00,2026-04-25 18:45:00+00:00,buy,85.95,85.72,86.18,85.72,7343.996799848415,-1689.1192639651647,167222.8071325513,loss,-0.23000000000000398,157222.80713255124
2026-04-25 20:55:00+00:00,2026-04-26 00:05:00+00:00,sell,84.92999999999999,85.37,84.48999999999998,85.37,3800.5183439215175,-1672.2280713255132,165550.57906122578,loss,0.44000000000001194,155550.57906122573
2026-04-26 00:40:00+00:00,2026-04-26 01:30:00+00:00,sell,85.12,85.42,84.82000000000001,85.42,5518.352635374245,-1655.505790612258,163895.07327061353,loss,0.29999999999999716,153895.07327061347
2026-04-26 03:05:00+00:00,2026-04-26 03:55:00+00:00,sell,85.42999999999999,85.57000000000001,85.28999999999998,85.28999999999998,11706.790947899732,1638.9507327061356,165534.02400331968,win,-0.14000000000001478,155534.02400331962
2026-04-26 06:25:00+00:00,2026-04-26 06:30:00+00:00,sell,85.51,85.76,85.26,85.26,6621.360960132787,1655.3402400331968,167189.36424335287,win,-0.25,157189.36424335281
2026-04-26 10:50:00+00:00,2026-04-26 11:35:00+00:00,buy,85.91,85.72,86.1,86.1,8799.440223334468,1671.8936424335288,168861.2578857864,win,0.18999999999999773,158861.25788578636
2026-04-26 14:25:00+00:00,2026-04-26 15:00:00+00:00,buy,85.98,85.75,86.21000000000001,85.75,7341.793821121022,-1688.6125788578643,167172.64530692855,loss,-0.23000000000000398,157172.6453069285
2026-04-26 17:05:00+00:00,2026-04-26 19:50:00+00:00,buy,85.63,85.3,85.96,85.96,5065.837736573619,1671.7264530692855,168844.37175999783,win,0.3299999999999983,158844.37175999777
2026-04-26 21:10:00+00:00,2026-04-26 21:15:00+00:00,buy,85.97,85.74,86.2,86.2,7341.059641738909,1688.4437175999783,170532.81547759782,win,0.23000000000000398,160532.81547759776
2026-04-26 22:15:00+00:00,2026-04-27 00:45:00+00:00,buy,86.37,85.76,86.98,85.76,2795.619925862262,-1705.3281547759782,168827.48732282183,loss,-0.6099999999999994,158827.48732282178
2026-04-27 00:55:00+00:00,2026-04-27 04:00:00+00:00,buy,86.36,85.56,87.16,87.16,2110.3435915352807,1688.2748732282184,170515.76219605005,win,0.7999999999999972,160515.76219605
2026-04-27 05:00:00+00:00,2026-04-27 08:15:00+00:00,buy,87.26,86.12,88.4,86.12,1495.7522999653506,-1705.1576219605006,168810.60457408955,loss,-1.1400000000000006,158810.6045740895
2026-04-27 10:15:00+00:00,2026-04-27 11:25:00+00:00,sell,84.85,85.24,84.46,84.46,4328.477040361265,1688.1060457408958,170498.71061983044,win,-0.39000000000000057,160498.71061983038
2026-04-27 14:00:00+00:00,2026-04-27 17:35:00+00:00,sell,84.49,84.95,84.02999999999999,84.95,3706.4937091266847,-1704.9871061983044,168793.72351363214,loss,0.46000000000000796,158793.72351363208
2026-04-27 18:00:00+00:00,2026-04-27 18:15:00+00:00,sell,84.48,85.25,83.71000000000001,83.71000000000001,2192.1262793978317,1687.9372351363218,170481.66074876845,win,-0.769999999999996,160481.6607487684
2026-04-27 18:25:00+00:00,2026-04-29 12:45:00+00:00,sell,83.51,84.75,82.27000000000001,84.75,1374.8521028126545,-1704.8166074876845,168776.84414128077,loss,1.2399999999999949,158776.84414128072
2026-04-29 12:55:00+00:00,2026-04-29 15:00:00+00:00,buy,84.93,84.05,85.81000000000002,84.05,1917.918683423624,-1687.7684414128078,167089.07569986797,loss,-0.8800000000000097,157089.0756998679
2026-04-29 18:05:00+00:00,2026-04-29 18:10:00+00:00,sell,83.06,83.44,82.68,82.68,4397.080939470263,1670.8907569986798,168759.96645686665,win,-0.37999999999999545,158759.9664568666
2026-04-29 18:50:00+00:00,2026-04-29 21:05:00+00:00,sell,82.45,83.32000000000001,81.58,81.58,1939.7697293892616,1687.5996645686664,170447.56612143532,win,-0.8700000000000045,160447.56612143526
2026-04-29 21:20:00+00:00,2026-04-30 02:00:00+00:00,sell,81.09,82.82000000000001,79.36,82.82000000000001,985.2460469447107,-1704.4756612143533,168743.09046022096,loss,1.730000000000004,158743.0904602209
2026-04-30 02:20:00+00:00,2026-04-30 03:30:00+00:00,sell,82.3,82.88,81.72,82.88,2909.3636286245082,-1687.43090460221,167055.65955561877,loss,0.5799999999999983,157055.6595556187
2026-04-30 05:20:00+00:00,2026-04-30 05:30:00+00:00,sell,83.02,83.34,82.69999999999999,82.69999999999999,5220.4893611129655,1670.5565955561876,168726.21615117494,win,-0.3200000000000074,158726.2161511749
2026-04-30 05:40:00+00:00,2026-05-01 06:15:00+00:00,sell,82.21,83.32000000000001,81.09999999999998,83.32000000000001,1520.0560013619179,-1687.2621615117496,167038.9539896632,loss,1.1100000000000136,157038.95398966313
2026-05-01 06:25:00+00:00,2026-05-01 16:50:00+00:00,buy,83.44,82.85,84.03,84.03,2831.1687116891903,1670.389539896632,168709.34352955982,win,0.5900000000000034,158709.34352955976
2026-05-01 18:15:00+00:00,2026-05-01 22:15:00+00:00,buy,83.73,83.21,84.25000000000001,83.21,3244.4104524914715,-1687.0934352955983,167022.25009426422,loss,-0.5200000000000102,157022.25009426416
2026-05-02 09:20:00+00:00,2026-05-02 09:50:00+00:00,sell,82.94,83.08,82.8,83.08,11930.160721018825,-1670.2225009426422,165352.02759332157,loss,0.14000000000000057,155352.02759332152
2026-05-02 14:10:00+00:00,2026-05-02 14:30:00+00:00,sell,83.14,83.3,82.98,82.98,10334.501724582818,1653.5202759332158,167005.54786925478,win,-0.1599999999999966,157005.54786925472
2026-05-02 14:45:00+00:00,2026-05-02 15:20:00+00:00,sell,82.95,83.17,82.73,83.17,7591.1612667843465,-1670.0554786925477,165335.49239056223,loss,0.21999999999999886,155335.49239056217
2026-05-02 16:10:00+00:00,2026-05-03 00:25:00+00:00,buy,83.34,83.03999999999999,83.64000000000001,83.64000000000001,5511.183079685199,1653.3549239056224,166988.84731446786,win,0.30000000000001137,156988.8473144678
2026-05-03 00:35:00+00:00,2026-05-03 00:40:00+00:00,buy,83.69,83.42999999999999,83.95,83.95,6422.647973633252,1669.8884731446785,168658.73578761253,win,0.2600000000000051,158658.73578761247
2026-05-03 01:55:00+00:00,2026-05-03 02:00:00+00:00,buy,83.73,83.37,84.09,84.09,4684.964882989245,1686.5873578761255,170345.32314548866,win,0.35999999999999943,160345.3231454886
2026-05-03 09:25:00+00:00,2026-05-03 09:50:00+00:00,sell,82.92999999999999,83.1,82.75999999999999,83.1,10020.313126205116,-1703.4532314548867,168641.86991403377,loss,0.1700000000000017,158641.8699140337
2026-05-03 11:30:00+00:00,2026-05-03 12:25:00+00:00,sell,83.14,83.35,82.93,83.35,8030.565234001848,-1686.4186991403378,166955.45121489343,loss,0.20999999999999375,156955.45121489337
2026-05-03 13:45:00+00:00,2026-05-03 14:40:00+00:00,sell,83.22,83.44,83.0,83.44,7588.884146131559,-1669.5545121489342,165285.8967027445,loss,0.21999999999999886,155285.89670274445
2026-05-03 16:10:00+00:00,2026-05-03 16:25:00+00:00,buy,83.5,83.36,83.64,83.36,11806.135478767417,-1652.858967027445,163633.03773571705,loss,-0.14000000000000057,153633.037735717
2026-05-03 17:05:00+00:00,2026-05-03 19:20:00+00:00,buy,83.56,83.32,83.80000000000001,83.32,6818.0432389879525,-1636.3303773571706,161996.70735835988,loss,-0.2400000000000091,151996.70735835982
2026-05-03 19:35:00+00:00,2026-05-03 23:20:00+00:00,buy,83.55,83.28,83.82,83.82,5999.878050309714,1619.967073583599,163616.67443194348,win,0.269999999999996,153616.67443194342
2026-05-03 23:35:00+00:00,2026-05-03 23:45:00+00:00,buy,83.91,83.61,84.21,83.61,5453.889147731501,-1636.1667443194349,161980.50768762405,loss,-0.29999999999999716,151980.507687624
2026-05-04 01:00:00+00:00,2026-05-04 01:15:00+00:00,buy,83.73,83.17,84.29,84.29,2892.5090658504178,1619.8050768762405,163600.3127645003,win,0.5600000000000023,153600.31276450024
2026-05-04 02:00:00+00:00,2026-05-04 02:20:00+00:00,buy,84.32000000000001,83.37,85.27000000000001,83.37,1722.1085554157874,-1636.003127645003,161964.3096368553,loss,-0.9500000000000028,151964.30963685524
2026-05-04 04:30:00+00:00,2026-05-04 04:50:00+00:00,buy,83.18,82.67999999999999,83.68000000000002,83.68000000000002,3239.286192737014,1619.643096368553,163583.95273322385,win,0.5000000000000142,153583.9527332238
2026-05-04 05:00:00+00:00,2026-05-04 07:15:00+00:00,buy,83.96000000000001,82.87,85.05000000000001,85.05000000000001,1500.770208561682,1635.8395273322385,165219.79226055607,win,1.0900000000000034,155219.79226055602
2026-05-04 07:30:00+00:00,2026-05-04 08:15:00+00:00,buy,85.13,84.63,85.63,84.63,3304.3958452111215,-1652.1979226055607,163567.59433795052,loss,-0.5,153567.59433795046
2026-05-04 12:25:00+00:00,2026-05-04 12:50:00+00:00,buy,84.22,83.92999999999999,84.51,84.51,5640.26187372231,1635.6759433795053,165203.27028133,win,0.29000000000000625,155203.27028132995
2026-05-04 16:05:00+00:00,2026-05-04 16:10:00+00:00,sell,83.15,83.42,82.88000000000001,83.42,6118.63964004935,-1652.0327028133004,163551.2375785167,loss,0.269999999999996,153551.23757851665
2026-05-04 20:05:00+00:00,2026-05-04 20:50:00+00:00,buy,84.04,83.69,84.39000000000001,84.39000000000001,4672.89250224322,1635.512375785167,165186.74995430186,win,0.3500000000000085,155186.7499543018
2026-05-04 21:25:00+00:00,2026-05-04 21:50:00+00:00,buy,84.51,83.95,85.07000000000001,83.95,2949.763392041093,-1651.8674995430188,163534.88245475886,loss,-0.5600000000000023,153534.8824547588
2026-05-04 23:05:00+00:00,2026-05-04 23:35:00+00:00,sell,83.64,83.85,83.43,83.43,7787.37535498875,1635.3488245475887,165170.23127930643,win,-0.20999999999999375,155170.23127930638
2026-05-05 01:30:00+00:00,2026-05-05 02:00:00+00:00,sell,83.53999999999999,83.8,83.27999999999999,83.8,6352.701203050122,-1651.7023127930643,163518.52896651338,loss,0.2600000000000051,153518.52896651332
2026-05-05 02:15:00+00:00,2026-05-05 05:35:00+00:00,sell,83.39,84.01,82.77,84.01,2637.395628492132,-1635.1852896651337,161883.34367684825,loss,0.6200000000000045,151883.3436768482
2026-05-05 08:20:00+00:00,2026-05-05 09:40:00+00:00,buy,84.21000000000001,83.87,84.55000000000001,83.87,4761.2748140249005,-1618.8334367684824,160264.51024007978,loss,-0.3400000000000034,150264.51024007972
2026-05-05 09:50:00+00:00,2026-05-05 10:35:00+00:00,buy,84.07000000000001,83.81,84.33000000000001,84.33000000000001,6164.019624618332,1602.645102400798,161867.15534248058,win,0.2600000000000051,151867.15534248052
2026-05-05 11:35:00+00:00,2026-05-05 11:40:00+00:00,buy,84.38,84.12,84.63999999999999,84.12,6225.659820864856,-1618.6715534248058,160248.48378905578,loss,-0.2599999999999909,150248.48378905572
2026-05-05 13:05:00+00:00,2026-05-05 13:20:00+00:00,buy,83.86,83.7,84.02,84.02,10015.5302368162,1602.4848378905576,161850.96862694633,win,0.1599999999999966,151850.96862694627
2026-05-05 13:30:00+00:00,2026-05-05 15:25:00+00:00,buy,84.07000000000001,83.67,84.47000000000001,84.47000000000001,4046.274215673601,1618.5096862694634,163469.4783132158,win,0.4000000000000057,153469.47831321575
2026-05-05 15:45:00+00:00,2026-05-05 16:00:00+00:00,buy,84.56,84.19,84.93,84.93,4418.094008465238,1634.6947831321584,165104.17309634795,win,0.37000000000000455,155104.1730963479
2026-05-05 16:10:00+00:00,2026-05-05 19:35:00+00:00,buy,85.06,84.46,85.66000000000001,84.46,2751.736218272427,-1651.0417309634795,163453.13136538447,loss,-0.6000000000000085,153453.1313653844
2026-05-05 21:05:00+00:00,2026-05-05 21:45:00+00:00,buy,84.83,84.56,85.1,85.1,6053.819680199515,1634.5313136538448,165087.6626790383,win,0.269999999999996,155087.66267903824
2026-05-05 21:55:00+00:00,2026-05-05 22:25:00+00:00,buy,85.16,84.84,85.47999999999999,85.47999999999999,5158.989458720057,1650.876626790383,166738.5393058287,win,0.3199999999999932,156738.53930582863
2026-05-05 22:40:00+00:00,2026-05-05 23:50:00+00:00,buy,85.67,85.12,86.22,86.22,3031.609805560537,1667.3853930582868,168405.92469888699,win,0.5499999999999972,158405.92469888693
2026-05-06 01:05:00+00:00,2026-05-06 01:40:00+00:00,buy,86.04,85.53,86.55000000000001,85.53,3302.076954880104,-1684.05924698887,166721.8654518981,loss,-0.5100000000000051,156721.86545189805
2026-05-06 02:00:00+00:00,2026-05-06 03:20:00+00:00,buy,86.26,85.46,87.06000000000002,85.46,2084.023318148697,-1667.2186545189813,165054.64679737913,loss,-0.8000000000000114,155054.64679737907
2026-05-06 03:50:00+00:00,2026-05-06 04:45:00+00:00,buy,85.8,85.37,86.22999999999999,86.22999999999999,3838.48015807865,1650.5464679737913,166705.19326535292,win,0.4299999999999926,156705.19326535286
2026-05-06 06:00:00+00:00,2026-05-06 06:05:00+00:00,buy,86.11,85.64,86.58,86.58,3546.9190056458156,1667.0519326535293,168372.24519800645,win,0.46999999999999886,158372.2451980064
2026-05-06 06:25:00+00:00,2026-05-06 11:30:00+00:00,buy,86.63,85.78999999999999,87.47,87.47,2004.4314904524497,1683.7224519800645,170055.9676499865,win,0.8400000000000034,160055.96764998644
2026-05-06 11:40:00+00:00,2026-05-06 11:50:00+00:00,buy,87.58,87.02,88.14,88.14,3036.713708035461,1700.559676499865,171756.52732648636,win,0.5600000000000023,161756.5273264863
2026-05-06 12:00:00+00:00,2026-05-06 14:20:00+00:00,buy,88.18,87.12,89.24000000000001,89.24000000000001,1620.3445974196793,1717.5652732648637,173474.09259975122,win,1.0600000000000023,163474.09259975117
2026-05-06 15:35:00+00:00,2026-05-06 16:00:00+00:00,buy,89.11,88.74,89.48,88.74,4688.488989182408,-1734.7409259975122,171739.3516737537,loss,-0.37000000000000455,161739.35167375364
2026-05-06 17:45:00+00:00,2026-05-07 01:05:00+00:00,buy,88.01,86.72,89.30000000000001,89.30000000000001,1331.312803672503,1717.393516737537,173456.74519049123,win,1.2900000000000063,163456.74519049117
2026-05-07 09:30:00+00:00,2026-05-07 09:40:00+00:00,buy,87.99,87.58,88.39999999999999,88.39999999999999,4230.6523217193335,1734.5674519049123,175191.31264239614,win,0.4099999999999966,165191.31264239608
2026-05-07 09:55:00+00:00,2026-05-07 10:35:00+00:00,buy,88.49,87.51,89.46999999999998,89.46999999999998,1787.666455534673,1751.9131264239613,176943.2257688201,win,0.9799999999999898,166943.22576882003
2026-05-07 10:45:00+00:00,2026-05-07 12:00:00+00:00,buy,89.7,88.64,90.76,88.64,1669.275714800186,-1769.432257688201,175173.7935111319,loss,-1.0600000000000023,165173.79351113184
2026-05-07 12:45:00+00:00,2026-05-07 13:10:00+00:00,buy,89.12,88.59,89.65,88.59,3305.1659153043684,-1751.737935111319,173422.0555760206,loss,-0.5300000000000011,163422.05557602053
2026-05-07 14:05:00+00:00,2026-05-07 16:35:00+00:00,buy,88.85,88.3,89.39999999999999,88.3,3153.128283200391,-1734.220555760206,171687.8350202604,loss,-0.5499999999999972,161687.83502026033
2026-05-07 23:35:00+00:00,2026-05-07 23:50:00+00:00,sell,87.58,88.05,87.11,88.05,3652.932660005549,-1716.878350202604,169970.95667005779,loss,0.46999999999999886,159970.95667005773
2026-05-08 00:00:00+00:00,2026-05-08 03:20:00+00:00,sell,87.39,88.09,86.69,88.09,2428.1565238579583,-1699.7095667005776,168271.24710335722,loss,0.7000000000000028,158271.24710335716
2026-05-08 03:35:00+00:00,2026-05-08 05:15:00+00:00,sell,87.66,88.4,86.91999999999999,86.91999999999999,2273.9357716669615,1682.7124710335722,169953.95957439078,win,-0.7400000000000091,159953.95957439073
2026-05-08 07:35:00+00:00,2026-05-08 07:40:00+00:00,sell,87.52,87.7,87.33999999999999,87.33999999999999,9441.886643021353,1699.539595743908,171653.4991701347,win,-0.18000000000000682,161653.49917013463
2026-05-08 08:55:00+00:00,2026-05-08 09:00:00+00:00,sell,87.46,87.76,87.15999999999998,87.15999999999998,5721.78330567094,1716.5349917013468,173370.03416183603,win,-0.30000000000001137,163370.03416183597
2026-05-08 10:05:00+00:00,2026-05-08 11:35:00+00:00,sell,87.12,87.76,86.48,87.76,2708.9067837786856,-1733.7003416183604,171636.33382021767,loss,0.6400000000000006,161636.3338202176
2026-05-08 17:05:00+00:00,2026-05-08 17:15:00+00:00,buy,87.88,87.3,88.46,88.46,2959.247134831348,1716.3633382021767,173352.69715841985,win,0.5799999999999983,163352.6971584198
2026-05-08 18:45:00+00:00,2026-05-08 20:25:00+00:00,buy,88.65,87.73,89.57000000000001,89.57000000000001,1884.2684473741253,1733.5269715841985,175086.22413000403,win,0.9200000000000017,165086.22413000398
2026-05-08 20:35:00+00:00,2026-05-08 20:40:00+00:00,buy,89.67,88.88,90.46000000000001,90.46000000000001,2216.2813181012993,1750.8622413000403,176837.08637130406,win,0.7900000000000063,166837.086371304
2026-05-08 21:00:00+00:00,2026-05-09 07:05:00+00:00,buy,91.28,89.21,93.35000000000001,93.35000000000001,854.285441407263,1768.3708637130408,178605.4572350171,win,2.0700000000000074,168605.45723501703
