entry_time,exit_time,side,entry,sl,tp,exit,qty,pnl,balance_after,result,exit_minus_entry,cumulative_pnl
2025-01-24 15:10:00+00:00,2025-01-24 16:20:00+00:00,sell,19.235,19.2624,19.2076,19.2624,3649.635036496338,-100.0,9900.0,loss,0.02740000000000009,-100.0
2025-01-24 17:05:00+00:00,2025-01-24 17:40:00+00:00,buy,19.28124,19.2406,19.32188,19.32188,2436.023622047257,99.00000000000001,9999.0,win,0.04063999999999979,-0.9999999999999858
2025-01-24 18:55:00+00:00,2025-01-24 19:05:00+00:00,buy,19.3221,19.3003,19.343899999999998,19.343899999999998,4586.697247706647,99.99000000000001,10098.99,win,0.02179999999999893,98.99000000000002
2025-01-24 19:15:00+00:00,2025-01-24 22:05:00+00:00,buy,19.3442,19.3136,19.3748,19.3136,3300.323529411793,-100.9899,9998.0001,loss,-0.03059999999999974,-1.9998999999999825
2025-01-24 23:10:00+00:00,2025-01-24 23:25:00+00:00,buy,19.3261,19.310200000000002,19.342,19.310200000000002,6288.050377359095,-99.980001,9898.020099,loss,-0.01589999999999847,-101.97990099999998
2025-01-27 00:45:00+00:00,2025-01-27 01:20:00+00:00,buy,19.330199999999998,19.2837,19.376699999999996,19.376699999999996,2128.606472903308,98.98020099,9997.000299989999,win,0.04649999999999821,-2.9997000099999838
2025-01-27 01:30:00+00:00,2025-01-27 09:50:00+00:00,buy,19.3966,19.3403,19.4529,19.4529,1775.6661278845393,99.97000299989999,10096.9703029899,win,0.05630000000000024,96.9703029899
2025-01-27 10:10:00+00:00,2025-01-27 12:45:00+00:00,buy,19.4543,19.3881,19.5205,19.5205,1525.2221001495666,100.969703029899,10197.940006019799,win,0.06619999999999848,197.940006019799
2025-01-27 12:55:00+00:00,2025-01-27 13:20:00+00:00,buy,19.528,19.4629,19.593099999999996,19.593099999999996,1566.5038411705364,101.97940006019799,10299.919406079996,win,0.0650999999999975,299.919406079997
2025-01-27 13:45:00+00:00,2025-01-28 11:30:00+00:00,buy,19.615299999999998,19.5194,19.711199999999995,19.5194,1074.0270496434143,-102.99919406079997,10196.920212019197,loss,-0.09589999999999677,196.920212019197
2025-01-28 15:10:00+00:00,2025-01-28 15:55:00+00:00,sell,19.4814,19.5133,19.4495,19.4495,3196.526712231697,101.96920212019197,10298.889414139388,win,-0.03190000000000026,298.889414139389
2025-01-28 18:15:00+00:00,2025-01-28 18:20:00+00:00,sell,19.5155,19.548099999999998,19.4829,19.4829,3159.1685319447306,102.98889414139389,10401.878308280782,win,-0.03259999999999863,401.87830828078285
2025-01-28 20:15:00+00:00,2025-01-28 21:05:00+00:00,sell,19.4886,19.5036,19.473600000000005,19.5036,6934.5855388552345,-104.01878308280783,10297.859525197975,loss,0.014999999999997016,297.859525197975
2025-01-28 21:35:00+00:00,2025-01-28 23:55:00+00:00,sell,19.4836,19.5042,19.462999999999997,19.462999999999997,4998.960934561705,102.97859525197975,10400.838120449955,win,-0.020600000000001728,400.8381204499548
2025-01-29 00:05:00+00:00,2025-01-29 02:50:00+00:00,sell,19.4349,19.495549999999998,19.37425,19.495549999999998,1714.894991005792,-104.00838120449954,10296.829739245455,loss,0.06064999999999898,296.82973924545524
2025-01-29 04:05:00+00:00,2025-01-29 04:10:00+00:00,sell,19.4881,19.5018,19.4744,19.5018,7515.934116237534,-102.96829739245456,10193.861441853001,loss,0.013700000000000045,193.86144185300068
2025-01-29 04:40:00+00:00,2025-01-29 05:00:00+00:00,sell,19.486900000000002,19.5033,19.470500000000005,19.5033,6215.769171862608,-101.93861441853002,10091.922827434471,loss,0.016399999999997306,91.92282743447066
2025-01-29 06:15:00+00:00,2025-01-29 06:20:00+00:00,sell,19.4858,19.4954,19.476200000000002,19.476200000000002,10512.419611912066,100.91922827434472,10192.842055708816,win,-0.009599999999998943,192.8420557088154
2025-01-29 06:30:00+00:00,2025-01-29 09:25:00+00:00,sell,19.4703,19.493399999999998,19.447200000000006,19.493399999999998,4412.485738402867,-101.92842055708815,10090.913635151728,loss,0.0230999999999959,90.91363515172725
2025-01-29 10:00:00+00:00,2025-01-29 12:40:00+00:00,sell,19.4638,19.497999999999998,19.4296,19.4296,2950.5595424421595,100.90913635151729,10191.822771503246,win,-0.034199999999998454,191.82277150324455
2025-01-29 12:50:00+00:00,2025-01-29 13:45:00+00:00,sell,19.428900000000002,19.4649,19.392900000000004,19.392900000000004,2831.061880973296,101.91822771503246,10293.740999218278,win,-0.03599999999999781,293.740999218277
2025-01-29 14:30:00+00:00,2025-01-29 15:30:00+00:00,sell,19.3917,19.4314,19.352,19.4314,2592.8818637829518,-102.9374099921828,10190.803589226096,loss,0.039699999999999847,190.80358922609423
2025-01-29 16:45:00+00:00,2025-01-29 17:50:00+00:00,sell,19.4226,19.4497,19.3955,19.3955,3760.444128865608,101.90803589226095,10292.711625118356,win,-0.02710000000000079,292.7116251183552
2025-01-29 18:00:00+00:00,2025-01-29 18:25:00+00:00,sell,19.3945,19.4321,19.356900000000003,19.356900000000003,2737.4233045529263,102.92711625118356,10395.63874136954,win,-0.037599999999997635,395.63874136953876
2025-01-29 19:00:00+00:00,2025-01-29 19:10:00+00:00,sell,19.356,19.382099999999998,19.329900000000006,19.329900000000006,3983.0033491843396,103.9563874136954,10499.595128783234,win,-0.026099999999996015,499.59512878323414
2025-01-29 19:20:00+00:00,2025-01-30 10:05:00+00:00,sell,19.322400000000002,19.3754,19.269400000000005,19.269400000000005,1981.055684676184,104.99595128783234,10604.591080071066,win,-0.05299999999999727,604.5910800710665
2025-01-30 10:55:00+00:00,2025-01-31 10:35:00+00:00,sell,19.2462,19.320899999999998,19.171500000000005,19.320899999999998,1419.6239732358194,-106.04591080071066,10498.545169270355,loss,0.07469999999999644,498.5451692703558
2025-01-31 12:05:00+00:00,2025-01-31 15:15:00+00:00,buy,19.3323,19.2845,19.3801,19.3801,2196.3483617720995,104.98545169270356,10603.53062096306,win,0.04779999999999873,603.5306209630594
2025-01-31 17:35:00+00:00,2025-01-31 17:45:00+00:00,buy,19.3503,19.3185,19.3821,19.3821,3334.4435914977657,106.0353062096306,10709.56592717269,win,0.031800000000000495,709.56592717269
2025-01-31 17:55:00+00:00,2025-02-03 00:00:00+00:00,buy,19.3915,19.3276,19.4554,19.3276,1675.9884080082384,-107.09565927172692,10602.470267900964,loss,-0.06390000000000029,602.470267900963
2025-02-03 01:20:00+00:00,2025-02-03 01:25:00+00:00,buy,19.35264,19.271,19.43428,19.43428,1298.6857261025166,106.02470267900966,10708.494970579974,win,0.08164000000000016,708.4949705799727
2025-02-03 01:40:00+00:00,2025-02-03 17:55:00+00:00,buy,19.4741,19.2853,19.6629,19.2853,567.1872336112259,-107.08494970579974,10601.410020874175,loss,-0.18880000000000052,601.4100208741729
2025-02-03 19:15:00+00:00,2025-02-03 20:15:00+00:00,sell,19.304100000000002,19.3543,19.253900000000005,19.3543,2111.834665512923,-106.01410020874175,10495.395920665433,loss,0.05019999999999669,495.39592066543116
2025-02-03 21:30:00+00:00,2025-02-03 21:40:00+00:00,sell,19.3377,19.352999999999998,19.322400000000005,19.322400000000005,6859.735895861411,104.95395920665433,10600.349879872087,win,-0.015299999999996317,600.3498798720855
2025-02-03 21:55:00+00:00,2025-02-03 23:20:00+00:00,sell,19.3212,19.3507,19.291700000000002,19.3507,3593.3389423296735,-106.00349879872087,10494.346381073367,loss,0.02949999999999875,494.34638107336457
2025-02-03 23:50:00+00:00,2025-02-04 00:20:00+00:00,sell,19.3266,19.3588,19.2944,19.3588,3259.1137829420836,-104.94346381073366,10389.402917262632,loss,0.03219999999999956,389.4029172626309
2025-02-04 01:35:00+00:00,2025-02-04 02:20:00+00:00,sell,19.3401,19.3666,19.3136,19.3136,3920.529402740818,103.89402917262633,10493.296946435259,win,-0.026499999999998636,493.29694643525727
2025-02-04 03:45:00+00:00,2025-02-04 07:00:00+00:00,sell,19.328300000000002,19.354,19.302600000000005,19.354,4082.9949207924146,-104.9329694643526,10388.363976970906,loss,0.025699999999996948,388.3639769709047
2025-02-04 09:00:00+00:00,2025-02-04 09:20:00+00:00,sell,19.323,19.3481,19.297900000000002,19.3481,4138.790429072347,-103.88363976970906,10284.480337201197,loss,0.025099999999998346,284.4803372011956
2025-02-04 09:40:00+00:00,2025-02-04 10:05:00+00:00,sell,19.3218,19.3498,19.2938,19.3498,3673.028691857742,-102.84480337201198,10181.635533829185,loss,0.027999999999998693,181.6355338291836
2025-02-04 13:30:00+00:00,2025-02-04 15:00:00+00:00,buy,19.3738,19.3517,19.395899999999997,19.395899999999997,4607.074902185521,101.81635533829187,10283.451889167476,win,0.022099999999998232,283.4518891674755
2025-02-04 15:10:00+00:00,2025-02-04 16:45:00+00:00,buy,19.4056,19.3553,19.4559,19.3553,2044.4238348245474,-102.83451889167476,10180.6173702758,loss,-0.05030000000000001,180.61737027580074
2025-02-04 17:00:00+00:00,2025-02-04 17:30:00+00:00,buy,19.3753,19.3479,19.4027,19.3479,3715.5537847721776,-101.806173702758,10078.811196573042,loss,-0.02740000000000009,78.81119657304274
2025-02-04 18:45:00+00:00,2025-02-04 18:50:00+00:00,buy,19.357599999999998,19.339000000000002,19.376199999999994,19.376199999999994,5418.715697083524,100.78811196573041,10179.599308538773,win,0.01859999999999573,179.59930853877313
2025-02-04 19:15:00+00:00,2025-02-05 01:50:00+00:00,buy,19.3796,19.3424,19.4168,19.3424,2736.4514270266573,-101.79599308538774,10077.803315453384,loss,-0.03719999999999857,77.8033154533854
2025-02-05 02:30:00+00:00,2025-02-05 12:05:00+00:00,buy,19.3785,19.3381,19.418899999999997,19.3381,2494.505771151938,-100.77803315453384,9977.02528229885,loss,-0.040399999999998215,-22.97471770114845
2025-02-05 16:55:00+00:00,2025-02-05 17:30:00+00:00,sell,19.351,19.3892,19.3128,19.3128,2611.7867231148966,99.7702528229885,10076.795535121839,win,-0.03819999999999979,76.79553512184005
2025-02-05 18:35:00+00:00,2025-02-06 00:10:00+00:00,sell,19.3072,19.3426,19.271800000000002,19.271800000000002,2846.5524110514307,100.76795535121839,10177.563490473058,win,-0.03539999999999921,177.56349047305844
2025-02-06 00:20:00+00:00,2025-02-06 05:40:00+00:00,sell,19.2668,19.2974,19.2362,19.2974,3326.0011406774984,-101.77563490473058,10075.787855568327,loss,0.03059999999999974,75.78785556832786
2025-02-06 05:55:00+00:00,2025-02-06 07:50:00+00:00,sell,19.2861,19.301099999999998,19.271100000000004,19.301099999999998,6717.191903713555,-100.75787855568328,9975.029977012644,loss,0.014999999999997016,-24.97002298735542
2025-02-06 11:05:00+00:00,2025-02-06 12:05:00+00:00,sell,19.2898,19.3234,19.2562,19.2562,2968.758921729967,99.75029977012645,10074.78027678277,win,-0.03359999999999985,74.78027678277103
2025-02-06 13:25:00+00:00,2025-02-06 16:00:00+00:00,sell,19.2651,19.3029,19.2273,19.2273,2665.285787508619,100.74780276782772,10175.528079550599,win,-0.03780000000000072,175.52807955059876
2025-02-06 16:40:00+00:00,2025-02-06 17:25:00+00:00,sell,19.223300000000002,19.2577,19.188900000000004,19.188900000000004,2958.002348706743,101.755280795506,10277.283360346104,win,-0.03439999999999799,277.28336034610476
2025-02-06 17:35:00+00:00,2025-02-06 21:50:00+00:00,sell,19.1873,19.25,19.1246,19.1246,1639.12015316526,102.77283360346104,10380.056193949566,win,-0.06269999999999953,380.0561939495658
2025-02-06 23:05:00+00:00,2025-02-07 00:00:00+00:00,sell,19.1322,19.1417,19.122700000000002,19.1417,10926.37494100049,-103.80056193949564,10276.25563201007,loss,0.009499999999999176,276.25563201007014
2025-02-07 00:55:00+00:00,2025-02-07 02:05:00+00:00,sell,19.1144,19.1698,19.059,19.1698,1854.9197891715335,-102.7625563201007,10173.49307568997,loss,0.055399999999998784,173.49307568996943
2025-02-07 03:05:00+00:00,2025-02-07 10:45:00+00:00,sell,19.1224,19.1727,19.0721,19.1727,2022.5632357236516,-101.7349307568997,10071.75814493307,loss,0.05030000000000001,71.75814493306973
2025-02-07 11:25:00+00:00,2025-02-07 15:30:00+00:00,sell,19.1351,19.186899999999998,19.083300000000005,19.083300000000005,1944.3548542343144,100.71758144933071,10172.475726382401,win,-0.051799999999996515,172.47572638240044
2025-02-07 16:45:00+00:00,2025-02-07 17:00:00+00:00,sell,19.0944,19.1303,19.058500000000002,19.058500000000002,2833.558698156812,101.72475726382402,10274.200483646226,win,-0.035899999999998045,274.2004836462245
2025-02-07 17:30:00+00:00,2025-02-07 19:15:00+00:00,sell,19.0468,19.101499999999998,18.992100000000004,18.992100000000004,1878.2816240670595,102.74200483646226,10376.942488482688,win,-0.05469999999999686,376.9424884826867
2025-02-07 20:35:00+00:00,2025-02-07 21:55:00+00:00,sell,18.9908,19.0164,18.9652,19.0164,4053.493159563434,-103.76942488482688,10273.17306359786,loss,0.025600000000000733,273.1730635978598
2025-02-07 23:25:00+00:00,2025-02-10 00:00:00+00:00,sell,19.0121,19.032899999999998,18.991300000000003,19.032899999999998,4939.02551134567,-102.73173063597862,10170.441332961882,loss,0.02079999999999771,170.4413329618812
2025-02-10 01:35:00+00:00,2025-02-10 03:00:00+00:00,sell,19.0989,19.127,19.070800000000002,19.070800000000002,3619.3741398442844,101.70441332961882,10272.1457462915,win,-0.02809999999999846,272.1457462915
2025-02-10 03:10:00+00:00,2025-02-10 07:50:00+00:00,sell,19.0679,19.1033,19.032500000000002,19.1033,2901.7360865230876,-102.72145746291501,10169.424288828586,loss,0.03539999999999921,169.42428882858502
2025-02-10 09:05:00+00:00,2025-02-10 09:45:00+00:00,sell,19.0625,19.0846,19.0404,19.0404,4601.549451959005,101.69424288828587,10271.118531716873,win,-0.022099999999998232,271.1185317168709
2025-02-10 11:00:00+00:00,2025-02-10 13:30:00+00:00,sell,19.0529,19.1002,19.0056,19.0056,2171.4838333439525,102.71118531716873,10373.829717034041,win,-0.0472999999999999,373.8297170340396
2025-02-10 13:40:00+00:00,2025-02-10 15:30:00+00:00,sell,18.9982,19.0277,18.968700000000002,18.968700000000002,3516.5524464523664,103.73829717034042,10477.568014204382,win,-0.02949999999999875,477.56801420438
2025-02-10 15:40:00+00:00,2025-02-10 17:40:00+00:00,sell,18.9606,19.003899999999998,18.9173,19.003899999999998,2419.7616660980902,-104.77568014204383,10372.792334062338,loss,0.04329999999999856,372.7923340623362
2025-02-10 20:00:00+00:00,2025-02-10 21:10:00+00:00,sell,19.0287,19.0396,19.0178,19.0178,9516.323242259494,103.72792334062339,10476.52025740296,win,-0.010899999999999466,476.5202574029596
2025-02-10 21:20:00+00:00,2025-02-10 21:55:00+00:00,sell,19.015900000000002,19.0311,19.000700000000005,19.000700000000005,6892.447537766671,104.76520257402962,10581.28545997699,win,-0.01519999999999655,581.2854599769892
2025-02-10 23:15:00+00:00,2025-02-10 23:45:00+00:00,sell,19.0047,19.014,18.9954,19.014,11377.726301050965,-105.8128545997699,10475.472605377221,loss,0.009299999999999642,475.4726053772192
2025-02-10 23:55:00+00:00,2025-02-11 01:35:00+00:00,sell,18.9953,19.017599999999998,18.973000000000003,18.973000000000003,4697.52134770326,104.75472605377222,10580.227331430993,win,-0.022299999999997766,580.2273314309914
2025-02-11 03:05:00+00:00,2025-02-11 04:30:00+00:00,sell,18.9994,19.0144,18.984400000000004,19.0144,7053.484887622065,-105.80227331430993,10474.425058116683,loss,0.014999999999997016,474.4250581166815
2025-02-11 05:45:00+00:00,2025-02-11 07:50:00+00:00,sell,19.0087,19.0229,18.994500000000002,18.994500000000002,7376.355674730641,104.74425058116684,10579.16930869785,win,-0.01419999999999888,579.1693086978484
2025-02-11 08:00:00+00:00,2025-02-11 08:35:00+00:00,sell,18.992900000000002,19.014599999999998,18.971200000000007,19.014599999999998,4875.1932298156635,-105.7916930869785,10473.377615610872,loss,0.02169999999999561,473.37761561086984
2025-02-11 11:05:00+00:00,2025-02-11 18:25:00+00:00,buy,19.07,19.0345,19.1055,19.1055,2950.2472156651197,104.73377615610873,10578.11139176698,win,0.03549999999999898,578.1113917669786
2025-02-11 18:40:00+00:00,2025-02-11 19:55:00+00:00,buy,19.106199999999998,19.0908,19.121599999999994,19.121599999999994,6868.903501149138,105.78111391766981,10683.892505684651,win,0.015399999999996083,683.8925056846484
2025-02-11 20:05:00+00:00,2025-02-11 21:35:00+00:00,buy,19.1267,19.11,19.1434,19.1434,6397.540422565598,106.8389250568465,10790.731430741498,win,0.01670000000000016,790.7314307414949
2025-02-11 22:05:00+00:00,2025-02-11 22:45:00+00:00,buy,19.150299999999998,19.1228,19.177799999999994,19.177799999999994,3923.902338451981,107.90731430741498,10898.638745048913,win,0.027499999999996305,898.6387450489099
2025-02-11 22:55:00+00:00,2025-02-11 23:55:00+00:00,buy,19.1782,19.157500000000002,19.1989,19.157500000000002,5265.042872004829,-108.98638745048913,10789.652357598423,loss,-0.020699999999997942,789.6523575984207
2025-02-12 01:10:00+00:00,2025-02-12 09:00:00+00:00,buy,19.1768,19.1579,19.1957,19.1579,5708.810771216525,-107.89652357598423,10681.755834022439,loss,-0.018899999999998585,681.7558340224365
2025-02-12 16:05:00+00:00,2025-02-12 16:10:00+00:00,buy,19.1562,19.1236,19.188799999999997,19.188799999999997,3276.612219025426,106.8175583402244,10788.573392362663,win,0.03259999999999863,788.5733923626609
2025-02-12 17:25:00+00:00,2025-02-12 17:35:00+00:00,buy,19.185399999999998,19.1595,19.211299999999994,19.211299999999994,4165.4723522641425,107.88573392362663,10896.45912628629,win,0.02589999999999648,896.4591262862875
2025-02-12 18:25:00+00:00,2025-02-12 19:55:00+00:00,buy,19.2183,19.1681,19.2685,19.2685,2170.609387706422,108.96459126286291,11005.423717549153,win,0.050200000000000244,1005.4237175491504
2025-02-12 21:25:00+00:00,2025-02-12 23:50:00+00:00,buy,19.2374,19.220100000000002,19.2547,19.220100000000002,6361.51659973985,-110.05423717549152,10895.369480373662,loss,-0.01729999999999876,895.3694803736589
2025-02-13 01:40:00+00:00,2025-02-13 04:40:00+00:00,buy,19.239,19.2098,19.2682,19.2682,3731.2909179362564,108.95369480373662,11004.323175177398,win,0.02919999999999945,1004.3231751773956
2025-02-13 05:00:00+00:00,2025-02-13 05:20:00+00:00,buy,19.2727,19.2533,19.2921,19.2533,5672.331533596313,-110.04323175177399,10894.279943425625,loss,-0.019400000000000972,894.2799434256216
2025-02-13 06:35:00+00:00,2025-02-13 08:30:00+00:00,buy,19.2607,19.2502,19.2712,19.2712,10375.504708024011,108.94279943425624,11003.222742859882,win,0.010500000000000398,1003.2227428598778
2025-02-13 08:45:00+00:00,2025-02-13 09:10:00+00:00,buy,19.2747,19.25,19.2994,19.25,4454.746049740973,-110.03222742859882,10893.190515431283,loss,-0.024699999999999278,893.190515431279
2025-02-13 09:20:00+00:00,2025-02-13 13:40:00+00:00,buy,19.2743,19.2395,19.3091,19.2395,3130.2271596066357,-108.93190515431283,10784.25861027697,loss,-0.03480000000000061,784.2586102769661
2025-02-13 15:35:00+00:00,2025-02-13 15:50:00+00:00,buy,19.249,19.227600000000002,19.270399999999995,19.270399999999995,5039.373182373285,107.84258610276972,10892.10119637974,win,0.02139999999999631,892.1011963797358
2025-02-13 16:00:00+00:00,2025-02-13 19:15:00+00:00,buy,19.2743,19.199840000000002,19.34876,19.34876,1462.8124088611296,108.9210119637974,11001.022208343536,win,0.07445999999999842,1001.0222083435332
2025-02-13 19:25:00+00:00,2025-02-13 19:55:00+00:00,buy,19.3518,19.3335,19.3701,19.3701,6011.487545542922,110.01022208343537,11111.032430426972,win,0.018299999999999983,1111.0324304269686
2025-02-13 22:15:00+00:00,2025-02-13 22:30:00+00:00,buy,19.342,19.3281,19.3559,19.3559,7993.548511098783,111.11032430426972,11222.142754731241,win,0.01389999999999958,1222.1427547312383
2025-02-13 23:45:00+00:00,2025-02-14 00:00:00+00:00,buy,19.3467,19.3271,19.366299999999995,19.3271,5725.583038129074,-112.22142754731242,11109.921327183929,loss,-0.019599999999996953,1109.9213271839258
2025-02-14 00:45:00+00:00,2025-02-14 08:40:00+00:00,buy,19.3536,19.3007,19.4065,19.3007,2100.174163928867,-111.09921327183929,10998.82211391209,loss,-0.05290000000000106,998.8221139120865
2025-02-14 12:30:00+00:00,2025-02-14 12:35:00+00:00,sell,19.2402,19.2635,19.216900000000003,19.216900000000003,4720.524512408828,109.98822113912091,11108.810335051212,win,-0.023299999999998988,1108.8103350512074
2025-02-14 12:45:00+00:00,2025-02-14 17:15:00+00:00,sell,19.2149,19.2606,19.1692,19.2606,2430.81188950792,-111.08810335051213,10997.7222317007,loss,0.045700000000000074,997.7222317006953
2025-02-14 21:05:00+00:00,2025-02-14 21:45:00+00:00,sell,19.2727,19.282899999999998,19.262500000000003,19.262500000000003,10782.080619317008,109.977222317007,11107.699454017707,win,-0.010199999999997544,1107.6994540177022
2025-02-14 23:00:00+00:00,2025-02-14 23:40:00+00:00,sell,19.267,19.2865,19.2475,19.2475,5696.256130265276,111.07699454017708,11218.776448557885,win,-0.01950000000000074,1218.7764485578793
2025-02-14 23:50:00+00:00,2025-02-17 07:20:00+00:00,sell,19.2466,19.2736,19.219600000000003,19.219600000000003,4155.102388355162,112.18776448557885,11330.964213043464,win,-0.02699999999999747,1330.9642130434581
2025-02-17 10:05:00+00:00,2025-02-17 10:30:00+00:00,buy,19.2912,19.268900000000002,19.313499999999998,19.313499999999998,5081.149871320448,113.30964213043464,11444.273855173898,win,0.022299999999997766,1444.2738551738928
2025-02-17 10:40:00+00:00,2025-02-17 18:35:00+00:00,buy,19.3204,19.2823,19.3585,19.2823,3003.7464186808115,-114.44273855173898,11329.83111662216,loss,-0.03810000000000002,1329.8311166221538
2025-02-17 19:30:00+00:00,2025-02-17 19:35:00+00:00,buy,19.2928,19.2763,19.3093,19.2763,6866.564313104079,-113.2983111662216,11216.532805455938,loss,-0.016500000000000625,1216.5328054559322
2025-02-17 19:55:00+00:00,2025-02-17 23:40:00+00:00,buy,19.2946,19.2758,19.313399999999998,19.2758,5966.2408539663,-112.1653280545594,11104.367477401378,loss,-0.018799999999998818,1104.3674774013728
2025-02-18 01:05:00+00:00,2025-02-18 01:15:00+00:00,buy,19.2868,19.2419,19.331699999999998,19.2419,2473.1330684636473,-111.04367477401377,10993.323802627365,loss,-0.044899999999998386,993.323802627359
2025-02-18 01:30:00+00:00,2025-02-18 11:55:00+00:00,buy,19.302599999999998,19.2357,19.369499999999995,19.2357,1643.2472051760662,-109.93323802627366,10883.390564601092,loss,-0.06689999999999685,883.3905646010853
2025-02-18 13:35:00+00:00,2025-02-18 14:10:00+00:00,sell,19.2706,19.2831,19.258100000000002,19.258100000000002,8706.71245168137,108.83390564601093,10992.224470247103,win,-0.01249999999999929,992.2244702470963
2025-02-18 14:55:00+00:00,2025-02-18 15:20:00+00:00,sell,19.256,19.2704,19.241600000000002,19.241600000000002,7633.489215450218,109.92224470247103,11102.146714949575,win,-0.014399999999998414,1102.1467149495672
2025-02-18 15:30:00+00:00,2025-02-18 17:10:00+00:00,sell,19.2407,19.266199999999998,19.215200000000003,19.266199999999998,4353.783025470863,-111.02146714949575,10991.125247800079,loss,0.025499999999997414,991.1252478000715
2025-02-18 18:25:00+00:00,2025-02-18 18:45:00+00:00,sell,19.25,19.2731,19.2269,19.2269,4758.062877835644,109.91125247800078,11101.03650027808,win,-0.023099999999999454,1101.0365002780723
2025-02-18 19:05:00+00:00,2025-02-19 09:45:00+00:00,sell,19.2252,19.2534,19.197000000000003,19.197000000000003,3936.5377660563045,111.0103650027808,11212.046865280861,win,-0.028199999999998226,1212.0468652808531
2025-02-19 09:55:00+00:00,2025-02-19 10:35:00+00:00,sell,19.1924,19.226499999999998,19.1583,19.1583,3287.990283073693,112.12046865280861,11324.16733393367,win,-0.03409999999999869,1324.1673339336617
2025-02-19 10:45:00+00:00,2025-02-19 11:20:00+00:00,sell,19.1568,19.1875,19.1261,19.1875,3688.6538547015807,-113.2416733393367,11210.925660594334,loss,0.030699999999999505,1210.9256605943249
2025-02-19 11:45:00+00:00,2025-02-19 11:55:00+00:00,sell,19.1583,19.189,19.1276,19.189,3651.767316154565,-112.10925660594334,11098.81640398839,loss,0.030699999999999505,1098.8164039883816
2025-02-19 15:45:00+00:00,2025-02-20 00:00:00+00:00,buy,19.372899999999998,19.2914,19.454399999999996,19.2914,1361.8179636795849,-110.98816403988393,10987.828239948507,loss,-0.08149999999999835,987.8282399484976
2025-02-20 01:35:00+00:00,2025-02-20 09:10:00+00:00,buy,19.3151,19.2672,19.363000000000003,19.2672,2293.909862202095,-109.87828239948506,10877.949957549023,loss,-0.04790000000000205,877.9499575490125
2025-02-20 10:10:00+00:00,2025-02-20 12:25:00+00:00,buy,19.3139,19.2869,19.3409,19.2869,4028.8703546476336,-108.77949957549023,10769.170457973532,loss,-0.027000000000001023,769.1704579735223
2025-02-20 14:05:00+00:00,2025-02-20 14:10:00+00:00,sell,19.2651,19.2831,19.2471,19.2471,5982.872476651736,107.69170457973533,10876.862162553267,win,-0.018000000000000682,876.8621625532576
2025-02-20 14:20:00+00:00,2025-02-20 18:20:00+00:00,sell,19.2466,19.2831,19.2101,19.2101,2979.9622363159474,108.76862162553267,10985.6307841788,win,-0.0365000000000002,985.6307841787902
2025-02-20 23:40:00+00:00,2025-02-20 23:55:00+00:00,sell,19.241500000000002,19.2519,19.231100000000005,19.2519,10563.106523251814,-109.85630784178801,10875.774476337012,loss,0.010399999999997078,875.7744763370022
2025-02-21 01:30:00+00:00,2025-02-21 07:40:00+00:00,sell,19.2427,19.2629,19.2225,19.2629,5384.046770464106,-108.75774476337014,10767.016731573642,loss,0.020199999999999108,767.016731573632
2025-02-21 09:05:00+00:00,2025-02-21 09:45:00+00:00,sell,19.257,19.276,19.238000000000003,19.238000000000003,5666.85091135504,107.67016731573642,10874.686898889378,win,-0.01899999999999835,874.6868988893684
2025-02-21 10:15:00+00:00,2025-02-21 16:55:00+00:00,sell,19.2274,19.269,19.1858,19.1858,2614.1074276177037,108.74686898889378,10983.433767878272,win,-0.04159999999999897,983.4337678782622
2025-02-21 17:10:00+00:00,2025-02-21 18:45:00+00:00,sell,19.1781,19.21924,19.136960000000002,19.136960000000002,2669.769997053632,109.83433767878273,11093.268105557056,win,-0.04113999999999862,1093.268105557045
2025-02-21 19:10:00+00:00,2025-02-21 19:25:00+00:00,sell,19.1366,19.1499,19.123300000000004,19.1499,8340.803086886619,-110.93268105557055,10982.335424501485,loss,0.013299999999997425,982.3354245014743
2025-02-21 22:05:00+00:00,2025-02-21 22:55:00+00:00,sell,19.212,19.2228,19.2012,19.2012,10168.82909676092,109.82335424501487,11092.1587787465,win,-0.010799999999999699,1092.1587787464891
2025-02-21 23:25:00+00:00,2025-02-21 23:40:00+00:00,sell,19.2008,19.2111,19.190500000000004,19.190500000000004,10769.086192960578,110.921587787465,11203.080366533964,win,-0.010299999999997311,1203.080366533954
2025-02-24 03:05:00+00:00,2025-02-24 03:30:00+00:00,buy,19.2686,19.2534,19.2838,19.2838,7370.447609561769,112.03080366533965,11315.111170199305,win,0.015200000000000102,1315.1111701992936
2025-02-24 04:45:00+00:00,2025-02-24 08:00:00+00:00,buy,19.2651,19.2499,19.2803,19.2803,7444.152085657387,113.15111170199305,11428.262281901298,win,0.015200000000000102,1428.2622819012868
2025-02-24 09:15:00+00:00,2025-02-24 10:10:00+00:00,buy,19.2702,19.2467,19.293699999999998,19.293699999999998,4863.090332724262,114.28262281901297,11542.544904720311,win,0.023499999999998522,1542.5449047202997
2025-02-24 10:20:00+00:00,2025-02-24 10:50:00+00:00,buy,19.3067,19.266000000000002,19.347399999999997,19.266000000000002,2836.006119096073,-115.42544904720312,11427.119455673108,loss,-0.040699999999997516,1427.1194556730966
2025-02-24 15:05:00+00:00,2025-02-24 15:40:00+00:00,sell,19.1984,19.2187,19.1781,19.1781,5629.122884568345,114.27119455673107,11541.39065022984,win,-0.020299999999998875,1541.3906502298278
2025-02-24 15:55:00+00:00,2025-02-24 16:35:00+00:00,sell,19.175,19.1986,19.151400000000002,19.1986,4890.419767046897,-115.41390650229839,11425.97674372754,loss,0.02359999999999829,1425.9767437275293
2025-02-24 17:50:00+00:00,2025-02-24 18:55:00+00:00,sell,19.2074,19.2359,19.1789,19.2359,4009.114646921792,-114.2597674372754,11311.716976290265,loss,0.02850000000000108,1311.716976290254
2025-02-24 22:20:00+00:00,2025-02-24 22:25:00+00:00,buy,19.2491,19.2392,19.258999999999997,19.2392,11425.976743729567,-113.11716976290265,11198.599806527362,loss,-0.009899999999998244,1198.5998065273513
2025-02-24 23:45:00+00:00,2025-02-24 23:55:00+00:00,sell,19.2299,19.239359999999998,19.220440000000004,19.220440000000004,11837.843347284092,111.98599806527362,11310.585804592634,win,-0.009459999999997137,1310.585804592625
2025-02-25 00:30:00+00:00,2025-02-25 02:20:00+00:00,sell,19.207,19.2376,19.1764,19.2376,3696.269870781938,-113.10585804592634,11197.479946546708,loss,0.03059999999999974,1197.4799465466986
2025-02-25 04:15:00+00:00,2025-02-25 07:20:00+00:00,sell,19.2361,19.2499,19.2223,19.2223,8114.115903294825,111.97479946546707,11309.454746012174,win,-0.013799999999999812,1309.4547460121657
2025-02-25 07:30:00+00:00,2025-02-25 08:00:00+00:00,sell,19.2219,19.22986,19.213940000000004,19.22986,14207.857721126033,-113.09454746012175,11196.360198552053,loss,0.00795999999999708,1196.360198552044
2025-02-25 09:25:00+00:00,2025-02-25 09:40:00+00:00,buy,19.2501,19.2358,19.2644,19.2644,7829.6225164707075,111.96360198552053,11308.323800537573,win,0.014299999999998647,1308.3238005375645
2025-02-25 09:50:00+00:00,2025-02-25 17:00:00+00:00,buy,19.2683,19.2317,19.3049,19.3049,3089.705956431034,113.08323800537573,11421.40703854295,win,0.036599999999999966,1421.4070385429402
2025-02-25 17:10:00+00:00,2025-02-25 18:40:00+00:00,buy,19.314899999999998,19.2727,19.357099999999996,19.357099999999996,2706.4945588965893,114.2140703854295,11535.621108928379,win,0.04219999999999757,1535.6211089283697
2025-02-25 18:50:00+00:00,2025-02-25 23:55:00+00:00,buy,19.360599999999998,19.3273,19.393899999999995,19.3273,3464.1504831619877,-115.35621108928379,11420.264897839095,loss,-0.033299999999997,1420.264897839086
2025-02-26 01:10:00+00:00,2025-02-26 02:00:00+00:00,buy,19.3462,19.325200000000002,19.367199999999997,19.367199999999997,5438.221379924093,114.20264897839095,11534.467546817486,win,0.020999999999997243,1534.467546817477
2025-02-26 02:15:00+00:00,2025-02-26 05:20:00+00:00,buy,19.3704,19.3525,19.3883,19.3525,6443.836618333462,-115.34467546817487,11419.122871349311,loss,-0.017900000000000915,1419.122871349302
2025-02-26 07:40:00+00:00,2025-02-26 08:15:00+00:00,buy,19.337699999999998,19.3259,19.349499999999995,19.3259,9677.222772332083,-114.1912287134931,11304.931642635818,loss,-0.011799999999997368,1304.9316426358089
2025-02-26 19:30:00+00:00,2025-02-26 19:40:00+00:00,sell,19.308500000000002,19.3399,19.277100000000004,19.277100000000004,3600.296701476619,113.04931642635819,11417.980959062177,win,-0.031399999999997874,1417.9809590621671
2025-02-26 19:50:00+00:00,2025-02-27 09:45:00+00:00,sell,19.276500000000002,19.3384,19.214600000000004,19.3384,1844.5849691538892,-114.17980959062177,11303.801149471556,loss,0.061899999999997846,1303.8011494715454
2025-02-27 10:15:00+00:00,2025-02-27 12:30:00+00:00,buy,19.3391,19.2999,19.378299999999996,19.2999,2883.6227422123184,-113.03801149471555,11190.76313797684,loss,-0.03919999999999746,1190.7631379768297
2025-02-27 12:50:00+00:00,2025-02-27 13:30:00+00:00,buy,19.3169,19.299300000000002,19.3345,19.299300000000002,6358.388146578452,-111.90763137976842,11078.855506597072,loss,-0.01759999999999806,1078.8555065970613
2025-02-27 15:05:00+00:00,2025-02-27 15:55:00+00:00,sell,19.2914,19.3159,19.2669,19.2669,4521.981839427423,110.78855506597071,11189.644061663043,win,-0.024499999999999744,1189.644061663032
2025-02-27 16:30:00+00:00,2025-02-27 19:05:00+00:00,sell,19.262900000000002,19.3108,19.215000000000003,19.215000000000003,2336.0426015998733,111.89644061663043,11301.540502279673,win,-0.0478999999999985,1301.5405022796624
2025-02-27 19:15:00+00:00,2025-02-28 00:35:00+00:00,sell,19.207,19.238599999999998,19.175400000000003,19.175400000000003,3576.4368678103165,113.01540502279673,11414.55590730247,win,-0.03159999999999741,1414.5559073024592
2025-02-28 00:50:00+00:00,2025-02-28 01:10:00+00:00,sell,19.1542,19.181649999999998,19.12675,19.181649999999998,4158.308162951993,-114.14555907302471,11300.410348229447,loss,0.027449999999998198,1300.4103482294345
2025-02-28 06:45:00+00:00,2025-02-28 07:45:00+00:00,sell,19.2075,19.2186,19.1964,19.1964,10180.54986327069,113.00410348229447,11413.414451711742,win,-0.011099999999999,1413.414451711729
2025-02-28 07:55:00+00:00,2025-02-28 08:30:00+00:00,sell,19.195600000000002,19.2111,19.180100000000007,19.180100000000007,7363.4931946547085,114.13414451711742,11527.548596228859,win,-0.01549999999999585,1527.5485962288465
2025-02-28 14:05:00+00:00,2025-02-28 14:25:00+00:00,sell,19.1909,19.2116,19.170199999999998,19.2116,5568.864056148805,-115.27548596228858,11412.27311026657,loss,0.020700000000001495,1412.273110266558
2025-02-28 17:05:00+00:00,2025-02-28 17:35:00+00:00,buy,19.2474,19.215700000000002,19.279099999999996,19.279099999999996,3600.0861546585447,114.1227311026657,11526.395841369234,win,0.031699999999997175,1526.3958413692237
2025-02-28 17:45:00+00:00,2025-02-28 18:40:00+00:00,buy,19.299699999999998,19.2545,19.344899999999996,19.344899999999996,2550.087575524298,115.26395841369236,11641.659799782927,win,0.045199999999997686,1641.659799782916
2025-02-28 18:50:00+00:00,2025-02-28 19:40:00+00:00,buy,19.3497,19.3171,19.382299999999997,19.382299999999997,3571.0612882771215,116.41659799782927,11758.076397780756,win,0.03259999999999863,1758.0763977807453
2025-02-28 19:50:00+00:00,2025-03-03 00:00:00+00:00,buy,19.3952,19.349600000000002,19.440799999999996,19.349600000000002,2578.525525829297,-117.58076397780756,11640.49563380295,loss,-0.045599999999996754,1640.4956338029378
2025-03-03 01:05:00+00:00,2025-03-06 10:05:00+00:00,buy,19.421499999999998,19.0025,19.840499999999995,19.840499999999995,277.81612491176696,116.4049563380295,11756.90059014098,win,0.41899999999999693,1756.9005901409673
2025-03-06 12:35:00+00:00,2025-03-06 13:25:00+00:00,buy,19.8178,19.7867,19.848899999999997,19.7867,3780.353887505312,-117.56900590140981,11639.33158423957,loss,-0.031099999999998573,1639.3315842395575
2025-03-06 15:15:00+00:00,2025-03-06 15:20:00+00:00,buy,19.7916,19.76531,19.81789,19.76531,4427.28474105736,-116.39331584239571,11522.938268397174,loss,-0.02628999999999948,1522.938268397162
2025-03-06 18:25:00+00:00,2025-03-06 19:10:00+00:00,sell,19.636400000000002,19.669,19.603800000000003,19.603800000000003,3534.643640612779,115.22938268397175,11638.167651081147,win,-0.03259999999999863,1638.1676510811337
2025-03-06 19:20:00+00:00,2025-03-06 20:25:00+00:00,sell,19.5995,19.625799999999998,19.5732,19.5732,4425.158802692603,116.38167651081149,11754.549327591958,win,-0.026299999999999102,1754.5493275919453
2025-03-06 20:35:00+00:00,2025-03-06 20:45:00+00:00,sell,19.57064,19.5961,19.545180000000002,19.545180000000002,4616.869335268049,117.54549327591958,11872.094820867878,win,-0.025459999999998928,1872.0948208678649
2025-03-06 22:35:00+00:00,2025-03-06 23:50:00+00:00,sell,19.5747,19.5981,19.5513,19.5513,5073.544795242953,118.72094820867879,11990.815769076557,win,-0.023399999999998755,1990.8157690765436
2025-03-07 00:00:00+00:00,2025-03-07 01:15:00+00:00,sell,19.5459,19.5778,19.514,19.5778,3758.876416638388,-119.90815769076556,11870.907611385792,loss,0.03190000000000026,1870.907611385778
2025-03-07 01:55:00+00:00,2025-03-07 04:05:00+00:00,sell,19.5467,19.586199999999998,19.507200000000005,19.586199999999998,3005.2930661738646,-118.70907611385792,11752.198535271935,loss,0.03949999999999676,1752.19853527192
2025-03-07 04:45:00+00:00,2025-03-07 05:15:00+00:00,sell,19.57285,19.595399999999998,19.5503,19.595399999999998,5211.617975730589,-117.52198535271935,11634.676549919215,loss,0.02254999999999896,1634.6765499192006
2025-03-07 07:20:00+00:00,2025-03-07 07:35:00+00:00,sell,19.5946,19.604499999999998,19.5847,19.604499999999998,11752.198535274021,-116.34676549919217,11518.329784420022,loss,0.009899999999998244,1518.3297844200085
2025-03-07 10:05:00+00:00,2025-03-07 10:10:00+00:00,sell,19.6458,19.663,19.628600000000002,19.628600000000002,6696.703363035289,115.18329784420023,11633.513082264222,win,-0.017199999999998994,1633.5130822642088
2025-03-07 10:20:00+00:00,2025-03-07 10:40:00+00:00,sell,19.6259,19.663,19.588800000000003,19.588800000000003,3135.717811931159,116.33513082264223,11749.848213086865,win,-0.0370999999999988,1749.848213086851
2025-03-07 11:55:00+00:00,2025-03-07 13:20:00+00:00,sell,19.610300000000002,19.65351,19.567090000000004,19.65351,2719.242817192154,-117.49848213086865,11632.349730955997,loss,0.043209999999998416,1632.3497309559823
2025-03-07 15:05:00+00:00,2025-03-07 16:00:00+00:00,buy,19.7223,19.6624,19.7822,19.7822,1941.961557755626,116.32349730955997,11748.673228265558,win,0.059899999999998954,1748.6732282655423
2025-03-07 16:10:00+00:00,2025-03-07 16:15:00+00:00,buy,19.7856,19.722,19.849199999999996,19.849199999999996,1847.275664821703,117.48673228265558,11866.159960548213,win,0.06359999999999744,1866.159960548198
2025-03-07 17:40:00+00:00,2025-03-07 17:45:00+00:00,buy,19.787,19.7607,19.813299999999998,19.813299999999998,4511.847893744722,118.66159960548212,11984.821560153696,win,0.026299999999999102,1984.82156015368
2025-03-07 19:00:00+00:00,2025-03-07 23:45:00+00:00,buy,19.808,19.7733,19.8427,19.7733,3453.83906632663,-119.84821560153696,11864.97334455216,loss,-0.03470000000000084,1864.9733445521429
2025-03-09 23:45:00+00:00,2025-03-10 09:35:00+00:00,buy,19.8248,19.761,19.8886,19.761,1859.713690368662,-118.6497334455216,11746.323611106638,loss,-0.06380000000000052,1746.3236111066212
2025-03-10 10:15:00+00:00,2025-03-10 11:30:00+00:00,buy,19.8031,19.7576,19.8486,19.8486,2581.609584858571,117.46323611106638,11863.786847217705,win,0.04550000000000054,1863.7868472176876
2025-03-10 11:40:00+00:00,2025-03-10 13:05:00+00:00,buy,19.8611,19.81353,19.90867,19.81353,2493.964020857183,-118.63786847217703,11745.148978745528,loss,-0.047570000000000334,1745.1489787455107
2025-03-10 18:05:00+00:00,2025-03-10 20:25:00+00:00,buy,19.8223,19.780910000000002,19.863689999999995,19.863689999999995,2837.6779363968567,117.4514897874553,11862.600468532984,win,0.04138999999999626,1862.600468532966
2025-03-10 20:40:00+00:00,2025-03-10 21:00:00+00:00,buy,19.8659,19.8476,19.8842,19.8476,6482.295337996173,-118.62600468532985,11743.974463847655,loss,-0.018299999999999983,1743.9744638476361
2025-03-10 21:10:00+00:00,2025-03-10 21:20:00+00:00,buy,19.8733,19.846500000000002,19.9001,19.846500000000002,4382.080023824089,-117.43974463847654,11626.534719209178,loss,-0.026799999999997937,1626.5347192091597
2025-03-10 21:45:00+00:00,2025-03-10 22:40:00+00:00,buy,19.8761,19.84289,19.90931,19.84289,3500.913796810911,-116.26534719209178,11510.269372017086,loss,-0.033210000000000406,1510.2693720170678
2025-03-10 22:50:00+00:00,2025-03-10 22:55:00+00:00,buy,19.863799999999998,19.8397,19.887899999999995,19.887899999999995,4776.045382580274,115.10269372017088,11625.372065737258,win,0.024099999999997124,1625.3720657372387
2025-03-11 00:20:00+00:00,2025-03-11 08:35:00+00:00,buy,19.87858,19.8457,19.911459999999998,19.911459999999998,3535.697100285195,116.25372065737258,11741.62578639463,win,0.03287999999999869,1741.6257863946112
2025-03-11 08:45:00+00:00,2025-03-11 23:25:00+00:00,buy,19.9127,19.848200000000002,19.9772,19.848200000000002,1820.4070986658653,-117.4162578639463,11624.209528530684,loss,-0.06449999999999889,1624.2095285306648
2025-03-12 05:30:00+00:00,2025-03-12 06:15:00+00:00,buy,19.897389999999998,19.89082,19.903959999999994,19.903959999999994,17692.86077402897,116.24209528530685,11740.45162381599,win,0.006569999999996412,1740.4516238159717
2025-03-12 06:45:00+00:00,2025-03-12 07:40:00+00:00,buy,19.9055,19.8951,19.9159,19.9159,11288.895792130075,117.4045162381599,11857.856140054151,win,0.010400000000000631,1857.8561400541316
2025-03-12 07:50:00+00:00,2025-03-12 08:15:00+00:00,buy,19.91893,19.89928,19.938579999999998,19.938579999999998,6034.532386796432,118.57856140054152,11976.434701454693,win,0.019649999999998613,1976.4347014546731
2025-03-12 08:25:00+00:00,2025-03-12 08:45:00+00:00,buy,19.939529999999998,19.913700000000002,19.965359999999993,19.965359999999993,4636.637515081976,119.76434701454694,12096.19904846924,win,0.02582999999999558,2096.19904846922
2025-03-12 08:55:00+00:00,2025-03-12 09:50:00+00:00,buy,19.971999999999998,19.94117,20.002829999999996,19.94117,3923.5157471521147,-120.9619904846924,11975.237057984546,loss,-0.030829999999998137,1975.2370579845276
2025-03-12 10:00:00+00:00,2025-03-12 11:05:00+00:00,buy,19.984099999999998,19.93741,20.030789999999996,20.030789999999996,2564.8398068076735,119.75237057984546,12094.989428564391,win,0.04668999999999812,2094.989428564373
2025-03-12 11:15:00+00:00,2025-03-12 13:00:00+00:00,buy,20.0433,20.0,20.086599999999997,20.0,2793.300098975703,-120.94989428564392,11974.039534278747,loss,-0.04329999999999856,1974.0395342787292
2025-03-12 13:50:00+00:00,2025-03-12 14:10:00+00:00,buy,20.083199999999998,19.9909,20.175499999999996,19.9909,1297.2957241905742,-119.74039534278747,11854.29913893596,loss,-0.09229999999999805,1854.2991389359418
2025-03-12 16:55:00+00:00,2025-03-12 18:10:00+00:00,buy,20.02528,19.97956,20.070999999999998,19.97956,2592.8038361627596,-118.5429913893596,11735.7561475466,loss,-0.04571999999999932,1735.7561475465823
2025-03-12 19:55:00+00:00,2025-03-12 20:20:00+00:00,buy,19.98859,19.9688,20.008379999999995,19.9688,5930.144591990125,-117.35756147546599,11618.398586071133,loss,-0.019789999999996866,1618.3985860711164
2025-03-13 08:05:00+00:00,2025-03-13 09:05:00+00:00,buy,19.9851,19.9666,20.0036,20.0036,6280.215451930506,116.18398586071133,11734.582571931844,win,0.018499999999999517,1734.5825719318277
2025-03-13 11:30:00+00:00,2025-03-13 12:25:00+00:00,buy,19.9974,19.963,20.031799999999997,19.963,3411.215863933875,-117.34582571931844,11617.236746212526,loss,-0.03439999999999799,1617.2367462125094
2025-03-13 15:05:00+00:00,2025-03-13 15:30:00+00:00,sell,19.952,19.971799999999998,19.932200000000005,19.932200000000005,5867.291285966963,116.17236746212527,11733.40911367465,win,-0.019799999999996487,1733.4091136746347
2025-03-13 15:40:00+00:00,2025-03-13 17:20:00+00:00,sell,19.927400000000002,19.95697,19.897830000000006,19.897830000000006,3968.011198402502,117.33409113674651,11850.743204811397,win,-0.0295699999999961,1850.7432048113812
2025-03-13 17:30:00+00:00,2025-03-13 22:00:00+00:00,sell,19.89327,19.9306,19.855940000000004,19.855940000000004,3174.5896610801733,118.50743204811398,11969.250636859511,win,-0.0373299999999972,1969.2506368594952
2025-03-13 22:55:00+00:00,2025-03-13 23:00:00+00:00,sell,19.855150000000002,19.871489999999998,19.838810000000006,19.871489999999998,7325.122788777493,-119.69250636859512,11849.558130490916,loss,0.016339999999996024,1849.5581304909
2025-03-14 01:05:00+00:00,2025-03-14 02:40:00+00:00,sell,19.8413,19.8782,19.8044,19.8782,3211.262365986762,-118.49558130490915,11731.062549186006,loss,0.03689999999999927,1731.062549185991
2025-03-14 03:55:00+00:00,2025-03-14 04:20:00+00:00,sell,19.8614,19.8752,19.8476,19.8476,8500.769963178382,117.31062549186007,11848.373174677867,win,-0.013799999999999812,1848.373174677851
2025-03-14 05:05:00+00:00,2025-03-14 08:30:00+00:00,sell,19.84339,19.8676,19.81918,19.81918,4893.999659098652,118.48373174677869,11966.856906424646,win,-0.024210000000000065,1966.8569064246296
2025-03-14 09:00:00+00:00,2025-03-14 10:25:00+00:00,sell,19.8031,19.857499999999998,19.748700000000003,19.748700000000003,2199.789872504629,119.66856906424644,12086.525475488892,win,-0.05439999999999756,2086.525475488876
2025-03-14 11:40:00+00:00,2025-03-14 11:45:00+00:00,sell,19.7804,19.79183,19.76897,19.76897,10574.387992553047,120.86525475488892,12207.39073024378,win,-0.011430000000000717,2207.390730243765
2025-03-14 11:55:00+00:00,2025-03-14 12:20:00+00:00,sell,19.762890000000002,19.79183,19.733950000000004,19.79183,4218.172332496322,-122.0739073024378,12085.316822941342,loss,0.028939999999998633,2085.3168229413272
2025-03-14 14:10:00+00:00,2025-03-14 15:10:00+00:00,sell,19.811700000000002,19.8505,19.772900000000003,19.772900000000003,3114.772377046867,120.85316822941343,12206.169991170756,win,-0.03879999999999839,2206.1699911707406
2025-03-14 15:55:00+00:00,2025-03-14 17:05:00+00:00,sell,19.7665,19.8053,19.727700000000002,19.8053,3145.920100817336,-122.06169991170758,12084.108291259048,loss,0.03879999999999839,2084.108291259033
2025-03-14 17:30:00+00:00,2025-03-14 18:55:00+00:00,sell,19.7724,19.8056,19.739200000000004,19.739200000000004,3639.7916539939924,120.84108291259048,12204.949374171638,win,-0.03319999999999723,2204.9493741716237
2025-03-14 20:10:00+00:00,2025-03-14 21:40:00+00:00,sell,19.7574,19.7824,19.732400000000002,19.7824,4881.9797496689325,-122.04949374171638,12082.89988042992,loss,0.02499999999999858,2082.899880429907
2025-03-14 22:30:00+00:00,2025-03-14 22:40:00+00:00,sell,19.7707,19.7842,19.757200000000005,19.757200000000005,8950.296207727883,120.82899880429919,12203.72887923422,win,-0.013499999999996959,2203.7288792342065
2025-03-17 03:05:00+00:00,2025-03-17 05:40:00+00:00,sell,19.7867,19.8041,19.7693,19.8041,7013.637286916813,-122.03728879234221,12081.691590441878,loss,0.017399999999998528,2081.6915904418643
2025-03-17 13:10:00+00:00,2025-03-17 13:15:00+00:00,sell,19.775000000000002,19.789099999999998,19.760900000000007,19.760900000000007,8568.575596060768,120.81691590441878,12202.508506346298,win,-0.01409999999999556,2202.508506346283
2025-03-17 14:30:00+00:00,2025-03-17 14:45:00+00:00,sell,19.7572,19.7786,19.7358,19.7786,5702.106778666531,-122.02508506346298,12080.483421282834,loss,0.021399999999999864,2080.48342128282
2025-03-17 16:20:00+00:00,2025-03-17 17:55:00+00:00,sell,19.764300000000002,19.7836,19.745000000000005,19.745000000000005,6259.317834862333,120.80483421282834,12201.288255495661,win,-0.019299999999997652,2201.288255495648
2025-03-17 18:15:00+00:00,2025-03-18 09:30:00+00:00,sell,19.7401,19.77854,19.701660000000004,19.701660000000004,3174.112449400717,122.01288255495662,12323.301138050618,win,-0.03843999999999781,2323.301138050605
2025-03-18 13:40:00+00:00,2025-03-18 14:35:00+00:00,sell,19.7319,19.7574,19.7064,19.7064,4832.667112960844,123.23301138050618,12446.534149431123,win,-0.025500000000000966,2446.534149431111
2025-03-18 14:45:00+00:00,2025-03-18 15:50:00+00:00,sell,19.70102,19.7382,19.66384,19.7382,3347.642320987453,-124.46534149431123,12322.068807936812,loss,0.037179999999999325,2322.0688079367997
2025-03-18 18:35:00+00:00,2025-03-18 21:50:00+00:00,buy,19.81713,19.7807,19.853559999999998,19.853559999999998,3382.3960493925474,123.22068807936812,12445.28949601618,win,0.036429999999999296,2445.289496016168
2025-03-18 22:00:00+00:00,2025-03-18 22:35:00+00:00,buy,19.8568,19.83446,19.87914,19.83446,5570.854743069064,-124.4528949601618,12320.836601056017,loss,-0.022339999999999804,2320.836601056006
2025-03-18 22:45:00+00:00,2025-03-18 23:55:00+00:00,buy,19.8511,19.83377,19.868429999999996,19.83377,7109.542181799022,-123.20836601056017,12197.628235045457,loss,-0.017329999999997625,2197.628235045446
2025-03-19 02:15:00+00:00,2025-03-19 03:15:00+00:00,buy,19.81729,19.799960000000002,19.834619999999997,19.834619999999997,7038.446759981032,121.97628235045457,12319.604517395912,win,0.017329999999997625,2319.604517395901
2025-03-19 05:35:00+00:00,2025-03-19 06:40:00+00:00,buy,19.83021,19.82097,19.839450000000003,19.839450000000003,13332.905321854287,123.19604517395912,12442.800562569872,win,0.009240000000001913,2442.80056256986
2025-03-19 08:10:00+00:00,2025-03-19 08:45:00+00:00,buy,19.8451,19.8319,19.858299999999996,19.858299999999996,9426.364062554605,124.42800562569872,12567.228568195571,win,0.013199999999997658,2567.228568195559
2025-03-19 08:55:00+00:00,2025-03-19 09:45:00+00:00,buy,19.8599,19.83452,19.885279999999998,19.885279999999998,4951.626701417006,125.67228568195571,12692.900853877527,win,0.025379999999998404,2692.9008538775147
2025-03-19 10:30:00+00:00,2025-03-19 10:55:00+00:00,buy,19.88952,19.8529,19.92614,19.92614,3466.1116477001096,126.92900853877528,12819.829862416302,win,0.03661999999999921,2819.82986241629
2025-03-19 11:05:00+00:00,2025-03-19 11:35:00+00:00,buy,19.92664,19.88843,19.96485,19.88843,3355.0981058404864,-128.19829862416302,12691.631563792138,loss,-0.03820999999999941,2691.631563792127
2025-03-19 16:30:00+00:00,2025-03-19 16:50:00+00:00,sell,19.7716,19.795099999999998,19.7481,19.7481,5400.69428246508,126.91631563792139,12818.54787943006,win,-0.023499999999998522,2818.5478794300484
2025-03-19 17:05:00+00:00,2025-03-20 09:00:00+00:00,sell,19.74311,19.7792,19.707020000000004,19.7792,3551.8281738517,-128.1854787943006,12690.362400635759,loss,0.03608999999999796,2690.3624006357477
2025-03-20 09:30:00+00:00,2025-03-20 10:20:00+00:00,sell,19.7533,19.7809,19.7257,19.7257,4597.957391534757,126.90362400635757,12817.266024642116,win,-0.027599999999999625,2817.266024642105
2025-03-20 12:55:00+00:00,2025-03-20 15:05:00+00:00,sell,19.72895,19.77592,19.681980000000003,19.681980000000003,2728.819677377606,128.17266024642117,12945.438684888537,win,-0.04696999999999818,2945.438684888526
2025-03-20 16:35:00+00:00,2025-03-20 22:55:00+00:00,sell,19.69957,19.7328,19.66634,19.66634,3895.7083012003236,129.45438684888538,13074.893071737422,win,-0.03322999999999965,3074.8930717374114
2025-03-20 23:30:00+00:00,2025-03-20 23:40:00+00:00,sell,19.665300000000002,19.6956,19.635000000000005,19.6956,4315.146228296623,-130.74893071737424,12944.144141020048,loss,0.030299999999996885,2944.1441410200373
2025-03-21 00:00:00+00:00,2025-03-21 01:05:00+00:00,sell,19.6568,19.70419,19.60941,19.70419,2731.4083437476334,-129.44144141020047,12814.702699609847,loss,0.04739000000000004,2814.7026996098366
2025-03-21 02:20:00+00:00,2025-03-21 05:20:00+00:00,sell,19.68449,19.70823,19.66075,19.70823,5397.937110197892,-128.14702699609848,12686.555672613747,loss,0.023740000000000094,2686.5556726137384
2025-03-21 06:10:00+00:00,2025-03-21 09:25:00+00:00,sell,19.700860000000002,19.7141,19.687620000000006,19.7141,9581.990689288099,-126.86555672613748,12559.69011588761,loss,0.013239999999996144,2559.6901158876008
2025-03-21 14:00:00+00:00,2025-03-21 14:45:00+00:00,buy,19.7293,19.70654,19.752059999999997,19.70654,5518.317274116279,-125.59690115887611,12434.093214728733,loss,-0.022759999999998115,2434.093214728725
2025-03-21 15:55:00+00:00,2025-03-21 17:50:00+00:00,buy,19.7245,19.6855,19.763499999999997,19.6855,3188.2290294177938,-124.34093214728735,12309.752282581445,loss,-0.038999999999997925,2309.7522825814376
2025-03-21 19:05:00+00:00,2025-03-21 19:10:00+00:00,sell,19.70822,19.720299999999998,19.696140000000003,19.696140000000003,10190.19228690734,123.09752282581445,12432.849805407259,win,-0.012079999999997426,2432.849805407252
2025-03-21 21:20:00+00:00,2025-03-21 21:45:00+00:00,sell,19.6893,19.7094,19.6692,19.7094,6185.497415625705,-124.32849805407258,12308.521307353187,loss,0.02009999999999934,2308.5213073531795
2025-03-21 22:30:00+00:00,2025-03-23 23:00:00+00:00,sell,19.6936,19.7134,19.6738,19.6738,6216.424902703618,123.08521307353188,12431.606520426718,win,-0.01980000000000004,2431.6065204267115
2025-03-24 03:15:00+00:00,2025-03-24 03:30:00+00:00,buy,19.7245,19.7147,19.734299999999998,19.734299999999998,12685.312775947603,124.31606520426719,12555.922585630986,win,0.009799999999998477,2555.9225856309786
2025-03-24 04:45:00+00:00,2025-03-24 05:30:00+00:00,buy,19.72258,19.71399,19.731170000000002,19.731170000000002,14616.90638606353,125.55922585630988,12681.481811487296,win,0.008590000000001652,2681.4818114872883
2025-03-24 05:45:00+00:00,2025-03-24 06:25:00+00:00,buy,19.732219999999998,19.72012,19.744319999999995,19.72012,10480.563480570898,-126.81481811487295,12554.666993372422,loss,-0.012099999999996669,2554.666993372415
2025-03-24 08:00:00+00:00,2025-03-24 08:10:00+00:00,buy,19.7231,19.7118,19.734399999999997,19.734399999999997,11110.324772897391,125.54666993372423,12680.213663306147,win,0.011299999999998533,2680.2136633061396
2025-03-24 09:05:00+00:00,2025-03-24 10:25:00+00:00,sell,19.6803,19.7192,19.641399999999997,19.7192,3259.695029127401,-126.80213663306148,12553.411526673086,loss,0.03890000000000171,2553.4115266730782
2025-03-24 11:05:00+00:00,2025-03-24 11:10:00+00:00,sell,19.715500000000002,19.737,19.694000000000006,19.694000000000006,5838.79605891878,125.53411526673086,12678.945641939818,win,-0.021499999999996078,2678.9456419398093
2025-03-24 12:00:00+00:00,2025-03-24 13:40:00+00:00,sell,19.68533,19.72693,19.64373,19.64373,3047.8234716202237,126.78945641939816,12805.735098359215,win,-0.04159999999999897,2805.7350983592073
2025-03-24 13:50:00+00:00,2025-03-24 14:00:00+00:00,sell,19.6418,19.6642,19.6194,19.6194,5716.846026052945,128.05735098359216,12933.792449342807,win,-0.022400000000001086,2933.7924493427995
2025-03-24 14:10:00+00:00,2025-03-24 15:50:00+00:00,sell,19.6163,19.6532,19.5794,19.5794,3505.092804700017,129.33792449342806,13063.130373836235,win,-0.03689999999999927,3063.1303738362276
2025-03-25 04:15:00+00:00,2025-03-25 04:55:00+00:00,buy,19.708099999999998,19.69121,19.724989999999995,19.724989999999995,7734.239416127252,130.63130373836236,13193.761677574597,win,0.01688999999999652,3193.76167757459
2025-03-25 05:45:00+00:00,2025-03-25 06:20:00+00:00,buy,19.7271,19.71235,19.74185,19.71235,8944.923171237393,-131.93761677574597,13061.824060798852,loss,-0.014749999999999375,3061.824060798844
2025-03-25 10:15:00+00:00,2025-03-25 10:20:00+00:00,buy,19.6833,19.6658,19.700799999999997,19.700799999999997,7463.8994633143575,130.61824060798853,13192.44230140684,win,0.017499999999998295,3192.4423014068325
2025-03-25 10:30:00+00:00,2025-03-25 12:00:00+00:00,buy,19.7043,19.6641,19.7445,19.6641,3281.7020650266845,-131.9244230140684,13060.517878392771,loss,-0.04019999999999868,3060.517878392764
2025-03-25 12:10:00+00:00,2025-03-25 17:25:00+00:00,sell,19.65382,19.6997,19.60794,19.6997,2846.6691103732933,-130.60517878392773,12929.912699608843,loss,0.045880000000000365,2929.912699608836
2025-03-25 19:05:00+00:00,2025-03-25 20:35:00+00:00,buy,19.7238,19.71433,19.73327,19.73327,13653.55089715778,129.29912699608843,13059.211826604931,win,0.009470000000000312,3059.2118266049247
2025-03-25 21:00:00+00:00,2025-03-25 22:05:00+00:00,buy,19.73407,19.71703,19.751109999999997,19.71703,7663.856705754992,-130.5921182660493,12928.619708338882,loss,-0.017039999999997946,2928.619708338875
2025-03-26 01:05:00+00:00,2025-03-26 01:50:00+00:00,buy,19.691499999999998,19.68063,19.702369999999995,19.702369999999995,11893.854377499902,129.28619708338883,13057.90590542227,win,0.010869999999997049,3057.905905422264
2025-03-26 02:00:00+00:00,2025-03-26 08:05:00+00:00,buy,19.70955,19.68889,19.73021,19.68889,6320.380399526919,-130.5790590542227,12927.326846368049,loss,-0.020659999999999457,2927.326846368041
2025-03-26 09:05:00+00:00,2025-03-26 09:20:00+00:00,sell,19.688200000000002,19.707,19.669400000000003,19.669400000000003,6876.237684238757,129.2732684636805,13056.60011483173,win,-0.018799999999998818,3056.6001148317214
2025-03-26 09:30:00+00:00,2025-03-26 09:40:00+00:00,sell,19.6673,19.695539999999998,19.639060000000004,19.639060000000004,4623.441967008941,130.5660011483173,13187.166115980048,win,-0.028239999999996712,3187.1661159800387
2025-03-26 12:05:00+00:00,2025-03-26 12:35:00+00:00,sell,19.678,19.6952,19.660800000000002,19.660800000000002,7666.957044174895,131.87166115980048,13319.037777139849,win,-0.017199999999998994,3319.0377771398394
2025-03-26 12:45:00+00:00,2025-03-26 13:00:00+00:00,sell,19.6581,19.68312,19.633080000000003,19.68312,5323.3564257158305,-133.1903777713985,13185.847399368451,loss,0.025019999999997822,3185.847399368441
2025-03-26 15:25:00+00:00,2025-03-26 22:05:00+00:00,sell,19.67561,19.7116,19.639619999999997,19.639619999999997,3663.753097907145,131.85847399368453,13317.705873362136,win,-0.03599000000000174,3317.7058733621257
2025-03-26 22:20:00+00:00,2025-03-26 23:15:00+00:00,sell,19.62267,19.6542,19.59114,19.59114,4223.82044825947,133.17705873362135,13450.882932095757,win,-0.03153000000000006,3450.882932095747
2025-03-26 23:25:00+00:00,2025-03-27 02:05:00+00:00,sell,19.5636,19.64051,19.486690000000003,19.64051,1748.912096228852,-134.50882932095757,13316.3741027748,loss,0.07690999999999804,3316.3741027747897
2025-03-27 02:40:00+00:00,2025-03-27 03:45:00+00:00,sell,19.626920000000002,19.64334,19.610500000000005,19.64334,8109.850245296955,-133.16374102774802,13183.210361747053,loss,0.01641999999999655,3183.2103617470416
2025-03-27 04:35:00+00:00,2025-03-27 08:45:00+00:00,sell,19.61683,19.645319999999998,19.588340000000002,19.645319999999998,4627.31146428502,-131.83210361747052,13051.378258129582,loss,0.028489999999997906,3051.378258129571
2025-03-27 10:00:00+00:00,2025-03-27 10:40:00+00:00,sell,19.6186,19.6439,19.593300000000003,19.6439,5158.6475328579745,-130.51378258129583,12920.864475548286,loss,0.02529999999999788,2920.864475548275
2025-03-27 11:05:00+00:00,2025-03-27 11:15:00+00:00,sell,19.620720000000002,19.6505,19.590940000000003,19.6505,4338.77249011041,-129.20864475548285,12791.655830792803,loss,0.029779999999998807,2791.655830792792
2025-03-27 15:05:00+00:00,2025-03-27 15:40:00+00:00,buy,19.70005,19.6627,19.7374,19.7374,3424.8074513501483,127.91655830792801,12919.572389100731,win,0.037349999999999994,2919.57238910072
2025-03-27 15:50:00+00:00,2025-03-27 17:35:00+00:00,buy,19.7443,19.70022,19.788379999999997,19.70022,2930.937474841533,-129.1957238910073,12790.376665209724,loss,-0.044079999999997455,2790.376665209713
2025-03-27 18:50:00+00:00,2025-03-27 19:10:00+00:00,buy,19.684839999999998,19.66828,19.701399999999996,19.701399999999996,7723.657406528379,127.90376665209725,12918.280431861822,win,0.016559999999998354,2918.28043186181
2025-03-27 21:05:00+00:00,2025-03-27 23:00:00+00:00,buy,19.6874,19.6706,19.7042,19.6706,7689.452638013024,-129.18280431861822,12789.097627543204,loss,-0.016799999999999926,2789.0976275431917
2025-03-28 02:25:00+00:00,2025-03-28 02:30:00+00:00,buy,19.673299999999998,19.6642,19.682399999999994,19.682399999999994,14053.953436865984,127.89097627543204,12916.988603818636,win,0.009099999999996555,2916.9886038186237
2025-03-28 02:55:00+00:00,2025-03-28 05:30:00+00:00,buy,19.6861,19.665200000000002,19.706999999999997,19.706999999999997,6180.377322402007,129.16988603818635,13046.158489856822,win,0.020899999999997476,3046.15848985681
2025-03-28 05:45:00+00:00,2025-03-28 06:25:00+00:00,buy,19.712049999999998,19.69384,19.730259999999994,19.69384,7164.282531498893,-130.46158489856822,12915.696904958253,loss,-0.018209999999996285,2915.6969049582417
2025-03-28 07:20:00+00:00,2025-03-28 07:45:00+00:00,buy,19.7166,19.6919,19.7413,19.6919,5229.0270870277855,-129.15696904958253,12786.539935908671,loss,-0.024699999999999278,2786.539935908659
2025-03-28 10:05:00+00:00,2025-03-28 10:10:00+00:00,sell,19.61757,19.641299999999998,19.593840000000004,19.593840000000004,5388.343841512993,127.86539935908674,12914.405335267758,win,-0.02372999999999692,2914.405335267746
2025-03-28 10:20:00+00:00,2025-03-28 11:40:00+00:00,sell,19.5805,19.633499999999998,19.527500000000003,19.527500000000003,2436.6802519374382,129.1440533526776,13043.549388620437,win,-0.05299999999999727,3043.5493886204235
2025-03-28 13:00:00+00:00,2025-03-28 13:35:00+00:00,sell,19.544700000000002,19.564899999999998,19.524500000000007,19.564899999999998,6457.202667635301,-130.43549388620437,12913.113894734232,loss,0.020199999999995555,2913.1138947342192
2025-03-28 17:00:00+00:00,2025-03-28 17:25:00+00:00,buy,19.87706,19.81962,19.9345,19.9345,2248.1047866877257,129.13113894734232,13042.245033681575,win,0.057439999999999714,3042.2450336815614
2025-03-28 17:35:00+00:00,2025-03-31 01:00:00+00:00,buy,19.93885,19.87221,20.005489999999998,19.87221,1957.1196028934057,-130.42245033681576,12911.82258334476,loss,-0.06663999999999959,2911.8225833447455
2025-03-31 01:10:00+00:00,2025-03-31 02:15:00+00:00,buy,19.9107,19.869780000000002,19.951619999999995,19.869780000000002,3155.381862987764,-129.1182258334476,12782.704357511311,loss,-0.04091999999999629,2782.704357511298
2025-03-31 02:55:00+00:00,2025-03-31 08:35:00+00:00,buy,19.93724,19.8669,20.007579999999997,19.8669,1817.2738637349532,-127.82704357511311,12654.877313936198,loss,-0.07033999999999807,2654.8773139361847
2025-03-31 16:05:00+00:00,2025-03-31 16:30:00+00:00,buy,19.8765,19.85854,19.89446,19.89446,7046.145497737836,126.54877313936198,12781.42608707556,win,0.017959999999998644,2781.4260870755465
2025-03-31 16:40:00+00:00,2025-03-31 17:15:00+00:00,buy,19.90616,19.875,19.93732,19.875,4101.869732694358,-127.8142608707556,12653.611826204806,loss,-0.031159999999999854,2653.6118262047908
2025-03-31 23:45:00+00:00,2025-03-31 23:55:00+00:00,sell,19.8141,19.824099999999998,19.804100000000002,19.804100000000002,12653.611826207323,126.53611826204806,12780.147944466853,win,-0.00999999999999801,2780.147944466839
2025-04-01 00:05:00+00:00,2025-04-01 08:10:00+00:00,sell,19.8017,19.8284,19.775000000000002,19.8284,4786.572263845592,-127.80147944466854,12652.346465022185,loss,0.02669999999999817,2652.3464650221704
2025-04-01 10:05:00+00:00,2025-04-01 10:10:00+00:00,buy,19.8443,19.8182,19.8704,19.8704,4847.64232376337,126.52346465022185,12778.869929672406,win,0.026099999999999568,2778.869929672392
2025-04-01 10:30:00+00:00,2025-04-01 14:05:00+00:00,buy,19.8945,19.8182,19.9708,19.8182,1674.8191257762041,-127.78869929672406,12651.081230375683,loss,-0.07629999999999981,2651.081230375668
2025-04-01 14:15:00+00:00,2025-04-01 14:25:00+00:00,sell,19.8093,19.84129,19.77731,19.77731,3954.6987278448023,126.51081230375684,12777.59204267944,win,-0.03199000000000041,2777.5920426794246
2025-04-01 14:35:00+00:00,2025-04-01 16:50:00+00:00,sell,19.775750000000002,19.82477,19.726730000000003,19.82477,2606.6079238432826,-127.7759204267944,12649.816122252645,loss,0.04901999999999873,2649.81612225263
2025-04-01 19:10:00+00:00,2025-04-01 19:40:00+00:00,buy,19.8641,19.82369,19.904510000000002,19.904510000000002,3130.3677610126724,126.49816122252643,12776.31428347517,win,0.04041000000000139,2776.3142834751566
2025-04-01 19:50:00+00:00,2025-04-02 08:35:00+00:00,buy,19.9244,19.852430000000002,19.996369999999995,19.996369999999995,1775.227773166006,127.7631428347517,12904.077426309923,win,0.07196999999999676,2904.0774263099083
2025-04-02 08:45:00+00:00,2025-04-02 09:25:00+00:00,buy,20.0015,19.9692,20.0338,20.0338,3995.0704106223498,129.04077426309922,13033.118200573022,win,0.03229999999999933,3033.1182005730075
2025-04-02 09:35:00+00:00,2025-04-02 11:15:00+00:00,buy,20.0394,19.989810000000002,20.08899,19.989810000000002,2628.1746724285995,-130.33118200573023,12902.787018567293,loss,-0.04958999999999847,2902.7870185672773
2025-04-02 11:55:00+00:00,2025-04-02 12:15:00+00:00,buy,20.03135,19.984,20.078699999999998,20.078699999999998,2724.9814189161216,129.02787018567292,13031.814888752966,win,0.047349999999998005,3031.81488875295
2025-04-02 12:30:00+00:00,2025-04-02 13:40:00+00:00,buy,20.09087,20.0198,20.161939999999998,20.161939999999998,1833.6590528708564,130.31814888752967,13162.133037640495,win,0.07106999999999886,3162.13303764048
2025-04-02 13:50:00+00:00,2025-04-02 14:55:00+00:00,buy,20.169539999999998,20.10065,20.238429999999994,20.10065,1910.6013989898731,-131.62133037640496,13030.51170726409,loss,-0.06888999999999612,3030.511707264075
2025-04-02 16:00:00+00:00,2025-04-02 16:50:00+00:00,buy,20.1459,20.0801,20.2117,20.2117,1980.3209281556547,130.3051170726409,13160.81682433673,win,0.06579999999999941,3160.816824336716
2025-04-02 17:00:00+00:00,2025-04-02 17:45:00+00:00,buy,20.2145,20.12737,20.301630000000003,20.301630000000003,1510.4805261490233,131.60816824336732,13292.424992580098,win,0.08713000000000193,3292.424992580083
2025-04-02 17:55:00+00:00,2025-04-02 19:20:00+00:00,buy,20.31774,20.2239,20.41158,20.41158,1416.498827001287,132.92424992580098,13425.3492425059,win,0.09384000000000015,3425.3492425058844
2025-04-02 19:50:00+00:00,2025-04-02 23:30:00+00:00,buy,20.41188,20.2707,20.55306,20.55306,950.9384645492307,134.253492425059,13559.602734930959,win,0.14117999999999853,3559.6027349309434
2025-04-03 00:45:00+00:00,2025-04-03 02:10:00+00:00,buy,20.46865,20.376170000000002,20.56113,20.56113,1466.2200189155712,135.5960273493096,13695.198762280268,win,0.09247999999999834,3695.198762280253
2025-04-03 02:20:00+00:00,2025-04-03 02:25:00+00:00,buy,20.5701,20.5199,20.6203,20.6203,2728.1272434821117,136.95198762280268,13832.15074990307,win,0.050200000000000244,3832.150749903056
2025-04-03 02:35:00+00:00,2025-04-03 03:10:00+00:00,buy,20.6295,20.5245,20.7345,20.5245,1317.3476904669537,-138.3215074990307,13693.82924240404,loss,-0.10500000000000043,3693.829242404025
2025-04-03 05:30:00+00:00,2025-04-03 07:30:00+00:00,buy,20.5571,20.5377,20.576499999999996,20.576499999999996,7058.674867219515,136.93829242404038,13830.767534828079,win,0.01939999999999742,3830.7675348280654
2025-04-03 08:05:00+00:00,2025-04-03 08:20:00+00:00,buy,20.5824,20.5489,20.6159,20.6159,4128.587323829267,138.3076753482808,13969.07521017636,win,0.033500000000000085,3969.0752101763464
2025-04-03 08:30:00+00:00,2025-04-03 08:55:00+00:00,buy,20.6508,20.569100000000002,20.732499999999998,20.732499999999998,1709.801127316612,139.6907521017636,14108.765962278123,win,0.08169999999999789,4108.76596227811
2025-04-03 09:15:00+00:00,2025-04-03 10:25:00+00:00,buy,20.7657,20.6861,20.845299999999998,20.6861,1772.4580354620932,-141.08765962278125,13967.678302655342,loss,-0.07959999999999923,3967.678302655329
2025-04-03 12:25:00+00:00,2025-04-03 12:40:00+00:00,buy,20.761,20.70686,20.81514,20.70686,2579.918415710245,-139.67678302655344,13828.00151962879,loss,-0.0541400000000003,3828.0015196287754
2025-04-03 13:10:00+00:00,2025-04-03 13:45:00+00:00,buy,20.7826,20.6991,20.866099999999996,20.866099999999996,1656.0480861831434,138.2800151962879,13966.281534825077,win,0.08349999999999724,3966.2815348250633
2025-04-03 13:55:00+00:00,2025-04-03 14:00:00+00:00,buy,20.868199999999998,20.8212,20.915199999999995,20.8212,2971.549262728927,-139.66281534825077,13826.618719476826,loss,-0.046999999999997044,3826.6187194768127
2025-04-03 14:20:00+00:00,2025-04-03 15:05:00+00:00,buy,20.874499999999998,20.808400000000002,20.940599999999993,20.940599999999993,2091.7728773794006,138.26618719476826,13964.884906671594,win,0.06609999999999516,3964.884906671581
2025-04-03 15:15:00+00:00,2025-04-03 15:45:00+00:00,buy,20.9517,20.88586,21.017539999999997,21.017539999999997,2121.0335520461786,139.64884906671594,14104.53375573831,win,0.0658399999999979,4104.533755738297
2025-04-03 16:05:00+00:00,2025-04-03 16:20:00+00:00,buy,21.0272,20.9513,21.1031,20.9513,1858.3048426532507,-141.0453375573831,13963.488418180927,loss,-0.07590000000000074,3963.4884181809143
2025-04-03 20:00:00+00:00,2025-04-04 05:15:00+00:00,buy,20.685499999999998,20.628,20.742999999999995,20.742999999999995,2428.4327683793995,139.63488418180927,14103.123302362736,win,0.05749999999999744,4103.123302362724
2025-04-04 05:25:00+00:00,2025-04-04 06:10:00+00:00,buy,20.7435,20.72381,20.76319,20.76319,7162.581667019944,141.03123302362735,14244.154535386362,win,0.01969000000000065,4244.154535386351
2025-04-04 06:20:00+00:00,2025-04-04 06:30:00+00:00,buy,20.76852,20.7453,20.791739999999997,20.791739999999997,6134.433477772311,142.44154535386363,14386.596080740226,win,0.023219999999998464,4386.596080740215
2025-04-04 06:40:00+00:00,2025-04-04 08:40:00+00:00,buy,20.8049,20.7549,20.8549,20.8549,2877.3192161480047,143.86596080740227,14530.46204154763,win,0.05000000000000071,4530.462041547617
2025-04-04 08:50:00+00:00,2025-04-04 09:45:00+00:00,buy,20.8614,20.7881,20.9347,20.9347,1982.3277000747191,145.3046204154763,14675.766661963105,win,0.0732999999999997,4675.766661963094
2025-04-04 10:10:00+00:00,2025-04-04 10:35:00+00:00,buy,20.96647,20.84992,21.08302,21.08302,1259.1820387784717,146.75766661963107,14822.524328582736,win,0.11655000000000015,4822.524328582725
2025-04-04 13:10:00+00:00,2025-04-04 13:20:00+00:00,buy,20.90084,20.83401,20.96767,20.96767,2217.9446848096436,148.2252432858274,14970.749571868564,win,0.0668299999999995,4970.749571868552
2025-04-04 13:30:00+00:00,2025-04-04 15:30:00+00:00,buy,20.9696,20.8217,21.1175,21.1175,1012.2210663873274,149.70749571868564,15120.45706758725,win,0.14789999999999992,5120.457067587238
2025-04-04 16:45:00+00:00,2025-04-04 17:00:00+00:00,buy,20.9996,20.9369,21.0623,20.9369,2411.556151130361,-151.2045706758725,14969.252496911377,loss,-0.06269999999999953,4969.252496911366
2025-04-04 18:25:00+00:00,2025-04-04 21:05:00+00:00,buy,20.9862,20.876,21.0964,20.876,1358.3713699556731,-149.69252496911378,14819.559971942263,loss,-0.11019999999999897,4819.559971942252
2025-04-04 21:15:00+00:00,2025-04-04 23:25:00+00:00,buy,20.9432,20.870900000000002,21.0155,20.870900000000002,2049.731669701601,-148.1955997194226,14671.36437222284,loss,-0.07229999999999848,4671.364372222829
2025-04-07 01:05:00+00:00,2025-04-07 01:10:00+00:00,buy,20.857599999999998,20.7891,20.926099999999995,20.926099999999995,2141.8050178428543,146.7136437222284,14818.07801594507,win,0.06849999999999667,4818.078015945057
2025-04-07 01:20:00+00:00,2025-04-07 02:55:00+00:00,buy,21.002,20.79472,21.209279999999996,21.209279999999996,714.8821891135309,148.1807801594507,14966.258796104521,win,0.20727999999999724,4966.258796104507
2025-04-07 06:45:00+00:00,2025-04-07 07:20:00+00:00,buy,21.083,21.0484,21.117599999999996,21.117599999999996,4325.508322573871,149.6625879610452,15115.921384065567,win,0.03459999999999752,5115.921384065553
2025-04-07 07:30:00+00:00,2025-04-07 08:20:00+00:00,buy,21.12249,21.0694,21.175579999999997,21.0694,2847.2257268913736,-151.15921384065567,14964.76217022491,loss,-0.05308999999999742,4964.762170224897
2025-04-07 08:55:00+00:00,2025-04-07 09:00:00+00:00,buy,21.1546,21.061600000000002,21.247599999999995,21.247599999999995,1609.1142118522027,149.6476217022491,15114.409791927159,win,0.09299999999999642,5114.409791927146
2025-04-07 09:10:00+00:00,2025-04-07 17:10:00+00:00,buy,21.272,21.1102,21.433799999999998,21.1102,934.1415198966134,-151.1440979192716,14963.265694007887,loss,-0.1617999999999995,4963.265694007875
2025-04-07 17:35:00+00:00,2025-04-08 20:25:00+00:00,buy,21.2987,21.07223,21.52517,21.52517,660.7173441960502,149.63265694007887,15112.898350947966,win,0.22646999999999906,5112.898350947954
2025-04-08 20:35:00+00:00,2025-04-08 21:10:00+00:00,buy,21.5258,21.465,21.5866,21.5866,2485.6740708795833,151.12898350947967,15264.027334457445,win,0.06080000000000041,5264.027334457433
2025-04-08 21:55:00+00:00,2025-04-08 22:15:00+00:00,buy,21.5885,21.517500000000002,21.659499999999998,21.659499999999998,2149.8630048532236,152.64027334457447,15416.66760780202,win,0.07099999999999795,5416.667607802008
2025-04-08 23:45:00+00:00,2025-04-08 23:50:00+00:00,buy,21.645,21.601100000000002,21.688899999999997,21.601100000000002,3511.769386743284,-154.1666760780202,15262.500931723998,loss,-0.043899999999997164,5262.500931723988
2025-04-09 00:00:00+00:00,2025-04-09 03:55:00+00:00,buy,21.6482,21.52508,21.77132,21.77132,1239.6443251887576,152.62500931724,15415.125941041239,win,0.12312000000000012,5415.1259410412285
2025-04-09 04:05:00+00:00,2025-04-09 04:35:00+00:00,buy,21.77772,21.728180000000002,21.827259999999995,21.728180000000002,3111.6523901982705,-154.1512594104124,15260.974681630827,loss,-0.04953999999999681,5260.974681630816
2025-04-09 06:05:00+00:00,2025-04-09 06:15:00+00:00,buy,21.6951,21.6676,21.7226,21.7226,5549.445338774875,152.60974681630827,15413.584428447135,win,0.027499999999999858,5413.584428447124
2025-04-09 06:25:00+00:00,2025-04-09 06:35:00+00:00,buy,21.7263,21.6695,21.783099999999997,21.783099999999997,2713.6592303604552,154.13584428447135,15567.720272731607,win,0.05679999999999907,5567.720272731595
2025-04-09 06:45:00+00:00,2025-04-09 07:55:00+00:00,buy,21.79273,21.6933,21.892159999999997,21.892159999999997,1565.6964973078448,155.6772027273161,15723.397475458924,win,0.09942999999999813,5723.397475458912
2025-04-09 08:05:00+00:00,2025-04-09 08:20:00+00:00,buy,21.9088,21.8365,21.981099999999998,21.8365,2174.743772539316,-157.23397475458924,15566.163500704335,loss,-0.07229999999999848,5566.163500704322
2025-04-09 08:50:00+00:00,2025-04-09 09:10:00+00:00,buy,21.9229,21.831300000000002,22.014499999999995,21.831300000000002,1699.3628275878812,-155.66163500704334,15410.501865697292,loss,-0.09159999999999613,5410.501865697279
2025-04-09 12:45:00+00:00,2025-04-09 13:00:00+00:00,buy,21.6989,21.6401,21.757699999999996,21.757699999999996,2620.833650628882,154.10501865697293,15564.606884354265,win,0.058799999999997965,5564.606884354252
2025-04-09 13:10:00+00:00,2025-04-09 14:05:00+00:00,buy,21.7654,21.65531,21.87549,21.87549,1413.8075106144358,155.64606884354265,15720.252953197807,win,0.11008999999999958,5720.252953197794
2025-04-09 15:20:00+00:00,2025-04-09 15:25:00+00:00,buy,21.8254,21.7443,21.906499999999998,21.906499999999998,1938.3789091489455,157.2025295319781,15877.455482729785,win,0.08109999999999928,5877.4554827297725
2025-04-09 15:35:00+00:00,2025-04-09 20:00:00+00:00,buy,21.9151,21.7443,22.0859,21.7443,929.5934123378104,-158.77455482729786,15718.680927902487,loss,-0.17079999999999984,5718.680927902475
2025-04-09 21:05:00+00:00,2025-04-10 11:30:00+00:00,sell,21.1832,21.4592,20.9072,21.4592,569.5174249240036,-157.18680927902489,15561.494118623463,loss,0.2759999999999998,5561.49411862345
2025-04-10 15:05:00+00:00,2025-04-10 15:30:00+00:00,buy,21.529,21.4682,21.5898,21.4682,2559.456269510421,-155.61494118623463,15405.879177437228,loss,-0.06080000000000041,5405.879177437216
2025-04-10 15:40:00+00:00,2025-04-10 17:10:00+00:00,buy,21.5505,21.45222,21.64878,21.64878,1567.5497738540273,154.05879177437228,15559.9379692116,win,0.09827999999999903,5559.937969211588
2025-04-10 17:20:00+00:00,2025-04-10 17:45:00+00:00,buy,21.6597,21.5866,21.7328,21.7328,2128.582485528258,155.599379692116,15715.537348903716,win,0.07310000000000016,5715.537348903704
2025-04-10 17:55:00+00:00,2025-04-10 19:20:00+00:00,buy,21.7803,21.6171,21.9435,21.9435,962.9618473592975,157.15537348903715,15872.692722392752,win,0.1631999999999998,5872.6927223927405
2025-04-10 22:45:00+00:00,2025-04-10 22:55:00+00:00,buy,21.7364,21.6905,21.7823,21.7823,3458.10298962808,158.72692722392753,16031.41964961668,win,0.04589999999999961,6031.419649616668
2025-04-11 01:40:00+00:00,2025-04-11 02:40:00+00:00,buy,21.759999999999998,21.64623,21.873769999999997,21.873769999999997,1409.107818371877,160.3141964961668,16191.733846112847,win,0.11376999999999882,6191.733846112835
2025-04-11 02:50:00+00:00,2025-04-11 03:30:00+00:00,buy,21.8995,21.79681,22.00219,22.00219,1576.7585788404904,161.91733846112848,16353.651184573975,win,0.10268999999999906,6353.651184573963
2025-04-11 05:00:00+00:00,2025-04-11 05:45:00+00:00,buy,21.9397,21.8689,22.010499999999997,21.8689,2309.837737934229,-163.53651184573977,16190.114672728236,loss,-0.07079999999999842,6190.114672728224
2025-04-11 06:10:00+00:00,2025-04-11 08:35:00+00:00,buy,21.9184,21.8625,21.974299999999996,21.8625,2896.2638054971244,-161.90114672728237,16028.213526000953,loss,-0.05589999999999762,6028.213526000942
2025-04-11 09:50:00+00:00,2025-04-11 10:00:00+00:00,buy,21.858999999999998,21.8037,21.914299999999997,21.914299999999997,2898.411125859175,160.28213526000954,16188.495661260962,win,0.05529999999999902,6188.495661260951
2025-04-11 10:10:00+00:00,2025-04-11 11:00:00+00:00,buy,21.936,21.81989,22.05211,22.05211,1394.2378487004646,161.8849566126096,16350.380617873572,win,0.11610999999999905,6350.380617873561
2025-04-11 11:50:00+00:00,2025-04-11 13:45:00+00:00,buy,22.1052,21.87546,22.33494,21.87546,711.6906336673457,-163.50380617873572,16186.876811694836,loss,-0.2297399999999996,6186.876811694826
2025-04-11 20:05:00+00:00,2025-04-11 20:55:00+00:00,sell,21.6309,21.67418,21.58762,21.58762,3740.0362319073683,161.86876811694836,16348.745579811784,win,-0.04327999999999932,6348.745579811774
2025-04-14 00:00:00+00:00,2025-04-14 00:05:00+00:00,sell,21.637140000000002,21.6615,21.612780000000004,21.612780000000004,6711.30770928291,163.48745579811785,16512.2330356099,win,-0.02435999999999794,6512.233035609892
2025-04-14 05:45:00+00:00,2025-04-14 08:05:00+00:00,sell,21.6718,21.7056,21.638,21.638,4885.276046038521,165.122330356099,16677.355365966,win,-0.033799999999999386,6677.355365965991
2025-04-14 08:40:00+00:00,2025-04-14 09:35:00+00:00,sell,21.6343,21.6721,21.5965,21.6721,4411.998774064995,-166.77355365966,16510.58181230634,loss,0.03780000000000072,6510.581812306331
2025-04-14 10:35:00+00:00,2025-04-14 10:50:00+00:00,sell,21.598100000000002,21.6888,21.507400000000004,21.507400000000004,1820.3508062080116,165.10581812306341,16675.687630429402,win,-0.09069999999999823,6675.687630429395
2025-04-14 11:40:00+00:00,2025-04-14 20:00:00+00:00,sell,21.4971,21.6499,21.3443,21.3443,1091.3408135097836,166.75687630429402,16842.444506733696,win,-0.15279999999999916,6842.444506733688
2025-04-15 01:00:00+00:00,2025-04-15 01:05:00+00:00,sell,21.407,21.45625,21.35775,21.35775,3419.7856866463885,168.42444506733696,17010.868951801032,win,-0.04925000000000068,7010.868951801025
2025-04-15 02:05:00+00:00,2025-04-15 03:00:00+00:00,sell,21.352800000000002,21.429299999999998,21.276300000000006,21.429299999999998,2223.6430002355514,-170.10868951801032,16840.760262283024,loss,0.0764999999999958,6840.7602622830145
2025-04-15 04:30:00+00:00,2025-04-15 05:40:00+00:00,sell,21.407500000000002,21.435299999999998,21.379700000000007,21.435299999999998,6057.827432476865,-168.40760262283024,16672.352659660195,loss,0.027799999999995606,6672.352659660184
2025-04-15 06:35:00+00:00,2025-04-15 07:55:00+00:00,sell,21.41432,21.4362,21.39244,21.39244,7619.905237504849,166.72352659660194,16839.076186256796,win,-0.021879999999999455,6839.076186256786
2025-04-15 09:20:00+00:00,2025-04-15 09:45:00+00:00,sell,21.3828,21.4329,21.3327,21.3327,3361.093051149029,168.39076186256796,17007.466948119363,win,-0.05010000000000048,7007.466948119354
2025-04-15 10:30:00+00:00,2025-04-15 12:50:00+00:00,sell,21.317700000000002,21.39329,21.242110000000004,21.39329,2249.9625543219677,-170.07466948119364,16837.39227863817,loss,0.07558999999999827,6837.392278638161
2025-04-15 15:30:00+00:00,2025-04-15 15:45:00+00:00,sell,21.393900000000002,21.44031,21.347490000000004,21.347490000000004,3627.9664465931637,168.3739227863817,17005.76620142455,win,-0.046409999999998064,7005.7662014245425
2025-04-15 16:00:00+00:00,2025-04-15 16:40:00+00:00,sell,21.3424,21.423199999999998,21.261600000000005,21.423199999999998,2104.6740348298645,-170.05766201424552,16835.708539410305,loss,0.08079999999999643,6835.708539410297
2025-04-15 21:10:00+00:00,2025-04-15 22:10:00+00:00,buy,21.499499999999998,21.4681,21.530899999999995,21.4681,5361.690617646957,-168.35708539410305,16667.351454016203,loss,-0.031399999999997874,6667.351454016194
2025-04-16 01:10:00+00:00,2025-04-16 02:00:00+00:00,buy,21.48585,21.44555,21.526149999999998,21.44555,4135.819219359019,-166.67351454016207,16500.67793947604,loss,-0.04029999999999845,6500.677939476032
2025-04-16 03:15:00+00:00,2025-04-16 03:35:00+00:00,buy,21.50621,21.4813,21.531119999999998,21.531119999999998,6624.118000592967,165.00677939476043,16665.6847188708,win,0.024909999999998433,6665.6847188707925
2025-04-16 03:50:00+00:00,2025-04-16 06:00:00+00:00,buy,21.53832,21.5065,21.57014,21.57014,5237.487340939956,166.656847188708,16832.34156605951,win,0.03181999999999974,6832.3415660595
2025-04-16 06:35:00+00:00,2025-04-16 07:25:00+00:00,buy,21.5829,21.547800000000002,21.617999999999995,21.547800000000002,4795.53890770976,-168.3234156605951,16664.018150398915,loss,-0.035099999999996356,6664.018150398905
2025-04-16 08:20:00+00:00,2025-04-16 08:55:00+00:00,buy,21.5804,21.54221,21.61859,21.61859,4363.450680910931,166.64018150398917,16830.658331902905,win,0.03819000000000017,6830.658331902894
2025-04-16 09:05:00+00:00,2025-04-16 10:00:00+00:00,buy,21.62527,21.57195,21.67859,21.57195,3156.537571624738,-168.30658331902904,16662.351748583875,loss,-0.05331999999999937,6662.351748583865
2025-04-16 16:10:00+00:00,2025-04-16 18:20:00+00:00,sell,21.42425,21.4755,21.373,21.373,3251.1905850895637,166.62351748583876,16828.975266069712,win,-0.051249999999999574,6828.975266069703
2025-04-16 18:30:00+00:00,2025-04-16 20:45:00+00:00,sell,21.371000000000002,21.435399999999998,21.306600000000007,21.435399999999998,2613.19491709175,-168.28975266069713,16660.685513409015,loss,0.06439999999999557,6660.685513409006
2025-04-16 22:50:00+00:00,2025-04-16 23:05:00+00:00,sell,21.441850000000002,21.47253,21.411170000000006,21.411170000000006,5430.471158217341,166.60685513409015,16827.292368543105,win,-0.03067999999999671,6827.292368543096
2025-04-17 00:45:00+00:00,2025-04-17 03:15:00+00:00,sell,21.4162,21.46217,21.37023,21.46217,3660.494315541205,-168.27292368543107,16659.019444857673,loss,0.04597000000000051,6659.019444857665
2025-04-17 04:35:00+00:00,2025-04-17 05:05:00+00:00,sell,21.42681,21.44435,21.40927,21.44435,9497.73058429724,-166.59019444857677,16492.429250409095,loss,0.017540000000000333,6492.429250409088
2025-04-17 05:45:00+00:00,2025-04-17 08:10:00+00:00,sell,21.42474,21.44795,21.40153,21.44795,7105.742891171874,-164.92429250409097,16327.504957905005,loss,0.023209999999998843,6327.504957904997
2025-04-17 08:35:00+00:00,2025-04-17 09:00:00+00:00,sell,21.4082,21.4485,21.367900000000002,21.4485,4051.4900639964353,-163.27504957905006,16164.229908325955,loss,0.04029999999999845,6164.229908325948
2025-04-17 14:05:00+00:00,2025-04-17 14:20:00+00:00,sell,21.4146,21.433699999999998,21.395500000000002,21.395500000000002,8462.947595983009,161.64229908325956,16325.872207409215,win,-0.01909999999999812,6325.8722074092075
2025-04-17 14:55:00+00:00,2025-04-17 15:15:00+00:00,sell,21.3945,21.4255,21.363500000000002,21.363500000000002,5266.410389487047,163.25872207409216,16489.130929483308,win,-0.030999999999998806,6489.1309294833
2025-04-17 15:25:00+00:00,2025-04-17 15:30:00+00:00,sell,21.3627,21.4055,21.3199,21.3199,3852.600684458742,164.8913092948331,16654.02223877814,win,-0.04279999999999973,6654.022238778133
2025-04-17 16:45:00+00:00,2025-04-17 17:15:00+00:00,sell,21.332900000000002,21.36,21.305800000000005,21.36,6145.3956600663605,-166.5402223877814,16487.482016390357,loss,0.027099999999997237,6487.482016390351
2025-04-17 19:25:00+00:00,2025-04-17 19:40:00+00:00,sell,21.3321,21.35833,21.305870000000002,21.35833,6285.734661224357,-164.87482016390356,16322.607196226454,loss,0.0262299999999982,6322.607196226448
2025-04-17 21:10:00+00:00,2025-04-17 21:25:00+00:00,sell,21.34938,21.372,21.32676,21.372,7216.006718048874,-163.22607196226454,16159.38112426419,loss,0.022619999999999862,6159.381124264183
2025-04-17 23:25:00+00:00,2025-04-17 23:55:00+00:00,sell,21.38607,21.4084,21.36374,21.36374,7236.623880100339,161.5938112426419,16320.97493550683,win,-0.022330000000000183,6320.974935506825
2025-04-18 00:30:00+00:00,2025-04-18 03:30:00+00:00,sell,21.3412,21.40285,21.27955,21.40285,2647.360086862413,-163.2097493550683,16157.765186151762,loss,0.061650000000000205,6157.765186151757
2025-04-18 04:30:00+00:00,2025-04-18 10:00:00+00:00,sell,21.3693,21.43086,21.30774,21.30774,2624.7181913826753,161.57765186151764,16319.342838013281,win,-0.06156000000000006,6319.342838013275
2025-04-18 11:05:00+00:00,2025-04-18 13:55:00+00:00,buy,21.450699999999998,21.41158,21.489819999999995,21.41158,4171.611154911698,-163.19342838013281,16156.149409633148,loss,-0.039119999999996935,6156.149409633142
2025-04-18 15:45:00+00:00,2025-04-18 18:05:00+00:00,buy,21.4465,21.39066,21.50234,21.39066,2893.293232384165,-161.56149409633147,15994.587915536817,loss,-0.05583999999999989,5994.58791553681
2025-04-18 18:20:00+00:00,2025-04-21 01:00:00+00:00,buy,21.4496,21.38971,21.50949,21.38971,2670.660864173818,-159.94587915536817,15834.642036381449,loss,-0.05988999999999933,5834.642036381442
2025-04-21 01:10:00+00:00,2025-04-21 02:30:00+00:00,buy,21.4556,21.367900000000002,21.5433,21.5433,1805.546412358243,158.3464203638145,15992.988456745263,win,0.08769999999999811,5992.988456745256
2025-04-21 02:40:00+00:00,2025-04-21 02:50:00+00:00,buy,21.54668,21.5185,21.574859999999997,21.574859999999997,5675.297536105692,159.92988456745263,16152.918341312716,win,0.028179999999998984,6152.918341312709
2025-04-21 04:05:00+00:00,2025-04-21 04:45:00+00:00,buy,21.53418,21.4978,21.570559999999997,21.4978,4440.054519327588,-161.52918341312719,15991.389157899588,loss,-0.036379999999997636,5991.389157899582
2025-04-21 05:15:00+00:00,2025-04-21 05:25:00+00:00,buy,21.53934,21.49643,21.58225,21.58225,3726.7278391749983,159.91389157899587,16151.303049478583,win,0.042909999999999116,6151.303049478578
2025-04-21 06:30:00+00:00,2025-04-21 14:15:00+00:00,buy,21.5936,21.51451,21.672689999999996,21.51451,2042.1422492703443,-161.51303049478585,15989.790018983798,loss,-0.07908999999999722,5989.790018983792
2025-04-21 14:25:00+00:00,2025-04-21 14:30:00+00:00,buy,21.542199999999998,21.5118,21.572599999999994,21.572599999999994,5259.799348350513,159.897900189838,16149.687919173637,win,0.030399999999996652,6149.68791917363
2025-04-21 14:45:00+00:00,2025-04-21 16:50:00+00:00,buy,21.5815,21.5118,21.651199999999996,21.5118,2317.028395864309,-161.49687919173638,15988.1910399819,loss,-0.06969999999999743,5988.1910399818935
2025-04-21 18:15:00+00:00,2025-04-21 18:40:00+00:00,buy,21.4898,21.43939,21.54021,21.54021,3171.630835148203,159.88191039981902,16148.07295038172,win,0.0504099999999994,6148.072950381713
2025-04-21 19:05:00+00:00,2025-04-22 01:00:00+00:00,buy,21.55743,21.4813,21.63356,21.4813,2121.1182123186527,-161.4807295038172,15986.592220877903,loss,-0.07612999999999914,5986.592220877896
2025-04-22 06:10:00+00:00,2025-04-22 07:15:00+00:00,sell,21.50092,21.531959999999998,21.469880000000003,21.531959999999998,5150.319658788434,-159.86592220877904,15826.726298669124,loss,0.031039999999997292,5826.726298669117
2025-04-22 08:20:00+00:00,2025-04-22 08:45:00+00:00,sell,21.5008,21.5337,21.467900000000004,21.5337,4810.5551059787595,-158.26726298669124,15668.459035682432,loss,0.03289999999999793,5668.459035682426
2025-04-22 09:45:00+00:00,2025-04-22 10:05:00+00:00,sell,21.50762,21.5593,21.45594,21.45594,3031.8225688239377,156.68459035682432,15825.143626039257,win,-0.05168000000000106,5825.14362603925
2025-04-22 10:30:00+00:00,2025-04-22 15:20:00+00:00,sell,21.43919,21.517799999999998,21.360580000000002,21.360580000000002,2013.1209294033501,158.25143626039258,15983.395062299649,win,-0.07860999999999763,5983.395062299643
2025-04-22 15:30:00+00:00,2025-04-22 16:00:00+00:00,sell,21.35874,21.406679999999998,21.310800000000004,21.310800000000004,3334.0415232166574,159.8339506229965,16143.229012922646,win,-0.047939999999996985,6143.229012922639
2025-04-22 16:10:00+00:00,2025-04-22 17:25:00+00:00,sell,21.3049,21.35501,21.25479,21.35501,3221.5583741613677,-161.43229012922646,15981.796722793419,loss,0.0501100000000001,5981.796722793413
2025-04-22 18:50:00+00:00,2025-04-22 19:00:00+00:00,sell,21.3259,21.3611,21.2907,21.2907,4540.283159884536,159.8179672279342,16141.614690021353,win,-0.035199999999999676,6141.614690021347
2025-04-22 19:15:00+00:00,2025-04-23 00:30:00+00:00,sell,21.247690000000002,21.34679,21.148590000000006,21.148590000000006,1628.820856712607,161.41614690021353,16303.030836921567,win,-0.09909999999999641,6303.030836921561
2025-04-23 00:40:00+00:00,2025-04-23 01:05:00+00:00,sell,21.129,21.2313,21.0267,21.0267,1593.6491531692698,163.03030836921567,16466.061145290783,win,-0.10229999999999961,6466.061145290777
2025-04-23 01:35:00+00:00,2025-04-23 02:35:00+00:00,sell,21.009900000000002,21.15135,20.868450000000003,21.15135,1164.090572307593,-164.66061145290783,16301.400533837876,loss,0.14144999999999897,6301.400533837869
2025-04-23 03:00:00+00:00,2025-04-23 04:45:00+00:00,sell,21.117,21.1613,21.0727,21.1613,3679.7743868708703,-163.01400533837875,16138.386528499497,loss,0.044299999999999784,6138.386528499491
2025-04-23 06:20:00+00:00,2025-04-23 09:00:00+00:00,sell,21.14013,21.16365,21.116609999999998,21.16365,6861.558898171171,-161.38386528499498,15977.002663214502,loss,0.023520000000001318,5977.002663214495
2025-04-23 09:15:00+00:00,2025-04-23 09:25:00+00:00,sell,21.13819,21.174599999999998,21.101780000000005,21.101780000000005,4388.080929199681,159.77002663214503,16136.772689846646,win,-0.0364099999999965,6136.772689846641
2025-04-23 09:35:00+00:00,2025-04-23 10:25:00+00:00,sell,21.0881,21.1771,20.999100000000002,21.1771,1813.120526949089,-161.36772689846646,15975.40496294818,loss,0.08899999999999864,5975.404962948174
2025-04-23 11:10:00+00:00,2025-04-23 12:30:00+00:00,sell,21.084,21.17767,20.99033,21.17767,1705.4985548145908,-159.7540496294818,15815.650913318697,loss,0.09366999999999948,5815.650913318693
2025-04-23 13:30:00+00:00,2025-04-23 14:00:00+00:00,sell,21.1479,21.1818,21.114,21.1818,4665.38375024162,-158.15650913318697,15657.49440418551,loss,0.03389999999999915,5657.494404185506
2025-04-23 14:10:00+00:00,2025-04-23 14:30:00+00:00,sell,21.163600000000002,21.18317,21.144030000000004,21.18317,8000.76361992184,-156.5749440418551,15500.919460143656,loss,0.01956999999999809,5500.919460143651
2025-04-23 16:35:00+00:00,2025-04-23 16:45:00+00:00,sell,21.1954,21.2365,21.1543,21.1543,3771.5132506432124,155.00919460143655,15655.928654745092,win,-0.041100000000000136,5655.928654745087
2025-04-23 16:55:00+00:00,2025-04-24 11:55:00+00:00,sell,21.12946,21.2733,20.985620000000004,21.2733,1088.4266306135557,-156.5592865474509,15499.369368197642,loss,0.1438399999999973,5499.3693681976365
2025-04-24 13:10:00+00:00,2025-04-24 13:30:00+00:00,buy,21.298759999999998,21.240000000000002,21.357519999999994,21.240000000000002,2637.741553471531,-154.99369368197642,15344.375674515666,loss,-0.05875999999999593,5344.37567451566
2025-04-24 15:50:00+00:00,2025-04-24 17:35:00+00:00,buy,21.2592,21.198040000000002,21.320359999999997,21.320359999999997,2508.8907250680686,153.44375674515666,15497.819431260823,win,0.06115999999999744,5497.819431260817
2025-04-24 17:45:00+00:00,2025-04-24 19:00:00+00:00,buy,21.3232,21.262,21.3844,21.3844,2532.323436480548,154.97819431260822,15652.797625573432,win,0.06119999999999948,5652.797625573425
2025-04-24 19:10:00+00:00,2025-04-24 19:25:00+00:00,buy,21.3889,21.3189,21.4589,21.3189,2236.113946510481,-156.5279762557343,15496.269649317697,loss,-0.07000000000000028,5496.26964931769
2025-04-24 20:40:00+00:00,2025-04-24 20:55:00+00:00,buy,21.34547,21.3261,21.364839999999997,21.364839999999997,8000.13920976709,154.96269649317696,15651.232345810875,win,0.019369999999998555,5651.232345810867
2025-04-24 21:05:00+00:00,2025-04-24 22:35:00+00:00,buy,21.3715,21.3355,21.407500000000002,21.407500000000002,4347.564540502855,156.51232345810874,15807.744669268983,win,0.036000000000001364,5807.7446692689755
2025-04-24 22:45:00+00:00,2025-04-24 23:55:00+00:00,buy,21.4136,21.3656,21.461599999999997,21.3656,3293.280139431157,-158.07744669268982,15649.667222576292,loss,-0.047999999999998266,5649.667222576286
2025-04-25 03:25:00+00:00,2025-04-25 06:35:00+00:00,buy,21.3679,21.3295,21.406299999999998,21.3295,4075.4341725459813,-156.49667222576292,15493.170550350529,loss,-0.038399999999999324,5493.170550350523
2025-04-25 07:50:00+00:00,2025-04-25 09:05:00+00:00,buy,21.3581,21.33113,21.38507,21.33113,5744.594197386477,-154.9317055035053,15338.238844847025,loss,-0.026969999999998606,5338.238844847017
2025-04-25 10:10:00+00:00,2025-04-25 11:15:00+00:00,buy,21.3842,21.3215,21.4469,21.3215,2446.2900868974702,-153.38238844847024,15184.856456398555,loss,-0.06269999999999953,5184.856456398547
2025-04-25 11:45:00+00:00,2025-04-25 12:05:00+00:00,buy,21.36247,21.3205,21.404439999999997,21.404439999999997,3618.0263179411136,151.84856456398555,15336.70502096254,win,0.041969999999999175,5336.705020962533
2025-04-25 12:15:00+00:00,2025-04-25 14:55:00+00:00,buy,21.41368,21.3394,21.487959999999998,21.3394,2064.715269381116,-153.3670502096254,15183.337970752915,loss,-0.07427999999999813,5183.3379707529075
2025-04-25 20:05:00+00:00,2025-04-25 20:20:00+00:00,sell,21.2527,21.270799999999998,21.234600000000004,21.234600000000004,8388.58451422957,151.83337970752916,15335.171350460443,win,-0.018099999999996896,5335.171350460437
2025-04-25 21:00:00+00:00,2025-04-25 21:45:00+00:00,sell,21.23274,21.265,21.20048,21.265,4753.617901568519,-153.35171350460445,15181.819636955839,loss,0.032260000000000844,5181.819636955833
2025-04-25 22:35:00+00:00,2025-04-25 22:55:00+00:00,sell,21.2381,21.2665,21.209699999999998,21.209699999999998,5345.711139772936,151.8181963695584,15333.637833325398,win,-0.028400000000001313,5333.6378333253915
2025-04-25 23:10:00+00:00,2025-04-25 23:40:00+00:00,sell,21.2037,21.2443,21.163100000000004,21.2443,3776.7580870261695,-153.33637833325398,15180.301454992144,loss,0.04059999999999775,5180.301454992137
2025-04-25 23:50:00+00:00,2025-04-28 00:00:00+00:00,sell,21.20802,21.2468,21.169240000000002,21.2468,3914.4665948923357,-151.80301454992144,15028.498440442223,loss,0.03877999999999915,5028.498440442216
2025-04-28 00:30:00+00:00,2025-04-28 04:40:00+00:00,sell,21.189700000000002,21.25774,21.121660000000006,21.25774,2208.774021229135,-150.28498440442223,14878.2134560378,loss,0.06803999999999633,4878.213456037794
2025-04-28 07:00:00+00:00,2025-04-28 07:40:00+00:00,sell,21.2531,21.2719,21.2343,21.2343,7913.943327680179,148.782134560378,15026.995590598179,win,-0.018799999999998818,5026.9955905981715
2025-04-28 07:50:00+00:00,2025-04-28 10:45:00+00:00,sell,21.2316,21.2589,21.2043,21.2043,5504.393989230037,150.2699559059818,15177.26554650416,win,-0.027300000000000324,5177.2655465041535
2025-04-28 12:05:00+00:00,2025-04-28 12:45:00+00:00,sell,21.221500000000002,21.2483,21.194700000000005,21.194700000000005,5663.158786009451,151.77265546504162,15329.038201969202,win,-0.026799999999997937,5329.038201969195
2025-04-28 13:10:00+00:00,2025-04-28 13:35:00+00:00,sell,21.1931,21.2207,21.1655,21.1655,5553.999348539642,153.29038201969203,15482.328583988894,win,-0.027599999999999625,5482.328583988887
2025-04-28 13:45:00+00:00,2025-04-28 16:05:00+00:00,sell,21.163600000000002,21.2124,21.114800000000006,21.114800000000006,3172.608316391401,154.82328583988894,15637.151869828784,win,-0.0487999999999964,5637.1518698287755
2025-04-28 17:20:00+00:00,2025-04-28 17:25:00+00:00,sell,21.111610000000002,21.1386,21.084620000000005,21.084620000000005,5793.683538284561,156.37151869828784,15793.523388527072,win,-0.02698999999999785,5793.523388527064
2025-04-28 18:00:00+00:00,2025-04-28 19:45:00+00:00,sell,21.081300000000002,21.1371,21.025500000000005,21.1371,2830.3805355784375,-157.93523388527072,15635.5881546418,loss,0.05579999999999785,5635.588154641793
2025-04-28 23:10:00+00:00,2025-04-28 23:15:00+00:00,sell,21.122700000000002,21.1376,21.107800000000005,21.107800000000005,10493.68332526489,156.355881546418,15791.944036188219,win,-0.014899999999997249,5791.944036188212
2025-04-28 23:30:00+00:00,2025-04-28 23:40:00+00:00,sell,21.102320000000002,21.131899999999998,21.072740000000007,21.131899999999998,5338.723474033301,-157.91944036188218,15634.024595826337,loss,0.02957999999999572,5634.0245958263295
2025-04-29 01:15:00+00:00,2025-04-29 04:45:00+00:00,sell,21.1152,21.153299999999998,21.077100000000005,21.077100000000005,4103.418529088658,156.34024595826338,15790.3648417846,win,-0.03809999999999647,5790.3648417845925
2025-04-29 05:05:00+00:00,2025-04-29 05:55:00+00:00,sell,21.07269,21.10848,21.036900000000003,21.10848,4411.948824192566,-157.903648417846,15632.461193366753,loss,0.035789999999998656,5632.461193366747
2025-04-29 07:40:00+00:00,2025-04-29 08:40:00+00:00,sell,21.1066,21.12886,21.08434,21.12886,7022.66899971575,-156.32461193366754,15476.136581433086,loss,0.02225999999999928,5476.136581433079
2025-04-29 08:55:00+00:00,2025-04-29 09:10:00+00:00,sell,21.10535,21.1292,21.081500000000002,21.1292,6488.946155737284,-154.76136581433087,15321.375215618755,loss,0.023849999999999483,5321.375215618748
2025-04-29 11:05:00+00:00,2025-04-29 13:10:00+00:00,sell,21.140800000000002,21.185399999999998,21.096200000000007,21.096200000000007,3435.2859227848185,153.21375215618755,15474.588967774942,win,-0.04459999999999553,5474.588967774936
2025-04-29 13:20:00+00:00,2025-04-29 15:55:00+00:00,sell,21.0923,21.132099999999998,21.052500000000006,21.132099999999998,3888.0876803458477,-154.74588967774943,15319.843078097192,loss,0.03979999999999606,5319.843078097186
2025-04-29 23:55:00+00:00,2025-04-30 00:00:00+00:00,sell,21.1081,21.1235,21.0927,21.0927,9947.950050712698,153.19843078097193,15473.041508878165,win,-0.015399999999999636,5473.041508878157
2025-04-30 00:35:00+00:00,2025-04-30 03:45:00+00:00,sell,21.0628,21.1415,20.984099999999998,21.1415,1966.0789719031645,-154.73041508878165,15318.311093789383,loss,0.07870000000000132,5318.311093789376
2025-04-30 04:25:00+00:00,2025-04-30 04:30:00+00:00,sell,21.1238,21.147569999999998,21.10003,21.10003,6444.3883440429345,153.18311093789384,15471.494204727278,win,-0.02376999999999896,5471.49420472727
2025-04-30 07:10:00+00:00,2025-04-30 07:15:00+00:00,sell,21.10109,21.11231,21.089869999999998,21.089869999999998,13789.210521145387,154.71494204727279,15626.20914677455,win,-0.011220000000001562,5626.209146774542
2025-04-30 07:40:00+00:00,2025-04-30 09:00:00+00:00,sell,21.08574,21.1098,21.061680000000003,21.1098,6494.683768402093,-156.2620914677455,15469.947055306804,loss,0.024059999999998638,5469.947055306797
2025-04-30 11:25:00+00:00,2025-04-30 13:00:00+00:00,buy,21.1802,21.1376,21.2228,21.1376,3631.44297072928,-154.69947055306804,15315.247584753735,loss,-0.04260000000000019,5315.247584753729
2025-04-30 15:30:00+00:00,2025-04-30 17:50:00+00:00,buy,21.1577,21.11821,21.197189999999996,21.197189999999996,3878.259707458811,153.15247584753735,15468.400060601272,win,0.03948999999999714,5468.400060601266
2025-04-30 20:05:00+00:00,2025-04-30 20:45:00+00:00,sell,21.1152,21.1408,21.089600000000004,21.089600000000004,6042.3437736730375,154.68400060601272,15623.084061207284,win,-0.02559999999999718,5623.084061207279
2025-04-30 20:55:00+00:00,2025-04-30 23:50:00+00:00,sell,21.087600000000002,21.1309,21.044300000000003,21.044300000000003,3608.102554551456,156.23084061207285,15779.314901819358,win,-0.04329999999999856,5779.314901819352
2025-05-01 01:05:00+00:00,2025-05-01 09:55:00+00:00,sell,21.026600000000002,21.08415,20.969050000000003,21.08415,2741.8444659981938,-157.7931490181936,15621.521752801165,loss,0.0575499999999991,5621.521752801158
2025-05-01 13:10:00+00:00,2025-05-01 13:50:00+00:00,buy,21.1541,21.12181,21.18639,21.12181,4837.8822399508545,-156.21521752801166,15465.306535273154,loss,-0.03228999999999971,5465.306535273146
2025-05-01 16:10:00+00:00,2025-05-01 17:00:00+00:00,sell,21.056340000000002,21.0978,21.014880000000005,21.014880000000005,3730.175237644528,154.65306535273155,15619.959600625885,win,-0.041459999999997166,5619.959600625878
2025-05-01 17:10:00+00:00,2025-05-01 20:20:00+00:00,sell,21.01164,21.0585,20.96478,20.96478,3333.324712041461,156.19959600625884,15776.159196632145,win,-0.04685999999999879,5776.159196632137
2025-05-01 20:30:00+00:00,2025-05-01 20:40:00+00:00,sell,20.9598,20.9969,20.922700000000003,20.922700000000003,4252.334015264866,157.76159196632145,15933.920788598467,win,-0.0370999999999988,5933.920788598458
2025-05-01 21:55:00+00:00,2025-05-01 23:15:00+00:00,sell,20.94433,20.9655,20.923160000000003,20.923160000000003,7526.65129362307,159.33920788598468,16093.259996484452,win,-0.021169999999997913,6093.259996484442
2025-05-01 23:40:00+00:00,2025-05-01 23:55:00+00:00,sell,20.91542,20.94679,20.884050000000002,20.94679,5130.143448034733,-160.9325999648445,15932.327396519608,loss,0.03136999999999901,5932.327396519598
2025-05-02 03:10:00+00:00,2025-05-02 03:30:00+00:00,sell,20.9404,20.9676,20.9132,20.9132,5857.4733075438535,159.32327396519608,16091.650670484803,win,-0.027200000000000557,6091.650670484793
2025-05-02 03:40:00+00:00,2025-05-02 07:20:00+00:00,sell,20.9041,20.9453,20.8629,20.8629,3905.7404540011753,160.91650670484805,16252.567177189652,win,-0.0411999999999999,6252.567177189641
2025-05-02 07:55:00+00:00,2025-05-02 10:40:00+00:00,sell,20.86001,20.9039,20.816119999999998,20.9039,3703.022824604522,-162.52567177189653,16090.041505417756,loss,0.043890000000001095,6090.041505417745
2025-05-02 11:10:00+00:00,2025-05-02 11:20:00+00:00,sell,20.8645,20.907999999999998,20.821,20.907999999999998,3698.8601161881516,-160.90041505417756,15929.141090363579,loss,0.043499999999998096,5929.141090363567
2025-05-02 13:00:00+00:00,2025-05-02 13:30:00+00:00,sell,20.8934,20.9208,20.866,20.866,5813.55514246844,159.29141090363578,16088.432501267214,win,-0.02740000000000009,6088.4325012672025
2025-05-02 13:45:00+00:00,2025-05-02 15:30:00+00:00,sell,20.84922,20.9143,20.784139999999997,20.784139999999997,2472.1008760397617,160.88432501267215,16249.316826279886,win,-0.0650800000000018,6249.3168262798745
2025-05-02 19:00:00+00:00,2025-05-02 19:50:00+00:00,sell,20.87122,20.911099999999998,20.831340000000004,20.831340000000004,4074.552865165817,162.49316826279886,16411.809994542684,win,-0.039879999999996585,6411.809994542673
2025-05-02 20:00:00+00:00,2025-05-02 23:25:00+00:00,sell,20.8296,20.8734,20.7858,20.7858,3746.9885832288423,164.11809994542685,16575.92809448811,win,-0.04380000000000095,6575.9280944881
2025-05-02 23:45:00+00:00,2025-05-05 00:05:00+00:00,sell,20.778000000000002,20.81122,20.744780000000006,20.744780000000006,4989.743556438853,165.7592809448811,16741.68737543299,win,-0.033219999999996475,6741.687375432982
2025-05-05 01:00:00+00:00,2025-05-05 01:40:00+00:00,sell,20.7286,20.80309,20.65411,20.80309,2247.508038049779,-167.4168737543299,16574.27050167866,loss,0.07449000000000083,6574.270501678652
2025-05-05 04:00:00+00:00,2025-05-05 04:05:00+00:00,sell,20.8369,20.847469999999998,20.826330000000002,20.826330000000002,15680.48297226319,165.7427050167866,16740.013206695447,win,-0.010569999999997748,6740.013206695438
2025-05-05 04:15:00+00:00,2025-05-05 04:25:00+00:00,sell,20.82591,20.85083,20.800990000000002,20.800990000000002,6717.50128679645,167.40013206695446,16907.413338762402,win,-0.024919999999998055,6907.413338762392
2025-05-05 04:35:00+00:00,2025-05-05 07:45:00+00:00,sell,20.8003,20.83681,20.76379,20.83681,4630.8992984832885,-169.07413338762402,16738.339205374778,loss,0.03650999999999982,6738.339205374768
2025-05-05 09:00:00+00:00,2025-05-05 09:10:00+00:00,sell,20.81117,20.8372,20.785140000000002,20.8372,6430.403075442042,-167.38339205374777,16570.95581332103,loss,0.026029999999998665,6570.95581332102
2025-05-05 10:05:00+00:00,2025-05-05 10:55:00+00:00,sell,20.803900000000002,20.845,20.762800000000006,20.762800000000006,4031.862728302289,165.7095581332103,16736.66537145424,win,-0.041099999999996584,6736.665371454231
2025-05-05 11:05:00+00:00,2025-05-05 16:10:00+00:00,sell,20.7586,20.7949,20.722300000000004,20.722300000000004,4610.651617480874,167.36665371454242,16904.032025168784,win,-0.03629999999999711,6904.0320251687735
2025-05-05 17:00:00+00:00,2025-05-05 23:20:00+00:00,sell,20.70863,20.7638,20.65346,20.65346,3063.9898541179386,169.04032025168786,17073.07234542047,win,-0.055170000000000385,7073.072345420462
2025-05-05 23:40:00+00:00,2025-05-05 23:50:00+00:00,sell,20.6488,20.67323,20.624370000000003,20.67323,6988.568295301384,-170.7307234542047,16902.341621966265,loss,0.02442999999999884,6902.341621966257
2025-05-06 00:00:00+00:00,2025-05-06 01:00:00+00:00,sell,20.646530000000002,20.6758,20.617260000000005,20.6758,5774.629867430172,-169.02341621966266,16733.318205746604,loss,0.0292699999999968,6733.318205746594
2025-05-06 01:35:00+00:00,2025-05-06 05:05:00+00:00,sell,20.65452,20.6829,20.626140000000003,20.6829,5896.165682081564,-167.33318205746605,16565.985023689136,loss,0.028379999999998518,6565.985023689128
2025-05-06 07:25:00+00:00,2025-05-06 07:30:00+00:00,sell,20.67091,20.6829,20.65892,20.65892,13816.501270798988,165.65985023689137,16731.644873926027,win,-0.011990000000000833,6731.6448739260195
2025-05-06 09:55:00+00:00,2025-05-06 11:00:00+00:00,sell,20.6876,20.7084,20.6668,20.6668,8044.060035540871,167.31644873926027,16898.961322665287,win,-0.020800000000001262,6898.96132266528
2025-05-06 11:10:00+00:00,2025-05-06 15:20:00+00:00,sell,20.6645,20.6969,20.6321,20.6969,5215.7288032919005,-168.98961322665286,16729.971709438636,loss,0.032399999999999096,6729.971709438627
2025-05-06 16:05:00+00:00,2025-05-06 16:40:00+00:00,sell,20.666330000000002,20.7,20.632660000000005,20.7,4968.806566510254,-167.29971709438635,16562.67199234425,loss,0.0336699999999972,6562.671992344241
2025-05-06 17:10:00+00:00,2025-05-06 18:05:00+00:00,sell,20.6868,20.7259,20.647700000000004,20.647700000000004,4235.977491648397,165.62671992344252,16728.298712267693,win,-0.03909999999999769,6728.298712267683
2025-05-06 18:15:00+00:00,2025-05-06 18:45:00+00:00,sell,20.6465,20.678729999999998,20.61427,20.61427,5190.288151495039,167.28298712267693,16895.58169939037,win,-0.03222999999999843,6895.58169939036
2025-05-06 18:55:00+00:00,2025-05-06 20:35:00+00:00,sell,20.61347,20.6544,20.57254,20.6544,4127.9212556536995,-168.9558169939037,16726.625882396467,loss,0.04092999999999947,6726.625882396456
2025-05-06 21:00:00+00:00,2025-05-06 21:35:00+00:00,sell,20.631600000000002,20.6598,20.603400000000004,20.6598,5931.427617871461,-167.26625882396468,16559.3596235725,loss,0.028199999999998226,6559.359623572492
2025-05-07 01:05:00+00:00,2025-05-07 01:20:00+00:00,sell,20.6338,20.6919,20.5757,20.5757,2850.147955864478,165.59359623572502,16724.953219808227,win,-0.058099999999999596,6724.953219808217
2025-05-07 04:05:00+00:00,2025-05-07 05:15:00+00:00,sell,20.62017,20.665,20.575340000000004,20.665,3730.750216330396,-167.24953219808228,16557.703687610145,loss,0.04482999999999748,6557.703687610135
2025-05-07 09:40:00+00:00,2025-05-07 11:15:00+00:00,buy,20.7262,20.6816,20.770799999999998,20.770799999999998,3712.4896160561625,165.57703687610146,16723.280724486245,win,0.044599999999999085,6723.280724486236
2025-05-07 11:30:00+00:00,2025-05-07 17:05:00+00:00,buy,20.788999999999998,20.718700000000002,20.859299999999994,20.718700000000002,2378.8450532698703,-167.23280724486244,16556.047917241383,loss,-0.07029999999999603,6556.047917241373
2025-05-07 21:55:00+00:00,2025-05-07 22:15:00+00:00,sell,20.638840000000002,20.6749,20.602780000000003,20.6749,4591.250115707654,-165.56047917241384,16390.48743806897,loss,0.03605999999999909,6390.48743806896
2025-05-07 22:40:00+00:00,2025-05-08 10:10:00+00:00,sell,20.6277,20.6764,20.579,20.6764,3365.6031700346834,-163.9048743806897,16226.58256368828,loss,0.04870000000000019,6226.58256368827
2025-05-08 11:15:00+00:00,2025-05-08 13:25:00+00:00,sell,20.6147,20.6767,20.552699999999998,20.552699999999998,2617.1907360787054,162.2658256368828,16388.84838932516,win,-0.062000000000001165,6388.848389325153
2025-05-08 13:35:00+00:00,2025-05-08 14:05:00+00:00,sell,20.537300000000002,20.5792,20.495400000000004,20.495400000000004,3911.419663323589,163.88848389325162,16552.73687321841,win,-0.04189999999999827,6552.736873218405
2025-05-08 14:25:00+00:00,2025-05-08 19:10:00+00:00,sell,20.493180000000002,20.5627,20.423660000000005,20.423660000000005,2381.0035778508477,165.52736873218413,16718.264241950594,win,-0.06951999999999714,6718.264241950589
2025-05-08 20:25:00+00:00,2025-05-08 21:55:00+00:00,sell,20.4276,20.4469,20.408300000000004,20.4469,8662.313078731931,-167.18264241950595,16551.081599531088,loss,0.019299999999997652,6551.081599531083
2025-05-08 22:30:00+00:00,2025-05-08 22:55:00+00:00,sell,20.42556,20.4526,20.39852,20.4526,6120.962130004212,-165.51081599531088,16385.570783535775,loss,0.02703999999999951,6385.5707835357725
2025-05-08 23:55:00+00:00,2025-05-09 03:00:00+00:00,sell,20.41515,20.4572,20.3731,20.4572,3896.6874633854677,-163.85570783535775,16221.715075700418,loss,0.0420499999999997,6221.715075700415
2025-05-09 05:05:00+00:00,2025-05-09 08:45:00+00:00,sell,20.4827,20.5037,20.461700000000004,20.5037,7724.626226525023,-162.2171507570042,16059.497924943415,loss,0.020999999999997243,6059.497924943411
2025-05-09 10:35:00+00:00,2025-05-09 10:50:00+00:00,sell,20.477600000000002,20.508,20.447200000000006,20.447200000000006,5282.729580574073,160.59497924943415,16220.092904192848,win,-0.030399999999996652,6220.092904192845
2025-05-09 11:00:00+00:00,2025-05-09 15:15:00+00:00,sell,20.4455,20.5264,20.3646,20.5264,2004.955859603572,-162.20092904192848,16057.89197515092,loss,0.08089999999999975,6057.891975150917
2025-05-09 17:05:00+00:00,2025-05-09 22:25:00+00:00,buy,20.5748,20.5146,20.634999999999998,20.5146,2667.423916138104,-160.5789197515092,15897.31305539941,loss,-0.060199999999998255,5897.313055399407
2025-05-12 00:05:00+00:00,2025-05-12 00:10:00+00:00,sell,20.4537,20.5019,20.405500000000004,20.405500000000004,3298.197729336128,158.9731305539941,16056.286185953404,win,-0.0481999999999978,6056.286185953401
2025-05-12 04:45:00+00:00,2025-05-12 05:20:00+00:00,sell,20.44262,20.46541,20.419830000000005,20.46541,7045.320836312213,-160.56286185953405,15895.72332409387,loss,0.02278999999999698,5895.723324093868
2025-05-12 06:35:00+00:00,2025-05-12 07:05:00+00:00,sell,20.46177,20.4752,20.44834,20.44834,11835.981626280218,158.9572332409387,16054.680557334808,win,-0.013429999999999609,6054.6805573348065
2025-05-12 07:20:00+00:00,2025-05-12 09:05:00+00:00,sell,20.4461,20.468999999999998,20.423200000000005,20.423200000000005,7010.777535955177,160.54680557334808,16215.227362908156,win,-0.022899999999996368,6215.227362908155
2025-05-12 09:15:00+00:00,2025-05-12 09:45:00+00:00,sell,20.421400000000002,20.45225,20.390550000000005,20.390550000000005,5256.151495270513,162.15227362908155,16377.379636537236,win,-0.03084999999999738,6377.379636537236
2025-05-12 09:55:00+00:00,2025-05-12 10:00:00+00:00,sell,20.376640000000002,20.4329,20.320380000000004,20.320380000000004,2911.016643536751,163.77379636537236,16541.153432902607,win,-0.0562599999999982,6541.153432902609
2025-05-12 10:25:00+00:00,2025-05-13 14:40:00+00:00,sell,20.20457,20.4115,19.99764,20.4115,799.3598527474325,-165.41153432902607,16375.74189857358,loss,0.20692999999999984,6375.741898573583
2025-05-13 14:50:00+00:00,2025-05-13 15:15:00+00:00,buy,20.4122,20.352600000000002,20.471799999999995,20.471799999999995,2747.6077011031293,163.7574189857358,16539.499317559315,win,0.0595999999999961,6539.499317559319
2025-05-13 16:00:00+00:00,2025-05-14 19:40:00+00:00,buy,20.4889,20.4052,20.5726,20.4052,1976.045318704809,-165.39499317559316,16374.104324383723,loss,-0.08370000000000033,6374.104324383726
2025-05-14 21:10:00+00:00,2025-05-14 22:55:00+00:00,sell,20.4098,20.4287,20.390900000000002,20.390900000000002,8663.547261579339,163.74104324383725,16537.84536762756,win,-0.018899999999998585,6537.845367627563
2025-05-15 00:00:00+00:00,2025-05-15 00:05:00+00:00,sell,20.3867,20.4119,20.361500000000003,20.4119,6562.637050646348,-165.3784536762756,16372.466913951284,loss,0.025199999999998113,6372.466913951287
2025-05-15 02:45:00+00:00,2025-05-15 04:10:00+00:00,sell,20.37043,20.40455,20.336309999999997,20.40455,4798.495578531822,-163.72466913951286,16208.742244811772,loss,0.03412000000000148,6208.742244811774
2025-05-15 05:45:00+00:00,2025-05-15 06:10:00+00:00,sell,20.4115,20.4228,20.4002,20.4228,14344.019685675998,-162.08742244811774,16046.654822363655,loss,0.011299999999998533,6046.654822363656
2025-05-15 12:40:00+00:00,2025-05-15 13:30:00+00:00,sell,20.3966,20.4255,20.3677,20.3677,5552.475717080821,160.46654822363655,16207.12137058729,win,-0.028900000000000148,6207.121370587293
2025-05-15 13:40:00+00:00,2025-05-15 13:45:00+00:00,sell,20.36335,20.398509999999998,20.328190000000003,20.328190000000003,4609.533950679289,162.0712137058729,16369.192584293163,win,-0.03515999999999764,6369.192584293166
2025-05-15 14:00:00+00:00,2025-05-15 18:50:00+00:00,sell,20.28337,20.398509999999998,20.168230000000005,20.168230000000005,1421.6773132094522,163.69192584293162,16532.884510136097,win,-0.11513999999999669,6532.884510136098
2025-05-15 19:00:00+00:00,2025-05-15 21:00:00+00:00,sell,20.166900000000002,20.2109,20.122900000000005,20.122900000000005,3757.4737523039207,165.32884510136097,16698.213355237458,win,-0.04399999999999693,6698.213355237459
2025-05-15 23:20:00+00:00,2025-05-15 23:55:00+00:00,sell,20.14037,20.1544,20.126340000000003,20.1544,11901.791414996143,-166.9821335523746,16531.231221685084,loss,0.01402999999999821,6531.231221685084
2025-05-16 05:30:00+00:00,2025-05-16 07:10:00+00:00,sell,20.181350000000002,20.1939,20.168800000000005,20.168800000000005,13172.295794174115,165.31231221685084,16696.543533901935,win,-0.012549999999997397,6696.543533901935
2025-05-16 07:25:00+00:00,2025-05-16 08:05:00+00:00,sell,20.16832,20.1825,20.15414,20.1825,11774.713352540453,-166.96543533901936,16529.578098562917,loss,0.014179999999999637,6529.578098562915
2025-05-16 18:05:00+00:00,2025-05-16 19:00:00+00:00,sell,20.198800000000002,20.2436,20.154000000000003,20.154000000000003,3689.637968429336,165.29578098562916,16694.873879548548,win,-0.04479999999999862,6694.873879548544
2025-05-16 19:10:00+00:00,2025-05-19 00:00:00+00:00,sell,20.1371,20.1835,20.090700000000002,20.1835,3598.033163695928,-166.94873879548547,16527.92514075306,loss,0.04639999999999844,6527.925140753059
2025-05-19 03:35:00+00:00,2025-05-19 06:40:00+00:00,sell,20.17442,20.1948,20.154040000000002,20.1948,8109.8749463952645,-165.2792514075306,16362.645889345531,loss,0.0203799999999994,6362.645889345528
2025-05-19 11:10:00+00:00,2025-05-19 11:45:00+00:00,buy,20.2328,20.2005,20.2651,20.2651,5065.834640664357,163.62645889345532,16526.272348238985,win,0.03229999999999933,6526.272348238984
2025-05-19 11:55:00+00:00,2025-05-19 13:20:00+00:00,buy,20.2866,20.23143,20.34177,20.34177,2995.517917027165,165.26272348238984,16691.535071721373,win,0.055170000000000385,6691.535071721373
2025-05-19 13:30:00+00:00,2025-05-19 15:30:00+00:00,buy,20.3473,20.306,20.3886,20.306,4041.533915671067,-166.91535071721373,16524.61972100416,loss,-0.04129999999999967,6524.619721004159
2025-05-19 15:55:00+00:00,2025-05-19 16:40:00+00:00,buy,20.3404,20.3017,20.379099999999998,20.3017,4269.927576487014,-165.24619721004157,16359.37352379412,loss,-0.038699999999998624,6359.373523794117
2025-05-19 17:55:00+00:00,2025-05-19 18:50:00+00:00,buy,20.33672,20.287200000000002,20.386239999999997,20.287200000000002,3303.5891607017215,-163.59373523794122,16195.77978855618,loss,-0.049519999999997566,6195.779788556176
2025-05-19 19:00:00+00:00,2025-05-19 20:25:00+00:00,buy,20.304389999999998,20.285700000000002,20.323079999999994,20.285700000000002,8665.478752573437,-161.9577978855618,16033.821990670618,loss,-0.018689999999995877,6033.8219906706145
2025-05-19 20:45:00+00:00,2025-05-19 22:50:00+00:00,buy,20.3004,20.28302,20.31778,20.31778,9225.444183355165,160.33821990670617,16194.160210577324,win,0.017379999999999285,6194.160210577321
2025-05-19 23:00:00+00:00,2025-05-19 23:45:00+00:00,buy,20.3203,20.308600000000002,20.331999999999997,20.331999999999997,13841.162573145848,161.94160210577323,16356.101812683097,win,0.011699999999997601,6356.101812683094
2025-05-19 23:55:00+00:00,2025-05-20 00:00:00+00:00,buy,20.335,20.31809,20.35191,20.31809,9672.443413769224,-163.56101812683096,16192.540794556266,loss,-0.016909999999999314,6192.540794556263
2025-05-20 01:35:00+00:00,2025-05-20 01:40:00+00:00,buy,20.3175,20.30834,20.326659999999997,20.30834,17677.44628227084,-161.92540794556265,16030.615386610703,loss,-0.009159999999997837,6030.615386610701
2025-05-20 04:00:00+00:00,2025-05-20 04:10:00+00:00,buy,20.3021,20.28743,20.316769999999998,20.316769999999998,10927.481517799562,160.30615386610702,16190.921540476811,win,0.01466999999999885,6190.921540476807
2025-05-20 04:20:00+00:00,2025-05-20 06:40:00+00:00,buy,20.3198,20.2957,20.3439,20.3439,6718.224705591849,161.9092154047681,16352.83075588158,win,0.024100000000000676,6352.830755881576
2025-05-20 07:30:00+00:00,2025-05-20 08:10:00+00:00,buy,20.346,20.3216,20.3704,20.3216,6701.979817984261,-163.5283075588158,16189.302448322764,loss,-0.024399999999999977,6189.30244832276
2025-05-20 08:40:00+00:00,2025-05-20 09:40:00+00:00,buy,20.3527,20.32,20.385399999999997,20.385399999999997,4950.8570178359505,161.89302448322763,16351.195472805992,win,0.0326999999999984,6351.195472805987
2025-05-20 10:00:00+00:00,2025-05-20 10:30:00+00:00,buy,20.38868,20.3443,20.43306,20.3443,3684.3613052739697,-163.51195472805992,16187.683518077933,loss,-0.04438000000000031,6187.683518077927
2025-05-20 14:05:00+00:00,2025-05-20 18:35:00+00:00,sell,20.2269,20.28259,20.171210000000002,20.171210000000002,2906.7487013967284,161.87683518077932,16349.560353258712,win,-0.05568999999999846,6349.5603532587065
2025-05-20 18:55:00+00:00,2025-05-20 21:05:00+00:00,sell,20.1676,20.2056,20.1296,20.2056,4302.515882436474,-163.49560353258713,16186.064749726125,loss,0.038000000000000256,6186.06474972612
2025-05-20 22:55:00+00:00,2025-05-20 23:40:00+00:00,sell,20.200120000000002,20.22092,20.179320000000004,20.22092,7781.761898907648,-161.86064749726125,16024.204102228863,loss,0.02079999999999771,6024.204102228859
2025-05-20 23:50:00+00:00,2025-05-21 00:05:00+00:00,sell,20.20833,20.2239,20.19276,20.19276,10291.717470923924,160.24204102228865,16184.446143251153,win,-0.015570000000000306,6184.446143251147
2025-05-21 03:15:00+00:00,2025-05-21 03:35:00+00:00,sell,20.2119,20.2318,20.192,20.2318,8132.887509171513,-161.84446143251154,16022.601681818642,loss,0.019899999999999807,6022.601681818635
2025-05-21 09:05:00+00:00,2025-05-21 09:10:00+00:00,buy,20.26813,20.24612,20.290139999999997,20.290139999999997,7279.691813639271,160.22601681818642,16182.827698636827,win,0.022009999999998087,6182.827698636822
2025-05-21 09:20:00+00:00,2025-05-21 09:50:00+00:00,buy,20.3006,20.250030000000002,20.351169999999996,20.351169999999996,3200.0845755661107,161.82827698636828,16344.655975623196,win,0.050569999999996895,6344.65597562319
2025-05-21 12:40:00+00:00,2025-05-21 13:55:00+00:00,buy,20.299,20.2664,20.331599999999998,20.2664,5013.698152031867,-163.44655975623198,16181.209415866964,loss,-0.03259999999999863,6181.209415866958
2025-05-21 15:05:00+00:00,2025-05-21 15:10:00+00:00,buy,20.2808,20.249100000000002,20.312499999999996,20.249100000000002,5104.48246557363,-161.81209415866965,16019.397321708295,loss,-0.031699999999997175,6019.3973217082885
2025-05-21 15:45:00+00:00,2025-05-21 16:10:00+00:00,buy,20.288,20.245900000000002,20.330099999999998,20.330099999999998,3805.0824992183207,160.19397321708294,16179.591294925378,win,0.042099999999997806,6179.591294925372
2025-05-21 18:35:00+00:00,2025-05-21 19:35:00+00:00,buy,20.3014,20.2763,20.326500000000003,20.326500000000003,6446.052308734723,161.7959129492538,16341.387207874632,win,0.0251000000000019,6341.387207874625
2025-05-21 20:05:00+00:00,2025-05-21 20:30:00+00:00,buy,20.336199999999998,20.2883,20.384099999999997,20.384099999999997,3411.5630914144353,163.41387207874632,16504.801079953377,win,0.0478999999999985,6504.801079953371
2025-05-21 23:45:00+00:00,2025-05-22 01:10:00+00:00,buy,20.3527,20.32822,20.377179999999996,20.32822,6742.157303903365,-165.04801079953378,16339.753069153843,loss,-0.02447999999999695,6339.753069153838
2025-05-22 02:25:00+00:00,2025-05-22 02:55:00+00:00,buy,20.3422,20.3199,20.364499999999996,20.364499999999996,7327.243528769273,163.39753069153844,16503.150599845383,win,0.022299999999997766,6503.150599845376
2025-05-22 03:05:00+00:00,2025-05-22 04:00:00+00:00,buy,20.3673,20.3521,20.3825,20.3521,10857.335920950838,-165.03150599845384,16338.11909384693,loss,-0.015200000000000102,6338.119093846922
2025-05-22 04:15:00+00:00,2025-05-22 07:05:00+00:00,buy,20.3757,20.3516,20.399799999999995,20.3516,6779.302528568,-163.3811909384693,16174.73790290846,loss,-0.024099999999997124,6174.737902908452
2025-05-22 08:20:00+00:00,2025-05-22 08:45:00+00:00,buy,20.3536,20.342100000000002,20.365099999999998,20.365099999999998,14064.98948079233,161.7473790290846,16336.485281937545,win,0.011499999999998067,6336.4852819375365
2025-05-22 12:05:00+00:00,2025-05-22 12:15:00+00:00,buy,20.3206,20.296300000000002,20.344899999999996,20.344899999999996,6722.833449357939,163.36485281937544,16499.85013475692,win,0.024299999999996658,6499.850134756912
2025-05-22 12:25:00+00:00,2025-05-22 17:15:00+00:00,buy,20.3478,20.296300000000002,20.399299999999997,20.296300000000002,3203.854395098605,-164.99850134756923,16334.851633409353,loss,-0.051499999999997215,6334.851633409343
2025-05-22 19:05:00+00:00,2025-05-22 20:50:00+00:00,sell,20.2845,20.308799999999998,20.260200000000005,20.308799999999998,6722.161166013005,-163.34851633409355,16171.503117075259,loss,0.024299999999996658,6171.503117075249
2025-05-22 23:55:00+00:00,2025-05-23 01:15:00+00:00,sell,20.29497,20.3213,20.268639999999998,20.3213,6141.854583013416,-161.71503117075258,16009.788085904507,loss,0.02633000000000152,6009.788085904496
2025-05-23 03:05:00+00:00,2025-05-23 03:10:00+00:00,sell,20.31454,20.32781,20.301270000000002,20.301270000000002,12064.648143109453,160.09788085904506,16169.885966763552,win,-0.01326999999999856,6169.885966763542
2025-05-23 05:25:00+00:00,2025-05-23 07:15:00+00:00,sell,20.3125,20.33218,20.29282,20.29282,8216.40547091601,161.69885966763553,16331.584826431186,win,-0.01968000000000103,6331.584826431177
2025-05-23 07:25:00+00:00,2025-05-23 09:35:00+00:00,sell,20.2868,20.3146,20.259,20.3146,5874.670800874705,-163.31584826431185,16168.268978166874,loss,0.02779999999999916,6168.268978166865
2025-05-23 09:45:00+00:00,2025-05-23 10:00:00+00:00,sell,20.287300000000002,20.32,20.254600000000003,20.254600000000003,4944.424763965648,161.68268978166876,16329.951667948542,win,-0.0326999999999984,6329.951667948534
2025-05-23 10:35:00+00:00,2025-05-23 11:20:00+00:00,sell,20.2515,20.3041,20.198900000000002,20.3041,3104.5535490397533,-163.29951667948544,16166.652151269056,loss,0.052599999999998204,6166.652151269049
2025-05-23 17:25:00+00:00,2025-05-23 19:00:00+00:00,sell,20.2767,20.3158,20.237600000000004,20.237600000000004,4134.693644826089,161.66652151269057,16328.318672781746,win,-0.03909999999999769,6328.318672781739
2025-05-23 19:10:00+00:00,2025-05-26 01:10:00+00:00,sell,20.2332,20.2794,20.187,20.2794,3534.268110991804,-163.28318672781748,16165.035486053928,loss,0.04619999999999891,6165.035486053922
2025-05-26 01:20:00+00:00,2025-05-26 03:00:00+00:00,sell,20.250700000000002,20.292099999999998,20.209300000000006,20.292099999999998,3904.5979434916753,-161.6503548605393,16003.385131193389,loss,0.041399999999995885,6003.385131193382
2025-05-26 06:05:00+00:00,2025-05-26 07:55:00+00:00,buy,20.3224,20.30656,20.338239999999995,20.30656,10103.147178785497,-160.0338513119339,15843.351279881455,loss,-0.01583999999999719,5843.351279881448
2025-05-26 08:50:00+00:00,2025-05-26 10:15:00+00:00,buy,20.3284,20.30376,20.353039999999996,20.353039999999996,6429.931525926438,158.43351279881455,16001.78479268027,win,0.024639999999997997,6001.784792680262
2025-05-26 10:25:00+00:00,2025-05-26 14:20:00+00:00,buy,20.3539,20.30787,20.399929999999998,20.30787,3476.381662542012,-160.0178479268027,15841.766944753466,loss,-0.04602999999999824,5841.76694475346
2025-05-26 15:05:00+00:00,2025-05-26 15:15:00+00:00,buy,20.3124,20.299500000000002,20.3253,20.299500000000002,12280.439492058516,-158.41766944753468,15683.34927530593,loss,-0.012899999999998357,5683.349275305925
2025-05-26 15:55:00+00:00,2025-05-26 17:15:00+00:00,buy,20.3191,20.2968,20.341399999999997,20.341399999999997,7032.8920517074,156.83349275305932,15840.18276805899,win,0.022299999999997766,5840.182768058985
2025-05-26 17:25:00+00:00,2025-05-26 18:05:00+00:00,buy,20.3418,20.32575,20.35785,20.32575,9869.272752684794,-158.40182768058995,15681.780940378401,loss,-0.016049999999999898,5681.780940378395
2025-05-26 19:30:00+00:00,2025-05-26 22:00:00+00:00,buy,20.3365,20.3264,20.346600000000002,20.3264,15526.515782550829,-156.81780940378403,15524.963130974616,loss,-0.01010000000000133,5524.963130974611
2025-05-26 22:20:00+00:00,2025-05-26 23:55:00+00:00,buy,20.33466,20.326060000000002,20.343259999999997,20.326060000000002,18052.282710440388,-155.24963130974618,15369.713499664871,loss,-0.00859999999999772,5369.713499664865
2025-05-27 03:05:00+00:00,2025-05-27 03:10:00+00:00,buy,20.3267,20.314,20.339399999999998,20.339399999999998,12102.136613910468,153.6971349966487,15523.410634661519,win,0.012699999999998823,5523.4106346615135
2025-05-27 03:20:00+00:00,2025-05-27 09:45:00+00:00,buy,20.3436,20.314,20.373199999999997,20.314,5244.395484683208,-155.2341063466152,15368.176528314903,loss,-0.029599999999998516,5368.176528314898
2025-05-27 10:25:00+00:00,2025-05-27 11:50:00+00:00,buy,20.3445,20.3075,20.3815,20.3075,4153.561223869002,-153.68176528314905,15214.494763031755,loss,-0.036999999999999034,5214.494763031749
2025-05-27 16:05:00+00:00,2025-05-27 16:10:00+00:00,sell,20.33061,20.3497,20.31152,20.31152,7969.876774768441,152.14494763031755,15366.639710662072,win,-0.019089999999998497,5366.639710662067
2025-05-27 16:20:00+00:00,2025-05-27 22:35:00+00:00,sell,20.3042,20.3474,20.261000000000003,20.3474,3557.092525616319,-153.6663971066207,15212.97331355545,loss,0.043199999999998795,5212.973313555446
2025-05-27 23:55:00+00:00,2025-05-28 00:00:00+00:00,sell,20.33533,20.3459,20.324759999999998,20.324759999999998,14392.595377061098,152.12973313555452,15365.103046691005,win,-0.0105700000000013,5365.103046691001
2025-05-28 02:05:00+00:00,2025-05-28 03:50:00+00:00,buy,20.3441,20.3248,20.363400000000002,20.3248,7961.193288440438,-153.65103046691004,15211.452016224095,loss,-0.019300000000001205,5211.452016224091
2025-05-28 09:05:00+00:00,2025-05-28 09:10:00+00:00,buy,20.322409999999998,20.29512,20.349699999999995,20.349699999999995,5574.0022045532005,152.11452016224095,15363.566536386335,win,0.02728999999999715,5363.566536386332
2025-05-28 10:10:00+00:00,2025-05-28 10:45:00+00:00,buy,20.3659,20.30562,20.42618,20.30562,2548.7004871245267,-153.63566536386335,15209.930871022472,loss,-0.06027999999999878,5209.930871022469
2025-05-28 11:00:00+00:00,2025-05-28 12:05:00+00:00,sell,20.2959,20.334799999999998,20.257,20.257,3910.0079359956794,152.09930871022473,15362.030179732697,win,-0.03889999999999816,5362.030179732694
2025-05-28 13:20:00+00:00,2025-05-28 13:25:00+00:00,sell,20.28,20.2929,20.267100000000003,20.267100000000003,11908.550526926088,153.620301797327,15515.650481530025,win,-0.012899999999998357,5515.65048153002
2025-05-28 13:35:00+00:00,2025-05-28 14:45:00+00:00,sell,20.2541,20.2929,20.215300000000003,20.2929,3998.878990085224,-155.15650481530025,15360.493976714724,loss,0.03879999999999839,5360.49397671472
2025-05-28 15:10:00+00:00,2025-05-28 16:50:00+00:00,sell,20.2586,20.2957,20.221500000000002,20.2957,4140.294872429979,-153.60493976714724,15206.889036947578,loss,0.0370999999999988,5206.889036947572
2025-05-28 18:20:00+00:00,2025-05-29 00:05:00+00:00,sell,20.2603,20.3061,20.2145,20.2145,3320.2814491152035,152.06889036947578,15358.957927317053,win,-0.04579999999999984,5358.9579273170475
2025-05-29 00:25:00+00:00,2025-05-29 02:00:00+00:00,sell,20.20394,20.2488,20.15908,20.2488,3423.7534389917714,-153.58957927317053,15205.368348043883,loss,0.0448599999999999,5205.368348043877
2025-05-29 02:30:00+00:00,2025-05-29 14:05:00+00:00,sell,20.19848,20.269099999999998,20.127860000000002,20.127860000000002,2153.124943081887,152.05368348043885,15357.422031524322,win,-0.07061999999999813,5357.422031524316
2025-05-29 14:35:00+00:00,2025-05-29 15:30:00+00:00,sell,20.124100000000002,20.1585,20.089700000000004,20.1585,4464.366869629424,-153.57422031524322,15203.847811209078,loss,0.03439999999999799,5203.8478112090725
2025-05-29 18:00:00+00:00,2025-05-29 18:30:00+00:00,sell,20.200400000000002,20.242,20.158800000000003,20.242,3654.7711084638113,-152.0384781120908,15051.809333096988,loss,0.04159999999999897,5051.809333096981
2025-05-29 22:10:00+00:00,2025-05-29 22:30:00+00:00,buy,20.2549,20.23617,20.273629999999997,20.23617,8036.203594820429,-150.5180933309699,14901.291239766018,loss,-0.018729999999997915,4901.291239766011
2025-05-29 23:45:00+00:00,2025-05-30 01:05:00+00:00,buy,20.2259,20.21011,20.24169,20.24169,9437.169879523042,149.0129123976602,15050.304152163679,win,0.015789999999999083,5050.3041521636715
2025-05-30 01:25:00+00:00,2025-05-30 02:00:00+00:00,buy,20.2425,20.2135,20.2715,20.2135,5189.760052470249,-150.5030415216368,14899.801110642042,loss,-0.028999999999999915,4899.8011106420345
2025-05-30 03:00:00+00:00,2025-05-30 10:35:00+00:00,buy,20.2408,20.2083,20.2733,20.2733,4584.554187890019,148.99801110642042,15048.799121748461,win,0.03249999999999886,5048.799121748455
2025-05-30 12:00:00+00:00,2025-05-30 15:05:00+00:00,buy,20.2563,20.22024,20.29236,20.29236,4173.266534040166,150.48799121748462,15199.287112965945,win,0.03605999999999909,5199.28711296594
2025-05-30 15:15:00+00:00,2025-05-30 15:50:00+00:00,buy,20.307299999999998,20.2481,20.366499999999995,20.366499999999995,2567.4471474605925,151.99287112965945,15351.279984095605,win,0.05919999999999703,5351.2799840955995
2025-05-30 17:05:00+00:00,2025-05-30 17:35:00+00:00,buy,20.3539,20.2926,20.4152,20.4152,2504.2871099666877,153.51279984095606,15504.79278393656,win,0.061299999999999244,5504.792783936556
2025-05-30 17:45:00+00:00,2025-05-30 17:55:00+00:00,buy,20.424989999999998,20.3444,20.505579999999995,20.505579999999995,1923.9102598259194,155.0479278393656,15659.840711775925,win,0.08058999999999727,5659.840711775922
2025-05-30 20:15:00+00:00,2025-05-30 21:45:00+00:00,buy,20.435399999999998,20.4124,20.458399999999994,20.4124,6808.6263964254595,-156.59840711775925,15503.242304658166,loss,-0.022999999999996135,5503.2423046581625
2025-05-30 23:10:00+00:00,2025-05-30 23:45:00+00:00,buy,20.421699999999998,20.3978,20.445599999999995,20.3978,6486.712261363904,-155.03242304658167,15348.209881611585,loss,-0.02389999999999759,5348.209881611581
2025-06-02 01:05:00+00:00,2025-06-02 04:30:00+00:00,buy,20.39225,20.369,20.4155,20.4155,6601.380594241293,153.48209881611587,15501.6919804277,win,0.02325000000000088,5501.691980427697
2025-06-02 04:40:00+00:00,2025-06-02 07:45:00+00:00,buy,20.4166,20.3934,20.439799999999998,20.3934,6681.763784667336,-155.016919804277,15346.675060623424,loss,-0.02319999999999922,5346.67506062342
2025-06-02 08:50:00+00:00,2025-06-02 10:20:00+00:00,buy,20.4238,20.3871,20.4605,20.4605,4181.655329870173,153.46675060623423,15500.141811229658,win,0.03669999999999973,5500.141811229654
2025-06-02 10:30:00+00:00,2025-06-02 11:10:00+00:00,buy,20.4631,20.42667,20.49953,20.42667,4254.7740354735,-155.0014181122966,15345.14039311736,loss,-0.036429999999999296,5345.140393117357
2025-06-02 12:05:00+00:00,2025-06-02 16:25:00+00:00,buy,20.4778,20.4241,20.531499999999998,20.4241,2857.5680434110973,-153.45140393117362,15191.688989186187,loss,-0.05369999999999919,5191.688989186184
2025-06-02 17:00:00+00:00,2025-06-02 17:55:00+00:00,buy,20.4464,20.413600000000002,20.4792,20.413600000000002,4631.612496703365,-151.91688989186187,15039.772099294325,loss,-0.032799999999998164,5039.772099294322
2025-06-03 10:00:00+00:00,2025-06-03 10:05:00+00:00,sell,20.3807,20.4026,20.358800000000002,20.358800000000002,6867.475844427041,150.39772099294325,15190.169820287269,win,-0.0218999999999987,5190.169820287266
2025-06-03 10:15:00+00:00,2025-06-03 13:20:00+00:00,sell,20.3531,20.4163,20.289900000000003,20.4163,2403.5078829569084,-151.9016982028727,15038.268122084395,loss,0.06319999999999837,5038.268122084393
2025-06-03 14:20:00+00:00,2025-06-03 15:40:00+00:00,sell,20.3838,20.4179,20.349700000000002,20.349700000000002,4410.049302664215,150.38268122084395,15188.65080330524,win,-0.03409999999999869,5188.650803305237
2025-06-03 16:05:00+00:00,2025-06-03 16:55:00+00:00,sell,20.345000000000002,20.3931,20.296900000000004,20.3931,3157.723659730948,-151.8865080330524,15036.764295272187,loss,0.04809999999999803,5036.764295272184
2025-06-03 18:10:00+00:00,2025-06-03 19:30:00+00:00,sell,20.3675,20.3964,20.3386,20.3386,5203.032628121838,150.36764295272187,15187.13193822491,win,-0.028900000000000148,5187.131938224907
2025-06-03 20:05:00+00:00,2025-06-03 22:20:00+00:00,sell,20.33389,20.3574,20.310380000000002,20.310380000000002,6459.860458624461,151.87131938224908,15339.003257607159,win,-0.023509999999998143,5339.003257607155
2025-06-03 23:00:00+00:00,2025-06-03 23:05:00+00:00,sell,20.308,20.3207,20.2953,20.3207,12077.95532095164,-153.3900325760716,15185.613225031087,loss,0.012699999999998823,5185.613225031084
2025-06-03 23:50:00+00:00,2025-06-04 02:40:00+00:00,sell,20.305600000000002,20.3292,20.282000000000004,20.3292,6434.58187501364,-151.85613225031088,15033.757092780777,loss,0.02359999999999829,5033.757092780773
2025-06-04 04:00:00+00:00,2025-06-04 04:30:00+00:00,sell,20.314700000000002,20.328,20.301400000000005,20.328,11303.576761491495,-150.33757092780777,14883.41952185297,loss,0.013299999999997425,4883.419521852965
2025-06-04 05:15:00+00:00,2025-06-04 09:10:00+00:00,sell,20.3088,20.3293,20.288300000000003,20.288300000000003,7260.2046448068895,148.8341952185297,15032.253717071499,win,-0.02049999999999841,5032.253717071495
2025-06-04 10:25:00+00:00,2025-06-04 15:20:00+00:00,sell,20.291700000000002,20.3388,20.244600000000005,20.3388,3191.5612987415107,-150.32253717071498,14881.931179900783,loss,0.04709999999999681,4881.93117990078
2025-06-04 15:50:00+00:00,2025-06-04 17:00:00+00:00,sell,20.2985,20.3416,20.2554,20.3416,3452.884264478218,-148.81931179900783,14733.111868101774,loss,0.04309999999999903,4733.111868101772
2025-06-04 22:35:00+00:00,2025-06-04 23:55:00+00:00,buy,20.348399999999998,20.329800000000002,20.366999999999994,20.329800000000002,7921.027886078042,-147.33111868101776,14585.780749420757,loss,-0.01859999999999573,4585.780749420755
2025-06-05 01:00:00+00:00,2025-06-05 10:40:00+00:00,buy,20.3615,20.323,20.4,20.323,3788.5144803691173,-145.85780749420758,14439.92294192655,loss,-0.03849999999999909,4439.922941926547
2025-06-05 12:05:00+00:00,2025-06-05 12:35:00+00:00,sell,20.2942,20.3173,20.2711,20.2711,6251.048892609044,144.3992294192655,14584.322171345815,win,-0.023099999999999454,4584.322171345812
2025-06-05 13:50:00+00:00,2025-06-05 15:30:00+00:00,sell,20.2742,20.3021,20.2463,20.3021,5227.355616970028,-145.84322171345815,14438.478949632357,loss,0.027899999999998926,4438.478949632355
2025-06-05 15:45:00+00:00,2025-06-05 16:15:00+00:00,sell,20.25324,20.30494,20.201540000000005,20.30494,2792.7425434493744,-144.38478949632358,14294.094160136034,loss,0.05169999999999675,4294.094160136031
2025-06-05 17:50:00+00:00,2025-06-06 13:45:00+00:00,sell,20.3153,20.3661,20.2645,20.2645,2813.7980630189686,142.94094160136035,14437.035101737394,win,-0.050799999999998846,4437.035101737391
2025-06-06 13:55:00+00:00,2025-06-06 14:35:00+00:00,sell,20.2635,20.2864,20.2406,20.2864,6304.3821404967,-144.37035101737393,14292.66475072002,loss,0.02289999999999992,4292.664750720018
2025-06-06 15:25:00+00:00,2025-06-06 15:30:00+00:00,sell,20.2569,20.287599999999998,20.226200000000006,20.226200000000006,4655.591124013649,142.9266475072002,14435.59139822722,win,-0.030699999999995953,4435.591398227218
2025-06-06 17:50:00+00:00,2025-06-06 20:20:00+00:00,sell,20.2519,20.2841,20.2197,20.2841,4483.102918704167,-144.3559139822722,14291.235484244948,loss,0.03219999999999956,4291.235484244946
2025-06-06 21:35:00+00:00,2025-06-06 22:20:00+00:00,sell,20.2678,20.284399999999998,20.251200000000004,20.284399999999998,8609.178002558836,-142.91235484244947,14148.323129402499,loss,0.01659999999999684,4148.323129402496
2025-06-06 22:55:00+00:00,2025-06-06 23:10:00+00:00,sell,20.2686,20.2855,20.2517,20.2517,8371.788833966128,141.483231294025,14289.806360696524,win,-0.016899999999999693,4289.806360696522
2025-06-06 23:20:00+00:00,2025-06-06 23:50:00+00:00,sell,20.249000000000002,20.277,20.221000000000004,20.221000000000004,5103.502271677568,142.89806360696525,14432.704424303489,win,-0.027999999999998693,4432.704424303487
2025-06-09 00:10:00+00:00,2025-06-09 01:10:00+00:00,sell,20.2108,20.2563,20.1653,20.2563,3172.0229503963337,-144.3270442430349,14288.377380060454,loss,0.04550000000000054,4288.377380060452
2025-06-09 10:05:00+00:00,2025-06-09 14:30:00+00:00,sell,20.2494,20.2883,20.210500000000003,20.210500000000003,3673.104724951447,142.88377380060453,14431.261153861058,win,-0.03889999999999816,4431.261153861056
2025-06-09 15:35:00+00:00,2025-06-09 17:30:00+00:00,sell,20.2097,20.233,20.186400000000003,20.186400000000003,6193.674314962096,144.31261153861058,14575.57376539967,win,-0.023299999999998988,4575.573765399667
2025-06-09 20:00:00+00:00,2025-06-09 20:20:00+00:00,sell,20.215500000000002,20.231099999999998,20.199900000000007,20.231099999999998,9343.316516284465,-145.7557376539967,14429.818027745672,loss,0.015599999999995617,4429.8180277456695
2025-06-09 23:30:00+00:00,2025-06-09 23:55:00+00:00,sell,20.2463,20.2558,20.236800000000002,20.236800000000002,15189.282134470448,144.29818027745674,14574.11620802313,win,-0.009499999999999176,4574.116208023126
2025-06-10 00:05:00+00:00,2025-06-10 01:25:00+00:00,sell,20.233900000000002,20.252,20.215800000000005,20.215800000000005,8051.997904986536,145.7411620802313,14719.85737010336,win,-0.018099999999996896,4719.857370103357
2025-06-10 04:05:00+00:00,2025-06-10 04:20:00+00:00,sell,20.251,20.2648,20.2372,20.2372,10666.563311669248,147.1985737010336,14867.055943804393,win,-0.013799999999999812,4867.055943804391
2025-06-10 04:30:00+00:00,2025-06-10 05:00:00+00:00,sell,20.2328,20.2558,20.2098,20.2098,6463.937366871563,148.67055943804394,15015.726503242437,win,-0.022999999999999687,5015.726503242435
2025-06-10 06:00:00+00:00,2025-06-10 08:20:00+00:00,sell,20.206400000000002,20.2346,20.178200000000004,20.2346,5324.725710369993,-150.15726503242436,14865.569238210011,loss,0.028199999999998226,4865.569238210011
2025-06-10 11:15:00+00:00,2025-06-11 07:15:00+00:00,sell,20.2282,20.2701,20.186300000000003,20.186300000000003,3547.868553272225,148.6556923821001,15014.224930592112,win,-0.04189999999999827,5014.2249305921105
2025-06-11 07:35:00+00:00,2025-06-11 07:40:00+00:00,sell,20.1826,20.1981,20.1671,20.1981,9686.59672941464,-150.14224930592113,14864.08268128619,loss,0.015499999999999403,4864.08268128619
2025-06-11 08:55:00+00:00,2025-06-11 09:10:00+00:00,sell,20.1982,20.2157,20.1807,20.1807,8493.761532164366,148.64082681286192,15012.723508099052,win,-0.017499999999998295,5012.723508099051
2025-06-11 09:55:00+00:00,2025-06-11 10:35:00+00:00,sell,20.1762,20.2077,20.144700000000004,20.2077,4765.943970825453,-150.12723508099052,14862.596273018062,loss,0.03149999999999764,4862.596273018061
2025-06-11 12:05:00+00:00,2025-06-11 12:20:00+00:00,buy,20.266,20.23445,20.297549999999998,20.297549999999998,4710.807059593785,148.62596273018062,15011.222235748242,win,0.0315499999999993,5011.2222357482415
2025-06-11 12:30:00+00:00,2025-06-11 13:40:00+00:00,buy,20.30038,20.258300000000002,20.34246,20.34246,3567.305664388963,150.11222235748244,15161.334458105724,win,0.04207999999999856,5161.334458105724
2025-06-11 13:50:00+00:00,2025-06-11 14:35:00+00:00,buy,20.3428,20.31585,20.36975,20.31585,5625.727071653463,-151.61334458105725,15009.721113524667,loss,-0.026949999999999363,5009.721113524666
2025-06-11 15:30:00+00:00,2025-06-11 15:45:00+00:00,buy,20.340149999999998,20.3129,20.367399999999996,20.3129,5508.154537073543,-150.09721113524668,14859.62390238942,loss,-0.027249999999998664,4859.6239023894195
2025-06-11 16:45:00+00:00,2025-06-12 04:40:00+00:00,buy,20.35224,20.29604,20.408439999999995,20.408439999999995,2644.061192596127,148.59623902389419,15008.220141413314,win,0.05619999999999692,5008.220141413313
2025-06-12 04:50:00+00:00,2025-06-12 05:40:00+00:00,buy,20.417099999999998,20.3883,20.445899999999995,20.3883,5211.187549102419,-150.08220141413315,14858.13793999918,loss,-0.028799999999996828,4858.13793999918
2025-06-12 07:00:00+00:00,2025-06-12 07:55:00+00:00,buy,20.387719999999998,20.3703,20.405139999999996,20.3703,8529.355878301425,-148.58137939999182,14709.556560599189,loss,-0.01741999999999777,4709.556560599189
2025-06-12 08:15:00+00:00,2025-06-12 09:00:00+00:00,buy,20.38798,20.369400000000002,20.406559999999995,20.406559999999995,7916.876512702889,147.09556560599188,14856.652126205181,win,0.018579999999996488,4856.652126205181
2025-06-12 09:15:00+00:00,2025-06-12 09:55:00+00:00,buy,20.407799999999998,20.3768,20.438799999999997,20.438799999999997,4792.468427808308,148.56652126205182,15005.218647467233,win,0.030999999999998806,5005.218647467233
2025-06-12 10:05:00+00:00,2025-06-12 10:20:00+00:00,buy,20.4611,20.395400000000002,20.526799999999994,20.526799999999994,2283.8993375141745,150.05218647467234,15155.270833941904,win,0.0656999999999961,5155.270833941905
2025-06-12 10:35:00+00:00,2025-06-12 11:35:00+00:00,buy,20.5304,20.453,20.6078,20.6078,1958.0453273826547,151.55270833941904,15306.823542281323,win,0.0774000000000008,5306.823542281324
2025-06-12 12:00:00+00:00,2025-06-12 12:20:00+00:00,buy,20.6087,20.5511,20.666299999999996,20.666299999999996,2657.434642757303,153.06823542281325,15459.891777704137,win,0.05759999999999721,5459.891777704137
2025-06-12 12:30:00+00:00,2025-06-12 17:15:00+00:00,buy,20.6856,20.5911,20.7801,20.5911,1635.9673838840354,-154.59891777704138,15305.292859927096,loss,-0.09450000000000003,5305.292859927095
2025-06-12 18:30:00+00:00,2025-06-12 18:55:00+00:00,buy,20.5781,20.5506,20.6056,20.6056,5565.561039973518,153.05292859927096,15458.345788526367,win,0.027499999999999858,5458.345788526366
2025-06-12 19:35:00+00:00,2025-06-12 21:00:00+00:00,buy,20.607779999999998,20.572670000000002,20.642889999999994,20.572670000000002,4402.832750933677,-154.5834578852637,15303.762330641102,loss,-0.03510999999999598,5303.762330641102
2025-06-12 22:15:00+00:00,2025-06-12 22:30:00+00:00,buy,20.5814,20.57048,20.592319999999997,20.57048,14014.434368720616,-153.03762330641104,15150.724707334692,loss,-0.010919999999998709,5150.724707334692
2025-06-12 23:25:00+00:00,2025-06-12 23:55:00+00:00,buy,20.5834,20.56774,20.59906,20.56774,9674.792277991222,-151.50724707334692,14999.217460261345,loss,-0.01566000000000045,4999.217460261345
2025-06-13 01:00:00+00:00,2025-06-13 02:55:00+00:00,buy,20.5927,20.5639,20.6215,20.6215,5208.061618146232,149.99217460261346,15149.209634863959,win,0.02880000000000038,5149.209634863959
2025-06-13 03:05:00+00:00,2025-06-13 03:20:00+00:00,buy,20.630599999999998,20.6001,20.661099999999994,20.661099999999994,4966.953978644504,151.4920963486396,15300.701731212599,win,0.03049999999999642,5300.701731212598
2025-06-13 03:30:00+00:00,2025-06-13 04:15:00+00:00,buy,20.6659,20.605900000000002,20.7259,20.7259,2550.1169552021543,153.00701731212598,15453.708748524725,win,0.05999999999999872,5453.708748524724
2025-06-13 05:30:00+00:00,2025-06-13 05:40:00+00:00,buy,20.7157,20.680600000000002,20.750799999999995,20.750799999999995,4402.766025221176,154.53708748524724,15608.245836009972,win,0.035099999999996356,5608.245836009971
2025-06-13 08:00:00+00:00,2025-06-13 08:05:00+00:00,buy,20.7064,20.687350000000002,20.725449999999995,20.687350000000002,8193.304900794159,-156.0824583600997,15452.163377649873,loss,-0.01904999999999646,5452.163377649871
2025-06-13 08:35:00+00:00,2025-06-13 08:40:00+00:00,buy,20.712,20.6814,20.7426,20.6814,5049.726594003269,-154.52163377649873,15297.641743873373,loss,-0.03059999999999974,5297.641743873372
2025-06-13 08:50:00+00:00,2025-06-13 09:00:00+00:00,buy,20.7138,20.6799,20.7477,20.7477,4512.5786855084825,152.97641743873373,15450.618161312108,win,0.03389999999999915,5450.618161312106
2025-06-13 09:30:00+00:00,2025-06-13 09:50:00+00:00,buy,20.752299999999998,20.6799,20.824699999999996,20.824699999999996,2134.063281949238,154.50618161312107,15605.12434292523,win,0.07239999999999824,5605.124342925227
2025-06-13 12:20:00+00:00,2025-06-13 12:35:00+00:00,buy,20.7001,20.6708,20.7294,20.6708,5325.981004411484,-156.0512434292523,15449.073099495978,loss,-0.029299999999999216,5449.073099495975
2025-06-13 13:20:00+00:00,2025-06-13 14:05:00+00:00,buy,20.706799999999998,20.6686,20.744999999999994,20.6686,4044.2599736904453,-154.4907309949598,15294.582368501018,loss,-0.03819999999999624,5294.5823685010155
2025-06-13 14:55:00+00:00,2025-06-13 15:15:00+00:00,buy,20.7092,20.657600000000002,20.760799999999996,20.760799999999996,2964.066350484867,152.9458236850102,15447.528192186028,win,0.05159999999999698,5447.528192186026
2025-06-13 15:45:00+00:00,2025-06-13 16:35:00+00:00,buy,20.7657,20.69254,20.838859999999997,20.69254,2111.4718688062426,-154.47528192186027,15293.052910264167,loss,-0.0731599999999979,5293.052910264166
2025-06-13 18:25:00+00:00,2025-06-13 18:30:00+00:00,buy,20.6675,20.6407,20.694300000000002,20.694300000000002,5706.363026217655,152.93052910264166,15445.983439366808,win,0.02680000000000149,5445.983439366807
2025-06-13 18:40:00+00:00,2025-06-16 13:00:00+00:00,buy,20.7016,20.6193,20.7839,20.6193,1876.79021134469,-154.45983439366807,15291.52360497314,loss,-0.08230000000000004,5291.523604973139
2025-06-16 13:10:00+00:00,2025-06-16 15:15:00+00:00,sell,20.6005,20.6358,20.5652,20.5652,4331.876375346566,152.9152360497314,15444.438841022871,win,-0.03529999999999944,5444.43884102287
2025-06-16 15:25:00+00:00,2025-06-16 16:05:00+00:00,sell,20.5641,20.5931,20.5351,20.5931,5325.668565869972,-154.44438841022873,15289.994452612642,loss,0.028999999999999915,5289.994452612642
2025-06-16 17:30:00+00:00,2025-06-16 17:55:00+00:00,sell,20.581300000000002,20.60529,20.557310000000005,20.60529,6373.486641356435,-152.89994452612643,15137.094508086515,loss,0.023989999999997735,5137.094508086516
2025-06-16 20:25:00+00:00,2025-06-16 23:55:00+00:00,sell,20.598100000000002,20.62091,20.575290000000006,20.575290000000006,6636.165939539246,151.37094508086514,15288.46545316738,win,-0.022809999999996222,5288.465453167381
2025-06-17 00:30:00+00:00,2025-06-17 03:20:00+00:00,sell,20.5596,20.5926,20.5266,20.5926,4632.868319141456,-152.88465453167382,15135.580798635707,loss,0.03300000000000125,5135.580798635708
2025-06-17 05:15:00+00:00,2025-06-17 06:20:00+00:00,sell,20.5975,20.6173,20.5777,20.6173,7644.232726583675,-151.35580798635706,14984.224990649349,loss,0.01980000000000004,4984.224990649351
2025-06-17 08:00:00+00:00,2025-06-17 08:55:00+00:00,sell,20.60018,20.6117,20.588660000000004,20.588660000000004,13007.139748830597,149.8422499064935,15134.067240555842,win,-0.01151999999999731,5134.067240555844
2025-06-17 10:55:00+00:00,2025-06-17 14:25:00+00:00,sell,20.587600000000002,20.631999999999998,20.543200000000006,20.631999999999998,3408.5737028281997,-151.34067240555842,14982.726568150283,loss,0.044399999999996,4982.726568150286
2025-06-17 17:15:00+00:00,2025-06-17 17:20:00+00:00,buy,20.64,20.6183,20.6617,20.6617,6904.482289470443,149.82726568150284,15132.553833831786,win,0.021699999999999164,5132.553833831788
2025-06-17 17:55:00+00:00,2025-06-18 00:50:00+00:00,buy,20.6738,20.6246,20.723,20.6246,3075.722323949611,-151.32553833831787,14981.228295493467,loss,-0.04919999999999902,4981.228295493471
2025-06-18 03:00:00+00:00,2025-06-18 09:35:00+00:00,buy,20.6709,20.63707,20.704729999999998,20.63707,4428.385544042047,-149.8122829549347,14831.416012538533,loss,-0.03382999999999825,4831.416012538536
2025-06-18 10:05:00+00:00,2025-06-18 10:10:00+00:00,buy,20.6592,20.6283,20.690099999999997,20.690099999999997,4799.811007294174,148.31416012538534,14979.730172663918,win,0.03089999999999904,4979.730172663922
2025-06-18 10:20:00+00:00,2025-06-18 13:10:00+00:00,buy,20.7301,20.6431,20.8171,20.8171,1721.808065823444,149.79730172663918,15129.527474390557,win,0.08699999999999974,5129.527474390561
2025-06-18 13:40:00+00:00,2025-06-18 14:30:00+00:00,buy,20.82094,20.7945,20.84738,20.84738,5722.211601509091,151.29527474390557,15280.822749134462,win,0.026440000000000907,5280.822749134467
2025-06-19 00:00:00+00:00,2025-06-19 00:10:00+00:00,sell,20.6498,20.6646,20.634999999999998,20.6646,10324.880235900942,-152.80822749134464,15128.014521643117,loss,0.014800000000001035,5128.014521643122
2025-06-19 01:00:00+00:00,2025-06-19 01:10:00+00:00,sell,20.636400000000002,20.6788,20.594000000000005,20.6788,3567.92795321796,-151.28014521643118,14976.734376426686,loss,0.04239999999999711,4976.734376426691
2025-06-19 01:45:00+00:00,2025-06-19 03:00:00+00:00,sell,20.6266,20.6912,20.562,20.6912,2318.3799344314234,-149.76734376426685,14826.96703266242,loss,0.06459999999999866,4826.967032662424
2025-06-19 03:20:00+00:00,2025-06-19 05:40:00+00:00,sell,20.67278,20.692999999999998,20.65256,20.65256,7332.822469170935,148.2696703266242,14975.236702989045,win,-0.02021999999999835,4975.236702989047
2025-06-19 09:05:00+00:00,2025-06-19 09:40:00+00:00,buy,20.6995,20.65912,20.73988,20.73988,3708.577687714073,149.75236702989045,15124.989070018935,win,0.04037999999999897,5124.989070018938
2025-06-19 09:50:00+00:00,2025-06-19 10:50:00+00:00,buy,20.7484,20.7107,20.7861,20.7107,4011.9334403232233,-151.24989070018935,14973.739179318745,loss,-0.037700000000000955,4973.739179318749
2025-06-19 12:05:00+00:00,2025-06-19 14:00:00+00:00,buy,20.7077,20.682100000000002,20.733299999999996,20.733299999999996,5849.11686692203,149.73739179318747,15123.476571111933,win,0.02559999999999718,5123.476571111936
2025-06-19 14:10:00+00:00,2025-06-19 15:50:00+00:00,buy,20.74144,20.69132,20.79156,20.79156,3017.4534260000037,151.23476571111934,15274.711336823051,win,0.05011999999999972,5274.711336823056
2025-06-19 17:25:00+00:00,2025-06-19 17:55:00+00:00,buy,20.7587,20.732400000000002,20.785,20.785,5807.875033012765,152.74711336823052,15427.458450191281,win,0.026299999999999102,5427.458450191286
2025-06-19 19:00:00+00:00,2025-06-19 20:40:00+00:00,buy,20.7956,20.742900000000002,20.8483,20.742900000000002,2927.411470624644,-154.2745845019128,15273.183865689369,loss,-0.05269999999999797,5273.183865689373
2025-06-20 06:15:00+00:00,2025-06-20 07:45:00+00:00,buy,20.74981,20.73078,20.76884,20.73078,8025.845436515372,-152.7318386568937,15120.452027032476,loss,-0.01903000000000077,5120.452027032479
2025-06-20 08:00:00+00:00,2025-06-20 08:55:00+00:00,buy,20.7391,20.72598,20.75222,20.75222,11524.73477670098,151.20452027032476,15271.6565473028,win,0.013120000000000687,5271.656547302804
2025-06-20 09:30:00+00:00,2025-06-20 09:50:00+00:00,buy,20.7578,20.7329,20.7827,20.7827,6133.195400523506,152.716565473028,15424.37311277583,win,0.024899999999998812,5424.373112775832
2025-06-20 10:00:00+00:00,2025-06-20 10:30:00+00:00,buy,20.7839,20.7346,20.833199999999998,20.7346,3128.676087784221,-154.2437311277583,15270.12938164807,loss,-0.04929999999999879,5270.129381648074
2025-06-20 11:30:00+00:00,2025-06-20 11:50:00+00:00,buy,20.7505,20.7213,20.7797,20.7797,5229.496363578205,152.7012938164807,15422.830675464551,win,0.02919999999999945,5422.830675464555
2025-06-20 12:00:00+00:00,2025-06-20 14:45:00+00:00,buy,20.7884,20.740190000000002,20.836609999999997,20.740190000000002,3199.0936891651886,-154.2283067546455,15268.602368709906,loss,-0.04820999999999742,5268.602368709909
2025-06-20 19:40:00+00:00,2025-06-23 00:00:00+00:00,sell,20.7052,20.7361,20.674300000000002,20.7361,4941.295264954816,-152.68602368709907,15115.916345022806,loss,0.03089999999999904,5115.91634502281
2025-06-23 01:05:00+00:00,2025-06-23 01:10:00+00:00,buy,20.7851,20.7483,20.8219,20.8219,4107.585963321471,151.15916345022808,15267.075508473034,win,0.0367999999999995,5267.075508473038
2025-06-23 01:20:00+00:00,2025-06-23 04:05:00+00:00,buy,20.8297,20.7483,20.911099999999998,20.7483,1875.5621017780466,-152.67075508473033,15114.404753388304,loss,-0.08139999999999858,5114.404753388308
2025-06-23 04:20:00+00:00,2025-06-23 04:50:00+00:00,buy,20.7604,20.7437,20.7771,20.7771,9050.541768495905,151.14404753388305,15265.548800922186,win,0.01670000000000016,5265.548800922191
2025-06-23 05:00:00+00:00,2025-06-23 06:45:00+00:00,buy,20.7774,20.7527,20.8021,20.7527,6180.384129928191,-152.65548800922187,15112.893312912964,loss,-0.024699999999999278,5112.893312912969
2025-06-23 07:35:00+00:00,2025-06-23 07:55:00+00:00,buy,20.7746,20.75138,20.797819999999998,20.797819999999998,6508.5673182230685,151.12893312912965,15264.022246042094,win,0.023219999999998464,5264.022246042099
2025-06-23 08:45:00+00:00,2025-06-23 10:20:00+00:00,buy,20.80052,20.761010000000002,20.840029999999995,20.761010000000002,3863.3313708032124,-152.64022246042094,15111.382023581673,loss,-0.03950999999999638,5111.382023581678
2025-06-23 13:05:00+00:00,2025-06-23 14:05:00+00:00,buy,20.744799999999998,20.6986,20.790999999999997,20.790999999999997,3270.8619098662407,151.11382023581675,15262.495843817489,win,0.04619999999999891,5262.495843817495
2025-06-23 14:15:00+00:00,2025-06-23 18:05:00+00:00,buy,20.7971,20.7455,20.8487,20.7455,2957.848031747545,-152.6249584381749,15109.870885379314,loss,-0.051600000000000534,5109.8708853793205
2025-06-23 20:05:00+00:00,2025-06-23 20:10:00+00:00,sell,20.7118,20.75356,20.67004,20.67004,3618.2641009050067,151.09870885379314,15260.969594233107,win,-0.04176000000000002,5260.969594233114
2025-06-23 20:20:00+00:00,2025-06-24 09:45:00+00:00,sell,20.6677,20.7364,20.599,20.599,2221.3929540368504,152.6096959423311,15413.579290175438,win,-0.06869999999999976,5413.579290175445
2025-06-24 09:55:00+00:00,2025-06-24 10:15:00+00:00,sell,20.59785,20.6322,20.5635,20.5635,4487.213767154437,154.13579290175437,15567.715083077192,win,-0.03434999999999988,5567.715083077199
2025-06-24 10:25:00+00:00,2025-06-24 10:40:00+00:00,sell,20.561500000000002,20.6044,20.518600000000006,20.6044,3628.8380147036514,-155.67715083077192,15412.03793224642,loss,0.04289999999999594,5412.037932246427
2025-06-24 11:35:00+00:00,2025-06-24 17:55:00+00:00,sell,20.5452,20.6084,20.482000000000003,20.6084,2438.6135968744966,-154.1203793224642,15257.917552923955,loss,0.06319999999999837,5257.917552923963
2025-06-24 19:30:00+00:00,2025-06-24 20:30:00+00:00,sell,20.6229,20.6597,20.586100000000002,20.586100000000002,4146.173248077218,152.57917552923954,15410.496728453194,win,-0.0367999999999995,5410.496728453202
2025-06-24 21:45:00+00:00,2025-06-24 22:00:00+00:00,sell,20.5964,20.6056,20.5872,20.6056,16750.53992223196,-154.10496728453194,15256.391761168663,loss,0.009199999999999875,5256.39176116867
2025-06-25 00:50:00+00:00,2025-06-25 00:55:00+00:00,sell,20.596,20.615299999999998,20.576700000000002,20.576700000000002,7904.8661974976785,152.56391761168663,15408.95567878035,win,-0.019299999999997652,5408.955678780357
2025-06-25 09:55:00+00:00,2025-06-25 10:05:00+00:00,sell,20.5916,20.6135,20.5697,20.5697,7036.052821361309,154.0895567878035,15563.045235568154,win,-0.0218999999999987,5563.04523556816
2025-06-25 10:25:00+00:00,2025-06-25 10:50:00+00:00,sell,20.5671,20.6129,20.5213,20.5213,3398.044811259434,155.63045235568154,15718.675687923835,win,-0.04579999999999984,5718.675687923842
2025-06-25 16:10:00+00:00,2025-06-25 16:25:00+00:00,buy,20.6676,20.64463,20.69057,20.69057,6843.132646026675,157.18675687923835,15875.862444803073,win,0.022970000000000823,5875.8624448030805
2025-06-25 16:35:00+00:00,2025-06-25 17:30:00+00:00,buy,20.6912,20.6512,20.731199999999998,20.6512,3968.965611200853,-158.75862444803073,15717.103820355043,loss,-0.03999999999999915,5717.10382035505
2025-06-25 18:10:00+00:00,2025-06-25 18:35:00+00:00,buy,20.6745,20.6503,20.698699999999995,20.6503,6494.671000147547,-157.17103820355044,15559.932782151493,loss,-0.02419999999999689,5559.932782151499
2025-06-25 20:55:00+00:00,2025-06-25 21:35:00+00:00,buy,20.66957,20.65092,20.68822,20.68822,8343.127497131745,155.59932782151492,15715.532109973008,win,0.018650000000000944,5715.532109973014
2025-06-25 22:00:00+00:00,2025-06-25 23:50:00+00:00,buy,20.691,20.66673,20.715269999999997,20.66673,6475.291351452179,-157.1553210997301,15558.376788873278,loss,-0.024269999999997793,5558.376788873284
2025-06-26 01:05:00+00:00,2025-06-26 01:10:00+00:00,buy,20.6846,20.6692,20.7,20.7,10102.842070697172,155.58376788873278,15713.960556762011,win,0.015399999999999636,5713.9605567620165
2025-06-26 01:20:00+00:00,2025-06-26 02:40:00+00:00,buy,20.7149,20.6692,20.7606,20.6692,3438.503404105468,-157.13960556762012,15556.820951194391,loss,-0.045700000000000074,5556.820951194396
2025-06-26 03:00:00+00:00,2025-06-26 06:30:00+00:00,buy,20.693099999999998,20.66871,20.717489999999994,20.66871,6378.3603735942725,-155.5682095119439,15401.252741682447,loss,-0.024389999999996803,5401.252741682452
2025-06-26 08:05:00+00:00,2025-06-26 08:15:00+00:00,buy,20.6798,20.665100000000002,20.694499999999998,20.665100000000002,10477.04268141826,-154.01252741682447,15247.240214265623,loss,-0.014699999999997715,5247.240214265628
2025-06-26 09:10:00+00:00,2025-06-26 09:15:00+00:00,buy,20.6819,20.6598,20.703999999999997,20.6598,6899.203716862824,-152.47240214265622,15094.767812122967,loss,-0.022099999999998232,5094.767812122972
2025-06-26 12:05:00+00:00,2025-06-26 12:10:00+00:00,buy,20.64468,20.6245,20.66486,20.66486,7480.063336037199,150.94767812122967,15245.715490244196,win,0.020179999999999865,5245.715490244202
2025-06-26 14:00:00+00:00,2025-06-26 14:20:00+00:00,buy,20.7239,20.6594,20.7884,20.7884,2363.6768201929394,152.45715490244197,15398.172645146638,win,0.06449999999999889,5398.172645146644
2025-06-26 14:30:00+00:00,2025-06-26 21:05:00+00:00,buy,20.7912,20.6996,20.8828,20.8828,1681.0232145356651,153.9817264514664,15552.154371598104,win,0.09159999999999968,5552.154371598111
2025-06-26 21:15:00+00:00,2025-06-27 00:00:00+00:00,buy,20.901799999999998,20.8615,20.942099999999996,20.8615,3859.0953775679163,-155.52154371598104,15396.632827882124,loss,-0.04029999999999845,5396.632827882129
2025-06-27 02:00:00+00:00,2025-06-27 09:25:00+00:00,buy,20.8734,20.83871,20.90809,20.83871,4438.349042341189,-153.96632827882124,15242.666499603303,loss,-0.03469000000000122,5242.666499603308
2025-06-27 10:10:00+00:00,2025-06-27 10:25:00+00:00,buy,20.842299999999998,20.80505,20.879549999999995,20.879549999999995,4091.991006605279,152.42666499603303,15395.093164599337,win,0.037249999999996675,5395.0931645993405
2025-06-27 10:35:00+00:00,2025-06-27 12:15:00+00:00,buy,20.8906,20.8129,20.9683,20.9683,1981.3504716344037,153.95093164599336,15549.04409624533,win,0.0777000000000001,5549.044096245334
2025-06-27 12:25:00+00:00,2025-06-27 13:00:00+00:00,buy,20.9692,20.9175,21.0209,20.9175,3007.552049563876,-155.4904409624533,15393.553655282876,loss,-0.0517000000000003,5393.553655282881
2025-06-27 13:25:00+00:00,2025-06-27 14:25:00+00:00,buy,20.97332,20.9101,21.036540000000002,20.9101,2434.9183257327736,-153.93553655282878,15239.618118730048,loss,-0.06322000000000116,5239.618118730052
2025-06-27 15:05:00+00:00,2025-06-27 16:00:00+00:00,buy,20.8383,20.7846,20.892,20.892,2837.9177129851537,152.39618118730047,15392.014299917348,win,0.05369999999999919,5392.014299917352
2025-06-27 16:10:00+00:00,2025-06-30 00:00:00+00:00,buy,20.8967,20.83227,20.961129999999997,20.83227,2388.951466695302,-153.9201429991735,15238.094156918174,loss,-0.06442999999999799,5238.094156918179
2025-06-30 06:05:00+00:00,2025-06-30 06:10:00+00:00,sell,20.8505,20.8658,20.8352,20.8658,9959.538664652486,-152.38094156918174,15085.713215348993,loss,0.01529999999999987,5085.7132153489965
2025-06-30 06:30:00+00:00,2025-06-30 07:35:00+00:00,sell,20.848300000000002,20.86682,20.829780000000003,20.829780000000003,8145.633485610154,150.85713215348994,15236.570347502482,win,-0.01851999999999876,5236.570347502487
2025-06-30 07:55:00+00:00,2025-06-30 09:35:00+00:00,sell,20.82,20.8444,20.7956,20.7956,6244.4960440584,152.36570347502482,15388.936050977507,win,-0.024399999999999977,5388.9360509775115
2025-06-30 12:15:00+00:00,2025-06-30 14:00:00+00:00,sell,20.8469,20.8959,20.797900000000002,20.797900000000002,3140.599194077075,153.88936050977506,15542.825411487282,win,-0.04899999999999949,5542.825411487286
2025-06-30 15:30:00+00:00,2025-06-30 17:10:00+00:00,sell,20.8165,20.8417,20.791300000000003,20.8417,6167.787861701765,-155.42825411487283,15387.397157372408,loss,0.025199999999998113,5387.397157372413
2025-06-30 19:15:00+00:00,2025-06-30 23:55:00+00:00,sell,20.82607,20.8604,20.791740000000004,20.8604,4482.201327519288,-153.87397157372408,15233.523185798684,loss,0.034329999999997085,5233.523185798689
2025-07-01 01:05:00+00:00,2025-07-01 09:20:00+00:00,buy,20.8847,20.840600000000002,20.928799999999995,20.840600000000002,3454.313647573656,-152.33523185798683,15081.187953940696,loss,-0.0440999999999967,5081.187953940703
2025-07-01 10:05:00+00:00,2025-07-01 10:10:00+00:00,sell,20.8183,20.8416,20.795,20.795,6472.61285576882,150.81187953940696,15231.999833480104,win,-0.023299999999998988,5231.999833480109
2025-07-01 10:20:00+00:00,2025-07-01 10:45:00+00:00,sell,20.7878,20.830199999999998,20.745400000000004,20.745400000000004,3592.4527909153644,152.31999833480106,15384.319831814904,win,-0.04239999999999711,5384.319831814911
2025-07-01 10:55:00+00:00,2025-07-01 11:50:00+00:00,sell,20.7417,20.7716,20.711800000000004,20.7716,5145.257468834791,-153.84319831814904,15230.476633496755,loss,0.029899999999997817,5230.476633496762
2025-07-01 13:45:00+00:00,2025-07-01 14:00:00+00:00,sell,20.7671,20.7833,20.750899999999998,20.750899999999998,9401.52878610834,152.30476633496755,15382.781399831723,win,-0.016200000000001324,5382.781399831729
2025-07-01 15:50:00+00:00,2025-07-01 17:10:00+00:00,sell,20.7622,20.7856,20.7388,20.7856,6573.8382050566415,-153.82781399831723,15228.953585833406,loss,0.023399999999998755,5228.953585833411
2025-07-01 18:55:00+00:00,2025-07-02 02:05:00+00:00,sell,20.7513,20.7758,20.7268,20.7758,6215.89942278921,-152.28953585833406,15076.664049975072,loss,0.024499999999999744,5076.664049975077
2025-07-02 03:20:00+00:00,2025-07-02 04:10:00+00:00,sell,20.764,20.781499999999998,20.7465,20.781499999999998,8615.236599986596,-150.76664049975074,14925.897409475321,loss,0.017499999999998295,4925.897409475327
2025-07-02 07:25:00+00:00,2025-07-02 07:35:00+00:00,sell,20.769000000000002,20.7803,20.757700000000003,20.757700000000003,13208.758769448903,149.25897409475323,15075.156383570074,win,-0.011299999999998533,5075.15638357008
2025-07-02 07:45:00+00:00,2025-07-02 09:25:00+00:00,sell,20.756700000000002,20.7745,20.738900000000005,20.7745,8469.188979534894,-150.75156383570075,14924.404819734375,loss,0.017799999999997596,4924.404819734379
2025-07-02 11:05:00+00:00,2025-07-02 11:15:00+00:00,buy,20.837899999999998,20.8158,20.859999999999996,20.8158,6753.124352821525,-149.24404819734374,14775.16077153703,loss,-0.022099999999998232,4775.1607715370355
2025-07-02 17:05:00+00:00,2025-07-02 19:00:00+00:00,sell,20.7771,20.8128,20.741400000000002,20.741400000000002,4138.700496229033,147.7516077153703,14922.9123792524,win,-0.03569999999999851,4922.912379252406
2025-07-02 19:20:00+00:00,2025-07-02 19:35:00+00:00,sell,20.7387,20.766099999999998,20.711300000000005,20.711300000000005,5446.318386589155,149.229123792524,15072.141503044924,win,-0.027399999999996538,5072.14150304493
2025-07-02 20:00:00+00:00,2025-07-03 03:45:00+00:00,sell,20.70962,20.7528,20.66644,20.7528,3490.537633868708,-150.72141503044924,14921.420088014474,loss,0.04317999999999955,4921.420088014481
2025-07-03 08:10:00+00:00,2025-07-03 08:55:00+00:00,sell,20.752200000000002,20.7779,20.726500000000005,20.726500000000005,5806.000034247567,149.21420088014474,15070.63428889462,win,-0.025699999999996948,5070.634288894626
2025-07-03 09:05:00+00:00,2025-07-03 09:35:00+00:00,sell,20.726,20.7474,20.7046,20.7046,7042.352471446129,150.7063428889462,15221.340631783567,win,-0.021399999999999864,5221.340631783572
2025-07-03 09:45:00+00:00,2025-07-03 10:00:00+00:00,sell,20.703300000000002,20.7322,20.674400000000006,20.674400000000006,5266.89987259009,152.21340631783568,15373.554038101403,win,-0.028899999999996595,5373.554038101407
2025-07-03 10:45:00+00:00,2025-07-03 15:25:00+00:00,sell,20.6703,20.7117,20.6289,20.6289,3713.418849782998,153.73554038101403,15527.289578482418,win,-0.04139999999999944,5527.289578482421
2025-07-03 15:35:00+00:00,2025-07-03 15:40:00+00:00,sell,20.62704,20.6637,20.590380000000003,20.6637,4235.485427845989,-155.2728957848242,15372.016682697593,loss,0.036659999999997694,5372.016682697597
2025-07-03 17:25:00+00:00,2025-07-03 18:30:00+00:00,sell,20.6064,20.6401,20.5727,20.5727,4561.429282699634,153.72016682697594,15525.736849524568,win,-0.03369999999999962,5525.736849524574
2025-07-03 18:40:00+00:00,2025-07-03 23:45:00+00:00,sell,20.57116,20.5963,20.54602,20.5963,6175.710759556217,-155.2573684952457,15370.479481029322,loss,0.025140000000000384,5370.479481029328
2025-07-04 03:10:00+00:00,2025-07-04 05:35:00+00:00,sell,20.599600000000002,20.6133,20.585900000000006,20.6133,11219.328088345444,-153.70479481029324,15216.774686219029,loss,0.013699999999996493,5216.774686219034
2025-07-04 06:30:00+00:00,2025-07-04 07:50:00+00:00,sell,20.6066,20.6155,20.5977,20.5977,17097.49964743601,152.16774686219028,15368.94243308122,win,-0.008900000000000574,5368.942433081224
2025-07-04 12:10:00+00:00,2025-07-04 14:35:00+00:00,buy,20.7116,20.680400000000002,20.7428,20.7428,4925.943087526294,153.68942433081222,15522.631857412032,win,0.03119999999999834,5522.631857412037
2025-07-04 14:45:00+00:00,2025-07-04 16:40:00+00:00,buy,20.7437,20.718600000000002,20.7688,20.718600000000002,6184.315481041058,-155.2263185741203,15367.405538837913,loss,-0.025099999999998346,5367.4055388379165
2025-07-04 16:50:00+00:00,2025-07-04 23:00:00+00:00,buy,20.744699999999998,20.713,20.776399999999995,20.713,4847.7619996338435,-153.67405538837914,15213.731483449534,loss,-0.031699999999997175,5213.731483449537
2025-07-07 00:05:00+00:00,2025-07-07 04:05:00+00:00,buy,20.7164,20.689700000000002,20.7431,20.7431,5698.026772827931,152.13731483449533,15365.86879828403,win,0.02669999999999817,5365.868798284033
2025-07-07 04:15:00+00:00,2025-07-07 05:30:00+00:00,buy,20.7437,20.718,20.7694,20.7694,5978.9372755967825,153.6586879828403,15519.52748626687,win,0.0257000000000005,5519.527486266873
2025-07-07 05:40:00+00:00,2025-07-07 05:55:00+00:00,buy,20.773699999999998,20.7361,20.811299999999996,20.811299999999996,4127.5339059223,155.1952748626687,15674.722761129538,win,0.037599999999997635,5674.722761129542
2025-07-07 06:05:00+00:00,2025-07-07 09:30:00+00:00,buy,20.8261,20.7622,20.89,20.89,2453.0082568277726,156.7472276112954,15831.469988740833,win,0.06390000000000029,5831.469988740838
2025-07-07 09:50:00+00:00,2025-07-07 12:30:00+00:00,buy,20.8969,20.8257,20.968099999999996,20.8257,2223.521065834465,-158.31469988740832,15673.155288853424,loss,-0.07119999999999749,5673.15528885343
2025-07-07 14:00:00+00:00,2025-07-07 20:00:00+00:00,buy,20.81891,20.78469,20.853129999999997,20.78469,4580.11551398436,-156.73155288853425,15516.42373596489,loss,-0.0342199999999977,5516.423735964895
2025-07-07 21:00:00+00:00,2025-07-07 21:15:00+00:00,buy,20.826999999999998,20.7745,20.879499999999997,20.879499999999997,2955.50928304102,155.16423735964892,15671.58797332454,win,0.05249999999999844,5671.587973324544
2025-07-07 21:25:00+00:00,2025-07-08 02:50:00+00:00,buy,20.881899999999998,20.807100000000002,20.956699999999994,20.956699999999994,2095.1320819953658,156.7158797332454,15828.303853057785,win,0.0747999999999962,5828.303853057789
2025-07-08 03:00:00+00:00,2025-07-08 03:10:00+00:00,buy,20.963,20.9437,20.982300000000002,20.9437,8201.193706247044,-158.28303853057784,15670.020814527208,loss,-0.019300000000001205,5670.020814527211
2025-07-08 07:40:00+00:00,2025-07-08 08:20:00+00:00,buy,20.906119999999998,20.8914,20.920839999999995,20.8914,10645.39457508862,-156.7002081452721,15513.320606381936,loss,-0.014719999999996958,5513.320606381939
2025-07-08 11:05:00+00:00,2025-07-08 11:10:00+00:00,buy,20.865,20.8366,20.893399999999996,20.893399999999996,5462.436833233507,155.13320606381936,15668.453812445756,win,0.02839999999999776,5668.453812445759
2025-07-08 11:35:00+00:00,2025-07-08 13:45:00+00:00,buy,20.901899999999998,20.8462,20.957599999999996,20.8462,2813.007865789281,-156.68453812445756,15511.769274321297,loss,-0.055699999999998084,5511.769274321301
2025-07-08 23:55:00+00:00,2025-07-09 00:00:00+00:00,sell,20.8349,20.8625,20.8073,20.8073,5620.206258812141,155.11769274321298,15666.88696706451,win,-0.027599999999999625,5666.8869670645145
2025-07-09 01:15:00+00:00,2025-07-09 01:20:00+00:00,sell,20.8151,20.8383,20.791900000000002,20.8383,6752.968520286654,-156.6688696706451,15510.218097393867,loss,0.02319999999999922,5510.218097393869
2025-07-09 02:35:00+00:00,2025-07-09 02:40:00+00:00,sell,20.847260000000002,20.854,20.840520000000005,20.854,23012.19302284953,-155.10218097393866,15355.115916419927,loss,0.006739999999997082,5355.115916419931
2025-07-09 02:55:00+00:00,2025-07-09 03:50:00+00:00,sell,20.84073,20.858,20.82346,20.82346,8891.207826531569,153.55115916419928,15508.667075584126,win,-0.017269999999999897,5508.66707558413
2025-07-09 04:05:00+00:00,2025-07-09 04:45:00+00:00,sell,20.822400000000002,20.8476,20.797200000000004,20.8476,6154.232966502098,-155.08667075584125,15353.580404828284,loss,0.025199999999998113,5353.580404828288
2025-07-09 06:05:00+00:00,2025-07-09 07:00:00+00:00,sell,20.825200000000002,20.8396,20.810800000000004,20.810800000000004,10662.20861446526,153.53580404828284,15507.116208876567,win,-0.014399999999998414,5507.11620887657
2025-07-09 08:15:00+00:00,2025-07-09 08:45:00+00:00,sell,20.8133,20.8228,20.803800000000003,20.8228,16323.280219871487,-155.07116208876567,15352.045046787802,loss,0.009499999999999176,5352.0450467878045
2025-07-09 10:00:00+00:00,2025-07-09 10:10:00+00:00,sell,20.825400000000002,20.843999999999998,20.806800000000006,20.843999999999998,8253.787659565229,-153.52045046787802,15198.524596319923,loss,0.01859999999999573,5198.524596319927
2025-07-09 11:50:00+00:00,2025-07-09 16:10:00+00:00,buy,20.912499999999998,20.8501,20.974899999999995,20.8501,2435.6609930001177,-151.98524596319925,15046.539350356725,loss,-0.06239999999999668,5046.5393503567275
2025-07-09 17:05:00+00:00,2025-07-09 18:35:00+00:00,sell,20.8129,20.8416,20.7842,20.8416,5242.696637754844,-150.46539350356724,14896.073956853157,loss,0.028700000000000614,4896.07395685316
2025-07-09 19:15:00+00:00,2025-07-09 21:10:00+00:00,sell,20.8153,20.8419,20.788700000000002,20.8419,5600.027803328591,-148.96073956853158,14747.113217284626,loss,0.026599999999998403,4747.113217284628
2025-07-09 22:35:00+00:00,2025-07-09 23:10:00+00:00,sell,20.83448,20.8432,20.82576,20.8432,16911.827084041455,-147.47113217284627,14599.64208511178,loss,0.008720000000000283,4599.642085111782
2025-07-10 02:20:00+00:00,2025-07-10 03:05:00+00:00,buy,20.877499999999998,20.8446,20.910399999999996,20.910399999999996,4437.581180885319,145.9964208511178,14745.638505962897,win,0.03289999999999793,4745.638505962899
2025-07-10 04:55:00+00:00,2025-07-10 05:00:00+00:00,buy,20.8905,20.8751,20.9059,20.9059,9575.089938937173,147.45638505962899,14893.094891022527,win,0.015399999999999636,4893.094891022528
2025-07-10 06:15:00+00:00,2025-07-10 08:55:00+00:00,buy,20.8784,20.8678,20.889,20.8678,14050.089519832356,-148.93094891022528,14744.163942112302,loss,-0.010600000000000165,4744.163942112303
2025-07-10 10:10:00+00:00,2025-07-10 10:15:00+00:00,sell,20.8048,20.828799999999998,20.780800000000003,20.828799999999998,6143.401642547469,-147.44163942112303,14596.722302691178,loss,0.023999999999997357,4596.72230269118
2025-07-10 10:45:00+00:00,2025-07-10 16:00:00+00:00,sell,20.7976,20.8314,20.7638,20.7638,4318.55689428741,145.9672230269118,14742.68952571809,win,-0.033799999999999386,4742.689525718091
2025-07-10 16:25:00+00:00,2025-07-10 18:35:00+00:00,sell,20.75494,20.8154,20.694480000000002,20.694480000000002,2438.420364822745,147.4268952571809,14890.11642097527,win,-0.06045999999999907,4890.116420975272
2025-07-10 22:00:00+00:00,2025-07-11 04:35:00+00:00,sell,20.752100000000002,20.7788,20.725400000000004,20.725400000000004,5576.822629579135,148.9011642097527,15039.017585185022,win,-0.02669999999999817,5039.017585185025
2025-07-11 04:45:00+00:00,2025-07-11 09:05:00+00:00,sell,20.7234,20.7572,20.689600000000002,20.7572,4449.413486741211,-150.39017585185022,14888.627409333172,loss,0.033799999999999386,4888.627409333175
2025-07-11 12:05:00+00:00,2025-07-11 12:55:00+00:00,buy,20.8435,20.8217,20.865299999999998,20.865299999999998,6829.645600611882,148.88627409333174,15037.513683426503,win,0.02179999999999893,5037.513683426507
2025-07-11 13:05:00+00:00,2025-07-11 14:35:00+00:00,buy,20.8663,20.8235,20.9091,20.9091,3513.4377765015415,150.37513683426502,15187.888820260769,win,0.04279999999999973,5187.888820260771
2025-07-11 14:45:00+00:00,2025-07-11 15:05:00+00:00,buy,20.909689999999998,20.8586,20.960779999999996,20.960779999999996,2972.771348651636,151.8788882026077,15339.767708463376,win,0.051089999999998525,5339.767708463379
2025-07-11 16:20:00+00:00,2025-07-11 16:40:00+00:00,buy,20.9396,20.9069,20.972299999999997,20.972299999999997,4691.060461304014,153.39767708463373,15493.165385548009,win,0.0326999999999984,5493.165385548013
2025-07-11 16:50:00+00:00,2025-07-14 00:00:00+00:00,buy,20.976,20.927300000000002,21.024699999999996,20.927300000000002,3181.3481284495033,-154.9316538554801,15338.23373169253,loss,-0.048699999999996635,5338.233731692532
2025-07-14 02:20:00+00:00,2025-07-14 02:25:00+00:00,buy,20.9099,20.8804,20.9394,20.9394,5199.401264980738,153.3823373169253,15491.616069009455,win,0.02949999999999875,5491.6160690094575
2025-07-14 02:35:00+00:00,2025-07-14 10:25:00+00:00,buy,20.9413,20.87294,21.009659999999997,20.87294,2266.181402722325,-154.91616069009456,15336.69990831936,loss,-0.06835999999999842,5336.699908319363
2025-07-14 19:15:00+00:00,2025-07-15 00:00:00+00:00,sell,20.8968,20.9267,20.866899999999998,20.866899999999998,5129.331073016274,153.3669990831936,15490.066907402554,win,-0.02990000000000137,5490.066907402557
2025-07-15 01:05:00+00:00,2025-07-15 02:05:00+00:00,sell,20.8641,20.895599999999998,20.832600000000003,20.895599999999998,4917.4815579059405,-154.90066907402553,15335.166238328527,loss,0.03149999999999764,5335.166238328532
2025-07-15 02:30:00+00:00,2025-07-15 03:00:00+00:00,sell,20.8638,20.8962,20.831400000000002,20.8962,4733.075999484246,-153.3516623832853,15181.814575945242,loss,0.032399999999999096,5181.814575945246
2025-07-15 04:15:00+00:00,2025-07-15 04:40:00+00:00,sell,20.877850000000002,20.894199999999998,20.861500000000007,20.861500000000007,9285.513502109654,151.81814575945242,15333.632721704695,win,-0.016349999999995646,5333.632721704699
2025-07-15 04:50:00+00:00,2025-07-15 05:00:00+00:00,sell,20.8601,20.8762,20.843999999999998,20.843999999999998,9523.995479318764,153.33632721704694,15486.969048921741,win,-0.016100000000001558,5486.969048921746
2025-07-15 07:35:00+00:00,2025-07-15 08:20:00+00:00,sell,20.8821,20.89,20.874200000000002,20.89,19603.758289775964,-154.86969048921742,15332.099358432524,loss,0.007899999999999352,5332.099358432529
2025-07-15 09:00:00+00:00,2025-07-15 09:15:00+00:00,sell,20.875700000000002,20.8904,20.861000000000004,20.861000000000004,10429.999563561161,153.32099358432524,15485.42035201685,win,-0.014699999999997715,5485.420352016854
2025-07-15 09:25:00+00:00,2025-07-15 10:15:00+00:00,sell,20.8458,20.8891,20.802500000000002,20.802500000000002,3576.309550119484,154.8542035201685,15640.274555537018,win,-0.04329999999999856,5640.274555537022
2025-07-15 10:55:00+00:00,2025-07-16 17:55:00+00:00,sell,20.7885,20.8673,20.709699999999998,20.709699999999998,1984.806415677259,156.4027455553702,15796.677301092388,win,-0.07880000000000109,5796.677301092393
2025-07-16 20:35:00+00:00,2025-07-16 22:45:00+00:00,sell,20.7305,20.7574,20.703599999999998,20.7574,5872.370743900242,-157.96677301092387,15638.710528081465,loss,0.026900000000001256,5638.7105280814685
2025-07-16 23:00:00+00:00,2025-07-16 23:55:00+00:00,sell,20.73495,20.759,20.710900000000002,20.710900000000002,6502.58234015888,156.38710528081467,15795.09763336228,win,-0.024049999999999017,5795.097633362283
2025-07-17 01:35:00+00:00,2025-07-17 02:05:00+00:00,sell,20.7176,20.7482,20.687,20.7482,5161.79661220994,-157.9509763336228,15637.146657028658,loss,0.03059999999999974,5637.14665702866
2025-07-17 03:40:00+00:00,2025-07-17 03:50:00+00:00,sell,20.7341,20.755,20.713200000000004,20.755,7481.888352646194,-156.37146657028657,15480.775190458371,loss,0.020899999999997476,5480.775190458374
2025-07-17 06:30:00+00:00,2025-07-17 06:40:00+00:00,sell,20.75245,20.763099999999998,20.7418,20.7418,14535.93914597266,154.8077519045837,15635.582942362955,win,-0.010649999999998272,5635.5829423629575
2025-07-17 07:55:00+00:00,2025-07-17 08:05:00+00:00,sell,20.7391,20.7515,20.7267,20.7515,12609.341082551256,-156.35582942362956,15479.227112939325,loss,0.012399999999999523,5479.2271129393275
2025-07-17 08:25:00+00:00,2025-07-17 09:20:00+00:00,sell,20.73826,20.7519,20.72462,20.72462,11348.40697429672,154.79227112939324,15634.019384068719,win,-0.013639999999998764,5634.019384068721
2025-07-17 09:30:00+00:00,2025-07-17 10:05:00+00:00,sell,20.71724,20.7502,20.68428,20.7502,4743.33112380737,-156.3401938406872,15477.679190228031,loss,0.03295999999999921,5477.679190228034
2025-07-17 12:05:00+00:00,2025-07-17 12:20:00+00:00,sell,20.744,20.7667,20.7213,20.7213,6818.36087675232,154.7767919022803,15632.455982130312,win,-0.022700000000000387,5632.455982130314
2025-07-17 12:30:00+00:00,2025-07-17 14:40:00+00:00,sell,20.7205,20.749399999999998,20.691600000000005,20.749399999999998,5409.15431907687,-156.32455982130313,15476.131422309008,loss,0.028899999999996595,5476.13142230901
2025-07-17 14:55:00+00:00,2025-07-17 15:35:00+00:00,sell,20.7302,20.7499,20.7105,20.7499,7855.904275283652,-154.7613142230901,15321.37010808592,loss,0.019700000000000273,5321.37010808592
2025-07-17 17:00:00+00:00,2025-07-17 17:30:00+00:00,sell,20.72401,20.758399999999998,20.68962,20.68962,4455.181770307254,153.21370108085918,15474.583809166777,win,-0.034389999999998366,5474.583809166779
2025-07-17 17:40:00+00:00,2025-07-17 18:55:00+00:00,sell,20.68197,20.7141,20.64984,20.64984,4816.2414594358615,154.74583809166776,15629.329647258444,win,-0.03212999999999866,5629.329647258447
2025-07-17 20:30:00+00:00,2025-07-18 01:35:00+00:00,sell,20.668300000000002,20.707919999999998,20.628680000000006,20.707919999999998,3944.8080886572725,-156.29329647258444,15473.03635078586,loss,0.03961999999999577,5473.036350785863
2025-07-18 04:15:00+00:00,2025-07-18 04:45:00+00:00,sell,20.688000000000002,20.7054,20.670600000000004,20.7054,8892.549626889178,-154.7303635078586,15318.305987278001,loss,0.017399999999998528,5318.305987278004
2025-07-18 09:05:00+00:00,2025-07-18 09:15:00+00:00,sell,20.69295,20.7018,20.6841,20.6841,17308.820324610035,153.18305987278,15471.48904715078,win,-0.008849999999998914,5471.489047150784
2025-07-18 09:25:00+00:00,2025-07-18 10:00:00+00:00,sell,20.6705,20.7003,20.640700000000002,20.640700000000002,5191.774848037514,154.7148904715078,15626.20393762229,win,-0.02979999999999805,5626.203937622292
2025-07-18 10:25:00+00:00,2025-07-18 10:45:00+00:00,sell,20.6395,20.6817,20.597300000000004,20.597300000000004,3702.891928346727,156.2620393762229,15782.465976998512,win,-0.04219999999999757,5782.465976998515
2025-07-18 10:55:00+00:00,2025-07-18 14:35:00+00:00,sell,20.593880000000002,20.647199999999998,20.540560000000006,20.647199999999998,2959.9523587771473,-157.82465976998512,15624.641317228527,loss,0.053319999999995815,5624.641317228529
2025-07-18 15:10:00+00:00,2025-07-18 15:25:00+00:00,sell,20.622500000000002,20.651899999999998,20.593100000000007,20.593100000000007,5314.503849398284,156.24641317228526,15780.887730400811,win,-0.02939999999999543,5780.887730400815
2025-07-18 17:45:00+00:00,2025-07-18 17:55:00+00:00,sell,20.622600000000002,20.6447,20.600500000000004,20.600500000000004,7140.673181177409,157.80887730400812,15938.69660770482,win,-0.022099999999998232,5938.696607704823
2025-07-18 18:20:00+00:00,2025-07-18 23:50:00+00:00,sell,20.59902,20.6447,20.55334,20.55334,3489.206788026386,159.3869660770482,16098.083573781869,win,-0.04568000000000083,6098.083573781871
2025-07-21 00:10:00+00:00,2025-07-21 00:35:00+00:00,sell,20.5503,20.578,20.5226,20.578,5811.582517610911,-160.9808357378187,15937.10273804405,loss,0.027699999999999392,5937.102738044052
2025-07-21 00:55:00+00:00,2025-07-21 01:00:00+00:00,sell,20.562,20.5799,20.544100000000004,20.5799,8903.409350863909,-159.3710273804405,15777.73171066361,loss,0.017899999999997362,5777.731710663611
2025-07-21 03:35:00+00:00,2025-07-21 04:50:00+00:00,sell,20.58754,20.6066,20.56848,20.56848,8277.92849457708,157.7773171066361,15935.509027770246,win,-0.019059999999999633,5935.5090277702475
2025-07-21 05:00:00+00:00,2025-07-21 06:45:00+00:00,sell,20.5667,20.5859,20.547500000000003,20.5859,8299.744285297917,-159.35509027770246,15776.153937492543,loss,0.019199999999997885,5776.153937492545
2025-07-21 08:30:00+00:00,2025-07-21 08:40:00+00:00,sell,20.5819,20.59299,20.57081,20.57081,14225.567121274507,157.76153937492543,15933.915476867469,win,-0.011089999999999378,5933.915476867471
2025-07-21 08:50:00+00:00,2025-07-21 10:10:00+00:00,sell,20.57,20.59557,20.544430000000002,20.59557,6231.488258454641,-159.3391547686747,15774.576322098794,loss,0.025569999999998316,5774.576322098796
2025-07-21 14:05:00+00:00,2025-07-21 15:45:00+00:00,buy,20.65783,20.632,20.68366,20.632,6107.075618311779,-157.74576322098795,15616.830558877806,loss,-0.02582999999999913,5616.830558877808
2025-07-21 16:15:00+00:00,2025-07-21 16:40:00+00:00,buy,20.6471,20.6292,20.664999999999996,20.664999999999996,8724.486345743077,156.16830558877805,15772.998864466585,win,0.017899999999997362,5772.9988644665855
2025-07-21 16:50:00+00:00,2025-07-21 16:55:00+00:00,buy,20.6688,20.6432,20.6944,20.6944,6161.3276814320825,157.72998864466584,15930.72885311125,win,0.025600000000000733,5930.728853111252
2025-07-21 17:05:00+00:00,2025-07-21 18:15:00+00:00,buy,20.705099999999998,20.6432,20.766999999999996,20.766999999999996,2573.623401148918,159.3072885311125,16090.036141642362,win,0.061899999999997846,6090.036141642364
2025-07-21 23:05:00+00:00,2025-07-21 23:35:00+00:00,sell,20.588350000000002,20.602899999999998,20.573800000000006,20.602899999999998,11058.44408360582,-160.90036141642364,15929.135780225939,loss,0.014549999999996288,5929.13578022594
2025-07-22 00:00:00+00:00,2025-07-22 03:50:00+00:00,sell,20.57841,20.60382,20.553000000000004,20.60382,6268.8452499912055,-159.2913578022594,15769.84442242368,loss,0.025409999999997268,5769.844422423681
2025-07-22 04:25:00+00:00,2025-07-22 07:25:00+00:00,sell,20.591540000000002,20.6049,20.578180000000003,20.6049,11803.775765288328,-157.6984442242368,15612.145978199442,loss,0.013359999999998706,5612.1459781994445
2025-07-22 07:35:00+00:00,2025-07-22 09:15:00+00:00,sell,20.586100000000002,20.605449999999998,20.566750000000006,20.566750000000006,8068.292495195278,156.12145978199442,15768.267437981436,win,-0.01934999999999576,5768.267437981439
2025-07-22 11:05:00+00:00,2025-07-22 12:40:00+00:00,buy,20.6493,20.6128,20.6858,20.6128,4320.073270679822,-157.68267437981436,15610.584763601622,loss,-0.0365000000000002,5610.584763601624
2025-07-22 14:40:00+00:00,2025-07-22 14:55:00+00:00,sell,20.5929,20.6157,20.5701,20.5701,6846.747703333998,156.10584763601622,15766.690611237638,win,-0.022800000000000153,5766.69061123764
2025-07-22 15:05:00+00:00,2025-07-22 15:35:00+00:00,sell,20.5669,20.6073,20.526500000000002,20.526500000000002,3902.646190900578,157.66690611237638,15924.357517350014,win,-0.040399999999998215,5924.357517350017
2025-07-22 15:45:00+00:00,2025-07-22 17:00:00+00:00,sell,20.51604,20.5684,20.46368,20.5684,3041.3211454067914,-159.24357517350015,15765.113942176515,loss,0.052360000000000184,5765.1139421765165
2025-07-22 20:05:00+00:00,2025-07-22 20:10:00+00:00,buy,20.64202,20.6269,20.65714,20.65714,10426.662660169945,157.65113942176515,15922.76508159828,win,0.015119999999999578,5922.7650815982815
2025-07-22 20:20:00+00:00,2025-07-22 23:55:00+00:00,buy,20.660999999999998,20.62806,20.693939999999994,20.62806,4833.8691808136045,-159.2276508159828,15763.537430782297,loss,-0.03293999999999642,5763.5374307822985
2025-07-23 06:20:00+00:00,2025-07-23 07:20:00+00:00,sell,20.59589,20.6105,20.581280000000003,20.581280000000003,10789.553340715207,157.63537430782296,15921.17280509012,win,-0.01460999999999757,5921.172805090121
2025-07-23 07:40:00+00:00,2025-07-23 08:05:00+00:00,sell,20.578500000000002,20.59674,20.560260000000003,20.59674,8728.713160685995,-159.2117280509012,15761.96107703922,loss,0.0182399999999987,5761.96107703922
2025-07-23 09:00:00+00:00,2025-07-23 09:20:00+00:00,sell,20.5771,20.6023,20.551900000000003,20.6023,6254.746459143016,-157.6196107703922,15604.341466268826,loss,0.025199999999998113,5604.341466268828
2025-07-23 11:35:00+00:00,2025-07-23 12:15:00+00:00,sell,20.6129,20.6493,20.5765,20.5765,4286.906996227649,156.04341466268826,15760.384880931515,win,-0.03640000000000043,5760.384880931517
2025-07-23 12:25:00+00:00,2025-07-23 15:15:00+00:00,sell,20.572200000000002,20.6041,20.540300000000006,20.6041,4940.559523803493,-157.60384880931517,15602.7810321222,loss,0.03189999999999671,5602.781032122201
2025-07-23 16:00:00+00:00,2025-07-23 17:10:00+00:00,sell,20.5704,20.608,20.532799999999998,20.608,4149.675806415347,-156.02781032122198,15446.753221800978,loss,0.03760000000000119,5446.753221800979
2025-07-23 22:05:00+00:00,2025-07-23 22:15:00+00:00,buy,20.613,20.60106,20.62494,20.62494,12936.979247740408,154.46753221800978,15601.220754018988,win,0.011939999999999173,5601.220754018989
2025-07-23 22:25:00+00:00,2025-07-23 23:50:00+00:00,buy,20.6276,20.60106,20.65414,20.60106,5878.380088175807,-156.01220754018988,15445.208546478798,loss,-0.026540000000000674,5445.2085464788
2025-07-24 00:00:00+00:00,2025-07-24 09:25:00+00:00,buy,20.6301,20.59346,20.666739999999997,20.666739999999997,4215.3953456548725,154.452085464788,15599.660631943585,win,0.03663999999999845,5599.660631943588
2025-07-24 09:35:00+00:00,2025-07-24 11:05:00+00:00,buy,20.6694,20.6353,20.7035,20.7035,4574.680537227034,155.99660631943584,15755.65723826302,win,0.03409999999999869,5755.657238263024
2025-07-24 11:15:00+00:00,2025-07-24 13:15:00+00:00,buy,20.7064,20.669900000000002,20.742899999999995,20.669900000000002,4316.61842144232,-157.5565723826302,15598.10066588039,loss,-0.036499999999996646,5598.1006658803935
2025-07-24 13:50:00+00:00,2025-07-24 14:10:00+00:00,buy,20.6881,20.6646,20.711599999999997,20.711599999999997,6637.489645055904,155.98100665880392,15754.081672539194,win,0.023499999999998522,5754.081672539198
2025-07-24 16:05:00+00:00,2025-07-24 16:25:00+00:00,buy,20.6948,20.66916,20.72044,20.72044,6144.337625795505,157.54081672539195,15911.622489264586,win,0.02563999999999922,5911.62248926459
2025-07-24 16:35:00+00:00,2025-07-25 00:05:00+00:00,buy,20.7331,20.680500000000002,20.7857,20.680500000000002,3025.0232869325346,-159.11622489264587,15752.50626437194,loss,-0.052599999999998204,5752.506264371944
2025-07-25 01:55:00+00:00,2025-07-25 09:45:00+00:00,buy,20.7117,20.6549,20.7685,20.7685,2773.328567671161,157.5250626437194,15910.031327015658,win,0.05679999999999907,5910.031327015663
2025-07-25 10:00:00+00:00,2025-07-25 10:35:00+00:00,buy,20.7825,20.7378,20.827199999999998,20.827199999999998,3559.2911246120957,159.1003132701566,16069.131640285816,win,0.04469999999999885,6069.131640285819
2025-07-25 11:10:00+00:00,2025-07-25 14:10:00+00:00,buy,20.83,20.7937,20.866299999999995,20.7937,4426.758027627298,-160.69131640285815,15908.440323882958,loss,-0.03629999999999711,5908.440323882961
2025-07-25 14:20:00+00:00,2025-07-25 15:05:00+00:00,buy,20.807299999999998,20.7921,20.822499999999994,20.7921,10466.07916045169,-159.0844032388296,15749.355920644128,loss,-0.01519999999999655,5749.355920644131
2025-07-25 15:25:00+00:00,2025-07-25 16:00:00+00:00,buy,20.8144,20.7849,20.843899999999998,20.843899999999998,5338.764718862643,157.4935592064413,15906.849479850569,win,0.02949999999999875,5906.849479850573
2025-07-25 16:10:00+00:00,2025-07-28 00:00:00+00:00,buy,20.8452,20.7974,20.892999999999997,20.7974,3327.7927782115044,-159.0684947985057,15747.780985052063,loss,-0.04779999999999873,5747.780985052067
2025-07-28 00:40:00+00:00,2025-07-28 14:05:00+00:00,buy,20.8648,20.7915,20.9381,20.7915,2148.401225791559,-157.47780985052066,15590.303175201541,loss,-0.0732999999999997,5590.303175201547
2025-07-28 18:10:00+00:00,2025-07-28 21:05:00+00:00,sell,20.7733,20.8063,20.740299999999998,20.740299999999998,4724.334295515439,155.9030317520154,15746.206206953557,win,-0.03300000000000125,5746.206206953562
2025-07-28 21:40:00+00:00,2025-07-28 23:35:00+00:00,sell,20.738210000000002,20.758599999999998,20.717820000000007,20.717820000000007,7722.5140789392135,157.46206206953556,15903.668269023092,win,-0.020389999999995467,5903.668269023098
2025-07-28 23:45:00+00:00,2025-07-29 02:00:00+00:00,sell,20.7143,20.7467,20.681900000000002,20.7467,4908.5395892047945,-159.03668269023092,15744.63158633286,loss,0.032399999999999096,5744.631586332867
2025-07-29 03:20:00+00:00,2025-07-29 03:50:00+00:00,sell,20.7483,20.7596,20.737000000000002,20.737000000000002,13933.30228879195,157.4463158633286,15902.077902196188,win,-0.011299999999998533,5902.077902196196
2025-07-29 04:10:00+00:00,2025-07-29 05:00:00+00:00,sell,20.7349,20.7507,20.7191,20.7507,10064.606267213603,-159.02077902196189,15743.057123174227,loss,0.015799999999998704,5743.057123174234
2025-07-29 06:30:00+00:00,2025-07-29 06:35:00+00:00,sell,20.7448,20.75509,20.734510000000004,20.734510000000004,15299.375241183443,157.43057123174228,15900.487694405969,win,-0.01028999999999769,5900.487694405976
2025-07-29 07:15:00+00:00,2025-07-29 09:05:00+00:00,sell,20.733,20.7529,20.7131,20.7131,7990.19482130961,159.0048769440597,16059.492571350029,win,-0.019899999999999807,6059.492571350036
2025-07-29 09:15:00+00:00,2025-07-29 10:35:00+00:00,sell,20.7118,20.7397,20.6839,20.7397,5756.090527365824,-160.5949257135003,15898.897645636529,loss,0.027899999999998926,5898.897645636536
2025-07-29 11:20:00+00:00,2025-07-29 11:45:00+00:00,sell,20.7343,20.758499999999998,20.710100000000004,20.758499999999998,6569.792415553129,-158.9889764563653,15739.908669180164,loss,0.02419999999999689,5739.908669180171
2025-07-29 11:55:00+00:00,2025-07-29 12:20:00+00:00,sell,20.7364,20.7588,20.714,20.7588,7026.744941597947,-157.39908669180164,15582.509582488363,loss,0.022400000000001086,5582.509582488369
2025-07-29 14:05:00+00:00,2025-07-29 14:30:00+00:00,sell,20.75442,20.7718,20.73704,20.73704,8965.770760925778,155.82509582488362,15738.334678313246,win,-0.017379999999999285,5738.334678313253
2025-07-29 14:40:00+00:00,2025-07-29 15:20:00+00:00,sell,20.7345,20.7638,20.7052,20.7052,5371.44528270091,157.38334678313245,15895.718025096377,win,-0.029299999999999216,5895.718025096386
2025-07-29 15:55:00+00:00,2025-07-29 16:45:00+00:00,sell,20.698700000000002,20.7242,20.673200000000005,20.7242,6233.6149118031335,-158.95718025096377,15736.760844845414,loss,0.025499999999997414,5736.760844845422
2025-07-29 17:15:00+00:00,2025-07-29 17:45:00+00:00,sell,20.695,20.73,20.66,20.66,4496.217384241529,157.36760844845415,15894.128453293868,win,-0.03500000000000014,5894.128453293876
2025-07-29 17:55:00+00:00,2025-07-29 18:55:00+00:00,sell,20.659100000000002,20.6979,20.620300000000004,20.620300000000004,4096.424859096528,158.9412845329387,16053.069737826807,win,-0.03879999999999839,6053.069737826815
2025-07-29 20:10:00+00:00,2025-07-29 23:35:00+00:00,sell,20.6466,20.663,20.6302,20.6302,9788.457157210954,160.53069737826806,16213.600435205075,win,-0.01640000000000086,6213.600435205083
2025-07-29 23:45:00+00:00,2025-07-30 00:00:00+00:00,sell,20.6299,20.6459,20.613899999999997,20.6459,10133.500272002038,-162.13600435205075,16051.464430853024,loss,0.01600000000000179,6051.464430853032
2025-07-30 02:35:00+00:00,2025-07-30 12:50:00+00:00,sell,20.6441,20.6719,20.616300000000003,20.616300000000003,5773.908068652342,160.51464430853025,16211.979075161555,win,-0.02779999999999916,6211.979075161563
2025-07-30 13:20:00+00:00,2025-07-30 14:30:00+00:00,sell,20.6131,20.6308,20.595399999999998,20.595399999999998,9159.310211954966,162.11979075161554,16374.09886591317,win,-0.01770000000000138,6374.098865913178
2025-07-30 14:40:00+00:00,2025-07-30 15:15:00+00:00,sell,20.5933,20.609199999999998,20.5774,20.609199999999998,10298.175387367764,-163.74098865913172,16210.357877254039,loss,0.01589999999999847,6210.357877254047
2025-07-30 15:35:00+00:00,2025-07-30 18:10:00+00:00,sell,20.57073,20.612199999999998,20.529260000000004,20.612199999999998,3908.9360687859407,-162.1035787725404,16048.254298481499,loss,0.04146999999999679,6048.254298481506
2025-07-30 19:05:00+00:00,2025-07-30 20:55:00+00:00,sell,20.58452,20.6207,20.548340000000003,20.548340000000003,4435.670065915517,160.48254298481498,16208.736841466314,win,-0.0361799999999981,6208.7368414663215
2025-07-30 22:25:00+00:00,2025-07-30 23:55:00+00:00,sell,20.5535,20.5937,20.5133,20.5133,4032.024089917126,162.08736841466313,16370.824209880977,win,-0.04019999999999868,6370.824209880984
2025-07-31 00:25:00+00:00,2025-07-31 02:00:00+00:00,sell,20.4936,20.5442,20.443,20.5442,3235.3407529409483,-163.70824209880976,16207.115967782167,loss,0.05059999999999931,6207.115967782174
2025-07-31 04:20:00+00:00,2025-07-31 05:05:00+00:00,sell,20.56623,20.581799999999998,20.550660000000004,20.550660000000004,10409.194584319555,162.07115967782167,16369.187127459989,win,-0.015569999999996753,6369.187127459996
2025-07-31 05:15:00+00:00,2025-07-31 05:55:00+00:00,sell,20.54576,20.5686,20.522920000000003,20.522920000000003,7166.894539168548,163.6918712745999,16532.878998734588,win,-0.02283999999999864,6532.878998734596
2025-07-31 06:05:00+00:00,2025-07-31 06:25:00+00:00,sell,20.51869,20.531499999999998,20.50588,20.50588,12906.228726570567,165.32878998734589,16698.207788721935,win,-0.012809999999998212,6698.207788721942
2025-07-31 08:45:00+00:00,2025-07-31 08:50:00+00:00,sell,20.5456,20.5616,20.529600000000002,20.529600000000002,10436.379867952359,166.98207788721936,16865.189866609155,win,-0.015999999999998238,6865.189866609161
2025-07-31 12:15:00+00:00,2025-07-31 12:35:00+00:00,buy,20.6798,20.6416,20.718,20.718,4414.971169269436,168.65189866609154,17033.841765275247,win,0.03819999999999979,7033.841765275252
2025-07-31 13:20:00+00:00,2025-07-31 16:10:00+00:00,buy,20.7331,20.6694,20.7968,20.6694,2674.0724906240257,-170.33841765275247,16863.503347622493,loss,-0.06370000000000076,6863.5033476225
2025-07-31 17:40:00+00:00,2025-07-31 17:45:00+00:00,buy,20.6972,20.666800000000002,20.727599999999995,20.727599999999995,5547.205048560641,168.63503347622492,17032.138381098717,win,0.030399999999996652,7032.1383810987245
2025-07-31 18:30:00+00:00,2025-08-01 09:20:00+00:00,buy,20.7398,20.6497,20.8299,20.8299,1890.3594207656813,170.3213838109872,17202.459764909705,win,0.09009999999999962,7202.459764909711
2025-08-01 09:30:00+00:00,2025-08-01 09:50:00+00:00,buy,20.8306,20.7896,20.8716,20.7896,4195.721893880378,-172.02459764909705,17030.435167260606,loss,-0.04100000000000037,7030.435167260614
2025-08-01 10:05:00+00:00,2025-08-01 11:30:00+00:00,buy,20.8359,20.781570000000002,20.890229999999995,20.890229999999995,3134.628228835202,170.30435167260606,17200.739518933213,win,0.05432999999999666,7200.73951893322
2025-08-01 12:20:00+00:00,2025-08-01 15:25:00+00:00,buy,20.8954,20.8514,20.939399999999996,20.8514,3909.258981576003,-172.00739518933213,17028.73212374388,loss,-0.04399999999999693,7028.732123743888
2025-08-01 15:35:00+00:00,2025-08-01 15:40:00+00:00,buy,20.900299999999998,20.83804,20.962559999999996,20.83804,2735.0999235053505,-170.28732123743882,16858.44480250644,loss,-0.06225999999999843,6858.444802506449
2025-08-01 16:40:00+00:00,2025-08-04 00:00:00+00:00,buy,20.913539999999998,20.82282,21.004259999999995,20.82282,1858.294180170515,-168.5844480250644,16689.860354481378,loss,-0.09071999999999747,6689.860354481385
2025-08-04 01:05:00+00:00,2025-08-04 01:45:00+00:00,buy,20.83584,20.80867,20.863010000000003,20.80867,6142.7531669047985,-166.89860354481377,16522.961750936563,loss,-0.027170000000001693,6522.961750936572
2025-08-04 03:00:00+00:00,2025-08-04 03:50:00+00:00,buy,20.8829,20.860500000000002,20.905299999999997,20.860500000000002,7376.322210240349,-165.22961750936562,16357.732133427198,loss,-0.022399999999997533,6357.7321334272065
2025-08-04 05:15:00+00:00,2025-08-04 06:00:00+00:00,buy,20.866799999999998,20.851100000000002,20.882499999999993,20.882499999999993,10418.937664606376,163.577321334272,16521.30945476147,win,0.015699999999995384,6521.309454761478
2025-08-04 06:10:00+00:00,2025-08-04 08:05:00+00:00,buy,20.883599999999998,20.8663,20.900899999999996,20.900899999999996,9549.889858244309,165.2130945476147,16686.522549309087,win,0.01729999999999876,6686.522549309093
2025-08-04 14:50:00+00:00,2025-08-04 15:45:00+00:00,sell,20.8327,20.862199999999998,20.8032,20.8032,5656.448321799931,166.8652254930909,16853.387774802177,win,-0.02949999999999875,6853.387774802184
2025-08-04 16:00:00+00:00,2025-08-04 19:45:00+00:00,sell,20.7958,20.862199999999998,20.729400000000002,20.729400000000002,2538.1608094582352,168.53387774802178,17021.921652550198,win,-0.06639999999999802,7021.921652550206
2025-08-04 21:30:00+00:00,2025-08-04 23:10:00+00:00,sell,20.753600000000002,20.7651,20.742100000000004,20.742100000000004,14801.671002220051,170.219216525502,17192.1408690757,win,-0.011499999999998067,7192.140869075708
2025-08-04 23:40:00+00:00,2025-08-05 00:00:00+00:00,sell,20.7366,20.7558,20.717399999999998,20.717399999999998,8954.240035976258,171.92140869075703,17364.062277766458,win,-0.019200000000001438,7364.062277766465
2025-08-05 00:20:00+00:00,2025-08-05 01:00:00+00:00,sell,20.7091,20.747999999999998,20.6702,20.747999999999998,4463.769223076421,-173.64062277766456,17190.421654988793,loss,0.03889999999999816,7190.421654988801
2025-08-05 03:05:00+00:00,2025-08-05 03:45:00+00:00,sell,20.742,20.7698,20.7142,20.7142,6183.60491186666,171.90421654988793,17362.32587153868,win,-0.02779999999999916,7362.325871538688
2025-08-05 03:55:00+00:00,2025-08-05 06:00:00+00:00,sell,20.7112,20.735599999999998,20.686800000000005,20.735599999999998,7115.707324402141,-173.6232587153868,17188.702612823294,loss,0.024399999999996425,7188.702612823301
2025-08-05 07:20:00+00:00,2025-08-05 08:55:00+00:00,sell,20.72515,20.735699999999998,20.7146,20.7146,16292.609111683158,171.88702612823295,17360.589638951526,win,-0.010549999999998505,7360.589638951534
2025-08-05 18:30:00+00:00,2025-08-05 19:15:00+00:00,sell,20.735500000000002,20.76794,20.703060000000004,20.703060000000004,5351.599765398527,173.60589638951527,17534.19553534104,win,-0.03243999999999758,7534.195535341049
2025-08-05 20:30:00+00:00,2025-08-05 20:45:00+00:00,sell,20.7054,20.7136,20.697200000000002,20.7136,21383.165287004784,-175.3419553534104,17358.85357998763,loss,0.008199999999998653,7358.853579987639
2025-08-05 22:40:00+00:00,2025-08-05 23:30:00+00:00,sell,20.71272,20.7233,20.702140000000004,20.7233,16407.234007553823,-173.5885357998763,17185.265044187752,loss,0.01057999999999737,7185.265044187763
2025-08-05 23:55:00+00:00,2025-08-06 02:40:00+00:00,sell,20.697,20.7268,20.667199999999998,20.7268,5766.867464492224,-171.85265044187753,17013.412393745875,loss,0.029800000000001603,7013.412393745885
2025-08-06 03:00:00+00:00,2025-08-06 03:10:00+00:00,sell,20.7162,20.7273,20.7051,20.7051,15327.398552925593,170.13412393745875,17183.546517683335,win,-0.011099999999999,7183.546517683344
2025-08-06 03:20:00+00:00,2025-08-06 06:20:00+00:00,sell,20.704,20.732699999999998,20.675300000000004,20.675300000000004,5987.298438217804,171.83546517683337,17355.38198286017,win,-0.02869999999999706,7355.381982860177
2025-08-06 08:40:00+00:00,2025-08-06 09:00:00+00:00,sell,20.6809,20.689,20.672800000000002,20.672800000000002,21426.397509706858,173.5538198286017,17528.93580268877,win,-0.008099999999998886,7528.9358026887785
2025-08-06 10:15:00+00:00,2025-08-06 10:20:00+00:00,sell,20.6883,20.705099999999998,20.671500000000005,20.671500000000005,10433.89035874557,175.28935802688773,17704.225160715658,win,-0.016799999999996373,7704.225160715666
2025-08-06 10:45:00+00:00,2025-08-06 13:00:00+00:00,sell,20.6612,20.705099999999998,20.617300000000004,20.705099999999998,4032.8531117805924,-177.04225160715657,17527.182909108502,loss,0.043899999999997164,7527.182909108509
2025-08-06 13:35:00+00:00,2025-08-06 13:45:00+00:00,sell,20.6827,20.7063,20.659100000000002,20.659100000000002,7426.77241911431,175.271829091085,17702.454738199587,win,-0.02359999999999829,7702.454738199594
2025-08-06 15:20:00+00:00,2025-08-06 17:45:00+00:00,sell,20.6616,20.6957,20.6275,20.6957,5191.335700351986,-177.02454738199592,17525.43019081759,loss,0.03409999999999869,7525.4301908175985
2025-08-06 17:55:00+00:00,2025-08-06 18:40:00+00:00,sell,20.6764,20.7028,20.650000000000002,20.7028,6638.420526825129,-175.2543019081759,17350.175888909416,loss,0.02639999999999887,7350.175888909423
2025-08-06 18:50:00+00:00,2025-08-06 20:25:00+00:00,sell,20.6761,20.7077,20.644500000000004,20.7077,5490.561990161658,-173.50175888909416,17176.67413002032,loss,0.03159999999999741,7176.674130020328
2025-08-07 00:05:00+00:00,2025-08-07 01:10:00+00:00,sell,20.6868,20.738799999999998,20.634800000000006,20.738799999999998,3303.2065634656974,-171.76674130020322,17004.90738872012,loss,0.05199999999999605,7004.907388720125
2025-08-07 03:10:00+00:00,2025-08-07 03:20:00+00:00,buy,20.7414,20.725,20.757799999999996,20.725,10368.845968733483,-170.0490738872012,16834.85831483292,loss,-0.016399999999997306,6834.8583148329235
2025-08-07 05:50:00+00:00,2025-08-07 06:45:00+00:00,buy,20.71635,20.6995,20.733199999999997,20.733199999999997,9991.01383669726,168.3485831483292,17003.20689798125,win,0.016849999999998033,7003.206897981253
2025-08-07 08:20:00+00:00,2025-08-07 08:40:00+00:00,buy,20.7138,20.7053,20.722299999999997,20.722299999999997,20003.772821159226,170.0320689798125,17173.238966961064,win,0.008499999999997954,7173.238966961066
2025-08-07 08:50:00+00:00,2025-08-07 09:05:00+00:00,buy,20.7239,20.71,20.7378,20.71,12354.848177670205,-171.73238966961065,17001.506577291453,loss,-0.01389999999999958,7001.506577291455
2025-08-07 14:05:00+00:00,2025-08-07 14:20:00+00:00,sell,20.69534,20.729599999999998,20.661080000000005,20.661080000000005,4962.494622677568,170.01506577291454,17171.521643064367,win,-0.03425999999999618,7171.5216430643695
2025-08-07 14:30:00+00:00,2025-08-07 16:05:00+00:00,sell,20.656200000000002,20.710739999999998,20.601660000000006,20.601660000000006,3148.427143943103,171.71521643064366,17343.23685949501,win,-0.054539999999995814,7343.236859495013
2025-08-07 16:20:00+00:00,2025-08-07 16:55:00+00:00,sell,20.60053,20.644,20.55706,20.644,3989.702521162944,-173.4323685949501,17169.80449090006,loss,0.04346999999999923,7169.804490900063
2025-08-07 19:25:00+00:00,2025-08-07 19:50:00+00:00,sell,20.6823,20.7202,20.644400000000005,20.644400000000005,4530.291422401438,171.6980449090006,17341.50253580906,win,-0.037899999999996936,7341.502535809063
2025-08-07 20:55:00+00:00,2025-08-08 01:40:00+00:00,sell,20.6345,20.6867,20.5823,20.6867,3322.1269225688407,-173.41502535809062,17168.08751045097,loss,0.052199999999999136,7168.087510450972
2025-08-08 03:15:00+00:00,2025-08-08 08:15:00+00:00,sell,20.65952,20.679,20.640040000000003,20.640040000000003,8813.186607008614,171.68087510450968,17339.76838555548,win,-0.019479999999997943,7339.768385555482
2025-08-08 08:25:00+00:00,2025-08-08 08:45:00+00:00,sell,20.6382,20.657899999999998,20.618500000000004,20.657899999999998,8801.912886070237,-173.3976838555548,17166.370701699925,loss,0.01969999999999672,7166.370701699928
2025-08-08 10:00:00+00:00,2025-08-08 10:05:00+00:00,sell,20.6382,20.6506,20.6258,20.6258,13843.84734008112,171.66370701699927,17338.034408716925,win,-0.012399999999999523,7338.034408716927
2025-08-08 10:15:00+00:00,2025-08-08 10:50:00+00:00,sell,20.6171,20.6467,20.587500000000002,20.6467,5857.444056999255,-173.38034408716925,17164.654064629754,loss,0.029599999999998516,7164.654064629758
2025-08-08 12:10:00+00:00,2025-08-08 13:30:00+00:00,sell,20.6382,20.6635,20.612900000000003,20.612900000000003,6784.4482468897995,171.64654064629755,17336.30060527605,win,-0.02529999999999788,7336.300605276056
2025-08-08 14:00:00+00:00,2025-08-08 14:25:00+00:00,sell,20.60666,20.636,20.577320000000004,20.636,5908.759579167488,-173.3630060527605,17162.93759922329,loss,0.0293399999999977,7162.937599223295
2025-08-08 15:55:00+00:00,2025-08-08 16:05:00+00:00,sell,20.6126,20.6324,20.5928,20.6324,8668.150302638007,-171.6293759922329,16991.308223231055,loss,0.01980000000000004,6991.308223231063
2025-08-08 18:05:00+00:00,2025-08-08 18:25:00+00:00,sell,20.648,20.6695,20.6265,20.6695,7902.934057316906,-169.91308223231056,16821.395140998746,loss,0.02149999999999963,6821.395140998752
2025-08-08 19:10:00+00:00,2025-08-08 20:00:00+00:00,sell,20.6406,20.673299999999998,20.6079,20.673299999999998,5144.157535473875,-168.2139514099875,16653.18118958876,loss,0.0326999999999984,6653.181189588765
2025-08-11 00:05:00+00:00,2025-08-11 02:45:00+00:00,sell,20.62041,20.6543,20.58652,20.6543,4913.892354555618,-166.53181189588759,16486.64937769287,loss,0.03388999999999953,6486.649377692877
2025-08-11 05:05:00+00:00,2025-08-11 05:10:00+00:00,buy,20.6658,20.653100000000002,20.6785,20.6785,12981.613683223935,164.8664937769287,16651.515871469797,win,0.012699999999998823,6651.515871469806
2025-08-11 05:20:00+00:00,2025-08-11 09:20:00+00:00,buy,20.683799999999998,20.656200000000002,20.711399999999994,20.656200000000002,6033.157924446437,-166.51515871469798,16485.0007127551,loss,-0.027599999999996072,6485.000712755108
2025-08-11 10:00:00+00:00,2025-08-11 10:05:00+00:00,buy,20.6667,20.6541,20.679299999999998,20.679299999999998,13083.333899012965,164.850007127551,16649.850719882652,win,0.012599999999999056,6649.850719882659
2025-08-11 13:05:00+00:00,2025-08-11 13:15:00+00:00,sell,20.6384,20.6481,20.628700000000002,20.628700000000002,17164.79455658234,166.49850719882653,16816.34922708148,win,-0.00969999999999871,6816.349227081486
2025-08-11 13:25:00+00:00,2025-08-11 13:55:00+00:00,sell,20.6192,20.6481,20.5903,20.6481,5818.805960927818,-168.1634922708148,16648.185734810664,loss,0.028900000000000148,6648.185734810671
2025-08-11 16:05:00+00:00,2025-08-11 16:35:00+00:00,sell,20.6554,20.6714,20.639400000000002,20.6714,10405.116084257812,-166.48185734810664,16481.703877462558,loss,0.015999999999998238,6481.703877462564
2025-08-11 16:45:00+00:00,2025-08-11 16:50:00+00:00,sell,20.65617,20.674699999999998,20.63764,20.63764,8894.605438458715,164.8170387746256,16646.520916237183,win,-0.01852999999999838,6646.52091623719
2025-08-11 17:00:00+00:00,2025-08-11 17:30:00+00:00,sell,20.6352,20.674699999999998,20.595700000000004,20.595700000000004,4214.3090927186195,166.46520916237182,16812.986125399555,win,-0.03949999999999676,6812.986125399562
2025-08-11 18:15:00+00:00,2025-08-11 18:35:00+00:00,sell,20.5944,20.615099999999998,20.573700000000002,20.573700000000002,8122.215519517501,168.12986125399556,16981.11598665355,win,-0.020699999999997942,6981.115986653558
2025-08-11 20:55:00+00:00,2025-08-11 22:50:00+00:00,sell,20.599700000000002,20.6193,20.580100000000005,20.6193,8663.834687069484,-169.8111598665355,16811.304826787014,loss,0.019599999999996953,6811.304826787023
2025-08-11 23:45:00+00:00,2025-08-12 00:10:00+00:00,sell,20.60106,20.619899999999998,20.582220000000003,20.582220000000003,8923.197891077187,168.11304826787014,16979.417875054885,win,-0.018839999999997303,6979.417875054893
2025-08-12 00:20:00+00:00,2025-08-12 00:55:00+00:00,sell,20.5817,20.6127,20.550700000000003,20.6127,5477.231572598562,-169.79417875054887,16809.623696304337,loss,0.030999999999998806,6809.623696304344
2025-08-12 01:10:00+00:00,2025-08-12 02:05:00+00:00,sell,20.59047,20.613699999999998,20.56724,20.613699999999998,7236.170338487182,-168.09623696304337,16641.527459341294,loss,0.023229999999998086,6641.5274593413005
2025-08-12 03:20:00+00:00,2025-08-12 09:25:00+00:00,sell,20.61299,20.6332,20.59278,20.59278,8234.30354247518,166.4152745934129,16807.942733934706,win,-0.02020999999999873,6807.942733934713
2025-08-12 09:35:00+00:00,2025-08-12 09:45:00+00:00,sell,20.5923,20.6144,20.570200000000003,20.570200000000003,7605.403952007263,168.07942733934706,16976.022161274053,win,-0.022099999999998232,6976.02216127406
2025-08-12 09:55:00+00:00,2025-08-12 15:25:00+00:00,sell,20.5684,20.6034,20.5334,20.5334,4850.292046078282,169.76022161274054,17145.782382886795,win,-0.03500000000000014,7145.7823828868
2025-08-12 17:45:00+00:00,2025-08-12 17:55:00+00:00,sell,20.56231,20.586199999999998,20.538420000000002,20.538420000000002,7176.970440723421,171.45782382886796,17317.24020671566,win,-0.02388999999999797,7317.240206715668
2025-08-12 18:05:00+00:00,2025-08-13 00:40:00+00:00,sell,20.5313,20.5819,20.480700000000002,20.480700000000002,3422.37948749326,173.1724020671566,17490.41260878282,win,-0.05059999999999931,7490.4126087828245
2025-08-13 01:55:00+00:00,2025-08-13 02:00:00+00:00,sell,20.5039,20.5233,20.484500000000004,20.5233,9015.67660246657,-174.9041260878282,17315.50848269499,loss,0.01939999999999742,7315.508482694996
2025-08-13 05:05:00+00:00,2025-08-13 06:00:00+00:00,sell,20.5522,20.564999999999998,20.5394,20.5394,13527.74100210695,173.1550848269499,17488.66356752194,win,-0.01279999999999859,7488.663567521946
2025-08-13 06:10:00+00:00,2025-08-13 09:00:00+00:00,sell,20.534100000000002,20.5489,20.519300000000005,20.519300000000005,11816.66457265197,174.8866356752194,17663.55020319716,win,-0.014799999999997482,7663.5502031971655
2025-08-13 09:10:00+00:00,2025-08-13 09:15:00+00:00,sell,20.5149,20.5319,20.4979,20.4979,10390.323648939835,176.63550203197158,17840.18570522913,win,-0.01699999999999946,7840.185705229137
2025-08-13 11:00:00+00:00,2025-08-13 11:15:00+00:00,sell,20.5263,20.55341,20.49919,20.55341,6580.666066111716,-178.40185705229132,17661.783848176838,loss,0.02711000000000041,7661.783848176846
2025-08-13 12:15:00+00:00,2025-08-13 17:35:00+00:00,sell,20.518720000000002,20.5597,20.477740000000004,20.477740000000004,4309.854526153706,176.6178384817684,17838.401686658606,win,-0.040979999999997574,7838.401686658614
2025-08-13 18:50:00+00:00,2025-08-13 22:50:00+00:00,sell,20.503700000000002,20.5248,20.482600000000005,20.482600000000005,8454.218808844138,178.38401686658602,18016.78570352519,win,-0.02109999999999701,8016.7857035252
2025-08-14 00:20:00+00:00,2025-08-14 00:25:00+00:00,sell,20.48505,20.4991,20.471000000000004,20.4991,12823.33502030495,-180.1678570352519,17836.61784648994,loss,0.014049999999997453,7836.6178464899485
2025-08-14 02:05:00+00:00,2025-08-14 06:30:00+00:00,sell,20.48534,20.5119,20.45878,20.5119,6715.594068708582,-178.36617846489938,17658.251668025037,loss,0.026559999999999917,7658.251668025049
2025-08-14 07:10:00+00:00,2025-08-14 07:50:00+00:00,sell,20.511,20.5211,20.500899999999998,20.500899999999998,17483.417493091794,176.58251668025036,17834.834184705287,win,-0.01010000000000133,7834.8341847053
2025-08-14 12:10:00+00:00,2025-08-14 14:50:00+00:00,buy,20.5228,20.5032,20.5424,20.5424,9099.405196277972,178.34834184705286,18013.18252655234,win,0.019600000000000506,8013.182526552353
2025-08-14 15:05:00+00:00,2025-08-14 15:25:00+00:00,buy,20.548199999999998,20.522100000000002,20.574299999999994,20.522100000000002,6901.602500595821,-180.13182526552342,17833.05070128682,loss,-0.026099999999996015,7833.050701286829
2025-08-14 15:35:00+00:00,2025-08-14 19:00:00+00:00,buy,20.5516,20.512700000000002,20.5905,20.512700000000002,4584.33179981688,-178.3305070128682,17654.72019427395,loss,-0.03889999999999816,7654.720194273961
2025-08-14 21:35:00+00:00,2025-08-14 23:45:00+00:00,sell,20.4895,20.5074,20.4716,20.5074,9862.972175571535,-176.5472019427395,17478.17299233121,loss,0.017900000000000915,7478.172992331221
2025-08-14 23:55:00+00:00,2025-08-15 01:25:00+00:00,sell,20.47529,20.5118,20.43878,20.5118,4787.228976261653,-174.7817299233121,17303.391262407895,loss,0.03650999999999982,7303.391262407909
2025-08-15 02:05:00+00:00,2025-08-15 11:00:00+00:00,sell,20.50405,20.5316,20.476499999999998,20.476499999999998,6280.722781272938,173.03391262407897,17476.425175031975,win,-0.027550000000001518,7476.425175031988
2025-08-15 12:30:00+00:00,2025-08-15 16:45:00+00:00,buy,20.5236,20.4827,20.564499999999995,20.564499999999995,4272.964590472674,174.76425175031977,17651.189426782294,win,0.04089999999999705,7651.189426782308
2025-08-15 16:55:00+00:00,2025-08-18 09:25:00+00:00,buy,20.577099999999998,20.5377,20.616499999999995,20.616499999999995,4479.997316442549,176.51189426782295,17827.701321050117,win,0.03939999999999699,7827.701321050131
2025-08-18 09:40:00+00:00,2025-08-18 11:35:00+00:00,buy,20.617,20.5684,20.6656,20.5684,3668.2513006275644,-178.27701321050117,17649.424307839618,loss,-0.04860000000000042,7649.424307839629
2025-08-18 13:35:00+00:00,2025-08-20 12:35:00+00:00,buy,20.5668,20.5122,20.6214,20.6214,3232.495294476082,176.49424307839618,17825.918550918013,win,0.05460000000000065,7825.918550918025
2025-08-20 12:45:00+00:00,2025-08-20 16:00:00+00:00,buy,20.624,20.6003,20.647699999999997,20.647699999999997,7521.4846206411285,178.25918550918013,18004.177736427195,win,0.023699999999998056,8004.177736427206
2025-08-20 16:10:00+00:00,2025-08-20 17:20:00+00:00,buy,20.6523,20.6201,20.6845,20.6201,5591.35954547436,-180.04177736427195,17824.13595906292,loss,-0.03219999999999956,7824.135959062934
2025-08-20 17:30:00+00:00,2025-08-20 18:25:00+00:00,buy,20.644,20.6178,20.670199999999998,20.6178,6803.105327886785,-178.24135959062923,17645.894599472293,loss,-0.026199999999999335,7645.894599472304
2025-08-20 23:20:00+00:00,2025-08-20 23:35:00+00:00,sell,20.58017,20.5929,20.567439999999998,20.5929,13861.661115059367,-176.45894599472294,17469.43565347757,loss,0.01273000000000124,7469.435653477582
2025-08-20 23:45:00+00:00,2025-08-21 00:50:00+00:00,sell,20.578400000000002,20.5943,20.562500000000004,20.562500000000004,10987.066448729087,174.6943565347757,17644.130010012344,win,-0.01589999999999847,7644.130010012357
2025-08-21 03:05:00+00:00,2025-08-21 03:35:00+00:00,sell,20.5957,20.6051,20.5863,20.5863,18770.351074482398,176.44130010012344,17820.571310112467,win,-0.009399999999999409,7820.57131011248
2025-08-21 03:45:00+00:00,2025-08-21 03:50:00+00:00,sell,20.58484,20.6008,20.56888,20.56888,11165.771497564376,178.20571310112467,17998.77702321359,win,-0.015959999999999752,7998.7770232136045
2025-08-21 05:05:00+00:00,2025-08-21 08:25:00+00:00,buy,20.6097,20.5933,20.6261,20.6261,10974.864038544298,179.98777023213592,18178.764793445727,win,0.01640000000000086,8178.76479344574
2025-08-21 08:35:00+00:00,2025-08-21 08:45:00+00:00,buy,20.6267,20.6115,20.6419,20.6115,11959.713679898425,-181.78764793445728,17996.97714551127,loss,-0.015200000000000102,7996.977145511282
2025-08-21 08:55:00+00:00,2025-08-21 09:10:00+00:00,buy,20.6287,20.608420000000002,20.648979999999995,20.608420000000002,8874.249085559542,-179.96977145511272,17817.00737405616,loss,-0.02027999999999608,7817.007374056169
2025-08-21 09:50:00+00:00,2025-08-21 10:30:00+00:00,buy,20.630599999999998,20.584400000000002,20.676799999999993,20.676799999999993,3856.495102609946,178.1700737405616,17995.177447796723,win,0.046199999999995356,7995.177447796731
2025-08-21 10:50:00+00:00,2025-08-21 12:10:00+00:00,buy,20.6826,20.6429,20.7223,20.6429,4532.79028911758,-179.95177447796723,17815.225673318757,loss,-0.039699999999999847,7815.225673318764
2025-08-21 13:35:00+00:00,2025-08-21 14:35:00+00:00,buy,20.629099999999998,20.6068,20.651399999999995,20.6068,7988.890436466611,-178.15225673318758,17637.07341658557,loss,-0.022299999999997766,7637.0734165855765
2025-08-21 15:50:00+00:00,2025-08-21 16:15:00+00:00,buy,20.6201,20.598200000000002,20.642,20.598200000000002,8053.458181089779,-176.37073416585568,17460.702682419713,loss,-0.0218999999999987,7460.702682419721
2025-08-21 17:05:00+00:00,2025-08-21 19:15:00+00:00,sell,20.559540000000002,20.6038,20.515280000000004,20.6038,3945.029977953141,-174.60702682419713,17286.095655595516,loss,0.044259999999997746,7286.095655595524
2025-08-21 20:00:00+00:00,2025-08-21 20:05:00+00:00,sell,20.5913,20.6043,20.578300000000002,20.578300000000002,13296.996658152317,172.86095655595517,17458.956612151473,win,-0.012999999999998124,7458.956612151479
2025-08-21 21:20:00+00:00,2025-08-21 21:45:00+00:00,sell,20.589840000000002,20.5979,20.581780000000006,20.581780000000006,21661.236491511543,174.58956612151474,17633.546178272987,win,-0.008059999999996847,7633.5461782729935
2025-08-21 21:55:00+00:00,2025-08-21 23:05:00+00:00,sell,20.58096,20.598,20.563920000000003,20.563920000000003,10348.325221992438,176.33546178272988,17809.881640055715,win,-0.017039999999997946,7809.881640055723
2025-08-21 23:15:00+00:00,2025-08-21 23:55:00+00:00,sell,20.5633,20.575699999999998,20.550900000000006,20.550900000000006,14362.807774243149,178.09881640055715,17987.980456456273,win,-0.01239999999999597,7987.980456456281
2025-08-22 00:05:00+00:00,2025-08-22 02:30:00+00:00,sell,20.541,20.5712,20.5108,20.5712,5956.28491935625,-179.87980456456273,17808.10065189171,loss,0.03020000000000067,7808.100651891718
2025-08-22 02:55:00+00:00,2025-08-22 05:15:00+00:00,sell,20.5613,20.5716,20.551,20.5716,17289.41810863128,-178.0810065189171,17630.01964537279,loss,0.010300000000000864,7630.019645372801
2025-08-22 05:55:00+00:00,2025-08-22 06:30:00+00:00,sell,20.55992,20.5729,20.546940000000003,20.546940000000003,13582.449649749084,176.30019645372792,17806.31984182652,win,-0.012979999999998881,7806.319841826529
2025-08-22 06:40:00+00:00,2025-08-22 10:05:00+00:00,sell,20.546300000000002,20.5615,20.531100000000006,20.531100000000006,11714.684106467475,178.06319841826522,17984.383040244786,win,-0.01519999999999655,7984.383040244795
2025-08-22 10:15:00+00:00,2025-08-22 11:10:00+00:00,sell,20.5279,20.5581,20.4977,20.4977,5955.093721935227,179.84383040244785,18164.226870647235,win,-0.03020000000000067,8164.226870647242
2025-08-22 11:20:00+00:00,2025-08-22 12:45:00+00:00,sell,20.4956,20.525299999999998,20.4659,20.4659,6115.901303248581,181.64226870647235,18345.86913935371,win,-0.029699999999998283,8345.869139353716
2025-08-22 13:00:00+00:00,2025-08-22 14:05:00+00:00,sell,20.4649,20.4883,20.4415,20.4415,7840.115016818241,183.4586913935371,18529.327830747246,win,-0.023399999999998755,8529.327830747252
2025-08-22 15:55:00+00:00,2025-08-22 17:00:00+00:00,sell,20.4521,20.475099999999998,20.429100000000005,20.475099999999998,8056.229491630592,-185.29327830747246,18344.034552439774,loss,0.022999999999996135,8344.03455243978
2025-08-22 17:20:00+00:00,2025-08-25 10:15:00+00:00,sell,20.42624,20.4967,20.35578,20.4967,2603.467861544083,-183.44034552439774,18160.594206915375,loss,0.07046000000000063,8160.5942069153825
2025-08-25 14:10:00+00:00,2025-08-25 14:20:00+00:00,buy,20.5037,20.48872,20.518679999999996,20.518679999999996,12123.227107421948,181.60594206915377,18342.200148984528,win,0.014979999999997773,8342.200148984537
2025-08-25 14:30:00+00:00,2025-08-25 15:15:00+00:00,buy,20.519299999999998,20.4966,20.541999999999994,20.541999999999994,8080.264382813694,183.4220014898453,18525.622150474373,win,0.022699999999996834,8525.622150474383
2025-08-25 15:35:00+00:00,2025-08-25 18:55:00+00:00,buy,20.5479,20.52326,20.572539999999996,20.52326,7518.515483147678,-185.25622150474373,18340.36592896963,loss,-0.024639999999997997,8340.365928969639
2025-08-26 00:05:00+00:00,2025-08-26 01:50:00+00:00,sell,20.438200000000002,20.4684,20.408000000000005,20.4684,6072.968850652775,-183.4036592896963,18156.962269679934,loss,0.030199999999997118,8156.962269679942
2025-08-26 05:40:00+00:00,2025-08-26 06:10:00+00:00,sell,20.479,20.489,20.468999999999998,20.468999999999998,18156.962269677097,181.56962269679934,18338.531892376734,win,-0.010000000000001563,8338.53189237674
2025-08-26 06:20:00+00:00,2025-08-26 09:20:00+00:00,sell,20.4665,20.4849,20.4481,20.4481,9966.593419770099,183.38531892376733,18521.9172113005,win,-0.01839999999999975,8521.917211300508
2025-08-26 09:45:00+00:00,2025-08-26 09:55:00+00:00,buy,20.4819,20.44644,20.51736,20.51736,5223.326906740058,185.21917211300502,18707.136383413505,win,0.03546000000000049,8707.136383413514
2025-08-26 10:05:00+00:00,2025-08-27 14:55:00+00:00,buy,20.527,20.4653,20.588700000000003,20.588700000000003,3031.9507914769756,187.07136383413504,18894.20774724764,win,0.061700000000001864,8894.207747247649
2025-08-27 15:05:00+00:00,2025-08-27 15:25:00+00:00,buy,20.5895,20.564600000000002,20.6144,20.564600000000002,7588.035239858853,-188.94207747247643,18705.265669775166,loss,-0.024899999999998812,8705.265669775172
2025-08-27 16:05:00+00:00,2025-08-27 18:05:00+00:00,buy,20.595499999999998,20.5629,20.628099999999996,20.5629,5737.811555145998,-187.05265669775167,18518.213013077413,loss,-0.03259999999999863,8518.21301307742
2025-08-27 20:15:00+00:00,2025-08-27 21:55:00+00:00,buy,20.5746,20.5594,20.5898,20.5594,12183.034877024533,-185.18213013077414,18333.030882946638,loss,-0.015200000000000102,8333.030882946647
2025-08-27 23:10:00+00:00,2025-08-28 00:00:00+00:00,buy,20.5768,20.56195,20.591649999999998,20.56195,12345.475342052323,-183.3303088294664,18149.70057411717,loss,-0.014849999999999142,8149.700574117181
2025-08-28 01:05:00+00:00,2025-08-28 01:30:00+00:00,buy,20.5805,20.553900000000002,20.6071,20.553900000000002,6823.195704555737,-181.4970057411717,17968.203568376,loss,-0.026599999999998403,7968.203568376009
2025-08-28 01:50:00+00:00,2025-08-28 10:00:00+00:00,buy,20.601499999999998,20.5529,20.650099999999995,20.5529,3697.161228061144,-179.68203568376,17788.52153269224,loss,-0.04859999999999687,7788.521532692249
2025-08-28 11:05:00+00:00,2025-08-28 11:20:00+00:00,buy,20.5553,20.5389,20.571699999999996,20.571699999999996,10846.659471155588,177.8852153269224,17966.406748019162,win,0.016399999999997306,7966.406748019172
2025-08-28 11:40:00+00:00,2025-08-28 13:30:00+00:00,buy,20.5838,20.5396,20.628,20.628,4064.797906791664,179.66406748019162,18146.070815499355,win,0.04420000000000002,8146.070815499364
2025-08-28 15:30:00+00:00,2025-08-28 16:45:00+00:00,buy,20.5973,20.5592,20.6354,20.6354,4762.748245537886,181.46070815499357,18327.53152365435,win,0.03810000000000002,8327.531523654357
2025-08-28 16:55:00+00:00,2025-08-29 10:00:00+00:00,buy,20.6407,20.59455,20.686849999999996,20.686849999999996,3971.296104800746,183.2753152365435,18510.806838890894,win,0.04614999999999725,8510.806838890901
2025-08-29 10:10:00+00:00,2025-08-29 10:30:00+00:00,buy,20.6928,20.6618,20.723799999999997,20.723799999999997,5971.22801254568,185.10806838890895,18695.914907279803,win,0.030999999999998806,8695.91490727981
2025-08-29 11:10:00+00:00,2025-08-29 14:35:00+00:00,buy,20.7286,20.6841,20.7731,20.6841,4201.329192647211,-186.95914907279803,18508.955758207005,loss,-0.04449999999999932,8508.955758207012
2025-08-29 17:05:00+00:00,2025-08-29 17:45:00+00:00,buy,20.6525,20.6239,20.6811,20.6811,6471.66285251974,185.08955758207006,18694.045315789073,win,0.028600000000000847,8694.045315789082
2025-08-29 17:55:00+00:00,2025-08-29 19:30:00+00:00,buy,20.6911,20.6401,20.742099999999997,20.6401,3665.499081527386,-186.94045315789074,18507.104862631182,loss,-0.05099999999999838,8507.104862631191
2025-08-29 21:20:00+00:00,2025-08-29 21:25:00+00:00,sell,20.6329,20.6431,20.6227,20.6227,18144.22045355803,185.07104862631184,18692.175911257495,win,-0.010200000000001097,8692.175911257504
2025-08-29 23:45:00+00:00,2025-08-29 23:50:00+00:00,sell,20.62089,20.637999999999998,20.60378,20.60378,10924.70830582043,186.92175911257496,18879.09767037007,win,-0.01710999999999885,8879.097670370078
2025-09-01 01:10:00+00:00,2025-09-01 03:20:00+00:00,sell,20.6163,20.6447,20.587899999999998,20.6447,6647.569602242675,-188.7909767037007,18690.306693666367,loss,0.028400000000001313,8690.306693666378
2025-09-01 04:35:00+00:00,2025-09-01 05:10:00+00:00,sell,20.63041,20.650299999999998,20.610520000000005,20.650299999999998,9396.83594452968,-186.90306693666366,18503.403626729705,loss,0.019889999999996633,8503.403626729714
2025-09-01 09:20:00+00:00,2025-09-01 09:35:00+00:00,sell,20.6427,20.6573,20.628100000000003,20.628100000000003,12673.56412789884,185.03403626729707,18688.437662997003,win,-0.014599999999997948,8688.437662997012
2025-09-01 10:00:00+00:00,2025-09-01 10:30:00+00:00,sell,20.627200000000002,20.656399999999998,20.598000000000006,20.598000000000006,6400.149884588915,186.88437662997003,18875.32203962697,win,-0.029199999999995896,8875.322039626983
2025-09-01 10:40:00+00:00,2025-09-01 22:50:00+00:00,sell,20.5969,20.6376,20.556200000000004,20.6376,4637.671262807893,-188.75322039626974,18686.568819230703,loss,0.040699999999997516,8686.568819230713
2025-09-01 23:25:00+00:00,2025-09-01 23:55:00+00:00,sell,20.62544,20.6387,20.612180000000002,20.612180000000002,14092.435006962442,186.86568819230703,18873.434507423008,win,-0.01325999999999894,8873.43450742302
2025-09-02 00:05:00+00:00,2025-09-02 00:25:00+00:00,sell,20.604200000000002,20.636699999999998,20.571700000000007,20.571700000000007,5807.210617669456,188.73434507423008,19062.168852497238,win,-0.03249999999999531,9062.16885249725
2025-09-02 01:50:00+00:00,2025-09-02 02:00:00+00:00,sell,20.593700000000002,20.6218,20.565600000000003,20.6218,6783.689983095474,-190.62168852497237,18871.547163972264,loss,0.02809999999999846,8871.547163972278
2025-09-02 03:05:00+00:00,2025-09-02 03:10:00+00:00,sell,20.6307,20.6416,20.6198,20.6198,17313.34602199375,188.71547163972264,19060.262635611987,win,-0.010899999999999466,9060.262635612002
2025-09-02 03:20:00+00:00,2025-09-02 04:10:00+00:00,sell,20.6153,20.6415,20.589100000000002,20.589100000000002,7274.909402905524,190.60262635611988,19250.86526196811,win,-0.026199999999999335,9250.865261968122
2025-09-02 04:20:00+00:00,2025-09-02 04:50:00+00:00,sell,20.5824,20.601599999999998,20.563200000000002,20.601599999999998,10026.492323942828,-192.5086526196811,19058.356609348426,loss,0.019199999999997885,9058.35660934844
2025-09-02 06:15:00+00:00,2025-09-02 07:20:00+00:00,sell,20.601300000000002,20.612299999999998,20.590300000000006,20.612299999999998,17325.7787357781,-190.58356609348428,18867.773043254943,loss,0.01099999999999568,8867.773043254956
2025-09-02 14:05:00+00:00,2025-09-02 14:20:00+00:00,buy,20.6159,20.5979,20.6339,20.6339,10482.096135141237,188.67773043254942,19056.45077368749,win,0.018000000000000682,9056.450773687506
2025-09-02 14:55:00+00:00,2025-09-02 17:35:00+00:00,buy,20.63811,20.6035,20.67272,20.6035,5506.053387369866,-190.5645077368749,18865.886265950616,loss,-0.034610000000000696,8865.88626595063
2025-09-02 20:00:00+00:00,2025-09-02 21:00:00+00:00,sell,20.6038,20.618,20.5896,20.5896,13285.83539855782,188.65886265950616,19054.545128610123,win,-0.01419999999999888,9054.545128610136
2025-09-02 22:25:00+00:00,2025-09-02 23:40:00+00:00,sell,20.58755,20.6004,20.5747,20.6004,14828.439788801365,-190.54545128610124,18863.999677324024,loss,0.01285000000000025,8863.999677324035
2025-09-02 23:55:00+00:00,2025-09-03 01:00:00+00:00,sell,20.58408,20.6024,20.56576,20.56576,10296.943055308308,188.63999677324023,19052.639674097263,win,-0.018319999999999226,9052.639674097274
2025-09-03 01:10:00+00:00,2025-09-03 02:00:00+00:00,sell,20.5477,20.5805,20.514899999999997,20.5805,5808.731607956179,-190.52639674097264,18862.11327735629,loss,0.03280000000000172,8862.113277356302
2025-09-03 03:15:00+00:00,2025-09-03 04:30:00+00:00,sell,20.5806,20.5973,20.5639,20.5639,11294.678609195274,188.6211327735629,19050.73441012985,win,-0.01670000000000016,9050.734410129866
2025-09-03 11:10:00+00:00,2025-09-03 11:50:00+00:00,sell,20.5927,20.6216,20.5638,20.5638,6591.949622882268,190.50734410129851,19241.24175423115,win,-0.028900000000000148,9241.241754231165
2025-09-03 12:05:00+00:00,2025-09-03 12:15:00+00:00,sell,20.5635,20.584,20.543000000000003,20.543000000000003,9385.971587430557,192.41241754231146,19433.65417177346,win,-0.02049999999999841,9433.654171773476
2025-09-03 12:30:00+00:00,2025-09-03 16:55:00+00:00,sell,20.535050000000002,20.583199999999998,20.486900000000006,20.583199999999998,4036.065248551406,-194.33654171773463,19239.317630055728,loss,0.04814999999999614,9239.317630055742
2025-09-03 23:45:00+00:00,2025-09-04 00:35:00+00:00,buy,20.6008,20.584,20.6176,20.6176,11451.974779795128,192.3931763005573,19431.710806356285,win,0.016799999999999926,9431.7108063563
2025-09-04 01:20:00+00:00,2025-09-04 01:30:00+00:00,buy,20.61798,20.60058,20.635379999999998,20.60058,11167.649888711452,-194.3171080635628,19237.393698292723,loss,-0.017399999999998528,9237.393698292737
2025-09-04 04:40:00+00:00,2025-09-04 05:35:00+00:00,buy,20.5997,20.5857,20.613699999999998,20.613699999999998,13740.995498781158,192.37393698292723,19429.76763527565,win,0.013999999999999346,9429.767635275664
2025-09-04 05:45:00+00:00,2025-09-04 06:20:00+00:00,buy,20.6159,20.6,20.6318,20.6318,12219.979644828627,194.2976763527565,19624.065311628405,win,0.01589999999999847,9624.065311628421
2025-09-04 08:20:00+00:00,2025-09-04 08:25:00+00:00,buy,20.635199999999998,20.6269,20.643499999999996,20.643499999999996,23643.452182689325,196.24065311628402,19820.30596474469,win,0.00829999999999842,9820.305964744704
2025-09-04 09:50:00+00:00,2025-09-04 10:00:00+00:00,buy,20.6429,20.6152,20.6706,20.6706,7155.345113626399,198.2030596474469,20018.509024392137,win,0.027699999999999392,10018.509024392151
2025-09-04 10:45:00+00:00,2025-09-04 12:40:00+00:00,buy,20.6767,20.6292,20.7242,20.7242,4214.422952503658,200.18509024392137,20218.69411463606,win,0.04749999999999943,10218.694114636073
2025-09-04 13:25:00+00:00,2025-09-04 15:25:00+00:00,buy,20.7307,20.68431,20.777089999999998,20.68431,4358.416493778093,-202.18694114636062,20016.5071734897,loss,-0.04638999999999882,10016.507173489712
2025-09-04 17:00:00+00:00,2025-09-04 21:10:00+00:00,buy,20.7131,20.67097,20.75523,20.67097,4751.129165319154,-200.165071734897,19816.342101754803,loss,-0.04213000000000022,9816.342101754815
2025-09-04 22:05:00+00:00,2025-09-05 09:45:00+00:00,buy,20.7032,20.668300000000002,20.738099999999996,20.668300000000002,5678.034986176678,-198.16342101754802,19618.178680737255,loss,-0.03489999999999682,9618.178680737266
2025-09-05 13:35:00+00:00,2025-09-05 15:10:00+00:00,sell,20.65022,20.6707,20.62974,20.6707,9579.188808954128,-196.18178680737256,19421.99689392988,loss,0.020479999999999166,9421.996893929894
2025-09-05 15:25:00+00:00,2025-09-05 15:30:00+00:00,sell,20.653200000000002,20.6785,20.627900000000004,20.627900000000004,7676.678614202177,194.2199689392988,19616.21686286918,win,-0.02529999999999788,9616.216862869192
2025-09-05 15:40:00+00:00,2025-09-08 00:05:00+00:00,sell,20.616410000000002,20.680899999999998,20.551920000000006,20.551920000000006,3041.7455206808004,196.1621686286918,19812.379031497872,win,-0.06448999999999572,9812.379031497885
2025-09-08 00:40:00+00:00,2025-09-08 02:00:00+00:00,sell,20.41968,20.6286,20.21076,20.6286,948.3237139334653,-198.12379031497872,19614.255241182895,loss,0.2089199999999991,9614.255241182906
2025-09-08 03:20:00+00:00,2025-09-08 03:55:00+00:00,sell,20.62431,20.637819999999998,20.610800000000005,20.610800000000005,14518.3236426261,196.14255241182894,19810.397793594722,win,-0.01350999999999658,9810.397793594735
2025-09-08 04:05:00+00:00,2025-09-08 04:55:00+00:00,sell,20.61029,20.627,20.59358,20.59358,11855.414598201665,198.10397793594723,20008.50177153067,win,-0.01670999999999978,10008.501771530682
2025-09-08 08:40:00+00:00,2025-09-08 09:30:00+00:00,sell,20.60769,20.630399999999998,20.584980000000005,20.584980000000005,8810.436711375516,200.08501771530675,20208.58678924598,win,-0.022709999999996455,10208.586789245988
2025-09-08 10:00:00+00:00,2025-09-08 10:10:00+00:00,sell,20.58016,20.6186,20.541719999999998,20.541719999999998,5257.176584090859,202.0858678924598,20410.67265713844,win,-0.03844000000000136,10410.672657138448
2025-09-08 10:45:00+00:00,2025-09-08 15:05:00+00:00,sell,20.54043,20.6017,20.47916,20.6017,3331.266958893147,-204.1067265713844,20206.565930567056,loss,0.06127000000000038,10206.565930567063
2025-09-08 16:00:00+00:00,2025-09-08 16:55:00+00:00,sell,20.5782,20.6071,20.5493,20.6071,6991.891325455694,-202.06565930567058,20004.500271261386,loss,0.028900000000000148,10004.500271261393
2025-09-08 17:50:00+00:00,2025-09-08 18:10:00+00:00,sell,20.585710000000002,20.6081,20.563320000000004,20.563320000000004,8934.569125173404,200.04500271261387,20204.545273974,win,-0.02238999999999791,10204.545273974007
2025-09-08 18:55:00+00:00,2025-09-09 14:10:00+00:00,sell,20.5547,20.5975,20.5119,20.5119,4720.6881481247965,202.04545273974,20406.59072671374,win,-0.04279999999999973,10406.590726713746
2025-09-09 14:45:00+00:00,2025-09-09 15:00:00+00:00,sell,20.5084,20.5303,20.486500000000003,20.5303,9318.07795740409,-204.06590726713745,20202.524819446604,loss,0.0218999999999987,10202.52481944661
2025-09-09 17:20:00+00:00,2025-09-09 18:15:00+00:00,sell,20.5273,20.555,20.4996,20.555,7293.330259728175,-202.02524819446603,20000.499571252138,loss,0.027699999999999392,10000.499571252143
2025-09-09 20:35:00+00:00,2025-09-09 22:00:00+00:00,sell,20.5322,20.5524,20.512,20.512,9901.237411511396,200.00499571252138,20200.50456696466,win,-0.020199999999999108,10200.504566964664
2025-09-09 23:40:00+00:00,2025-09-09 23:45:00+00:00,sell,20.51964,20.5386,20.50068,20.5386,10654.274560635446,-202.00504566964662,19998.499521295013,loss,0.018959999999999866,9998.499521295018
2025-09-09 23:55:00+00:00,2025-09-10 00:10:00+00:00,sell,20.518240000000002,20.5448,20.491680000000006,20.491680000000006,7529.5555426572855,199.98499521295014,20198.484516507964,win,-0.026559999999996364,10198.484516507968
2025-09-10 01:25:00+00:00,2025-09-10 01:40:00+00:00,sell,20.5039,20.5248,20.483000000000004,20.5248,9664.346658617418,-201.98484516507966,19996.499671342885,loss,0.020899999999997476,9996.499671342888
2025-09-10 03:30:00+00:00,2025-09-10 03:35:00+00:00,sell,20.520500000000002,20.5306,20.510400000000004,20.510400000000004,19798.514526086423,199.96499671342886,20196.464668056313,win,-0.010099999999997777,10196.464668056316
2025-09-10 03:45:00+00:00,2025-09-10 04:35:00+00:00,sell,20.5084,20.5288,20.488000000000003,20.488000000000003,9900.227778459637,201.96464668056313,20398.429314736877,win,-0.02039999999999864,10398.429314736879
2025-09-10 07:05:00+00:00,2025-09-10 08:10:00+00:00,sell,20.503510000000002,20.515,20.492020000000004,20.492020000000004,17753.20218863328,203.9842931473688,20602.413607884246,win,-0.011489999999998446,10602.413607884248
2025-09-10 11:00:00+00:00,2025-09-10 11:15:00+00:00,sell,20.5012,20.5256,20.4768,20.5256,8443.612134378798,-206.02413607884247,20396.389471805403,loss,0.024399999999999977,10396.389471805405
2025-09-10 14:05:00+00:00,2025-09-10 14:50:00+00:00,buy,20.5562,20.5393,20.5731,20.5731,12068.869509944245,203.96389471805404,20600.353366523457,win,0.016899999999999693,10600.353366523459
2025-09-10 17:05:00+00:00,2025-09-10 17:35:00+00:00,sell,20.4985,20.5262,20.4708,20.4708,7436.950673835347,206.00353366523458,20806.356900188694,win,-0.027699999999999392,10806.356900188694
2025-09-10 18:50:00+00:00,2025-09-10 23:15:00+00:00,sell,20.471700000000002,20.4987,20.444700000000005,20.444700000000005,7706.05811118172,208.06356900188695,21014.42046919058,win,-0.02699999999999747,11014.42046919058
2025-09-10 23:25:00+00:00,2025-09-10 23:40:00+00:00,sell,20.44314,20.4547,20.43158,20.43158,18178.56441971606,210.1442046919058,21224.564673882487,win,-0.011559999999999349,11224.564673882485
2025-09-10 23:50:00+00:00,2025-09-11 00:00:00+00:00,sell,20.4309,20.4501,20.411700000000003,20.411700000000003,11054.460767648347,212.2456467388249,21436.810320621313,win,-0.019199999999997885,11436.81032062131
2025-09-11 03:50:00+00:00,2025-09-11 08:35:00+00:00,sell,20.4527,20.4677,20.4377,20.4677,14291.206880413667,-214.36810320621314,21222.4422174151,loss,0.015000000000000568,11222.442217415099
2025-09-11 16:55:00+00:00,2025-09-11 20:20:00+00:00,sell,20.429190000000002,20.4804,20.377980000000004,20.377980000000004,4144.198831754759,212.22442217415102,21434.66663958925,win,-0.051209999999997535,11434.66663958925
2025-09-11 20:30:00+00:00,2025-09-12 11:05:00+00:00,sell,20.3732,20.4112,20.3352,20.4112,5640.701747260291,-214.3466663958925,21220.319973193356,loss,0.038000000000000256,11220.319973193356
2025-09-12 11:50:00+00:00,2025-09-12 12:50:00+00:00,sell,20.386400000000002,20.4163,20.356500000000004,20.356500000000004,7097.096981001641,212.20319973193358,21432.52317292529,win,-0.029899999999997817,11432.52317292529
2025-09-12 13:05:00+00:00,2025-09-12 23:45:00+00:00,sell,20.355,20.3921,20.3179,20.3921,5776.960423969267,-214.3252317292529,21218.197941196035,loss,0.0370999999999988,11218.197941196036
2025-09-15 00:05:00+00:00,2025-09-15 01:20:00+00:00,sell,20.3668,20.398899999999998,20.334700000000005,20.334700000000005,6610.030511276797,212.18197941196036,21430.379920607997,win,-0.03209999999999624,11430.379920607997
2025-09-15 02:40:00+00:00,2025-09-15 03:15:00+00:00,sell,20.3403,20.3584,20.3222,20.3584,11839.988906412964,-214.30379920607996,21216.076121401915,loss,0.01810000000000045,11216.076121401917
2025-09-15 06:10:00+00:00,2025-09-15 09:00:00+00:00,sell,20.367430000000002,20.3752,20.359660000000005,20.3752,27305.11727337149,-212.16076121401915,21003.915360187897,loss,0.007769999999997168,11003.915360187897
2025-09-15 10:20:00+00:00,2025-09-15 10:30:00+00:00,sell,20.366,20.389499999999998,20.3425,20.3425,8937.836323484775,210.039153601879,21213.954513789777,win,-0.023499999999998522,11213.954513789777
2025-09-15 10:45:00+00:00,2025-09-15 13:20:00+00:00,sell,20.3397,20.3904,20.289,20.3904,4184.211935658809,-212.13954513789776,21001.814968651877,loss,0.05069999999999908,11001.81496865188
2025-09-15 14:05:00+00:00,2025-09-15 15:00:00+00:00,buy,20.3923,20.3779,20.406699999999997,20.3779,14584.593728232076,-210.01814968651877,20791.79681896536,loss,-0.014399999999998414,10791.79681896536
2025-09-15 16:15:00+00:00,2025-09-15 16:30:00+00:00,buy,20.3875,20.369400000000002,20.405599999999996,20.405599999999996,11487.180562966256,207.91796818965358,20999.71478715501,win,0.018099999999996896,10999.714787155013
2025-09-15 16:50:00+00:00,2025-09-15 18:55:00+00:00,buy,20.4085,20.3739,20.4431,20.4431,6069.2817303914335,209.9971478715501,21209.71193502656,win,0.034600000000001074,11209.711935026564
2025-09-15 20:15:00+00:00,2025-09-15 23:25:00+00:00,buy,20.4238,20.4041,20.4435,20.4041,10766.351236053943,-212.09711935026561,20997.614815676294,loss,-0.019700000000000273,10997.614815676297
2025-09-16 01:00:00+00:00,2025-09-16 05:10:00+00:00,buy,20.416,20.3972,20.4348,20.4348,11168.944050892349,209.97614815676295,21207.590963833056,win,0.018799999999998818,11207.59096383306
2025-09-16 05:20:00+00:00,2025-09-16 07:30:00+00:00,buy,20.4364,20.4234,20.449399999999997,20.4234,16313.531510643166,-212.07590963833056,20995.515054194726,loss,-0.012999999999998124,10995.51505419473
2025-09-16 09:00:00+00:00,2025-09-16 09:10:00+00:00,buy,20.427699999999998,20.4126,20.442799999999995,20.4126,13904.314605429934,-209.95515054194726,20785.55990365278,loss,-0.015099999999996783,10785.559903652782
2025-09-16 09:20:00+00:00,2025-09-16 10:35:00+00:00,buy,20.4332,20.4095,20.456899999999997,20.456899999999997,8770.278440360542,207.8555990365278,20993.415502689306,win,0.023699999999998056,10993.41550268931
2025-09-16 10:45:00+00:00,2025-09-16 10:55:00+00:00,buy,20.458,20.42626,20.489739999999998,20.489739999999998,6614.182578037122,209.93415502689305,21203.3496577162,win,0.03173999999999921,11203.349657716202
2025-09-16 11:50:00+00:00,2025-09-16 16:35:00+00:00,buy,20.492,20.449,20.535,20.535,4931.011548306178,212.03349657716203,21415.383154293362,win,0.04299999999999926,11415.383154293364
2025-09-16 16:50:00+00:00,2025-09-16 18:30:00+00:00,buy,20.5411,20.50598,20.57622,20.57622,6097.774246666822,214.15383154293363,21629.536985836297,win,0.03511999999999915,11629.536985836297
2025-09-16 19:45:00+00:00,2025-09-16 20:40:00+00:00,buy,20.573999999999998,20.5596,20.588399999999996,20.5596,15020.511795721306,-216.295369858363,21413.241615977935,loss,-0.014399999999998414,11413.241615977935
2025-09-16 22:00:00+00:00,2025-09-17 02:50:00+00:00,buy,20.56552,20.54972,20.581319999999998,20.581319999999998,13552.684567075754,214.13241615977935,21627.374032137715,win,0.015799999999998704,11627.374032137714
2025-09-17 03:00:00+00:00,2025-09-17 03:55:00+00:00,buy,20.583199999999998,20.5695,20.596899999999994,20.5695,15786.404403024271,-216.27374032137715,21411.10029181634,loss,-0.013699999999996493,11411.100291816336
2025-09-17 04:30:00+00:00,2025-09-17 08:00:00+00:00,buy,20.5843,20.569200000000002,20.599399999999996,20.569200000000002,14179.536617099935,-214.1110029181634,21196.989288898178,loss,-0.015099999999996783,11196.989288898172
2025-09-17 08:45:00+00:00,2025-09-17 09:00:00+00:00,buy,20.5825,20.5638,20.6012,20.5638,11335.288389785697,-211.96989288898178,20985.019396009196,loss,-0.01869999999999905,10985.019396009191
2025-09-17 10:15:00+00:00,2025-09-17 10:20:00+00:00,buy,20.5708,20.5471,20.594499999999996,20.594499999999996,8854.438563717686,209.85019396009193,21194.86958996929,win,0.023699999999998056,11194.869589969283
2025-09-17 11:00:00+00:00,2025-09-17 17:00:00+00:00,buy,20.5974,20.5485,20.6463,20.5485,4334.329159502947,-211.9486958996929,20982.920894069597,loss,-0.04889999999999972,10982.92089406959
2025-09-17 21:05:00+00:00,2025-09-17 21:10:00+00:00,buy,20.5769,20.54384,20.609959999999997,20.54384,6346.921020589911,-209.82920894069596,20773.0916851289,loss,-0.03305999999999898,10773.091685128893
2025-09-17 22:00:00+00:00,2025-09-17 23:25:00+00:00,buy,20.60024,20.53764,20.66284,20.53764,3318.385253215492,-207.730916851289,20565.360768277613,loss,-0.06259999999999977,10565.360768277604
2025-09-18 07:10:00+00:00,2025-09-18 07:35:00+00:00,buy,20.5705,20.5518,20.589199999999998,20.589199999999998,10997.519127421741,205.6536076827761,20771.01437596039,win,0.01869999999999905,10771.01437596038
2025-09-18 07:45:00+00:00,2025-09-18 08:45:00+00:00,buy,20.590899999999998,20.5653,20.616499999999995,20.5653,8113.67749061042,-207.71014375960388,20563.304232200786,loss,-0.02559999999999718,10563.304232200775
2025-09-18 09:00:00+00:00,2025-09-18 10:50:00+00:00,buy,20.5952,20.5642,20.626199999999997,20.5642,6633.323945871477,-205.63304232200787,20357.67118987878,loss,-0.030999999999998806,10357.671189878767
2025-09-18 13:05:00+00:00,2025-09-18 13:15:00+00:00,sell,20.5354,20.5514,20.519399999999997,20.519399999999997,12723.544493672814,203.5767118987878,20561.247901777566,win,-0.01600000000000179,10561.247901777555
2025-09-18 13:50:00+00:00,2025-09-18 16:00:00+00:00,sell,20.5035,20.5443,20.462699999999998,20.462699999999998,5039.521544553221,205.61247901777563,20766.86038079534,win,-0.040800000000000836,10766.860380795331
2025-09-18 17:05:00+00:00,2025-09-19 11:35:00+00:00,sell,20.4423,20.5139,20.3707,20.3707,2900.399494524485,207.66860380795345,20974.528984603294,win,-0.07160000000000011,10974.528984603285
2025-09-19 12:55:00+00:00,2025-09-19 15:30:00+00:00,sell,20.4041,20.4234,20.3848,20.4234,10867.63159823937,-209.74528984603293,20764.78369475726,loss,0.019300000000001205,10764.783694757252
2025-09-19 17:40:00+00:00,2025-09-19 18:10:00+00:00,sell,20.4012,20.429,20.3734,20.3734,7469.346652790608,207.6478369475726,20972.431531704835,win,-0.02779999999999916,10972.431531704824
2025-09-19 18:20:00+00:00,2025-09-22 00:00:00+00:00,sell,20.3716,20.4061,20.337100000000003,20.337100000000003,6078.965661364116,209.72431531704837,21182.155847021884,win,-0.034499999999997755,11182.155847021872
2025-09-22 01:15:00+00:00,2025-09-22 04:15:00+00:00,sell,20.3063,20.357499999999998,20.255100000000002,20.357499999999998,4137.13981387163,-211.82155847021883,20970.334288551665,loss,0.051199999999997914,10970.334288551652
2025-09-22 05:50:00+00:00,2025-09-22 06:10:00+00:00,sell,20.354,20.3658,20.3422,20.3658,17771.469736059345,-209.70334288551663,20760.630945666147,loss,0.01180000000000092,10760.630945666135
2025-09-22 07:25:00+00:00,2025-09-22 08:30:00+00:00,sell,20.3571,20.3625,20.351699999999997,20.3625,38445.612862333146,-207.60630945666148,20553.024636209488,loss,0.005400000000001626,10553.024636209473
2025-09-22 09:30:00+00:00,2025-09-22 10:15:00+00:00,sell,20.3596,20.3807,20.3385,20.3807,9740.76996976727,-205.53024636209489,20347.494389847394,loss,0.021100000000000563,10347.494389847378
2025-09-22 12:05:00+00:00,2025-09-22 15:00:00+00:00,sell,20.3505,20.3831,20.3179,20.3831,6241.562696272469,-203.47494389847395,20144.01944594892,loss,0.03259999999999863,10144.019445948903
2025-09-22 18:05:00+00:00,2025-09-22 18:40:00+00:00,buy,20.4135,20.3972,20.429799999999997,20.429799999999997,12358.294138620837,201.44019445948922,20345.45964040841,win,0.01629999999999754,10345.459640408391
2025-09-22 18:50:00+00:00,2025-09-22 22:45:00+00:00,buy,20.433,20.4086,20.4574,20.4574,8338.303131314931,203.45459640408413,20548.914236812496,win,0.024399999999999977,10548.914236812476
2025-09-22 23:10:00+00:00,2025-09-22 23:15:00+00:00,buy,20.4619,20.45078,20.473019999999998,20.45078,18479.239421596892,-205.48914236812496,20343.42509444437,loss,-0.011119999999998242,10343.42509444435
2025-09-23 00:35:00+00:00,2025-09-23 01:00:00+00:00,buy,20.436,20.4074,20.4646,20.4646,7113.085697357961,203.4342509444437,20546.859345388813,win,0.028600000000000847,10546.859345388793
2025-09-23 02:15:00+00:00,2025-09-23 03:50:00+00:00,buy,20.455099999999998,20.4327,20.477499999999996,20.477499999999996,9172.70506490673,205.4685934538881,20752.3279388427,win,0.022399999999997533,10752.327938842682
2025-09-23 04:30:00+00:00,2025-09-23 09:05:00+00:00,buy,20.4783,20.459600000000002,20.497,20.459600000000002,11097.5015715742,-207.523279388427,20544.804659454272,loss,-0.01869999999999905,10544.804659454254
2025-09-23 09:40:00+00:00,2025-09-23 10:15:00+00:00,buy,20.4836,20.4577,20.5095,20.4577,7932.357011372295,-205.44804659454272,20339.35661285973,loss,-0.025900000000000034,10339.35661285971
2025-09-23 15:15:00+00:00,2025-09-23 15:50:00+00:00,sell,20.4083,20.4269,20.3897,20.3897,10935.137963903502,203.3935661285973,20542.750178988328,win,-0.018599999999999284,10542.750178988308
2025-09-23 16:00:00+00:00,2025-09-23 17:55:00+00:00,sell,20.3779,20.4212,20.334600000000002,20.334600000000002,4744.284106002081,205.42750178988328,20748.17768077821,win,-0.04329999999999856,10748.177680778192
2025-09-23 18:05:00+00:00,2025-09-23 19:30:00+00:00,sell,20.3327,20.3544,20.311,20.3544,9561.372203123969,-207.48177680778213,20540.69590397043,loss,0.021699999999999164,10540.695903970409
2025-09-23 19:45:00+00:00,2025-09-23 19:55:00+00:00,sell,20.337600000000002,20.3553,20.319900000000004,20.3553,11604.912940097713,-205.4069590397043,20335.288944930726,loss,0.01769999999999783,10335.288944930704
2025-09-23 23:20:00+00:00,2025-09-24 00:20:00+00:00,sell,20.362360000000002,20.3766,20.348120000000005,20.348120000000005,14280.399539982085,203.35288944930727,20538.641834380032,win,-0.014239999999997366,10538.64183438001
2025-09-24 03:50:00+00:00,2025-09-24 04:15:00+00:00,sell,20.3626,20.3718,20.3534,20.3718,22324.610689543817,-205.38641834380033,20333.25541603623,loss,0.009199999999999875,10333.25541603621
2025-09-24 04:30:00+00:00,2025-09-24 05:05:00+00:00,sell,20.3562,20.3721,20.340300000000003,20.340300000000003,12788.210953483136,203.33255416036232,20536.587970196593,win,-0.01589999999999847,10536.587970196573
2025-09-24 05:15:00+00:00,2025-09-24 09:10:00+00:00,sell,20.3399,20.365299999999998,20.314500000000002,20.314500000000002,8085.270854408856,205.36587970196592,20741.95384989856,win,-0.025399999999997647,10741.953849898538
2025-09-24 09:20:00+00:00,2025-09-24 10:05:00+00:00,sell,20.3133,20.3269,20.299700000000005,20.299700000000005,15251.436654340849,207.41953849898562,20949.373388397547,win,-0.013599999999996726,10949.373388397524
2025-09-24 12:25:00+00:00,2025-09-24 13:55:00+00:00,sell,20.3182,20.3358,20.300600000000003,20.3358,11903.053061590826,-209.49373388397547,20739.87965451357,loss,0.01759999999999806,10739.879654513548
2025-09-24 14:25:00+00:00,2025-09-24 15:55:00+00:00,sell,20.3215,20.3463,20.2967,20.3463,8362.854699400956,-207.39879654513572,20532.480857968436,loss,0.024799999999999045,10532.480857968412
2025-09-24 16:55:00+00:00,2025-09-24 18:40:00+00:00,sell,20.321270000000002,20.3534,20.289140000000003,20.3534,6390.43910923414,-205.32480857968437,20327.156049388752,loss,0.03212999999999866,10327.156049388728
2025-09-25 09:05:00+00:00,2025-09-25 09:10:00+00:00,buy,20.3552,20.3474,20.363,20.363,26060.456473576713,203.27156049388753,20530.427609882638,win,0.007799999999999585,10530.427609882616
2025-09-25 09:20:00+00:00,2025-09-25 10:05:00+00:00,buy,20.371399999999998,20.3474,20.395399999999995,20.395399999999995,8554.344837452041,205.3042760988264,20735.731885981462,win,0.023999999999997357,10735.731885981442
2025-09-25 10:15:00+00:00,2025-09-25 10:40:00+00:00,buy,20.400299999999998,20.3546,20.445999999999994,20.3546,4537.359274832175,-207.35731885981463,20528.37456712165,loss,-0.04569999999999652,10528.374567121627
2025-09-25 11:55:00+00:00,2025-09-25 13:35:00+00:00,sell,20.3095,20.3299,20.2891,20.3299,10062.928709374028,-205.28374567121648,20323.090821450434,loss,0.02039999999999864,10323.09082145041
2025-09-25 17:05:00+00:00,2025-09-25 17:50:00+00:00,sell,20.3455,20.369699999999998,20.321300000000004,20.321300000000004,8397.971413823572,203.23090821450432,20526.321729664938,win,-0.02419999999999689,10526.321729664915
2025-09-25 19:05:00+00:00,2025-09-25 23:45:00+00:00,buy,20.3615,20.3363,20.386699999999998,20.3363,8145.365765740665,-205.26321729664937,20321.05851236829,loss,-0.025199999999998113,10321.058512368265
2025-09-25 23:55:00+00:00,2025-09-26 02:10:00+00:00,sell,20.3331,20.3495,20.316700000000004,20.316700000000004,12390.88933681197,203.21058512368293,20524.269097491975,win,-0.016399999999997306,10524.269097491948
2025-09-26 04:05:00+00:00,2025-09-26 04:15:00+00:00,buy,20.3602,20.3503,20.370099999999997,20.370099999999997,20731.58494696527,205.24269097491978,20729.511788466894,win,0.009899999999998244,10729.511788466867
2025-09-26 04:25:00+00:00,2025-09-26 05:30:00+00:00,buy,20.3747,20.3503,20.3991,20.3503,8495.701552650375,-207.29511788466894,20522.216670582224,loss,-0.024399999999999977,10522.216670582198
2025-09-26 07:25:00+00:00,2025-09-26 07:40:00+00:00,buy,20.3631,20.3533,20.372899999999998,20.372899999999998,20941.03741896471,205.22216670582225,20727.438837288046,win,0.009799999999998477,10727.43883728802
2025-09-26 08:55:00+00:00,2025-09-26 09:00:00+00:00,buy,20.3674,20.3551,20.3797,20.3797,16851.57629047842,207.27438837288045,20934.713225660926,win,0.012299999999999756,10934.7132256609
2025-09-26 10:15:00+00:00,2025-09-26 16:10:00+00:00,buy,20.372799999999998,20.3331,20.412499999999994,20.3331,5273.227512761431,-209.34713225660929,20725.366093404315,loss,-0.039699999999996294,10725.366093404291
2025-09-26 17:15:00+00:00,2025-09-26 18:25:00+00:00,sell,20.31834,20.3497,20.28698,20.28698,6608.853983866301,207.25366093404315,20932.619754338357,win,-0.03135999999999939,10932.619754338333
2025-09-26 18:45:00+00:00,2025-09-29 00:50:00+00:00,sell,20.285,20.3161,20.2539,20.3161,6730.745901716823,-209.32619754338359,20723.29355679497,loss,0.031099999999998573,10723.29355679495
2025-09-29 01:05:00+00:00,2025-09-29 01:15:00+00:00,sell,20.3076,20.3192,20.296000000000003,20.296000000000003,17864.90823861969,207.2329355679497,20930.526492362922,win,-0.011599999999997834,10930.5264923629
2025-09-29 01:25:00+00:00,2025-09-29 09:10:00+00:00,sell,20.2943,20.3324,20.2562,20.2562,5493.576507181867,209.30526492362927,21139.831757286553,win,-0.03810000000000002,11139.831757286529
2025-09-29 09:45:00+00:00,2025-09-29 11:20:00+00:00,sell,20.2529,20.2887,20.217100000000002,20.217100000000002,5904.980937789824,211.39831757286552,21351.230074859417,win,-0.03579999999999828,11351.230074859395
2025-09-29 13:00:00+00:00,2025-09-29 13:25:00+00:00,sell,20.237000000000002,20.2507,20.223300000000005,20.2507,15584.839470704295,-213.51230074859419,21137.717774110824,loss,0.013699999999996493,11137.7177741108
2025-09-29 14:40:00+00:00,2025-09-29 14:55:00+00:00,sell,20.2484,20.258499999999998,20.238300000000002,20.258499999999998,20928.433439718294,-211.37717774110826,20926.340596369715,loss,0.010099999999997777,10926.340596369693
2025-09-29 17:00:00+00:00,2025-09-30 00:30:00+00:00,sell,20.2737,20.3141,20.233300000000003,20.233300000000003,5179.787276329366,209.26340596369715,21135.604002333414,win,-0.040399999999998215,11135.60400233339
2025-09-30 01:50:00+00:00,2025-09-30 03:45:00+00:00,sell,20.2508,20.2666,20.235000000000003,20.235000000000003,13376.964558439968,211.35604002333415,21346.960042356746,win,-0.015799999999998704,11346.960042356724
2025-09-30 03:55:00+00:00,2025-09-30 05:00:00+00:00,sell,20.2346,20.247999999999998,20.221200000000003,20.247999999999998,15930.567195791955,-213.46960042356747,21133.49044193318,loss,0.013399999999997192,11133.490441933158
2025-09-30 06:05:00+00:00,2025-09-30 08:50:00+00:00,sell,20.2342,20.2483,20.220100000000002,20.2483,14988.291093570573,-211.3349044193318,20922.15553751385,loss,0.014099999999999113,10922.155537513827
2025-09-30 09:10:00+00:00,2025-09-30 09:15:00+00:00,sell,20.236900000000002,20.249,20.224800000000005,20.224800000000005,17291.037634313725,209.22155537513848,21131.377092888986,win,-0.012099999999996669,11131.377092888966
2025-09-30 09:35:00+00:00,2025-09-30 10:00:00+00:00,sell,20.222,20.2551,20.188900000000004,20.2551,6384.101840752449,-211.31377092888988,20920.063321960097,loss,0.033099999999997465,10920.063321960077
2025-09-30 12:05:00+00:00,2025-09-30 13:00:00+00:00,buy,20.327099999999998,20.3017,20.352499999999996,20.3017,8236.245402347258,-209.20063321960097,20710.862688740497,loss,-0.025399999999997647,10710.862688740475
2025-09-30 15:25:00+00:00,2025-09-30 17:00:00+00:00,buy,20.290599999999998,20.2624,20.318799999999996,20.2624,7344.27754919922,-207.10862688740497,20503.75406185309,loss,-0.028199999999998226,10503.754061853071
2025-09-30 17:10:00+00:00,2025-09-30 17:45:00+00:00,buy,20.288069999999998,20.259140000000002,20.316999999999993,20.316999999999993,7087.367460026378,205.03754061853093,20708.79160247162,win,0.02892999999999546,10708.791602471601
2025-09-30 19:05:00+00:00,2025-09-30 19:55:00+00:00,buy,20.267699999999998,20.2469,20.288499999999996,20.288499999999996,9956.149808881684,207.08791602471624,20915.87951849634,win,0.02079999999999771,10915.879518496318
2025-09-30 22:40:00+00:00,2025-09-30 23:05:00+00:00,buy,20.2732,20.263,20.283399999999997,20.283399999999997,20505.764233824877,209.1587951849634,21125.038313681303,win,0.010199999999997544,11125.038313681282
2025-10-01 00:05:00+00:00,2025-10-01 00:20:00+00:00,sell,20.24583,20.2622,20.229460000000003,20.229460000000003,12904.727131144358,211.25038313681304,21336.288696818116,win,-0.01636999999999844,11336.288696818094
2025-10-01 01:35:00+00:00,2025-10-01 01:45:00+00:00,sell,20.264300000000002,20.270699999999998,20.257900000000006,20.257900000000006,33337.95108880048,213.36288696818113,21549.651583786297,win,-0.006399999999995742,11549.651583786275
2025-10-01 02:00:00+00:00,2025-10-01 02:05:00+00:00,sell,20.2485,20.2682,20.2288,20.2682,10938.909433393908,-215.49651583786297,21334.155067948435,loss,0.019700000000000273,11334.155067948412
2025-10-01 03:25:00+00:00,2025-10-01 04:50:00+00:00,buy,20.276,20.2587,20.2933,20.2587,12331.88154216761,-213.34155067948436,21120.81351726895,loss,-0.01729999999999876,11120.813517268927
2025-10-01 06:05:00+00:00,2025-10-01 07:00:00+00:00,buy,20.273799999999998,20.2655,20.282099999999996,20.2655,25446.763273822857,-211.2081351726895,20909.605382096262,loss,-0.00829999999999842,10909.605382096237
2025-10-01 07:20:00+00:00,2025-10-01 09:00:00+00:00,buy,20.2775,20.26491,20.29009,20.26491,16608.10594288896,-209.09605382096262,20700.5093282753,loss,-0.012589999999999435,10700.509328275275
2025-10-01 09:25:00+00:00,2025-10-01 10:25:00+00:00,buy,20.284399999999998,20.2622,20.306599999999996,20.2622,9324.553751476202,-207.00509328275302,20493.504234992546,loss,-0.022199999999998,10493.504234992522
2025-10-01 11:30:00+00:00,2025-10-01 12:30:00+00:00,sell,20.2436,20.2827,20.204500000000003,20.204500000000003,5241.305430944694,204.93504234992545,20698.439277342473,win,-0.03909999999999769,10698.439277342448
2025-10-01 12:40:00+00:00,2025-10-01 12:50:00+00:00,sell,20.199,20.2287,20.169300000000003,20.169300000000003,6969.171473853087,206.98439277342473,20905.4236701159,win,-0.029699999999998283,10905.423670115873
2025-10-01 13:00:00+00:00,2025-10-01 15:10:00+00:00,sell,20.1685,20.2085,20.128500000000003,20.128500000000003,5226.355917529087,209.054236701159,21114.477906817057,win,-0.03999999999999915,11114.477906817032
2025-10-01 16:55:00+00:00,2025-10-01 18:40:00+00:00,sell,20.1494,20.1924,20.1064,20.1924,4910.343699259865,-211.14477906817058,20903.333127748887,loss,0.04299999999999926,10903.333127748861
2025-10-01 19:05:00+00:00,2025-10-01 20:10:00+00:00,sell,20.1602,20.194499999999998,20.1259,20.194499999999998,6094.266218002907,-209.03333127748888,20694.299796471398,loss,0.03429999999999822,10694.299796471372
2025-10-01 23:05:00+00:00,2025-10-01 23:45:00+00:00,sell,20.1924,20.2074,20.1774,20.2074,13796.199864313743,-206.94299796471398,20487.356798506684,loss,0.015000000000000568,10487.356798506658
2025-10-01 23:55:00+00:00,2025-10-02 00:00:00+00:00,sell,20.19146,20.211399999999998,20.17152,20.17152,10274.501904969127,204.87356798506684,20692.23036649175,win,-0.019939999999998292,10692.230366491725
2025-10-02 02:25:00+00:00,2025-10-02 03:00:00+00:00,sell,20.1873,20.2024,20.1722,20.2024,13703.463818868404,-206.9223036649175,20485.308062826833,loss,0.015100000000000335,10485.308062826807
2025-10-02 04:15:00+00:00,2025-10-02 04:40:00+00:00,sell,20.197,20.2095,20.1845,20.1845,16388.2464502624,204.85308062826834,20690.1611434551,win,-0.01249999999999929,10690.161143455076
2025-10-02 08:05:00+00:00,2025-10-02 08:10:00+00:00,sell,20.1902,20.1982,20.1822,20.1822,25862.701429321725,206.90161143455103,20897.062754889652,win,-0.007999999999999119,10897.062754889626
2025-10-02 08:20:00+00:00,2025-10-02 09:00:00+00:00,sell,20.181900000000002,20.1968,20.167000000000005,20.1968,14024.874332143296,-208.97062754889652,20688.092127340755,loss,0.014899999999997249,10688.09212734073
2025-10-02 09:20:00+00:00,2025-10-02 09:30:00+00:00,sell,20.1833,20.2018,20.1648,20.2018,11182.752501265566,-206.88092127340758,20481.211206067346,loss,0.018499999999999517,10481.211206067323
2025-10-02 09:40:00+00:00,2025-10-02 10:15:00+00:00,sell,20.1818,20.20657,20.15703,20.20657,8268.555190176503,-204.81211206067348,20276.399094006672,loss,0.02477000000000018,10276.399094006649
2025-10-02 16:05:00+00:00,2025-10-02 16:35:00+00:00,buy,20.2088,20.1914,20.2262,20.2262,11653.102927591028,202.76399094006672,20479.16308494674,win,0.017399999999998528,10479.163084946715
2025-10-02 16:45:00+00:00,2025-10-02 17:30:00+00:00,buy,20.2319,20.2061,20.2577,20.2577,7937.660110444391,204.7916308494674,20683.954715796208,win,0.025800000000000267,10683.954715796182
2025-10-02 17:40:00+00:00,2025-10-03 04:00:00+00:00,buy,20.2604,20.221700000000002,20.2991,20.2991,5344.691141032802,206.8395471579621,20890.79426295417,win,0.038699999999998624,10890.794262954145
2025-10-03 04:25:00+00:00,2025-10-03 09:30:00+00:00,buy,20.2994,20.2569,20.341899999999995,20.2569,4915.481003048401,-208.90794262954168,20681.886320324626,loss,-0.042499999999996874,10681.886320324604
2025-10-03 16:10:00+00:00,2025-10-03 16:35:00+00:00,sell,20.232200000000002,20.2532,20.211200000000005,20.211200000000005,9848.517295393971,206.81886320324625,20888.705183527873,win,-0.020999999999997243,10888.70518352785
2025-10-03 18:10:00+00:00,2025-10-03 19:10:00+00:00,sell,20.2305,20.2548,20.2062,20.2062,8596.17497264514,208.8870518352787,21097.59223536315,win,-0.02430000000000021,11097.592235363129
2025-10-03 20:10:00+00:00,2025-10-03 20:50:00+00:00,sell,20.2058,20.2209,20.1907,20.2209,13971.915387657406,-210.97592235363152,20886.61631300952,loss,0.015100000000000335,10886.616313009497
2025-10-03 22:35:00+00:00,2025-10-06 00:00:00+00:00,sell,20.2062,20.2247,20.1877,20.1877,11290.062871897333,208.8661631300952,21095.482476139616,win,-0.018499999999999517,11095.482476139592
2025-10-06 02:05:00+00:00,2025-10-06 02:20:00+00:00,sell,20.1755,20.218,20.133,20.218,4963.642935562213,-210.95482476139617,20884.52765137822,loss,0.042500000000000426,10884.527651378196
2025-10-06 03:35:00+00:00,2025-10-06 03:55:00+00:00,sell,20.2184,20.2319,20.2049,20.2049,15470.020482501799,208.8452765137822,21093.372927892,win,-0.013500000000000512,11093.372927891978
2025-10-06 04:20:00+00:00,2025-10-06 08:15:00+00:00,sell,20.2006,20.221799999999998,20.179400000000005,20.221799999999998,9949.704211271324,-210.93372927892,20882.43919861308,loss,0.021199999999996777,10882.439198613058
2025-10-06 09:05:00+00:00,2025-10-06 09:15:00+00:00,sell,20.214100000000002,20.2244,20.203800000000005,20.203800000000005,20274.21281419275,208.82439198613082,21091.26359059921,win,-0.010299999999997311,11091.263590599188
2025-10-06 09:25:00+00:00,2025-10-06 09:45:00+00:00,sell,20.19913,20.2255,20.17276,20.17276,7998.203864466897,210.91263590599212,21302.176226505202,win,-0.026370000000000005,11302.17622650518
2025-10-06 09:55:00+00:00,2025-10-06 13:05:00+00:00,sell,20.1707,20.2092,20.1322,20.1322,5533.032786105378,213.02176226505205,21515.197988770255,win,-0.03849999999999909,11515.197988770233
2025-10-06 13:35:00+00:00,2025-10-06 15:35:00+00:00,sell,20.1319,20.1568,20.107000000000003,20.1568,8640.641762558747,-215.15197988770254,21300.046008882553,loss,0.024899999999998812,11300.04600888253
2025-10-06 16:50:00+00:00,2025-10-06 18:40:00+00:00,sell,20.1517,20.1735,20.129900000000003,20.129900000000003,9770.663306827339,213.00046008882555,21513.046468971377,win,-0.02179999999999893,11513.046468971355
2025-10-06 18:50:00+00:00,2025-10-06 21:45:00+00:00,sell,20.1285,20.15444,20.102559999999997,20.102559999999997,8293.387227821766,215.1304646897138,21728.176933661092,win,-0.025940000000002073,11728.176933661069
2025-10-06 22:40:00+00:00,2025-10-07 04:00:00+00:00,sell,20.0954,20.1233,20.067500000000003,20.1233,7787.8770371548135,-217.28176933661092,21510.89516432448,loss,0.027899999999998926,11510.895164324458
2025-10-07 04:40:00+00:00,2025-10-07 07:05:00+00:00,sell,20.108700000000002,20.12617,20.091230000000007,20.091230000000007,12313.048176490875,215.1089516432448,21726.004115967724,win,-0.017469999999995878,11726.004115967702
2025-10-07 07:20:00+00:00,2025-10-07 09:25:00+00:00,sell,20.0888,20.1102,20.0674,20.1102,10152.3383719476,-217.26004115967726,21508.744074808048,loss,0.021399999999999864,11508.744074808024
2025-10-07 10:40:00+00:00,2025-10-07 11:05:00+00:00,sell,20.1122,20.130599999999998,20.093800000000005,20.093800000000005,11689.53482326766,215.0874407480805,21723.83151555613,win,-0.018399999999996197,11723.831515556105
2025-10-07 11:15:00+00:00,2025-10-07 11:35:00+00:00,sell,20.0933,20.1155,20.071099999999998,20.071099999999998,9785.509691691266,217.23831515556128,21941.06983071169,win,-0.022200000000001552,11941.069830711665
2025-10-07 11:45:00+00:00,2025-10-07 12:40:00+00:00,sell,20.0698,20.0957,20.0439,20.0439,8471.455533093305,219.4106983071169,22160.48052901881,win,-0.025900000000000034,12160.480529018781
2025-10-07 15:00:00+00:00,2025-10-07 15:30:00+00:00,sell,20.053,20.0723,20.033700000000003,20.0723,11482.114263741712,-221.6048052901881,21938.87572372862,loss,0.019299999999997652,11938.875723728594
2025-10-07 16:00:00+00:00,2025-10-07 17:20:00+00:00,sell,20.0488,20.0776,20.02,20.0776,7617.665181850114,-219.3887572372862,21719.48696649133,loss,0.02880000000000038,11719.486966491308
2025-10-07 19:35:00+00:00,2025-10-08 09:05:00+00:00,sell,20.063100000000002,20.0981,20.028100000000006,20.028100000000006,6205.567704712414,217.1948696649133,21936.681836156244,win,-0.03499999999999659,11936.681836156222
2025-10-08 09:35:00+00:00,2025-10-08 09:50:00+00:00,sell,20.023600000000002,20.04468,20.002520000000004,20.04468,10406.395557949985,-219.36681836156245,21717.31501779468,loss,0.021079999999997767,11717.315017794659
2025-10-08 10:00:00+00:00,2025-10-08 10:30:00+00:00,sell,20.0169,20.0453,19.9885,19.9885,7646.9419076738295,217.1731501779468,21934.488167972628,win,-0.028400000000001313,11934.488167972606
2025-10-08 10:40:00+00:00,2025-10-08 12:25:00+00:00,sell,19.98733,20.019099999999998,19.955560000000002,19.955560000000002,6904.151138802001,219.34488167972629,22153.833049652352,win,-0.03176999999999808,12153.833049652332
2025-10-08 12:35:00+00:00,2025-10-08 14:20:00+00:00,sell,19.948800000000002,19.977,19.920600000000004,19.977,7855.969166543881,-221.5383304965235,21932.294719155827,loss,0.028199999999998226,11932.294719155809
2025-10-08 16:00:00+00:00,2025-10-08 16:30:00+00:00,sell,19.96979,19.9898,19.94978,19.94978,10960.667026065323,219.32294719155828,22151.617666347385,win,-0.020009999999999195,12151.617666347367
2025-10-08 16:50:00+00:00,2025-10-08 18:25:00+00:00,sell,19.9469,19.9693,19.9245,19.9245,9889.11502961889,221.51617666347386,22373.13384301086,win,-0.022400000000001086,12373.13384301084
2025-10-08 18:35:00+00:00,2025-10-08 19:35:00+00:00,sell,19.92251,19.9395,19.90552,19.90552,13168.413091825234,223.7313384301086,22596.865181440968,win,-0.01698999999999984,12596.86518144095
2025-10-08 19:45:00+00:00,2025-10-08 20:50:00+00:00,sell,19.90168,19.921499999999998,19.88186,19.921499999999998,11401.041968436824,-225.96865181440967,22370.89652962656,loss,0.019819999999999283,12370.89652962654
2025-10-09 11:05:00+00:00,2025-10-09 11:35:00+00:00,sell,19.961100000000002,19.9823,19.939900000000005,19.939900000000005,10552.309683787718,223.70896529626563,22594.605494922824,win,-0.021199999999996777,12594.605494922806
2025-10-09 11:45:00+00:00,2025-10-09 11:55:00+00:00,sell,19.938000000000002,19.959899999999998,19.916100000000007,19.916100000000007,10317.171458871157,225.94605494922826,22820.551549872052,win,-0.021899999999995146,12820.551549872034
2025-10-09 12:20:00+00:00,2025-10-09 12:55:00+00:00,sell,19.9111,19.9512,19.871000000000002,19.871000000000002,5690.910610940816,228.20551549872053,23048.757065370773,win,-0.040099999999998914,13048.757065370755
2025-10-09 13:05:00+00:00,2025-10-09 21:05:00+00:00,sell,19.867900000000002,19.915599999999998,19.820200000000007,19.915599999999998,4832.024542006916,-230.48757065370773,22818.269494717068,loss,0.04769999999999541,12818.269494717048
2025-10-09 21:45:00+00:00,2025-10-09 22:05:00+00:00,sell,19.9044,19.9166,19.8922,19.8922,18703.49958583368,228.1826949471707,23046.45218966424,win,-0.012199999999999989,13046.452189664218
2025-10-09 22:30:00+00:00,2025-10-10 00:00:00+00:00,sell,19.8889,19.9112,19.8666,19.8666,10334.73192361564,230.4645218966424,23276.916711560883,win,-0.02230000000000132,13276.91671156086
2025-10-10 10:05:00+00:00,2025-10-10 10:10:00+00:00,buy,19.9184,19.881800000000002,19.954999999999995,19.954999999999995,6359.813309170264,232.76916711560884,23509.685878676493,win,0.03659999999999641,13509.685878676468
2025-10-10 10:20:00+00:00,2025-10-10 15:20:00+00:00,buy,19.9647,19.901,20.0284,19.901,3690.6885209852767,-235.09685878676493,23274.58901988973,loss,-0.06370000000000076,13274.589019889703
2025-10-10 16:05:00+00:00,2025-10-10 16:35:00+00:00,buy,19.9113,19.8947,19.9279,19.9279,14020.836758969384,232.74589019889729,23507.334910088626,win,0.016600000000000392,13507.3349100886
2025-10-10 16:45:00+00:00,2025-10-10 17:00:00+00:00,buy,19.9321,19.906000000000002,19.958199999999994,19.958199999999994,9006.64172800468,235.07334910088628,23742.408259189513,win,0.026099999999996015,13742.408259189488
2025-10-10 17:10:00+00:00,2025-10-10 17:40:00+00:00,buy,19.9697,19.921400000000002,20.017999999999997,20.017999999999997,4915.612476022921,237.42408259189514,23979.83234178141,win,0.04829999999999757,13979.832341781383
2025-10-10 17:55:00+00:00,2025-10-10 18:00:00+00:00,buy,20.025199999999998,19.9572,20.093199999999996,20.093199999999996,3526.4459326150254,239.79832341781412,24219.630665199224,win,0.06799999999999784,14219.630665199196
2025-10-10 18:10:00+00:00,2025-10-10 20:00:00+00:00,buy,20.145799999999998,20.0013,20.290299999999995,20.290299999999995,1676.0990079722974,242.19630665199224,24461.826971851217,win,0.1444999999999972,14461.82697185119
2025-10-10 21:30:00+00:00,2025-10-10 21:50:00+00:00,buy,20.27542,20.24687,20.30397,20.30397,8568.065489265118,244.61826971851215,24706.445241569727,win,0.028549999999999187,14706.445241569701
2025-10-10 22:15:00+00:00,2025-10-10 23:50:00+00:00,buy,20.30825,20.2621,20.354400000000002,20.2621,5353.509261445135,-247.06445241569728,24459.38078915403,loss,-0.0461500000000008,14459.380789154004
2025-10-13 02:15:00+00:00,2025-10-13 04:45:00+00:00,buy,20.19348,20.15786,20.229100000000003,20.15786,6866.754853776803,-244.5938078915403,24214.786981262492,loss,-0.03562000000000154,14214.786981262463
2025-10-13 06:05:00+00:00,2025-10-13 06:25:00+00:00,buy,20.1648,20.154500000000002,20.175099999999997,20.154500000000002,23509.501923561955,-242.14786981262492,23972.639111449866,loss,-0.010299999999997311,13972.639111449838
2025-10-13 06:45:00+00:00,2025-10-13 06:50:00+00:00,buy,20.165499999999998,20.15392,20.177079999999997,20.177079999999997,20701.760890719153,239.72639111449863,24212.365502564364,win,0.011579999999998591,14212.365502564337
2025-10-13 07:00:00+00:00,2025-10-13 08:10:00+00:00,buy,20.1802,20.155530000000002,20.204869999999996,20.155530000000002,9814.497568936946,-242.12365502564364,23970.24184753872,loss,-0.02466999999999686,13970.241847538693
2025-10-13 16:00:00+00:00,2025-10-13 17:35:00+00:00,sell,20.0603,20.0977,20.022900000000003,20.022900000000003,6409.15557420854,239.70241847538725,24209.944266014107,win,-0.0373999999999981,14209.94426601408
2025-10-13 17:45:00+00:00,2025-10-14 07:10:00+00:00,sell,20.0153,20.054009999999998,19.97659,20.054009999999998,6254.183483858229,-242.09944266014108,23967.844823353964,loss,0.038709999999998246,13967.844823353938
2025-10-14 08:05:00+00:00,2025-10-14 08:35:00+00:00,buy,20.105,20.0823,20.1277,20.1277,10558.521948613901,239.67844823353963,24207.523271587503,win,0.022700000000000387,14207.523271587477
2025-10-14 08:45:00+00:00,2025-10-14 09:20:00+00:00,buy,20.136599999999998,20.0968,20.176399999999994,20.176399999999994,6082.292279293944,242.07523271587502,24449.598504303376,win,0.03979999999999606,14449.598504303352
2025-10-14 09:45:00+00:00,2025-10-14 11:15:00+00:00,buy,20.1953,20.1468,20.2438,20.1468,5041.154330784133,-244.49598504303376,24205.10251926034,loss,-0.048500000000000654,14205.10251926032
2025-10-14 13:00:00+00:00,2025-10-14 13:30:00+00:00,buy,20.1743,20.151,20.197599999999998,20.197599999999998,10388.456016850383,242.05102519260342,24447.153544452944,win,0.023299999999998988,14447.153544452922
2025-10-14 13:45:00+00:00,2025-10-14 14:55:00+00:00,buy,20.20232,20.169,20.23564,20.169,7337.080895694206,-244.47153544452945,24202.682009008415,loss,-0.033319999999999794,14202.682009008393
2025-10-14 15:15:00+00:00,2025-10-14 15:45:00+00:00,buy,20.188299999999998,20.1681,20.208499999999997,20.208499999999997,11981.525747034399,242.02682009008416,24444.708829098498,win,0.020199999999999108,14444.708829098478
2025-10-14 15:55:00+00:00,2025-10-14 17:00:00+00:00,buy,20.2106,20.1779,20.243299999999998,20.1779,7475.4461251069415,-244.447088290985,24200.261740807513,loss,-0.0326999999999984,14200.261740807493
2025-10-14 18:15:00+00:00,2025-10-14 18:55:00+00:00,buy,20.2085,20.1709,20.246100000000002,20.1709,6436.239824682646,-242.00261740807514,23958.25912339944,loss,-0.03760000000000119,13958.259123399417
2025-10-14 21:20:00+00:00,2025-10-14 21:25:00+00:00,buy,20.163999999999998,20.150100000000002,20.177899999999994,20.150100000000002,17236.157642738337,-239.5825912339944,23718.676532165446,loss,-0.013899999999996027,13718.676532165422
2025-10-14 22:40:00+00:00,2025-10-14 23:15:00+00:00,buy,20.150399999999998,20.133200000000002,20.167599999999993,20.167599999999993,13789.928216378914,237.18676532165446,23955.8632974871,win,0.01719999999999544,13955.863297487076
2025-10-14 23:55:00+00:00,2025-10-15 03:25:00+00:00,buy,20.1682,20.15487,20.18153,20.18153,17971.39032069571,239.558632974871,24195.42193046197,win,0.013329999999999842,14195.421930461947
2025-10-15 03:35:00+00:00,2025-10-15 03:55:00+00:00,buy,20.184,20.1678,20.200200000000002,20.1678,14935.445636086415,-241.9542193046197,23953.46771115735,loss,-0.016200000000001324,13953.467711157327
2025-10-15 10:35:00+00:00,2025-10-15 11:45:00+00:00,sell,20.111800000000002,20.133599999999998,20.090000000000007,20.133599999999998,10987.829225303865,-239.53467711157347,23713.93303404578,loss,0.02179999999999538,13713.933034045755
2025-10-15 13:45:00+00:00,2025-10-15 15:25:00+00:00,sell,20.1213,20.1438,20.098800000000004,20.1438,10539.5257929105,-237.13933034045778,23476.79370370532,loss,0.0224999999999973,13476.793703705296
2025-10-15 18:30:00+00:00,2025-10-15 18:40:00+00:00,buy,20.153299999999998,20.1313,20.175299999999996,20.175299999999996,10671.269865321345,234.7679370370532,23711.561640742373,win,0.021999999999998465,13711.56164074235
2025-10-15 18:50:00+00:00,2025-10-15 20:10:00+00:00,buy,20.1791,20.1403,20.217899999999997,20.217899999999997,6111.227226995711,237.11561640742377,23948.677257149797,win,0.03879999999999839,13948.677257149773
2025-10-15 22:30:00+00:00,2025-10-15 22:35:00+00:00,buy,20.1791,20.1692,20.188999999999997,20.188999999999997,24190.58308803439,239.48677257149797,24188.164029721294,win,0.009899999999998244,14188.16402972127
2025-10-15 22:55:00+00:00,2025-10-16 01:45:00+00:00,buy,20.19026,20.1722,20.208319999999997,20.208319999999997,13393.224822659704,241.88164029721295,24430.045670018506,win,0.01805999999999841,14430.045670018484
2025-10-16 02:00:00+00:00,2025-10-16 08:35:00+00:00,buy,20.2103,20.19219,20.22841,20.22841,13489.8098674867,244.3004567001851,24674.34612671869,win,0.01811000000000007,14674.346126718669
2025-10-16 08:45:00+00:00,2025-10-16 09:05:00+00:00,buy,20.2319,20.2146,20.2492,20.2146,14262.627818913561,-246.74346126718694,24427.602665451504,loss,-0.01729999999999876,14427.60266545148
2025-10-16 12:40:00+00:00,2025-10-16 13:10:00+00:00,buy,20.21,20.1938,20.226200000000002,20.1938,15078.767077437968,-244.27602665451505,24183.32663879699,loss,-0.016200000000001324,14183.326638796965
2025-10-16 19:05:00+00:00,2025-10-16 19:15:00+00:00,buy,20.2016,20.1733,20.229899999999997,20.229899999999997,8545.345102049012,241.8332663879699,24425.15990518496,win,0.028299999999997993,14425.159905184935
2025-10-16 19:25:00+00:00,2025-10-17 04:45:00+00:00,buy,20.2353,20.1733,20.297299999999996,20.297299999999996,3939.541920191274,244.25159905184958,24669.41150423681,win,0.06199999999999761,14669.411504236785
2025-10-17 04:55:00+00:00,2025-10-17 09:25:00+00:00,buy,20.3069,20.2686,20.3452,20.3452,6441.099609461383,246.6941150423681,24916.105619279177,win,0.03829999999999956,14916.105619279153
2025-10-17 09:55:00+00:00,2025-10-17 10:20:00+00:00,buy,20.3655,20.314600000000002,20.4164,20.4164,4895.109158994078,249.1610561927918,25165.26667547197,win,0.05089999999999861,15165.266675471945
2025-10-17 10:30:00+00:00,2025-10-17 14:00:00+00:00,buy,20.4176,20.3674,20.4678,20.3674,5013.0013297752685,-251.6526667547197,24913.61400871725,loss,-0.050200000000000244,14913.614008717224
2025-10-17 22:20:00+00:00,2025-10-17 23:40:00+00:00,sell,20.244400000000002,20.2563,20.232500000000005,20.232500000000005,20935.810091364074,249.1361400871725,25162.75014880442,win,-0.011899999999997135,15162.750148804396
2025-10-17 23:50:00+00:00,2025-10-20 00:10:00+00:00,sell,20.2303,20.25322,20.20738,20.25322,10978.512281328683,-251.62750148804423,24911.122647316377,loss,0.022919999999999163,14911.122647316352
2025-10-20 01:25:00+00:00,2025-10-20 01:30:00+00:00,sell,20.2169,20.2396,20.1942,20.2396,10974.062840227292,-249.11122647316378,24662.011420843213,loss,0.022700000000000387,14662.011420843188
2025-10-20 03:50:00+00:00,2025-10-20 04:10:00+00:00,sell,20.2565,20.2686,20.2444,20.2444,20381.827620531207,246.6201142084321,24908.631535051645,win,-0.012100000000000222,14908.63153505162
2025-10-20 04:20:00+00:00,2025-10-20 08:05:00+00:00,sell,20.2412,20.2592,20.2232,20.2232,13838.128630583724,249.08631535051646,25157.71785040216,win,-0.018000000000000682,15157.717850402136
2025-10-20 09:20:00+00:00,2025-10-20 09:25:00+00:00,sell,20.221600000000002,20.2376,20.205600000000004,20.2376,15723.573656503082,-251.57717850402162,24906.140671898138,loss,0.015999999999998238,14906.140671898114
2025-10-20 09:40:00+00:00,2025-10-20 10:10:00+00:00,sell,20.2163,20.2414,20.191200000000002,20.191200000000002,9922.765207928198,249.06140671898135,25155.20207861712,win,-0.025099999999998346,15155.202078617096
2025-10-20 11:45:00+00:00,2025-10-20 15:50:00+00:00,sell,20.186,20.2161,20.1559,20.1559,8357.209992895801,251.55202078617117,25406.75409940329,win,-0.030100000000000904,15406.754099403268
2025-10-20 16:00:00+00:00,2025-10-20 16:20:00+00:00,sell,20.1494,20.177799999999998,20.121000000000002,20.121000000000002,8946.040175846934,254.0675409940329,25660.821640397324,win,-0.02839999999999776,15660.8216403973
2025-10-20 16:30:00+00:00,2025-10-20 18:10:00+00:00,sell,20.1176,20.148799999999998,20.0864,20.0864,8224.622320640605,256.60821640397324,25917.429856801296,win,-0.03119999999999834,15917.429856801273
2025-10-20 18:45:00+00:00,2025-10-20 18:50:00+00:00,sell,20.0824,20.1018,20.063,20.1018,13359.499926185565,-259.17429856801294,25658.255558233282,loss,0.019400000000000972,15658.25555823326
2025-10-20 21:10:00+00:00,2025-10-20 21:15:00+00:00,sell,20.0807,20.089199999999998,20.072200000000002,20.072200000000002,30186.18300969348,256.5825555823328,25914.838113815615,win,-0.008499999999997954,15914.838113815593
2025-10-20 23:10:00+00:00,2025-10-20 23:15:00+00:00,sell,20.07601,20.08952,20.0625,20.0625,19181.96751577747,259.14838113815614,26173.98649495377,win,-0.013510000000000133,16173.98649495375
2025-10-20 23:45:00+00:00,2025-10-21 10:10:00+00:00,sell,20.055600000000002,20.09048,20.020720000000004,20.09048,7504.009889608827,-261.7398649495377,25912.246630004232,loss,0.03487999999999758,15912.246630004212
2025-10-21 16:05:00+00:00,2025-10-21 16:30:00+00:00,buy,20.1562,20.1247,20.187699999999996,20.187699999999996,8226.1100412718,259.12246630004233,26171.369096304275,win,0.03149999999999764,16171.369096304255
2025-10-21 16:40:00+00:00,2025-10-21 17:30:00+00:00,buy,20.208199999999998,20.1641,20.252299999999995,20.252299999999995,5934.550815488943,261.7136909630428,26433.082787267318,win,0.0440999999999967,16433.0827872673
2025-10-21 19:55:00+00:00,2025-10-21 23:30:00+00:00,buy,20.2047,20.1724,20.237,20.1724,8183.616962002436,-264.3308278726732,26168.751959394645,loss,-0.03229999999999933,16168.751959394627
2025-10-22 00:45:00+00:00,2025-10-22 01:00:00+00:00,buy,20.1799,20.1742,20.1856,20.1742,45910.09115682524,-261.68751959394643,25907.0644398007,loss,-0.0057000000000009265,15907.06443980068
2025-10-22 03:00:00+00:00,2025-10-22 03:05:00+00:00,buy,20.1764,20.151400000000002,20.2014,20.2014,10362.82577592087,259.070644398007,26166.135084198704,win,0.02499999999999858,16166.135084198688
2025-10-22 03:15:00+00:00,2025-10-22 09:00:00+00:00,buy,20.2086,20.1664,20.2508,20.1664,6200.50594412275,-261.66135084198703,25904.473733356717,loss,-0.042200000000001125,15904.4737333567
2025-10-22 11:05:00+00:00,2025-10-22 11:10:00+00:00,buy,20.179199999999998,20.157700000000002,20.200699999999994,20.200699999999994,12048.592434121601,259.0447373335672,26163.518470690284,win,0.021499999999996078,16163.518470690267
2025-10-22 11:20:00+00:00,2025-10-22 11:45:00+00:00,buy,20.2039,20.1612,20.2466,20.2466,6127.287698053937,261.63518470690286,26425.153655397186,win,0.04269999999999996,16425.15365539717
2025-10-22 13:55:00+00:00,2025-10-22 15:20:00+00:00,buy,20.2487,20.218,20.2794,20.218,8607.54190729564,-264.25153655397185,26160.902118843213,loss,-0.030699999999999505,16160.9021188432
2025-10-22 17:40:00+00:00,2025-10-22 19:30:00+00:00,buy,20.1888,20.1483,20.229300000000002,20.229300000000002,6459.4820046524,261.6090211884321,26422.511140031645,win,0.040500000000001535,16422.51114003163
2025-10-23 00:20:00+00:00,2025-10-23 09:30:00+00:00,buy,20.208099999999998,20.175800000000002,20.240399999999994,20.175800000000002,8180.344006202818,-264.22511140031645,26158.28602863133,loss,-0.03229999999999578,16158.286028631315
2025-10-23 10:05:00+00:00,2025-10-23 10:10:00+00:00,sell,20.154700000000002,20.171599999999998,20.137800000000006,20.137800000000006,15478.275756590121,261.5828602863133,26419.868888917645,win,-0.01689999999999614,16419.86888891763
2025-10-23 11:30:00+00:00,2025-10-23 12:15:00+00:00,sell,20.14495,20.1752,20.114700000000003,20.114700000000003,8733.84095501445,264.1986888891764,26684.06757780682,win,-0.030249999999998778,16684.067577806807
2025-10-23 13:05:00+00:00,2025-10-24 11:20:00+00:00,sell,20.10293,20.1465,20.05936,20.1465,6124.4130313994565,-266.8406757780682,26417.226902028753,loss,0.043569999999999,16417.22690202874
2025-10-24 15:05:00+00:00,2025-10-24 15:15:00+00:00,sell,20.1261,20.1422,20.110000000000003,20.110000000000003,16408.21546710064,264.17226902028756,26681.39917104904,win,-0.016099999999998005,16681.399171049026
2025-10-24 15:25:00+00:00,2025-10-24 15:30:00+00:00,sell,20.1053,20.137,20.0736,20.0736,8416.84516436859,266.8139917104904,26948.21316275953,win,-0.03170000000000073,16948.213162759515
2025-10-24 16:50:00+00:00,2025-10-24 17:35:00+00:00,sell,20.0657,20.095399999999998,20.036,20.036,9073.472445374104,269.4821316275953,27217.695294387126,win,-0.029699999999998283,17217.69529438711
2025-10-24 17:45:00+00:00,2025-10-24 18:40:00+00:00,sell,20.0352,20.0643,20.0061,20.0643,9353.159894978495,-272.17695294387124,26945.518341443254,loss,0.02909999999999968,16945.51834144324
2025-10-24 20:00:00+00:00,2025-10-24 20:35:00+00:00,sell,20.0639,20.07049,20.05731,20.07049,40888.49520705083,-269.45518341443255,26676.06315802882,loss,0.006589999999999208,16676.063158028806
2025-10-24 21:10:00+00:00,2025-10-24 22:10:00+00:00,sell,20.0583,20.0713,20.045299999999997,20.045299999999997,20520.048583096446,266.7606315802882,26942.82378960911,win,-0.013000000000001677,16942.823789609094
2025-10-24 22:20:00+00:00,2025-10-27 00:00:00+00:00,sell,20.0435,20.0659,20.021100000000004,20.021100000000004,12028.046334648248,269.4282378960911,27212.2520275052,win,-0.022399999999997533,17212.252027505187
2025-10-27 02:20:00+00:00,2025-10-27 03:35:00+00:00,sell,20.00375,20.01439,19.99311,20.01439,25575.42483788407,-272.122520275052,26940.12950723015,loss,0.01063999999999865,16940.129507230136
2025-10-27 04:55:00+00:00,2025-10-27 05:25:00+00:00,sell,20.00655,20.0144,19.998700000000003,19.998700000000003,34318.63631495296,269.40129507230154,27209.53080230245,win,-0.007849999999997692,17209.530802302437
2025-10-27 05:40:00+00:00,2025-10-27 06:05:00+00:00,sell,19.997700000000002,20.0074,19.988000000000003,20.0074,28051.062682789765,-272.09530802302453,26937.435494279427,loss,0.00969999999999871,16937.435494279413
2025-10-27 07:30:00+00:00,2025-10-27 07:50:00+00:00,sell,20.0092,20.0157,20.0027,20.0027,41442.208452743565,269.3743549427943,27206.80984922222,win,-0.006499999999999062,17206.809849222205
2025-10-27 08:00:00+00:00,2025-10-27 08:20:00+00:00,sell,19.9994,20.0149,19.983900000000002,19.983900000000002,17552.780547885977,272.0680984922222,27478.87794771444,win,-0.015499999999999403,17478.877947714427
2025-10-27 08:30:00+00:00,2025-10-27 09:00:00+00:00,sell,19.9825,20.0068,19.958200000000005,20.0068,11308.180225398446,-274.78877947714443,27204.089168237297,loss,0.024299999999996658,17204.089168237282
2025-10-27 12:25:00+00:00,2025-10-27 14:20:00+00:00,sell,20.0302,20.0484,20.012,20.0484,14947.301740789544,-272.04089168237294,26932.048276554924,loss,0.018200000000000216,16932.04827655491
2025-10-27 14:40:00+00:00,2025-10-27 14:50:00+00:00,sell,20.0335,20.0489,20.0181,20.0181,17488.34303672439,269.32048276554923,27201.368759320474,win,-0.015399999999999636,17201.36875932046
2025-10-27 15:00:00+00:00,2025-10-27 16:00:00+00:00,sell,20.014400000000002,20.05381,19.974990000000005,20.05381,6902.148885897694,-272.01368759320474,26929.35507172727,loss,0.039409999999996614,16929.355071727256
2025-10-27 21:10:00+00:00,2025-10-27 22:55:00+00:00,buy,20.0615,20.0411,20.081899999999997,20.0411,13200.66425084758,-269.2935507172727,26660.061521009997,loss,-0.02039999999999864,16660.061521009982
2025-10-28 02:05:00+00:00,2025-10-28 02:10:00+00:00,buy,20.052699999999998,20.0445,20.060899999999997,20.060899999999997,32512.27014757851,266.6006152101,26926.662136220097,win,0.008199999999998653,16926.662136220082
2025-10-28 02:20:00+00:00,2025-10-28 09:00:00+00:00,buy,20.076999999999998,20.046300000000002,20.107699999999994,20.107699999999994,8770.899718639625,269.26662136220096,27195.928757582296,win,0.030699999999995953,17195.928757582282
2025-10-28 09:10:00+00:00,2025-10-28 10:15:00+00:00,buy,20.10811,20.0825,20.13372,20.13372,10619.261521898445,271.95928757582294,27467.88804515812,win,0.025610000000000355,17467.888045158106
2025-10-28 10:25:00+00:00,2025-10-28 14:15:00+00:00,buy,20.135199999999998,20.0953,20.175099999999993,20.0953,6884.182467458896,-274.6788804515812,27193.20916470654,loss,-0.03989999999999583,17193.209164706524
2025-10-28 17:05:00+00:00,2025-10-28 20:05:00+00:00,sell,20.0085,20.0311,19.985900000000004,19.985900000000004,12032.393435712422,271.9320916470654,27465.141256353603,win,-0.022599999999997067,17465.14125635359
2025-10-28 21:55:00+00:00,2025-10-28 23:10:00+00:00,sell,19.988,20.002489999999998,19.97351,19.97351,18954.548831163793,274.65141256353604,27739.79266891714,win,-0.01448999999999856,17739.792668917125
2025-10-29 01:30:00+00:00,2025-10-29 02:10:00+00:00,sell,19.978,19.9926,19.963400000000004,19.9926,18999.85799241167,-277.3979266891714,27462.394742227967,loss,0.014599999999997948,17462.394742227953
2025-10-29 02:30:00+00:00,2025-10-29 06:50:00+00:00,sell,19.9738,19.99505,19.952550000000002,19.952550000000002,12923.479878696466,274.6239474222797,27737.018689650246,win,-0.021249999999998437,17737.01868965023
2025-10-29 07:15:00+00:00,2025-10-29 07:50:00+00:00,sell,19.95185,19.959799999999998,19.943900000000003,19.943900000000003,34889.3316851058,277.37018689650245,28014.38887654675,win,-0.007949999999997459,18014.388876546735
2025-10-29 08:00:00+00:00,2025-10-29 08:35:00+00:00,sell,19.9423,19.95414,19.93046,19.93046,23660.80141600351,280.1438887654675,28294.532765312215,win,-0.011839999999999407,18294.5327653122
2025-10-29 08:45:00+00:00,2025-10-29 10:35:00+00:00,sell,19.921200000000002,19.9432,19.899200000000004,19.899200000000004,12861.151256960995,282.94532765312215,28577.478092965335,win,-0.021999999999998465,18577.47809296532
2025-10-29 11:50:00+00:00,2025-10-29 13:30:00+00:00,sell,19.9003,19.9199,19.880700000000004,19.9199,14580.345965800905,-285.77478092965333,28291.703312035683,loss,0.019599999999996953,18291.70331203567
2025-10-29 14:00:00+00:00,2025-10-29 14:05:00+00:00,sell,19.9059,19.92349,19.888309999999997,19.92349,16083.97004663586,-282.91703312035685,28008.786278915326,loss,0.017590000000001993,18008.78627891531
2025-10-29 14:45:00+00:00,2025-10-29 15:45:00+00:00,sell,19.9048,19.927519999999998,19.882080000000006,19.927519999999998,12327.810862200777,-280.0878627891533,27728.69841612617,loss,0.022719999999996077,17728.698416126157
2025-10-29 16:20:00+00:00,2025-10-29 16:25:00+00:00,sell,19.9038,19.9279,19.8797,19.9279,11505.683990093525,-277.2869841612617,27451.41143196491,loss,0.024100000000000676,17451.411431964894
2025-10-29 18:45:00+00:00,2025-10-29 19:50:00+00:00,sell,19.9374,19.95992,19.91488,19.91488,12189.791932488806,274.5141143196491,27725.925546284558,win,-0.022520000000000095,17725.925546284543
2025-10-29 20:00:00+00:00,2025-10-29 20:25:00+00:00,sell,19.91339,19.932399999999998,19.89438,19.932399999999998,14584.916121140199,-277.2592554628456,27448.66629082171,loss,0.019009999999997973,17448.666290821697
2025-10-29 23:05:00+00:00,2025-10-30 02:00:00+00:00,sell,19.9356,19.9596,19.911600000000004,19.911600000000004,11436.944287843638,274.4866629082171,27723.15295372993,win,-0.023999999999997357,17723.152953729914
2025-10-30 08:05:00+00:00,2025-10-30 08:25:00+00:00,buy,19.9696,19.9466,19.9926,19.9926,12053.544762491438,277.2315295372993,28000.38448326723,win,0.022999999999999687,18000.384483267215
2025-10-30 08:35:00+00:00,2025-10-30 09:15:00+00:00,buy,19.99502,19.9621,20.02794,19.9621,8505.584593944901,-280.0038448326723,27720.380638434555,loss,-0.032920000000000726,17720.38063843454
2025-10-30 10:40:00+00:00,2025-10-30 10:45:00+00:00,buy,19.98,19.9583,20.0017,20.0017,12774.368957804436,277.20380638434557,27997.584444818902,win,0.021699999999999164,17997.584444818887
2025-10-30 10:55:00+00:00,2025-10-30 11:45:00+00:00,buy,20.002,19.964000000000002,20.039999999999996,20.039999999999996,7367.78538021614,279.97584444818904,28277.56028926709,win,0.0379999999999967,18277.560289267076
2025-10-30 12:15:00+00:00,2025-10-30 17:50:00+00:00,buy,20.0438,19.9952,20.0924,19.9952,5818.4280430590225,-282.7756028926709,27994.78468637442,loss,-0.04860000000000042,17994.784686374405
2025-10-31 05:10:00+00:00,2025-10-31 08:25:00+00:00,buy,20.0065,19.99142,20.021579999999997,20.021579999999997,18564.180826511263,279.9478468637442,28274.732533238162,win,0.01507999999999754,18274.732533238148
2025-10-31 11:20:00+00:00,2025-10-31 11:45:00+00:00,buy,20.019,19.997500000000002,20.040499999999994,20.040499999999994,13151.038387555034,282.74732533238165,28557.479858570543,win,0.021499999999996078,18557.47985857053
2025-10-31 11:55:00+00:00,2025-10-31 17:00:00+00:00,buy,20.0427,20.0123,20.0731,20.0123,9393.90784821393,-285.5747985857054,28271.905059984838,loss,-0.030400000000000205,18271.905059984823
2025-10-31 20:05:00+00:00,2025-10-31 22:45:00+00:00,sell,19.9665,19.987199999999998,19.945800000000002,19.987199999999998,13657.925149752487,-282.7190505998484,27989.18600938499,loss,0.020699999999997942,17989.186009384975
2025-11-03 00:00:00+00:00,2025-11-03 00:05:00+00:00,sell,19.96969,19.9897,19.94968,19.9897,13987.599205090513,-279.8918600938499,27709.29414929114,loss,0.020009999999999195,17709.294149291127
2025-11-03 00:15:00+00:00,2025-11-03 11:05:00+00:00,sell,19.9508,19.9905,19.9111,19.9111,6979.67107035044,277.0929414929114,27986.387090784054,win,-0.039699999999999847,17986.38709078404
2025-11-03 11:15:00+00:00,2025-11-03 12:00:00+00:00,sell,19.8967,19.9345,19.8589,19.9345,7403.8061086728885,-279.8638709078405,27706.523219876213,loss,0.03780000000000072,17706.5232198762
2025-11-03 14:45:00+00:00,2025-11-03 16:25:00+00:00,sell,19.923000000000002,19.9388,19.907200000000003,19.9388,17535.77418979651,-277.06523219876215,27429.45798767745,loss,0.015799999999998704,17429.457987677437
2025-11-03 17:40:00+00:00,2025-11-04 00:00:00+00:00,sell,19.9462,19.9715,19.920900000000003,19.920900000000003,10841.682999082906,274.29457987677455,27703.752567554227,win,-0.02529999999999788,17703.752567554213
2025-11-04 07:05:00+00:00,2025-11-04 07:40:00+00:00,buy,19.9631,19.948900000000002,19.9773,19.9773,19509.684906729868,277.03752567554227,27980.79009322977,win,0.01419999999999888,17980.790093229756
2025-11-04 07:50:00+00:00,2025-11-04 08:20:00+00:00,buy,19.98724,19.9606,20.01388,20.01388,10503.299584545537,279.80790093229774,28260.597994162068,win,0.02664000000000044,18260.597994162054
2025-11-04 08:30:00+00:00,2025-11-04 09:10:00+00:00,buy,20.0242,19.98862,20.05978,20.05978,7942.832488522334,282.60597994162066,28543.20397410369,win,0.0355799999999995,18543.203974103675
2025-11-04 09:20:00+00:00,2025-11-05 02:45:00+00:00,buy,20.0792,20.0166,20.1418,20.1418,4559.617248259393,285.43203974103693,28828.636013844727,win,0.06259999999999977,18828.636013844713
2025-11-05 02:55:00+00:00,2025-11-05 03:20:00+00:00,buy,20.1425,20.106,20.178999999999995,20.178999999999995,7898.256442149966,288.28636013844726,29116.922373983176,win,0.036499999999996646,19116.92237398316
2025-11-05 03:30:00+00:00,2025-11-05 04:10:00+00:00,buy,20.18659,20.148600000000002,20.224579999999996,20.148600000000002,7664.36493129387,-291.16922373983175,28825.753150243345,loss,-0.03798999999999708,18825.75315024333
2025-11-05 06:15:00+00:00,2025-11-05 08:00:00+00:00,buy,20.098,20.076800000000002,20.119199999999996,20.119199999999996,13597.05337275836,288.25753150243344,29114.010681745778,win,0.021199999999996777,19114.010681745764
2025-11-05 15:10:00+00:00,2025-11-05 15:55:00+00:00,sell,20.0315,20.061,20.002000000000002,20.002000000000002,9869.156163304071,291.14010681745776,29405.150788563235,win,-0.02949999999999875,19405.15078856322
2025-11-05 16:20:00+00:00,2025-11-05 17:40:00+00:00,sell,20.00015,20.02873,19.971570000000003,19.971570000000003,10288.71616114949,294.05150788563236,29699.202296448868,win,-0.02857999999999805,19699.202296448853
2025-11-05 19:10:00+00:00,2025-11-05 21:55:00+00:00,sell,19.9743,19.987,19.9616,19.987,23385.19865862332,-296.9920229644887,29402.21027348438,loss,0.012699999999998823,19402.210273484365
2025-11-06 01:00:00+00:00,2025-11-06 01:30:00+00:00,sell,19.984,20.0128,19.955200000000005,20.0128,10209.100789405424,-294.0221027348438,29108.188170749534,loss,0.028799999999996828,19108.18817074952
2025-11-06 03:55:00+00:00,2025-11-06 04:30:00+00:00,sell,20.023,20.0368,20.0092,20.0092,21092.889978804298,291.08188170749537,29399.27005245703,win,-0.013799999999999812,19399.270052457014
2025-11-06 04:40:00+00:00,2025-11-06 05:20:00+00:00,sell,20.008,20.0197,19.996299999999998,19.996299999999998,25127.581241413787,293.9927005245703,29693.262752981598,win,-0.011700000000001154,19693.262752981584
2025-11-06 06:40:00+00:00,2025-11-06 07:15:00+00:00,sell,19.9947,20.000999999999998,19.988400000000006,20.000999999999998,47132.1631000009,-296.932627529816,29396.330125451783,loss,0.0062999999999959755,19396.33012545177
2025-11-06 09:00:00+00:00,2025-11-06 09:35:00+00:00,sell,19.997500000000002,20.0247,19.970300000000005,19.970300000000005,10807.474310829051,293.96330125451783,29690.2934267063,win,-0.027199999999997004,19690.293426706285
2025-11-06 13:15:00+00:00,2025-11-06 13:55:00+00:00,sell,19.9874,20.007099999999998,19.967700000000004,20.007099999999998,15071.214937416875,-296.902934267063,29393.390492439237,loss,0.01969999999999672,19393.390492439223
2025-11-06 15:05:00+00:00,2025-11-06 15:10:00+00:00,sell,20.0061,20.022299999999998,19.989900000000002,19.989900000000002,18144.0682052119,293.9339049243924,29687.32439736363,win,-0.016199999999997772,19687.324397363616
2025-11-06 15:25:00+00:00,2025-11-06 17:00:00+00:00,sell,19.9887,20.0235,19.953900000000004,20.0235,8530.84034407073,-296.87324397363625,29390.451153389993,loss,0.034799999999997056,19390.45115338998
2025-11-06 18:05:00+00:00,2025-11-06 19:50:00+00:00,buy,20.0703,20.0291,20.1115,20.0291,7133.604648881083,-293.90451153389995,29096.546641856094,loss,-0.0411999999999999,19096.54664185608
2025-11-06 20:05:00+00:00,2025-11-07 08:30:00+00:00,buy,20.0662,20.0247,20.107699999999998,20.0247,7011.216058278711,-290.96546641856094,28805.58117543753,loss,-0.041499999999999204,18805.581175437517
2025-11-07 11:10:00+00:00,2025-11-07 13:25:00+00:00,sell,20.000700000000002,20.0446,19.956800000000005,20.0446,6561.635803061366,-288.0558117543753,28517.525363683155,loss,0.043899999999997164,18517.52536368314
2025-11-07 16:15:00+00:00,2025-11-07 16:30:00+00:00,buy,20.0591,20.0383,20.079900000000002,20.079900000000002,13710.348732539147,285.17525363683154,28802.700617319988,win,0.020800000000001262,18802.700617319973
2025-11-07 16:40:00+00:00,2025-11-07 17:25:00+00:00,buy,20.0808,20.0466,20.115,20.0466,8421.84228576646,-288.0270061731999,28514.673611146787,loss,-0.034199999999998454,18514.673611146773
2025-11-07 21:30:00+00:00,2025-11-07 21:40:00+00:00,sell,20.0063,20.0214,19.9912,19.9912,18883.889808706062,285.1467361114679,28799.820347258254,win,-0.015100000000000335,18799.82034725824
2025-11-07 21:55:00+00:00,2025-11-10 08:15:00+00:00,sell,19.9863,20.01772,19.95488,19.95488,9166.07904113865,287.99820347258253,29087.818550730837,win,-0.03142000000000067,19087.818550730823
2025-11-10 08:25:00+00:00,2025-11-10 09:00:00+00:00,sell,19.95226,19.9702,19.93432,19.93432,16213.945680452514,290.8781855073084,29378.696736238144,win,-0.0179399999999994,19378.69673623813
2025-11-10 09:15:00+00:00,2025-11-10 11:05:00+00:00,sell,19.9247,19.9483,19.901100000000003,19.901100000000003,12448.600311966218,293.78696736238146,29672.483703600526,win,-0.02359999999999829,19672.483703600512
2025-11-10 11:15:00+00:00,2025-11-10 16:45:00+00:00,sell,19.89402,19.9331,19.854940000000003,19.854940000000003,7592.754274207192,296.7248370360053,29969.208540636533,win,-0.03907999999999845,19969.20854063652
2025-11-10 16:55:00+00:00,2025-11-10 17:30:00+00:00,sell,19.8531,19.8892,19.817000000000004,19.817000000000004,8301.719817351397,299.6920854063653,30268.900626042898,win,-0.03609999999999758,20268.900626042883
2025-11-10 18:50:00+00:00,2025-11-10 19:30:00+00:00,sell,19.825200000000002,19.8477,19.802700000000005,19.802700000000005,13452.844722687347,302.689006260429,30571.589632303327,win,-0.0224999999999973,20571.589632303312
2025-11-10 23:20:00+00:00,2025-11-10 23:35:00+00:00,sell,19.81682,19.8249,19.80874,19.80874,37836.1257825553,305.7158963230333,30877.30552862636,win,-0.008079999999999643,20877.305528626344
2025-11-10 23:45:00+00:00,2025-11-10 23:50:00+00:00,sell,19.8082,19.819599999999998,19.7968,19.819599999999998,27085.355726869264,-308.77305528626357,30568.532473340096,loss,0.0113999999999983,20568.53247334008
2025-11-11 01:10:00+00:00,2025-11-11 01:15:00+00:00,sell,19.825300000000002,19.8289,19.821700000000003,19.8289,84912.5902037528,-305.685324733401,30262.847148606696,loss,0.0035999999999987153,20262.84714860668
2025-11-11 02:00:00+00:00,2025-11-11 06:55:00+00:00,sell,19.80964,19.8346,19.784680000000005,19.8346,12124.538120437057,-302.628471486067,29960.21867712063,loss,0.02495999999999654,19960.218677120614
2025-11-11 08:20:00+00:00,2025-11-11 08:45:00+00:00,sell,19.8326,19.8472,19.817999999999998,19.817999999999998,20520.697724053116,299.6021867712063,30259.820863891837,win,-0.0146000000000015,20259.820863891822
2025-11-11 08:55:00+00:00,2025-11-11 09:00:00+00:00,sell,19.8149,19.8337,19.796100000000003,19.8337,16095.64939568816,-302.5982086389184,29957.222655252917,loss,0.018799999999998818,19957.222655252903
2025-11-11 10:05:00+00:00,2025-11-11 11:10:00+00:00,sell,19.8093,19.8368,19.7818,19.8368,10893.535511001117,-299.5722265525292,29657.650428700388,loss,0.027499999999999858,19657.650428700374
2025-11-11 17:25:00+00:00,2025-11-11 19:05:00+00:00,buy,19.9013,19.8693,19.9333,19.8693,9268.015758968864,-296.5765042870039,29361.073924413384,loss,-0.03200000000000003,19361.07392441337
2025-11-11 19:30:00+00:00,2025-11-11 20:05:00+00:00,buy,19.8853,19.8673,19.9033,19.8673,16311.707735784597,-293.61073924413387,29067.46318516925,loss,-0.018000000000000682,19067.463185169236
2025-11-11 22:30:00+00:00,2025-11-11 23:30:00+00:00,buy,19.871199999999998,19.858900000000002,19.883499999999994,19.858900000000002,23632.0838903888,-290.6746318516925,28776.788553317558,loss,-0.012299999999996203,18776.788553317543
2025-11-12 01:45:00+00:00,2025-11-12 02:00:00+00:00,buy,19.872,19.8629,19.8811,19.8811,31622.84456408485,287.76788553317556,29064.556438850734,win,0.009100000000000108,19064.55643885072
2025-11-12 02:10:00+00:00,2025-11-12 03:55:00+00:00,buy,19.8877,19.8653,19.910099999999996,19.8653,12975.24841020265,-290.64556438850735,28773.910874462228,loss,-0.022399999999997533,18773.910874462214
2025-11-12 04:50:00+00:00,2025-11-12 05:45:00+00:00,buy,19.877499999999998,19.864,19.890999999999995,19.864,21314.00805516201,-287.7391087446223,28486.171765717605,loss,-0.013499999999996959,18486.17176571759
2025-11-12 08:25:00+00:00,2025-11-12 09:00:00+00:00,sell,19.848200000000002,19.862389999999998,19.834010000000006,19.834010000000006,20074.821540328558,284.86171765717603,28771.03348337478,win,-0.014189999999995706,18771.033483374766
2025-11-12 10:35:00+00:00,2025-11-12 10:50:00+00:00,sell,19.8343,19.8509,19.8177,19.8177,17331.947881550663,287.7103348337478,29058.743818208528,win,-0.016600000000000392,19058.743818208513
2025-11-12 13:10:00+00:00,2025-11-12 13:25:00+00:00,sell,19.81756,19.8328,19.80232,19.8328,19067.41720355067,-290.5874381820853,28768.15638002644,loss,0.015239999999998588,18768.156380026427
2025-11-12 14:00:00+00:00,2025-11-12 14:05:00+00:00,sell,19.8156,19.83697,19.79423,19.79423,13461.935601321993,287.6815638002644,29055.837943826704,win,-0.021370000000001,19055.83794382669
2025-11-12 14:15:00+00:00,2025-11-12 15:05:00+00:00,sell,19.7884,19.8448,19.732,19.732,5151.74431628133,290.558379438267,29346.39632326497,win,-0.056400000000000006,19346.396323264955
2025-11-12 15:35:00+00:00,2025-11-12 15:40:00+00:00,sell,19.729,19.7551,19.7029,19.7551,11243.830008913967,-293.4639632326497,29052.93236003232,loss,0.026099999999999568,19052.932360032304
2025-11-12 19:35:00+00:00,2025-11-13 02:30:00+00:00,sell,19.804000000000002,19.8252,19.782800000000005,19.782800000000005,13704.21337737582,290.5293236003232,29343.461683632642,win,-0.021199999999996777,19343.461683632628
2025-11-13 02:55:00+00:00,2025-11-13 03:15:00+00:00,sell,19.7742,19.8,19.7484,19.8,11373.434761097806,-293.4346168363264,29050.027066796316,loss,0.025800000000000267,19050.0270667963
2025-11-13 04:55:00+00:00,2025-11-13 05:00:00+00:00,sell,19.8073,19.8142,19.800400000000003,19.800400000000003,42101.48850261477,290.50027066796315,29340.52733746428,win,-0.00689999999999813,19340.527337464264
2025-11-13 05:20:00+00:00,2025-11-13 07:35:00+00:00,sell,19.7935,19.8143,19.772700000000004,19.772700000000004,14106.022758397841,293.4052733746428,29633.93261083892,win,-0.02079999999999771,19633.932610838907
2025-11-13 08:50:00+00:00,2025-11-13 09:25:00+00:00,sell,19.7786,19.797719999999998,19.759480000000003,19.759480000000003,15498.918729520405,296.33932610838923,29930.27193694731,win,-0.01911999999999736,19930.271936947294
2025-11-13 10:25:00+00:00,2025-11-13 11:45:00+00:00,sell,19.75622,19.7894,19.723039999999997,19.723039999999997,9020.576231749825,299.3027193694731,30229.57465631678,win,-0.03318000000000154,20229.574656316767
2025-11-13 11:55:00+00:00,2025-11-13 15:30:00+00:00,sell,19.7218,19.7806,19.663000000000004,19.7806,5141.084125224121,-302.2957465631678,29927.278909753615,loss,0.058799999999997965,19927.2789097536
2025-11-13 20:05:00+00:00,2025-11-13 20:25:00+00:00,buy,19.8115,19.79156,19.831439999999997,19.831439999999997,15008.665451231784,299.27278909753613,30226.55169885115,win,0.019939999999998292,20226.551698851137
2025-11-13 20:35:00+00:00,2025-11-14 00:00:00+00:00,buy,19.835,19.7972,19.8728,19.7972,7996.442248373169,-302.26551698851154,29924.28618186264,loss,-0.03780000000000072,19924.286181862626
2025-11-14 03:20:00+00:00,2025-11-14 04:10:00+00:00,buy,19.809,19.7953,19.8227,19.7953,21842.544658293828,-299.2428618186264,29625.043320044013,loss,-0.013700000000000045,19625.043320044
2025-11-14 06:20:00+00:00,2025-11-14 06:25:00+00:00,buy,19.7978,19.78609,19.809509999999996,19.809509999999996,25298.926831811306,296.2504332004401,29921.293753244452,win,0.011709999999997223,19921.293753244438
2025-11-14 06:45:00+00:00,2025-11-14 08:05:00+00:00,buy,19.813499999999998,19.78759,19.839409999999994,19.839409999999994,11548.16432004977,299.2129375324445,30220.506690776896,win,0.025909999999996103,20220.50669077688
2025-11-14 08:15:00+00:00,2025-11-14 08:30:00+00:00,buy,19.8403,19.8174,19.8632,19.8632,13196.727812566376,302.205066907769,30522.711757684665,win,0.02289999999999992,20522.71175768465
2025-11-14 08:40:00+00:00,2025-11-14 09:20:00+00:00,buy,19.8664,19.831500000000002,19.901299999999996,19.901299999999996,8745.7626812858,305.22711757684664,30827.938875261512,win,0.03489999999999682,20827.938875261498
2025-11-14 12:30:00+00:00,2025-11-14 13:20:00+00:00,buy,19.889699999999998,19.8493,19.930099999999996,19.930099999999996,7630.677939421505,308.27938875261515,31136.21826401413,win,0.040399999999998215,21136.218264014115
2025-11-14 14:15:00+00:00,2025-11-14 15:15:00+00:00,buy,19.931,19.8911,19.9709,19.9709,7803.563474690379,311.36218264014127,31447.58044665427,win,0.03989999999999938,21447.580446654254
2025-11-14 15:25:00+00:00,2025-11-14 16:45:00+00:00,buy,19.982,19.9308,20.033199999999997,19.9308,6142.105555987412,-314.4758044665427,31133.104642187725,loss,-0.051199999999997914,21133.10464218771
2025-11-14 18:35:00+00:00,2025-11-14 23:50:00+00:00,buy,19.8863,19.8353,19.937299999999997,19.8353,6104.530321997787,-311.33104642187726,30821.773595765848,loss,-0.05099999999999838,20821.773595765833
2025-11-17 05:10:00+00:00,2025-11-17 08:05:00+00:00,sell,19.835,19.8487,19.8213,19.8487,22497.644960412952,-308.2177359576585,30513.555859808188,loss,0.013700000000000045,20513.555859808173
2025-11-17 09:00:00+00:00,2025-11-17 09:20:00+00:00,sell,19.832900000000002,19.85114,19.814660000000003,19.814660000000003,16728.923168755682,305.1355585980819,30818.69141840627,win,-0.0182399999999987,20818.691418406255
2025-11-17 09:40:00+00:00,2025-11-17 13:30:00+00:00,sell,19.8137,19.8433,19.784100000000002,19.784100000000002,10411.720073786424,308.1869141840627,31126.87833259033,win,-0.029599999999998516,21126.878332590317
2025-11-17 15:00:00+00:00,2025-11-17 15:20:00+00:00,sell,19.7935,19.808,19.779000000000003,19.808,21466.81264316844,-311.2687833259033,30815.609549264427,loss,0.014499999999998181,20815.609549264413
2025-11-17 16:35:00+00:00,2025-11-17 16:40:00+00:00,sell,19.825400000000002,19.8418,19.809000000000005,19.809000000000005,18790.0058227253,308.1560954926443,31123.76564475707,win,-0.016399999999997306,21123.765644757055
2025-11-17 16:50:00+00:00,2025-11-17 17:15:00+00:00,sell,19.798000000000002,19.8391,19.756900000000005,19.8391,7572.692370987751,-311.2376564475707,30812.5279883095,loss,0.041099999999996584,20812.527988309484
2025-11-17 20:15:00+00:00,2025-11-17 21:00:00+00:00,buy,19.8765,19.8442,19.9088,19.9088,9539.482349322025,308.125279883095,31120.653268192593,win,0.03229999999999933,21120.65326819258
2025-11-17 21:30:00+00:00,2025-11-17 21:45:00+00:00,buy,19.912,19.886,19.938,19.938,11969.482026228012,311.2065326819259,31431.859800874518,win,0.0259999999999998,21431.859800874503
2025-11-17 22:00:00+00:00,2025-11-17 22:45:00+00:00,buy,19.939,19.897100000000002,19.9809,19.897100000000002,7501.6371839799085,-314.3185980087452,31117.541202865774,loss,-0.04189999999999827,21117.54120286576
2025-11-18 00:00:00+00:00,2025-11-18 01:00:00+00:00,buy,19.8965,19.8829,19.9101,19.9101,22880.545002106715,311.1754120286577,31428.71661489443,win,0.013600000000000279,21428.716614894416
2025-11-18 03:35:00+00:00,2025-11-18 03:40:00+00:00,buy,19.8976,19.8906,19.904600000000002,19.8906,44898.16659269704,-314.2871661489443,31114.429448745486,loss,-0.0070000000000014495,21114.42944874547
2025-11-18 03:50:00+00:00,2025-11-18 04:35:00+00:00,buy,19.8999,19.8853,19.914499999999997,19.914499999999997,21311.253047088947,311.1442944874549,31425.57374323294,win,0.014599999999997948,21425.573743232926
2025-11-18 04:45:00+00:00,2025-11-18 05:10:00+00:00,buy,19.9148,19.895,19.9346,19.9346,15871.501890521655,314.2557374323294,31739.82948066527,win,0.01980000000000004,21739.829480665256
2025-11-18 05:45:00+00:00,2025-11-18 06:15:00+00:00,buy,19.9382,19.914540000000002,19.961859999999994,19.961859999999994,13414.974421247089,317.3982948066527,32057.22777547192,win,0.023659999999996018,22057.227775471907
2025-11-18 06:25:00+00:00,2025-11-18 07:40:00+00:00,buy,19.9678,19.9363,19.9993,19.9363,10176.897706498637,-320.5722777547192,31736.6554977172,loss,-0.031500000000001194,21736.655497717187
2025-11-18 08:20:00+00:00,2025-11-18 08:40:00+00:00,buy,19.947599999999998,19.9316,19.963599999999996,19.963599999999996,19835.409686075436,317.36655497717203,32054.022052694374,win,0.015999999999998238,22054.02205269436
2025-11-18 08:50:00+00:00,2025-11-18 09:00:00+00:00,buy,19.964199999999998,19.92963,19.998769999999997,19.998769999999997,9272.207709775998,320.5402205269438,32374.562273221316,win,0.03456999999999866,22374.5622732213
2025-11-18 11:25:00+00:00,2025-11-18 12:55:00+00:00,buy,19.9596,19.9242,19.994999999999997,19.9242,9145.356574356509,-323.7456227322132,32050.8166504891,loss,-0.03539999999999921,22050.816650489087
2025-11-18 14:10:00+00:00,2025-11-18 14:25:00+00:00,buy,19.9417,19.921300000000002,19.9621,19.9621,15711.184632593742,320.508166504891,32371.32481699399,win,0.02039999999999864,22371.324816993976
2025-11-18 14:35:00+00:00,2025-11-18 14:55:00+00:00,buy,19.962799999999998,19.9406,19.984999999999996,19.984999999999996,14581.677845494103,323.7132481699399,32695.03806516393,win,0.022199999999998,22695.038065163917
2025-11-18 16:50:00+00:00,2025-11-18 17:05:00+00:00,buy,19.947,19.9066,19.987399999999997,19.987399999999997,8092.831204248855,326.9503806516393,33021.98844581557,win,0.040399999999998215,23021.988445815557
2025-11-19 00:00:00+00:00,2025-11-19 02:15:00+00:00,sell,19.881700000000002,19.8975,19.865900000000003,19.8975,20899.99268722676,-330.2198844581557,32691.768561357418,loss,0.015799999999998704,22691.768561357403
2025-11-19 04:05:00+00:00,2025-11-19 05:50:00+00:00,sell,19.8935,19.915599999999998,19.8714,19.915599999999998,14792.655457628975,-326.9176856135742,32364.850875743843,loss,0.022099999999998232,22364.85087574383
2025-11-19 06:15:00+00:00,2025-11-19 06:50:00+00:00,sell,19.9037,19.9198,19.887600000000003,19.887600000000003,20102.391848290594,323.64850875743844,32688.499384501283,win,-0.016099999999998005,22688.49938450127
2025-11-19 08:05:00+00:00,2025-11-19 08:10:00+00:00,sell,19.887,19.9012,19.8728,19.8728,23020.069989087227,326.88499384501284,33015.384378346294,win,-0.01419999999999888,23015.38437834628
2025-11-19 08:20:00+00:00,2025-11-19 10:35:00+00:00,sell,19.8607,19.900299999999998,19.821100000000005,19.900299999999998,8337.218277360907,-330.153843783463,32685.23053456283,loss,0.03959999999999653,22685.230534562816
2025-11-19 11:30:00+00:00,2025-11-19 11:45:00+00:00,sell,19.8821,19.904799999999998,19.859400000000004,19.859400000000004,14398.77997117506,326.8523053456283,33012.08283990846,win,-0.022699999999996834,23012.082839908442
2025-11-19 12:05:00+00:00,2025-11-19 19:35:00+00:00,sell,19.8576,19.897199999999998,19.818000000000005,19.897199999999998,8336.38455553317,-330.1208283990846,32681.96201150937,loss,0.03959999999999653,22681.962011509357
2025-11-19 20:05:00+00:00,2025-11-19 20:45:00+00:00,sell,19.8724,19.907,19.837799999999998,19.837799999999998,9445.653760551548,326.8196201150937,33008.781631624464,win,-0.034600000000001074,23008.78163162445
2025-11-19 20:55:00+00:00,2025-11-19 22:00:00+00:00,sell,19.836000000000002,19.86299,19.809010000000004,19.86299,12230.004309606185,-330.08781631624464,32678.69381530822,loss,0.02698999999999785,22678.693815308205
2025-11-19 22:15:00+00:00,2025-11-19 22:35:00+00:00,sell,19.8457,19.8664,19.825000000000003,19.825000000000003,15786.80860643066,326.7869381530822,33005.4807534613,win,-0.020699999999997942,23005.48075346129
2025-11-19 23:50:00+00:00,2025-11-20 05:00:00+00:00,sell,19.8247,19.8521,19.7973,19.7973,12045.795895423793,330.054807534613,33335.535560995915,win,-0.02740000000000009,23335.5355609959
2025-11-20 06:30:00+00:00,2025-11-20 07:00:00+00:00,sell,19.8118,19.822599999999998,19.801000000000005,19.822599999999998,30866.236630562787,-333.35535560995913,33002.18020538596,loss,0.010799999999996146,23002.180205385943
2025-11-20 07:10:00+00:00,2025-11-20 07:15:00+00:00,sell,19.8073,19.823909999999998,19.790690000000005,19.790690000000005,19868.862254902462,330.0218020538596,33332.20200743982,win,-0.01660999999999646,23332.202007439802
2025-11-20 08:35:00+00:00,2025-11-20 09:00:00+00:00,sell,19.800900000000002,19.813,19.788800000000005,19.813,27547.274386321482,-333.32202007439815,32998.87998736542,loss,0.012099999999996669,22998.879987365402
2025-11-20 11:15:00+00:00,2025-11-20 13:00:00+00:00,sell,19.829,19.8457,19.8123,19.8457,19759.80837566773,-329.9887998736542,32668.891187491765,loss,0.01670000000000016,22668.891187491747
2025-11-20 15:05:00+00:00,2025-11-20 15:25:00+00:00,sell,19.834500000000002,19.8585,19.810500000000005,19.8585,13612.037994789735,-326.68891187491766,32342.202275616848,loss,0.023999999999997357,22342.20227561683
2025-11-20 15:35:00+00:00,2025-11-20 17:20:00+00:00,sell,19.81617,19.864,19.76834,19.76834,6761.907228855544,323.4220227561685,32665.624298373015,win,-0.04783000000000115,22665.624298372997
2025-11-20 17:50:00+00:00,2025-11-20 18:10:00+00:00,sell,19.767300000000002,19.7879,19.746700000000004,19.7879,15857.099173968889,-326.6562429837302,32338.968055389287,loss,0.020599999999998175,22338.96805538927
2025-11-20 21:00:00+00:00,2025-11-20 21:55:00+00:00,buy,19.9052,19.875500000000002,19.9349,19.875500000000002,10888.541432791637,-323.3896805538929,32015.578374835393,loss,-0.029699999999998283,22015.578374835375
2025-11-21 01:05:00+00:00,2025-11-21 04:45:00+00:00,buy,19.8588,19.8231,19.894499999999997,19.894499999999997,8967.949124604125,320.15578374835394,32335.734158583746,win,0.03569999999999851,22335.734158583728
2025-11-21 04:55:00+00:00,2025-11-21 08:35:00+00:00,buy,19.8979,19.8799,19.9159,19.9159,17964.296754768067,323.35734158583745,32659.091500169583,win,0.018000000000000682,22659.091500169565
2025-11-21 09:10:00+00:00,2025-11-21 09:45:00+00:00,buy,19.926,19.8886,19.963399999999996,19.963399999999996,8732.3774064629,326.59091500169586,32985.68241517128,win,0.0373999999999981,22985.68241517126
2025-11-21 09:55:00+00:00,2025-11-21 14:25:00+00:00,buy,19.97457,19.912300000000002,20.036839999999998,20.036839999999998,5297.202893074083,329.8568241517128,33315.53923932299,win,0.06226999999999805,23315.539239322974
2025-11-21 16:10:00+00:00,2025-11-21 17:00:00+00:00,buy,20.016099999999998,19.977,20.055199999999996,20.055199999999996,8520.5982709271,333.15539239322993,33648.69463171622,win,0.03909999999999769,23648.694631716204
2025-11-21 17:15:00+00:00,2025-11-21 18:40:00+00:00,buy,20.055699999999998,20.0119,20.099499999999995,20.0119,7682.350372538407,-336.4869463171622,33312.20768539906,loss,-0.0437999999999974,23312.20768539904
2025-11-21 19:55:00+00:00,2025-11-24 00:00:00+00:00,buy,20.0181,19.982400000000002,20.0538,19.982400000000002,9331.150612156987,-333.12207685399056,32979.085608545065,loss,-0.03569999999999851,22979.08560854505
2025-11-24 02:25:00+00:00,2025-11-24 03:35:00+00:00,buy,19.9953,19.9812,20.0094,20.0094,23389.42241740932,329.7908560854507,33308.87646463051,win,0.014099999999999113,23308.876464630503
2025-11-24 03:45:00+00:00,2025-11-24 07:25:00+00:00,buy,20.0108,19.9947,20.026899999999998,19.9947,20688.743145735803,-333.08876464630515,32975.78769998421,loss,-0.016099999999998005,22975.787699984197
2025-11-24 16:15:00+00:00,2025-11-24 16:45:00+00:00,sell,19.950300000000002,19.971799999999998,19.928800000000006,19.971799999999998,15337.575674414062,-329.75787699984215,32646.02982298437,loss,0.021499999999996078,22646.029822984354
2025-11-24 17:00:00+00:00,2025-11-24 17:50:00+00:00,sell,19.9406,19.9746,19.9066,19.9746,9601.77347734865,-326.4602982298437,32319.569524754526,loss,0.03399999999999892,22319.56952475451
2025-11-24 18:00:00+00:00,2025-11-24 20:55:00+00:00,sell,19.94895,19.9752,19.9227,19.9227,12312.21696181078,323.19569524754525,32642.76522000207,win,-0.026250000000000995,22642.765220002057
2025-11-24 21:05:00+00:00,2025-11-24 21:55:00+00:00,sell,19.921300000000002,19.9335,19.909100000000006,19.9335,26756.364934435744,-326.4276522000207,32316.33756780205,loss,0.012199999999996436,22316.337567802035
2025-11-24 22:15:00+00:00,2025-11-24 23:15:00+00:00,sell,19.9222,19.9347,19.9097,19.9097,25853.070054243108,323.1633756780205,32639.50094348007,win,-0.01249999999999929,22639.500943480056
2025-11-25 00:55:00+00:00,2025-11-25 04:45:00+00:00,sell,19.92,19.9357,19.904300000000003,19.904300000000003,20789.491046804003,326.3950094348007,32965.89595291487,win,-0.015699999999998937,22965.895952914856
2025-11-25 06:35:00+00:00,2025-11-25 09:25:00+00:00,sell,19.915,19.9411,19.8889,19.8889,12630.611476212804,329.6589595291487,33295.55491244402,win,-0.026099999999999568,23295.554912444004
2025-11-25 09:35:00+00:00,2025-11-25 10:40:00+00:00,sell,19.88512,19.9165,19.853740000000002,19.9165,10610.438149281541,-332.9555491244402,32962.59936331958,loss,0.03137999999999863,22962.599363319565
2025-11-25 11:50:00+00:00,2025-11-25 16:40:00+00:00,sell,19.8991,19.9472,19.851000000000003,19.9472,6852.931260565682,-329.62599363319583,32632.973369686388,loss,0.04809999999999803,22632.97336968637
2025-11-26 00:00:00+00:00,2025-11-26 03:05:00+00:00,sell,19.9034,19.9221,19.884700000000002,19.884700000000002,17450.787898228904,326.3297336968639,32959.30310338325,win,-0.01869999999999905,22959.303103383234
2025-11-26 03:15:00+00:00,2025-11-26 04:30:00+00:00,sell,19.8837,19.8992,19.8682,19.8992,21264.066518312593,-329.5930310338325,32629.71007234942,loss,0.015499999999999403,22629.7100723494
2025-11-26 05:20:00+00:00,2025-11-26 05:35:00+00:00,sell,19.887800000000002,19.8997,19.875900000000005,19.8997,27419.924430552328,-326.29710072349417,32303.412971625923,loss,0.011899999999997135,22303.412971625905
2025-11-26 06:55:00+00:00,2025-11-26 07:55:00+00:00,sell,19.88992,19.901699999999998,19.878140000000002,19.901699999999998,27422.2520981588,-323.03412971625926,31980.378841909664,loss,0.011779999999998125,21980.378841909645
2025-11-26 08:35:00+00:00,2025-11-26 08:40:00+00:00,sell,19.8914,19.90342,19.87938,19.90342,26605.972414235,-319.80378841909663,31660.575053490567,loss,0.012019999999999698,21660.57505349055
2025-11-26 09:15:00+00:00,2025-11-26 10:15:00+00:00,sell,19.8887,19.909399999999998,19.868000000000002,19.868000000000002,15294.963793958315,316.60575053490567,31977.180804025473,win,-0.020699999999997942,21977.180804025455
2025-11-26 10:40:00+00:00,2025-11-26 13:05:00+00:00,sell,19.8638,19.8917,19.835900000000002,19.835900000000002,11461.35512689129,319.7718080402547,32296.95261206573,win,-0.027899999999998926,22296.95261206571
2025-11-26 13:15:00+00:00,2025-11-26 14:30:00+00:00,sell,19.8336,19.8535,19.8137,19.8535,16229.624428173891,-322.9695261206573,31973.98308594507,loss,0.019899999999999807,21973.983085945052
2025-11-26 15:30:00+00:00,2025-11-26 17:00:00+00:00,sell,19.8324,19.860599999999998,19.8042,19.860599999999998,11338.29187444932,-319.7398308594507,31654.24325508562,loss,0.028199999999998226,21654.243255085603
2025-11-26 17:35:00+00:00,2025-11-26 21:40:00+00:00,sell,19.828,19.8625,19.793499999999998,19.8625,9175.142972488238,-316.54243255085623,31337.700822534764,loss,0.03450000000000131,21337.700822534745
2025-11-26 23:55:00+00:00,2025-11-27 00:00:00+00:00,sell,19.8628,19.883409999999998,19.842190000000002,19.842190000000002,15205.095013361532,313.37700822534765,31651.07783076011,win,-0.020609999999997797,21651.077830760092
2025-11-27 10:05:00+00:00,2025-11-27 10:10:00+00:00,buy,19.8633,19.843780000000002,19.882819999999995,19.882819999999995,16214.69151166286,316.51077830760113,31967.588609067712,win,0.01951999999999643,21967.588609067694
2025-11-27 10:20:00+00:00,2025-11-28 10:50:00+00:00,buy,19.8859,19.8506,19.9212,19.8506,9055.974110217625,-319.6758860906771,31647.912722977035,loss,-0.03529999999999944,21647.912722977017
2025-11-28 11:00:00+00:00,2025-11-28 12:10:00+00:00,sell,19.8459,19.8739,19.8179,19.8179,11302.825972492326,316.47912722977037,31964.391850206805,win,-0.027999999999998693,21964.391850206786
2025-11-28 12:20:00+00:00,2025-11-28 14:00:00+00:00,sell,19.8173,19.8419,19.7927,19.7927,12993.65522366156,319.64391850206806,32284.035768708873,win,-0.02459999999999951,22284.035768708854
2025-11-28 16:25:00+00:00,2025-11-28 17:10:00+00:00,sell,19.8028,19.825699999999998,19.779900000000005,19.825699999999998,14097.832213412225,-322.8403576870887,31961.195411021785,loss,0.022899999999996368,21961.195411021767
2025-11-28 20:10:00+00:00,2025-12-01 00:00:00+00:00,sell,19.8442,19.8662,19.822200000000002,19.822200000000002,14527.816095920009,319.6119541102179,32280.807365132,win,-0.021999999999998465,22280.807365131983
2025-12-01 06:05:00+00:00,2025-12-01 07:00:00+00:00,buy,19.8617,19.8532,19.870199999999997,19.870199999999997,37977.4204295762,322.80807365132,32603.61543878332,win,0.008499999999997954,22603.6154387833
2025-12-01 07:10:00+00:00,2025-12-01 08:50:00+00:00,buy,19.878999999999998,19.86145,19.896549999999994,19.86145,18577.5586545812,-326.0361543878332,32277.579284395488,loss,-0.017549999999996402,22277.57928439547
2025-12-01 09:10:00+00:00,2025-12-01 09:20:00+00:00,buy,19.8767,19.8578,19.895599999999998,19.895599999999998,17078.08427745921,322.7757928439549,32600.35507723944,win,0.018899999999998585,22600.355077239423
2025-12-01 12:30:00+00:00,2025-12-01 15:30:00+00:00,buy,19.8618,19.8319,19.891699999999997,19.891699999999997,10903.128788375192,326.0035507723944,32926.35862801183,win,0.029899999999997817,22926.358628011818
2025-12-01 15:40:00+00:00,2025-12-01 16:10:00+00:00,buy,19.8932,19.8749,19.9115,19.8749,17992.54569836714,-329.2635862801183,32597.095041731714,loss,-0.018299999999999983,22597.0950417317
2025-12-01 20:05:00+00:00,2025-12-01 23:55:00+00:00,sell,19.8411,19.8528,19.829400000000003,19.829400000000003,27860.764992938803,325.97095041731717,32923.06599214903,win,-0.011699999999997601,22923.06599214902
2025-12-02 00:05:00+00:00,2025-12-02 03:05:00+00:00,sell,19.8197,19.8467,19.792700000000004,19.8467,12193.728145241525,-329.2306599214903,32593.83533222754,loss,0.02699999999999747,22593.83533222753
2025-12-02 08:55:00+00:00,2025-12-02 09:00:00+00:00,sell,19.840600000000002,19.8491,19.832100000000004,19.8491,38345.68862615928,-325.9383533222754,32267.896978905264,loss,0.008499999999997954,22267.896978905253
2025-12-02 09:20:00+00:00,2025-12-02 09:40:00+00:00,sell,19.8364,19.8541,19.818700000000003,19.8541,18230.45027057018,-322.67896978905264,31945.21800911621,loss,0.01769999999999783,21945.2180091162
2025-12-02 11:05:00+00:00,2025-12-02 11:20:00+00:00,buy,19.8716,19.854400000000002,19.8888,19.8888,18572.801168091908,319.4521800911621,32264.670189207372,win,0.017199999999998994,22264.67018920736
2025-12-02 13:30:00+00:00,2025-12-02 14:00:00+00:00,buy,19.8871,19.8712,19.903,19.8712,20292.24540201917,-322.64670189207374,31942.0234873153,loss,-0.01589999999999847,21942.023487315288
2025-12-02 16:30:00+00:00,2025-12-02 16:40:00+00:00,buy,19.8615,19.8491,19.8739,19.8739,25759.696360739137,319.420234873153,32261.44372218845,win,0.012399999999999523,22261.44372218844
2025-12-02 17:15:00+00:00,2025-12-03 02:25:00+00:00,buy,19.878999999999998,19.8444,19.913599999999995,19.913599999999995,9324.116682714093,322.61443722188454,32584.058159410335,win,0.03459999999999752,22584.058159410324
2025-12-03 02:35:00+00:00,2025-12-03 03:00:00+00:00,buy,19.9142,19.898600000000002,19.9298,19.898600000000002,20887.21676885389,-325.84058159410336,32258.21757781623,loss,-0.01559999999999917,22258.21757781622
2025-12-03 04:20:00+00:00,2025-12-03 08:45:00+00:00,buy,19.897299999999998,19.8842,19.910399999999996,19.8842,24624.59357085605,-322.5821757781623,31935.635402038068,loss,-0.013099999999997891,21935.635402038057
2025-12-03 09:15:00+00:00,2025-12-03 10:00:00+00:00,buy,19.9037,19.88157,19.92583,19.88157,14430.924266623197,-319.3563540203807,31616.27904801769,loss,-0.02213000000000065,21616.279048017677
2025-12-03 11:05:00+00:00,2025-12-03 11:30:00+00:00,buy,19.8772,19.8578,19.896599999999996,19.896599999999996,16297.05105568139,316.1627904801769,31932.441838497864,win,0.01939999999999742,21932.441838497853
2025-12-03 11:40:00+00:00,2025-12-03 12:10:00+00:00,buy,19.898899999999998,19.8783,19.919499999999996,19.919499999999996,15501.18535849548,319.3244183849786,32251.766256882842,win,0.020599999999998175,22251.76625688283
2025-12-03 12:20:00+00:00,2025-12-03 12:40:00+00:00,buy,19.9209,19.907500000000002,19.934299999999997,19.934299999999997,24068.482281260898,322.5176625688284,32574.28391945167,win,0.013399999999997192,22574.28391945166
2025-12-03 12:50:00+00:00,2025-12-03 13:20:00+00:00,buy,19.935299999999998,19.9129,19.957699999999996,19.9129,14542.091035471098,-325.7428391945167,32248.541080257153,loss,-0.022399999999997533,22248.541080257142
2025-12-03 14:25:00+00:00,2025-12-03 16:25:00+00:00,buy,19.9303,19.9118,19.9488,19.9118,17431.643827166485,-322.48541080257155,31926.05566945458,loss,-0.018499999999999517,21926.05566945457
2025-12-04 00:05:00+00:00,2025-12-04 03:55:00+00:00,sell,19.87305,19.885099999999998,19.861,19.885099999999998,26494.652007849287,-319.2605566945458,31606.795112760035,loss,0.012049999999998562,21606.795112760024
2025-12-04 06:10:00+00:00,2025-12-04 07:50:00+00:00,sell,19.88284,19.8915,19.874180000000003,19.8915,36497.45394083566,-316.06795112760034,31290.727161632436,loss,0.008659999999999002,21290.727161632425
2025-12-04 09:05:00+00:00,2025-12-04 09:45:00+00:00,sell,19.8822,19.8922,19.872200000000003,19.872200000000003,31290.72716163866,312.90727161632435,31603.63443324876,win,-0.00999999999999801,21603.63443324875
2025-12-04 09:55:00+00:00,2025-12-04 10:45:00+00:00,sell,19.8708,19.8901,19.851499999999998,19.8901,16374.940120853258,-316.0363443324876,31287.598088916275,loss,0.019300000000001205,21287.598088916264
2025-12-04 11:15:00+00:00,2025-12-04 11:40:00+00:00,sell,19.87892,19.9032,19.854640000000003,19.854640000000003,12886.160662652226,312.87598088916275,31600.474069805437,win,-0.024279999999997415,21600.474069805427
2025-12-04 11:50:00+00:00,2025-12-04 13:55:00+00:00,sell,19.85329,19.8839,19.822680000000002,19.822680000000002,10323.578591900065,316.0047406980544,31916.478810503493,win,-0.03060999999999936,21916.478810503482
2025-12-04 14:05:00+00:00,2025-12-04 15:30:00+00:00,sell,19.81568,19.8498,19.781560000000002,19.781560000000002,9354.184879984006,319.1647881050349,32235.643598608527,win,-0.03411999999999793,22235.643598608516
2025-12-04 16:45:00+00:00,2025-12-04 17:05:00+00:00,sell,19.7944,19.8099,19.7789,19.7789,20797.189418457914,322.3564359860853,32558.000034594614,win,-0.015499999999999403,22558.000034594603
2025-12-04 17:15:00+00:00,2025-12-04 17:40:00+00:00,sell,19.77185,19.8025,19.741200000000003,19.8025,10622.51224619801,-325.58000034594613,32232.42003424867,loss,0.030649999999997846,22232.42003424866
2025-12-04 21:05:00+00:00,2025-12-04 21:35:00+00:00,sell,19.8061,19.816599999999998,19.795600000000004,19.795600000000004,30697.54288976986,322.3242003424867,32554.744234591155,win,-0.010499999999996845,22554.744234591144
2025-12-04 21:45:00+00:00,2025-12-04 23:05:00+00:00,sell,19.7953,19.8091,19.7815,19.7815,23590.394372892464,325.5474423459116,32880.291676937064,win,-0.013799999999999812,22880.291676937057
2025-12-04 23:25:00+00:00,2025-12-05 02:30:00+00:00,sell,19.77852,19.793599999999998,19.763440000000003,19.793599999999998,21803.906947574556,-328.80291676937065,32551.488760167693,loss,0.01507999999999754,22551.488760167686
2025-12-05 03:05:00+00:00,2025-12-05 04:15:00+00:00,sell,19.78565,19.7959,19.7754,19.7959,31757.550009922168,-325.51488760167695,32225.973872566017,loss,0.010249999999999204,22225.97387256601
2025-12-05 04:35:00+00:00,2025-12-05 06:25:00+00:00,sell,19.7864,19.7964,19.776400000000002,19.776400000000002,32225.973872572427,322.25973872566016,32548.23361129168,win,-0.00999999999999801,22548.23361129167
2025-12-05 06:35:00+00:00,2025-12-05 09:25:00+00:00,sell,19.768710000000002,19.7853,19.752120000000005,19.752120000000005,19619.18843357272,325.4823361129168,32873.7159474046,win,-0.016589999999997218,22873.715947404587
2025-12-05 10:05:00+00:00,2025-12-05 10:30:00+00:00,sell,19.75086,19.77432,19.7274,19.7274,14012.666644247463,328.737159474046,33202.453106878645,win,-0.023460000000000036,23202.453106878635
2025-12-05 10:50:00+00:00,2025-12-05 13:35:00+00:00,sell,19.7265,19.7453,19.707700000000003,19.7453,17660.879312170604,-332.0245310687865,32870.428575809856,loss,0.018799999999998818,22870.42857580985
2025-12-05 13:55:00+00:00,2025-12-05 14:10:00+00:00,sell,19.7279,19.7458,19.710000000000004,19.710000000000004,18363.367919449556,328.70428575809865,33199.13286156795,win,-0.017899999999997362,23199.13286156795
2025-12-05 14:20:00+00:00,2025-12-05 16:00:00+00:00,sell,19.7069,19.7389,19.6749,19.7389,10374.729019239976,-331.99132861567955,32867.14153295227,loss,0.03200000000000003,22867.141532952268
2025-12-05 17:00:00+00:00,2025-12-05 18:10:00+00:00,sell,19.715700000000002,19.740199999999998,19.691200000000006,19.740199999999998,13415.159809370361,-328.67141532952274,32538.47011762275,loss,0.02449999999999619,22538.470117622746
2025-12-05 19:25:00+00:00,2025-12-05 19:50:00+00:00,sell,19.7298,19.7468,19.7128,19.7128,19140.276539778697,325.3847011762275,32863.85481879898,win,-0.01699999999999946,22863.854818798973
2025-12-05 22:10:00+00:00,2025-12-05 23:15:00+00:00,sell,19.7265,19.737199999999998,19.715800000000005,19.715800000000005,30713.883008233737,328.6385481879898,33192.49336698697,win,-0.010699999999996379,23192.493366986964
2025-12-05 23:25:00+00:00,2025-12-08 00:00:00+00:00,sell,19.71481,19.7302,19.69942,19.69942,21567.572038328097,331.92493366986974,33524.41830065684,win,-0.015390000000000015,23524.418300656835
2025-12-08 03:35:00+00:00,2025-12-08 03:45:00+00:00,sell,19.713820000000002,19.7238,19.703840000000003,19.7238,33591.601503668324,-335.24418300656845,33189.17411765028,loss,0.009979999999998768,23189.174117650266
2025-12-08 07:30:00+00:00,2025-12-08 07:50:00+00:00,sell,19.723,19.729599999999998,19.7164,19.729599999999998,50286.62745099419,-331.89174117650276,32857.28237647378,loss,0.006599999999998829,22857.282376473762
2025-12-08 10:15:00+00:00,2025-12-08 10:25:00+00:00,buy,19.761,19.7395,19.7825,19.7825,15282.456919290393,328.5728237647378,33185.85520023851,win,0.02149999999999963,23185.8552002385
2025-12-08 10:55:00+00:00,2025-12-08 16:25:00+00:00,buy,19.7849,19.7517,19.8181,19.7517,9995.739518143893,-331.8585520023851,32853.99664823613,loss,-0.033200000000000784,22853.996648236116
2025-12-08 16:35:00+00:00,2025-12-08 16:45:00+00:00,buy,19.766,19.747500000000002,19.784499999999994,19.784499999999994,17758.917107158537,328.53996648236125,33182.53661471849,win,0.018499999999995964,23182.536614718476
2025-12-08 16:55:00+00:00,2025-12-09 04:15:00+00:00,buy,19.7918,19.747500000000002,19.836099999999995,19.836099999999995,7490.414585715873,331.8253661471849,33514.36198086567,win,0.04429999999999623,23514.361980865662
2025-12-09 04:25:00+00:00,2025-12-09 05:30:00+00:00,buy,19.836399999999998,19.8244,19.848399999999994,19.848399999999994,27928.63498406194,335.14361980865675,33849.50560067433,win,0.011999999999996902,23849.505600674318
2025-12-09 06:50:00+00:00,2025-12-09 07:40:00+00:00,buy,19.8418,19.8357,19.8479,19.8357,55490.992787990755,-338.4950560067433,33511.01054466759,loss,-0.006099999999999994,23511.010544667573
2025-12-09 07:50:00+00:00,2025-12-09 08:00:00+00:00,buy,19.842499999999998,19.8353,19.849699999999995,19.849699999999995,46543.07020094382,335.1101054466759,33846.120650114266,win,0.007199999999997431,23846.120650114248
2025-12-09 08:15:00+00:00,2025-12-09 09:50:00+00:00,buy,19.8504,19.8353,19.8655,19.8353,22414.649437161268,-338.46120650114267,33507.65944361312,loss,-0.015100000000000335,23507.659443613105
2025-12-09 13:50:00+00:00,2025-12-09 15:00:00+00:00,buy,19.8388,19.8215,19.856099999999998,19.856099999999998,19368.589273766196,335.0765944361312,33842.736038049254,win,0.01729999999999876,23842.736038049236
2025-12-09 15:10:00+00:00,2025-12-09 15:30:00+00:00,buy,19.8579,19.8312,19.884600000000002,19.884600000000002,12675.18203672175,338.42736038049253,34181.163398429744,win,0.026700000000001722,24181.16339842973
2025-12-09 18:30:00+00:00,2025-12-09 18:35:00+00:00,buy,19.8396,19.82534,19.85386,19.82534,23969.960307453966,-341.81163398429743,33839.35176444545,loss,-0.014260000000000161,23839.351764445433
2025-12-09 18:55:00+00:00,2025-12-09 20:05:00+00:00,buy,19.8401,19.81361,19.86659,19.81361,12774.3872270467,-338.3935176444545,33500.95824680099,loss,-0.026489999999999014,23500.95824680098
2025-12-10 02:50:00+00:00,2025-12-10 03:35:00+00:00,sell,19.8119,19.819399999999998,19.804400000000005,19.819399999999998,44667.944329087455,-335.0095824680099,33165.94866433298,loss,0.0074999999999967315,23165.94866433297
2025-12-10 03:45:00+00:00,2025-12-10 04:05:00+00:00,sell,19.810100000000002,19.81996,19.800240000000006,19.81996,33636.86477114173,-331.6594866433298,32834.28917768965,loss,0.009859999999996205,22834.28917768964
2025-12-10 05:25:00+00:00,2025-12-10 06:40:00+00:00,sell,19.810200000000002,19.8186,19.801800000000004,19.8186,39088.43949725803,-328.3428917768965,32505.946285912753,loss,0.008399999999998187,22505.94628591274
2025-12-10 07:35:00+00:00,2025-12-10 08:50:00+00:00,sell,19.8125,19.819,19.806,19.806,50009.14813218068,325.0594628591275,32831.00574877188,win,-0.006499999999999062,22831.00574877187
2025-12-10 09:00:00+00:00,2025-12-10 09:50:00+00:00,sell,19.803,19.8158,19.790200000000002,19.8158,25649.22324123086,-328.31005748771884,32502.695691284163,loss,0.01279999999999859,22502.695691284152
2025-12-10 11:15:00+00:00,2025-12-10 11:30:00+00:00,sell,19.8199,19.8311,19.8087,19.8087,29020.264010078343,325.0269569128416,32827.72264819701,win,-0.011199999999998766,22827.722648196996
2025-12-10 11:50:00+00:00,2025-12-10 12:25:00+00:00,sell,19.8066,19.834,19.7792,19.7792,11980.920674524414,328.27722648197005,33155.99987467898,win,-0.02740000000000009,23155.999874678964
2025-12-10 12:45:00+00:00,2025-12-10 14:55:00+00:00,sell,19.7774,19.8047,19.7501,19.8047,12145.054899149665,-331.5599987467898,32824.43987593219,loss,0.027300000000000324,22824.439875932174
2025-12-10 16:15:00+00:00,2025-12-10 16:35:00+00:00,sell,19.795830000000002,19.8117,19.779960000000006,19.779960000000006,20683.32695396368,328.24439875932194,33152.68427469151,win,-0.015869999999996054,23152.684274691495
2025-12-10 16:45:00+00:00,2025-12-10 19:15:00+00:00,sell,19.7775,19.80659,19.74841,19.80659,11396.591362905274,-331.5268427469151,32821.1574319446,loss,0.02909000000000006,22821.15743194458
2025-12-10 21:00:00+00:00,2025-12-10 21:25:00+00:00,sell,19.7896,19.80895,19.77025,19.80895,16961.838466121844,-328.211574319446,32492.945857625156,loss,0.019349999999999312,22492.945857625135
2025-12-10 21:35:00+00:00,2025-12-11 01:50:00+00:00,sell,19.786550000000002,19.8143,19.758800000000004,19.8143,11709.169678424536,-324.9294585762516,32168.016399048905,loss,0.0277499999999975,22168.016399048884
2025-12-11 05:05:00+00:00,2025-12-11 08:10:00+00:00,buy,19.8375,19.819300000000002,19.855699999999995,19.819300000000002,17674.734285194947,-321.68016399048906,31846.336235058418,loss,-0.018199999999996663,21846.336235058396
2025-12-11 10:15:00+00:00,2025-12-11 10:55:00+00:00,sell,19.7807,19.796699999999998,19.7647,19.796699999999998,19903.960146913705,-318.4633623505842,31527.872872707834,loss,0.015999999999998238,21527.872872707812
2025-12-11 14:45:00+00:00,2025-12-11 15:00:00+00:00,buy,19.8388,19.825,19.8526,19.8526,22846.28469036831,315.2787287270784,31843.15160143491,win,0.013799999999999812,21843.15160143489
2025-12-11 16:05:00+00:00,2025-12-11 16:55:00+00:00,buy,19.8554,19.8276,19.8832,19.8276,11454.371079653194,-318.43151601434914,31524.720085420562,loss,-0.02779999999999916,21524.72008542054
2025-12-11 19:25:00+00:00,2025-12-11 20:15:00+00:00,buy,19.805,19.7847,19.8253,19.8253,15529.41876129178,315.24720085420563,31839.96728627477,win,0.020299999999998875,21839.967286274747
2025-12-12 00:05:00+00:00,2025-12-12 00:10:00+00:00,sell,19.79184,19.805799999999998,19.777880000000003,19.777880000000003,22807.999488739908,318.3996728627477,32158.366959137515,win,-0.013959999999997308,22158.366959137493
2025-12-12 04:00:00+00:00,2025-12-12 07:00:00+00:00,sell,19.801000000000002,19.81466,19.787340000000004,19.787340000000004,23541.996309767354,321.58366959137516,32479.95062872889,win,-0.013659999999998007,22479.950628728868
2025-12-12 07:15:00+00:00,2025-12-12 07:20:00+00:00,sell,19.7849,19.7953,19.7745,19.7745,31230.72175839127,324.7995062872889,32804.75013501618,win,-0.010400000000000631,22804.75013501616
2025-12-12 07:40:00+00:00,2025-12-12 09:00:00+00:00,sell,19.7716,19.7917,19.7515,19.7917,16320.77121145137,-328.0475013501618,32476.702633666016,loss,0.02009999999999934,22476.702633666
2025-12-12 09:30:00+00:00,2025-12-12 12:25:00+00:00,sell,19.761200000000002,19.795099999999998,19.727300000000007,19.795099999999998,9580.148269519243,-324.7670263366602,32151.935607329357,loss,0.0338999999999956,22151.93560732934
2025-12-12 13:00:00+00:00,2025-12-12 17:15:00+00:00,sell,19.76738,19.7973,19.73746,19.7973,10745.967783198095,-321.5193560732936,31830.41625125606,loss,0.029920000000000613,21830.416251256043
2025-12-12 21:10:00+00:00,2025-12-12 22:05:00+00:00,buy,19.8079,19.7942,19.8216,19.8216,23233.88047536931,318.3041625125606,32148.72041376862,win,0.013700000000000045,22148.720413768602
2025-12-12 23:35:00+00:00,2025-12-12 23:50:00+00:00,buy,19.8207,19.8021,19.839299999999998,19.8021,17284.258286973043,-321.4872041376862,31827.233209630933,loss,-0.018599999999999284,21827.233209630915
2025-12-15 01:05:00+00:00,2025-12-15 02:35:00+00:00,buy,19.787,19.7636,19.810399999999998,19.810399999999998,13601.381713518218,318.27233209630936,32145.50554172724,win,0.023399999999998755,22145.505541727223
2025-12-15 02:45:00+00:00,2025-12-15 03:15:00+00:00,buy,19.811799999999998,19.7976,19.825999999999997,19.7976,22637.679958964633,-321.45505541727243,31824.05048630997,loss,-0.01419999999999888,21824.050486309952
2025-12-15 04:50:00+00:00,2025-12-15 05:20:00+00:00,buy,19.8121,19.8004,19.823800000000002,19.8004,27200.043150689602,-318.2405048630997,31505.80998144687,loss,-0.011700000000001154,21505.80998144685
2025-12-15 07:30:00+00:00,2025-12-15 08:40:00+00:00,sell,19.77,19.7854,19.7546,19.7546,20458.318169771177,315.0580998144687,31820.86808126134,win,-0.015399999999999636,21820.86808126132
2025-12-15 10:15:00+00:00,2025-12-15 11:10:00+00:00,sell,19.762,19.7803,19.7437,19.7803,17388.452503421515,-318.2086808126134,31502.659400448723,loss,0.018299999999999983,21502.659400448705
2025-12-15 11:20:00+00:00,2025-12-15 12:45:00+00:00,sell,19.7616,19.7837,19.739500000000003,19.739500000000003,14254.597013778844,315.02659400448727,31817.68599445321,win,-0.022099999999998232,21817.685994453193
2025-12-15 12:55:00+00:00,2025-12-15 14:00:00+00:00,sell,19.736800000000002,19.76383,19.709770000000006,19.709770000000006,11771.248980561422,318.1768599445321,32135.862854397743,win,-0.027029999999996335,22135.862854397725
2025-12-15 17:30:00+00:00,2025-12-16 08:00:00+00:00,sell,19.7313,19.7599,19.702700000000004,19.7599,11236.315683356917,-321.35862854397743,31814.504225853765,loss,0.028599999999997294,21814.504225853747
2025-12-16 12:05:00+00:00,2025-12-16 12:40:00+00:00,sell,19.740000000000002,19.7565,19.723500000000005,19.723500000000005,19281.517712642068,318.14504225853767,32132.6492681123,win,-0.016499999999997073,22132.649268112284
2025-12-16 12:50:00+00:00,2025-12-16 14:55:00+00:00,sell,19.720100000000002,19.746299999999998,19.693900000000006,19.746299999999998,12264.369949663158,-321.326492681123,31811.322775431177,loss,0.026199999999995782,21811.32277543116
2025-12-16 15:05:00+00:00,2025-12-16 15:15:00+00:00,sell,19.7314,19.7505,19.712300000000003,19.7505,16655.142814363513,-318.11322775431177,31493.209547676866,loss,0.01909999999999812,21493.209547676848
2025-12-16 15:25:00+00:00,2025-12-16 15:30:00+00:00,sell,19.7274,19.7566,19.6982,19.6982,10785.34573550598,314.93209547676867,31808.141643153635,win,-0.02919999999999945,21808.141643153616
2025-12-16 16:45:00+00:00,2025-12-16 17:25:00+00:00,sell,19.7195,19.7383,19.7007,19.7383,16919.224278274276,-318.0814164315364,31490.060226722097,loss,0.018799999999998818,21490.06022672208
2025-12-16 17:35:00+00:00,2025-12-16 17:55:00+00:00,sell,19.7133,19.741,19.6856,19.6856,11368.25278943061,314.90060226722096,31804.96082898932,win,-0.027699999999999392,21804.9608289893
2025-12-16 20:15:00+00:00,2025-12-16 21:25:00+00:00,sell,19.6864,19.7012,19.671599999999998,19.671599999999998,21489.838397964253,318.0496082898932,32123.010437279212,win,-0.014800000000001035,22123.010437279194
2025-12-16 22:55:00+00:00,2025-12-16 23:25:00+00:00,sell,19.68138,19.6952,19.66756,19.6952,23243.857045789733,-321.23010437279214,31801.78033290642,loss,0.013819999999999055,21801.7803329064
2025-12-16 23:40:00+00:00,2025-12-17 03:05:00+00:00,sell,19.68083,19.699099999999998,19.662560000000003,19.662560000000003,17406.557379808786,318.0178033290642,32119.798136235484,win,-0.018269999999997566,22119.798136235466
2025-12-17 04:30:00+00:00,2025-12-17 07:55:00+00:00,sell,19.6635,19.6875,19.639499999999998,19.639499999999998,13383.249223430943,321.1979813623548,32440.99611759784,win,-0.02400000000000091,22440.99611759782
2025-12-17 08:10:00+00:00,2025-12-17 09:50:00+00:00,sell,19.6389,19.6541,19.6237,19.6237,21342.760603682644,324.40996117597837,32765.406078773816,win,-0.015200000000000102,22765.406078773798
2025-12-17 11:05:00+00:00,2025-12-17 11:10:00+00:00,sell,19.6369,19.6524,19.6214,19.6214,21138.971663725857,327.65406078773816,33093.06013956155,win,-0.015499999999999403,23093.060139561538
2025-12-17 11:20:00+00:00,2025-12-17 17:35:00+00:00,sell,19.6173,19.6507,19.5839,19.6507,9908.101838191988,-330.93060139561555,32762.129538165937,loss,0.03340000000000032,22762.129538165922
2025-12-17 22:15:00+00:00,2025-12-17 23:45:00+00:00,buy,19.700699999999998,19.68318,19.718219999999995,19.68318,18699.84562680967,-327.62129538165937,32434.50824278428,loss,-0.017519999999997538,22434.508242784264
2025-12-18 01:10:00+00:00,2025-12-18 05:40:00+00:00,buy,19.6894,19.67128,19.70752,19.70752,17899.83898608434,324.3450824278428,32758.853325212123,win,0.018119999999999692,22758.85332521211
2025-12-18 06:55:00+00:00,2025-12-18 07:10:00+00:00,buy,19.69866,19.689700000000002,19.70762,19.689700000000002,36561.220229038314,-327.58853325212124,32431.264791960002,loss,-0.008959999999998303,22431.264791959988
2025-12-18 10:15:00+00:00,2025-12-18 10:35:00+00:00,buy,19.6566,19.6387,19.674500000000002,19.674500000000002,18118.025023440416,324.3126479196,32755.577439879602,win,0.017900000000000915,22755.577439879587
2025-12-18 10:45:00+00:00,2025-12-18 14:10:00+00:00,buy,19.6827,19.6369,19.7285,19.6369,7151.872803467187,-327.555774398796,32428.021665480806,loss,-0.04579999999999984,22428.021665480792
2025-12-18 14:20:00+00:00,2025-12-18 15:05:00+00:00,sell,19.6358,19.65995,19.61165,19.65995,13427.752242435792,-324.28021665480804,32103.741448826,loss,0.024149999999998784,22103.741448825986
2025-12-18 16:45:00+00:00,2025-12-18 17:25:00+00:00,buy,19.7077,19.6643,19.751099999999997,19.6643,7397.175449038535,-321.03741448826,31782.70403433774,loss,-0.04339999999999833,21782.704034337727
2025-12-18 17:35:00+00:00,2025-12-18 18:40:00+00:00,sell,19.65617,19.7043,19.60804,19.60804,6603.512161715654,317.8270403433774,32100.53107468112,win,-0.04813000000000045,22100.531074681105
2025-12-18 20:35:00+00:00,2025-12-18 21:45:00+00:00,sell,19.6109,19.6284,19.593400000000003,19.6284,18343.160614105283,-321.0053107468112,31779.525763934307,loss,0.017499999999998295,21779.525763934293
2025-12-18 22:35:00+00:00,2025-12-18 23:55:00+00:00,sell,19.6176,19.628999999999998,19.6062,19.6062,27876.776985911445,317.7952576393431,32097.32102157365,win,-0.0113999999999983,22097.321021573636
2025-12-19 00:05:00+00:00,2025-12-19 01:20:00+00:00,sell,19.599,19.62,19.578,19.62,15284.438581701159,-320.9732102157365,31776.347811357915,loss,0.021000000000000796,21776.3478113579
2025-12-19 02:25:00+00:00,2025-12-19 03:25:00+00:00,sell,19.6006,19.6218,19.5794,19.6218,14988.843307244066,-317.76347811357914,31458.584333244336,loss,0.02120000000000033,21458.584333244322
2025-12-19 05:45:00+00:00,2025-12-19 08:50:00+00:00,sell,19.6187,19.6364,19.601000000000003,19.6364,17773.211487710843,-314.58584333244335,31143.998489911894,loss,0.01769999999999783,21143.99848991188
2025-12-19 09:05:00+00:00,2025-12-19 10:55:00+00:00,sell,19.623720000000002,19.63733,19.610110000000006,19.63733,22883.173027127297,-311.43998489911894,30832.558505012774,loss,0.013609999999996347,20832.55850501276
2025-12-19 14:05:00+00:00,2025-12-19 14:45:00+00:00,buy,19.6454,19.631520000000002,19.659279999999995,19.659279999999995,22213.658865288126,308.32558505012776,31140.8840900629,win,0.013879999999996784,21140.884090062886
2025-12-19 15:20:00+00:00,2025-12-19 16:35:00+00:00,buy,19.6607,19.6457,19.675699999999996,19.6457,20760.589393379396,-311.408840900629,30829.47524916227,loss,-0.014999999999997016,20829.475249162257
2025-12-19 18:05:00+00:00,2025-12-19 20:35:00+00:00,sell,19.6155,19.6409,19.590100000000003,19.6409,12137.588680773673,-308.2947524916227,30521.180496670648,loss,0.025399999999997647,20521.180496670633
2025-12-22 00:05:00+00:00,2025-12-22 06:50:00+00:00,sell,19.6262,19.646,19.6064,19.6064,15414.737624581105,305.2118049667065,30826.392301637356,win,-0.01980000000000004,20826.39230163734
2025-12-22 07:00:00+00:00,2025-12-22 08:30:00+00:00,sell,19.6003,19.6186,19.582,19.582,16845.023115648844,308.26392301637355,31134.65622465373,win,-0.018299999999999983,21134.656224653714
2025-12-22 08:40:00+00:00,2025-12-22 10:00:00+00:00,sell,19.5792,19.599899999999998,19.558500000000002,19.599899999999998,15040.896726887355,-311.3465622465373,30823.30966240719,loss,0.020699999999997942,20823.309662407177
2025-12-22 11:15:00+00:00,2025-12-22 11:25:00+00:00,sell,19.602700000000002,19.6195,19.585900000000006,19.585900000000006,18347.208132389194,308.23309662407195,31131.542759031265,win,-0.016799999999996373,21131.54275903125
2025-12-22 11:50:00+00:00,2025-12-22 14:45:00+00:00,sell,19.5852,19.61232,19.55808,19.61232,11479.182433271102,-311.31542759031265,30820.22733144095,loss,0.027120000000000033,20820.227331440936
2025-12-22 18:20:00+00:00,2025-12-22 19:00:00+00:00,buy,19.659,19.6372,19.680799999999998,19.6372,14137.718959377276,-308.2022733144095,30512.02505812654,loss,-0.02179999999999893,20512.025058126525
2025-12-22 20:15:00+00:00,2025-12-22 23:55:00+00:00,buy,19.6558,19.6328,19.6788,19.6328,13266.097851359546,-305.1202505812654,30206.904807545274,loss,-0.022999999999999687,20206.90480754526
2025-12-23 01:10:00+00:00,2025-12-23 01:45:00+00:00,buy,19.6462,19.6381,19.6543,19.6543,37292.475071048684,302.06904807545277,30508.973855620727,win,0.008099999999998886,20508.973855620712
2025-12-23 02:00:00+00:00,2025-12-23 02:50:00+00:00,buy,19.654799999999998,19.6414,19.668199999999995,19.668199999999995,22767.890937035165,305.0897385562073,30814.063594176932,win,0.013399999999997192,20814.063594176918
2025-12-23 04:05:00+00:00,2025-12-23 09:00:00+00:00,buy,19.668499999999998,19.6527,19.684299999999997,19.6527,19502.571895050292,-308.14063594176935,30505.92295823516,loss,-0.015799999999998704,20505.922958235147
2025-12-23 10:30:00+00:00,2025-12-23 12:50:00+00:00,buy,19.6584,19.63596,19.68084,19.68084,13594.439820960672,305.05922958235163,30810.982187817513,win,0.02243999999999957,20810.9821878175
2025-12-23 13:25:00+00:00,2025-12-23 15:30:00+00:00,buy,19.6881,19.6584,19.717799999999997,19.6584,10374.068076706833,-308.1098218781751,30502.87236593934,loss,-0.029699999999998283,20502.872365939325
2025-12-23 16:55:00+00:00,2025-12-23 19:20:00+00:00,buy,19.676299999999998,19.6506,19.701999999999995,19.6506,11868.821932273526,-305.0287236593934,30197.843642279946,loss,-0.025699999999996948,20197.84364227993
2025-12-23 20:25:00+00:00,2025-12-23 21:05:00+00:00,buy,19.6605,19.6519,19.669099999999997,19.669099999999997,35113.771677079014,301.97843642279946,30499.822078702746,win,0.00859999999999772,20499.82207870273
2025-12-23 22:20:00+00:00,2025-12-23 23:15:00+00:00,buy,19.671,19.6625,19.679499999999997,19.6625,35882.14362201187,-304.9982207870275,30194.82385791572,loss,-0.008499999999997954,20194.823857915704
2025-12-23 23:35:00+00:00,2025-12-23 23:55:00+00:00,buy,19.669999999999998,19.66216,19.677839999999996,19.677839999999996,38513.80594122851,301.9482385791572,30496.772096494875,win,0.00783999999999807,20496.77209649486
2025-12-24 01:15:00+00:00,2025-12-24 02:30:00+00:00,buy,19.676199999999998,19.66064,19.691759999999995,19.66064,19599.46792834222,-304.96772096494874,30191.804375529926,loss,-0.015559999999997132,20191.80437552991
2025-12-24 02:55:00+00:00,2025-12-24 06:05:00+00:00,buy,19.6772,19.6558,19.6986,19.6558,14108.319801649588,-301.91804375529927,29889.886331774625,loss,-0.021399999999999864,19889.88633177461
2025-12-24 09:05:00+00:00,2025-12-24 10:15:00+00:00,sell,19.651600000000002,19.6676,19.635600000000004,19.635600000000004,18681.178957361197,298.89886331774625,30188.785195092372,win,-0.015999999999998238,20188.785195092358
2025-12-24 11:45:00+00:00,2025-12-24 12:20:00+00:00,sell,19.6437,19.6744,19.613,19.613,9833.480519574221,301.88785195092373,30490.673047043296,win,-0.030699999999999505,20490.67304704328
2025-12-24 12:30:00+00:00,2025-12-26 00:00:00+00:00,sell,19.6068,19.6421,19.5715,19.5715,8637.584432590305,304.906730470433,30795.57977751373,win,-0.03529999999999944,20795.579777513714
2025-12-26 01:15:00+00:00,2025-12-26 02:35:00+00:00,sell,19.5653,19.60217,19.52843,19.60217,8352.476207625004,-307.9557977751373,30487.623979738593,loss,0.0368700000000004,20487.62397973858
2025-12-26 04:20:00+00:00,2025-12-26 07:10:00+00:00,sell,19.59874,19.61902,19.57846,19.61902,15033.345157662303,-304.87623979738595,30182.74773994121,loss,0.02027999999999963,20182.747739941195
2025-12-26 09:05:00+00:00,2025-12-26 11:30:00+00:00,sell,19.6101,19.6249,19.595299999999998,19.595299999999998,20393.748472931824,301.8274773994121,30484.57521734062,win,-0.014800000000001035,20484.575217340607
2025-12-26 14:05:00+00:00,2025-12-26 15:10:00+00:00,buy,19.644299999999998,19.631700000000002,19.656899999999993,19.656899999999993,24194.10731535833,304.8457521734062,30789.420969514027,win,0.012599999999995504,20789.420969514013
2025-12-26 15:45:00+00:00,2025-12-26 16:25:00+00:00,buy,19.659499999999998,19.636,19.682999999999996,19.636,13101.881263623814,-307.89420969514026,30481.526759818888,loss,-0.023499999999998522,20481.526759818873
2025-12-26 19:20:00+00:00,2025-12-26 22:55:00+00:00,buy,19.6346,19.61805,19.651149999999998,19.61805,18417.840942490166,-304.8152675981889,30176.7114922207,loss,-0.016549999999998732,20176.711492220686
2025-12-26 23:05:00+00:00,2025-12-26 23:30:00+00:00,sell,19.616,19.62988,19.60212,19.60212,21741.146608227642,301.767114922207,30478.478607142908,win,-0.013880000000000337,20478.478607142893
2025-12-26 23:40:00+00:00,2025-12-29 00:00:00+00:00,sell,19.5984,19.620919999999998,19.575880000000005,19.575880000000005,13533.960305127704,304.7847860714291,30783.263393214336,win,-0.022519999999996543,20783.26339321432
2025-12-29 04:40:00+00:00,2025-12-29 07:00:00+00:00,sell,19.62088,19.63612,19.60564,19.60564,20198.991727832803,307.8326339321434,31091.09602714648,win,-0.015239999999998588,21091.096027146465
2025-12-29 07:10:00+00:00,2025-12-29 08:55:00+00:00,sell,19.6052,19.625,19.5854,19.625,15702.573751084048,-310.9109602714648,30780.185066875016,loss,0.01980000000000004,20780.185066875
2025-12-29 09:05:00+00:00,2025-12-29 09:45:00+00:00,buy,19.6403,19.6017,19.6789,19.6789,7974.141209035214,307.80185066875015,31087.986917543767,win,0.03859999999999886,21087.986917543752
2025-12-29 09:55:00+00:00,2025-12-29 11:50:00+00:00,buy,19.68532,19.638,19.73264,19.638,6569.735189675473,-310.8798691754377,30777.10704836833,loss,-0.04731999999999914,20777.107048368314
2025-12-29 13:10:00+00:00,2025-12-29 13:15:00+00:00,sell,19.590500000000002,19.608,19.573000000000004,19.573000000000004,17586.918313355043,307.7710704836833,31084.87811885201,win,-0.017499999999998295,21084.878118851997
2025-12-29 13:25:00+00:00,2025-12-29 15:20:00+00:00,sell,19.57,19.6038,19.5362,19.6038,9196.709502619105,-310.8487811885201,30774.02933766349,loss,0.033799999999999386,20774.029337663476
2025-12-29 16:05:00+00:00,2025-12-29 16:30:00+00:00,buy,19.6324,19.6038,19.661,19.661,10760.150118063839,307.7402933766349,31081.769631040126,win,0.028600000000000847,21081.76963104011
2025-12-29 16:40:00+00:00,2025-12-29 17:00:00+00:00,buy,19.6688,19.6339,19.7037,19.7037,8905.951183679024,310.8176963104013,31392.587327350528,win,0.034900000000000375,21392.587327350513
2025-12-29 17:10:00+00:00,2025-12-29 17:50:00+00:00,buy,19.709699999999998,19.6741,19.745299999999997,19.6741,8818.142507683044,-313.92587327350526,31078.66145407702,loss,-0.035599999999998744,21078.661454077006
2025-12-29 19:25:00+00:00,2025-12-29 21:35:00+00:00,buy,19.636499999999998,19.62131,19.651689999999995,19.62131,20459.94829103575,-310.7866145407702,30767.87483953625,loss,-0.015189999999996928,20767.874839536235
2025-12-29 21:50:00+00:00,2025-12-29 23:15:00+00:00,buy,19.630399999999998,19.6202,19.640599999999996,19.640599999999996,30164.583176023192,307.6787483953625,31075.553587931612,win,0.010199999999997544,21075.553587931598
2025-12-30 02:25:00+00:00,2025-12-30 03:05:00+00:00,buy,19.639699999999998,19.6275,19.651899999999994,19.6275,25471.76523601696,-310.75553587931614,30764.798052052294,loss,-0.012199999999996436,20764.79805205228
2025-12-30 07:15:00+00:00,2025-12-30 07:20:00+00:00,sell,19.6239,19.63004,19.617759999999997,19.617759999999997,50105.53428671353,307.64798052052294,31072.446032572818,win,-0.006140000000002033,21072.446032572803
2025-12-30 07:30:00+00:00,2025-12-30 07:50:00+00:00,sell,19.61742,19.6297,19.60514,19.60514,25303.294814797653,310.72446032572816,31383.170492898545,win,-0.012280000000000513,21383.17049289853
2025-12-30 09:15:00+00:00,2025-12-30 09:50:00+00:00,sell,19.604,19.619799999999998,19.5882,19.619799999999998,19862.766134747544,-313.83170492898546,31069.33878796956,loss,0.015799999999998704,21069.338787969544
2025-12-30 11:05:00+00:00,2025-12-30 11:30:00+00:00,sell,19.6025,19.625999999999998,19.579,19.625999999999998,13220.995228924048,-310.6933878796956,30758.645400089863,loss,0.023499999999998522,20758.64540008985
2025-12-30 11:45:00+00:00,2025-12-30 14:00:00+00:00,sell,19.5973,19.63148,19.56312,19.56312,8999.01854888548,307.58645400089864,31066.23185409076,win,-0.03417999999999921,21066.231854090747
2025-12-30 14:10:00+00:00,2025-12-30 16:30:00+00:00,sell,19.5598,19.58,19.5396,19.5396,15379.322700045612,310.6623185409076,31376.89417263167,win,-0.020199999999999108,21376.894172631655
2025-12-30 17:45:00+00:00,2025-12-30 17:50:00+00:00,sell,19.5391,19.561899999999998,19.516300000000005,19.516300000000005,13761.795689752784,313.7689417263167,31690.663114357987,win,-0.0227999999999966,21690.663114357973
2025-12-30 18:00:00+00:00,2025-12-30 23:00:00+00:00,sell,19.5138,19.5476,19.48,19.48,9375.935832650463,316.9066311435799,32007.569745501565,win,-0.033799999999999386,22007.56974550155
2025-12-30 23:55:00+00:00,2025-12-31 01:00:00+00:00,sell,19.477240000000002,19.490099999999998,19.464380000000006,19.490099999999998,24889.2455252805,-320.07569745501564,31687.49404804655,loss,0.012859999999996319,21687.494048046534
2025-12-31 03:10:00+00:00,2025-12-31 06:35:00+00:00,sell,19.4888,19.50302,19.474580000000003,19.474580000000003,22283.751088643272,316.8749404804655,32004.368988527014,win,-0.014219999999998123,22004.368988527
2025-12-31 06:45:00+00:00,2025-12-31 07:00:00+00:00,sell,19.4742,19.4838,19.4646,19.4838,33337.884363052646,-320.04368988527017,31684.325298641743,loss,0.009599999999998943,21684.32529864173
2025-12-31 08:20:00+00:00,2025-12-31 09:05:00+00:00,sell,19.483900000000002,19.503899999999998,19.463900000000006,19.503899999999998,15842.162649324024,-316.84325298641744,31367.482045655324,loss,0.01999999999999602,21367.48204565531
2025-12-31 09:20:00+00:00,2025-12-31 10:00:00+00:00,sell,19.488400000000002,19.505599999999998,19.471200000000007,19.471200000000007,18236.90816608351,313.6748204565532,31681.156866111876,win,-0.01719999999999544,21681.15686611186
2025-12-31 10:10:00+00:00,2025-12-31 18:35:00+00:00,sell,19.46452,19.5051,19.42394,19.42394,7807.086462817409,316.81156866111877,31997.968434772996,win,-0.040579999999998506,21997.96843477298
2025-12-31 18:45:00+00:00,2025-12-31 22:30:00+00:00,sell,19.4233,19.4541,19.392500000000002,19.4541,10388.950790510959,-319.97968434773,31677.988750425266,loss,0.030799999999999272,21677.98875042525
2025-12-31 23:50:00+00:00,2025-12-31 23:55:00+00:00,sell,19.44611,19.4524,19.43982,19.4524,50362.462242330264,-316.77988750425266,31361.208862921012,loss,0.006289999999999907,21361.208862920997
2026-01-02 01:10:00+00:00,2026-01-02 03:05:00+00:00,sell,19.45269,19.469269999999998,19.436110000000003,19.469269999999998,18915.083753272353,-313.6120886292101,31047.5967742918,loss,0.016579999999997597,21047.596774291786
2026-01-02 03:35:00+00:00,2026-01-02 07:20:00+00:00,sell,19.4511,19.470399999999998,19.431800000000003,19.431800000000003,16086.837706888899,310.475967742918,31358.072742034718,win,-0.019299999999997652,21358.072742034703
2026-01-02 07:50:00+00:00,2026-01-02 08:05:00+00:00,sell,19.42968,19.4407,19.418660000000003,19.418660000000003,28455.601399309486,313.58072742034716,31671.653469455065,win,-0.011019999999998475,21671.65346945505
2026-01-02 08:15:00+00:00,2026-01-02 10:00:00+00:00,sell,19.418200000000002,19.4344,19.402000000000005,19.402000000000005,19550.40337620952,316.71653469455066,31988.370004149616,win,-0.016199999999997772,21988.3700041496
2026-01-02 10:15:00+00:00,2026-01-02 12:55:00+00:00,sell,19.3866,19.415399999999998,19.357800000000005,19.357800000000005,11107.07291810873,319.8837000414962,32308.253704191113,win,-0.028799999999996828,22308.2537041911
2026-01-02 14:10:00+00:00,2026-01-02 14:40:00+00:00,sell,19.3532,19.3664,19.340000000000003,19.3664,24475.949775906698,-323.0825370419111,31985.1711671492,loss,0.013199999999997658,21985.171167149187
2026-01-02 14:50:00+00:00,2026-01-02 14:55:00+00:00,sell,19.3459,19.3671,19.3247,19.3671,15087.344890164482,-319.851711671492,31665.319455477707,loss,0.02120000000000033,21665.319455477693
2026-01-02 15:20:00+00:00,2026-01-02 17:35:00+00:00,sell,19.3444,19.3675,19.3213,19.3675,13707.930500207123,-316.6531945547771,31348.66626092293,loss,0.023099999999999454,21348.666260922917
2026-01-02 17:45:00+00:00,2026-01-02 17:55:00+00:00,sell,19.349320000000002,19.3692,19.329440000000005,19.3692,15768.946811331813,-313.4866626092293,31035.1795983137,loss,0.01987999999999701,21035.179598313687
2026-01-02 18:35:00+00:00,2026-01-02 21:30:00+00:00,sell,19.3471,19.3756,19.318600000000004,19.318600000000004,10889.536701163648,310.35179598313704,31345.53139429684,win,-0.028499999999997527,21345.531394296824
2026-01-02 22:45:00+00:00,2026-01-02 23:45:00+00:00,sell,19.3216,19.338,19.3052,19.3052,19113.128898960487,313.4553139429684,31658.98670823981,win,-0.01640000000000086,21658.986708239794
2026-01-05 00:00:00+00:00,2026-01-05 11:10:00+00:00,sell,19.284000000000002,19.3323,19.235700000000005,19.235700000000005,6554.655633176274,316.5898670823981,31975.576575322208,win,-0.04829999999999757,21975.576575322193
2026-01-05 11:40:00+00:00,2026-01-05 16:45:00+00:00,sell,19.2214,19.2614,19.1814,19.1814,7993.894143830722,319.7557657532221,32295.33234107543,win,-0.03999999999999915,22295.332341075416
2026-01-05 17:00:00+00:00,2026-01-05 17:15:00+00:00,sell,19.177,19.2055,19.1485,19.2055,11331.695558271651,-322.9533234107543,31972.379017664676,loss,0.02850000000000108,21972.37901766466
2026-01-05 18:20:00+00:00,2026-01-05 20:40:00+00:00,sell,19.1735,19.2116,19.1354,19.2116,8391.700529570777,-319.7237901766468,31652.65522748803,loss,0.03810000000000002,21652.655227488016
2026-01-05 23:00:00+00:00,2026-01-05 23:05:00+00:00,sell,19.19151,19.200699999999998,19.182320000000004,19.182320000000004,34442.497527202824,316.5265522748803,31969.181779762912,win,-0.0091899999999967,21969.181779762897
2026-01-05 23:55:00+00:00,2026-01-06 10:05:00+00:00,sell,19.1706,19.1994,19.1418,19.1418,11100.410340195309,319.69181779762914,32288.87359756054,win,-0.02880000000000038,22288.873597560527
2026-01-06 10:15:00+00:00,2026-01-06 12:40:00+00:00,sell,19.140800000000002,19.1705,19.111100000000004,19.1705,10871.674611973875,-322.8887359756054,31965.984861584937,loss,0.029699999999998283,21965.984861584922
2026-01-06 13:55:00+00:00,2026-01-06 16:15:00+00:00,sell,19.1756,19.2032,19.148,19.148,11581.878573038179,319.6598486158494,32285.644710200788,win,-0.027599999999999625,22285.644710200773
2026-01-06 16:25:00+00:00,2026-01-06 17:00:00+00:00,sell,19.14661,19.1673,19.125919999999997,19.1673,15604.4682021256,-322.8564471020079,31962.78826309878,loss,0.020690000000001874,21962.788263098766
2026-01-06 18:00:00+00:00,2026-01-07 00:00:00+00:00,sell,19.1319,19.174599999999998,19.089200000000005,19.089200000000005,7485.43050658114,319.6278826309878,32282.416145729767,win,-0.04269999999999641,22282.416145729752
2026-01-07 02:45:00+00:00,2026-01-07 04:00:00+00:00,sell,19.1123,19.130599999999998,19.094000000000005,19.130599999999998,17640.66456051151,-322.8241614572977,31959.59198427247,loss,0.01829999999999643,21959.591984272454
2026-01-07 06:10:00+00:00,2026-01-07 06:15:00+00:00,sell,19.128,19.1371,19.1189,19.1189,35120.43075194735,319.5959198427247,32279.187904115195,win,-0.009100000000000108,22279.18790411518
2026-01-07 06:25:00+00:00,2026-01-07 07:50:00+00:00,sell,19.1168,19.1379,19.095700000000004,19.1379,15298.193319488042,-322.79187904115196,31956.396025074042,loss,0.02109999999999701,21956.396025074027
2026-01-07 11:05:00+00:00,2026-01-07 11:30:00+00:00,buy,19.179,19.1559,19.202099999999998,19.202099999999998,13833.937673192553,319.5639602507404,32275.959985324782,win,0.023099999999999454,22275.959985324767
2026-01-07 11:40:00+00:00,2026-01-07 13:00:00+00:00,buy,19.2069,19.1837,19.2301,19.1837,13912.051717812874,-322.75959985324783,31953.200385471533,loss,-0.02319999999999922,21953.20038547152
2026-01-07 14:00:00+00:00,2026-01-07 16:45:00+00:00,buy,19.2058,19.1809,19.2307,19.2307,12832.610596575527,319.53200385471536,32272.732389326247,win,0.024899999999998812,22272.732389326233
2026-01-07 16:55:00+00:00,2026-01-08 08:10:00+00:00,buy,19.2324,19.18992,19.274879999999996,19.274879999999996,7597.159225359711,322.7273238932625,32595.45971321951,win,0.04247999999999763,22595.459713219494
2026-01-08 08:20:00+00:00,2026-01-08 09:05:00+00:00,buy,19.2761,19.24537,19.306829999999998,19.24537,10607.048393498613,-325.9545971321951,32269.50511608731,loss,-0.03072999999999837,22269.505116087297
2026-01-08 11:25:00+00:00,2026-01-08 11:45:00+00:00,buy,19.2328,19.2203,19.2453,19.2453,25815.604092871316,322.6950511608731,32592.200167248186,win,0.01249999999999929,22592.20016724817
2026-01-08 11:55:00+00:00,2026-01-08 12:55:00+00:00,buy,19.2522,19.233700000000002,19.270699999999994,19.233700000000002,17617.405495813677,-325.92200167248194,32266.278165575703,loss,-0.018499999999995964,22266.278165575688
2026-01-08 13:40:00+00:00,2026-01-08 14:00:00+00:00,buy,19.249399999999998,19.2306,19.268199999999997,19.268199999999997,17162.913917860496,322.66278165575704,32588.94094723146,win,0.018799999999998818,22588.940947231444
2026-01-08 14:10:00+00:00,2026-01-08 16:20:00+00:00,buy,19.27,19.24214,19.29786,19.29786,11697.394453421013,325.8894094723146,32914.83035670377,win,0.02786000000000044,22914.83035670376
2026-01-08 21:05:00+00:00,2026-01-08 21:15:00+00:00,buy,19.2468,19.23463,19.25897,19.25897,27045.875395809966,329.1483035670377,33243.97866027081,win,0.012170000000001124,23243.978660270797
2026-01-08 21:25:00+00:00,2026-01-09 10:00:00+00:00,buy,19.260199999999998,19.23594,19.284459999999996,19.284459999999996,13703.206372742505,332.4397866027081,33576.41844687352,win,0.024259999999998172,23576.418446873504
2026-01-09 10:45:00+00:00,2026-01-09 12:15:00+00:00,buy,19.285,19.256,19.314,19.256,11578.075326508144,-335.7641844687352,33240.65426240478,loss,-0.028999999999999915,23240.65426240477
2026-01-09 14:10:00+00:00,2026-01-09 14:15:00+00:00,buy,19.2686,19.259700000000002,19.277499999999996,19.277499999999996,37349.04973305158,332.4065426240478,33573.06080502883,win,0.008899999999997021,23573.060805028817
2026-01-09 14:30:00+00:00,2026-01-09 15:25:00+00:00,buy,19.292099999999998,19.2635,19.320699999999995,19.2635,11738.83244931189,-335.7306080502883,33237.33019697854,loss,-0.028599999999997294,23237.330196978528
2026-01-09 17:00:00+00:00,2026-01-12 00:00:00+00:00,sell,19.1792,19.2415,19.116900000000005,19.116900000000005,5335.0449754382325,332.3733019697854,33569.70349894832,win,-0.06229999999999691,23569.703498948315
2026-01-12 01:55:00+00:00,2026-01-12 02:10:00+00:00,sell,19.1582,19.18757,19.12883,19.18757,11429.929689801902,-335.6970349894832,33234.00646395884,loss,0.029370000000000118,23234.00646395883
2026-01-12 03:30:00+00:00,2026-01-12 04:15:00+00:00,sell,19.17563,19.19598,19.155280000000005,19.19598,16331.207107598902,-332.3400646395884,32901.66639931925,loss,0.02034999999999698,22901.66639931924
2026-01-12 08:05:00+00:00,2026-01-12 08:10:00+00:00,sell,19.20582,19.2201,19.19154,19.19154,23040.382632577464,329.0166639931925,33230.68306331244,win,-0.014279999999999404,23230.683063312434
2026-01-12 08:30:00+00:00,2026-01-12 15:20:00+00:00,sell,19.1833,19.2201,19.1465,19.1465,9030.076919378504,332.30683063312443,33562.98989394557,win,-0.0367999999999995,23562.98989394556
2026-01-12 16:35:00+00:00,2026-01-12 16:45:00+00:00,sell,19.15208,19.1709,19.133260000000003,19.1709,17833.682196572277,-335.6298989394557,33227.35999500611,loss,0.01881999999999806,23227.359995006103
2026-01-12 17:40:00+00:00,2026-01-13 09:15:00+00:00,sell,19.1334,19.1727,19.094100000000005,19.1727,8454.798980918182,-332.2735999500611,32895.08639505605,loss,0.039299999999997226,22895.08639505604
2026-01-13 14:10:00+00:00,2026-01-13 14:30:00+00:00,buy,19.1801,19.1615,19.1987,19.1987,17685.53031992329,328.9508639505606,33224.03725900661,win,0.018599999999999284,23224.037259006604
2026-01-13 17:55:00+00:00,2026-01-13 18:50:00+00:00,sell,19.107,19.133599999999998,19.0804,19.133599999999998,12490.239571055867,-332.2403725900661,32891.796886416545,loss,0.026599999999998403,22891.796886416538
2026-01-13 20:05:00+00:00,2026-01-13 21:35:00+00:00,sell,19.118100000000002,19.131,19.105200000000004,19.105200000000004,25497.516966217623,328.91796886416546,33220.71485528071,win,-0.012899999999998357,23220.714855280705
2026-01-13 22:55:00+00:00,2026-01-13 23:05:00+00:00,sell,19.10894,19.1156,19.10228,19.10228,49880.953236156405,332.20714855280715,33552.92200383352,win,-0.00666000000000011,23552.92200383351
2026-01-13 23:30:00+00:00,2026-01-13 23:45:00+00:00,sell,19.1019,19.1147,19.089100000000002,19.089100000000002,26213.220315497827,335.5292200383352,33888.45122387185,win,-0.01279999999999859,23888.451223871845
2026-01-13 23:55:00+00:00,2026-01-14 00:00:00+00:00,sell,19.0877,19.1086,19.066800000000004,19.066800000000004,16214.569963577007,338.8845122387185,34227.33573611057,win,-0.020899999999997476,24227.335736110563
2026-01-14 02:00:00+00:00,2026-01-14 02:40:00+00:00,sell,19.0745,19.08266,19.06634,19.08266,41945.26438248759,-342.27335736110575,33885.06237874947,loss,0.008160000000000167,23885.06237874946
2026-01-14 02:55:00+00:00,2026-01-14 03:00:00+00:00,sell,19.0759,19.083099999999998,19.068700000000003,19.068700000000003,47062.58663716884,338.8506237874947,34223.91300253697,win,-0.007199999999997431,24223.913002536952
2026-01-14 03:10:00+00:00,2026-01-14 04:05:00+00:00,sell,19.0623,19.0839,19.0407,19.0407,15844.40416784163,342.23913002536966,34566.15213256234,win,-0.021599999999999397,24566.15213256232
2026-01-14 04:30:00+00:00,2026-01-14 07:55:00+00:00,sell,19.039260000000002,19.0571,19.021420000000006,19.0571,19375.645814220818,-345.6615213256235,34220.49061123672,loss,0.01783999999999608,24220.4906112367
2026-01-14 09:10:00+00:00,2026-01-14 09:25:00+00:00,sell,19.0471,19.0632,19.031000000000002,19.031000000000002,21254.963112572023,342.20490611236715,34562.695517349086,win,-0.016099999999998005,24562.695517349068
2026-01-14 09:35:00+00:00,2026-01-14 09:50:00+00:00,sell,19.0276,19.057399999999998,18.9978,19.057399999999998,11598.219972265551,-345.62695517349084,34217.0685621756,loss,0.02979999999999805,24217.068562175577
2026-01-14 18:50:00+00:00,2026-01-14 22:10:00+00:00,buy,19.1311,19.0959,19.1663,19.0959,9720.75811425452,-342.170685621756,33874.89787655384,loss,-0.035199999999999676,23874.89787655382
2026-01-15 03:05:00+00:00,2026-01-15 03:15:00+00:00,sell,19.0858,19.092499999999998,19.0791,19.092499999999998,50559.54906949394,-338.7489787655384,33536.148897788305,loss,0.006699999999998596,23536.14889778828
2026-01-15 03:55:00+00:00,2026-01-15 04:20:00+00:00,sell,19.0849,19.0942,19.0756,19.0942,36060.37515891355,-335.3614889778831,33200.78740881042,loss,0.009299999999999642,23200.787408810396
2026-01-15 07:55:00+00:00,2026-01-15 08:15:00+00:00,buy,19.10483,19.09533,19.11433,19.09533,34948.197272435056,-332.00787408810424,32868.779534722315,loss,-0.009499999999999176,22868.779534722293
2026-01-15 08:25:00+00:00,2026-01-15 08:50:00+00:00,sell,19.0943,19.108,19.0806,19.0806,23991.809879359273,328.68779534722313,33197.467330069536,win,-0.013700000000000045,23197.467330069518
2026-01-15 09:00:00+00:00,2026-01-15 11:45:00+00:00,sell,19.0789,19.106199999999998,19.051600000000004,19.051600000000004,12160.244443250353,331.9746733006954,33529.44200337023,win,-0.02729999999999677,23529.44200337021
2026-01-15 11:55:00+00:00,2026-01-15 12:35:00+00:00,sell,19.0497,19.0776,19.021800000000002,19.021800000000002,12017.721148161838,335.29442003370235,33864.736423403934,win,-0.027899999999998926,23864.736423403912
2026-01-15 12:45:00+00:00,2026-01-15 17:20:00+00:00,sell,19.018900000000002,19.0494,18.988400000000006,18.988400000000006,11103.192269969806,338.64736423403934,34203.38378763798,win,-0.03049999999999642,24203.38378763795
2026-01-15 17:30:00+00:00,2026-01-15 17:55:00+00:00,sell,18.9876,19.0114,18.963800000000003,18.963800000000003,14371.169658672734,342.0338378763798,34545.417625514354,win,-0.023799999999997823,24545.417625514332
2026-01-15 18:05:00+00:00,2026-01-16 08:30:00+00:00,sell,18.9628,18.9938,18.931800000000003,18.9938,11143.683105005059,-345.4541762551435,34199.96344925921,loss,0.030999999999998806,24199.963449259187
2026-01-16 14:45:00+00:00,2026-01-16 15:15:00+00:00,buy,19.0332,19.0184,19.048000000000002,19.048000000000002,23108.08341166001,341.99963449259207,34541.9630837518,win,0.014800000000001035,24541.96308375178
2026-01-16 15:25:00+00:00,2026-01-16 17:30:00+00:00,buy,19.05159,19.029600000000002,19.07358,19.07358,15708.032325490503,345.419630837518,34887.382714589316,win,0.021989999999998844,24887.382714589297
2026-01-16 17:40:00+00:00,2026-01-16 18:30:00+00:00,buy,19.0798,19.0392,19.120399999999997,19.0392,8592.95140753479,-348.87382714589313,34538.50888744342,loss,-0.04059999999999775,24538.508887443404
2026-01-16 20:50:00+00:00,2026-01-16 20:55:00+00:00,buy,19.025199999999998,19.0185,19.031899999999997,19.031899999999997,51550.01326485173,345.38508887443425,34883.89397631786,win,0.006699999999998596,24883.89397631784
2026-01-16 21:10:00+00:00,2026-01-19 00:00:00+00:00,buy,19.0357,19.018800000000002,19.052599999999995,19.018800000000002,20641.357382441318,-348.8389397631786,34535.05503655468,loss,-0.01689999999999614,24535.05503655466
2026-01-19 01:05:00+00:00,2026-01-19 09:15:00+00:00,buy,19.0612,19.011400000000002,19.110999999999997,19.110999999999997,6934.750007340629,345.35055036554684,34880.40558692023,win,0.049799999999997624,24880.405586920206
2026-01-19 09:25:00+00:00,2026-01-19 17:35:00+00:00,buy,19.1206,19.0756,19.165599999999998,19.0756,7751.201241538147,-348.8040558692023,34531.60153105103,loss,-0.04499999999999815,24531.601531051005
2026-01-20 05:25:00+00:00,2026-01-20 08:20:00+00:00,buy,19.0919,19.075400000000002,19.108399999999996,19.108399999999996,20928.243352155852,345.3160153105103,34876.91754636154,win,0.016499999999997073,24876.917546361514
2026-01-20 08:30:00+00:00,2026-01-20 09:30:00+00:00,buy,19.1313,19.0878,19.174799999999998,19.174799999999998,8017.682194566222,348.7691754636154,35225.68672182516,win,0.043499999999998096,25225.68672182513
2026-01-20 09:40:00+00:00,2026-01-20 10:40:00+00:00,buy,19.182199999999998,19.1249,19.239499999999996,19.239499999999996,6147.589305728873,352.25686721825156,35577.94358904341,win,0.05729999999999791,25577.94358904338
2026-01-20 10:50:00+00:00,2026-01-20 14:30:00+00:00,buy,19.26211,19.1795,19.34472,19.34472,4306.735696531154,355.7794358904341,35933.723024933846,win,0.08260999999999896,25933.723024933817
2026-01-20 17:55:00+00:00,2026-01-20 18:25:00+00:00,buy,19.2246,19.200860000000002,19.248339999999995,19.248339999999995,15136.361847067852,359.33723024933846,36293.06025518318,win,0.02373999999999654,26293.060255183154
2026-01-20 18:50:00+00:00,2026-01-20 20:45:00+00:00,buy,19.250899999999998,19.22815,19.273649999999996,19.273649999999996,15952.993518762896,362.93060255183184,36655.990857735014,win,0.022749999999998494,26655.990857734985
2026-01-20 23:05:00+00:00,2026-01-21 00:00:00+00:00,buy,19.2422,19.228360000000002,19.25604,19.25604,26485.54252726844,366.55990857735014,37022.550766312364,win,0.013839999999998298,27022.550766312335
2026-01-21 01:15:00+00:00,2026-01-21 01:45:00+00:00,buy,19.2501,19.2378,19.2624,19.2624,30099.634769360247,370.22550766312366,37392.77627397549,win,0.012299999999999756,27392.776273975458
2026-01-21 03:00:00+00:00,2026-01-21 03:05:00+00:00,buy,19.2454,19.236,19.2548,19.236,39779.54922763601,-373.927762739755,37018.84851123574,loss,-0.009399999999999409,27018.848511235705
2026-01-21 04:15:00+00:00,2026-01-21 05:30:00+00:00,buy,19.233,19.211190000000002,19.25481,19.211190000000002,16973.337235780924,-370.1884851123574,36648.66002612338,loss,-0.021809999999998553,26648.660026123347
2026-01-21 11:15:00+00:00,2026-01-21 13:30:00+00:00,sell,19.1434,19.174799999999998,19.112000000000002,19.112000000000002,11671.547779020975,366.48660026123383,37015.146626384616,win,-0.031399999999997874,27015.14662638458
2026-01-21 15:05:00+00:00,2026-01-21 15:55:00+00:00,sell,19.14451,19.1606,19.128420000000002,19.128420000000002,23005.063161210895,370.15146626384615,37385.29809264846,win,-0.016089999999998383,27385.298092648427
2026-01-21 16:05:00+00:00,2026-01-21 16:10:00+00:00,sell,19.1266,19.146,19.1072,19.1072,19270.772212704425,373.8529809264846,37759.15107357495,win,-0.019400000000000972,27759.15107357491
2026-01-21 16:35:00+00:00,2026-01-21 17:55:00+00:00,sell,19.07828,19.144299999999998,19.01226,19.01226,5719.350359523778,377.59151073574947,38136.7425843107,win,-0.06601999999999819,28136.74258431066
2026-01-21 20:20:00+00:00,2026-01-21 20:45:00+00:00,sell,19.0461,19.06477,19.02743,19.02743,20426.750179062838,381.36742584310696,38518.1100101538,win,-0.018670000000000186,28518.110010153767
2026-01-21 20:55:00+00:00,2026-01-21 23:50:00+00:00,sell,19.0252,19.0567,18.993700000000004,18.993700000000004,12227.971431795775,385.18110010153805,38903.29111025534,win,-0.03149999999999764,28903.291110255304
2026-01-22 00:00:00+00:00,2026-01-22 04:20:00+00:00,sell,18.9928,19.0092,18.976399999999998,19.0092,23721.518969666653,-389.0329111025535,38514.258199152784,loss,0.01640000000000086,28514.25819915275
2026-01-22 06:40:00+00:00,2026-01-22 07:45:00+00:00,sell,19.02271,19.0323,19.01312,19.01312,40160.85317951565,385.14258199152783,38899.400781144315,win,-0.009589999999999321,28899.40078114428
2026-01-22 07:55:00+00:00,2026-01-22 08:00:00+00:00,sell,19.010830000000002,19.0213,19.000360000000004,19.000360000000004,37153.20036404185,388.9940078114431,39288.39478895576,win,-0.010469999999997981,29288.39478895572
2026-01-22 10:05:00+00:00,2026-01-22 10:10:00+00:00,sell,19.0009,19.0128,18.989000000000004,18.989000000000004,33015.457805853126,392.8839478895576,39681.27873684532,win,-0.011899999999997135,29681.278736845277
2026-01-22 10:20:00+00:00,2026-01-22 11:00:00+00:00,sell,18.9802,19.0293,18.9311,18.9311,8081.726830314852,396.8127873684532,40078.09152421377,win,-0.049099999999999255,30078.09152421373
2026-01-22 11:10:00+00:00,2026-01-22 14:20:00+00:00,sell,18.92053,18.9836,18.85746,18.9836,6354.541227876001,-400.7809152421377,39677.31060897163,loss,0.06306999999999974,29677.310608971595
2026-01-22 14:35:00+00:00,2026-01-22 15:10:00+00:00,sell,18.9633,18.988799999999998,18.937800000000003,18.988799999999998,15559.729650578687,-396.7731060897163,39280.53750288192,loss,0.025499999999997414,29280.537502881878
2026-01-22 17:50:00+00:00,2026-01-22 19:05:00+00:00,sell,18.9829,19.018,18.9478,18.9478,11191.036325607412,392.8053750288192,39673.342877910734,win,-0.03509999999999991,29673.342877910698
2026-01-22 20:55:00+00:00,2026-01-23 00:00:00+00:00,sell,18.9509,18.965,18.9368,18.965,28137.1226084491,-396.7334287791073,39276.609449131625,loss,0.014099999999999113,29276.60944913159
2026-01-23 01:00:00+00:00,2026-01-23 01:05:00+00:00,sell,18.9492,18.971899999999998,18.926500000000004,18.971899999999998,17302.471122967887,-392.76609449131627,38883.84335464031,loss,0.022699999999996834,28883.843354640274
2026-01-23 01:25:00+00:00,2026-01-23 06:00:00+00:00,sell,18.9469,18.983,18.9108,18.9108,10771.14774366734,388.83843354640317,39272.68178818671,win,-0.03610000000000113,29272.681788186677
2026-01-23 07:25:00+00:00,2026-01-23 07:55:00+00:00,sell,18.909100000000002,18.9259,18.892300000000006,18.892300000000006,23376.59630249714,392.72681788186713,39665.40860606858,win,-0.016799999999996373,29665.408606068544
2026-01-23 09:35:00+00:00,2026-01-23 09:45:00+00:00,sell,18.8996,18.9239,18.8753,18.9239,16323.213418135078,-396.6540860606858,39268.7545200079,loss,0.02430000000000021,29268.754520007857
2026-01-23 13:05:00+00:00,2026-01-23 13:30:00+00:00,sell,18.9566,18.9714,18.941800000000004,18.941800000000004,26532.942243253096,392.687545200079,39661.44206520798,win,-0.014799999999997482,29661.442065207935
2026-01-23 13:40:00+00:00,2026-01-23 15:15:00+00:00,sell,18.9377,18.9709,18.9045,18.9709,11946.217489520193,-396.6144206520798,39264.8276445559,loss,0.033200000000000784,29264.827644555855
2026-01-23 18:20:00+00:00,2026-01-23 19:20:00+00:00,buy,19.003,18.976200000000002,19.029799999999998,18.976200000000002,14651.05509125333,-392.648276445559,38872.179368110345,loss,-0.026799999999997937,28872.179368110297
2026-01-23 19:50:00+00:00,2026-01-23 23:05:00+00:00,buy,19.01852,18.968500000000002,19.068539999999995,19.068539999999995,7771.327342685555,388.72179368110346,39260.90116179145,win,0.0500199999999964,29260.9011617914
2026-01-23 23:15:00+00:00,2026-01-23 23:20:00+00:00,buy,19.0697,19.04954,19.08986,19.08986,19474.65335406262,392.6090116179145,39653.51017340936,win,0.020160000000000622,29653.510173409315
2026-01-26 00:40:00+00:00,2026-01-26 01:00:00+00:00,buy,19.0488,19.0135,19.0841,19.0841,11233.289000966002,396.53510173409364,40050.04527514346,win,0.03529999999999944,30050.04527514341
2026-01-26 01:10:00+00:00,2026-01-26 01:30:00+00:00,buy,19.089399999999998,19.0275,19.151299999999996,19.0275,6470.12039986185,-400.5004527514346,39649.544822392025,loss,-0.061899999999997846,29649.544822391974
2026-01-26 02:45:00+00:00,2026-01-26 02:50:00+00:00,buy,19.0472,19.02654,19.06786,19.06786,19191.454415485514,396.4954482239203,40046.040270615944,win,0.020659999999999457,30046.040270615893
2026-01-26 03:00:00+00:00,2026-01-26 08:35:00+00:00,buy,19.0737,19.03652,19.110879999999998,19.03652,10770.855371333157,-400.46040270615947,39645.579867909786,loss,-0.037179999999999325,29645.579867909735
2026-01-26 16:05:00+00:00,2026-01-26 16:25:00+00:00,sell,19.0255,19.04846,19.002540000000003,19.002540000000003,17267.238618429375,396.4557986790979,40042.03566658888,win,-0.02295999999999765,30042.035666588832
2026-01-26 16:35:00+00:00,2026-01-26 16:45:00+00:00,sell,18.9985,19.0368,18.9602,18.9602,10454.839599631683,400.42035666588885,40442.456023254774,win,-0.03829999999999956,30442.45602325472
2026-01-26 17:10:00+00:00,2026-01-26 21:00:00+00:00,sell,18.959400000000002,19.0249,18.893900000000006,19.0249,6174.420766909449,-404.4245602325477,40038.03146302223,loss,0.06549999999999656,30038.031463022173
2026-01-26 23:25:00+00:00,2026-01-27 00:00:00+00:00,buy,19.049419999999998,19.031000000000002,19.067839999999993,19.031000000000002,21736.173432699317,-400.3803146302223,39637.651148392004,loss,-0.01841999999999544,29637.65114839195
2026-01-27 02:00:00+00:00,2026-01-27 04:35:00+00:00,buy,19.040599999999998,19.017,19.064199999999996,19.017,16795.61489338766,-396.37651148392007,39241.274636908085,loss,-0.02359999999999829,29241.27463690803
2026-01-27 05:50:00+00:00,2026-01-27 06:50:00+00:00,buy,19.0291,19.0071,19.051099999999998,19.0071,17836.943016777648,-392.4127463690809,38848.861890539,loss,-0.021999999999998465,28848.86189053895
2026-01-27 09:05:00+00:00,2026-01-27 09:25:00+00:00,sell,19.0061,19.02848,18.98372,19.02848,17358.740791126886,-388.48861890539,38460.373271633616,loss,0.02237999999999829,28460.373271633558
2026-01-27 09:55:00+00:00,2026-01-27 10:30:00+00:00,sell,18.998,19.032799999999998,18.963200000000004,19.032799999999998,11051.831399895653,-384.6037327163362,38075.76953891728,loss,0.034799999999997056,28075.769538917222
2026-01-27 10:55:00+00:00,2026-01-27 14:10:00+00:00,buy,19.0468,19.0074,19.0862,19.0862,9663.90089820222,380.75769538917274,38456.52723430645,win,0.039400000000000546,28456.527234306395
2026-01-27 15:25:00+00:00,2026-01-27 17:05:00+00:00,buy,19.0931,19.0642,19.122,19.122,13306.756828479673,384.5652723430645,38841.09250664951,win,0.028900000000000148,28841.09250664946
2026-01-27 18:20:00+00:00,2026-01-27 22:45:00+00:00,buy,19.1264,19.0915,19.1613,19.1613,11129.252867234698,388.4109250664951,39229.503431716,win,0.034900000000000375,29229.503431715955
2026-01-28 02:05:00+00:00,2026-01-28 02:30:00+00:00,buy,19.0856,19.06524,19.10596,19.06524,19267.928993966456,-392.29503431716006,38837.20839739884,loss,-0.020360000000000156,28837.208397398794
2026-01-28 03:00:00+00:00,2026-01-28 06:00:00+00:00,buy,19.089299999999998,19.0499,19.128699999999995,19.0499,9857.159491726346,-388.3720839739884,38448.83631342485,loss,-0.03939999999999699,28448.836313424807
2026-01-28 07:05:00+00:00,2026-01-28 07:10:00+00:00,sell,19.040100000000002,19.0505,19.029700000000005,19.029700000000005,36970.03491676505,384.4883631342485,38833.324676559096,win,-0.010399999999997078,28833.324676559056
2026-01-28 07:20:00+00:00,2026-01-28 08:40:00+00:00,sell,19.009900000000002,19.0501,18.969700000000003,18.969700000000003,9660.031014069744,388.33324676559096,39221.65792332469,win,-0.04019999999999868,29221.657923324645
2026-01-28 08:50:00+00:00,2026-01-28 10:00:00+00:00,sell,18.9691,18.999499999999998,18.938700000000004,18.999499999999998,12901.861158989805,-392.2165792332469,38829.44134409144,loss,0.030399999999996652,28829.4413440914
2026-01-28 10:25:00+00:00,2026-01-28 10:30:00+00:00,sell,18.979,19.0057,18.952299999999997,18.952299999999997,14542.861926625072,388.29441344091447,39217.735757532355,win,-0.026700000000001722,29217.735757532315
2026-01-28 12:25:00+00:00,2026-01-28 17:55:00+00:00,sell,19.0353,19.0763,18.9943,18.9943,9565.301404276099,392.1773575753236,39609.91311510768,win,-0.04100000000000037,29609.91311510764
2026-01-28 19:00:00+00:00,2026-01-28 22:10:00+00:00,sell,18.9863,19.0508,18.9218,18.9218,6141.071800791994,396.0991311510768,40006.01224625875,win,-0.06449999999999889,30006.012246258717
2026-01-28 22:25:00+00:00,2026-01-28 22:50:00+00:00,sell,18.91198,18.971999999999998,18.851960000000002,18.851960000000002,6665.446892079325,400.0601224625875,40406.07236872134,win,-0.060019999999997964,30406.072368721303
2026-01-29 00:05:00+00:00,2026-01-29 03:15:00+00:00,sell,18.8278,18.8557,18.7999,18.8557,14482.46321459602,-404.0607236872134,40002.01164503412,loss,0.027899999999998926,30002.01164503409
2026-01-29 04:20:00+00:00,2026-01-29 05:10:00+00:00,sell,18.826900000000002,18.8572,18.796600000000005,18.796600000000005,13201.984041266744,400.0201164503412,40402.03176148446,win,-0.030299999999996885,30402.03176148443
2026-01-29 06:25:00+00:00,2026-01-29 07:15:00+00:00,sell,18.794800000000002,18.823,18.766600000000004,18.766600000000004,14326.961617548583,404.0203176148446,40806.0520790993,win,-0.028199999999998226,30806.052079099278
2026-01-29 07:30:00+00:00,2026-01-29 08:25:00+00:00,sell,18.7487,18.782999999999998,18.7144,18.782999999999998,11896.808186326945,-408.06052079099305,40397.99155830831,loss,0.03429999999999822,30397.991558308284
2026-01-29 14:10:00+00:00,2026-01-29 14:30:00+00:00,sell,18.8357,18.8691,18.8023,18.8023,12095.207053385608,403.97991558308314,40801.9714738914,win,-0.03340000000000032,30801.971473891368
2026-01-29 14:40:00+00:00,2026-01-29 15:05:00+00:00,sell,18.8015,18.8521,18.7509,18.7509,8063.630726065603,408.019714738914,41209.99118863031,win,-0.05059999999999931,31209.991188630283
2026-01-29 16:25:00+00:00,2026-01-29 16:50:00+00:00,sell,18.756700000000002,18.79,18.723400000000005,18.79,12375.372729319528,-412.0999118863031,40797.891276744005,loss,0.033299999999997,30797.89127674398
2026-01-29 23:05:00+00:00,2026-01-30 03:05:00+00:00,sell,18.8175,18.8519,18.783099999999997,18.8519,11859.852115332029,-407.9789127674401,40389.91236397657,loss,0.03440000000000154,30389.91236397654
2026-01-30 08:05:00+00:00,2026-01-30 08:15:00+00:00,buy,18.8823,18.8609,18.9037,18.9037,18873.790824288237,403.8991236397657,40793.81148761633,win,0.021399999999999864,30793.811487616305
2026-01-30 08:25:00+00:00,2026-01-30 08:45:00+00:00,buy,18.9113,18.8654,18.9572,18.9572,8887.540629110388,407.93811487616335,41201.74960249249,win,0.04589999999999961,31201.74960249247
2026-01-30 08:55:00+00:00,2026-01-30 10:30:00+00:00,buy,18.9707,18.8982,19.043200000000002,19.043200000000002,5682.999945171256,412.0174960249249,41613.76709851742,win,0.07250000000000156,31613.767098517394
2026-01-30 10:40:00+00:00,2026-01-30 13:55:00+00:00,buy,19.0586,18.9724,19.144799999999996,18.9724,4827.583190083336,-416.1376709851742,41197.62942753224,loss,-0.08619999999999806,31197.629427532218
2026-01-30 15:20:00+00:00,2026-01-30 15:30:00+00:00,buy,19.0265,18.9738,19.079199999999997,18.9738,7817.386988146837,-411.97629427532246,40785.65313325692,loss,-0.05269999999999797,30785.653133256896
2026-01-30 15:40:00+00:00,2026-01-30 19:45:00+00:00,buy,19.0352,18.9567,19.113699999999998,19.113699999999998,5195.624602962782,407.8565313325692,41193.50966458949,win,0.07849999999999824,31193.509664589466
2026-01-30 19:55:00+00:00,2026-01-30 20:15:00+00:00,buy,19.1288,19.0736,19.183999999999997,19.183999999999997,7462.592330541675,411.9350966458949,41605.44476123538,win,0.05519999999999925,31605.44476123536
2026-01-30 20:25:00+00:00,2026-01-30 20:45:00+00:00,buy,19.1926,19.1297,19.255499999999998,19.1297,6614.538117843561,-416.05444761235384,41189.39031362303,loss,-0.06289999999999907,31189.390313623007
2026-01-30 23:05:00+00:00,2026-01-30 23:50:00+00:00,buy,19.1494,19.123540000000002,19.175259999999998,19.123540000000002,15927.838481680674,-411.8939031362303,40777.4964104868,loss,-0.025859999999997996,30777.496410486776
2026-02-02 01:10:00+00:00,2026-02-02 02:45:00+00:00,buy,19.1516,19.1038,19.199399999999997,19.199399999999997,8530.856989641816,407.774964104868,41185.27137459166,win,0.04779999999999873,31185.271374591644
2026-02-02 02:55:00+00:00,2026-02-02 03:05:00+00:00,buy,19.1997,19.1693,19.2301,19.2301,13547.786636378745,411.8527137459166,41597.12408833758,win,0.030400000000000205,31597.12408833756
2026-02-02 03:15:00+00:00,2026-02-02 04:30:00+00:00,buy,19.232499999999998,19.18664,19.278359999999996,19.18664,9070.458806877406,-415.9712408833758,41181.15284745421,loss,-0.04585999999999757,31181.152847454185
2026-02-02 04:55:00+00:00,2026-02-02 06:00:00+00:00,buy,19.212799999999998,19.1757,19.249899999999997,19.249899999999997,11100.041198775078,411.81152847454206,41592.96437592875,win,0.0370999999999988,31592.96437592873
2026-02-02 06:10:00+00:00,2026-02-02 09:35:00+00:00,buy,19.272199999999998,19.2038,19.340599999999995,19.2038,6080.842745019098,-415.9296437592875,41177.034732169464,loss,-0.06839999999999691,31177.034732169443
2026-02-02 14:55:00+00:00,2026-02-02 15:00:00+00:00,sell,18.9407,18.9945,18.8869,18.9945,7653.723927912688,-411.77034732169466,40765.26438484777,loss,0.05379999999999896,30765.26438484775
2026-02-02 16:35:00+00:00,2026-02-02 17:00:00+00:00,sell,18.9485,19.0028,18.894199999999998,19.0028,7507.415172163307,-407.6526438484777,40357.61174099929,loss,0.05430000000000135,30357.611740999273
2026-02-02 18:15:00+00:00,2026-02-03 02:20:00+00:00,sell,18.963900000000002,19.0233,18.904500000000006,18.904500000000006,6794.210730808354,403.5761174099929,40761.18785840928,win,-0.05939999999999657,30761.187858409266
2026-02-03 02:30:00+00:00,2026-02-03 04:25:00+00:00,sell,18.8952,18.9544,18.836,18.9544,6885.335786893391,-407.6118785840928,40353.57597982518,loss,0.059200000000000585,30353.575979825175
2026-02-03 04:55:00+00:00,2026-02-03 06:00:00+00:00,sell,18.9236,18.961,18.886200000000002,18.886200000000002,10789.726197814767,403.53575979825183,40757.11173962343,win,-0.0373999999999981,30757.111739623426
2026-02-03 06:35:00+00:00,2026-02-03 09:35:00+00:00,sell,18.86764,18.91936,18.815920000000002,18.815920000000002,7880.33869675634,407.57111739623434,41164.68285701967,win,-0.051719999999999544,31164.68285701966
2026-02-03 14:05:00+00:00,2026-02-03 14:30:00+00:00,sell,18.8733,18.8963,18.8503,18.8963,17897.688198704447,-411.6468285701967,40753.03602844947,loss,0.022999999999999687,30753.036028449464
2026-02-03 14:45:00+00:00,2026-02-03 14:55:00+00:00,sell,18.861900000000002,18.898,18.825800000000005,18.825800000000005,11288.929647770694,407.5303602844947,41160.56638873396,win,-0.03609999999999758,31160.566388733958
2026-02-03 15:05:00+00:00,2026-02-03 19:40:00+00:00,sell,18.8249,18.8909,18.7589,18.8909,6236.4494528385785,-411.60566388733963,40748.96072484662,loss,0.06599999999999895,30748.96072484662
2026-02-03 21:10:00+00:00,2026-02-03 22:30:00+00:00,sell,18.8897,18.9142,18.8652,18.8652,16632.22886728451,407.48960724846626,41156.45033209509,win,-0.024499999999999744,31156.450332095086
2026-02-03 22:40:00+00:00,2026-02-04 10:45:00+00:00,sell,18.8514,18.894,18.808800000000005,18.894,9661.138575609939,-411.56450332095096,40744.88582877414,loss,0.04259999999999664,30744.885828774135
2026-02-04 15:50:00+00:00,2026-02-04 16:30:00+00:00,sell,18.8236,18.8587,18.7885,18.8587,11608.229580847365,-407.4488582877414,40337.4369704864,loss,0.03509999999999991,30337.436970486393
2026-02-04 17:05:00+00:00,2026-02-04 17:35:00+00:00,buy,18.8934,18.8291,18.9577,18.9577,6273.318346887528,403.374369704864,40740.81134019126,win,0.06429999999999936,30740.811340191256
2026-02-04 18:05:00+00:00,2026-02-05 04:50:00+00:00,buy,18.961199999999998,18.8689,19.053499999999996,19.053499999999996,4413.955724831217,407.4081134019127,41148.21945359318,win,0.09229999999999805,31148.21945359317
2026-02-05 05:00:00+00:00,2026-02-05 10:00:00+00:00,buy,19.058,18.9719,19.144099999999998,18.9719,4779.119564877352,-411.4821945359318,40736.73725905725,loss,-0.08609999999999829,30736.737259057238
2026-02-05 11:00:00+00:00,2026-02-05 14:35:00+00:00,buy,19.0243,18.9691,19.0795,19.0795,7379.843706351051,407.3673725905725,41144.104631647824,win,0.05519999999999925,31144.10463164781
2026-02-05 14:45:00+00:00,2026-02-05 15:25:00+00:00,buy,19.0867,19.0469,19.1265,19.0469,10337.714731569906,-411.44104631647826,40732.66358533135,loss,-0.03979999999999961,30732.66358533133
2026-02-05 17:10:00+00:00,2026-02-05 17:45:00+00:00,buy,19.1012,19.0641,19.138299999999997,19.138299999999997,10979.154605210962,407.3266358533135,41139.990221184664,win,0.0370999999999988,31139.990221184646
2026-02-05 18:05:00+00:00,2026-02-05 18:35:00+00:00,buy,19.1567,19.0709,19.2425,19.0709,4794.870655149784,-411.39990221184667,40728.59031897282,loss,-0.08579999999999899,30728.590318972798
2026-02-05 20:10:00+00:00,2026-02-05 22:10:00+00:00,buy,19.1242,19.086100000000002,19.162299999999995,19.086100000000002,10689.918718891495,-407.28590318972823,40321.30441578309,loss,-0.03809999999999647,30321.30441578307
2026-02-05 22:30:00+00:00,2026-02-05 23:05:00+00:00,buy,19.1165,19.0839,19.149099999999997,19.149099999999997,12368.498287050546,403.2130441578309,40724.51745994092,win,0.03259999999999863,30724.5174599409
2026-02-05 23:25:00+00:00,2026-02-05 23:35:00+00:00,buy,19.1576,19.1309,19.184299999999997,19.184299999999997,15252.628262151204,407.2451745994092,41131.76263454033,win,0.02669999999999817,31131.762634540308
2026-02-05 23:45:00+00:00,2026-02-06 00:20:00+00:00,buy,19.1865,19.139400000000002,19.233599999999996,19.139400000000002,8732.858308820196,-411.31762634540337,40720.44500819493,loss,-0.04709999999999681,30720.445008194903
2026-02-06 01:35:00+00:00,2026-02-06 01:55:00+00:00,buy,19.153859999999998,19.137700000000002,19.170019999999994,19.170019999999994,25198.295178345103,407.20445008194935,41127.64945827688,win,0.016159999999995733,31127.649458276854
2026-02-06 02:05:00+00:00,2026-02-06 02:10:00+00:00,buy,19.183799999999998,19.1419,19.225699999999996,19.225699999999996,9815.668128467441,411.2764945827688,41538.925952859645,win,0.04189999999999827,31538.925952859623
2026-02-06 05:20:00+00:00,2026-02-06 07:25:00+00:00,buy,19.183799999999998,19.142300000000002,19.225299999999994,19.142300000000002,10009.379747678073,-415.3892595285965,41123.53669333105,loss,-0.04149999999999565,31123.536693331025
2026-02-06 13:10:00+00:00,2026-02-06 15:20:00+00:00,sell,19.03576,19.0691,19.00242,19.00242,12334.594089181835,411.2353669333105,41534.77206026436,win,-0.03333999999999904,31534.772060264335
2026-02-06 15:40:00+00:00,2026-02-06 16:30:00+00:00,sell,19.002000000000002,19.0351,18.968900000000005,18.968900000000005,12548.26950461255,415.3477206026436,41950.119780867004,win,-0.033099999999997465,31950.11978086698
2026-02-06 17:00:00+00:00,2026-02-06 18:30:00+00:00,sell,18.9684,19.0142,18.9226,18.9226,9159.414799315971,419.50119780867004,42369.62097867567,win,-0.04579999999999984,32369.620978675648
2026-02-06 18:40:00+00:00,2026-02-06 19:10:00+00:00,sell,18.9211,18.9452,18.897,18.9452,17580.75559281099,-423.69620978675675,41945.924768888915,loss,0.024100000000000676,31945.92476888889
2026-02-06 21:30:00+00:00,2026-02-06 21:55:00+00:00,sell,18.9403,18.9531,18.927500000000002,18.9531,32770.25372569807,-419.45924768888915,41526.46552120003,loss,0.01279999999999859,31526.4655212
2026-02-06 23:10:00+00:00,2026-02-06 23:45:00+00:00,sell,18.934820000000002,18.9508,18.918840000000003,18.9508,25986.524105884007,-415.2646552120003,41111.20086598803,loss,0.015979999999998995,31111.200865988
2026-02-09 00:00:00+00:00,2026-02-09 09:15:00+00:00,sell,18.9119,18.952099999999998,18.8717,18.952099999999998,10226.66688208691,-411.1120086598803,40700.08885732815,loss,0.04019999999999868,30700.08885732812
2026-02-09 15:50:00+00:00,2026-02-09 16:35:00+00:00,buy,19.0231,18.988500000000002,19.057699999999997,18.988500000000002,11763.031461656377,-407.0008885732815,40293.087968754866,loss,-0.03459999999999752,30293.087968754837
2026-02-09 19:10:00+00:00,2026-02-09 19:40:00+00:00,sell,18.915200000000002,18.930899999999998,18.899500000000007,18.930899999999998,25664.387241252683,-402.93087968754867,39890.15708906732,loss,0.015699999999995384,29890.15708906729
2026-02-09 21:30:00+00:00,2026-02-09 21:40:00+00:00,sell,18.9149,18.9313,18.8985,18.9313,24323.2665177227,-398.90157089067316,39491.255518176644,loss,0.01640000000000086,29491.255518176615
2026-02-10 00:00:00+00:00,2026-02-10 00:05:00+00:00,sell,18.9296,18.941,18.918200000000002,18.918200000000002,34641.452208932045,394.91255518176644,39886.16807335841,win,-0.0113999999999983,29886.16807335838
2026-02-10 01:25:00+00:00,2026-02-10 01:45:00+00:00,sell,18.9145,18.927699999999998,18.901300000000003,18.927699999999998,30216.79399497385,-398.8616807335841,39487.30639262482,loss,0.013199999999997658,29487.306392624796
2026-02-10 03:20:00+00:00,2026-02-10 03:50:00+00:00,sell,18.9331,18.943099999999998,18.9231,18.9231,39487.30639263268,394.8730639262482,39882.17945655107,win,-0.00999999999999801,29882.179456551043
2026-02-10 04:00:00+00:00,2026-02-10 05:00:00+00:00,sell,18.9218,18.9425,18.901100000000003,18.9425,19266.75336065461,-398.82179456551074,39483.35766198556,loss,0.020699999999997942,29483.35766198553
2026-02-10 06:00:00+00:00,2026-02-10 08:10:00+00:00,sell,18.9282,18.9466,18.9098,18.9466,21458.346555427226,-394.8335766198556,39088.5240853657,loss,0.01839999999999975,29088.524085365676
2026-02-10 12:20:00+00:00,2026-02-10 23:55:00+00:00,buy,18.9755,18.927500000000002,19.0235,18.927500000000002,8143.442517784815,-390.885240853657,38697.63884451205,loss,-0.047999999999998266,28697.638844512017
2026-02-11 03:05:00+00:00,2026-02-11 03:40:00+00:00,sell,18.9593,18.9707,18.947899999999997,18.947899999999997,33945.29723202259,386.9763884451204,39084.61523295716,win,-0.011400000000001853,29084.615232957138
2026-02-11 03:50:00+00:00,2026-02-11 04:05:00+00:00,sell,18.9467,18.9639,18.9295,18.9639,22723.613507534563,-390.8461523295716,38693.76908062759,loss,0.017199999999998994,28693.769080627568
2026-02-11 04:30:00+00:00,2026-02-11 05:35:00+00:00,sell,18.9445,18.9696,18.919400000000003,18.919400000000003,15415.844255231134,386.93769080627595,39080.70677143387,win,-0.025099999999998346,29080.706771433845
2026-02-11 05:45:00+00:00,2026-02-11 07:50:00+00:00,sell,18.9161,18.9358,18.8964,18.9358,19837.922219001688,-390.80706771433864,38689.89970371953,loss,0.019700000000000273,28689.899703719508
2026-02-11 09:20:00+00:00,2026-02-11 10:20:00+00:00,sell,18.9469,18.9693,18.9245,18.9245,17272.276653445384,386.89899703719533,39076.79870075673,win,-0.022400000000001086,29076.798700756703
2026-02-11 10:30:00+00:00,2026-02-11 13:20:00+00:00,sell,18.912100000000002,18.951,18.873200000000004,18.873200000000004,10045.449537470071,390.7679870075673,39467.566687764294,win,-0.03889999999999816,29467.56668776427
2026-02-11 15:25:00+00:00,2026-02-11 15:50:00+00:00,sell,18.8744,18.906299999999998,18.842500000000005,18.842500000000005,12372.277958548077,394.6756668776429,39862.24235464194,win,-0.03189999999999671,29862.242354641912
2026-02-11 16:20:00+00:00,2026-02-11 17:15:00+00:00,sell,18.8388,18.9029,18.7747,18.9029,6218.758557666466,-398.6224235464194,39463.61993109552,loss,0.06409999999999982,29463.619931095494
2026-02-11 18:30:00+00:00,2026-02-11 19:45:00+00:00,sell,18.8728,18.9016,18.844000000000005,18.844000000000005,13702.645809409676,394.6361993109552,39858.25613040647,win,-0.028799999999996828,29858.25613040645
2026-02-11 20:20:00+00:00,2026-02-12 00:00:00+00:00,sell,18.8425,18.8748,18.810200000000002,18.810200000000002,12340.017377835076,398.5825613040647,40256.83869171054,win,-0.03229999999999933,30256.838691710516
2026-02-12 02:05:00+00:00,2026-02-12 02:25:00+00:00,sell,18.8261,18.8487,18.8035,18.8487,17812.76048305727,-402.5683869171054,39854.270304793434,loss,0.02260000000000062,29854.270304793412
2026-02-12 03:50:00+00:00,2026-02-12 04:15:00+00:00,sell,18.8364,18.8548,18.818,18.8548,21659.92951347499,-398.54270304793437,39455.7276017455,loss,0.01839999999999975,29455.72760174548
2026-02-12 05:05:00+00:00,2026-02-12 08:20:00+00:00,sell,18.8352,18.8587,18.811700000000002,18.8587,16789.671319892757,-394.55727601745497,39061.170325728046,loss,0.023499999999998522,29061.170325728024
2026-02-12 15:25:00+00:00,2026-02-12 15:50:00+00:00,sell,18.852,18.8859,18.8181,18.8181,11522.46912263393,390.61170325728045,39451.782028985326,win,-0.03389999999999915,29451.782028985304
2026-02-12 16:00:00+00:00,2026-02-12 18:10:00+00:00,sell,18.8168,18.8723,18.761300000000002,18.8723,7108.429194411956,-394.51782028985326,39057.26420869547,loss,0.05549999999999855,29057.26420869545
2026-02-12 19:15:00+00:00,2026-02-12 23:55:00+00:00,buy,18.9389,18.8921,18.9857,18.8921,8345.569275362092,-390.5726420869548,38666.69156660852,loss,-0.04680000000000106,28666.691566608497
2026-02-13 01:10:00+00:00,2026-02-13 07:50:00+00:00,buy,18.9391,18.904500000000002,18.973699999999997,18.973699999999997,11175.344383413667,386.6669156660852,39053.358482274605,win,0.03459999999999752,29053.358482274583
2026-02-13 08:35:00+00:00,2026-02-13 12:45:00+00:00,buy,18.996019999999998,18.94994,19.042099999999994,19.042099999999994,8475.12119841096,390.53358482274604,39443.89206709735,win,0.046079999999996346,29443.89206709733
2026-02-13 15:05:00+00:00,2026-02-13 15:25:00+00:00,buy,19.019,18.997700000000002,19.040299999999995,18.997700000000002,18518.259186433686,-394.4389206709735,39049.45314642638,loss,-0.021299999999996544,29049.453146426356
2026-02-13 18:30:00+00:00,2026-02-13 23:45:00+00:00,buy,18.956599999999998,18.90906,19.004139999999996,18.90906,8214.020434671453,-390.49453146426373,38658.95861496212,loss,-0.04753999999999792,28658.95861496209
2026-02-16 00:00:00+00:00,2026-02-16 10:00:00+00:00,sell,18.89364,18.9351,18.852180000000004,18.852180000000004,9324.399087063377,386.5895861496212,39045.54820111174,win,-0.041459999999997166,29045.548201111713
2026-02-16 14:45:00+00:00,2026-02-16 16:40:00+00:00,sell,18.913600000000002,18.9411,18.886100000000006,18.9411,14198.381164042543,-390.45548201111745,38655.09271910063,loss,0.027499999999996305,28655.092719100594
2026-02-16 22:30:00+00:00,2026-02-16 23:45:00+00:00,buy,18.9372,18.92746,18.94694,18.92746,39686.95351036721,-386.55092719100634,38268.54179190962,loss,-0.009740000000000748,28268.54179190959
2026-02-17 00:05:00+00:00,2026-02-17 03:50:00+00:00,sell,18.8974,18.9389,18.855900000000002,18.9389,9221.335371544665,-382.68541791909627,37885.85637399052,loss,0.041499999999999204,27885.856373990493
2026-02-17 04:00:00+00:00,2026-02-17 07:15:00+00:00,buy,18.9456,18.9272,18.964,18.964,20590.13933369078,378.85856373990515,38264.71493773043,win,0.01839999999999975,28264.714937730398
2026-02-17 07:25:00+00:00,2026-02-17 10:00:00+00:00,buy,18.9758,18.94394,19.007659999999998,18.94394,12010.268342037842,-382.6471493773043,37882.067788353124,loss,-0.03185999999999822,27882.06778835309
2026-02-17 10:50:00+00:00,2026-02-17 15:05:00+00:00,buy,18.9782,18.9373,19.0191,19.0191,9262.119263655884,378.82067788353123,38260.888466236654,win,0.0409000000000006,28260.88846623662
2026-02-17 15:15:00+00:00,2026-02-17 15:50:00+00:00,buy,19.0324,18.9867,19.0781,18.9867,8372.185660008008,-382.6088846623666,37878.27958157429,loss,-0.045700000000000074,27878.279581574254
2026-02-17 16:50:00+00:00,2026-02-17 20:25:00+00:00,buy,19.032,18.97456,19.08944,18.97456,6594.40800514876,-378.7827958157429,37499.49678575854,loss,-0.057439999999999714,27499.49678575851
2026-02-17 22:05:00+00:00,2026-02-17 23:55:00+00:00,buy,18.9723,18.9585,18.9861,18.9861,27173.548395477574,374.99496785758544,37874.49175361613,win,0.013799999999999812,27874.491753616097
2026-02-18 00:05:00+00:00,2026-02-18 01:00:00+00:00,buy,18.9904,18.96918,19.01162,18.96918,17848.488102552732,-378.7449175361613,37495.74683607997,loss,-0.021219999999999573,27495.746836079936
2026-02-18 01:50:00+00:00,2026-02-18 02:20:00+00:00,buy,18.9957,18.96874,19.02266,18.96874,13907.917965905557,-374.9574683607997,37120.78936771917,loss,-0.026959999999998985,27120.789367719135
2026-02-18 08:50:00+00:00,2026-02-18 09:00:00+00:00,sell,18.94412,18.9596,18.928640000000005,18.928640000000005,23979.838092847094,371.2078936771917,37491.99726139636,win,-0.015479999999996608,27491.997261396325
2026-02-18 09:30:00+00:00,2026-02-18 14:30:00+00:00,sell,18.9164,18.9577,18.8751,18.9577,9077.965438594834,-374.91997261396364,37117.0772887824,loss,0.04129999999999967,27117.077288782362
2026-02-18 19:15:00+00:00,2026-02-18 20:10:00+00:00,sell,18.9282,18.9617,18.8947,18.9617,11079.724563815613,-371.170772887824,36745.906515894574,loss,0.033500000000000085,26745.906515894538
2026-02-18 20:55:00+00:00,2026-02-18 21:25:00+00:00,sell,18.941,18.9667,18.9153,18.9667,14298.018099569596,-367.45906515894575,36378.44745073563,loss,0.0257000000000005,26378.44745073559
2026-02-18 22:05:00+00:00,2026-02-18 23:10:00+00:00,sell,18.954800000000002,18.979699999999998,18.929900000000007,18.929900000000007,14609.818253310263,363.78447450735626,36742.23192524299,win,-0.02489999999999526,26742.231925242948
2026-02-18 23:30:00+00:00,2026-02-19 06:45:00+00:00,sell,18.92456,18.9487,18.90042,18.9487,15220.47718527103,-367.4223192524299,36374.80960599056,loss,0.024139999999999162,26374.80960599052
2026-02-19 08:05:00+00:00,2026-02-19 08:10:00+00:00,sell,18.9543,18.9615,18.9471,18.9471,50520.56889720221,363.7480960599056,36738.557702050464,win,-0.007200000000000983,26738.557702050424
2026-02-19 08:20:00+00:00,2026-02-19 08:30:00+00:00,sell,18.9421,18.9609,18.9233,18.9233,19541.786011730197,367.3855770205046,37105.94327907097,win,-0.018799999999998818,27105.94327907093
2026-02-19 08:50:00+00:00,2026-02-19 10:05:00+00:00,sell,18.9225,18.9501,18.8949,18.9501,13444.182347489665,-371.0594327907097,36734.88384628026,loss,0.027599999999999625,26734.88384628022
2026-02-19 11:05:00+00:00,2026-02-19 11:25:00+00:00,buy,18.994,18.942700000000002,19.045299999999997,19.045299999999997,7160.796071399984,367.3488384628026,37102.23268474306,win,0.05129999999999768,27102.232684743023
2026-02-19 11:35:00+00:00,2026-02-19 17:00:00+00:00,buy,19.0662,18.982400000000002,19.149999999999995,18.982400000000002,4427.474067391956,-371.02232684743063,36731.21035789563,loss,-0.08379999999999654,26731.210357895594
2026-02-19 21:35:00+00:00,2026-02-19 22:00:00+00:00,buy,19.0332,19.009700000000002,19.0567,19.009700000000002,15630.30227995657,-367.3121035789563,36363.89825431667,loss,-0.023499999999998522,26363.89825431664
2026-02-20 03:20:00+00:00,2026-02-20 03:45:00+00:00,buy,19.0105,18.99856,19.02244,19.02244,30455.526176146723,363.6389825431667,36727.53723685984,win,0.011939999999999173,26727.537236859804
2026-02-20 11:05:00+00:00,2026-02-20 11:15:00+00:00,sell,18.9681,18.996399999999998,18.9398,18.9398,12977.928352248215,367.2753723685984,37094.81260922844,win,-0.028299999999997993,27094.812609228404
2026-02-20 12:35:00+00:00,2026-02-20 14:10:00+00:00,sell,18.9509,18.9692,18.9326,18.9326,20270.389403949986,370.9481260922844,37465.76073532072,win,-0.018299999999999983,27465.760735320688
2026-02-20 15:30:00+00:00,2026-02-20 16:40:00+00:00,sell,18.9343,18.967299999999998,18.901300000000003,18.901300000000003,11353.26082888586,374.6576073532072,37840.418342673926,win,-0.0329999999999977,27840.418342673896
2026-02-20 17:00:00+00:00,2026-02-20 17:30:00+00:00,sell,18.898400000000002,18.9563,18.840500000000006,18.9563,6535.478124814544,-378.4041834267393,37462.014159247185,loss,0.05789999999999651,27462.014159247155
2026-02-20 18:55:00+00:00,2026-02-20 19:15:00+00:00,sell,18.8905,18.9189,18.862099999999998,18.9189,13190.850056072342,-374.62014159247184,37087.39401765471,loss,0.028400000000001313,27087.394017654682
2026-02-20 20:35:00+00:00,2026-02-23 00:00:00+00:00,sell,18.89554,18.9193,18.87178,18.87178,15609.172566353429,370.87394017654714,37458.26795783126,win,-0.023759999999999337,27458.26795783123
2026-02-23 01:15:00+00:00,2026-02-23 01:20:00+00:00,sell,18.8959,18.9175,18.8743,18.9175,17341.79072121866,-374.5826795783126,37083.685278252946,loss,0.021599999999999397,27083.685278252917
2026-02-23 02:00:00+00:00,2026-02-23 02:25:00+00:00,sell,18.8915,18.9198,18.863200000000003,18.9198,13103.775716698085,-370.8368527825295,36712.848425470416,loss,0.028299999999997993,26712.848425470387
2026-02-23 03:10:00+00:00,2026-02-23 03:45:00+00:00,sell,18.9231,18.9424,18.903800000000004,18.903800000000004,19022.201256722736,367.1284842547041,37079.97690972512,win,-0.019299999999997652,27079.97690972509
2026-02-23 06:10:00+00:00,2026-02-23 06:50:00+00:00,sell,18.9202,18.9298,18.910600000000002,18.9298,38624.975947634586,-370.7997690972512,36709.17714062787,loss,0.009599999999998943,26709.17714062784
2026-02-23 07:30:00+00:00,2026-02-23 08:25:00+00:00,sell,18.9221,18.930799999999998,18.913400000000003,18.930799999999998,42194.4564834925,-367.0917714062787,36342.08536922159,loss,0.008699999999997488,26342.08536922156
2026-02-23 08:35:00+00:00,2026-02-23 08:45:00+00:00,sell,18.9141,18.9315,18.896700000000003,18.896700000000003,20886.25595932452,363.4208536922159,36705.506222913806,win,-0.017399999999998528,26705.506222913777
2026-02-23 09:00:00+00:00,2026-02-23 10:55:00+00:00,sell,18.8941,18.9315,18.856700000000004,18.856700000000004,9814.30647671542,367.05506222913806,37072.56128514295,win,-0.0373999999999981,27072.561285142914
2026-02-23 11:05:00+00:00,2026-02-23 13:25:00+00:00,sell,18.848200000000002,18.885099999999998,18.811300000000006,18.885099999999998,10046.764575920666,-370.7256128514295,36701.83567229152,loss,0.036899999999995714,26701.835672291483
2026-02-23 13:50:00+00:00,2026-02-23 14:10:00+00:00,sell,18.8601,18.8858,18.8344,18.8858,14280.8699113972,-367.0183567229152,36334.8173155686,loss,0.0257000000000005,26334.81731556857
2026-02-23 15:50:00+00:00,2026-02-23 16:30:00+00:00,sell,18.8606,18.8825,18.838700000000003,18.838700000000003,16591.240783365643,363.34817315568597,36698.16548872429,win,-0.0218999999999987,26698.165488724255
2026-02-23 20:20:00+00:00,2026-02-24 00:05:00+00:00,sell,18.8785,18.9134,18.8436,18.8436,10515.233664390802,366.98165488724294,37065.14714361153,win,-0.034900000000000375,27065.1471436115
2026-02-24 02:50:00+00:00,2026-02-24 04:35:00+00:00,sell,18.869,18.8857,18.8523,18.8523,22194.69888838993,370.65147143611534,37435.79861504765,win,-0.01670000000000016,27435.798615047614
2026-02-24 04:55:00+00:00,2026-02-24 07:15:00+00:00,sell,18.8493,18.8702,18.8284,18.8702,17911.865366050624,-374.35798615047645,37061.44062889717,loss,0.02090000000000103,27061.440628897137
2026-02-24 08:20:00+00:00,2026-02-24 08:30:00+00:00,sell,18.869120000000002,18.883499999999998,18.854740000000007,18.883499999999998,25772.90725237028,-370.61440628897174,36690.8262226082,loss,0.014379999999995619,26690.826222608164
2026-02-24 09:20:00+00:00,2026-02-24 09:35:00+00:00,sell,18.8659,18.886599999999998,18.845200000000002,18.845200000000002,17725.0368225178,366.90826222608194,37057.734484834284,win,-0.020699999999997942,27057.734484834247
2026-02-24 11:05:00+00:00,2026-02-24 11:25:00+00:00,sell,18.8749,18.9053,18.8445,18.8445,12190.044238432247,370.5773448483428,37428.31182968263,win,-0.030400000000000205,27428.31182968259
2026-02-24 11:35:00+00:00,2026-02-24 12:25:00+00:00,sell,18.8395,18.872799999999998,18.806200000000004,18.806200000000004,11239.733282187988,374.2831182968263,37802.59494797946,win,-0.033299999999997,27802.594947979414
2026-02-24 15:00:00+00:00,2026-02-24 16:00:00+00:00,sell,18.8508,18.8742,18.8274,18.8742,16154.955105974987,-378.0259494797946,37424.568998499664,loss,0.023399999999998755,27424.56899849962
2026-02-24 16:35:00+00:00,2026-02-24 16:40:00+00:00,sell,18.848200000000002,18.8785,18.817900000000005,18.817900000000005,12351.34290379654,374.24568998499666,37798.81468848466,win,-0.030299999999996885,27798.814688484617
2026-02-24 16:50:00+00:00,2026-02-25 10:05:00+00:00,sell,18.8156,18.8746,18.7566,18.7566,6406.578760759997,377.98814688484657,38176.802835369504,win,-0.05900000000000105,28176.802835369464
2026-02-25 10:15:00+00:00,2026-02-25 12:00:00+00:00,sell,18.7555,18.7869,18.724100000000004,18.7869,12158.217463494297,-381.76802835369506,37795.03480701581,loss,0.031399999999997874,27795.03480701577
2026-02-25 12:25:00+00:00,2026-02-25 14:10:00+00:00,sell,18.7517,18.79,18.7134,18.7134,9868.155302093015,377.9503480701581,38172.98515508597,win,-0.03829999999999956,28172.985155085928
2026-02-25 14:20:00+00:00,2026-02-25 14:30:00+00:00,sell,18.7127,18.7396,18.685800000000004,18.7396,14190.700801148412,-381.7298515508597,37791.25530353511,loss,0.026899999999997704,27791.25530353507
2026-02-25 14:50:00+00:00,2026-02-25 15:25:00+00:00,sell,18.7039,18.7471,18.660700000000002,18.660700000000002,8747.975764707446,377.9125530353511,38169.16785657046,win,-0.043199999999998795,28169.16785657042
2026-02-25 17:45:00+00:00,2026-02-25 17:55:00+00:00,sell,18.721600000000002,18.7501,18.693100000000005,18.693100000000005,13392.690475990797,381.6916785657046,38550.85953513616,win,-0.028499999999997527,28550.859535136125
2026-02-25 19:30:00+00:00,2026-02-25 22:35:00+00:00,sell,18.6962,18.7136,18.678800000000003,18.7136,22155.666399505415,-385.5085953513616,38165.350939784796,loss,0.017399999999998528,28165.350939784763
2026-02-25 23:55:00+00:00,2026-02-26 01:05:00+00:00,sell,18.7075,18.7229,18.6921,18.7229,24782.69541544526,-381.653509397848,37783.69743038695,loss,0.015399999999999636,27783.697430386914
2026-02-26 02:20:00+00:00,2026-02-26 03:15:00+00:00,sell,18.7243,18.7359,18.712699999999998,18.712699999999998,32572.152957226237,377.8369743038695,38161.53440469082,win,-0.011600000000001387,28161.534404690785
2026-02-26 15:10:00+00:00,2026-02-26 15:15:00+00:00,buy,18.7515,18.7389,18.7641,18.7641,30286.932067217203,381.6153440469082,38543.14974873773,win,0.012599999999999056,28543.149748737695
2026-02-26 15:45:00+00:00,2026-02-26 17:00:00+00:00,buy,18.773,18.7391,18.8069,18.8069,11369.660692843272,385.43149748737727,38928.581246225105,win,0.03389999999999915,28928.581246225072
2026-02-26 17:10:00+00:00,2026-02-26 17:20:00+00:00,buy,18.81,18.7726,18.847399999999997,18.847399999999997,10408.711563162322,389.2858124622511,39317.867058687356,win,0.0373999999999981,29317.867058687323
2026-02-26 18:35:00+00:00,2026-02-26 18:45:00+00:00,buy,18.8307,18.8133,18.8481,18.8481,22596.4753210866,393.1786705868736,39711.04572927423,win,0.017399999999998528,29711.045729274196
2026-02-26 22:20:00+00:00,2026-02-26 23:10:00+00:00,buy,18.7777,18.76482,18.79058,18.79058,30831.557243227453,397.1104572927423,40108.15618656697,win,0.012879999999999114,30108.15618656694
2026-02-26 23:20:00+00:00,2026-02-26 23:45:00+00:00,buy,18.7958,18.77914,18.812459999999998,18.77914,24074.52352135144,-401.08156186566976,39707.0746247013,loss,-0.01665999999999812,29707.07462470127
2026-02-27 00:00:00+00:00,2026-02-27 04:55:00+00:00,buy,18.8014,18.772000000000002,18.8308,18.772000000000002,13505.8076954771,-397.070746247013,39310.003878454285,loss,-0.029399999999998983,29310.003878454256
2026-02-27 06:15:00+00:00,2026-02-27 07:20:00+00:00,buy,18.7817,18.7692,18.7942,18.7692,31448.003102765215,-393.10003878454285,38916.90383966974,loss,-0.01249999999999929,28916.903839669714
2026-02-27 14:05:00+00:00,2026-02-27 15:00:00+00:00,buy,18.7924,18.7668,18.818,18.818,15201.915562370557,389.16903839669743,39306.07287806644,win,0.025600000000000733,29306.07287806641
2026-02-27 15:10:00+00:00,2026-02-27 15:40:00+00:00,buy,18.8279,18.8005,18.8553,18.8553,14345.282072286975,393.0607287806644,39699.13360684711,win,0.02740000000000009,29699.133606847074
2026-02-27 16:40:00+00:00,2026-02-27 17:35:00+00:00,buy,18.8656,18.8088,18.9224,18.8088,6989.284085712633,-396.99133606847107,39302.14227077863,loss,-0.05679999999999907,29302.142270778604
2026-02-27 21:05:00+00:00,2026-02-27 21:25:00+00:00,buy,18.7908,18.7778,18.803800000000003,18.803800000000003,30232.41713136428,393.0214227077863,39695.16369348642,win,0.013000000000001677,29695.16369348639
2026-02-27 21:35:00+00:00,2026-02-27 23:10:00+00:00,buy,18.804199999999998,18.786,18.822399999999995,18.822399999999995,21810.529501919616,396.95163693486427,40092.115330421286,win,0.018199999999996663,30092.115330421253
2026-02-27 23:20:00+00:00,2026-02-27 23:45:00+00:00,buy,18.8248,18.80524,18.844359999999998,18.80524,20496.9914777221,-400.92115330421285,39691.194177117075,loss,-0.019559999999998468,29691.19417711704
2026-03-02 00:00:00+00:00,2026-03-02 00:05:00+00:00,buy,18.833099999999998,18.798840000000002,18.867359999999994,18.867359999999994,11585.28726711077,396.9119417711708,40088.106118888245,win,0.03425999999999618,30088.10611888821
2026-03-02 00:55:00+00:00,2026-03-02 21:45:00+00:00,buy,18.9462,18.78548,19.106920000000002,18.78548,2494.2823618023845,-400.8810611888825,39687.22505769936,loss,-0.1607200000000013,29687.225057699325
2026-03-02 23:55:00+00:00,2026-03-03 00:10:00+00:00,sell,18.796030000000002,18.81379,18.778270000000003,18.81379,22346.410505462474,-396.8722505769937,39290.35280712237,loss,0.01775999999999911,29290.35280712233
2026-03-03 00:20:00+00:00,2026-03-03 03:55:00+00:00,sell,18.7895,18.8247,18.7543,18.8247,11162.03204747805,-392.9035280712237,38897.44927905114,loss,0.035199999999999676,28897.449279051107
2026-03-03 04:40:00+00:00,2026-03-03 06:50:00+00:00,sell,18.7929,18.8262,18.7596,18.8262,11680.915699414563,-388.9744927905114,38508.47478626063,loss,0.03330000000000055,28508.474786260595
2026-03-03 07:15:00+00:00,2026-03-03 07:45:00+00:00,sell,18.7989,18.8292,18.7686,18.8292,12709.067586224448,-385.0847478626063,38123.39003839802,loss,0.030300000000000438,28123.39003839799
2026-03-03 10:05:00+00:00,2026-03-03 10:15:00+00:00,buy,18.8754,18.8508,18.9,18.9,15497.31302373934,381.2339003839802,38504.623938782,win,0.02459999999999951,28504.62393878197
2026-03-03 10:25:00+00:00,2026-03-03 12:15:00+00:00,buy,18.909399999999998,18.85945,18.959349999999997,18.959349999999997,7708.633421177725,385.04623938782004,38889.67017816982,win,0.04994999999999905,28889.67017816979
2026-03-03 12:30:00+00:00,2026-03-03 15:10:00+00:00,buy,18.9727,18.904600000000002,19.040799999999997,19.040799999999997,5710.6710981161805,388.8967017816982,39278.56687995152,win,0.0680999999999976,29278.566879951486
2026-03-03 15:20:00+00:00,2026-03-03 16:10:00+00:00,buy,19.0489,18.962,19.1358,19.1358,4519.973173757368,392.78566879951524,39671.352548751034,win,0.08689999999999998,29671.352548751
2026-03-03 16:20:00+00:00,2026-03-03 16:50:00+00:00,buy,19.1364,19.0712,19.201599999999996,19.201599999999996,6084.563274348574,396.71352548751037,40068.066074238544,win,0.06519999999999726,30068.06607423851
2026-03-03 17:00:00+00:00,2026-03-03 21:40:00+00:00,buy,19.2485,19.127000000000002,19.369999999999997,19.127000000000002,3297.7832159867794,-400.68066074238544,39667.38541349616,loss,-0.1214999999999975,29667.385413496126
2026-03-03 22:55:00+00:00,2026-03-04 05:00:00+00:00,buy,19.157529999999998,19.1124,19.202659999999995,19.202659999999995,8789.582409372697,396.6738541349615,40064.05926763112,win,0.045129999999996784,30064.059267631088
2026-03-04 05:30:00+00:00,2026-03-04 09:00:00+00:00,buy,19.2155,19.1495,19.281499999999998,19.1495,6070.312010247236,-400.6405926763112,39663.41867495481,loss,-0.06599999999999895,29663.418674954777
2026-03-04 10:00:00+00:00,2026-03-04 10:15:00+00:00,buy,19.192,19.1462,19.2378,19.1462,8660.135081867893,-396.6341867495481,39266.78448820526,loss,-0.04579999999999984,29266.78448820523
2026-03-04 15:05:00+00:00,2026-03-04 16:35:00+00:00,sell,19.0183,19.076999999999998,18.959600000000002,19.076999999999998,6689.401105316263,-392.6678448820526,38874.11664332321,loss,0.0586999999999982,28874.116643323177
2026-03-04 17:00:00+00:00,2026-03-05 00:00:00+00:00,sell,19.03069,19.096,18.96538,18.96538,5952.245696420623,388.7411664332321,39262.85780975644,win,-0.0653100000000002,29262.85780975641
2026-03-05 03:05:00+00:00,2026-03-05 03:30:00+00:00,sell,18.9922,19.0128,18.971600000000002,19.0128,19059.639713475688,-392.6285780975644,38870.22923165887,loss,0.020599999999998175,28870.229231658846
2026-03-05 04:45:00+00:00,2026-03-05 05:30:00+00:00,sell,19.0105,19.0301,18.9909,19.0301,19831.74960798871,-388.70229231658874,38481.526939342286,loss,0.019600000000000506,28481.526939342257
2026-03-05 06:05:00+00:00,2026-03-05 06:20:00+00:00,sell,19.028000000000002,19.042099999999998,19.013900000000007,19.013900000000007,27291.863077556314,384.81526939342285,38866.34220873571,win,-0.01409999999999556,28866.34220873568
2026-03-05 06:35:00+00:00,2026-03-05 07:20:00+00:00,sell,19.009900000000002,19.0414,18.978400000000004,19.0414,12338.521336107498,-388.6634220873571,38477.67878664835,loss,0.03149999999999764,28477.678786648325
2026-03-05 10:05:00+00:00,2026-03-05 10:35:00+00:00,buy,19.1272,19.093500000000002,19.160899999999994,19.093500000000002,11417.70883876939,-384.7767878664835,38092.90199878187,loss,-0.033699999999996066,28092.901998781843
2026-03-05 13:30:00+00:00,2026-03-05 14:05:00+00:00,buy,19.1437,19.1064,19.180999999999997,19.180999999999997,10212.574262408463,380.92901998781866,38473.831018769684,win,0.037299999999998334,28473.831018769662
2026-03-05 15:20:00+00:00,2026-03-05 15:25:00+00:00,buy,19.1766,19.1446,19.2086,19.2086,12023.072193365517,384.73831018769687,38858.56932895738,win,0.03200000000000003,28858.56932895736
2026-03-05 15:35:00+00:00,2026-03-05 18:20:00+00:00,buy,19.2339,19.1586,19.309199999999997,19.309199999999997,5160.500574894835,388.58569328957384,39247.15502224696,win,0.07529999999999859,29247.155022246934
2026-03-05 19:25:00+00:00,2026-03-06 09:25:00+00:00,buy,19.3114,19.2208,19.401999999999997,19.2208,4331.915565369495,-392.4715502224696,38854.68347202449,loss,-0.09059999999999846,28854.683472024466
2026-03-06 11:05:00+00:00,2026-03-06 11:15:00+00:00,buy,19.264699999999998,19.233890000000002,19.295509999999993,19.295509999999993,12611.062470636274,388.5468347202449,39243.230306744736,win,0.03080999999999534,29243.23030674471
2026-03-06 11:35:00+00:00,2026-03-06 12:35:00+00:00,buy,19.298669999999998,19.23749,19.359849999999994,19.23749,6414.388739252512,-392.4323030674474,38850.798003677286,loss,-0.06117999999999668,28850.798003677264
2026-03-06 13:05:00+00:00,2026-03-06 14:00:00+00:00,buy,19.292099999999998,19.2329,19.351299999999995,19.351299999999995,6562.63479791879,388.5079800367729,39239.30598371406,win,0.05919999999999703,29239.305983714035
2026-03-06 15:45:00+00:00,2026-03-06 15:50:00+00:00,buy,19.353099999999998,19.30779,19.398409999999995,19.398409999999995,8660.186710155947,392.39305983714064,39631.6990435512,win,0.045309999999997075,29631.699043551176
2026-03-06 16:00:00+00:00,2026-03-06 17:25:00+00:00,buy,19.40639,19.2543,19.558479999999996,19.2543,2605.80571001064,-396.316990435512,39235.38205311569,loss,-0.15208999999999762,29235.382053115663
2026-03-06 23:30:00+00:00,2026-03-06 23:50:00+00:00,sell,19.20119,19.25364,19.14874,19.14874,7480.530420041076,392.3538205311569,39627.735873646845,win,-0.05245000000000033,29627.73587364682
2026-03-09 01:10:00+00:00,2026-03-09 02:50:00+00:00,buy,19.3554,19.293400000000002,19.417399999999997,19.417399999999997,6391.57030220135,396.27735873646844,40024.01323238332,win,0.06199999999999761,30024.013232383288
2026-03-09 04:05:00+00:00,2026-03-09 07:20:00+00:00,buy,19.40487,19.36889,19.440849999999998,19.440849999999998,11123.961432013593,400.24013232383317,40424.25336470715,win,0.03597999999999857,30424.25336470712
2026-03-09 08:50:00+00:00,2026-03-09 11:25:00+00:00,buy,19.4559,19.406100000000002,19.505699999999997,19.406100000000002,8117.319952752827,-404.24253364707147,40020.01083106008,loss,-0.049799999999997624,30020.010831060048
2026-03-09 12:35:00+00:00,2026-03-09 14:15:00+00:00,buy,19.38479,19.326900000000002,19.442679999999996,19.326900000000002,6913.112943697051,-400.2001083106008,39619.81072274948,loss,-0.05788999999999689,29619.810722749447
2026-03-09 16:05:00+00:00,2026-03-09 17:05:00+00:00,sell,19.217090000000002,19.261789999999998,19.172390000000007,19.172390000000007,8863.492331712225,396.1981072274948,40016.00882997697,win,-0.0446999999999953,30016.00882997694
2026-03-09 17:20:00+00:00,2026-03-09 21:15:00+00:00,sell,19.1657,19.223399999999998,19.108000000000004,19.108000000000004,6935.183506062231,400.1600882997697,40416.16891827674,win,-0.057699999999996976,30416.16891827671
2026-03-09 21:25:00+00:00,2026-03-09 21:30:00+00:00,sell,19.09699,19.1537,19.040280000000003,19.040280000000003,7126.815185730471,404.16168918276736,40820.3306074595,win,-0.05670999999999893,30820.33060745948
2026-03-09 21:40:00+00:00,2026-03-09 23:15:00+00:00,sell,18.98679,19.1407,18.83288,18.83288,2652.2208178454657,408.203306074595,41228.5339135341,win,-0.15390999999999977,31228.533913534076
2026-03-10 01:45:00+00:00,2026-03-10 02:15:00+00:00,sell,18.96749,18.9907,18.944280000000003,18.9907,17763.2632113469,-412.285339135341,40816.248574398756,loss,0.023209999999998843,30816.248574398734
2026-03-10 02:50:00+00:00,2026-03-10 04:35:00+00:00,sell,18.96489,18.99118,18.9386,18.99118,15525.389339824864,-408.1624857439876,40408.08608865477,loss,0.02628999999999948,30408.086088654745
2026-03-10 06:20:00+00:00,2026-03-10 07:10:00+00:00,sell,18.99699,19.022299999999998,18.971680000000003,18.971680000000003,15965.265147632856,404.08086088654767,40812.166949541315,win,-0.0253099999999975,30812.166949541293
2026-03-10 08:00:00+00:00,2026-03-10 10:55:00+00:00,sell,18.95929,19.01214,18.90644,19.01214,7722.2643234705365,-408.1216694954132,40404.0452800459,loss,0.0528499999999994,30404.04528004588
2026-03-10 11:50:00+00:00,2026-03-10 17:20:00+00:00,sell,18.9524,19.0342,18.870600000000003,18.870600000000003,4939.36983863656,404.04045280045904,40808.08573284636,win,-0.08179999999999765,30808.08573284634
2026-03-10 17:35:00+00:00,2026-03-10 17:40:00+00:00,sell,18.85879,18.8996,18.81798,18.81798,9999.530931841682,408.0808573284636,41216.16659017483,win,-0.04081000000000046,31216.166590174802
2026-03-10 19:05:00+00:00,2026-03-10 19:15:00+00:00,sell,18.8576,18.883399999999998,18.831800000000005,18.831800000000005,15975.258368286852,412.1616659017483,41628.32825607657,win,-0.025799999999996714,31628.32825607655
2026-03-10 19:25:00+00:00,2026-03-10 20:10:00+00:00,sell,18.82339,18.8828,18.76398,18.8828,7006.95644774899,-416.2832825607657,41212.0449735158,loss,0.05940999999999974,31212.044973515785
2026-03-10 22:45:00+00:00,2026-03-10 23:00:00+00:00,sell,18.90959,18.9374,18.881780000000003,18.881780000000003,14819.145981128231,412.12044973515805,41624.16542325096,win,-0.02780999999999878,31624.165423250943
2026-03-10 23:55:00+00:00,2026-03-11 08:50:00+00:00,sell,18.84349,18.91959,18.76739,18.91959,5469.666941294456,-416.2416542325096,41207.92376901845,loss,0.07610000000000028,31207.923769018435
2026-03-11 14:00:00+00:00,2026-03-11 18:15:00+00:00,buy,18.9959,18.93639,19.05541,19.05541,6924.537685938295,412.0792376901845,41620.00300670863,win,0.05950999999999951,31620.00300670862
2026-03-11 19:05:00+00:00,2026-03-12 01:40:00+00:00,buy,19.055899999999998,18.99949,19.112309999999994,19.112309999999994,7378.124979030586,416.20003006708635,42036.20303677572,win,0.056409999999996074,32036.203036775707
2026-03-12 02:00:00+00:00,2026-03-12 09:30:00+00:00,buy,19.1453,19.08209,19.208509999999997,19.208509999999997,6650.245694791498,420.3620303677572,42456.56506714348,win,0.06320999999999799,32456.565067143463
2026-03-12 11:00:00+00:00,2026-03-12 11:30:00+00:00,buy,19.1323,19.07899,19.18561,19.07899,7964.090239569252,-424.5656506714348,42031.99941647204,loss,-0.053309999999999746,32031.99941647203
2026-03-12 12:05:00+00:00,2026-03-12 12:45:00+00:00,buy,19.1111,19.084690000000002,19.13751,19.084690000000002,15915.183421610922,-420.3199941647204,41611.67942230732,loss,-0.02640999999999849,31611.67942230731
2026-03-12 13:05:00+00:00,2026-03-12 13:30:00+00:00,buy,19.1279,19.08279,19.17301,19.08279,9224.491115563358,-416.11679422307316,41195.56262808425,loss,-0.045110000000001094,31195.562628084233
2026-03-12 14:05:00+00:00,2026-03-12 15:20:00+00:00,buy,19.1281,19.0721,19.1841,19.1841,7356.350469300635,411.95562628084247,41607.51825436509,win,0.05600000000000094,31607.518254365077
2026-03-12 15:30:00+00:00,2026-03-12 16:35:00+00:00,buy,19.203699999999998,19.07969,19.327709999999996,19.327709999999996,3355.1744419293304,416.0751825436509,42023.59343690874,win,0.1240099999999984,32023.593436908726
2026-03-12 17:35:00+00:00,2026-03-12 17:40:00+00:00,buy,19.336289999999998,19.27739,19.395189999999996,19.27739,7134.7357278285845,-420.23593436908743,41603.35750253966,loss,-0.05889999999999773,31603.35750253964
2026-03-12 19:20:00+00:00,2026-03-13 00:00:00+00:00,buy,19.3116,19.25649,19.366709999999998,19.25649,7549.148521600497,-416.0335750253966,41187.32392751426,loss,-0.055109999999999104,31187.32392751424
2026-03-13 00:10:00+00:00,2026-03-13 08:40:00+00:00,buy,19.2958,19.250690000000002,19.340909999999997,19.340909999999997,9130.419846490026,411.8732392751426,41599.1971667894,win,0.04510999999999754,31599.19716678938
2026-03-13 08:50:00+00:00,2026-03-13 09:05:00+00:00,buy,19.3429,19.31239,19.37341,19.37341,13634.610674136336,415.99197166789406,42015.189138457295,win,0.030509999999999593,32015.189138457274
2026-03-13 09:15:00+00:00,2026-03-13 10:20:00+00:00,buy,19.3853,19.342090000000002,19.42851,19.342090000000002,9723.487419222134,-420.151891384573,41595.03724707272,loss,-0.043209999999998416,31595.0372470727
2026-03-13 17:25:00+00:00,2026-03-15 23:00:00+00:00,buy,19.3328,19.246090000000002,19.419509999999995,19.246090000000002,4797.028860232314,-415.95037247072725,41179.086874602,loss,-0.08670999999999651,31179.086874601973
2026-03-16 00:05:00+00:00,2026-03-16 08:15:00+00:00,buy,19.28869,19.236900000000002,19.340479999999996,19.236900000000002,7951.1656448357735,-411.79086874602,40767.29600585598,loss,-0.051789999999996894,30767.296005855955
2026-03-16 09:00:00+00:00,2026-03-16 09:25:00+00:00,sell,19.233990000000002,19.27,19.197980000000005,19.27,11321.104139366533,-407.6729600585598,40359.623045797416,loss,0.03600999999999743,30359.623045797394
2026-03-16 12:15:00+00:00,2026-03-16 13:45:00+00:00,sell,19.2909,19.3356,19.2462,19.2462,9028.998444250214,403.5962304579742,40763.21927625539,win,-0.04469999999999885,30763.219276255368
2026-03-16 14:15:00+00:00,2026-03-16 20:40:00+00:00,sell,19.24373,19.30459,19.182869999999998,19.182869999999998,6697.867117360213,407.6321927625539,41170.85146901794,win,-0.06086000000000169,31170.85146901792
2026-03-16 20:50:00+00:00,2026-03-17 09:00:00+00:00,sell,19.1752,19.24219,19.10821,19.24219,6145.82049097143,-411.7085146901795,40759.14295432776,loss,0.06699000000000055,30759.14295432774
2026-03-17 19:05:00+00:00,2026-03-17 19:50:00+00:00,sell,19.22249,19.241789999999998,19.203190000000003,19.203190000000003,21118.72691934338,407.5914295432776,41166.73438387104,win,-0.019299999999997652,31166.73438387102
2026-03-17 20:15:00+00:00,2026-03-17 20:25:00+00:00,sell,19.20089,19.23009,19.17169,19.23009,14098.196706805416,-411.6673438387104,40755.06704003233,loss,0.02919999999999945,30755.067040032307
2026-03-18 00:05:00+00:00,2026-03-18 08:30:00+00:00,buy,19.22392,19.171490000000002,19.276349999999997,19.171490000000002,7773.234224687058,-407.55067040032327,40347.51636963201,loss,-0.052429999999997534,30347.516369631983
2026-03-18 09:00:00+00:00,2026-03-18 09:45:00+00:00,sell,19.16879,19.194599999999998,19.142980000000005,19.194599999999998,15632.513122680255,-403.4751636963201,39944.04120593569,loss,0.025809999999996336,29944.041205935664
2026-03-18 09:55:00+00:00,2026-03-18 10:45:00+00:00,sell,19.16452,19.1955,19.13354,19.1955,12893.492965118223,-399.4404120593569,39544.600793876336,loss,0.030979999999999563,29544.600793876307
2026-03-18 11:10:00+00:00,2026-03-18 12:35:00+00:00,sell,19.168590000000002,19.2087,19.128480000000003,19.2087,9859.037844397353,-395.4460079387634,39149.15478593757,loss,0.040109999999998536,29149.154785937542
2026-03-18 14:05:00+00:00,2026-03-18 14:10:00+00:00,buy,19.2837,19.25789,19.30951,19.30951,15168.211850421441,391.4915478593757,39540.64633379695,win,0.02580999999999989,29540.646333796918
2026-03-18 14:20:00+00:00,2026-03-18 14:40:00+00:00,buy,19.327289999999998,19.25789,19.396689999999996,19.396689999999996,5697.49947172882,395.40646333796946,39936.052797134915,win,0.06939999999999813,29936.05279713489
2026-03-18 14:50:00+00:00,2026-03-18 20:00:00+00:00,buy,19.39909,19.32669,19.471490000000003,19.32669,5516.029391869326,-399.3605279713491,39536.69226916356,loss,-0.0724000000000018,29536.69226916354
2026-03-18 20:35:00+00:00,2026-03-18 22:30:00+00:00,buy,19.382089999999998,19.30435,19.459829999999997,19.459829999999997,5085.759231948068,395.36692269163564,39932.0591918552,win,0.07773999999999859,29932.059191855176
2026-03-18 22:40:00+00:00,2026-03-18 22:55:00+00:00,buy,19.46069,19.438660000000002,19.482719999999997,19.438660000000002,18126.218425719493,-399.32059191855205,39532.73859993665,loss,-0.02202999999999733,29532.738599936623
2026-03-19 00:40:00+00:00,2026-03-19 01:10:00+00:00,buy,19.4279,19.386,19.469800000000003,19.469800000000003,9435.021145569195,395.32738599936647,39928.06598593602,win,0.041900000000001825,29928.06598593599
2026-03-19 02:30:00+00:00,2026-03-19 03:35:00+00:00,buy,19.4594,19.44109,19.47771,19.44109,21806.699063865035,-399.2806598593602,39528.78532607666,loss,-0.018309999999999604,29528.78532607663
2026-03-19 06:00:00+00:00,2026-03-19 06:10:00+00:00,buy,19.44139,19.4317,19.451079999999997,19.451079999999997,40793.38010947407,395.28785326076655,39924.07317933742,win,0.009689999999999088,29924.0731793374
2026-03-19 06:20:00+00:00,2026-03-19 07:35:00+00:00,buy,19.45302,19.4344,19.471639999999997,19.471639999999997,21441.5000963161,399.2407317933742,40323.3139111308,win,0.018619999999998527,30323.313911130776
2026-03-19 07:45:00+00:00,2026-03-19 08:50:00+00:00,buy,19.4752,19.444580000000002,19.50582,19.50582,13168.946411212326,403.233139111308,40726.54705024211,win,0.03061999999999898,30726.547050242083
2026-03-19 14:05:00+00:00,2026-03-19 14:20:00+00:00,buy,19.37141,19.32739,19.41543,19.41543,9251.828044125934,407.26547050242107,41133.81252074453,win,0.044019999999999726,31133.812520744505
2026-03-19 14:30:00+00:00,2026-03-19 15:05:00+00:00,buy,19.46698,19.34194,19.592019999999998,19.592019999999998,3289.652312919468,411.3381252074453,41545.15064595197,win,0.12503999999999849,31545.15064595195
2026-03-19 15:15:00+00:00,2026-03-19 16:00:00+00:00,buy,19.621299999999998,19.488690000000002,19.753909999999994,19.488690000000002,3132.8821842962966,-415.45150645951975,41129.699139492455,loss,-0.13260999999999612,31129.699139492433
2026-03-19 19:05:00+00:00,2026-03-19 21:05:00+00:00,buy,19.47379,19.387990000000002,19.55959,19.387990000000002,4793.671228379131,-411.2969913949246,40718.40214809753,loss,-0.08579999999999899,30718.40214809751
2026-03-20 01:05:00+00:00,2026-03-20 01:35:00+00:00,sell,19.35339,19.389599999999998,19.317180000000004,19.317180000000004,11245.071015769383,407.1840214809753,41125.586169578506,win,-0.03620999999999697,31125.586169578484
2026-03-20 02:50:00+00:00,2026-03-20 03:35:00+00:00,sell,19.36529,19.3832,19.347380000000005,19.347380000000005,22962.359670343627,411.2558616957851,41536.84203127429,win,-0.017909999999996984,31536.84203127427
2026-03-20 03:45:00+00:00,2026-03-20 04:15:00+00:00,sell,19.34648,19.3756,19.31736,19.3756,14264.025422828236,-415.3684203127429,41121.47361096155,loss,0.029119999999998925,31121.47361096153
2026-03-20 04:45:00+00:00,2026-03-20 05:15:00+00:00,sell,19.36562,19.37639,19.35485,19.35485,38181.498246015195,411.2147361096155,41532.68834707116,win,-0.010770000000000834,31532.688347071144
2026-03-20 06:30:00+00:00,2026-03-20 08:20:00+00:00,sell,19.3805,19.3968,19.364200000000004,19.3968,25480.176900047503,-415.3268834707116,41117.36146360045,loss,0.01629999999999754,31117.36146360043
2026-03-20 09:15:00+00:00,2026-03-20 09:30:00+00:00,sell,19.428810000000002,19.4693,19.388320000000004,19.388320000000004,10154.94232245051,411.1736146360045,41528.535078236455,win,-0.04048999999999836,31528.535078236437
2026-03-20 09:40:00+00:00,2026-03-20 11:00:00+00:00,sell,19.383100000000002,19.4532,19.313000000000006,19.4532,5924.184747252287,-415.28535078236456,41113.24972745409,loss,0.0700999999999965,31113.249727454073
2026-03-20 11:10:00+00:00,2026-03-20 11:35:00+00:00,buy,19.4651,19.40739,19.52281,19.52281,7124.111891778544,411.13249727454087,41524.38222472863,win,0.05771000000000015,31524.382224728615
2026-03-20 11:45:00+00:00,2026-03-20 11:50:00+00:00,buy,19.523789999999998,19.4704,19.577179999999995,19.577179999999995,7777.558011749613,415.2438222472863,41939.626046975915,win,0.05338999999999672,31939.6260469759
2026-03-20 12:00:00+00:00,2026-03-20 14:40:00+00:00,buy,19.5791,19.493190000000002,19.66501,19.493190000000002,4881.809573620849,-419.39626046975917,41520.229786506156,loss,-0.08590999999999838,31520.22978650614
2026-03-20 15:10:00+00:00,2026-03-20 15:50:00+00:00,buy,19.5301,19.4924,19.567800000000002,19.567800000000002,11013.32355079711,415.20229786506155,41935.43208437122,win,0.037700000000000955,31935.4320843712
2026-03-20 16:00:00+00:00,2026-03-20 19:25:00+00:00,buy,19.600099999999998,19.50659,19.693609999999996,19.693609999999996,4484.593314551591,419.35432084371223,42354.78640521493,win,0.09350999999999843,32354.786405214913
2026-03-20 19:35:00+00:00,2026-03-20 20:20:00+00:00,buy,19.700969999999998,19.64279,19.759149999999995,19.759149999999995,7279.956412034621,423.5478640521493,42778.33426926708,win,0.05817999999999657,32778.33426926706
2026-03-20 20:40:00+00:00,2026-03-20 22:40:00+00:00,buy,19.76069,19.69858,19.8228,19.69858,6887.5115551870385,-427.7833426926708,42350.550926574404,loss,-0.062110000000000554,32350.550926574393
2026-03-23 00:00:00+00:00,2026-03-23 00:25:00+00:00,buy,19.706889999999998,19.676190000000002,19.737589999999994,19.737589999999994,13794.967728527683,423.505509265744,42774.056435840146,win,0.030699999999995953,32774.05643584014
2026-03-23 01:10:00+00:00,2026-03-23 07:30:00+00:00,buy,19.74334,19.69309,19.79359,19.79359,8512.250036983392,427.74056435840146,43201.797000198545,win,0.05024999999999835,33201.79700019854
2026-03-23 08:05:00+00:00,2026-03-23 08:55:00+00:00,buy,19.8236,19.76969,19.877509999999997,19.877509999999997,8013.688926024833,432.0179700019855,43633.81497020053,win,0.05390999999999835,33633.814970200525
2026-03-23 09:05:00+00:00,2026-03-23 10:05:00+00:00,buy,19.87929,19.82669,19.931890000000003,19.82669,8295.402085589178,-436.3381497020053,43197.47682049853,loss,-0.052600000000001756,33197.47682049852
2026-03-23 12:35:00+00:00,2026-03-23 12:50:00+00:00,buy,19.7818,19.74969,19.81391,19.74969,13452.96693257531,-431.9747682049853,42765.502052293545,loss,-0.03210999999999942,32765.502052293537
2026-03-23 16:15:00+00:00,2026-03-23 16:20:00+00:00,sell,19.468790000000002,19.5372,19.400380000000006,19.400380000000006,6251.352441499154,427.65502052293544,43193.15707281648,win,-0.06840999999999653,33193.15707281647
2026-03-23 17:00:00+00:00,2026-03-23 17:50:00+00:00,sell,19.39722,19.529999999999998,19.264440000000004,19.529999999999998,3252.986675163242,-431.93157072816484,42761.22550208832,loss,0.1327799999999968,32761.22550208831
2026-03-23 19:35:00+00:00,2026-03-23 21:20:00+00:00,sell,19.45889,19.5276,19.39018,19.5276,6223.4355264282785,-427.6122550208832,42333.613247067435,loss,0.06870999999999938,32333.613247067427
2026-03-23 22:40:00+00:00,2026-03-23 22:45:00+00:00,sell,19.527540000000002,19.5455,19.509580000000003,19.509580000000003,23571.054146475853,423.3361324706744,42756.949379538106,win,-0.017959999999998644,32756.949379538102
2026-03-23 22:55:00+00:00,2026-03-23 23:05:00+00:00,sell,19.50739,19.54139,19.473390000000002,19.54139,12575.573346923371,-427.56949379538105,42329.379885742725,loss,0.03399999999999892,32329.37988574272
2026-03-23 23:40:00+00:00,2026-03-23 23:50:00+00:00,sell,19.505,19.54199,19.46801,19.54199,11443.46577067948,-423.29379885742725,41906.0860868853,loss,0.03698999999999941,31906.086086885294
2026-03-24 00:00:00+00:00,2026-03-24 02:00:00+00:00,sell,19.49849,19.557399999999998,19.439580000000003,19.557399999999998,7113.577675587708,-419.060860868853,41487.02522601644,loss,0.05890999999999735,31487.02522601644
2026-03-24 09:05:00+00:00,2026-03-24 09:10:00+00:00,sell,19.5567,19.59219,19.52121,19.52121,11689.778874617412,414.8702522601644,41901.89547827661,win,-0.035489999999999355,31901.895478276605
2026-03-24 11:05:00+00:00,2026-03-24 13:50:00+00:00,buy,19.69293,19.60892,19.77694,19.77694,4987.72711323378,419.0189547827661,42320.91443305938,win,0.08400999999999925,32320.91443305937
2026-03-24 14:45:00+00:00,2026-03-24 16:50:00+00:00,buy,19.8108,19.69312,19.92848,19.69312,3596.2707709941687,-423.2091443305938,41897.70528872879,loss,-0.11768,31897.705288728775
2026-03-24 17:55:00+00:00,2026-03-24 22:20:00+00:00,buy,19.7482,19.66509,19.831310000000002,19.66509,5041.235144835532,-418.97705288728787,41478.728235841496,loss,-0.08311000000000135,31478.72823584149
2026-03-25 06:10:00+00:00,2026-03-25 07:00:00+00:00,sell,19.64949,19.66237,19.63661,19.66237,32203.981549568594,-414.787282358415,41063.94095348308,loss,0.012879999999999114,31063.940953483074
2026-03-25 07:20:00+00:00,2026-03-25 08:05:00+00:00,sell,19.64339,19.66602,19.62076,19.66602,18145.798035123295,-410.6394095348308,40653.30154394825,loss,0.022629999999999484,30653.301543948244
2026-03-25 08:45:00+00:00,2026-03-25 09:10:00+00:00,sell,19.63759,19.667199999999998,19.60798,19.60798,13729.58512122621,406.5330154394825,41059.83455938773,win,-0.029609999999998138,31059.834559387727
2026-03-25 09:45:00+00:00,2026-03-25 10:35:00+00:00,sell,19.6035,19.6501,19.556900000000002,19.556900000000002,8811.123296006333,410.5983455938773,41470.43290498161,win,-0.046599999999997976,31470.432904981604
2026-03-25 11:55:00+00:00,2026-03-25 13:45:00+00:00,sell,19.566190000000002,19.60829,19.524090000000005,19.60829,9850.459122323935,-414.70432904981607,41055.72857593179,loss,0.042099999999997806,31055.72857593179
2026-03-25 15:00:00+00:00,2026-03-25 15:50:00+00:00,sell,19.60929,19.65188,19.566700000000004,19.65188,9639.75782482617,-410.5572857593179,40645.17129017247,loss,0.04258999999999702,30645.17129017247
2026-03-25 16:25:00+00:00,2026-03-26 04:35:00+00:00,sell,19.58479,19.66339,19.506190000000004,19.66339,5171.141385518257,-406.4517129017247,40238.71957727074,loss,0.078599999999998,30238.719577270746
2026-03-26 06:35:00+00:00,2026-03-26 07:25:00+00:00,buy,19.64501,19.631890000000002,19.658129999999996,19.658129999999996,30669.755775365495,402.3871957727074,40641.10677304345,win,0.013119999999997134,30641.10677304345
2026-03-26 07:35:00+00:00,2026-03-26 14:00:00+00:00,buy,19.6753,19.63689,19.71371,19.71371,10580.866121594525,406.4110677304345,41047.517840773886,win,0.038409999999998945,31047.517840773886
2026-03-26 16:10:00+00:00,2026-03-26 18:40:00+00:00,buy,19.663899999999998,19.60269,19.725109999999997,19.725109999999997,6706.015004210831,410.4751784077389,41457.993019181624,win,0.0612099999999991,31457.993019181624
2026-03-26 18:50:00+00:00,2026-03-26 19:55:00+00:00,buy,19.7267,19.6937,19.759700000000002,19.759700000000002,12563.028187630318,414.5799301918162,41872.57294937344,win,0.03300000000000125,31872.57294937344
2026-03-26 21:45:00+00:00,2026-03-26 22:10:00+00:00,buy,19.7609,19.73489,19.78691,19.73489,16098.643963619521,-418.72572949373443,41453.8472198797,loss,-0.026009999999999422,31453.847219879706
2026-03-27 00:05:00+00:00,2026-03-27 05:40:00+00:00,buy,19.7354,19.664830000000002,19.805969999999995,19.664830000000002,5874.14584382624,-414.538472198797,41039.30874768091,loss,-0.07056999999999647,31039.30874768091
2026-03-27 08:05:00+00:00,2026-03-27 09:00:00+00:00,buy,19.7043,19.67547,19.73313,19.73313,14234.931927742624,410.3930874768091,41449.70183515772,win,0.028829999999999245,31449.701835157717
2026-03-27 10:05:00+00:00,2026-03-27 10:35:00+00:00,buy,19.73359,19.69909,19.768089999999997,19.768089999999997,12014.406329032005,414.4970183515772,41864.1988535093,win,0.034499999999997755,31864.198853509293
2026-03-27 11:10:00+00:00,2026-03-27 16:50:00+00:00,buy,19.774839999999998,19.70939,19.840289999999996,19.70939,6396.363461193321,-418.641988535093,41445.556864974205,loss,-0.06544999999999845,31445.5568649742
2026-03-27 19:20:00+00:00,2026-03-27 19:40:00+00:00,buy,19.729,19.68279,19.775209999999998,19.775209999999998,8968.958421332076,414.455568649742,41860.012433623946,win,0.04620999999999853,31860.012433623942
2026-03-30 00:10:00+00:00,2026-03-30 01:00:00+00:00,sell,19.6298,19.72499,19.53461,19.53461,4397.5220541679255,418.60012433623945,42278.61255796019,win,-0.09518999999999878,32278.612557960183
2026-03-30 05:15:00+00:00,2026-03-30 06:05:00+00:00,buy,19.7476,19.71979,19.775409999999997,19.71979,15202.665428968732,-422.7861255796019,41855.826432380585,loss,-0.02780999999999878,31855.82643238058
2026-03-30 08:10:00+00:00,2026-03-30 08:15:00+00:00,sell,19.70045,19.71509,19.68581,19.68581,28590.045377309172,418.5582643238059,42274.384696704394,win,-0.014639999999999986,32274.384696704386
2026-03-30 09:00:00+00:00,2026-03-30 09:30:00+00:00,sell,19.67169,19.7137,19.629680000000004,19.629680000000004,10062.933753084206,422.74384696704396,42697.12854367144,win,-0.04200999999999766,32697.12854367143
2026-03-30 09:40:00+00:00,2026-03-30 09:55:00+00:00,sell,19.62289,19.66519,19.580590000000004,19.66519,10093.883816471425,-426.9712854367144,42270.15725823472,loss,0.04229999999999734,32270.157258234718
2026-03-30 12:15:00+00:00,2026-03-30 13:55:00+00:00,buy,19.74779,19.7114,19.784179999999996,19.7114,11615.871739004646,-422.7015725823472,41847.45568565238,loss,-0.03638999999999726,31847.45568565237
2026-03-30 15:00:00+00:00,2026-03-30 15:15:00+00:00,buy,19.738799999999998,19.70999,19.767609999999994,19.70999,14525.32304257464,-418.4745568565238,41428.98112879585,loss,-0.02880999999999645,31428.981128795847
2026-03-30 15:25:00+00:00,2026-03-30 18:30:00+00:00,sell,19.69979,19.739729999999998,19.659850000000002,19.659850000000002,10372.804488932916,414.2898112879585,41843.27094008381,win,-0.039939999999997866,31843.270940083807
2026-03-30 18:40:00+00:00,2026-03-31 02:05:00+00:00,sell,19.648,19.70497,19.59103,19.70497,7344.790405491311,-418.43270940083806,41424.838230682966,loss,0.05696999999999974,31424.83823068297
2026-03-31 03:05:00+00:00,2026-03-31 03:10:00+00:00,sell,19.700200000000002,19.7077,19.692700000000006,19.692700000000006,55233.117640934695,414.2483823068297,41839.0866129898,win,-0.0074999999999967315,31839.0866129898
2026-03-31 03:35:00+00:00,2026-03-31 03:40:00+00:00,sell,19.68239,19.706889999999998,19.657890000000005,19.706889999999998,17077.178209386246,-418.390866129898,41420.6957468599,loss,0.02449999999999619,31420.6957468599
2026-03-31 03:50:00+00:00,2026-03-31 04:30:00+00:00,sell,19.675800000000002,19.723689999999998,19.627910000000007,19.627910000000007,8649.132542673615,414.206957468599,41834.902704328495,win,-0.047889999999995325,31834.9027043285
2026-03-31 05:50:00+00:00,2026-03-31 06:35:00+00:00,sell,19.63779,19.6617,19.613879999999998,19.6617,17496.82254467886,-418.34902704328493,41416.55367728521,loss,0.023910000000000764,31416.553677285214
2026-03-31 08:05:00+00:00,2026-03-31 08:15:00+00:00,sell,19.6931,19.709799999999998,19.676400000000005,19.676400000000005,24800.331543289594,414.1655367728521,41830.71921405806,win,-0.016699999999996606,31830.719214058066
2026-03-31 08:25:00+00:00,2026-03-31 08:35:00+00:00,sell,19.671390000000002,19.709799999999998,19.632980000000007,19.632980000000007,10890.580373356697,418.3071921405806,42249.02640619864,win,-0.03840999999999539,32249.026406198645
2026-03-31 08:45:00+00:00,2026-03-31 10:45:00+00:00,sell,19.62809,19.68949,19.56669,19.56669,6880.948926091095,422.4902640619864,42671.51667026062,win,-0.06139999999999901,32671.516670260633
2026-03-31 10:55:00+00:00,2026-03-31 12:50:00+00:00,sell,19.5621,19.65019,19.474010000000003,19.65019,4844.081810677921,-426.7151667026062,42244.80150355802,loss,0.08808999999999756,32244.80150355803
2026-03-31 14:10:00+00:00,2026-03-31 15:30:00+00:00,sell,19.6223,19.673099999999998,19.5715,19.5715,8315.9058077872,422.44801503558017,42667.2495185936,win,-0.050799999999998846,32667.24951859361
2026-03-31 15:50:00+00:00,2026-03-31 17:40:00+00:00,sell,19.57049,19.66518,19.4758,19.66518,4505.99319026229,-426.672495185936,42240.57702340766,loss,0.09468999999999994,32240.577023407674
2026-03-31 19:35:00+00:00,2026-03-31 19:40:00+00:00,sell,19.63879,19.6821,19.595480000000002,19.595480000000002,9753.077123853483,422.40577023407667,42662.98279364174,win,-0.04330999999999818,32662.98279364175
2026-03-31 20:20:00+00:00,2026-04-01 09:50:00+00:00,sell,19.572,19.6818,19.4622,19.4622,3885.51755861947,426.6298279364174,43089.61262157816,win,-0.1097999999999999,33089.61262157817
2026-04-01 10:00:00+00:00,2026-04-01 10:45:00+00:00,sell,19.455090000000002,19.5379,19.372280000000003,19.5379,5203.431061656677,-430.89612621578163,42658.71649536238,loss,0.0828099999999985,32658.716495362387
2026-04-01 12:25:00+00:00,2026-04-01 13:30:00+00:00,sell,19.50646,19.54899,19.46393,19.46393,10030.264870764893,426.5871649536238,43085.303660316,win,-0.04252999999999929,33085.30366031601
2026-04-01 13:40:00+00:00,2026-04-01 15:45:00+00:00,sell,19.46271,19.5096,19.415820000000004,19.415820000000004,9188.591098383058,430.85303660316004,43516.15669691916,win,-0.046889999999997656,33516.15669691917
2026-04-01 17:35:00+00:00,2026-04-01 21:15:00+00:00,sell,19.47959,19.53699,19.422190000000004,19.53699,7581.211968104692,-435.16156696919165,43080.99512994997,loss,0.057399999999997675,33080.99512994998
2026-04-01 22:35:00+00:00,2026-04-01 23:45:00+00:00,sell,19.51199,19.5479,19.476080000000003,19.476080000000003,11996.935430229121,430.80995129949974,43511.80508124948,win,-0.035909999999997666,33511.805081249484
2026-04-01 23:55:00+00:00,2026-04-02 00:00:00+00:00,sell,19.471320000000002,19.5002,19.442440000000005,19.442440000000005,15066.414501819068,435.1180508124948,43946.92313206197,win,-0.028879999999997352,33946.92313206198
2026-04-02 03:40:00+00:00,2026-04-02 04:05:00+00:00,sell,19.47709,19.5109,19.44328,19.5109,12998.202641840657,-439.4692313206197,43507.453900741355,loss,0.03380999999999901,33507.45390074136
2026-04-02 06:35:00+00:00,2026-04-02 07:05:00+00:00,buy,19.600099999999998,19.57789,19.622309999999995,19.57789,19589.128275887444,-435.07453900741353,43072.37936173394,loss,-0.02220999999999762,33072.37936173395
2026-04-02 07:45:00+00:00,2026-04-02 08:45:00+00:00,buy,19.601399999999998,19.57759,19.625209999999996,19.625209999999996,18090.037531179572,430.72379361733937,43503.10315535128,win,0.023809999999997444,33503.10315535129
2026-04-02 12:10:00+00:00,2026-04-02 17:10:00+00:00,buy,19.56539,19.51889,19.611890000000002,19.51889,9355.5060549139,-435.03103155351283,43068.07212379777,loss,-0.04650000000000176,33068.07212379778
2026-04-02 22:20:00+00:00,2026-04-02 22:30:00+00:00,sell,19.52337,19.54099,19.50575,19.54099,24442.719707035005,-430.68072123797776,42637.39140255979,loss,0.017620000000000857,32637.3914025598
2026-04-02 23:55:00+00:00,2026-04-03 00:00:00+00:00,sell,19.52999,19.5426,19.517380000000003,19.517380000000003,33812.364316069994,426.3739140255979,43063.76531658539,win,-0.012609999999998678,33063.7653165854
2026-04-03 00:10:00+00:00,2026-04-03 02:10:00+00:00,sell,19.47959,19.5579,19.401280000000003,19.5579,5499.139997010128,-430.6376531658539,42633.12766341954,loss,0.07830999999999833,32633.127663419546
2026-04-03 03:05:00+00:00,2026-04-03 03:10:00+00:00,sell,19.5532,19.5601,19.546300000000002,19.546300000000002,61787.14154120448,426.3312766341954,43059.45894005374,win,-0.00689999999999813,33059.458940053744
2026-04-03 03:20:00+00:00,2026-04-03 03:50:00+00:00,sell,19.53939,19.5586,19.520180000000003,19.520180000000003,22415.1269859757,430.59458940053736,43490.05352945427,win,-0.019209999999997507,33490.05352945428
2026-04-03 08:05:00+00:00,2026-04-03 08:15:00+00:00,buy,19.54664,19.54335,19.54993,19.54993,132188.61255154107,434.90053529454275,43924.95406474882,win,0.003289999999999793,33924.954064748825
2026-04-03 08:35:00+00:00,2026-04-03 08:40:00+00:00,buy,19.55163,19.54335,19.55991,19.54335,53049.46143086133,-439.2495406474882,43485.704524101326,loss,-0.008279999999999177,33485.70452410134
2026-04-03 08:55:00+00:00,2026-04-03 11:00:00+00:00,buy,19.55249,19.5331,19.571879999999997,19.571879999999997,22426.871853587552,434.8570452410132,43920.56156934234,win,0.019389999999997798,33920.56156934235
2026-04-03 11:45:00+00:00,2026-04-03 15:30:00+00:00,buy,19.577189999999998,19.54169,19.612689999999997,19.54169,12371.989174462988,-439.2056156934234,43481.35595364891,loss,-0.03549999999999898,33481.35595364893
2026-04-03 17:25:00+00:00,2026-04-03 19:25:00+00:00,buy,19.5962,19.5805,19.6119,19.5805,27695.131180669974,-434.81355953648915,43046.542394112425,loss,-0.015699999999998937,33046.54239411244
2026-04-03 19:35:00+00:00,2026-04-03 21:35:00+00:00,buy,19.590889999999998,19.575490000000002,19.606289999999994,19.575490000000002,27952.300255924267,-430.46542394112424,42616.0769701713,loss,-0.015399999999996083,32616.076970171314
2026-04-06 00:05:00+00:00,2026-04-06 01:30:00+00:00,sell,19.4967,19.56589,19.42751,19.42751,6159.282695501074,426.160769701713,43042.23773987301,win,-0.06918999999999897,33042.237739873024
2026-04-06 02:45:00+00:00,2026-04-06 02:55:00+00:00,sell,19.54163,19.547359999999998,19.535900000000005,19.535900000000005,75117.34335061302,430.42237739873,43472.66011727174,win,-0.005729999999996238,33472.66011727176
2026-04-06 03:05:00+00:00,2026-04-06 03:20:00+00:00,sell,19.5346,19.546,19.523200000000003,19.546,38133.91238357739,-434.7266011727175,43037.93351609902,loss,0.0113999999999983,33037.93351609904
2026-04-06 05:05:00+00:00,2026-04-06 06:15:00+00:00,sell,19.5263,19.5392,19.513399999999997,19.5392,33362.739159761746,-430.37933516099025,42607.55418093803,loss,0.01290000000000191,32607.55418093805
2026-04-06 07:00:00+00:00,2026-04-06 07:35:00+00:00,sell,19.5279,19.54779,19.50801,19.50801,21421.595867741395,426.0755418093803,43033.62972274741,win,-0.019890000000000185,33033.62972274743
2026-04-06 08:00:00+00:00,2026-04-06 09:00:00+00:00,sell,19.50649,19.5198,19.49318,19.5198,32331.802947216736,-430.3362972274741,42603.293425519936,loss,0.013310000000000599,32603.293425519954
2026-04-06 09:10:00+00:00,2026-04-06 10:10:00+00:00,sell,19.50599,19.5271,19.48488,19.5271,20181.5695999619,-426.0329342551994,42177.26049126474,loss,0.021110000000000184,32177.260491264755
2026-04-06 10:55:00+00:00,2026-04-06 11:40:00+00:00,sell,19.4936,19.53746,19.449740000000002,19.449740000000002,9616.338461300958,421.7726049126473,42599.03309617739,win,-0.04385999999999868,32599.0330961774
2026-04-06 11:50:00+00:00,2026-04-06 16:30:00+00:00,sell,19.44849,19.493299999999998,19.40368,19.40368,9506.590737821705,425.9903309617739,43025.02342713916,win,-0.04480999999999824,33025.023427139175
2026-04-06 17:00:00+00:00,2026-04-06 18:25:00+00:00,sell,19.40249,19.44705,19.35793,19.44705,9655.525903756414,-430.2502342713916,42594.77319286777,loss,0.0445600000000006,32594.773192867782
2026-04-06 19:40:00+00:00,2026-04-06 19:50:00+00:00,sell,19.454,19.46729,19.440710000000003,19.46729,32050.24318500738,-425.9477319286777,42168.82546093909,loss,0.013289999999997804,32168.825460939104
2026-04-06 21:10:00+00:00,2026-04-07 00:00:00+00:00,sell,19.45889,19.48885,19.42893,19.42893,14075.041876148318,421.6882546093909,42590.513715548484,win,-0.0299599999999991,32590.513715548495
2026-04-07 00:15:00+00:00,2026-04-07 02:40:00+00:00,sell,19.386390000000002,19.4631,19.309680000000004,19.4631,5552.146228073174,-425.90513715548485,42164.608578393,loss,0.0767099999999985,32164.60857839301
2026-04-07 09:10:00+00:00,2026-04-07 09:25:00+00:00,buy,19.4905,19.47709,19.50391,19.47709,31442.66113228326,-421.64608578393006,41742.96249260908,loss,-0.013410000000000366,31742.96249260908
2026-04-07 09:35:00+00:00,2026-04-07 10:15:00+00:00,buy,19.4985,19.4695,19.5275,19.5275,14394.124997451447,417.42962492609075,42160.392117535164,win,0.028999999999999915,32160.39211753517
2026-04-07 10:25:00+00:00,2026-04-07 11:00:00+00:00,buy,19.5307,19.48429,19.577109999999998,19.48429,9084.333574129912,-421.6039211753517,41738.78819635981,loss,-0.046409999999998064,31738.78819635982
2026-04-07 13:10:00+00:00,2026-04-07 13:25:00+00:00,buy,19.46849,19.44189,19.495089999999998,19.495089999999998,15691.273758030948,417.38788196359815,42156.17607832341,win,0.026599999999998403,32156.176078323417
2026-04-07 13:40:00+00:00,2026-04-07 16:40:00+00:00,buy,19.510199999999998,19.4512,19.569199999999995,19.569199999999995,7145.114589546644,421.56176078323415,42577.737839106645,win,0.0589999999999975,32577.737839106652
2026-04-07 17:00:00+00:00,2026-04-07 22:45:00+00:00,buy,19.5731,19.49509,19.65111,19.49509,5457.984596732109,-425.7773783910665,42151.96046071558,loss,-0.07800999999999902,32151.960460715585
2026-04-08 01:25:00+00:00,2026-04-08 01:35:00+00:00,sell,19.4461,19.48255,19.409650000000003,19.48255,11564.3238575356,-421.51960460715577,41730.44085610842,loss,0.03644999999999854,31730.44085610843
2026-04-08 01:45:00+00:00,2026-04-08 02:05:00+00:00,sell,19.4051,19.48999,19.320210000000003,19.320210000000003,4915.82528638349,417.3044085610842,42147.7452646695,win,-0.08488999999999791,32147.745264669516
2026-04-08 02:15:00+00:00,2026-04-08 03:00:00+00:00,sell,19.30139,19.42889,19.173890000000004,19.173890000000004,3305.70551095453,421.47745264669504,42569.222717316195,win,-0.12749999999999773,32569.22271731621
2026-04-08 05:00:00+00:00,2026-04-08 07:05:00+00:00,sell,19.236,19.268259999999998,19.203740000000003,19.203740000000003,13195.667302330989,425.69222717316194,42994.914944489356,win,-0.03225999999999729,32994.91494448937
2026-04-08 07:40:00+00:00,2026-04-08 14:25:00+00:00,sell,19.19329,19.2542,19.13238,19.13238,7058.76127803144,429.9491494448936,43424.86409393425,win,-0.0609099999999998,33424.864093934266
2026-04-08 14:50:00+00:00,2026-04-08 17:55:00+00:00,sell,19.11175,19.195999999999998,19.027500000000003,19.195999999999998,5154.286539339544,-434.2486409393425,42990.615452994905,loss,0.08424999999999727,32990.61545299492
2026-04-08 18:20:00+00:00,2026-04-08 18:55:00+00:00,sell,19.1434,19.19709,19.08971,19.08971,8007.192298937464,429.90615452994905,43420.52160752485,win,-0.05368999999999957,33420.52160752487
2026-04-08 20:10:00+00:00,2026-04-08 20:35:00+00:00,sell,19.0911,19.1221,19.060100000000002,19.1221,14006.619873395653,-434.20521607524853,42986.3163914496,loss,0.030999999999998806,32986.31639144962
2026-04-08 22:55:00+00:00,2026-04-08 23:55:00+00:00,sell,19.12013,19.15249,19.08777,19.08777,13283.781332338935,429.86316391449606,43416.1795553641,win,-0.03236000000000061,33416.17955536411
2026-04-09 00:05:00+00:00,2026-04-09 00:50:00+00:00,sell,19.0865,19.12589,19.047110000000004,19.12589,11022.132408064737,-434.161795553641,42982.01775981046,loss,0.03938999999999737,32982.01775981047
2026-04-09 13:10:00+00:00,2026-04-09 13:40:00+00:00,buy,19.22831,19.200300000000002,19.25632,19.200300000000002,15345.240185581237,-429.8201775981046,42552.19758221235,loss,-0.028009999999998314,32552.197582212368
2026-04-09 13:55:00+00:00,2026-04-09 14:45:00+00:00,buy,19.23249,19.19979,19.265189999999997,19.19979,13012.904459392794,-425.5219758221235,42126.67560639023,loss,-0.0326999999999984,32126.675606390243
2026-04-09 15:30:00+00:00,2026-04-09 15:40:00+00:00,buy,19.2164,19.1964,19.2364,19.1964,21063.33780319556,-421.2667560639023,41705.40885032633,loss,-0.019999999999999574,31705.40885032634
2026-04-09 15:50:00+00:00,2026-04-09 16:35:00+00:00,buy,19.221,19.18639,19.25561,19.18639,12050.10368400043,-417.0540885032633,41288.354761823066,loss,-0.034610000000000696,31288.354761823077
2026-04-09 17:55:00+00:00,2026-04-09 18:15:00+00:00,buy,19.2229,19.195,19.250799999999998,19.195,14798.693463019592,-412.8835476182307,40875.47121420484,loss,-0.027899999999998926,30875.471214204845
2026-04-09 19:10:00+00:00,2026-04-09 21:00:00+00:00,sell,19.0994,19.14922,19.04958,19.14922,8204.630914131774,-408.75471214204845,40466.71650206279,loss,0.04982000000000042,30466.716502062794
2026-04-09 22:15:00+00:00,2026-04-09 23:55:00+00:00,sell,19.142,19.1727,19.1113,19.1113,13181.340880150958,404.66716502062786,40871.38366708341,win,-0.030699999999999505,30871.38366708342
2026-04-10 07:40:00+00:00,2026-04-10 07:55:00+00:00,buy,19.1882,19.1824,19.193999999999996,19.193999999999996,70467.9028743165,408.7138366708342,41280.097503754245,win,0.005799999999997141,31280.097503754256
2026-04-10 08:10:00+00:00,2026-04-10 08:45:00+00:00,buy,19.19519,19.1831,19.20728,19.1831,34144.001243798346,-412.8009750375425,40867.2965287167,loss,-0.0120900000000006,30867.296528716714
2026-04-10 09:20:00+00:00,2026-04-10 10:20:00+00:00,buy,19.202389999999998,19.18239,19.222389999999994,19.18239,20433.648264362415,-408.672965287167,40458.62356342954,loss,-0.01999999999999602,30458.623563429548
2026-04-10 10:45:00+00:00,2026-04-10 17:05:00+00:00,buy,19.215799999999998,19.181440000000002,19.250159999999994,19.181440000000002,11774.91954698321,-404.5862356342954,40054.03732779524,loss,-0.03435999999999595,30054.037327795253
2026-04-10 17:40:00+00:00,2026-04-10 18:50:00+00:00,buy,19.210079999999998,19.172,19.248159999999995,19.248159999999995,10518.39215540918,400.54037327795237,40454.57770107319,win,0.03807999999999723,30454.577701073205
2026-04-10 19:00:00+00:00,2026-04-10 19:45:00+00:00,buy,19.2521,19.21339,19.290809999999997,19.290809999999997,10450.678817120905,404.5457770107319,40859.12347808392,win,0.038709999999998246,30859.123478083937
2026-04-10 22:05:00+00:00,2026-04-10 22:15:00+00:00,buy,19.26607,19.24179,19.290349999999997,19.24179,16828.30456263932,-408.5912347808392,40450.53224330308,loss,-0.024279999999997415,30450.532243303096
2026-04-10 22:45:00+00:00,2026-04-10 23:30:00+00:00,buy,19.26739,19.2409,19.293879999999998,19.2409,15270.114097132724,-404.5053224330308,40046.02692087005,loss,-0.026489999999999014,30046.026920870067
2026-04-13 00:15:00+00:00,2026-04-13 00:35:00+00:00,buy,19.273899999999998,19.220000000000002,19.327799999999993,19.327799999999993,7429.689595709394,400.4602692087005,40446.48719007875,win,0.053899999999995174,30446.487190078766
2026-04-13 01:00:00+00:00,2026-04-13 01:10:00+00:00,buy,19.32948,19.290020000000002,19.36894,19.36894,10249.996753695012,404.46487190078744,40850.95206197954,win,0.039459999999998274,30850.952061979555
2026-04-13 02:25:00+00:00,2026-04-13 02:55:00+00:00,buy,19.36799,19.31709,19.418889999999998,19.31709,8025.727320624882,-408.50952061979535,40442.44254135974,loss,-0.05089999999999861,30442.44254135976
2026-04-13 03:30:00+00:00,2026-04-13 09:45:00+00:00,buy,19.34866,19.31415,19.383169999999996,19.383169999999996,11719.050287268275,404.4244254135974,40846.86696677334,win,0.034509999999997376,30846.866966773356
2026-04-13 14:15:00+00:00,2026-04-13 14:35:00+00:00,buy,19.330389999999998,19.3065,19.354279999999996,19.354279999999996,17097.893246871838,408.4686696677335,41255.33563644107,win,0.02388999999999797,31255.33563644109
2026-04-13 14:45:00+00:00,2026-04-13 16:45:00+00:00,buy,19.371,19.32113,19.420869999999997,19.32113,8272.57582443198,-412.55335636441066,40842.78228007666,loss,-0.04986999999999853,30842.78228007668
2026-04-13 18:00:00+00:00,2026-04-13 19:45:00+00:00,buy,19.3458,19.26199,19.42961,19.26199,4873.258833083975,-408.4278228007666,40434.35445727589,loss,-0.08380999999999972,30434.354457275913
2026-04-13 23:55:00+00:00,2026-04-14 01:00:00+00:00,sell,19.27169,19.29289,19.25049,19.29289,19072.808706261916,-404.3435445727589,40030.01091270313,loss,0.02120000000000033,30030.010912703154
2026-04-14 08:30:00+00:00,2026-04-14 09:00:00+00:00,buy,19.3092,19.30069,19.31771,19.30069,47038.790731724825,-400.3001091270313,39629.7108035761,loss,-0.008510000000001128,29629.710803576123
2026-04-14 09:10:00+00:00,2026-04-14 09:30:00+00:00,sell,19.28989,19.313,19.26678,19.313,17148.295458060442,-396.29710803576097,39233.41369554034,loss,0.023109999999999076,29233.413695540363
2026-04-14 09:40:00+00:00,2026-04-14 13:35:00+00:00,sell,19.2752,19.31599,19.234410000000004,19.31599,9618.390217097962,-392.3341369554034,38841.079558584934,loss,0.04078999999999766,28841.07955858496
2026-04-14 14:20:00+00:00,2026-04-14 14:55:00+00:00,sell,19.3015,19.328689999999998,19.274310000000003,19.274310000000003,14285.060521731768,388.41079558584937,39229.49035417078,win,-0.027189999999997383,29229.490354170808
2026-04-14 16:05:00+00:00,2026-04-14 16:30:00+00:00,sell,19.284290000000002,19.30489,19.263690000000004,19.30489,19043.441919502067,-392.2949035417078,38837.19545062907,loss,0.020599999999998175,28837.1954506291
2026-04-14 16:40:00+00:00,2026-04-14 17:15:00+00:00,sell,19.28069,19.30979,19.25159,19.25159,13346.11527513041,388.3719545062907,39225.56740513536,win,-0.02909999999999968,29225.567405135393
2026-04-14 20:05:00+00:00,2026-04-14 22:15:00+00:00,sell,19.269090000000002,19.287,19.251180000000005,19.287,21901.48933843773,-392.25567405135365,38833.31173108401,loss,0.017909999999996984,28833.31173108404
2026-04-14 22:30:00+00:00,2026-04-14 23:55:00+00:00,sell,19.2746,19.28819,19.26101,19.26101,28574.916652746237,388.3331173108401,39221.64484839485,win,-0.013590000000000657,29221.64484839488
2026-04-15 00:05:00+00:00,2026-04-15 07:35:00+00:00,sell,19.244600000000002,19.284589999999998,19.204610000000006,19.284589999999998,9807.863177894174,-392.21644848394857,38829.4283999109,loss,0.03998999999999597,28829.428399910932
2026-04-15 09:05:00+00:00,2026-04-15 09:20:00+00:00,sell,19.2743,19.2896,19.259,19.259,25378.711372491005,388.29428399910904,39217.72268391001,win,-0.01529999999999987,29217.72268391004
2026-04-15 09:40:00+00:00,2026-04-15 12:00:00+00:00,sell,19.256990000000002,19.2802,19.233780000000003,19.233780000000003,16896.907662176633,392.1772268391001,39609.89991074911,win,-0.023209999999998843,29609.89991074914
2026-04-15 15:10:00+00:00,2026-04-15 15:25:00+00:00,buy,19.32629,19.2943,19.35828,19.35828,12381.963085573181,396.0989991074911,40005.9989098566,win,0.03199000000000041,30005.99890985663
2026-04-15 16:40:00+00:00,2026-04-15 17:30:00+00:00,buy,19.321189999999998,19.2939,19.348479999999995,19.2939,14659.581865101054,-400.059989098566,39605.93892075803,loss,-0.02728999999999715,29605.938920758064
2026-04-15 17:40:00+00:00,2026-04-15 17:50:00+00:00,buy,19.308,19.2931,19.3229,19.3229,26581.167060910004,396.05938920758035,40001.99830996561,win,0.014900000000000801,30001.998309965646
2026-04-15 18:00:00+00:00,2026-04-15 19:20:00+00:00,buy,19.3277,19.2931,19.3623,19.2931,11561.271187850973,-400.0199830996561,39601.97832686595,loss,-0.034600000000001074,29601.97832686599
2026-04-15 20:35:00+00:00,2026-04-15 20:40:00+00:00,buy,19.31175,19.30059,19.32291,19.32291,35485.64366206537,396.01978326865947,39997.99811013461,win,0.01116000000000028,29997.99811013465
2026-04-15 23:00:00+00:00,2026-04-15 23:55:00+00:00,buy,19.30572,19.285890000000002,19.32555,19.285890000000002,20170.447861894514,-399.9799811013461,39598.01812903327,loss,-0.019829999999998904,29598.018129033302
2026-04-16 01:15:00+00:00,2026-04-16 08:30:00+00:00,buy,19.3098,19.2683,19.3513,19.2683,9541.691115429887,-395.9801812903327,39202.03794774294,loss,-0.041499999999999204,29202.03794774297
2026-04-16 08:50:00+00:00,2026-04-16 09:10:00+00:00,sell,19.26485,19.28173,19.24797,19.28173,23223.95613017885,-392.0203794774294,38810.01756826551,loss,0.01688000000000045,28810.017568265543
2026-04-16 12:10:00+00:00,2026-04-16 14:10:00+00:00,buy,19.3131,19.29239,19.333809999999996,19.29239,18739.747739386807,-388.1001756826551,38421.91739258286,loss,-0.020709999999997564,28421.917392582887
2026-04-16 15:25:00+00:00,2026-04-16 16:45:00+00:00,buy,19.313399999999998,19.293400000000002,19.333399999999994,19.333399999999994,19210.958696295253,384.2191739258286,38806.136566508685,win,0.01999999999999602,28806.136566508714
2026-04-16 16:55:00+00:00,2026-04-17 00:00:00+00:00,buy,19.337,19.302400000000002,19.371599999999997,19.302400000000002,11215.646406506203,-388.06136566508684,38418.075200843596,loss,-0.03459999999999752,28418.07520084363
2026-04-17 02:50:00+00:00,2026-04-17 03:20:00+00:00,buy,19.3238,19.3062,19.341399999999997,19.341399999999997,21828.451818663536,384.18075200843595,38802.25595285203,win,0.01759999999999806,28802.255952852065
2026-04-17 03:30:00+00:00,2026-04-17 10:40:00+00:00,buy,19.342489999999998,19.31679,19.368189999999995,19.31679,15098.154067259391,-388.0225595285203,38414.233393323506,loss,-0.025699999999996948,28414.233393323546
2026-04-17 15:05:00+00:00,2026-04-17 15:20:00+00:00,sell,19.322670000000002,19.337799999999998,19.307540000000007,19.307540000000007,25389.447054418084,384.1423339332351,38798.37572725674,win,-0.015129999999995647,28798.375727256782
2026-04-17 15:30:00+00:00,2026-04-17 15:45:00+00:00,sell,19.29819,19.3277,19.268680000000003,19.268680000000003,13147.534980433373,387.9837572725674,39186.359484529305,win,-0.02950999999999837,29186.35948452935
2026-04-17 15:55:00+00:00,2026-04-17 17:20:00+00:00,sell,19.22589,19.311,19.14078,19.14078,4604.201560865844,391.8635948452931,39578.2230793746,win,-0.08511000000000024,29578.223079374642
2026-04-17 17:30:00+00:00,2026-04-20 01:05:00+00:00,sell,19.130200000000002,19.188489999999998,19.071910000000006,19.188489999999998,6789.8821546367035,-395.782230793746,39182.44084858085,loss,0.058289999999995956,29182.440848580896
2026-04-20 10:30:00+00:00,2026-04-20 14:45:00+00:00,buy,19.285989999999998,19.22379,19.348189999999995,19.22379,6299.427789161198,-391.82440848580853,38790.616440095044,loss,-0.062199999999997146,28790.616440095087
2026-04-20 16:25:00+00:00,2026-04-20 17:00:00+00:00,sell,19.2067,19.23389,19.179510000000004,19.23389,14266.501081316212,-387.90616440095044,38402.710275694095,loss,0.027189999999997383,28402.71027569414
2026-04-20 18:05:00+00:00,2026-04-21 00:00:00+00:00,buy,19.288899999999998,19.24189,19.335909999999995,19.24189,8169.051324334571,-384.02710275694096,38018.683172937155,loss,-0.047009999999996666,28018.6831729372
2026-04-21 02:20:00+00:00,2026-04-21 05:20:00+00:00,buy,19.267689999999998,19.246000000000002,19.289379999999994,19.289379999999994,17528.208009656148,380.18683172937153,38398.870004666525,win,0.02168999999999599,28398.87000466657
2026-04-21 06:15:00+00:00,2026-04-21 07:45:00+00:00,buy,19.293,19.2794,19.3066,19.2794,28234.46323872481,-383.98870004666526,38014.88130461986,loss,-0.013600000000000279,28014.881304619903
2026-04-21 09:00:00+00:00,2026-04-21 10:05:00+00:00,buy,19.27049,19.25649,19.284489999999998,19.284489999999998,27153.486646158315,380.14881304619865,38395.030117666065,win,0.013999999999999346,28395.0301176661
2026-04-21 12:40:00+00:00,2026-04-21 14:05:00+00:00,sell,19.23949,19.261,19.21798,19.261,17849.851286688703,-383.9503011766607,38011.07981648941,loss,0.021509999999999252,28011.07981648944
2026-04-21 15:30:00+00:00,2026-04-21 15:35:00+00:00,sell,19.25059,19.2654,19.23578,19.2654,25665.820267716223,-380.1107981648941,37630.96901832451,loss,0.014810000000000656,27630.969018324548
2026-04-21 17:05:00+00:00,2026-04-21 17:30:00+00:00,buy,19.2729,19.25274,19.29306,19.29306,18666.15526702547,376.3096901832451,38007.27870850776,win,0.020160000000000622,28007.278708507794
2026-04-21 17:40:00+00:00,2026-04-21 17:45:00+00:00,buy,19.2949,19.27179,19.318009999999997,19.318009999999997,16446.247818480864,380.07278708507755,38387.35149559283,win,0.023109999999999076,28387.351495592873
2026-04-21 18:00:00+00:00,2026-04-21 20:05:00+00:00,buy,19.32699,19.280250000000002,19.373729999999995,19.373729999999995,8212.954962686335,383.87351495592833,38771.22501054876,win,0.04673999999999623,28771.225010548802
2026-04-21 20:15:00+00:00,2026-04-21 20:40:00+00:00,buy,19.38289,19.33923,19.42655,19.33923,8880.262256195492,-387.7122501054876,38383.51276044327,loss,-0.043659999999999144,28383.512760443315
2026-04-21 22:40:00+00:00,2026-04-21 22:50:00+00:00,buy,19.40419,19.37621,19.43217,19.43217,13718.19612596284,383.8351276044327,38767.347888047705,win,0.02797999999999945,28767.34788804775
2026-04-22 01:30:00+00:00,2026-04-22 16:45:00+00:00,buy,19.35935,19.285,19.433699999999998,19.285,5214.169184673599,-387.67347888047703,38379.67440916723,loss,-0.07434999999999903,28379.67440916727
2026-04-22 17:15:00+00:00,2026-04-23 00:00:00+00:00,sell,19.284100000000002,19.322789999999998,19.245410000000007,19.245410000000007,9919.79178319249,383.7967440916723,38763.4711532589,win,-0.03868999999999545,28763.471153258943
2026-04-23 03:15:00+00:00,2026-04-23 03:30:00+00:00,sell,19.275190000000002,19.2991,19.251280000000005,19.251280000000005,16212.242222192983,387.634711532589,39151.10586479149,win,-0.02390999999999721,29151.10586479153
2026-04-23 08:20:00+00:00,2026-04-23 08:25:00+00:00,buy,19.33323,19.32224,19.34422,19.34422,35624.30014994802,391.5110586479149,39542.616923439404,win,0.010989999999999611,29542.616923439444
2026-04-23 08:35:00+00:00,2026-04-23 08:50:00+00:00,buy,19.345299999999998,19.325390000000002,19.365209999999994,19.325390000000002,19860.68152860251,-395.426169234394,39147.19075420501,loss,-0.019909999999995875,29147.19075420505
2026-04-23 09:45:00+00:00,2026-04-23 10:35:00+00:00,buy,19.35449,19.32119,19.387789999999995,19.387789999999995,11755.913139401964,391.47190754205013,39538.66266174706,win,0.033299999999997,29538.6626617471
2026-04-23 12:00:00+00:00,2026-04-23 13:35:00+00:00,buy,19.36503,19.34442,19.385640000000002,19.34442,19184.21283927437,-395.38662661747065,39143.27603512959,loss,-0.02061000000000135,29143.27603512963
2026-04-23 17:15:00+00:00,2026-04-23 18:05:00+00:00,sell,19.27255,19.29949,19.24561,19.29949,14529.798082824782,-391.4327603512959,38751.84327477829,loss,0.026939999999999742,28751.843274778334
2026-04-23 20:10:00+00:00,2026-04-23 20:15:00+00:00,buy,19.330199999999998,19.3049,19.355499999999996,19.355499999999996,15316.934100704166,387.5184327477829,39139.36170752608,win,0.02529999999999788,29139.361707526117
2026-04-23 20:40:00+00:00,2026-04-29 16:30:00+00:00,buy,19.407,19.3049,19.5091,19.5091,3833.434055585313,391.3936170752608,39530.75532460134,win,0.10210000000000008,29530.755324601378
2026-04-29 16:45:00+00:00,2026-04-29 17:05:00+00:00,buy,19.5139,19.4617,19.5661,19.5661,7572.941633065517,395.3075532460134,39926.062877847355,win,0.052199999999999136,29926.06287784739
2026-04-29 18:00:00+00:00,2026-04-29 21:10:00+00:00,buy,19.5692,19.49449,19.643909999999998,19.643909999999998,5344.139054724611,399.26062877847363,40325.32350662583,win,0.07470999999999961,30325.323506625864
2026-04-29 21:20:00+00:00,2026-04-30 00:30:00+00:00,buy,19.66733,19.563570000000002,19.771089999999997,19.563570000000002,3886.403576197644,-403.2532350662583,39922.07027155957,loss,-0.10375999999999763,29922.070271559605
2026-04-30 00:40:00+00:00,2026-04-30 01:00:00+00:00,buy,19.5903,19.55717,19.62343,19.62343,12050.126855285152,399.2207027155957,40321.290974275165,win,0.03312999999999988,30321.2909742752
2026-04-30 02:00:00+00:00,2026-04-30 07:15:00+00:00,buy,19.6364,19.5832,19.689599999999995,19.689599999999995,7579.190032758945,403.21290974275166,40724.50388401792,win,0.053199999999996805,30724.503884017955
2026-04-30 07:25:00+00:00,2026-04-30 07:55:00+00:00,buy,19.6925,19.6726,19.7124,19.7124,20464.574816089604,407.2450388401792,41131.748922858096,win,0.019899999999999807,31131.748922858133
2026-04-30 09:10:00+00:00,2026-04-30 09:25:00+00:00,buy,19.70419,19.68419,19.72419,19.68419,20565.87446142949,-411.317489228581,40720.431433629514,loss,-0.019999999999999574,30720.43143362955
2026-04-30 11:50:00+00:00,2026-04-30 12:15:00+00:00,buy,19.63009,19.603080000000002,19.657099999999996,19.657099999999996,15076.057546698963,407.20431433629517,41127.63574796581,win,0.027009999999997092,31127.635747965844
2026-04-30 12:25:00+00:00,2026-04-30 12:30:00+00:00,buy,19.6592,19.6243,19.694099999999995,19.6243,11784.422850421077,-411.27635747965815,40716.359390486155,loss,-0.03489999999999682,30716.359390486185
2026-04-30 13:50:00+00:00,2026-04-30 17:05:00+00:00,buy,19.62659,19.59049,19.66269,19.59049,11278.76991426174,-407.16359390486156,40309.19579658129,loss,-0.03610000000000113,30309.195796581324
2026-04-30 22:05:00+00:00,2026-05-01 00:05:00+00:00,sell,19.5452,19.568279999999998,19.522120000000005,19.522120000000005,17464.989513252654,403.0919579658129,40712.287754547106,win,-0.02307999999999666,30712.287754547135
2026-05-01 04:35:00+00:00,2026-05-01 07:00:00+00:00,sell,19.55395,19.56739,19.54051,19.56739,30291.880769754047,-407.12287754547106,40305.16487700163,loss,0.01343999999999923,30305.16487700166
2026-05-01 09:45:00+00:00,2026-05-01 10:20:00+00:00,sell,19.561790000000002,19.5829,19.540680000000005,19.5829,19092.92509569307,-403.0516487700164,39902.11322823162,loss,0.02110999999999663,29902.113228231647
2026-05-01 11:05:00+00:00,2026-05-01 12:55:00+00:00,buy,19.6191,19.58659,19.651609999999998,19.651609999999998,12273.79674814933,399.02113228231616,40301.134360513934,win,0.032509999999998485,30301.134360513963
2026-05-01 13:05:00+00:00,2026-05-01 15:10:00+00:00,buy,19.657,19.631790000000002,19.682209999999998,19.631790000000002,15986.16991690502,-403.01134360513936,39898.123016908794,loss,-0.025209999999997734,29898.123016908823
2026-05-01 17:05:00+00:00,2026-05-01 18:15:00+00:00,sell,19.541800000000002,19.5978,19.485800000000005,19.485800000000005,7124.664824448332,398.98123016908795,40297.104247077885,win,-0.055999999999997385,30297.10424707791
2026-05-01 18:35:00+00:00,2026-05-01 20:25:00+00:00,sell,19.48439,19.5135,19.455280000000002,19.5135,13843.045086595277,-402.97104247077885,39894.133204607104,loss,0.029109999999999303,29894.133204607133
2026-05-01 23:30:00+00:00,2026-05-01 23:50:00+00:00,sell,19.506700000000002,19.5243,19.489100000000004,19.489100000000004,22667.121138983806,398.94133204607107,40293.07453665318,win,-0.01759999999999806,30293.074536653203
2026-05-04 00:05:00+00:00,2026-05-04 00:10:00+00:00,sell,19.47069,19.5159,19.425480000000004,19.425480000000004,8912.4252458871,402.93074536653177,40696.00528201971,win,-0.04520999999999731,30696.005282019734
2026-05-04 00:55:00+00:00,2026-05-04 13:00:00+00:00,sell,19.36609,19.50699,19.22519,19.50699,2888.289941946072,-406.9600528201971,40289.04522919951,loss,0.14089999999999847,30289.04522919954
2026-05-04 16:45:00+00:00,2026-05-04 18:20:00+00:00,buy,19.56633,19.50962,19.62304,19.62304,7104.3987355317,402.89045229199513,40691.93568149151,win,0.05670999999999893,30691.935681491534
2026-05-04 18:35:00+00:00,2026-05-05 13:30:00+00:00,buy,19.66669,19.555210000000002,19.778169999999996,19.555210000000002,3650.155694428841,-406.9193568149151,40285.016324676595,loss,-0.11147999999999669,30285.016324676617
2026-05-05 14:25:00+00:00,2026-05-05 14:55:00+00:00,sell,19.53959,19.56714,19.512040000000002,19.512040000000002,14622.51046267861,402.850163246766,40687.86648792336,win,-0.027549999999997965,30687.866487923384
2026-05-05 15:05:00+00:00,2026-05-05 16:50:00+00:00,sell,19.4987,19.53649,19.46091,19.46091,10766.834212204863,406.8786648792336,41094.74515280259,win,-0.0377900000000011,31094.745152802618
2026-05-05 17:00:00+00:00,2026-05-05 17:10:00+00:00,sell,19.459500000000002,19.48239,19.436610000000005,19.48239,17953.143360772578,-410.9474515280259,40683.79770127457,loss,0.022889999999996746,30683.79770127459
2026-05-05 18:30:00+00:00,2026-05-06 00:00:00+00:00,sell,19.48739,19.5091,19.465680000000003,19.465680000000003,18739.658084420473,406.8379770127457,41090.63567828731,win,-0.021709999999998786,31090.635678287337
2026-05-06 00:10:00+00:00,2026-05-06 08:55:00+00:00,sell,19.42979,19.4942,19.365380000000002,19.365380000000002,6379.542878169245,410.9063567828731,41501.54203507018,win,-0.06440999999999875,31501.54203507021
2026-05-06 09:15:00+00:00,2026-05-06 10:00:00+00:00,sell,19.35789,19.3933,19.322480000000002,19.322480000000002,11720.288628938592,415.01542035070185,41916.55745542089,win,-0.03540999999999883,31916.557455420912
2026-05-06 10:40:00+00:00,2026-05-06 10:50:00+00:00,sell,19.31799,19.354699999999998,19.281280000000006,19.281280000000006,11418.294049421325,419.1655745542089,42335.723029975095,win,-0.0367099999999958,32335.72302997512
2026-05-06 11:00:00+00:00,2026-05-06 13:50:00+00:00,sell,19.2788,19.3391,19.218500000000002,19.218500000000002,7020.8495903775265,423.35723029975094,42759.080260274844,win,-0.06029999999999802,32759.080260274874
2026-05-06 14:00:00+00:00,2026-05-06 14:40:00+00:00,sell,19.206500000000002,19.2825,19.130500000000005,19.2825,5626.194771089021,-427.59080260274845,42331.4894576721,loss,0.07599999999999696,32331.489457672124
2026-05-06 17:00:00+00:00,2026-05-07 00:00:00+00:00,sell,19.2743,19.3198,19.2288,19.2288,9303.624056631119,423.3148945767209,42754.80435224882,win,-0.04550000000000054,32754.804352248844
2026-05-07 00:10:00+00:00,2026-05-07 01:30:00+00:00,sell,19.2206,19.259999999999998,19.181200000000004,19.259999999999998,10851.473185850784,-427.54804352248823,42327.25630872633,loss,0.03939999999999699,32327.256308726355
2026-05-07 01:55:00+00:00,2026-05-07 02:00:00+00:00,sell,19.2314,19.2674,19.195400000000003,19.2674,11757.571196869141,-423.27256308726334,41903.98374563907,loss,0.03599999999999781,31903.983745639092
2026-05-07 03:15:00+00:00,2026-05-07 03:25:00+00:00,sell,19.25203,19.276989999999998,19.227070000000005,19.276989999999998,16788.45502630003,-419.03983745639067,41484.94390818268,loss,0.02495999999999654,31484.9439081827
2026-05-07 04:15:00+00:00,2026-05-07 09:35:00+00:00,sell,19.24849,19.28039,19.21659,19.21659,13004.684610715467,414.8494390818268,41899.7933472645,win,-0.03190000000000026,31899.793347264527
2026-05-07 09:45:00+00:00,2026-05-07 11:15:00+00:00,sell,19.211100000000002,19.262999999999998,19.159200000000006,19.159200000000006,8073.17790891474,418.997933472645,42318.79128073715,win,-0.05189999999999628,32318.791280737172
2026-05-07 11:50:00+00:00,2026-05-07 18:20:00+00:00,sell,19.156390000000002,19.22496,19.087820000000004,19.22496,6171.618970502938,-423.1879128073715,41895.603367929776,loss,0.06856999999999758,31895.6033679298
2026-05-07 23:35:00+00:00,2026-05-07 23:55:00+00:00,buy,19.29738,19.26781,19.32695,19.32695,14168.27979977351,418.9560336792978,42314.559401609076,win,0.029569999999999652,32314.559401609098
2026-05-08 00:10:00+00:00,2026-05-08 00:30:00+00:00,buy,19.35449,19.27539,19.433589999999995,19.27539,5349.501820684041,-423.14559401609074,41891.41380759299,loss,-0.07909999999999684,31891.413807593006
2026-05-08 01:45:00+00:00,2026-05-08 08:25:00+00:00,buy,19.31723,19.26579,19.368669999999998,19.26579,8143.742964151129,-418.9141380759299,41472.499669517056,loss,-0.051439999999999486,31472.499669517078
2026-05-08 09:40:00+00:00,2026-05-08 10:10:00+00:00,buy,19.2797,19.253690000000002,19.305709999999994,19.305709999999994,15944.828784899515,414.72499669517055,41887.22466621223,win,0.02600999999999587,31887.22466621225
2026-05-08 10:25:00+00:00,2026-05-08 14:05:00+00:00,buy,19.31869,19.27555,19.36183,19.27555,9709.602379742975,-418.8722466621223,41468.3524195501,loss,-0.043140000000001066,31468.352419550127
2026-05-08 14:40:00+00:00,2026-05-08 15:30:00+00:00,buy,19.3114,19.274150000000002,19.348649999999996,19.274150000000002,11132.44360256478,-414.683524195501,41053.6688953546,loss,-0.037249999999996675,31053.668895354625
2026-05-08 17:05:00+00:00,2026-05-08 17:10:00+00:00,buy,19.27609,19.25249,19.29969,19.29969,17395.62241328711,410.53668895354605,41464.20558430815,win,0.02359999999999829,31464.205584308173
