exported_at_utc,symbol,bar_index,signal_bar_utc,trend,side,model_entry,model_sl,model_tp,setup_qty,start_balance,pip_size,lookback_bars,rr,pending_offset_ticks,risk_per_trade
2026-05-09T20:40:35.523837+00:00,BTCUSD.i,5,2026-05-06T12:45:00+00:00,bull,buy,82048.97,81663.64,82434.3,0.2595178158980602,10000.0,1.0,5,1.0,3.0,0.01
2026-05-09T20:40:35.523837+00:00,BTCUSD.i,6,2026-05-06T12:50:00+00:00,bull,buy,82048.97,81677.9,82420.04000000001,0.2694909316301456,10000.0,1.0,5,1.0,3.0,0.01
2026-05-09T20:40:35.523837+00:00,BTCUSD.i,7,2026-05-06T12:55:00+00:00,bull,buy,82048.97,81742.46,82355.48,0.32625362957163456,10000.0,1.0,5,1.0,3.0,0.01
2026-05-09T20:40:35.523837+00:00,BTCUSD.i,8,2026-05-06T13:00:00+00:00,bull,buy,82048.97,81751.67,82346.27,0.3363605785401918,10000.0,1.0,5,1.0,3.0,0.01
2026-05-09T20:40:35.523837+00:00,BTCUSD.i,9,2026-05-06T13:05:00+00:00,bull,buy,82048.97,81751.67,82346.27,0.3363605785401918,10000.0,1.0,5,1.0,3.0,0.01
2026-05-09T20:40:35.523837+00:00,BTCUSD.i,10,2026-05-06T13:10:00+00:00,bull,buy,82048.18,81751.67,82344.68999999999,0.33725675356649615,10000.0,1.0,5,1.0,3.0,0.01
2026-05-09T20:40:35.523837+00:00,BTCUSD.i,11,2026-05-06T13:15:00+00:00,bull,buy,82121.29,81824.43,82418.15,0.3368591255137095,10000.0,1.0,5,1.0,3.0,0.01
2026-05-09T20:40:35.523837+00:00,BTCUSD.i,12,2026-05-06T13:20:00+00:00,bull,buy,82125.5,81933.25,82317.75,0.5201560468140443,10000.0,1.0,5,1.0,3.0,0.01
2026-05-09T20:40:35.523837+00:00,BTCUSD.i,13,2026-05-06T13:25:00+00:00,bull,buy,82196.57,81938.66,82454.48000000001,0.38773215462757804,10000.0,1.0,5,1.0,3.0,0.01
2026-05-09T20:40:35.523837+00:00,BTCUSD.i,14,2026-05-06T13:30:00+00:00,bull,buy,82231.29,81938.66,82523.91999999998,0.34172846256365846,10000.0,1.0,5,1.0,3.0,0.01
2026-05-09T20:40:35.523837+00:00,BTCUSD.i,15,2026-05-06T13:35:00+00:00,bull,buy,82282.45,81985.85,82579.04999999999,0.337154416722869,10000.0,1.0,5,1.0,3.0,0.01
2026-05-09T20:40:35.523837+00:00,BTCUSD.i,16,2026-05-06T13:40:00+00:00,bull,buy,82284.48,81985.85,82583.10999999999,0.33486253892778123,10000.0,1.0,5,1.0,3.0,0.01
2026-05-09T20:40:35.523837+00:00,BTCUSD.i,17,2026-05-06T13:45:00+00:00,bull,buy,82288.09,82087.48,82488.7,0.49847963710682275,10000.0,1.0,5,1.0,3.0,0.01
2026-05-09T20:40:35.523837+00:00,BTCUSD.i,18,2026-05-06T13:50:00+00:00,bull,buy,82288.09,82097.16,82479.01999999999,0.5237521604776811,10000.0,1.0,5,1.0,3.0,0.01
2026-05-09T20:40:35.523837+00:00,BTCUSD.i,19,2026-05-06T13:55:00+00:00,bull,buy,82380.7,82120.71,82640.68999999999,0.38463017808378624,10000.0,1.0,5,1.0,3.0,0.01
2026-05-09T20:40:35.523837+00:00,BTCUSD.i,20,2026-05-06T14:00:00+00:00,bull,buy,82380.7,82120.71,82640.68999999999,0.38463017808378624,10000.0,1.0,5,1.0,3.0,0.01
2026-05-09T20:40:35.523837+00:00,BTCUSD.i,21,2026-05-06T14:05:00+00:00,bull,buy,82418.53,82120.71,82716.34999999999,0.33577328587738414,10000.0,1.0,5,1.0,3.0,0.01
2026-05-09T20:40:35.523837+00:00,BTCUSD.i,22,2026-05-06T14:10:00+00:00,bull,buy,82472.99,82120.71,82825.27,0.2838651073010115,10000.0,1.0,5,1.0,3.0,0.01
2026-05-09T20:40:35.523837+00:00,BTCUSD.i,23,2026-05-06T14:15:00+00:00,bull,buy,82472.99,82132.89,82813.09000000001,0.2940311673037292,10000.0,1.0,5,1.0,3.0,0.01
2026-05-09T20:40:35.523837+00:00,BTCUSD.i,24,2026-05-06T14:20:00+00:00,bull,buy,82599.04,82242.58,82955.49999999999,0.28053638556921473,10000.0,1.0,5,1.0,3.0,0.01
2026-05-09T20:40:35.523837+00:00,BTCUSD.i,25,2026-05-06T14:25:00+00:00,bull,buy,82835.72,82242.58,83428.86,0.16859426105135397,10000.0,1.0,5,1.0,3.0,0.01
2026-05-09T20:40:35.523837+00:00,BTCUSD.i,26,2026-05-06T14:30:00+00:00,bull,buy,82835.72,82363.93,83307.51000000001,0.211958710443202,10000.0,1.0,5,1.0,3.0,0.01
2026-05-09T20:40:35.523837+00:00,BTCUSD.i,27,2026-05-06T14:35:00+00:00,bull,buy,82835.72,82363.93,83307.51000000001,0.211958710443202,10000.0,1.0,5,1.0,3.0,0.01
2026-05-09T20:40:35.523837+00:00,BTCUSD.i,28,2026-05-06T14:40:00+00:00,bull,buy,82835.72,82394.68,83276.76000000001,0.2267368039180078,10000.0,1.0,5,1.0,3.0,0.01
2026-05-09T20:40:35.523837+00:00,BTCUSD.i,29,2026-05-06T14:45:00+00:00,bull,buy,82835.72,82480.89,83190.55,0.28182509934334615,10000.0,1.0,5,1.0,3.0,0.01
2026-05-09T20:40:35.523837+00:00,BTCUSD.i,30,2026-05-06T14:50:00+00:00,bull,buy,82794.97,82464.0,83125.94,0.30214218811372523,10000.0,1.0,5,1.0,3.0,0.01
2026-05-09T20:40:35.523837+00:00,BTCUSD.i,31,2026-05-06T14:55:00+00:00,bull,buy,82760.61,82464.0,83057.22,0.33714304979602777,10000.0,1.0,5,1.0,3.0,0.01
2026-05-09T20:40:35.523837+00:00,BTCUSD.i,32,2026-05-06T15:00:00+00:00,bull,buy,82760.61,82464.0,83057.22,0.33714304979602777,10000.0,1.0,5,1.0,3.0,0.01
2026-05-09T20:40:35.523837+00:00,BTCUSD.i,33,2026-05-06T15:05:00+00:00,bull,buy,82737.68,82348.36,83126.99999999999,0.25685811157916866,10000.0,1.0,5,1.0,3.0,0.01
2026-05-09T20:40:35.523837+00:00,BTCUSD.i,34,2026-05-06T15:10:00+00:00,bull,buy,82576.88,82299.12,82854.64000000001,0.3600230414746423,10000.0,1.0,5,1.0,3.0,0.01
2026-05-09T20:40:35.523837+00:00,BTCUSD.i,35,2026-05-06T15:15:00+00:00,bull,buy,82575.54,82183.15,82967.93,0.2548484925711668,10000.0,1.0,5,1.0,3.0,0.01
2026-05-09T20:40:35.523837+00:00,BTCUSD.i,36,2026-05-06T15:20:00+00:00,bull,buy,82549.71,82167.27,82932.15000000001,0.26147892479865964,10000.0,1.0,5,1.0,3.0,0.01
2026-05-09T20:40:35.523837+00:00,BTCUSD.i,37,2026-05-06T15:25:00+00:00,bull,buy,82529.31,82167.27,82891.34999999999,0.2762125731963368,10000.0,1.0,5,1.0,3.0,0.01
2026-05-09T20:40:35.523837+00:00,BTCUSD.i,38,2026-05-06T15:30:00+00:00,bull,buy,82477.64,82167.27,82788.01,0.32219608853948994,10000.0,1.0,5,1.0,3.0,0.01
2026-05-09T20:40:35.523837+00:00,BTCUSD.i,39,2026-05-06T15:35:00+00:00,bull,buy,82477.64,82167.27,82788.01,0.32219608853948994,10000.0,1.0,5,1.0,3.0,0.01
2026-05-09T20:40:35.523837+00:00,BTCUSD.i,40,2026-05-06T15:40:00+00:00,bull,buy,82477.64,82167.27,82788.01,0.32219608853948994,10000.0,1.0,5,1.0,3.0,0.01
2026-05-09T20:40:35.523837+00:00,BTCUSD.i,41,2026-05-06T15:45:00+00:00,bull,buy,82477.64,82254.01,82701.27,0.44716719581450576,10000.0,1.0,5,1.0,3.0,0.01
2026-05-09T20:40:35.523837+00:00,BTCUSD.i,42,2026-05-06T15:50:00+00:00,bull,buy,82436.32,82279.06,82593.58000000002,0.6358896095637421,10000.0,1.0,5,1.0,3.0,0.01
2026-05-09T20:40:35.523837+00:00,BTCUSD.i,43,2026-05-06T15:55:00+00:00,bull,buy,82420.82,82252.89,82588.75000000001,0.5954862144941077,10000.0,1.0,5,1.0,3.0,0.01
2026-05-09T20:40:35.523837+00:00,BTCUSD.i,44,2026-05-06T16:00:00+00:00,bull,buy,82420.82,82149.05,82692.59000000001,0.36795819994848034,10000.0,1.0,5,1.0,3.0,0.01
2026-05-09T20:40:35.523837+00:00,BTCUSD.i,45,2026-05-06T16:05:00+00:00,bull,buy,82414.48,82027.14,82801.81999999999,0.2581711158155649,10000.0,1.0,5,1.0,3.0,0.01
2026-05-09T20:40:35.523837+00:00,BTCUSD.i,46,2026-05-06T16:10:00+00:00,bull,buy,82414.48,81822.57,83006.38999999998,0.16894460306465825,10000.0,1.0,5,1.0,3.0,0.01
2026-05-09T20:40:35.523837+00:00,BTCUSD.i,47,2026-05-06T16:15:00+00:00,bull,buy,82414.48,81822.57,83006.38999999998,0.16894460306465825,10000.0,1.0,5,1.0,3.0,0.01
2026-05-09T20:40:35.523837+00:00,BTCUSD.i,48,2026-05-06T16:20:00+00:00,bull,buy,82354.02,81822.57,82885.47,0.1881644557343128,10000.0,1.0,5,1.0,3.0,0.01
2026-05-09T20:40:35.523837+00:00,BTCUSD.i,49,2026-05-06T16:25:00+00:00,bull,buy,82210.64,81822.57,82598.70999999999,0.25768546911640156,10000.0,1.0,5,1.0,3.0,0.01
2026-05-09T20:40:35.523837+00:00,BTCUSD.i,50,2026-05-06T16:30:00+00:00,bull,buy,82156.62,81822.57,82490.66999999998,0.29935638377489443,10000.0,1.0,5,1.0,3.0,0.01
2026-05-09T20:40:35.523837+00:00,BTCUSD.i,51,2026-05-06T16:35:00+00:00,bull,buy,82156.62,81822.72,82490.51999999999,0.2994908655286066,10000.0,1.0,5,1.0,3.0,0.01
2026-05-09T20:40:35.523837+00:00,BTCUSD.i,52,2026-05-06T16:40:00+00:00,bull,buy,82154.38,81749.84,82558.92000000001,0.24719434419339986,10000.0,1.0,5,1.0,3.0,0.01
2026-05-09T20:40:35.523837+00:00,BTCUSD.i,53,2026-05-06T16:45:00+00:00,bull,buy,82078.25,81749.84,82406.66,0.30449742699673865,10000.0,1.0,5,1.0,3.0,0.01
2026-05-09T20:40:35.523837+00:00,BTCUSD.i,54,2026-05-06T16:50:00+00:00,bull,buy,82049.54,81584.05,82515.02999999998,0.21482738619519645,10000.0,1.0,5,1.0,3.0,0.01
2026-05-09T20:40:35.523837+00:00,BTCUSD.i,55,2026-05-06T16:55:00+00:00,bull,buy,82049.54,81584.05,82515.02999999998,0.21482738619519645,10000.0,1.0,5,1.0,3.0,0.01
2026-05-09T20:40:35.523837+00:00,BTCUSD.i,68,2026-05-06T18:00:00+00:00,bull,buy,81970.23,81476.88,82463.57999999999,0.2026958548697715,10000.0,1.0,5,1.0,3.0,0.01
2026-05-09T20:40:35.523837+00:00,BTCUSD.i,69,2026-05-06T18:05:00+00:00,bull,buy,81970.23,81476.88,82463.57999999999,0.2026958548697715,10000.0,1.0,5,1.0,3.0,0.01
2026-05-09T20:40:35.523837+00:00,BTCUSD.i,70,2026-05-06T18:10:00+00:00,bull,buy,81970.23,81476.88,82463.57999999999,0.2026958548697715,10000.0,1.0,5,1.0,3.0,0.01
2026-05-09T20:40:35.523837+00:00,BTCUSD.i,71,2026-05-06T18:15:00+00:00,bull,buy,81778.39,81299.1,82257.68,0.20864194955037937,10000.0,1.0,5,1.0,3.0,0.01
2026-05-09T20:40:35.523837+00:00,BTCUSD.i,72,2026-05-06T18:20:00+00:00,bull,buy,81715.09,81299.1,82131.07999999999,0.24039039399986115,10000.0,1.0,5,1.0,3.0,0.01
2026-05-09T20:40:35.523837+00:00,BTCUSD.i,73,2026-05-06T18:25:00+00:00,bull,buy,81813.07,81299.1,82327.04000000001,0.19456388505165628,10000.0,1.0,5,1.0,3.0,0.01
2026-05-09T20:40:35.523837+00:00,BTCUSD.i,74,2026-05-06T18:30:00+00:00,bull,buy,81813.07,81299.1,82327.04000000001,0.19456388505165628,10000.0,1.0,5,1.0,3.0,0.01
2026-05-09T20:40:35.523837+00:00,BTCUSD.i,75,2026-05-06T18:35:00+00:00,bull,buy,81813.07,81299.1,82327.04000000001,0.19456388505165628,10000.0,1.0,5,1.0,3.0,0.01
2026-05-09T20:40:35.523837+00:00,BTCUSD.i,76,2026-05-06T18:40:00+00:00,bull,buy,81813.07,81392.84,82233.30000000002,0.23796492397020086,10000.0,1.0,5,1.0,3.0,0.01
2026-05-09T20:40:35.523837+00:00,BTCUSD.i,77,2026-05-06T18:45:00+00:00,bull,buy,81813.07,81462.96,82163.18000000001,0.28562451800862537,10000.0,1.0,5,1.0,3.0,0.01
2026-05-09T20:40:35.523837+00:00,BTCUSD.i,78,2026-05-06T18:50:00+00:00,bull,buy,81753.5,81462.96,82044.04,0.34418668685895987,10000.0,1.0,5,1.0,3.0,0.01
2026-05-09T20:40:35.523837+00:00,BTCUSD.i,79,2026-05-06T18:55:00+00:00,bull,buy,81757.06,81462.96,82051.15999999999,0.34002040122408356,10000.0,1.0,5,1.0,3.0,0.01
2026-05-09T20:40:35.523837+00:00,BTCUSD.i,80,2026-05-06T19:00:00+00:00,bull,buy,81764.3,81462.96,82065.64,0.33185106524192326,10000.0,1.0,5,1.0,3.0,0.01
2026-05-09T20:40:35.523837+00:00,BTCUSD.i,81,2026-05-06T19:05:00+00:00,bull,buy,81764.3,81472.95,82055.65000000001,0.3432297923459688,10000.0,1.0,5,1.0,3.0,0.01
2026-05-09T20:40:35.523837+00:00,BTCUSD.i,82,2026-05-06T19:10:00+00:00,bull,buy,81822.77,81567.79,82077.75000000001,0.39218762255861594,10000.0,1.0,5,1.0,3.0,0.01
2026-05-09T20:40:35.523837+00:00,BTCUSD.i,83,2026-05-06T19:15:00+00:00,bull,buy,81880.77,81567.79,82193.75000000001,0.3195092338168466,10000.0,1.0,5,1.0,3.0,0.01
2026-05-09T20:40:35.523837+00:00,BTCUSD.i,84,2026-05-06T19:20:00+00:00,bull,buy,81880.77,81567.79,82193.75000000001,0.3195092338168466,10000.0,1.0,5,1.0,3.0,0.01
2026-05-09T20:40:35.523837+00:00,BTCUSD.i,85,2026-05-06T19:25:00+00:00,bull,buy,81880.77,81510.5,82251.04000000001,0.2700731898344422,10000.0,1.0,5,1.0,3.0,0.01
2026-05-09T20:40:35.523837+00:00,BTCUSD.i,86,2026-05-06T19:30:00+00:00,bull,buy,81880.77,81494.86,82266.68000000001,0.25912777590629704,10000.0,1.0,5,1.0,3.0,0.01
2026-05-09T20:40:35.523837+00:00,BTCUSD.i,87,2026-05-06T19:35:00+00:00,bull,buy,81880.77,81413.79,82347.75000000001,0.21414193327336878,10000.0,1.0,5,1.0,3.0,0.01
2026-05-09T20:40:35.523837+00:00,BTCUSD.i,88,2026-05-06T19:40:00+00:00,bull,buy,81825.84,81413.79,82237.89,0.24268899405411792,10000.0,1.0,5,1.0,3.0,0.01
2026-05-09T20:40:35.523837+00:00,BTCUSD.i,89,2026-05-06T19:45:00+00:00,bull,buy,81689.84,81413.79,81965.89,0.3622532149972793,10000.0,1.0,5,1.0,3.0,0.01
2026-05-09T20:40:35.523837+00:00,BTCUSD.i,90,2026-05-06T19:50:00+00:00,bull,buy,81689.84,81413.79,81965.89,0.3622532149972793,10000.0,1.0,5,1.0,3.0,0.01
2026-05-09T20:40:35.523837+00:00,BTCUSD.i,91,2026-05-06T19:55:00+00:00,bull,buy,81786.18,81413.79,82158.56999999999,0.26853567496441944,10000.0,1.0,5,1.0,3.0,0.01
2026-05-09T20:40:35.523837+00:00,BTCUSD.i,176,2026-05-07T03:00:00+00:00,bear,sell,81305.24,81437.96,81172.52,0.7534659433393545,10000.0,1.0,5,1.0,3.0,0.01
2026-05-09T20:40:35.523837+00:00,BTCUSD.i,177,2026-05-07T03:05:00+00:00,bear,sell,81305.24,81480.34,81130.14000000001,0.571102227298715,10000.0,1.0,5,1.0,3.0,0.01
2026-05-09T20:40:35.523837+00:00,BTCUSD.i,178,2026-05-07T03:10:00+00:00,bear,sell,81315.96,81480.34,81151.58000000002,0.6083465141745104,10000.0,1.0,5,1.0,3.0,0.01
2026-05-09T20:40:35.523837+00:00,BTCUSD.i,179,2026-05-07T03:15:00+00:00,bear,sell,81319.31,81480.34,81158.28,0.621002297708506,10000.0,1.0,5,1.0,3.0,0.01
2026-05-09T20:40:35.523837+00:00,BTCUSD.i,180,2026-05-07T03:20:00+00:00,bear,sell,81332.55,81480.34,81184.76000000001,0.6766357669666712,10000.0,1.0,5,1.0,3.0,0.01
2026-05-09T20:40:35.523837+00:00,BTCUSD.i,181,2026-05-07T03:25:00+00:00,bear,sell,81250.89,81480.34,81021.44,0.4358247984310363,10000.0,1.0,5,1.0,3.0,0.01
2026-05-09T20:40:35.523837+00:00,BTCUSD.i,182,2026-05-07T03:30:00+00:00,bear,sell,81210.21,81476.93,80943.49000000002,0.3749250149970194,10000.0,1.0,5,1.0,3.0,0.01
2026-05-09T20:40:35.523837+00:00,BTCUSD.i,183,2026-05-07T03:35:00+00:00,bear,sell,81124.4,81476.93,80771.87,0.2836638016622708,10000.0,1.0,5,1.0,3.0,0.01
2026-05-09T20:40:35.523837+00:00,BTCUSD.i,184,2026-05-07T03:40:00+00:00,bear,sell,81078.2,81428.86,80727.54,0.28517652426851936,10000.0,1.0,5,1.0,3.0,0.01
2026-05-09T20:40:35.523837+00:00,BTCUSD.i,185,2026-05-07T03:45:00+00:00,bear,sell,80969.88,81396.03,80543.73000000001,0.2346591575736275,10000.0,1.0,5,1.0,3.0,0.01
2026-05-09T20:40:35.523837+00:00,BTCUSD.i,186,2026-05-07T03:50:00+00:00,bear,sell,80962.98,81278.38,80647.57999999999,0.3170577045022106,10000.0,1.0,5,1.0,3.0,0.01
2026-05-09T20:40:35.523837+00:00,BTCUSD.i,187,2026-05-07T03:55:00+00:00,bear,sell,80962.98,81229.91,80696.04999999999,0.37463005282282685,10000.0,1.0,5,1.0,3.0,0.01
2026-05-09T20:40:35.523837+00:00,BTCUSD.i,188,2026-05-07T04:00:00+00:00,bear,sell,80962.98,81188.34,80737.62,0.4437344692935736,10000.0,1.0,5,1.0,3.0,0.01
2026-05-09T20:40:35.523837+00:00,BTCUSD.i,189,2026-05-07T04:05:00+00:00,bear,sell,80951.24,81127.93,80774.55000000002,0.5659629860207533,10000.0,1.0,5,1.0,3.0,0.01
2026-05-09T20:40:35.523837+00:00,BTCUSD.i,190,2026-05-07T04:10:00+00:00,bear,sell,80817.11,81127.93,80506.29000000001,0.32172961842868036,10000.0,1.0,5,1.0,3.0,0.01
2026-05-09T20:40:35.523837+00:00,BTCUSD.i,191,2026-05-07T04:15:00+00:00,bear,sell,80817.11,81145.72,80488.5,0.3043121024923156,10000.0,1.0,5,1.0,3.0,0.01
2026-05-09T20:40:35.523837+00:00,BTCUSD.i,192,2026-05-07T04:20:00+00:00,bear,sell,80817.11,81154.28,80479.94,0.2965862917815954,10000.0,1.0,5,1.0,3.0,0.01
2026-05-09T20:40:35.523837+00:00,BTCUSD.i,193,2026-05-07T04:25:00+00:00,bear,sell,80817.11,81154.28,80479.94,0.2965862917815954,10000.0,1.0,5,1.0,3.0,0.01
2026-05-09T20:40:35.523837+00:00,BTCUSD.i,194,2026-05-07T04:30:00+00:00,bear,sell,80817.11,81212.82,80421.4,0.25271031816228645,10000.0,1.0,5,1.0,3.0,0.01
2026-05-09T20:40:35.523837+00:00,BTCUSD.i,195,2026-05-07T04:35:00+00:00,bear,sell,80958.99,81245.43,80672.55000000002,0.3491132523390737,10000.0,1.0,5,1.0,3.0,0.01
2026-05-09T20:40:35.523837+00:00,BTCUSD.i,196,2026-05-07T04:40:00+00:00,bear,sell,80958.99,81251.06,80666.92000000001,0.3423836751463779,10000.0,1.0,5,1.0,3.0,0.01
2026-05-09T20:40:35.523837+00:00,BTCUSD.i,197,2026-05-07T04:45:00+00:00,bear,sell,80958.99,81274.97,80643.01000000001,0.316475726311796,10000.0,1.0,5,1.0,3.0,0.01
2026-05-09T20:40:35.523837+00:00,BTCUSD.i,198,2026-05-07T04:50:00+00:00,bear,sell,81116.55,81274.97,80958.13,0.6312334301224662,10000.0,1.0,5,1.0,3.0,0.01
2026-05-09T20:40:35.523837+00:00,BTCUSD.i,199,2026-05-07T04:55:00+00:00,bear,sell,81113.14,81274.97,80951.31,0.6179323981956307,10000.0,1.0,5,1.0,3.0,0.01
2026-05-09T20:40:35.523837+00:00,BTCUSD.i,200,2026-05-07T05:00:00+00:00,bear,sell,81113.14,81274.97,80951.31,0.6179323981956307,10000.0,1.0,5,1.0,3.0,0.01
2026-05-09T20:40:35.523837+00:00,BTCUSD.i,201,2026-05-07T05:05:00+00:00,bear,sell,81082.62,81274.97,80890.26999999999,0.5198856251624485,10000.0,1.0,5,1.0,3.0,0.01
2026-05-09T20:40:35.523837+00:00,BTCUSD.i,202,2026-05-07T05:10:00+00:00,bear,sell,80997.49,81269.2,80725.78000000001,0.36803945382946157,10000.0,1.0,5,1.0,3.0,0.01
2026-05-09T20:40:35.523837+00:00,BTCUSD.i,203,2026-05-07T05:15:00+00:00,bear,sell,80898.82,81267.62,80530.02000000002,0.271149674620399,10000.0,1.0,5,1.0,3.0,0.01
2026-05-09T20:40:35.523837+00:00,BTCUSD.i,204,2026-05-07T05:20:00+00:00,bear,sell,80891.36,81191.46,80591.26,0.33322225924691123,10000.0,1.0,5,1.0,3.0,0.01
2026-05-09T20:40:35.523837+00:00,BTCUSD.i,205,2026-05-07T05:25:00+00:00,bear,sell,80882.35,81170.57,80594.13,0.34695718548330995,10000.0,1.0,5,1.0,3.0,0.01
2026-05-09T20:40:35.523837+00:00,BTCUSD.i,206,2026-05-07T05:30:00+00:00,bear,sell,80865.88,81108.97,80622.79000000001,0.41137027438397894,10000.0,1.0,5,1.0,3.0,0.01
2026-05-09T20:40:35.523837+00:00,BTCUSD.i,207,2026-05-07T05:35:00+00:00,bear,sell,80865.88,81030.56,80701.20000000001,0.607238280301216,10000.0,1.0,5,1.0,3.0,0.01
2026-05-09T20:40:35.523837+00:00,BTCUSD.i,208,2026-05-07T05:40:00+00:00,bear,sell,80865.88,81030.56,80701.20000000001,0.607238280301216,10000.0,1.0,5,1.0,3.0,0.01
2026-05-09T20:40:35.523837+00:00,BTCUSD.i,209,2026-05-07T05:45:00+00:00,bear,sell,80865.88,81030.56,80701.20000000001,0.607238280301216,10000.0,1.0,5,1.0,3.0,0.01
2026-05-09T20:40:35.523837+00:00,BTCUSD.i,210,2026-05-07T05:50:00+00:00,bear,sell,80865.88,81070.92,80660.84000000001,0.4877097151775416,10000.0,1.0,5,1.0,3.0,0.01
2026-05-09T20:40:35.523837+00:00,BTCUSD.i,211,2026-05-07T05:55:00+00:00,bear,sell,80874.79,81089.85,80659.72999999998,0.46498651539102726,10000.0,1.0,5,1.0,3.0,0.01
2026-05-09T20:40:35.523837+00:00,BTCUSD.i,212,2026-05-07T06:00:00+00:00,bear,sell,80931.23,81140.38,80722.07999999999,0.47812574707145983,10000.0,1.0,5,1.0,3.0,0.01
2026-05-09T20:40:35.523837+00:00,BTCUSD.i,213,2026-05-07T06:05:00+00:00,bear,sell,80937.53,81140.38,80734.68,0.49297510475719564,10000.0,1.0,5,1.0,3.0,0.01
2026-05-09T20:40:35.523837+00:00,BTCUSD.i,214,2026-05-07T06:10:00+00:00,bear,sell,80948.07,81140.38,80755.76000000001,0.5199937600748854,10000.0,1.0,5,1.0,3.0,0.01
2026-05-09T20:40:35.523837+00:00,BTCUSD.i,215,2026-05-07T06:15:00+00:00,bear,sell,80999.98,81140.38,80859.57999999999,0.7122507122506679,10000.0,1.0,5,1.0,3.0,0.01
2026-05-09T20:40:35.523837+00:00,BTCUSD.i,216,2026-05-07T06:20:00+00:00,bear,sell,80999.1,81140.38,80857.82,0.7078142695356797,10000.0,1.0,5,1.0,3.0,0.01
2026-05-09T20:40:35.523837+00:00,BTCUSD.i,217,2026-05-07T06:25:00+00:00,bear,sell,80847.19,81103.64,80590.74,0.3899395593683023,10000.0,1.0,5,1.0,3.0,0.01
2026-05-09T20:40:35.523837+00:00,BTCUSD.i,218,2026-05-07T06:30:00+00:00,bear,sell,80847.19,81097.28,80597.1,0.3998560518213499,10000.0,1.0,5,1.0,3.0,0.01
2026-05-09T20:40:35.523837+00:00,BTCUSD.i,219,2026-05-07T06:35:00+00:00,bear,sell,80847.19,81069.98,80624.40000000001,0.4488531801247941,10000.0,1.0,5,1.0,3.0,0.01
2026-05-09T20:40:35.523837+00:00,BTCUSD.i,220,2026-05-07T06:40:00+00:00,bear,sell,80847.19,81062.42,80631.96,0.4646192445291172,10000.0,1.0,5,1.0,3.0,0.01
2026-05-09T20:40:35.523837+00:00,BTCUSD.i,221,2026-05-07T06:45:00+00:00,bear,sell,80847.19,81010.2,80684.18000000001,0.6134592969756654,10000.0,1.0,5,1.0,3.0,0.01
2026-05-09T20:40:35.523837+00:00,BTCUSD.i,222,2026-05-07T06:50:00+00:00,bear,sell,80890.29,80996.41,80784.16999999998,0.9423294383715669,10000.0,1.0,5,1.0,3.0,0.01
2026-05-09T20:40:35.523837+00:00,BTCUSD.i,223,2026-05-07T06:55:00+00:00,bear,sell,80890.29,81003.81,80776.76999999999,0.8809020436927097,10000.0,1.0,5,1.0,3.0,0.01
2026-05-09T20:40:35.523837+00:00,BTCUSD.i,224,2026-05-07T07:00:00+00:00,bear,sell,80817.2,81003.81,80630.59,0.535876962649374,10000.0,1.0,5,1.0,3.0,0.01
2026-05-09T20:40:35.523837+00:00,BTCUSD.i,225,2026-05-07T07:05:00+00:00,bear,sell,80795.67,81003.81,80587.53,0.48044585375228344,10000.0,1.0,5,1.0,3.0,0.01
2026-05-09T20:40:35.523837+00:00,BTCUSD.i,226,2026-05-07T07:10:00+00:00,bear,sell,80708.37,81003.81,80412.93,0.3384782020037883,10000.0,1.0,5,1.0,3.0,0.01
2026-05-09T20:40:35.523837+00:00,BTCUSD.i,227,2026-05-07T07:15:00+00:00,bear,sell,80708.37,81003.81,80412.93,0.3384782020037883,10000.0,1.0,5,1.0,3.0,0.01
2026-05-09T20:40:35.523837+00:00,BTCUSD.i,228,2026-05-07T07:20:00+00:00,bear,sell,80708.37,80939.29,80477.45,0.4330504070673859,10000.0,1.0,5,1.0,3.0,0.01
2026-05-09T20:40:35.523837+00:00,BTCUSD.i,229,2026-05-07T07:25:00+00:00,bear,sell,80708.37,80965.43,80451.31,0.38901423792111145,10000.0,1.0,5,1.0,3.0,0.01
2026-05-09T20:40:35.523837+00:00,BTCUSD.i,230,2026-05-07T07:30:00+00:00,bear,sell,80708.37,80965.79,80450.95,0.38847020433533014,10000.0,1.0,5,1.0,3.0,0.01
2026-05-09T20:40:35.523837+00:00,BTCUSD.i,231,2026-05-07T07:35:00+00:00,bear,sell,80754.52,80968.65,80540.39000000001,0.46700602437773603,10000.0,1.0,5,1.0,3.0,0.01
2026-05-09T20:40:35.523837+00:00,BTCUSD.i,232,2026-05-07T07:40:00+00:00,bear,sell,80833.01,80968.65,80697.37,0.7372456502506667,10000.0,1.0,5,1.0,3.0,0.01
2026-05-09T20:40:35.523837+00:00,BTCUSD.i,233,2026-05-07T07:45:00+00:00,bear,sell,80842.78,80968.65,80716.91,0.794470485421496,10000.0,1.0,5,1.0,3.0,0.01
2026-05-09T20:40:35.523837+00:00,BTCUSD.i,234,2026-05-07T07:50:00+00:00,bear,sell,80842.78,80968.65,80716.91,0.794470485421496,10000.0,1.0,5,1.0,3.0,0.01
2026-05-09T20:40:35.523837+00:00,BTCUSD.i,235,2026-05-07T07:55:00+00:00,bear,sell,80842.78,80979.71,80705.84999999999,0.7303001533629918,10000.0,1.0,5,1.0,3.0,0.01
2026-05-09T20:40:35.523837+00:00,BTCUSD.i,236,2026-05-07T08:00:00+00:00,bear,sell,80842.78,80979.93,80705.63,0.7291286912140302,10000.0,1.0,5,1.0,3.0,0.01
2026-05-09T20:40:35.523837+00:00,BTCUSD.i,237,2026-05-07T08:05:00+00:00,bear,sell,80842.78,81090.26,80595.3,0.4040730564086053,10000.0,1.0,5,1.0,3.0,0.01
2026-05-09T20:40:35.523837+00:00,BTCUSD.i,238,2026-05-07T08:10:00+00:00,bear,sell,80869.7,81090.26,80649.14,0.45339136742836894,10000.0,1.0,5,1.0,3.0,0.01
2026-05-09T20:40:35.523837+00:00,BTCUSD.i,239,2026-05-07T08:15:00+00:00,bear,sell,80900.8,81162.43,80639.17000000001,0.3822191644689209,10000.0,1.0,5,1.0,3.0,0.01
2026-05-09T20:40:35.523837+00:00,BTCUSD.i,240,2026-05-07T08:20:00+00:00,bear,sell,80937.24,81162.43,80712.05000000002,0.4440694524623892,10000.0,1.0,5,1.0,3.0,0.01
2026-05-09T20:40:35.523837+00:00,BTCUSD.i,241,2026-05-07T08:25:00+00:00,bear,sell,80956.52,81162.43,80750.61000000002,0.4856490699820571,10000.0,1.0,5,1.0,3.0,0.01
2026-05-09T20:40:35.523837+00:00,BTCUSD.i,242,2026-05-07T08:30:00+00:00,bear,sell,81005.15,81162.43,80847.87,0.6358087487283872,10000.0,1.0,5,1.0,3.0,0.01
2026-05-09T20:40:35.523837+00:00,BTCUSD.i,243,2026-05-07T08:35:00+00:00,bear,sell,81017.57,81162.43,80872.71000000002,0.6903216899075635,10000.0,1.0,5,1.0,3.0,0.01
2026-05-09T20:40:35.523837+00:00,BTCUSD.i,244,2026-05-07T08:40:00+00:00,bear,sell,81028.7,81145.96,80911.43999999999,0.8528057308544436,10000.0,1.0,5,1.0,3.0,0.01
2026-05-09T20:40:35.523837+00:00,BTCUSD.i,245,2026-05-07T08:45:00+00:00,bear,sell,81019.7,81140.31,80899.09,0.8291186468783643,10000.0,1.0,5,1.0,3.0,0.01
2026-05-09T20:40:35.523837+00:00,BTCUSD.i,246,2026-05-07T08:50:00+00:00,bear,sell,81019.7,81140.31,80899.09,0.8291186468783643,10000.0,1.0,5,1.0,3.0,0.01
2026-05-09T20:40:35.523837+00:00,BTCUSD.i,247,2026-05-07T08:55:00+00:00,bear,sell,80987.85,81140.31,80835.39000000001,0.6559097468188728,10000.0,1.0,5,1.0,3.0,0.01
2026-05-09T20:40:35.523837+00:00,BTCUSD.i,272,2026-05-07T11:00:00+00:00,bear,sell,81450.13,81664.59,81235.67000000001,0.46628741956543784,10000.0,1.0,5,1.0,3.0,0.01
2026-05-09T20:40:35.523837+00:00,BTCUSD.i,273,2026-05-07T11:05:00+00:00,bear,sell,81432.04,81625.23,81238.84999999999,0.517625135876592,10000.0,1.0,5,1.0,3.0,0.01
2026-05-09T20:40:35.523837+00:00,BTCUSD.i,274,2026-05-07T11:10:00+00:00,bear,sell,81432.04,81590.32,81273.75999999998,0.6317917614353774,10000.0,1.0,5,1.0,3.0,0.01
2026-05-09T20:40:35.523837+00:00,BTCUSD.i,275,2026-05-07T11:15:00+00:00,bear,sell,81432.04,81580.63,81283.44999999998,0.6729927989770008,10000.0,1.0,5,1.0,3.0,0.01
2026-05-09T20:40:35.523837+00:00,BTCUSD.i,276,2026-05-07T11:20:00+00:00,bear,sell,81364.35,81580.63,81148.07,0.462363602737195,10000.0,1.0,5,1.0,3.0,0.01
2026-05-09T20:40:35.523837+00:00,BTCUSD.i,277,2026-05-07T11:25:00+00:00,bear,sell,81306.8,81580.63,81032.97,0.36519008143738585,10000.0,1.0,5,1.0,3.0,0.01
2026-05-09T20:40:35.523837+00:00,BTCUSD.i,278,2026-05-07T11:30:00+00:00,bear,sell,81306.8,81580.63,81032.97,0.36519008143738585,10000.0,1.0,5,1.0,3.0,0.01
2026-05-09T20:40:35.523837+00:00,BTCUSD.i,279,2026-05-07T11:35:00+00:00,bear,sell,81306.8,81573.85,81039.75,0.37446171129001654,10000.0,1.0,5,1.0,3.0,0.01
2026-05-09T20:40:35.523837+00:00,BTCUSD.i,280,2026-05-07T11:40:00+00:00,bear,sell,81256.29,81499.08,81013.49999999999,0.41187857819513424,10000.0,1.0,5,1.0,3.0,0.01
2026-05-09T20:40:35.523837+00:00,BTCUSD.i,281,2026-05-07T11:45:00+00:00,bear,sell,81226.11,81473.5,80978.72,0.4042200573992491,10000.0,1.0,5,1.0,3.0,0.01
2026-05-09T20:40:35.523837+00:00,BTCUSD.i,282,2026-05-07T11:50:00+00:00,bear,sell,81182.37,81473.5,80891.23999999999,0.34348916291690446,10000.0,1.0,5,1.0,3.0,0.01
2026-05-09T20:40:35.523837+00:00,BTCUSD.i,283,2026-05-07T11:55:00+00:00,bear,sell,81182.37,81473.5,80891.23999999999,0.34348916291690446,10000.0,1.0,5,1.0,3.0,0.01
2026-05-09T20:40:35.523837+00:00,BTCUSD.i,284,2026-05-07T12:00:00+00:00,bear,sell,81180.72,81362.4,80999.04000000001,0.5504183179216416,10000.0,1.0,5,1.0,3.0,0.01
2026-05-09T20:40:35.523837+00:00,BTCUSD.i,285,2026-05-07T12:05:00+00:00,bear,sell,81100.88,81320.67,80881.09000000001,0.4549797534009869,10000.0,1.0,5,1.0,3.0,0.01
2026-05-09T20:40:35.523837+00:00,BTCUSD.i,286,2026-05-07T12:10:00+00:00,bear,sell,81097.1,81303.56,80890.64000000001,0.4843553230650196,10000.0,1.0,5,1.0,3.0,0.01
2026-05-09T20:40:35.523837+00:00,BTCUSD.i,287,2026-05-07T12:15:00+00:00,bear,sell,81097.1,81303.56,80890.64000000001,0.4843553230650196,10000.0,1.0,5,1.0,3.0,0.01
2026-05-09T20:40:35.523837+00:00,BTCUSD.i,288,2026-05-07T12:20:00+00:00,bear,sell,81097.1,81269.96,80924.24,0.5785028346638879,10000.0,1.0,5,1.0,3.0,0.01
2026-05-09T20:40:35.523837+00:00,BTCUSD.i,289,2026-05-07T12:25:00+00:00,bear,sell,81052.69,81221.58,80883.8,0.5921013677541616,10000.0,1.0,5,1.0,3.0,0.01
2026-05-09T20:40:35.523837+00:00,BTCUSD.i,290,2026-05-07T12:30:00+00:00,bear,sell,80973.18,81203.23,80743.12999999999,0.434688111280151,10000.0,1.0,5,1.0,3.0,0.01
2026-05-09T20:40:35.523837+00:00,BTCUSD.i,291,2026-05-07T12:35:00+00:00,bear,sell,80973.18,81203.23,80743.12999999999,0.434688111280151,10000.0,1.0,5,1.0,3.0,0.01
2026-05-09T20:40:35.523837+00:00,BTCUSD.i,292,2026-05-07T12:40:00+00:00,bear,sell,80900.25,81203.23,80597.27,0.3300547890949942,10000.0,1.0,5,1.0,3.0,0.01
2026-05-09T20:40:35.523837+00:00,BTCUSD.i,293,2026-05-07T12:45:00+00:00,bear,sell,80834.88,81175.64,80494.12000000001,0.29346167390539246,10000.0,1.0,5,1.0,3.0,0.01
2026-05-09T20:40:35.523837+00:00,BTCUSD.i,294,2026-05-07T12:50:00+00:00,bear,sell,80834.88,81090.67,80579.09000000001,0.3909456976426072,10000.0,1.0,5,1.0,3.0,0.01
2026-05-09T20:40:35.523837+00:00,BTCUSD.i,295,2026-05-07T12:55:00+00:00,bear,sell,80834.88,81090.67,80579.09000000001,0.3909456976426072,10000.0,1.0,5,1.0,3.0,0.01
2026-05-09T20:40:35.523837+00:00,BTCUSD.i,296,2026-05-07T13:00:00+00:00,bear,sell,80834.88,81090.67,80579.09000000001,0.3909456976426072,10000.0,1.0,5,1.0,3.0,0.01
2026-05-09T20:40:35.523837+00:00,BTCUSD.i,297,2026-05-07T13:05:00+00:00,bear,sell,80834.88,80981.34,80688.42000000001,0.6827802813055139,10000.0,1.0,5,1.0,3.0,0.01
2026-05-09T20:40:35.523837+00:00,BTCUSD.i,298,2026-05-07T13:10:00+00:00,bear,sell,80864.91,80980.56,80749.26000000001,0.8646779074795075,10000.0,1.0,5,1.0,3.0,0.01
2026-05-09T20:40:35.523837+00:00,BTCUSD.i,299,2026-05-07T13:15:00+00:00,bear,sell,80798.47,80980.56,80616.38,0.5491789774287545,10000.0,1.0,5,1.0,3.0,0.01
2026-05-09T20:40:35.523837+00:00,BTCUSD.i,300,2026-05-07T13:20:00+00:00,bear,sell,80798.47,80980.56,80616.38,0.5491789774287545,10000.0,1.0,5,1.0,3.0,0.01
2026-05-09T20:40:35.523837+00:00,BTCUSD.i,301,2026-05-07T13:25:00+00:00,bear,sell,80782.82,80980.56,80585.08000000002,0.5057145746940666,10000.0,1.0,5,1.0,3.0,0.01
2026-05-09T20:40:35.523837+00:00,BTCUSD.i,302,2026-05-07T13:30:00+00:00,bear,sell,80555.1,80970.55,80139.65000000001,0.2407028523288018,10000.0,1.0,5,1.0,3.0,0.01
2026-05-09T20:40:35.523837+00:00,BTCUSD.i,303,2026-05-07T13:35:00+00:00,bear,sell,80555.1,80945.79,80164.41000000002,0.25595740868720246,10000.0,1.0,5,1.0,3.0,0.01
2026-05-09T20:40:35.523837+00:00,BTCUSD.i,304,2026-05-07T13:40:00+00:00,bear,sell,80555.1,80929.89,80180.31000000001,0.2668160836735284,10000.0,1.0,5,1.0,3.0,0.01
2026-05-09T20:40:35.523837+00:00,BTCUSD.i,305,2026-05-07T13:45:00+00:00,bear,sell,80555.1,80890.14,80220.06000000001,0.29847182425979557,10000.0,1.0,5,1.0,3.0,0.01
2026-05-09T20:40:35.523837+00:00,BTCUSD.i,306,2026-05-07T13:50:00+00:00,bear,sell,80555.1,80901.67,80208.53000000001,0.2885419972877115,10000.0,1.0,5,1.0,3.0,0.01
2026-05-09T20:40:35.523837+00:00,BTCUSD.i,307,2026-05-07T13:55:00+00:00,bear,sell,80597.3,80901.67,80292.93000000001,0.32854749153990714,10000.0,1.0,5,1.0,3.0,0.01
2026-05-09T20:40:35.523837+00:00,BTCUSD.i,308,2026-05-07T14:00:00+00:00,bear,sell,80661.56,80901.67,80421.45,0.41647578193327955,10000.0,1.0,5,1.0,3.0,0.01
2026-05-09T20:40:35.523837+00:00,BTCUSD.i,309,2026-05-07T14:05:00+00:00,bear,sell,80789.55,80955.48,80623.62000000001,0.6026637738805775,10000.0,1.0,5,1.0,3.0,0.01
2026-05-09T20:40:35.523837+00:00,BTCUSD.i,310,2026-05-07T14:10:00+00:00,bear,sell,80800.57,81030.72,80570.42000000001,0.4344992396263416,10000.0,1.0,5,1.0,3.0,0.01
2026-05-09T20:40:35.523837+00:00,BTCUSD.i,311,2026-05-07T14:15:00+00:00,bear,sell,80800.57,81030.72,80570.42000000001,0.4344992396263416,10000.0,1.0,5,1.0,3.0,0.01
2026-05-09T20:40:35.523837+00:00,BTCUSD.i,312,2026-05-07T14:20:00+00:00,bear,sell,80814.04,81030.72,80597.35999999999,0.4615100609193119,10000.0,1.0,5,1.0,3.0,0.01
2026-05-09T20:40:35.523837+00:00,BTCUSD.i,313,2026-05-07T14:25:00+00:00,bear,sell,80820.03,81030.72,80609.34,0.4746309744173852,10000.0,1.0,5,1.0,3.0,0.01
2026-05-09T20:40:35.523837+00:00,BTCUSD.i,314,2026-05-07T14:30:00+00:00,bear,sell,80849.4,81030.72,80668.07999999999,0.5515111405250174,10000.0,1.0,5,1.0,3.0,0.01
2026-05-09T20:40:35.523837+00:00,BTCUSD.i,315,2026-05-07T14:35:00+00:00,bear,sell,80849.4,80982.75,80716.04999999999,0.7499062617172526,10000.0,1.0,5,1.0,3.0,0.01
2026-05-09T20:40:35.523837+00:00,BTCUSD.i,316,2026-05-07T14:40:00+00:00,bear,sell,80849.4,80982.75,80716.04999999999,0.7499062617172526,10000.0,1.0,5,1.0,3.0,0.01
2026-05-09T20:40:35.523837+00:00,BTCUSD.i,317,2026-05-07T14:45:00+00:00,bear,sell,80860.24,80991.04,80729.44000000002,0.7645259938838601,10000.0,1.0,5,1.0,3.0,0.01
2026-05-09T20:40:35.523837+00:00,BTCUSD.i,318,2026-05-07T14:50:00+00:00,bear,sell,80849.84,80991.04,80708.64,0.7082152974504395,10000.0,1.0,5,1.0,3.0,0.01
2026-05-09T20:40:35.523837+00:00,BTCUSD.i,319,2026-05-07T14:55:00+00:00,bear,sell,80769.2,80991.04,80547.36,0.45077533357375393,10000.0,1.0,5,1.0,3.0,0.01
2026-05-09T20:40:35.523837+00:00,BTCUSD.i,320,2026-05-07T15:00:00+00:00,bear,sell,80769.2,80991.04,80547.36,0.45077533357375393,10000.0,1.0,5,1.0,3.0,0.01
2026-05-09T20:40:35.523837+00:00,BTCUSD.i,321,2026-05-07T15:05:00+00:00,bear,sell,80769.2,81000.39,80538.01,0.432544660236165,10000.0,1.0,5,1.0,3.0,0.01
2026-05-09T20:40:35.523837+00:00,BTCUSD.i,322,2026-05-07T15:10:00+00:00,bear,sell,80769.2,81000.39,80538.01,0.432544660236165,10000.0,1.0,5,1.0,3.0,0.01
2026-05-09T20:40:35.523837+00:00,BTCUSD.i,323,2026-05-07T15:15:00+00:00,bear,sell,80769.2,81085.37,80453.03,0.3162855425878501,10000.0,1.0,5,1.0,3.0,0.01
2026-05-09T20:40:35.523837+00:00,BTCUSD.i,324,2026-05-07T15:20:00+00:00,bear,sell,80813.82,81094.65,80532.99000000002,0.35608731260906795,10000.0,1.0,5,1.0,3.0,0.01
2026-05-09T20:40:35.523837+00:00,BTCUSD.i,325,2026-05-07T15:25:00+00:00,bear,sell,80829.42,81094.65,80564.19,0.3770312558911192,10000.0,1.0,5,1.0,3.0,0.01
2026-05-09T20:40:35.523837+00:00,BTCUSD.i,326,2026-05-07T15:30:00+00:00,bear,sell,80912.43,81094.65,80730.20999999999,0.5487871803314639,10000.0,1.0,5,1.0,3.0,0.01
2026-05-09T20:40:35.523837+00:00,BTCUSD.i,327,2026-05-07T15:35:00+00:00,bear,sell,80955.5,81094.65,80816.35,0.7186489399928436,10000.0,1.0,5,1.0,3.0,0.01
2026-05-09T20:40:35.523837+00:00,BTCUSD.i,328,2026-05-07T15:40:00+00:00,bear,sell,80955.5,81094.65,80816.35,0.7186489399928436,10000.0,1.0,5,1.0,3.0,0.01
2026-05-09T20:40:35.523837+00:00,BTCUSD.i,329,2026-05-07T15:45:00+00:00,bear,sell,80955.5,81074.86,80836.14,0.8378016085790844,10000.0,1.0,5,1.0,3.0,0.01
2026-05-09T20:40:35.523837+00:00,BTCUSD.i,330,2026-05-07T15:50:00+00:00,bear,sell,80987.12,81120.31,80853.93,0.7508071176514622,10000.0,1.0,5,1.0,3.0,0.01
2026-05-09T20:40:35.523837+00:00,BTCUSD.i,331,2026-05-07T15:55:00+00:00,bear,sell,80987.12,81151.13,80823.10999999999,0.6097189195780399,10000.0,1.0,5,1.0,3.0,0.01
2026-05-09T20:40:35.523837+00:00,BTCUSD.i,332,2026-05-07T16:00:00+00:00,bear,sell,80987.12,81169.97,80804.26999999999,0.5468963631391677,10000.0,1.0,5,1.0,3.0,0.01
2026-05-09T20:40:35.523837+00:00,BTCUSD.i,333,2026-05-07T16:05:00+00:00,bear,sell,80999.51,81169.97,80829.04999999999,0.5866478939340387,10000.0,1.0,5,1.0,3.0,0.01
2026-05-09T20:40:35.523837+00:00,BTCUSD.i,334,2026-05-07T16:10:00+00:00,bear,sell,80989.26,81169.97,80808.54999999999,0.5533728072602316,10000.0,1.0,5,1.0,3.0,0.01
2026-05-09T20:40:35.523837+00:00,BTCUSD.i,335,2026-05-07T16:15:00+00:00,bear,sell,80885.41,81169.97,80600.85,0.3514197357323616,10000.0,1.0,5,1.0,3.0,0.01
2026-05-09T20:40:35.523837+00:00,BTCUSD.i,336,2026-05-07T16:20:00+00:00,bear,sell,80850.13,81169.97,80530.29000000001,0.31265632816408545,10000.0,1.0,5,1.0,3.0,0.01
2026-05-09T20:40:35.523837+00:00,BTCUSD.i,337,2026-05-07T16:25:00+00:00,bear,sell,80850.13,81151.99,80548.27,0.3312794010468423,10000.0,1.0,5,1.0,3.0,0.01
2026-05-09T20:40:35.523837+00:00,BTCUSD.i,338,2026-05-07T16:30:00+00:00,bear,sell,80850.13,81127.98,80572.28000000001,0.3599064243296856,10000.0,1.0,5,1.0,3.0,0.01
2026-05-09T20:40:35.523837+00:00,BTCUSD.i,339,2026-05-07T16:35:00+00:00,bear,sell,80744.71,81127.98,80361.44000000002,0.26091267252851186,10000.0,1.0,5,1.0,3.0,0.01
2026-05-09T20:40:35.523837+00:00,BTCUSD.i,340,2026-05-07T16:40:00+00:00,bear,sell,80647.1,81127.98,80166.22000000002,0.20795208783896618,10000.0,1.0,5,1.0,3.0,0.01
2026-05-09T20:40:35.523837+00:00,BTCUSD.i,341,2026-05-07T16:45:00+00:00,bear,sell,80556.4,81127.98,79984.81999999999,0.17495363728611865,10000.0,1.0,5,1.0,3.0,0.01
2026-05-09T20:40:35.523837+00:00,BTCUSD.i,342,2026-05-07T16:50:00+00:00,bear,sell,80274.05,81086.2,79461.90000000001,0.1231299636766616,10000.0,1.0,5,1.0,3.0,0.01
2026-05-09T20:40:35.523837+00:00,BTCUSD.i,343,2026-05-07T16:55:00+00:00,bear,sell,80243.84,80955.8,79531.87999999999,0.14045732906342925,10000.0,1.0,5,1.0,3.0,0.01
2026-05-09T20:40:35.523837+00:00,BTCUSD.i,344,2026-05-07T17:00:00+00:00,bear,sell,80243.84,80836.65,79651.03,0.16868811254870936,10000.0,1.0,5,1.0,3.0,0.01
2026-05-09T20:40:35.523837+00:00,BTCUSD.i,345,2026-05-07T17:05:00+00:00,bear,sell,80243.84,80705.11,79782.56999999999,0.2167927677932645,10000.0,1.0,5,1.0,3.0,0.01
2026-05-09T20:40:35.523837+00:00,BTCUSD.i,346,2026-05-07T17:10:00+00:00,bear,sell,80243.84,80631.95,79855.73,0.25765891113344114,10000.0,1.0,5,1.0,3.0,0.01
2026-05-09T20:40:35.523837+00:00,BTCUSD.i,347,2026-05-07T17:15:00+00:00,bear,sell,80243.84,80676.16,79811.51999999999,0.23131014063656177,10000.0,1.0,5,1.0,3.0,0.01
2026-05-09T20:40:35.523837+00:00,BTCUSD.i,348,2026-05-07T17:20:00+00:00,bear,sell,80346.94,80676.16,80017.72,0.3037482534475416,10000.0,1.0,5,1.0,3.0,0.01
2026-05-09T20:40:35.523837+00:00,BTCUSD.i,349,2026-05-07T17:25:00+00:00,bear,sell,80346.94,80676.16,80017.72,0.3037482534475416,10000.0,1.0,5,1.0,3.0,0.01
2026-05-09T20:40:35.523837+00:00,BTCUSD.i,350,2026-05-07T17:30:00+00:00,bear,sell,80346.94,80676.16,80017.72,0.3037482534475416,10000.0,1.0,5,1.0,3.0,0.01
2026-05-09T20:40:35.523837+00:00,BTCUSD.i,351,2026-05-07T17:35:00+00:00,bear,sell,80173.53,80676.16,79670.9,0.1989535045659811,10000.0,1.0,5,1.0,3.0,0.01
2026-05-09T20:40:35.523837+00:00,BTCUSD.i,352,2026-05-07T17:40:00+00:00,bear,sell,80028.63,80672.93,79384.33000000002,0.1552072016141577,10000.0,1.0,5,1.0,3.0,0.01
2026-05-09T20:40:35.523837+00:00,BTCUSD.i,353,2026-05-07T17:45:00+00:00,bear,sell,80028.63,80547.41,79509.85,0.19275993677474118,10000.0,1.0,5,1.0,3.0,0.01
2026-05-09T20:40:35.523837+00:00,BTCUSD.i,354,2026-05-07T17:50:00+00:00,bear,sell,80028.63,80539.77,79517.49,0.1956411159369255,10000.0,1.0,5,1.0,3.0,0.01
2026-05-09T20:40:35.523837+00:00,BTCUSD.i,355,2026-05-07T17:55:00+00:00,bear,sell,80028.63,80423.47,79633.79000000001,0.25326714618579904,10000.0,1.0,5,1.0,3.0,0.01
2026-05-09T20:40:35.523837+00:00,BTCUSD.i,356,2026-05-07T18:00:00+00:00,bear,sell,80028.63,80294.72,79762.54000000001,0.3758126949528404,10000.0,1.0,5,1.0,3.0,0.01
2026-05-09T20:40:35.523837+00:00,BTCUSD.i,357,2026-05-07T18:05:00+00:00,bear,sell,80063.25,80294.72,79831.78,0.4320214282628397,10000.0,1.0,5,1.0,3.0,0.01
2026-05-09T20:40:35.523837+00:00,BTCUSD.i,358,2026-05-07T18:10:00+00:00,bear,sell,80043.22,80294.72,79791.72,0.3976143141153082,10000.0,1.0,5,1.0,3.0,0.01
2026-05-09T20:40:35.523837+00:00,BTCUSD.i,359,2026-05-07T18:15:00+00:00,bear,sell,80043.22,80294.72,79791.72,0.3976143141153082,10000.0,1.0,5,1.0,3.0,0.01
2026-05-09T20:40:35.523837+00:00,BTCUSD.i,360,2026-05-07T18:20:00+00:00,bear,sell,79898.18,80294.72,79501.63999999998,0.2521813688404649,10000.0,1.0,5,1.0,3.0,0.01
2026-05-09T20:40:35.523837+00:00,BTCUSD.i,361,2026-05-07T18:25:00+00:00,bear,sell,79783.21,80261.98,79304.44000000002,0.2088685590158159,10000.0,1.0,5,1.0,3.0,0.01
2026-05-09T20:40:35.523837+00:00,BTCUSD.i,362,2026-05-07T18:30:00+00:00,bear,sell,79683.04,80261.98,79104.09999999999,0.17272947110235878,10000.0,1.0,5,1.0,3.0,0.01
2026-05-09T20:40:35.523837+00:00,BTCUSD.i,363,2026-05-07T18:35:00+00:00,bear,sell,79683.04,80261.98,79104.09999999999,0.17272947110235878,10000.0,1.0,5,1.0,3.0,0.01
2026-05-09T20:40:35.523837+00:00,BTCUSD.i,364,2026-05-07T18:40:00+00:00,bear,sell,79683.04,80200.55,79165.52999999998,0.19323298100519448,10000.0,1.0,5,1.0,3.0,0.01
2026-05-09T20:40:35.523837+00:00,BTCUSD.i,365,2026-05-07T18:45:00+00:00,bear,sell,79683.04,80038.57,79327.50999999998,0.2812702162967857,10000.0,1.0,5,1.0,3.0,0.01
2026-05-09T20:40:35.523837+00:00,BTCUSD.i,366,2026-05-07T18:50:00+00:00,bear,sell,79683.04,80040.18,79325.9,0.2800022400179206,10000.0,1.0,5,1.0,3.0,0.01
2026-05-09T20:40:35.523837+00:00,BTCUSD.i,367,2026-05-07T18:55:00+00:00,bear,sell,79784.21,80058.27,79510.15000000001,0.36488360213092336,10000.0,1.0,5,1.0,3.0,0.01
2026-05-09T20:40:35.523837+00:00,BTCUSD.i,368,2026-05-07T19:00:00+00:00,bear,sell,79833.03,80058.27,79607.79,0.4439708755105562,10000.0,1.0,5,1.0,3.0,0.01
2026-05-09T20:40:35.523837+00:00,BTCUSD.i,369,2026-05-07T19:05:00+00:00,bear,sell,79811.32,80058.27,79564.37000000001,0.40494027130998655,10000.0,1.0,5,1.0,3.0,0.01
2026-05-09T20:40:35.523837+00:00,BTCUSD.i,370,2026-05-07T19:10:00+00:00,bear,sell,79647.84,80058.27,79237.40999999999,0.24364690690251237,10000.0,1.0,5,1.0,3.0,0.01
2026-05-09T20:40:35.523837+00:00,BTCUSD.i,371,2026-05-07T19:15:00+00:00,bear,sell,79647.84,80058.27,79237.40999999999,0.24364690690251237,10000.0,1.0,5,1.0,3.0,0.01
2026-05-09T20:40:35.523837+00:00,BTCUSD.i,372,2026-05-07T19:20:00+00:00,bear,sell,79647.84,80008.18,79287.5,0.2775156796359021,10000.0,1.0,5,1.0,3.0,0.01
2026-05-09T20:40:35.523837+00:00,BTCUSD.i,373,2026-05-07T19:25:00+00:00,bear,sell,79647.84,79953.66,79342.01999999999,0.32698973252239133,10000.0,1.0,5,1.0,3.0,0.01
2026-05-09T20:40:35.523837+00:00,BTCUSD.i,374,2026-05-07T19:30:00+00:00,bear,sell,79647.84,80000.07,79295.60999999999,0.2839054027198053,10000.0,1.0,5,1.0,3.0,0.01
2026-05-09T20:40:35.523837+00:00,BTCUSD.i,375,2026-05-07T19:35:00+00:00,bear,sell,79693.3,80010.53,79376.07,0.3152286984207083,10000.0,1.0,5,1.0,3.0,0.01
2026-05-09T20:40:35.523837+00:00,BTCUSD.i,376,2026-05-07T19:40:00+00:00,bear,sell,79693.3,80010.53,79376.07,0.3152286984207083,10000.0,1.0,5,1.0,3.0,0.01
2026-05-09T20:40:35.523837+00:00,BTCUSD.i,377,2026-05-07T19:45:00+00:00,bear,sell,79731.67,80010.53,79452.81,0.3586028831671799,10000.0,1.0,5,1.0,3.0,0.01
2026-05-09T20:40:35.523837+00:00,BTCUSD.i,378,2026-05-07T19:50:00+00:00,bear,sell,79747.4,80010.53,79484.26999999999,0.3800402842701259,10000.0,1.0,5,1.0,3.0,0.01
2026-05-09T20:40:35.523837+00:00,BTCUSD.i,379,2026-05-07T19:55:00+00:00,bear,sell,79747.4,80010.53,79484.26999999999,0.3800402842701259,10000.0,1.0,5,1.0,3.0,0.01
2026-05-09T20:40:35.523837+00:00,BTCUSD.i,380,2026-05-07T20:00:00+00:00,bear,sell,79736.19,79934.4,79537.98000000001,0.5045154129458862,10000.0,1.0,5,1.0,3.0,0.01
2026-05-09T20:40:35.523837+00:00,BTCUSD.i,381,2026-05-07T20:05:00+00:00,bear,sell,79736.19,79934.4,79537.98000000001,0.5045154129458862,10000.0,1.0,5,1.0,3.0,0.01
2026-05-09T20:40:35.523837+00:00,BTCUSD.i,382,2026-05-07T20:10:00+00:00,bear,sell,79736.19,79934.4,79537.98000000001,0.5045154129458862,10000.0,1.0,5,1.0,3.0,0.01
2026-05-09T20:40:35.523837+00:00,BTCUSD.i,383,2026-05-07T20:15:00+00:00,bear,sell,79736.19,79922.26,79550.12000000001,0.5374321491911864,10000.0,1.0,5,1.0,3.0,0.01
2026-05-09T20:40:35.523837+00:00,BTCUSD.i,384,2026-05-07T20:20:00+00:00,bear,sell,79698.75,79922.26,79475.24,0.4474072748422994,10000.0,1.0,5,1.0,3.0,0.01
2026-05-09T20:40:35.523837+00:00,BTCUSD.i,385,2026-05-07T20:25:00+00:00,bear,sell,79698.75,79922.26,79475.24,0.4474072748422994,10000.0,1.0,5,1.0,3.0,0.01
2026-05-09T20:40:35.523837+00:00,BTCUSD.i,386,2026-05-07T20:30:00+00:00,bear,sell,79487.46,79924.04,79050.88000000002,0.2290530945073135,10000.0,1.0,5,1.0,3.0,0.01
2026-05-09T20:40:35.523837+00:00,BTCUSD.i,387,2026-05-07T20:35:00+00:00,bear,sell,79487.46,79924.04,79050.88000000002,0.2290530945073135,10000.0,1.0,5,1.0,3.0,0.01
2026-05-09T20:40:35.523837+00:00,BTCUSD.i,388,2026-05-07T20:40:00+00:00,bear,sell,79487.46,79924.04,79050.88000000002,0.2290530945073135,10000.0,1.0,5,1.0,3.0,0.01
2026-05-09T20:40:35.523837+00:00,BTCUSD.i,389,2026-05-07T20:45:00+00:00,bear,sell,79487.46,79924.04,79050.88000000002,0.2290530945073135,10000.0,1.0,5,1.0,3.0,0.01
2026-05-09T20:40:35.523837+00:00,BTCUSD.i,390,2026-05-07T20:50:00+00:00,bear,sell,79487.46,79924.04,79050.88000000002,0.2290530945073135,10000.0,1.0,5,1.0,3.0,0.01
2026-05-09T20:40:35.523837+00:00,BTCUSD.i,391,2026-05-07T20:55:00+00:00,bear,sell,79642.77,79938.76,79346.78000000001,0.3378492516639182,10000.0,1.0,5,1.0,3.0,0.01
2026-05-09T20:40:35.523837+00:00,BTCUSD.i,392,2026-05-07T21:00:00+00:00,bear,sell,79709.77,80124.94,79294.6,0.24086518775441487,10000.0,1.0,5,1.0,3.0,0.01
2026-05-09T20:40:35.523837+00:00,BTCUSD.i,393,2026-05-07T21:05:00+00:00,bear,sell,79819.46,80158.03,79480.89000000001,0.2953598960333232,10000.0,1.0,5,1.0,3.0,0.01
2026-05-09T20:40:35.523837+00:00,BTCUSD.i,394,2026-05-07T21:10:00+00:00,bear,sell,79819.46,80205.51,79433.41000000002,0.2590338039114182,10000.0,1.0,5,1.0,3.0,0.01
2026-05-09T20:40:35.523837+00:00,BTCUSD.i,395,2026-05-07T21:15:00+00:00,bear,sell,79841.77,80205.51,79478.03000000001,0.2749216473305178,10000.0,1.0,5,1.0,3.0,0.01
2026-05-09T20:40:35.523837+00:00,BTCUSD.i,396,2026-05-07T21:20:00+00:00,bear,sell,79915.71,80205.51,79625.91000000002,0.3450655624568807,10000.0,1.0,5,1.0,3.0,0.01
2026-05-09T20:40:35.523837+00:00,BTCUSD.i,397,2026-05-07T21:25:00+00:00,bear,sell,80061.5,80205.51,79917.49,0.694396222484575,10000.0,1.0,5,1.0,3.0,0.01
2026-05-09T20:40:35.523837+00:00,BTCUSD.i,398,2026-05-07T21:30:00+00:00,bear,sell,80073.01,80205.51,79940.51,0.7547169811320755,10000.0,1.0,5,1.0,3.0,0.01
2026-05-09T20:40:35.523837+00:00,BTCUSD.i,399,2026-05-07T21:35:00+00:00,bear,sell,80073.01,80228.59,79917.43,0.6427561383211138,10000.0,1.0,5,1.0,3.0,0.01
2026-05-09T20:40:35.523837+00:00,BTCUSD.i,400,2026-05-07T21:40:00+00:00,bear,sell,80108.57,80239.51,79977.63000000002,0.7637085688102133,10000.0,1.0,5,1.0,3.0,0.01
2026-05-09T20:40:35.523837+00:00,BTCUSD.i,401,2026-05-07T21:45:00+00:00,bear,sell,80060.87,80239.55,79882.18999999999,0.5596597268860296,10000.0,1.0,5,1.0,3.0,0.01
2026-05-09T20:40:35.523837+00:00,BTCUSD.i,402,2026-05-07T21:50:00+00:00,bear,sell,80053.22,80239.55,79866.89,0.5366822304513448,10000.0,1.0,5,1.0,3.0,0.01
2026-05-09T20:40:35.523837+00:00,BTCUSD.i,403,2026-05-07T21:55:00+00:00,bear,sell,79987.23,80239.55,79734.90999999999,0.3963221306277633,10000.0,1.0,5,1.0,3.0,0.01
2026-05-09T20:40:35.523837+00:00,BTCUSD.i,404,2026-05-07T22:00:00+00:00,bear,sell,79987.23,80259.41,79715.04999999999,0.36740392387389675,10000.0,1.0,5,1.0,3.0,0.01
2026-05-09T20:40:35.523837+00:00,BTCUSD.i,405,2026-05-07T22:05:00+00:00,bear,sell,79987.23,80259.41,79715.04999999999,0.36740392387389675,10000.0,1.0,5,1.0,3.0,0.01
2026-05-09T20:40:35.523837+00:00,BTCUSD.i,406,2026-05-07T22:10:00+00:00,bear,sell,79987.23,80259.41,79715.04999999999,0.36740392387389675,10000.0,1.0,5,1.0,3.0,0.01
2026-05-09T20:40:35.523837+00:00,BTCUSD.i,407,2026-05-07T22:15:00+00:00,bear,sell,79987.23,80259.41,79715.04999999999,0.36740392387389675,10000.0,1.0,5,1.0,3.0,0.01
2026-05-09T20:40:35.523837+00:00,BTCUSD.i,408,2026-05-07T22:20:00+00:00,bear,sell,79955.12,80259.41,79650.82999999999,0.328633869006531,10000.0,1.0,5,1.0,3.0,0.01
2026-05-09T20:40:35.523837+00:00,BTCUSD.i,409,2026-05-07T22:25:00+00:00,bear,sell,79948.4,80190.77,79706.02999999998,0.4125923175310307,10000.0,1.0,5,1.0,3.0,0.01
2026-05-09T20:40:35.523837+00:00,BTCUSD.i,410,2026-05-07T22:30:00+00:00,bear,sell,79917.19,80186.24,79648.14,0.3716781267422372,10000.0,1.0,5,1.0,3.0,0.01
2026-05-09T20:40:35.523837+00:00,BTCUSD.i,411,2026-05-07T22:35:00+00:00,bear,sell,79917.19,80186.24,79648.14,0.3716781267422372,10000.0,1.0,5,1.0,3.0,0.01
2026-05-09T20:40:35.523837+00:00,BTCUSD.i,412,2026-05-07T22:40:00+00:00,bear,sell,79917.19,80186.24,79648.14,0.3716781267422372,10000.0,1.0,5,1.0,3.0,0.01
2026-05-09T20:40:35.523837+00:00,BTCUSD.i,413,2026-05-07T22:45:00+00:00,bear,sell,79917.19,80171.94,79662.44,0.39254170755642787,10000.0,1.0,5,1.0,3.0,0.01
2026-05-09T20:40:35.523837+00:00,BTCUSD.i,414,2026-05-07T22:50:00+00:00,bear,sell,79917.19,80171.94,79662.44,0.39254170755642787,10000.0,1.0,5,1.0,3.0,0.01
2026-05-09T20:40:35.523837+00:00,BTCUSD.i,415,2026-05-07T22:55:00+00:00,bear,sell,79955.87,80214.04,79697.7,0.387341674090718,10000.0,1.0,5,1.0,3.0,0.01
2026-05-09T20:40:35.523837+00:00,BTCUSD.i,416,2026-05-07T23:00:00+00:00,bear,sell,79988.89,80214.04,79763.74,0.44414834554742433,10000.0,1.0,5,1.0,3.0,0.01
2026-05-09T20:40:35.523837+00:00,BTCUSD.i,417,2026-05-07T23:05:00+00:00,bear,sell,79988.89,80360.58,79617.2,0.2690414054723005,10000.0,1.0,5,1.0,3.0,0.01
2026-05-09T20:40:35.523837+00:00,BTCUSD.i,418,2026-05-07T23:10:00+00:00,bear,sell,79988.89,80360.58,79617.2,0.2690414054723005,10000.0,1.0,5,1.0,3.0,0.01
2026-05-09T20:40:35.523837+00:00,BTCUSD.i,419,2026-05-07T23:15:00+00:00,bear,sell,79988.89,80360.58,79617.2,0.2690414054723005,10000.0,1.0,5,1.0,3.0,0.01
2026-05-09T20:40:35.523837+00:00,BTCUSD.i,420,2026-05-07T23:20:00+00:00,bear,sell,80041.09,80360.58,79721.59999999999,0.31299884190427985,10000.0,1.0,5,1.0,3.0,0.01
2026-05-09T20:40:35.523837+00:00,BTCUSD.i,421,2026-05-07T23:25:00+00:00,bear,sell,80079.28,80360.58,79797.98,0.3554923569143227,10000.0,1.0,5,1.0,3.0,0.01
2026-05-09T20:40:35.523837+00:00,BTCUSD.i,422,2026-05-07T23:30:00+00:00,bear,sell,80079.28,80250.35,79908.20999999999,0.5845560296954224,10000.0,1.0,5,1.0,3.0,0.01
2026-05-09T20:40:35.523837+00:00,BTCUSD.i,423,2026-05-07T23:35:00+00:00,bear,sell,80059.2,80197.83,79920.56999999999,0.7213445863088556,10000.0,1.0,5,1.0,3.0,0.01
2026-05-09T20:40:35.523837+00:00,BTCUSD.i,424,2026-05-07T23:40:00+00:00,bear,sell,79916.49,80178.02,79654.96,0.3823653118189135,10000.0,1.0,5,1.0,3.0,0.01
2026-05-09T20:40:35.523837+00:00,BTCUSD.i,425,2026-05-07T23:45:00+00:00,bear,sell,79889.39,80178.02,79600.76,0.3464643314970668,10000.0,1.0,5,1.0,3.0,0.01
2026-05-09T20:40:35.523837+00:00,BTCUSD.i,426,2026-05-07T23:50:00+00:00,bear,sell,79889.39,80178.02,79600.76,0.3464643314970668,10000.0,1.0,5,1.0,3.0,0.01
2026-05-09T20:40:35.523837+00:00,BTCUSD.i,427,2026-05-07T23:55:00+00:00,bear,sell,79889.39,80168.58,79610.2,0.35817901787313,10000.0,1.0,5,1.0,3.0,0.01
2026-05-09T20:40:35.523837+00:00,BTCUSD.i,428,2026-05-08T00:00:00+00:00,bear,sell,79842.09,80085.26,79598.92,0.4112349385203796,10000.0,1.0,5,1.0,3.0,0.01
2026-05-09T20:40:35.523837+00:00,BTCUSD.i,429,2026-05-08T00:05:00+00:00,bear,sell,79791.27,80008.45,79574.09000000001,0.46044755502349766,10000.0,1.0,5,1.0,3.0,0.01
2026-05-09T20:40:35.523837+00:00,BTCUSD.i,430,2026-05-08T00:10:00+00:00,bear,sell,79642.59,80008.45,79276.73,0.2733285956376752,10000.0,1.0,5,1.0,3.0,0.01
2026-05-09T20:40:35.523837+00:00,BTCUSD.i,431,2026-05-08T00:15:00+00:00,bear,sell,79642.59,80008.45,79276.73,0.2733285956376752,10000.0,1.0,5,1.0,3.0,0.01
2026-05-09T20:40:35.523837+00:00,BTCUSD.i,432,2026-05-08T00:20:00+00:00,bear,sell,79642.59,79935.75,79349.43,0.34111065629689863,10000.0,1.0,5,1.0,3.0,0.01
2026-05-09T20:40:35.523837+00:00,BTCUSD.i,433,2026-05-08T00:25:00+00:00,bear,sell,79642.59,79890.37,79394.81,0.40358382436032153,10000.0,1.0,5,1.0,3.0,0.01
2026-05-09T20:40:35.523837+00:00,BTCUSD.i,434,2026-05-08T00:30:00+00:00,bear,sell,79642.59,79910.46,79374.71999999999,0.3733154141934383,10000.0,1.0,5,1.0,3.0,0.01
2026-05-09T20:40:35.523837+00:00,BTCUSD.i,435,2026-05-08T00:35:00+00:00,bear,sell,79655.22,79924.71,79385.73,0.3710712827934174,10000.0,1.0,5,1.0,3.0,0.01
2026-05-09T20:40:35.523837+00:00,BTCUSD.i,436,2026-05-08T00:40:00+00:00,bear,sell,79707.53,79924.71,79490.34999999999,0.4604475550234668,10000.0,1.0,5,1.0,3.0,0.01
2026-05-09T20:40:35.523837+00:00,BTCUSD.i,437,2026-05-08T00:45:00+00:00,bear,sell,79756.11,79924.71,79587.51,0.5931198102016403,10000.0,1.0,5,1.0,3.0,0.01
2026-05-09T20:40:35.523837+00:00,BTCUSD.i,438,2026-05-08T00:50:00+00:00,bear,sell,79748.91,79924.71,79573.11,0.568828213879399,10000.0,1.0,5,1.0,3.0,0.01
2026-05-09T20:40:35.523837+00:00,BTCUSD.i,439,2026-05-08T00:55:00+00:00,bear,sell,79748.91,79924.71,79573.11,0.568828213879399,10000.0,1.0,5,1.0,3.0,0.01
2026-05-09T20:40:35.523837+00:00,BTCUSD.i,440,2026-05-08T01:00:00+00:00,bear,sell,79715.45,79915.79,79515.11,0.4991514425476777,10000.0,1.0,5,1.0,3.0,0.01
2026-05-09T20:40:35.523837+00:00,BTCUSD.i,441,2026-05-08T01:05:00+00:00,bear,sell,79625.79,79875.19,79376.38999999998,0.4009623095428889,10000.0,1.0,5,1.0,3.0,0.01
2026-05-09T20:40:35.523837+00:00,BTCUSD.i,442,2026-05-08T01:10:00+00:00,bear,sell,79565.77,79845.36,79286.18000000001,0.35766658321113504,10000.0,1.0,5,1.0,3.0,0.01
2026-05-09T20:40:35.523837+00:00,BTCUSD.i,443,2026-05-08T01:15:00+00:00,bear,sell,79565.77,79839.6,79291.94,0.36519008143738585,10000.0,1.0,5,1.0,3.0,0.01
2026-05-09T20:40:35.523837+00:00,BTCUSD.i,444,2026-05-08T01:20:00+00:00,bear,sell,79565.77,79901.77,79229.77,0.2976190476190476,10000.0,1.0,5,1.0,3.0,0.01
2026-05-09T20:40:35.523837+00:00,BTCUSD.i,445,2026-05-08T01:25:00+00:00,bear,sell,79565.77,79980.32,79151.22,0.24122542515981016,10000.0,1.0,5,1.0,3.0,0.01
2026-05-09T20:40:35.523837+00:00,BTCUSD.i,446,2026-05-08T01:30:00+00:00,bear,sell,79565.77,79980.32,79151.22,0.24122542515981016,10000.0,1.0,5,1.0,3.0,0.01
2026-05-09T20:40:35.523837+00:00,BTCUSD.i,447,2026-05-08T01:35:00+00:00,bear,sell,79633.0,79980.32,79285.68,0.2879189220315501,10000.0,1.0,5,1.0,3.0,0.01
2026-05-09T20:40:35.523837+00:00,BTCUSD.i,448,2026-05-08T01:40:00+00:00,bear,sell,79733.14,79980.32,79485.95999999999,0.4045634760093735,10000.0,1.0,5,1.0,3.0,0.01
2026-05-09T20:40:35.523837+00:00,BTCUSD.i,449,2026-05-08T01:45:00+00:00,bear,sell,79733.14,79980.32,79485.95999999999,0.4045634760093735,10000.0,1.0,5,1.0,3.0,0.01
2026-05-09T20:40:35.523837+00:00,BTCUSD.i,450,2026-05-08T01:50:00+00:00,bear,sell,79733.14,79939.9,79526.38,0.48365254401239377,10000.0,1.0,5,1.0,3.0,0.01
2026-05-09T20:40:35.523837+00:00,BTCUSD.i,451,2026-05-08T01:55:00+00:00,bear,sell,79733.14,79939.9,79526.38,0.48365254401239377,10000.0,1.0,5,1.0,3.0,0.01
2026-05-09T20:40:35.523837+00:00,BTCUSD.i,452,2026-05-08T02:00:00+00:00,bear,sell,79733.46,79940.0,79526.92000000001,0.48416771569673234,10000.0,1.0,5,1.0,3.0,0.01
2026-05-09T20:40:35.523837+00:00,BTCUSD.i,453,2026-05-08T02:05:00+00:00,bear,sell,79812.11,79949.04,79675.18000000001,0.7303001533630694,10000.0,1.0,5,1.0,3.0,0.01
2026-05-09T20:40:35.523837+00:00,BTCUSD.i,454,2026-05-08T02:10:00+00:00,bear,sell,79812.11,79997.14,79627.08,0.5404528995298093,10000.0,1.0,5,1.0,3.0,0.01
2026-05-09T20:40:35.523837+00:00,BTCUSD.i,455,2026-05-08T02:15:00+00:00,bear,sell,79858.64,79997.14,79720.14,0.7220216606498195,10000.0,1.0,5,1.0,3.0,0.01
2026-05-09T20:40:35.523837+00:00,BTCUSD.i,456,2026-05-08T02:20:00+00:00,bear,sell,79854.59,79997.14,79712.04,0.7015082427218376,10000.0,1.0,5,1.0,3.0,0.01
2026-05-09T20:40:35.523837+00:00,BTCUSD.i,457,2026-05-08T02:25:00+00:00,bear,sell,79854.59,79997.14,79712.04,0.7015082427218376,10000.0,1.0,5,1.0,3.0,0.01
2026-05-09T20:40:35.523837+00:00,BTCUSD.i,458,2026-05-08T02:30:00+00:00,bear,sell,79854.59,79997.14,79712.04,0.7015082427218376,10000.0,1.0,5,1.0,3.0,0.01
2026-05-09T20:40:35.523837+00:00,BTCUSD.i,459,2026-05-08T02:35:00+00:00,bear,sell,79854.59,79996.65,79712.53,0.7039279177812308,10000.0,1.0,5,1.0,3.0,0.01
2026-05-09T20:40:35.523837+00:00,BTCUSD.i,460,2026-05-08T02:40:00+00:00,bear,sell,79854.59,79990.59,79718.59,0.7352941176470589,10000.0,1.0,5,1.0,3.0,0.01
2026-05-09T20:40:35.523837+00:00,BTCUSD.i,461,2026-05-08T02:45:00+00:00,bear,sell,79854.7,80008.3,79701.09999999999,0.651041666666642,10000.0,1.0,5,1.0,3.0,0.01
2026-05-09T20:40:35.523837+00:00,BTCUSD.i,462,2026-05-08T02:50:00+00:00,bear,sell,79901.29,80031.14,79771.43999999999,0.7701193685020833,10000.0,1.0,5,1.0,3.0,0.01
2026-05-09T20:40:35.523837+00:00,BTCUSD.i,463,2026-05-08T02:55:00+00:00,bear,sell,79901.29,80058.56,79744.01999999999,0.6358491765752998,10000.0,1.0,5,1.0,3.0,0.01
2026-05-09T20:40:35.523837+00:00,BTCUSD.i,464,2026-05-08T03:00:00+00:00,bear,sell,79901.29,80058.56,79744.01999999999,0.6358491765752998,10000.0,1.0,5,1.0,3.0,0.01
2026-05-09T20:40:35.523837+00:00,BTCUSD.i,465,2026-05-08T03:05:00+00:00,bear,sell,79977.76,80058.56,79896.95999999999,1.237623762376193,10000.0,1.0,5,1.0,3.0,0.01
2026-05-09T20:40:35.523837+00:00,BTCUSD.i,466,2026-05-08T03:10:00+00:00,bear,sell,79988.63,80094.49,79882.77,0.9446438692612833,10000.0,1.0,5,1.0,3.0,0.01
2026-05-09T20:40:35.523837+00:00,BTCUSD.i,467,2026-05-08T03:15:00+00:00,bear,sell,79988.63,80094.49,79882.77,0.9446438692612833,10000.0,1.0,5,1.0,3.0,0.01
2026-05-09T20:40:35.523837+00:00,BTCUSD.i,468,2026-05-08T03:20:00+00:00,bear,sell,79972.91,80094.49,79851.33,0.8225037012666438,10000.0,1.0,5,1.0,3.0,0.01
2026-05-09T20:40:35.523837+00:00,BTCUSD.i,469,2026-05-08T03:25:00+00:00,bear,sell,79972.91,80122.5,79823.32,0.6684938832809836,10000.0,1.0,5,1.0,3.0,0.01
2026-05-09T20:40:35.523837+00:00,BTCUSD.i,470,2026-05-08T03:30:00+00:00,bear,sell,79972.91,80130.16,79815.66,0.6359300476947536,10000.0,1.0,5,1.0,3.0,0.01
2026-05-09T20:40:35.523837+00:00,BTCUSD.i,471,2026-05-08T03:35:00+00:00,bear,sell,79972.91,80130.16,79815.66,0.6359300476947536,10000.0,1.0,5,1.0,3.0,0.01
2026-05-09T20:40:35.523837+00:00,BTCUSD.i,472,2026-05-08T03:40:00+00:00,bear,sell,79905.82,80130.16,79681.48000000001,0.44575198359633394,10000.0,1.0,5,1.0,3.0,0.01
2026-05-09T20:40:35.523837+00:00,BTCUSD.i,473,2026-05-08T03:45:00+00:00,bear,sell,79893.05,80130.16,79655.94,0.42174518156129964,10000.0,1.0,5,1.0,3.0,0.01
2026-05-09T20:40:35.523837+00:00,BTCUSD.i,474,2026-05-08T03:50:00+00:00,bear,sell,79827.84,80130.16,79525.51999999999,0.3307753373908365,10000.0,1.0,5,1.0,3.0,0.01
2026-05-09T20:40:35.523837+00:00,BTCUSD.i,475,2026-05-08T03:55:00+00:00,bear,sell,79753.95,80033.38,79474.51999999999,0.3578713810256497,10000.0,1.0,5,1.0,3.0,0.01
2026-05-09T20:40:35.523837+00:00,BTCUSD.i,476,2026-05-08T04:00:00+00:00,bear,sell,79714.51,79998.82,79430.19999999998,0.35172874679046007,10000.0,1.0,5,1.0,3.0,0.01
2026-05-09T20:40:35.523837+00:00,BTCUSD.i,477,2026-05-08T04:05:00+00:00,bear,sell,79714.51,79933.72,79495.29999999999,0.45618356826785766,10000.0,1.0,5,1.0,3.0,0.01
2026-05-09T20:40:35.523837+00:00,BTCUSD.i,478,2026-05-08T04:10:00+00:00,bear,sell,79714.51,79924.63,79504.38999999998,0.47591852274888297,10000.0,1.0,5,1.0,3.0,0.01
2026-05-09T20:40:35.523837+00:00,BTCUSD.i,479,2026-05-08T04:15:00+00:00,bear,sell,79685.07,79890.22,79479.92000000001,0.4874482086278471,10000.0,1.0,5,1.0,3.0,0.01
2026-05-09T20:40:35.523837+00:00,BTCUSD.i,480,2026-05-08T04:20:00+00:00,bear,sell,79595.34,79890.22,79300.45999999999,0.3391209983722139,10000.0,1.0,5,1.0,3.0,0.01
2026-05-09T20:40:35.523837+00:00,BTCUSD.i,481,2026-05-08T04:25:00+00:00,bear,sell,79595.34,79890.22,79300.45999999999,0.3391209983722139,10000.0,1.0,5,1.0,3.0,0.01
2026-05-09T20:40:35.523837+00:00,BTCUSD.i,482,2026-05-08T04:30:00+00:00,bear,sell,79595.34,79855.46,79335.21999999999,0.3844379517145786,10000.0,1.0,5,1.0,3.0,0.01
2026-05-09T20:40:35.523837+00:00,BTCUSD.i,483,2026-05-08T04:35:00+00:00,bear,sell,79595.34,79801.3,79389.37999999999,0.4855311711011696,10000.0,1.0,5,1.0,3.0,0.01
2026-05-09T20:40:35.523837+00:00,BTCUSD.i,484,2026-05-08T04:40:00+00:00,bear,sell,79595.34,79801.3,79389.37999999999,0.4855311711011696,10000.0,1.0,5,1.0,3.0,0.01
2026-05-09T20:40:35.523837+00:00,BTCUSD.i,485,2026-05-08T04:45:00+00:00,bear,sell,79657.08,79815.48,79498.68000000001,0.6313131313131545,10000.0,1.0,5,1.0,3.0,0.01
2026-05-09T20:40:35.523837+00:00,BTCUSD.i,486,2026-05-08T04:50:00+00:00,bear,sell,79678.92,79829.73,79528.11,0.6630860022545026,10000.0,1.0,5,1.0,3.0,0.01
2026-05-09T20:40:35.523837+00:00,BTCUSD.i,487,2026-05-08T04:55:00+00:00,bear,sell,79678.92,79829.73,79528.11,0.6630860022545026,10000.0,1.0,5,1.0,3.0,0.01
2026-05-09T20:40:35.523837+00:00,BTCUSD.i,488,2026-05-08T05:00:00+00:00,bear,sell,79678.92,79829.73,79528.11,0.6630860022545026,10000.0,1.0,5,1.0,3.0,0.01
2026-05-09T20:40:35.523837+00:00,BTCUSD.i,489,2026-05-08T05:05:00+00:00,bear,sell,79534.92,79829.73,79240.11,0.3392015196228106,10000.0,1.0,5,1.0,3.0,0.01
2026-05-09T20:40:35.523837+00:00,BTCUSD.i,490,2026-05-08T05:10:00+00:00,bear,sell,79506.41,79829.73,79183.09000000001,0.30929110478783356,10000.0,1.0,5,1.0,3.0,0.01
2026-05-09T20:40:35.523837+00:00,BTCUSD.i,491,2026-05-08T05:15:00+00:00,bear,sell,79506.41,79765.16,79247.66,0.3864734299516908,10000.0,1.0,5,1.0,3.0,0.01
2026-05-09T20:40:35.523837+00:00,BTCUSD.i,492,2026-05-08T05:20:00+00:00,bear,sell,79323.98,79752.06,78895.9,0.23360119603812277,10000.0,1.0,5,1.0,3.0,0.01
2026-05-09T20:40:35.523837+00:00,BTCUSD.i,493,2026-05-08T05:25:00+00:00,bear,sell,79323.98,79752.06,78895.9,0.23360119603812277,10000.0,1.0,5,1.0,3.0,0.01
2026-05-09T20:40:35.523837+00:00,BTCUSD.i,494,2026-05-08T05:30:00+00:00,bear,sell,79323.98,79650.43,78997.53,0.3063256241384619,10000.0,1.0,5,1.0,3.0,0.01
2026-05-09T20:40:35.523837+00:00,BTCUSD.i,495,2026-05-08T05:35:00+00:00,bear,sell,79323.98,79659.35,78988.60999999999,0.2981781316158185,10000.0,1.0,5,1.0,3.0,0.01
2026-05-09T20:40:35.523837+00:00,BTCUSD.i,496,2026-05-08T05:40:00+00:00,bear,sell,79323.98,79659.35,78988.60999999999,0.2981781316158185,10000.0,1.0,5,1.0,3.0,0.01
2026-05-09T20:40:35.523837+00:00,BTCUSD.i,497,2026-05-08T05:45:00+00:00,bear,sell,79363.16,79659.35,79066.97,0.33762112157736324,10000.0,1.0,5,1.0,3.0,0.01
2026-05-09T20:40:35.523837+00:00,BTCUSD.i,498,2026-05-08T05:50:00+00:00,bear,sell,79429.72,79659.35,79200.09,0.4354831685755257,10000.0,1.0,5,1.0,3.0,0.01
2026-05-09T20:40:35.523837+00:00,BTCUSD.i,499,2026-05-08T05:55:00+00:00,bear,sell,79429.72,79659.35,79200.09,0.4354831685755257,10000.0,1.0,5,1.0,3.0,0.01
2026-05-09T20:40:35.523837+00:00,BTCUSD.i,500,2026-05-08T06:00:00+00:00,bear,sell,79424.11,79650.67,79197.55,0.441384180790965,10000.0,1.0,5,1.0,3.0,0.01
2026-05-09T20:40:35.523837+00:00,BTCUSD.i,501,2026-05-08T06:05:00+00:00,bear,sell,79249.39,79611.36,78887.42,0.27626598889410636,10000.0,1.0,5,1.0,3.0,0.01
2026-05-09T20:40:35.523837+00:00,BTCUSD.i,502,2026-05-08T06:10:00+00:00,bear,sell,79179.75,79611.36,78748.14,0.23169064664859448,10000.0,1.0,5,1.0,3.0,0.01
2026-05-09T20:40:35.523837+00:00,BTCUSD.i,503,2026-05-08T06:15:00+00:00,bear,sell,79179.75,79611.36,78748.14,0.23169064664859448,10000.0,1.0,5,1.0,3.0,0.01
2026-05-09T20:40:35.523837+00:00,BTCUSD.i,504,2026-05-08T06:20:00+00:00,bear,sell,79179.75,79612.74,78746.76,0.23095221598650958,10000.0,1.0,5,1.0,3.0,0.01
2026-05-09T20:40:35.523837+00:00,BTCUSD.i,505,2026-05-08T06:25:00+00:00,bear,sell,79179.75,79612.74,78746.76,0.23095221598650958,10000.0,1.0,5,1.0,3.0,0.01
2026-05-09T20:40:35.523837+00:00,BTCUSD.i,506,2026-05-08T06:30:00+00:00,bear,sell,79179.75,79612.74,78746.76,0.23095221598650958,10000.0,1.0,5,1.0,3.0,0.01
2026-05-09T20:40:35.523837+00:00,BTCUSD.i,507,2026-05-08T06:35:00+00:00,bear,sell,79339.3,79623.18,79055.42000000001,0.352261518951682,10000.0,1.0,5,1.0,3.0,0.01
2026-05-09T20:40:35.523837+00:00,BTCUSD.i,508,2026-05-08T06:40:00+00:00,bear,sell,79452.41,79632.85,79271.97,0.5542008423852732,10000.0,1.0,5,1.0,3.0,0.01
2026-05-09T20:40:35.523837+00:00,BTCUSD.i,509,2026-05-08T06:45:00+00:00,bear,sell,79521.47,79636.7,79406.24,0.8678295582747855,10000.0,1.0,5,1.0,3.0,0.01
2026-05-09T20:40:35.523837+00:00,BTCUSD.i,510,2026-05-08T06:50:00+00:00,bear,sell,79521.47,79656.98,79385.96,0.7379529186038216,10000.0,1.0,5,1.0,3.0,0.01
2026-05-09T20:40:35.523837+00:00,BTCUSD.i,511,2026-05-08T06:55:00+00:00,bear,sell,79562.24,79656.98,79467.50000000001,1.0555203715432746,10000.0,1.0,5,1.0,3.0,0.01
2026-05-09T20:40:35.523837+00:00,BTCUSD.i,512,2026-05-08T07:00:00+00:00,bear,sell,79545.75,79656.98,79434.52,0.8990380293086727,10000.0,1.0,5,1.0,3.0,0.01
2026-05-09T20:40:35.523837+00:00,BTCUSD.i,513,2026-05-08T07:05:00+00:00,bear,sell,79545.75,79656.98,79434.52,0.8990380293086727,10000.0,1.0,5,1.0,3.0,0.01
2026-05-09T20:40:35.523837+00:00,BTCUSD.i,514,2026-05-08T07:10:00+00:00,bear,sell,79545.75,79656.98,79434.52,0.8990380293086727,10000.0,1.0,5,1.0,3.0,0.01
2026-05-09T20:40:35.523837+00:00,BTCUSD.i,515,2026-05-08T07:15:00+00:00,bear,sell,79545.75,79717.44,79374.06,0.5824451045488883,10000.0,1.0,5,1.0,3.0,0.01
2026-05-09T20:40:35.523837+00:00,BTCUSD.i,516,2026-05-08T07:20:00+00:00,bear,sell,79545.75,79717.44,79374.06,0.5824451045488883,10000.0,1.0,5,1.0,3.0,0.01
2026-05-09T20:40:35.523837+00:00,BTCUSD.i,517,2026-05-08T07:25:00+00:00,bear,sell,79557.69,79738.39,79376.99,0.5534034311012818,10000.0,1.0,5,1.0,3.0,0.01
2026-05-09T20:40:35.523837+00:00,BTCUSD.i,518,2026-05-08T07:30:00+00:00,bear,sell,79603.12,79738.39,79467.84999999999,0.7392622163081022,10000.0,1.0,5,1.0,3.0,0.01
2026-05-09T20:40:35.523837+00:00,BTCUSD.i,519,2026-05-08T07:35:00+00:00,bear,sell,79625.51,79738.39,79512.62999999999,0.8858965272855764,10000.0,1.0,5,1.0,3.0,0.01
2026-05-09T20:40:35.523837+00:00,BTCUSD.i,520,2026-05-08T07:40:00+00:00,bear,sell,79599.85,79738.39,79461.31000000001,0.7218131947452333,10000.0,1.0,5,1.0,3.0,0.01
2026-05-09T20:40:35.523837+00:00,BTCUSD.i,521,2026-05-08T07:45:00+00:00,bear,sell,79531.08,79738.39,79323.77,0.48236939848536553,10000.0,1.0,5,1.0,3.0,0.01
2026-05-09T20:40:35.523837+00:00,BTCUSD.i,522,2026-05-08T07:50:00+00:00,bear,sell,79531.08,79726.44,79335.72,0.5118755118755104,10000.0,1.0,5,1.0,3.0,0.01
2026-05-09T20:40:35.523837+00:00,BTCUSD.i,523,2026-05-08T07:55:00+00:00,bear,sell,79531.08,79726.44,79335.72,0.5118755118755104,10000.0,1.0,5,1.0,3.0,0.01
2026-05-09T20:40:35.523837+00:00,BTCUSD.i,524,2026-05-08T08:00:00+00:00,bear,sell,79531.08,79665.48,79396.68000000001,0.7440476190476513,10000.0,1.0,5,1.0,3.0,0.01
2026-05-09T20:40:35.523837+00:00,BTCUSD.i,525,2026-05-08T08:05:00+00:00,bear,sell,79531.08,79665.48,79396.68000000001,0.7440476190476513,10000.0,1.0,5,1.0,3.0,0.01
2026-05-09T20:40:35.523837+00:00,BTCUSD.i,526,2026-05-08T08:10:00+00:00,bear,sell,79549.92,79665.48,79434.36,0.8653513326410697,10000.0,1.0,5,1.0,3.0,0.01
2026-05-09T20:40:35.523837+00:00,BTCUSD.i,527,2026-05-08T08:15:00+00:00,bear,sell,79582.46,79665.48,79499.44000000002,1.2045290291497546,10000.0,1.0,5,1.0,3.0,0.01
2026-05-09T20:40:35.523837+00:00,BTCUSD.i,528,2026-05-08T08:20:00+00:00,bear,sell,79582.46,79661.56,79503.36000000002,1.2642225031606957,10000.0,1.0,5,1.0,3.0,0.01
2026-05-09T20:40:35.523837+00:00,BTCUSD.i,529,2026-05-08T08:25:00+00:00,bear,sell,79582.46,79661.56,79503.36000000002,1.2642225031606957,10000.0,1.0,5,1.0,3.0,0.01
2026-05-09T20:40:35.523837+00:00,BTCUSD.i,530,2026-05-08T08:30:00+00:00,bear,sell,79582.82,79661.56,79504.08000000002,1.2700025400052302,10000.0,1.0,5,1.0,3.0,0.01
2026-05-09T20:40:35.523837+00:00,BTCUSD.i,531,2026-05-08T08:35:00+00:00,bear,sell,79582.82,79690.41,79475.23000000001,0.9294544102612069,10000.0,1.0,5,1.0,3.0,0.01
2026-05-09T20:40:35.523837+00:00,BTCUSD.i,532,2026-05-08T08:40:00+00:00,bear,sell,79582.82,79703.58,79462.06000000001,0.8280887711162996,10000.0,1.0,5,1.0,3.0,0.01
2026-05-09T20:40:35.523837+00:00,BTCUSD.i,533,2026-05-08T08:45:00+00:00,bear,sell,79582.82,79743.57,79422.07,0.6220839813374806,10000.0,1.0,5,1.0,3.0,0.01
2026-05-09T20:40:35.523837+00:00,BTCUSD.i,534,2026-05-08T08:50:00+00:00,bear,sell,79593.2,79769.48,79416.92,0.567279328341279,10000.0,1.0,5,1.0,3.0,0.01
2026-05-09T20:40:35.523837+00:00,BTCUSD.i,535,2026-05-08T08:55:00+00:00,bear,sell,79609.91,79769.48,79450.34000000001,0.6266842138246834,10000.0,1.0,5,1.0,3.0,0.01
2026-05-09T20:40:35.523837+00:00,BTCUSD.i,536,2026-05-08T09:00:00+00:00,bear,sell,79583.11,79769.48,79396.74,0.5365670440521677,10000.0,1.0,5,1.0,3.0,0.01
2026-05-09T20:40:35.523837+00:00,BTCUSD.i,537,2026-05-08T09:05:00+00:00,bear,sell,79430.24,79769.48,79091.00000000001,0.2947765593680072,10000.0,1.0,5,1.0,3.0,0.01
2026-05-09T20:40:35.523837+00:00,BTCUSD.i,538,2026-05-08T09:10:00+00:00,bear,sell,79430.24,79769.48,79091.00000000001,0.2947765593680072,10000.0,1.0,5,1.0,3.0,0.01
2026-05-09T20:40:35.523837+00:00,BTCUSD.i,539,2026-05-08T09:15:00+00:00,bear,sell,79430.24,79698.98,79161.50000000001,0.3721068690928164,10000.0,1.0,5,1.0,3.0,0.01
2026-05-09T20:40:35.523837+00:00,BTCUSD.i,540,2026-05-08T09:20:00+00:00,bear,sell,79430.24,79666.01,79194.47000000002,0.42414217245622615,10000.0,1.0,5,1.0,3.0,0.01
2026-05-09T20:40:35.523837+00:00,BTCUSD.i,541,2026-05-08T09:25:00+00:00,bear,sell,79430.24,79644.09,79216.39000000001,0.4676174888941037,10000.0,1.0,5,1.0,3.0,0.01
2026-05-09T20:40:35.523837+00:00,BTCUSD.i,542,2026-05-08T09:30:00+00:00,bear,sell,79449.63,79644.09,79255.17000000001,0.5142445747197583,10000.0,1.0,5,1.0,3.0,0.01
2026-05-09T20:40:35.523837+00:00,BTCUSD.i,543,2026-05-08T09:35:00+00:00,bear,sell,79453.49,79644.09,79262.89000000001,0.5246589716684396,10000.0,1.0,5,1.0,3.0,0.01
2026-05-09T20:40:35.523837+00:00,BTCUSD.i,544,2026-05-08T09:40:00+00:00,bear,sell,79393.89,79644.09,79143.69,0.39968025579536837,10000.0,1.0,5,1.0,3.0,0.01
2026-05-09T20:40:35.523837+00:00,BTCUSD.i,545,2026-05-08T09:45:00+00:00,bear,sell,79393.89,79624.57,79163.20999999999,0.4335009537020839,10000.0,1.0,5,1.0,3.0,0.01
2026-05-09T20:40:35.523837+00:00,BTCUSD.i,546,2026-05-08T09:50:00+00:00,bear,sell,79393.89,79582.77,79205.01,0.5294366793731339,10000.0,1.0,5,1.0,3.0,0.01
2026-05-09T20:40:35.523837+00:00,BTCUSD.i,547,2026-05-08T09:55:00+00:00,bear,sell,79393.89,79582.77,79205.01,0.5294366793731339,10000.0,1.0,5,1.0,3.0,0.01
2026-05-09T20:40:35.523837+00:00,BTCUSD.i,548,2026-05-08T10:00:00+00:00,bear,sell,79393.89,79582.77,79205.01,0.5294366793731339,10000.0,1.0,5,1.0,3.0,0.01
2026-05-09T20:40:35.523837+00:00,BTCUSD.i,549,2026-05-08T10:05:00+00:00,bear,sell,79411.7,79582.77,79240.62999999999,0.5845560296954224,10000.0,1.0,5,1.0,3.0,0.01
2026-05-09T20:40:35.523837+00:00,BTCUSD.i,550,2026-05-08T10:10:00+00:00,bear,sell,79282.7,79548.7,79016.7,0.37593984962406013,10000.0,1.0,5,1.0,3.0,0.01
2026-05-09T20:40:35.523837+00:00,BTCUSD.i,551,2026-05-08T10:15:00+00:00,bear,sell,79282.7,79527.69,79037.70999999999,0.4081799257112448,10000.0,1.0,5,1.0,3.0,0.01
2026-05-09T20:40:35.523837+00:00,BTCUSD.i,552,2026-05-08T10:20:00+00:00,bear,sell,79282.7,79516.24,79049.15999999999,0.42819217264706905,10000.0,1.0,5,1.0,3.0,0.01
2026-05-09T20:40:35.523837+00:00,BTCUSD.i,553,2026-05-08T10:25:00+00:00,bear,sell,79257.31,79515.42,78999.2,0.38743171516020214,10000.0,1.0,5,1.0,3.0,0.01
2026-05-09T20:40:35.523837+00:00,BTCUSD.i,554,2026-05-08T10:30:00+00:00,bear,sell,79229.98,79420.21,79039.74999999999,0.5256794406770462,10000.0,1.0,5,1.0,3.0,0.01
2026-05-09T20:40:35.523837+00:00,BTCUSD.i,555,2026-05-08T10:35:00+00:00,bear,sell,79229.98,79495.11,78964.84999999999,0.37717346207520175,10000.0,1.0,5,1.0,3.0,0.01
2026-05-09T20:40:35.523837+00:00,BTCUSD.i,556,2026-05-08T10:40:00+00:00,bear,sell,79229.98,79530.55,78929.40999999999,0.33270120105132805,10000.0,1.0,5,1.0,3.0,0.01
2026-05-09T20:40:35.523837+00:00,BTCUSD.i,557,2026-05-08T10:45:00+00:00,bear,sell,79229.98,79589.25,78870.70999999999,0.2783421938931691,10000.0,1.0,5,1.0,3.0,0.01
2026-05-09T20:40:35.523837+00:00,BTCUSD.i,558,2026-05-08T10:50:00+00:00,bear,sell,79229.98,79699.89,78760.06999999999,0.2128067076674241,10000.0,1.0,5,1.0,3.0,0.01
2026-05-09T20:40:35.523837+00:00,BTCUSD.i,559,2026-05-08T10:55:00+00:00,bear,sell,79333.66,79702.56,78964.76000000001,0.2710761724044499,10000.0,1.0,5,1.0,3.0,0.01
2026-05-09T20:40:35.523837+00:00,BTCUSD.i,560,2026-05-08T11:00:00+00:00,bear,sell,79471.17,79717.52,79224.81999999999,0.4059265272985494,10000.0,1.0,5,1.0,3.0,0.01
2026-05-09T20:40:35.523837+00:00,BTCUSD.i,561,2026-05-08T11:05:00+00:00,bear,sell,79515.59,79717.52,79313.65999999999,0.49522111622837744,10000.0,1.0,5,1.0,3.0,0.01
2026-05-09T20:40:35.523837+00:00,BTCUSD.i,562,2026-05-08T11:10:00+00:00,bear,sell,79545.09,79717.52,79372.65999999999,0.5799454851243728,10000.0,1.0,5,1.0,3.0,0.01
2026-05-09T20:40:35.523837+00:00,BTCUSD.i,563,2026-05-08T11:15:00+00:00,bear,sell,79629.4,79738.4,79520.4,0.9174311926605505,10000.0,1.0,5,1.0,3.0,0.01
2026-05-09T20:40:35.523837+00:00,BTCUSD.i,564,2026-05-08T11:20:00+00:00,bear,sell,79629.4,79750.2,79508.59999999999,0.8278145695364039,10000.0,1.0,5,1.0,3.0,0.01
2026-05-09T20:40:35.523837+00:00,BTCUSD.i,565,2026-05-08T11:25:00+00:00,bear,sell,79648.49,79750.2,79546.78000000001,0.9831874938551569,10000.0,1.0,5,1.0,3.0,0.01
2026-05-09T20:40:35.523837+00:00,BTCUSD.i,566,2026-05-08T11:30:00+00:00,bear,sell,79670.85,79767.54,79574.16000000002,1.0342331161445097,10000.0,1.0,5,1.0,3.0,0.01
2026-05-09T20:40:35.523837+00:00,BTCUSD.i,567,2026-05-08T11:35:00+00:00,bear,sell,79677.26,79767.54,79586.98,1.107665042091286,10000.0,1.0,5,1.0,3.0,0.01
2026-05-09T20:40:35.523837+00:00,BTCUSD.i,568,2026-05-08T11:40:00+00:00,bear,sell,79685.41,79862.44,79508.38,0.564876009715871,10000.0,1.0,5,1.0,3.0,0.01
2026-05-09T20:40:35.523837+00:00,BTCUSD.i,569,2026-05-08T11:45:00+00:00,bear,sell,79685.41,79885.59,79485.23000000001,0.4995504046358452,10000.0,1.0,5,1.0,3.0,0.01
2026-05-09T20:40:35.523837+00:00,BTCUSD.i,570,2026-05-08T11:50:00+00:00,bear,sell,79706.22,79977.22,79435.22,0.36900369003690037,10000.0,1.0,5,1.0,3.0,0.01
2026-05-09T20:40:35.523837+00:00,BTCUSD.i,571,2026-05-08T11:55:00+00:00,bear,sell,79732.16,79977.22,79487.1,0.40806333142904166,10000.0,1.0,5,1.0,3.0,0.01
2026-05-09T20:40:35.523837+00:00,BTCUSD.i,572,2026-05-08T12:00:00+00:00,bear,sell,79733.11,79977.22,79489.0,0.4096513866699429,10000.0,1.0,5,1.0,3.0,0.01
2026-05-09T20:40:35.523837+00:00,BTCUSD.i,573,2026-05-08T12:05:00+00:00,bear,sell,79805.91,79977.22,79634.6,0.5837370848170064,10000.0,1.0,5,1.0,3.0,0.01
2026-05-09T20:40:35.523837+00:00,BTCUSD.i,574,2026-05-08T12:10:00+00:00,bear,sell,79813.81,79977.22,79650.4,0.6119576525304318,10000.0,1.0,5,1.0,3.0,0.01
2026-05-09T20:40:35.523837+00:00,BTCUSD.i,575,2026-05-08T12:15:00+00:00,bear,sell,79813.81,79990.59,79637.03,0.5656748500961685,10000.0,1.0,5,1.0,3.0,0.01
2026-05-09T20:40:35.523837+00:00,BTCUSD.i,576,2026-05-08T12:20:00+00:00,bear,sell,79813.81,79990.59,79637.03,0.5656748500961685,10000.0,1.0,5,1.0,3.0,0.01
2026-05-09T20:40:35.523837+00:00,BTCUSD.i,577,2026-05-08T12:25:00+00:00,bear,sell,79813.81,80013.89,79613.73,0.49980007996800846,10000.0,1.0,5,1.0,3.0,0.01
2026-05-09T20:40:35.523837+00:00,BTCUSD.i,578,2026-05-08T12:30:00+00:00,bear,sell,79837.26,80046.71,79627.80999999998,0.4774409166865335,10000.0,1.0,5,1.0,3.0,0.01
2026-05-09T20:40:35.523837+00:00,BTCUSD.i,579,2026-05-08T12:35:00+00:00,bear,sell,79860.64,80046.71,79674.56999999999,0.5374321491911445,10000.0,1.0,5,1.0,3.0,0.01
2026-05-09T20:40:35.523837+00:00,BTCUSD.i,580,2026-05-08T12:40:00+00:00,bear,sell,79851.28,80046.71,79655.84999999999,0.5116921659929189,10000.0,1.0,5,1.0,3.0,0.01
2026-05-09T20:40:35.523837+00:00,BTCUSD.i,581,2026-05-08T12:45:00+00:00,bear,sell,79830.22,80046.71,79613.73,0.46191510000460795,10000.0,1.0,5,1.0,3.0,0.01
2026-05-09T20:40:35.523837+00:00,BTCUSD.i,582,2026-05-08T12:50:00+00:00,bear,sell,79777.11,80046.71,79507.51,0.37091988130563,10000.0,1.0,5,1.0,3.0,0.01
2026-05-09T20:40:35.523837+00:00,BTCUSD.i,583,2026-05-08T12:55:00+00:00,bear,sell,79777.11,79924.63,79629.59,0.6778741865509574,10000.0,1.0,5,1.0,3.0,0.01
2026-05-09T20:40:35.523837+00:00,BTCUSD.i,620,2026-05-08T16:00:00+00:00,bear,sell,79949.17,80262.62,79635.72,0.31903014834902194,10000.0,1.0,5,1.0,3.0,0.01
2026-05-09T20:40:35.523837+00:00,BTCUSD.i,621,2026-05-08T16:05:00+00:00,bear,sell,79949.17,80241.59,79656.75,0.34197387319608985,10000.0,1.0,5,1.0,3.0,0.01
2026-05-09T20:40:35.523837+00:00,BTCUSD.i,622,2026-05-08T16:10:00+00:00,bear,sell,79866.43,80215.5,79517.35999999999,0.2864754920216518,10000.0,1.0,5,1.0,3.0,0.01
2026-05-09T20:40:35.523837+00:00,BTCUSD.i,623,2026-05-08T16:15:00+00:00,bear,sell,79643.0,80140.43,79145.57,0.2010333112196719,10000.0,1.0,5,1.0,3.0,0.01
2026-05-09T20:40:35.523837+00:00,BTCUSD.i,624,2026-05-08T16:20:00+00:00,bear,sell,79643.0,80140.43,79145.57,0.2010333112196719,10000.0,1.0,5,1.0,3.0,0.01
2026-05-09T20:40:35.523837+00:00,BTCUSD.i,625,2026-05-08T16:25:00+00:00,bear,sell,79643.0,80086.25,79199.75,0.22560631697687536,10000.0,1.0,5,1.0,3.0,0.01
2026-05-09T20:40:35.523837+00:00,BTCUSD.i,626,2026-05-08T16:30:00+00:00,bear,sell,79590.5,80086.25,79094.75,0.20171457387796268,10000.0,1.0,5,1.0,3.0,0.01
2026-05-09T20:40:35.523837+00:00,BTCUSD.i,627,2026-05-08T16:35:00+00:00,bear,sell,79590.5,79920.94,79260.06,0.3026268006294616,10000.0,1.0,5,1.0,3.0,0.01
2026-05-09T20:40:35.523837+00:00,BTCUSD.i,628,2026-05-08T16:40:00+00:00,bear,sell,79590.5,79817.09,79363.91,0.4413257425305686,10000.0,1.0,5,1.0,3.0,0.01
2026-05-09T20:40:35.523837+00:00,BTCUSD.i,629,2026-05-08T16:45:00+00:00,bear,sell,79556.51,79817.09,79295.93,0.3837593061631719,10000.0,1.0,5,1.0,3.0,0.01
2026-05-09T20:40:35.523837+00:00,BTCUSD.i,630,2026-05-08T16:50:00+00:00,bear,sell,79531.84,79817.09,79246.59,0.35056967572305,10000.0,1.0,5,1.0,3.0,0.01
2026-05-09T20:40:35.523837+00:00,BTCUSD.i,631,2026-05-08T16:55:00+00:00,bear,sell,79531.84,79817.09,79246.59,0.35056967572305,10000.0,1.0,5,1.0,3.0,0.01
2026-05-09T20:40:35.523837+00:00,BTCUSD.i,716,2026-05-09T00:00:00+00:00,bull,buy,80267.29,80072.27,80462.30999999998,0.5127679212388748,10000.0,1.0,5,1.0,3.0,0.01
2026-05-09T20:40:35.523837+00:00,BTCUSD.i,717,2026-05-09T00:05:00+00:00,bull,buy,80267.29,80072.27,80462.30999999998,0.5127679212388748,10000.0,1.0,5,1.0,3.0,0.01
2026-05-09T20:40:35.523837+00:00,BTCUSD.i,718,2026-05-09T00:10:00+00:00,bull,buy,80267.29,80072.27,80462.30999999998,0.5127679212388748,10000.0,1.0,5,1.0,3.0,0.01
2026-05-09T20:40:35.523837+00:00,BTCUSD.i,719,2026-05-09T00:15:00+00:00,bull,buy,80254.63,80072.27,80436.99,0.5483658697082676,10000.0,1.0,5,1.0,3.0,0.01
2026-05-09T20:40:35.523837+00:00,BTCUSD.i,720,2026-05-09T00:20:00+00:00,bull,buy,80202.29,80072.27,80332.30999999998,0.7691124442394097,10000.0,1.0,5,1.0,3.0,0.01
2026-05-09T20:40:35.523837+00:00,BTCUSD.i,721,2026-05-09T00:25:00+00:00,bull,buy,80231.35,80098.82,80363.88,0.754546140496498,10000.0,1.0,5,1.0,3.0,0.01
2026-05-09T20:40:35.523837+00:00,BTCUSD.i,722,2026-05-09T00:30:00+00:00,bull,buy,80231.35,80098.82,80363.88,0.754546140496498,10000.0,1.0,5,1.0,3.0,0.01
2026-05-09T20:40:35.523837+00:00,BTCUSD.i,723,2026-05-09T00:35:00+00:00,bull,buy,80231.35,80098.82,80363.88,0.754546140496498,10000.0,1.0,5,1.0,3.0,0.01
2026-05-09T20:40:35.523837+00:00,BTCUSD.i,724,2026-05-09T00:40:00+00:00,bull,buy,80248.63,80131.57,80365.69,0.8542627712284468,10000.0,1.0,5,1.0,3.0,0.01
2026-05-09T20:40:35.523837+00:00,BTCUSD.i,725,2026-05-09T00:45:00+00:00,bull,buy,80248.63,80148.7,80348.56000000001,1.0007004903431644,10000.0,1.0,5,1.0,3.0,0.01
2026-05-09T20:40:35.523837+00:00,BTCUSD.i,726,2026-05-09T00:50:00+00:00,bull,buy,80248.63,80148.7,80348.56000000001,1.0007004903431644,10000.0,1.0,5,1.0,3.0,0.01
2026-05-09T20:40:35.523837+00:00,BTCUSD.i,727,2026-05-09T00:55:00+00:00,bull,buy,80248.63,80152.81,80344.45000000001,1.0436234606553194,10000.0,1.0,5,1.0,3.0,0.01
2026-05-09T20:40:35.523837+00:00,BTCUSD.i,728,2026-05-09T01:00:00+00:00,bull,buy,80254.58,80155.27,80353.89,1.0069479407914848,10000.0,1.0,5,1.0,3.0,0.01
2026-05-09T20:40:35.523837+00:00,BTCUSD.i,729,2026-05-09T01:05:00+00:00,bull,buy,80356.01,80155.27,80556.74999999999,0.4981568197668857,10000.0,1.0,5,1.0,3.0,0.01
2026-05-09T20:40:35.523837+00:00,BTCUSD.i,730,2026-05-09T01:10:00+00:00,bull,buy,80356.01,80156.53,80555.48999999999,0.5013033888109186,10000.0,1.0,5,1.0,3.0,0.01
2026-05-09T20:40:35.523837+00:00,BTCUSD.i,731,2026-05-09T01:15:00+00:00,bull,buy,80390.59,80175.53,80605.65,0.4649865153910587,10000.0,1.0,5,1.0,3.0,0.01
2026-05-09T20:40:35.523837+00:00,BTCUSD.i,732,2026-05-09T01:20:00+00:00,bull,buy,80399.14,80178.68,80619.6,0.45359702440350674,10000.0,1.0,5,1.0,3.0,0.01
2026-05-09T20:40:35.523837+00:00,BTCUSD.i,733,2026-05-09T01:25:00+00:00,bull,buy,80399.14,80220.7,80577.58,0.5604124635731825,10000.0,1.0,5,1.0,3.0,0.01
2026-05-09T20:40:35.523837+00:00,BTCUSD.i,734,2026-05-09T01:30:00+00:00,bull,buy,80399.14,80276.32,80521.95999999999,0.8141996417522078,10000.0,1.0,5,1.0,3.0,0.01
2026-05-09T20:40:35.523837+00:00,BTCUSD.i,735,2026-05-09T01:35:00+00:00,bull,buy,80399.14,80276.32,80521.95999999999,0.8141996417522078,10000.0,1.0,5,1.0,3.0,0.01
2026-05-09T20:40:35.523837+00:00,BTCUSD.i,736,2026-05-09T01:40:00+00:00,bull,buy,80399.14,80275.27,80523.01,0.8072979736821164,10000.0,1.0,5,1.0,3.0,0.01
2026-05-09T20:40:35.523837+00:00,BTCUSD.i,737,2026-05-09T01:45:00+00:00,bull,buy,80359.23,80275.27,80443.18999999999,1.1910433539782004,10000.0,1.0,5,1.0,3.0,0.01
2026-05-09T20:40:35.523837+00:00,BTCUSD.i,738,2026-05-09T01:50:00+00:00,bull,buy,80359.23,80275.27,80443.18999999999,1.1910433539782004,10000.0,1.0,5,1.0,3.0,0.01
2026-05-09T20:40:35.523837+00:00,BTCUSD.i,739,2026-05-09T01:55:00+00:00,bull,buy,80359.23,80261.51,80456.95,1.0233319688906959,10000.0,1.0,5,1.0,3.0,0.01
2026-05-09T20:40:35.523837+00:00,BTCUSD.i,740,2026-05-09T02:00:00+00:00,bull,buy,80342.8,80245.23,80440.37000000001,1.0249051962692717,10000.0,1.0,5,1.0,3.0,0.01
2026-05-09T20:40:35.523837+00:00,BTCUSD.i,741,2026-05-09T02:05:00+00:00,bull,buy,80333.23,80233.05,80433.40999999999,0.9982032341785483,10000.0,1.0,5,1.0,3.0,0.01
2026-05-09T20:40:35.523837+00:00,BTCUSD.i,742,2026-05-09T02:10:00+00:00,bull,buy,80333.23,80208.59,80457.87,0.802310654685498,10000.0,1.0,5,1.0,3.0,0.01
2026-05-09T20:40:35.523837+00:00,BTCUSD.i,743,2026-05-09T02:15:00+00:00,bull,buy,80333.23,80196.44,80470.01999999999,0.7310475911982213,10000.0,1.0,5,1.0,3.0,0.01
2026-05-09T20:40:35.523837+00:00,BTCUSD.i,744,2026-05-09T02:20:00+00:00,bull,buy,80289.26,80140.9,80437.62,0.6740361283364762,10000.0,1.0,5,1.0,3.0,0.01
2026-05-09T20:40:35.523837+00:00,BTCUSD.i,745,2026-05-09T02:25:00+00:00,bull,buy,80289.26,80140.9,80437.62,0.6740361283364762,10000.0,1.0,5,1.0,3.0,0.01
2026-05-09T20:40:35.523837+00:00,BTCUSD.i,746,2026-05-09T02:30:00+00:00,bull,buy,80255.29,80140.9,80369.68,0.8742022904100053,10000.0,1.0,5,1.0,3.0,0.01
2026-05-09T20:40:35.523837+00:00,BTCUSD.i,747,2026-05-09T02:35:00+00:00,bull,buy,80239.75,80130.83,80348.67,0.9181050312155857,10000.0,1.0,5,1.0,3.0,0.01
2026-05-09T20:40:35.523837+00:00,BTCUSD.i,748,2026-05-09T02:40:00+00:00,bull,buy,80236.01,80094.02,80377.99999999999,0.7042749489401124,10000.0,1.0,5,1.0,3.0,0.01
2026-05-09T20:40:35.523837+00:00,BTCUSD.i,749,2026-05-09T02:45:00+00:00,bull,buy,80236.01,80094.02,80377.99999999999,0.7042749489401124,10000.0,1.0,5,1.0,3.0,0.01
2026-05-09T20:40:35.523837+00:00,BTCUSD.i,750,2026-05-09T02:50:00+00:00,bull,buy,80199.72,80094.02,80305.42,0.946073793755939,10000.0,1.0,5,1.0,3.0,0.01
2026-05-09T20:40:35.523837+00:00,BTCUSD.i,751,2026-05-09T02:55:00+00:00,bull,buy,80188.25,80094.02,80282.48,1.0612331529237433,10000.0,1.0,5,1.0,3.0,0.01
2026-05-09T20:40:35.523837+00:00,BTCUSD.i,752,2026-05-09T03:00:00+00:00,bull,buy,80188.6,80094.02,80283.18000000001,1.057305984351852,10000.0,1.0,5,1.0,3.0,0.01
2026-05-09T20:40:35.523837+00:00,BTCUSD.i,753,2026-05-09T03:05:00+00:00,bull,buy,80196.48,80119.98,80272.98,1.3071895424836601,10000.0,1.0,5,1.0,3.0,0.01
2026-05-09T20:40:35.523837+00:00,BTCUSD.i,754,2026-05-09T03:10:00+00:00,bull,buy,80196.48,80115.48,80277.48,1.2345679012345678,10000.0,1.0,5,1.0,3.0,0.01
2026-05-09T20:40:35.523837+00:00,BTCUSD.i,755,2026-05-09T03:15:00+00:00,bull,buy,80196.48,80112.36,80280.59999999999,1.1887779362815685,10000.0,1.0,5,1.0,3.0,0.01
2026-05-09T20:40:35.523837+00:00,BTCUSD.i,756,2026-05-09T03:20:00+00:00,bull,buy,80196.48,80110.71,80282.24999999999,1.1659088259299548,10000.0,1.0,5,1.0,3.0,0.01
2026-05-09T20:40:35.523837+00:00,BTCUSD.i,757,2026-05-09T03:25:00+00:00,bull,buy,80199.33,80110.71,80287.95,1.1284134506883916,10000.0,1.0,5,1.0,3.0,0.01
2026-05-09T20:40:35.523837+00:00,BTCUSD.i,758,2026-05-09T03:30:00+00:00,bull,buy,80199.33,80110.71,80287.95,1.1284134506883916,10000.0,1.0,5,1.0,3.0,0.01
2026-05-09T20:40:35.523837+00:00,BTCUSD.i,759,2026-05-09T03:35:00+00:00,bull,buy,80208.49,80110.71,80306.27,1.0227040294538883,10000.0,1.0,5,1.0,3.0,0.01
2026-05-09T20:40:35.523837+00:00,BTCUSD.i,760,2026-05-09T03:40:00+00:00,bull,buy,80208.74,80110.71,80306.77,1.0200958890135794,10000.0,1.0,5,1.0,3.0,0.01
2026-05-09T20:40:35.523837+00:00,BTCUSD.i,761,2026-05-09T03:45:00+00:00,bull,buy,80208.74,80112.02,80305.46,1.0339123242348924,10000.0,1.0,5,1.0,3.0,0.01
2026-05-09T20:40:35.523837+00:00,BTCUSD.i,762,2026-05-09T03:50:00+00:00,bull,buy,80223.82,80138.09,80309.55000000002,1.1664528169834105,10000.0,1.0,5,1.0,3.0,0.01
2026-05-09T20:40:35.523837+00:00,BTCUSD.i,763,2026-05-09T03:55:00+00:00,bull,buy,80227.84,80138.98,80316.7,1.1253657438667493,10000.0,1.0,5,1.0,3.0,0.01
2026-05-09T20:40:35.523837+00:00,BTCUSD.i,764,2026-05-09T04:00:00+00:00,bull,buy,80231.43,80165.75,80297.10999999999,1.5225334957370682,10000.0,1.0,5,1.0,3.0,0.01
2026-05-09T20:40:35.523837+00:00,BTCUSD.i,765,2026-05-09T04:05:00+00:00,bull,buy,80239.73,80165.75,80313.70999999999,1.351716680183908,10000.0,1.0,5,1.0,3.0,0.01
2026-05-09T20:40:35.523837+00:00,BTCUSD.i,766,2026-05-09T04:10:00+00:00,bull,buy,80254.17,80173.67,80334.67,1.2422360248447204,10000.0,1.0,5,1.0,3.0,0.01
2026-05-09T20:40:35.523837+00:00,BTCUSD.i,767,2026-05-09T04:15:00+00:00,bull,buy,80310.62,80173.67,80447.56999999999,0.7301935012778541,10000.0,1.0,5,1.0,3.0,0.01
2026-05-09T20:40:35.523837+00:00,BTCUSD.i,768,2026-05-09T04:20:00+00:00,bull,buy,80340.7,80200.21,80481.18999999999,0.7117944337675751,10000.0,1.0,5,1.0,3.0,0.01
2026-05-09T20:40:35.523837+00:00,BTCUSD.i,769,2026-05-09T04:25:00+00:00,bull,buy,80340.7,80200.21,80481.18999999999,0.7117944337675751,10000.0,1.0,5,1.0,3.0,0.01
2026-05-09T20:40:35.523837+00:00,BTCUSD.i,770,2026-05-09T04:30:00+00:00,bull,buy,80340.7,80218.33,80463.06999999999,0.8171937566397304,10000.0,1.0,5,1.0,3.0,0.01
2026-05-09T20:40:35.523837+00:00,BTCUSD.i,771,2026-05-09T04:35:00+00:00,bull,buy,80375.49,80233.3,80517.68000000001,0.7032843378577844,10000.0,1.0,5,1.0,3.0,0.01
2026-05-09T20:40:35.523837+00:00,BTCUSD.i,772,2026-05-09T04:40:00+00:00,bull,buy,80390.51,80233.3,80547.71999999999,0.6360918516634132,10000.0,1.0,5,1.0,3.0,0.01
2026-05-09T20:40:35.523837+00:00,BTCUSD.i,773,2026-05-09T04:45:00+00:00,bull,buy,80390.51,80233.3,80547.71999999999,0.6360918516634132,10000.0,1.0,5,1.0,3.0,0.01
2026-05-09T20:40:35.523837+00:00,BTCUSD.i,774,2026-05-09T04:50:00+00:00,bull,buy,80390.51,80234.66,80546.35999999999,0.6416426050690125,10000.0,1.0,5,1.0,3.0,0.01
2026-05-09T20:40:35.523837+00:00,BTCUSD.i,775,2026-05-09T04:55:00+00:00,bull,buy,80436.81,80257.45,80616.17,0.5575379125780535,10000.0,1.0,5,1.0,3.0,0.01
2026-05-09T20:40:35.523837+00:00,BTCUSD.i,776,2026-05-09T05:00:00+00:00,bull,buy,80436.81,80310.26,80563.36,0.7902015013828344,10000.0,1.0,5,1.0,3.0,0.01
2026-05-09T20:40:35.523837+00:00,BTCUSD.i,777,2026-05-09T05:05:00+00:00,bull,buy,80436.81,80310.26,80563.36,0.7902015013828344,10000.0,1.0,5,1.0,3.0,0.01
2026-05-09T20:40:35.523837+00:00,BTCUSD.i,778,2026-05-09T05:10:00+00:00,bull,buy,80445.68,80310.26,80581.09999999999,0.7384433613941905,10000.0,1.0,5,1.0,3.0,0.01
2026-05-09T20:40:35.523837+00:00,BTCUSD.i,779,2026-05-09T05:15:00+00:00,bull,buy,80456.33,80310.26,80602.40000000001,0.6846032724036093,10000.0,1.0,5,1.0,3.0,0.01
2026-05-09T20:40:35.523837+00:00,BTCUSD.i,780,2026-05-09T05:20:00+00:00,bull,buy,80456.33,80310.26,80602.40000000001,0.6846032724036093,10000.0,1.0,5,1.0,3.0,0.01
2026-05-09T20:40:35.523837+00:00,BTCUSD.i,781,2026-05-09T05:25:00+00:00,bull,buy,80456.33,80310.39,80602.27,0.6852131012744854,10000.0,1.0,5,1.0,3.0,0.01
2026-05-09T20:40:35.523837+00:00,BTCUSD.i,782,2026-05-09T05:30:00+00:00,bull,buy,80456.33,80372.17,80540.49,1.1882129277566047,10000.0,1.0,5,1.0,3.0,0.01
2026-05-09T20:40:35.523837+00:00,BTCUSD.i,783,2026-05-09T05:35:00+00:00,bull,buy,80467.69,80372.17,80563.21,1.0469011725292685,10000.0,1.0,5,1.0,3.0,0.01
2026-05-09T20:40:35.523837+00:00,BTCUSD.i,784,2026-05-09T05:40:00+00:00,bull,buy,80467.69,80372.17,80563.21,1.0469011725292685,10000.0,1.0,5,1.0,3.0,0.01
2026-05-09T20:40:35.523837+00:00,BTCUSD.i,785,2026-05-09T05:45:00+00:00,bull,buy,80467.69,80367.03,80568.35,0.9934432743889979,10000.0,1.0,5,1.0,3.0,0.01
2026-05-09T20:40:35.523837+00:00,BTCUSD.i,786,2026-05-09T05:50:00+00:00,bull,buy,80467.69,80354.92,80580.46,0.8867606632969441,10000.0,1.0,5,1.0,3.0,0.01
2026-05-09T20:40:35.523837+00:00,BTCUSD.i,787,2026-05-09T05:55:00+00:00,bull,buy,80467.69,80354.92,80580.46,0.8867606632969441,10000.0,1.0,5,1.0,3.0,0.01
2026-05-09T20:40:35.523837+00:00,BTCUSD.i,788,2026-05-09T06:00:00+00:00,bull,buy,80428.52,80354.92,80502.12000000001,1.3586956521738056,10000.0,1.0,5,1.0,3.0,0.01
2026-05-09T20:40:35.523837+00:00,BTCUSD.i,789,2026-05-09T06:05:00+00:00,bull,buy,80428.52,80354.81,80502.23000000001,1.3566680233345723,10000.0,1.0,5,1.0,3.0,0.01
2026-05-09T20:40:35.523837+00:00,BTCUSD.i,790,2026-05-09T06:10:00+00:00,bull,buy,80448.62,80354.81,80542.43,1.0659844366272517,10000.0,1.0,5,1.0,3.0,0.01
2026-05-09T20:40:35.523837+00:00,BTCUSD.i,791,2026-05-09T06:15:00+00:00,bull,buy,80467.76,80354.81,80580.70999999999,0.8853474988933384,10000.0,1.0,5,1.0,3.0,0.01
2026-05-09T20:40:35.523837+00:00,BTCUSD.i,792,2026-05-09T06:20:00+00:00,bull,buy,80483.38,80354.81,80611.95000000001,0.7777864198490672,10000.0,1.0,5,1.0,3.0,0.01
2026-05-09T20:40:35.523837+00:00,BTCUSD.i,793,2026-05-09T06:25:00+00:00,bull,buy,80538.35,80354.81,80721.89000000001,0.544840361773976,10000.0,1.0,5,1.0,3.0,0.01
2026-05-09T20:40:35.523837+00:00,BTCUSD.i,794,2026-05-09T06:30:00+00:00,bull,buy,80538.35,80382.63,80694.07,0.6421782686873828,10000.0,1.0,5,1.0,3.0,0.01
2026-05-09T20:40:35.523837+00:00,BTCUSD.i,795,2026-05-09T06:35:00+00:00,bull,buy,80538.35,80354.62,80722.08000000002,0.5442769281009867,10000.0,1.0,5,1.0,3.0,0.01
2026-05-09T20:40:35.523837+00:00,BTCUSD.i,796,2026-05-09T06:40:00+00:00,bull,buy,80538.35,80319.62,80757.08000000002,0.4571846568828931,10000.0,1.0,5,1.0,3.0,0.01
2026-05-09T20:40:35.523837+00:00,BTCUSD.i,797,2026-05-09T06:45:00+00:00,bull,buy,80538.35,80290.35,80786.35,0.4032258064516129,10000.0,1.0,5,1.0,3.0,0.01
2026-05-09T20:40:35.523837+00:00,BTCUSD.i,798,2026-05-09T06:50:00+00:00,bull,buy,80471.07,80290.35,80651.79000000001,0.5533421868083187,10000.0,1.0,5,1.0,3.0,0.01
2026-05-09T20:40:35.523837+00:00,BTCUSD.i,799,2026-05-09T06:55:00+00:00,bull,buy,80423.62,80290.35,80556.88999999998,0.7503564192992261,10000.0,1.0,5,1.0,3.0,0.01
2026-05-09T20:40:35.523837+00:00,BTCUSD.i,800,2026-05-09T07:00:00+00:00,bull,buy,80386.58,80290.35,80482.81,1.0391769718383481,10000.0,1.0,5,1.0,3.0,0.01
2026-05-09T20:40:35.523837+00:00,BTCUSD.i,801,2026-05-09T07:05:00+00:00,bull,buy,80453.08,80290.35,80615.81,0.6145148405334143,10000.0,1.0,5,1.0,3.0,0.01
2026-05-09T20:40:35.523837+00:00,BTCUSD.i,802,2026-05-09T07:10:00+00:00,bull,buy,80655.45,80314.86,80996.04,0.29360815056226264,10000.0,1.0,5,1.0,3.0,0.01
2026-05-09T20:40:35.523837+00:00,BTCUSD.i,803,2026-05-09T07:15:00+00:00,bull,buy,80655.45,80314.86,80996.04,0.29360815056226264,10000.0,1.0,5,1.0,3.0,0.01
2026-05-09T20:40:35.523837+00:00,BTCUSD.i,804,2026-05-09T07:20:00+00:00,bull,buy,80655.45,80362.72,80948.18,0.34161172411437635,10000.0,1.0,5,1.0,3.0,0.01
2026-05-09T20:40:35.523837+00:00,BTCUSD.i,805,2026-05-09T07:25:00+00:00,bull,buy,80655.45,80366.44,80944.45999999999,0.3460087886232373,10000.0,1.0,5,1.0,3.0,0.01
2026-05-09T20:40:35.523837+00:00,BTCUSD.i,806,2026-05-09T07:30:00+00:00,bull,buy,80655.45,80424.44,80886.45999999999,0.43288169343319455,10000.0,1.0,5,1.0,3.0,0.01
2026-05-09T20:40:35.523837+00:00,BTCUSD.i,807,2026-05-09T07:35:00+00:00,bull,buy,80601.0,80424.44,80777.56,0.5663797009515253,10000.0,1.0,5,1.0,3.0,0.01
2026-05-09T20:40:35.523837+00:00,BTCUSD.i,808,2026-05-09T07:40:00+00:00,bull,buy,80563.56,80409.66,80717.45999999999,0.6497725795971656,10000.0,1.0,5,1.0,3.0,0.01
2026-05-09T20:40:35.523837+00:00,BTCUSD.i,809,2026-05-09T07:45:00+00:00,bull,buy,80522.94,80382.35,80663.53,0.7112881428266767,10000.0,1.0,5,1.0,3.0,0.01
2026-05-09T20:40:35.523837+00:00,BTCUSD.i,810,2026-05-09T07:50:00+00:00,bull,buy,80506.6,80380.04,80633.16000000002,0.7901390644752714,10000.0,1.0,5,1.0,3.0,0.01
2026-05-09T20:40:35.523837+00:00,BTCUSD.i,811,2026-05-09T07:55:00+00:00,bull,buy,80467.38,80360.58,80574.18000000001,0.9363295880149558,10000.0,1.0,5,1.0,3.0,0.01
2026-05-09T20:40:35.523837+00:00,BTCUSD.i,812,2026-05-09T08:00:00+00:00,bull,buy,80461.64,80354.54,80568.74,0.9337068160597065,10000.0,1.0,5,1.0,3.0,0.01
2026-05-09T20:40:35.523837+00:00,BTCUSD.i,813,2026-05-09T08:05:00+00:00,bull,buy,80461.64,80325.55,80597.73,0.7348078477478328,10000.0,1.0,5,1.0,3.0,0.01
2026-05-09T20:40:35.523837+00:00,BTCUSD.i,814,2026-05-09T08:10:00+00:00,bull,buy,80461.64,80325.55,80597.73,0.7348078477478328,10000.0,1.0,5,1.0,3.0,0.01
2026-05-09T20:40:35.523837+00:00,BTCUSD.i,815,2026-05-09T08:15:00+00:00,bull,buy,80461.64,80325.55,80597.73,0.7348078477478328,10000.0,1.0,5,1.0,3.0,0.01
2026-05-09T20:40:35.523837+00:00,BTCUSD.i,816,2026-05-09T08:20:00+00:00,bull,buy,80415.86,80325.55,80506.17,1.1072970878086876,10000.0,1.0,5,1.0,3.0,0.01
2026-05-09T20:40:35.523837+00:00,BTCUSD.i,817,2026-05-09T08:25:00+00:00,bull,buy,80437.57,80325.55,80549.59000000001,0.8926977325477269,10000.0,1.0,5,1.0,3.0,0.01
2026-05-09T20:40:35.523837+00:00,BTCUSD.i,818,2026-05-09T08:30:00+00:00,bull,buy,80452.85,80328.73,80576.97000000002,0.8056719303898809,10000.0,1.0,5,1.0,3.0,0.01
2026-05-09T20:40:35.523837+00:00,BTCUSD.i,819,2026-05-09T08:35:00+00:00,bull,buy,80456.89,80346.78,80567.0,0.9081827263645398,10000.0,1.0,5,1.0,3.0,0.01
2026-05-09T20:40:35.523837+00:00,BTCUSD.i,820,2026-05-09T08:40:00+00:00,bull,buy,80468.37,80346.78,80589.95999999999,0.822436055596701,10000.0,1.0,5,1.0,3.0,0.01
2026-05-09T20:40:35.523837+00:00,BTCUSD.i,821,2026-05-09T08:45:00+00:00,bull,buy,80470.99,80381.77,80560.21,1.120824927146365,10000.0,1.0,5,1.0,3.0,0.01
2026-05-09T20:40:35.523837+00:00,BTCUSD.i,822,2026-05-09T08:50:00+00:00,bull,buy,80470.99,80381.77,80560.21,1.120824927146365,10000.0,1.0,5,1.0,3.0,0.01
2026-05-09T20:40:35.523837+00:00,BTCUSD.i,823,2026-05-09T08:55:00+00:00,bull,buy,80470.99,80360.16,80581.82,0.902282775421803,10000.0,1.0,5,1.0,3.0,0.01
2026-05-09T20:40:35.523837+00:00,BTCUSD.i,824,2026-05-09T09:00:00+00:00,bull,buy,80470.99,80360.16,80581.82,0.902282775421803,10000.0,1.0,5,1.0,3.0,0.01
2026-05-09T20:40:35.523837+00:00,BTCUSD.i,825,2026-05-09T09:05:00+00:00,bull,buy,80470.99,80360.16,80581.82,0.902282775421803,10000.0,1.0,5,1.0,3.0,0.01
2026-05-09T20:40:35.523837+00:00,BTCUSD.i,826,2026-05-09T09:10:00+00:00,bull,buy,80469.32,80360.16,80578.48000000001,0.9160864785635471,10000.0,1.0,5,1.0,3.0,0.01
2026-05-09T20:40:35.523837+00:00,BTCUSD.i,827,2026-05-09T09:15:00+00:00,bull,buy,80418.63,80360.16,80477.1,1.7102787754403628,10000.0,1.0,5,1.0,3.0,0.01
2026-05-09T20:40:35.523837+00:00,BTCUSD.i,828,2026-05-09T09:20:00+00:00,bull,buy,80418.63,80288.45,80548.81000000001,0.7681671531724857,10000.0,1.0,5,1.0,3.0,0.01
2026-05-09T20:40:35.523837+00:00,BTCUSD.i,829,2026-05-09T09:25:00+00:00,bull,buy,80418.63,80285.18,80552.08000000002,0.7493443237166825,10000.0,1.0,5,1.0,3.0,0.01
2026-05-09T20:40:35.523837+00:00,BTCUSD.i,830,2026-05-09T09:30:00+00:00,bull,buy,80418.63,80285.18,80552.08000000002,0.7493443237166825,10000.0,1.0,5,1.0,3.0,0.01
2026-05-09T20:40:35.523837+00:00,BTCUSD.i,831,2026-05-09T09:35:00+00:00,bull,buy,80418.63,80265.37,80571.89000000001,0.652485971551572,10000.0,1.0,5,1.0,3.0,0.01
2026-05-09T20:40:35.523837+00:00,BTCUSD.i,832,2026-05-09T09:40:00+00:00,bull,buy,80401.84,80190.88,80612.79999999999,0.474023511566192,10000.0,1.0,5,1.0,3.0,0.01
2026-05-09T20:40:35.523837+00:00,BTCUSD.i,833,2026-05-09T09:45:00+00:00,bull,buy,80354.62,80190.88,80518.35999999999,0.610724319042419,10000.0,1.0,5,1.0,3.0,0.01
2026-05-09T20:40:35.523837+00:00,BTCUSD.i,834,2026-05-09T09:50:00+00:00,bull,buy,80354.62,80174.91,80534.32999999999,0.5564520616549137,10000.0,1.0,5,1.0,3.0,0.01
2026-05-09T20:40:35.523837+00:00,BTCUSD.i,835,2026-05-09T09:55:00+00:00,bull,buy,80354.62,80174.91,80534.32999999999,0.5564520616549137,10000.0,1.0,5,1.0,3.0,0.01
2026-05-09T20:40:35.523837+00:00,BTCUSD.i,836,2026-05-09T10:00:00+00:00,bull,buy,80354.62,80174.91,80534.32999999999,0.5564520616549137,10000.0,1.0,5,1.0,3.0,0.01
2026-05-09T20:40:35.523837+00:00,BTCUSD.i,837,2026-05-09T10:05:00+00:00,bull,buy,80269.33,80174.91,80363.75,1.0590976488032393,10000.0,1.0,5,1.0,3.0,0.01
2026-05-09T20:40:35.523837+00:00,BTCUSD.i,838,2026-05-09T10:10:00+00:00,bull,buy,80269.33,80135.27,80403.39,0.7459346561241365,10000.0,1.0,5,1.0,3.0,0.01
2026-05-09T20:40:35.523837+00:00,BTCUSD.i,839,2026-05-09T10:15:00+00:00,bull,buy,80254.62,80117.58,80391.65999999999,0.7297139521307988,10000.0,1.0,5,1.0,3.0,0.01
2026-05-09T20:40:35.523837+00:00,BTCUSD.i,840,2026-05-09T10:20:00+00:00,bull,buy,80254.62,80117.58,80391.65999999999,0.7297139521307988,10000.0,1.0,5,1.0,3.0,0.01
2026-05-09T20:40:35.523837+00:00,BTCUSD.i,841,2026-05-09T10:25:00+00:00,bull,buy,80254.62,80117.58,80391.65999999999,0.7297139521307988,10000.0,1.0,5,1.0,3.0,0.01
2026-05-09T20:40:35.523837+00:00,BTCUSD.i,842,2026-05-09T10:30:00+00:00,bull,buy,80297.82,80117.58,80478.06000000001,0.5548158011540008,10000.0,1.0,5,1.0,3.0,0.01
2026-05-09T20:40:35.523837+00:00,BTCUSD.i,843,2026-05-09T10:35:00+00:00,bull,buy,80297.82,80117.58,80478.06000000001,0.5548158011540008,10000.0,1.0,5,1.0,3.0,0.01
2026-05-09T20:40:35.523837+00:00,BTCUSD.i,844,2026-05-09T10:40:00+00:00,bull,buy,80297.82,80172.35,80423.29000000001,0.7970032677133903,10000.0,1.0,5,1.0,3.0,0.01
2026-05-09T20:40:35.523837+00:00,BTCUSD.i,845,2026-05-09T10:45:00+00:00,bull,buy,80297.82,80183.63,80412.01000000001,0.875733426744881,10000.0,1.0,5,1.0,3.0,0.01
2026-05-09T20:40:35.523837+00:00,BTCUSD.i,846,2026-05-09T10:50:00+00:00,bull,buy,80297.82,80158.48,80437.16000000002,0.7176690110520458,10000.0,1.0,5,1.0,3.0,0.01
2026-05-09T20:40:35.523837+00:00,BTCUSD.i,847,2026-05-09T10:55:00+00:00,bull,buy,80262.52,80158.48,80366.56000000001,0.96116878123791,10000.0,1.0,5,1.0,3.0,0.01
2026-05-09T20:40:35.523837+00:00,BTCUSD.i,848,2026-05-09T11:00:00+00:00,bull,buy,80256.51,80158.48,80354.54,1.0200958890135794,10000.0,1.0,5,1.0,3.0,0.01
2026-05-09T20:40:35.523837+00:00,BTCUSD.i,849,2026-05-09T11:05:00+00:00,bull,buy,80367.78,80158.48,80577.08,0.477783086478732,10000.0,1.0,5,1.0,3.0,0.01
2026-05-09T20:40:35.523837+00:00,BTCUSD.i,850,2026-05-09T11:10:00+00:00,bull,buy,80367.78,80158.48,80577.08,0.477783086478732,10000.0,1.0,5,1.0,3.0,0.01
2026-05-09T20:40:35.523837+00:00,BTCUSD.i,851,2026-05-09T11:15:00+00:00,bull,buy,80390.3,80192.16,80588.44,0.5046936509538725,10000.0,1.0,5,1.0,3.0,0.01
2026-05-09T20:40:35.523837+00:00,BTCUSD.i,852,2026-05-09T11:20:00+00:00,bull,buy,80407.16,80202.58,80611.74,0.4888063349300965,10000.0,1.0,5,1.0,3.0,0.01
2026-05-09T20:40:35.523837+00:00,BTCUSD.i,853,2026-05-09T11:25:00+00:00,bull,buy,80407.16,80202.58,80611.74,0.4888063349300965,10000.0,1.0,5,1.0,3.0,0.01
2026-05-09T20:40:35.523837+00:00,BTCUSD.i,854,2026-05-09T11:30:00+00:00,bull,buy,80407.16,80319.41,80494.91,1.1396011396011396,10000.0,1.0,5,1.0,3.0,0.01
2026-05-09T20:40:35.523837+00:00,BTCUSD.i,855,2026-05-09T11:35:00+00:00,bull,buy,80423.83,80329.57,80518.09,1.0608953957140415,10000.0,1.0,5,1.0,3.0,0.01
2026-05-09T20:40:35.523837+00:00,BTCUSD.i,856,2026-05-09T11:40:00+00:00,bull,buy,80442.89,80360.67,80525.11,1.2162490878131669,10000.0,1.0,5,1.0,3.0,0.01
2026-05-09T20:40:35.523837+00:00,BTCUSD.i,857,2026-05-09T11:45:00+00:00,bull,buy,80442.89,80360.67,80525.11,1.2162490878131669,10000.0,1.0,5,1.0,3.0,0.01
2026-05-09T20:40:35.523837+00:00,BTCUSD.i,858,2026-05-09T11:50:00+00:00,bull,buy,80442.89,80360.67,80525.11,1.2162490878131669,10000.0,1.0,5,1.0,3.0,0.01
2026-05-09T20:40:35.523837+00:00,BTCUSD.i,859,2026-05-09T11:55:00+00:00,bull,buy,80442.89,80379.94,80505.84,1.588562351072353,10000.0,1.0,5,1.0,3.0,0.01
2026-05-09T20:40:35.523837+00:00,BTCUSD.i,860,2026-05-09T12:00:00+00:00,bull,buy,80442.89,80379.94,80505.84,1.588562351072353,10000.0,1.0,5,1.0,3.0,0.01
2026-05-09T20:40:35.523837+00:00,BTCUSD.i,861,2026-05-09T12:05:00+00:00,bull,buy,80422.76,80379.94,80465.57999999999,2.335357309668792,10000.0,1.0,5,1.0,3.0,0.01
2026-05-09T20:40:35.523837+00:00,BTCUSD.i,862,2026-05-09T12:10:00+00:00,bull,buy,80422.69,80381.2,80464.18000000001,2.410219329958722,10000.0,1.0,5,1.0,3.0,0.01
2026-05-09T20:40:35.523837+00:00,BTCUSD.i,863,2026-05-09T12:15:00+00:00,bull,buy,80420.31,80316.85,80523.76999999999,0.9665571235260765,10000.0,1.0,5,1.0,3.0,0.01
2026-05-09T20:40:35.523837+00:00,BTCUSD.i,864,2026-05-09T12:20:00+00:00,bull,buy,80420.25,80213.05,80627.45,0.4826254826254894,10000.0,1.0,5,1.0,3.0,0.01
2026-05-09T20:40:35.523837+00:00,BTCUSD.i,865,2026-05-09T12:25:00+00:00,bull,buy,80406.4,80213.05,80599.74999999999,0.5171967933799044,10000.0,1.0,5,1.0,3.0,0.01
2026-05-09T20:40:35.523837+00:00,BTCUSD.i,866,2026-05-09T12:30:00+00:00,bull,buy,80404.54,80213.05,80596.02999999998,0.5222204814873094,10000.0,1.0,5,1.0,3.0,0.01
2026-05-09T20:40:35.523837+00:00,BTCUSD.i,867,2026-05-09T12:35:00+00:00,bull,buy,80391.01,80213.05,80568.96999999999,0.5619240278714576,10000.0,1.0,5,1.0,3.0,0.01
2026-05-09T20:40:35.523837+00:00,BTCUSD.i,868,2026-05-09T12:40:00+00:00,bull,buy,80332.36,80213.05,80451.67,0.8381527114240378,10000.0,1.0,5,1.0,3.0,0.01
2026-05-09T20:40:35.523837+00:00,BTCUSD.i,869,2026-05-09T12:45:00+00:00,bull,buy,80299.09,80214.31,80383.87,1.1795234725171193,10000.0,1.0,5,1.0,3.0,0.01
2026-05-09T20:40:35.523837+00:00,BTCUSD.i,870,2026-05-09T12:50:00+00:00,bull,buy,80298.96,80209.4,80388.52000000002,1.116569897275417,10000.0,1.0,5,1.0,3.0,0.01
2026-05-09T20:40:35.523837+00:00,BTCUSD.i,871,2026-05-09T12:55:00+00:00,bull,buy,80269.36,80199.36,80339.36,1.4285714285714286,10000.0,1.0,5,1.0,3.0,0.01
2026-05-09T20:40:35.523837+00:00,BTCUSD.i,872,2026-05-09T13:00:00+00:00,bull,buy,80269.36,80196.48,80342.24,1.3721185510427225,10000.0,1.0,5,1.0,3.0,0.01
2026-05-09T20:40:35.523837+00:00,BTCUSD.i,873,2026-05-09T13:05:00+00:00,bull,buy,80250.62,80172.87,80328.37,1.2861736334405145,10000.0,1.0,5,1.0,3.0,0.01
2026-05-09T20:40:35.523837+00:00,BTCUSD.i,874,2026-05-09T13:10:00+00:00,bull,buy,80244.13,80149.05,80339.21,1.0517458981909777,10000.0,1.0,5,1.0,3.0,0.01
2026-05-09T20:40:35.523837+00:00,BTCUSD.i,875,2026-05-09T13:15:00+00:00,bull,buy,80244.13,80149.05,80339.21,1.0517458981909777,10000.0,1.0,5,1.0,3.0,0.01
2026-05-09T20:40:35.523837+00:00,BTCUSD.i,876,2026-05-09T13:20:00+00:00,bull,buy,80244.13,80149.05,80339.21,1.0517458981909777,10000.0,1.0,5,1.0,3.0,0.01
2026-05-09T20:40:35.523837+00:00,BTCUSD.i,877,2026-05-09T13:25:00+00:00,bull,buy,80244.13,80149.05,80339.21,1.0517458981909777,10000.0,1.0,5,1.0,3.0,0.01
2026-05-09T20:40:35.523837+00:00,BTCUSD.i,878,2026-05-09T13:30:00+00:00,bull,buy,80244.13,80149.05,80339.21,1.0517458981909777,10000.0,1.0,5,1.0,3.0,0.01
2026-05-09T20:40:35.523837+00:00,BTCUSD.i,879,2026-05-09T13:35:00+00:00,bull,buy,80247.5,80161.53,80333.47,1.1631964638827341,10000.0,1.0,5,1.0,3.0,0.01
2026-05-09T20:40:35.523837+00:00,BTCUSD.i,880,2026-05-09T13:40:00+00:00,bull,buy,80313.96,80176.85,80451.07,0.7293414047115424,10000.0,1.0,5,1.0,3.0,0.01
2026-05-09T20:40:35.523837+00:00,BTCUSD.i,881,2026-05-09T13:45:00+00:00,bull,buy,80337.21,80176.85,80497.57,0.6235969069593392,10000.0,1.0,5,1.0,3.0,0.01
2026-05-09T20:40:35.523837+00:00,BTCUSD.i,882,2026-05-09T13:50:00+00:00,bull,buy,80337.21,80187.79,80486.63000000002,0.6692544505420388,10000.0,1.0,5,1.0,3.0,0.01
2026-05-09T20:40:35.523837+00:00,BTCUSD.i,883,2026-05-09T13:55:00+00:00,bull,buy,80337.21,80187.79,80486.63000000002,0.6692544505420388,10000.0,1.0,5,1.0,3.0,0.01
2026-05-09T20:40:35.523837+00:00,BTCUSD.i,884,2026-05-09T14:00:00+00:00,bull,buy,80337.21,80239.88,80434.54000000001,1.0274324463166362,10000.0,1.0,5,1.0,3.0,0.01
2026-05-09T20:40:35.523837+00:00,BTCUSD.i,885,2026-05-09T14:05:00+00:00,bull,buy,80337.21,80239.28,80435.14000000001,1.0211375472275326,10000.0,1.0,5,1.0,3.0,0.01
2026-05-09T20:40:35.523837+00:00,BTCUSD.i,886,2026-05-09T14:10:00+00:00,bull,buy,80319.98,80239.28,80400.68,1.239157372986414,10000.0,1.0,5,1.0,3.0,0.01
2026-05-09T20:40:35.523837+00:00,BTCUSD.i,887,2026-05-09T14:15:00+00:00,bull,buy,80322.86,80239.28,80406.44,1.1964584828906186,10000.0,1.0,5,1.0,3.0,0.01
2026-05-09T20:40:35.523837+00:00,BTCUSD.i,888,2026-05-09T14:20:00+00:00,bull,buy,80337.4,80239.28,80435.51999999999,1.0191602119853724,10000.0,1.0,5,1.0,3.0,0.01
2026-05-09T20:40:35.523837+00:00,BTCUSD.i,889,2026-05-09T14:25:00+00:00,bull,buy,80356.68,80239.28,80474.07999999999,0.8517887563884579,10000.0,1.0,5,1.0,3.0,0.01
2026-05-09T20:40:35.523837+00:00,BTCUSD.i,890,2026-05-09T14:30:00+00:00,bull,buy,80356.68,80252.79,80460.56999999999,0.9625565501973294,10000.0,1.0,5,1.0,3.0,0.01
2026-05-09T20:40:35.523837+00:00,BTCUSD.i,891,2026-05-09T14:35:00+00:00,bull,buy,80356.68,80261.2,80452.15999999999,1.0473397570172212,10000.0,1.0,5,1.0,3.0,0.01
2026-05-09T20:40:35.523837+00:00,BTCUSD.i,892,2026-05-09T14:40:00+00:00,bull,buy,80356.68,80302.16,80411.19999999998,1.8341892883349087,10000.0,1.0,5,1.0,3.0,0.01
2026-05-09T20:40:35.523837+00:00,BTCUSD.i,893,2026-05-09T14:45:00+00:00,bull,buy,80356.68,80319.48,80393.87999999999,2.688172043010963,10000.0,1.0,5,1.0,3.0,0.01
2026-05-09T20:40:35.523837+00:00,BTCUSD.i,894,2026-05-09T14:50:00+00:00,bull,buy,80352.1,80319.48,80384.72000000002,3.065603923972093,10000.0,1.0,5,1.0,3.0,0.01
2026-05-09T20:40:35.523837+00:00,BTCUSD.i,895,2026-05-09T14:55:00+00:00,bull,buy,80352.1,80314.67,80389.53000000001,2.6716537536729836,10000.0,1.0,5,1.0,3.0,0.01
2026-05-09T20:40:35.523837+00:00,BTCUSD.i,896,2026-05-09T15:00:00+00:00,bull,buy,80355.98,80314.67,80397.29,2.4207213749698773,10000.0,1.0,5,1.0,3.0,0.01
2026-05-09T20:40:35.523837+00:00,BTCUSD.i,897,2026-05-09T15:05:00+00:00,bull,buy,80355.98,80314.67,80397.29,2.4207213749698773,10000.0,1.0,5,1.0,3.0,0.01
2026-05-09T20:40:35.523837+00:00,BTCUSD.i,898,2026-05-09T15:10:00+00:00,bull,buy,80362.79,80286.4,80439.18,1.3090718680455657,10000.0,1.0,5,1.0,3.0,0.01
2026-05-09T20:40:35.523837+00:00,BTCUSD.i,899,2026-05-09T15:15:00+00:00,bull,buy,80362.79,80286.4,80439.18,1.3090718680455657,10000.0,1.0,5,1.0,3.0,0.01
2026-05-09T20:40:35.523837+00:00,BTCUSD.i,900,2026-05-09T15:20:00+00:00,bull,buy,80362.79,80256.49,80469.08999999998,0.9407337723425301,10000.0,1.0,5,1.0,3.0,0.01
2026-05-09T20:40:35.523837+00:00,BTCUSD.i,901,2026-05-09T15:25:00+00:00,bull,buy,80388.78,80256.49,80521.06999999999,0.7559150351500857,10000.0,1.0,5,1.0,3.0,0.01
2026-05-09T20:40:35.523837+00:00,BTCUSD.i,902,2026-05-09T15:30:00+00:00,bull,buy,80406.71,80256.49,80556.93000000001,0.6656903208627295,10000.0,1.0,5,1.0,3.0,0.01
2026-05-09T20:40:35.523837+00:00,BTCUSD.i,903,2026-05-09T15:35:00+00:00,bull,buy,80406.71,80256.49,80556.93000000001,0.6656903208627295,10000.0,1.0,5,1.0,3.0,0.01
2026-05-09T20:40:35.523837+00:00,BTCUSD.i,904,2026-05-09T15:40:00+00:00,bull,buy,80406.71,80256.49,80556.93000000001,0.6656903208627295,10000.0,1.0,5,1.0,3.0,0.01
2026-05-09T20:40:35.523837+00:00,BTCUSD.i,905,2026-05-09T15:45:00+00:00,bull,buy,80406.71,80305.81,80507.61000000002,0.9910802775023919,10000.0,1.0,5,1.0,3.0,0.01
2026-05-09T20:40:35.523837+00:00,BTCUSD.i,906,2026-05-09T15:50:00+00:00,bull,buy,80406.71,80307.44,80505.98000000001,1.0073536818776658,10000.0,1.0,5,1.0,3.0,0.01
2026-05-09T20:40:35.523837+00:00,BTCUSD.i,907,2026-05-09T15:55:00+00:00,bull,buy,80406.56,80307.44,80505.68,1.0088781275222427,10000.0,1.0,5,1.0,3.0,0.01
2026-05-09T20:40:35.523837+00:00,BTCUSD.i,908,2026-05-09T16:00:00+00:00,bull,buy,80398.78,80307.44,80490.12,1.0948105977666283,10000.0,1.0,5,1.0,3.0,0.01
2026-05-09T20:40:35.523837+00:00,BTCUSD.i,909,2026-05-09T16:05:00+00:00,bull,buy,80398.78,80312.17,80485.39,1.1546010853250124,10000.0,1.0,5,1.0,3.0,0.01
2026-05-09T20:40:35.523837+00:00,BTCUSD.i,910,2026-05-09T16:10:00+00:00,bull,buy,80405.79,80333.19,80478.38999999998,1.3774104683197248,10000.0,1.0,5,1.0,3.0,0.01
2026-05-09T20:40:35.523837+00:00,BTCUSD.i,911,2026-05-09T16:15:00+00:00,bull,buy,80411.53,80359.88,80463.18,1.9361084220718543,10000.0,1.0,5,1.0,3.0,0.01
2026-05-09T20:40:35.523837+00:00,BTCUSD.i,912,2026-05-09T16:20:00+00:00,bull,buy,80412.56,80359.88,80465.23999999999,1.8982536066821043,10000.0,1.0,5,1.0,3.0,0.01
2026-05-09T20:40:35.523837+00:00,BTCUSD.i,913,2026-05-09T16:25:00+00:00,bull,buy,80412.56,80332.31,80492.81,1.2461059190031152,10000.0,1.0,5,1.0,3.0,0.01
2026-05-09T20:40:35.523837+00:00,BTCUSD.i,914,2026-05-09T16:30:00+00:00,bull,buy,80412.56,80329.06,80496.06,1.1976047904191616,10000.0,1.0,5,1.0,3.0,0.01
2026-05-09T20:40:35.523837+00:00,BTCUSD.i,915,2026-05-09T16:35:00+00:00,bull,buy,80412.56,80322.96,80502.15999999999,1.1160714285715374,10000.0,1.0,5,1.0,3.0,0.01
2026-05-09T20:40:35.523837+00:00,BTCUSD.i,916,2026-05-09T16:40:00+00:00,bull,buy,80412.56,80322.61,80502.51,1.1117287381879182,10000.0,1.0,5,1.0,3.0,0.01
2026-05-09T20:40:35.523837+00:00,BTCUSD.i,917,2026-05-09T16:45:00+00:00,bull,buy,80384.19,80300.86,80467.52,1.2000480019200517,10000.0,1.0,5,1.0,3.0,0.01
2026-05-09T20:40:35.523837+00:00,BTCUSD.i,918,2026-05-09T16:50:00+00:00,bull,buy,80384.19,80300.86,80467.52,1.2000480019200517,10000.0,1.0,5,1.0,3.0,0.01
2026-05-09T20:40:35.523837+00:00,BTCUSD.i,919,2026-05-09T16:55:00+00:00,bull,buy,80380.61,80300.86,80460.36,1.2539184952978057,10000.0,1.0,5,1.0,3.0,0.01
2026-05-09T20:40:35.523837+00:00,BTCUSD.i,920,2026-05-09T17:00:00+00:00,bull,buy,80381.51,80300.86,80462.15999999999,1.2399256044638216,10000.0,1.0,5,1.0,3.0,0.01
2026-05-09T20:40:35.523837+00:00,BTCUSD.i,921,2026-05-09T17:05:00+00:00,bull,buy,80388.37,80300.86,80475.87999999999,1.1427265455377213,10000.0,1.0,5,1.0,3.0,0.01
2026-05-09T20:40:35.523837+00:00,BTCUSD.i,922,2026-05-09T17:10:00+00:00,bull,buy,80388.37,80322.55,80454.18999999999,1.519295047098321,10000.0,1.0,5,1.0,3.0,0.01
2026-05-09T20:40:35.523837+00:00,BTCUSD.i,923,2026-05-09T17:15:00+00:00,bull,buy,80416.57,80322.55,80510.59000000001,1.0636034886193966,10000.0,1.0,5,1.0,3.0,0.01
2026-05-09T20:40:35.523837+00:00,BTCUSD.i,924,2026-05-09T17:20:00+00:00,bull,buy,80416.57,80338.3,80494.84000000001,1.2776287210935837,10000.0,1.0,5,1.0,3.0,0.01
2026-05-09T20:40:35.523837+00:00,BTCUSD.i,925,2026-05-09T17:25:00+00:00,bull,buy,80416.57,80275.17,80557.97000000002,0.7072135785006636,10000.0,1.0,5,1.0,3.0,0.01
2026-05-09T20:40:35.523837+00:00,BTCUSD.i,926,2026-05-09T17:30:00+00:00,bull,buy,80416.57,80236.01,80597.13000000002,0.5538325210455983,10000.0,1.0,5,1.0,3.0,0.01
2026-05-09T20:40:35.523837+00:00,BTCUSD.i,927,2026-05-09T17:35:00+00:00,bull,buy,80416.57,80236.01,80597.13000000002,0.5538325210455983,10000.0,1.0,5,1.0,3.0,0.01
2026-05-09T20:40:35.523837+00:00,BTCUSD.i,928,2026-05-09T17:40:00+00:00,bull,buy,80380.96,80235.31,80526.61000000002,0.6865774116031171,10000.0,1.0,5,1.0,3.0,0.01
2026-05-09T20:40:35.523837+00:00,BTCUSD.i,929,2026-05-09T17:45:00+00:00,bull,buy,80380.96,80235.31,80526.61000000002,0.6865774116031171,10000.0,1.0,5,1.0,3.0,0.01
2026-05-09T20:40:35.523837+00:00,BTCUSD.i,930,2026-05-09T17:50:00+00:00,bull,buy,80362.91,80235.31,80490.51000000001,0.7836990595610928,10000.0,1.0,5,1.0,3.0,0.01
2026-05-09T20:40:35.523837+00:00,BTCUSD.i,931,2026-05-09T17:55:00+00:00,bull,buy,80362.91,80235.31,80490.51000000001,0.7836990595610928,10000.0,1.0,5,1.0,3.0,0.01
2026-05-09T20:40:35.523837+00:00,BTCUSD.i,932,2026-05-09T18:00:00+00:00,bull,buy,80362.91,80235.31,80490.51000000001,0.7836990595610928,10000.0,1.0,5,1.0,3.0,0.01
2026-05-09T20:40:35.523837+00:00,BTCUSD.i,933,2026-05-09T18:05:00+00:00,bull,buy,80362.91,80241.07,80484.75,0.8207485226526827,10000.0,1.0,5,1.0,3.0,0.01
2026-05-09T20:40:35.523837+00:00,BTCUSD.i,934,2026-05-09T18:10:00+00:00,bull,buy,80362.91,80241.07,80484.75,0.8207485226526827,10000.0,1.0,5,1.0,3.0,0.01
2026-05-09T20:40:35.523837+00:00,BTCUSD.i,935,2026-05-09T18:15:00+00:00,bull,buy,80340.22,80215.84,80464.6,0.8039877793857232,10000.0,1.0,5,1.0,3.0,0.01
2026-05-09T20:40:35.523837+00:00,BTCUSD.i,936,2026-05-09T18:20:00+00:00,bull,buy,80378.85,80215.84,80541.86000000002,0.6134592969756106,10000.0,1.0,5,1.0,3.0,0.01
2026-05-09T20:40:35.523837+00:00,BTCUSD.i,937,2026-05-09T18:25:00+00:00,bull,buy,80398.18,80215.84,80580.51999999999,0.5484260173302726,10000.0,1.0,5,1.0,3.0,0.01
2026-05-09T20:40:35.523837+00:00,BTCUSD.i,938,2026-05-09T18:30:00+00:00,bull,buy,80402.31,80215.84,80588.78,0.5362792942564454,10000.0,1.0,5,1.0,3.0,0.01
2026-05-09T20:40:35.523837+00:00,BTCUSD.i,939,2026-05-09T18:35:00+00:00,bull,buy,80464.02,80215.84,80712.20000000001,0.4029333548231,10000.0,1.0,5,1.0,3.0,0.01
2026-05-09T20:40:35.523837+00:00,BTCUSD.i,940,2026-05-09T18:40:00+00:00,bull,buy,80516.28,80282.04,80750.52,0.4269125683060014,10000.0,1.0,5,1.0,3.0,0.01
2026-05-09T20:40:35.523837+00:00,BTCUSD.i,941,2026-05-09T18:45:00+00:00,bull,buy,80590.16,80342.92,80837.40000000001,0.40446529687751936,10000.0,1.0,5,1.0,3.0,0.01
2026-05-09T20:40:35.523837+00:00,BTCUSD.i,942,2026-05-09T18:50:00+00:00,bull,buy,80590.16,80368.13,80812.19,0.4503895869927511,10000.0,1.0,5,1.0,3.0,0.01
2026-05-09T20:40:35.523837+00:00,BTCUSD.i,943,2026-05-09T18:55:00+00:00,bull,buy,80590.16,80393.61,80786.71,0.5087763927753677,10000.0,1.0,5,1.0,3.0,0.01
2026-05-09T20:40:35.523837+00:00,BTCUSD.i,944,2026-05-09T19:00:00+00:00,bull,buy,80590.16,80424.17,80756.15000000001,0.6024459304777207,10000.0,1.0,5,1.0,3.0,0.01
2026-05-09T20:40:35.523837+00:00,BTCUSD.i,945,2026-05-09T19:05:00+00:00,bull,buy,80590.16,80434.89,80745.43000000001,0.6440394152121941,10000.0,1.0,5,1.0,3.0,0.01
2026-05-09T20:40:35.523837+00:00,BTCUSD.i,946,2026-05-09T19:10:00+00:00,bull,buy,80565.24,80459.92,80670.56000000001,0.949487276870427,10000.0,1.0,5,1.0,3.0,0.01
2026-05-09T20:40:35.523837+00:00,BTCUSD.i,947,2026-05-09T19:15:00+00:00,bull,buy,80611.95,80470.0,80753.9,0.704473406128933,10000.0,1.0,5,1.0,3.0,0.01
2026-05-09T20:40:35.523837+00:00,BTCUSD.i,948,2026-05-09T19:20:00+00:00,bull,buy,80652.13,80470.0,80834.26000000001,0.5490583649041753,10000.0,1.0,5,1.0,3.0,0.01
2026-05-09T20:40:35.523837+00:00,BTCUSD.i,949,2026-05-09T19:25:00+00:00,bull,buy,80765.8,80470.0,81061.6,0.33806626098715015,10000.0,1.0,5,1.0,3.0,0.01
2026-05-09T20:40:35.523837+00:00,BTCUSD.i,950,2026-05-09T19:30:00+00:00,bull,buy,80765.8,80486.21,81045.39,0.35766658321113504,10000.0,1.0,5,1.0,3.0,0.01
2026-05-09T20:40:35.523837+00:00,BTCUSD.i,951,2026-05-09T19:35:00+00:00,bull,buy,80765.8,80545.84,80985.76000000001,0.45462811420256904,10000.0,1.0,5,1.0,3.0,0.01
2026-05-09T20:40:35.523837+00:00,BTCUSD.i,952,2026-05-09T19:40:00+00:00,bull,buy,80765.8,80560.69,80970.91,0.48754326946516363,10000.0,1.0,5,1.0,3.0,0.01
2026-05-09T20:40:35.523837+00:00,BTCUSD.i,953,2026-05-09T19:45:00+00:00,bull,buy,80765.8,80576.25,80955.35,0.5275652862041597,10000.0,1.0,5,1.0,3.0,0.01
2026-05-09T20:40:35.523837+00:00,BTCUSD.i,954,2026-05-09T19:50:00+00:00,bull,buy,80758.81,80576.25,80941.37,0.5477651183172726,10000.0,1.0,5,1.0,3.0,0.01
2026-05-09T20:40:35.523837+00:00,BTCUSD.i,955,2026-05-09T19:55:00+00:00,bull,buy,80645.35,80576.25,80714.45000000001,1.447178002894234,10000.0,1.0,5,1.0,3.0,0.01
2026-05-09T20:40:35.523837+00:00,BTCUSD.i,956,2026-05-09T20:00:00+00:00,bull,buy,80640.57,80576.25,80704.89000000001,1.554726368159035,10000.0,1.0,5,1.0,3.0,0.01
2026-05-09T20:40:35.523837+00:00,BTCUSD.i,957,2026-05-09T20:05:00+00:00,bull,buy,80663.66,80576.25,80751.07,1.144033863402311,10000.0,1.0,5,1.0,3.0,0.01
2026-05-09T20:40:35.523837+00:00,BTCUSD.i,958,2026-05-09T20:10:00+00:00,bull,buy,80766.91,80578.62,80955.20000000001,0.5310956503266009,10000.0,1.0,5,1.0,3.0,0.01
2026-05-09T20:40:35.523837+00:00,BTCUSD.i,959,2026-05-09T20:15:00+00:00,bull,buy,80807.46,80578.62,81036.30000000002,0.4369865408145218,10000.0,1.0,5,1.0,3.0,0.01
2026-05-09T20:40:35.523837+00:00,BTCUSD.i,960,2026-05-09T20:20:00+00:00,bull,buy,80807.46,80597.82,81017.1,0.4770082045411194,10000.0,1.0,5,1.0,3.0,0.01
2026-05-09T20:40:35.523837+00:00,BTCUSD.i,961,2026-05-09T20:25:00+00:00,bull,buy,80807.46,80607.52,81007.40000000001,0.5001500450134982,10000.0,1.0,5,1.0,3.0,0.01
2026-05-09T20:40:35.523837+00:00,BTCUSD.i,962,2026-05-09T20:30:00+00:00,bull,buy,80823.71,80655.45,80991.97000000002,0.5943183168904936,10000.0,1.0,5,1.0,3.0,0.01
2026-05-09T20:40:35.523837+00:00,BTCUSD.i,963,2026-05-09T20:35:00+00:00,bull,buy,80860.65,80672.06,81049.23999999999,0.530250808632493,10000.0,1.0,5,1.0,3.0,0.01
2026-05-09T20:40:35.523837+00:00,BTCUSD.i,964,2026-05-09T20:40:00+00:00,bull,buy,80918.76,80672.06,81165.45999999999,0.4053506282934786,10000.0,1.0,5,1.0,3.0,0.01
2026-05-09T20:40:35.523837+00:00,BTCUSD.i,965,2026-05-09T20:45:00+00:00,bull,buy,80918.76,80672.06,81165.45999999999,0.4053506282934786,10000.0,1.0,5,1.0,3.0,0.01
2026-05-09T20:40:35.523837+00:00,BTCUSD.i,966,2026-05-09T20:50:00+00:00,bull,buy,80918.76,80755.12,81082.4,0.6110975311659763,10000.0,1.0,5,1.0,3.0,0.01
2026-05-09T20:40:35.523837+00:00,BTCUSD.i,967,2026-05-09T20:55:00+00:00,bull,buy,80918.76,80765.15,81072.37,0.6509992839007852,10000.0,1.0,5,1.0,3.0,0.01
2026-05-09T20:40:35.523837+00:00,BTCUSD.i,968,2026-05-09T21:00:00+00:00,bull,buy,80918.76,80718.01,81119.51,0.49813200498132004,10000.0,1.0,5,1.0,3.0,0.01
2026-05-09T20:40:35.523837+00:00,BTCUSD.i,969,2026-05-09T21:05:00+00:00,bull,buy,80885.64,80718.01,81053.27,0.5965519298454764,10000.0,1.0,5,1.0,3.0,0.01
2026-05-09T20:40:35.523837+00:00,BTCUSD.i,970,2026-05-09T21:10:00+00:00,bull,buy,80860.48,80718.01,81002.95,0.7019021548396096,10000.0,1.0,5,1.0,3.0,0.01
2026-05-09T20:40:35.523837+00:00,BTCUSD.i,971,2026-05-09T21:15:00+00:00,bull,buy,80860.48,80718.01,81002.95,0.7019021548396096,10000.0,1.0,5,1.0,3.0,0.01
2026-05-09T20:40:35.523837+00:00,BTCUSD.i,972,2026-05-09T21:20:00+00:00,bull,buy,80860.48,80718.01,81002.95,0.7019021548396096,10000.0,1.0,5,1.0,3.0,0.01
2026-05-09T20:40:35.523837+00:00,BTCUSD.i,973,2026-05-09T21:25:00+00:00,bull,buy,80860.48,80769.85,80951.10999999999,1.1033873993160204,10000.0,1.0,5,1.0,3.0,0.01
2026-05-09T20:40:35.523837+00:00,BTCUSD.i,974,2026-05-09T21:30:00+00:00,bull,buy,81035.34,80769.85,81300.82999999999,0.3766620211684188,10000.0,1.0,5,1.0,3.0,0.01
2026-05-09T20:40:35.523837+00:00,BTCUSD.i,975,2026-05-09T21:35:00+00:00,bull,buy,81069.08,80769.85,81368.31,0.33419109046553275,10000.0,1.0,5,1.0,3.0,0.01
2026-05-09T20:40:35.523837+00:00,BTCUSD.i,976,2026-05-09T21:40:00+00:00,bull,buy,81069.08,80794.95,81343.21,0.3647904278991657,10000.0,1.0,5,1.0,3.0,0.01
2026-05-09T20:40:35.523837+00:00,BTCUSD.i,977,2026-05-09T21:45:00+00:00,bull,buy,81069.08,80794.95,81343.21,0.3647904278991657,10000.0,1.0,5,1.0,3.0,0.01
2026-05-09T20:40:35.523837+00:00,BTCUSD.i,978,2026-05-09T21:50:00+00:00,bull,buy,81069.08,80837.53,81300.63,0.43187216583890625,10000.0,1.0,5,1.0,3.0,0.01
2026-05-09T20:40:35.523837+00:00,BTCUSD.i,979,2026-05-09T21:55:00+00:00,bull,buy,81069.08,80848.39,81289.77,0.45312429199328896,10000.0,1.0,5,1.0,3.0,0.01
2026-05-09T20:40:35.523837+00:00,BTCUSD.i,980,2026-05-09T22:00:00+00:00,bull,buy,81019.33,80848.39,81190.27,0.5850005850005771,10000.0,1.0,5,1.0,3.0,0.01
2026-05-09T20:40:35.523837+00:00,BTCUSD.i,981,2026-05-09T22:05:00+00:00,bull,buy,80941.09,80848.39,81033.79,1.0787486515642195,10000.0,1.0,5,1.0,3.0,0.01
2026-05-09T20:40:35.523837+00:00,BTCUSD.i,982,2026-05-09T22:10:00+00:00,bull,buy,80917.94,80848.39,80987.49,1.4378145219266112,10000.0,1.0,5,1.0,3.0,0.01
2026-05-09T20:40:35.523837+00:00,BTCUSD.i,983,2026-05-09T22:15:00+00:00,bull,buy,80917.94,80848.75,80987.13,1.4452955629425732,10000.0,1.0,5,1.0,3.0,0.01
2026-05-09T20:40:35.523837+00:00,BTCUSD.i,984,2026-05-09T22:20:00+00:00,bull,buy,80917.94,80812.3,81023.58,0.9466111321469193,10000.0,1.0,5,1.0,3.0,0.01
2026-05-09T20:40:35.523837+00:00,BTCUSD.i,985,2026-05-09T22:25:00+00:00,bull,buy,80917.94,80812.3,81023.58,0.9466111321469193,10000.0,1.0,5,1.0,3.0,0.01
2026-05-09T20:40:35.523837+00:00,BTCUSD.i,986,2026-05-09T22:30:00+00:00,bull,buy,80907.74,80759.44,81056.04000000001,0.6743088334457049,10000.0,1.0,5,1.0,3.0,0.01
2026-05-09T20:40:35.523837+00:00,BTCUSD.i,987,2026-05-09T22:35:00+00:00,bull,buy,80907.74,80759.44,81056.04000000001,0.6743088334457049,10000.0,1.0,5,1.0,3.0,0.01
2026-05-09T20:40:35.523837+00:00,BTCUSD.i,988,2026-05-09T22:40:00+00:00,bull,buy,80907.74,80759.44,81056.04000000001,0.6743088334457049,10000.0,1.0,5,1.0,3.0,0.01
2026-05-09T20:40:35.523837+00:00,BTCUSD.i,989,2026-05-09T22:45:00+00:00,bull,buy,80907.74,80759.44,81056.04000000001,0.6743088334457049,10000.0,1.0,5,1.0,3.0,0.01
2026-05-09T20:40:35.523837+00:00,BTCUSD.i,990,2026-05-09T22:50:00+00:00,bull,buy,80872.77,80759.44,80986.1,0.8823788934968539,10000.0,1.0,5,1.0,3.0,0.01
2026-05-09T20:40:35.523837+00:00,BTCUSD.i,991,2026-05-09T22:55:00+00:00,bull,buy,80948.09,80777.59,81118.59,0.5865102639296188,10000.0,1.0,5,1.0,3.0,0.01
2026-05-09T20:40:35.523837+00:00,BTCUSD.i,992,2026-05-09T23:00:00+00:00,bull,buy,80948.09,80777.59,81118.59,0.5865102639296188,10000.0,1.0,5,1.0,3.0,0.01
2026-05-09T20:40:35.523837+00:00,BTCUSD.i,993,2026-05-09T23:05:00+00:00,bull,buy,80948.09,80786.51,81109.67,0.6188884762965646,10000.0,1.0,5,1.0,3.0,0.01
2026-05-09T20:40:35.523837+00:00,BTCUSD.i,994,2026-05-09T23:10:00+00:00,bull,buy,80948.09,80801.04,81095.14,0.6800408024481335,10000.0,1.0,5,1.0,3.0,0.01
2026-05-09T20:40:35.523837+00:00,BTCUSD.i,995,2026-05-09T23:15:00+00:00,bull,buy,80948.09,80811.2,81084.98,0.7305135510263746,10000.0,1.0,5,1.0,3.0,0.01
2026-05-09T20:40:35.523837+00:00,BTCUSD.i,996,2026-05-09T23:20:00+00:00,bull,buy,80947.09,80802.19,81091.98999999999,0.6901311249137614,10000.0,1.0,5,1.0,3.0,0.01
2026-05-09T20:40:35.523837+00:00,BTCUSD.i,997,2026-05-09T23:25:00+00:00,bull,buy,80928.94,80755.88,81102.0,0.5778342771293271,10000.0,1.0,5,1.0,3.0,0.01
2026-05-09T20:40:35.523837+00:00,BTCUSD.i,998,2026-05-09T23:30:00+00:00,bull,buy,80867.66,80755.88,80979.44,0.8946144211844788,10000.0,1.0,5,1.0,3.0,0.01
2026-05-09T20:40:35.523837+00:00,BTCUSD.i,999,2026-05-09T23:35:00+00:00,bull,buy,80866.54,80727.55,81005.52999999998,0.7194762213109339,10000.0,1.0,5,1.0,3.0,0.01
