entry_time,exit_time,side,entry_spread,exit_spread,entry_z,exit_z,gross_pnl,cost,net_pnl,duration_bars,duration_days,exit_reason,window_idx,train_beta,y,x
2024-02-01 12:00:00+02:00,2024-02-09 05:00:00+02:00,1,0.012714984513713112,0.02139657754777935,-2.052362531664827,-0.48380143031900824,0.008681593034066237,0.0011708333333333332,0.0075107597007329045,137,5.708333333333333,mean_revert,0,-0.28820232891520275,NZDCAD,CHFJPY
2024-02-22 09:00:00+02:00,2024-02-28 03:00:00+02:00,-1,0.03593935103133439,0.026522342101034102,2.0458124915730154,0.3589253929242762,0.009417008930300286,0.000975,0.008442008930300286,90,3.75,mean_revert,0,-0.28820232891520275,NZDCAD,CHFJPY
2024-03-21 15:00:00+02:00,2024-04-01 00:00:00+03:00,1,0.00971210844832382,-0.0031906259804821424,-2.0580168941226815,-2.808432860141797,-0.012902734428805962,0.0012333333333333332,-0.014136067762139295,152,6.333333333333333,end_of_window,0,-0.28820232891520275,NZDCAD,CHFJPY
2024-05-15 19:00:00+03:00,2024-06-26 18:00:00+03:00,-1,0.018076815680484692,0.0242880752594396,2.0361484183876,0.487455001425955,-0.0062112595789549085,0.0035958333333333333,-0.009807092912288241,719,29.958333333333332,mean_revert,1,-0.12588889418100405,NZDCAD,CHFJPY
2024-07-25 14:00:00+03:00,2024-07-31 16:00:00+03:00,1,-0.018126954707878173,-0.004957944625277655,-2.004436298232744,-0.46915064189928957,0.013169010082600519,0.0010083333333333333,0.012160676749267185,98,4.083333333333333,mean_revert,2,0.3305260328037325,NZDCAD,CHFJPY
2024-08-20 17:00:00+03:00,2024-10-01 00:00:00+03:00,-1,0.016656374071029267,0.04006077105073391,2.0145522794819612,1.9432148872614823,-0.023404396979704645,0.0035291666666666666,-0.02693356364637131,703,29.291666666666668,end_of_window,2,0.3305260328037325,NZDCAD,CHFJPY
2024-10-28 07:00:00+02:00,2024-11-27 11:00:00+02:00,1,-0.006672627399171072,-0.0010780954278917232,-2.013337362557626,-0.47126687946941337,0.005594531971279348,0.0028125,0.0027820319712793485,531,22.125,mean_revert,3,0.23479535504236682,NZDCAD,CHFJPY
2024-12-18 23:00:00+02:00,2024-12-31 23:00:00+02:00,1,-0.020129124948287114,-0.03224113874934953,-2.3513665492729823,-2.577590150837459,-0.012112013801062416,0.0014,-0.013512013801062416,192,8.0,end_of_window,3,0.23479535504236682,NZDCAD,CHFJPY
2025-03-05 16:00:00+02:00,2025-03-24 16:00:00+02:00,-1,-0.00695881401627263,-0.010381658734216925,2.1313787118250422,0.4721655976666371,0.0034228447179442956,0.0019041666666666664,0.0015186780512776291,313,13.041666666666666,mean_revert,4,0.12195654544824723,NZDCAD,CHFJPY
2025-06-23 12:00:00+03:00,2025-06-24 05:00:00+03:00,1,-0.026398959925660437,-0.009953044869903227,-2.3626994194850766,-0.3694681444905708,0.01644591505575721,0.0006708333333333333,0.015775081722423877,17,0.7083333333333334,mean_revert,5,0.20568856982041522,NZDCAD,CHFJPY
2025-07-23 00:00:00+03:00,2025-07-23 16:00:00+03:00,1,-0.013866576165581679,-0.005535294894757958,-2.0876924024781096,-0.4821855365794985,0.00833128127082372,0.0006666666666666666,0.0076646146041570535,16,0.6666666666666666,mean_revert,6,0.04258928901848247,NZDCAD,CHFJPY
2025-07-30 21:00:00+03:00,2025-08-08 02:00:00+03:00,1,-0.014904550522831073,-0.007764040957969565,-2.163643740913976,-0.48462543367360655,0.007140509564861508,0.0012208333333333333,0.005919676231528175,149,6.208333333333333,mean_revert,6,0.04258928901848247,NZDCAD,CHFJPY
2025-08-20 05:00:00+03:00,2025-09-05 16:00:00+03:00,1,-0.020286616842651706,-0.012189347579368848,-2.402294802751166,-0.24247659277652694,0.008097269263282858,0.0018458333333333334,0.006251435929949525,299,12.458333333333334,mean_revert,6,0.04258928901848247,NZDCAD,CHFJPY
2025-09-19 18:00:00+03:00,2025-10-01 00:00:00+03:00,1,-0.02456121323903221,-0.025274951265853052,-2.0198637352049604,-1.5556598850079104,-0.0007137380268208426,0.0013249999999999998,-0.0020387380268208424,174,7.25,end_of_window,6,0.04258928901848247,NZDCAD,CHFJPY
2025-11-04 11:00:00+02:00,2025-11-26 04:00:00+02:00,1,-0.026449462049287317,-0.02051772132213249,-2.040643859467764,-0.2602606818343053,0.005931740727154827,0.002170833333333333,0.003760907393821494,377,15.708333333333334,mean_revert,7,-0.029018439814751346,NZDCAD,CHFJPY
2026-01-26 08:00:00+02:00,2026-03-02 00:00:00+02:00,-1,0.016274853550636292,0.015821277601881567,2.882946783258088,0.4553006776215539,0.0004535759487547253,0.0030666666666666668,-0.0026130907179119415,592,24.666666666666668,mean_revert,8,-0.1465772817382472,NZDCAD,CHFJPY
2024-01-31 20:00:00+02:00,2024-02-09 03:00:00+02:00,1,0.00940266304281634,0.017358814295897362,-2.0514909056368644,-0.3451448862864451,0.007956151253081023,0.0012291666666666666,0.006726984586414356,151,6.291666666666667,mean_revert,0,-0.3815535102951289,NZDCAD,EURJPY
2024-02-20 11:00:00+02:00,2024-02-29 17:00:00+02:00,-1,0.029565091414238243,0.022082617378436753,2.1204537558720395,0.32577871153948224,0.00748247403580149,0.0013249999999999998,0.00615747403580149,174,7.25,mean_revert,0,-0.3815535102951289,NZDCAD,EURJPY
2024-03-28 20:00:00+02:00,2024-04-01 00:00:00+03:00,1,0.004197785951715272,0.0042033694652001685,-2.082267827477454,-1.9529463114396624,5.58351348489694e-06,0.0007124999999999999,-0.000706916486515103,27,1.125,end_of_window,0,-0.3815535102951289,NZDCAD,EURJPY
2024-05-15 15:00:00+03:00,2024-06-26 15:00:00+03:00,-1,0.02196655638110545,0.03051101470511819,2.0742595797586283,0.487355072151073,-0.008544458324012738,0.0036,-0.012144458324012737,720,30.0,mean_revert,1,-0.19244394947295185,NZDCAD,EURJPY
2024-07-24 07:00:00+03:00,2024-07-31 16:00:00+03:00,1,-0.014669373508002792,-0.0015685582330500214,-2.076959097666095,-0.45908501053203804,0.01310081527495277,0.0011375,0.011963315274952771,129,5.375,mean_revert,2,0.22060395065039784,NZDCAD,EURJPY
2024-08-23 20:00:00+03:00,2024-10-01 00:00:00+03:00,-1,0.022839039358349744,0.04529212256388049,2.059579736842963,1.953120381499502,-0.022453083205530744,0.0032166666666666667,-0.02566974987219741,628,26.166666666666668,end_of_window,2,0.22060395065039784,NZDCAD,EURJPY
2024-10-31 15:00:00+02:00,2024-11-07 17:00:00+02:00,1,-0.0016010827386966353,0.010349084128661423,-2.0149867692167005,-0.4907919752145497,0.011950166867358059,0.0011041666666666665,0.010846000200691392,121,5.041666666666667,mean_revert,3,0.0683128262929552,NZDCAD,EURJPY
2024-11-13 18:00:00+02:00,2024-11-29 09:00:00+02:00,1,-0.005205124608994249,0.004075991206482721,-2.038990017524146,-0.44051300627025236,0.00928111581547697,0.0017624999999999997,0.00751861581547697,279,11.625,mean_revert,3,0.0683128262929552,NZDCAD,EURJPY
2024-12-18 23:00:00+02:00,2024-12-31 23:00:00+02:00,1,-0.017129008675741297,-0.028033100273441858,-2.626337711086801,-2.7444922002957397,-0.01090409159770056,0.0014,-0.01230409159770056,192,8.0,end_of_window,3,0.0683128262929552,NZDCAD,EURJPY
2025-03-05 21:00:00+02:00,2025-03-24 17:00:00+02:00,-1,-0.008761633147059966,-0.013514487497031658,2.082421375299063,0.341697330053736,0.004752854349971691,0.0018874999999999999,0.0028653543499716915,309,12.875,mean_revert,4,0.016752016994930802,NZDCAD,EURJPY
2025-07-23 00:00:00+03:00,2025-07-24 01:00:00+03:00,1,-0.01505293077955605,-0.006118953999595056,-2.135720712786399,-0.47199936078335286,0.008933976779960995,0.0007041666666666666,0.008229810113294328,25,1.0416666666666667,mean_revert,6,0.07237857258036118,NZDCAD,EURJPY
2025-07-30 21:00:00+03:00,2025-08-12 21:00:00+03:00,1,-0.015736288734604864,-0.008796131264184548,-2.1048242255810004,-0.43914454512559503,0.006940157470420316,0.0015,0.005440157470420317,216,9.0,mean_revert,6,0.07237857258036118,NZDCAD,EURJPY
2025-08-20 05:00:00+03:00,2025-09-05 16:00:00+03:00,1,-0.021785310842628136,-0.01374880888826946,-2.392834931128788,-0.28615176796270847,0.008036501954358677,0.0018458333333333334,0.006190668621025344,299,12.458333333333334,mean_revert,6,0.07237857258036118,NZDCAD,EURJPY
2025-09-19 18:00:00+03:00,2025-10-01 00:00:00+03:00,1,-0.02614745778753691,-0.026829170026439475,-2.0676544411882967,-1.5671677004059814,-0.0006817122389025654,0.0013249999999999998,-0.002006712238902565,174,7.25,end_of_window,6,0.07237857258036118,NZDCAD,EURJPY
2025-11-04 11:00:00+02:00,2025-11-26 04:00:00+02:00,1,-0.02668918569768859,-0.02062871513679694,-2.0465708689457816,-0.27695972364687593,0.006060470560891651,0.002170833333333333,0.0038896372275583177,377,15.708333333333334,mean_revert,7,-0.02926224400681923,NZDCAD,EURJPY
2026-01-27 04:00:00+02:00,2026-03-02 00:00:00+02:00,-1,0.02073860832032226,0.011675480419237383,3.123566166226501,0.28904229733217546,0.009063127901084878,0.002983333333333333,0.006079794567751545,572,23.833333333333332,mean_revert,8,-0.15977022864226637,NZDCAD,EURJPY
2024-02-08 15:00:00+02:00,2024-02-20 15:00:00+02:00,1,0.007738970838590278,0.015903246705271865,-2.0428012706172964,-0.2819762196623549,0.008164275866681586,0.0014,0.006764275866681586,192,8.0,mean_revert,0,0.5063010147158996,NZDCAD,NZDCHF
2024-03-20 17:00:00+02:00,2024-04-01 00:00:00+03:00,1,0.0006936912687632996,-0.011439781497766963,-2.085248634740876,-2.6796139324831274,-0.012133472766530262,0.0013249999999999998,-0.013458472766530262,174,7.25,end_of_window,0,0.5063010147158996,NZDCAD,NZDCHF
2024-06-03 12:00:00+03:00,2024-06-27 21:00:00+03:00,-1,0.008908650487192929,0.007942088368868713,2.0281703027977405,0.49182601199162057,0.0009665621183242157,0.0024375,-0.0014709378816757843,441,18.375,mean_revert,1,0.4405475999393836,NZDCAD,NZDCHF
2024-08-01 19:00:00+03:00,2024-08-15 15:00:00+03:00,-1,0.021610438365647328,0.015309386288048371,2.0460811981769877,0.3992959973931387,0.0063010520775989565,0.0015833333333333333,0.004717718744265623,236,9.833333333333334,mean_revert,2,0.5192239173371448,NZDCAD,NZDCHF
2024-08-20 16:00:00+03:00,2024-10-01 00:00:00+03:00,-1,0.02984614021962695,0.04499827157491729,2.053178003509038,1.6408421263681012,-0.015152131355290338,0.003533333333333333,-0.01868546468862367,704,29.333333333333332,end_of_window,2,0.5192239173371448,NZDCAD,NZDCHF
2025-03-05 22:00:00+02:00,2025-03-26 21:00:00+02:00,-1,-0.003211326938718728,-0.0072726883272478116,2.001932545736774,0.49891469337624184,0.004061361388529083,0.0021,0.0019613613885290835,360,15.0,mean_revert,4,0.11984086632990644,NZDCAD,NZDCHF
2025-06-30 04:00:00+03:00,2025-07-01 00:00:00+03:00,-1,0.025499932604266043,0.023303237699283066,2.0286055580980697,1.887491034584746,0.0021966949049829765,0.0006833333333333333,0.0015133615716496432,20,0.8333333333333334,end_of_window,5,0.23376734514337094,NZDCAD,NZDCHF
2025-08-20 05:00:00+03:00,2025-09-05 15:00:00+03:00,1,-0.00010844890011356412,0.006106465958445342,-2.073086407056876,-0.22305624091145068,0.0062149148585589065,0.0018416666666666664,0.00437324819189224,298,12.416666666666666,mean_revert,6,0.2176180836101317,NZDCAD,NZDCHF
2025-11-04 11:00:00+02:00,2025-11-26 04:00:00+02:00,1,-0.018376062988122707,-0.01317981086116081,-2.1727058101278875,-0.4321752838670203,0.005196252126961898,0.002170833333333333,0.0030254187936285645,377,15.708333333333334,mean_revert,7,0.12319658085895868,NZDCAD,NZDCHF
2025-12-31 16:00:00+02:00,2025-12-31 23:00:00+02:00,1,-0.028147472786847358,-0.02636361737865571,-2.066559669465108,-1.7439115705760546,0.001783855408191648,0.0006291666666666667,0.0011546887415249812,7,0.2916666666666667,end_of_window,7,0.12319658085895868,NZDCAD,NZDCHF
2026-01-27 04:00:00+02:00,2026-03-02 09:00:00+02:00,-1,0.014924742068788646,0.0075218454168099885,3.783297168916273,0.4562049600350408,0.007402896651978658,0.0030208333333333333,0.004382063318645324,581,24.208333333333332,mean_revert,8,0.18106118310748853,NZDCAD,NZDCHF
2024-05-15 17:00:00+03:00,2024-06-14 11:00:00+03:00,-1,0.011423333590038665,0.009368527869496934,2.1091481605483544,0.40702045690550004,0.0020548057205417303,0.0027749999999999997,-0.0007201942794582694,522,21.75,mean_revert,1,0.17712323293182983,EURCAD,EURNZD
2024-07-25 12:00:00+03:00,2024-08-29 11:00:00+03:00,-1,0.021105780896100323,0.01967275285231962,2.0971755372954237,0.4140040952482157,0.0014330280437807041,0.0030958333333333332,-0.001662805289552629,599,24.958333333333332,mean_revert,2,0.11365409563044085,EURCAD,EURNZD
2024-11-06 08:00:00+02:00,2024-11-07 17:00:00+02:00,1,0.00636939699831901,0.01413070061736943,-2.2036969049302804,-0.4717000304307549,0.007761303619050419,0.0007375,0.007023803619050419,33,1.375,mean_revert,3,0.4033365611723927,EURCAD,EURNZD
2024-11-11 00:00:00+02:00,2024-12-06 15:00:00+02:00,1,0.006986729089718896,0.007752106566158684,-2.016333322010777,-0.37129415064221244,0.000765377476439788,0.0025624999999999997,-0.0017971225235602116,471,19.625,mean_revert,3,0.4033365611723927,EURCAD,EURNZD
2025-03-03 22:00:00+02:00,2025-03-06 15:00:00+02:00,-1,0.006009007841983549,0.023205914404534456,2.0114113660867368,4.072577506561252,-0.017196906562550907,0.0008708333333333333,-0.01806773989588424,65,2.7083333333333335,stop_z,4,0.4642473724734734,EURCAD,EURNZD
2025-03-06 16:00:00+02:00,2025-03-11 16:00:00+02:00,-1,0.022773188261240918,0.03511870426606717,3.9857103764623525,4.293557499131645,-0.012345516004826251,0.0009041666666666666,-0.013249682671492917,73,3.0416666666666665,stop_z,4,0.4642473724734734,EURCAD,EURNZD
2025-03-11 17:00:00+02:00,2025-03-11 18:00:00+02:00,-1,0.03288160707592558,0.03405453170721878,4.021504927159102,4.124293387152463,-0.001172924631293204,0.0006041666666666666,-0.0017770912979598705,1,0.041666666666666664,stop_z,4,0.4642473724734734,EURCAD,EURNZD
2025-03-11 19:00:00+02:00,2025-04-01 00:00:00+03:00,-1,0.034708115201425915,0.019783405530559517,4.168759331532009,1.1913273852824697,0.014924709670866398,0.0020166666666666666,0.012908043004199732,340,14.166666666666666,end_of_window,4,0.4642473724734734,EURCAD,EURNZD
2025-06-25 21:00:00+03:00,2025-07-01 00:00:00+03:00,-1,0.03524735129933994,0.03631016653902387,2.097193261363362,1.950956051601248,-0.001062815239683934,0.0009124999999999999,-0.001975315239683934,75,3.125,end_of_window,5,0.5203625605280876,EURCAD,EURNZD
2025-08-22 08:00:00+03:00,2025-09-05 15:00:00+03:00,1,0.00036372748344672134,0.008333061558494961,-2.0010639669587476,0.0058704553893302374,0.00796933407504824,0.0016291666666666664,0.006340167408381574,247,10.291666666666666,mean_revert,6,0.74098424111281,EURCAD,EURNZD
2025-09-12 01:00:00+03:00,2025-09-18 02:00:00+03:00,-1,0.019827530901641258,0.011870242651329868,2.0060115662292968,0.41433652142632255,0.00795728825031139,0.0010041666666666667,0.0069531215836447224,97,4.041666666666667,mean_revert,6,0.74098424111281,EURCAD,EURNZD
2025-11-04 11:00:00+02:00,2025-11-26 04:00:00+02:00,1,-0.018962822876859062,-0.013217736060294014,-2.1982480751514455,-0.41198897106121485,0.005745086816565048,0.002170833333333333,0.003574253483231715,377,15.708333333333334,mean_revert,7,0.8694983759740911,EURCAD,EURNZD
2025-12-31 17:00:00+02:00,2025-12-31 23:00:00+02:00,1,-0.02910579664001721,-0.026485057768261197,-2.05360975442969,-1.6531157942756287,0.002620738871756012,0.0006249999999999999,0.0019957388717560124,6,0.25,end_of_window,7,0.8694983759740911,EURCAD,EURNZD
2026-01-29 05:00:00+02:00,2026-03-02 00:00:00+02:00,-1,0.014530765584207461,0.00257812225245041,3.249525957432849,0.2892000064186912,0.011952643331757051,0.0027791666666666668,0.009173476665090385,523,21.791666666666668,mean_revert,8,0.7955582429272862,EURCAD,EURNZD
2024-02-08 17:00:00+02:00,2024-02-20 11:00:00+02:00,1,0.0008154825638351749,0.012798615182763092,-2.0279082523154286,-0.4534560166037391,0.011983132618927916,0.001375,0.010608132618927917,186,7.75,mean_revert,0,0.46816075139419655,NZDCAD,CADCHF
2024-03-20 17:00:00+02:00,2024-04-01 00:00:00+03:00,1,-0.005980499369274088,-0.02360537245157188,-2.1038569023384377,-2.8141052080353695,-0.017624873082297793,0.0013249999999999998,-0.018949873082297793,174,7.25,end_of_window,0,0.46816075139419655,NZDCAD,CADCHF
2024-05-15 20:00:00+03:00,2024-06-25 05:00:00+03:00,-1,0.014560760786966082,0.015313613321716824,2.131481572028134,0.4999032025095351,-0.000752852534750742,0.0034375,-0.004190352534750742,681,28.375,mean_revert,1,-0.16299762039408267,NZDCAD,CADCHF
2024-07-24 22:00:00+03:00,2024-08-19 20:00:00+03:00,1,-0.0117865929309392,0.0005279359908955117,-3.161452285753274,-0.4429473339406448,0.012314528921834711,0.002391666666666667,0.009922862255168044,430,17.916666666666668,mean_revert,2,-0.38413092106797303,NZDCAD,CADCHF
2024-09-27 15:00:00+03:00,2024-10-01 00:00:00+03:00,-1,0.022873620233400893,0.025513718772293026,2.071607186706675,2.191251039783895,-0.0026400985388921328,0.0007375,-0.0033775985388921326,33,1.375,end_of_window,2,-0.38413092106797303,NZDCAD,CADCHF
2024-11-06 05:00:00+02:00,2024-11-07 14:00:00+02:00,1,-0.013822113831265137,-0.0009661772657394985,-2.0389564432350564,-0.4500615014951566,0.012855936565525639,0.0007375,0.012118436565525638,33,1.375,mean_revert,3,-0.3115203528540809,NZDCAD,CADCHF
2024-11-14 06:00:00+02:00,2024-11-29 16:00:00+02:00,1,-0.014954468731371295,-0.005563265635652848,-2.0072275943521394,-0.41386245907484415,0.009391203095718448,0.0017416666666666665,0.007649536429051781,274,11.416666666666666,mean_revert,3,-0.3115203528540809,NZDCAD,CADCHF
2024-12-18 23:00:00+02:00,2024-12-31 23:00:00+02:00,1,-0.03050861590629389,-0.037111795210170107,-2.4715938280990524,-2.5363628601579316,-0.0066031793038762165,0.0014,-0.008003179303876217,192,8.0,end_of_window,3,-0.3115203528540809,NZDCAD,CADCHF
2025-03-06 13:00:00+02:00,2025-03-24 17:00:00+02:00,-1,-0.01138767304025734,-0.018933157652665344,2.025590021705385,0.25265346960160506,0.007545484612408004,0.0018208333333333332,0.005724651279074671,293,12.208333333333334,mean_revert,4,-0.13840937867642228,NZDCAD,CADCHF
2025-07-30 21:00:00+03:00,2025-08-08 02:00:00+03:00,1,-0.00963624260877699,-0.00263233750296879,-2.207331234035854,-0.44183997135885844,0.0070039051058082,0.0012208333333333333,0.005783071772474867,149,6.208333333333333,mean_revert,6,0.049117050812601974,NZDCAD,CADCHF
2025-08-20 05:00:00+03:00,2025-09-05 16:00:00+03:00,1,-0.014778940949485064,-0.005844441081541835,-2.5891194639063,-0.1926891760362534,0.00893449986794323,0.0018458333333333334,0.007088666534609897,299,12.458333333333334,mean_revert,6,0.049117050812601974,NZDCAD,CADCHF
2025-09-25 16:00:00+03:00,2025-10-01 00:00:00+03:00,1,-0.021576226726669645,-0.018069447739557015,-2.3084602475693474,-1.4970478761858468,0.00350677898711263,0.0009333333333333333,0.0025734456537792965,80,3.3333333333333335,end_of_window,6,0.049117050812601974,NZDCAD,CADCHF
2025-11-04 11:00:00+02:00,2025-11-26 04:00:00+02:00,1,-0.02683868323189159,-0.02130714590220592,-2.1093069372654285,-0.416112322776765,0.005531537329685671,0.002170833333333333,0.0033607039963523375,377,15.708333333333334,mean_revert,7,0.03388499195967339,NZDCAD,CADCHF
2025-12-31 17:00:00+02:00,2025-12-31 23:00:00+02:00,1,-0.037904635869507985,-0.035458092500168986,-2.086464121447474,-1.6967315480400926,0.0024465433693389993,0.0006249999999999999,0.0018215433693389994,6,0.25,end_of_window,7,0.03388499195967339,NZDCAD,CADCHF
2026-01-27 04:00:00+02:00,2026-03-02 00:00:00+02:00,-1,0.01260659832399183,0.0038539402969243464,3.6112381376105938,0.4300732035867583,0.008752658027067484,0.002983333333333333,0.005769324693734151,572,23.833333333333332,mean_revert,8,0.10548396097645454,NZDCAD,CADCHF
2024-02-13 15:00:00+02:00,2024-02-20 11:00:00+02:00,1,-0.00981656274608772,0.00671147801498187,-2.0315991165414182,-0.3704610152762168,0.01652804076106959,0.0010833333333333333,0.015444707427736256,116,4.833333333333333,mean_revert,0,0.5060903322278818,NZDCAD,GBPCHF
2024-03-20 14:00:00+02:00,2024-04-01 00:00:00+03:00,1,-0.017155894769276203,-0.033321630699560956,-2.0256547644310388,-2.551278462664923,-0.016165735930284753,0.0013375,-0.01750323593028475,177,7.375,end_of_window,0,0.5060903322278818,NZDCAD,GBPCHF
2024-05-17 21:00:00+03:00,2024-06-26 13:00:00+03:00,-1,0.01853771979603175,0.0158098442416974,2.0163332207377223,0.49647269956088147,0.002727875554334347,0.0033666666666666667,-0.0006387911123323198,664,27.666666666666668,mean_revert,1,-0.0690571997394757,NZDCAD,GBPCHF
2024-07-25 20:00:00+03:00,2024-08-02 13:00:00+03:00,1,-0.010585832336259982,0.006110845366288087,-2.052727450003787,-0.4965386914645136,0.01669667770254807,0.0011708333333333332,0.015525844369214736,137,5.708333333333333,mean_revert,2,0.11002120457420363,NZDCAD,GBPCHF
2024-09-19 11:00:00+03:00,2024-10-01 00:00:00+03:00,-1,0.0307307457291289,0.042116583887434555,2.000348692988827,2.3252237187409506,-0.011385838158305656,0.0013541666666666667,-0.012740004824972322,181,7.541666666666667,end_of_window,2,0.11002120457420363,NZDCAD,GBPCHF
2024-11-13 17:00:00+02:00,2024-11-29 16:00:00+02:00,1,-0.003627638936780836,0.004266556220556356,-2.069938174858843,-0.4614821474797843,0.007894195157337192,0.0017958333333333333,0.006098361824003858,287,11.958333333333334,mean_revert,3,0.10051857172073579,NZDCAD,GBPCHF
2024-12-18 23:00:00+02:00,2024-12-31 23:00:00+02:00,1,-0.019357269135268057,-0.029479790926303928,-2.143227447334235,-2.7442160538057534,-0.010122521791035871,0.0014,-0.011522521791035871,192,8.0,end_of_window,3,0.10051857172073579,NZDCAD,GBPCHF
2025-03-06 14:00:00+02:00,2025-03-24 17:00:00+02:00,-1,-0.0047806702903405995,-0.013397260799433791,2.0078830349766505,0.4890152704233514,0.008616590509093192,0.0018166666666666665,0.0067999238424265255,292,12.166666666666666,mean_revert,4,-0.015579347192913127,NZDCAD,GBPCHF
2025-07-30 21:00:00+03:00,2025-08-08 02:00:00+03:00,1,-0.009242734362507304,-0.0028925874763847392,-2.146088700575778,-0.44455772709670804,0.006350146886122565,0.0012208333333333333,0.005129313552789232,149,6.208333333333333,mean_revert,6,0.07506545042037811,NZDCAD,GBPCHF
2025-08-20 05:00:00+03:00,2025-09-05 16:00:00+03:00,1,-0.015751660099798642,-0.006625283942654242,-2.948469206726593,-0.2877041185046706,0.0091263761571444,0.0018458333333333334,0.007280542823811067,299,12.458333333333334,mean_revert,6,0.07506545042037811,NZDCAD,GBPCHF
2025-09-25 16:00:00+03:00,2025-10-01 00:00:00+03:00,1,-0.021820650997801422,-0.018628470178848472,-2.239240409176339,-1.5936834172252707,0.00319218081895295,0.0009333333333333333,0.0022588474856196166,80,3.3333333333333335,end_of_window,6,0.07506545042037811,NZDCAD,GBPCHF
2025-11-04 11:00:00+02:00,2025-11-26 04:00:00+02:00,1,-0.023150738692784,-0.01850943638191857,-2.0383956168844013,-0.4659951475511107,0.0046413023108654305,0.002170833333333333,0.0024704689775320973,377,15.708333333333334,mean_revert,7,0.11406623682944035,NZDCAD,GBPCHF
2025-12-31 16:00:00+02:00,2025-12-31 23:00:00+02:00,1,-0.03420728263915998,-0.032830330411484976,-2.0016044356705733,-1.7947566253375373,0.0013769522276750046,0.0006291666666666667,0.0007477855610083379,7,0.2916666666666667,end_of_window,7,0.11406623682944035,NZDCAD,GBPCHF
2026-01-29 05:00:00+02:00,2026-03-03 09:00:00+02:00,-1,0.020044289529915577,0.00696013731417619,3.52107772518036,0.3484755766679331,0.013084152215739386,0.002916666666666667,0.01016748554907272,556,23.166666666666668,mean_revert,8,0.26683880787982955,NZDCAD,GBPCHF
2024-01-30 08:00:00+02:00,2024-02-20 11:00:00+02:00,1,-0.006156635267887345,-0.00048261919263881126,-2.00461075973202,-0.4275543971811261,0.005674016075248534,0.0021125,0.0035615160752485338,363,15.125,mean_revert,0,-0.8083495897335374,NZDCAD,EURNZD
2024-05-15 17:00:00+03:00,2024-06-14 11:00:00+03:00,-1,0.01152183570528631,0.00947573659604134,2.0758706534151243,0.3829662548520549,0.00204609910924497,0.0027749999999999997,-0.0007289008907550298,522,21.75,mean_revert,1,-0.8227865375839417,NZDCAD,EURNZD
2024-07-25 12:00:00+03:00,2024-08-29 11:00:00+03:00,-1,0.021217334723571846,0.019721584282592408,2.1202050303779707,0.4106500014799238,0.0014957504409794375,0.0030958333333333332,-0.0016000828923538957,599,24.958333333333332,mean_revert,2,-0.8873359928662959,NZDCAD,EURNZD
2024-09-30 11:00:00+03:00,2024-10-01 00:00:00+03:00,-1,0.034549629610746646,0.028833127047718066,2.0227638229275207,1.0063573820613796,0.00571650256302858,0.0006541666666666666,0.005062335896361914,13,0.5416666666666666,end_of_window,2,-0.8873359928662959,NZDCAD,EURNZD
2024-11-06 05:00:00+02:00,2024-12-06 15:00:00+02:00,1,0.00753111661256789,0.007800178629067539,-2.0398255643451813,-0.3255868001428161,0.00026906201649964934,0.002841666666666667,-0.0025726046501670175,538,22.416666666666668,mean_revert,3,-0.5969025840864148,NZDCAD,EURNZD
2025-03-03 22:00:00+02:00,2025-03-05 17:00:00+02:00,-1,0.006068782454182811,0.019592221574469368,2.040040222174753,4.091159498373172,-0.013523439120286557,0.0007791666666666666,-0.014302605786953223,43,1.7916666666666667,stop_z,4,-0.5358060451734549,NZDCAD,EURNZD
2025-03-05 18:00:00+02:00,2025-03-06 14:00:00+02:00,-1,0.018732439579143736,0.022546339413462083,3.9274106723289846,4.047706946381977,-0.003813899834318346,0.0006833333333333333,-0.00449723316765168,20,0.8333333333333334,stop_z,4,-0.5358060451734549,NZDCAD,EURNZD
2025-03-06 15:00:00+02:00,2025-03-06 16:00:00+02:00,-1,0.023229221839098466,0.02282123032230153,4.119949539834604,4.034501897047993,0.000407991516796935,0.0006041666666666666,-0.00019617514986973157,1,0.041666666666666664,stop_z,4,-0.5358060451734549,NZDCAD,EURNZD
2025-03-06 17:00:00+02:00,2025-03-11 16:00:00+02:00,-1,0.017074886917653395,0.035177259474320585,3.188737617077869,4.1996648582683465,-0.01810237255666719,0.0009,-0.01900237255666719,72,3.0,stop_z,4,-0.5358060451734549,NZDCAD,EURNZD
2025-03-11 17:00:00+02:00,2025-03-11 18:00:00+02:00,-1,0.03293040923785355,0.034103694779173035,3.9341865231743167,4.034521260463841,-0.0011732855413194854,0.0006041666666666666,-0.0017774522079861519,1,0.041666666666666664,stop_z,4,-0.5358060451734549,NZDCAD,EURNZD
2025-03-11 19:00:00+02:00,2025-04-01 00:00:00+03:00,-1,0.0347789409513478,0.019171302864638598,4.080166516605865,1.086110349095532,0.015607638086709202,0.0020166666666666666,0.013590971420042536,340,14.166666666666666,end_of_window,4,-0.5358060451734549,NZDCAD,EURNZD
2025-06-25 21:00:00+03:00,2025-07-01 00:00:00+03:00,-1,0.03529842309659875,0.035234800402153765,2.0427682813119414,2.148940224792132,6.362269444498692e-05,0.0009124999999999999,-0.000848877305555013,75,3.125,end_of_window,5,-0.47963310594877573,NZDCAD,EURNZD
2025-08-21 00:00:00+03:00,2025-09-05 15:00:00+03:00,1,0.00028648307116457133,0.008413502277221978,-2.084376740157604,0.006709074947779187,0.008127019206057406,0.0017624999999999997,0.006364519206057406,279,11.625,mean_revert,6,-0.2590661465701738,NZDCAD,EURNZD
2025-09-12 03:00:00+03:00,2025-09-18 02:00:00+03:00,-1,0.020228467033846974,0.011954032118544643,2.0021350185752413,0.49417387950819597,0.008274434915302331,0.0009958333333333334,0.007278601581968998,95,3.9583333333333335,mean_revert,6,-0.2590661465701738,NZDCAD,EURNZD
2025-11-04 11:00:00+02:00,2025-11-26 04:00:00+02:00,1,-0.018903526293980746,-0.01317291619966203,-2.144434214062638,-0.37628511281314597,0.005730610094318717,0.002170833333333333,0.0035597767609853834,377,15.708333333333334,mean_revert,7,-0.1304285601147933,NZDCAD,EURNZD
2025-12-31 16:00:00+02:00,2025-12-31 23:00:00+02:00,1,-0.0286205925611263,-0.02684576981298613,-2.0955642994009644,-1.774241703287722,0.0017748227481401702,0.0006291666666666667,0.0011456560814735034,7,0.2916666666666667,end_of_window,7,-0.1304285601147933,NZDCAD,EURNZD
2026-01-27 04:00:00+02:00,2026-03-02 00:00:00+02:00,-1,0.01275299125094169,0.0020000838674259086,3.6145943321155056,0.21218577397985458,0.01075290738351578,0.002983333333333333,0.007769574050182448,572,23.833333333333332,mean_revert,8,-0.20428470416555805,NZDCAD,EURNZD
2024-03-18 19:00:00+02:00,2024-04-01 00:00:00+03:00,1,0.004843030815110401,-0.016917341061478706,-2.123488582741006,-2.890331380856962,-0.021760371876589107,0.0015166666666666666,-0.023277038543255774,220,9.166666666666666,end_of_window,0,0.4437426636409057,NZDCAD,AUDCHF
2024-06-03 13:00:00+03:00,2024-06-26 05:00:00+03:00,-1,0.01313380481021692,0.008114803274403781,2.115946665732751,0.48698334542923216,0.005019001535813139,0.002266666666666667,0.002752334869146472,400,16.666666666666668,mean_revert,1,0.284633632869478,NZDCAD,AUDCHF
2024-08-28 23:00:00+03:00,2024-10-01 00:00:00+03:00,-1,0.029489935648620486,0.04184950769088028,2.006157945924283,1.8321070568002216,-0.012359572042259792,0.0029041666666666664,-0.015263738708926458,553,23.041666666666668,end_of_window,2,0.3010876005943412,NZDCAD,AUDCHF
2024-11-06 05:00:00+02:00,2024-11-29 15:00:00+02:00,1,-0.0008708896296790447,0.005107682277034259,-2.079303361809611,-0.480061570844223,0.005978571906713304,0.002341666666666667,0.003636905240046637,418,17.416666666666668,mean_revert,3,0.10040389937972287,NZDCAD,AUDCHF
2024-12-18 23:00:00+02:00,2024-12-31 23:00:00+02:00,1,-0.014311751237822717,-0.024481481634651137,-2.007459756635815,-2.6884582332872373,-0.01016973039682842,0.0014,-0.01156973039682842,192,8.0,end_of_window,3,0.10040389937972287,NZDCAD,AUDCHF
2025-03-06 08:00:00+02:00,2025-03-26 22:00:00+02:00,-1,-0.005484001786905668,-0.010667124407790385,2.029011124622114,0.4400444838991671,0.005183122620884717,0.0020625,0.003120622620884717,351,14.625,mean_revert,4,0.07593467835843663,NZDCAD,AUDCHF
2025-04-24 17:00:00+03:00,2025-05-01 17:00:00+03:00,-1,0.023487515288365526,0.00660271835688217,2.036690139638129,0.4986229208456655,0.016884796931483356,0.0010999999999999998,0.015784796931483356,120,5.0,mean_revert,5,0.19659839790325787,NZDCAD,AUDCHF
2025-07-30 21:00:00+03:00,2025-08-08 02:00:00+03:00,1,-0.0035472891410022883,0.002649485459140108,-2.0839566748979266,-0.4926186627189606,0.006196774600142396,0.0012208333333333333,0.004975941266809063,149,6.208333333333333,mean_revert,6,0.12375850483930723,NZDCAD,AUDCHF
2025-08-20 05:00:00+03:00,2025-09-05 16:00:00+03:00,1,-0.008601494755013053,-0.0012565315884114914,-2.541918379857922,-0.3435340185300408,0.007344963166601562,0.0018458333333333334,0.005499129833268229,299,12.458333333333334,mean_revert,6,0.12375850483930723,NZDCAD,AUDCHF
2025-09-22 02:00:00+03:00,2025-10-01 00:00:00+03:00,1,-0.01352445894182365,-0.014169598416748544,-2.071493997566829,-1.7331831141921543,-0.000645139474924894,0.0012916666666666667,-0.0019368061415915606,166,6.916666666666667,end_of_window,6,0.12375850483930723,NZDCAD,AUDCHF
2025-11-04 11:00:00+02:00,2025-11-26 04:00:00+02:00,1,-0.025577879450048496,-0.01992347185131979,-2.186106765271979,-0.42719042697886556,0.005654407598728706,0.002170833333333333,0.0034835742653953725,377,15.708333333333334,mean_revert,7,0.07809256451425506,NZDCAD,AUDCHF
2025-12-31 16:00:00+02:00,2025-12-31 23:00:00+02:00,1,-0.036256128689374945,-0.03455895773235532,-2.037334104971023,-1.7558738193031291,0.001697170957019628,0.0006291666666666667,0.0010680042903529613,7,0.2916666666666667,end_of_window,7,0.07809256451425506,NZDCAD,AUDCHF
2026-01-27 04:00:00+02:00,2026-03-02 00:00:00+02:00,-1,0.00723013036678144,-0.0026372032783611443,3.4891789819600225,0.3103249671989167,0.009867333645142584,0.002983333333333333,0.0068840003118092515,572,23.833333333333332,mean_revert,8,0.06355635939071996,NZDCAD,AUDCHF
2024-03-05 11:00:00+02:00,2024-04-01 00:00:00+03:00,1,0.006205935708753746,-0.024659741006082342,-2.0647638266893553,-2.424408011891791,-0.030865676714836088,0.0024541666666666666,-0.033319843381502755,445,18.541666666666668,end_of_window,0,0.9067605446687743,NZDCAD,EURCHF
2024-05-28 10:00:00+03:00,2024-06-26 16:00:00+03:00,-1,0.01732371255248516,0.013202009219235783,2.0102355564101337,0.4866970822849024,0.004121703333249377,0.002725,0.0013967033332493769,510,21.25,mean_revert,1,0.1263107695073142,NZDCAD,EURCHF
2024-07-24 23:00:00+03:00,2024-08-13 10:00:00+03:00,1,-0.0035317898059268604,0.008946392641050988,-2.128784561190705,-0.458803344255554,0.012478182446977848,0.0019458333333333333,0.010532349113644514,323,13.458333333333334,mean_revert,2,-0.07495427701131736,NZDCAD,EURCHF
2024-09-19 11:00:00+03:00,2024-10-01 00:00:00+03:00,-1,0.02999949267727453,0.04200132426977832,2.01488585927213,2.391797758006986,-0.012001831592503787,0.0013541666666666667,-0.013355998259170453,181,7.541666666666667,end_of_window,2,-0.07495427701131736,NZDCAD,EURCHF
2024-11-06 05:00:00+02:00,2024-11-07 15:00:00+02:00,1,-0.006676092314313986,0.007163711292840297,-2.0385310832226686,-0.4038228229609848,0.013839803607154283,0.0007416666666666666,0.013098136940487616,34,1.4166666666666667,mean_revert,3,-0.18181799863116607,NZDCAD,EURCHF
2024-11-12 19:00:00+02:00,2024-12-09 17:00:00+02:00,1,-0.0064257525904749535,-0.0014159958774327408,-2.006579755477947,-0.4549428916227438,0.005009756713042213,0.0024916666666666668,0.002518090046375546,454,18.916666666666668,mean_revert,3,-0.18181799863116607,NZDCAD,EURCHF
2024-12-18 23:00:00+02:00,2024-12-31 23:00:00+02:00,1,-0.02283946593339997,-0.03153879740466137,-2.03863865446933,-2.521445023395019,-0.008699331471261396,0.0014,-0.010099331471261396,192,8.0,end_of_window,3,-0.18181799863116607,NZDCAD,EURCHF
2025-03-05 21:00:00+02:00,2025-03-26 02:00:00+02:00,-1,-0.008343634148741952,-0.013494695050948746,2.0042676414197556,0.4742236588374324,0.005151060902206794,0.002025,0.0031260609022067945,342,14.25,mean_revert,4,-0.08707667337562504,NZDCAD,EURCHF
2025-07-30 21:00:00+03:00,2025-08-13 02:00:00+03:00,1,-0.009819567949342495,-0.004377173399054357,-2.0794596153683846,-0.4883395731345478,0.005442394550288138,0.0015208333333333332,0.0039215612169548044,221,9.208333333333334,mean_revert,6,0.17564105046887693,NZDCAD,EURCHF
2025-08-20 05:00:00+03:00,2025-09-05 16:00:00+03:00,1,-0.01753625351519586,-0.008401832029465373,-2.8323686092766156,-0.31190434199105044,0.009134421485730487,0.0018458333333333334,0.007288588152397154,299,12.458333333333334,mean_revert,6,0.17564105046887693,NZDCAD,EURCHF
2025-09-25 16:00:00+03:00,2025-10-01 00:00:00+03:00,1,-0.02381169683084533,-0.020550373832596946,-2.3303812753593913,-1.558177306492688,0.003261322998248384,0.0009333333333333333,0.0023279896649150505,80,3.3333333333333335,end_of_window,6,0.17564105046887693,NZDCAD,EURCHF
2025-11-04 11:00:00+02:00,2025-11-26 04:00:00+02:00,1,-0.027983179600054447,-0.022922456028626165,-2.0960096120500387,-0.45839199618095106,0.005060723571428283,0.002170833333333333,0.0028898902380949496,377,15.708333333333334,mean_revert,7,0.0825133855036388,NZDCAD,EURCHF
2025-12-31 17:00:00+02:00,2025-12-31 23:00:00+02:00,1,-0.03889091492895147,-0.036540118373055624,-2.0700578347210126,-1.697032285110735,0.0023507965558958455,0.0006249999999999999,0.0017257965558958456,6,0.25,end_of_window,7,0.0825133855036388,NZDCAD,EURCHF
2026-01-27 12:00:00+02:00,2026-01-27 14:00:00+02:00,-1,0.0185600657354881,0.02116312414042526,3.8379623071595352,4.096791896206052,-0.0026030584049371586,0.0006083333333333332,-0.0032113917382704917,2,0.08333333333333333,stop_z,8,0.666904196752528,NZDCAD,EURCHF
2026-01-27 15:00:00+02:00,2026-01-27 22:00:00+02:00,-1,0.020202654369832096,0.023396379860554012,3.9604274448123484,4.161661272874378,-0.003193725490721916,0.0006291666666666667,-0.0038228921573885827,7,0.2916666666666667,stop_z,8,0.666904196752528,NZDCAD,EURCHF
2026-01-27 23:00:00+02:00,2026-01-28 00:00:00+02:00,-1,0.023341955841737677,0.023010056882442315,4.12887977184397,4.066083490795018,0.0003318989592953625,0.0006041666666666666,-0.0002722677073713041,1,0.041666666666666664,stop_z,8,0.666904196752528,NZDCAD,EURCHF
2026-01-28 01:00:00+02:00,2026-03-03 09:00:00+02:00,-1,0.022219973638994972,0.012846623367000404,3.9544324450803034,0.4986229904154387,0.009373350271994568,0.003033333333333333,0.006340016938661235,584,24.333333333333332,mean_revert,8,0.666904196752528,NZDCAD,EURCHF
2024-05-20 05:00:00+03:00,2024-06-03 12:00:00+03:00,-1,0.03681888064747339,0.029127288653214442,2.004072592815098,0.45028670458703085,0.007691591994258951,0.0016291666666666664,0.006062425327592285,247,10.291666666666666,mean_revert,1,0.1230891568909357,GBPCHF,EURUSD
2024-06-18 15:00:00+03:00,2024-06-26 11:00:00+03:00,1,0.010480704804531366,0.022272410631278702,-2.1466900822456223,-0.4735935105325869,0.011791705826747337,0.0011833333333333331,0.010608372493414004,140,5.833333333333333,mean_revert,1,0.1230891568909357,GBPCHF,EURUSD
2024-12-17 09:00:00+02:00,2024-12-19 16:00:00+02:00,-1,0.014823199572876686,0.006472422796553967,2.049818314161038,0.49677038481516916,0.008350776776322719,0.0008291666666666666,0.007521610109656052,55,2.2916666666666665,mean_revert,3,-0.0659498950691814,GBPCHF,EURUSD
2024-12-30 13:00:00+02:00,2024-12-31 23:00:00+02:00,-1,0.013156341784618678,0.01063552793102858,2.1567868363507556,1.5377662413630757,0.002520813853590098,0.0007416666666666666,0.0017791471869234316,34,1.4166666666666667,end_of_window,3,-0.0659498950691814,GBPCHF,EURUSD
2025-02-13 06:00:00+02:00,2025-02-28 04:00:00+02:00,-1,0.004756728458993192,-0.0018595571717870685,2.035378517597363,0.4729640643689514,0.006616285630780261,0.0016916666666666664,0.004924618964113595,262,10.916666666666666,mean_revert,4,-0.18585652640532271,GBPCHF,EURUSD
2025-03-03 14:00:00+02:00,2025-04-01 00:00:00+03:00,-1,0.009495723034118886,0.014484889779657145,2.0899718657575366,1.1989585541772052,-0.004989166745538259,0.0026416666666666667,-0.0076308334122049265,490,20.416666666666668,end_of_window,4,-0.18585652640532271,GBPCHF,EURUSD
2025-07-25 17:00:00+03:00,2025-08-07 14:00:00+03:00,1,-0.028920725546666456,-0.01686491761548853,-2.0501380838591365,-0.477071052365392,0.012055807931177928,0.0014875,0.010568307931177929,213,8.875,mean_revert,6,-0.23673887480704386,GBPCHF,EURUSD
2025-09-25 22:00:00+03:00,2025-10-01 00:00:00+03:00,1,-0.03305386881477909,-0.02896609535118254,-2.005774835865202,-1.1834069645712335,0.004087773463596553,0.0009083333333333333,0.00317944013026322,74,3.0833333333333335,end_of_window,6,-0.23673887480704386,GBPCHF,EURUSD
2025-10-24 23:00:00+03:00,2025-11-25 15:00:00+02:00,1,-0.02767216645757138,-0.02567286627257437,-2.1611847726011124,-0.46429848863194423,0.0019993001849970132,0.0027624999999999998,-0.0007631998150029865,519,21.625,mean_revert,7,-0.36605433117901776,GBPCHF,EURUSD
2026-02-17 09:00:00+02:00,2026-03-19 18:00:00+02:00,1,-0.023880470662687725,-0.02260141163868476,-2.1365215153245005,-0.48953067611312806,0.0012790590240029653,0.002841666666666667,-0.0015626076426637015,538,22.416666666666668,mean_revert,8,-0.46251425265296287,GBPCHF,EURUSD
2024-03-20 19:00:00+02:00,2024-04-01 00:00:00+03:00,1,-0.014619817824754577,-0.02400352671260131,-2.0596192864163507,-2.594099849911191,-0.009383708887846731,0.0013166666666666665,-0.010700375554513399,172,7.166666666666667,end_of_window,0,0.22309197452461257,NZDCAD,EURCAD
2024-05-22 05:00:00+03:00,2024-07-01 00:00:00+03:00,-1,0.009329679780214428,0.009543619907542544,2.0009430522194616,0.5398003699921973,-0.00021394012732811607,0.0033791666666666666,-0.0035931067939947827,667,27.791666666666668,end_of_window,1,0.6770836510830125,NZDCAD,EURCAD
2024-07-24 23:00:00+03:00,2024-08-20 11:00:00+03:00,1,-0.019865961881513183,-0.005481967514209429,-2.534414151773158,-0.4479102130164307,0.014383994367303754,0.00245,0.011933994367303753,444,18.5,mean_revert,2,0.7694621004023379,NZDCAD,EURCAD
2024-09-27 16:00:00+03:00,2024-10-01 00:00:00+03:00,-1,0.020179844079167952,0.022292395987390357,2.068492414604614,2.1514004719405246,-0.0021125519082224042,0.0007333333333333332,-0.0028458852415557375,32,1.3333333333333333,end_of_window,2,0.7694621004023379,NZDCAD,EURCAD
2024-12-18 21:00:00+02:00,2024-12-31 23:00:00+02:00,1,-0.020206981435979543,-0.03317809606548677,-2.0618897990324845,-2.7520690719255696,-0.01297111462950723,0.0014083333333333335,-0.014379447962840564,194,8.083333333333334,end_of_window,3,0.5384150774876325,NZDCAD,EURCAD
2025-03-17 19:00:00+02:00,2025-03-20 11:00:00+02:00,-1,-0.015734934578506776,-0.022508048819140647,2.1087356065272376,0.303664670463223,0.006773114240633871,0.0008666666666666666,0.005906447573967204,64,2.6666666666666665,mean_revert,4,0.3758644992212486,NZDCAD,EURCAD
2025-03-31 11:00:00+03:00,2025-04-01 00:00:00+03:00,1,-0.032779962720285716,-0.03304034804130901,-2.122225781407401,-2.114511107104106,-0.00026038532102329315,0.0006541666666666666,-0.0009145519876899598,13,0.5416666666666666,end_of_window,4,0.3758644992212486,NZDCAD,EURCAD
2025-07-30 21:00:00+03:00,2025-08-08 02:00:00+03:00,1,-0.011220183162726716,-0.003967908794023839,-2.283031453302625,-0.4481028647983082,0.007252274368702877,0.0012208333333333333,0.0060314410353695435,149,6.208333333333333,mean_revert,6,-0.02658991963681317,NZDCAD,EURCAD
2025-08-20 05:00:00+03:00,2025-09-05 16:00:00+03:00,1,-0.0162741797776991,-0.007613441502985235,-2.639428783824774,-0.24544917903419547,0.008660738274713864,0.0018458333333333334,0.006814904941380531,299,12.458333333333334,mean_revert,6,-0.02658991963681317,NZDCAD,EURCAD
2025-09-25 16:00:00+03:00,2025-10-01 00:00:00+03:00,1,-0.023596702275017784,-0.020190160132385365,-2.378857164253717,-1.5976490048794165,0.0034065421426324183,0.0009333333333333333,0.002473208809299085,80,3.3333333333333335,end_of_window,6,-0.02658991963681317,NZDCAD,EURCAD
2025-11-04 11:00:00+02:00,2025-11-26 04:00:00+02:00,1,-0.027185189949941374,-0.021517348920095408,-2.1080738059646054,-0.42815328198940344,0.005667841029845966,0.002170833333333333,0.0034970076965126326,377,15.708333333333334,mean_revert,7,-0.03284295705296684,NZDCAD,EURCAD
2025-12-31 17:00:00+02:00,2025-12-31 23:00:00+02:00,1,-0.03822924843053924,-0.03577841431502091,-2.0535619368182036,-1.6989558615273963,0.00245083411551833,0.0006249999999999999,0.00182583411551833,6,0.25,end_of_window,7,-0.03284295705296684,NZDCAD,EURCAD
2026-01-29 00:00:00+02:00,2026-03-02 00:00:00+02:00,-1,0.012586434620083353,-0.0002608993593801734,3.1888444102177145,0.3068565927818285,0.012847333979463527,0.0028,0.010047333979463526,528,22.0,mean_revert,8,-0.09245620049379144,NZDCAD,EURCAD
2024-03-07 12:00:00+02:00,2024-03-19 10:00:00+02:00,-1,0.019582140034200404,0.012594810113762886,2.048727772648762,0.3045635918469404,0.006987329920437518,0.0013958333333333331,0.005591496587104185,191,7.958333333333333,mean_revert,0,-0.24793903527935165,GBPUSD,AUDCHF
2024-03-21 01:00:00+02:00,2024-03-22 04:00:00+02:00,-1,0.023783701971492724,0.012704490753832384,2.0568641545908113,0.27238565535908404,0.01107921121766034,0.0007124999999999999,0.01036671121766034,27,1.125,mean_revert,0,-0.24793903527935165,GBPUSD,AUDCHF
2024-08-19 06:00:00+03:00,2024-10-01 00:00:00+03:00,-1,0.029182215581224857,0.05939194961610872,2.017239874391343,1.625182699457708,-0.03020973403488386,0.003675,-0.03388473403488386,738,30.75,end_of_window,2,0.14894681151825495,GBPUSD,AUDCHF
2025-03-05 19:00:00+02:00,2025-04-01 00:00:00+03:00,-1,0.004307823802390143,0.004882346307688662,2.089495348222065,1.2344104863840888,-0.0005745225052985192,0.002420833333333333,-0.0029953558386318522,437,18.208333333333332,end_of_window,4,-0.11193181297734975,GBPUSD,AUDCHF
2025-04-28 22:00:00+03:00,2025-06-23 12:00:00+03:00,-1,0.049867233609151934,0.04552640685020995,2.1080138262156725,0.4376881041116405,0.004340826758941985,0.0045583333333333335,-0.00021750657439134884,950,39.583333333333336,mean_revert,5,-0.02297383376992684,GBPUSD,AUDCHF
2025-07-30 16:00:00+03:00,2025-08-07 14:00:00+03:00,1,0.0027762542484381716,0.014817811569312035,-2.0655216186012164,-0.46195680718870935,0.012041557320873864,0.0011916666666666666,0.010849890654207196,142,5.916666666666667,mean_revert,6,-0.3389000768338858,GBPUSD,AUDCHF
2025-10-30 14:00:00+02:00,2025-11-27 01:00:00+02:00,1,-0.019296178210112605,-0.012131460429437649,-2.1306057052570817,-0.49008421938680846,0.007164717780674956,0.002541666666666667,0.004623051114008289,466,19.416666666666668,mean_revert,7,-0.6150783059116055,GBPUSD,AUDCHF
2026-02-03 02:00:00+02:00,2026-03-02 00:00:00+02:00,-1,0.04790148214528306,0.026297874473090344,2.0166988244798665,0.18271376716743037,0.021603607672192715,0.0024916666666666668,0.01911194100552605,454,18.916666666666668,mean_revert,8,-0.7741438619562973,GBPUSD,AUDCHF
2024-02-20 15:00:00+02:00,2024-02-29 17:00:00+02:00,-1,0.03596934929332618,0.023549336491345052,2.8744868904593686,0.4024241719830931,0.012420012801981128,0.0013083333333333332,0.011111679468647795,170,7.083333333333333,mean_revert,0,-0.3218908483067668,NZDCAD,GBPJPY
2024-03-28 10:00:00+02:00,2024-04-01 00:00:00+03:00,1,0.007959351551233729,0.005479806004910159,-2.002424468524902,-2.154146952962582,-0.0024795455463235694,0.0007541666666666667,-0.0032337122129902363,37,1.5416666666666667,end_of_window,0,-0.3218908483067668,NZDCAD,GBPJPY
2024-05-15 19:00:00+03:00,2024-07-01 00:00:00+03:00,-1,0.024616986852152967,0.030807604036680036,2.077752532571544,0.5066249553837724,-0.00619061718452707,0.003820833333333333,-0.010011450517860402,773,32.208333333333336,end_of_window,1,-0.16472569897404502,NZDCAD,GBPJPY
2024-07-25 15:00:00+03:00,2024-08-01 03:00:00+03:00,1,-0.018164803894621162,-0.003123282462214716,-2.125743118713932,-0.3355327132171656,0.015041521432406446,0.00105,0.013991521432406446,108,4.5,mean_revert,2,0.20858610694465926,NZDCAD,GBPJPY
2024-08-29 04:00:00+03:00,2024-10-01 00:00:00+03:00,-1,0.026175532907158683,0.03869942657761727,2.2899163586462064,1.9003318998457148,-0.012523893670458586,0.0028833333333333332,-0.015407227003791919,548,22.833333333333332,end_of_window,2,0.20858610694465926,NZDCAD,GBPJPY
2024-11-06 05:00:00+02:00,2024-11-27 15:00:00+02:00,1,-0.007775216508323579,0.001969523639119064,-2.235328634854229,-0.4728657515283883,0.009744740147442643,0.0021416666666666667,0.0076030734807759764,370,15.416666666666666,mean_revert,3,0.11490549799332905,NZDCAD,GBPJPY
2024-12-18 23:00:00+02:00,2024-12-31 23:00:00+02:00,1,-0.02061025054397081,-0.03176328243123194,-2.0514796967325126,-2.7138037393784233,-0.011153031887261133,0.0014,-0.012553031887261134,192,8.0,end_of_window,3,0.11490549799332905,NZDCAD,GBPJPY
2025-03-06 10:00:00+02:00,2025-03-24 17:00:00+02:00,-1,-0.006004256355235937,-0.013902005160886799,2.1846495046453653,0.3640301866632093,0.007897748805650862,0.0018333333333333335,0.006064415472317528,296,12.333333333333334,mean_revert,4,0.04585632527238628,NZDCAD,GBPJPY
2025-07-30 21:00:00+03:00,2025-08-12 21:00:00+03:00,1,-0.013663681438830455,-0.006514956052955823,-2.2240803831026343,-0.40720208037242733,0.0071487253858746325,0.0015,0.005648725385874633,216,9.0,mean_revert,6,0.06435169939778411,NZDCAD,GBPJPY
2025-08-20 05:00:00+03:00,2025-09-05 16:00:00+03:00,1,-0.0196389290468183,-0.011260767428868945,-2.623877666651753,-0.31393817517099587,0.008378161617949353,0.0018458333333333334,0.00653232828461602,299,12.458333333333334,mean_revert,6,0.06435169939778411,NZDCAD,GBPJPY
2025-09-25 15:00:00+03:00,2025-10-01 00:00:00+03:00,1,-0.024590697515015747,-0.02388936872779901,-2.0309294965609324,-1.593321630490853,0.0007013287872167373,0.0009375,-0.00023617121278326266,81,3.375,end_of_window,6,0.06435169939778411,NZDCAD,GBPJPY
2025-11-04 11:00:00+02:00,2025-11-26 04:00:00+02:00,1,-0.03019460177913863,-0.026050650267607056,-2.0199171894887136,-0.4800619478210315,0.004143951511531574,0.002170833333333333,0.0019731181781982407,377,15.708333333333334,mean_revert,7,0.05106917891425244,NZDCAD,GBPJPY
2025-12-31 16:00:00+02:00,2025-12-31 23:00:00+02:00,1,-0.042838983749259485,-0.04128102412556395,-2.087280130741501,-1.835790565470466,0.0015579596236955373,0.0006291666666666667,0.0009287929570288707,7,0.2916666666666667,end_of_window,7,0.05106917891425244,NZDCAD,GBPJPY
2026-01-27 04:00:00+02:00,2026-03-02 00:00:00+02:00,-1,0.02435253883737687,0.012855340773460622,2.952603086327448,0.22231675313905447,0.011497198063916247,0.002983333333333333,0.008513864730582915,572,23.833333333333332,mean_revert,8,-0.24318538160650127,NZDCAD,GBPJPY
2024-03-28 11:00:00+02:00,2024-04-01 00:00:00+03:00,1,-0.018922670924046064,-0.020218056042236476,-2.0112778179267203,-2.0455297429150052,-0.001295385118190412,0.0007499999999999999,-0.0020453851181904117,36,1.5,end_of_window,0,0.6372303338644535,AUDCAD,AUDNZD
2024-05-02 08:00:00+03:00,2024-07-01 00:00:00+03:00,-1,0.011327628550235336,0.028309635300334327,2.0270208945206445,1.191926990961022,-0.01698200675009899,0.0047666666666666664,-0.021748673416765656,1000,41.666666666666664,end_of_window,1,0.019606722018130535,AUDCAD,AUDNZD
2024-08-05 09:00:00+03:00,2024-08-13 10:00:00+03:00,1,-0.00026095007810827964,0.016178388188219234,-2.2510868942997533,-0.416079346692749,0.016439338266327513,0.0012041666666666668,0.015235171599660847,145,6.041666666666667,mean_revert,2,0.4426044808205989,AUDCAD,AUDNZD
2024-09-19 05:00:00+03:00,2024-10-01 00:00:00+03:00,-1,0.034966510093998746,0.048078936213232684,2.0629820924474065,2.8858779932488052,-0.013112426119233939,0.0013791666666666666,-0.014491592785900606,187,7.791666666666667,end_of_window,2,0.4426044808205989,AUDCAD,AUDNZD
2024-11-14 06:00:00+02:00,2024-12-09 17:00:00+02:00,1,-0.004959520355408253,0.005926922260162282,-2.0185755170475845,-0.44639658564642865,0.010886442615570535,0.002345833333333333,0.008540609282237202,419,17.458333333333332,mean_revert,3,0.8658110865876668,AUDCAD,AUDNZD
2024-12-18 23:00:00+02:00,2024-12-31 23:00:00+02:00,1,-0.01511758651897549,-0.025104298571662492,-2.1616830730144123,-2.293716660595329,-0.009986712052687002,0.0014,-0.011386712052687003,192,8.0,end_of_window,3,0.8658110865876668,AUDCAD,AUDNZD
2025-03-17 03:00:00+02:00,2025-03-24 17:00:00+02:00,-1,0.000821072114182142,-0.01225811037948965,2.0850182144134584,0.26403817035978344,0.013079182493671793,0.0011583333333333333,0.011920849160338459,134,5.583333333333333,mean_revert,4,0.7909286017957582,AUDCAD,AUDNZD
2025-07-30 21:00:00+03:00,2025-08-07 10:00:00+03:00,1,-0.01355044948708417,-0.0071093263523538675,-2.2343618817656417,-0.39781122691382576,0.006441123134730303,0.0011541666666666666,0.005286956468063637,133,5.541666666666667,mean_revert,6,0.7134767017463854,AUDCAD,AUDNZD
2025-08-20 05:00:00+03:00,2025-09-05 15:00:00+03:00,1,-0.016101747576566933,-0.007108308441911432,-2.5469818698798408,0.055401448688701664,0.008993439134655501,0.0018416666666666664,0.007151772467988834,298,12.416666666666666,mean_revert,6,0.7134767017463854,AUDCAD,AUDNZD
2025-09-10 15:00:00+03:00,2025-09-18 03:00:00+03:00,-1,0.003316810712744256,-0.004019019926212342,2.0055188652931744,0.4399766196350694,0.0073358306389565975,0.00115,0.0061858306389565975,132,5.5,mean_revert,6,0.7134767017463854,AUDCAD,AUDNZD
2025-11-05 02:00:00+02:00,2025-11-26 04:00:00+02:00,1,-0.01802358140166274,-0.012665749598579273,-2.0631609381225973,-0.429304397240121,0.005357831803083468,0.002108333333333333,0.003249498469750135,362,15.083333333333334,mean_revert,7,0.7259294956965132,AUDCAD,AUDNZD
2026-02-02 06:00:00+02:00,2026-03-05 21:00:00+02:00,-1,0.028990233950315497,0.02289310269415512,2.690636971755341,0.46992923023023164,0.006097131256160376,0.0029625,0.0031346312561603765,567,23.625,mean_revert,8,0.5227846661151065,AUDCAD,AUDNZD
2024-03-20 17:00:00+02:00,2024-04-01 00:00:00+03:00,1,-0.009086919030459578,-0.02499992426635181,-2.0148223260043827,-2.591838676766958,-0.01591300523589223,0.0013249999999999998,-0.01723800523589223,174,7.25,end_of_window,0,0.3779160924994753,NZDCAD,USDCHF
2024-05-15 19:00:00+03:00,2024-06-25 06:00:00+03:00,-1,0.016405991115693547,0.01750389943059666,2.118684082371993,0.47673446131265257,-0.0010979083149031121,0.003445833333333333,-0.004543741648236445,683,28.458333333333332,mean_revert,1,-0.25115941968736266,NZDCAD,USDCHF
2024-07-25 16:00:00+03:00,2024-08-19 22:00:00+03:00,1,-0.009087592516970888,0.0071544367900544525,-2.5427501279681683,-0.4945833407115002,0.01624202930702534,0.002325,0.01391702930702534,414,17.25,mean_revert,2,-0.24971259038642804,NZDCAD,USDCHF
2024-09-24 16:00:00+03:00,2024-10-01 00:00:00+03:00,-1,0.02579446979648964,0.03138438815407474,2.0674960967093896,2.4255739294338725,-0.0055899183575851,0.0010333333333333332,-0.006623251690918433,104,4.333333333333333,end_of_window,2,-0.24971259038642804,NZDCAD,USDCHF
2024-11-21 08:00:00+02:00,2024-11-27 03:00:00+02:00,1,-0.008858617112475126,-0.0003498932011830047,-2.007289978935001,-0.488542696399843,0.008508723911292121,0.0009791666666666666,0.0075295572446254545,91,3.7916666666666665,mean_revert,3,-0.2952250857730212,NZDCAD,USDCHF
2024-12-19 00:00:00+02:00,2024-12-31 23:00:00+02:00,1,-0.012926518970384188,-0.020108187486082507,-2.0188470017716584,-2.812305249055672,-0.0071816685156983195,0.0013958333333333331,-0.008577501849031652,191,7.958333333333333,end_of_window,3,-0.2952250857730212,NZDCAD,USDCHF
2025-03-11 16:00:00+02:00,2025-03-13 11:00:00+02:00,-1,-0.0022891579722475464,-0.010696439741466779,2.0517232578367888,0.37788669068811415,0.008407281769219233,0.0007791666666666666,0.007628115102552566,43,1.7916666666666667,mean_revert,4,-0.26070740908699824,NZDCAD,USDCHF
2025-03-14 13:00:00+02:00,2025-03-24 14:00:00+02:00,-1,-0.0020630451195244037,-0.009050072332219994,2.047832214540555,0.47261741723641215,0.00698702721269559,0.0012041666666666668,0.005782860546028923,145,6.041666666666667,mean_revert,4,-0.26070740908699824,NZDCAD,USDCHF
2025-08-01 16:00:00+03:00,2025-08-12 18:00:00+03:00,1,-0.022760633577548095,-0.015016989697968997,-2.1308768966686253,-0.468068441868664,0.0077436438795790985,0.0013083333333333332,0.006435310546245765,170,7.083333333333333,mean_revert,6,-0.13956224127705752,NZDCAD,USDCHF
2025-08-20 05:00:00+03:00,2025-09-05 18:00:00+03:00,1,-0.027511603807392204,-0.020855748929368784,-2.5421721338831436,-0.49355045330827124,0.006655854878023421,0.0018541666666666667,0.004801688211356753,301,12.541666666666666,mean_revert,6,-0.13956224127705752,NZDCAD,USDCHF
2025-09-19 17:00:00+03:00,2025-10-01 00:00:00+03:00,1,-0.032580159596355324,-0.03408266266040558,-2.048550203137337,-1.841607627283432,-0.0015025030640502535,0.0013291666666666666,-0.0028316697307169203,175,7.291666666666667,end_of_window,6,-0.13956224127705752,NZDCAD,USDCHF
2025-11-04 11:00:00+02:00,2025-11-26 04:00:00+02:00,1,-0.029912660588730794,-0.024572485042201886,-2.097287515675896,-0.45296017752810225,0.005340175546528908,0.002170833333333333,0.003169342213195575,377,15.708333333333334,mean_revert,7,-0.02469116446327223,NZDCAD,USDCHF
2026-01-29 05:00:00+02:00,2026-03-02 00:00:00+02:00,-1,0.014316660557428224,0.0009074348124347986,3.3896888413595425,0.43169077803610956,0.013409225744993425,0.0027791666666666668,0.010630059078326759,523,21.791666666666668,mean_revert,8,0.036035484034276685,NZDCAD,USDCHF
2024-02-05 00:00:00+02:00,2024-02-09 01:00:00+02:00,1,-0.004110249433817215,0.00538932059314759,-2.1072938620395756,-0.408712871902983,0.009499570026964804,0.0010041666666666667,0.008495403360298137,97,4.041666666666667,mean_revert,0,-0.6597360838493976,NZDCAD,EURAUD
2024-02-22 20:00:00+02:00,2024-03-15 02:00:00+02:00,-1,0.018358817659903964,0.009450848441484888,2.036861885475904,0.31907106680521036,0.008907969218419076,0.0021291666666666664,0.00677880255175241,367,15.291666666666666,mean_revert,0,-0.6597360838493976,NZDCAD,EURAUD
2024-03-28 02:00:00+02:00,2024-04-01 00:00:00+03:00,1,-0.006067894978453253,-0.01311802415110716,-2.0054938222981367,-2.716359685201668,-0.007050129172653907,0.0007875,-0.007837629172653907,45,1.875,end_of_window,0,-0.6597360838493976,NZDCAD,EURAUD
2024-06-03 18:00:00+03:00,2024-06-19 23:00:00+03:00,-1,0.016988933690508745,0.005994656008698002,2.075547241147522,0.4598113931139195,0.010994277681810743,0.0018208333333333332,0.00917344434847741,293,12.208333333333334,mean_revert,1,-0.6402855035211831,NZDCAD,EURAUD
2024-08-02 17:00:00+03:00,2024-08-08 20:00:00+03:00,-1,0.021460842517059597,0.007408661425433505,2.071762733051453,0.4928471362568133,0.014052181091626093,0.0010125,0.013039681091626093,99,4.125,mean_revert,2,-0.9319966548835568,NZDCAD,EURAUD
2024-11-06 13:00:00+02:00,2024-12-05 17:00:00+02:00,1,-0.005648377709015107,-0.004583960089950823,-2.021945059287142,-0.44205530275542176,0.001064417619064284,0.0027166666666666667,-0.0016522490476023827,508,21.166666666666668,mean_revert,3,-0.7480764360305151,NZDCAD,EURAUD
2025-03-04 17:00:00+02:00,2025-03-11 16:00:00+02:00,-1,0.002112774575302817,0.03225734431084701,2.1177981221829274,4.212859824741457,-0.03014456973554419,0.0010999999999999998,-0.03124456973554419,120,5.0,stop_z,4,-0.568158621225062,NZDCAD,EURAUD
2025-03-11 17:00:00+02:00,2025-03-11 18:00:00+02:00,-1,0.029828333018127068,0.03093159770515358,3.9527100417890977,4.034105318104275,-0.0011032646870265117,0.0006041666666666666,-0.0017074313536931782,1,0.041666666666666664,stop_z,4,-0.568158621225062,NZDCAD,EURAUD
2025-03-11 19:00:00+02:00,2025-04-01 00:00:00+03:00,-1,0.03157712542332278,0.016453308464696947,4.070247568221903,1.1675046840542667,0.01512381695862583,0.0020166666666666666,0.013107150291959163,340,14.166666666666666,end_of_window,4,-0.568158621225062,NZDCAD,EURAUD
2025-07-30 21:00:00+03:00,2025-08-07 23:00:00+03:00,1,-0.004438890188527264,0.002751261252551998,-2.220375522590602,-0.44058629017525996,0.007190151441079262,0.0012083333333333334,0.005981818107745928,146,6.083333333333333,mean_revert,6,-0.13920181751779984,NZDCAD,EURAUD
2025-08-20 05:00:00+03:00,2025-09-05 16:00:00+03:00,1,-0.007731563136694666,-0.0010111393334394092,-2.417787471419899,-0.3405547993122396,0.006720423803255257,0.0018458333333333334,0.004874590469921924,299,12.458333333333334,mean_revert,6,-0.13920181751779984,NZDCAD,EURAUD
2025-09-22 02:00:00+03:00,2025-10-01 00:00:00+03:00,1,-0.013656129441217343,-0.014457549096163189,-2.0530703151690113,-1.8223658384798074,-0.0008014196549458452,0.0012916666666666667,-0.002093086321612512,166,6.916666666666667,end_of_window,6,-0.13920181751779984,NZDCAD,EURAUD
2025-11-04 11:00:00+02:00,2025-11-26 04:00:00+02:00,1,-0.026141155651053155,-0.020128952013971246,-2.1553903762683038,-0.41473264935607546,0.006012203637081909,0.002170833333333333,0.0038413703037485755,377,15.708333333333334,mean_revert,7,-0.08194067411390513,NZDCAD,EURAUD
2025-12-31 16:00:00+02:00,2025-12-31 23:00:00+02:00,1,-0.03682765084388287,-0.03510746628986078,-2.0499276261453194,-1.7784622841139113,0.0017201845540220917,0.0006291666666666667,0.001091017887355425,7,0.2916666666666667,end_of_window,7,-0.08194067411390513,NZDCAD,EURAUD
2026-01-28 09:00:00+02:00,2026-03-02 00:00:00+02:00,-1,0.006728099641290841,-0.0032250879655327247,3.024632032469909,0.29028573947385494,0.009953187606823566,0.0028625,0.007090687606823565,543,22.625,mean_revert,8,-0.02744978793789503,NZDCAD,EURAUD
2024-03-05 17:00:00+02:00,2024-03-19 07:00:00+02:00,-1,0.01742472802578679,0.01249059775803485,2.2410379486650536,0.4853107274962832,0.0049341302677519405,0.0015625,0.0033716302677519404,231,9.625,mean_revert,0,-0.6006587572195555,NZDCAD,GBPNZD
2024-03-28 22:00:00+02:00,2024-04-01 00:00:00+03:00,1,0.0012210955438552162,0.0016596225188582614,-2.0330953364439033,-1.8700690226083145,0.00043852697500304516,0.0007041666666666666,-0.0002656396916636215,25,1.0416666666666667,end_of_window,0,-0.6006587572195555,NZDCAD,GBPNZD
2024-05-17 18:00:00+03:00,2024-06-24 00:00:00+03:00,-1,0.018849045146926147,0.019026218523145066,2.024080694022001,0.4097251959554031,-0.00017717337621891982,0.0031249999999999997,-0.0033021733762189196,606,25.25,mean_revert,1,-0.6875909395769619,NZDCAD,GBPNZD
2024-08-20 16:00:00+03:00,2024-09-11 22:00:00+03:00,-1,0.03318236839826505,0.028857218888213687,2.1349679207433843,0.4725826115071051,0.004325149510051363,0.002225,0.0021001495100513626,390,16.25,mean_revert,2,-0.6651964451292804,NZDCAD,GBPNZD
2024-09-16 14:00:00+03:00,2024-10-01 00:00:00+03:00,-1,0.040929198775811304,0.053051022264508474,2.095169801125013,2.4247948710349854,-0.01212182348869717,0.0016416666666666667,-0.013763490155363836,250,10.416666666666666,end_of_window,2,-0.6651964451292804,NZDCAD,GBPNZD
2025-03-05 17:00:00+02:00,2025-03-31 15:00:00+03:00,-1,0.0014965696358970881,-0.003431871809817494,2.001891072569172,0.4996486595331531,0.004928441445714582,0.002391666666666667,0.002536774779047915,430,17.916666666666668,mean_revert,4,-0.16667703942173698,NZDCAD,GBPNZD
2025-07-30 21:00:00+03:00,2025-08-08 02:00:00+03:00,1,-0.0037037890886463254,0.004144410928827169,-2.481406040474156,-0.46287225165149476,0.007848200017473494,0.0012208333333333333,0.006627366684140161,149,6.208333333333333,mean_revert,6,-0.33339546921104524,NZDCAD,GBPNZD
2025-09-02 10:00:00+03:00,2025-09-05 15:00:00+03:00,1,-0.006994951211644618,0.0035027902054065863,-2.0359049361923214,-0.06291603687657185,0.010497741417051204,0.0009208333333333333,0.009576908083717871,77,3.2083333333333335,mean_revert,6,-0.33339546921104524,NZDCAD,GBPNZD
2025-10-31 07:00:00+02:00,2025-11-26 04:00:00+02:00,1,-0.015583511229839836,-0.01298477190745323,-2.051329075422719,-0.42871860698861175,0.002598739322386606,0.0023833333333333332,0.00021540598905327299,428,17.833333333333332,mean_revert,7,-0.25661671374384454,NZDCAD,GBPNZD
2026-01-28 12:00:00+02:00,2026-02-20 03:00:00+02:00,-1,0.010077042284959245,0.0017837740622971693,2.860022527616056,0.47234713928152106,0.008293268222662076,0.0022624999999999998,0.006030768222662076,399,16.625,mean_revert,8,-0.3781054094515459,NZDCAD,GBPNZD
2026-03-09 03:00:00+02:00,2026-03-19 20:00:00+02:00,1,-0.020487884268557785,-0.006587153154507933,-2.0314746515416804,-0.4983718883982151,0.013900731114049852,0.0014708333333333333,0.01242989778071652,209,8.708333333333334,mean_revert,8,-0.3781054094515459,NZDCAD,GBPNZD
2024-03-19 08:00:00+02:00,2024-04-01 00:00:00+03:00,-1,0.01940240558215739,0.04195036175030886,2.0306437599369493,2.1763232862162303,-0.022547956168151473,0.0014624999999999998,-0.02401045616815147,207,8.625,end_of_window,0,-1.1092652330204396,GBPNZD,CADCHF
2024-06-04 15:00:00+03:00,2024-06-28 04:00:00+03:00,1,0.0020001682347857708,0.009893698222164349,-2.0456236533533727,-0.4676621131372138,0.007893529987378578,0.0023541666666666667,0.005539363320711911,421,17.541666666666668,mean_revert,1,-0.25262609317180673,GBPNZD,CADCHF
2024-07-26 23:00:00+03:00,2024-08-28 11:00:00+03:00,-1,0.05508394148298523,0.02793507797336925,3.1644906736028378,0.4860981380465931,0.027148863509615984,0.0028499999999999997,0.024298863509615985,540,22.5,mean_revert,2,0.17721433841470824,GBPNZD,CADCHF
2024-10-29 12:00:00+02:00,2024-11-19 15:00:00+02:00,-1,0.031951966433469536,0.020216948636385013,2.0067691459096006,0.38308423565392224,0.011735017797084524,0.002108333333333333,0.00962668446375119,362,15.083333333333334,mean_revert,3,-0.2310528565124884,GBPNZD,CADCHF
2024-12-06 13:00:00+02:00,2024-12-31 23:00:00+02:00,-1,0.038019506159450045,0.06281994880650055,2.0731993186796225,2.405869870613812,-0.024800442647050502,0.0022416666666666665,-0.02704210931371717,394,16.416666666666668,end_of_window,3,-0.2310528565124884,GBPNZD,CADCHF
2025-02-28 12:00:00+02:00,2025-03-17 09:00:00+02:00,-1,0.0487126370319384,0.03764231628437453,2.015449579139135,0.43699369017201156,0.011070320747563867,0.0016916666666666664,0.0093786540808972,262,10.916666666666666,mean_revert,4,-0.5089017463864483,GBPNZD,CADCHF
2025-03-31 14:00:00+03:00,2025-04-01 00:00:00+03:00,-1,0.05204704998538645,0.05054091974792041,2.021951715058523,1.7984600817414298,0.0015061302374660412,0.0006416666666666666,0.0008644635707993747,10,0.4166666666666667,end_of_window,4,-0.5089017463864483,GBPNZD,CADCHF
2025-08-20 06:00:00+03:00,2025-09-02 17:00:00+03:00,-1,0.012193896279597938,-0.0010722144191818161,2.0576694842023833,0.49540373298131346,0.013266110698779754,0.0015458333333333333,0.01172027736544642,227,9.458333333333334,mean_revert,6,-0.6557546937275777,GBPNZD,CADCHF
2025-11-07 09:00:00+02:00,2025-11-12 10:00:00+02:00,-1,0.01925332957143655,0.008610617579596469,2.1626735402070563,0.3287175405060983,0.010642711991840081,0.0009041666666666666,0.009738545325173415,73,3.0416666666666665,mean_revert,7,-0.510100510653156,GBPNZD,CADCHF
2025-11-25 08:00:00+02:00,2025-11-26 04:00:00+02:00,-1,0.020390257524833033,0.010189263544512994,2.0002591271595143,0.42646824148037726,0.010200993980320039,0.0006833333333333333,0.009517660646986706,20,0.8333333333333334,mean_revert,7,-0.510100510653156,GBPNZD,CADCHF
2025-12-31 07:00:00+02:00,2025-12-31 23:00:00+02:00,-1,0.021180470413969865,0.02343863335607632,2.066376263225118,2.4098416721940934,-0.0022581629421064564,0.0006666666666666666,-0.002924829608773123,16,0.6666666666666666,end_of_window,7,-0.510100510653156,GBPNZD,CADCHF
2026-01-29 09:00:00+02:00,2026-03-06 15:00:00+02:00,1,-0.016273025792505558,-0.01159589121631266,-2.858357346029878,-0.4383789189160662,0.004677134576192898,0.003225,0.0014521345761928984,630,26.25,mean_revert,8,-0.4538808842744826,GBPNZD,CADCHF
2024-03-08 16:00:00+02:00,2024-03-15 03:00:00+02:00,-1,0.024406564465558042,0.012460544053671654,2.2544705421215503,0.4410499045494018,0.011946020411886388,0.00105,0.010896020411886387,108,4.5,mean_revert,0,-0.5396052076611528,NZDCAD,GBPCAD
2024-03-22 09:00:00+02:00,2024-04-01 00:00:00+03:00,1,-0.0060178337116200825,-0.013520137045039585,-2.0553955686338403,-2.471973640273067,-0.007502303333419502,0.0011583333333333333,-0.008660636666752836,134,5.583333333333333,end_of_window,0,-0.5396052076611528,NZDCAD,GBPCAD
2024-05-27 13:00:00+03:00,2024-06-26 15:00:00+03:00,-1,0.012771899990929592,0.007594294268045643,2.0461441873366653,0.48912971289225626,0.005177605722883949,0.0028083333333333333,0.0023692723895506157,530,22.083333333333332,mean_revert,1,0.2756237109099574,NZDCAD,GBPCAD
2024-07-24 23:00:00+03:00,2024-08-07 06:00:00+03:00,1,-0.03301874538510707,-0.009719194432011968,-3.068649785019397,-0.4392316873692499,0.023299550953095105,0.0015291666666666665,0.02177038428642844,223,9.291666666666666,mean_revert,2,0.6760604358665536,NZDCAD,GBPCAD
2024-10-29 17:00:00+02:00,2024-11-29 15:00:00+02:00,1,-0.017288058851570642,-0.009453718124212973,-2.018333713081166,-0.4077819853678516,0.00783434072735767,0.0028875,0.00494684072735767,549,22.875,mean_revert,3,0.41449788998280235,NZDCAD,GBPCAD
2024-12-11 06:00:00+02:00,2024-12-31 23:00:00+02:00,1,-0.02749948415159975,-0.04571223736752594,-2.017108136183697,-2.69498436190832,-0.018212753215926192,0.0019708333333333336,-0.020183586549259527,329,13.708333333333334,end_of_window,3,0.41449788998280235,NZDCAD,GBPCAD
2025-03-14 14:00:00+02:00,2025-03-24 15:00:00+02:00,-1,-0.013126956262817457,-0.020810604761258678,2.0426821786377394,0.34444029423804023,0.00768364849844122,0.0012041666666666668,0.006479481831774553,145,6.041666666666667,mean_revert,4,0.17467987081212172,NZDCAD,GBPCAD
2025-07-30 21:00:00+03:00,2025-08-12 18:00:00+03:00,1,-0.011577062907836805,-0.003754500203834943,-2.3474330631767706,-0.3848579599294778,0.007822562704001862,0.0014875,0.006335062704001862,213,8.875,mean_revert,6,-0.05200452206868514,NZDCAD,GBPCAD
2025-08-20 05:00:00+03:00,2025-09-05 16:00:00+03:00,1,-0.016092782591949684,-0.007545725700262074,-2.5286037818517664,-0.2531325404056255,0.00854705689168761,0.0018458333333333334,0.006701223558354277,299,12.458333333333334,mean_revert,6,-0.05200452206868514,NZDCAD,GBPCAD
2025-09-25 16:00:00+03:00,2025-10-01 00:00:00+03:00,1,-0.023857382095121227,-0.02027391638929646,-2.2979270132237897,-1.6096640284900379,0.0035834657058247676,0.0009333333333333333,0.0026501323724914343,80,3.3333333333333335,end_of_window,6,-0.05200452206868514,NZDCAD,GBPCAD
2025-11-04 11:00:00+02:00,2025-11-26 04:00:00+02:00,1,-0.028853754126550446,-0.02367676970447405,-2.0762644155195535,-0.45709043781185293,0.005176984422076397,0.002170833333333333,0.003006151088743064,377,15.708333333333334,mean_revert,7,0.022351243502628973,NZDCAD,GBPCAD
2026-01-29 05:00:00+02:00,2026-03-03 07:00:00+02:00,-1,0.00913154706001168,-0.001696485611695886,3.332194965644519,0.441076109368602,0.010828032671707566,0.002908333333333333,0.007919699338374234,554,23.083333333333332,mean_revert,8,0.1498640505603098,NZDCAD,GBPCAD
2024-03-08 12:00:00+02:00,2024-03-15 02:00:00+02:00,-1,0.028320343984099015,0.017997460085537924,2.101948075545093,0.330950846242691,0.010322883898561092,0.0010625,0.00926038389856109,111,4.625,mean_revert,0,0.3572471538129616,GBPUSD,EURAUD
2024-08-05 10:00:00+03:00,2024-08-08 12:00:00+03:00,-1,0.028019194887468735,0.011069539043309207,2.0799223901215615,0.45091613032751093,0.016949655844159528,0.0009083333333333333,0.016041322510826194,74,3.0833333333333335,mean_revert,2,-0.4254890329431921,GBPUSD,EURAUD
2024-08-19 08:00:00+03:00,2024-10-01 00:00:00+03:00,-1,0.02983571071119262,0.04981401025305776,2.00603683975891,1.3031952896421488,-0.01997829954186514,0.0036666666666666666,-0.023644966208531806,736,30.666666666666668,end_of_window,2,-0.4254890329431921,GBPUSD,EURAUD
2024-11-06 14:00:00+02:00,2024-12-06 12:00:00+02:00,1,0.006300106958427754,0.008332645532162397,-2.015033022514475,-0.4910870118553588,0.0020325385737346435,0.0027916666666666667,-0.0007591280929320232,526,21.916666666666668,mean_revert,3,-0.7423460890213328,GBPUSD,EURAUD
2025-03-04 10:00:00+02:00,2025-04-01 00:00:00+03:00,-1,0.00694977010522152,0.030326416567732772,2.085635319152174,1.5591423671150828,-0.023376646462511252,0.002558333333333333,-0.025934979795844585,470,19.583333333333332,end_of_window,4,-0.36088248470991163,GBPUSD,EURAUD
2025-10-30 14:00:00+02:00,2025-11-27 05:00:00+02:00,1,-0.012869417330288985,-0.007104606337289904,-2.0692527003693297,-0.48701346704347276,0.005764810992999081,0.002558333333333333,0.003206477659665748,470,19.583333333333332,mean_revert,7,0.6329659772291066,GBPUSD,EURAUD
2025-12-26 16:00:00+02:00,2025-12-31 23:00:00+02:00,-1,0.020245418541277455,0.015039308477973995,2.0321508238603303,1.5153204573753227,0.00520611006330346,0.0009291666666666666,0.004276943396636793,79,3.2916666666666665,end_of_window,7,0.6329659772291066,GBPUSD,EURAUD
2026-02-02 06:00:00+02:00,2026-03-23 07:00:00+02:00,-1,0.06025976270123479,0.06150716728895522,2.1530491136796477,0.4200008155148996,-0.0012474045877204354,0.004108333333333334,-0.005355737921053769,842,35.083333333333336,mean_revert,8,0.9444626038199215,GBPUSD,EURAUD
2024-06-04 10:00:00+03:00,2024-07-01 00:00:00+03:00,1,-0.006933280232177208,-0.0016248959771357763,-2.0521971917058957,-0.6124173815713698,0.005308384255041432,0.002458333333333333,0.0028500509217080985,446,18.583333333333332,end_of_window,1,-0.232434323246168,CADCHF,EURNZD
2024-07-24 23:00:00+03:00,2024-08-05 03:00:00+03:00,1,-0.026191680952245333,-0.06702351030694931,-2.8838078815330745,-4.015660519963443,-0.040831829354703975,0.0013166666666666665,-0.04214849602137064,172,7.166666666666667,stop_z,2,0.19121405380500606,CADCHF,EURNZD
2024-08-05 04:00:00+03:00,2024-08-05 06:00:00+03:00,1,-0.06699051313894677,-0.06953917753770422,-3.989817321343508,-4.092762892045118,-0.0025486643987574498,0.0006083333333333332,-0.003156997732090783,2,0.08333333333333333,stop_z,2,0.19121405380500606,CADCHF,EURNZD
2024-08-05 07:00:00+03:00,2024-08-05 08:00:00+03:00,1,-0.07368627777640002,-0.07958040334836192,-4.3082827849383385,-4.618498543503343,-0.005894125571961895,0.0006041666666666666,-0.0064982922386285615,1,0.041666666666666664,stop_z,2,0.19121405380500606,CADCHF,EURNZD
2024-08-05 09:00:00+03:00,2024-08-05 10:00:00+03:00,1,-0.07589604524169402,-0.0709496723518298,-4.372715490921774,-4.060871807114369,0.0049463728898642145,0.0006041666666666666,0.004342206223197548,1,0.041666666666666664,stop_z,2,0.19121405380500606,CADCHF,EURNZD
2024-08-05 11:00:00+03:00,2024-08-05 12:00:00+03:00,1,-0.07379931835696374,-0.07382065064426546,-4.197650253484128,-4.171846560608313,-2.1332287301722985e-05,0.0006041666666666666,-0.0006254989539683896,1,0.041666666666666664,stop_z,2,0.19121405380500606,CADCHF,EURNZD
2024-08-05 13:00:00+03:00,2024-08-05 14:00:00+03:00,1,-0.07254212118582226,-0.07385068993262234,-4.07366881855114,-4.1216861195821455,-0.0013085687468000762,0.0006041666666666666,-0.0019127354134667427,1,0.041666666666666664,stop_z,2,0.19121405380500606,CADCHF,EURNZD
2024-08-05 15:00:00+03:00,2024-09-23 16:00:00+03:00,1,-0.07773605188211996,-0.04003713119612273,-4.3110621854657944,-0.44263954971843195,0.03769892068599723,0.0041041666666666666,0.03359475401933056,841,35.041666666666664,mean_revert,2,0.19121405380500606,CADCHF,EURNZD
2025-02-12 15:00:00+02:00,2025-02-20 16:00:00+02:00,-1,0.01064618836616231,-0.002382448532803852,2.104450921507327,0.4665380958373684,0.013028636898966162,0.0012041666666666668,0.011824470232299496,145,6.041666666666667,mean_revert,4,-0.5925221420396174,CADCHF,EURNZD
2025-03-10 14:00:00+02:00,2025-03-12 14:00:00+02:00,1,-0.022305029628142195,-0.008320017988826436,-2.1472667499860196,-0.4947577586951507,0.013985011639315759,0.0007999999999999999,0.013185011639315758,48,2.0,mean_revert,4,-0.5925221420396174,CADCHF,EURNZD
2025-03-19 08:00:00+02:00,2025-03-24 17:00:00+02:00,1,-0.01825703601497937,-0.006359964059665338,-2.0207875816399588,-0.27799897789233247,0.011897071955314031,0.0009375,0.01095957195531403,81,3.375,mean_revert,4,-0.5925221420396174,CADCHF,EURNZD
2025-08-07 02:00:00+03:00,2025-08-13 10:00:00+03:00,-1,-0.0025113715159176646,-0.011648076502243126,2.0872729194813497,0.2384521472663035,0.009136704986325461,0.0010333333333333332,0.008103371652992127,104,4.333333333333333,mean_revert,6,-0.8199721005250131,CADCHF,EURNZD
2025-08-20 05:00:00+03:00,2025-09-05 16:00:00+03:00,-1,0.001495587760260226,-0.009800094311112766,2.466493124530103,0.08174984173397053,0.011295682071372992,0.0018458333333333334,0.00944984873803966,299,12.458333333333334,mean_revert,6,-0.8199721005250131,CADCHF,EURNZD
2025-11-04 22:00:00+02:00,2025-11-13 18:00:00+02:00,-1,0.012982435882717469,0.004121839514128756,2.0488187314241553,0.3683332183541526,0.008860596368588713,0.0012833333333333334,0.00757726303525538,164,6.833333333333333,mean_revert,7,-0.8916760001282645,CADCHF,EURNZD
2025-11-19 04:00:00+02:00,2025-11-27 03:00:00+02:00,-1,0.017090596100625743,0.0065404166590194435,2.0099055767355622,0.4349597976126721,0.0105501794416063,0.0011958333333333333,0.009354346108272966,143,5.958333333333333,mean_revert,7,-0.8916760001282645,CADCHF,EURNZD
2026-01-29 05:00:00+02:00,2026-01-29 06:00:00+02:00,1,-0.03324518773802945,-0.03477603531280041,-3.8786245093776546,-4.002184428136335,-0.001530847574770955,0.0006041666666666666,-0.0021350142414376214,1,0.041666666666666664,stop_z,8,-0.9330277279104999,CADCHF,EURNZD
2026-01-29 07:00:00+02:00,2026-03-03 12:00:00+02:00,1,-0.03448562243494305,-0.017822903790313177,-3.9525709102469286,-0.4189408300223462,0.01666271864462987,0.002920833333333333,0.013741885311296538,557,23.208333333333332,mean_revert,8,-0.9330277279104999,CADCHF,EURNZD
2024-05-15 15:00:00+03:00,2024-06-07 16:00:00+03:00,-1,0.01332701289205901,0.004552673498990467,2.210605321763745,0.4703221922334228,0.008774339393068542,0.0023041666666666666,0.006470172726401876,409,17.041666666666668,mean_revert,1,0.11014529580708332,AUDUSD,EURGBP
2024-07-31 04:00:00+03:00,2024-08-06 20:00:00+03:00,1,-0.02245052626908206,-0.0014173545599853732,-2.3982829117638267,-0.47486260849053497,0.021033171709096687,0.0010666666666666667,0.01996650504243002,112,4.666666666666667,mean_revert,2,-0.726228547525154,AUDUSD,EURGBP
2024-08-20 21:00:00+03:00,2024-09-03 17:00:00+03:00,-1,0.024355304804451916,0.010942689799465888,2.0240402881056068,0.46614320447815505,0.013412615004986028,0.0015833333333333333,0.011829281671652696,236,9.833333333333334,mean_revert,2,-0.726228547525154,AUDUSD,EURGBP
2024-09-25 02:00:00+03:00,2024-10-01 00:00:00+03:00,-1,0.030508367457100838,0.03065216867192655,2.013670271751425,1.7773029226550192,-0.00014380121482571173,0.0009916666666666665,-0.0011354678814923783,94,3.9166666666666665,end_of_window,2,-0.726228547525154,AUDUSD,EURGBP
2024-11-06 04:00:00+02:00,2024-12-31 23:00:00+02:00,1,-0.03271331567222646,-0.0984763353902115,-2.08481115844541,-2.0222949099703147,-0.06576301971798504,0.004479166666666667,-0.07024218638465171,931,38.791666666666664,end_of_window,3,-1.0565396379272178,AUDUSD,EURGBP
2025-08-20 16:00:00+03:00,2025-08-25 09:00:00+03:00,1,-0.016150611819008287,-0.005477054667411607,-2.0943889727684426,-0.43442584141956775,0.01067355715159668,0.0008708333333333333,0.009802723818263347,65,2.7083333333333335,mean_revert,6,0.2963016380116062,AUDUSD,EURGBP
2025-09-09 08:00:00+03:00,2025-09-24 19:00:00+03:00,-1,0.011495919124212217,0.003988936124706133,2.06640253791331,0.41978218307961274,0.007506982999506084,0.0017458333333333332,0.005761149666172751,275,11.458333333333334,mean_revert,6,0.2963016380116062,AUDUSD,EURGBP
2025-11-05 03:00:00+02:00,2025-11-10 11:00:00+02:00,1,-0.013549607009552322,-0.0006205272774521542,-2.0523401618839343,-0.4849016930838806,0.012929079732100168,0.0009333333333333333,0.011995746398766835,80,3.3333333333333335,mean_revert,7,0.42077182208335845,AUDUSD,EURGBP
2025-11-19 19:00:00+02:00,2025-11-27 01:00:00+02:00,1,-0.014568225822418457,-0.0016678645940070291,-2.0413241093290937,-0.4539083050573579,0.012900361228411428,0.001125,0.011775361228411428,126,5.25,mean_revert,7,0.42077182208335845,AUDUSD,EURGBP
2025-12-23 23:00:00+02:00,2025-12-31 23:00:00+02:00,-1,0.026882973732382354,0.023004010373545047,2.004961030206825,1.522906426787177,0.0038789633588373063,0.0010999999999999998,0.0027789633588373064,120,5.0,end_of_window,7,0.42077182208335845,AUDUSD,EURGBP
2026-02-04 06:00:00+02:00,2026-03-23 08:00:00+02:00,-1,0.07941993089862781,0.06520835624062354,2.6151451581170964,0.457631787613771,0.014211574658004267,0.0039125,0.010299074658004267,795,33.125,mean_revert,8,0.8392325148758856,AUDUSD,EURGBP
2024-02-13 12:00:00+02:00,2024-04-01 00:00:00+03:00,-1,0.0025767412582026195,0.018178887342314293,2.012568319880833,1.621960906306725,-0.015602146084111673,0.00395,-0.019552146084111675,804,33.5,end_of_window,0,0.21597110759559668,GBPCHF,USDCHF
2024-05-17 16:00:00+03:00,2024-06-04 16:00:00+03:00,-1,0.024257705167489624,0.019385831978764256,2.102912967404402,0.4953181591295328,0.0048718731887253675,0.0018,0.0030718731887253675,288,12.0,mean_revert,1,0.38434129265802197,GBPCHF,USDCHF
2024-08-05 02:00:00+03:00,2024-08-15 16:00:00+03:00,1,-0.0008980763715216444,0.01124443161492003,-2.111811583708365,-0.4642675424740742,0.012142507986441675,0.0014583333333333332,0.010684174653108343,206,8.583333333333334,mean_revert,2,0.5412094409518068,GBPCHF,USDCHF
2024-09-23 16:00:00+03:00,2024-10-01 00:00:00+03:00,-1,0.037638999335369544,0.037967722465273274,2.019228257855633,1.6503692766087839,-0.00032872312990372965,0.0011333333333333332,-0.0014620564632370628,128,5.333333333333333,end_of_window,2,0.5412094409518068,GBPCHF,USDCHF
2025-03-05 10:00:00+02:00,2025-04-01 00:00:00+03:00,-1,0.008725526356307495,0.012682952513005663,2.1286240229872417,1.3150530135819851,-0.003957426156698168,0.002458333333333333,-0.0064157594900315015,446,18.583333333333332,end_of_window,4,0.48285517422258256,GBPCHF,USDCHF
2025-07-28 23:00:00+03:00,2025-08-08 20:00:00+03:00,1,-0.021723090971149495,-0.01024884145241714,-2.0915425527695732,-0.48134637145603654,0.011474249518732355,0.0014875,0.009986749518732355,213,8.875,mean_revert,6,0.2973808483156616,GBPCHF,USDCHF
2025-10-28 23:00:00+02:00,2025-11-26 17:00:00+02:00,1,-0.02677951002154816,-0.02083374340304084,-2.7129616625354873,-0.47245723898962527,0.00594576661850732,0.0026708333333333332,0.0032749332851739867,497,20.708333333333332,mean_revert,7,0.36754329876608216,GBPCHF,USDCHF
2026-02-27 15:00:00+02:00,2026-03-19 18:00:00+02:00,1,-0.021430777737906165,-0.011853033593472034,-2.1417547363509994,-0.4572244839725353,0.00957774414443413,0.0020166666666666666,0.007561077477767464,340,14.166666666666666,mean_revert,8,0.44293575224423537,GBPCHF,USDCHF
2024-02-13 12:00:00+02:00,2024-04-01 00:00:00+03:00,-1,0.0025325490905869497,0.017885785044591235,2.0223844696447837,1.61097171033078,-0.015353235954004285,0.00395,-0.019303235954004287,804,33.5,end_of_window,0,-0.7842795645702685,GBPUSD,USDCHF
2024-05-17 16:00:00+03:00,2024-06-04 22:00:00+03:00,-1,0.024256632940101747,0.018943354204175034,2.0706897290721424,0.4425081403428926,0.005313278735926713,0.0018249999999999998,0.0034882787359267133,294,12.25,mean_revert,1,-0.6160691551868008,GBPUSD,USDCHF
2024-08-05 02:00:00+03:00,2024-08-15 16:00:00+03:00,1,-0.000856609776187206,0.01124922139451709,-2.086522152439313,-0.44802338926635704,0.012105831170704295,0.0014583333333333332,0.010647497837370963,206,8.583333333333334,mean_revert,2,-0.4588132026099515,GBPUSD,USDCHF
2024-09-23 16:00:00+03:00,2024-10-01 00:00:00+03:00,-1,0.03763311860360921,0.03805080209373149,2.0294408576851586,1.6668995932560273,-0.0004176834901222781,0.0011333333333333332,-0.0015510168234556113,128,5.333333333333333,end_of_window,2,-0.4588132026099515,GBPUSD,USDCHF
2025-03-05 10:00:00+02:00,2025-04-01 00:00:00+03:00,-1,0.008709110555260358,0.012540215825754208,2.1400749852925083,1.3111776456607598,-0.003831105270493851,0.002458333333333333,-0.006289438603827184,446,18.583333333333332,end_of_window,4,-0.5172603489255243,GBPUSD,USDCHF
2025-07-29 03:00:00+03:00,2025-08-08 20:00:00+03:00,1,-0.02182361978565353,-0.010244198370063268,-2.0691220383997018,-0.48432337187328733,0.011579421415590263,0.0014708333333333333,0.01010858808225693,209,8.708333333333334,mean_revert,6,-0.7024233228659127,GBPUSD,USDCHF
2025-10-28 23:00:00+02:00,2025-11-26 17:00:00+02:00,1,-0.02709843684825869,-0.020816340585889492,-2.7753985328580826,-0.48425337428640325,0.006282096262369197,0.0026708333333333332,0.0036112629290358635,497,20.708333333333332,mean_revert,7,-0.6322043650305624,GBPUSD,USDCHF
2026-02-27 15:00:00+02:00,2026-03-19 18:00:00+02:00,1,-0.021414133589164025,-0.011824119289441382,-2.0425051730024335,-0.4611609622991563,0.009590014299722643,0.0020166666666666666,0.007573347633055977,340,14.166666666666666,mean_revert,8,-0.5568624691522687,GBPUSD,USDCHF
2024-02-20 15:00:00+02:00,2024-03-15 04:00:00+02:00,-1,0.02348234105777325,0.015841311555775783,2.517509566612703,0.4085173284579906,0.007641029501997465,0.0023583333333333334,0.005282696168664131,422,17.583333333333332,mean_revert,0,-0.5247506616737047,NZDCAD,GBPAUD
2024-03-21 20:00:00+02:00,2024-04-01 00:00:00+03:00,1,0.0018970357801485482,-0.005988960647668823,-2.001415803805548,-2.662428784802686,-0.007885996427817371,0.0012125,-0.009098496427817371,147,6.125,end_of_window,0,-0.5247506616737047,NZDCAD,GBPAUD
2024-06-03 18:00:00+03:00,2024-06-25 06:00:00+03:00,-1,0.02563460089473177,0.01449526987498509,2.017849057299102,0.492263293832725,0.011139331019746679,0.00215,0.00898933101974668,372,15.5,mean_revert,1,-0.5504632010628178,NZDCAD,GBPAUD
2024-08-23 21:00:00+03:00,2024-10-01 00:00:00+03:00,-1,0.03115821141198047,0.04727121568013937,2.010525333856803,2.1360540280201397,-0.016113004268158898,0.0032124999999999996,-0.019325504268158898,627,26.125,end_of_window,2,-0.5841629346166873,NZDCAD,GBPAUD
2024-11-13 18:00:00+02:00,2024-12-09 10:00:00+02:00,1,-0.0038446335835313483,0.0037761641401294344,-2.0883176548666866,-0.46676800957229714,0.007620797723660783,0.0023666666666666667,0.0052541310569941164,424,17.666666666666668,mean_revert,3,-0.046564005637877666,NZDCAD,GBPAUD
2024-12-19 00:00:00+02:00,2024-12-31 23:00:00+02:00,1,-0.016584193748317766,-0.025782937057399175,-2.026494541876052,-2.5811235211227874,-0.009198743309081409,0.0013958333333333331,-0.01059457664241474,191,7.958333333333333,end_of_window,3,-0.046564005637877666,NZDCAD,GBPAUD
2025-03-06 10:00:00+02:00,2025-04-01 00:00:00+03:00,-1,0.004109072180750559,-0.000527482723762393,2.137091099112881,0.7932939866756296,0.004636554904512952,0.0023583333333333334,0.0022782215711796183,422,17.583333333333332,end_of_window,4,-0.21562936390726312,NZDCAD,GBPAUD
2025-07-30 21:00:00+03:00,2025-08-12 18:00:00+03:00,1,-0.006484728065164064,0.0013749183319811953,-2.3564243550388557,-0.4893450041803517,0.007859646397145259,0.0014875,0.006372146397145259,213,8.875,mean_revert,6,-0.19265850309525476,NZDCAD,GBPAUD
2025-08-20 05:00:00+03:00,2025-09-05 18:00:00+03:00,1,-0.008961814535124485,-0.0029077894401639826,-2.0885910000094725,-0.39612981834184713,0.006054025094960502,0.0018541666666666667,0.004199858428293835,301,12.541666666666666,mean_revert,6,-0.19265850309525476,NZDCAD,GBPAUD
2025-09-19 17:00:00+03:00,2025-10-01 00:00:00+03:00,1,-0.016230948483187707,-0.018762078073589233,-2.0034838928060923,-1.9929258869240802,-0.0025311295904015263,0.0013291666666666666,-0.003860296257068193,175,7.291666666666667,end_of_window,6,-0.19265850309525476,NZDCAD,GBPAUD
2025-11-04 10:00:00+02:00,2025-11-26 04:00:00+02:00,1,-0.02764146880915555,-0.023151505155305868,-2.0884513046981823,-0.4846894430042952,0.004489963653849682,0.002175,0.0023149636538496825,378,15.75,mean_revert,7,-0.12006163166144512,NZDCAD,GBPAUD
2026-01-29 05:00:00+02:00,2026-03-03 16:00:00+02:00,-1,0.025710509652568048,0.012597911798307604,3.5774337362001685,0.439079438362013,0.013112597854260444,0.002945833333333333,0.01016676452092711,563,23.458333333333332,mean_revert,8,0.3162697132444913,NZDCAD,GBPAUD
2024-03-05 17:00:00+02:00,2024-03-08 17:00:00+02:00,-1,0.011760265533763309,0.023461311241225975,2.136375093541763,4.000329687811157,-0.011701045707462667,0.0009,-0.012601045707462667,72,3.0,stop_z,0,-0.5196707525293204,GBPUSD,CADCHF
2024-03-08 18:00:00+02:00,2024-03-22 21:00:00+02:00,-1,0.021155013468490587,0.008200631046470097,3.5473030617789956,0.4860275471496582,0.01295438242202049,0.0016166666666666664,0.011337715755353823,244,10.166666666666666,mean_revert,0,-0.5196707525293204,GBPUSD,CADCHF
2024-05-22 09:00:00+03:00,2024-06-07 16:00:00+03:00,-1,0.019784944964749737,0.010989136002454325,2.003838830575801,0.45539467960267854,0.008795808962295412,0.0018291666666666664,0.006966642295628746,295,12.291666666666666,mean_revert,1,-0.27493446871679006,GBPUSD,CADCHF
2024-08-05 07:00:00+03:00,2024-08-13 19:00:00+03:00,1,-0.006897835596945373,0.006780090733328581,-2.0274405348201405,-0.4061707586807709,0.013677926330273954,0.0012499999999999998,0.012427926330273955,156,6.5,mean_revert,2,-0.34402822568686076,GBPUSD,CADCHF
2024-08-23 17:00:00+03:00,2024-09-10 16:00:00+03:00,-1,0.03172956336178451,0.019512897978672145,2.1279646706871214,0.4479079742771502,0.012216665383112363,0.0017958333333333333,0.01042083204977903,287,11.958333333333334,mean_revert,2,-0.34402822568686076,GBPUSD,CADCHF
2024-09-20 09:00:00+03:00,2024-10-01 00:00:00+03:00,-1,0.04011366487745763,0.04413070450869577,2.0367096219386234,1.7690112681213543,-0.004017039631238145,0.0012625,-0.005279539631238145,159,6.625,end_of_window,2,-0.34402822568686076,GBPUSD,CADCHF
2024-11-15 09:00:00+02:00,2024-12-31 23:00:00+02:00,1,-0.018800339524163295,-0.03197658367930084,-2.0637036930093258,-1.2916025333403696,-0.013176244155137545,0.003758333333333333,-0.016934577488470878,758,31.583333333333332,end_of_window,3,-0.6582089684462964,GBPUSD,CADCHF
2025-02-03 04:00:00+02:00,2025-02-04 17:00:00+02:00,1,-0.056080735356071026,-0.030779847426493895,-2.0322389929798494,-0.4721535781657101,0.02530088792957713,0.0007541666666666667,0.024546721262910465,37,1.5416666666666667,mean_revert,4,-0.40636909348584216,GBPUSD,CADCHF
2025-03-05 21:00:00+02:00,2025-04-01 00:00:00+03:00,-1,-0.004840833385739651,-0.007912006393885396,2.0716509635120355,1.1937957057749005,0.0030711730081457445,0.0024125,0.0006586730081457443,435,18.125,end_of_window,4,-0.40636909348584216,GBPUSD,CADCHF
2025-04-29 15:00:00+03:00,2025-06-23 00:00:00+03:00,-1,0.029422323603459158,0.028583804828322942,2.007408466143786,0.48901133055036045,0.0008385187751362155,0.0044375000000000005,-0.003598981224863785,921,38.375,mean_revert,5,-0.2940427844622166,GBPUSD,CADCHF
2025-07-30 17:00:00+03:00,2025-08-08 11:00:00+03:00,1,-0.00980952709201674,0.0026131984193512314,-2.040579841899365,-0.49196072964423265,0.012422725511367971,0.001275,0.011147725511367971,162,6.75,mean_revert,6,-0.6466930321464169,GBPUSD,CADCHF
2025-09-25 15:00:00+03:00,2025-10-01 00:00:00+03:00,1,-0.016679906743850975,-0.015494716847572948,-2.042239207135624,-1.6621934600712092,0.0011851898962780272,0.0009375,0.0002476898962780272,81,3.375,end_of_window,6,-0.6466930321464169,GBPUSD,CADCHF
2025-10-28 23:00:00+02:00,2025-11-27 17:00:00+02:00,1,-0.038244307278461204,-0.03258493466791065,-2.1172994260007605,-0.46329723418518026,0.00565937261055055,0.002770833333333333,0.0028885392772172174,521,21.708333333333332,mean_revert,7,-0.8282834305816285,GBPUSD,CADCHF
2026-03-13 17:00:00+02:00,2026-03-19 16:00:00+02:00,1,-0.018045142161472127,-0.006342271722922788,-2.0792817539689277,-0.4768131452696914,0.01170287043854934,0.0009958333333333334,0.010707037105216007,95,3.9583333333333335,mean_revert,8,-0.693130897598854,GBPUSD,CADCHF
2026-03-30 11:00:00+03:00,2026-04-01 00:00:00+03:00,1,-0.018409080610826023,-0.02002060784394394,-2.0165212268604775,-2.0649116999819097,-0.0016115272331179153,0.0007541666666666667,-0.0023656938997845822,37,1.5416666666666667,end_of_window,8,-0.693130897598854,GBPUSD,CADCHF
2024-03-07 12:00:00+02:00,2024-03-19 10:00:00+02:00,-1,0.021617320661600103,0.013257847279480262,2.060624552882906,0.23300092181886836,0.008359473382119842,0.0013958333333333331,0.006963640048786509,191,7.958333333333333,mean_revert,0,-0.26185425248050903,GBPUSD,NZDCHF
2024-08-20 10:00:00+03:00,2024-10-01 00:00:00+03:00,-1,0.036906295143167345,0.06086781461034818,2.0103291592092116,1.5781891160518733,-0.023961519467180836,0.003558333333333333,-0.02751985280051417,710,29.583333333333332,end_of_window,2,0.22988792463034555,GBPUSD,NZDCHF
2025-03-05 20:00:00+02:00,2025-04-01 00:00:00+03:00,-1,0.0010467199183724352,0.0010024189899497105,2.0223096393072915,1.2470066222723457,4.4300928422724706e-05,0.002416666666666667,-0.002372365738243942,436,18.166666666666668,end_of_window,4,-0.16038850526704626,GBPUSD,NZDCHF
2025-10-30 23:00:00+02:00,2025-12-01 14:00:00+02:00,1,-0.042853575729214555,-0.03407310812686348,-2.3224215176836043,-0.49782958047365305,0.008780467602351072,0.002758333333333333,0.006022134269017739,518,21.583333333333332,mean_revert,7,-0.6251928662050895,GBPUSD,NZDCHF
2026-02-04 06:00:00+02:00,2026-02-18 21:00:00+02:00,-1,0.024828122880952534,0.0022607877544293872,2.113790904487877,0.46408398221840774,0.022567335126523147,0.0016625,0.020904835126523146,255,10.625,mean_revert,8,-0.464450358383262,GBPUSD,NZDCHF
2026-03-30 16:00:00+03:00,2026-04-01 00:00:00+03:00,1,-0.025158836154603688,-0.02069301059589946,-2.2928951470717123,-1.8151123662359494,0.004465825558704228,0.0007333333333333332,0.003732492225370895,32,1.3333333333333333,end_of_window,8,-0.464450358383262,GBPUSD,NZDCHF
2024-03-22 03:00:00+02:00,2024-04-01 00:00:00+03:00,1,-0.00939453029832421,-0.019460854407334527,-2.0044687341957332,-2.5731084168655003,-0.010066324109010316,0.0011833333333333331,-0.01124965744234365,140,5.833333333333333,end_of_window,0,-0.2808682918805739,NZDCAD,GBPUSD
2024-06-03 17:00:00+03:00,2024-06-28 09:00:00+03:00,-1,0.01910977852032969,0.01008750821735549,2.131394248473905,0.4613046527091979,0.0090222703029742,0.002466666666666667,0.006555603636307533,448,18.666666666666668,mean_revert,1,0.2867764777955442,NZDCAD,GBPUSD
2024-07-26 23:00:00+03:00,2024-08-07 01:00:00+03:00,1,-0.019806501773178498,0.00020225220598929505,-2.368234328400905,-0.4923122771351814,0.020008753979167793,0.0013083333333333332,0.018700420645834458,170,7.083333333333333,mean_revert,2,0.5232447986651876,NZDCAD,GBPUSD
2024-09-30 06:00:00+03:00,2024-10-01 00:00:00+03:00,-1,0.014519925256855803,0.011939300119821916,2.016616151955549,1.7037313478834983,0.0025806251370338873,0.0006749999999999999,0.0019056251370338875,18,0.75,end_of_window,2,0.5232447986651876,NZDCAD,GBPUSD
2024-12-06 13:00:00+02:00,2024-12-06 15:00:00+02:00,1,-0.011300163533134067,-0.004466126611172294,-2.1429770956066823,-0.40699416031630714,0.0068340369219617725,0.0006083333333333332,0.006225703588628439,2,0.08333333333333333,mean_revert,3,0.4868580929172682,NZDCAD,GBPUSD
2024-12-11 06:00:00+02:00,2024-12-16 04:00:00+02:00,1,-0.011328949323689164,-0.005218458282008287,-2.0920091723718506,-0.48253809350122046,0.006110491041680877,0.0008916666666666666,0.00521882437501421,70,2.9166666666666665,mean_revert,3,0.4868580929172682,NZDCAD,GBPUSD
2024-12-18 23:00:00+02:00,2024-12-31 23:00:00+02:00,1,-0.014149596660918917,-0.021802020200976435,-2.597566390683908,-3.1396804116992714,-0.007652423540057518,0.0014,-0.009052423540057518,192,8.0,end_of_window,3,0.4868580929172682,NZDCAD,GBPUSD
2025-02-03 00:00:00+02:00,2025-02-04 02:00:00+02:00,-1,0.010562289291819349,-0.006428856945229544,3.083332173102112,-0.42131922452939674,0.016991146237048893,0.0007083333333333333,0.01628281290371556,26,1.0833333333333333,mean_revert,4,0.5077925337764401,NZDCAD,GBPUSD
2025-02-12 15:00:00+02:00,2025-02-20 19:00:00+02:00,1,-0.015057320578891809,-0.008553127108019254,-2.0257376029803154,-0.493089501447398,0.006504193470872555,0.0012166666666666667,0.005287526804205888,148,6.166666666666667,mean_revert,4,0.5077925337764401,NZDCAD,GBPUSD
2025-02-28 15:00:00+02:00,2025-03-06 13:00:00+02:00,1,-0.018548255684338766,-0.009511536837660872,-2.140927185623472,-0.39910952346120676,0.009036718846677894,0.0009916666666666665,0.008045052180011227,94,3.9166666666666665,mean_revert,4,0.5077925337764401,NZDCAD,GBPUSD
2025-03-31 00:00:00+03:00,2025-04-01 00:00:00+03:00,1,-0.021102865204723376,-0.019986830026254454,-2.0691904769351583,-1.7952640698489053,0.0011160351784689215,0.0007,0.00041603517846892154,24,1.0,end_of_window,4,0.5077925337764401,NZDCAD,GBPUSD
2025-08-05 09:00:00+03:00,2025-08-13 05:00:00+03:00,1,-0.021691393048167917,-0.015153203673822169,-2.062006517136252,-0.4205107675844134,0.006538189374345749,0.0011833333333333331,0.0053548560410124155,140,5.833333333333333,mean_revert,6,0.2633237340982394,NZDCAD,GBPUSD
2025-08-20 05:00:00+03:00,2025-08-20 10:00:00+03:00,1,-0.028422136522032015,-0.03136744216136561,-3.377879020704778,-4.007703869330175,-0.0029453056393335952,0.0006208333333333333,-0.0035661389726669287,5,0.20833333333333334,stop_z,6,0.2633237340982394,NZDCAD,GBPUSD
2025-08-20 11:00:00+03:00,2025-09-08 09:00:00+03:00,1,-0.029568082691165842,-0.01908862178229037,-3.5803627160842106,-0.27615009428366727,0.010479460908875471,0.0018916666666666665,0.008587794242208804,310,12.916666666666666,mean_revert,6,0.2633237340982394,NZDCAD,GBPUSD
2025-09-19 17:00:00+03:00,2025-10-01 00:00:00+03:00,1,-0.03137897937258155,-0.03221801428669441,-2.1414827709709994,-1.7469874194771147,-0.0008390349141128572,0.0013291666666666666,-0.002168201580779524,175,7.291666666666667,end_of_window,6,0.2633237340982394,NZDCAD,GBPUSD
2025-11-04 11:00:00+02:00,2025-11-26 04:00:00+02:00,1,-0.028708281678982123,-0.02426362882771607,-2.0133491931973886,-0.45281243302769286,0.004444652851266051,0.002170833333333333,0.002273819517932718,377,15.708333333333334,mean_revert,7,0.10162298015372714,NZDCAD,GBPUSD
2025-12-31 16:00:00+02:00,2025-12-31 23:00:00+02:00,1,-0.04163795210896773,-0.04031520576914846,-2.1735382420954026,-1.968070838774772,0.0013227463398192696,0.0006291666666666667,0.0006935796731526029,7,0.2916666666666667,end_of_window,7,0.10162298015372714,NZDCAD,GBPUSD
2026-02-02 06:00:00+02:00,2026-03-03 07:00:00+02:00,-1,0.006636781813943893,-0.004093986767327723,2.6978741204856234,0.4485803792422253,0.010730768581271616,0.002704166666666667,0.008026601914604949,505,21.041666666666668,mean_revert,8,0.09010402788662908,NZDCAD,GBPUSD
2024-06-10 13:00:00+03:00,2024-07-01 00:00:00+03:00,1,0.004044410525290948,0.00597492477426298,-2.055705602644653,-0.8947978649878812,0.0019305142489720317,0.0020458333333333335,-0.00011531908436130181,347,14.458333333333334,end_of_window,1,-0.24002345629883484,EURCHF,GBPNZD
2024-07-25 14:00:00+03:00,2024-09-19 12:00:00+03:00,1,-0.02851234234704747,-0.023556555059188966,-3.1345092102408874,-0.4627849157119421,0.004955787287858504,0.004591666666666667,0.00036412062119183745,958,39.916666666666664,mean_revert,2,0.41643771378464717,EURCHF,GBPNZD
2024-11-19 11:00:00+02:00,2024-12-13 11:00:00+02:00,1,-0.031037281540791967,-0.028010990173373856,-2.0421409260585985,-0.31941269208129547,0.0030262913674181102,0.0024,0.0006262913674181104,432,18.0,mean_revert,3,0.15482255788215146,EURCHF,GBPNZD
2024-12-20 13:00:00+02:00,2024-12-26 18:00:00+02:00,1,-0.039390302473074956,-0.030176353040428427,-2.042799927839702,-0.39047581976218937,0.009213949432646529,0.0009208333333333333,0.008293116099313196,77,3.2083333333333335,mean_revert,3,0.15482255788215146,EURCHF,GBPNZD
2025-01-30 15:00:00+02:00,2025-02-03 00:00:00+02:00,-1,0.0085536970319946,-0.002647576706965221,2.037565412028345,0.45792495316881554,0.011201273738959822,0.0007375,0.010463773738959821,33,1.375,mean_revert,4,-0.31456587936489677,EURCHF,GBPNZD
2025-02-12 19:00:00+02:00,2025-02-21 12:00:00+02:00,-1,0.011471190769405448,-6.138674921285503e-05,2.162457620153319,0.44747167179419917,0.011532577518618303,0.0012708333333333332,0.01026174418528497,161,6.708333333333333,mean_revert,4,-0.31456587936489677,EURCHF,GBPNZD
2025-03-03 14:00:00+02:00,2025-03-05 17:00:00+02:00,-1,0.011621145853063092,0.025030702311654357,2.0610256234182778,4.107204661090375,-0.013409556458591265,0.0008125,-0.014222056458591266,51,2.125,stop_z,4,-0.31456587936489677,EURCHF,GBPNZD
2025-03-05 18:00:00+02:00,2025-03-05 19:00:00+02:00,-1,0.026532313919040457,0.02908673958580449,4.322096962419956,4.694870624020865,-0.002554425666764032,0.0006041666666666666,-0.0031585923334306984,1,0.041666666666666664,stop_z,4,-0.31456587936489677,EURCHF,GBPNZD
2025-03-05 20:00:00+02:00,2025-03-05 21:00:00+02:00,-1,0.028034860652927318,0.028724600464312328,4.5019829923233035,4.580699102624662,-0.0006897398113850095,0.0006041666666666666,-0.001293906478051676,1,0.041666666666666664,stop_z,4,-0.31456587936489677,EURCHF,GBPNZD
2025-03-05 22:00:00+02:00,2025-03-05 23:00:00+02:00,-1,0.029176744193201487,0.028769170651926163,4.620575297594521,4.528423138216097,0.0004075735412753245,0.0006041666666666666,-0.00019659312539134206,1,0.041666666666666664,stop_z,4,-0.31456587936489677,EURCHF,GBPNZD
2025-03-06 00:00:00+02:00,2025-03-06 01:00:00+02:00,-1,0.02902751044021551,0.029343618300057217,4.539431463214799,4.559418502589694,-0.00031610785984170775,0.0006041666666666666,-0.0009202745265083743,1,0.041666666666666664,stop_z,4,-0.31456587936489677,EURCHF,GBPNZD
2025-03-06 02:00:00+02:00,2025-03-06 03:00:00+02:00,-1,0.029768579855755067,0.030431615364702236,4.593745455153061,4.6629291771226695,-0.0006630355089471685,0.0006041666666666666,-0.001267202175613835,1,0.041666666666666664,stop_z,4,-0.31456587936489677,EURCHF,GBPNZD
2025-03-06 04:00:00+02:00,2025-03-06 05:00:00+02:00,-1,0.03100801279987503,0.030529398505689614,4.717348848037501,4.615517093314832,0.00047861429418541435,0.0006041666666666666,-0.00012555237248125224,1,0.041666666666666664,stop_z,4,-0.31456587936489677,EURCHF,GBPNZD
2025-03-06 06:00:00+02:00,2025-03-06 07:00:00+02:00,-1,0.029956970446852527,0.03081105419385255,4.502811872612877,4.599734076058156,-0.0008540837470000229,0.0006041666666666666,-0.0014582504136666894,1,0.041666666666666664,stop_z,4,-0.31456587936489677,EURCHF,GBPNZD
2025-03-06 08:00:00+02:00,2025-03-06 09:00:00+02:00,-1,0.029127043864564328,0.028232704920311075,4.3271917928389945,4.174630349056252,0.0008943389442532534,0.0006041666666666666,0.00029017227758658685,1,0.041666666666666664,stop_z,4,-0.31456587936489677,EURCHF,GBPNZD
2025-03-06 10:00:00+02:00,2025-03-11 20:00:00+02:00,-1,0.02671403791952412,0.03445138763160524,3.934844751296514,4.1853602028012675,-0.007737349712081121,0.0009458333333333332,-0.008683183045414454,83,3.4583333333333335,stop_z,4,-0.31456587936489677,EURCHF,GBPNZD
2025-03-11 21:00:00+02:00,2025-03-11 22:00:00+02:00,-1,0.03332493079914303,0.03372870933320765,4.022763131227681,4.055175653685843,-0.0004037785340646194,0.0006041666666666666,-0.0010079452007312859,1,0.041666666666666664,stop_z,4,-0.31456587936489677,EURCHF,GBPNZD
2025-03-11 23:00:00+02:00,2025-03-12 00:00:00+02:00,-1,0.03303632117789648,0.03395867907101266,3.949126626250627,4.046741055645818,-0.0009223578931161769,0.0006041666666666666,-0.0015265245597828434,1,0.041666666666666664,stop_z,4,-0.31456587936489677,EURCHF,GBPNZD
2025-03-12 01:00:00+02:00,2025-03-12 02:00:00+02:00,-1,0.034236231516782234,0.03399061180378951,4.061984539532776,4.012503412612717,0.0002456197129927229,0.0006041666666666666,-0.0003585469536739437,1,0.041666666666666664,stop_z,4,-0.31456587936489677,EURCHF,GBPNZD
2025-03-12 03:00:00+02:00,2025-04-01 00:00:00+03:00,-1,0.03358325037558718,0.02706528276141168,3.9437560811295693,1.6561372229935367,0.006517967614175502,0.0019833333333333335,0.004534634280842168,332,13.833333333333334,end_of_window,4,-0.31456587936489677,EURCHF,GBPNZD
2025-07-29 16:00:00+03:00,2025-08-04 09:00:00+03:00,1,-0.010867816064916613,-0.005517094568977126,-2.0443407471958097,-0.2425388341476566,0.005350721495939487,0.0009708333333333333,0.0043798881626061536,89,3.7083333333333335,mean_revert,6,-0.11357507915061628,EURCHF,GBPNZD
2025-08-07 14:00:00+03:00,2025-08-25 23:00:00+03:00,-1,0.002517212229364827,-0.0012071329423151526,2.0939023150983136,0.4799718634918132,0.0037243451716799797,0.0018375000000000002,0.0018868451716799795,297,12.375,mean_revert,6,-0.11357507915061628,EURCHF,GBPNZD
2025-11-13 17:00:00+02:00,2025-11-19 21:00:00+02:00,1,-0.01735520804322392,-0.010485213402136526,-2.0837899272838687,-0.47908041255399886,0.006869994641087396,0.0010166666666666666,0.005853327974420729,100,4.166666666666667,mean_revert,7,0.012987067420115595,EURCHF,GBPNZD
2025-12-08 17:00:00+02:00,2025-12-11 16:00:00+02:00,-1,0.000417362894996387,-0.007018673869393727,2.0926222717066514,0.3677864235379938,0.007436036764390114,0.0008958333333333333,0.00654020343105678,71,2.9583333333333335,mean_revert,7,0.012987067420115595,EURCHF,GBPNZD
2026-01-29 05:00:00+02:00,2026-03-19 18:00:00+02:00,1,-0.020132866747666706,-0.023056388559860613,-3.540522291462342,-0.41675172427806917,-0.0029235218121939077,0.004158333333333333,-0.007081855145527241,854,35.583333333333336,mean_revert,8,-0.20097823356374309,EURCHF,GBPNZD
2024-03-20 17:00:00+02:00,2024-04-01 00:00:00+03:00,1,-0.013175574207276664,-0.023209691104230407,-2.084748868897393,-2.7878913677532395,-0.010034116896953743,0.0013249999999999998,-0.011359116896953743,174,7.25,end_of_window,0,0.26191510015964375,NZDCAD,EURUSD
2024-05-23 04:00:00+03:00,2024-07-01 00:00:00+03:00,-1,0.018258693185751684,0.018268903748391185,2.0227646027384396,0.6434021650818109,-1.0210562639501042e-05,0.003283333333333333,-0.003293543895972834,644,26.833333333333332,end_of_window,1,0.6273382553217642,NZDCAD,EURUSD
2024-09-27 17:00:00+03:00,2024-10-01 00:00:00+03:00,-1,0.027199638672987136,0.028756295891756767,2.0957326486548835,2.2456839739968477,-0.0015566572187696304,0.0007291666666666666,-0.002285823885436297,31,1.2916666666666667,end_of_window,2,0.5018259353204821,NZDCAD,EURUSD
2024-11-11 14:00:00+02:00,2024-12-06 08:00:00+02:00,-1,0.017253430920069257,0.011075125497884725,2.0366918901310775,0.4887432329431045,0.006178305422184532,0.0024749999999999998,0.0037033054221845326,450,18.75,mean_revert,3,0.6827244737734018,NZDCAD,EURUSD
2024-12-09 20:00:00+02:00,2024-12-11 11:00:00+02:00,-1,0.022058206903623756,0.011412854407043094,2.0539467628948738,0.44391304157431144,0.010645352496580662,0.0007624999999999999,0.009882852496580663,39,1.625,mean_revert,3,0.6827244737734018,NZDCAD,EURUSD
2025-02-03 00:00:00+02:00,2025-02-03 23:00:00+02:00,-1,0.015757301575526378,0.00010694470519420629,2.6157417767494278,-0.37689923150706744,0.01565035687033217,0.0006958333333333332,0.014954523536998839,23,0.9583333333333334,mean_revert,4,0.4532328413811985,NZDCAD,EURUSD
2025-02-12 15:00:00+02:00,2025-02-20 06:00:00+02:00,1,-0.00996862398684345,-0.0019516995031751139,-2.145566259319041,-0.46521255732105876,0.008016924483668336,0.0011625,0.006854424483668336,135,5.625,mean_revert,4,0.4532328413811985,NZDCAD,EURUSD
2025-03-07 05:00:00+02:00,2025-03-10 14:00:00+02:00,1,-0.012166348770319163,-0.002641967657580263,-2.0449602261493656,-0.31568914270617343,0.0095243811127389,0.0007416666666666666,0.008782714446072233,34,1.4166666666666667,mean_revert,4,0.4532328413811985,NZDCAD,EURUSD
2025-03-13 11:00:00+02:00,2025-03-17 03:00:00+02:00,1,-0.01355444736171632,-0.0035719228910437717,-2.099831567272013,-0.3046501803301644,0.009982524470672549,0.0007666666666666666,0.009215857804005882,40,1.6666666666666667,mean_revert,4,0.4532328413811985,NZDCAD,EURUSD
2025-03-24 17:00:00+02:00,2025-04-01 00:00:00+03:00,1,-0.012535286025746134,-0.014579947526590448,-2.075146918830484,-2.286140571094628,-0.0020446615008443136,0.001125,-0.0031696615008443138,126,5.25,end_of_window,4,0.4532328413811985,NZDCAD,EURUSD
2025-08-01 16:00:00+03:00,2025-08-13 09:00:00+03:00,1,-0.023467708422253236,-0.014916653970040744,-2.0912038412762204,-0.33629784816710684,0.008551054452212492,0.0013708333333333333,0.007180221118879159,185,7.708333333333333,mean_revert,6,0.18076871832690833,NZDCAD,EURUSD
2025-08-20 05:00:00+03:00,2025-09-08 09:00:00+03:00,1,-0.02995459092457503,-0.021170743146368215,-2.6358951318169486,-0.4295853016756995,0.008783847778206816,0.0019166666666666663,0.0068671811115401495,316,13.166666666666666,mean_revert,6,0.18076871832690833,NZDCAD,EURUSD
2025-09-19 17:00:00+03:00,2025-10-01 00:00:00+03:00,1,-0.03463369759518234,-0.03585571012651606,-2.1880304604033793,-1.8088998073032554,-0.0012220125313337216,0.0013291666666666666,-0.0025511791980003884,175,7.291666666666667,end_of_window,6,0.18076871832690833,NZDCAD,EURUSD
2025-11-04 11:00:00+02:00,2025-11-27 02:00:00+02:00,1,-0.029887927877261466,-0.023988246507328975,-2.1985336876290664,-0.47499905437710455,0.005899681369932491,0.0022624999999999998,0.0036371813699324915,399,16.625,mean_revert,7,0.029493236676667475,NZDCAD,EURUSD
2025-12-31 17:00:00+02:00,2025-12-31 23:00:00+02:00,1,-0.04137242266791544,-0.038967018258013214,-2.0727758384368395,-1.7519213838293681,0.002405404409902223,0.0006249999999999999,0.0017804044099022232,6,0.25,end_of_window,7,0.029493236676667475,NZDCAD,EURUSD
2026-02-02 06:00:00+02:00,2026-03-03 07:00:00+02:00,-1,0.01103524112956275,-0.0021780518793068637,2.7508148182880725,0.4081001671035937,0.013213293008869614,0.002704166666666667,0.010509126342202947,505,21.041666666666668,mean_revert,8,-0.021182753848502153,NZDCAD,EURUSD
2024-03-22 04:00:00+02:00,2024-04-01 00:00:00+03:00,1,-0.008633174331802607,-0.016545050148363605,-2.1416424644638106,-2.3138040091100307,-0.007911875816560998,0.0011791666666666667,-0.009091042483227665,139,5.791666666666667,end_of_window,0,-0.5344061589348247,NZDUSD,GBPCAD
2024-08-05 08:00:00+03:00,2024-08-07 11:00:00+03:00,1,-0.047037741832983926,-0.020239268222609796,-2.164141605397016,-0.44749330230488377,0.02679847361037413,0.0008125,0.02598597361037413,51,2.125,mean_revert,2,0.5215656667847998,NZDUSD,GBPCAD
2024-11-15 02:00:00+02:00,2024-12-31 23:00:00+02:00,1,-0.05052972393637911,-0.09793533035715163,-2.006971006618371,-2.0929300016071686,-0.04740560642077252,0.0037874999999999996,-0.051193106420772516,765,31.875,end_of_window,3,0.3472240875081082,NZDUSD,GBPCAD
2025-11-06 16:00:00+02:00,2025-11-28 17:00:00+02:00,1,-0.045114594035538635,-0.026564637238563837,-2.0393485828378117,-0.34908151164961754,0.018549956796974798,0.0022041666666666668,0.01634579013030813,385,16.041666666666668,mean_revert,7,0.4460421448350722,NZDUSD,GBPCAD
2026-02-05 08:00:00+02:00,2026-03-13 06:00:00+02:00,-1,0.01957854575049378,0.011679823471911321,2.006023659123204,0.4246549782330968,0.00789872227858246,0.003195833333333333,0.004702888945249126,623,25.958333333333332,mean_revert,8,0.7794684076528797,NZDUSD,GBPCAD
2024-03-28 12:00:00+02:00,2024-04-01 00:00:00+03:00,1,-0.01886515892147339,-0.0210285453311706,-2.000418234997545,-2.1791653993149995,-0.00216338640969721,0.0007458333333333333,-0.002909219743030543,35,1.4583333333333333,end_of_window,0,-0.361739044213845,NZDCAD,AUDNZD
2024-04-29 07:00:00+03:00,2024-07-01 00:00:00+03:00,-1,0.010887801976299988,0.02693413680953015,2.063959522463436,1.007711921163297,-0.01604633483323016,0.0050708333333333334,-0.021117168166563494,1073,44.708333333333336,end_of_window,1,-0.9806860014616545,NZDCAD,AUDNZD
2024-08-05 08:00:00+03:00,2024-08-13 10:00:00+03:00,1,0.0034146305206108896,0.016293345052041996,-2.35155555474818,-0.4862495907387018,0.012878714531431107,0.0012083333333333334,0.011670381198097773,146,6.083333333333333,mean_revert,2,-0.5572191777795801,NZDCAD,AUDNZD
2024-09-18 13:00:00+03:00,2024-10-01 00:00:00+03:00,-1,0.033988747899722144,0.04789500586640798,2.0152170101056157,2.7708508567353984,-0.013906257966685834,0.0014458333333333333,-0.015352091300019167,203,8.458333333333334,end_of_window,2,-0.5572191777795801,NZDCAD,AUDNZD
2024-11-13 19:00:00+02:00,2024-12-09 17:00:00+02:00,1,-0.00312421018575626,0.005958588609402293,-2.0336533461665214,-0.4042962617530979,0.009082798795158553,0.002391666666666667,0.006691132128491886,430,17.916666666666668,mean_revert,3,-0.1332664436824471,NZDCAD,AUDNZD
2024-12-18 23:00:00+02:00,2024-12-31 23:00:00+02:00,1,-0.01558762874610456,-0.02548818435764294,-2.1285199153181678,-2.346896416951168,-0.00990055561153838,0.0014,-0.011300555611538381,192,8.0,end_of_window,3,-0.1332664436824471,NZDCAD,AUDNZD
2025-03-10 14:00:00+02:00,2025-03-24 17:00:00+02:00,-1,0.0006436819619408118,-0.012206058827285454,2.244851504796191,0.3328931500559414,0.012849740789226266,0.0016124999999999998,0.011237240789226267,243,10.125,mean_revert,4,-0.20871454918819185,NZDCAD,AUDNZD
2025-07-30 21:00:00+03:00,2025-08-07 10:00:00+03:00,1,-0.013507205752877005,-0.0070494784062994365,-2.1542028919050606,-0.41805545274880285,0.006457727346577569,0.0011541666666666666,0.0053035606799109025,133,5.541666666666667,mean_revert,6,-0.2856346559350857,NZDCAD,AUDNZD
2025-08-20 05:00:00+03:00,2025-09-05 15:00:00+03:00,1,-0.016033895514812435,-0.007072593160632773,-2.513403788595631,0.08961814090773726,0.008961302354179662,0.0018416666666666664,0.007119635687512995,298,12.416666666666666,mean_revert,6,-0.2856346559350857,NZDCAD,AUDNZD
2025-09-10 12:00:00+03:00,2025-09-18 03:00:00+03:00,-1,0.0032992846978651957,-0.004002785745966186,2.007465730273037,0.4378477318951882,0.007302070443831382,0.0011625,0.006139570443831382,135,5.625,mean_revert,6,-0.2856346559350857,NZDCAD,AUDNZD
2025-11-05 03:00:00+02:00,2025-11-26 04:00:00+02:00,1,-0.01816136643831026,-0.012656614199547389,-2.0176289950061,-0.4169147929174591,0.005504752238762872,0.0021041666666666665,0.0034005855720962057,361,15.041666666666666,mean_revert,7,-0.2733307856964295,NZDCAD,AUDNZD
2026-01-30 07:00:00+02:00,2026-03-03 17:00:00+02:00,-1,0.026317253490314635,0.0234956061833817,2.4940656757825614,0.4915531782659624,0.002821647306932934,0.002841666666666667,-2.0019359733732846e-05,538,22.416666666666668,mean_revert,8,-0.47685790641322523,NZDCAD,AUDNZD
2024-05-15 15:00:00+03:00,2024-05-24 04:00:00+03:00,-1,0.009598482398451846,-0.002244473065788233,2.1220852849825595,0.4791798697692501,0.01184295546424008,0.0012541666666666667,0.010588788797573412,157,6.541666666666667,mean_revert,1,0.19681390892341388,AUDUSD,GBPCAD
2024-08-01 23:00:00+03:00,2024-08-09 05:00:00+03:00,1,-0.029935845299076447,-0.00940677937476564,-2.325030522825932,-0.48614550511328203,0.020529065924310808,0.001125,0.019404065924310807,126,5.25,mean_revert,2,0.6208446249791265,AUDUSD,GBPCAD
2024-11-06 05:00:00+02:00,2024-11-07 17:00:00+02:00,1,-0.03648226873223215,-0.013335968764705886,-2.0882139715342967,-0.46463087267599873,0.023146299967526263,0.0007499999999999999,0.022396299967526262,36,1.5,mean_revert,3,0.6279556609724068,AUDUSD,GBPCAD
2024-11-14 22:00:00+02:00,2024-12-31 23:00:00+02:00,1,-0.04149240819019284,-0.09004912832993894,-2.1386589531314684,-2.169623452152408,-0.0485567201397461,0.003804166666666666,-0.052360886806412765,769,32.041666666666664,end_of_window,3,0.6279556609724068,AUDUSD,GBPCAD
2025-05-07 01:00:00+03:00,2025-06-23 00:00:00+03:00,-1,0.013673535951790522,0.001863754671593748,2.01626354227192,0.392179326924331,0.011809781280196774,0.0038958333333333336,0.00791394794686344,791,32.958333333333336,mean_revert,5,-0.45002264517026647,AUDUSD,GBPCAD
2025-09-05 16:00:00+03:00,2025-09-25 16:00:00+03:00,-1,0.03433413178441885,0.02560018582179735,2.2481658223281875,0.33899101657257225,0.008733945962621503,0.002,0.006733945962621503,336,14.0,mean_revert,6,-0.4932798826230345,AUDUSD,GBPCAD
2025-12-05 16:00:00+02:00,2025-12-31 23:00:00+02:00,-1,0.027869069871095054,0.03237641015232118,2.031566393440992,1.5205887699946108,-0.004507340281226124,0.002329166666666667,-0.006836506947892791,415,17.291666666666668,end_of_window,7,0.2535463220138565,AUDUSD,GBPCAD
2026-02-06 06:00:00+02:00,2026-03-25 12:00:00+02:00,-1,0.06682602380109659,0.07373638111496483,2.0316242835954164,0.46511911119136157,-0.006910357313868243,0.003929166666666667,-0.01083952398053491,799,33.291666666666664,mean_revert,8,0.8793418428754358,AUDUSD,GBPCAD
2024-02-21 09:00:00+02:00,2024-02-28 04:00:00+02:00,-1,0.03547919609385808,0.023068258056153645,2.0184587190738643,0.36020613893946263,0.012410938037704433,0.0010791666666666666,0.011331771371037767,115,4.791666666666667,mean_revert,0,-0.4574799025517362,NZDCAD,AUDJPY
2024-03-28 10:00:00+02:00,2024-04-01 00:00:00+03:00,1,0.0034543434609572987,0.0022119652238365983,-2.087571330515059,-2.117036485457313,-0.0012423782371207004,0.0007541666666666667,-0.0019965449037873673,37,1.5416666666666667,end_of_window,0,-0.4574799025517362,NZDCAD,AUDJPY
2024-05-15 19:00:00+03:00,2024-07-01 00:00:00+03:00,-1,0.022376286002272205,0.027199147521897615,2.1047651803568357,0.7406061557274272,-0.00482286151962541,0.003820833333333333,-0.008643694852958742,773,32.208333333333336,end_of_window,1,-0.12381283699330906,NZDCAD,AUDJPY
2024-08-05 07:00:00+03:00,2024-08-14 21:00:00+03:00,-1,0.016883701964272912,0.002859736692719661,2.0829017618063412,0.4923902111392253,0.014023965271553251,0.0013583333333333334,0.012665631938219919,182,7.583333333333333,mean_revert,2,0.25667151617360656,NZDCAD,AUDJPY
2024-08-20 21:00:00+03:00,2024-10-01 00:00:00+03:00,-1,0.019627385229197714,0.03939172926602419,2.043647259039064,1.8520613408674282,-0.019764344036826476,0.0035125,-0.023276844036826477,699,29.125,end_of_window,2,0.25667151617360656,NZDCAD,AUDJPY
2024-11-14 02:00:00+02:00,2024-11-29 15:00:00+02:00,1,-0.007824564391642475,0.005293360521175017,-2.01872380985545,-0.42751369278769563,0.013117924912817491,0.0017541666666666665,0.011363758246150825,277,11.541666666666666,mean_revert,3,0.11516498064283912,NZDCAD,AUDJPY
2024-12-19 17:00:00+02:00,2024-12-31 23:00:00+02:00,1,-0.01818321916429355,-0.025990033749946684,-2.0638513575717647,-2.182000414196971,-0.007806814585653132,0.0013249999999999998,-0.009131814585653132,174,7.25,end_of_window,3,0.11516498064283912,NZDCAD,AUDJPY
2025-03-10 14:00:00+02:00,2025-03-26 22:00:00+02:00,-1,0.003736992784573845,-0.010037084116485073,2.1871014862592846,0.4565644205750265,0.013774076901058918,0.0018333333333333335,0.011940743567725585,296,12.333333333333334,mean_revert,4,0.07520281658858907,NZDCAD,AUDJPY
2025-07-30 21:00:00+03:00,2025-08-13 09:00:00+03:00,1,-0.011260299337681579,-0.0016747295907296733,-2.2802526045746188,-0.3007091466948967,0.009585569746951905,0.00155,0.008035569746951906,228,9.5,mean_revert,6,0.12020557234968228,NZDCAD,AUDJPY
2025-08-20 05:00:00+03:00,2025-09-08 09:00:00+03:00,1,-0.015552218081274827,-0.008019220800573934,-2.4214344977286544,-0.4667615182409143,0.007532997280700893,0.0019166666666666663,0.005616330614034226,316,13.166666666666666,mean_revert,6,0.12020557234968228,NZDCAD,AUDJPY
2025-09-19 17:00:00+03:00,2025-10-01 00:00:00+03:00,1,-0.021476058511761265,-0.023240080231718196,-2.077823360581654,-1.7625579498003279,-0.001764021719956932,0.0013291666666666666,-0.0030931883866235988,175,7.291666666666667,end_of_window,6,0.12020557234968228,NZDCAD,AUDJPY
2025-11-04 10:00:00+02:00,2025-11-27 05:00:00+02:00,1,-0.0310663986650892,-0.026403477168109757,-2.0832778931505804,-0.493320764658181,0.004662921496979444,0.0022791666666666668,0.0023837548303127774,403,16.791666666666668,mean_revert,7,0.10872412817965062,NZDCAD,AUDJPY
2025-12-31 16:00:00+02:00,2025-12-31 23:00:00+02:00,1,-0.04825266423822827,-0.04641357643411881,-2.053231967834484,-1.8390013353143138,0.0018390878041094627,0.0006291666666666667,0.001209921137442796,7,0.2916666666666667,end_of_window,7,0.10872412817965062,NZDCAD,AUDJPY
2026-02-02 06:00:00+02:00,2026-03-03 16:00:00+02:00,-1,0.035667053729367515,0.021363001203904775,2.7402789814918216,0.39302117606218573,0.01430405252546274,0.0027416666666666666,0.011562385858796074,514,21.416666666666668,mean_revert,8,-0.23640433530702928,NZDCAD,AUDJPY
2024-05-22 09:00:00+03:00,2024-05-30 18:00:00+03:00,-1,0.03162520176254302,0.020458670376278826,2.1914381519542006,0.4316330715356067,0.011166531386264195,0.0012374999999999999,0.009929031386264196,153,6.375,mean_revert,1,-0.3864158431035197,EURCHF,GBPAUD
2024-06-13 18:00:00+03:00,2024-07-01 00:00:00+03:00,1,0.0024960251733064653,0.0008793525581090589,-2.3361494447426456,-1.203512395163185,-0.0016166726151974065,0.001725,-0.0033416726151974064,270,11.25,end_of_window,1,-0.3864158431035197,EURCHF,GBPAUD
2024-08-01 07:00:00+03:00,2024-09-20 12:00:00+03:00,1,-0.01204045231351561,-0.014196157692253714,-2.0049814350993227,-0.4575217916780112,-0.002155705378738104,0.004220833333333333,-0.006376538712071438,869,36.208333333333336,mean_revert,2,0.06155987603273929,EURCHF,GBPAUD
2024-11-19 11:00:00+02:00,2024-11-22 10:00:00+02:00,1,-0.023714175821053438,-0.03204638224539974,-2.246981174089744,-4.027383089861522,-0.008332206424346303,0.0008958333333333333,-0.009228039757679636,71,2.9583333333333335,stop_z,3,-0.23222785743123603,EURCHF,GBPAUD
2024-11-22 11:00:00+02:00,2024-11-22 12:00:00+02:00,1,-0.03374575548421148,-0.032361659270716436,-4.420305090168992,-4.061571137243631,0.0013840962134950424,0.0006041666666666666,0.0007799295468283758,1,0.041666666666666664,stop_z,3,-0.23222785743123603,EURCHF,GBPAUD
2024-11-22 13:00:00+02:00,2024-12-11 01:00:00+02:00,1,-0.033262561697198295,-0.019496034484349153,-4.258831500630293,-0.4117620703881325,0.013766527212849142,0.00185,0.01191652721284914,300,12.5,mean_revert,3,-0.23222785743123603,EURCHF,GBPAUD
2024-12-27 13:00:00+02:00,2024-12-31 23:00:00+02:00,-1,-0.007198846497290759,-0.007297817140099153,2.252878446939625,1.984286358209477,9.897064280839363e-05,0.0008416666666666666,-0.0007426960238582729,58,2.4166666666666665,end_of_window,3,-0.23222785743123603,EURCHF,GBPAUD
2025-03-03 12:00:00+02:00,2025-03-05 16:00:00+02:00,-1,0.020765138628094038,0.03715029372110795,2.245979467253419,4.12087331856595,-0.016385155093013914,0.0008166666666666666,-0.01720182175968058,52,2.1666666666666665,stop_z,4,-0.672007853334217,EURCHF,GBPAUD
2025-03-05 17:00:00+02:00,2025-03-05 18:00:00+02:00,-1,0.03921949837800737,0.04027418025180329,4.360559301137189,4.469351249661018,-0.0010546818737959263,0.0006041666666666666,-0.0016588485404625927,1,0.041666666666666664,stop_z,4,-0.672007853334217,EURCHF,GBPAUD
2025-03-05 19:00:00+02:00,2025-03-05 20:00:00+02:00,-1,0.04233141981777061,0.04147401800381645,4.6988659116101035,4.567256008519592,0.0008574018139541617,0.0006041666666666666,0.0002532351472874951,1,0.041666666666666664,stop_z,4,-0.672007853334217,EURCHF,GBPAUD
2025-03-05 21:00:00+02:00,2025-03-05 22:00:00+02:00,-1,0.04169498045339065,0.04222982560541716,4.569412628159791,4.609968139099365,-0.0005348451520265085,0.0006041666666666666,-0.001139011818693175,1,0.041666666666666664,stop_z,4,-0.672007853334217,EURCHF,GBPAUD
2025-03-05 23:00:00+02:00,2025-03-06 00:00:00+02:00,-1,0.04196019087241881,0.04246769369796133,4.552430964892996,4.590123199480127,-0.0005075028255425162,0.0006041666666666666,-0.0011116694922091827,1,0.041666666666666664,stop_z,4,-0.672007853334217,EURCHF,GBPAUD
2025-03-06 01:00:00+02:00,2025-03-06 02:00:00+02:00,-1,0.04232619055925879,0.04311005152400088,4.549136655534043,4.6196400580824175,-0.0007838609647420891,0.0006041666666666666,-0.0013880276314087556,1,0.041666666666666664,stop_z,4,-0.672007853334217,EURCHF,GBPAUD
2025-03-06 03:00:00+02:00,2025-03-06 04:00:00+02:00,-1,0.04300061693878149,0.04387128596713802,4.581900538667687,4.659358223882263,-0.0008706690283565299,0.0006041666666666666,-0.0014748356950231964,1,0.041666666666666664,stop_z,4,-0.672007853334217,EURCHF,GBPAUD
2025-03-06 05:00:00+02:00,2025-03-06 06:00:00+02:00,-1,0.04329590297034336,0.04274244620165041,4.5643792286587175,4.47344632476841,0.0005534567686929504,0.0006041666666666666,-5.070989797371624e-05,1,0.041666666666666664,stop_z,4,-0.672007853334217,EURCHF,GBPAUD
2025-03-06 07:00:00+02:00,2025-03-06 08:00:00+02:00,-1,0.04442293943419512,0.04238467731963785,4.645237870224185,4.381690389709334,0.0020382621145572655,0.0006041666666666666,0.001434095447890599,1,0.041666666666666664,stop_z,4,-0.672007853334217,EURCHF,GBPAUD
2025-03-06 09:00:00+02:00,2025-03-06 10:00:00+02:00,-1,0.04237600202085218,0.040470127787031296,4.358333077480978,4.116597903370668,0.0019058742338208812,0.0006041666666666666,0.0013017075671542147,1,0.041666666666666664,stop_z,4,-0.672007853334217,EURCHF,GBPAUD
2025-03-06 11:00:00+02:00,2025-03-11 17:00:00+02:00,-1,0.03724996391244284,0.05093711981984217,3.7275581013111263,4.021562238416755,-0.013687155907399329,0.0009291666666666666,-0.014616322574065995,79,3.2916666666666665,stop_z,4,-0.672007853334217,EURCHF,GBPAUD
2025-03-11 18:00:00+02:00,2025-03-11 19:00:00+02:00,-1,0.05152794510434894,0.051625681396685164,4.05381896464916,4.040690323437638,-9.773629233622572e-05,0.0006041666666666666,-0.0007019029590028923,1,0.041666666666666664,stop_z,4,-0.672007853334217,EURCHF,GBPAUD
2025-03-11 20:00:00+02:00,2025-04-01 00:00:00+03:00,-1,0.05220292523761799,0.04774640336856584,4.071217032123787,1.7701365050058104,0.004456521869052155,0.0020125,0.0024440218690521547,339,14.125,end_of_window,4,-0.672007853334217,EURCHF,GBPAUD
2025-07-29 09:00:00+03:00,2025-08-04 10:00:00+03:00,1,-0.009930812907101516,-0.0049629368453295575,-2.0409509750863477,-0.46871696933786844,0.004967876061771959,0.0010041666666666667,0.0039637093951052915,97,4.041666666666667,mean_revert,6,-0.12403279395168695,EURCHF,GBPAUD
2025-08-11 23:00:00+03:00,2025-08-20 18:00:00+03:00,-1,0.005107717623006845,-0.0001003258712789501,2.003904663696439,0.4799013764032604,0.005208043494285795,0.0012791666666666667,0.003928876827619129,163,6.791666666666667,mean_revert,6,-0.12403279395168695,EURCHF,GBPAUD
2025-10-29 07:00:00+02:00,2025-11-04 02:00:00+02:00,1,-0.015577906328618135,-0.007481822646567798,-2.0027174469887496,-0.47526248171231783,0.008096083682050337,0.000975,0.007121083682050337,90,3.75,mean_revert,7,-0.007557273390234034,EURCHF,GBPAUD
2025-11-13 17:00:00+02:00,2025-11-19 21:00:00+02:00,1,-0.016843368186273522,-0.009926244504872409,-2.0688541954075634,-0.48829937149158636,0.006917123681401113,0.0010166666666666666,0.005900457014734447,100,4.166666666666667,mean_revert,7,-0.007557273390234034,EURCHF,GBPAUD
2025-12-08 17:00:00+02:00,2025-12-11 13:00:00+02:00,-1,0.000830506519665361,-0.005872951908582821,2.087501630499258,0.49899697639865054,0.006703458428248182,0.0008833333333333333,0.005820125094914849,68,2.8333333333333335,mean_revert,7,-0.007557273390234034,EURCHF,GBPAUD
2026-01-29 05:00:00+02:00,2026-03-24 02:00:00+02:00,1,-0.02241916188507699,-0.027478052198668432,-3.178537599017426,-0.4976375004974461,-0.005058890313591441,0.004391666666666666,-0.009450556980258106,910,37.916666666666664,mean_revert,8,-0.03326959497274427,EURCHF,GBPAUD
2024-03-04 16:00:00+02:00,2024-04-01 00:00:00+03:00,-1,0.004079604662415304,0.012491095587541468,2.039493066565571,1.4714223898406318,-0.008411490925126164,0.002533333333333333,-0.010944824258459497,464,19.333333333333332,end_of_window,0,-0.6059444967440503,EURCHF,GBPCAD
2024-05-20 03:00:00+03:00,2024-06-03 13:00:00+03:00,-1,0.03562322430766374,0.024331624192241635,2.0189324807588056,0.4888608200730428,0.011291600115422101,0.0016416666666666667,0.009649933448755435,250,10.416666666666666,mean_revert,1,-0.3441427197246094,EURCHF,GBPCAD
2024-06-14 15:00:00+03:00,2024-07-01 00:00:00+03:00,1,0.003237866165498565,0.011068756488530479,-2.0065825155865213,-0.8553356191326833,0.007830890323031914,0.0016375,0.006193390323031914,249,10.375,end_of_window,1,-0.3441427197246094,EURCHF,GBPCAD
2024-07-31 22:00:00+03:00,2024-09-25 13:00:00+03:00,1,-0.02247115522789922,-0.02602829387794997,-2.1211485119172377,-0.48547653747323277,-0.0035571386500507507,0.0045625,-0.008119638650050751,951,39.625,mean_revert,2,0.31372597887412146,EURCHF,GBPCAD
2024-11-21 08:00:00+02:00,2024-12-13 10:00:00+02:00,1,-0.027216766135669,-0.021978622893851385,-2.056065367745211,-0.27308326697890306,0.005238143241817615,0.002208333333333333,0.0030298099084842822,386,16.083333333333332,mean_revert,3,-0.01695115455789882,EURCHF,GBPCAD
2025-02-13 06:00:00+02:00,2025-02-21 22:00:00+02:00,-1,0.004965139538961494,-0.004816023248187057,2.058599641787876,0.4845573388178521,0.00978116278714855,0.0012666666666666666,0.008514496120481885,160,6.666666666666667,mean_revert,4,-0.37925567088544837,EURCHF,GBPCAD
2025-03-03 14:00:00+02:00,2025-03-05 16:00:00+02:00,-1,0.007047632280441363,0.02379371051228807,2.16177455751105,4.514029122438009,-0.016746078231846706,0.0008083333333333333,-0.01755441156518004,50,2.0833333333333335,stop_z,4,-0.37925567088544837,EURCHF,GBPCAD
2025-03-05 17:00:00+02:00,2025-03-05 18:00:00+02:00,-1,0.025679280333700233,0.026857986177612425,4.768883849782018,4.913352047026327,-0.0011787058439121922,0.0006041666666666666,-0.0017828725105788587,1,0.041666666666666664,stop_z,4,-0.37925567088544837,EURCHF,GBPCAD
2025-03-05 19:00:00+02:00,2025-03-05 20:00:00+02:00,-1,0.02939672839602092,0.028343643916864752,5.252438961695674,5.059715181578632,0.0010530844791561689,0.0006041666666666666,0.0004489178124895023,1,0.041666666666666664,stop_z,4,-0.37925567088544837,EURCHF,GBPCAD
2025-03-05 21:00:00+02:00,2025-03-05 22:00:00+02:00,-1,0.02943487377189266,0.03016580982848055,5.1819463787845965,5.24874092844143,-0.0007309360565878886,0.0006041666666666666,-0.001335102723254555,1,0.041666666666666664,stop_z,4,-0.37925567088544837,EURCHF,GBPCAD
2025-03-05 23:00:00+02:00,2025-03-06 00:00:00+02:00,-1,0.029361313342057077,0.029468413318575443,5.0949012963785165,5.07442348768059,-0.00010709997651836556,0.0006041666666666666,-0.0007112666431850321,1,0.041666666666666664,stop_z,4,-0.37925567088544837,EURCHF,GBPCAD
2025-03-06 01:00:00+02:00,2025-03-06 02:00:00+02:00,-1,0.030077622372471913,0.030456471029334742,5.123895421291242,5.139090361938019,-0.0003788486568628291,0.0006041666666666666,-0.0009830153235294956,1,0.041666666666666664,stop_z,4,-0.37925567088544837,EURCHF,GBPCAD
2025-03-06 03:00:00+02:00,2025-03-06 04:00:00+02:00,-1,0.031286228221454576,0.03167133646776096,5.216379825900537,5.229588678204787,-0.00038510824630638707,0.0006041666666666666,-0.0009892749129730536,1,0.041666666666666664,stop_z,4,-0.37925567088544837,EURCHF,GBPCAD
2025-03-06 05:00:00+02:00,2025-03-06 06:00:00+02:00,-1,0.03105971811299918,0.030933090992224577,5.1051409644852495,5.048759924618704,0.0001266271207746028,0.0006041666666666666,-0.0004775395458920638,1,0.041666666666666664,stop_z,4,-0.37925567088544837,EURCHF,GBPCAD
2025-03-06 07:00:00+02:00,2025-03-06 08:00:00+02:00,-1,0.03190923711117061,0.030257875617286545,5.140910825459973,4.878551402022579,0.0016513614938840626,0.0006041666666666666,0.0010471948272173961,1,0.041666666666666664,stop_z,4,-0.37925567088544837,EURCHF,GBPCAD
2025-03-06 09:00:00+02:00,2025-03-06 10:00:00+02:00,-1,0.02933050968053505,0.028236665294479074,4.719344097508946,4.541928186651856,0.0010938443860559754,0.0006041666666666666,0.0004896777193893089,1,0.041666666666666664,stop_z,4,-0.37925567088544837,EURCHF,GBPCAD
2025-03-06 11:00:00+02:00,2025-03-06 12:00:00+02:00,-1,0.02505613285094066,0.02534520840536128,4.091872348150626,4.108725486051136,-0.0002890755544206203,0.0006041666666666666,-0.0008932422210872869,1,0.041666666666666664,stop_z,4,-0.37925567088544837,EURCHF,GBPCAD
2025-03-06 13:00:00+02:00,2025-03-06 14:00:00+02:00,-1,0.02471713069043399,0.02690937067953969,4.004500147364947,4.270969977823847,-0.0021922399891056987,0.0006041666666666666,-0.002796406655772365,1,0.041666666666666664,stop_z,4,-0.37925567088544837,EURCHF,GBPCAD
2025-03-06 15:00:00+02:00,2025-03-06 16:00:00+02:00,-1,0.02715853917594488,0.02572598841399723,4.279190117289923,4.069410984562049,0.0014325507619476485,0.0006041666666666666,0.0008283840952809819,1,0.041666666666666664,stop_z,4,-0.37925567088544837,EURCHF,GBPCAD
2025-03-06 17:00:00+02:00,2025-03-11 10:00:00+02:00,-1,0.025007158395743634,0.032979884305202406,3.9554003324019242,4.022411588252123,-0.007972725909458772,0.0008749999999999999,-0.008847725909458773,66,2.75,stop_z,4,-0.37925567088544837,EURCHF,GBPCAD
2025-03-11 11:00:00+02:00,2025-03-11 16:00:00+02:00,-1,0.03295592385866575,0.03447892931444416,3.9997447530318584,4.065214618343398,-0.001523005455778409,0.0006208333333333333,-0.0021438387891117424,5,0.20833333333333334,stop_z,4,-0.37925567088544837,EURCHF,GBPCAD
2025-03-11 17:00:00+02:00,2025-03-11 18:00:00+02:00,-1,0.03510568287182628,0.03633334228051155,4.11014676059005,4.2169443964096756,-0.0012276594086852721,0.0006041666666666666,-0.0018318260753519386,1,0.041666666666666664,stop_z,4,-0.37925567088544837,EURCHF,GBPCAD
2025-03-11 19:00:00+02:00,2025-03-11 20:00:00+02:00,-1,0.03648309062363278,0.036849230429005536,4.209077953528991,4.223553576239975,-0.00036613980537275603,0.0006041666666666666,-0.0009703064720394226,1,0.041666666666666664,stop_z,4,-0.37925567088544837,EURCHF,GBPCAD
2025-03-11 21:00:00+02:00,2025-03-11 22:00:00+02:00,-1,0.03565357978266473,0.03657216512965547,4.076435920042786,4.149456526548355,-0.0009185853469907412,0.0006041666666666666,-0.0015227520136574077,1,0.041666666666666664,stop_z,4,-0.37925567088544837,EURCHF,GBPCAD
2025-03-11 23:00:00+02:00,2025-03-12 00:00:00+02:00,-1,0.03581427744212942,0.03660780832364732,4.049430612753681,4.109401561493949,-0.000793530881517901,0.0006041666666666666,-0.0013976975481845674,1,0.041666666666666664,stop_z,4,-0.37925567088544837,EURCHF,GBPCAD
2025-03-12 01:00:00+02:00,2025-03-12 02:00:00+02:00,-1,0.03689468657051187,0.036278759048603976,4.116383985379772,4.03221331657844,0.0006159275219078941,0.0006041666666666666,1.1760855241227538e-05,1,0.041666666666666664,stop_z,4,-0.37925567088544837,EURCHF,GBPCAD
2025-03-12 03:00:00+02:00,2025-04-01 00:00:00+03:00,-1,0.036068171913809344,0.026510531927405934,3.9903813174647924,1.5371663757857152,0.00955763998640341,0.0019833333333333335,0.007574306653070077,332,13.833333333333334,end_of_window,4,-0.37925567088544837,EURCHF,GBPCAD
2025-07-29 09:00:00+03:00,2025-08-04 10:00:00+03:00,1,-0.011211582955882062,-0.006528130687503322,-2.0797159418812137,-0.4907309709383399,0.0046834522683787405,0.0010041666666666667,0.003679285601712074,97,4.041666666666667,mean_revert,6,-0.12158365548738073,EURCHF,GBPCAD
2025-08-11 11:00:00+03:00,2025-08-20 18:00:00+03:00,-1,0.0028733832408664277,-0.0017985002787918002,2.021678023382213,0.46429162777700733,0.004671883519658228,0.0013291666666666666,0.003342716852991561,175,7.291666666666667,mean_revert,6,-0.12158365548738073,EURCHF,GBPCAD
2025-11-13 18:00:00+02:00,2025-11-19 12:00:00+02:00,1,-0.0176844859096056,-0.010113597287155135,-2.072242642325903,-0.49594892819869874,0.007570888622450464,0.000975,0.006595888622450464,90,3.75,mean_revert,7,0.029530933870819297,EURCHF,GBPCAD
2025-12-08 17:00:00+02:00,2025-12-11 16:00:00+02:00,-1,0.0006242462174646662,-0.006917295550283947,2.0260363101325027,0.354391260132314,0.0075415417677486135,0.0008958333333333333,0.00664570843441528,71,2.9583333333333335,mean_revert,7,0.029530933870819297,EURCHF,GBPCAD
2026-02-02 06:00:00+02:00,2026-03-24 14:00:00+02:00,1,-0.020889957900914247,-0.02442876143712923,-2.755304171632651,-0.472683716125429,-0.0035388035362149822,0.0042375,-0.007776303536214982,873,36.375,mean_revert,8,-0.0969766224150834,EURCHF,GBPCAD
2024-05-15 17:00:00+03:00,2024-06-07 22:00:00+03:00,-1,0.021921154822899025,0.01632268004883264,2.23145411997365,0.4950333942841551,0.0055984747740663865,0.002320833333333333,0.0032776414407330533,413,17.208333333333332,mean_revert,1,-0.17519989946975603,NZDCHF,EURCAD
2024-07-30 23:00:00+03:00,2024-08-05 07:00:00+03:00,1,-0.03741669835407824,-0.07131054299379258,-2.888245111821669,-4.017653348905761,-0.03389384463971434,0.0009333333333333333,-0.03482717797304768,80,3.3333333333333335,stop_z,2,0.215776719472242,NZDCHF,EURCAD
2024-08-05 08:00:00+03:00,2024-08-05 09:00:00+03:00,1,-0.08018392386657236,-0.0786926667820278,-4.4288461070386385,-4.330932484128689,0.0014912570845445616,0.0006041666666666666,0.000887090417877895,1,0.041666666666666664,stop_z,2,0.215776719472242,NZDCHF,EURCAD
2024-08-05 10:00:00+03:00,2024-08-05 11:00:00+03:00,1,-0.07081830780141074,-0.07370481310243049,-3.92793603562503,-4.0478261566192675,-0.0028865053010197483,0.0006041666666666666,-0.003490671967686415,1,0.041666666666666664,stop_z,2,0.215776719472242,NZDCHF,EURCAD
2024-08-05 12:00:00+03:00,2024-08-05 15:00:00+03:00,1,-0.0732281882614213,-0.07917246972723646,-4.005058999714932,-4.227602240987042,-0.00594428146581516,0.0006125,-0.00655678146581516,3,0.125,stop_z,2,0.215776719472242,NZDCHF,EURCAD
2024-08-05 16:00:00+03:00,2024-08-30 11:00:00+03:00,1,-0.07068427218855833,-0.0162982152867841,-3.807135886658547,-0.49465384570346166,0.05438605690177423,0.002479166666666667,0.05190689023510756,451,18.791666666666668,mean_revert,2,0.215776719472242,NZDCHF,EURCAD
2024-11-21 07:00:00+02:00,2024-12-31 23:00:00+02:00,1,-0.035104117191691986,-0.05155754741172336,-2.0677375493207433,-1.8014564080099058,-0.016453430220031373,0.0033666666666666667,-0.01982009688669804,664,27.666666666666668,end_of_window,3,-0.4770867227432558,NZDCHF,EURCAD
2025-03-05 10:00:00+02:00,2025-03-05 19:00:00+02:00,-1,-0.01749168712194707,-0.0010159858859869197,2.0000393567208965,4.151031812249786,-0.01647570123596015,0.0006374999999999999,-0.01711320123596015,9,0.375,stop_z,4,-1.0140884053540211,NZDCHF,EURCAD
2025-03-05 20:00:00+02:00,2025-03-05 21:00:00+02:00,-1,-0.002818225881187325,-4.856860239091376e-05,3.8943850286068122,4.242627665554863,-0.0027696572787964113,0.0006041666666666666,-0.003373823945463078,1,0.041666666666666664,stop_z,4,-1.0140884053540211,NZDCHF,EURCAD
2025-03-05 22:00:00+02:00,2025-03-05 23:00:00+02:00,-1,0.0011492231563123012,-0.00048719596639565377,4.378613018779328,4.144137996788558,0.001636419122707955,0.0006041666666666666,0.0010322524560412885,1,0.041666666666666664,stop_z,4,-1.0140884053540211,NZDCHF,EURCAD
2025-03-06 00:00:00+02:00,2025-03-06 01:00:00+02:00,-1,-0.0007622141477896249,0.001208032271742293,4.089689184110189,4.325392046580296,-0.001970246419531918,0.0006041666666666666,-0.0025744130861985845,1,0.041666666666666664,stop_z,4,-1.0140884053540211,NZDCHF,EURCAD
2025-03-06 02:00:00+02:00,2025-03-06 03:00:00+02:00,-1,0.0007911291242327645,0.003121395347637196,4.25031882963987,4.5268444303895805,-0.0023302662234044313,0.0006041666666666666,-0.002934432890071098,1,0.041666666666666664,stop_z,4,-1.0140884053540211,NZDCHF,EURCAD
2025-03-06 04:00:00+02:00,2025-03-06 05:00:00+02:00,-1,0.003059998100091915,0.0021225617577208256,4.494385270868197,4.351309634309103,0.0009374363423710896,0.0006041666666666666,0.00033326967570442305,1,0.041666666666666664,stop_z,4,-1.0140884053540211,NZDCHF,EURCAD
2025-03-06 06:00:00+02:00,2025-03-06 07:00:00+02:00,-1,0.002904614085220053,0.003732243647739858,4.427418914015037,4.507309483881893,-0.0008276295625198049,0.0006041666666666666,-0.0014317962291864714,1,0.041666666666666664,stop_z,4,-1.0140884053540211,NZDCHF,EURCAD
2025-03-06 08:00:00+02:00,2025-03-06 09:00:00+02:00,-1,0.0023725504418486143,0.0005685563983517661,4.3143220256355255,4.06904924885904,0.0018039940434968482,0.0006041666666666666,0.0011998273768301817,1,0.041666666666666664,stop_z,4,-1.0140884053540211,NZDCHF,EURCAD
2025-03-06 10:00:00+02:00,2025-03-06 14:00:00+02:00,-1,0.0012492542725177913,0.0011488671590161037,4.134870339390457,4.055204466289377,0.00010038711350168761,0.0006166666666666666,-0.000516279553164979,4,0.16666666666666666,stop_z,4,-1.0140884053540211,NZDCHF,EURCAD
2025-03-06 15:00:00+02:00,2025-03-11 18:00:00+02:00,-1,0.000844881970982897,0.009105799186050895,3.9989732227124226,4.130389888040395,-0.008260917215067998,0.0009166666666666665,-0.009177583881734664,76,3.1666666666666665,stop_z,4,-1.0140884053540211,NZDCHF,EURCAD
2025-03-11 19:00:00+02:00,2025-04-01 00:00:00+03:00,-1,0.009293596871386284,-0.010093738712326966,4.128555137309173,0.9791391318773326,0.01938733558371325,0.0020166666666666666,0.017370668917046583,340,14.166666666666666,end_of_window,4,-1.0140884053540211,NZDCHF,EURCAD
2025-07-30 23:00:00+03:00,2025-08-06 20:00:00+03:00,1,-0.02161714267481621,-0.007951768092796324,-2.563185820449292,-0.30841029660902197,0.013665374582019885,0.0010875,0.012577874582019885,117,4.875,mean_revert,6,-1.0962043763965499,NZDCHF,EURCAD
2025-08-20 18:00:00+03:00,2025-09-05 15:00:00+03:00,1,-0.019930622057085096,-0.009459367173731553,-2.085850923772161,-0.19641220804873522,0.010471254883353542,0.0017875,0.008683754883353541,285,11.875,mean_revert,6,-1.0962043763965499,NZDCHF,EURCAD
2025-09-22 00:00:00+03:00,2025-10-01 00:00:00+03:00,1,-0.025016484210892004,-0.024773780154079744,-2.0725737082459466,-1.6843616089827682,0.0002427040568122596,0.0013,-0.0010572959431877403,168,7.0,end_of_window,6,-1.0962043763965499,NZDCHF,EURCAD
2025-11-04 23:00:00+02:00,2025-11-26 03:00:00+02:00,1,-0.03646099557230889,-0.027680193203688336,-2.017806991467404,-0.4868071928726538,0.008780802368620555,0.0021166666666666664,0.006664135701953889,364,15.166666666666666,mean_revert,7,-1.0554539915261816,NZDCHF,EURCAD
2026-03-02 00:00:00+02:00,2026-03-06 23:00:00+02:00,1,-0.03383243712906503,-0.054959320167982106,-2.0806324463068426,-4.102573384962868,-0.021126883038917077,0.0010958333333333332,-0.02222271637225041,119,4.958333333333333,stop_z,8,-1.2313516912923779,NZDCHF,EURCAD
2026-03-08 23:00:00+02:00,2026-03-09 00:00:00+02:00,1,-0.06109887986407658,-0.06296564678622663,-4.728206280108276,-4.896034393040594,-0.0018667669221500427,0.0006041666666666666,-0.002470933588816709,1,0.041666666666666664,stop_z,8,-1.2313516912923779,NZDCHF,EURCAD
2026-03-09 01:00:00+02:00,2026-03-09 02:00:00+02:00,1,-0.06252159380977262,-0.062046936290120036,-4.821520856338828,-4.746199189710163,0.0004746575196525882,0.0006041666666666666,-0.0001295091470140784,1,0.041666666666666664,stop_z,8,-1.2313516912923779,NZDCHF,EURCAD
2026-03-09 03:00:00+02:00,2026-03-09 04:00:00+02:00,1,-0.062327907314248976,-0.06098176884473605,-4.749439934792983,-4.5869098207993,0.0013461384695129253,0.0006041666666666666,0.0007419718028462587,1,0.041666666666666664,stop_z,8,-1.2313516912923779,NZDCHF,EURCAD
2026-03-09 05:00:00+02:00,2026-03-09 06:00:00+02:00,1,-0.06419171483700681,-0.06419020300508926,-4.887851563241971,-4.858578448528187,1.5118319175444483e-06,0.0006041666666666666,-0.0006026548347491221,1,0.041666666666666664,stop_z,8,-1.2313516912923779,NZDCHF,EURCAD
2026-03-09 07:00:00+02:00,2026-03-09 08:00:00+02:00,1,-0.05871279135140772,-0.06070964630793729,-4.282068148589164,-4.461246432987894,-0.00199685495652957,0.0006041666666666666,-0.0026010216231962366,1,0.041666666666666664,stop_z,8,-1.2313516912923779,NZDCHF,EURCAD
2026-03-09 09:00:00+02:00,2026-03-09 10:00:00+02:00,1,-0.06017703708120703,-0.05875454095680366,-4.385890600948709,-4.224300692642514,0.0014224961244033718,0.0006041666666666666,0.0008183294577367052,1,0.041666666666666664,stop_z,8,-1.2313516912923779,NZDCHF,EURCAD
2026-03-09 11:00:00+02:00,2026-03-09 12:00:00+02:00,1,-0.05660521904023419,-0.058221543720721636,-3.9935070410827453,-4.136561589012807,-0.0016163246804874465,0.0006041666666666666,-0.002220491347154113,1,0.041666666666666664,stop_z,8,-1.2313516912923779,NZDCHF,EURCAD
2026-03-09 13:00:00+02:00,2026-03-31 16:00:00+03:00,1,-0.05788341519348261,-0.029211931390080825,-4.085645796444462,-0.4325794017880928,0.028671483803401787,0.002208333333333333,0.026463150470068454,386,16.083333333333332,mean_revert,8,-1.2313516912923779,NZDCHF,EURCAD
2024-03-22 09:00:00+02:00,2024-04-01 00:00:00+03:00,1,-0.021129678399441576,-0.019481377636768327,-2.007318216750889,-1.6578553101567737,0.0016483007626732493,0.0011583333333333333,0.0004899674293399161,134,5.583333333333333,end_of_window,0,1.0636595723254858,AUDUSD,EURCHF
2024-05-16 03:00:00+03:00,2024-05-22 20:00:00+03:00,-1,0.014919327756882317,-0.0008165378660587863,2.137445255122852,0.48851195513582957,0.015735865622941103,0.0010708333333333334,0.01466503228960777,113,4.708333333333333,mean_revert,1,0.28586925400483804,AUDUSD,EURCHF
2024-06-04 01:00:00+03:00,2024-06-07 18:00:00+03:00,-1,0.012756826832445833,-0.0005935764146831057,2.02241318236098,0.47233293527657283,0.013350403247128939,0.0009708333333333333,0.012379569913795605,89,3.7083333333333335,mean_revert,1,0.28586925400483804,AUDUSD,EURCHF
2024-06-12 15:00:00+03:00,2024-07-01 00:00:00+03:00,-1,0.015811913305240566,0.013727798414108983,2.1220478447195648,1.4188073855666907,0.002084114891131583,0.0018375000000000002,0.00024661489113158306,297,12.375,end_of_window,1,0.28586925400483804,AUDUSD,EURCHF
2024-08-05 08:00:00+03:00,2024-08-08 18:00:00+03:00,1,-0.022924664408905004,0.0029599392898865817,-2.426302837510076,-0.4868675891636116,0.025884603698791586,0.0009416666666666666,0.02494293703212492,82,3.4166666666666665,mean_revert,2,-0.05218883789355264,AUDUSD,EURCHF
2024-08-23 20:00:00+03:00,2024-09-04 03:00:00+03:00,-1,0.03537773364264374,0.019018573774677083,2.0694521902604683,0.29209913032461104,0.016359159867966655,0.0013291666666666666,0.015029993201299989,175,7.291666666666667,mean_revert,2,-0.05218883789355264,AUDUSD,EURCHF
2024-09-19 12:00:00+03:00,2024-10-01 00:00:00+03:00,-1,0.04146003941814941,0.05238662008995343,2.0971644704889854,2.296796906307942,-0.01092658067180402,0.00135,-0.012276580671804021,180,7.5,end_of_window,2,-0.05218883789355264,AUDUSD,EURCHF
2024-11-14 04:00:00+02:00,2024-12-31 23:00:00+02:00,1,-0.023130415174411223,-0.06745762016534734,-2.0371403095388967,-2.0917275045720602,-0.04432720499093612,0.003879166666666666,-0.04820637165760279,787,32.791666666666664,end_of_window,3,-0.21618568922607403,AUDUSD,EURCHF
2025-11-18 08:00:00+02:00,2025-11-26 03:00:00+02:00,1,-0.011375188006484238,0.004089437467666546,-2.0947406983284313,-0.4929619327435342,0.015464625474150784,0.0011791666666666667,0.014285458807484117,139,5.791666666666667,mean_revert,7,-0.9134919913004033,AUDUSD,EURCHF
2025-12-09 06:00:00+02:00,2025-12-31 23:00:00+02:00,-1,0.03242306344653745,0.028559812049243072,2.1031970191491216,1.196192682753069,0.003863251397294376,0.002170833333333333,0.0016924180639610428,377,15.708333333333334,end_of_window,7,-0.9134919913004033,AUDUSD,EURCHF
2026-02-09 01:00:00+02:00,2026-03-03 16:00:00+02:00,-1,0.06045424496323282,0.03818173103334854,2.074975230678987,0.34122609836245826,0.022272513929884274,0.0022624999999999998,0.020010013929884274,399,16.625,mean_revert,8,-1.2857651066536977,AUDUSD,EURCHF
2024-03-22 03:00:00+02:00,2024-04-01 00:00:00+03:00,1,-0.01367290228956669,-0.023216346375960484,-2.0460432400624007,-2.7331705791149226,-0.009543444086393793,0.0011833333333333331,-0.010726777419727126,140,5.833333333333333,end_of_window,0,-0.1674488623479072,NZDCAD,USDCAD
2024-05-22 05:00:00+03:00,2024-06-28 09:00:00+03:00,-1,0.02080240998292235,0.016690541213625287,2.10960946301018,0.49058079548129935,0.004111868769297061,0.0033166666666666665,0.0007952021026303947,652,27.166666666666668,mean_revert,1,-0.29077629603494404,NZDCAD,USDCAD
2024-09-24 15:00:00+03:00,2024-10-01 00:00:00+03:00,-1,0.03448049175458255,0.04316374943370707,2.1987971540656845,2.7053824221683365,-0.00868325767912452,0.0010375,-0.00972075767912452,105,4.375,end_of_window,2,-0.15123406822261015,NZDCAD,USDCAD
2024-11-21 17:00:00+02:00,2024-11-26 02:00:00+02:00,1,0.0016787420181278573,0.015244070346338248,-2.1057673724504036,0.10238266264702856,0.013565328328210391,0.0008374999999999999,0.012727828328210391,57,2.375,mean_revert,3,-0.5154019530742004,NZDCAD,USDCAD
2024-12-31 05:00:00+02:00,2024-12-31 23:00:00+02:00,1,0.0034820704860234614,0.0004958995909852965,-2.0191603265287372,-2.458076780601328,-0.002986170895038165,0.0006749999999999999,-0.0036611708950381647,18,0.75,end_of_window,3,-0.5154019530742004,NZDCAD,USDCAD
2025-02-13 17:00:00+02:00,2025-02-20 06:00:00+02:00,1,-0.02051621101562824,-0.008952453016973047,-2.0752141006356934,-0.43375041037522305,0.011563757998655194,0.0010541666666666666,0.010509591331988527,109,4.541666666666667,mean_revert,4,-0.2530535517450318,NZDCAD,USDCAD
2025-03-10 12:00:00+02:00,2025-03-24 17:00:00+02:00,-1,0.008198937058679148,-0.0028006921309759875,2.0373920835390162,0.30705354275720487,0.010999629189655136,0.0016208333333333335,0.009378795856321802,245,10.208333333333334,mean_revert,4,-0.2530535517450318,NZDCAD,USDCAD
2025-08-05 22:00:00+03:00,2025-08-12 03:00:00+03:00,1,-0.0207405307083217,-0.012089761719237133,-2.0128096893909277,-0.4621644661749942,0.008650768989084567,0.0010208333333333332,0.007629935655751234,101,4.208333333333333,mean_revert,6,-0.45965277836191076,NZDCAD,USDCAD
2025-08-20 06:00:00+03:00,2025-09-05 15:00:00+03:00,1,-0.021496911502052615,-0.016317341414497935,-2.010097640181749,-0.4812256637364097,0.00517957008755468,0.0018375000000000002,0.00334207008755468,297,12.375,mean_revert,6,-0.45965277836191076,NZDCAD,USDCAD
2025-09-11 20:00:00+03:00,2025-09-18 01:00:00+03:00,-1,-0.0008576039154151033,-0.012151536224681639,2.05287670259764,0.20150897447470992,0.011293932309266536,0.0010208333333333332,0.010273098975933202,101,4.208333333333333,mean_revert,6,-0.45965277836191076,NZDCAD,USDCAD
2025-09-19 17:00:00+03:00,2025-10-01 00:00:00+03:00,1,-0.026314089188461967,-0.023140955706970348,-2.0438951546109383,-1.2621242053769817,0.003173133481491619,0.0013291666666666666,0.0018439668148249524,175,7.291666666666667,end_of_window,6,-0.45965277836191076,NZDCAD,USDCAD
2025-11-04 11:00:00+02:00,2025-11-26 04:00:00+02:00,1,-0.027008856249560176,-0.021379949815093502,-2.105034704575818,-0.3428383304402889,0.005628906434466674,0.002170833333333333,0.0034580731011333407,377,15.708333333333334,mean_revert,7,-0.2605404221873198,NZDCAD,USDCAD
2025-12-31 03:00:00+02:00,2025-12-31 23:00:00+02:00,1,-0.04038668335710982,-0.04200210079016381,-2.000791221441406,-2.117018340787199,-0.0016154174330539894,0.0006833333333333333,-0.002298750766387323,20,0.8333333333333334,end_of_window,7,-0.2605404221873198,NZDCAD,USDCAD
2026-02-02 06:00:00+02:00,2026-03-02 00:00:00+02:00,-1,0.00682620889005528,-0.005083747038148401,2.6443975994465814,0.4257738423727157,0.01190995592820368,0.002575,0.00933495592820368,474,19.75,mean_revert,8,-0.133409199497194,NZDCAD,USDCAD
2024-02-20 10:00:00+02:00,2024-02-29 09:00:00+02:00,-1,0.030722753581649664,0.02329474787424024,2.016479964011234,0.38386806564021536,0.007428005707409424,0.0012958333333333333,0.006132172374076091,167,6.958333333333333,mean_revert,0,-0.4139461500376934,NZDCAD,CADJPY
2024-03-28 10:00:00+02:00,2024-04-01 00:00:00+03:00,1,0.007277703791195744,0.0058802345037702874,-2.150122962535009,-2.2541047999383155,-0.0013974692874254568,0.0007541666666666667,-0.0021516359540921237,37,1.5416666666666667,end_of_window,0,-0.4139461500376934,NZDCAD,CADJPY
2024-05-15 18:00:00+03:00,2024-07-01 00:00:00+03:00,-1,0.025334926740668284,0.0349653466031008,2.052741055964998,0.9063122463723742,-0.009630419862432515,0.003825,-0.013455419862432516,774,32.25,end_of_window,1,-0.24494173322874785,NZDCAD,CADJPY
2024-08-20 21:00:00+03:00,2024-10-01 00:00:00+03:00,-1,0.02568509733305091,0.04945084669591515,2.009849435270351,2.368046620306814,-0.02376574936286424,0.0035125,-0.027278249362864243,699,29.125,end_of_window,2,0.16703841915204973,NZDCAD,CADJPY
2024-11-21 07:00:00+02:00,2024-12-09 17:00:00+02:00,1,-0.008300936650393047,0.0032766103828190743,-2.003978381820494,-0.49730530750695584,0.011577547033212121,0.0018416666666666664,0.009735880366545454,298,12.416666666666666,mean_revert,3,-0.028693519929112992,NZDCAD,CADJPY
2024-12-18 23:00:00+02:00,2024-12-31 23:00:00+02:00,1,-0.019036551292400332,-0.028423112022278672,-2.281553101887465,-2.321231591126095,-0.00938656072987834,0.0014,-0.01078656072987834,192,8.0,end_of_window,3,-0.028693519929112992,NZDCAD,CADJPY
2025-03-17 10:00:00+02:00,2025-03-24 17:00:00+02:00,-1,-0.002096809335137957,-0.015777831029625523,2.082019511373215,0.3096018022422973,0.013681021694487566,0.0011291666666666668,0.012551855027820899,127,5.291666666666667,mean_revert,4,-0.04583315644261718,NZDCAD,CADJPY
2025-07-30 23:00:00+03:00,2025-08-12 21:00:00+03:00,1,-0.011628981522258941,-0.004597682678480319,-2.1590731596225625,-0.4570415002083453,0.007031298843778622,0.0014916666666666665,0.005539632177111955,214,8.916666666666666,mean_revert,6,0.05366184903972147,NZDCAD,CADJPY
2025-08-20 05:00:00+03:00,2025-09-05 16:00:00+03:00,1,-0.017472325284594248,-0.009057735066281936,-2.6915175101945583,-0.45893023497227287,0.008414590218312312,0.0018458333333333334,0.006568756884978979,299,12.458333333333334,mean_revert,6,0.05366184903972147,NZDCAD,CADJPY
2025-09-19 18:00:00+03:00,2025-10-01 00:00:00+03:00,1,-0.021435581623021338,-0.021640419757263496,-2.0158421815458625,-1.6155714697507422,-0.0002048381342421579,0.0013249999999999998,-0.0015298381342421577,174,7.25,end_of_window,6,0.05366184903972147,NZDCAD,CADJPY
2025-11-04 10:00:00+02:00,2025-11-27 03:00:00+02:00,1,-0.027084670368520136,-0.021934695460320952,-2.003914813694087,-0.4138737351366777,0.005149974908199184,0.002270833333333333,0.002879141574865851,401,16.708333333333332,mean_revert,7,0.02004011524995338,NZDCAD,CADJPY
2025-12-31 17:00:00+02:00,2025-12-31 23:00:00+02:00,1,-0.040979100089376996,-0.03853718358065811,-2.002934090158517,-1.7200812792673201,0.0024419165087188888,0.0006249999999999999,0.0018169165087188889,6,0.25,end_of_window,7,0.02004011524995338,NZDCAD,CADJPY
2026-02-03 06:00:00+02:00,2026-03-03 11:00:00+02:00,-1,0.03565460520174191,0.01821093848721933,2.9209801818833294,0.4822335043654072,0.017443666714522577,0.002620833333333333,0.014822833381189244,485,20.208333333333332,mean_revert,8,-0.35467725355670954,NZDCAD,CADJPY
2024-05-21 03:00:00+03:00,2024-06-04 10:00:00+03:00,-1,0.0389195363569665,0.026334118233063766,2.019338566614697,0.4269299467566232,0.012585418123902736,0.0016291666666666664,0.01095625145723607,247,10.291666666666666,mean_revert,1,-0.024630775024848894,GBPCHF,EURNZD
2024-12-17 13:00:00+02:00,2024-12-19 14:00:00+02:00,-1,0.014355204576579357,0.005501230407612072,2.0156202955415514,0.48634328988126285,0.008853974168967285,0.0008041666666666666,0.008049807502300619,49,2.0416666666666665,mean_revert,3,0.1446161239290065,GBPCHF,EURNZD
2025-02-18 23:00:00+02:00,2025-02-25 18:00:00+02:00,-1,0.009125607094335762,8.370759062639038e-05,2.012309547882153,0.37516612930928966,0.009041899503709372,0.0010791666666666666,0.007962732837042706,115,4.791666666666667,mean_revert,4,0.1437647558721546,GBPCHF,EURNZD
2025-03-05 19:00:00+02:00,2025-03-07 07:00:00+02:00,-1,0.011750257073526525,0.0012164231280000978,2.176640298184476,0.4111947528024925,0.010533833945526427,0.0007499999999999999,0.009783833945526427,36,1.5,mean_revert,4,0.1437647558721546,GBPCHF,EURNZD
2025-08-01 16:00:00+03:00,2025-08-07 14:00:00+03:00,1,-0.03353909846992381,-0.01735940950462106,-2.043652220651397,-0.43290255726794247,0.016179688965302752,0.0009916666666666665,0.015188022298636085,94,3.9166666666666665,mean_revert,6,-0.2556517072629193,GBPCHF,EURNZD
2025-10-30 17:00:00+02:00,2025-11-06 17:00:00+02:00,1,-0.020910234307708164,-0.010033343002627204,-2.0404025401959593,-0.4943331551630343,0.01087689130508096,0.0010958333333333332,0.009781057971747626,119,4.958333333333333,mean_revert,7,-0.45050407820647204,GBPCHF,EURNZD
2025-11-12 11:00:00+02:00,2025-11-21 01:00:00+02:00,1,-0.01928916692744409,-0.010192960341197543,-2.000049010816959,-0.4934637095330955,0.009096206586246547,0.001258333333333333,0.007837873252913213,158,6.583333333333333,mean_revert,7,-0.45050407820647204,GBPCHF,EURNZD
2026-02-02 20:00:00+02:00,2026-03-19 12:00:00+02:00,1,-0.017787149822484638,-0.02412813153526422,-2.0041989414964743,-0.4651596345257058,-0.006340981712779581,0.0038708333333333333,-0.010211815046112915,785,32.708333333333336,mean_revert,8,-0.6407793348348085,GBPCHF,EURNZD
2024-08-01 23:00:00+03:00,2024-08-02 17:00:00+03:00,1,-0.016986272741730202,-0.033975138337024896,-2.9258842036585158,-4.1935527199672755,-0.016988865595294694,0.0006749999999999999,-0.017663865595294693,18,0.75,stop_z,2,0.10926567358720844,USDCHF,EURAUD
2024-08-02 18:00:00+03:00,2024-08-02 19:00:00+03:00,1,-0.03209544325782887,-0.03300571337259395,-4.017313913988001,-4.0740594472670955,-0.0009102701147650771,0.0006041666666666666,-0.0015144367814317436,1,0.041666666666666664,stop_z,2,0.10926567358720844,USDCHF,EURAUD
2024-08-02 20:00:00+03:00,2024-08-02 21:00:00+03:00,1,-0.03326040145142306,-0.034148918749723534,-4.075922059572019,-4.129489557809156,-0.000888517298300473,0.0006041666666666666,-0.0014926839649671395,1,0.041666666666666664,stop_z,2,0.10926567358720844,USDCHF,EURAUD
2024-08-02 22:00:00+03:00,2024-08-02 23:00:00+03:00,1,-0.03385953597946645,-0.03535890306604783,-4.086157998083047,-4.1884686082141105,-0.0014993670865813824,0.0006041666666666666,-0.002103533753248049,1,0.041666666666666664,stop_z,2,0.10926567358720844,USDCHF,EURAUD
2024-08-05 00:00:00+03:00,2024-08-05 01:00:00+03:00,1,-0.03513606424452839,-0.034248590387977396,-4.149924438534866,-4.05856586455528,0.0008874738565509965,0.0006041666666666666,0.00028330718988432994,1,0.041666666666666664,stop_z,2,0.10926567358720844,USDCHF,EURAUD
2024-08-05 02:00:00+03:00,2024-08-05 03:00:00+03:00,1,-0.0373504581865865,-0.03962107754154709,-4.28781871587013,-4.446417694621584,-0.00227061935496059,0.0006041666666666666,-0.0028747860216272567,1,0.041666666666666664,stop_z,2,0.10926567358720844,USDCHF,EURAUD
2024-08-05 04:00:00+03:00,2024-08-05 05:00:00+03:00,1,-0.039758289846042905,-0.039462460511759334,-4.432981539226122,-4.385615241295452,0.0002958293342835705,0.0006041666666666666,-0.0003083373323830961,1,0.041666666666666664,stop_z,2,0.10926567358720844,USDCHF,EURAUD
2024-08-05 06:00:00+03:00,2024-08-05 07:00:00+03:00,1,-0.0425620595002211,-0.046098936188042394,-4.605142713709934,-4.853956816634947,-0.0035368766878212943,0.0006041666666666666,-0.004141043354487961,1,0.041666666666666664,stop_z,2,0.10926567358720844,USDCHF,EURAUD
2024-08-05 08:00:00+03:00,2024-08-05 09:00:00+03:00,1,-0.04911112029097914,-0.0466221699494046,-5.0560151001225995,-4.831030573517619,0.002488950341574536,0.0006041666666666666,0.0018847836749078697,1,0.041666666666666664,stop_z,2,0.10926567358720844,USDCHF,EURAUD
2024-08-05 10:00:00+03:00,2024-08-05 11:00:00+03:00,1,-0.043274771459581224,-0.045936169109194486,-4.545546911813664,-4.722697283680156,-0.002661397649613262,0.0006041666666666666,-0.0032655643162799283,1,0.041666666666666664,stop_z,2,0.10926567358720844,USDCHF,EURAUD
2024-08-05 12:00:00+03:00,2024-08-05 13:00:00+03:00,1,-0.046786745034688576,-0.04683908535073583,-4.75905665342517,-4.734393439177723,-5.234031604725575e-05,0.0006041666666666666,-0.0006565069827139223,1,0.041666666666666664,stop_z,2,0.10926567358720844,USDCHF,EURAUD
2024-08-05 14:00:00+03:00,2024-08-05 15:00:00+03:00,1,-0.04860635624226575,-0.0532041067739851,-4.838258888682248,-5.149396124546932,-0.004597750531719347,0.0006041666666666666,-0.005201917198386014,1,0.041666666666666664,stop_z,2,0.10926567358720844,USDCHF,EURAUD
2024-08-05 16:00:00+03:00,2024-08-05 17:00:00+03:00,1,-0.04766591365093087,-0.047257309599759545,-4.704893445513461,-4.647142470013847,0.00040860405117132403,0.0006041666666666666,-0.00019556261549534255,1,0.041666666666666664,stop_z,2,0.10926567358720844,USDCHF,EURAUD
2024-08-05 18:00:00+03:00,2024-08-05 19:00:00+03:00,1,-0.0421581287606311,-0.04160997707992828,-4.246894037188959,-4.186086971357057,0.0005481516807028242,0.0006041666666666666,-5.601498596384243e-05,1,0.041666666666666664,stop_z,2,0.10926567358720844,USDCHF,EURAUD
2024-08-05 20:00:00+03:00,2024-08-05 21:00:00+03:00,1,-0.04331661880360438,-0.04480997125333758,-4.290227947680816,-4.3768787761389305,-0.0014933524497331985,0.0006041666666666666,-0.002097519116399865,1,0.041666666666666664,stop_z,2,0.10926567358720844,USDCHF,EURAUD
2024-08-05 22:00:00+03:00,2024-08-05 23:00:00+03:00,1,-0.04509166055768274,-0.0430037665580959,-4.374491623956016,-4.202171202241143,0.0020878939995868373,0.0006041666666666666,0.0014837273329201708,1,0.041666666666666664,stop_z,2,0.10926567358720844,USDCHF,EURAUD
2024-08-06 00:00:00+03:00,2024-08-06 01:00:00+03:00,1,-0.04269755234891648,-0.041572323432944425,-4.160350224974945,-4.0607382617179715,0.001125228915972054,0.0006041666666666666,0.0005210622493053875,1,0.041666666666666664,stop_z,2,0.10926567358720844,USDCHF,EURAUD
2024-08-06 02:00:00+03:00,2024-10-01 00:00:00+03:00,1,-0.03931818017876457,-0.04555100314715496,-3.88251764882888,-1.1316639395964874,-0.006232822968390395,0.004591666666666667,-0.010824489635057062,958,39.916666666666664,end_of_window,2,0.10926567358720844,USDCHF,EURAUD
2025-12-23 03:00:00+02:00,2025-12-31 23:00:00+02:00,1,-0.04129234689145833,-0.04322317944535564,-2.0389022895622766,-1.677136988022967,-0.0019308325538973103,0.0011833333333333331,-0.0031141658872306435,140,5.833333333333333,end_of_window,7,-1.0320890253428157,USDCHF,EURAUD
2026-02-06 06:00:00+02:00,2026-03-26 13:00:00+02:00,1,-0.11535106613847956,-0.12362281513018869,-2.274559140432893,-0.4857541351807768,-0.008271748991709127,0.004033333333333333,-0.01230508232504246,824,34.333333333333336,mean_revert,8,-1.6184997765687237,USDCHF,EURAUD
2024-03-19 04:00:00+02:00,2024-04-01 00:00:00+03:00,-1,0.015652690636262845,0.023861428205889545,2.015539945050607,1.758473939271467,-0.0082087375696267,0.0014791666666666666,-0.009687904236293367,211,8.791666666666666,end_of_window,0,-0.2517729358534053,EURCHF,GBPJPY
2024-05-22 09:00:00+03:00,2024-06-04 12:00:00+03:00,-1,0.05259497084018272,0.03202637426113686,2.0439367538526105,0.37865915878644063,0.02056859657904586,0.0015125,0.01905609657904586,219,9.125,mean_revert,1,-0.23072021730874373,EURCHF,GBPJPY
2024-08-05 07:00:00+03:00,2024-08-14 01:00:00+03:00,1,-0.02787858928164111,-0.010098601873972823,-2.0675993296832544,-0.48162591621715084,0.017779987407668285,0.001275,0.016504987407668287,162,6.75,mean_revert,2,0.21406536380484656,EURCHF,GBPJPY
2025-05-13 11:00:00+03:00,2025-06-11 19:00:00+03:00,1,-0.021283448858411047,-0.012013010448172379,-2.0414229340766803,-0.4908473118138166,0.009270438410238668,0.002733333333333333,0.006537105076905336,512,21.333333333333332,mean_revert,5,0.31314820656983566,EURCHF,GBPJPY
2025-07-31 18:00:00+03:00,2025-08-04 09:00:00+03:00,1,-0.022192296199458283,-0.011873923760367777,-2.1515539777731654,-0.3238938707796213,0.010318372439090506,0.0007624999999999999,0.009555872439090507,39,1.625,mean_revert,6,0.2549488538162083,EURCHF,GBPJPY
2025-11-13 17:00:00+02:00,2025-11-19 21:00:00+02:00,1,-0.01406893805570758,-0.006763931090332853,-2.0366666308774812,-0.48341464039020215,0.007305006965374727,0.0010166666666666666,0.006288340298708061,100,4.166666666666667,mean_revert,7,-0.0617218267035267,EURCHF,GBPJPY
2025-12-08 13:00:00+02:00,2025-12-18 14:00:00+02:00,-1,0.004167686813100757,-0.002813100318956041,2.1094330292420693,0.4658062430615709,0.006980787132056798,0.0014041666666666664,0.005576620465390132,193,8.041666666666666,mean_revert,7,-0.0617218267035267,EURCHF,GBPJPY
2026-02-09 16:00:00+02:00,2026-03-24 14:00:00+02:00,1,-0.014059179255320298,-0.014205095202714735,-2.0357864738824745,-0.48457350472780675,-0.00014591594739443714,0.003695833333333333,-0.0038417492807277702,743,30.958333333333332,mean_revert,8,-0.13350088257006412,EURCHF,GBPJPY
2024-02-20 10:00:00+02:00,2024-02-29 17:00:00+02:00,-1,0.029389116283791372,0.022601557225274238,2.035951147709497,0.4644128576381667,0.006787559058517134,0.0013291666666666666,0.005458392391850467,175,7.291666666666667,mean_revert,0,-0.39386205148427317,NZDCAD,USDJPY
2024-03-28 22:00:00+02:00,2024-04-01 00:00:00+03:00,1,0.005333619627315045,0.00583420296367132,-2.023025306682925,-1.8860361088590785,0.0005005833363562751,0.0007041666666666666,-0.00020358333031039158,25,1.0416666666666667,end_of_window,0,-0.39386205148427317,NZDCAD,USDJPY
2024-05-15 17:00:00+03:00,2024-07-01 00:00:00+03:00,-1,0.026076905835040076,0.03663175161588095,2.0298311512879534,0.7766830623864687,-0.010554845780840871,0.0038291666666666665,-0.014384012447507538,775,32.291666666666664,end_of_window,1,-0.22888092408590935,NZDCAD,USDJPY
2024-08-29 04:00:00+03:00,2024-09-09 11:00:00+03:00,-1,0.03187286743601825,0.01628565567561946,2.064136186954963,0.4309472917076356,0.01558721176039879,0.0013291666666666666,0.014258045093732123,175,7.291666666666667,mean_revert,2,0.07103644870361106,NZDCAD,USDJPY
2024-09-18 12:00:00+03:00,2024-10-01 00:00:00+03:00,-1,0.03279819542566076,0.04611046988408496,2.0528022846067167,2.4001655191852036,-0.0133122744584242,0.00145,-0.0147622744584242,204,8.5,end_of_window,2,0.07103644870361106,NZDCAD,USDJPY
2024-11-14 06:00:00+02:00,2024-12-09 17:00:00+02:00,1,-0.004888067385787315,0.004504165487018402,-2.0268421611671648,-0.3521930858240296,0.009392232872805717,0.002345833333333333,0.0070463995394723835,419,17.458333333333332,mean_revert,3,-0.06556683453550773,NZDCAD,USDJPY
2024-12-18 23:00:00+02:00,2024-12-31 23:00:00+02:00,1,-0.016256227884406366,-0.025162430435831662,-2.200142544425606,-2.383912843530244,-0.008906202551425296,0.0014,-0.010306202551425296,192,8.0,end_of_window,3,-0.06556683453550773,NZDCAD,USDJPY
2025-03-14 14:00:00+02:00,2025-03-24 17:00:00+02:00,-1,-0.003860796689450441,-0.014045056595847705,2.0295639642911185,0.33765360041295367,0.010184259906397264,0.0012125,0.008971759906397264,147,6.125,mean_revert,4,-0.09951040748317141,NZDCAD,USDJPY
2025-08-01 20:00:00+03:00,2025-08-08 02:00:00+03:00,1,-0.014344360637718157,-0.007869839481348229,-2.1491780544098535,-0.4418866166025522,0.006474521156369928,0.0010249999999999999,0.005449521156369928,102,4.25,mean_revert,6,-0.1322279597755402,NZDCAD,USDJPY
2025-08-20 05:00:00+03:00,2025-09-05 16:00:00+03:00,1,-0.019651438603761062,-0.011579684375718102,-3.114254174819552,-0.39881911522645774,0.00807175422804296,0.0018458333333333334,0.006225920894709627,299,12.458333333333334,mean_revert,6,-0.1322279597755402,NZDCAD,USDJPY
2025-09-19 18:00:00+03:00,2025-10-01 00:00:00+03:00,1,-0.02287427674151543,-0.023649357887476075,-2.063713316222244,-1.728583155396697,-0.0007750811459606433,0.0013249999999999998,-0.002100081145960643,174,7.25,end_of_window,6,-0.1322279597755402,NZDCAD,USDJPY
2025-11-04 11:00:00+02:00,2025-11-26 04:00:00+02:00,1,-0.02543227162323841,-0.018301503853193457,-2.080446857707218,-0.2179469510865109,0.0071307677700449545,0.002170833333333333,0.004959934436711621,377,15.708333333333334,mean_revert,7,-0.11266500889081324,NZDCAD,USDJPY
2025-12-31 17:00:00+02:00,2025-12-31 23:00:00+02:00,1,-0.03393281944851906,-0.03158407786059397,-2.0439553861782733,-1.6620646932771617,0.002348741587925085,0.0006249999999999999,0.0017237415879250851,6,0.25,end_of_window,7,-0.11266500889081324,NZDCAD,USDJPY
2026-01-30 14:00:00+02:00,2026-03-03 09:00:00+02:00,-1,0.017422238101626464,0.010964750398380518,2.30033356744938,0.39624160606603037,0.0064574877032459455,0.0027791666666666668,0.0036783210365792787,523,21.791666666666668,mean_revert,8,-0.3189009603514882,NZDCAD,USDJPY
2024-03-19 04:00:00+02:00,2024-04-01 00:00:00+03:00,-1,0.012385858544099682,0.018630218911582785,2.0304609675466834,1.7268824962208749,-0.006244360367483104,0.0014791666666666666,-0.007723527034149771,211,8.791666666666666,end_of_window,0,-0.24714343459128268,EURCHF,CHFJPY
2024-05-22 09:00:00+03:00,2024-06-04 12:00:00+03:00,-1,0.044628066591839266,0.029055837030323106,2.0097903451427,0.43845812483858426,0.01557222956151616,0.0015125,0.01405972956151616,219,9.125,mean_revert,1,-0.2759073983560832,EURCHF,CHFJPY
2024-07-31 22:00:00+03:00,2024-09-20 13:00:00+03:00,1,-0.00999726512299658,-0.012490198700218117,-2.0745234208801167,-0.4791168586997883,-0.002492933577221537,0.0042625,-0.006755433577221537,879,36.625,mean_revert,2,-0.0038670512770198383,EURCHF,CHFJPY
2024-11-21 11:00:00+02:00,2024-12-12 19:00:00+02:00,1,-0.03319016191498758,-0.0258401679215583,-2.0429966206685783,-0.4885014836306411,0.007349993993429282,0.0021333333333333334,0.005216660660095949,368,15.333333333333334,mean_revert,3,0.1647269015358199,EURCHF,CHFJPY
2025-02-12 17:00:00+02:00,2025-02-21 18:00:00+02:00,-1,-0.005059597418672165,-0.013066416351987645,2.022290567743715,0.4353184294354405,0.00800681893331548,0.0013041666666666666,0.006702652266648812,169,7.041666666666667,mean_revert,4,0.007271081941792743,EURCHF,CHFJPY
2025-03-05 13:00:00+02:00,2025-03-05 19:00:00+02:00,-1,-0.0029995683806709195,0.008766705245413994,2.1207224628115764,4.047994495735848,-0.011766273626084914,0.0006249999999999999,-0.012391273626084914,6,0.25,stop_z,4,0.007271081941792743,EURCHF,CHFJPY
2025-03-05 20:00:00+02:00,2025-03-05 21:00:00+02:00,-1,0.007510885548415738,0.008850893381498734,3.819464076137605,4.023146990020221,-0.0013400078330829956,0.0006041666666666666,-0.0019441744997496621,1,0.041666666666666664,stop_z,4,0.007271081941792743,EURCHF,CHFJPY
2025-03-05 22:00:00+02:00,2025-03-06 00:00:00+02:00,-1,0.009327062832735725,0.009197504179541807,4.081195722134286,4.019229469118829,0.00012955865319391746,0.0006083333333333332,-0.00047877468013941577,2,0.08333333333333333,stop_z,4,0.007271081941792743,EURCHF,CHFJPY
2025-03-06 01:00:00+02:00,2025-03-06 02:00:00+02:00,-1,0.009619068571568537,0.0095637728807859,4.067434234925683,4.03776205163552,5.52956907826363e-05,0.0006041666666666666,-0.0005488709758840303,1,0.041666666666666664,stop_z,4,0.007271081941792743,EURCHF,CHFJPY
2025-03-06 03:00:00+02:00,2025-03-06 04:00:00+02:00,-1,0.011054785820703919,0.011522212969455034,4.256577926450625,4.307560177015067,-0.000467427148751115,0.0006041666666666666,-0.0010715938154177815,1,0.041666666666666664,stop_z,4,0.007271081941792743,EURCHF,CHFJPY
2025-03-06 05:00:00+02:00,2025-03-06 06:00:00+02:00,-1,0.011007723584906329,0.010529712656776671,4.20159266695637,4.103357272525515,0.0004780109281296574,0.0006041666666666666,-0.0001261557385370092,1,0.041666666666666664,stop_z,4,0.007271081941792743,EURCHF,CHFJPY
2025-03-06 07:00:00+02:00,2025-04-01 00:00:00+03:00,-1,0.011165420477393925,0.003978225779960251,4.18210977409627,1.479485025357378,0.007187194697433674,0.0023708333333333333,0.004816361364100341,425,17.708333333333332,end_of_window,4,0.007271081941792743,EURCHF,CHFJPY
2025-07-31 16:00:00+03:00,2025-08-04 09:00:00+03:00,1,-0.01673709086176489,-0.010403726351390807,-2.036488956066212,-0.4161265205756154,0.006333364510374084,0.0007708333333333332,0.005562531177040751,41,1.7083333333333333,mean_revert,6,0.034380919159615136,EURCHF,CHFJPY
2025-08-11 18:00:00+03:00,2025-08-20 17:00:00+03:00,-1,-0.0009615586014613819,-0.007297538685643756,2.014453747256506,0.2524308425775293,0.006335980084182374,0.0012958333333333333,0.0050401467508490415,167,6.958333333333333,mean_revert,6,0.034380919159615136,EURCHF,CHFJPY
2025-11-14 09:00:00+02:00,2025-11-19 11:00:00+02:00,1,-0.00786848285255598,-0.0011232729984890777,-2.177884170739875,-0.4323379716543412,0.0067452098540669025,0.0009083333333333333,0.0058368765207335695,74,3.0833333333333335,mean_revert,7,-0.10251788783747741,EURCHF,CHFJPY
2025-12-05 14:00:00+02:00,2025-12-18 23:00:00+02:00,-1,0.007935235745540836,0.002721303930218577,2.130997315045992,0.4529740489974656,0.005213931815322259,0.0015374999999999998,0.0036764318153222593,225,9.375,mean_revert,7,-0.10251788783747741,EURCHF,CHFJPY
2026-02-05 15:00:00+02:00,2026-03-24 15:00:00+02:00,1,-0.01078250047188234,-0.011116011806174941,-2.0840528661190683,-0.4353658787485599,-0.00033351133429260216,0.0039041666666666665,-0.004237678000959269,793,33.041666666666664,mean_revert,8,-0.11105829337774946,EURCHF,CHFJPY
2024-02-22 09:00:00+02:00,2024-02-28 16:00:00+02:00,-1,0.04421121494979663,0.025382591618321015,2.0218363736402827,0.4829814648977154,0.018828623331475614,0.0010291666666666665,0.017799456664808946,103,4.291666666666667,mean_revert,0,-0.4398070638812933,NZDCAD,NZDJPY
2024-03-24 23:00:00+02:00,2024-04-01 00:00:00+03:00,1,0.006225386165416458,-0.0024800258949388976,-2.0385522590204967,-2.6203553785498563,-0.008705412060355355,0.0010999999999999998,-0.009805412060355356,120,5.0,end_of_window,0,-0.4398070638812933,NZDCAD,NZDJPY
2024-05-17 21:00:00+03:00,2024-07-01 00:00:00+03:00,-1,0.01855483796077452,0.015284476684407869,2.0166105312404787,0.5471623698628308,0.003270361276366651,0.0036125,-0.00034213872363334863,723,30.125,end_of_window,1,-0.030659383141349368,NZDCAD,NZDJPY
2024-08-01 23:00:00+03:00,2024-10-01 00:00:00+03:00,-1,0.010251611837625907,0.0411085567747822,2.1462473825028714,1.9020314137291392,-0.030856944937156294,0.004804166666666667,-0.03566111160382296,1009,42.041666666666664,end_of_window,2,0.3222732450243812,NZDCAD,NZDJPY
2025-03-10 12:00:00+02:00,2025-03-24 17:00:00+02:00,-1,0.005464388323769498,-0.006553311747953927,2.0274784926306526,0.3191978890950538,0.012017700071723425,0.0016208333333333335,0.010396866738390092,245,10.208333333333334,mean_revert,4,0.11680900048967725,NZDCAD,NZDJPY
2025-08-05 09:00:00+03:00,2025-08-13 09:00:00+03:00,1,-0.011578707472843064,-0.00172898275429767,-2.0155672621367775,-0.4089501326434592,0.009849724718545394,0.0012,0.008649724718545394,144,6.0,mean_revert,6,0.18465792411058193,NZDCAD,NZDJPY
2025-08-20 05:00:00+03:00,2025-09-05 18:00:00+03:00,1,-0.013077097073095345,-0.005607223552353435,-2.1854853662533102,-0.3816541422686679,0.00746987352074191,0.0018541666666666667,0.005615706854075243,301,12.541666666666666,mean_revert,6,0.18465792411058193,NZDCAD,NZDJPY
2025-09-19 20:00:00+03:00,2025-10-01 00:00:00+03:00,1,-0.017719319152527557,-0.016373505555099754,-2.00229876270286,-1.4731489464059053,0.001345813597427803,0.0013166666666666665,2.9146930761136426e-05,172,7.166666666666667,end_of_window,6,0.18465792411058193,NZDCAD,NZDJPY
2025-11-04 02:00:00+02:00,2025-12-04 13:00:00+02:00,1,-0.024627672148546553,-0.021655844647864297,-2.1148249504165495,-0.46418694169552444,0.002971827500682256,0.002845833333333333,0.00012599416734892285,539,22.458333333333332,mean_revert,7,0.23892196308634003,NZDCAD,NZDJPY
2026-02-06 06:00:00+02:00,2026-03-03 10:00:00+02:00,-1,0.019411794932342574,0.005891534806105381,2.0849656500494715,0.4658193525199636,0.013520260126237194,0.0023166666666666665,0.011203593459570527,412,17.166666666666668,mean_revert,8,-0.19247300059584033,NZDCAD,NZDJPY
2024-05-22 09:00:00+03:00,2024-06-04 13:00:00+03:00,-1,0.04649116745064921,0.025747022912048195,2.2836874837666077,0.3791801478266406,0.020744144538601017,0.0015166666666666666,0.01922747787193435,220,9.166666666666666,mean_revert,1,-0.15446554405455923,GBPCHF,EURCAD
2024-08-01 01:00:00+03:00,2024-08-01 21:00:00+03:00,1,-0.0006437084789664843,-0.01803911844917487,-2.2158764905252313,-4.0567938713751905,-0.017395409970208386,0.0006833333333333333,-0.01807874330354172,20,0.8333333333333334,stop_z,2,0.5665692126790607,GBPCHF,EURCAD
2024-08-01 22:00:00+03:00,2024-08-02 03:00:00+03:00,1,-0.015777695078406817,-0.018925496194524022,-3.7839622248302076,-4.044423707902341,-0.003147801116117205,0.0006208333333333333,-0.0037686344494505383,5,0.20833333333333334,stop_z,2,0.5665692126790607,GBPCHF,EURCAD
2024-08-02 04:00:00+03:00,2024-08-02 10:00:00+03:00,1,-0.018233914070459004,-0.02082993493862703,-3.9494201570611795,-4.116664525527145,-0.002596020868168028,0.0006249999999999999,-0.0032210208681680277,6,0.25,stop_z,2,0.5665692126790607,GBPCHF,EURCAD
2024-08-02 11:00:00+03:00,2024-08-02 12:00:00+03:00,1,-0.01988810714887318,-0.021583752016312435,-3.9963527084142236,-4.15626308908545,-0.0016956448674392555,0.0006041666666666666,-0.002299811534105922,1,0.041666666666666664,stop_z,2,0.5665692126790607,GBPCHF,EURCAD
2024-08-02 13:00:00+03:00,2024-08-02 14:00:00+03:00,1,-0.02176139934393373,-0.021735958891740265,-4.153720259371225,-4.129872888936769,2.5440452193464802e-05,0.0006041666666666666,-0.0005787262144732018,1,0.041666666666666664,stop_z,2,0.5665692126790607,GBPCHF,EURCAD
2024-08-02 15:00:00+03:00,2024-08-02 16:00:00+03:00,1,-0.026599529258989785,-0.026621888920370262,-4.6137283392086035,-4.587657793932084,-2.2359661380477736e-05,0.0006041666666666666,-0.0006265263280471443,1,0.041666666666666664,stop_z,2,0.5665692126790607,GBPCHF,EURCAD
2024-08-02 17:00:00+03:00,2024-08-02 18:00:00+03:00,1,-0.033763762238365636,-0.03197688848324434,-5.289473395448592,-5.066976667097572,0.0017868737551212932,0.0006041666666666666,0.0011827070884546267,1,0.041666666666666664,stop_z,2,0.5665692126790607,GBPCHF,EURCAD
2024-08-02 19:00:00+03:00,2024-08-02 20:00:00+03:00,1,-0.03396958831279345,-0.03385895307761505,-5.230519354751356,-5.179252771927879,0.00011063523517840235,0.0006041666666666666,-0.0004935314314882642,1,0.041666666666666664,stop_z,2,0.5665692126790607,GBPCHF,EURCAD
2024-08-02 21:00:00+03:00,2024-08-02 22:00:00+03:00,1,-0.03411190385744839,-0.033373889362167064,-5.165201789221063,-5.053666806649839,0.000738014495281325,0.0006041666666666666,0.00013384782861465842,1,0.041666666666666664,stop_z,2,0.5665692126790607,GBPCHF,EURCAD
2024-08-02 23:00:00+03:00,2024-08-05 00:00:00+03:00,1,-0.03538499451998428,-0.03520014075963346,-5.2136748057910065,-5.155829518520205,0.00018485376035082268,0.0006041666666666666,-0.0004193129063158439,1,0.041666666666666664,stop_z,2,0.5665692126790607,GBPCHF,EURCAD
2024-08-05 01:00:00+03:00,2024-08-05 02:00:00+03:00,1,-0.03475306268959594,-0.03890549388502548,-5.074133745255595,-5.434048860471953,-0.004152431195429546,0.0006041666666666666,-0.0047565978620962126,1,0.041666666666666664,stop_z,2,0.5665692126790607,GBPCHF,EURCAD
2024-08-05 03:00:00+03:00,2024-08-05 04:00:00+03:00,1,-0.04143194313220527,-0.041062178780277625,-5.628073274057017,-5.543714640929203,0.00036976435192764834,0.0006041666666666666,-0.00023440231473901825,1,0.041666666666666664,stop_z,2,0.5665692126790607,GBPCHF,EURCAD
2024-08-05 05:00:00+03:00,2024-08-05 06:00:00+03:00,1,-0.040106696490624955,-0.0434549273916848,-5.4072969334706915,-5.671991308504153,-0.0033482309010598454,0.0006041666666666666,-0.003952397567726512,1,0.041666666666666664,stop_z,2,0.5665692126790607,GBPCHF,EURCAD
2024-08-05 07:00:00+03:00,2024-08-05 08:00:00+03:00,1,-0.04716256816634562,-0.05401156872962917,-5.959538403392977,-6.517494141010624,-0.006849000563283553,0.0006041666666666666,-0.00745316722995022,1,0.041666666666666664,stop_z,2,0.5665692126790607,GBPCHF,EURCAD
2024-08-05 09:00:00+03:00,2024-08-05 10:00:00+03:00,1,-0.05064152116247081,-0.044858036833569315,-6.142101415647679,-5.566871955962869,0.005783484328901495,0.0006041666666666666,0.005179317662234828,1,0.041666666666666664,stop_z,2,0.5665692126790607,GBPCHF,EURCAD
2024-08-05 11:00:00+03:00,2024-08-05 12:00:00+03:00,1,-0.050184014497475976,-0.05217791635491342,-5.98593723348648,-6.099427087843103,-0.0019939018574374467,0.0006041666666666666,-0.0025980685241041132,1,0.041666666666666664,stop_z,2,0.5665692126790607,GBPCHF,EURCAD
2024-08-05 13:00:00+03:00,2024-08-05 14:00:00+03:00,1,-0.05044974458373508,-0.05169449659815861,-5.888379361687802,-5.937609708938416,-0.0012447520144235336,0.0006041666666666666,-0.0018489186810902,1,0.041666666666666664,stop_z,2,0.5665692126790607,GBPCHF,EURCAD
2024-08-05 15:00:00+03:00,2024-08-05 16:00:00+03:00,1,-0.05788360658824898,-0.0513325618068623,-6.400151403389617,-5.782714197457231,0.0065510447813866834,0.0006041666666666666,0.0059468781147200165,1,0.041666666666666664,stop_z,2,0.5665692126790607,GBPCHF,EURCAD
2024-08-05 17:00:00+03:00,2024-08-05 18:00:00+03:00,1,-0.0517522983790796,-0.044713992118419366,-5.763624474414658,-5.131194782659021,0.007038306260660238,0.0006041666666666666,0.006434139593993571,1,0.041666666666666664,stop_z,2,0.5665692126790607,GBPCHF,EURCAD
2024-08-05 19:00:00+03:00,2024-08-05 20:00:00+03:00,1,-0.044887309258896224,-0.04683867023800681,-5.1070327666183974,-5.227987443117277,-0.0019513609791105835,0.0006041666666666666,-0.00255552764577725,1,0.041666666666666664,stop_z,2,0.5665692126790607,GBPCHF,EURCAD
2024-08-05 21:00:00+03:00,2024-08-05 22:00:00+03:00,1,-0.04811865793321163,-0.047222148604073644,-5.291213029172963,-5.177954591482989,0.0008965093291379844,0.0006041666666666666,0.00029234266247131783,1,0.041666666666666664,stop_z,2,0.5665692126790607,GBPCHF,EURCAD
2024-08-05 23:00:00+03:00,2024-08-06 00:00:00+03:00,1,-0.04697750610916762,-0.044321699699529926,-5.119366287653951,-4.871453051187913,0.0026558064096376954,0.0006041666666666666,0.002051639742971029,1,0.041666666666666664,stop_z,2,0.5665692126790607,GBPCHF,EURCAD
2024-08-06 01:00:00+03:00,2024-08-06 02:00:00+03:00,1,-0.04277804861474244,-0.03958120356968392,-4.717022472732913,-4.436403914810815,0.003196845045058516,0.0006041666666666666,0.0025926783783918497,1,0.041666666666666664,stop_z,2,0.5665692126790607,GBPCHF,EURCAD
2024-08-06 03:00:00+03:00,2024-08-06 04:00:00+03:00,1,-0.03922025182803729,-0.040055671647982904,-4.382970811197268,-4.42342105249499,-0.0008354198199456153,0.0006041666666666666,-0.0014395864866122818,1,0.041666666666666664,stop_z,2,0.5665692126790607,GBPCHF,EURCAD
2024-08-06 05:00:00+03:00,2024-08-06 06:00:00+03:00,1,-0.039808297204188825,-0.03976227947983438,-4.379251765032527,-4.351309359500407,4.601772435444684e-05,0.0006041666666666666,-0.0005581489423122197,1,0.041666666666666664,stop_z,2,0.5665692126790607,GBPCHF,EURCAD
2024-08-06 07:00:00+03:00,2024-08-06 08:00:00+03:00,1,-0.03996899695746986,-0.03900051498657214,-4.343132726059288,-4.245523360420905,0.0009684819708977166,0.0006041666666666666,0.00036431530423105,1,0.041666666666666664,stop_z,2,0.5665692126790607,GBPCHF,EURCAD
2024-08-06 09:00:00+03:00,2024-08-06 10:00:00+03:00,1,-0.0427289747226631,-0.04199148970274619,-4.505453014527825,-4.4234601184870606,0.0007374850199169114,0.0006041666666666666,0.0001333183532502448,1,0.041666666666666664,stop_z,2,0.5665692126790607,GBPCHF,EURCAD
2024-08-06 11:00:00+03:00,2024-08-06 12:00:00+03:00,1,-0.04454534771860044,-0.045542980038383335,-4.58950710757949,-4.635876091071185,-0.000997632319782893,0.0006041666666666666,-0.0016017989864495594,1,0.041666666666666664,stop_z,2,0.5665692126790607,GBPCHF,EURCAD
2024-08-06 13:00:00+03:00,2024-08-06 14:00:00+03:00,1,-0.04703616240775085,-0.04797048660012393,-4.717618602654771,-4.756103939863001,-0.0009343241923730761,0.0006041666666666666,-0.0015384908590397425,1,0.041666666666666664,stop_z,2,0.5665692126790607,GBPCHF,EURCAD
2024-08-06 15:00:00+03:00,2024-08-06 16:00:00+03:00,1,-0.04933021157905365,-0.04847333759708655,-4.824484645804567,-4.730278704777908,0.000856873981967099,0.0006041666666666666,0.0002527073153004324,1,0.041666666666666664,stop_z,2,0.5665692126790607,GBPCHF,EURCAD
2024-08-06 17:00:00+03:00,2024-08-06 18:00:00+03:00,1,-0.04792552591051957,-0.04686340997288613,-4.660391486724862,-4.554984641339217,0.0010621159376334455,0.0006041666666666666,0.0004579492709667789,1,0.041666666666666664,stop_z,2,0.5665692126790607,GBPCHF,EURCAD
2024-08-06 19:00:00+03:00,2024-08-06 20:00:00+03:00,1,-0.04528014238062247,-0.04522420152568413,-4.414488804086903,-4.385382955282321,5.594085493834666e-05,0.0006041666666666666,-0.0005482258117283199,1,0.041666666666666664,stop_z,2,0.5665692126790607,GBPCHF,EURCAD
2024-08-06 21:00:00+03:00,2024-08-06 22:00:00+03:00,1,-0.04620313255566588,-0.047935807946364706,-4.429977226551165,-4.526508049279404,-0.0017326753906988235,0.0006041666666666666,-0.00233684205736549,1,0.041666666666666664,stop_z,2,0.5665692126790607,GBPCHF,EURCAD
2024-08-06 23:00:00+03:00,2024-08-07 00:00:00+03:00,1,-0.0493990361623661,-0.049080230842361405,-4.60186509297978,-4.55149220724069,0.00031880532000469475,0.0006041666666666666,-0.00028536134666197184,1,0.041666666666666664,stop_z,2,0.5665692126790607,GBPCHF,EURCAD
2024-08-07 01:00:00+03:00,2024-08-07 02:00:00+03:00,1,-0.04802381645801079,-0.0481272355139869,-4.451098302129187,-4.432512668525345,-0.00010341905597610612,0.0006041666666666666,-0.0007075857226427727,1,0.041666666666666664,stop_z,2,0.5665692126790607,GBPCHF,EURCAD
2024-08-07 03:00:00+03:00,2024-09-19 14:00:00+03:00,1,-0.04560951745197589,-0.010432449595464036,-4.234660708674111,-0.49082302119945204,0.035177067856511854,0.0037458333333333332,0.031431234523178524,755,31.458333333333332,mean_revert,2,0.5665692126790607,GBPCHF,EURCAD
2024-12-17 09:00:00+02:00,2024-12-19 21:00:00+02:00,-1,0.01074066647224655,-0.0006499075937882251,2.0982961730645067,0.24394177457654478,0.011390574066034775,0.00085,0.010540574066034775,60,2.5,mean_revert,3,0.40398907854317284,GBPCHF,EURCAD
2024-12-31 17:00:00+02:00,2024-12-31 23:00:00+02:00,-1,0.010474122971987625,0.009864081660491485,2.007649226824322,1.8953365525579808,0.00061004131149614,0.0006249999999999999,-1.4958688503859856e-05,6,0.25,end_of_window,3,0.40398907854317284,GBPCHF,EURCAD
2025-02-11 20:00:00+02:00,2025-02-25 17:00:00+02:00,-1,0.009290334386096721,0.0028752108615563154,2.082911106402083,0.4436615371009561,0.006415123524540406,0.0015875,0.0048276235245404055,237,9.875,mean_revert,4,0.16268383003560638,GBPCHF,EURCAD
2025-03-05 20:00:00+02:00,2025-03-07 05:00:00+02:00,-1,0.013088253514255813,0.003625993733792965,2.0569011639453354,0.47824553314956875,0.009462259780462848,0.0007375,0.008724759780462847,33,1.375,mean_revert,4,0.16268383003560638,GBPCHF,EURCAD
2025-08-01 16:00:00+03:00,2025-08-07 14:00:00+03:00,1,-0.033420561424676365,-0.01577958222786252,-2.1732442465175805,-0.48791198489990345,0.017640979196813844,0.0009916666666666665,0.01664931253014718,94,3.9166666666666665,mean_revert,6,-0.32361645734176303,GBPCHF,EURCAD
2025-10-30 23:00:00+02:00,2025-11-25 11:00:00+02:00,1,-0.028193784757258866,-0.016510381354450432,-2.5029475228119256,-0.45615193820665384,0.011683403402808434,0.002345833333333333,0.009337570069475101,419,17.458333333333332,mean_revert,7,-0.49049710850171435,GBPCHF,EURCAD
2026-02-05 15:00:00+02:00,2026-03-24 16:00:00+02:00,1,-0.022655144838464925,-0.025032583174242562,-2.006273376828103,-0.36689728221453266,-0.0023774383357776374,0.003908333333333334,-0.006285771669110971,794,33.083333333333336,mean_revert,8,-0.6950812485328934,GBPCHF,EURCAD
2024-03-20 02:00:00+02:00,2024-04-01 00:00:00+03:00,-1,0.01715368555969654,0.02289110194981303,2.000178644859575,1.8276964651370204,-0.00573741639011649,0.0013874999999999998,-0.00712491639011649,189,7.875,end_of_window,0,-0.2988220504794106,EURCHF,EURJPY
2024-08-05 07:00:00+03:00,2024-08-14 01:00:00+03:00,1,-0.024938955237568283,-0.009146436638983069,-2.028289438799134,-0.48124148757848206,0.015792518598585215,0.001275,0.014517518598585214,162,6.75,mean_revert,2,0.27282924088727395,EURCHF,EURJPY
2024-11-06 08:00:00+02:00,2024-11-27 18:00:00+02:00,1,-0.027077382434916863,-0.01885656635600741,-2.02587094635428,-0.45113815391613377,0.008220816078909454,0.0021416666666666667,0.0060791494122427875,370,15.416666666666666,mean_revert,3,0.388548430633194,EURCHF,EURJPY
2025-02-05 17:00:00+02:00,2025-03-24 22:00:00+02:00,-1,0.0015324474981710523,0.004162815772253747,2.0431997847310273,0.4861339020073694,-0.002630368274082695,0.003925,-0.006555368274082695,798,33.25,mean_revert,4,0.5031960079217843,EURCHF,EURJPY
2025-11-13 18:00:00+02:00,2025-11-19 12:00:00+02:00,1,-0.011956411877978773,-0.004338187071440985,-2.0479050194364254,-0.3508460693228059,0.007618224806537788,0.000975,0.006643224806537788,90,3.75,mean_revert,7,-0.06075201334039772,EURCHF,EURJPY
2025-12-08 16:00:00+02:00,2025-12-18 14:00:00+02:00,-1,0.006238519100365908,-0.0008656314395859843,2.00086505265976,0.43807302031336925,0.007104150539951892,0.0013916666666666665,0.005712483873285226,190,7.916666666666667,mean_revert,7,-0.06075201334039772,EURCHF,EURJPY
2026-02-05 14:00:00+02:00,2026-03-24 16:00:00+02:00,1,-0.013222841372377947,-0.01332092445573968,-2.008746559989894,-0.426841355022254,-9.808308336173299e-05,0.0039125,-0.004010583083361733,795,33.125,mean_revert,8,-0.10448714363755314,EURCHF,EURJPY
2024-03-19 06:00:00+02:00,2024-04-01 00:00:00+03:00,-1,0.004660053585533508,0.006819808747695888,2.020842181831982,1.6862694542748107,-0.00215975516216238,0.0014708333333333333,-0.0036305884954957136,209,8.708333333333334,end_of_window,0,0.37797893209704636,EURCHF,AUDCHF
2024-06-10 06:00:00+03:00,2024-06-14 11:00:00+03:00,1,-0.0036589225819691484,-0.014379026787984195,-2.1089622161602817,-4.362377372042237,-0.010720104206015046,0.0010208333333333332,-0.01174093753934838,101,4.208333333333333,stop_z,1,0.5711249201651775,EURCHF,AUDCHF
2024-06-14 12:00:00+03:00,2024-06-14 13:00:00+03:00,1,-0.01361396356664435,-0.013453717383646313,-4.159356995213691,-4.101678363501774,0.00016024618299803617,0.0006041666666666666,-0.0004439204836686304,1,0.041666666666666664,stop_z,1,0.5711249201651775,EURCHF,AUDCHF
2024-06-14 14:00:00+03:00,2024-06-14 15:00:00+03:00,1,-0.014489565095152368,-0.01413533139221157,-4.323563638793315,-4.218801611695675,0.00035423370294079826,0.0006041666666666666,-0.00024993296372586833,1,0.041666666666666664,stop_z,1,0.5711249201651775,EURCHF,AUDCHF
2024-06-14 16:00:00+03:00,2024-06-14 17:00:00+03:00,1,-0.015382705727816193,-0.015280243280241357,-4.485195509255797,-4.436296630671531,0.00010246244757483591,0.0006041666666666666,-0.0005017042190918307,1,0.041666666666666664,stop_z,1,0.5711249201651775,EURCHF,AUDCHF
2024-06-14 18:00:00+03:00,2024-06-14 19:00:00+03:00,1,-0.014589167817997795,-0.014653022758246093,-4.254101637995912,-4.24656495993279,-6.385494024829796e-05,0.0006041666666666666,-0.0006680216069149646,1,0.041666666666666664,stop_z,1,0.5711249201651775,EURCHF,AUDCHF
2024-06-14 20:00:00+03:00,2024-06-14 21:00:00+03:00,1,-0.014707375922116683,-0.014571807669656656,-4.237314374385881,-4.185554788900896,0.00013556825246002768,0.0006041666666666666,-0.0004685984142066389,1,0.041666666666666664,stop_z,1,0.5711249201651775,EURCHF,AUDCHF
2024-06-14 22:00:00+03:00,2024-06-14 23:00:00+03:00,1,-0.01421667571527313,-0.014182019896952613,-4.085418669243746,-4.058934514662686,3.465581832051701e-05,0.0006041666666666666,-0.0005695108483461496,1,0.041666666666666664,stop_z,1,0.5711249201651775,EURCHF,AUDCHF
2024-06-17 00:00:00+03:00,2024-06-17 01:00:00+03:00,1,-0.014357877940220809,-0.014215411367593245,-4.079675627336529,-4.029291979757975,0.00014246657262756424,0.0006041666666666666,-0.00046170009403910235,1,0.041666666666666664,stop_z,1,0.5711249201651775,EURCHF,AUDCHF
2024-06-17 02:00:00+03:00,2024-06-18 18:00:00+03:00,1,-0.013980484951877759,-0.0171408721125349,-3.959464343163312,-4.0672408488271605,-0.003160387160657141,0.0007666666666666666,-0.003927053827323807,40,1.6666666666666667,stop_z,1,0.5711249201651775,EURCHF,AUDCHF
2024-06-18 19:00:00+03:00,2024-06-18 20:00:00+03:00,1,-0.017368354662527508,-0.01728557508300549,-4.092107991720201,-4.056446160793295,8.277957952201875e-05,0.0006041666666666666,-0.0005213870871446478,1,0.041666666666666664,stop_z,1,0.5711249201651775,EURCHF,AUDCHF
2024-06-18 21:00:00+03:00,2024-06-18 22:00:00+03:00,1,-0.017669741768145564,-0.01758442603770327,-4.1113233767173165,-4.0751137073430215,8.531573044229246e-05,0.0006041666666666666,-0.0005188509362243741,1,0.041666666666666664,stop_z,1,0.5711249201651775,EURCHF,AUDCHF
2024-06-18 23:00:00+03:00,2024-06-19 00:00:00+03:00,1,-0.017521016810972123,-0.01740536652100161,-4.0436403416387545,-4.002684765402462,0.00011565028997051474,0.0006041666666666666,-0.0004885163766961518,1,0.041666666666666664,stop_z,1,0.5711249201651775,EURCHF,AUDCHF
2024-06-19 01:00:00+03:00,2024-06-19 02:00:00+03:00,1,-0.017615576065720007,-0.01799085089802116,-4.0238730296501695,-4.075394099950241,-0.00037527483230115344,0.0006041666666666666,-0.00097944149896782,1,0.041666666666666664,stop_z,1,0.5711249201651775,EURCHF,AUDCHF
2024-06-19 03:00:00+03:00,2024-06-19 04:00:00+03:00,1,-0.018154366604235583,-0.018299428743259127,-4.086089317964879,-4.09313079510651,-0.00014506213902354403,0.0006041666666666666,-0.0007492288056902106,1,0.041666666666666664,stop_z,1,0.5711249201651775,EURCHF,AUDCHF
2024-06-19 05:00:00+03:00,2024-06-19 06:00:00+03:00,1,-0.018394663564779867,-0.018017440180908506,-4.090616834757996,-4.000834349687971,0.00037722338387136123,0.0006041666666666666,-0.00022694328279530536,1,0.041666666666666664,stop_z,1,0.5711249201651775,EURCHF,AUDCHF
2024-06-19 07:00:00+03:00,2024-06-19 08:00:00+03:00,1,-0.01826904412130359,-0.018702263415248332,-4.028633253851937,-4.089277719834286,-0.0004332192939447421,0.0006041666666666666,-0.0010373859606114086,1,0.041666666666666664,stop_z,1,0.5711249201651775,EURCHF,AUDCHF
2024-06-19 09:00:00+03:00,2024-06-19 10:00:00+03:00,1,-0.019259352883591624,-0.01927612425179065,-4.171201580640551,-4.1531450958609915,-1.6771368199025583e-05,0.0006041666666666666,-0.0006209380348656922,1,0.041666666666666664,stop_z,1,0.5711249201651775,EURCHF,AUDCHF
2024-06-19 11:00:00+03:00,2024-07-01 00:00:00+03:00,1,-0.01865154649339812,-0.012370962468920554,-4.019128272446997,-1.7827035407382872,0.006280584024477565,0.0013541666666666667,0.004926417357810898,181,7.541666666666667,end_of_window,1,0.5711249201651775,EURCHF,AUDCHF
2024-08-29 12:00:00+03:00,2024-09-04 03:00:00+03:00,1,-0.018736494446673357,-0.008468333930658434,-2.084120472475337,-0.4725234040990698,0.010268160516014924,0.0009624999999999999,0.009305660516014924,87,3.625,mean_revert,2,0.6097801158678722,EURCHF,AUDCHF
2024-09-27 16:00:00+03:00,2024-10-01 00:00:00+03:00,1,-0.020622106024112186,-0.022156512106285553,-2.1364145539563517,-2.2556841663778755,-0.0015344060821733674,0.0007333333333333332,-0.0022677394155067006,32,1.3333333333333333,end_of_window,2,0.6097801158678722,EURCHF,AUDCHF
2024-11-21 19:00:00+02:00,2024-12-04 04:00:00+02:00,1,-0.02433192600337747,-0.01366637777157731,-2.0510654891371285,-0.3658945240434591,0.01066554823180016,0.0014375,0.00922804823180016,201,8.375,mean_revert,3,0.6624810253505982,EURCHF,AUDCHF
2024-12-18 06:00:00+02:00,2024-12-31 23:00:00+02:00,-1,0.000593445434047768,0.005031075570242405,2.0415968961887945,2.159580594525723,-0.004437630136194637,0.0014708333333333333,-0.00590846346952797,209,8.708333333333334,end_of_window,3,0.6624810253505982,EURCHF,AUDCHF
2025-03-04 04:00:00+02:00,2025-04-01 00:00:00+03:00,-1,0.018254858318863754,0.041028292494870666,2.040781804769926,2.076588506886153,-0.022773434176006913,0.002583333333333333,-0.025356767509340246,476,19.833333333333332,end_of_window,4,0.7274665739472028,EURCHF,AUDCHF
2025-07-31 22:00:00+03:00,2025-08-01 17:00:00+03:00,1,-0.005594483394815025,-0.00015969661362155718,-2.1957118819015866,-0.48186018020453264,0.005434786781193468,0.0006791666666666666,0.004755620114526802,19,0.7916666666666666,mean_revert,6,0.15029990367954016,EURCHF,AUDCHF
2025-08-06 21:00:00+03:00,2025-08-25 23:00:00+03:00,-1,0.007955956438655619,0.004053405818530087,2.151285431687422,0.3900610278536566,0.003902550620125532,0.0019083333333333335,0.0019942172867921984,314,13.083333333333334,mean_revert,6,0.15029990367954016,EURCHF,AUDCHF
2025-11-13 17:00:00+02:00,2025-11-20 16:00:00+02:00,1,-0.013879930096802825,-0.006275262337423693,-2.063387523253224,-0.4918386460409301,0.0076046677593791315,0.0010958333333333332,0.006508834426045798,119,4.958333333333333,mean_revert,7,0.05685969117221002,EURCHF,AUDCHF
2026-02-04 06:00:00+02:00,2026-03-26 18:00:00+02:00,1,-0.02440202050101676,-0.026305210648401973,-3.1199665057138346,-0.47483826051636085,-0.0019031901473852142,0.0042541666666666665,-0.006157356814051881,877,36.541666666666664,mean_revert,8,0.17309687092495912,EURCHF,AUDCHF
2024-03-19 05:00:00+02:00,2024-04-01 00:00:00+03:00,-1,0.012658610642480639,0.019564973429719856,2.0313257350725222,1.8142054374159013,-0.0069063627872392175,0.001475,-0.008381362787239218,210,8.75,end_of_window,0,0.7527292332950554,EURJPY,CHFJPY
2024-05-24 14:00:00+03:00,2024-06-04 12:00:00+03:00,-1,0.046172130044947135,0.029022153936402617,2.0232187167829863,0.45455156610590564,0.017149976108544518,0.0012916666666666667,0.01585830944187785,166,6.916666666666667,mean_revert,1,0.7240396526666019,EURJPY,CHFJPY
2024-07-31 22:00:00+03:00,2024-08-05 08:00:00+03:00,1,-0.009708648048040298,-0.03687705591969105,-2.0633751869857933,-4.007311667437345,-0.027168407871650754,0.0008416666666666666,-0.02801007453831742,58,2.4166666666666665,stop_z,2,0.9963038677157388,EURJPY,CHFJPY
2024-08-05 09:00:00+03:00,2024-09-20 14:00:00+03:00,1,-0.03472551942199899,-0.011655350177896113,-3.8119226055627142,-0.4341505378194657,0.023070169244102875,0.004020833333333334,0.01904933591076954,821,34.208333333333336,mean_revert,2,0.9963038677157388,EURJPY,CHFJPY
2024-11-21 11:00:00+02:00,2024-12-12 19:00:00+02:00,1,-0.03322089350004054,-0.02585198194242133,-2.053617658524721,-0.49739031789877286,0.007368911557619207,0.0021333333333333334,0.005235578224285873,368,15.333333333333334,mean_revert,3,1.1651430272077883,EURJPY,CHFJPY
2025-02-12 17:00:00+02:00,2025-02-21 18:00:00+02:00,-1,-0.005091343051369546,-0.013144593196772025,2.0365084205365607,0.41765654186457896,0.00805325014540248,0.0013041666666666666,0.006749083478735813,169,7.041666666666667,mean_revert,4,1.0077307725885358,EURJPY,CHFJPY
2025-03-05 11:00:00+02:00,2025-03-05 19:00:00+02:00,-1,-0.0038164323829795177,0.008733244389034833,2.0098345018650687,4.081677410012758,-0.012549676772014351,0.0006333333333333333,-0.013183010105347684,8,0.3333333333333333,stop_z,4,1.0077307725885358,EURJPY,CHFJPY
2025-03-05 20:00:00+02:00,2025-03-05 21:00:00+02:00,-1,0.007508284971344981,0.008853661485518305,3.8563904748673905,4.062576716304732,-0.0013453765141733243,0.0006041666666666666,-0.0019495431808399907,1,0.041666666666666664,stop_z,4,1.0077307725885358,EURJPY,CHFJPY
2025-03-05 22:00:00+02:00,2025-03-05 23:00:00+02:00,-1,0.00929466877974433,0.009693176213079358,4.11517206706895,4.159686364736189,-0.0003985074333350269,0.0006041666666666666,-0.0010026741000016934,1,0.041666666666666664,stop_z,4,1.0077307725885358,EURJPY,CHFJPY
2025-03-06 00:00:00+02:00,2025-03-06 01:00:00+02:00,-1,0.009474651408699575,0.009583868447244182,4.102170679635092,4.099151151665513,-0.00010921703854460674,0.0006041666666666666,-0.0007133837052112733,1,0.041666666666666664,stop_z,4,1.0077307725885358,EURJPY,CHFJPY
2025-03-06 02:00:00+02:00,2025-03-06 03:00:00+02:00,-1,0.009520349588412802,0.011051979858543948,4.068074043616875,4.2952815457482085,-0.0015316302701311457,0.0006041666666666666,-0.002135796936797812,1,0.041666666666666664,stop_z,4,1.0077307725885358,EURJPY,CHFJPY
2025-03-06 04:00:00+02:00,2025-03-06 05:00:00+02:00,-1,0.011479373709789076,0.010969284875627483,4.340198565333374,4.234166632700486,0.0005100888341615928,0.0006041666666666666,-9.40778325050738e-05,1,0.041666666666666664,stop_z,4,1.0077307725885358,EURJPY,CHFJPY
2025-03-06 06:00:00+02:00,2025-03-06 07:00:00+02:00,-1,0.010492782006878254,0.011153734019258177,4.135506452499812,4.218823920449653,-0.0006609520123799228,0.0006041666666666666,-0.0012651186790465893,1,0.041666666666666664,stop_z,4,1.0077307725885358,EURJPY,CHFJPY
2025-03-06 08:00:00+02:00,2025-04-01 00:00:00+03:00,-1,0.009599788204114279,0.004519893397040231,3.951022122934748,1.5411288889552264,0.005079894807074048,0.0023666666666666667,0.0027132281404073813,424,17.666666666666668,end_of_window,4,1.0077307725885358,EURJPY,CHFJPY
2025-07-31 18:00:00+03:00,2025-08-04 09:00:00+03:00,1,-0.017404052352728072,-0.010449869834224301,-2.125679913163557,-0.4121846480901742,0.006954182518503771,0.0007624999999999999,0.006191682518503771,39,1.625,mean_revert,6,1.034570439803967,EURJPY,CHFJPY
2025-08-11 23:00:00+03:00,2025-08-20 17:00:00+03:00,-1,-0.0005668271792235724,-0.007363037231067515,2.0492925514334415,0.24148445490590048,0.006796210051843943,0.001275,0.005521210051843943,162,6.75,mean_revert,6,1.034570439803967,EURJPY,CHFJPY
2025-11-14 09:00:00+02:00,2025-11-19 11:00:00+02:00,1,-0.007873511071288364,-0.0011201148784358295,-2.1482106316936864,-0.43394106696870494,0.006753396192852534,0.0009083333333333333,0.005845062859519201,74,3.0833333333333335,mean_revert,7,0.8974452156335136,EURJPY,CHFJPY
2025-12-05 14:00:00+02:00,2025-12-23 06:00:00+02:00,-1,0.007919596131880147,0.0029378307685466454,2.1040298936581876,0.49198637437880255,0.004981765363333501,0.0017666666666666664,0.003215098696666835,280,11.666666666666666,mean_revert,7,0.8974452156335136,EURJPY,CHFJPY
2026-02-05 15:00:00+02:00,2026-03-24 15:00:00+02:00,1,-0.010804227948780776,-0.011158843089291492,-2.0484169654839364,-0.45471113152347054,-0.00035461514051071674,0.0039041666666666665,-0.004258781807177384,793,33.041666666666664,mean_revert,8,0.8889262987079378,EURJPY,CHFJPY
2024-05-22 09:00:00+03:00,2024-06-04 10:00:00+03:00,-1,0.04215237938855343,0.02484720856411929,2.1070688130127366,0.49132790663918563,0.01730517082443414,0.0015041666666666667,0.015801004157767473,217,9.041666666666666,mean_revert,1,-0.19536150946588654,GBPCHF,EURAUD
2024-08-01 23:00:00+03:00,2024-08-05 07:00:00+03:00,1,-0.002775281890894321,-0.020982825044435383,-2.3895950582586765,-4.051893694218191,-0.01820754315354106,0.0007333333333333332,-0.018940876486874394,32,1.3333333333333333,stop_z,2,-0.3155639654616554,GBPCHF,EURAUD
2024-08-05 08:00:00+03:00,2024-08-05 09:00:00+03:00,1,-0.02423215344585103,-0.02111787299884285,-4.3636021345030445,-4.0245101210707785,0.0031142804470081775,0.0006041666666666666,0.002510113780341511,1,0.041666666666666664,stop_z,2,-0.3155639654616554,GBPCHF,EURAUD
2024-08-05 10:00:00+03:00,2024-08-05 12:00:00+03:00,1,-0.015317165927169474,-0.02270250395914425,-3.418765668827899,-4.133742393772198,-0.007385338031974775,0.0006083333333333332,-0.00799367136530811,2,0.08333333333333333,stop_z,2,-0.3155639654616554,GBPCHF,EURAUD
2024-08-05 13:00:00+03:00,2024-08-05 14:00:00+03:00,1,-0.022165641867122,-0.02187520581527344,-4.060184990532017,-4.012750629527057,0.00029043605184855825,0.0006041666666666666,-0.00031373061481810834,1,0.041666666666666664,stop_z,2,-0.3155639654616554,GBPCHF,EURAUD
2024-08-05 15:00:00+03:00,2024-08-05 16:00:00+03:00,1,-0.026165806875315473,-0.02392050745946278,-4.418805805332454,-4.173761198437771,0.0022452994158526918,0.0006041666666666666,0.0016411327491860253,1,0.041666666666666664,stop_z,2,-0.3155639654616554,GBPCHF,EURAUD
2024-08-05 17:00:00+03:00,2024-08-06 15:00:00+03:00,1,-0.022533224802945062,-0.026108616678085728,-4.017036357311046,-4.03036449252003,-0.0035753918751406655,0.0006916666666666666,-0.004267058541807332,22,0.9166666666666666,stop_z,2,-0.3155639654616554,GBPCHF,EURAUD
2024-08-06 16:00:00+03:00,2024-08-06 22:00:00+03:00,1,-0.026648359461072385,-0.027726448895721012,-4.060623655366319,-4.0477264824573815,-0.001078089434648627,0.0006249999999999999,-0.0017030894346486268,6,0.25,stop_z,2,-0.3155639654616554,GBPCHF,EURAUD
2024-08-06 23:00:00+03:00,2024-08-07 00:00:00+03:00,1,-0.028764418579787926,-0.028535825596897324,-4.120496269239888,-4.0804237485365284,0.00022859298289060193,0.0006041666666666666,-0.00037557368377606466,1,0.041666666666666664,stop_z,2,-0.3155639654616554,GBPCHF,EURAUD
2024-08-07 01:00:00+03:00,2024-09-19 11:00:00+03:00,1,-0.027424932358306064,0.0013963564850488774,-3.96367062663357,-0.45622626876551736,0.028821288843354942,0.0037416666666666666,0.025079622176688274,754,31.416666666666668,mean_revert,2,-0.3155639654616554,GBPCHF,EURAUD
2024-11-21 12:00:00+02:00,2024-12-02 11:00:00+02:00,1,-0.014760798808158726,-0.005250056149673554,-2.070063242073117,-0.3506528213469996,0.009510742658485172,0.0012958333333333333,0.008214909325151839,167,6.958333333333333,mean_revert,3,-0.6892669754879074,GBPCHF,EURAUD
2024-12-10 21:00:00+02:00,2024-12-31 23:00:00+02:00,-1,0.009706887786907148,0.025524097825847913,2.167324860889536,2.6100541717558468,-0.015817210038940765,0.0020083333333333333,-0.0178255433722741,338,14.083333333333334,end_of_window,3,-0.6892669754879074,GBPCHF,EURAUD
2025-03-03 12:00:00+02:00,2025-04-01 00:00:00+03:00,-1,0.024201932613849675,0.03988994675029334,2.236900443418811,1.887390809328373,-0.015688014136443662,0.00265,-0.01833801413644366,492,20.5,end_of_window,4,-0.46455994960251773,GBPCHF,EURAUD
2025-11-04 11:00:00+02:00,2025-11-25 11:00:00+02:00,1,-0.03623191774516066,-0.026313243001311604,-2.0470681565416937,-0.46666687576998783,0.009918674743849054,0.0021,0.007818674743849055,360,15.0,mean_revert,7,-0.39880845798606096,GBPCHF,EURAUD
2024-03-19 03:00:00+02:00,2024-04-01 00:00:00+03:00,-1,0.003556808310751086,0.006539594915586283,2.021038944198692,1.6075221861795677,-0.002982786604835197,0.0014833333333333335,-0.00446611993816853,212,8.833333333333334,end_of_window,0,-0.6220047947599948,EURAUD,AUDCHF
2024-06-07 09:00:00+03:00,2024-06-14 11:00:00+03:00,1,-0.0026299287966244367,-0.014353063874489869,-2.086631694936124,-4.3238970988685255,-0.011723135077865432,0.0011083333333333331,-0.012831468411198765,122,5.083333333333333,stop_z,1,-0.42915230900222034,EURAUD,AUDCHF
2024-06-14 12:00:00+03:00,2024-06-14 13:00:00+03:00,1,-0.013577483916510535,-0.013407829592247344,-4.11970125297294,-4.05895214267013,0.00016965432426319094,0.0006041666666666666,-0.00043451234240347565,1,0.041666666666666664,stop_z,1,-0.42915230900222034,EURAUD,AUDCHF
2024-06-14 14:00:00+03:00,2024-06-14 15:00:00+03:00,1,-0.014449936004898578,-0.014099897709375309,-4.27747895748748,-4.174104337164454,0.0003500382955232695,0.0006041666666666666,-0.0002541283711433971,1,0.041666666666666664,stop_z,1,-0.42915230900222034,EURAUD,AUDCHF
2024-06-14 16:00:00+03:00,2024-06-14 17:00:00+03:00,1,-0.015606696066437997,-0.015245120194176176,-4.493714031575852,-4.3849987119503835,0.0003615758722618212,0.0006041666666666666,-0.0002425907944048454,1,0.041666666666666664,stop_z,1,-0.42915230900222034,EURAUD,AUDCHF
2024-06-14 18:00:00+03:00,2024-06-14 19:00:00+03:00,1,-0.014575671620215003,-0.014630488796547936,-4.209489501710509,-4.199250882501502,-5.481717633293304e-05,0.0006041666666666666,-0.0006589838429995996,1,0.041666666666666664,stop_z,1,-0.42915230900222034,EURAUD,AUDCHF
2024-06-14 20:00:00+03:00,2024-06-14 21:00:00+03:00,1,-0.014693244383855275,-0.01455630046518841,-4.190741584014539,-4.138104918049665,0.00013694391866686528,0.0006041666666666666,-0.0004672227479998013,1,0.041666666666666664,stop_z,1,-0.42915230900222034,EURAUD,AUDCHF
2024-06-14 22:00:00+03:00,2024-06-14 23:00:00+03:00,1,-0.01422889558504098,-0.014267719795885314,-4.044313498661517,-4.032571432141992,-3.882421084433485e-05,0.0006041666666666666,-0.0006429908775110014,1,0.041666666666666664,stop_z,1,-0.42915230900222034,EURAUD,AUDCHF
2024-06-17 00:00:00+03:00,2024-06-18 19:00:00+03:00,1,-0.014742399563092312,-0.01736664475997407,-4.115997108537865,-4.005516876127879,-0.002624245196881758,0.0007791666666666666,-0.003403411863548425,43,1.7916666666666667,stop_z,1,-0.42915230900222034,EURAUD,AUDCHF
2024-06-18 20:00:00+03:00,2024-06-18 21:00:00+03:00,1,-0.01725540800301112,-0.017646225558159645,-3.9644722829778707,-4.018836762223752,-0.000390817555148526,0.0006041666666666666,-0.0009949842218151925,1,0.041666666666666664,stop_z,1,-0.42915230900222034,EURAUD,AUDCHF
2024-06-18 22:00:00+03:00,2024-06-19 04:00:00+03:00,1,-0.01756268835604935,-0.018289902796164603,-3.9829944489064752,-4.0005849492518415,-0.0007272144401152536,0.0006249999999999999,-0.0013522144401152535,6,0.25,stop_z,1,-0.42915230900222034,EURAUD,AUDCHF
2024-06-19 05:00:00+03:00,2024-06-19 09:00:00+03:00,1,-0.018370116346118015,-0.019224482657536096,-3.995262456636177,-4.071252920664141,-0.0008543663114180811,0.0006166666666666666,-0.0014710329780847477,4,0.16666666666666666,stop_z,1,-0.42915230900222034,EURAUD,AUDCHF
2024-06-19 10:00:00+03:00,2024-07-01 00:00:00+03:00,1,-0.019252208499683482,-0.0124938616538538,-4.055388546068851,-1.7544437678535159,0.0067583468458296825,0.0013583333333333334,0.0054000135124963496,182,7.583333333333333,end_of_window,1,-0.42915230900222034,EURAUD,AUDCHF
2024-08-29 12:00:00+03:00,2024-09-04 03:00:00+03:00,1,-0.0187137879016821,-0.00846959059069835,-2.02477744784632,-0.41895131233426736,0.01024419731098375,0.0009624999999999999,0.00928169731098375,87,3.625,mean_revert,2,-0.390175245301762,EURAUD,AUDCHF
2024-09-27 16:00:00+03:00,2024-10-01 00:00:00+03:00,1,-0.020727581031679487,-0.02230076195258951,-2.1224848078050442,-2.269188393009435,-0.0015731809209100223,0.0007333333333333332,-0.0023065142542433555,32,1.3333333333333333,end_of_window,2,-0.390175245301762,EURAUD,AUDCHF
2024-11-21 18:00:00+02:00,2024-12-04 04:00:00+02:00,1,-0.023806248032467003,-0.01368421675088205,-2.0263865343391196,-0.29410615845813937,0.010122031281584953,0.0014416666666666666,0.008680364614918286,202,8.416666666666666,mean_revert,3,-0.33735284077244554,EURAUD,AUDCHF
2024-12-18 06:00:00+02:00,2024-12-31 23:00:00+02:00,-1,0.0006219659404820277,0.005020833103742239,2.0288343629404504,2.2132485029015787,-0.004398867163260212,0.0014708333333333333,-0.005869700496593545,209,8.708333333333334,end_of_window,3,-0.33735284077244554,EURAUD,AUDCHF
2025-03-04 04:00:00+02:00,2025-04-01 00:00:00+03:00,-1,0.018264054126469365,0.04076409533149694,2.013784763841008,2.0239411853961444,-0.022500041205027577,0.002583333333333333,-0.02508337453836091,476,19.833333333333332,end_of_window,4,-0.27216763021382284,EURAUD,AUDCHF
2025-07-31 19:00:00+03:00,2025-08-04 05:00:00+03:00,1,-0.004621130755958793,0.00026636082733503055,-2.121197460388518,-0.4572185547252557,0.004887491583293824,0.0007416666666666666,0.004145824916627157,34,1.4166666666666667,mean_revert,6,-0.8497973426532467,EURAUD,AUDCHF
2025-08-06 21:00:00+03:00,2025-08-25 21:00:00+03:00,-1,0.008012302950760195,0.004555453199710766,2.14304695695074,0.4756633184620818,0.003456849751049429,0.0018999999999999998,0.0015568497510494292,312,13.0,mean_revert,6,-0.8497973426532467,EURAUD,AUDCHF
2025-11-13 17:00:00+02:00,2025-11-20 16:00:00+02:00,1,-0.01384323795651796,-0.006244291151695978,-2.0402067792810548,-0.4494795188394505,0.007598946804821982,0.0010958333333333332,0.006503113471488649,119,4.958333333333333,mean_revert,7,-0.9433885446033756,EURAUD,AUDCHF
2026-02-04 02:00:00+02:00,2026-03-26 16:00:00+02:00,1,-0.024382905429876978,-0.02724642610414585,-3.074507202614964,-0.4854456928183954,-0.0028635206742688712,0.0042625,-0.007126020674268871,879,36.625,mean_revert,8,-0.8271131681038254,EURAUD,AUDCHF
2024-05-07 18:00:00+03:00,2024-06-28 23:00:00+03:00,-1,0.011335648742072144,0.013612337799809845,2.047971011539636,0.4945879575284823,-0.002276689057737702,0.004420833333333334,-0.006697522391071036,917,38.208333333333336,mean_revert,1,0.6196612082672582,NZDCAD,NZDUSD
2024-08-26 17:00:00+03:00,2024-09-10 17:00:00+03:00,1,0.003954477081174551,0.009813004545714432,-2.1564522690203582,-0.4192351310834643,0.005858527464539881,0.0017000000000000001,0.004158527464539881,264,11.0,mean_revert,2,0.5980572159967674,NZDCAD,NZDUSD
2024-09-27 20:00:00+03:00,2024-10-01 00:00:00+03:00,-1,0.01659721159481914,0.016344376376956654,2.1643045857985066,2.142923491030715,0.00025283521786248486,0.0007166666666666667,-0.0004638314488041818,28,1.1666666666666667,end_of_window,2,0.5980572159967674,NZDCAD,NZDUSD
2024-10-31 00:00:00+02:00,2024-11-21 17:00:00+02:00,-1,0.015152190929938567,0.010976868426129008,2.0975435099225006,0.4693178630627321,0.004175322503809559,0.0021666666666666666,0.002008655837142892,376,15.666666666666666,mean_revert,3,0.61653477742778,NZDCAD,NZDUSD
2024-11-26 02:00:00+02:00,2024-12-31 23:00:00+02:00,-1,0.022604293953762303,0.02318159047723771,2.4403022619142765,1.0823404248284272,-0.0005772965234754068,0.0030875,-0.003664796523475407,597,24.875,end_of_window,3,0.61653477742778,NZDCAD,NZDUSD
2025-02-12 15:00:00+02:00,2025-02-20 10:00:00+02:00,1,-0.001127634438264127,0.004000407991078906,-2.096811439232877,-0.48914649038473956,0.005128042429343033,0.0011791666666666667,0.003948875762676366,139,5.791666666666667,mean_revert,4,0.39030756233540703,NZDCAD,NZDUSD
2025-03-04 19:00:00+02:00,2025-03-24 16:00:00+02:00,-1,0.014189470431509763,0.010029692466947107,2.0427782180880096,0.41699303242726976,0.004159777964562655,0.0019916666666666668,0.0021681112978959886,334,13.916666666666666,mean_revert,4,0.39030756233540703,NZDCAD,NZDUSD
2025-08-21 00:00:00+03:00,2025-09-05 15:00:00+03:00,1,-0.015814116081024527,-0.011089326678263916,-2.121314856932429,-0.4338305455593489,0.004724789402760611,0.0017624999999999997,0.0029622894027606116,279,11.625,mean_revert,6,0.3676918775204662,NZDCAD,NZDUSD
2025-09-10 20:00:00+03:00,2025-09-16 16:00:00+03:00,-1,-0.001684679942608307,-0.007468241621498327,2.0633343451321013,0.49952474040806977,0.00578356167889002,0.0009833333333333332,0.004800228345556687,92,3.8333333333333335,mean_revert,6,0.3676918775204662,NZDCAD,NZDUSD
2025-09-19 17:00:00+03:00,2025-10-01 00:00:00+03:00,1,-0.017597104576763962,-0.014905936887409614,-2.0703383541192473,-1.1689860344574852,0.0026911676893543474,0.0013291666666666666,0.0013620010226876808,175,7.291666666666667,end_of_window,6,0.3676918775204662,NZDCAD,NZDUSD
2025-11-07 05:00:00+02:00,2025-11-26 04:00:00+02:00,1,-0.01851334017139919,-0.01334198944158646,-2.05958324853806,-0.19181626712143676,0.005171350729812729,0.0018958333333333331,0.003275517396479396,311,12.958333333333334,mean_revert,7,0.3247570735101793,NZDCAD,NZDUSD
2025-12-15 05:00:00+02:00,2025-12-31 23:00:00+02:00,1,-0.026298859809437858,-0.0310985274911435,-2.1124342411628976,-2.323304629858141,-0.004799667681705644,0.001775,-0.006574667681705644,282,11.75,end_of_window,7,0.3247570735101793,NZDCAD,NZDUSD
2026-03-09 05:00:00+02:00,2026-03-18 07:00:00+02:00,1,-0.02457528342817486,-0.014408361194916534,-2.111159690714808,-0.4587523796390132,0.010166922233258326,0.0013083333333333332,0.008858588899924993,170,7.083333333333333,mean_revert,8,0.3677125038689739,NZDCAD,NZDUSD
2024-03-19 08:00:00+02:00,2024-04-01 00:00:00+03:00,-1,0.00431848389557371,0.012957608752232896,2.0397507175863248,2.154169266072018,-0.008639124856659186,0.0014624999999999998,-0.010101624856659186,207,8.625,end_of_window,0,-0.49263262687944026,EURCHF,EURNZD
2024-06-14 16:00:00+03:00,2024-07-01 00:00:00+03:00,1,-0.011125980171999042,0.00372347416612861,-2.070347852702562,-0.7517568332460501,0.014849454338127652,0.0016333333333333334,0.013216121004794319,248,10.333333333333334,end_of_window,1,-0.05550754196941073,EURCHF,EURNZD
2024-08-01 23:00:00+03:00,2024-08-05 06:00:00+03:00,1,-0.023668004866326253,-0.03878226117614081,-3.1138585450956633,-4.002160958466488,-0.015114256309814555,0.0007291666666666666,-0.01584342297648122,31,1.2916666666666667,stop_z,2,0.30512947831860127,EURCHF,EURNZD
2024-08-05 07:00:00+03:00,2024-08-05 08:00:00+03:00,1,-0.042456200541821254,-0.04780903597345704,-4.272147481210494,-4.667346717912886,-0.005352835431635783,0.0006041666666666666,-0.00595700209830245,1,0.041666666666666664,stop_z,2,0.30512947831860127,EURCHF,EURNZD
2024-08-05 09:00:00+03:00,2024-08-05 11:00:00+03:00,1,-0.04595924432221632,-0.04115557135988446,-4.496949328065201,-4.084630660239809,0.004803672962331862,0.0006083333333333332,0.004195339628998529,2,0.08333333333333333,stop_z,2,0.30512947831860127,EURCHF,EURNZD
2024-08-05 12:00:00+03:00,2024-08-05 13:00:00+03:00,1,-0.04161544803984796,-0.04165270707162916,-4.1010574311075025,-4.084871844004451,-3.725903178120049e-05,0.0006041666666666666,-0.0006414256984478671,1,0.041666666666666664,stop_z,2,0.30512947831860127,EURCHF,EURNZD
2024-08-05 14:00:00+03:00,2024-08-05 15:00:00+03:00,1,-0.04219031307244714,-0.044944095668246864,-4.1069386818925375,-4.296153904862084,-0.0027537825957997253,0.0006041666666666666,-0.0033579492624663918,1,0.041666666666666664,stop_z,2,0.30512947831860127,EURCHF,EURNZD
2024-08-05 16:00:00+03:00,2024-09-20 14:00:00+03:00,1,-0.04023309976462974,-0.012998912998029938,-3.9196673535392663,-0.48764499875565226,0.027234186766599805,0.003991666666666667,0.023242520099933137,814,33.916666666666664,mean_revert,2,0.30512947831860127,EURCHF,EURNZD
2024-11-21 18:00:00+02:00,2024-12-16 18:00:00+02:00,1,-0.031159724297741886,-0.02399174868229753,-2.06837366289977,-0.36395426970366357,0.007167975615444355,0.0023,0.004867975615444355,408,17.0,mean_revert,3,0.25044293112830956,EURCHF,EURNZD
2024-12-19 14:00:00+02:00,2024-12-30 05:00:00+02:00,1,-0.03484731124248641,-0.026168845693170906,-2.1102271618509922,-0.45769114735274696,0.008678465549315506,0.0011625,0.007515965549315506,135,5.625,mean_revert,3,0.25044293112830956,EURCHF,EURNZD
2025-02-12 17:00:00+02:00,2025-02-21 10:00:00+02:00,-1,-0.0013808279884363651,-0.010029674345533496,2.046066439217779,0.4737510917297533,0.008648846357097131,0.0012708333333333332,0.007378013023763798,161,6.708333333333333,mean_revert,4,-0.1279124008237026,EURCHF,EURNZD
2025-03-05 09:00:00+02:00,2025-03-05 19:00:00+02:00,-1,0.0014859921455371468,0.015503803842256855,2.1924785449004784,4.213124201819421,-0.014017811696719708,0.0006416666666666666,-0.014659478363386375,10,0.4166666666666667,stop_z,4,-0.1279124008237026,EURCHF,EURNZD
2025-03-05 20:00:00+02:00,2025-03-05 21:00:00+02:00,-1,0.014128448445466363,0.015313056630799276,3.9901897022073745,4.145895021902966,-0.0011846081853329124,0.0006041666666666666,-0.0017887748519995789,1,0.041666666666666664,stop_z,4,-0.1279124008237026,EURCHF,EURNZD
2025-03-05 22:00:00+02:00,2025-03-05 23:00:00+02:00,-1,0.015767303328179817,0.015337269080207449,4.192378082642531,4.109633327644289,0.0004300342479723676,0.0006041666666666666,-0.00017413241869429898,1,0.041666666666666664,stop_z,4,-0.1279124008237026,EURCHF,EURNZD
2025-03-06 00:00:00+02:00,2025-03-06 01:00:00+02:00,-1,0.015667353541715907,0.016118318813088204,4.138235128801349,4.183520003251013,-0.00045096527137229725,0.0006041666666666666,-0.0010551319380389637,1,0.041666666666666664,stop_z,4,-0.1279124008237026,EURCHF,EURNZD
2025-03-06 02:00:00+02:00,2025-03-06 03:00:00+02:00,-1,0.016242237257524005,0.017516825271355282,4.181119455092079,4.342510805982906,-0.0012745880138312765,0.0006041666666666666,-0.001878754680497943,1,0.041666666666666664,stop_z,4,-0.1279124008237026,EURCHF,EURNZD
2025-03-06 04:00:00+02:00,2025-03-06 05:00:00+02:00,-1,0.017986794803777174,0.017404444497847647,4.386637551313898,4.281356386480851,0.0005823503059295271,0.0006041666666666666,-2.181636073713951e-05,1,0.041666666666666664,stop_z,4,-0.1279124008237026,EURCHF,EURNZD
2025-03-06 06:00:00+02:00,2025-03-06 07:00:00+02:00,-1,0.016918603958756644,0.017701460353127373,4.191546368463736,4.2806216904778385,-0.000782856394370729,0.0006041666666666666,-0.0013870230610373954,1,0.041666666666666664,stop_z,4,-0.1279124008237026,EURCHF,EURNZD
2025-03-06 08:00:00+02:00,2025-04-01 00:00:00+03:00,-1,0.016026901082556607,0.011938016697206694,4.025692193373298,1.6439550240902396,0.004088884385349913,0.0023666666666666667,0.001722217718683246,424,17.666666666666668,end_of_window,4,-0.1279124008237026,EURCHF,EURNZD
2025-08-06 20:00:00+03:00,2025-08-26 20:00:00+03:00,-1,0.002466410594372687,-0.0017042068073398458,2.0014229262785515,0.354227728354816,0.004170617401712533,0.002,0.0021706174017125327,336,14.0,mean_revert,6,-0.07902799480377892,EURCHF,EURNZD
2025-11-13 17:00:00+02:00,2025-11-20 12:00:00+02:00,1,-0.014884452195417924,-0.007451823155875517,-2.092319137135155,-0.4887786455546149,0.007432629039542407,0.0010791666666666666,0.0063534623728757405,115,4.791666666666667,mean_revert,7,-0.022368408941429836,EURCHF,EURNZD
2026-02-06 06:00:00+02:00,2026-03-24 16:00:00+02:00,1,-0.02005154064276519,-0.01885521042032438,-2.5926611095350656,-0.46217303331206927,0.0011963302224408112,0.0038458333333333335,-0.0026495031108925223,779,32.458333333333336,mean_revert,8,-0.13772743946908236,EURCHF,EURNZD
2024-03-21 15:00:00+02:00,2024-04-01 00:00:00+03:00,-1,0.013813268009187488,0.01581662626255327,2.120592430709848,1.7582563545190708,-0.0020033582533657834,0.0012333333333333332,-0.0032366915866991167,152,6.333333333333333,end_of_window,0,-0.9446599111899465,EURAUD,CADCHF
2024-05-03 15:00:00+03:00,2024-05-24 14:00:00+03:00,1,-0.011489791869682353,-0.001764639539942492,-2.5767040609203016,-0.42946487960598545,0.009725152329739861,0.0020958333333333332,0.007629318996406528,359,14.958333333333334,mean_revert,1,-0.27438119165129815,EURAUD,CADCHF
2024-06-03 17:00:00+03:00,2024-07-01 00:00:00+03:00,1,-0.012575902283529172,-0.024834887257496885,-2.081738745055554,-1.8127124290124916,-0.012258984973967713,0.0025291666666666665,-0.014788151640634378,463,19.291666666666668,end_of_window,1,-0.27438119165129815,EURAUD,CADCHF
2024-07-31 04:00:00+03:00,2024-08-05 08:00:00+03:00,-1,0.00855403039361513,0.027753668458249114,2.209926174506039,4.045234696730602,-0.019199638064633984,0.0009166666666666665,-0.02011630473130065,76,3.1666666666666665,stop_z,2,-0.030520205623575502,EURAUD,CADCHF
2024-08-05 09:00:00+03:00,2024-08-05 14:00:00+03:00,-1,0.03032677402541417,0.02859140905662405,4.284151390856098,4.035657764583895,0.0017353649687901207,0.0006208333333333333,0.0011145316354567874,5,0.20833333333333334,stop_z,2,-0.030520205623575502,EURAUD,CADCHF
2024-08-05 15:00:00+03:00,2024-08-28 04:00:00+03:00,-1,0.031743555689163205,-0.005418526803313117,4.325476786076619,0.41744991626551303,0.03716208249247632,0.002254166666666667,0.034907915825809654,397,16.541666666666668,mean_revert,2,-0.030520205623575502,EURAUD,CADCHF
2024-11-22 11:00:00+02:00,2024-11-27 15:00:00+02:00,1,-0.026574450283739726,-0.012068220288917686,-2.0484474362698157,-0.4365740636320214,0.01450622999482204,0.0009166666666666665,0.013589563328155373,76,3.1666666666666665,mean_revert,3,-0.05263856575083325,EURAUD,CADCHF
2024-12-18 05:00:00+02:00,2024-12-31 23:00:00+02:00,-1,0.008411488720821647,0.015676252308361005,2.0190056223095083,2.193687367547288,-0.007264763587539358,0.001475,-0.008739763587539359,210,8.75,end_of_window,3,-0.05263856575083325,EURAUD,CADCHF
2025-03-04 02:00:00+02:00,2025-04-01 00:00:00+03:00,-1,0.026853485834790414,0.05273002707324026,2.0000964592577306,2.1077983844938055,-0.025876541238449846,0.0025916666666666666,-0.028468207905116512,478,19.916666666666668,end_of_window,4,-0.04246495006176171,EURAUD,CADCHF
2025-09-05 16:00:00+03:00,2025-10-01 00:00:00+03:00,1,-0.02152178829343046,-0.038999349402205646,-2.425895952410007,-2.1264832119444828,-0.017477561108775186,0.002333333333333333,-0.01981089444210852,416,17.333333333333332,end_of_window,6,-1.1345663608681773,EURAUD,CADCHF
2026-02-04 06:00:00+02:00,2026-03-26 18:00:00+02:00,1,-0.06890221087762458,-0.06974882889581854,-3.187798017983958,-0.49833953927779717,-0.0008466180181939675,0.0042541666666666665,-0.005100784684860634,877,36.541666666666664,mean_revert,8,-0.687352169355392,EURAUD,CADCHF
2024-03-04 17:00:00+02:00,2024-04-01 00:00:00+03:00,-1,0.00957069706397276,0.022175222652237064,2.0212313669183817,1.8686647652495927,-0.012604525588264304,0.0025291666666666665,-0.01513369225493097,463,19.291666666666668,end_of_window,0,-0.8278397014116157,GBPNZD,NZDCHF
2024-12-06 13:00:00+02:00,2024-12-31 23:00:00+02:00,-1,0.031173740611888046,0.05035744525751562,2.0218393359069156,2.5152617141950047,-0.019183704645627575,0.0022416666666666665,-0.02142537131229424,394,16.416666666666668,end_of_window,3,-0.34150817110624304,GBPNZD,NZDCHF
2025-02-28 10:00:00+02:00,2025-04-01 00:00:00+03:00,-1,0.028169019697451392,0.03501641465885896,2.0503577984569286,1.6697355581142845,-0.006847394961407571,0.002758333333333333,-0.009605728294740904,518,21.583333333333332,end_of_window,4,-0.6468987943421479,GBPNZD,NZDCHF
2025-11-14 13:00:00+02:00,2025-11-19 05:00:00+02:00,1,-0.015349972270693069,-0.005694220821777951,-2.031932607817531,-0.4731875728026552,0.009655751448915117,0.0008666666666666666,0.008789084782248451,64,2.6666666666666665,mean_revert,7,-0.5209300324685254,GBPNZD,NZDCHF
2026-02-06 06:00:00+02:00,2026-03-18 18:00:00+02:00,1,-0.014143966234486993,-0.011198404156716024,-2.372577610293212,-0.46317547082492944,0.002945562077770969,0.0034541666666666666,-0.0005086045888956976,685,28.541666666666668,mean_revert,8,-0.4160081928200583,GBPNZD,NZDCHF
2024-06-13 19:00:00+03:00,2024-07-01 00:00:00+03:00,1,-0.0014278251263828822,0.003025777091522257,-2.0366639725926823,-0.9718324205646304,0.004453602217905139,0.0017208333333333333,0.002732768884571806,269,11.208333333333334,end_of_window,1,-1.0554714836474137,NZDCHF,EURNZD
2024-07-26 23:00:00+03:00,2024-08-05 08:00:00+03:00,1,-0.010542019507671724,-0.047539681652984694,-2.284969767120957,-4.251290493086363,-0.03699766214531297,0.0011375,-0.03813516214531297,129,5.375,stop_z,2,-0.6957849449705584,NZDCHF,EURNZD
2024-08-05 09:00:00+03:00,2024-09-19 11:00:00+03:00,1,-0.04583142917627178,-0.016018285312869224,-4.104191985692754,-0.47838973510263316,0.029813143863402558,0.003908333333333334,0.025904810530069225,794,33.083333333333336,mean_revert,2,-0.6957849449705584,NZDCHF,EURNZD
2024-11-21 00:00:00+02:00,2024-12-13 11:00:00+02:00,1,-0.02894115508073261,-0.025172585565731792,-2.0030667812058396,-0.4335576883128377,0.003768569515000819,0.002245833333333333,0.001522736181667486,395,16.458333333333332,mean_revert,3,-0.7499301714096381,NZDCHF,EURNZD
2024-12-19 21:00:00+02:00,2024-12-27 15:00:00+02:00,1,-0.03555516697765046,-0.027030223661606817,-2.0229326217233647,-0.46972334781153163,0.008524943316043643,0.001075,0.007449943316043643,114,4.75,mean_revert,3,-0.7499301714096381,NZDCHF,EURNZD
2025-02-12 18:00:00+02:00,2025-02-21 10:00:00+02:00,-1,-0.00010826605993648555,-0.009988470968682123,2.092323957920854,0.4425679420217198,0.009880204908745638,0.0012666666666666666,0.008613538242078972,160,6.666666666666667,mean_revert,4,-1.1280785524010204,NZDCHF,EURNZD
2025-03-05 09:00:00+02:00,2025-03-05 19:00:00+02:00,-1,0.0015495260429803474,0.015640837627971898,2.0629540042383767,4.145783156142459,-0.01409131158499155,0.0006416666666666666,-0.014732978251658218,10,0.4166666666666667,stop_z,4,-1.1280785524010204,NZDCHF,EURNZD
2025-03-05 20:00:00+02:00,2025-03-05 21:00:00+02:00,-1,0.013964709543320113,0.015207334803091038,3.874427984783418,4.04287599506795,-0.0012426252597709242,0.0006041666666666666,-0.0018467919264375907,1,0.041666666666666664,stop_z,4,-1.1280785524010204,NZDCHF,EURNZD
2025-03-05 22:00:00+02:00,2025-03-06 01:00:00+02:00,-1,0.01559963627721354,0.016185383449547824,4.080490244035277,4.107131926676565,-0.0005857471723342833,0.0006125,-0.0011982471723342833,3,0.125,stop_z,4,-1.1280785524010204,NZDCHF,EURNZD
2025-03-06 02:00:00+02:00,2025-03-06 03:00:00+02:00,-1,0.01627203824951477,0.017540892832465776,4.09822536034873,4.261627026172637,-0.0012688545829510067,0.0006041666666666666,-0.0018730212496176732,1,0.041666666666666664,stop_z,4,-1.1280785524010204,NZDCHF,EURNZD
2025-03-06 04:00:00+02:00,2025-03-06 05:00:00+02:00,-1,0.018053926237854106,0.017438175039875808,4.311978389547281,4.198604591044484,0.0006157511979782981,0.0006041666666666666,1.1584531311631548e-05,1,0.041666666666666664,stop_z,4,-1.1280785524010204,NZDCHF,EURNZD
2025-03-06 06:00:00+02:00,2025-03-06 07:00:00+02:00,-1,0.01696339093963743,0.017724848563731837,4.107756492822812,4.1954918993892,-0.0007614576240944082,0.0006041666666666666,-0.0013656242907610747,1,0.041666666666666664,stop_z,4,-1.1280785524010204,NZDCHF,EURNZD
2025-03-06 08:00:00+02:00,2025-04-01 00:00:00+03:00,-1,0.01609173848671212,0.011278308519610241,3.940414364963108,1.494558467045373,0.004813429967101879,0.0023666666666666667,0.002446763300435212,424,17.666666666666668,end_of_window,4,-1.1280785524010204,NZDCHF,EURNZD
2025-07-29 00:00:00+03:00,2025-08-04 04:00:00+03:00,1,-0.010263391795904993,-0.00585414013254751,-2.140920008183704,-0.4634732873555528,0.004409251663357483,0.0010166666666666666,0.0033925849966908164,100,4.166666666666667,mean_revert,6,-1.0796286878589303,NZDCHF,EURNZD
2025-08-06 19:00:00+03:00,2025-08-21 00:00:00+03:00,-1,0.0014363065051655449,-0.001060637339728528,2.0002565767860077,0.49818948308965966,0.002496943844894073,0.0016208333333333335,0.0008761105115607393,245,10.208333333333334,mean_revert,6,-1.0796286878589303,NZDCHF,EURNZD
2025-10-28 23:00:00+02:00,2025-11-03 18:00:00+02:00,1,-0.014744422114329692,-0.006292457445690514,-2.1825792490247173,-0.48019897171164216,0.008451964668639178,0.000975,0.007476964668639178,90,3.75,mean_revert,7,-1.0225473276545627,NZDCHF,EURNZD
2025-11-13 18:00:00+02:00,2025-11-19 12:00:00+02:00,1,-0.015259568843765003,-0.007872353528657894,-2.0650718518570894,-0.4685933050570552,0.00738721531510711,0.000975,0.006412215315107109,90,3.75,mean_revert,7,-1.0225473276545627,NZDCHF,EURNZD
2025-12-08 17:00:00+02:00,2025-12-11 13:00:00+02:00,-1,0.0025354850786661887,-0.004190263688988893,2.02118987866505,0.49672823485734297,0.006725748767655082,0.0008833333333333333,0.005842415434321749,68,2.8333333333333335,mean_revert,7,-1.0225473276545627,NZDCHF,EURNZD
2026-02-02 06:00:00+02:00,2026-03-24 04:00:00+02:00,1,-0.019932657806414757,-0.02218994661469922,-3.134316400987637,-0.4989130137171914,-0.0022572888082844633,0.0041958333333333335,-0.006453122141617797,863,35.958333333333336,mean_revert,8,-1.1374854483420673,NZDCHF,EURNZD
2024-03-21 10:00:00+02:00,2024-04-01 00:00:00+03:00,-1,0.00891984963912354,0.008497412643724667,2.154931173328072,1.7784676161006427,0.0004224369953988727,0.0012541666666666667,-0.000831729671267794,157,6.541666666666667,end_of_window,0,-0.46537186837963745,EURCHF,EURAUD
2024-06-14 11:00:00+03:00,2024-07-01 00:00:00+03:00,1,-0.011858237128863067,-0.0016305591642112732,-2.3208641506645344,-1.0771000937445852,0.010227677964651793,0.0016541666666666666,0.008573511297985127,253,10.541666666666666,end_of_window,1,-0.2344785186979952,EURCHF,EURAUD
2024-08-01 23:00:00+03:00,2024-09-20 19:00:00+03:00,1,-0.018205504130805537,-0.011607653688028638,-2.7171228275950416,-0.4950375832585678,0.006597850442776899,0.004183333333333334,0.002414517109443565,860,35.833333333333336,mean_revert,2,-0.05377889585815152,EURCHF,EURAUD
2024-11-21 11:00:00+02:00,2024-12-12 19:00:00+02:00,1,-0.032462805874851314,-0.024682909798981717,-2.1378654967355315,-0.4971119669256414,0.007779896075869597,0.0021333333333333334,0.005646562742536263,368,15.333333333333334,mean_revert,3,-0.19779137032627958,EURCHF,EURAUD
2024-12-30 13:00:00+02:00,2024-12-31 23:00:00+02:00,-1,-0.011536501308196966,-0.015480450448909097,2.021575798766581,1.248555403545113,0.003943949140712132,0.0007416666666666666,0.003202282474045465,34,1.4166666666666667,end_of_window,3,-0.19779137032627958,EURCHF,EURAUD
2025-02-12 18:00:00+02:00,2025-02-20 07:00:00+02:00,-1,-0.0028791239145226563,-0.011973332819544498,2.073283440874198,0.45215885978209647,0.009094208905021842,0.0011541666666666666,0.007940042238355175,133,5.541666666666667,mean_revert,4,-0.13348483951329276,EURCHF,EURAUD
2025-03-05 09:00:00+02:00,2025-03-05 19:00:00+02:00,-1,-0.00021100411615262993,0.01380520969071835,2.2386019290248,4.289640361025049,-0.01401621380687098,0.0006416666666666666,-0.014657880473537646,10,0.4166666666666667,stop_z,4,-0.13348483951329276,EURCHF,EURAUD
2025-03-05 20:00:00+02:00,2025-03-05 21:00:00+02:00,-1,0.012404114024540475,0.013625235787991512,4.05852165342384,4.22142158980882,-0.0012211217634510371,0.0006041666666666666,-0.0018252884301177036,1,0.041666666666666664,stop_z,4,-0.13348483951329276,EURCHF,EURAUD
2025-03-05 22:00:00+02:00,2025-03-05 23:00:00+02:00,-1,0.014107849949622886,0.013705642988382734,4.27189123212616,4.191013861314562,0.00040220696124015215,0.0006041666666666666,-0.00020195970542651444,1,0.041666666666666664,stop_z,4,-0.13348483951329276,EURCHF,EURAUD
2025-03-06 00:00:00+02:00,2025-03-06 01:00:00+02:00,-1,0.01410035820842348,0.014491622847191757,4.228404536703973,4.264565627295517,-0.00039126463876827666,0.0006041666666666666,-0.0009954313054349431,1,0.041666666666666664,stop_z,4,-0.13348483951329276,EURCHF,EURAUD
2025-03-06 02:00:00+02:00,2025-03-06 03:00:00+02:00,-1,0.01459179001829864,0.01588691556960089,4.258046146938999,4.423935319218963,-0.001295125551302248,0.0006041666666666666,-0.0018992922179689145,1,0.041666666666666664,stop_z,4,-0.13348483951329276,EURCHF,EURAUD
2025-03-06 04:00:00+02:00,2025-03-06 05:00:00+02:00,-1,0.016392578089074933,0.015774605428658023,4.473140622449174,4.360616724599418,0.00061797266041691,0.0006041666666666666,1.3805993750243425e-05,1,0.041666666666666664,stop_z,4,-0.13348483951329276,EURCHF,EURAUD
2025-03-06 06:00:00+02:00,2025-03-06 07:00:00+02:00,-1,0.015314952433816344,0.016221058000415213,4.272527257097564,4.379757711542484,-0.0009061055665988693,0.0006041666666666666,-0.0015102722332655358,1,0.041666666666666664,stop_z,4,-0.13348483951329276,EURCHF,EURAUD
2025-03-06 08:00:00+02:00,2025-04-01 00:00:00+03:00,-1,0.014497463519187008,0.011171566581750308,4.113572062239316,1.6727588153673312,0.0033258969374366995,0.0023666666666666667,0.0009592302707700328,424,17.666666666666668,end_of_window,4,-0.13348483951329276,EURCHF,EURAUD
2025-08-07 11:00:00+03:00,2025-08-25 21:00:00+03:00,-1,0.004219128563853387,-0.0006589136805332345,2.0482523828306225,0.3862781424742161,0.004878042244386621,0.0018416666666666664,0.003036375577719955,298,12.416666666666666,mean_revert,6,-0.0850790512029664,EURCHF,EURAUD
2025-11-13 17:00:00+02:00,2025-11-20 16:00:00+02:00,1,-0.01589320696794612,-0.007817616974762527,-2.1263294952358085,-0.4627910982456556,0.008075589993183592,0.0010958333333333332,0.006979756659850259,119,4.958333333333333,mean_revert,7,-0.026027254185714794,EURCHF,EURAUD
2026-02-06 06:00:00+02:00,2026-03-26 20:00:00+02:00,1,-0.02708199356694156,-0.028491646341058646,-2.706312938734273,-0.47557508539218313,-0.0014096527741170872,0.0040625,-0.005472152774117087,831,34.625,mean_revert,8,-0.14935847000897767,EURCHF,EURAUD
2024-03-19 08:00:00+02:00,2024-04-01 00:00:00+03:00,-1,0.004516318599217417,0.010653482101171091,2.051234894990445,2.2358561311097827,-0.006137163501953674,0.0014624999999999998,-0.007599663501953674,207,8.625,end_of_window,0,0.3970819458148597,EURCHF,NZDCHF
2024-06-13 19:00:00+03:00,2024-07-01 00:00:00+03:00,1,-0.011046332332350306,-0.002224581431700623,-2.0330576641679943,-0.9479433045880102,0.008821750900649683,0.0017208333333333333,0.00710091756731635,269,11.208333333333334,end_of_window,1,0.5150751442842184,EURCHF,NZDCHF
2024-08-29 04:00:00+03:00,2024-09-17 15:00:00+03:00,1,-0.014876131086340338,-0.004063219795063633,-2.122893142065369,-0.47874161448209934,0.010812911291276706,0.0019458333333333333,0.008867077957943371,323,13.458333333333334,mean_revert,2,0.5489787100664953,EURCHF,NZDCHF
2024-09-30 07:00:00+03:00,2024-10-01 00:00:00+03:00,1,-0.01966180811974655,-0.01730407918336302,-2.003953728156951,-1.711365819869651,0.0023577289363835296,0.0006708333333333333,0.0016868956030501965,17,0.7083333333333334,end_of_window,2,0.5489787100664953,EURCHF,NZDCHF
2024-12-17 02:00:00+02:00,2024-12-31 23:00:00+02:00,-1,0.005984331615639438,0.015653355818363412,2.068781148666618,2.63159696839647,-0.009669024202723975,0.0015875,-0.011256524202723975,237,9.875,end_of_window,3,0.6161300820650742,EURCHF,NZDCHF
2025-03-04 19:00:00+02:00,2025-04-01 00:00:00+03:00,-1,0.024803206851835347,0.042075182731516836,2.024296462300928,2.0270088390281704,-0.01727197587968149,0.0025208333333333333,-0.019792809213014823,461,19.208333333333332,end_of_window,4,0.6384485546623698,EURCHF,NZDCHF
2025-08-06 16:00:00+03:00,2025-08-27 17:00:00+03:00,-1,0.0078343405268846,0.004853331649431844,2.206691800077766,0.3643870314932265,0.0029810088774527566,0.0021041666666666665,0.00087684221078609,361,15.041666666666666,mean_revert,6,0.18514709344826247,EURCHF,NZDCHF
2025-11-13 18:00:00+02:00,2025-11-19 12:00:00+02:00,1,-0.011115989693590761,-0.004127224208257077,-2.0682332008205098,-0.4224041941219934,0.006988765485333684,0.000975,0.006013765485333684,90,3.75,mean_revert,7,0.06017078558550216,EURCHF,NZDCHF
2026-02-06 06:00:00+02:00,2026-03-24 16:00:00+02:00,1,-0.016673296391678395,-0.015464757395332478,-2.612565100955517,-0.45891940549959637,0.0012085389963459175,0.0038458333333333335,-0.002637294336987416,779,32.458333333333336,mean_revert,8,0.1447858880750101,EURCHF,NZDCHF
