entry_time,exit_time,side,entry,sl,tp,exit,qty,pnl,balance_after,result,exit_minus_entry,cumulative_pnl
2025-01-24 16:10:00+00:00,2025-01-24 17:45:00+00:00,sell,35.678149999999995,35.68564,35.67065999999999,35.67065999999999,13351.134846454435,100.0,10100.0,win,-0.0074900000000042155,100.0
2025-01-24 18:30:00+00:00,2025-01-24 19:00:00+00:00,sell,35.66918,35.676280000000006,35.66207999999999,35.66207999999999,14225.352112659382,101.0,10201.0,win,-0.007100000000008322,201.0
2025-01-24 20:25:00+00:00,2025-01-24 21:30:00+00:00,sell,35.65365,35.66975,35.63755,35.66975,6336.024844719885,-102.01,10098.99,loss,0.016100000000001558,98.99
2025-01-27 00:00:00+00:00,2025-01-27 00:05:00+00:00,sell,35.65692,35.674510000000005,35.639329999999994,35.674510000000005,5741.324616257429,-100.9899,9998.0001,loss,0.017590000000005546,-1.999900000000011
2025-01-27 00:30:00+00:00,2025-01-27 05:45:00+00:00,sell,35.63084,35.67602,35.58566,35.67602,2212.926095617432,-99.980001,9898.020099,loss,0.045180000000001996,-101.97990100000001
2025-01-27 08:05:00+00:00,2025-01-27 09:00:00+00:00,buy,35.68596,35.65461,35.717310000000005,35.717310000000005,3157.26318947335,98.98020099,9997.000299989999,win,0.03135000000000332,-2.999700010000012
2025-01-27 09:25:00+00:00,2025-01-28 01:00:00+00:00,buy,35.718450000000004,35.696299999999994,35.740600000000015,35.740600000000015,4513.318419857895,99.97000299989999,10096.9703029899,win,0.02215000000001055,96.97030298989998
2025-01-28 01:10:00+00:00,2025-01-28 20:00:00+00:00,buy,35.74195,35.7234,35.76050000000001,35.7234,5443.110675464865,-100.969703029899,9996.00059996,loss,-0.01855000000000473,-3.999400039999017
2025-01-29 02:05:00+00:00,2025-01-29 02:15:00+00:00,sell,35.72517,35.737390000000005,35.71294999999999,35.737390000000005,8180.03322418561,-99.9600059996,9896.0405939604,loss,0.012220000000006337,-103.95940603959902
2025-01-29 04:10:00+00:00,2025-01-29 08:00:00+00:00,sell,35.72566,35.75327,35.698049999999995,35.75327,3584.223322694458,-98.96040593960402,9797.080188020796,loss,0.0276100000000028,-202.91981197920302
2025-01-29 08:10:00+00:00,2025-01-29 22:45:00+00:00,buy,35.75656,35.72009,35.79303,35.79303,2686.3395086428404,97.97080188020797,9895.050989901005,win,0.036470000000001335,-104.94901009899505
2025-01-30 00:00:00+00:00,2025-01-30 05:40:00+00:00,buy,35.789080000000006,35.762049999999995,35.816110000000016,35.762049999999995,3660.766181981926,-98.95050989901006,9796.100480001995,loss,-0.027030000000010546,-203.8995199980051
2025-01-30 08:05:00+00:00,2025-01-30 08:20:00+00:00,buy,35.77309,35.760329999999996,35.78585000000001,35.760329999999996,7677.194733539545,-97.96100480001995,9698.139475201975,loss,-0.01276000000000721,-301.86052479802504
2025-01-30 08:40:00+00:00,2025-01-30 17:20:00+00:00,buy,35.777860000000004,35.75485,35.80087000000001,35.75485,4214.749880573348,-96.98139475201977,9601.158080449955,loss,-0.023010000000006414,-398.8419195500448
2025-01-30 18:45:00+00:00,2025-01-30 19:00:00+00:00,sell,35.760329999999996,35.76897,35.75168999999999,35.75168999999999,11112.451481993436,96.01158080449956,9697.169661254455,win,-0.008640000000006864,-302.83033874554525
2025-01-30 19:25:00+00:00,2025-01-30 22:40:00+00:00,sell,35.747209999999995,35.767900000000004,35.72651999999999,35.767900000000004,4686.8872214839275,-96.97169661254455,9600.19796464191,loss,0.02069000000000898,-399.8020353580898
2025-01-31 00:05:00+00:00,2025-01-31 01:15:00+00:00,buy,35.79478,35.741809999999994,35.84775000000001,35.84775000000001,1812.3839842628406,96.0019796464191,9696.199944288328,win,0.052970000000009065,-303.8000557116707
2025-01-31 02:45:00+00:00,2025-01-31 03:25:00+00:00,buy,35.84727,35.830119999999994,35.86442000000001,35.830119999999994,5653.760900457032,-96.96199944288328,9599.237944845445,loss,-0.017150000000007992,-400.762055154554
2025-01-31 03:35:00+00:00,2025-01-31 04:35:00+00:00,buy,35.846090000000004,35.828239999999994,35.863940000000014,35.828239999999994,5377.724338846003,-95.99237944845446,9503.24556539699,loss,-0.017850000000009913,-496.75443460300846
2025-01-31 05:15:00+00:00,2025-01-31 19:00:00+00:00,buy,35.85199,35.82279,35.881190000000004,35.82279,3254.5361525328813,-95.0324556539699,9408.213109743021,loss,-0.029200000000003,-591.7868902569784
2025-01-31 19:10:00+00:00,2025-01-31 23:15:00+00:00,buy,35.839760000000005,35.817099999999996,35.862420000000014,35.817099999999996,4151.903402356258,-94.0821310974302,9314.130978645591,loss,-0.022660000000009006,-685.8690213544086
2025-02-03 00:05:00+00:00,2025-02-03 05:30:00+00:00,buy,35.85752,35.8046,35.91044,35.91044,1760.0398674689227,93.14130978645592,9407.272288432046,win,0.0529200000000003,-592.7277115679526
2025-02-03 07:40:00+00:00,2025-02-03 09:40:00+00:00,buy,35.900420000000004,35.87246,35.92838000000001,35.92838000000001,3364.5465981507823,94.07272288432047,9501.345011316367,win,0.027960000000007312,-498.65498868363215
2025-02-03 09:55:00+00:00,2025-02-03 11:20:00+00:00,buy,35.94221,35.911759999999994,35.97266000000001,35.97266000000001,3120.310348543044,95.01345011316367,9596.35846142953,win,0.03045000000000897,-403.64153857046847
2025-02-03 12:00:00+00:00,2025-02-03 12:25:00+00:00,buy,35.97328,35.963559999999994,35.98300000000001,35.98300000000001,9872.79677100929,95.96358461429531,9692.322046043826,win,0.00972000000000861,-307.67795395617316
2025-02-03 12:35:00+00:00,2025-02-03 15:05:00+00:00,buy,35.98382,35.971149999999994,35.99649000000001,35.971149999999994,7649.820083692519,-96.92322046043826,9595.398825583388,loss,-0.012670000000007065,-404.6011744166114
2025-02-03 17:10:00+00:00,2025-02-03 17:20:00+00:00,buy,35.98483,35.973589999999994,35.99607000000001,35.973589999999994,8536.83169535288,-95.95398825583389,9499.444837327554,loss,-0.01124000000000791,-500.5551626724453
2025-02-03 18:40:00+00:00,2025-02-04 03:40:00+00:00,buy,35.940560000000005,35.8996,35.98152000000001,35.98152000000001,2319.2003997378642,94.99444837327553,9594.43928570083,win,0.040960000000005437,-405.5607142991698
2025-02-04 03:50:00+00:00,2025-02-04 07:30:00+00:00,buy,35.9879,35.966379999999994,36.00942000000001,35.966379999999994,4458.382567702872,-95.9443928570083,9498.49489284382,loss,-0.02152000000000953,-501.50510715617804
2025-02-04 07:55:00+00:00,2025-02-04 11:20:00+00:00,buy,35.99821,35.96313,36.03329,35.96313,2707.666731141289,-94.98494892843821,9403.509943915382,loss,-0.035080000000000666,-596.4900560846163
2025-02-04 16:10:00+00:00,2025-02-04 19:00:00+00:00,sell,35.925439999999995,35.94342,35.907459999999986,35.907459999999986,5229.983283598951,94.03509943915383,9497.545043354536,win,-0.017980000000008545,-502.45495664546246
2025-02-04 19:35:00+00:00,2025-02-04 20:55:00+00:00,sell,35.907059999999994,35.924130000000005,35.88998999999998,35.924130000000005,5563.881103308966,-94.97545043354536,9402.56959292099,loss,0.01707000000001102,-597.4304070790079
2025-02-04 21:55:00+00:00,2025-02-04 23:55:00+00:00,sell,35.90342,35.92625,35.88058999999999,35.92625,4118.514933385225,-94.0256959292099,9308.543896991781,loss,0.022830000000006123,-691.4561030082177
2025-02-05 02:15:00+00:00,2025-02-05 02:45:00+00:00,sell,35.948719999999994,35.96287,35.93456999999999,35.93456999999999,6578.476252287349,93.08543896991782,9401.6293359617,win,-0.014150000000007878,-598.3706640382999
2025-02-05 02:55:00+00:00,2025-02-05 08:10:00+00:00,sell,35.933789999999995,35.96081,35.90676999999999,35.90676999999999,3479.507526261708,94.016293359617,9495.645629321316,win,-0.02702000000000737,-504.35437067868287
2025-02-05 11:05:00+00:00,2025-02-05 11:40:00+00:00,sell,35.93636,35.94077,35.93195,35.93195,21532.076256964316,94.95645629321317,9590.60208561453,win,-0.004410000000000025,-409.3979143854697
2025-02-05 12:40:00+00:00,2025-02-05 15:10:00+00:00,sell,35.92044,35.93816,35.902719999999995,35.902719999999995,5412.303660052071,95.9060208561453,9686.508106470676,win,-0.017720000000004177,-313.4918935293244
2025-02-05 16:25:00+00:00,2025-02-05 16:45:00+00:00,sell,35.91372,35.932610000000004,35.89482999999999,35.89482999999999,5127.849712264459,96.86508106470676,9783.373187535382,win,-0.01889000000000607,-216.62681246461761
2025-02-05 16:55:00+00:00,2025-02-05 23:55:00+00:00,sell,35.893029999999996,35.921170000000004,35.86488999999999,35.86488999999999,3476.678460388322,97.83373187535382,9881.206919410737,win,-0.028140000000007603,-118.7930805892638
2025-02-06 01:35:00+00:00,2025-02-06 08:05:00+00:00,sell,35.88328,35.92004,35.84652,35.92004,2688.0323502204747,-98.81206919410738,9782.39485021663,loss,0.036760000000001014,-217.6051497833712
2025-02-06 09:00:00+00:00,2025-02-06 17:55:00+00:00,sell,35.892599999999995,35.92215,35.86304999999999,35.86304999999999,3310.4551100555473,97.8239485021663,9880.218798718795,win,-0.029550000000007515,-119.78120128120489
2025-02-06 19:00:00+00:00,2025-02-06 20:25:00+00:00,sell,35.8613,35.876780000000004,35.845819999999996,35.876780000000004,6382.570283408543,-98.80218798718795,9781.416610731607,loss,0.015480000000003713,-218.58338926839284
2025-02-06 21:15:00+00:00,2025-02-07 00:00:00+00:00,sell,35.855239999999995,35.88394,35.82653999999999,35.88394,3408.1590978149743,-97.81416610731607,9683.60244462429,loss,0.02870000000000772,-316.3975553757089
2025-02-07 01:05:00+00:00,2025-02-07 01:55:00+00:00,buy,35.951420000000006,35.93844,35.96440000000001,35.96440000000001,7460.4024997071065,96.8360244462429,9780.438469070534,win,0.012980000000005987,-219.56153092946602
2025-02-07 02:05:00+00:00,2025-02-07 20:30:00+00:00,buy,35.97249,35.94135,36.00363,35.94135,3140.7959117117343,-97.80438469070533,9682.634084379828,loss,-0.03114000000000061,-317.36591562017134
2025-02-10 01:05:00+00:00,2025-02-10 02:00:00+00:00,buy,35.995650000000005,35.9755,36.01580000000001,35.9755,4805.27746122875,-96.82634084379826,9585.80774353603,loss,-0.020150000000008106,-414.1922564639696
2025-02-10 03:45:00+00:00,2025-02-10 05:00:00+00:00,buy,35.98863,35.95258,36.024680000000004,36.024680000000004,2659.031274212268,95.8580774353603,9681.66582097139,win,0.036050000000003024,-318.3341790286093
2025-02-10 07:20:00+00:00,2025-02-10 07:45:00+00:00,buy,36.00694,35.994429999999994,36.019450000000006,35.994429999999994,7739.141343698428,-96.81665820971389,9584.849162761675,loss,-0.012510000000006016,-415.1508372383232
2025-02-10 08:00:00+00:00,2025-02-10 19:05:00+00:00,buy,36.01944,35.97671,36.06217000000001,35.97671,2243.1193921741974,-95.84849162761675,9489.000671134057,loss,-0.04273000000000593,-510.99932886593996
2025-02-11 03:05:00+00:00,2025-02-11 11:50:00+00:00,buy,36.002430000000004,35.977289999999996,36.02757000000001,36.02757000000001,3774.4632741174346,94.89000671134058,9583.890677845398,win,0.02514000000000749,-416.1093221545994
2025-02-11 12:00:00+00:00,2025-02-11 19:25:00+00:00,buy,36.036860000000004,36.01873,36.05499000000001,36.01873,5286.205558655271,-95.83890677845399,9488.051771066945,loss,-0.01813000000000642,-511.9482289330534
2025-02-11 21:50:00+00:00,2025-02-11 23:50:00+00:00,buy,36.029250000000005,36.012859999999996,36.04564000000001,36.012859999999996,5788.927255071456,-94.88051771066945,9393.171253356275,loss,-0.016390000000008342,-606.8287466437229
2025-02-12 03:10:00+00:00,2025-02-12 08:40:00+00:00,buy,36.02599,35.99586,36.05612,36.05612,3117.547711037619,93.93171253356275,9487.102965889837,win,0.030129999999999768,-512.8970341101601
2025-02-12 08:50:00+00:00,2025-02-12 09:20:00+00:00,buy,36.05796,36.03677,36.079150000000006,36.079150000000006,4477.160436945695,94.87102965889837,9581.973995548735,win,0.02119000000000426,-418.02600445126177
2025-02-12 09:30:00+00:00,2025-02-13 21:00:00+00:00,buy,36.090700000000005,36.05667,36.124730000000014,36.124730000000014,2815.743166484384,95.81973995548735,9677.793735504221,win,0.03403000000000844,-322.2062644957744
2025-02-13 22:05:00+00:00,2025-02-13 22:10:00+00:00,sell,36.08642,36.090720000000005,36.08211999999999,36.08211999999999,22506.49705927162,96.77793735504221,9774.571672859263,win,-0.004300000000007742,-225.4283271407322
2025-02-13 23:05:00+00:00,2025-02-13 23:15:00+00:00,sell,36.06749,36.087140000000005,36.047839999999994,36.087140000000005,4974.336729189017,-97.74571672859264,9676.825956130671,loss,0.01965000000000572,-323.1740438693248
2025-02-13 23:40:00+00:00,2025-02-13 23:50:00+00:00,buy,36.088080000000005,36.0633,36.11286000000001,36.11286000000001,3905.095220390627,96.76825956130672,9773.594215691977,win,0.024780000000006908,-226.4057843080181
2025-02-14 00:00:00+00:00,2025-02-14 09:35:00+00:00,buy,36.13915,36.07447,36.20383,36.20383,1511.068988202159,97.73594215691978,9871.330157848897,win,0.06468000000000274,-128.66984215109832
2025-02-14 09:45:00+00:00,2025-02-17 00:00:00+00:00,buy,36.20769,36.19056,36.22482,36.22482,5762.597873816667,98.71330157848898,9970.043459427387,win,0.017130000000001644,-29.95654057260934
2025-02-17 08:10:00+00:00,2025-02-18 23:25:00+00:00,buy,36.22795,36.1806,36.2753,36.2753,2105.605799245419,99.70043459427386,10069.74389402166,win,0.04735000000000156,69.74389402166452
2025-02-19 00:00:00+00:00,2025-02-21 00:00:00+00:00,buy,36.284980000000004,36.24827,36.32169000000001,36.32169000000001,2743.0520005502285,100.69743894021661,10170.441332961876,win,0.03671000000000646,170.44133296188113
2025-02-21 00:10:00+00:00,2025-02-21 18:00:00+00:00,buy,36.36543,36.26226,36.46860000000001,36.46860000000001,985.7944492547552,101.70441332961877,10272.145746291495,win,0.10317000000000576,272.1457462914999
2025-02-21 18:10:00+00:00,2025-02-21 18:20:00+00:00,buy,36.47202,36.414559999999994,36.52948000000001,36.52948000000001,1787.7037497894903,102.72145746291496,10374.86720375441,win,0.05746000000000606,374.86720375441485
2025-02-24 00:00:00+00:00,2025-02-24 00:05:00+00:00,buy,36.444810000000004,36.41616,36.47346000000001,36.47346000000001,3621.245097295712,103.7486720375441,10478.615875791953,win,0.02865000000000606,478.61587579195896
2025-02-24 02:40:00+00:00,2025-02-24 03:05:00+00:00,buy,36.44619,36.42402,36.468360000000004,36.42402,4726.484382404458,-104.78615875791954,10373.829717034034,loss,-0.022170000000002688,373.8297170340394
2025-02-24 06:10:00+00:00,2025-02-24 06:15:00+00:00,buy,36.43695,36.41842,36.45548000000001,36.41842,5598.39704103128,-103.73829717034035,10270.091419863693,loss,-0.018530000000005487,270.09141986369906
2025-02-24 13:35:00+00:00,2025-02-24 13:45:00+00:00,buy,36.42998,36.42588,36.43408,36.42588,25049.00346307544,-102.70091419863694,10167.390505665056,loss,-0.004100000000001103,167.3905056650621
2025-02-24 15:00:00+00:00,2025-02-24 15:35:00+00:00,buy,36.42692,36.41401,36.43983000000001,36.41401,7875.592955585634,-101.67390505665057,10065.716600608406,loss,-0.012910000000005084,65.71660060841154
2025-02-24 17:20:00+00:00,2025-02-24 17:40:00+00:00,buy,36.42806,36.420199999999994,36.43592000000001,36.43592000000001,12806.255217046053,100.65716600608407,10166.37376661449,win,0.007860000000007972,166.3737666144956
2025-02-24 17:55:00+00:00,2025-02-24 18:45:00+00:00,buy,36.43894,36.424679999999995,36.45320000000001,36.424679999999995,7129.294366486191,-101.6637376661449,10064.710028948344,loss,-0.014260000000007267,64.7100289483507
2025-02-25 00:05:00+00:00,2025-02-25 00:10:00+00:00,buy,36.423210000000005,36.40222,36.44420000000001,36.44420000000001,4795.002395877122,100.64710028948345,10165.357129237827,win,0.020990000000004727,165.35712923783416
2025-02-25 03:00:00+00:00,2025-02-25 04:00:00+00:00,buy,36.452200000000005,36.43935,36.46505000000001,36.43935,7910.783758157205,-101.65357129237827,10063.70355794545,loss,-0.012850000000007356,63.703557945455884
2025-02-25 05:20:00+00:00,2025-02-25 06:50:00+00:00,buy,36.45047,36.437219999999996,36.46372000000001,36.437219999999996,7595.247968257036,-100.6370355794545,9963.066522365994,loss,-0.013250000000006423,-36.93347763399862
2025-02-25 07:25:00+00:00,2025-02-25 17:35:00+00:00,buy,36.450480000000006,36.43627,36.46469000000001,36.43627,7011.306490050713,-99.63066522365995,9863.435857142334,loss,-0.014210000000005607,-136.56414285765857
2025-02-25 22:10:00+00:00,2025-02-25 23:35:00+00:00,sell,36.41826,36.43469,36.40182999999999,36.43469,6003.308494910673,-98.63435857142335,9764.80149857091,loss,0.016430000000006828,-235.19850142908192
2025-02-26 05:15:00+00:00,2025-02-26 05:20:00+00:00,buy,36.45172,36.43965,36.46379,36.43965,8090.142086636133,-97.64801498570911,9667.153483585202,loss,-0.012070000000001357,-332.84651641479104
2025-02-26 08:30:00+00:00,2025-02-26 10:30:00+00:00,buy,36.44838,36.43499,36.46177,36.43499,7219.681466455855,-96.67153483585201,9570.48194874935,loss,-0.013390000000001123,-429.51805125064305
2025-02-26 11:05:00+00:00,2025-02-26 14:05:00+00:00,sell,36.43047,36.43912,36.42182,36.42182,11064.14098120937,95.7048194874935,9666.186768236843,win,-0.008650000000002933,-333.8132317631496
2025-02-26 14:35:00+00:00,2025-02-26 15:05:00+00:00,sell,36.420759999999994,36.429680000000005,36.411839999999984,36.429680000000005,10836.53225137387,-96.66186768236844,9569.524900554474,loss,0.008920000000010475,-430.475099445518
2025-02-26 19:05:00+00:00,2025-02-26 19:30:00+00:00,sell,36.438309999999994,36.44722,36.42939999999999,36.44722,10740.207520254358,-95.69524900554475,9473.82965154893,loss,0.008910000000007301,-526.1703484510628
2025-02-26 20:45:00+00:00,2025-02-26 22:55:00+00:00,buy,36.44744,36.432219999999994,36.46266000000001,36.432219999999994,6224.592412315976,-94.7382965154893,9379.09135503344,loss,-0.01522000000000645,-620.9086449665521
2025-02-27 01:10:00+00:00,2025-02-27 01:15:00+00:00,buy,36.439,36.433699999999995,36.444300000000005,36.444300000000005,17696.398783063894,93.79091355033441,9472.882268583775,win,0.0053000000000054115,-527.1177314162177
2025-02-27 01:25:00+00:00,2025-02-27 01:30:00+00:00,buy,36.44469,36.4332,36.45618,36.4332,8244.458023135012,-94.72882268583777,9378.153445897937,loss,-0.011490000000001999,-621.8465541020555
2025-02-27 01:40:00+00:00,2025-02-27 07:30:00+00:00,buy,36.44807,36.43221,36.463930000000005,36.43221,5913.085400943155,-93.78153445897937,9284.371911438957,loss,-0.015860000000003538,-715.6280885610349
2025-02-27 09:25:00+00:00,2025-02-27 18:00:00+00:00,sell,36.426289999999995,36.443450000000006,36.40912999999998,36.40912999999998,5410.473141860673,92.84371911438957,9377.215630553346,win,-0.017160000000011166,-622.7843694466453
2025-02-27 19:20:00+00:00,2025-02-27 23:50:00+00:00,sell,36.40488,36.434090000000005,36.37566999999999,36.434090000000005,3210.275806419502,-93.77215630553347,9283.443474247813,loss,0.029210000000006175,-716.5565257521788
2025-02-28 00:05:00+00:00,2025-02-28 00:20:00+00:00,buy,36.44041,36.383539999999996,36.49728,36.49728,1632.3973051252397,92.83443474247814,9376.27790899029,win,0.05687000000000353,-623.7220910097006
2025-02-28 00:30:00+00:00,2025-02-28 22:50:00+00:00,buy,36.5017,36.4004,36.603,36.4004,925.5950551816496,-93.7627790899029,9282.515129900388,loss,-0.10130000000000194,-717.4848700996035
2025-03-03 05:05:00+00:00,2025-03-03 05:10:00+00:00,buy,36.49866,36.487109999999994,36.51021000000001,36.487109999999994,8036.809636272637,-92.82515129900388,9189.689978601384,loss,-0.011550000000006833,-810.3100213986074
2025-03-03 05:55:00+00:00,2025-03-03 06:00:00+00:00,buy,36.499,36.48365,36.51435000000001,36.51435000000001,5986.768715699245,91.89689978601383,9281.586878387398,win,0.015350000000005082,-718.4131216125936
2025-03-03 06:30:00+00:00,2025-03-03 08:55:00+00:00,buy,36.51469,36.48713,36.54225,36.48713,3367.7746293131404,-92.81586878387398,9188.771009603524,loss,-0.02756000000000114,-811.2289903964676
2025-03-03 09:05:00+00:00,2025-03-03 14:50:00+00:00,sell,36.47548,36.51446,36.436499999999995,36.436499999999995,2357.304004515905,91.88771009603525,9280.658719699559,win,-0.038980000000002235,-719.3412803004323
2025-03-03 15:50:00+00:00,2025-03-03 16:30:00+00:00,sell,36.43423,36.45658,36.41188,36.41188,4152.420008813567,92.80658719699558,9373.465306896554,win,-0.02235000000000298,-626.5346931034368
2025-03-03 17:45:00+00:00,2025-03-03 19:00:00+00:00,sell,36.419109999999996,36.43133,36.40688999999999,36.40688999999999,7670.5935408279,93.73465306896554,9467.19995996552,win,-0.012220000000006337,-532.8000400344713
2025-03-03 19:15:00+00:00,2025-03-03 19:20:00+00:00,sell,36.403029999999994,36.42289,36.383169999999986,36.383169999999986,4766.96876130992,94.6719995996552,9561.871959565175,win,-0.019860000000008426,-438.1280404348161
2025-03-03 21:45:00+00:00,2025-03-03 21:50:00+00:00,sell,36.41149,36.43213,36.39085,36.43213,4632.689902890056,-95.61871959565175,9466.253239969523,loss,0.020640000000000214,-533.7467600304678
2025-03-04 01:30:00+00:00,2025-03-04 01:35:00+00:00,sell,36.45489,36.456970000000005,36.45280999999999,36.456970000000005,45510.83288432618,-94.66253239969522,9371.590707569827,loss,0.002080000000006521,-628.4092924301631
2025-03-04 01:45:00+00:00,2025-03-04 04:35:00+00:00,sell,36.44761,36.46884,36.426379999999995,36.426379999999995,4414.314982368636,93.71590707569827,9465.306614645526,win,-0.021230000000002747,-534.6933853544648
2025-03-04 05:05:00+00:00,2025-03-04 08:45:00+00:00,sell,36.422059999999995,36.451510000000006,36.39260999999998,36.451510000000006,3214.026015158538,-94.65306614645526,9370.65354849907,loss,0.0294500000000113,-629.34645150092
2025-03-04 13:15:00+00:00,2025-03-04 13:35:00+00:00,buy,36.46146,36.45769,36.465230000000005,36.45769,24855.84495621159,-93.70653548499071,9276.94701301408,loss,-0.0037700000000029377,-723.0529869859107
2025-03-04 17:05:00+00:00,2025-03-04 17:45:00+00:00,sell,36.44359,36.451330000000006,36.435849999999995,36.435849999999995,11985.719655048575,92.7694701301408,9369.71648314422,win,-0.007740000000005409,-630.2835168557699
2025-03-04 18:45:00+00:00,2025-03-04 19:00:00+00:00,sell,36.43533,36.445600000000006,36.425059999999995,36.425059999999995,9123.385085821963,93.69716483144222,9463.413647975663,win,-0.010270000000005552,-536.5863520243277
2025-03-04 19:10:00+00:00,2025-03-05 00:00:00+00:00,sell,36.422329999999995,36.43995,36.40470999999999,36.43995,5370.836349586485,-94.63413647975663,9368.779511495906,loss,0.017620000000007963,-631.2204885040843
2025-03-05 02:25:00+00:00,2025-03-05 02:30:00+00:00,sell,36.4358,36.447860000000006,36.423739999999995,36.447860000000006,7768.473890125869,-93.68779511495906,9275.091716380946,loss,0.012060000000005289,-724.9082836190433
2025-03-05 02:55:00+00:00,2025-03-05 03:30:00+00:00,sell,36.43233,36.44896,36.4157,36.44896,5577.325145148143,-92.75091716380948,9182.340799217136,loss,0.016629999999999256,-817.6592007828528
2025-03-05 07:05:00+00:00,2025-03-05 07:55:00+00:00,sell,36.43857,36.45167,36.42547,36.42547,7009.420457416889,91.82340799217137,9274.164207209307,win,-0.013100000000001444,-725.8357927906815
2025-03-05 08:05:00+00:00,2025-03-05 19:15:00+00:00,sell,36.424879999999995,36.45183,36.39792999999999,36.39792999999999,3441.248314362553,92.74164207209307,9366.9058492814,win,-0.02695000000000647,-633.0941507185884
2025-03-05 21:00:00+00:00,2025-03-05 21:55:00+00:00,sell,36.400349999999996,36.418780000000005,36.38191999999999,36.38191999999999,5082.423141224464,93.669058492814,9460.574907774215,win,-0.018430000000009272,-539.4250922257744
2025-03-05 23:10:00+00:00,2025-03-05 23:25:00+00:00,sell,36.3908,36.40724,36.374359999999996,36.40724,5754.607608134153,-94.60574907774215,9365.969158696473,loss,0.016440000000002897,-634.0308413035166
2025-03-06 03:30:00+00:00,2025-03-06 04:20:00+00:00,buy,36.462630000000004,36.44605,36.47921000000001,36.44605,5648.95606676346,-93.65969158696473,9272.309467109508,loss,-0.016580000000004702,-727.6905328904813
2025-03-06 06:30:00+00:00,2025-03-06 08:40:00+00:00,sell,36.403639999999996,36.435050000000004,36.37222999999999,36.435050000000004,2952.024663198695,-92.72309467109508,9179.586372438413,loss,0.031410000000008154,-820.4136275615764
2025-03-06 10:20:00+00:00,2025-03-06 12:55:00+00:00,buy,36.4431,36.433139999999995,36.45306000000001,36.433139999999995,9216.45218115693,-91.79586372438413,9087.790508714028,loss,-0.00996000000000663,-912.2094912859606
2025-03-06 15:15:00+00:00,2025-03-06 18:30:00+00:00,sell,36.40853,36.42945,36.387609999999995,36.387609999999995,4344.06812079941,90.87790508714028,9178.668413801168,win,-0.020920000000003824,-821.3315861988203
2025-03-06 19:00:00+00:00,2025-03-06 19:05:00+00:00,sell,36.386689999999994,36.398410000000005,36.37496999999998,36.398410000000005,7831.628339413404,-91.78668413801168,9086.881729663157,loss,0.011720000000011055,-913.118270336832
2025-03-06 20:55:00+00:00,2025-03-06 21:00:00+00:00,sell,36.382949999999994,36.40644,36.359459999999984,36.359459999999984,3868.4043123284205,90.86881729663158,9177.750546959789,win,-0.02349000000000956,-822.2494530402004
2025-03-06 22:55:00+00:00,2025-03-07 00:00:00+00:00,sell,36.37374,36.40429,36.34318999999999,36.40429,3004.173665125444,-91.7775054695979,9085.973041490191,loss,0.030550000000005184,-914.0269585097983
2025-03-07 01:05:00+00:00,2025-03-07 01:55:00+00:00,buy,36.481,36.463629999999995,36.49837000000001,36.49837000000001,5230.842280648619,90.85973041490192,9176.832771905094,win,0.01737000000000677,-823.1672280948964
2025-03-07 02:05:00+00:00,2025-03-07 02:15:00+00:00,buy,36.49974,36.48974,36.50974000000001,36.48974,9176.8327719004,-91.76832771905094,9085.064444186042,loss,-0.010000000000005116,-914.9355558139473
2025-03-07 07:00:00+00:00,2025-03-07 07:25:00+00:00,buy,36.47704,36.463589999999996,36.49049000000001,36.463589999999996,6754.6947540386755,-90.85064444186042,8994.213799744182,loss,-0.013450000000005957,-1005.7862002558077
2025-03-07 08:00:00+00:00,2025-03-07 08:50:00+00:00,buy,36.47871,36.46225,36.49517,36.46225,5464.2854190419275,-89.94213799744182,8904.271661746741,loss,-0.01646000000000214,-1095.7283382532496
2025-03-07 23:05:00+00:00,2025-03-09 23:00:00+00:00,buy,36.47374,36.426359999999995,36.52112,36.52112,1879.3312920527637,89.04271661746742,8993.314378364208,win,0.047380000000003974,-1006.6856216357821
2025-03-10 01:45:00+00:00,2025-03-10 08:30:00+00:00,buy,36.499460000000006,36.479119999999995,36.51980000000002,36.51980000000002,4421.491828101815,89.93314378364208,9083.24752214785,win,0.02034000000001157,-916.75247785214
2025-03-10 09:05:00+00:00,2025-03-10 19:35:00+00:00,buy,36.521660000000004,36.493449999999996,36.54987000000001,36.54987000000001,3219.8679624761116,90.8324752214785,9174.07999736933,win,0.028210000000008506,-825.9200026306615
2025-03-10 20:50:00+00:00,2025-03-10 22:00:00+00:00,buy,36.540110000000006,36.52169,36.55853000000001,36.52169,4980.499455682027,-91.7407999736933,9082.339197395637,loss,-0.018420000000006098,-917.6608026043548
2025-03-10 22:35:00+00:00,2025-03-11 00:25:00+00:00,buy,36.542840000000005,36.519149999999996,36.566530000000014,36.566530000000014,3833.8282808746944,90.82339197395638,9173.162589369593,win,0.023690000000009093,-826.8374106303984
2025-03-11 02:00:00+00:00,2025-03-11 03:25:00+00:00,buy,36.565470000000005,36.55148,36.57946000000001,36.55148,6556.942522777065,-91.73162589369593,9081.430963475897,loss,-0.01399000000000683,-918.5690365240944
2025-03-11 03:45:00+00:00,2025-03-11 14:15:00+00:00,buy,36.566720000000004,36.550929999999994,36.58251000000001,36.58251000000001,5751.381230823493,90.81430963475897,9172.245273110657,win,0.01579000000000974,-827.7547268893354
2025-03-11 15:55:00+00:00,2025-03-11 16:40:00+00:00,buy,36.582510000000006,36.57781,36.58721000000001,36.57781,19515.41547467525,-91.72245273110657,9080.52282037955,loss,-0.00470000000000681,-919.477179620442
2025-03-11 17:00:00+00:00,2025-03-11 17:40:00+00:00,buy,36.58353,36.575889999999994,36.59117000000001,36.575889999999994,11885.501073780919,-90.80522820379551,8989.717592175755,loss,-0.007640000000009195,-1010.2824078242376
2025-03-11 20:00:00+00:00,2025-03-11 21:00:00+00:00,buy,36.57618,36.55898,36.59338,36.55898,5226.579995450246,-89.89717592175755,8899.820416253997,loss,-0.017200000000002547,-1100.1795837459952
2025-03-11 21:10:00+00:00,2025-03-11 22:00:00+00:00,buy,36.576150000000005,36.46217,36.69013000000001,36.46217,780.8229879148623,-88.99820416253998,8810.822212091456,loss,-0.11398000000000508,-1189.177787908535
2025-03-11 22:10:00+00:00,2025-03-14 05:40:00+00:00,buy,36.584270000000004,36.40593,36.76261000000001,36.76261000000001,494.04632791808757,88.10822212091456,8898.93043421237,win,0.17834000000000572,-1101.0695657876204
2025-03-14 06:55:00+00:00,2025-03-14 07:00:00+00:00,buy,36.66716,36.658829999999995,36.67549000000001,36.658829999999995,10682.989716931435,-88.9893043421237,8809.941129870247,loss,-0.008330000000007942,-1190.058870129744
2025-03-14 08:00:00+00:00,2025-03-14 11:25:00+00:00,buy,36.67092,36.65689,36.68495000000001,36.65689,6279.359322784682,-88.09941129870248,8721.841718571544,loss,-0.014030000000005316,-1278.1582814284466
2025-03-14 12:40:00+00:00,2025-03-14 12:45:00+00:00,buy,36.66837,36.66061,36.67613000000001,36.66061,11239.486750729788,-87.21841718571544,8634.62330138583,loss,-0.007760000000004652,-1365.376698614162
2025-03-14 14:50:00+00:00,2025-03-14 15:05:00+00:00,buy,36.66512,36.66198,36.668260000000004,36.668260000000004,27498.800322868003,86.3462330138583,8720.969534399688,win,0.003140000000001919,-1279.0304656003036
2025-03-14 15:30:00+00:00,2025-03-14 15:55:00+00:00,buy,36.669140000000006,36.66068,36.67760000000001,36.66068,10308.474626941977,-87.20969534399688,8633.75983905569,loss,-0.008460000000006573,-1366.2401609443004
2025-03-17 05:05:00+00:00,2025-03-17 07:50:00+00:00,buy,36.66187,36.65092,36.67282,36.67282,7884.7121817852085,86.3375983905569,8720.097437446248,win,0.010950000000001125,-1279.9025625537436
2025-03-17 08:00:00+00:00,2025-03-17 12:10:00+00:00,buy,36.67493,36.651559999999996,36.69830000000001,36.651559999999996,3731.321111443576,-87.20097437446248,8632.896463071786,loss,-0.023370000000006996,-1367.103536928206
2025-03-17 12:35:00+00:00,2025-03-17 14:45:00+00:00,buy,36.660320000000006,36.65121,36.66943000000001,36.65121,9476.285908963018,-86.32896463071786,8546.567498441067,loss,-0.009110000000006835,-1453.4325015589238
2025-03-17 16:05:00+00:00,2025-03-17 16:10:00+00:00,sell,36.65324,36.657700000000006,36.64877999999999,36.64877999999999,19162.707395570003,85.46567498441065,8632.033173425478,win,-0.00446000000000879,-1367.966826574513
2025-03-17 16:25:00+00:00,2025-03-17 17:20:00+00:00,sell,36.63554,36.65747,36.613609999999994,36.613609999999994,3936.1756376760786,86.32033173425478,8718.353505159732,win,-0.021930000000004668,-1281.6464948402584
2025-03-17 17:40:00+00:00,2025-03-17 22:35:00+00:00,sell,36.61116,36.63761,36.584709999999994,36.63761,3296.1638960901273,-87.18353505159732,8631.169970108134,loss,0.02645000000000408,-1368.8300298918557
2025-03-17 23:50:00+00:00,2025-03-18 00:00:00+00:00,sell,36.634699999999995,36.63947,36.62992999999999,36.63947,18094.695954075847,-86.31169970108135,8544.858270407052,loss,0.0047700000000077125,-1455.141729592937
2025-03-18 07:00:00+00:00,2025-03-18 07:10:00+00:00,sell,36.6337,36.64759,36.619809999999994,36.64759,6151.805810226704,-85.44858270407052,8459.409687702982,loss,0.01389000000000351,-1540.5903122970076
2025-03-18 08:05:00+00:00,2025-03-18 08:30:00+00:00,buy,36.652060000000006,36.631049999999995,36.67307000000002,36.67307000000002,4026.3730069959656,84.59409687702983,8544.003784580013,win,0.021010000000011075,-1455.9962154199777
2025-03-18 10:55:00+00:00,2025-03-18 12:00:00+00:00,buy,36.651790000000005,36.639709999999994,36.66387000000002,36.639709999999994,7072.850815042865,-85.44003784580012,8458.563746734213,loss,-0.012080000000011637,-1541.4362532657779
2025-03-18 13:15:00+00:00,2025-03-18 15:15:00+00:00,buy,36.646950000000004,36.642489999999995,36.65141000000001,36.642489999999995,18965.38956663126,-84.58563746734212,8373.97810926687,loss,-0.00446000000000879,-1626.02189073312
2025-03-18 16:20:00+00:00,2025-03-18 17:10:00+00:00,buy,36.64768,36.640989999999995,36.65437000000001,36.65437000000001,12517.157113989926,83.73978109266871,8457.71789035954,win,0.00669000000000608,-1542.2821096404514
2025-03-18 17:30:00+00:00,2025-03-19 06:55:00+00:00,buy,36.69614,36.64666,36.74562,36.74562,1709.3205113902768,84.5771789035954,8542.295069263135,win,0.04948000000000263,-1457.7049307368559
2025-03-19 07:25:00+00:00,2025-03-19 08:55:00+00:00,buy,36.760310000000004,36.6834,36.83722000000001,36.83722000000001,1110.6871758240234,85.42295069263135,8627.718019955766,win,0.07691000000000514,-1372.2819800442246
2025-03-19 09:10:00+00:00,2025-03-19 09:15:00+00:00,buy,36.982110000000006,36.72233,37.24189000000001,37.24189000000001,332.11632996980353,86.27718019955766,8713.995200155323,win,0.25978000000000634,-1286.0047998446669
2025-03-19 09:25:00+00:00,2025-03-19 09:30:00+00:00,buy,37.35361,36.790049999999994,37.91717000000001,37.91717000000001,154.62408971813426,87.13995200155323,8801.135152156876,win,0.5635600000000096,-1198.8648478431137
2025-03-19 09:40:00+00:00,2025-06-16 05:45:00+00:00,buy,38.8003,36.86073,40.73987,36.86073,45.3767337716961,-88.01135152156876,8713.123800635307,loss,-1.9395700000000033,-1286.8761993646824
2025-06-16 07:45:00+00:00,2025-06-16 08:00:00+00:00,buy,39.455580000000005,39.44936,39.46180000000001,39.44936,14008.237621586413,-87.13123800635307,8625.992562628953,loss,-0.0062200000000061095,-1374.0074373710354
2025-06-16 10:25:00+00:00,2025-06-16 10:35:00+00:00,buy,39.38523,39.371849999999995,39.398610000000005,39.398610000000005,6446.930166386916,86.25992562628953,8712.252488255242,win,0.013380000000005055,-1287.747511744746
2025-06-16 10:45:00+00:00,2025-06-16 12:55:00+00:00,buy,39.40346,39.38048,39.42644000000001,39.38048,3791.232588448097,-87.12252488255243,8625.12996337269,loss,-0.022980000000003997,-1374.8700366272983
2025-06-16 15:15:00+00:00,2025-06-16 16:45:00+00:00,buy,39.38709,39.37703,39.39715,39.37703,8573.68783635214,-86.2512996337269,8538.878663738964,loss,-0.010060000000002844,-1461.1213362610251
2025-06-16 19:05:00+00:00,2025-06-16 19:10:00+00:00,sell,39.3424,39.35108,39.33371999999999,39.33371999999999,9837.417815361407,85.38878663738964,8624.267450376354,win,-0.00868000000000535,-1375.7325496236356
2025-06-16 19:20:00+00:00,2025-06-16 21:40:00+00:00,sell,39.33322,39.349340000000005,39.31709999999999,39.349340000000005,5350.041842662608,-86.24267450376354,8538.02477587259,loss,0.016120000000007906,-1461.975224127399
2025-06-16 21:50:00+00:00,2025-06-16 22:55:00+00:00,sell,39.341449999999995,39.350410000000004,39.332489999999986,39.350410000000004,9529.045508776844,-85.38024775872591,8452.644528113866,loss,0.00896000000000896,-1547.355471886125
2025-06-16 23:55:00+00:00,2025-06-17 00:00:00+00:00,sell,39.33777,39.3528,39.322739999999996,39.3528,5623.848654765261,-84.52644528113866,8368.118082832727,loss,0.015030000000002985,-1631.8819171672637
2025-06-17 00:15:00+00:00,2025-06-17 01:00:00+00:00,sell,39.313269999999996,39.36788,39.25865999999999,39.36788,1532.3417108280794,-83.68118082832727,8284.4369020044,loss,0.05461000000000382,-1715.563097995591
2025-06-17 01:15:00+00:00,2025-06-17 02:00:00+00:00,sell,39.35525,39.368300000000005,39.34219999999999,39.34219999999999,6348.227511111131,82.844369020044,8367.281271024443,win,-0.01305000000000689,-1632.718728975547
2025-06-17 03:40:00+00:00,2025-06-17 04:05:00+00:00,sell,39.335829999999994,39.35642,39.31523999999999,39.35642,4063.7597236630127,-83.67281271024443,8283.608458314198,loss,0.02059000000000566,-1716.3915416857915
2025-06-17 13:05:00+00:00,2025-06-17 13:15:00+00:00,buy,39.37762,39.35993,39.39531,39.39531,4682.650343874152,82.836084583142,8366.44454289734,win,0.01769000000000176,-1633.5554571026496
2025-06-17 15:40:00+00:00,2025-06-17 17:30:00+00:00,buy,39.37538,39.36564,39.38512,39.38512,8589.778791475048,83.6644454289734,8450.108988326312,win,0.009740000000000748,-1549.8910116736763
2025-06-17 17:40:00+00:00,2025-06-17 17:50:00+00:00,buy,39.387440000000005,39.36841,39.40647000000001,39.40647000000001,4440.414602376677,84.50108988326313,8534.610078209575,win,0.019030000000007874,-1465.3899217904132
2025-06-17 18:10:00+00:00,2025-06-17 18:45:00+00:00,buy,39.42463,39.382189999999994,39.46707000000001,39.382189999999994,2010.9825820472001,-85.34610078209575,8449.26397742748,loss,-0.04244000000000625,-1550.736022572509
2025-06-17 18:55:00+00:00,2025-06-17 23:55:00+00:00,buy,39.43677,39.381699999999995,39.49184000000001,39.49184000000001,1534.2770977712537,84.49263977427479,8533.756617201754,win,0.055070000000007724,-1466.2433827982343
2025-06-18 00:05:00+00:00,2025-06-19 09:55:00+00:00,buy,39.492540000000005,39.4373,39.54778000000001,39.54778000000001,1544.850944460718,85.33756617201755,8619.094183373772,win,0.05524000000000484,-1380.9058166262166
2025-06-19 10:05:00+00:00,2025-06-19 13:55:00+00:00,buy,39.548640000000006,39.53518,39.562100000000015,39.53518,6403.487506216884,-86.19094183373772,8532.903241540034,loss,-0.013460000000009131,-1467.0967584599543
2025-06-19 15:10:00+00:00,2025-06-19 18:10:00+00:00,buy,39.55041,39.540789999999994,39.560030000000005,39.560030000000005,8869.961789537778,85.32903241540035,8618.232273955435,win,0.009620000000005291,-1381.767726044554
2025-06-19 20:00:00+00:00,2025-06-19 20:15:00+00:00,buy,39.55509,39.54391,39.56627,39.54391,7708.615629653903,-86.18232273955435,8532.04995121588,loss,-0.011180000000003076,-1467.9500487841083
2025-06-19 23:50:00+00:00,2025-06-19 23:55:00+00:00,buy,39.54319,39.53828,39.548100000000005,39.548100000000005,17376.88381102177,85.3204995121588,8617.37045072804,win,0.0049100000000024124,-1382.6295492719494
2025-06-20 00:05:00+00:00,2025-06-23 21:40:00+00:00,buy,39.629160000000006,39.52916,39.729160000000014,39.52916,861.7370450727306,-86.1737045072804,8531.19674622076,loss,-0.10000000000000853,-1468.8032537792299
2025-06-23 23:30:00+00:00,2025-06-23 23:40:00+00:00,sell,39.608619999999995,39.63609,39.58114999999999,39.58114999999999,3105.641334626226,85.31196746220759,8616.508713682968,win,-0.0274700000000081,-1383.4912863170223
2025-06-23 23:50:00+00:00,2025-06-24 00:00:00+00:00,sell,39.521629999999995,39.62601,39.41724999999999,39.62601,825.4942243420638,-86.16508713682968,8530.343626546139,loss,0.10438000000000613,-1469.656373453852
2025-06-24 02:00:00+00:00,2025-06-24 04:20:00+00:00,sell,39.616369999999996,39.648410000000005,39.58432999999999,39.58432999999999,2662.404377822627,85.30343626546139,8615.6470628116,win,-0.03204000000000917,-1384.3529371883906
2025-06-24 06:50:00+00:00,2025-06-24 07:35:00+00:00,sell,39.61978,39.641310000000004,39.59824999999999,39.59824999999999,4001.69394463974,86.15647062811601,8701.803533439715,win,-0.0215300000000056,-1298.1964665602745
2025-06-24 08:05:00+00:00,2025-06-24 08:25:00+00:00,sell,39.59527,39.633790000000005,39.556749999999994,39.556749999999994,2259.0351852124836,87.01803533439715,8788.821568774112,win,-0.03852000000000544,-1211.1784312258774
2025-06-24 08:35:00+00:00,2025-06-24 09:00:00+00:00,sell,39.53476,39.619550000000004,39.44996999999999,39.619550000000004,1036.539871302461,-87.88821568774111,8700.933353086371,loss,0.08479000000000525,-1299.0666469136186
2025-06-24 12:25:00+00:00,2025-06-24 12:35:00+00:00,sell,39.616839999999996,39.626110000000004,39.60756999999999,39.626110000000004,9386.12012198379,-87.00933353086371,8613.924019555508,loss,0.009270000000007883,-1386.0759804444822
2025-06-24 13:50:00+00:00,2025-06-24 16:00:00+00:00,sell,39.621179999999995,39.6315,39.61085999999999,39.61085999999999,8346.825600338652,86.13924019555509,8700.063259751063,win,-0.010320000000007212,-1299.936740248927
2025-06-24 16:25:00+00:00,2025-06-24 17:35:00+00:00,sell,39.61049,39.62615,39.594829999999995,39.594829999999995,5555.595951308326,87.00063259751063,8787.063892348573,win,-0.015660000000004004,-1212.9361076514163
2025-06-24 20:30:00+00:00,2025-06-24 22:20:00+00:00,sell,39.59352,39.60909,39.577949999999994,39.577949999999994,5643.586314930248,87.87063892348573,8874.934531272058,win,-0.015570000000003859,-1125.0654687279305
2025-06-24 23:10:00+00:00,2025-06-24 23:50:00+00:00,sell,39.57225,39.59552,39.54897999999999,39.54897999999999,3813.8953722692977,88.74934531272058,8963.683876584779,win,-0.023270000000003677,-1036.3161234152099
2025-06-25 05:15:00+00:00,2025-06-25 06:20:00+00:00,sell,39.57553,39.59752,39.55354,39.59752,4076.2546050858577,-89.63683876584778,8874.047037818931,loss,0.021990000000002397,-1125.9529621810577
2025-06-25 10:05:00+00:00,2025-06-25 10:10:00+00:00,buy,39.62201,39.58674,39.65728000000001,39.65728000000001,2516.0326163362324,88.74047037818931,8962.78750819712,win,0.03527000000000413,-1037.2124918028685
2025-06-25 10:20:00+00:00,2025-06-25 12:05:00+00:00,buy,39.65894,39.60724,39.710640000000005,39.710640000000005,1733.614605067012,89.6278750819712,9052.41538327909,win,0.051700000000003854,-947.5846167208973
2025-06-25 12:15:00+00:00,2025-06-25 12:45:00+00:00,buy,39.712030000000006,39.6888,39.73526000000001,39.73526000000001,3896.864133997877,90.52415383279092,9142.93953711188,win,0.02323000000000519,-857.0604628881064
2025-06-25 13:00:00+00:00,2025-06-25 14:20:00+00:00,buy,39.735780000000005,39.70816,39.76340000000001,39.70816,3310.2605130738248,-91.42939537111882,9051.510141740762,loss,-0.027620000000005973,-948.4898582592252
2025-06-25 15:35:00+00:00,2025-06-25 15:50:00+00:00,buy,39.72968,39.72194,39.73742000000001,39.73742000000001,11694.457547460512,90.51510141740762,9142.02524315817,win,0.007740000000005409,-857.9747568418176
2025-06-25 16:05:00+00:00,2025-06-25 17:25:00+00:00,buy,39.738260000000004,39.72436,39.75216000000001,39.72436,6576.996577808471,-91.4202524315817,9050.604990726588,loss,-0.013900000000006685,-949.3950092733993
2025-06-25 17:35:00+00:00,2025-06-25 18:50:00+00:00,buy,39.737640000000006,39.719849999999994,39.75543000000002,39.719849999999994,5087.467673254856,-90.50604990726588,8960.098940819322,loss,-0.017790000000012185,-1039.9010591806652
2025-06-25 22:05:00+00:00,2025-06-25 22:45:00+00:00,buy,39.72697,39.719449999999995,39.73449000000001,39.719449999999995,11915.025187249226,-89.60098940819321,8870.49795141113,loss,-0.0075200000000066325,-1129.5020485888585
2025-06-25 23:00:00+00:00,2025-06-25 23:40:00+00:00,buy,39.727880000000006,39.71828,39.73748000000001,39.71828,9240.102032714105,-88.70497951411129,8781.792971897017,loss,-0.009600000000006048,-1218.2070281029698
2025-06-25 23:55:00+00:00,2025-06-26 02:35:00+00:00,buy,39.73266,39.71649,39.748830000000005,39.748830000000005,5430.917113108028,87.81792971897018,8869.610901615988,win,0.01617000000000246,-1130.3890983839997
2025-06-26 03:50:00+00:00,2025-06-26 10:25:00+00:00,buy,39.740860000000005,39.71658,39.76514000000001,39.76514000000001,3653.052265903763,88.69610901615988,8958.307010632148,win,0.02428000000000452,-1041.6929893678398
2025-06-26 10:45:00+00:00,2025-06-26 13:35:00+00:00,buy,39.766220000000004,39.749849999999995,39.78259000000001,39.749849999999995,5472.392798183976,-89.58307010632149,8868.723940525826,loss,-0.0163700000000091,-1131.2760594741612
2025-06-26 14:20:00+00:00,2025-06-26 15:20:00+00:00,buy,39.76549,39.746719999999996,39.78426,39.746719999999996,4724.946159043245,-88.68723940525827,8780.036701120567,loss,-0.018770000000003506,-1219.9632988794194
2025-06-26 15:30:00+00:00,2025-06-26 19:00:00+00:00,buy,39.76294,39.743649999999995,39.782230000000006,39.743649999999995,4551.60015610069,-87.80036701120568,8692.236334109362,loss,-0.019290000000005136,-1307.7636658906251
2025-06-26 21:30:00+00:00,2025-06-26 23:40:00+00:00,buy,39.752860000000005,39.74509,39.76063000000001,39.74509,11186.919348906831,-86.92236334109363,8605.31397076827,loss,-0.007770000000007826,-1394.6860292317187
2025-06-26 23:50:00+00:00,2025-06-27 00:00:00+00:00,buy,39.75842,39.74169,39.775150000000004,39.775150000000004,5143.642540805107,86.05313970768269,8691.367110475952,win,0.016730000000002576,-1308.632889524036
2025-06-27 00:10:00+00:00,2025-06-27 02:00:00+00:00,buy,39.78969,39.74021,39.83917,39.74021,1756.5414532084662,-86.91367110475953,8604.453439371193,loss,-0.04948000000000263,-1395.5465606287955
2025-06-27 02:45:00+00:00,2025-07-02 23:50:00+00:00,buy,39.806990000000006,39.704739999999994,39.90924000000002,39.704739999999994,841.5113388137084,-86.04453439371193,8518.408904977481,loss,-0.10225000000001216,-1481.5910950225075
2025-07-03 01:05:00+00:00,2025-07-03 01:10:00+00:00,buy,39.86818,39.866279999999996,39.87008000000001,39.87008000000001,44833.73107868184,85.18408904977481,8603.592994027256,win,0.00190000000000623,-1396.4070059727326
2025-07-03 04:25:00+00:00,2025-07-03 04:30:00+00:00,buy,39.87057,39.840289999999996,39.900850000000005,39.900850000000005,2841.345110312387,86.03592994027257,8689.628923967528,win,0.030280000000004748,-1310.37107603246
2025-07-03 04:40:00+00:00,2025-07-03 14:45:00+00:00,buy,39.90149,39.83884,39.96414000000001,39.83884,1387.011799515856,-86.89628923967528,8602.732634727852,loss,-0.06265000000000498,-1397.2673652721353
2025-07-03 19:40:00+00:00,2025-07-03 19:45:00+00:00,sell,39.80417,39.818130000000004,39.790209999999995,39.790209999999995,6162.415927453533,86.02732634727852,8688.759961075131,win,-0.013960000000004413,-1311.240038924857
2025-07-03 21:45:00+00:00,2025-07-03 22:55:00+00:00,sell,39.79134,39.80964,39.773039999999995,39.80964,4747.9562628816675,-86.88759961075131,8601.87236146438,loss,0.018300000000003536,-1398.1276385356082
2025-07-03 23:10:00+00:00,2025-07-03 23:50:00+00:00,sell,39.793989999999994,39.812290000000004,39.77568999999998,39.77568999999998,4700.476700251026,86.0187236146438,8687.891085079023,win,-0.01830000000001064,-1312.1089149209645
2025-07-04 01:15:00+00:00,2025-07-04 01:20:00+00:00,sell,39.8002,39.8008,39.79959999999999,39.79959999999999,144798.18474993977,86.87891085079023,8774.769995929813,win,-0.0006000000000057071,-1225.2300040701743
2025-07-04 01:30:00+00:00,2025-07-04 03:35:00+00:00,sell,39.79468,39.81009,39.77927,39.81009,5694.205059005979,-87.74769995929813,8687.022295970515,loss,0.01541000000000281,-1312.9777040294725
2025-07-04 06:10:00+00:00,2025-07-04 08:25:00+00:00,sell,39.81522,39.83146,39.79897999999999,39.83146,5349.151660079259,-86.87022295970516,8600.15207301081,loss,0.016240000000003363,-1399.8479269891777
2025-07-04 12:05:00+00:00,2025-07-04 12:10:00+00:00,buy,39.83738,39.82944,39.84532000000001,39.82944,10831.425784641631,-86.0015207301081,8514.150552280702,loss,-0.007940000000004943,-1485.8494477192858
2025-07-04 14:30:00+00:00,2025-07-04 14:55:00+00:00,buy,39.821160000000006,39.80681,39.83551000000001,39.83551000000001,5933.205959774428,85.14150552280702,8599.292057803508,win,0.014350000000007412,-1400.7079421964788
2025-07-04 17:50:00+00:00,2025-07-04 18:05:00+00:00,sell,39.81395,39.833850000000005,39.79404999999999,39.833850000000005,4321.252290352021,-85.9929205780351,8513.299137225473,loss,0.019900000000006912,-1486.700862774514
2025-07-04 19:20:00+00:00,2025-07-04 20:30:00+00:00,buy,39.84291,39.823449999999994,39.86237000000001,39.86237000000001,4374.768313063401,85.13299137225474,8598.432128597728,win,0.01946000000000936,-1401.5678714022592
2025-07-04 20:40:00+00:00,2025-07-04 20:45:00+00:00,buy,39.86337,39.842349999999996,39.88439000000001,39.842349999999996,4090.5956843933423,-85.98432128597727,8512.44780731175,loss,-0.021020000000007144,-1487.5521926882366
2025-07-04 23:15:00+00:00,2025-07-04 23:40:00+00:00,buy,39.84814,39.832829999999994,39.86345000000001,39.832829999999994,5560.0573529118765,-85.1244780731175,8427.323329238632,loss,-0.015310000000006596,-1572.676670761354
2025-07-04 23:50:00+00:00,2025-07-07 00:00:00+00:00,buy,39.8506,39.828939999999996,39.872260000000004,39.872260000000004,3890.730992260843,84.27323329238632,8511.596562531018,win,0.02166000000000423,-1488.4034374689677
2025-07-07 01:00:00+00:00,2025-07-09 20:55:00+00:00,buy,39.95481,39.816579999999995,40.09304000000001,39.816579999999995,615.7560994379351,-85.11596562531018,8426.480596905709,loss,-0.13823000000000718,-1573.5194030942778
2025-07-10 03:05:00+00:00,2025-07-10 03:55:00+00:00,buy,40.031980000000004,40.021519999999995,40.04244000000001,40.04244000000001,8055.908792445932,84.2648059690571,8510.745402874765,win,0.010460000000009018,-1489.2545971252207
2025-07-10 05:00:00+00:00,2025-07-10 05:25:00+00:00,buy,40.043150000000004,40.0224,40.06390000000001,40.0224,4101.564049576874,-85.10745402874764,8425.637948846017,loss,-0.020750000000006708,-1574.3620511539684
2025-07-10 08:15:00+00:00,2025-07-10 08:20:00+00:00,buy,40.023990000000005,40.010529999999996,40.037450000000014,40.010529999999996,6259.76073465104,-84.25637948846017,8341.381569357556,loss,-0.013460000000009131,-1658.6184306424286
2025-07-10 08:40:00+00:00,2025-07-10 10:10:00+00:00,buy,40.02678,39.9999,40.05366000000001,40.05366000000001,3103.192548123448,83.41381569357556,8424.795385051131,win,0.026880000000005566,-1575.204614948853
2025-07-10 10:35:00+00:00,2025-07-10 22:55:00+00:00,buy,40.0557,40.03805,40.073350000000005,40.03805,4773.2551756654775,-84.24795385051131,8340.547431200619,loss,-0.017650000000003274,-1659.4525687993644
2025-07-10 23:25:00+00:00,2025-07-10 23:35:00+00:00,buy,40.048500000000004,40.03725,40.05975000000001,40.05975000000001,7413.819938842373,83.40547431200619,8423.952905512626,win,0.011250000000003979,-1576.0470944873582
2025-07-10 23:50:00+00:00,2025-07-11 00:00:00+00:00,buy,40.06029,40.035619999999994,40.08496000000001,40.08496000000001,3414.6546029631368,84.23952905512625,8508.192434567753,win,0.02467000000000752,-1491.807565432232
2025-07-11 03:25:00+00:00,2025-07-11 05:55:00+00:00,buy,40.14878,40.12791,40.169650000000004,40.169650000000004,4076.757275786713,85.08192434567752,8593.27435891343,win,0.020870000000002165,-1406.7256410865543
2025-07-11 07:30:00+00:00,2025-07-11 07:35:00+00:00,buy,40.14025,40.135929999999995,40.14457000000001,40.135929999999995,19891.838793748928,-85.9327435891343,8507.341615324296,loss,-0.004320000000006985,-1492.6583846756887
2025-07-11 07:45:00+00:00,2025-07-11 07:50:00+00:00,buy,40.14246,40.134989999999995,40.149930000000005,40.149930000000005,11388.676861202988,85.07341615324296,8592.41503147754,win,0.007470000000004973,-1407.5849685224457
2025-07-11 08:30:00+00:00,2025-07-11 08:35:00+00:00,buy,40.15467,40.13532,40.174020000000006,40.13532,4440.5245640704225,-85.9241503147754,8506.490881162765,loss,-0.019350000000002865,-1493.5091188372212
2025-07-11 09:00:00+00:00,2025-07-14 00:00:00+00:00,buy,40.155010000000004,40.13317,40.17685000000001,40.17685000000001,3894.9134071250014,85.06490881162765,8591.555789974393,win,0.021840000000004522,-1408.4442100255935
2025-07-14 01:00:00+00:00,2025-07-14 19:25:00+00:00,buy,40.193180000000005,40.143409999999996,40.242950000000015,40.143409999999996,1726.2519168118881,-85.91555789974393,8505.64023207465,loss,-0.04977000000000942,-1494.3597679253376
2025-07-14 22:15:00+00:00,2025-07-14 23:50:00+00:00,sell,40.100319999999996,40.12595,40.07468999999999,40.12595,3318.6266999892414,-85.0564023207465,8420.583829753903,loss,0.025630000000006703,-1579.416170246084
2025-07-15 04:10:00+00:00,2025-07-15 06:30:00+00:00,buy,40.207480000000004,40.175369999999994,40.239590000000014,40.175369999999994,2622.4178853164935,-84.20583829753903,8336.377991456364,loss,-0.032110000000010075,-1663.622008543623
2025-07-15 07:10:00+00:00,2025-07-15 07:15:00+00:00,buy,40.17653,40.16003,40.19303,40.19303,5052.35029785215,83.36377991456364,8419.741771370927,win,0.016500000000000625,-1580.2582286290594
2025-07-15 07:25:00+00:00,2025-07-15 09:55:00+00:00,buy,40.19362,40.170989999999996,40.21625000000001,40.21625000000001,3720.610592739052,84.19741771370927,8503.939189084636,win,0.02263000000000659,-1496.0608109153502
2025-07-15 12:15:00+00:00,2025-07-15 13:45:00+00:00,buy,40.21117,40.19706,40.225280000000005,40.19706,6026.888156685512,-85.03939189084636,8418.89979719379,loss,-0.014110000000002287,-1581.1002028061966
2025-07-15 15:00:00+00:00,2025-07-15 15:05:00+00:00,buy,40.200860000000006,40.198119999999996,40.203600000000016,40.198119999999996,30725.91166847882,-84.1889979719379,8334.710799221852,loss,-0.0027400000000099567,-1665.2892007781345
2025-07-15 15:15:00+00:00,2025-07-15 15:20:00+00:00,buy,40.20143,40.1971,40.205760000000005,40.205760000000005,19248.7547326004,83.34710799221851,8418.05790721407,win,0.004330000000003054,-1581.942092785916
2025-07-15 17:45:00+00:00,2025-07-15 18:15:00+00:00,buy,40.20541,40.19811,40.21271,40.21271,11531.586174264665,84.1805790721407,8502.23848628621,win,0.00730000000000075,-1497.7615137137752
2025-07-15 21:15:00+00:00,2025-07-15 23:40:00+00:00,buy,40.20461,40.197889999999994,40.21133000000001,40.197889999999994,12652.140604576578,-85.02238486286211,8417.216101423348,loss,-0.006720000000008497,-1582.7838985766373
2025-07-16 00:10:00+00:00,2025-07-16 19:35:00+00:00,buy,40.2079,40.16012,40.255680000000005,40.16012,1761.6609672295547,-84.17216101423348,8333.043940409114,loss,-0.04778000000000304,-1666.9560595908708
2025-07-16 22:15:00+00:00,2025-07-16 22:20:00+00:00,buy,40.235730000000004,40.23459,40.23687000000001,40.23687000000001,73096.87666983347,83.33043940409114,8416.374379813205,win,0.0011400000000065802,-1583.6256201867798
2025-07-16 22:30:00+00:00,2025-07-16 23:00:00+00:00,buy,40.23803,40.23092,40.245140000000006,40.23092,11837.37606161464,-84.16374379813206,8332.210636015074,loss,-0.007110000000004391,-1667.789363984912
2025-07-17 06:10:00+00:00,2025-07-17 06:30:00+00:00,sell,40.21584,40.23675,40.19493,40.19493,3984.7970521352536,83.32210636015074,8415.532742375224,win,-0.02091000000000065,-1584.4672576247613
2025-07-17 07:20:00+00:00,2025-07-17 08:15:00+00:00,sell,40.10252,40.225680000000004,39.97935999999999,40.225680000000004,683.300807273046,-84.15532742375224,8331.377414951472,loss,0.12316000000000571,-1668.6225850485134
2025-07-17 13:15:00+00:00,2025-07-17 13:50:00+00:00,buy,40.27028,40.26444,40.27612,40.27612,14266.057217384665,83.31377414951473,8414.691189100986,win,0.005839999999999179,-1585.3088108989987
2025-07-17 14:00:00+00:00,2025-07-17 14:20:00+00:00,buy,40.27642,40.26477,40.288070000000005,40.26477,7222.910891930288,-84.14691189100986,8330.544277209976,loss,-0.011650000000003047,-1669.4557227900086
2025-07-17 15:40:00+00:00,2025-07-17 20:00:00+00:00,buy,40.27085,40.257639999999995,40.28406000000001,40.257639999999995,6306.240936566973,-83.30544277209977,8247.238834437876,loss,-0.013210000000007938,-1752.7611655621083
2025-07-17 22:35:00+00:00,2025-07-17 23:35:00+00:00,buy,40.264500000000005,40.231089999999995,40.297910000000016,40.231089999999995,2468.49411386868,-82.47238834437876,8164.7664460934975,loss,-0.0334100000000106,-1835.233553906487
2025-07-17 23:55:00+00:00,2025-07-18 00:00:00+00:00,buy,40.275560000000006,40.22291,40.32821000000001,40.32821000000001,1550.7628577573441,81.64766446093498,8246.414110554433,win,0.05265000000000697,-1753.585889445552
2025-07-18 02:25:00+00:00,2025-07-21 00:00:00+00:00,buy,40.333040000000004,40.25015,40.41593000000001,40.25015,994.8623610271231,-82.46414110554433,8163.949969448889,loss,-0.08289000000000613,-1836.0500305510964
2025-07-21 00:10:00+00:00,2025-08-20 06:15:00+00:00,buy,40.37098,39.84641,40.89555000000001,40.89555000000001,155.63127836988053,81.63949969448889,8245.589469143377,win,0.5245700000000042,-1754.4105308566075
2025-08-20 08:00:00+00:00,2025-08-20 08:05:00+00:00,buy,40.89457,40.87699,40.912150000000004,40.87699,4690.323930115054,-82.45589469143378,8163.133574451943,loss,-0.01758000000000237,-1836.8664255480412
2025-08-20 08:45:00+00:00,2025-08-20 16:20:00+00:00,buy,40.89488,40.87649,40.913270000000004,40.913270000000004,4438.898082898482,81.63133574451943,8244.764910196462,win,0.01839000000000368,-1755.2350898035218
2025-08-20 16:45:00+00:00,2025-08-20 18:50:00+00:00,buy,40.91393,40.90647,40.92139,40.90647,11051.963686587766,-82.44764910196461,8162.317261094497,loss,-0.0074600000000017985,-1837.6827389054863
2025-08-20 20:05:00+00:00,2025-08-20 21:00:00+00:00,buy,40.907720000000005,40.90117,40.91427000000001,40.90117,12461.553070365144,-81.62317261094496,8080.694088483551,loss,-0.006550000000004275,-1919.3059115164313
2025-08-20 21:10:00+00:00,2025-08-20 23:15:00+00:00,buy,40.907520000000005,40.900729999999996,40.914310000000015,40.900729999999996,11900.874946203778,-80.80694088483551,7999.887147598716,loss,-0.0067900000000094,-2000.1128524012668
2025-08-21 01:00:00+00:00,2025-08-21 01:05:00+00:00,buy,40.906800000000004,40.904529999999994,40.909070000000014,40.904529999999994,35241.79360160142,-79.99887147598716,7919.888276122729,loss,-0.0022700000000099863,-2080.111723877254
2025-08-21 02:10:00+00:00,2025-08-21 07:05:00+00:00,buy,40.915530000000004,40.894299999999994,40.936760000000014,40.894299999999994,3730.517322712696,-79.1988827612273,7840.689393361501,loss,-0.021230000000009852,-2159.310606638481
2025-08-21 08:00:00+00:00,2025-08-21 23:50:00+00:00,buy,40.914880000000004,40.89347,40.93629000000001,40.93629000000001,3662.162257524703,78.40689393361501,7919.096287295116,win,0.021410000000003038,-2080.9037127048664
2025-08-22 00:00:00+00:00,2025-08-22 00:05:00+00:00,buy,40.93948,40.900279999999995,40.97868000000001,40.97868000000001,2020.1776243095603,79.19096287295116,7998.287250168067,win,0.03920000000000812,-2001.7127498319153
2025-08-22 00:15:00+00:00,2025-08-22 23:00:00+00:00,buy,40.988670000000006,40.90371,41.073630000000016,40.90371,941.417990838886,-79.98287250168067,7918.304377666386,loss,-0.08496000000000947,-2081.695622333596
2025-08-25 01:10:00+00:00,2025-08-25 01:15:00+00:00,sell,40.939659999999996,40.950320000000005,40.92899999999999,40.92899999999999,7428.052887110726,79.18304377666387,7997.48742144305,win,-0.010660000000008552,-2002.512578556932
2025-08-25 01:25:00+00:00,2025-08-25 04:05:00+00:00,sell,40.80701,40.950320000000005,40.66369999999999,40.950320000000005,558.0550848819116,-79.9748742144305,7917.51254722862,loss,0.1433100000000067,-2082.4874527713628
2025-08-25 06:10:00+00:00,2025-08-25 07:10:00+00:00,sell,40.93656,40.95432,40.9188,40.95432,4458.058866682113,-79.1751254722862,7838.337421756334,loss,0.017760000000002663,-2161.662578243649
2025-08-25 11:30:00+00:00,2025-08-25 16:45:00+00:00,buy,40.985260000000004,40.97584,40.99468000000001,40.97584,8320.952677018624,-78.38337421756334,7759.954047538771,loss,-0.009420000000005757,-2240.0459524612124
2025-08-25 18:00:00+00:00,2025-08-25 18:10:00+00:00,buy,40.98012,40.97004,40.9902,40.9902,7698.367110651949,77.59954047538771,7837.553588014159,win,0.010080000000002087,-2162.446411985825
2025-08-25 18:20:00+00:00,2025-08-25 19:00:00+00:00,buy,40.9953,40.974129999999995,41.016470000000005,40.974129999999995,3702.198199344497,-78.37553588014158,7759.178052134017,loss,-0.021170000000005018,-2240.8219478659666
2025-08-25 21:45:00+00:00,2025-08-25 23:40:00+00:00,buy,40.980320000000006,40.971039999999995,40.98960000000002,40.971039999999995,8361.183245824108,-77.59178052134017,7681.586271612677,loss,-0.009280000000011057,-2318.413728387307
2025-08-25 23:55:00+00:00,2025-08-26 00:05:00+00:00,buy,40.9802,40.965799999999994,40.99460000000001,40.99460000000001,5334.434910838776,76.81586271612677,7758.402134328803,win,0.014400000000009072,-2241.59786567118
2025-08-26 02:30:00+00:00,2025-08-27 14:15:00+00:00,buy,40.995450000000005,40.958819999999996,41.032080000000015,41.032080000000015,2118.0459007171153,77.58402134328803,7835.986155672092,win,0.03663000000000949,-2164.013844327892
2025-08-27 17:00:00+00:00,2025-08-27 18:15:00+00:00,buy,41.033460000000005,41.02721,41.039710000000014,41.02721,12537.577849058242,-78.35986155672092,7757.626294115371,loss,-0.0062500000000085265,-2242.3737058846127
2025-08-27 22:15:00+00:00,2025-08-27 22:20:00+00:00,buy,41.023230000000005,41.02081,41.02565000000001,41.02081,32056.30700037262,-77.57626294115371,7680.050031174217,loss,-0.0024200000000078603,-2319.9499688257665
2025-08-27 22:30:00+00:00,2025-08-27 23:10:00+00:00,buy,41.0236,41.020039999999995,41.02716000000001,41.020039999999995,21573.174244826947,-76.80050031174217,7603.249530862475,loss,-0.003560000000007335,-2396.750469137509
2025-08-27 23:55:00+00:00,2025-08-28 02:00:00+00:00,buy,41.02662,41.01486,41.038380000000004,41.038380000000004,6465.3482405279765,76.03249530862475,7679.2820261710995,win,0.011760000000002435,-2320.717973828884
2025-08-28 06:10:00+00:00,2025-08-28 06:15:00+00:00,buy,41.02879,41.020239999999994,41.03734000000001,41.020239999999994,8981.616404871422,-76.792820261711,7602.489205909388,loss,-0.008550000000006719,-2397.510794090595
2025-08-28 06:25:00+00:00,2025-08-28 19:20:00+00:00,buy,41.03251,41.016209999999994,41.04881000000001,41.016209999999994,4664.103807304028,-76.02489205909389,7526.464313850294,loss,-0.016300000000008197,-2473.535686149689
2025-08-28 20:05:00+00:00,2025-08-28 20:10:00+00:00,sell,41.02128,41.028020000000005,41.01453999999999,41.028020000000005,11166.860999765062,-75.26464313850295,7451.199670711791,loss,0.00674000000000774,-2548.8003292881917
2025-08-28 20:35:00+00:00,2025-08-28 21:15:00+00:00,sell,41.018029999999996,41.028560000000006,41.007499999999986,41.007499999999986,7076.163030108995,74.51199670711792,7525.711667418909,win,-0.01053000000000992,-2474.288332581074
2025-08-28 22:55:00+00:00,2025-08-28 23:20:00+00:00,sell,40.998619999999995,41.0093,40.98793999999999,41.0093,7046.546505068743,-75.25711667418909,7450.45455074472,loss,0.010680000000007794,-2549.545449255263
2025-08-28 23:40:00+00:00,2025-08-28 23:50:00+00:00,sell,40.99467,41.01014,40.9792,41.01014,4816.066290073989,-74.5045455074472,7375.950005237273,loss,0.015470000000000539,-2624.0499947627104
2025-08-29 01:05:00+00:00,2025-08-29 01:10:00+00:00,buy,41.1233,41.11951,41.12709,41.12709,19461.609512488205,73.75950005237273,7449.709505289646,win,0.0037900000000021805,-2550.2904947103375
2025-08-29 02:00:00+00:00,2025-08-29 02:25:00+00:00,buy,41.132760000000005,41.116899999999994,41.148620000000015,41.116899999999994,4697.168666635968,-74.49709505289646,7375.212410236749,loss,-0.015860000000010643,-2624.787589763234
2025-08-29 03:10:00+00:00,2025-08-29 03:15:00+00:00,buy,41.130880000000005,41.116049999999994,41.145710000000015,41.116049999999994,4973.170876757586,-73.75212410236749,7301.460286134381,loss,-0.014830000000010557,-2698.5397138656012
2025-08-29 03:25:00+00:00,2025-08-29 07:20:00+00:00,buy,41.131600000000006,41.11262,41.15058000000001,41.11262,3846.9232276775506,-73.01460286134382,7228.4456832730375,loss,-0.018980000000006214,-2771.554316726945
2025-08-29 08:35:00+00:00,2025-08-29 08:50:00+00:00,buy,41.131040000000006,41.11298,41.14910000000001,41.11298,4002.46161864387,-72.28445683273037,7156.1612264403075,loss,-0.018060000000005516,-2843.8387735596757
2025-08-29 09:35:00+00:00,2025-09-01 00:05:00+00:00,buy,41.132380000000005,41.110929999999996,41.15383000000001,41.110929999999996,3336.2056999708298,-71.56161226440308,7084.599614175904,loss,-0.02145000000000863,-2915.400385824079
2025-09-01 10:15:00+00:00,2025-09-01 19:55:00+00:00,sell,41.0986,41.11142,41.08577999999999,41.11142,5526.208747404973,-70.84599614175904,7013.753618034145,loss,0.012820000000004939,-2986.246381965838
2025-09-01 21:15:00+00:00,2025-09-01 21:20:00+00:00,sell,41.113899999999994,41.12716,41.100639999999984,41.100639999999984,5289.406951756462,70.13753618034146,7083.891154214486,win,-0.013260000000009597,-2916.108845785496
2025-09-01 22:35:00+00:00,2025-09-01 22:55:00+00:00,sell,41.098139999999994,41.100410000000004,41.095869999999984,41.100410000000004,31206.56896116001,-70.83891154214486,7013.052242672341,loss,0.0022700000000099863,-2986.9477573276413
2025-09-02 01:10:00+00:00,2025-09-02 01:15:00+00:00,buy,41.10703,41.101409999999994,41.11265000000001,41.11265000000001,12478.74064530778,70.13052242672342,7083.182765099064,win,0.005620000000007508,-2916.817234900918
2025-09-02 01:25:00+00:00,2025-09-05 00:00:00+00:00,buy,41.131870000000006,41.093849999999996,41.16989000000002,41.16989000000002,1863.0149303254004,70.83182765099065,7154.014592750055,win,0.03802000000001016,-2845.985407249927
2025-09-05 00:10:00+00:00,2025-09-12 00:00:00+00:00,buy,41.207750000000004,41.099889999999995,41.315610000000014,41.315610000000014,663.2685511542215,71.54014592750056,7225.554738677556,win,0.10786000000000939,-2774.4452613224266
2025-09-12 01:00:00+00:00,2025-09-15 01:05:00+00:00,buy,41.335300000000004,41.257239999999996,41.41336000000001,41.257239999999996,925.6411399790975,-72.25554738677556,7153.29919129078,loss,-0.07806000000000779,-2846.700808709202
2025-09-15 01:15:00+00:00,2025-09-15 03:35:00+00:00,sell,41.240429999999996,41.3247,41.15615999999999,41.3247,848.8547752807017,-71.5329919129078,7081.766199377872,loss,0.08427000000000362,-2918.23380062211
2025-09-15 04:55:00+00:00,2025-09-15 05:00:00+00:00,sell,41.308029999999995,41.32719,41.28886999999999,41.32719,3696.120145811831,-70.81766199377873,7010.9485373840935,loss,0.019160000000006505,-2989.0514626158883
2025-09-15 06:10:00+00:00,2025-09-15 07:10:00+00:00,sell,41.31048,41.33966,41.281299999999995,41.33966,2402.655427478818,-70.10948537384094,6940.839052010252,loss,0.02918000000000376,-3059.1609479897293
2025-09-15 08:15:00+00:00,2025-09-15 08:40:00+00:00,buy,41.354800000000004,41.33878,41.37082000000001,41.33878,4332.608646696795,-69.40839052010253,6871.43066149015,loss,-0.016020000000004586,-3128.5693385098316
2025-09-15 08:50:00+00:00,2025-09-15 11:15:00+00:00,buy,41.357130000000005,41.33833,41.37593000000001,41.33833,3655.0163093021197,-68.7143066149015,6802.716354875248,loss,-0.018800000000005923,-3197.283645124733
2025-09-15 13:05:00+00:00,2025-09-15 14:15:00+00:00,sell,41.296229999999994,41.31909,41.273369999999986,41.273369999999986,2975.816428203284,68.02716354875248,6870.743518424,win,-0.02286000000000854,-3129.2564815759806
2025-09-15 16:00:00+00:00,2025-09-15 16:20:00+00:00,sell,41.26605,41.27745,41.25465,41.27745,6026.967998616564,-68.70743518424,6802.03608323976,loss,0.011400000000001853,-3197.9639167602204
2025-09-15 17:35:00+00:00,2025-09-15 18:55:00+00:00,sell,41.273799999999994,41.28154,41.26605999999999,41.28154,8788.160314257115,-68.0203608323976,6734.015722407363,loss,0.007740000000005409,-3265.984277592618
2025-09-15 19:20:00+00:00,2025-09-15 22:50:00+00:00,sell,41.270799999999994,41.283370000000005,41.25822999999998,41.25822999999998,5357.21218965915,67.34015722407364,6801.355879631436,win,-0.01257000000001085,-3198.6441203685445
2025-09-16 01:05:00+00:00,2025-09-16 01:20:00+00:00,sell,41.292899999999996,41.298100000000005,41.28769999999999,41.28769999999999,13079.53053772963,68.01355879631437,6869.3694384277505,win,-0.005200000000009197,-3130.63056157223
2025-09-16 01:30:00+00:00,2025-09-16 03:30:00+00:00,sell,41.28653,41.30445,41.268609999999995,41.30445,3833.353481264692,-68.6936943842775,6800.675744043473,loss,0.01792000000000371,-3199.3242559565074
2025-09-16 04:45:00+00:00,2025-09-16 04:50:00+00:00,sell,41.286759999999994,41.29484,41.27867999999999,41.29484,8416.677901036872,-68.00675744043473,6732.668986603038,loss,0.008080000000006748,-3267.331013396942
2025-09-16 07:20:00+00:00,2025-09-16 09:15:00+00:00,sell,41.283319999999996,41.303990000000006,41.26264999999999,41.303990000000006,3257.2177003385905,-67.32668986603038,6665.342296737008,loss,0.020670000000009736,-3334.6577032629725
2025-09-16 14:55:00+00:00,2025-09-16 16:50:00+00:00,sell,41.2774,41.29411,41.26069,41.26069,3988.8344085791014,66.65342296737008,6731.995719704378,win,-0.016710000000003333,-3268.0042802956023
2025-09-16 18:40:00+00:00,2025-09-16 23:35:00+00:00,sell,41.259029999999996,41.273790000000005,41.244269999999986,41.244269999999986,4560.972709823831,67.31995719704378,6799.315676901421,win,-0.014760000000009654,-3200.6843230985587
2025-09-16 23:50:00+00:00,2025-09-17 00:00:00+00:00,sell,41.150589999999994,41.257580000000004,41.043599999999984,41.257580000000004,635.5094566689189,-67.99315676901422,6731.322520132407,loss,0.10699000000001035,-3268.677479867573
2025-09-17 05:05:00+00:00,2025-09-17 06:15:00+00:00,buy,41.301840000000006,41.28705,41.31663000000001,41.28705,4551.266071758044,-67.31322520132407,6664.009294931083,loss,-0.014790000000004966,-3335.990705068897
2025-09-17 09:05:00+00:00,2025-09-17 18:35:00+00:00,buy,41.277330000000006,41.255869999999994,41.29879000000002,41.255869999999994,3105.316540040735,-66.64009294931083,6597.369201981772,loss,-0.021460000000011803,-3402.6307980182078
2025-09-17 20:40:00+00:00,2025-09-17 20:55:00+00:00,sell,41.262899999999995,41.27375,41.25204999999999,41.25204999999999,6080.524610118697,65.97369201981772,6663.342894001589,win,-0.010850000000004911,-3336.65710599839
2025-09-17 21:05:00+00:00,2025-09-18 01:00:00+00:00,sell,41.234429999999996,41.269330000000004,41.19952999999999,41.269330000000004,1909.2673048711063,-66.63342894001589,6596.709465061574,loss,0.03490000000000748,-3403.290534938406
2025-09-18 06:10:00+00:00,2025-09-18 06:35:00+00:00,buy,41.28772,41.274119999999996,41.301320000000004,41.274119999999996,4850.521665485085,-65.96709465061573,6530.742370410958,loss,-0.013600000000003831,-3469.2576295890217
2025-09-18 06:45:00+00:00,2025-09-18 07:20:00+00:00,buy,41.286950000000004,41.273289999999996,41.30061000000001,41.273289999999996,4780.924136461797,-65.30742370410958,6465.434946706849,loss,-0.013660000000008665,-3534.5650532931313
2025-09-18 07:55:00+00:00,2025-09-18 09:00:00+00:00,buy,41.29182,41.27254,41.3111,41.3111,3353.4413623994765,64.65434946706849,6530.089296173917,win,0.019280000000001962,-3469.9107038260627
2025-09-18 09:15:00+00:00,2025-09-18 14:35:00+00:00,buy,41.31197,41.28429,41.339650000000006,41.28429,2359.1363064208977,-65.30089296173918,6464.788403212178,loss,-0.0276800000000037,-3535.2115967878017
2025-09-18 16:20:00+00:00,2025-09-18 16:40:00+00:00,buy,41.29395,41.28799,41.299910000000004,41.299910000000004,10846.960408070954,64.64788403212178,6529.4362872443,win,0.005960000000001742,-3470.5637127556797
2025-09-18 16:50:00+00:00,2025-09-18 17:45:00+00:00,buy,41.30283,41.28894,41.316720000000004,41.28894,4700.818061369799,-65.294362872443,6464.1419243718565,loss,-0.01389000000000351,-3535.8580756281226
2025-09-18 23:25:00+00:00,2025-09-18 23:35:00+00:00,sell,41.280899999999995,41.288940000000004,41.27285999999999,41.27285999999999,8039.97751786718,64.64141924371856,6528.783343615575,win,-0.008040000000008263,-3471.216656384404
2025-09-18 23:45:00+00:00,2025-09-19 00:00:00+00:00,sell,41.26965,41.28808,41.251219999999996,41.28808,3542.4760410281106,-65.28783343615575,6463.495510179419,loss,0.018430000000002167,-3536.5044898205597
2025-09-19 03:25:00+00:00,2025-09-19 03:30:00+00:00,buy,41.376560000000005,41.375209999999996,41.377910000000014,41.377910000000014,47877.74451951814,64.63495510179419,6528.130465281213,win,0.0013500000000092882,-3471.8695347187654
2025-09-19 04:20:00+00:00,2025-09-19 08:50:00+00:00,buy,41.386810000000004,41.35722,41.41640000000001,41.35722,2206.1948176005035,-65.28130465281214,6462.8491606284015,loss,-0.029590000000006,-3537.1508393715776
2025-09-19 09:10:00+00:00,2025-09-19 17:55:00+00:00,buy,41.385490000000004,41.35113,41.41985000000001,41.35113,1880.9223401126771,-64.62849160628402,6398.220669022117,loss,-0.03436000000000661,-3601.7793309778617
2025-09-19 19:25:00+00:00,2025-09-19 20:00:00+00:00,buy,41.36357,41.35227,41.37487000000001,41.37487000000001,5662.1421849725,63.98220669022118,6462.202875712339,win,0.011300000000005639,-3537.7971242876406
2025-09-19 22:40:00+00:00,2025-09-19 23:40:00+00:00,buy,41.37176,41.361239999999995,41.38228000000001,41.361239999999995,6142.778398962162,-64.62202875712339,6397.580846955216,loss,-0.010520000000006746,-3602.419153044764
2025-09-22 00:05:00+00:00,2025-09-23 00:00:00+00:00,buy,41.375020000000006,41.32074,41.42930000000001,41.32074,1178.6258008390841,-63.975808469552156,6333.6050384856635,loss,-0.05428000000000566,-3666.394961514316
2025-09-23 02:05:00+00:00,2025-09-23 02:30:00+00:00,sell,41.357499999999995,41.374280000000006,41.34071999999998,41.374280000000006,3774.4964472475463,-63.336050384856634,6270.268988100807,loss,0.01678000000001134,-3729.7310118991727
2025-09-23 05:30:00+00:00,2025-09-23 08:25:00+00:00,sell,41.3493,41.383990000000004,41.314609999999995,41.383990000000004,1807.5148423464816,-62.70268988100808,6207.566298219799,loss,0.03469000000000477,-3792.433701780181
2025-09-23 08:35:00+00:00,2025-09-23 23:50:00+00:00,buy,41.396980000000006,41.3321,41.461860000000016,41.3321,956.7765564455767,-62.07566298219799,6145.490635237601,loss,-0.06488000000000937,-3854.509364762379
2025-09-24 00:00:00+00:00,2025-09-24 11:10:00+00:00,buy,41.3819,41.31975,41.444050000000004,41.444050000000004,988.8158705128471,61.454906352376014,6206.945541589977,win,0.06215000000000259,-3793.054458410003
2025-09-24 11:30:00+00:00,2025-09-24 13:50:00+00:00,buy,41.448600000000006,41.42962,41.46758000000001,41.42962,3270.255817485746,-62.06945541589978,6144.8760861740775,loss,-0.018980000000006214,-3855.123913825903
2025-09-24 15:10:00+00:00,2025-09-24 15:55:00+00:00,buy,41.44122,41.43188,41.45056,41.45056,6579.096452005323,61.44876086174077,6206.3248470358185,win,0.00934000000000168,-3793.675152964162
2025-09-24 16:40:00+00:00,2025-09-24 18:45:00+00:00,buy,41.451080000000005,41.44247,41.45969000000001,41.44247,7208.275083661571,-62.06324847035819,6144.26159856546,loss,-0.008610000000004447,-3855.7384014345203
2025-09-24 21:25:00+00:00,2025-09-24 23:05:00+00:00,buy,41.43903,41.43474,41.44332000000001,41.43474,14322.288108528946,-61.442615985654605,6082.818982579805,loss,-0.004290000000004568,-3917.181017420175
2025-09-25 00:05:00+00:00,2025-09-25 02:00:00+00:00,buy,41.4405,41.419259999999994,41.461740000000006,41.461740000000006,2863.850745093272,60.828189825798056,6143.647172405604,win,0.02124000000000592,-3856.3528275943772
2025-09-25 03:15:00+00:00,2025-09-25 05:00:00+00:00,buy,41.45474,41.437039999999996,41.472440000000006,41.437039999999996,3470.987103053046,-61.43647172405604,6082.210700681548,loss,-0.017700000000004934,-3917.789299318433
2025-09-25 08:10:00+00:00,2025-09-25 08:50:00+00:00,buy,41.452220000000004,41.432129999999994,41.472310000000014,41.432129999999994,3027.481682766753,-60.82210700681548,6021.388593674732,loss,-0.020090000000010377,-3978.6114063252485
2025-09-25 09:00:00+00:00,2025-09-26 00:00:00+00:00,buy,41.453250000000004,41.43087,41.47563000000001,41.47563000000001,2690.522159818266,60.21388593674731,6081.602479611479,win,0.022380000000005396,-3918.397520388501
2025-09-26 00:20:00+00:00,2025-09-29 22:50:00+00:00,buy,41.545300000000005,41.43459,41.65601000000001,41.43459,549.3272946988736,-60.81602479611479,6020.786454815364,loss,-0.11071000000000453,-3979.213545184616
2025-09-30 01:00:00+00:00,2025-09-30 07:55:00+00:00,buy,41.568740000000005,41.54743,41.59005000000001,41.54743,2825.3338596027384,-60.20786454815363,5960.5785902672105,loss,-0.021310000000006823,-4039.42140973277
2025-09-30 11:10:00+00:00,2025-09-30 16:40:00+00:00,buy,41.574720000000006,41.566849999999995,41.58259000000002,41.566849999999995,7573.797446326263,-59.6057859026721,5900.972804364538,loss,-0.007870000000011146,-4099.027195635442
2025-09-30 17:10:00+00:00,2025-09-30 23:40:00+00:00,buy,41.571740000000005,41.550529999999995,41.592950000000016,41.550529999999995,2782.1653957386075,-59.00972804364538,5841.9630763208925,loss,-0.02121000000001061,-4158.0369236790875
2025-10-01 01:00:00+00:00,2025-10-01 01:05:00+00:00,buy,41.56555,41.560669999999995,41.57043000000001,41.560669999999995,11971.235812115558,-58.41963076320893,5783.543445557683,loss,-0.004880000000007101,-4216.456554442297
2025-10-01 02:05:00+00:00,2025-10-01 02:10:00+00:00,sell,41.55321,41.553810000000006,41.552609999999994,41.553810000000006,96392.39075837785,-57.83543445557683,5725.708011102107,loss,0.0006000000000057071,-4274.291988897873
2025-10-01 02:30:00+00:00,2025-10-01 03:00:00+00:00,sell,41.54747,41.56714,41.52779999999999,41.56714,2910.883584697846,-57.25708011102107,5668.450930991085,loss,0.01967000000000496,-4331.549069008895
2025-10-01 06:05:00+00:00,2025-10-01 08:55:00+00:00,buy,41.564930000000004,41.55329,41.57657000000001,41.57657000000001,4869.803205315883,56.68450930991086,5725.135440300996,win,0.011640000000006978,-4274.864559698984
2025-10-01 09:05:00+00:00,2025-10-01 23:45:00+00:00,buy,41.57818,41.553369999999994,41.60299000000001,41.553369999999994,2307.5918743647094,-57.251354403009955,5667.884085897987,loss,-0.024810000000009325,-4332.115914101993
2025-10-01 23:55:00+00:00,2025-10-02 00:00:00+00:00,sell,41.34066,41.57274,41.108579999999996,41.57274,244.22113434582488,-56.67884085897987,5611.2052450390065,loss,0.2320800000000034,-4388.7947549609735
2025-10-02 09:00:00+00:00,2025-10-02 15:20:00+00:00,buy,41.582240000000006,41.564539999999994,41.59994000000002,41.59994000000002,3170.1724548221414,56.11205245039007,5667.317297489397,win,0.01770000000001204,-4332.682702510583
2025-10-02 16:00:00+00:00,2025-10-02 18:40:00+00:00,buy,41.60038,41.59397,41.606790000000004,41.59397,8841.368638825606,-56.67317297489397,5610.644124514503,loss,-0.006410000000002469,-4389.355875485477
2025-10-02 22:05:00+00:00,2025-10-02 22:50:00+00:00,buy,41.590610000000005,41.58674,41.59448000000001,41.58674,14497.788435414552,-56.106441245145035,5554.537683269358,loss,-0.0038700000000062573,-4445.462316730622
2025-10-02 23:55:00+00:00,2025-10-03 00:00:00+00:00,buy,41.594080000000005,41.58633,41.601830000000014,41.58633,7167.145397758976,-55.545376832693584,5498.992306436665,loss,-0.007750000000008583,-4501.007693563315
2025-10-03 00:10:00+00:00,2025-10-03 09:15:00+00:00,buy,41.603660000000005,41.537,41.67032000000001,41.67032000000001,824.9313390993362,54.98992306436665,5553.982229501032,win,0.06666000000000594,-4446.017770498948
2025-10-03 09:25:00+00:00,2025-10-03 15:30:00+00:00,buy,41.67255,41.659859999999995,41.68524000000001,41.659859999999995,4376.660543339851,-55.53982229501031,5498.442407206021,loss,-0.012690000000006307,-4501.557592793959
2025-10-03 17:05:00+00:00,2025-10-03 18:05:00+00:00,buy,41.67405,41.66688,41.68122,41.66688,7668.67839219581,-54.984424072060214,5443.457983133961,loss,-0.007170000000002119,-4556.542016866019
2025-10-03 19:35:00+00:00,2025-10-06 00:00:00+00:00,buy,41.67042,41.65866,41.68218,41.65866,4628.790801983701,-54.4345798313396,5389.023403302621,loss,-0.011760000000002435,-4610.976596697359
2025-10-06 01:25:00+00:00,2025-10-07 02:45:00+00:00,buy,41.67483,41.65421,41.69545,41.69545,2613.4934060632236,53.89023403302621,5442.913637335647,win,0.02062000000000097,-4557.086362664333
2025-10-07 05:30:00+00:00,2025-10-07 05:35:00+00:00,buy,41.676660000000005,41.675549999999994,41.67777000000002,41.67777000000002,49035.257993517036,54.42913637335647,5497.342773709003,win,0.0011100000000112686,-4502.657226290977
2025-10-07 06:00:00+00:00,2025-10-07 06:05:00+00:00,buy,41.67886,41.67154,41.68618,41.68618,7510.031111624328,54.973427737090034,5552.316201446093,win,0.007319999999999993,-4447.683798553887
2025-10-07 06:40:00+00:00,2025-10-07 08:30:00+00:00,buy,41.688410000000005,41.670539999999995,41.706280000000014,41.670539999999995,3107.0599896156955,-55.52316201446093,5496.793039431632,loss,-0.017870000000009156,-4503.206960568348
2025-10-07 09:05:00+00:00,2025-10-07 23:40:00+00:00,buy,41.68433,41.669039999999995,41.69962000000001,41.669039999999995,3595.024878632432,-54.96793039431632,5441.825109037315,loss,-0.015290000000007353,-4558.174890962665
2025-10-08 01:05:00+00:00,2025-10-08 01:10:00+00:00,buy,41.692150000000005,41.68928,41.695020000000014,41.68928,18961.063097634258,-54.418251090373154,5387.406857946942,loss,-0.002870000000008588,-4612.593142053038
2025-10-08 02:00:00+00:00,2025-10-08 02:05:00+00:00,buy,41.69749,41.68566,41.709320000000005,41.68566,4554.021012633493,-53.87406857946942,5333.532789367473,loss,-0.011830000000003338,-4666.467210632507
2025-10-08 03:20:00+00:00,2025-10-08 06:40:00+00:00,buy,41.69713,41.681039999999996,41.71322000000001,41.681039999999996,3314.8121748698904,-53.33532789367473,5280.197461473798,loss,-0.01609000000000549,-4719.802538526182
2025-10-08 06:55:00+00:00,2025-10-08 08:00:00+00:00,buy,41.68932,41.680209999999995,41.69843000000001,41.680209999999995,5796.045512041534,-52.801974614737986,5227.39548685906,loss,-0.009110000000006835,-4772.60451314092
2025-10-08 09:05:00+00:00,2025-10-08 23:40:00+00:00,buy,41.694570000000006,41.67688,41.712260000000015,41.67688,2955.0002752156247,-52.2739548685906,5175.1215319904695,loss,-0.017690000000008865,-4824.8784680095105
2025-10-08 23:50:00+00:00,2025-10-08 23:55:00+00:00,sell,41.671679999999995,41.68923,41.65412999999999,41.68923,2948.787197714181,-51.751215319904695,5123.3703166705645,loss,0.01755000000000706,-4876.6296833294155
2025-10-09 02:50:00+00:00,2025-10-09 02:55:00+00:00,buy,41.69906,41.69712,41.70100000000001,41.70100000000001,26409.12534359851,51.233703166705645,5174.60401983727,win,0.0019400000000047157,-4825.39598016271
2025-10-09 03:05:00+00:00,2025-10-09 05:45:00+00:00,buy,41.70528,41.688629999999996,41.72193000000001,41.688629999999996,3107.8702821835004,-51.746040198372704,5122.857979638898,loss,-0.016650000000005605,-4877.142020361082
2025-10-09 06:00:00+00:00,2025-10-09 08:20:00+00:00,buy,41.69652,41.68712,41.70592,41.68712,5449.848914509808,-51.22857979638898,5071.629399842509,loss,-0.009399999999999409,-4928.370600157471
2025-10-09 09:05:00+00:00,2025-10-09 23:30:00+00:00,buy,41.70174,41.68787,41.715610000000005,41.68787,3656.5460705414193,-50.716293998425094,5020.9131058440835,loss,-0.013870000000004268,-4979.0868941558965
2025-10-09 23:55:00+00:00,2025-10-17 00:00:00+00:00,buy,41.70562,41.498909999999995,41.91233000000001,41.91233000000001,242.896478440515,50.20913105844084,5071.1222369025245,win,0.20671000000000816,-4928.8777630974555
2025-10-17 02:45:00+00:00,2025-10-17 03:35:00+00:00,buy,41.876400000000004,41.86504,41.88776000000001,41.88776000000001,4464.016053610054,50.71122236902524,5121.83345927155,win,0.011360000000003367,-4878.16654072843
2025-10-17 03:45:00+00:00,2025-10-17 04:15:00+00:00,buy,41.89244,41.86504,41.91984,41.91984,1869.282284405669,51.2183345927155,5173.051793864265,win,0.02740000000000009,-4826.948206135715
2025-10-17 04:25:00+00:00,2025-10-17 23:40:00+00:00,buy,41.92069,41.87871,41.96267,41.87871,1232.2657917732197,-51.730517938642656,5121.321275925622,loss,-0.04198000000000235,-4878.678724074358
2025-10-20 06:05:00+00:00,2025-10-20 07:35:00+00:00,buy,41.93388,41.91204,41.95572000000001,41.91204,2344.927324141283,-51.21321275925622,5070.108063166366,loss,-0.021840000000004522,-4929.891936833614
2025-10-20 09:00:00+00:00,2025-10-20 22:50:00+00:00,buy,41.93132,41.906299999999995,41.956340000000004,41.906299999999995,2026.4220875960702,-50.701080631663665,5019.406982534702,loss,-0.025020000000004927,-4980.593017465278
2025-10-20 23:50:00+00:00,2025-10-20 23:55:00+00:00,sell,41.75931,41.920820000000006,41.59779999999999,41.920820000000006,310.77995062438777,-50.19406982534702,4969.212912709355,loss,0.16151000000000693,-5030.787087290625
2025-10-21 01:05:00+00:00,2025-10-21 01:10:00+00:00,sell,41.93167,41.93227,41.93106999999999,41.93106999999999,82820.21521103481,49.69212912709355,5018.905041836449,win,-0.0006000000000057071,-4981.094958163531
2025-10-21 01:55:00+00:00,2025-10-21 02:05:00+00:00,sell,41.90992,41.93968,41.88016,41.93968,1686.46002749863,-50.18905041836449,4968.715991418084,loss,0.029760000000003117,-5031.284008581896
2025-10-21 03:20:00+00:00,2025-10-21 03:35:00+00:00,sell,41.89292,41.90666,41.87917999999999,41.90666,3616.2416240291454,-49.68715991418084,4919.028831503903,loss,0.013740000000005637,-5080.971168496077
2025-10-21 03:55:00+00:00,2025-10-21 04:00:00+00:00,sell,41.886649999999996,41.910430000000005,41.86286999999999,41.910430000000005,2068.557120059711,-49.190288315039034,4869.838543188865,loss,0.023780000000009238,-5130.161456811115
2025-10-21 07:45:00+00:00,2025-10-21 08:40:00+00:00,sell,41.91093,41.93587,41.88599,41.93587,1952.6217093779867,-48.698385431888646,4821.140157756976,loss,0.02494000000000085,-5178.859842243004
2025-10-21 09:05:00+00:00,2025-10-21 19:00:00+00:00,buy,41.94084,41.91061,41.971070000000005,41.91061,1594.819767699796,-48.21140157756976,4772.928756179406,loss,-0.030230000000003088,-5227.071243820574
2025-10-21 21:20:00+00:00,2025-10-21 21:50:00+00:00,buy,41.94874,41.94426,41.95322,41.94426,10653.858830755398,-47.72928756179407,4725.199468617612,loss,-0.004480000000000928,-5274.800531382368
2025-10-21 22:20:00+00:00,2025-10-21 23:40:00+00:00,buy,41.94961,41.943039999999996,41.95618,41.943039999999996,7192.084427115803,-47.251994686176126,4677.947473931436,loss,-0.0065700000000035175,-5322.052526068544
2025-10-21 23:50:00+00:00,2025-10-22 00:10:00+00:00,buy,41.947990000000004,41.9325,41.96348000000001,41.96348000000001,3019.9790018911276,46.77947473931437,4724.726948670751,win,0.015490000000006887,-5275.273051329229
2025-10-22 02:10:00+00:00,2025-10-22 02:15:00+00:00,buy,41.947300000000006,41.93873,41.95587000000001,41.93873,5513.1002901604015,-47.24726948670751,4677.479679184044,loss,-0.008570000000005962,-5322.520320815936
2025-10-22 08:55:00+00:00,2025-10-22 23:55:00+00:00,buy,41.95121,41.934639999999995,41.96778000000001,41.934639999999995,2822.8603978162987,-46.77479679184044,4630.704882392203,loss,-0.016570000000008633,-5369.295117607777
2025-10-23 03:05:00+00:00,2025-10-23 03:10:00+00:00,sell,41.94484,41.947300000000006,41.94237999999999,41.94237999999999,18824.003586911615,46.30704882392203,4677.011931216125,win,-0.002460000000006346,-5322.988068783855
2025-10-23 08:15:00+00:00,2025-10-23 20:05:00+00:00,buy,41.96148,41.94354,41.979420000000005,41.94354,2607.0300619929512,-46.77011931216124,4630.241811903964,loss,-0.017940000000002954,-5369.758188096016
2025-10-23 22:05:00+00:00,2025-10-23 22:10:00+00:00,sell,41.9387,41.950520000000004,41.92687999999999,41.950520000000004,3917.2942571075437,-46.30241811903964,4583.9393937849245,loss,0.01182000000000727,-5416.0606062150555
2025-10-23 22:50:00+00:00,2025-10-23 22:55:00+00:00,sell,41.92303,41.95206,41.89399999999999,41.89399999999999,1579.0352717133983,45.839393937849245,4629.778787722774,win,-0.029030000000005884,-5370.221212277206
2025-10-23 23:55:00+00:00,2025-10-24 00:00:00+00:00,sell,41.827479999999994,41.94774,41.707219999999985,41.94774,384.98077396660824,-46.29778787722774,4583.480999845546,loss,0.12026000000000892,-5416.519000154434
2025-10-24 00:10:00+00:00,2025-10-24 01:00:00+00:00,buy,42.0366,41.81301,42.26019,41.81301,204.9949013750845,-45.834809998455455,4537.646189847091,loss,-0.2235900000000015,-5462.353810152889
2025-10-24 03:40:00+00:00,2025-10-24 03:45:00+00:00,buy,42.01471,42.00037,42.029050000000005,42.029050000000005,3164.327886921722,45.37646189847091,4583.022651745561,win,0.014340000000004238,-5416.977348254419
2025-10-24 03:55:00+00:00,2025-10-24 11:10:00+00:00,buy,42.036660000000005,42.0115,42.06182000000001,42.0115,1821.5511334436944,-45.830226517455614,4537.192425228106,loss,-0.025160000000006733,-5462.807574771874
2025-10-24 15:25:00+00:00,2025-10-24 15:50:00+00:00,sell,41.957159999999995,41.97252,41.941799999999986,41.941799999999986,2953.901318506294,45.37192425228106,4582.564349480387,win,-0.015360000000008256,-5417.435650519593
2025-10-24 16:05:00+00:00,2025-10-24 18:00:00+00:00,sell,41.941359999999996,41.967090000000006,41.915629999999986,41.915629999999986,1781.0199570457062,45.82564349480387,4628.389992975191,win,-0.025730000000010023,-5371.610007024789
2025-10-24 19:15:00+00:00,2025-10-24 20:10:00+00:00,sell,41.923469999999995,41.93327,41.91366999999999,41.93327,4722.846931604647,-46.283899929751904,4582.106093045439,loss,0.009800000000005582,-5417.893906954541
2025-10-24 21:25:00+00:00,2025-10-24 22:30:00+00:00,sell,41.92574,41.93383,41.917649999999995,41.917649999999995,5663.913588434911,45.82106093045439,4627.927153975893,win,-0.008090000000002817,-5372.072846024087
2025-10-24 22:50:00+00:00,2025-10-27 00:00:00+00:00,sell,41.91525,41.931670000000004,41.89883,41.931670000000004,2818.46964310284,-46.27927153975893,4581.647882436134,loss,0.016420000000003654,-5418.352117563846
2025-10-27 06:25:00+00:00,2025-10-27 06:30:00+00:00,buy,41.980500000000006,41.97246,41.988540000000015,41.988540000000015,5698.567017949534,45.81647882436134,4627.464361260495,win,0.008040000000008263,-5372.535638739485
2025-10-27 10:30:00+00:00,2025-10-27 10:50:00+00:00,sell,41.95572,41.964620000000004,41.946819999999995,41.946819999999995,5199.398158717247,46.274643612604955,4673.7390048731,win,-0.008900000000004127,-5326.26099512688
2025-10-27 12:05:00+00:00,2025-10-27 16:30:00+00:00,sell,41.924029999999995,41.947660000000006,41.90039999999998,41.90039999999998,1977.8836245750542,46.73739004873101,4720.476394921831,win,-0.023630000000011364,-5279.523605078149
2025-10-27 18:50:00+00:00,2025-10-27 22:25:00+00:00,sell,41.899609999999996,41.91333,41.88588999999999,41.91333,3440.5804627694106,-47.20476394921831,4673.271630972613,loss,0.013720000000006394,-5326.728369027367
2025-10-27 22:55:00+00:00,2025-10-27 23:00:00+00:00,sell,41.90457,41.92551,41.88363,41.92551,2231.743854332344,-46.732716309726136,4626.538914662887,loss,0.020940000000003067,-5373.461085337093
2025-10-28 10:00:00+00:00,2025-10-28 11:55:00+00:00,buy,41.940870000000004,41.9278,41.95394000000001,41.95394000000001,3539.8155429691783,46.26538914662887,4672.804303809516,win,0.013070000000006132,-5327.195696190464
2025-10-28 12:10:00+00:00,2025-10-28 13:15:00+00:00,buy,41.95508,41.94123,41.96893000000001,41.94123,3373.8659233269464,-46.72804303809516,4626.0762607714205,loss,-0.013850000000005025,-5373.9237392285595
2025-10-28 17:45:00+00:00,2025-10-28 21:00:00+00:00,buy,41.94879,41.93355,41.96403000000001,41.93355,3035.483110741268,-46.260762607714206,4579.815498163706,loss,-0.015240000000005693,-5420.184501836274
2025-10-28 22:40:00+00:00,2025-10-28 22:45:00+00:00,sell,41.917539999999995,41.935700000000004,41.89937999999999,41.89937999999999,2521.92483378936,45.79815498163706,4625.613653145343,win,-0.018160000000008836,-5374.386346854637
2025-10-29 01:05:00+00:00,2025-10-29 01:10:00+00:00,sell,41.92946,41.930550000000004,41.928369999999994,41.930550000000004,42436.82250572901,-46.25613653145343,4579.35751661389,loss,0.0010900000000049204,-5420.64248338609
2025-10-29 04:20:00+00:00,2025-10-29 05:45:00+00:00,sell,41.925709999999995,41.94341,41.90800999999999,41.94341,2587.2076365043013,-45.7935751661389,4533.563941447751,loss,0.017700000000004934,-5466.436058552229
2025-10-29 08:20:00+00:00,2025-10-29 09:50:00+00:00,buy,41.945620000000005,41.928869999999996,41.962370000000014,41.928869999999996,2706.60533817632,-45.33563941447751,4488.228302033273,loss,-0.016750000000008924,-5511.771697966707
2025-10-29 10:00:00+00:00,2025-10-29 12:40:00+00:00,sell,41.92724,41.94632,41.908159999999995,41.94632,2352.320913015043,-44.882283020332736,4443.346019012941,loss,0.01908000000000243,-5556.653980987039
2025-10-29 18:10:00+00:00,2025-10-29 19:05:00+00:00,sell,41.92999,41.94212,41.91785999999999,41.91785999999999,3663.1047147656,44.43346019012941,4487.77947920307,win,-0.012130000000006191,-5512.22052079691
2025-10-29 19:30:00+00:00,2025-10-29 19:55:00+00:00,sell,41.91008,41.932930000000006,41.887229999999995,41.932930000000006,1964.0172775501164,-44.8777947920307,4442.901684411039,loss,0.022850000000005366,-5557.098315588941
2025-10-29 21:55:00+00:00,2025-10-30 00:00:00+00:00,sell,41.91509,41.949200000000005,41.880979999999994,41.949200000000005,1302.5217485811593,-44.42901684411039,4398.472667566929,loss,0.034110000000005414,-5601.527332433051
2025-10-30 01:05:00+00:00,2025-10-30 01:10:00+00:00,buy,41.943720000000006,41.938199999999995,41.94924000000002,41.94924000000002,7968.24758615567,43.98472667566929,4442.457394242599,win,0.005520000000011294,-5557.542605757381
2025-10-30 02:15:00+00:00,2025-10-30 05:15:00+00:00,buy,41.9844,41.93881,42.029990000000005,41.93881,974.4368050542192,-44.42457394242599,4398.032820300173,loss,-0.04559000000000424,-5601.967179699807
2025-10-30 08:45:00+00:00,2025-10-30 23:00:00+00:00,buy,41.95716,41.905809999999995,42.00851000000001,42.00851000000001,856.4815618889231,43.980328203001726,4442.013148503174,win,0.051350000000006446,-5557.986851496806
2025-10-31 01:40:00+00:00,2025-10-31 02:00:00+00:00,buy,42.01279,41.99657,42.02901000000001,41.99657,2738.602434341582,-44.420131485031746,4397.593017018143,loss,-0.01622000000000412,-5602.406982981837
2025-10-31 02:45:00+00:00,2025-10-31 06:00:00+00:00,buy,42.01491,41.9732,42.05662,41.9732,1054.3258252260707,-43.97593017018143,4353.617086847961,loss,-0.04171000000000191,-5646.382913152019
2025-10-31 06:20:00+00:00,2025-11-05 08:30:00+00:00,buy,41.99748,41.899809999999995,42.09515000000001,42.09515000000001,445.7476284271126,43.536170868479616,4397.153257716441,win,0.09767000000000792,-5602.846742283539
2025-11-05 08:40:00+00:00,2025-11-05 23:55:00+00:00,buy,42.100550000000005,42.051959999999994,42.14914000000002,42.051959999999994,904.9502485522544,-43.97153257716441,4353.181725139277,loss,-0.04859000000001146,-5646.818274860703
2025-11-06 00:05:00+00:00,2025-11-07 00:10:00+00:00,buy,42.09113,42.02881,42.15345,42.15345,698.5208159722877,43.531817251392766,4396.713542390669,win,0.06231999999999971,-5603.286457609311
2025-11-07 03:25:00+00:00,2025-11-07 10:30:00+00:00,buy,42.17658,42.15887,42.19429,42.19429,2482.616342400012,43.967135423906704,4440.680677814576,win,0.017710000000001003,-5559.319322185404
2025-11-07 10:40:00+00:00,2025-11-07 23:10:00+00:00,buy,42.196290000000005,42.1825,42.21008000000001,42.1825,3220.21804047297,-44.40680677814576,4396.27387103643,loss,-0.013790000000007296,-5603.72612896355
2025-11-07 23:25:00+00:00,2025-11-10 01:35:00+00:00,buy,42.19746,42.177389999999995,42.217530000000004,42.217530000000004,2190.470289504508,43.9627387103643,4440.236609746795,win,0.02007000000000403,-5559.763390253185
2025-11-10 02:55:00+00:00,2025-11-10 03:00:00+00:00,buy,42.208490000000005,42.205569999999994,42.211410000000015,42.211410000000015,15206.289759353465,44.40236609746795,4484.638975844263,win,0.0029200000000102477,-5515.361024155717
2025-11-10 03:15:00+00:00,2025-11-10 03:30:00+00:00,buy,42.21858,42.204559999999994,42.23260000000001,42.204559999999994,3198.7439200009308,-44.846389758442626,4439.79258608582,loss,-0.014020000000009247,-5560.20741391416
2025-11-10 04:45:00+00:00,2025-11-10 04:50:00+00:00,buy,42.20705,42.20558,42.20852000000001,42.20852000000001,30202.67065354754,44.3979258608582,4484.190511946678,win,0.0014700000000047453,-5515.809488053302
2025-11-10 06:05:00+00:00,2025-11-10 07:10:00+00:00,buy,42.216550000000005,42.200959999999995,42.232140000000015,42.200959999999995,2876.3248954097126,-44.84190511946678,4439.348606827211,loss,-0.015590000000010207,-5560.651393172769
2025-11-10 07:20:00+00:00,2025-11-10 07:35:00+00:00,buy,42.211890000000004,42.199459999999995,42.22432000000001,42.199459999999995,3571.47916880449,-44.39348606827212,4394.955120758939,loss,-0.012430000000009045,-5605.044879241041
2025-11-10 07:45:00+00:00,2025-11-10 08:00:00+00:00,buy,42.214000000000006,42.19614,42.23186000000001,42.19614,2460.781142641359,-43.949551207589394,4351.00556955135,loss,-0.017860000000005982,-5648.99443044863
2025-11-10 09:30:00+00:00,2025-11-11 23:40:00+00:00,buy,42.21797,42.19266,42.243280000000006,42.19266,1719.0855667920025,-43.5100556955135,4307.495513855837,loss,-0.025310000000004607,-5692.504486144143
2025-11-11 23:50:00+00:00,2025-11-11 23:55:00+00:00,sell,42.19197,42.209880000000005,42.17405999999999,42.209880000000005,2405.078455529871,-43.07495513855837,4264.420558717279,loss,0.017910000000007642,-5735.579441282701
2025-11-12 00:05:00+00:00,2025-11-12 00:10:00+00:00,sell,42.184799999999996,42.21309,42.15650999999999,42.21309,1507.3950366618783,-42.64420558717279,4221.776353130106,loss,0.028290000000005477,-5778.223646869874
2025-11-12 00:45:00+00:00,2025-11-13 02:00:00+00:00,sell,42.06861,42.23919,41.89803,42.23919,247.49538944366748,-42.21776353130106,4179.558589598805,loss,0.17058000000000106,-5820.441410401175
2025-11-13 06:25:00+00:00,2025-11-13 06:30:00+00:00,buy,42.21998,42.215959999999995,42.224000000000004,42.215959999999995,10396.911914414204,-41.795585895988054,4137.7630037028175,loss,-0.004020000000004131,-5862.2369962971625
2025-11-13 06:45:00+00:00,2025-11-13 07:05:00+00:00,buy,42.23299,42.215039999999995,42.25094000000001,42.215039999999995,2305.1604477445153,-41.377630037028176,4096.385373665789,loss,-0.017950000000006128,-5903.614626334191
2025-11-13 08:25:00+00:00,2025-11-13 23:50:00+00:00,buy,42.22981,42.211839999999995,42.247780000000006,42.247780000000006,2279.568933591856,40.963853736657896,4137.3492274024475,win,0.01797000000000537,-5862.6507725975325
2025-11-14 00:00:00+00:00,2025-11-14 22:50:00+00:00,buy,42.29075,42.22392,42.357580000000006,42.22392,619.0856243307285,-41.37349227402447,4095.975735128423,loss,-0.06683000000000305,-5904.024264871557
2025-11-17 06:15:00+00:00,2025-11-17 19:05:00+00:00,buy,42.31316,42.29542,42.33090000000001,42.29542,2308.892748099004,-40.95975735128423,4055.0159777771387,loss,-0.01774000000000342,-5944.984022222841
2025-11-17 23:30:00+00:00,2025-11-17 23:35:00+00:00,sell,42.27816,42.28877,42.26755,42.28877,3821.881223164204,-40.55015977777139,4014.465817999367,loss,0.010609999999999786,-5985.534182000612
2025-11-17 23:50:00+00:00,2025-11-18 00:00:00+00:00,sell,42.1164,42.297340000000005,41.93545999999999,42.297340000000005,221.86723875313456,-40.14465817999367,3974.3211598193734,loss,0.18094000000000676,-6025.678840180606
2025-11-18 02:05:00+00:00,2025-11-18 02:10:00+00:00,sell,42.29765,42.298820000000006,42.29647999999999,42.298820000000006,33968.55692127189,-39.74321159819373,3934.5779482211797,loss,0.0011700000000089972,-6065.4220517788
2025-11-18 02:50:00+00:00,2025-11-18 03:00:00+00:00,sell,42.29121,42.3033,42.27912,42.3033,3254.4069050628486,-39.345779482211796,3895.232168738968,loss,0.0120900000000006,-6104.767831261011
2025-11-18 04:05:00+00:00,2025-11-18 05:05:00+00:00,sell,42.30016,42.30619,42.294129999999996,42.294129999999996,6459.754840360299,38.952321687389684,3934.1844904263576,win,-0.006030000000002644,-6065.815509573622
2025-11-18 05:15:00+00:00,2025-11-18 05:20:00+00:00,buy,42.29782,42.29112,42.304520000000004,42.304520000000004,5871.917149888202,39.341844904263574,3973.5263353306214,win,0.006700000000002149,-6026.473664669358
2025-11-18 05:30:00+00:00,2025-11-18 07:50:00+00:00,buy,42.306850000000004,42.29112,42.32258000000001,42.32258000000001,2526.081586350529,39.735263353306216,4013.261598683928,win,0.015730000000004907,-5986.738401316052
2025-11-18 08:00:00+00:00,2025-11-19 01:55:00+00:00,buy,42.32462,42.29712,42.352120000000006,42.29712,1459.3678540667017,-40.132615986839276,3973.1289826970883,loss,-0.02750000000000341,-6026.871017302891
2025-11-19 05:05:00+00:00,2025-11-19 09:45:00+00:00,buy,42.33003,42.31608,42.34398,42.34398,2848.1211345496313,39.73128982697089,4012.8602725240594,win,0.01395000000000124,-5987.13972747592
2025-11-19 10:50:00+00:00,2025-11-19 11:20:00+00:00,buy,42.34431,42.339279999999995,42.349340000000005,42.339279999999995,7977.8534244932225,-40.1286027252406,3972.731669798819,loss,-0.005030000000004975,-6027.268330201161
2025-11-19 11:50:00+00:00,2025-11-19 12:05:00+00:00,buy,42.34452,42.33719,42.351850000000006,42.33719,5419.82492468909,-39.72731669798819,3933.004353100831,loss,-0.007330000000003167,-6066.9956468991495
2025-11-19 14:10:00+00:00,2025-11-19 19:15:00+00:00,buy,42.34497,42.336769999999994,42.35317000000001,42.336769999999994,4796.346772068738,-39.33004353100831,3893.6743095698225,loss,-0.008200000000009311,-6106.325690430158
2025-11-19 20:40:00+00:00,2025-11-19 20:55:00+00:00,buy,42.343920000000004,42.33961,42.34823000000001,42.33961,9034.047121963758,-38.936743095698226,3854.7375664741244,loss,-0.004310000000003811,-6145.262433525856
2025-11-20 01:05:00+00:00,2025-11-20 02:15:00+00:00,sell,42.319759999999995,42.327160000000006,42.312359999999984,42.327160000000006,5209.1048195517615,-38.547375664741246,3816.1901908093832,loss,0.007400000000011175,-6183.809809190598
2025-11-20 02:55:00+00:00,2025-11-20 03:05:00+00:00,sell,42.318239999999996,42.33337,42.30310999999999,42.33337,2522.2671452794402,-38.16190190809383,3778.028288901289,loss,0.015130000000006305,-6221.971711098691
2025-11-20 08:10:00+00:00,2025-11-20 12:10:00+00:00,buy,42.33968,42.31984,42.35952,42.35952,1904.2481294863376,37.780282889012895,3815.8085717903023,win,0.019840000000002078,-6184.191428209679
2025-11-20 12:25:00+00:00,2025-11-20 12:30:00+00:00,buy,42.35989,42.35218,42.3676,42.35218,4949.16805679484,-38.15808571790302,3777.6504860723994,loss,-0.007710000000002992,-6222.349513927582
2025-11-20 13:50:00+00:00,2025-11-20 15:25:00+00:00,buy,42.36005,42.35201,42.36809,42.35201,4698.570256308279,-37.776504860723996,3739.8739812116755,loss,-0.008040000000001157,-6260.126018788306
2025-11-20 16:45:00+00:00,2025-11-20 18:45:00+00:00,buy,42.360290000000006,42.35422,42.366360000000014,42.35422,6161.242143668207,-37.39873981211676,3702.475241399559,loss,-0.0060700000000082355,-6297.524758600423
2025-11-20 22:35:00+00:00,2025-11-20 23:40:00+00:00,buy,42.35575,42.34733,42.36417,42.34733,4397.239004036968,-37.02475241399559,3665.4504889855634,loss,-0.008420000000000982,-6334.549511014419
2025-11-21 00:05:00+00:00,2025-11-21 00:10:00+00:00,buy,42.35548,42.3413,42.36966,42.36966,2584.94392735172,36.65450488985564,3702.104993875419,win,0.01418000000000319,-6297.895006124563
2025-11-21 00:40:00+00:00,2025-11-28 06:20:00+00:00,buy,42.412800000000004,42.343469999999996,42.48213000000001,42.48213000000001,533.9831233052066,37.02104993875419,3739.126043814173,win,0.06933000000000789,-6260.873956185809
2025-11-28 06:30:00+00:00,2025-12-01 13:35:00+00:00,buy,42.48357,42.44629,42.52085,42.44629,1002.9844538127435,-37.39126043814173,3701.7347833760314,loss,-0.037280000000002644,-6298.265216623951
2025-12-01 14:10:00+00:00,2025-12-01 17:35:00+00:00,sell,42.44557,42.46972,42.42141999999999,42.42141999999999,1532.809434109784,37.01734783376031,3738.7521312097915,win,-0.02415000000000589,-6261.247868790191
2025-12-01 17:45:00+00:00,2025-12-01 19:40:00+00:00,sell,42.419999999999995,42.42949,42.41050999999999,42.41050999999999,3939.675586098175,37.38752131209792,3776.1396525218893,win,-0.00949000000000666,-6223.860347478093
2025-12-01 22:45:00+00:00,2025-12-01 22:50:00+00:00,sell,42.415279999999996,42.42109,42.40946999999999,42.42109,6499.379780584123,-37.76139652521889,3738.3782559966703,loss,0.005810000000003868,-6261.6217440033115
2025-12-01 23:40:00+00:00,2025-12-01 23:45:00+00:00,sell,42.41361,42.42141,42.405809999999995,42.405809999999995,4792.792635891239,37.383782559966704,3775.762038556637,win,-0.007800000000003138,-6224.237961443345
2025-12-01 23:55:00+00:00,2025-12-02 00:05:00+00:00,sell,42.40484,42.4215,42.38818,42.38818,2266.363768641211,37.75762038556637,3813.5196589422035,win,-0.016660000000001673,-6186.480341057779
2025-12-02 01:55:00+00:00,2025-12-02 02:05:00+00:00,sell,42.409949999999995,42.43213,42.38776999999999,42.43213,1719.3506126876446,-38.13519658942204,3775.3844623527816,loss,0.02218000000000586,-6224.615537647201
2025-12-02 03:50:00+00:00,2025-12-02 04:15:00+00:00,sell,42.41804,42.43345,42.402629999999995,42.43345,2449.957470702202,-37.75384462352782,3737.6306177292536,loss,0.01541000000000281,-6262.369382270728
2025-12-02 11:05:00+00:00,2025-12-02 11:20:00+00:00,sell,42.428999999999995,42.43307,42.42492999999999,42.42492999999999,9183.36761111532,37.376306177292534,3775.006923906546,win,-0.004070000000005791,-6224.993076093436
2025-12-02 11:30:00+00:00,2025-12-02 11:40:00+00:00,sell,42.42294,42.433110000000006,42.41276999999999,42.41276999999999,3711.9045466106977,37.75006923906546,3812.7569931456114,win,-0.010170000000009338,-6187.24300685437
2025-12-02 11:50:00+00:00,2025-12-02 16:50:00+00:00,sell,42.411429999999996,42.427600000000005,42.395259999999986,42.427600000000005,2357.9202183941597,-38.127569931456115,3774.6294232141554,loss,0.016170000000009566,-6225.370576785826
2025-12-02 19:05:00+00:00,2025-12-02 19:40:00+00:00,sell,42.43009,42.43817,42.42201,42.42201,4671.571068334558,37.74629423214156,3812.375717446297,win,-0.008079999999999643,-6187.624282553685
2025-12-02 19:50:00+00:00,2025-12-02 23:25:00+00:00,sell,42.41281,42.4365,42.38912,42.4365,1609.2763686981755,-38.12375717446297,3774.2519602718344,loss,0.023690000000001987,-6225.748039728148
2025-12-02 23:35:00+00:00,2025-12-02 23:40:00+00:00,sell,42.40781,42.43737,42.378249999999994,42.378249999999994,1276.8105413637948,37.742519602718346,3811.994479874553,win,-0.029560000000003583,-6188.00552012543
2025-12-03 02:10:00+00:00,2025-12-03 02:15:00+00:00,buy,42.45516,42.45381,42.45651,42.45381,28236.996147173253,-38.11994479874553,3773.874535075807,loss,-0.0013500000000021828,-6226.1254649241755
2025-12-03 02:35:00+00:00,2025-12-03 03:15:00+00:00,buy,42.4637,42.44679,42.480610000000006,42.44679,2231.7412980929435,-37.73874535075807,3736.135789725049,loss,-0.016910000000002867,-6263.864210274934
2025-12-03 06:15:00+00:00,2025-12-03 07:25:00+00:00,buy,42.46419,42.443709999999996,42.48467000000001,42.443709999999996,1824.2850535761256,-37.36135789725049,3698.7744318277987,loss,-0.02048000000000627,-6301.2255681721845
2025-12-03 12:50:00+00:00,2025-12-03 15:15:00+00:00,buy,42.43755,42.42568,42.44942,42.42568,3116.06944551578,-36.98774431827799,3661.7866875095206,loss,-0.011870000000001824,-6338.213312490462
2025-12-03 18:20:00+00:00,2025-12-03 19:05:00+00:00,sell,42.42802,42.438430000000004,42.41760999999999,42.438430000000004,3517.566462542683,-36.61786687509521,3625.168820634425,loss,0.010410000000007358,-6374.831179365558
2025-12-03 21:00:00+00:00,2025-12-03 23:40:00+00:00,sell,42.425349999999995,42.434160000000006,42.41653999999998,42.41653999999998,4114.834075629811,36.251688206344255,3661.4205088407693,win,-0.008810000000011087,-6338.579491159213
2025-12-04 01:05:00+00:00,2025-12-04 01:10:00+00:00,sell,42.427969999999995,42.42925,42.42668999999999,42.42668999999999,28604.847725131116,36.614205088407694,3698.034713929177,win,-0.0012800000000083855,-6301.965286070806
2025-12-04 04:05:00+00:00,2025-12-04 07:10:00+00:00,buy,42.44303,42.42346,42.4626,42.42346,1889.644718410254,-36.98034713929177,3661.0543667898855,loss,-0.01957000000000164,-6338.945633210097
2025-12-04 08:15:00+00:00,2025-12-04 08:55:00+00:00,buy,42.44556,42.4225,42.46862,42.4225,1587.6211477839254,-36.61054366789886,3624.4438231219865,loss,-0.02306000000000097,-6375.556176877996
2025-12-04 18:15:00+00:00,2025-12-04 18:40:00+00:00,sell,42.43188,42.43874,42.425019999999996,42.425019999999996,5283.44580629781,36.24443823121987,3660.688261353206,win,-0.006860000000003197,-6339.311738646777
2025-12-04 18:55:00+00:00,2025-12-04 19:10:00+00:00,sell,42.423179999999995,42.43675,42.40960999999999,42.43675,2697.6332065961005,-36.606882613532065,3624.081378739674,loss,0.01357000000000852,-6375.918621260309
2025-12-04 22:05:00+00:00,2025-12-04 22:35:00+00:00,sell,42.43503,42.439730000000004,42.43032999999999,42.43032999999999,7710.811444115793,36.24081378739674,3660.322192527071,win,-0.00470000000000681,-6339.677807472913
2025-12-04 22:45:00+00:00,2025-12-04 22:50:00+00:00,sell,42.42957,42.43542,42.423719999999996,42.43542,6256.961012864271,-36.60322192527071,3623.7189706018003,loss,0.005850000000002353,-6376.281029398184
2025-12-04 23:45:00+00:00,2025-12-04 23:50:00+00:00,sell,42.404379999999996,42.44407,42.36468999999999,42.44407,913.0055355508014,-36.237189706018,3587.4817808957823,loss,0.03969000000000733,-6412.518219104202
2025-12-05 00:20:00+00:00,2025-12-08 03:00:00+00:00,buy,42.47556,42.39185,42.559270000000005,42.559270000000005,428.56071925643676,35.87481780895782,3623.35659870474,win,0.0837100000000035,-6376.643401295244
2025-12-08 03:10:00+00:00,2025-12-08 08:50:00+00:00,buy,42.56022,42.52766,42.592780000000005,42.52766,1112.824508201575,-36.2335659870474,3587.1230327176927,loss,-0.0325600000000037,-6412.876967282292
2025-12-08 11:15:00+00:00,2025-12-08 13:30:00+00:00,buy,42.53416,42.526509999999995,42.541810000000005,42.541810000000005,4689.049715967613,35.871230327176924,3622.9942630448695,win,0.007650000000005264,-6377.005736955115
2025-12-08 13:45:00+00:00,2025-12-08 13:55:00+00:00,buy,42.54256,42.533049999999996,42.55207000000001,42.55207000000001,3809.6679947871935,36.2299426304487,3659.224205675318,win,0.009510000000005903,-6340.775794324666
2025-12-08 14:15:00+00:00,2025-12-08 23:40:00+00:00,buy,42.555510000000005,42.53615,42.57487000000001,42.53615,1890.0951475589754,-36.59224205675318,3622.631963618565,loss,-0.01936000000000604,-6377.368036381419
2025-12-09 04:10:00+00:00,2025-12-09 04:15:00+00:00,sell,42.51943,42.520790000000005,42.518069999999994,42.518069999999994,26636.999732384527,36.22631963618565,3658.8582832547504,win,-0.001360000000005357,-6341.141716745234
2025-12-09 05:40:00+00:00,2025-12-09 05:45:00+00:00,sell,42.527649999999994,42.53291,42.52238999999999,42.52238999999999,6956.004340779339,36.5885828325475,3695.446866087298,win,-0.005260000000006926,-6304.5531339126865
2025-12-09 06:10:00+00:00,2025-12-09 06:40:00+00:00,sell,42.51596,42.53291,42.49901,42.53291,2180.204640759294,-36.95446866087298,3658.492397426425,loss,0.016950000000001353,-6341.50760257356
2025-12-09 07:20:00+00:00,2025-12-09 07:25:00+00:00,sell,42.515209999999996,42.533660000000005,42.49675999999999,42.49675999999999,1982.9227086312935,36.58492397426425,3695.0773214006895,win,-0.018450000000008515,-6304.922678599296
2025-12-09 09:05:00+00:00,2025-12-09 15:45:00+00:00,buy,42.55261,42.523959999999995,42.58126000000001,42.58126000000001,1289.7303041535456,36.950773214006894,3732.0280946146963,win,0.02865000000000606,-6267.971905385289
2025-12-09 15:55:00+00:00,2025-12-09 16:55:00+00:00,buy,42.58169,42.571439999999996,42.59194000000001,42.571439999999996,3641.003019134048,-37.320280946146966,3694.7078136685495,loss,-0.01025000000000631,-6305.292186331436
2025-12-09 17:05:00+00:00,2025-12-09 23:10:00+00:00,buy,42.58171,42.564499999999995,42.59892000000001,42.564499999999995,2146.837776680605,-36.9470781366855,3657.760735531864,loss,-0.01721000000000572,-6342.239264468121
2025-12-10 00:00:00+00:00,2025-12-10 00:10:00+00:00,buy,42.57717,42.55871,42.59563000000001,42.55871,1981.4521860947757,-36.57760735531864,3621.1831281765453,loss,-0.018460000000004584,-6378.81687182344
2025-12-10 06:05:00+00:00,2025-12-10 08:20:00+00:00,buy,42.573510000000006,42.55578,42.59124000000001,42.55578,2042.40447161593,-36.211831281765456,3584.9712968947797,loss,-0.01773000000000735,-6415.028703105206
2025-12-10 08:35:00+00:00,2025-12-10 15:25:00+00:00,buy,42.57334,42.55321,42.59347,42.59347,1780.9097351686373,35.8497129689478,3620.8210098637273,win,0.020130000000001758,-6379.178990136258
2025-12-10 15:35:00+00:00,2025-12-10 20:45:00+00:00,buy,42.5938,42.586279999999995,42.60132000000001,42.586279999999995,4814.921555665604,-36.208210098637274,3584.61279976509,loss,-0.0075200000000066325,-6415.387200234895
2025-12-11 00:00:00+00:00,2025-12-11 00:05:00+00:00,buy,42.589000000000006,42.57483,42.60317000000001,42.60317000000001,2529.719689317776,35.8461279976509,3620.458927762741,win,0.014170000000007121,-6379.541072237244
2025-12-11 01:35:00+00:00,2025-12-11 01:40:00+00:00,buy,42.59481,42.57803,42.61159000000001,42.57803,2157.6036518246883,-36.20458927762741,3584.2543384851137,loss,-0.016780000000004236,-6415.745661514872
2025-12-11 02:00:00+00:00,2025-12-11 08:40:00+00:00,buy,42.59881,42.57702,42.6206,42.57702,1644.9079111907495,-35.84254338485114,3548.4117951002627,loss,-0.021790000000002863,-6451.588204899724
2025-12-11 09:05:00+00:00,2025-12-11 23:40:00+00:00,buy,42.598490000000005,42.574259999999995,42.622720000000015,42.574259999999995,1464.4704065616193,-35.48411795100263,3512.92767714926,loss,-0.024230000000009966,-6487.072322850726
2025-12-12 01:00:00+00:00,2025-12-12 01:05:00+00:00,buy,42.61972,42.61895,42.620490000000004,42.61895,45622.43736540748,-35.1292767714926,3477.7984003777674,loss,-0.000770000000002824,-6522.201599622218
2025-12-12 01:40:00+00:00,2025-12-12 01:45:00+00:00,buy,42.62906,42.61038,42.647740000000006,42.61038,1861.7764455980416,-34.777984003777675,3443.0204163739895,loss,-0.01868000000000336,-6556.9795836259955
2025-12-12 02:00:00+00:00,2025-12-12 02:05:00+00:00,buy,42.62966,42.607369999999996,42.65195000000001,42.607369999999996,1544.6480109345798,-34.430204163739894,3408.59021221025,loss,-0.02229000000000525,-6591.409787789736
2025-12-12 03:05:00+00:00,2025-12-15 12:15:00+00:00,buy,42.638830000000006,42.584019999999995,42.693640000000016,42.693640000000016,621.8920292299944,34.085902122102496,3442.6761143323524,win,0.05481000000001046,-6557.3238856676335
2025-12-15 13:30:00+00:00,2025-12-15 17:40:00+00:00,buy,42.69089,42.680609999999994,42.70117000000001,42.680609999999994,3348.9067260013912,-34.426761143323525,3408.249353189029,loss,-0.010280000000008727,-6591.750646810957
2025-12-15 20:00:00+00:00,2025-12-15 23:40:00+00:00,buy,42.686040000000006,42.67431,42.69777000000001,42.67431,2905.5834213017556,-34.08249353189029,3374.166859657139,loss,-0.011730000000007124,-6625.833140342847
2025-12-16 08:05:00+00:00,2025-12-16 10:50:00+00:00,buy,42.6848,42.66679,42.70281000000001,42.70281000000001,1873.496312968582,33.74166859657139,3407.9085282537103,win,0.018010000000003856,-6592.091471746276
2025-12-16 12:20:00+00:00,2025-12-16 15:25:00+00:00,buy,42.70324,42.69517,42.711310000000005,42.69517,4222.934979246841,-34.0790852825371,3373.829442971173,loss,-0.008070000000003574,-6626.170557028812
2025-12-16 19:55:00+00:00,2025-12-16 20:10:00+00:00,buy,42.700950000000006,42.692119999999996,42.709780000000016,42.692119999999996,3820.8713963388745,-33.73829442971173,3340.0911485414613,loss,-0.00883000000001033,-6659.908851458524
2025-12-17 01:05:00+00:00,2025-12-17 01:10:00+00:00,sell,42.688469999999995,42.68972,42.68721999999999,42.68721999999999,26720.729188204103,33.40091148541461,3373.492060026876,win,-0.0012500000000059686,-6626.507939973109
2025-12-17 01:20:00+00:00,2025-12-17 01:25:00+00:00,sell,42.679869999999994,42.694480000000006,42.66525999999998,42.694480000000006,2309.029472980257,-33.73492060026876,3339.7571394266074,loss,0.01461000000001178,-6660.2428605733785
2025-12-17 02:20:00+00:00,2025-12-17 08:00:00+00:00,sell,42.677459999999996,42.697100000000006,42.65781999999999,42.697100000000006,1700.4873418660725,-33.39757139426607,3306.3595680323415,loss,0.01964000000000965,-6693.640431967645
2025-12-17 08:40:00+00:00,2025-12-17 23:30:00+00:00,buy,42.705040000000004,42.674899999999994,42.735180000000014,42.674899999999994,1097.00052024925,-33.06359568032342,3273.295972352018,loss,-0.030140000000010048,-6726.704027647968
2025-12-18 02:05:00+00:00,2025-12-19 00:00:00+00:00,buy,42.71549,42.69537,42.73561000000001,42.73561000000001,1626.8866661784755,32.73295972352018,3306.0289320755383,win,0.02012000000000569,-6693.971067924448
2025-12-19 00:25:00+00:00,2025-12-22 00:00:00+00:00,buy,42.7853,42.69998,42.87062,42.69998,387.4858101354224,-33.06028932075538,3272.9686427547826,loss,-0.08532000000000295,-6727.031357245203
2025-12-22 03:10:00+00:00,2025-12-22 23:55:00+00:00,buy,42.79815,42.775209999999994,42.821090000000005,42.775209999999994,1426.7518059084553,-32.729686427547826,3240.238956327235,loss,-0.02294000000000551,-6759.761043672751
2025-12-23 05:25:00+00:00,2025-12-23 05:35:00+00:00,buy,42.80438,42.78697,42.82179000000001,42.78697,1861.1366779587922,-32.40238956327235,3207.8365667639628,loss,-0.017410000000005255,-6792.163433236024
2025-12-23 07:05:00+00:00,2025-12-23 07:15:00+00:00,buy,42.80209,42.785869999999996,42.818310000000004,42.785869999999996,1977.7044184729643,-32.07836566763963,3175.7582010963233,loss,-0.01622000000000412,-6824.241798903663
2025-12-23 07:35:00+00:00,2025-12-24 00:00:00+00:00,buy,42.80348,42.78546,42.8215,42.8215,1762.3519428947484,31.757582010963233,3207.5157831072866,win,0.018019999999999925,-6792.4842168927
2025-12-24 01:00:00+00:00,2025-12-24 23:05:00+00:00,buy,42.83055,42.795339999999996,42.86576000000001,42.795339999999996,910.9672772242837,-32.075157831072865,3175.4406252762137,loss,-0.0352100000000064,-6824.559374723773
2025-12-24 23:30:00+00:00,2025-12-24 23:35:00+00:00,sell,42.792449999999995,42.82312,42.76177999999999,42.76177999999999,1035.3572302821688,31.754406252762138,3207.195031528976,win,-0.030670000000007747,-6792.80496847101
2025-12-26 02:05:00+00:00,2025-12-26 02:55:00+00:00,buy,42.83966,42.81662,42.862700000000004,42.862700000000004,1392.011732434347,32.07195031528976,3239.2669818442655,win,0.023040000000001726,-6760.733018155721
2025-12-26 04:25:00+00:00,2025-12-26 05:30:00+00:00,buy,42.848850000000006,42.83067,42.867030000000014,42.83067,1781.775017515306,-32.392669818442656,3206.8743120258227,loss,-0.01818000000000808,-6793.125687974163
2025-12-26 06:45:00+00:00,2025-12-26 07:15:00+00:00,buy,42.841680000000004,42.82412,42.85924000000001,42.85924000000001,1826.2382186931954,32.068743120258226,3238.943055146081,win,0.01756000000000313,-6761.0569448539045
2025-12-26 07:25:00+00:00,2025-12-26 08:00:00+00:00,buy,42.861990000000006,42.82675,42.897230000000015,42.897230000000015,919.1098340366829,32.38943055146081,3271.332485697542,win,0.03524000000000882,-6728.667514302444
2025-12-26 08:10:00+00:00,2025-12-26 17:15:00+00:00,buy,42.90242,42.87562,42.92922,42.87562,1220.6464498870746,-32.71332485697542,3238.6191608405666,loss,-0.02680000000000149,-6761.380839159419
2025-12-26 19:00:00+00:00,2025-12-26 19:05:00+00:00,buy,42.9026,42.89944,42.90576,42.90576,10248.794812782835,32.38619160840567,3271.005352448972,win,0.003160000000001162,-6728.994647551013
2025-12-26 19:25:00+00:00,2025-12-26 22:45:00+00:00,buy,42.90807,42.8985,42.917640000000006,42.8985,3417.978424710273,-32.71005352448972,3238.2952989244823,loss,-0.009570000000003631,-6761.704701075503
2025-12-29 02:25:00+00:00,2025-12-31 02:00:00+00:00,buy,42.91705,42.88845,42.94565000000001,42.94565000000001,1132.2710835398545,32.38295298924482,3270.6782519137273,win,0.0286000000000044,-6729.321748086259
2025-12-31 04:20:00+00:00,2025-12-31 10:00:00+00:00,buy,42.94559,42.928039999999996,42.96314000000001,42.928039999999996,1863.6343315740235,-32.70678251913727,3237.9714693945903,loss,-0.01755000000000706,-6762.028530605396
2025-12-31 10:25:00+00:00,2026-01-09 00:00:00+00:00,buy,42.9493,42.82823,43.070370000000004,43.070370000000004,267.4462269261177,32.3797146939459,3270.3511840885362,win,0.12107000000000312,-6729.64881591145
2026-01-09 00:10:00+00:00,2026-01-09 23:40:00+00:00,buy,43.100530000000006,43.00951,43.191550000000014,43.00951,359.3002839033475,-32.70351184088536,3237.647672247651,loss,-0.09102000000000743,-6762.352327752335
2026-01-12 03:45:00+00:00,2026-01-12 05:50:00+00:00,buy,43.12402,43.1091,43.138940000000005,43.1091,2170.0051422566157,-32.37647672247651,3205.2711955251743,loss,-0.014920000000003597,-6794.728804474812
2026-01-12 08:15:00+00:00,2026-01-12 19:55:00+00:00,buy,43.12127,43.100359999999995,43.14218000000001,43.100359999999995,1532.8891418096537,-32.052711955251745,3173.2184835699227,loss,-0.020910000000007756,-6826.781516430064
2026-01-12 20:05:00+00:00,2026-01-12 20:10:00+00:00,sell,43.099999999999994,43.10761,43.09238999999999,43.09238999999999,4169.800898248484,31.73218483569923,3204.950668405622,win,-0.007610000000006778,-6795.049331594364
2026-01-12 20:30:00+00:00,2026-01-13 00:00:00+00:00,sell,43.087959999999995,43.10315,43.07276999999999,43.10315,2109.908274130856,-32.04950668405622,3172.9011617215656,loss,0.015190000000004034,-6827.09883827842
2026-01-13 04:40:00+00:00,2026-01-13 08:15:00+00:00,buy,43.13107,43.110369999999996,43.151770000000006,43.110369999999996,1532.8024935849237,-31.729011617215658,3141.17215010435,loss,-0.020700000000005048,-6858.827849895635
2026-01-13 10:00:00+00:00,2026-01-14 10:30:00+00:00,buy,43.13299,43.104389999999995,43.161590000000004,43.161590000000004,1098.3119405957575,31.4117215010435,3172.583871605393,win,0.0286000000000044,-6827.416128394591
2026-01-14 10:40:00+00:00,2026-01-14 11:10:00+00:00,buy,43.16255,43.15325,43.171850000000006,43.15325,3411.3805071014017,-31.725838716053932,3140.858032889339,loss,-0.009300000000003195,-6859.141967110645
2026-01-14 13:15:00+00:00,2026-01-14 15:05:00+00:00,buy,43.159850000000006,43.148959999999995,43.170740000000016,43.170740000000016,2884.167156002121,31.408580328893386,3172.2666132182326,win,0.010890000000010502,-6827.7333867817515
2026-01-14 15:20:00+00:00,2026-01-14 15:25:00+00:00,buy,43.171980000000005,43.164849999999994,43.179110000000016,43.164849999999994,4449.18178571312,-31.722666132182326,3140.54394708605,loss,-0.007130000000010739,-6859.4560529139335
2026-01-14 15:35:00+00:00,2026-01-14 19:40:00+00:00,buy,43.17242,43.164449999999995,43.18039000000001,43.164449999999995,3940.4566462774783,-31.405439470860504,3109.1385076151896,loss,-0.00797000000000736,-6890.861492384794
2026-01-14 22:05:00+00:00,2026-01-14 22:30:00+00:00,buy,43.16834,43.16148,43.175200000000004,43.16148,4532.27187698796,-31.091385076151898,3078.047122539038,loss,-0.006860000000003197,-6921.952877460945
2026-01-15 00:00:00+00:00,2026-01-15 00:05:00+00:00,buy,43.163360000000004,43.154999999999994,43.171720000000015,43.154999999999994,3681.8745484871097,-30.78047122539038,3047.2666513136473,loss,-0.00836000000001036,-6952.733348686335
2026-01-15 07:10:00+00:00,2026-01-15 08:00:00+00:00,buy,43.173320000000004,43.155519999999996,43.19112000000001,43.155519999999996,1711.9475569169856,-30.472666513136474,3016.7939848005108,loss,-0.017800000000008254,-6983.206015199472
2026-01-15 09:15:00+00:00,2026-01-15 23:40:00+00:00,buy,43.18003,43.15687,43.203190000000006,43.15687,1302.5880763384941,-30.167939848005112,2986.6260449525057,loss,-0.02316000000000429,-7013.3739550474775
2026-01-15 23:55:00+00:00,2026-01-16 00:00:00+00:00,buy,43.17184,43.155179999999994,43.18850000000001,43.18850000000001,1792.69270405218,29.866260449525058,3016.492305402031,win,0.01666000000000878,-6983.507694597953
2026-01-16 00:10:00+00:00,2026-01-23 07:45:00+00:00,buy,43.2528,43.155179999999994,43.35042000000001,43.35042000000001,309.0035141776109,30.16492305402031,3046.657228456051,win,0.09762000000000626,-6953.342771543932
2026-01-23 07:55:00+00:00,2026-01-28 01:00:00+00:00,buy,43.35676,43.304939999999995,43.40858000000001,43.40858000000001,587.9307658154523,30.466572284560513,3077.123800740612,win,0.051820000000006416,-6922.876199259372
2026-01-28 04:25:00+00:00,2026-01-28 07:30:00+00:00,buy,43.392300000000006,43.379169999999995,43.40543000000002,43.379169999999995,2343.5824834257746,-30.771238007406122,3046.3525627332056,loss,-0.013130000000010966,-6953.647437266778
2026-01-28 09:05:00+00:00,2026-01-28 23:45:00+00:00,buy,43.39287,43.3696,43.416140000000006,43.3696,1309.1330308262675,-30.463525627332057,3015.8890371058733,loss,-0.023270000000003677,-6984.11096289411
2026-01-29 03:25:00+00:00,2026-01-29 09:35:00+00:00,buy,43.39768,43.38068,43.414680000000004,43.414680000000004,1774.0523747678462,30.15889037105873,3046.047927476932,win,0.017000000000003013,-6953.952072523051
2026-01-29 11:10:00+00:00,2026-01-29 11:20:00+00:00,buy,43.412200000000006,43.40846,43.41594000000001,43.40846,8144.513175055404,-30.46047927476932,3015.5874482021627,loss,-0.003740000000007626,-6984.412551797821
2026-01-29 12:40:00+00:00,2026-01-29 18:25:00+00:00,buy,43.41481,43.406679999999994,43.42294000000001,43.406679999999994,3709.209653381358,-30.155874482021627,2985.431573720141,loss,-0.008130000000008408,-7014.568426279842
2026-01-29 21:10:00+00:00,2026-01-29 22:05:00+00:00,sell,43.378969999999995,43.39032,43.36761999999999,43.39032,2630.3361882979925,-29.854315737201414,2955.5772579829395,loss,0.011350000000007299,-7044.422742017044
2026-01-29 23:55:00+00:00,2026-01-30 00:00:00+00:00,buy,43.39349,43.386759999999995,43.400220000000004,43.400220000000004,4391.645257029621,29.555772579829398,2985.133030562769,win,0.006730000000004566,-7014.866969437215
2026-01-30 01:30:00+00:00,2026-01-30 02:00:00+00:00,buy,43.43755,43.42755,43.44755000000001,43.42755,2985.133030561242,-29.85133030562769,2955.2817002571414,loss,-0.010000000000005116,-7044.718299742843
2026-01-30 02:35:00+00:00,2026-01-30 06:10:00+00:00,buy,43.4412,43.4143,43.46810000000001,43.46810000000001,1098.6177324374028,29.552817002571416,2984.834517259713,win,0.02690000000000481,-7015.165482740271
2026-01-30 07:15:00+00:00,2026-02-02 09:35:00+00:00,buy,43.475840000000005,43.427099999999996,43.524580000000014,43.427099999999996,612.3993675131599,-29.848345172597128,2954.986172087116,loss,-0.04874000000000933,-7045.013827912868
2026-02-02 18:30:00+00:00,2026-02-02 19:50:00+00:00,sell,43.46067,43.476200000000006,43.445139999999995,43.445139999999995,1902.7599305126166,29.54986172087116,2984.536033807987,win,-0.015530000000005373,-7015.463966191996
2026-02-02 20:00:00+00:00,2026-02-02 20:50:00+00:00,sell,43.429199999999994,43.4632,43.39519999999999,43.4632,877.804715825723,-29.84536033807987,2954.6906734699073,loss,0.034000000000006025,-7045.309326530076
2026-02-02 23:00:00+00:00,2026-02-02 23:05:00+00:00,sell,43.45167,43.45778,43.44556,43.44556,4835.827616153999,29.546906734699075,2984.2375802046063,win,-0.006109999999999616,-7015.762419795376
2026-02-02 23:40:00+00:00,2026-02-02 23:45:00+00:00,sell,43.44096,43.45731,43.424609999999994,43.424609999999994,1825.2217615927243,29.842375802046064,3014.0799560066525,win,-0.01635000000000275,-6985.92004399333
2026-02-03 01:00:00+00:00,2026-02-03 01:50:00+00:00,sell,43.459619999999994,43.469550000000005,43.44968999999998,43.44968999999998,3035.3272467303295,30.14079956006653,3044.220755566719,win,-0.009930000000011319,-6955.779244433264
2026-02-03 02:50:00+00:00,2026-02-03 02:55:00+00:00,sell,43.44613,43.45494,43.43731999999999,43.45494,3455.4151595520357,-30.442207555667192,3013.778548011052,loss,0.008810000000003981,-6986.22145198893
2026-02-03 06:25:00+00:00,2026-02-03 07:20:00+00:00,sell,43.44661,43.464000000000006,43.429219999999994,43.464000000000006,1733.0526440540598,-30.13778548011052,2983.6407625309416,loss,0.017390000000006012,-7016.359237469041
2026-02-03 11:15:00+00:00,2026-02-03 13:00:00+00:00,buy,43.479040000000005,43.472739999999995,43.485340000000015,43.485340000000015,4735.937718295425,29.83640762530942,3013.477170156251,win,0.006300000000010186,-6986.522829843731
2026-02-03 13:10:00+00:00,2026-02-03 14:55:00+00:00,buy,43.48671,43.47681,43.496610000000004,43.47681,3043.91633349061,-30.13477170156251,2983.3423984546885,loss,-0.009900000000001796,-7016.657601545294
2026-02-03 23:05:00+00:00,2026-02-03 23:10:00+00:00,sell,43.46409,43.4671,43.461079999999995,43.4671,9911.436539705748,-29.83342398454689,2953.5089744701418,loss,0.003010000000003288,-7046.491025529841
2026-02-03 23:35:00+00:00,2026-02-03 23:40:00+00:00,sell,43.462999999999994,43.468140000000005,43.45785999999998,43.45785999999998,5746.126409462163,29.535089744701416,2983.0440642148433,win,-0.005140000000011469,-7016.955935785139
2026-02-04 01:05:00+00:00,2026-02-04 02:10:00+00:00,sell,43.469699999999996,43.47892,43.46047999999999,43.47892,3235.4057095583835,-29.83044064214843,2953.213623572695,loss,0.009220000000006223,-7046.786376427288
2026-02-04 02:25:00+00:00,2026-02-04 07:55:00+00:00,buy,43.47939,43.460429999999995,43.49835000000001,43.49835000000001,1557.6021221369247,29.53213623572695,2982.7457598084216,win,0.01896000000000697,-7017.254240191561
2026-02-04 09:10:00+00:00,2026-02-04 10:25:00+00:00,buy,43.496680000000005,43.47779,43.51557000000001,43.47779,1579.007813556095,-29.827457598084216,2952.9183022103375,loss,-0.01889000000000607,-7047.081697789645
2026-02-04 12:45:00+00:00,2026-02-04 16:15:00+00:00,buy,43.492020000000004,43.48249,43.50155000000001,43.50155000000001,3098.550159715365,29.529183022103375,2982.447485232441,win,0.009530000000005145,-7017.552514767542
2026-02-04 16:40:00+00:00,2026-02-04 19:05:00+00:00,buy,43.502,43.49353,43.510470000000005,43.49353,3521.189474889623,-29.82447485232441,2952.6230103801167,loss,-0.008470000000002642,-7047.376989619866
2026-02-04 19:45:00+00:00,2026-02-04 19:50:00+00:00,buy,43.503510000000006,43.493179999999995,43.513840000000016,43.513840000000016,2858.299138796852,29.52623010380117,2982.1492404839178,win,0.010330000000010386,-7017.850759516065
2026-02-04 20:00:00+00:00,2026-02-04 23:25:00+00:00,buy,43.51426,43.49319,43.53533,43.49319,1415.3532228209194,-29.821492404839177,2952.3277480790784,loss,-0.0210700000000017,-7047.672251920904
2026-02-05 01:10:00+00:00,2026-02-05 01:15:00+00:00,buy,43.505300000000005,43.50051,43.51009000000001,43.50051,6163.523482410838,-29.523277480790785,2922.8044705982875,loss,-0.004790000000006955,-7077.195529401695
2026-02-05 01:25:00+00:00,2026-02-05 17:25:00+00:00,buy,43.51039,43.49042,43.53036,43.53036,1463.5976317467118,29.228044705982875,2952.0325153042704,win,0.01997000000000071,-7047.967484695712
2026-02-05 18:40:00+00:00,2026-02-05 18:55:00+00:00,buy,43.52949,43.52388,43.53510000000001,43.52388,5262.090045101587,-29.520325153042705,2922.5121901512275,loss,-0.005610000000004334,-7077.487809848755
2026-02-05 23:50:00+00:00,2026-02-05 23:55:00+00:00,buy,43.52613,43.51607,43.536190000000005,43.51607,2905.081699950697,-29.225121901512274,2893.287068249715,loss,-0.010060000000002844,-7106.712931750268
2026-02-06 01:55:00+00:00,2026-02-06 02:00:00+00:00,buy,43.599250000000005,43.58544,43.61306000000001,43.58544,2095.0666678119806,-28.932870682497153,2864.354197567218,loss,-0.01381000000000654,-7135.645802432765
2026-02-06 03:00:00+00:00,2026-02-06 03:20:00+00:00,buy,43.606010000000005,43.581869999999995,43.630150000000015,43.581869999999995,1186.5593196213972,-28.643541975672182,2835.7106555915457,loss,-0.02414000000000982,-7164.2893444084375
2026-02-06 04:35:00+00:00,2026-02-06 06:00:00+00:00,buy,43.59492,43.58338,43.606460000000006,43.58338,2457.2882630768167,-28.357106555915454,2807.3535490356303,loss,-0.011540000000003658,-7192.646450964353
2026-02-06 08:25:00+00:00,2026-02-06 19:15:00+00:00,buy,43.59371,43.58069,43.606730000000006,43.58069,2156.1855215320015,-28.073535490356303,2779.280013545274,loss,-0.013020000000004472,-7220.719986454709
2026-02-06 23:50:00+00:00,2026-02-09 00:00:00+00:00,buy,43.591300000000004,43.580749999999995,43.60185000000001,43.580749999999995,2634.3886384292514,-27.79280013545274,2751.4872134098214,loss,-0.010550000000009163,-7248.512786590162
2026-02-09 03:15:00+00:00,2026-02-09 03:20:00+00:00,sell,43.531549999999996,43.57486,43.48823999999999,43.48823999999999,635.3006726874822,27.514872134098216,2779.0020855439197,win,-0.04331000000000529,-7220.997914456064
2026-02-09 05:10:00+00:00,2026-02-09 05:15:00+00:00,sell,43.52921,43.572770000000006,43.48564999999999,43.48564999999999,637.9710940182522,27.790020855439202,2806.792106399359,win,-0.04356000000000648,-7193.207893600625
2026-02-09 11:15:00+00:00,2026-02-09 11:25:00+00:00,buy,43.58608,43.582609999999995,43.58955000000001,43.582609999999995,8088.7380587710195,-28.06792106399359,2778.7241853353653,loss,-0.0034700000000071896,-7221.275814664618
2026-02-09 12:25:00+00:00,2026-02-09 13:00:00+00:00,buy,43.586470000000006,43.57928,43.593660000000014,43.57928,3864.706794620435,-27.787241853353652,2750.9369434820114,loss,-0.007190000000008467,-7249.063056517972
2026-02-09 15:30:00+00:00,2026-02-09 15:50:00+00:00,buy,43.58053,43.574209999999994,43.58685000000001,43.58685000000001,4352.748328287828,27.50936943482012,2778.4463129168316,win,0.006320000000009429,-7221.553687083152
2026-02-09 20:20:00+00:00,2026-02-09 23:35:00+00:00,buy,43.577870000000004,43.570209999999996,43.58553000000001,43.570209999999996,3627.2145077203277,-27.784463129168316,2750.6618497876634,loss,-0.007660000000008438,-7249.33815021232
2026-02-09 23:55:00+00:00,2026-02-10 00:00:00+00:00,buy,43.57983,43.56317,43.59649,43.56317,1651.0575328855864,-27.506618497876634,2723.1552312897866,loss,-0.016660000000001673,-7276.844768710197
2026-02-10 01:10:00+00:00,2026-02-10 02:00:00+00:00,sell,43.56953,43.58034,43.55872,43.55872,2519.1075220073612,27.23155231289786,2750.3867836026843,win,-0.01080999999999932,-7249.613216397299
2026-02-10 02:25:00+00:00,2026-02-10 02:30:00+00:00,sell,43.55439,43.577960000000004,43.53081999999999,43.577960000000004,1166.9014779812992,-27.503867836026842,2722.8829157666573,loss,0.02357000000000653,-7277.117084233326
2026-02-10 03:45:00+00:00,2026-02-10 04:35:00+00:00,buy,43.57943,43.56841,43.590450000000004,43.56841,2470.8556404411584,-27.228829157666578,2695.654086608991,loss,-0.011020000000002028,-7304.345913390993
2026-02-10 06:45:00+00:00,2026-02-10 07:20:00+00:00,buy,43.587250000000004,43.568169999999995,43.606330000000014,43.568169999999995,1412.8166072367108,-26.95654086608991,2668.6975457429007,loss,-0.019080000000009534,-7331.302454257083
2026-02-10 08:10:00+00:00,2026-02-10 08:15:00+00:00,buy,43.587720000000004,43.567609999999995,43.607830000000014,43.567609999999995,1327.0499978824585,-26.686975457429007,2642.0105702854717,loss,-0.02011000000000962,-7357.989429714512
2026-02-10 08:25:00+00:00,2026-02-10 10:50:00+00:00,buy,43.58843,43.56587,43.61099000000001,43.61099000000001,1171.1039761900734,26.420105702854716,2668.4306759883266,win,0.022560000000005687,-7331.569324011657
2026-02-10 11:00:00+00:00,2026-02-10 14:40:00+00:00,buy,43.613670000000006,43.60458,43.622760000000014,43.622760000000014,2935.5673003147394,26.684306759883267,2695.11498274821,win,0.009090000000007592,-7304.885017251774
2026-02-10 14:50:00+00:00,2026-02-10 15:25:00+00:00,buy,43.6231,43.617889999999996,43.628310000000006,43.617889999999996,5172.965417937593,-26.9511498274821,2668.163832920728,loss,-0.005210000000005266,-7331.8361670792565
2026-02-11 00:10:00+00:00,2026-02-11 12:15:00+00:00,buy,43.61437,43.59487,43.63387,43.63387,1368.289145087501,26.68163832920728,2694.845471249935,win,0.01950000000000074,-7305.154528750049
2026-02-11 13:45:00+00:00,2026-02-11 15:25:00+00:00,buy,43.633340000000004,43.62493,43.64175000000001,43.62493,3204.3346863833062,-26.94845471249935,2667.897016537436,loss,-0.008410000000004914,-7332.102983462549
2026-02-11 16:15:00+00:00,2026-02-11 17:55:00+00:00,buy,43.63463,43.61786,43.6514,43.61786,1590.874786247625,-26.67897016537436,2641.2180463720615,loss,-0.016770000000001062,-7358.781953627923
2026-02-12 06:15:00+00:00,2026-02-12 07:00:00+00:00,sell,43.6175,43.627190000000006,43.60780999999999,43.60780999999999,2725.7152181324805,26.412180463720617,2667.630226835782,win,-0.009690000000006194,-7332.369773164202
2026-02-12 07:25:00+00:00,2026-02-12 07:40:00+00:00,sell,43.606379999999994,43.62185,43.59090999999999,43.62185,1724.389286900106,-26.676302268357823,2640.9539245674246,loss,0.015470000000007644,-7359.04607543256
2026-02-12 09:35:00+00:00,2026-02-12 23:55:00+00:00,buy,43.63658,43.60901,43.66415000000001,43.66415000000001,957.9085689397938,26.409539245674246,2667.363463813099,win,0.027570000000004313,-7332.636536186887
2026-02-13 00:05:00+00:00,2026-02-13 14:40:00+00:00,buy,43.673120000000004,43.615719999999996,43.73052000000001,43.73052000000001,464.6974675631902,26.673634638130988,2694.0370984512297,win,0.05740000000000833,-7305.962901548755
2026-02-13 16:15:00+00:00,2026-02-13 17:15:00+00:00,buy,43.72968,43.71982,43.739540000000005,43.71982,2732.289146501344,-26.9403709845123,2667.0967274667173,loss,-0.00986000000000331,-7332.903272533267
2026-02-13 20:55:00+00:00,2026-02-13 21:00:00+00:00,buy,43.7181,43.709559999999996,43.72664,43.709559999999996,3123.0640836833845,-26.670967274667174,2640.4257601920503,loss,-0.008540000000003545,-7359.574239807935
2026-02-13 22:35:00+00:00,2026-02-13 22:55:00+00:00,buy,43.718340000000005,43.70972,43.72696000000001,43.70972,3063.1389329347053,-26.404257601920506,2614.02150259013,loss,-0.008620000000007622,-7385.978497409855
2026-02-16 05:20:00+00:00,2026-02-16 06:00:00+00:00,sell,43.69134,43.69456,43.68811999999999,43.68811999999999,8118.079200575349,26.1402150259013,2640.161717616031,win,-0.003220000000005996,-7359.838282383954
2026-02-16 06:10:00+00:00,2026-02-16 06:15:00+00:00,sell,43.686139999999995,43.69386,43.67841999999999,43.69386,3419.898597945495,-26.40161717616031,2613.7601004398707,loss,0.007720000000006166,-7386.239899560114
2026-02-16 06:55:00+00:00,2026-02-16 07:00:00+00:00,sell,43.68483,43.69943,43.67023,43.69943,1790.2466441367137,-26.137601004398707,2587.622499435472,loss,0.0146000000000015,-7412.377500564513
2026-02-16 07:25:00+00:00,2026-02-16 08:00:00+00:00,sell,43.684039999999996,43.704260000000005,43.66381999999999,43.704260000000005,1279.7341738053015,-25.876224994354725,2561.7462744411173,loss,0.02022000000000901,-7438.253725558868
2026-02-16 10:40:00+00:00,2026-02-16 11:05:00+00:00,buy,43.70776,43.699549999999995,43.715970000000006,43.699549999999995,3120.27560833062,-25.617462744411174,2536.128811696706,loss,-0.00821000000000538,-7463.871188303279
2026-02-16 12:25:00+00:00,2026-02-16 23:15:00+00:00,sell,43.69441,43.706500000000005,43.68231999999999,43.68231999999999,2097.707867407022,25.361288116967064,2561.490099813673,win,-0.012090000000007706,-7438.509900186312
2026-02-17 00:05:00+00:00,2026-02-17 09:20:00+00:00,buy,43.69695,43.67223,43.72167,43.72167,1036.2014966882923,25.614900998136733,2587.10500081181,win,0.024720000000002074,-7412.8949991881755
2026-02-17 09:30:00+00:00,2026-02-17 14:05:00+00:00,buy,43.72292,43.70683,43.73901000000001,43.70683,1607.8962093293521,-25.8710500081181,2561.233950803692,loss,-0.01609000000000549,-7438.766049196293
2026-02-17 14:40:00+00:00,2026-02-17 18:05:00+00:00,buy,43.71775,43.70529,43.73021000000001,43.70529,2055.56496854157,-25.612339508036918,2535.6216112956554,loss,-0.012460000000004356,-7464.37838870433
2026-02-18 00:05:00+00:00,2026-02-18 09:00:00+00:00,buy,43.71416,43.687999999999995,43.740320000000004,43.740320000000004,969.2743162443536,25.356216112956556,2560.977827408612,win,0.026160000000004402,-7439.022172591373
2026-02-18 09:10:00+00:00,2026-02-18 23:55:00+00:00,buy,43.741040000000005,43.71454,43.76754000000001,43.71454,966.4067273237952,-25.60977827408612,2535.368049134526,loss,-0.02650000000000574,-7464.63195086546
2026-02-19 00:05:00+00:00,2026-02-19 23:55:00+00:00,buy,43.74335,43.713849999999994,43.772850000000005,43.713849999999994,859.4467963166178,-25.35368049134526,2510.0143686431807,loss,-0.029500000000005855,-7489.985631356805
2026-02-20 00:05:00+00:00,2026-02-27 00:00:00+00:00,buy,43.81219,43.70639,43.91799,43.91799,237.24143370918057,25.100143686431807,2535.1145123296124,win,0.10580000000000211,-7464.885487670374
2026-02-27 01:15:00+00:00,2026-02-27 23:40:00+00:00,buy,43.93715,43.907129999999995,43.96717000000001,43.907129999999995,844.4751873181146,-25.351145123296124,2509.763367206316,loss,-0.030020000000007485,-7490.23663279367
2026-03-02 04:25:00+00:00,2026-03-02 04:40:00+00:00,buy,43.94859,43.9328,43.964380000000006,43.9328,1589.4638171031647,-25.09763367206316,2484.665733534253,loss,-0.015790000000002635,-7515.334266465733
2026-03-02 06:10:00+00:00,2026-03-02 06:25:00+00:00,buy,43.950250000000004,43.9315,43.96900000000001,43.9315,1325.1550578846336,-24.84665733534253,2459.8190761989104,loss,-0.018750000000004263,-7540.180923801076
2026-03-02 06:35:00+00:00,2026-03-02 17:00:00+00:00,buy,43.95067,43.931129999999996,43.97021000000001,43.931129999999996,1258.8633962119313,-24.598190761989105,2435.2208854369214,loss,-0.01954000000000633,-7564.7791145630645
2026-03-02 20:55:00+00:00,2026-03-02 21:40:00+00:00,sell,43.92435,43.934830000000005,43.91386999999999,43.934830000000005,2323.6840509875974,-24.352208854369216,2410.8686765825523,loss,0.01048000000000826,-7589.131323417434
2026-03-02 23:40:00+00:00,2026-03-02 23:55:00+00:00,sell,43.92472,43.937200000000004,43.91224,43.937200000000004,1931.7857985431547,-24.108686765825524,2386.759989816727,loss,0.0124800000000036,-7613.24001018326
2026-03-03 01:05:00+00:00,2026-03-03 01:10:00+00:00,buy,43.945840000000004,43.942099999999996,43.94958000000001,43.94958000000001,6381.711202705508,23.867599898167267,2410.627589714894,win,0.003740000000007626,-7589.372410285093
2026-03-03 02:00:00+00:00,2026-03-03 02:10:00+00:00,buy,43.95421,43.937169999999995,43.97125000000001,43.937169999999995,1414.6875526488714,-24.10627589714894,2386.521313817745,loss,-0.017040000000008604,-7613.478686182242
2026-03-03 02:50:00+00:00,2026-03-03 06:35:00+00:00,buy,43.957150000000006,43.934239999999996,43.980060000000016,43.934239999999996,1041.6941570566053,-23.865213138177452,2362.6561006795678,loss,-0.0229100000000102,-7637.34389932042
2026-03-03 08:05:00+00:00,2026-03-03 16:35:00+00:00,buy,43.95304,43.934779999999996,43.97130000000001,43.97130000000001,1293.8970978526365,23.626561006795676,2386.2826616863636,win,0.01826000000000505,-7613.717338313624
2026-03-03 23:40:00+00:00,2026-03-04 00:00:00+00:00,sell,43.939949999999996,43.950630000000004,43.92926999999999,43.950630000000004,2234.3470615024553,-23.86282661686364,2362.4198350695,loss,0.010680000000007794,-7637.580164930488
2026-03-04 00:15:00+00:00,2026-03-04 01:30:00+00:00,sell,43.931099999999994,43.970290000000006,43.89190999999998,43.89190999999998,602.8118997368649,23.624198350695,2386.0440334201953,win,-0.03919000000001205,-7613.955966579792
2026-03-04 04:25:00+00:00,2026-03-04 05:20:00+00:00,buy,43.96043,43.950359999999996,43.97050000000001,43.950359999999996,2369.45782861844,-23.860440334201954,2362.1835930859934,loss,-0.010070000000006019,-7637.816406913995
2026-03-04 05:55:00+00:00,2026-03-04 06:05:00+00:00,buy,43.96869,43.949929999999995,43.98745000000001,43.949929999999995,1259.1596978065336,-23.621835930859934,2338.5617571551334,loss,-0.018760000000007437,-7661.438242844854
2026-03-04 08:15:00+00:00,2026-03-04 09:55:00+00:00,buy,43.96999,43.947799999999994,43.99218000000001,43.947799999999994,1053.8809180505548,-23.385617571551332,2315.176139583582,loss,-0.022190000000009036,-7684.823860416405
2026-03-04 15:10:00+00:00,2026-03-04 15:45:00+00:00,buy,43.964400000000005,43.95543,43.97337000000001,43.95543,2581.0213373269607,-23.15176139583582,2292.024378187746,loss,-0.00897000000000503,-7707.975621812241
2026-03-04 16:30:00+00:00,2026-03-04 17:20:00+00:00,buy,43.972010000000004,43.95294,43.99108000000001,43.95294,1201.9005653838394,-22.92024378187746,2269.1041344058685,loss,-0.01907000000000636,-7730.895865594119
2026-03-04 19:20:00+00:00,2026-03-04 20:05:00+00:00,sell,43.94417,43.95557,43.93277,43.93277,1990.442223162719,22.691041344058686,2291.7951757499272,win,-0.011400000000001853,-7708.2048242500605
2026-03-04 22:40:00+00:00,2026-03-04 22:55:00+00:00,sell,43.94515,43.95179,43.938509999999994,43.938509999999994,3451.4987586572315,22.917951757499274,2314.7131275074266,win,-0.00664000000000442,-7685.286872492561
2026-03-04 23:40:00+00:00,2026-03-05 00:00:00+00:00,sell,43.936539999999994,43.950790000000005,43.92228999999998,43.950790000000005,1624.3600894776193,-23.147131275074265,2291.5659962323525,loss,0.014250000000011198,-7708.434003767636
2026-03-05 02:10:00+00:00,2026-03-05 07:40:00+00:00,buy,43.96302,43.946439999999996,43.979600000000005,43.946439999999996,1382.1266563520524,-22.915659962323527,2268.650336270029,loss,-0.016580000000004702,-7731.3496637299595
2026-03-05 09:05:00+00:00,2026-03-05 23:50:00+00:00,buy,43.976910000000004,43.947869999999995,44.00595000000001,44.00595000000001,781.2156805335129,22.686503362700293,2291.3368396327296,win,0.02904000000000906,-7708.6631603672595
2026-03-06 00:55:00+00:00,2026-03-09 22:30:00+00:00,buy,44.02293,43.95325,44.09261000000001,43.95325,328.8370894995057,-22.913368396327296,2268.4234712364023,loss,-0.0696800000000053,-7731.576528763587
2026-03-10 00:50:00+00:00,2026-03-10 00:55:00+00:00,sell,44.04488,44.056400000000004,44.033359999999995,44.056400000000004,1969.1175965586224,-22.684234712364024,2245.7392365240385,loss,0.011520000000004416,-7754.260763475951
2026-03-10 02:10:00+00:00,2026-03-10 02:15:00+00:00,sell,44.05186,44.059610000000006,44.04410999999999,44.059610000000006,2897.728047124582,-22.457392365240384,2223.281844158798,loss,0.007750000000008583,-7776.718155841191
2026-03-10 02:40:00+00:00,2026-03-10 08:00:00+00:00,sell,44.04541,44.07186,44.01895999999999,44.07186,840.5602435381683,-22.23281844158798,2201.04902571721,loss,0.02645000000000408,-7798.9509742827795
2026-03-10 08:55:00+00:00,2026-03-10 19:15:00+00:00,sell,44.0402,44.07504,44.005359999999996,44.005359999999996,631.7591922264761,22.010490257172098,2223.059515974382,win,-0.03484000000000265,-7776.9404840256075
2026-03-11 00:10:00+00:00,2026-03-11 00:15:00+00:00,buy,44.064960000000006,44.052949999999996,44.07697000000002,44.07697000000002,1851.007090734717,22.23059515974382,2245.2901111341257,win,0.012010000000010734,-7754.709888865864
2026-03-11 01:55:00+00:00,2026-03-11 02:00:00+00:00,buy,44.07889,44.06409,44.09369,44.06409,1517.0879129283574,-22.45290111134126,2222.8372100227843,loss,-0.014800000000001035,-7777.162789977205
2026-03-11 02:10:00+00:00,2026-03-11 03:55:00+00:00,buy,44.08057,44.06337,44.097770000000004,44.06337,1292.3472151293345,-22.228372100227844,2200.6088379225566,loss,-0.017200000000002547,-7799.391162077432
2026-03-11 04:05:00+00:00,2026-03-11 04:40:00+00:00,buy,44.073840000000004,44.0622,44.08548000000001,44.0622,1890.5574208945338,-22.006088379225567,2178.602749543331,loss,-0.011640000000006978,-7821.397250456658
2026-03-11 04:50:00+00:00,2026-03-11 05:15:00+00:00,buy,44.07768,44.06171,44.093650000000004,44.06171,1364.1845645228127,-21.78602749543331,2156.8167220478977,loss,-0.015970000000002926,-7843.183277952092
2026-03-11 09:05:00+00:00,2026-03-11 09:20:00+00:00,buy,44.05865,44.04776,44.06954,44.06954,1980.5479541296831,21.568167220478976,2178.384889268377,win,0.010890000000003397,-7821.615110731613
2026-03-11 09:40:00+00:00,2026-03-11 23:00:00+00:00,buy,44.07162,44.05294,44.090300000000006,44.090300000000006,1166.1589342976365,21.783848892683768,2200.1687381610604,win,0.01868000000000336,-7799.831261838929
2026-03-12 00:15:00+00:00,2026-03-12 08:40:00+00:00,buy,44.082150000000006,44.060449999999996,44.103850000000016,44.103850000000016,1013.9026443133938,22.001687381610605,2222.170425542671,win,0.021700000000009823,-7777.829574457319
2026-03-12 09:25:00+00:00,2026-03-12 10:05:00+00:00,buy,44.10432,44.09708,44.111560000000004,44.09708,3069.296167875337,-22.22170425542671,2199.9487212872446,loss,-0.007240000000003022,-7800.051278712745
2026-03-12 10:35:00+00:00,2026-03-12 11:45:00+00:00,buy,44.103910000000006,44.096259999999994,44.11156000000002,44.096259999999994,2875.7499624623365,-21.999487212872445,2177.9492340743723,loss,-0.007650000000012369,-7822.050765925618
2026-03-12 12:05:00+00:00,2026-03-12 12:10:00+00:00,buy,44.10226,44.09587,44.108650000000004,44.09587,3408.37125833063,-21.779492340743722,2156.1697417336286,loss,-0.006390000000003226,-7843.830258266362
2026-03-12 13:45:00+00:00,2026-03-12 22:50:00+00:00,buy,44.103440000000006,44.075379999999996,44.13150000000002,44.075379999999996,768.4140205747725,-21.561697417336287,2134.6080443162923,loss,-0.028060000000010632,-7865.391955683698
2026-03-12 23:00:00+00:00,2026-03-12 23:05:00+00:00,buy,44.09796,44.072979999999994,44.12294000000001,44.12294000000001,854.5268391976548,21.346080443162922,2155.954124759455,win,0.02498000000000644,-7844.045875240535
2026-03-13 00:00:00+00:00,2026-03-15 23:00:00+00:00,buy,44.170680000000004,44.07073,44.27063000000001,44.07073,215.7032641079847,-21.559541247594552,2134.3945835118607,loss,-0.09995000000000687,-7865.60541648813
2026-03-16 01:05:00+00:00,2026-03-16 01:15:00+00:00,buy,44.168490000000006,44.1609,44.17608000000001,44.17608000000001,2812.1140757704106,21.343945835118607,2155.7385293469792,win,0.007590000000007535,-7844.261470653011
2026-03-16 01:30:00+00:00,2026-03-16 04:15:00+00:00,buy,44.17674,44.15826,44.195220000000006,44.15826,1166.525178217821,-21.557385293469792,2134.1811440535093,loss,-0.018480000000003827,-7865.818855946481
2026-03-16 10:15:00+00:00,2026-03-16 12:20:00+00:00,buy,44.17822,44.16712,44.18932000000001,44.16712,1922.6857153624644,-21.341811440535093,2112.8393326129744,loss,-0.011100000000006105,-7887.160667387016
2026-03-16 13:10:00+00:00,2026-03-16 17:35:00+00:00,buy,44.1743,44.16451,44.184090000000005,44.16451,2158.1607074693106,-21.128393326129746,2091.7109392868447,loss,-0.009790000000002408,-7908.289060713145
2026-03-16 17:55:00+00:00,2026-03-16 18:00:00+00:00,sell,44.15812,44.17457,44.14166999999999,44.14166999999999,1271.5568019976126,20.917109392868447,2112.628048679713,win,-0.01645000000000607,-7887.371951320277
2026-03-16 20:20:00+00:00,2026-03-16 22:40:00+00:00,sell,44.151509999999995,44.164910000000006,44.13810999999998,44.13810999999998,1576.588096028295,21.126280486797132,2133.75432916651,win,-0.013400000000011403,-7866.245670833479
2026-03-16 22:50:00+00:00,2026-03-16 23:00:00+00:00,sell,44.13697,44.15534,44.118599999999994,44.15534,1161.5429119031,-21.337543291665103,2112.416785874845,loss,0.01837000000000444,-7887.583214125145
2026-03-17 06:20:00+00:00,2026-03-17 06:25:00+00:00,buy,44.16861,44.163549999999994,44.17367000000001,44.17367000000001,4174.736730971856,21.12416785874845,2133.5409537335936,win,0.005060000000007392,-7866.459046266396
2026-03-17 06:45:00+00:00,2026-03-17 07:50:00+00:00,buy,44.175720000000005,44.15893,44.19251000000001,44.15893,1270.7212350998525,-21.335409537335938,2112.2055441962575,loss,-0.01679000000000741,-7887.7944558037325
2026-03-17 08:05:00+00:00,2026-03-18 17:00:00+00:00,buy,44.18104,44.15004,44.21204000000001,44.21204000000001,681.3566271599532,21.122055441962576,2133.32759963822,win,0.03100000000000591,-7866.67240036177
2026-03-18 18:15:00+00:00,2026-03-18 19:45:00+00:00,buy,44.20803,44.19638,44.219680000000004,44.19638,1831.1824889593665,-21.3332759963822,2111.9943236418376,loss,-0.011650000000003047,-7888.005676358152
2026-03-18 22:55:00+00:00,2026-03-18 23:00:00+00:00,buy,44.202270000000006,44.18223,44.222310000000014,44.222310000000014,1053.8893830543507,21.119943236418376,2133.114266878256,win,0.020040000000008718,-7866.885733121734
2026-03-19 00:15:00+00:00,2026-03-19 01:00:00+00:00,buy,44.30265,44.285709999999995,44.319590000000005,44.285709999999995,1259.2173948509978,-21.331142668782558,2111.7831242094735,loss,-0.016940000000005284,-7888.2168757905165
2026-03-19 01:10:00+00:00,2026-03-19 01:25:00+00:00,buy,44.3025,44.284479999999995,44.32052000000001,44.284479999999995,1171.9107237561873,-21.117831242094734,2090.6652929673787,loss,-0.01802000000000703,-7909.334707032611
2026-03-19 03:50:00+00:00,2026-03-19 03:55:00+00:00,buy,44.29829,44.283139999999996,44.31344000000001,44.283139999999996,1379.9770910670713,-20.906652929673786,2069.758640037705,loss,-0.015150000000005548,-7930.241359962285
2026-03-19 04:05:00+00:00,2026-03-19 19:05:00+00:00,buy,44.29999,44.28207,44.317910000000005,44.28207,1154.99924109223,-20.697586400377048,2049.061053637328,loss,-0.01792000000000371,-7950.938946362662
2026-03-19 21:00:00+00:00,2026-03-19 21:15:00+00:00,buy,44.3044,44.25178,44.357020000000006,44.25178,389.4072697904125,-20.49061053637328,2028.5704431009547,loss,-0.05262000000000455,-7971.429556899036
2026-03-20 08:05:00+00:00,2026-03-20 09:10:00+00:00,buy,44.29491,44.27578,44.314040000000006,44.27578,1060.4131955569896,-20.28570443100955,2008.284738669945,loss,-0.019130000000004088,-7991.715261330045
2026-03-20 13:00:00+00:00,2026-03-20 13:35:00+00:00,sell,44.263909999999996,44.28114,44.24667999999999,44.28114,1165.574427550416,-20.082847386699452,1988.2018912832455,loss,0.017230000000004964,-8011.7981087167445
2026-03-20 14:15:00+00:00,2026-03-20 14:55:00+00:00,buy,44.286350000000006,44.27576,44.29694000000001,44.29694000000001,1877.4333251008586,19.882018912832454,2008.083910196078,win,0.010590000000007649,-7991.916089803912
2026-03-20 15:05:00+00:00,2026-03-20 18:15:00+00:00,buy,44.297990000000006,44.27887,44.317110000000014,44.27887,1050.253091106295,-20.08083910196078,1988.0030710941173,loss,-0.01912000000000802,-8011.996928905873
2026-03-20 21:40:00+00:00,2026-03-20 22:00:00+00:00,buy,44.294160000000005,44.28975,44.29857000000001,44.28975,4507.943471861458,-19.880030710941174,1968.1230403831762,loss,-0.0044100000000071304,-8031.876959616814
2026-03-23 00:20:00+00:00,2026-03-23 00:25:00+00:00,buy,44.292080000000006,44.28724,44.296920000000014,44.28724,4066.36991813982,-19.681230403831762,1948.4418099793445,loss,-0.004840000000008615,-8051.558190020646
2026-03-23 00:35:00+00:00,2026-03-23 07:50:00+00:00,buy,44.29451,44.27708,44.31194000000001,44.31194000000001,1117.8667871364553,19.484418099793444,1967.926228079138,win,0.017430000000004497,-8032.073771920853
2026-03-23 08:00:00+00:00,2026-03-23 13:05:00+00:00,buy,44.313570000000006,44.295179999999995,44.33196000000002,44.295179999999995,1070.10670368569,-19.67926228079138,1948.2469657983465,loss,-0.018390000000010787,-8051.753034201644
2026-03-23 22:25:00+00:00,2026-03-23 22:30:00+00:00,sell,44.287369999999996,44.300270000000005,44.27446999999999,44.27446999999999,1510.2689657340968,19.482469657983465,1967.72943545633,win,-0.012900000000009015,-8032.270564543661
2026-03-23 22:40:00+00:00,2026-03-23 23:00:00+00:00,sell,44.26882,44.29936,44.238279999999996,44.29936,644.3121923563198,-19.6772943545633,1948.0521411017667,loss,0.03054000000000201,-8051.947858898224
2026-03-24 02:00:00+00:00,2026-03-24 02:15:00+00:00,buy,44.327180000000006,44.321419999999996,44.332940000000015,44.321419999999996,3382.0349671850986,-19.480521411017666,1928.571619690749,loss,-0.005760000000009313,-8071.428380309241
2026-03-24 04:35:00+00:00,2026-03-24 07:30:00+00:00,buy,44.32717,44.312239999999996,44.34210000000001,44.312239999999996,1291.7425450032647,-19.28571619690749,1909.2859034938415,loss,-0.014930000000006771,-8090.714096506149
2026-03-24 08:00:00+00:00,2026-03-24 22:50:00+00:00,buy,44.3299,44.311659999999996,44.34814000000001,44.311659999999996,1046.757622529185,-19.092859034938414,1890.1930444589032,loss,-0.018240000000005807,-8109.8069555410875
2026-03-25 03:10:00+00:00,2026-03-25 03:15:00+00:00,sell,44.3116,44.322230000000005,44.30096999999999,44.322230000000005,1778.1684331682147,-18.90193044458903,1871.2911140143142,loss,0.010630000000006135,-8128.708885985677
2026-03-25 03:25:00+00:00,2026-03-25 03:45:00+00:00,sell,44.310649999999995,44.328450000000004,44.29284999999999,44.328450000000004,1051.2871427041835,-18.71291114014314,1852.578202874171,loss,0.017800000000008254,-8147.4217971258195
2026-03-25 06:05:00+00:00,2026-03-25 08:00:00+00:00,sell,44.310219999999994,44.328570000000006,44.29186999999998,44.328570000000006,1009.579402110588,-18.52578202874171,1834.0524208454292,loss,0.0183500000000123,-8165.947579154561
2026-03-25 08:10:00+00:00,2026-03-25 22:50:00+00:00,buy,44.334590000000006,44.311949999999996,44.357230000000015,44.311949999999996,810.0938254614127,-18.340524208454294,1815.7118966369749,loss,-0.022640000000009763,-8184.288103363016
2026-03-26 03:20:00+00:00,2026-03-26 20:40:00+00:00,buy,44.344750000000005,44.32709,44.36241000000001,44.32709,1028.149431843891,-18.157118966369747,1797.554777670605,loss,-0.01766000000000645,-8202.445222329385
2026-03-26 23:05:00+00:00,2026-03-26 23:10:00+00:00,buy,44.35483,44.30321,44.40645,44.40645,348.22835677462473,17.97554777670605,1815.530325447311,win,0.05161999999999978,-8184.469674552679
2026-03-26 23:30:00+00:00,2026-03-31 00:00:00+00:00,buy,44.433460000000004,44.30321,44.56371000000001,44.30321,139.38812479441526,-18.15530325447311,1797.3750221928378,loss,-0.13025000000000375,-8202.624977807152
2026-03-31 01:05:00+00:00,2026-03-31 01:10:00+00:00,buy,44.455850000000005,44.450649999999996,44.461050000000014,44.450649999999996,3456.4904272878057,-17.97375022192838,1779.4012719709094,loss,-0.005200000000009197,-8220.598728029081
2026-03-31 01:50:00+00:00,2026-03-31 02:10:00+00:00,buy,44.45976,44.44667,44.47285000000001,44.44667,1359.35926048142,-17.794012719709094,1761.6072592512003,loss,-0.013090000000005375,-8238.39274074879
2026-03-31 04:05:00+00:00,2026-03-31 04:10:00+00:00,buy,44.45955,44.442809999999994,44.476290000000006,44.442809999999994,1052.3340855738325,-17.616072592512005,1743.9911866586883,loss,-0.01674000000000575,-8256.008813341303
2026-03-31 06:00:00+00:00,2026-03-31 20:30:00+00:00,buy,44.458130000000004,44.44002,44.47624000000001,44.44002,962.9989987067903,-17.439911866586883,1726.5512747921014,loss,-0.018110000000007176,-8273.448725207889
2026-03-31 22:10:00+00:00,2026-03-31 22:15:00+00:00,sell,44.42792,44.43238,44.42346,44.42346,3871.191199083967,17.265512747921015,1743.8167875400225,win,-0.004460000000001685,-8256.183212459968
2026-03-31 22:55:00+00:00,2026-03-31 23:00:00+00:00,sell,44.42254,44.43191,44.413169999999994,44.413169999999994,1861.063807405827,17.438167875400225,1761.2549554154227,win,-0.009370000000004097,-8238.745044584568
2026-03-31 23:10:00+00:00,2026-03-31 23:35:00+00:00,sell,44.40043,44.43202,44.36884,44.43202,557.5355984220791,-17.612549554154228,1743.6424058612686,loss,0.03159000000000134,-8256.357594138723
2026-03-31 23:45:00+00:00,2026-03-31 23:50:00+00:00,sell,44.424899999999994,44.432880000000004,44.41691999999998,44.41691999999998,2185.015546189182,17.436424058612687,1761.0788299198812,win,-0.007980000000010534,-8238.92117008011
2026-04-01 01:05:00+00:00,2026-04-01 01:10:00+00:00,sell,44.45422,44.457910000000005,44.45052999999999,44.45052999999999,4772.57135478871,17.610788299198813,1778.6896182190799,win,-0.0036900000000059663,-8221.310381780911
2026-04-01 01:40:00+00:00,2026-04-01 01:50:00+00:00,sell,44.44513,44.46582,44.42444,44.42444,859.6856540449099,17.786896182190798,1796.4765144012706,win,-0.020690000000001874,-8203.52348559872
2026-04-01 02:00:00+00:00,2026-04-01 02:05:00+00:00,sell,44.420849999999994,44.45609,44.385609999999986,44.45609,509.78334687878004,-17.964765144012706,1778.5117492572579,loss,0.03524000000000882,-8221.488250742732
2026-04-01 03:20:00+00:00,2026-04-01 03:25:00+00:00,sell,44.431219999999996,44.43847,44.42396999999999,44.42396999999999,2453.1196541458453,17.785117492572578,1796.2968667498305,win,-0.007250000000006196,-8203.70313325016
2026-04-01 08:25:00+00:00,2026-04-01 08:30:00+00:00,buy,44.460350000000005,44.453469999999996,44.467230000000015,44.467230000000015,2610.896608644387,17.962968667498306,1814.2598354173288,win,0.006880000000009545,-8185.740164582661
2026-04-01 08:40:00+00:00,2026-04-01 08:50:00+00:00,buy,44.46773,44.44401,44.49145000000001,44.44401,764.8650233629814,-18.142598354173288,1796.1172370631555,loss,-0.023720000000004404,-8203.882762936835
2026-04-01 09:00:00+00:00,2026-04-01 23:45:00+00:00,buy,44.46996,44.44237,44.497550000000004,44.44237,651.0029855248002,-17.961172370631555,1778.1560646925238,loss,-0.027590000000003556,-8221.843935307466
2026-04-02 00:05:00+00:00,2026-04-02 23:55:00+00:00,buy,44.46712,44.4358,44.49844,44.4358,567.7382071176477,-17.78156064692524,1760.3745040455985,loss,-0.0313200000000009,-8239.625495954391
2026-04-03 01:05:00+00:00,2026-04-03 01:10:00+00:00,buy,44.496430000000004,44.49042,44.50244000000001,44.50244000000001,2929.0757138845297,17.603745040455987,1777.9782490860546,win,0.0060100000000034015,-8222.021750913935
2026-04-03 02:45:00+00:00,2026-04-03 11:50:00+00:00,buy,44.53596,44.49033,44.581590000000006,44.581590000000006,389.65116131622807,17.779782490860548,1795.758031576915,win,0.045630000000002724,-8204.241968423074
2026-04-03 13:25:00+00:00,2026-04-03 13:30:00+00:00,buy,44.58046,44.575289999999995,44.58563000000001,44.575289999999995,3473.4197902796127,-17.95758031576915,1777.800451261146,loss,-0.00517000000000678,-8222.199548738843
2026-04-03 14:05:00+00:00,2026-04-03 18:00:00+00:00,buy,44.581210000000006,44.574099999999994,44.58832000000002,44.574099999999994,2500.4225756093833,-17.77800451261146,1760.0224467485345,loss,-0.007110000000011496,-8239.977553251454
2026-04-03 22:40:00+00:00,2026-04-03 23:15:00+00:00,buy,44.56647,44.55929,44.57365000000001,44.57365000000001,2451.2847447733106,17.600224467485347,1777.6226712160199,win,0.007180000000005293,-8222.377328783969
2026-04-06 00:55:00+00:00,2026-04-06 01:00:00+00:00,buy,44.567550000000004,44.562189999999994,44.572910000000014,44.562189999999994,3316.460207486235,-17.7762267121602,1759.8464445038596,loss,-0.0053600000000102455,-8240.153555496128
2026-04-06 01:50:00+00:00,2026-04-06 02:00:00+00:00,buy,44.57441,44.55977,44.58905,44.55977,1202.0809047157522,-17.598464445038598,1742.247980058821,loss,-0.014639999999999986,-8257.752019941167
2026-04-06 03:05:00+00:00,2026-04-06 04:15:00+00:00,buy,44.565270000000005,44.551719999999996,44.578820000000015,44.578820000000015,1285.7918672012015,17.42247980058821,1759.6704598594092,win,0.013550000000009277,-8240.329540140578
2026-04-06 04:25:00+00:00,2026-04-06 09:00:00+00:00,buy,44.57954,44.558229999999995,44.60085000000001,44.558229999999995,825.7486906892755,-17.596704598594094,1742.0737552608152,loss,-0.021310000000006823,-8257.926244739172
2026-04-06 11:20:00+00:00,2026-04-09 00:05:00+00:00,buy,44.576640000000005,44.392489999999995,44.760790000000014,44.392489999999995,94.60080126314008,-17.420737552608152,1724.653017708207,loss,-0.18415000000000958,-8275.34698229178
2026-04-09 02:00:00+00:00,2026-04-09 08:10:00+00:00,sell,44.425259999999994,44.50972,44.34079999999999,44.50972,204.19761043192784,-17.24653017708207,1707.4064875311249,loss,0.08446000000000708,-8292.593512468862
2026-04-09 10:05:00+00:00,2026-04-09 10:15:00+00:00,buy,44.555550000000004,44.53725,44.57385000000001,44.57385000000001,933.0090095796693,17.074064875311247,1724.4805524064361,win,0.018300000000003536,-8275.519447593551
2026-04-09 10:25:00+00:00,2026-04-09 19:00:00+00:00,buy,44.57632,44.54615,44.60649000000001,44.54615,571.5878529685548,-17.24480552406436,1707.2357468823718,loss,-0.03017000000000536,-8292.764253117615
2026-04-09 21:25:00+00:00,2026-04-09 22:35:00+00:00,buy,44.54692,44.53209,44.56175,44.56175,1151.2041448968134,17.072357468823718,1724.3081043511954,win,0.014830000000003452,-8275.691895648792
2026-04-09 23:55:00+00:00,2026-04-10 00:00:00+00:00,buy,44.56483,44.53646,44.5932,44.5932,607.7927755907813,17.243081043511953,1741.5511853947073,win,0.02837000000000245,-8258.448814605279
2026-04-10 00:10:00+00:00,2026-04-10 23:45:00+00:00,buy,44.606300000000005,44.53299,44.67961000000001,44.53299,237.55983977554968,-17.415511853947073,1724.1356735407603,loss,-0.07331000000000643,-8275.864326459227
2026-04-13 02:20:00+00:00,2026-04-16 00:05:00+00:00,buy,44.67437,44.55423,44.79451000000001,44.55423,143.5105438272573,-17.241356735407603,1706.8943168053527,loss,-0.12014000000000635,-8293.105683194633
2026-04-16 01:00:00+00:00,2026-04-24 07:55:00+00:00,buy,44.733670000000004,44.473949999999995,44.99339000000001,44.99339000000001,65.72055740048113,17.068943168053526,1723.9632599734061,win,0.2597200000000086,-8276.03674002658
2026-04-24 08:05:00+00:00,2026-04-24 09:25:00+00:00,buy,44.99392,44.975539999999995,45.01230000000001,45.01230000000001,937.9560718023353,17.239632599734062,1741.2028925731402,win,0.018380000000007612,-8258.797107426846
2026-04-24 10:00:00+00:00,2026-04-24 18:50:00+00:00,buy,45.01456,45.00651,45.02261000000001,45.00651,2162.984959717023,-17.412028925731402,1723.7908636474087,loss,-0.008050000000004331,-8276.209136352578
2026-04-24 20:15:00+00:00,2026-04-24 23:00:00+00:00,buy,45.009080000000004,44.99644,45.02172000000001,44.99644,1363.7585946572588,-17.23790863647409,1706.5529550109347,loss,-0.012640000000004648,-8293.447044989052
2026-04-27 01:00:00+00:00,2026-04-27 01:05:00+00:00,buy,45.00464,44.983619999999995,45.02566000000001,44.983619999999995,811.8710537632514,-17.065529550109346,1689.4874254608253,loss,-0.021020000000007144,-8310.512574539162
2026-04-27 05:25:00+00:00,2026-04-27 14:25:00+00:00,buy,45.00685,44.986639999999994,45.027060000000006,44.986639999999994,835.9660690056099,-16.894874254608254,1672.592551206217,loss,-0.020210000000005834,-8327.40744879377
2026-04-27 15:40:00+00:00,2026-04-27 15:45:00+00:00,buy,45.010600000000004,45.00788,45.01332000000001,45.01332000000001,6149.237320602933,16.72592551206217,1689.318476718279,win,0.0027200000000036084,-8310.681523281708
2026-04-27 15:55:00+00:00,2026-04-27 18:40:00+00:00,buy,45.01371,45.00788,45.019540000000006,45.00788,2897.630320269945,-16.89318476718279,1672.4252919510961,loss,-0.0058300000000031105,-8327.57470804889
2026-04-27 21:50:00+00:00,2026-04-27 22:25:00+00:00,buy,45.00741,45.00376,45.01106,45.00376,4581.98710123541,-16.724252919510963,1655.7010390315852,loss,-0.003650000000000375,-8344.298960968403
2026-04-28 01:05:00+00:00,2026-04-28 01:10:00+00:00,buy,45.01344,45.011269999999996,45.01561000000001,45.011269999999996,7629.958705191239,-16.557010390315853,1639.1440286412694,loss,-0.0021700000000066666,-8360.855971358718
2026-04-28 03:05:00+00:00,2026-04-28 03:10:00+00:00,buy,45.00909,45.00656,45.01162,45.01162,6478.830152731924,16.391440286412696,1655.5354689276821,win,0.0025300000000001432,-8344.464531072306
2026-04-28 04:10:00+00:00,2026-04-28 05:05:00+00:00,buy,45.02029,45.00393,45.03665000000001,45.00393,1011.9409956767008,-16.55535468927682,1638.9801142384053,loss,-0.016360000000005925,-8361.019885761583
2026-04-28 07:05:00+00:00,2026-04-28 08:00:00+00:00,buy,45.01961,45.00295,45.03627,45.00295,983.7815811754147,-16.389801142384055,1622.5903130960212,loss,-0.016660000000001673,-8377.409686903968
2026-04-28 08:45:00+00:00,2026-04-29 00:00:00+00:00,buy,45.02275,44.997069999999994,45.04843000000001,45.04843000000001,631.8498103954412,16.225903130960212,1638.8162162269814,win,0.025680000000008363,-8361.183783773007
2026-04-29 00:10:00+00:00,2026-04-30 00:00:00+00:00,buy,45.0488,45.00009,45.09751,45.09751,336.4434851625925,16.388162162269815,1655.2043783892511,win,0.04870999999999981,-8344.795621610738
2026-04-30 00:30:00+00:00,2026-05-08 00:00:00+00:00,buy,45.161820000000006,45.038549999999994,45.28509000000002,45.28509000000002,134.27471228920965,16.55204378389251,1671.7564221731436,win,0.1232700000000122,-8328.243577826845
