[Mon 05/25/2026 11:48:49.07] launching python runner 
Basket loaded: 7 symbols — ['GBPUSD', 'XAUUSD', 'GBPCAD', 'USDMXN', 'EURJPY', 'EURCAD', 'AUDCAD']
Selection criteria: WR_IS >= 48.0% AND fwd_net_$ >= 0.00

Capital plan (policy=equal, total_risk=2.000%):
  GBPUSD   weight=14.29%  risk_per_trade=0.2857%
  XAUUSD   weight=14.29%  risk_per_trade=0.2857%
  GBPCAD   weight=14.29%  risk_per_trade=0.2857%
  USDMXN   weight=14.29%  risk_per_trade=0.2857%
  EURJPY   weight=14.29%  risk_per_trade=0.2857%
  EURCAD   weight=14.29%  risk_per_trade=0.2857%
  AUDCAD   weight=14.29%  risk_per_trade=0.2857%
[portfolio] portfolio_start: basket=['GBPUSD', 'XAUUSD', 'GBPCAD', 'USDMXN', 'EURJPY', 'EURCAD', 'AUDCAD'] policy=equal portfolio_risk=0.02 criteria=WR_IS >= 48.0% AND fwd_net_$ >= 0.00 dry_run=False
[2026-05-25T08:18:51.157496+00:00] bot_start | {'symbol': 'GBPUSD', 'requested_symbol': 'GBPUSD', 'magic': 24000000, 'risk_per_trade': 0.002857, 'risk_reward': 2.0, 'slippage_limit_threshold': 4.0, 'slippage_max_points': 6.0, 'max_spread_points': 200, 'stale_after_seconds': 300, 'heartbeat_interval_seconds': 600, 'rotate_daily_logs': True}
[2026-05-25T08:18:51.169858+00:00] state_recovered | {'adopted_pendings': [], 'adopted_positions': [], 'balance': 961.66, 'equity': 961.66}
[2026-05-25T08:18:51.172752+00:00] bot_start | {'symbol': 'XAUUSD.i', 'requested_symbol': 'XAUUSD', 'magic': 24000001, 'risk_per_trade': 0.002857, 'risk_reward': 2.0, 'slippage_limit_threshold': 4.0, 'slippage_max_points': 6.0, 'max_spread_points': 200, 'stale_after_seconds': 300, 'heartbeat_interval_seconds': 600, 'rotate_daily_logs': True}
[2026-05-25T08:18:51.174723+00:00] state_recovered | {'adopted_pendings': [], 'adopted_positions': [], 'balance': 961.66, 'equity': 961.66}
[2026-05-25T08:18:51.178271+00:00] bot_start | {'symbol': 'GBPCAD.i', 'requested_symbol': 'GBPCAD', 'magic': 24000002, 'risk_per_trade': 0.002857, 'risk_reward': 2.0, 'slippage_limit_threshold': 4.0, 'slippage_max_points': 6.0, 'max_spread_points': 200, 'stale_after_seconds': 300, 'heartbeat_interval_seconds': 600, 'rotate_daily_logs': True}
[2026-05-25T08:18:51.180591+00:00] state_recovered | {'adopted_pendings': [], 'adopted_positions': [], 'balance': 961.66, 'equity': 961.66}
[2026-05-25T08:18:51.182398+00:00] bot_start | {'symbol': 'USDMXN.i', 'requested_symbol': 'USDMXN', 'magic': 24000003, 'risk_per_trade': 0.002857, 'risk_reward': 2.0, 'slippage_limit_threshold': 4.0, 'slippage_max_points': 6.0, 'max_spread_points': 200, 'stale_after_seconds': 300, 'heartbeat_interval_seconds': 600, 'rotate_daily_logs': True}
[2026-05-25T08:18:51.184557+00:00] state_recovered | {'adopted_pendings': [], 'adopted_positions': [], 'balance': 961.66, 'equity': 961.66}
[2026-05-25T08:18:51.187028+00:00] bot_start | {'symbol': 'EURJPY.i', 'requested_symbol': 'EURJPY', 'magic': 24000004, 'risk_per_trade': 0.002857, 'risk_reward': 2.0, 'slippage_limit_threshold': 4.0, 'slippage_max_points': 6.0, 'max_spread_points': 200, 'stale_after_seconds': 300, 'heartbeat_interval_seconds': 600, 'rotate_daily_logs': True}
[2026-05-25T08:18:51.189519+00:00] state_recovered | {'adopted_pendings': [], 'adopted_positions': [], 'balance': 961.66, 'equity': 961.66}
[2026-05-25T08:18:51.191613+00:00] bot_start | {'symbol': 'EURCAD.i', 'requested_symbol': 'EURCAD', 'magic': 24000005, 'risk_per_trade': 0.002857, 'risk_reward': 2.0, 'slippage_limit_threshold': 4.0, 'slippage_max_points': 6.0, 'max_spread_points': 200, 'stale_after_seconds': 300, 'heartbeat_interval_seconds': 600, 'rotate_daily_logs': True}
[2026-05-25T08:18:51.193829+00:00] state_recovered | {'adopted_pendings': [], 'adopted_positions': [], 'balance': 961.66, 'equity': 961.66}
[2026-05-25T08:18:51.196655+00:00] bot_start | {'symbol': 'AUDCAD.i', 'requested_symbol': 'AUDCAD', 'magic': 24000006, 'risk_per_trade': 0.002857, 'risk_reward': 2.0, 'slippage_limit_threshold': 4.0, 'slippage_max_points': 6.0, 'max_spread_points': 200, 'stale_after_seconds': 300, 'heartbeat_interval_seconds': 600, 'rotate_daily_logs': True}
[2026-05-25T08:18:51.200847+00:00] state_recovered | {'adopted_pendings': [], 'adopted_positions': [], 'balance': 961.66, 'equity': 961.66}

Multi-symbol scalper running on 7 symbols. Ctrl+C to stop.
[2026-05-25T08:18:51.204963+00:00] heartbeat | {'uptime_s': 0.0, 'mt5_connected': True, 'mt5_trade_allowed': True, 'tracked_pendings': 0, 'open_positions': 0, 'cooldown_active': False, 'cooldown_remaining_s': 0.0, 'balance': 961.66, 'equity': 961.66}
[2026-05-25T08:18:51.209425+00:00] mt5_connected | {'state': 'healthy', 'connected': True, 'trade_allowed': True, 'ping_ms': 16999, 'recovered_after_failures': 0}
[2026-05-25T08:18:52.594937+00:00] cycle | {'bars_m5': 599, 'bars_h1': 249, 'bars_d1': 119, 'last_bar_time': '2026-05-25 08:10:00+00:00', 'data_age_min': 8.9, 'signal': False, 'risk_per_trade': 0.002857, 'weight': 0.142857}
[2026-05-25T08:18:52.597411+00:00] heartbeat | {'uptime_s': 1.4, 'mt5_connected': True, 'mt5_trade_allowed': True, 'tracked_pendings': 0, 'open_positions': 0, 'cooldown_active': False, 'cooldown_remaining_s': 0.0, 'balance': 961.66, 'equity': 961.66}
[2026-05-25T08:18:53.648090+00:00] cycle | {'bars_m5': 599, 'bars_h1': 249, 'bars_d1': 119, 'last_bar_time': '2026-05-25 08:10:00+00:00', 'data_age_min': 8.9, 'signal': False, 'risk_per_trade': 0.002857, 'weight': 0.142857}
[2026-05-25T08:18:53.651052+00:00] heartbeat | {'uptime_s': 2.5, 'mt5_connected': True, 'mt5_trade_allowed': True, 'tracked_pendings': 0, 'open_positions': 0, 'cooldown_active': False, 'cooldown_remaining_s': 0.0, 'balance': 961.66, 'equity': 961.66}
[2026-05-25T08:18:55.304693+00:00] cycle | {'bars_m5': 599, 'bars_h1': 249, 'bars_d1': 119, 'last_bar_time': '2026-05-24 21:35:00+00:00', 'data_age_min': 643.9, 'signal': False, 'risk_per_trade': 0.002857, 'weight': 0.142857}
[2026-05-25T08:18:55.306022+00:00] skip | {'reason': 'market_closed_or_stale', 'data_age_min': 643.9}
[2026-05-25T08:18:55.308217+00:00] heartbeat | {'uptime_s': 4.1, 'mt5_connected': True, 'mt5_trade_allowed': True, 'tracked_pendings': 0, 'open_positions': 0, 'cooldown_active': False, 'cooldown_remaining_s': 0.0, 'balance': 961.66, 'equity': 961.66}
[2026-05-25T08:18:56.581140+00:00] cycle | {'bars_m5': 599, 'bars_h1': 249, 'bars_d1': 119, 'last_bar_time': '2026-05-24 21:50:00+00:00', 'data_age_min': 628.9, 'signal': False, 'risk_per_trade': 0.002857, 'weight': 0.142857}
[2026-05-25T08:18:56.582803+00:00] skip | {'reason': 'market_closed_or_stale', 'data_age_min': 628.9}
[2026-05-25T08:18:56.585453+00:00] heartbeat | {'uptime_s': 5.4, 'mt5_connected': True, 'mt5_trade_allowed': True, 'tracked_pendings': 0, 'open_positions': 0, 'cooldown_active': False, 'cooldown_remaining_s': 0.0, 'balance': 961.66, 'equity': 961.66}
[2026-05-25T08:18:56.985805+00:00] data_fetch_error | {'error_type': 'RuntimeError', 'error_msg': "No data for EURJPY.i timeframe=5: (-1, 'Terminal: Call failed')"}
[2026-05-25T08:18:56.997794+00:00] heartbeat | {'uptime_s': 5.8, 'mt5_connected': True, 'mt5_trade_allowed': True, 'tracked_pendings': 0, 'open_positions': 0, 'cooldown_active': False, 'cooldown_remaining_s': 0.0, 'balance': 961.66, 'equity': 961.66}
[2026-05-25T08:18:58.330486+00:00] cycle | {'bars_m5': 599, 'bars_h1': 249, 'bars_d1': 119, 'last_bar_time': '2026-05-24 21:30:00+00:00', 'data_age_min': 649.0, 'signal': False, 'risk_per_trade': 0.002857, 'weight': 0.142857}
[2026-05-25T08:18:58.331995+00:00] skip | {'reason': 'market_closed_or_stale', 'data_age_min': 649.0}
[2026-05-25T08:18:58.336595+00:00] heartbeat | {'uptime_s': 7.1, 'mt5_connected': True, 'mt5_trade_allowed': True, 'tracked_pendings': 0, 'open_positions': 0, 'cooldown_active': False, 'cooldown_remaining_s': 0.0, 'balance': 961.66, 'equity': 961.66}
[2026-05-25T08:18:59.757010+00:00] cycle | {'bars_m5': 599, 'bars_h1': 249, 'bars_d1': 119, 'last_bar_time': '2026-05-25 08:10:00+00:00', 'data_age_min': 9.0, 'signal': False, 'risk_per_trade': 0.002857, 'weight': 0.142857}
[portfolio] cycle_complete: symbols=7 signals=0 placed=0 skipped=4 elapsed_s=8.56 per_symbol=[{'symbol': 'GBPUSD', 'signal': False}, {'symbol': 'XAUUSD', 'signal': False}, {'symbol': 'GBPCAD', 'skipped': 'stale', 'age_min': 643.9}, {'symbol': 'USDMXN', 'skipped': 'stale', 'age_min': 628.9}, {'symbol': 'EURJPY', 'skipped': 'data_fetch_error', 'error': "No data for EURJPY.i timeframe=5: (-1, 'Terminal: Call failed')"}, {'symbol': 'EURCAD', 'skipped': 'stale', 'age_min': 649.0}, {'symbol': 'AUDCAD', 'signal': False}]
  → sleeping 61s until next M5 close ...
[2026-05-25T08:20:00.631482+00:00] cycle | {'bars_m5': 599, 'bars_h1': 249, 'bars_d1': 119, 'last_bar_time': '2026-05-25 08:15:00+00:00', 'data_age_min': 5.0, 'signal': False, 'risk_per_trade': 0.002857, 'weight': 0.142857}
[2026-05-25T08:20:00.754005+00:00] cycle | {'bars_m5': 599, 'bars_h1': 249, 'bars_d1': 119, 'last_bar_time': '2026-05-25 08:15:00+00:00', 'data_age_min': 5.0, 'signal': False, 'risk_per_trade': 0.002857, 'weight': 0.142857}
[2026-05-25T08:20:00.975470+00:00] cycle | {'bars_m5': 599, 'bars_h1': 249, 'bars_d1': 119, 'last_bar_time': '2026-05-25 08:15:00+00:00', 'data_age_min': 5.0, 'signal': False, 'risk_per_trade': 0.002857, 'weight': 0.142857}
[2026-05-25T08:20:01.194993+00:00] cycle | {'bars_m5': 599, 'bars_h1': 249, 'bars_d1': 119, 'last_bar_time': '2026-05-25 08:15:00+00:00', 'data_age_min': 5.0, 'signal': False, 'risk_per_trade': 0.002857, 'weight': 0.142857}
[2026-05-25T08:20:02.069897+00:00] cycle | {'bars_m5': 599, 'bars_h1': 249, 'bars_d1': 119, 'last_bar_time': '2026-05-24 21:25:00+00:00', 'data_age_min': 655.0, 'signal': False, 'risk_per_trade': 0.002857, 'weight': 0.142857}
[2026-05-25T08:20:02.071657+00:00] skip | {'reason': 'market_closed_or_stale', 'data_age_min': 655.0}
[2026-05-25T08:20:02.288518+00:00] cycle | {'bars_m5': 599, 'bars_h1': 249, 'bars_d1': 119, 'last_bar_time': '2026-05-25 08:15:00+00:00', 'data_age_min': 5.0, 'signal': False, 'risk_per_trade': 0.002857, 'weight': 0.142857}
[2026-05-25T08:20:02.414852+00:00] cycle | {'bars_m5': 599, 'bars_h1': 249, 'bars_d1': 119, 'last_bar_time': '2026-05-25 08:15:00+00:00', 'data_age_min': 5.0, 'signal': False, 'risk_per_trade': 0.002857, 'weight': 0.142857}
[portfolio] cycle_complete: symbols=7 signals=0 placed=0 skipped=1 elapsed_s=1.92 per_symbol=[{'symbol': 'GBPUSD', 'signal': False}, {'symbol': 'XAUUSD', 'signal': False}, {'symbol': 'GBPCAD', 'signal': False}, {'symbol': 'USDMXN', 'signal': False}, {'symbol': 'EURJPY', 'skipped': 'stale', 'age_min': 655.0}, {'symbol': 'EURCAD', 'signal': False}, {'symbol': 'AUDCAD', 'signal': False}]
  → sleeping 298s until next M5 close ...
[2026-05-25T08:25:00.632184+00:00] cycle | {'bars_m5': 599, 'bars_h1': 249, 'bars_d1': 119, 'last_bar_time': '2026-05-25 08:20:00+00:00', 'data_age_min': 5.0, 'signal': False, 'risk_per_trade': 0.002857, 'weight': 0.142857}
[2026-05-25T08:25:00.773399+00:00] cycle | {'bars_m5': 599, 'bars_h1': 249, 'bars_d1': 119, 'last_bar_time': '2026-05-25 08:20:00+00:00', 'data_age_min': 5.0, 'signal': False, 'risk_per_trade': 0.002857, 'weight': 0.142857}
[2026-05-25T08:25:00.908638+00:00] cycle | {'bars_m5': 599, 'bars_h1': 249, 'bars_d1': 119, 'last_bar_time': '2026-05-25 08:20:00+00:00', 'data_age_min': 5.0, 'signal': False, 'risk_per_trade': 0.002857, 'weight': 0.142857}
[2026-05-25T08:25:01.031778+00:00] cycle | {'bars_m5': 599, 'bars_h1': 249, 'bars_d1': 119, 'last_bar_time': '2026-05-25 08:20:00+00:00', 'data_age_min': 5.0, 'signal': False, 'risk_per_trade': 0.002857, 'weight': 0.142857}
[2026-05-25T08:25:01.274029+00:00] cycle | {'bars_m5': 599, 'bars_h1': 249, 'bars_d1': 119, 'last_bar_time': '2026-05-25 08:20:00+00:00', 'data_age_min': 5.0, 'signal': False, 'risk_per_trade': 0.002857, 'weight': 0.142857}
[2026-05-25T08:25:01.432498+00:00] cycle | {'bars_m5': 599, 'bars_h1': 249, 'bars_d1': 119, 'last_bar_time': '2026-05-25 08:20:00+00:00', 'data_age_min': 5.0, 'signal': False, 'risk_per_trade': 0.002857, 'weight': 0.142857}
[2026-05-25T08:25:01.554339+00:00] cycle | {'bars_m5': 599, 'bars_h1': 249, 'bars_d1': 119, 'last_bar_time': '2026-05-25 08:20:00+00:00', 'data_age_min': 5.0, 'signal': False, 'risk_per_trade': 0.002857, 'weight': 0.142857}
[portfolio] cycle_complete: symbols=7 signals=0 placed=0 skipped=0 elapsed_s=1.06 per_symbol=[{'symbol': 'GBPUSD', 'signal': False}, {'symbol': 'XAUUSD', 'signal': False}, {'symbol': 'GBPCAD', 'signal': False}, {'symbol': 'USDMXN', 'signal': False}, {'symbol': 'EURJPY', 'signal': False}, {'symbol': 'EURCAD', 'signal': False}, {'symbol': 'AUDCAD', 'signal': False}]
  → sleeping 299s until next M5 close ...
[2026-05-25T08:30:00.503270+00:00] heartbeat | {'uptime_s': 669.3, 'mt5_connected': True, 'mt5_trade_allowed': True, 'tracked_pendings': 0, 'open_positions': 0, 'cooldown_active': False, 'cooldown_remaining_s': 0.0, 'balance': 961.66, 'equity': 961.66}
[2026-05-25T08:30:00.505952+00:00] mt5_connected | {'state': 'healthy', 'periodic': True, 'connected': True, 'trade_allowed': True, 'ping_ms': 16999}
[2026-05-25T08:30:00.638536+00:00] cycle | {'bars_m5': 599, 'bars_h1': 249, 'bars_d1': 119, 'last_bar_time': '2026-05-25 08:25:00+00:00', 'data_age_min': 5.0, 'signal': False, 'risk_per_trade': 0.002857, 'weight': 0.142857}
[2026-05-25T08:30:00.641537+00:00] heartbeat | {'uptime_s': 669.5, 'mt5_connected': True, 'mt5_trade_allowed': True, 'tracked_pendings': 0, 'open_positions': 0, 'cooldown_active': False, 'cooldown_remaining_s': 0.0, 'balance': 961.66, 'equity': 961.66}
[2026-05-25T08:30:00.794888+00:00] cycle | {'bars_m5': 599, 'bars_h1': 249, 'bars_d1': 119, 'last_bar_time': '2026-05-25 08:25:00+00:00', 'data_age_min': 5.0, 'signal': False, 'risk_per_trade': 0.002857, 'weight': 0.142857}
[2026-05-25T08:30:00.797906+00:00] heartbeat | {'uptime_s': 669.6, 'mt5_connected': True, 'mt5_trade_allowed': True, 'tracked_pendings': 0, 'open_positions': 0, 'cooldown_active': False, 'cooldown_remaining_s': 0.0, 'balance': 961.66, 'equity': 961.66}
[2026-05-25T08:30:00.937141+00:00] cycle | {'bars_m5': 599, 'bars_h1': 249, 'bars_d1': 119, 'last_bar_time': '2026-05-25 08:25:00+00:00', 'data_age_min': 5.0, 'signal': False, 'risk_per_trade': 0.002857, 'weight': 0.142857}
[2026-05-25T08:30:00.940595+00:00] heartbeat | {'uptime_s': 669.8, 'mt5_connected': True, 'mt5_trade_allowed': True, 'tracked_pendings': 0, 'open_positions': 0, 'cooldown_active': False, 'cooldown_remaining_s': 0.0, 'balance': 961.66, 'equity': 961.66}
[2026-05-25T08:30:01.090630+00:00] cycle | {'bars_m5': 599, 'bars_h1': 249, 'bars_d1': 119, 'last_bar_time': '2026-05-25 08:25:00+00:00', 'data_age_min': 5.0, 'signal': False, 'risk_per_trade': 0.002857, 'weight': 0.142857}
[2026-05-25T08:30:01.093262+00:00] heartbeat | {'uptime_s': 669.9, 'mt5_connected': True, 'mt5_trade_allowed': True, 'tracked_pendings': 0, 'open_positions': 0, 'cooldown_active': False, 'cooldown_remaining_s': 0.0, 'balance': 961.66, 'equity': 961.66}
[2026-05-25T08:30:01.228690+00:00] cycle | {'bars_m5': 599, 'bars_h1': 249, 'bars_d1': 119, 'last_bar_time': '2026-05-25 08:25:00+00:00', 'data_age_min': 5.0, 'signal': False, 'risk_per_trade': 0.002857, 'weight': 0.142857}
[2026-05-25T08:30:01.231822+00:00] heartbeat | {'uptime_s': 670.0, 'mt5_connected': True, 'mt5_trade_allowed': True, 'tracked_pendings': 0, 'open_positions': 0, 'cooldown_active': False, 'cooldown_remaining_s': 0.0, 'balance': 961.66, 'equity': 961.66}
[2026-05-25T08:30:01.351960+00:00] cycle | {'bars_m5': 599, 'bars_h1': 249, 'bars_d1': 119, 'last_bar_time': '2026-05-25 08:25:00+00:00', 'data_age_min': 5.0, 'signal': False, 'risk_per_trade': 0.002857, 'weight': 0.142857}
[2026-05-25T08:30:01.355159+00:00] heartbeat | {'uptime_s': 670.2, 'mt5_connected': True, 'mt5_trade_allowed': True, 'tracked_pendings': 0, 'open_positions': 0, 'cooldown_active': False, 'cooldown_remaining_s': 0.0, 'balance': 961.66, 'equity': 961.66}
[2026-05-25T08:30:01.488652+00:00] cycle | {'bars_m5': 599, 'bars_h1': 249, 'bars_d1': 119, 'last_bar_time': '2026-05-25 08:25:00+00:00', 'data_age_min': 5.0, 'signal': False, 'risk_per_trade': 0.002857, 'weight': 0.142857}
[portfolio] cycle_complete: symbols=7 signals=0 placed=0 skipped=0 elapsed_s=0.99 per_symbol=[{'symbol': 'GBPUSD', 'signal': False}, {'symbol': 'XAUUSD', 'signal': False}, {'symbol': 'GBPCAD', 'signal': False}, {'symbol': 'USDMXN', 'signal': False}, {'symbol': 'EURJPY', 'signal': False}, {'symbol': 'EURCAD', 'signal': False}, {'symbol': 'AUDCAD', 'signal': False}]
  → sleeping 299s until next M5 close ...
[2026-05-25T08:35:00.672063+00:00] cycle | {'bars_m5': 599, 'bars_h1': 249, 'bars_d1': 119, 'last_bar_time': '2026-05-25 08:30:00+00:00', 'data_age_min': 5.0, 'signal': False, 'risk_per_trade': 0.002857, 'weight': 0.142857}
[2026-05-25T08:35:00.813551+00:00] cycle | {'bars_m5': 599, 'bars_h1': 249, 'bars_d1': 119, 'last_bar_time': '2026-05-25 08:30:00+00:00', 'data_age_min': 5.0, 'signal': False, 'risk_per_trade': 0.002857, 'weight': 0.142857}
[2026-05-25T08:35:00.957686+00:00] cycle | {'bars_m5': 599, 'bars_h1': 249, 'bars_d1': 119, 'last_bar_time': '2026-05-25 08:30:00+00:00', 'data_age_min': 5.0, 'signal': False, 'risk_per_trade': 0.002857, 'weight': 0.142857}
[2026-05-25T08:35:01.102739+00:00] cycle | {'bars_m5': 599, 'bars_h1': 249, 'bars_d1': 119, 'last_bar_time': '2026-05-25 08:30:00+00:00', 'data_age_min': 5.0, 'signal': False, 'risk_per_trade': 0.002857, 'weight': 0.142857}
[2026-05-25T08:35:01.254058+00:00] cycle | {'bars_m5': 599, 'bars_h1': 249, 'bars_d1': 119, 'last_bar_time': '2026-05-25 08:30:00+00:00', 'data_age_min': 5.0, 'signal': False, 'risk_per_trade': 0.002857, 'weight': 0.142857}
[2026-05-25T08:35:01.384807+00:00] cycle | {'bars_m5': 599, 'bars_h1': 249, 'bars_d1': 119, 'last_bar_time': '2026-05-25 08:30:00+00:00', 'data_age_min': 5.0, 'signal': False, 'risk_per_trade': 0.002857, 'weight': 0.142857}
[2026-05-25T08:35:01.521801+00:00] cycle | {'bars_m5': 599, 'bars_h1': 249, 'bars_d1': 119, 'last_bar_time': '2026-05-25 08:30:00+00:00', 'data_age_min': 5.0, 'signal': False, 'risk_per_trade': 0.002857, 'weight': 0.142857}
[portfolio] cycle_complete: symbols=7 signals=0 placed=0 skipped=0 elapsed_s=1.02 per_symbol=[{'symbol': 'GBPUSD', 'signal': False}, {'symbol': 'XAUUSD', 'signal': False}, {'symbol': 'GBPCAD', 'signal': False}, {'symbol': 'USDMXN', 'signal': False}, {'symbol': 'EURJPY', 'signal': False}, {'symbol': 'EURCAD', 'signal': False}, {'symbol': 'AUDCAD', 'signal': False}]
  → sleeping 299s until next M5 close ...
[2026-05-25T08:40:00.642712+00:00] cycle | {'bars_m5': 599, 'bars_h1': 249, 'bars_d1': 119, 'last_bar_time': '2026-05-25 08:35:00+00:00', 'data_age_min': 5.0, 'signal': False, 'risk_per_trade': 0.002857, 'weight': 0.142857}
[2026-05-25T08:40:00.647852+00:00] heartbeat | {'uptime_s': 1269.5, 'mt5_connected': True, 'mt5_trade_allowed': True, 'tracked_pendings': 0, 'open_positions': 0, 'cooldown_active': False, 'cooldown_remaining_s': 0.0, 'balance': 961.66, 'equity': 961.66}
[2026-05-25T08:40:00.655784+00:00] mt5_connected | {'state': 'healthy', 'periodic': True, 'connected': True, 'trade_allowed': True, 'ping_ms': 16999}
[2026-05-25T08:40:00.821730+00:00] cycle | {'bars_m5': 599, 'bars_h1': 249, 'bars_d1': 119, 'last_bar_time': '2026-05-25 08:35:00+00:00', 'data_age_min': 5.0, 'signal': False, 'risk_per_trade': 0.002857, 'weight': 0.142857}
[2026-05-25T08:40:00.824771+00:00] heartbeat | {'uptime_s': 1269.6, 'mt5_connected': True, 'mt5_trade_allowed': True, 'tracked_pendings': 0, 'open_positions': 0, 'cooldown_active': False, 'cooldown_remaining_s': 0.0, 'balance': 961.66, 'equity': 961.66}
[2026-05-25T08:40:00.974203+00:00] cycle | {'bars_m5': 599, 'bars_h1': 249, 'bars_d1': 119, 'last_bar_time': '2026-05-25 08:35:00+00:00', 'data_age_min': 5.0, 'signal': False, 'risk_per_trade': 0.002857, 'weight': 0.142857}
[2026-05-25T08:40:00.977369+00:00] heartbeat | {'uptime_s': 1269.8, 'mt5_connected': True, 'mt5_trade_allowed': True, 'tracked_pendings': 0, 'open_positions': 0, 'cooldown_active': False, 'cooldown_remaining_s': 0.0, 'balance': 961.66, 'equity': 961.66}
[2026-05-25T08:40:01.105500+00:00] cycle | {'bars_m5': 599, 'bars_h1': 249, 'bars_d1': 119, 'last_bar_time': '2026-05-25 08:35:00+00:00', 'data_age_min': 5.0, 'signal': False, 'risk_per_trade': 0.002857, 'weight': 0.142857}
[2026-05-25T08:40:01.108676+00:00] heartbeat | {'uptime_s': 1269.9, 'mt5_connected': True, 'mt5_trade_allowed': True, 'tracked_pendings': 0, 'open_positions': 0, 'cooldown_active': False, 'cooldown_remaining_s': 0.0, 'balance': 961.66, 'equity': 961.66}
[2026-05-25T08:40:01.248069+00:00] cycle | {'bars_m5': 599, 'bars_h1': 249, 'bars_d1': 119, 'last_bar_time': '2026-05-25 08:35:00+00:00', 'data_age_min': 5.0, 'signal': False, 'risk_per_trade': 0.002857, 'weight': 0.142857}
[2026-05-25T08:40:01.251535+00:00] heartbeat | {'uptime_s': 1270.1, 'mt5_connected': True, 'mt5_trade_allowed': True, 'tracked_pendings': 0, 'open_positions': 0, 'cooldown_active': False, 'cooldown_remaining_s': 0.0, 'balance': 961.66, 'equity': 961.66}
[2026-05-25T08:40:01.388532+00:00] cycle | {'bars_m5': 599, 'bars_h1': 249, 'bars_d1': 119, 'last_bar_time': '2026-05-25 08:35:00+00:00', 'data_age_min': 5.0, 'signal': False, 'risk_per_trade': 0.002857, 'weight': 0.142857}
[2026-05-25T08:40:01.392161+00:00] heartbeat | {'uptime_s': 1270.2, 'mt5_connected': True, 'mt5_trade_allowed': True, 'tracked_pendings': 0, 'open_positions': 0, 'cooldown_active': False, 'cooldown_remaining_s': 0.0, 'balance': 961.66, 'equity': 961.66}
[2026-05-25T08:40:01.539548+00:00] cycle | {'bars_m5': 599, 'bars_h1': 249, 'bars_d1': 119, 'last_bar_time': '2026-05-25 08:35:00+00:00', 'data_age_min': 5.0, 'signal': False, 'risk_per_trade': 0.002857, 'weight': 0.142857}
[portfolio] cycle_complete: symbols=7 signals=0 placed=0 skipped=0 elapsed_s=1.04 per_symbol=[{'symbol': 'GBPUSD', 'signal': False}, {'symbol': 'XAUUSD', 'signal': False}, {'symbol': 'GBPCAD', 'signal': False}, {'symbol': 'USDMXN', 'signal': False}, {'symbol': 'EURJPY', 'signal': False}, {'symbol': 'EURCAD', 'signal': False}, {'symbol': 'AUDCAD', 'signal': False}]
  → sleeping 299s until next M5 close ...
[2026-05-25T08:45:00.505103+00:00] heartbeat | {'uptime_s': 1569.3, 'mt5_connected': True, 'mt5_trade_allowed': True, 'tracked_pendings': 0, 'open_positions': 0, 'cooldown_active': False, 'cooldown_remaining_s': 0.0, 'balance': 961.66, 'equity': 961.66}
[2026-05-25T08:45:00.630103+00:00] cycle | {'bars_m5': 599, 'bars_h1': 249, 'bars_d1': 119, 'last_bar_time': '2026-05-25 08:40:00+00:00', 'data_age_min': 5.0, 'signal': False, 'risk_per_trade': 0.002857, 'weight': 0.142857}
[2026-05-25T08:45:00.755430+00:00] cycle | {'bars_m5': 599, 'bars_h1': 249, 'bars_d1': 119, 'last_bar_time': '2026-05-25 08:40:00+00:00', 'data_age_min': 5.0, 'signal': False, 'risk_per_trade': 0.002857, 'weight': 0.142857}
[2026-05-25T08:45:00.875977+00:00] cycle | {'bars_m5': 599, 'bars_h1': 249, 'bars_d1': 119, 'last_bar_time': '2026-05-25 08:40:00+00:00', 'data_age_min': 5.0, 'signal': False, 'risk_per_trade': 0.002857, 'weight': 0.142857}
[2026-05-25T08:45:01.030129+00:00] cycle | {'bars_m5': 599, 'bars_h1': 249, 'bars_d1': 119, 'last_bar_time': '2026-05-25 08:40:00+00:00', 'data_age_min': 5.0, 'signal': False, 'risk_per_trade': 0.002857, 'weight': 0.142857}
[2026-05-25T08:45:01.195034+00:00] cycle | {'bars_m5': 599, 'bars_h1': 249, 'bars_d1': 119, 'last_bar_time': '2026-05-25 08:40:00+00:00', 'data_age_min': 5.0, 'signal': False, 'risk_per_trade': 0.002857, 'weight': 0.142857}
[2026-05-25T08:45:01.314701+00:00] cycle | {'bars_m5': 599, 'bars_h1': 249, 'bars_d1': 119, 'last_bar_time': '2026-05-25 08:40:00+00:00', 'data_age_min': 5.0, 'signal': False, 'risk_per_trade': 0.002857, 'weight': 0.142857}
[2026-05-25T08:45:01.454252+00:00] cycle | {'bars_m5': 599, 'bars_h1': 249, 'bars_d1': 119, 'last_bar_time': '2026-05-25 08:40:00+00:00', 'data_age_min': 5.0, 'signal': False, 'risk_per_trade': 0.002857, 'weight': 0.142857}
[portfolio] cycle_complete: symbols=7 signals=0 placed=0 skipped=0 elapsed_s=0.95 per_symbol=[{'symbol': 'GBPUSD', 'signal': False}, {'symbol': 'XAUUSD', 'signal': False}, {'symbol': 'GBPCAD', 'signal': False}, {'symbol': 'USDMXN', 'signal': False}, {'symbol': 'EURJPY', 'signal': False}, {'symbol': 'EURCAD', 'signal': False}, {'symbol': 'AUDCAD', 'signal': False}]
  → sleeping 299s until next M5 close ...
[2026-05-25T08:50:00.621814+00:00] cycle | {'bars_m5': 599, 'bars_h1': 249, 'bars_d1': 119, 'last_bar_time': '2026-05-25 08:45:00+00:00', 'data_age_min': 5.0, 'signal': False, 'risk_per_trade': 0.002857, 'weight': 0.142857}
[2026-05-25T08:50:00.740772+00:00] cycle | {'bars_m5': 599, 'bars_h1': 249, 'bars_d1': 119, 'last_bar_time': '2026-05-25 08:45:00+00:00', 'data_age_min': 5.0, 'signal': False, 'risk_per_trade': 0.002857, 'weight': 0.142857}
[2026-05-25T08:50:00.743158+00:00] mt5_connected | {'state': 'healthy', 'periodic': True, 'connected': True, 'trade_allowed': True, 'ping_ms': 16999}
[2026-05-25T08:50:00.857817+00:00] cycle | {'bars_m5': 599, 'bars_h1': 249, 'bars_d1': 119, 'last_bar_time': '2026-05-25 08:45:00+00:00', 'data_age_min': 5.0, 'signal': False, 'risk_per_trade': 0.002857, 'weight': 0.142857}
[2026-05-25T08:50:01.010322+00:00] cycle | {'bars_m5': 599, 'bars_h1': 249, 'bars_d1': 119, 'last_bar_time': '2026-05-25 08:40:00+00:00', 'data_age_min': 10.0, 'signal': False, 'risk_per_trade': 0.002857, 'weight': 0.142857}
[2026-05-25T08:50:01.135279+00:00] cycle | {'bars_m5': 599, 'bars_h1': 249, 'bars_d1': 119, 'last_bar_time': '2026-05-25 08:45:00+00:00', 'data_age_min': 5.0, 'signal': False, 'risk_per_trade': 0.002857, 'weight': 0.142857}
[2026-05-25T08:50:01.267172+00:00] cycle | {'bars_m5': 599, 'bars_h1': 249, 'bars_d1': 119, 'last_bar_time': '2026-05-25 08:45:00+00:00', 'data_age_min': 5.0, 'signal': False, 'risk_per_trade': 0.002857, 'weight': 0.142857}
[2026-05-25T08:50:01.398866+00:00] cycle | {'bars_m5': 599, 'bars_h1': 249, 'bars_d1': 119, 'last_bar_time': '2026-05-25 08:45:00+00:00', 'data_age_min': 5.0, 'signal': False, 'risk_per_trade': 0.002857, 'weight': 0.142857}
[portfolio] cycle_complete: symbols=7 signals=0 placed=0 skipped=0 elapsed_s=0.9 per_symbol=[{'symbol': 'GBPUSD', 'signal': False}, {'symbol': 'XAUUSD', 'signal': False}, {'symbol': 'GBPCAD', 'signal': False}, {'symbol': 'USDMXN', 'signal': False}, {'symbol': 'EURJPY', 'signal': False}, {'symbol': 'EURCAD', 'signal': False}, {'symbol': 'AUDCAD', 'signal': False}]
  → sleeping 299s until next M5 close ...
[2026-05-25T08:55:00.633159+00:00] cycle | {'bars_m5': 599, 'bars_h1': 249, 'bars_d1': 119, 'last_bar_time': '2026-05-25 08:50:00+00:00', 'data_age_min': 5.0, 'signal': False, 'risk_per_trade': 0.002857, 'weight': 0.142857}
[2026-05-25T08:55:00.636891+00:00] heartbeat | {'uptime_s': 2169.5, 'mt5_connected': True, 'mt5_trade_allowed': True, 'tracked_pendings': 0, 'open_positions': 0, 'cooldown_active': False, 'cooldown_remaining_s': 0.0, 'balance': 961.66, 'equity': 961.66}
[2026-05-25T08:55:00.776179+00:00] cycle | {'bars_m5': 599, 'bars_h1': 249, 'bars_d1': 119, 'last_bar_time': '2026-05-25 08:45:00+00:00', 'data_age_min': 10.0, 'signal': False, 'risk_per_trade': 0.002857, 'weight': 0.142857}
[2026-05-25T08:55:00.779295+00:00] heartbeat | {'uptime_s': 2169.6, 'mt5_connected': True, 'mt5_trade_allowed': True, 'tracked_pendings': 0, 'open_positions': 0, 'cooldown_active': False, 'cooldown_remaining_s': 0.0, 'balance': 961.66, 'equity': 961.66}
[2026-05-25T08:55:00.897193+00:00] cycle | {'bars_m5': 599, 'bars_h1': 249, 'bars_d1': 119, 'last_bar_time': '2026-05-25 08:50:00+00:00', 'data_age_min': 5.0, 'signal': False, 'risk_per_trade': 0.002857, 'weight': 0.142857}
[2026-05-25T08:55:00.900181+00:00] heartbeat | {'uptime_s': 2169.7, 'mt5_connected': True, 'mt5_trade_allowed': True, 'tracked_pendings': 0, 'open_positions': 0, 'cooldown_active': False, 'cooldown_remaining_s': 0.0, 'balance': 961.66, 'equity': 961.66}
[2026-05-25T08:55:01.036256+00:00] cycle | {'bars_m5': 599, 'bars_h1': 249, 'bars_d1': 119, 'last_bar_time': '2026-05-25 08:45:00+00:00', 'data_age_min': 10.0, 'signal': False, 'risk_per_trade': 0.002857, 'weight': 0.142857}
[2026-05-25T08:55:01.040113+00:00] heartbeat | {'uptime_s': 2169.8, 'mt5_connected': True, 'mt5_trade_allowed': True, 'tracked_pendings': 0, 'open_positions': 0, 'cooldown_active': False, 'cooldown_remaining_s': 0.0, 'balance': 961.66, 'equity': 961.66}
[2026-05-25T08:55:01.165245+00:00] cycle | {'bars_m5': 599, 'bars_h1': 249, 'bars_d1': 119, 'last_bar_time': '2026-05-25 08:50:00+00:00', 'data_age_min': 5.0, 'signal': False, 'risk_per_trade': 0.002857, 'weight': 0.142857}
[2026-05-25T08:55:01.168055+00:00] heartbeat | {'uptime_s': 2170.0, 'mt5_connected': True, 'mt5_trade_allowed': True, 'tracked_pendings': 0, 'open_positions': 0, 'cooldown_active': False, 'cooldown_remaining_s': 0.0, 'balance': 961.66, 'equity': 961.66}
[2026-05-25T08:55:01.281299+00:00] cycle | {'bars_m5': 599, 'bars_h1': 249, 'bars_d1': 119, 'last_bar_time': '2026-05-25 08:50:00+00:00', 'data_age_min': 5.0, 'signal': False, 'risk_per_trade': 0.002857, 'weight': 0.142857}
[2026-05-25T08:55:01.284108+00:00] heartbeat | {'uptime_s': 2170.1, 'mt5_connected': True, 'mt5_trade_allowed': True, 'tracked_pendings': 0, 'open_positions': 0, 'cooldown_active': False, 'cooldown_remaining_s': 0.0, 'balance': 961.66, 'equity': 961.66}
[2026-05-25T08:55:01.438135+00:00] cycle | {'bars_m5': 599, 'bars_h1': 249, 'bars_d1': 119, 'last_bar_time': '2026-05-25 08:50:00+00:00', 'data_age_min': 5.0, 'signal': False, 'risk_per_trade': 0.002857, 'weight': 0.142857}
[portfolio] cycle_complete: symbols=7 signals=0 placed=0 skipped=0 elapsed_s=0.94 per_symbol=[{'symbol': 'GBPUSD', 'signal': False}, {'symbol': 'XAUUSD', 'signal': False}, {'symbol': 'GBPCAD', 'signal': False}, {'symbol': 'USDMXN', 'signal': False}, {'symbol': 'EURJPY', 'signal': False}, {'symbol': 'EURCAD', 'signal': False}, {'symbol': 'AUDCAD', 'signal': False}]
  → sleeping 299s until next M5 close ...
[2026-05-25T09:00:00.500890+00:00] heartbeat | {'uptime_s': 2469.3, 'mt5_connected': True, 'mt5_trade_allowed': True, 'tracked_pendings': 0, 'open_positions': 0, 'cooldown_active': False, 'cooldown_remaining_s': 0.0, 'balance': 961.66, 'equity': 961.66}
[2026-05-25T09:00:00.652218+00:00] cycle | {'bars_m5': 599, 'bars_h1': 249, 'bars_d1': 119, 'last_bar_time': '2026-05-25 08:55:00+00:00', 'data_age_min': 5.0, 'signal': False, 'risk_per_trade': 0.002857, 'weight': 0.142857}
[2026-05-25T09:00:00.794449+00:00] cycle | {'bars_m5': 599, 'bars_h1': 249, 'bars_d1': 119, 'last_bar_time': '2026-05-25 08:50:00+00:00', 'data_age_min': 10.0, 'signal': False, 'risk_per_trade': 0.002857, 'weight': 0.142857}
[2026-05-25T09:00:00.798341+00:00] mt5_connected | {'state': 'healthy', 'periodic': True, 'connected': True, 'trade_allowed': True, 'ping_ms': 16999}
[2026-05-25T09:00:00.913875+00:00] cycle | {'bars_m5': 599, 'bars_h1': 249, 'bars_d1': 119, 'last_bar_time': '2026-05-25 08:55:00+00:00', 'data_age_min': 5.0, 'signal': False, 'risk_per_trade': 0.002857, 'weight': 0.142857}
[2026-05-25T09:00:01.059356+00:00] cycle | {'bars_m5': 599, 'bars_h1': 249, 'bars_d1': 119, 'last_bar_time': '2026-05-25 08:55:00+00:00', 'data_age_min': 5.0, 'signal': False, 'risk_per_trade': 0.002857, 'weight': 0.142857}
[2026-05-25T09:00:01.197862+00:00] cycle | {'bars_m5': 599, 'bars_h1': 249, 'bars_d1': 119, 'last_bar_time': '2026-05-25 08:55:00+00:00', 'data_age_min': 5.0, 'signal': False, 'risk_per_trade': 0.002857, 'weight': 0.142857}
[2026-05-25T09:00:01.352654+00:00] cycle | {'bars_m5': 599, 'bars_h1': 249, 'bars_d1': 119, 'last_bar_time': '2026-05-25 08:55:00+00:00', 'data_age_min': 5.0, 'signal': False, 'risk_per_trade': 0.002857, 'weight': 0.142857}
[2026-05-25T09:00:01.481368+00:00] cycle | {'bars_m5': 599, 'bars_h1': 249, 'bars_d1': 119, 'last_bar_time': '2026-05-25 08:55:00+00:00', 'data_age_min': 5.0, 'signal': False, 'risk_per_trade': 0.002857, 'weight': 0.142857}
[portfolio] cycle_complete: symbols=7 signals=0 placed=0 skipped=0 elapsed_s=0.98 per_symbol=[{'symbol': 'GBPUSD', 'signal': False}, {'symbol': 'XAUUSD', 'signal': False}, {'symbol': 'GBPCAD', 'signal': False}, {'symbol': 'USDMXN', 'signal': False}, {'symbol': 'EURJPY', 'signal': False}, {'symbol': 'EURCAD', 'signal': False}, {'symbol': 'AUDCAD', 'signal': False}]
  → sleeping 299s until next M5 close ...
[2026-05-25T09:05:00.628324+00:00] cycle | {'bars_m5': 599, 'bars_h1': 249, 'bars_d1': 119, 'last_bar_time': '2026-05-25 09:00:00+00:00', 'data_age_min': 5.0, 'signal': False, 'risk_per_trade': 0.002857, 'weight': 0.142857}
[2026-05-25T09:05:00.771796+00:00] cycle | {'bars_m5': 599, 'bars_h1': 249, 'bars_d1': 119, 'last_bar_time': '2026-05-25 09:00:00+00:00', 'data_age_min': 5.0, 'signal': False, 'risk_per_trade': 0.002857, 'weight': 0.142857}
[2026-05-25T09:05:00.906762+00:00] cycle | {'bars_m5': 599, 'bars_h1': 249, 'bars_d1': 119, 'last_bar_time': '2026-05-25 09:00:00+00:00', 'data_age_min': 5.0, 'signal': False, 'risk_per_trade': 0.002857, 'weight': 0.142857}
[2026-05-25T09:05:00.911545+00:00] heartbeat | {'uptime_s': 2769.7, 'mt5_connected': True, 'mt5_trade_allowed': True, 'tracked_pendings': 0, 'open_positions': 0, 'cooldown_active': False, 'cooldown_remaining_s': 0.0, 'balance': 961.66, 'equity': 961.66}
[2026-05-25T09:05:01.065016+00:00] cycle | {'bars_m5': 599, 'bars_h1': 249, 'bars_d1': 119, 'last_bar_time': '2026-05-25 08:55:00+00:00', 'data_age_min': 10.0, 'signal': False, 'risk_per_trade': 0.002857, 'weight': 0.142857}
[2026-05-25T09:05:01.067565+00:00] heartbeat | {'uptime_s': 2769.9, 'mt5_connected': True, 'mt5_trade_allowed': True, 'tracked_pendings': 0, 'open_positions': 0, 'cooldown_active': False, 'cooldown_remaining_s': 0.0, 'balance': 961.66, 'equity': 961.66}
[2026-05-25T09:05:01.186392+00:00] cycle | {'bars_m5': 599, 'bars_h1': 249, 'bars_d1': 119, 'last_bar_time': '2026-05-25 09:00:00+00:00', 'data_age_min': 5.0, 'signal': False, 'risk_per_trade': 0.002857, 'weight': 0.142857}
[2026-05-25T09:05:01.190497+00:00] heartbeat | {'uptime_s': 2770.0, 'mt5_connected': True, 'mt5_trade_allowed': True, 'tracked_pendings': 0, 'open_positions': 0, 'cooldown_active': False, 'cooldown_remaining_s': 0.0, 'balance': 961.66, 'equity': 961.66}
[2026-05-25T09:05:01.308661+00:00] cycle | {'bars_m5': 599, 'bars_h1': 249, 'bars_d1': 119, 'last_bar_time': '2026-05-25 09:00:00+00:00', 'data_age_min': 5.0, 'signal': False, 'risk_per_trade': 0.002857, 'weight': 0.142857}
[2026-05-25T09:05:01.312035+00:00] heartbeat | {'uptime_s': 2770.1, 'mt5_connected': True, 'mt5_trade_allowed': True, 'tracked_pendings': 0, 'open_positions': 0, 'cooldown_active': False, 'cooldown_remaining_s': 0.0, 'balance': 961.66, 'equity': 961.66}
[2026-05-25T09:05:01.429292+00:00] cycle | {'bars_m5': 599, 'bars_h1': 249, 'bars_d1': 119, 'last_bar_time': '2026-05-25 09:00:00+00:00', 'data_age_min': 5.0, 'signal': False, 'risk_per_trade': 0.002857, 'weight': 0.142857}
[portfolio] cycle_complete: symbols=7 signals=0 placed=0 skipped=0 elapsed_s=0.93 per_symbol=[{'symbol': 'GBPUSD', 'signal': False}, {'symbol': 'XAUUSD', 'signal': False}, {'symbol': 'GBPCAD', 'signal': False}, {'symbol': 'USDMXN', 'signal': False}, {'symbol': 'EURJPY', 'signal': False}, {'symbol': 'EURCAD', 'signal': False}, {'symbol': 'AUDCAD', 'signal': False}]
  → sleeping 299s until next M5 close ...
[2026-05-25T09:10:00.667018+00:00] cycle | {'bars_m5': 599, 'bars_h1': 249, 'bars_d1': 119, 'last_bar_time': '2026-05-25 09:05:00+00:00', 'data_age_min': 5.0, 'signal': False, 'risk_per_trade': 0.002857, 'weight': 0.142857}
[2026-05-25T09:10:00.670342+00:00] heartbeat | {'uptime_s': 3069.5, 'mt5_connected': True, 'mt5_trade_allowed': True, 'tracked_pendings': 0, 'open_positions': 0, 'cooldown_active': False, 'cooldown_remaining_s': 0.0, 'balance': 961.66, 'equity': 961.66}
[2026-05-25T09:10:00.790065+00:00] cycle | {'bars_m5': 599, 'bars_h1': 249, 'bars_d1': 119, 'last_bar_time': '2026-05-25 09:05:00+00:00', 'data_age_min': 5.0, 'signal': False, 'risk_per_trade': 0.002857, 'weight': 0.142857}
[2026-05-25T09:10:00.793395+00:00] heartbeat | {'uptime_s': 3069.6, 'mt5_connected': True, 'mt5_trade_allowed': True, 'tracked_pendings': 0, 'open_positions': 0, 'cooldown_active': False, 'cooldown_remaining_s': 0.0, 'balance': 961.66, 'equity': 961.66}
[2026-05-25T09:10:00.913666+00:00] cycle | {'bars_m5': 599, 'bars_h1': 249, 'bars_d1': 119, 'last_bar_time': '2026-05-25 09:00:00+00:00', 'data_age_min': 10.0, 'signal': False, 'risk_per_trade': 0.002857, 'weight': 0.142857}
[2026-05-25T09:10:00.917089+00:00] mt5_connected | {'state': 'healthy', 'periodic': True, 'connected': True, 'trade_allowed': True, 'ping_ms': 16999}
[2026-05-25T09:10:01.047692+00:00] cycle | {'bars_m5': 599, 'bars_h1': 249, 'bars_d1': 119, 'last_bar_time': '2026-05-25 09:05:00+00:00', 'data_age_min': 5.0, 'signal': False, 'risk_per_trade': 0.002857, 'weight': 0.142857}
[2026-05-25T09:10:01.189049+00:00] cycle | {'bars_m5': 599, 'bars_h1': 249, 'bars_d1': 119, 'last_bar_time': '2026-05-25 09:05:00+00:00', 'data_age_min': 5.0, 'signal': False, 'risk_per_trade': 0.002857, 'weight': 0.142857}
[2026-05-25T09:10:01.378911+00:00] cycle | {'bars_m5': 599, 'bars_h1': 249, 'bars_d1': 119, 'last_bar_time': '2026-05-25 09:05:00+00:00', 'data_age_min': 5.0, 'signal': False, 'risk_per_trade': 0.002857, 'weight': 0.142857}
[2026-05-25T09:10:01.507674+00:00] cycle | {'bars_m5': 599, 'bars_h1': 249, 'bars_d1': 119, 'last_bar_time': '2026-05-25 09:00:00+00:00', 'data_age_min': 10.0, 'signal': False, 'risk_per_trade': 0.002857, 'weight': 0.142857}
[portfolio] cycle_complete: symbols=7 signals=0 placed=0 skipped=0 elapsed_s=1.0 per_symbol=[{'symbol': 'GBPUSD', 'signal': False}, {'symbol': 'XAUUSD', 'signal': False}, {'symbol': 'GBPCAD', 'signal': False}, {'symbol': 'USDMXN', 'signal': False}, {'symbol': 'EURJPY', 'signal': False}, {'symbol': 'EURCAD', 'signal': False}, {'symbol': 'AUDCAD', 'signal': False}]
  → sleeping 299s until next M5 close ...
[2026-05-25T09:15:00.516570+00:00] heartbeat | {'uptime_s': 3369.3, 'mt5_connected': True, 'mt5_trade_allowed': True, 'tracked_pendings': 0, 'open_positions': 0, 'cooldown_active': False, 'cooldown_remaining_s': 0.0, 'balance': 961.66, 'equity': 961.66}
[2026-05-25T09:15:00.655828+00:00] cycle | {'bars_m5': 599, 'bars_h1': 249, 'bars_d1': 119, 'last_bar_time': '2026-05-25 09:10:00+00:00', 'data_age_min': 5.0, 'signal': False, 'risk_per_trade': 0.002857, 'weight': 0.142857}
[2026-05-25T09:15:00.785572+00:00] cycle | {'bars_m5': 599, 'bars_h1': 249, 'bars_d1': 119, 'last_bar_time': '2026-05-25 09:10:00+00:00', 'data_age_min': 5.0, 'signal': False, 'risk_per_trade': 0.002857, 'weight': 0.142857}
[2026-05-25T09:15:00.929445+00:00] cycle | {'bars_m5': 599, 'bars_h1': 249, 'bars_d1': 119, 'last_bar_time': '2026-05-25 09:10:00+00:00', 'data_age_min': 5.0, 'signal': False, 'risk_per_trade': 0.002857, 'weight': 0.142857}
[2026-05-25T09:15:00.932542+00:00] heartbeat | {'uptime_s': 3369.7, 'mt5_connected': True, 'mt5_trade_allowed': True, 'tracked_pendings': 0, 'open_positions': 0, 'cooldown_active': False, 'cooldown_remaining_s': 0.0, 'balance': 961.66, 'equity': 961.66}
[2026-05-25T09:15:01.068423+00:00] cycle | {'bars_m5': 599, 'bars_h1': 249, 'bars_d1': 119, 'last_bar_time': '2026-05-25 09:10:00+00:00', 'data_age_min': 5.0, 'signal': False, 'risk_per_trade': 0.002857, 'weight': 0.142857}
[2026-05-25T09:15:01.192982+00:00] cycle | {'bars_m5': 599, 'bars_h1': 249, 'bars_d1': 119, 'last_bar_time': '2026-05-25 09:10:00+00:00', 'data_age_min': 5.0, 'signal': False, 'risk_per_trade': 0.002857, 'weight': 0.142857}
[2026-05-25T09:15:01.344649+00:00] cycle | {'bars_m5': 599, 'bars_h1': 249, 'bars_d1': 119, 'last_bar_time': '2026-05-25 09:10:00+00:00', 'data_age_min': 5.0, 'signal': False, 'risk_per_trade': 0.002857, 'weight': 0.142857}
[2026-05-25T09:15:01.348432+00:00] heartbeat | {'uptime_s': 3370.1, 'mt5_connected': True, 'mt5_trade_allowed': True, 'tracked_pendings': 0, 'open_positions': 0, 'cooldown_active': False, 'cooldown_remaining_s': 0.0, 'balance': 961.66, 'equity': 961.66}
[2026-05-25T09:15:01.486360+00:00] cycle | {'bars_m5': 599, 'bars_h1': 249, 'bars_d1': 119, 'last_bar_time': '2026-05-25 09:10:00+00:00', 'data_age_min': 5.0, 'signal': False, 'risk_per_trade': 0.002857, 'weight': 0.142857}
[portfolio] cycle_complete: symbols=7 signals=0 placed=0 skipped=0 elapsed_s=0.97 per_symbol=[{'symbol': 'GBPUSD', 'signal': False}, {'symbol': 'XAUUSD', 'signal': False}, {'symbol': 'GBPCAD', 'signal': False}, {'symbol': 'USDMXN', 'signal': False}, {'symbol': 'EURJPY', 'signal': False}, {'symbol': 'EURCAD', 'signal': False}, {'symbol': 'AUDCAD', 'signal': False}]
  → sleeping 299s until next M5 close ...
[2026-05-25T09:20:00.635723+00:00] cycle | {'bars_m5': 599, 'bars_h1': 249, 'bars_d1': 119, 'last_bar_time': '2026-05-25 09:15:00+00:00', 'data_age_min': 5.0, 'signal': False, 'risk_per_trade': 0.002857, 'weight': 0.142857}
[2026-05-25T09:20:00.753363+00:00] cycle | {'bars_m5': 599, 'bars_h1': 249, 'bars_d1': 119, 'last_bar_time': '2026-05-25 09:15:00+00:00', 'data_age_min': 5.0, 'signal': False, 'risk_per_trade': 0.002857, 'weight': 0.142857}
[2026-05-25T09:20:00.895103+00:00] cycle | {'bars_m5': 599, 'bars_h1': 249, 'bars_d1': 119, 'last_bar_time': '2026-05-25 09:15:00+00:00', 'data_age_min': 5.0, 'signal': False, 'risk_per_trade': 0.002857, 'weight': 0.142857}
[2026-05-25T09:20:01.017889+00:00] cycle | {'bars_m5': 599, 'bars_h1': 249, 'bars_d1': 119, 'last_bar_time': '2026-05-25 09:15:00+00:00', 'data_age_min': 5.0, 'signal': False, 'risk_per_trade': 0.002857, 'weight': 0.142857}
[2026-05-25T09:20:01.021056+00:00] heartbeat | {'uptime_s': 3669.8, 'mt5_connected': True, 'mt5_trade_allowed': True, 'tracked_pendings': 0, 'open_positions': 0, 'cooldown_active': False, 'cooldown_remaining_s': 0.0, 'balance': 961.66, 'equity': 961.66}
[2026-05-25T09:20:01.023833+00:00] mt5_connected | {'state': 'healthy', 'periodic': True, 'connected': True, 'trade_allowed': True, 'ping_ms': 16999}
[2026-05-25T09:20:01.153434+00:00] cycle | {'bars_m5': 599, 'bars_h1': 249, 'bars_d1': 119, 'last_bar_time': '2026-05-25 09:15:00+00:00', 'data_age_min': 5.0, 'signal': False, 'risk_per_trade': 0.002857, 'weight': 0.142857}
[2026-05-25T09:20:01.157918+00:00] heartbeat | {'uptime_s': 3669.9, 'mt5_connected': True, 'mt5_trade_allowed': True, 'tracked_pendings': 0, 'open_positions': 0, 'cooldown_active': False, 'cooldown_remaining_s': 0.0, 'balance': 961.66, 'equity': 961.66}
[2026-05-25T09:20:01.315790+00:00] cycle | {'bars_m5': 599, 'bars_h1': 249, 'bars_d1': 119, 'last_bar_time': '2026-05-25 09:15:00+00:00', 'data_age_min': 5.0, 'signal': False, 'risk_per_trade': 0.002857, 'weight': 0.142857}
[2026-05-25T09:20:01.448318+00:00] cycle | {'bars_m5': 599, 'bars_h1': 249, 'bars_d1': 119, 'last_bar_time': '2026-05-25 09:15:00+00:00', 'data_age_min': 5.0, 'signal': False, 'risk_per_trade': 0.002857, 'weight': 0.142857}
[portfolio] cycle_complete: symbols=7 signals=0 placed=0 skipped=0 elapsed_s=0.94 per_symbol=[{'symbol': 'GBPUSD', 'signal': False}, {'symbol': 'XAUUSD', 'signal': False}, {'symbol': 'GBPCAD', 'signal': False}, {'symbol': 'USDMXN', 'signal': False}, {'symbol': 'EURJPY', 'signal': False}, {'symbol': 'EURCAD', 'signal': False}, {'symbol': 'AUDCAD', 'signal': False}]
  → sleeping 299s until next M5 close ...
[2026-05-25T09:25:00.631958+00:00] cycle | {'bars_m5': 599, 'bars_h1': 249, 'bars_d1': 119, 'last_bar_time': '2026-05-25 09:20:00+00:00', 'data_age_min': 5.0, 'signal': False, 'risk_per_trade': 0.002857, 'weight': 0.142857}
[2026-05-25T09:25:00.637384+00:00] heartbeat | {'uptime_s': 3969.4, 'mt5_connected': True, 'mt5_trade_allowed': True, 'tracked_pendings': 0, 'open_positions': 0, 'cooldown_active': False, 'cooldown_remaining_s': 0.0, 'balance': 961.66, 'equity': 961.66}
[2026-05-25T09:25:00.770669+00:00] cycle | {'bars_m5': 599, 'bars_h1': 249, 'bars_d1': 119, 'last_bar_time': '2026-05-25 09:15:00+00:00', 'data_age_min': 10.0, 'signal': False, 'risk_per_trade': 0.002857, 'weight': 0.142857}
[2026-05-25T09:25:00.774555+00:00] heartbeat | {'uptime_s': 3969.6, 'mt5_connected': True, 'mt5_trade_allowed': True, 'tracked_pendings': 0, 'open_positions': 0, 'cooldown_active': False, 'cooldown_remaining_s': 0.0, 'balance': 961.66, 'equity': 961.66}
[2026-05-25T09:25:00.909439+00:00] cycle | {'bars_m5': 599, 'bars_h1': 249, 'bars_d1': 119, 'last_bar_time': '2026-05-25 09:20:00+00:00', 'data_age_min': 5.0, 'signal': False, 'risk_per_trade': 0.002857, 'weight': 0.142857}
[2026-05-25T09:25:01.055669+00:00] cycle | {'bars_m5': 599, 'bars_h1': 249, 'bars_d1': 119, 'last_bar_time': '2026-05-25 09:20:00+00:00', 'data_age_min': 5.0, 'signal': False, 'risk_per_trade': 0.002857, 'weight': 0.142857}
[2026-05-25T09:25:01.203752+00:00] cycle | {'bars_m5': 599, 'bars_h1': 249, 'bars_d1': 119, 'last_bar_time': '2026-05-25 09:20:00+00:00', 'data_age_min': 5.0, 'signal': False, 'risk_per_trade': 0.002857, 'weight': 0.142857}
[2026-05-25T09:25:01.345319+00:00] cycle | {'bars_m5': 599, 'bars_h1': 249, 'bars_d1': 119, 'last_bar_time': '2026-05-25 09:20:00+00:00', 'data_age_min': 5.0, 'signal': False, 'risk_per_trade': 0.002857, 'weight': 0.142857}
[2026-05-25T09:25:01.469114+00:00] cycle | {'bars_m5': 599, 'bars_h1': 249, 'bars_d1': 119, 'last_bar_time': '2026-05-25 09:20:00+00:00', 'data_age_min': 5.0, 'signal': False, 'risk_per_trade': 0.002857, 'weight': 0.142857}
[portfolio] cycle_complete: symbols=7 signals=0 placed=0 skipped=0 elapsed_s=0.97 per_symbol=[{'symbol': 'GBPUSD', 'signal': False}, {'symbol': 'XAUUSD', 'signal': False}, {'symbol': 'GBPCAD', 'signal': False}, {'symbol': 'USDMXN', 'signal': False}, {'symbol': 'EURJPY', 'signal': False}, {'symbol': 'EURCAD', 'signal': False}, {'symbol': 'AUDCAD', 'signal': False}]
  → sleeping 299s until next M5 close ...
[2026-05-25T09:30:00.511784+00:00] heartbeat | {'uptime_s': 4269.3, 'mt5_connected': True, 'mt5_trade_allowed': True, 'tracked_pendings': 0, 'open_positions': 0, 'cooldown_active': False, 'cooldown_remaining_s': 0.0, 'balance': 961.66, 'equity': 961.66}
[2026-05-25T09:30:00.672398+00:00] cycle | {'bars_m5': 599, 'bars_h1': 249, 'bars_d1': 119, 'last_bar_time': '2026-05-25 09:25:00+00:00', 'data_age_min': 5.0, 'signal': False, 'risk_per_trade': 0.002857, 'weight': 0.142857}
[2026-05-25T09:30:00.808278+00:00] cycle | {'bars_m5': 599, 'bars_h1': 249, 'bars_d1': 119, 'last_bar_time': '2026-05-25 09:25:00+00:00', 'data_age_min': 5.0, 'signal': False, 'risk_per_trade': 0.002857, 'weight': 0.142857}
[2026-05-25T09:30:00.952470+00:00] cycle | {'bars_m5': 599, 'bars_h1': 249, 'bars_d1': 119, 'last_bar_time': '2026-05-25 09:25:00+00:00', 'data_age_min': 5.0, 'signal': False, 'risk_per_trade': 0.002857, 'weight': 0.142857}
[2026-05-25T09:30:00.956277+00:00] heartbeat | {'uptime_s': 4269.7, 'mt5_connected': True, 'mt5_trade_allowed': True, 'tracked_pendings': 0, 'open_positions': 0, 'cooldown_active': False, 'cooldown_remaining_s': 0.0, 'balance': 961.66, 'equity': 961.66}
[2026-05-25T09:30:01.144390+00:00] cycle | {'bars_m5': 599, 'bars_h1': 249, 'bars_d1': 119, 'last_bar_time': '2026-05-25 09:25:00+00:00', 'data_age_min': 5.0, 'signal': False, 'risk_per_trade': 0.002857, 'weight': 0.142857}
[2026-05-25T09:30:01.147787+00:00] heartbeat | {'uptime_s': 4269.9, 'mt5_connected': True, 'mt5_trade_allowed': True, 'tracked_pendings': 0, 'open_positions': 0, 'cooldown_active': False, 'cooldown_remaining_s': 0.0, 'balance': 961.66, 'equity': 961.66}
[2026-05-25T09:30:01.149925+00:00] mt5_connected | {'state': 'healthy', 'periodic': True, 'connected': True, 'trade_allowed': True, 'ping_ms': 16999}
[2026-05-25T09:30:01.314806+00:00] cycle | {'bars_m5': 599, 'bars_h1': 249, 'bars_d1': 119, 'last_bar_time': '2026-05-25 09:25:00+00:00', 'data_age_min': 5.0, 'signal': False, 'risk_per_trade': 0.002857, 'weight': 0.142857}
[2026-05-25T09:30:01.319311+00:00] heartbeat | {'uptime_s': 4270.1, 'mt5_connected': True, 'mt5_trade_allowed': True, 'tracked_pendings': 0, 'open_positions': 0, 'cooldown_active': False, 'cooldown_remaining_s': 0.0, 'balance': 961.66, 'equity': 961.66}
[2026-05-25T09:30:01.475561+00:00] cycle | {'bars_m5': 599, 'bars_h1': 249, 'bars_d1': 119, 'last_bar_time': '2026-05-25 09:25:00+00:00', 'data_age_min': 5.0, 'signal': False, 'risk_per_trade': 0.002857, 'weight': 0.142857}
[2026-05-25T09:30:01.478846+00:00] heartbeat | {'uptime_s': 4270.2, 'mt5_connected': True, 'mt5_trade_allowed': True, 'tracked_pendings': 0, 'open_positions': 0, 'cooldown_active': False, 'cooldown_remaining_s': 0.0, 'balance': 961.66, 'equity': 961.66}
[2026-05-25T09:30:01.683764+00:00] cycle | {'bars_m5': 599, 'bars_h1': 249, 'bars_d1': 119, 'last_bar_time': '2026-05-25 09:25:00+00:00', 'data_age_min': 5.0, 'signal': False, 'risk_per_trade': 0.002857, 'weight': 0.142857}
[portfolio] cycle_complete: symbols=7 signals=0 placed=0 skipped=0 elapsed_s=1.18 per_symbol=[{'symbol': 'GBPUSD', 'signal': False}, {'symbol': 'XAUUSD', 'signal': False}, {'symbol': 'GBPCAD', 'signal': False}, {'symbol': 'USDMXN', 'signal': False}, {'symbol': 'EURJPY', 'signal': False}, {'symbol': 'EURCAD', 'signal': False}, {'symbol': 'AUDCAD', 'signal': False}]
  → sleeping 299s until next M5 close ...
[2026-05-25T09:35:00.648408+00:00] cycle | {'bars_m5': 599, 'bars_h1': 249, 'bars_d1': 119, 'last_bar_time': '2026-05-25 09:30:00+00:00', 'data_age_min': 5.0, 'signal': False, 'risk_per_trade': 0.002857, 'weight': 0.142857}
[2026-05-25T09:35:00.651496+00:00] heartbeat | {'uptime_s': 4569.4, 'mt5_connected': True, 'mt5_trade_allowed': True, 'tracked_pendings': 0, 'open_positions': 0, 'cooldown_active': False, 'cooldown_remaining_s': 0.0, 'balance': 961.66, 'equity': 961.66}
[2026-05-25T09:35:00.814437+00:00] cycle | {'bars_m5': 599, 'bars_h1': 249, 'bars_d1': 119, 'last_bar_time': '2026-05-25 09:30:00+00:00', 'data_age_min': 5.0, 'signal': False, 'risk_per_trade': 0.002857, 'weight': 0.142857}
[2026-05-25T09:35:00.817885+00:00] heartbeat | {'uptime_s': 4569.6, 'mt5_connected': True, 'mt5_trade_allowed': True, 'tracked_pendings': 0, 'open_positions': 0, 'cooldown_active': False, 'cooldown_remaining_s': 0.0, 'balance': 961.66, 'equity': 961.66}
[2026-05-25T09:35:00.950920+00:00] cycle | {'bars_m5': 599, 'bars_h1': 249, 'bars_d1': 119, 'last_bar_time': '2026-05-25 09:30:00+00:00', 'data_age_min': 5.0, 'signal': False, 'risk_per_trade': 0.002857, 'weight': 0.142857}
[2026-05-25T09:35:01.092177+00:00] cycle | {'bars_m5': 599, 'bars_h1': 249, 'bars_d1': 119, 'last_bar_time': '2026-05-25 09:30:00+00:00', 'data_age_min': 5.0, 'signal': False, 'risk_per_trade': 0.002857, 'weight': 0.142857}
[2026-05-25T09:35:01.241609+00:00] cycle | {'bars_m5': 599, 'bars_h1': 249, 'bars_d1': 119, 'last_bar_time': '2026-05-25 09:30:00+00:00', 'data_age_min': 5.0, 'signal': False, 'risk_per_trade': 0.002857, 'weight': 0.142857}
[2026-05-25T09:35:01.405046+00:00] cycle | {'bars_m5': 599, 'bars_h1': 249, 'bars_d1': 119, 'last_bar_time': '2026-05-25 09:30:00+00:00', 'data_age_min': 5.0, 'signal': False, 'risk_per_trade': 0.002857, 'weight': 0.142857}
[2026-05-25T09:35:01.570993+00:00] cycle | {'bars_m5': 599, 'bars_h1': 249, 'bars_d1': 119, 'last_bar_time': '2026-05-25 09:30:00+00:00', 'data_age_min': 5.0, 'signal': False, 'risk_per_trade': 0.002857, 'weight': 0.142857}
[portfolio] cycle_complete: symbols=7 signals=0 placed=0 skipped=0 elapsed_s=1.07 per_symbol=[{'symbol': 'GBPUSD', 'signal': False}, {'symbol': 'XAUUSD', 'signal': False}, {'symbol': 'GBPCAD', 'signal': False}, {'symbol': 'USDMXN', 'signal': False}, {'symbol': 'EURJPY', 'signal': False}, {'symbol': 'EURCAD', 'signal': False}, {'symbol': 'AUDCAD', 'signal': False}]
  → sleeping 299s until next M5 close ...
[2026-05-25T09:40:00.634373+00:00] cycle | {'bars_m5': 599, 'bars_h1': 249, 'bars_d1': 119, 'last_bar_time': '2026-05-25 09:35:00+00:00', 'data_age_min': 5.0, 'signal': False, 'risk_per_trade': 0.002857, 'weight': 0.142857}
[2026-05-25T09:40:00.773739+00:00] cycle | {'bars_m5': 599, 'bars_h1': 249, 'bars_d1': 119, 'last_bar_time': '2026-05-25 09:35:00+00:00', 'data_age_min': 5.0, 'signal': False, 'risk_per_trade': 0.002857, 'weight': 0.142857}
[2026-05-25T09:40:00.917702+00:00] cycle | {'bars_m5': 599, 'bars_h1': 249, 'bars_d1': 119, 'last_bar_time': '2026-05-25 09:35:00+00:00', 'data_age_min': 5.0, 'signal': False, 'risk_per_trade': 0.002857, 'weight': 0.142857}
[2026-05-25T09:40:01.069852+00:00] cycle | {'bars_m5': 599, 'bars_h1': 249, 'bars_d1': 119, 'last_bar_time': '2026-05-25 09:35:00+00:00', 'data_age_min': 5.0, 'signal': False, 'risk_per_trade': 0.002857, 'weight': 0.142857}
[2026-05-25T09:40:01.211575+00:00] cycle | {'bars_m5': 599, 'bars_h1': 249, 'bars_d1': 119, 'last_bar_time': '2026-05-25 09:35:00+00:00', 'data_age_min': 5.0, 'signal': False, 'risk_per_trade': 0.002857, 'weight': 0.142857}
[2026-05-25T09:40:01.214839+00:00] mt5_connected | {'state': 'healthy', 'periodic': True, 'connected': True, 'trade_allowed': True, 'ping_ms': 16999}
[2026-05-25T09:40:01.342056+00:00] cycle | {'bars_m5': 599, 'bars_h1': 249, 'bars_d1': 119, 'last_bar_time': '2026-05-25 09:35:00+00:00', 'data_age_min': 5.0, 'signal': False, 'risk_per_trade': 0.002857, 'weight': 0.142857}
[2026-05-25T09:40:01.462670+00:00] cycle | {'bars_m5': 599, 'bars_h1': 249, 'bars_d1': 119, 'last_bar_time': '2026-05-25 09:35:00+00:00', 'data_age_min': 5.0, 'signal': False, 'risk_per_trade': 0.002857, 'weight': 0.142857}
[portfolio] cycle_complete: symbols=7 signals=0 placed=0 skipped=0 elapsed_s=0.96 per_symbol=[{'symbol': 'GBPUSD', 'signal': False}, {'symbol': 'XAUUSD', 'signal': False}, {'symbol': 'GBPCAD', 'signal': False}, {'symbol': 'USDMXN', 'signal': False}, {'symbol': 'EURJPY', 'signal': False}, {'symbol': 'EURCAD', 'signal': False}, {'symbol': 'AUDCAD', 'signal': False}]
  → sleeping 299s until next M5 close ...
[2026-05-25T09:45:00.506058+00:00] heartbeat | {'uptime_s': 5169.3, 'mt5_connected': True, 'mt5_trade_allowed': True, 'tracked_pendings': 0, 'open_positions': 0, 'cooldown_active': False, 'cooldown_remaining_s': 0.0, 'balance': 961.66, 'equity': 961.66}
[2026-05-25T09:45:00.662433+00:00] cycle | {'bars_m5': 599, 'bars_h1': 249, 'bars_d1': 119, 'last_bar_time': '2026-05-25 09:40:00+00:00', 'data_age_min': 5.0, 'signal': False, 'risk_per_trade': 0.002857, 'weight': 0.142857}
[2026-05-25T09:45:00.665281+00:00] heartbeat | {'uptime_s': 5169.4, 'mt5_connected': True, 'mt5_trade_allowed': True, 'tracked_pendings': 0, 'open_positions': 0, 'cooldown_active': False, 'cooldown_remaining_s': 0.0, 'balance': 961.66, 'equity': 961.66}
[2026-05-25T09:45:00.796681+00:00] cycle | {'bars_m5': 599, 'bars_h1': 249, 'bars_d1': 119, 'last_bar_time': '2026-05-25 09:40:00+00:00', 'data_age_min': 5.0, 'signal': False, 'risk_per_trade': 0.002857, 'weight': 0.142857}
[2026-05-25T09:45:00.927443+00:00] cycle | {'bars_m5': 599, 'bars_h1': 249, 'bars_d1': 119, 'last_bar_time': '2026-05-25 09:40:00+00:00', 'data_age_min': 5.0, 'signal': False, 'risk_per_trade': 0.002857, 'weight': 0.142857}
[2026-05-25T09:45:00.931158+00:00] heartbeat | {'uptime_s': 5169.7, 'mt5_connected': True, 'mt5_trade_allowed': True, 'tracked_pendings': 0, 'open_positions': 0, 'cooldown_active': False, 'cooldown_remaining_s': 0.0, 'balance': 961.66, 'equity': 961.66}
[2026-05-25T09:45:01.066623+00:00] cycle | {'bars_m5': 599, 'bars_h1': 249, 'bars_d1': 119, 'last_bar_time': '2026-05-25 09:35:00+00:00', 'data_age_min': 10.0, 'signal': False, 'risk_per_trade': 0.002857, 'weight': 0.142857}
[2026-05-25T09:45:01.069734+00:00] heartbeat | {'uptime_s': 5169.8, 'mt5_connected': True, 'mt5_trade_allowed': True, 'tracked_pendings': 0, 'open_positions': 0, 'cooldown_active': False, 'cooldown_remaining_s': 0.0, 'balance': 961.66, 'equity': 961.66}
[2026-05-25T09:45:01.197026+00:00] cycle | {'bars_m5': 599, 'bars_h1': 249, 'bars_d1': 119, 'last_bar_time': '2026-05-25 09:40:00+00:00', 'data_age_min': 5.0, 'signal': False, 'risk_per_trade': 0.002857, 'weight': 0.142857}
[2026-05-25T09:45:01.200518+00:00] heartbeat | {'uptime_s': 5170.0, 'mt5_connected': True, 'mt5_trade_allowed': True, 'tracked_pendings': 0, 'open_positions': 0, 'cooldown_active': False, 'cooldown_remaining_s': 0.0, 'balance': 961.66, 'equity': 961.66}
[2026-05-25T09:45:01.327486+00:00] cycle | {'bars_m5': 599, 'bars_h1': 249, 'bars_d1': 119, 'last_bar_time': '2026-05-25 09:40:00+00:00', 'data_age_min': 5.0, 'signal': False, 'risk_per_trade': 0.002857, 'weight': 0.142857}
[2026-05-25T09:45:01.330763+00:00] heartbeat | {'uptime_s': 5170.1, 'mt5_connected': True, 'mt5_trade_allowed': True, 'tracked_pendings': 0, 'open_positions': 0, 'cooldown_active': False, 'cooldown_remaining_s': 0.0, 'balance': 961.66, 'equity': 961.66}
[2026-05-25T09:45:01.473982+00:00] cycle | {'bars_m5': 599, 'bars_h1': 249, 'bars_d1': 119, 'last_bar_time': '2026-05-25 09:35:00+00:00', 'data_age_min': 10.0, 'signal': False, 'risk_per_trade': 0.002857, 'weight': 0.142857}
[portfolio] cycle_complete: symbols=7 signals=0 placed=0 skipped=0 elapsed_s=0.97 per_symbol=[{'symbol': 'GBPUSD', 'signal': False}, {'symbol': 'XAUUSD', 'signal': False}, {'symbol': 'GBPCAD', 'signal': False}, {'symbol': 'USDMXN', 'signal': False}, {'symbol': 'EURJPY', 'signal': False}, {'symbol': 'EURCAD', 'signal': False}, {'symbol': 'AUDCAD', 'signal': False}]
  → sleeping 299s until next M5 close ...
[2026-05-25T09:50:00.634013+00:00] cycle | {'bars_m5': 599, 'bars_h1': 249, 'bars_d1': 119, 'last_bar_time': '2026-05-25 09:45:00+00:00', 'data_age_min': 5.0, 'signal': False, 'risk_per_trade': 0.002857, 'weight': 0.142857}
[2026-05-25T09:50:00.771959+00:00] cycle | {'bars_m5': 599, 'bars_h1': 249, 'bars_d1': 119, 'last_bar_time': '2026-05-25 09:40:00+00:00', 'data_age_min': 10.0, 'signal': False, 'risk_per_trade': 0.002857, 'weight': 0.142857}
[2026-05-25T09:50:00.775022+00:00] heartbeat | {'uptime_s': 5469.5, 'mt5_connected': True, 'mt5_trade_allowed': True, 'tracked_pendings': 0, 'open_positions': 0, 'cooldown_active': False, 'cooldown_remaining_s': 0.0, 'balance': 961.66, 'equity': 961.66}
[2026-05-25T09:50:00.889906+00:00] cycle | {'bars_m5': 599, 'bars_h1': 249, 'bars_d1': 119, 'last_bar_time': '2026-05-25 09:40:00+00:00', 'data_age_min': 10.0, 'signal': False, 'risk_per_trade': 0.002857, 'weight': 0.142857}
[2026-05-25T09:50:01.009562+00:00] cycle | {'bars_m5': 599, 'bars_h1': 249, 'bars_d1': 119, 'last_bar_time': '2026-05-25 09:40:00+00:00', 'data_age_min': 10.0, 'signal': False, 'risk_per_trade': 0.002857, 'weight': 0.142857}
[2026-05-25T09:50:01.189526+00:00] cycle | {'bars_m5': 599, 'bars_h1': 249, 'bars_d1': 119, 'last_bar_time': '2026-05-25 09:45:00+00:00', 'data_age_min': 5.0, 'signal': False, 'risk_per_trade': 0.002857, 'weight': 0.142857}
[2026-05-25T09:50:01.343380+00:00] cycle | {'bars_m5': 599, 'bars_h1': 249, 'bars_d1': 119, 'last_bar_time': '2026-05-25 09:45:00+00:00', 'data_age_min': 5.0, 'signal': False, 'risk_per_trade': 0.002857, 'weight': 0.142857}
[2026-05-25T09:50:01.346504+00:00] mt5_connected | {'state': 'healthy', 'periodic': True, 'connected': True, 'trade_allowed': True, 'ping_ms': 16999}
[2026-05-25T09:50:01.498301+00:00] cycle | {'bars_m5': 599, 'bars_h1': 249, 'bars_d1': 119, 'last_bar_time': '2026-05-25 09:45:00+00:00', 'data_age_min': 5.0, 'signal': False, 'risk_per_trade': 0.002857, 'weight': 0.142857}
[portfolio] cycle_complete: symbols=7 signals=0 placed=0 skipped=0 elapsed_s=1.0 per_symbol=[{'symbol': 'GBPUSD', 'signal': False}, {'symbol': 'XAUUSD', 'signal': False}, {'symbol': 'GBPCAD', 'signal': False}, {'symbol': 'USDMXN', 'signal': False}, {'symbol': 'EURJPY', 'signal': False}, {'symbol': 'EURCAD', 'signal': False}, {'symbol': 'AUDCAD', 'signal': False}]
  → sleeping 299s until next M5 close ...
[2026-05-25T09:55:00.676774+00:00] cycle | {'bars_m5': 599, 'bars_h1': 249, 'bars_d1': 119, 'last_bar_time': '2026-05-25 09:50:00+00:00', 'data_age_min': 5.0, 'signal': False, 'risk_per_trade': 0.002857, 'weight': 0.142857}
[2026-05-25T09:55:00.679953+00:00] heartbeat | {'uptime_s': 5769.4, 'mt5_connected': True, 'mt5_trade_allowed': True, 'tracked_pendings': 0, 'open_positions': 0, 'cooldown_active': False, 'cooldown_remaining_s': 0.0, 'balance': 961.66, 'equity': 961.66}
[2026-05-25T09:55:00.803914+00:00] cycle | {'bars_m5': 599, 'bars_h1': 249, 'bars_d1': 119, 'last_bar_time': '2026-05-25 09:50:00+00:00', 'data_age_min': 5.0, 'signal': False, 'risk_per_trade': 0.002857, 'weight': 0.142857}
[2026-05-25T09:55:00.955987+00:00] cycle | {'bars_m5': 599, 'bars_h1': 249, 'bars_d1': 119, 'last_bar_time': '2026-05-25 09:50:00+00:00', 'data_age_min': 5.0, 'signal': False, 'risk_per_trade': 0.002857, 'weight': 0.142857}
[2026-05-25T09:55:00.959456+00:00] heartbeat | {'uptime_s': 5769.7, 'mt5_connected': True, 'mt5_trade_allowed': True, 'tracked_pendings': 0, 'open_positions': 0, 'cooldown_active': False, 'cooldown_remaining_s': 0.0, 'balance': 961.66, 'equity': 961.66}
[2026-05-25T09:55:01.103442+00:00] cycle | {'bars_m5': 599, 'bars_h1': 249, 'bars_d1': 119, 'last_bar_time': '2026-05-25 09:50:00+00:00', 'data_age_min': 5.0, 'signal': False, 'risk_per_trade': 0.002857, 'weight': 0.142857}
[2026-05-25T09:55:01.106688+00:00] heartbeat | {'uptime_s': 5769.9, 'mt5_connected': True, 'mt5_trade_allowed': True, 'tracked_pendings': 0, 'open_positions': 0, 'cooldown_active': False, 'cooldown_remaining_s': 0.0, 'balance': 961.66, 'equity': 961.66}
[2026-05-25T09:55:01.249714+00:00] cycle | {'bars_m5': 599, 'bars_h1': 249, 'bars_d1': 119, 'last_bar_time': '2026-05-25 09:50:00+00:00', 'data_age_min': 5.0, 'signal': False, 'risk_per_trade': 0.002857, 'weight': 0.142857}
[2026-05-25T09:55:01.252455+00:00] heartbeat | {'uptime_s': 5770.0, 'mt5_connected': True, 'mt5_trade_allowed': True, 'tracked_pendings': 0, 'open_positions': 0, 'cooldown_active': False, 'cooldown_remaining_s': 0.0, 'balance': 961.66, 'equity': 961.66}
[2026-05-25T09:55:01.391608+00:00] cycle | {'bars_m5': 599, 'bars_h1': 249, 'bars_d1': 119, 'last_bar_time': '2026-05-25 09:50:00+00:00', 'data_age_min': 5.0, 'signal': False, 'risk_per_trade': 0.002857, 'weight': 0.142857}
[2026-05-25T09:55:01.396807+00:00] heartbeat | {'uptime_s': 5770.1, 'mt5_connected': True, 'mt5_trade_allowed': True, 'tracked_pendings': 0, 'open_positions': 0, 'cooldown_active': False, 'cooldown_remaining_s': 0.0, 'balance': 961.66, 'equity': 961.66}
[2026-05-25T09:55:01.537422+00:00] cycle | {'bars_m5': 599, 'bars_h1': 249, 'bars_d1': 119, 'last_bar_time': '2026-05-25 09:50:00+00:00', 'data_age_min': 5.0, 'signal': False, 'risk_per_trade': 0.002857, 'weight': 0.142857}
[portfolio] cycle_complete: symbols=7 signals=0 placed=0 skipped=0 elapsed_s=1.04 per_symbol=[{'symbol': 'GBPUSD', 'signal': False}, {'symbol': 'XAUUSD', 'signal': False}, {'symbol': 'GBPCAD', 'signal': False}, {'symbol': 'USDMXN', 'signal': False}, {'symbol': 'EURJPY', 'signal': False}, {'symbol': 'EURCAD', 'signal': False}, {'symbol': 'AUDCAD', 'signal': False}]
  → sleeping 299s until next M5 close ...
[2026-05-25T10:00:00.505447+00:00] heartbeat | {'uptime_s': 6069.3, 'mt5_connected': True, 'mt5_trade_allowed': True, 'tracked_pendings': 0, 'open_positions': 0, 'cooldown_active': False, 'cooldown_remaining_s': 0.0, 'balance': 961.66, 'equity': 961.66}
[2026-05-25T10:00:00.639590+00:00] cycle | {'bars_m5': 599, 'bars_h1': 249, 'bars_d1': 119, 'last_bar_time': '2026-05-25 09:55:00+00:00', 'data_age_min': 5.0, 'signal': False, 'risk_per_trade': 0.002857, 'weight': 0.142857}
[2026-05-25T10:00:00.795740+00:00] cycle | {'bars_m5': 599, 'bars_h1': 249, 'bars_d1': 119, 'last_bar_time': '2026-05-25 09:55:00+00:00', 'data_age_min': 5.0, 'signal': False, 'risk_per_trade': 0.002857, 'weight': 0.142857}
[2026-05-25T10:00:00.800378+00:00] heartbeat | {'uptime_s': 6069.6, 'mt5_connected': True, 'mt5_trade_allowed': True, 'tracked_pendings': 0, 'open_positions': 0, 'cooldown_active': False, 'cooldown_remaining_s': 0.0, 'balance': 961.66, 'equity': 961.66}
[2026-05-25T10:00:00.948364+00:00] cycle | {'bars_m5': 599, 'bars_h1': 249, 'bars_d1': 119, 'last_bar_time': '2026-05-25 09:55:00+00:00', 'data_age_min': 5.0, 'signal': False, 'risk_per_trade': 0.002857, 'weight': 0.142857}
[2026-05-25T10:00:01.102533+00:00] cycle | {'bars_m5': 599, 'bars_h1': 249, 'bars_d1': 119, 'last_bar_time': '2026-05-25 09:55:00+00:00', 'data_age_min': 5.0, 'signal': False, 'risk_per_trade': 0.002857, 'weight': 0.142857}
[2026-05-25T10:00:01.224760+00:00] cycle | {'bars_m5': 599, 'bars_h1': 249, 'bars_d1': 119, 'last_bar_time': '2026-05-25 09:55:00+00:00', 'data_age_min': 5.0, 'signal': False, 'risk_per_trade': 0.002857, 'weight': 0.142857}
[2026-05-25T10:00:01.377662+00:00] cycle | {'bars_m5': 599, 'bars_h1': 249, 'bars_d1': 119, 'last_bar_time': '2026-05-25 09:55:00+00:00', 'data_age_min': 5.0, 'signal': False, 'risk_per_trade': 0.002857, 'weight': 0.142857}
[2026-05-25T10:00:01.382194+00:00] mt5_connected | {'state': 'healthy', 'periodic': True, 'connected': True, 'trade_allowed': True, 'ping_ms': 16999}
[2026-05-25T10:00:01.522577+00:00] cycle | {'bars_m5': 599, 'bars_h1': 249, 'bars_d1': 119, 'last_bar_time': '2026-05-25 09:55:00+00:00', 'data_age_min': 5.0, 'signal': False, 'risk_per_trade': 0.002857, 'weight': 0.142857}
[portfolio] cycle_complete: symbols=7 signals=0 placed=0 skipped=0 elapsed_s=1.02 per_symbol=[{'symbol': 'GBPUSD', 'signal': False}, {'symbol': 'XAUUSD', 'signal': False}, {'symbol': 'GBPCAD', 'signal': False}, {'symbol': 'USDMXN', 'signal': False}, {'symbol': 'EURJPY', 'signal': False}, {'symbol': 'EURCAD', 'signal': False}, {'symbol': 'AUDCAD', 'signal': False}]
  → sleeping 299s until next M5 close ...
[2026-05-25T10:05:00.628406+00:00] cycle | {'bars_m5': 599, 'bars_h1': 249, 'bars_d1': 119, 'last_bar_time': '2026-05-25 10:00:00+00:00', 'data_age_min': 5.0, 'signal': False, 'risk_per_trade': 0.002857, 'weight': 0.142857}
[2026-05-25T10:05:00.773541+00:00] cycle | {'bars_m5': 599, 'bars_h1': 249, 'bars_d1': 119, 'last_bar_time': '2026-05-25 10:00:00+00:00', 'data_age_min': 5.0, 'signal': False, 'risk_per_trade': 0.002857, 'weight': 0.142857}
[2026-05-25T10:05:00.896227+00:00] cycle | {'bars_m5': 599, 'bars_h1': 249, 'bars_d1': 119, 'last_bar_time': '2026-05-25 10:00:00+00:00', 'data_age_min': 5.0, 'signal': False, 'risk_per_trade': 0.002857, 'weight': 0.142857}
[2026-05-25T10:05:01.021418+00:00] cycle | {'bars_m5': 599, 'bars_h1': 249, 'bars_d1': 119, 'last_bar_time': '2026-05-25 09:55:00+00:00', 'data_age_min': 10.0, 'signal': False, 'risk_per_trade': 0.002857, 'weight': 0.142857}
[2026-05-25T10:05:01.173158+00:00] cycle | {'bars_m5': 599, 'bars_h1': 249, 'bars_d1': 119, 'last_bar_time': '2026-05-25 10:00:00+00:00', 'data_age_min': 5.0, 'signal': False, 'risk_per_trade': 0.002857, 'weight': 0.142857}
[2026-05-25T10:05:01.321766+00:00] cycle | {'bars_m5': 599, 'bars_h1': 249, 'bars_d1': 119, 'last_bar_time': '2026-05-25 10:00:00+00:00', 'data_age_min': 5.0, 'signal': False, 'risk_per_trade': 0.002857, 'weight': 0.142857}
[2026-05-25T10:05:01.483045+00:00] cycle | {'bars_m5': 599, 'bars_h1': 249, 'bars_d1': 119, 'last_bar_time': '2026-05-25 10:00:00+00:00', 'data_age_min': 5.0, 'signal': False, 'risk_per_trade': 0.002857, 'weight': 0.142857}
[portfolio] cycle_complete: symbols=7 signals=0 placed=0 skipped=0 elapsed_s=0.99 per_symbol=[{'symbol': 'GBPUSD', 'signal': False}, {'symbol': 'XAUUSD', 'signal': False}, {'symbol': 'GBPCAD', 'signal': False}, {'symbol': 'USDMXN', 'signal': False}, {'symbol': 'EURJPY', 'signal': False}, {'symbol': 'EURCAD', 'signal': False}, {'symbol': 'AUDCAD', 'signal': False}]
  → sleeping 299s until next M5 close ...
[2026-05-25T10:10:00.503150+00:00] heartbeat | {'uptime_s': 6669.3, 'mt5_connected': True, 'mt5_trade_allowed': True, 'tracked_pendings': 0, 'open_positions': 0, 'cooldown_active': False, 'cooldown_remaining_s': 0.0, 'balance': 961.66, 'equity': 961.66}
[2026-05-25T10:10:00.684428+00:00] cycle | {'bars_m5': 599, 'bars_h1': 249, 'bars_d1': 119, 'last_bar_time': '2026-05-25 10:05:00+00:00', 'data_age_min': 5.0, 'signal': False, 'risk_per_trade': 0.002857, 'weight': 0.142857}
[2026-05-25T10:10:00.687358+00:00] heartbeat | {'uptime_s': 6669.5, 'mt5_connected': True, 'mt5_trade_allowed': True, 'tracked_pendings': 0, 'open_positions': 0, 'cooldown_active': False, 'cooldown_remaining_s': 0.0, 'balance': 961.66, 'equity': 961.66}
[2026-05-25T10:10:00.814483+00:00] cycle | {'bars_m5': 599, 'bars_h1': 249, 'bars_d1': 119, 'last_bar_time': '2026-05-25 10:05:00+00:00', 'data_age_min': 5.0, 'signal': False, 'risk_per_trade': 0.002857, 'weight': 0.142857}
[2026-05-25T10:10:00.817548+00:00] heartbeat | {'uptime_s': 6669.6, 'mt5_connected': True, 'mt5_trade_allowed': True, 'tracked_pendings': 0, 'open_positions': 0, 'cooldown_active': False, 'cooldown_remaining_s': 0.0, 'balance': 961.66, 'equity': 961.66}
[2026-05-25T10:10:00.956869+00:00] cycle | {'bars_m5': 599, 'bars_h1': 249, 'bars_d1': 119, 'last_bar_time': '2026-05-25 10:05:00+00:00', 'data_age_min': 5.0, 'signal': False, 'risk_per_trade': 0.002857, 'weight': 0.142857}
[2026-05-25T10:10:00.961407+00:00] heartbeat | {'uptime_s': 6669.7, 'mt5_connected': True, 'mt5_trade_allowed': True, 'tracked_pendings': 0, 'open_positions': 0, 'cooldown_active': False, 'cooldown_remaining_s': 0.0, 'balance': 961.66, 'equity': 961.66}
[2026-05-25T10:10:01.092967+00:00] cycle | {'bars_m5': 599, 'bars_h1': 249, 'bars_d1': 119, 'last_bar_time': '2026-05-25 10:00:00+00:00', 'data_age_min': 10.0, 'signal': False, 'risk_per_trade': 0.002857, 'weight': 0.142857}
[2026-05-25T10:10:01.095733+00:00] heartbeat | {'uptime_s': 6669.8, 'mt5_connected': True, 'mt5_trade_allowed': True, 'tracked_pendings': 0, 'open_positions': 0, 'cooldown_active': False, 'cooldown_remaining_s': 0.0, 'balance': 961.66, 'equity': 961.66}
[2026-05-25T10:10:01.253838+00:00] cycle | {'bars_m5': 599, 'bars_h1': 249, 'bars_d1': 119, 'last_bar_time': '2026-05-25 10:05:00+00:00', 'data_age_min': 5.0, 'signal': False, 'risk_per_trade': 0.002857, 'weight': 0.142857}
[2026-05-25T10:10:01.256806+00:00] heartbeat | {'uptime_s': 6670.0, 'mt5_connected': True, 'mt5_trade_allowed': True, 'tracked_pendings': 0, 'open_positions': 0, 'cooldown_active': False, 'cooldown_remaining_s': 0.0, 'balance': 961.66, 'equity': 961.66}
[2026-05-25T10:10:01.386523+00:00] cycle | {'bars_m5': 599, 'bars_h1': 249, 'bars_d1': 119, 'last_bar_time': '2026-05-25 10:05:00+00:00', 'data_age_min': 5.0, 'signal': False, 'risk_per_trade': 0.002857, 'weight': 0.142857}
[2026-05-25T10:10:01.390523+00:00] heartbeat | {'uptime_s': 6670.1, 'mt5_connected': True, 'mt5_trade_allowed': True, 'tracked_pendings': 0, 'open_positions': 0, 'cooldown_active': False, 'cooldown_remaining_s': 0.0, 'balance': 961.66, 'equity': 961.66}
[2026-05-25T10:10:01.392169+00:00] mt5_connected | {'state': 'healthy', 'periodic': True, 'connected': True, 'trade_allowed': True, 'ping_ms': 16999}
[2026-05-25T10:10:01.587591+00:00] cycle | {'bars_m5': 599, 'bars_h1': 249, 'bars_d1': 119, 'last_bar_time': '2026-05-25 10:00:00+00:00', 'data_age_min': 10.0, 'signal': False, 'risk_per_trade': 0.002857, 'weight': 0.142857}
[portfolio] cycle_complete: symbols=7 signals=0 placed=0 skipped=0 elapsed_s=1.09 per_symbol=[{'symbol': 'GBPUSD', 'signal': False}, {'symbol': 'XAUUSD', 'signal': False}, {'symbol': 'GBPCAD', 'signal': False}, {'symbol': 'USDMXN', 'signal': False}, {'symbol': 'EURJPY', 'signal': False}, {'symbol': 'EURCAD', 'signal': False}, {'symbol': 'AUDCAD', 'signal': False}]
  → sleeping 299s until next M5 close ...
[2026-05-25T10:15:00.643955+00:00] cycle | {'bars_m5': 599, 'bars_h1': 249, 'bars_d1': 119, 'last_bar_time': '2026-05-25 10:10:00+00:00', 'data_age_min': 5.0, 'signal': False, 'risk_per_trade': 0.002857, 'weight': 0.142857}
[2026-05-25T10:15:00.771021+00:00] cycle | {'bars_m5': 599, 'bars_h1': 249, 'bars_d1': 119, 'last_bar_time': '2026-05-25 10:10:00+00:00', 'data_age_min': 5.0, 'signal': False, 'risk_per_trade': 0.002857, 'weight': 0.142857}
[2026-05-25T10:15:00.909087+00:00] cycle | {'bars_m5': 599, 'bars_h1': 249, 'bars_d1': 119, 'last_bar_time': '2026-05-25 10:05:00+00:00', 'data_age_min': 10.0, 'signal': False, 'risk_per_trade': 0.002857, 'weight': 0.142857}
[2026-05-25T10:15:01.027534+00:00] cycle | {'bars_m5': 599, 'bars_h1': 249, 'bars_d1': 119, 'last_bar_time': '2026-05-25 10:05:00+00:00', 'data_age_min': 10.0, 'signal': False, 'risk_per_trade': 0.002857, 'weight': 0.142857}
[2026-05-25T10:15:01.158811+00:00] cycle | {'bars_m5': 599, 'bars_h1': 249, 'bars_d1': 119, 'last_bar_time': '2026-05-25 10:10:00+00:00', 'data_age_min': 5.0, 'signal': False, 'risk_per_trade': 0.002857, 'weight': 0.142857}
[2026-05-25T10:15:01.293657+00:00] cycle | {'bars_m5': 599, 'bars_h1': 249, 'bars_d1': 119, 'last_bar_time': '2026-05-25 10:10:00+00:00', 'data_age_min': 5.0, 'signal': False, 'risk_per_trade': 0.002857, 'weight': 0.142857}
[2026-05-25T10:15:01.419159+00:00] cycle | {'bars_m5': 599, 'bars_h1': 249, 'bars_d1': 119, 'last_bar_time': '2026-05-25 10:10:00+00:00', 'data_age_min': 5.0, 'signal': False, 'risk_per_trade': 0.002857, 'weight': 0.142857}
[portfolio] cycle_complete: symbols=7 signals=0 placed=0 skipped=0 elapsed_s=0.92 per_symbol=[{'symbol': 'GBPUSD', 'signal': False}, {'symbol': 'XAUUSD', 'signal': False}, {'symbol': 'GBPCAD', 'signal': False}, {'symbol': 'USDMXN', 'signal': False}, {'symbol': 'EURJPY', 'signal': False}, {'symbol': 'EURCAD', 'signal': False}, {'symbol': 'AUDCAD', 'signal': False}]
  → sleeping 299s until next M5 close ...
[2026-05-25T10:20:00.632260+00:00] cycle | {'bars_m5': 599, 'bars_h1': 249, 'bars_d1': 119, 'last_bar_time': '2026-05-25 10:15:00+00:00', 'data_age_min': 5.0, 'signal': False, 'risk_per_trade': 0.002857, 'weight': 0.142857}
[2026-05-25T10:20:00.784909+00:00] cycle | {'bars_m5': 599, 'bars_h1': 249, 'bars_d1': 119, 'last_bar_time': '2026-05-25 10:15:00+00:00', 'data_age_min': 5.0, 'signal': False, 'risk_per_trade': 0.002857, 'weight': 0.142857}
[2026-05-25T10:20:00.920962+00:00] cycle | {'bars_m5': 599, 'bars_h1': 249, 'bars_d1': 119, 'last_bar_time': '2026-05-25 10:10:00+00:00', 'data_age_min': 10.0, 'signal': False, 'risk_per_trade': 0.002857, 'weight': 0.142857}
[2026-05-25T10:20:01.056459+00:00] cycle | {'bars_m5': 599, 'bars_h1': 249, 'bars_d1': 119, 'last_bar_time': '2026-05-25 10:10:00+00:00', 'data_age_min': 10.0, 'signal': False, 'risk_per_trade': 0.002857, 'weight': 0.142857}
[2026-05-25T10:20:01.177746+00:00] cycle | {'bars_m5': 599, 'bars_h1': 249, 'bars_d1': 119, 'last_bar_time': '2026-05-25 10:15:00+00:00', 'data_age_min': 5.0, 'signal': False, 'risk_per_trade': 0.002857, 'weight': 0.142857}
[2026-05-25T10:20:01.314109+00:00] cycle | {'bars_m5': 599, 'bars_h1': 249, 'bars_d1': 119, 'last_bar_time': '2026-05-25 10:15:00+00:00', 'data_age_min': 5.0, 'signal': False, 'risk_per_trade': 0.002857, 'weight': 0.142857}
[2026-05-25T10:20:01.452368+00:00] cycle | {'bars_m5': 599, 'bars_h1': 249, 'bars_d1': 119, 'last_bar_time': '2026-05-25 10:15:00+00:00', 'data_age_min': 5.0, 'signal': False, 'risk_per_trade': 0.002857, 'weight': 0.142857}
[portfolio] cycle_complete: symbols=7 signals=0 placed=0 skipped=0 elapsed_s=0.95 per_symbol=[{'symbol': 'GBPUSD', 'signal': False}, {'symbol': 'XAUUSD', 'signal': False}, {'symbol': 'GBPCAD', 'signal': False}, {'symbol': 'USDMXN', 'signal': False}, {'symbol': 'EURJPY', 'signal': False}, {'symbol': 'EURCAD', 'signal': False}, {'symbol': 'AUDCAD', 'signal': False}]
  → sleeping 299s until next M5 close ...
[2026-05-25T10:25:00.505579+00:00] heartbeat | {'uptime_s': 7569.3, 'mt5_connected': True, 'mt5_trade_allowed': True, 'tracked_pendings': 0, 'open_positions': 0, 'cooldown_active': False, 'cooldown_remaining_s': 0.0, 'balance': 961.66, 'equity': 961.66}
[2026-05-25T10:25:00.508094+00:00] mt5_connected | {'state': 'healthy', 'periodic': True, 'connected': True, 'trade_allowed': True, 'ping_ms': 16999}
[2026-05-25T10:25:00.653764+00:00] cycle | {'bars_m5': 599, 'bars_h1': 249, 'bars_d1': 119, 'last_bar_time': '2026-05-25 10:20:00+00:00', 'data_age_min': 5.0, 'signal': False, 'risk_per_trade': 0.002857, 'weight': 0.142857}
[2026-05-25T10:25:00.656937+00:00] heartbeat | {'uptime_s': 7569.4, 'mt5_connected': True, 'mt5_trade_allowed': True, 'tracked_pendings': 0, 'open_positions': 0, 'cooldown_active': False, 'cooldown_remaining_s': 0.0, 'balance': 961.66, 'equity': 961.66}
[2026-05-25T10:25:00.799935+00:00] cycle | {'bars_m5': 599, 'bars_h1': 249, 'bars_d1': 119, 'last_bar_time': '2026-05-25 10:20:00+00:00', 'data_age_min': 5.0, 'signal': False, 'risk_per_trade': 0.002857, 'weight': 0.142857}
[2026-05-25T10:25:00.810689+00:00] heartbeat | {'uptime_s': 7569.6, 'mt5_connected': True, 'mt5_trade_allowed': True, 'tracked_pendings': 0, 'open_positions': 0, 'cooldown_active': False, 'cooldown_remaining_s': 0.0, 'balance': 961.66, 'equity': 961.66}
[2026-05-25T10:25:00.947814+00:00] cycle | {'bars_m5': 599, 'bars_h1': 249, 'bars_d1': 119, 'last_bar_time': '2026-05-25 10:20:00+00:00', 'data_age_min': 5.0, 'signal': False, 'risk_per_trade': 0.002857, 'weight': 0.142857}
[2026-05-25T10:25:00.950688+00:00] heartbeat | {'uptime_s': 7569.7, 'mt5_connected': True, 'mt5_trade_allowed': True, 'tracked_pendings': 0, 'open_positions': 0, 'cooldown_active': False, 'cooldown_remaining_s': 0.0, 'balance': 961.66, 'equity': 961.66}
[2026-05-25T10:25:01.144091+00:00] cycle | {'bars_m5': 599, 'bars_h1': 249, 'bars_d1': 119, 'last_bar_time': '2026-05-25 10:15:00+00:00', 'data_age_min': 10.0, 'signal': False, 'risk_per_trade': 0.002857, 'weight': 0.142857}
[2026-05-25T10:25:01.146887+00:00] heartbeat | {'uptime_s': 7569.9, 'mt5_connected': True, 'mt5_trade_allowed': True, 'tracked_pendings': 0, 'open_positions': 0, 'cooldown_active': False, 'cooldown_remaining_s': 0.0, 'balance': 961.66, 'equity': 961.66}
[2026-05-25T10:25:01.297346+00:00] cycle | {'bars_m5': 599, 'bars_h1': 249, 'bars_d1': 119, 'last_bar_time': '2026-05-25 10:20:00+00:00', 'data_age_min': 5.0, 'signal': False, 'risk_per_trade': 0.002857, 'weight': 0.142857}
[2026-05-25T10:25:01.300317+00:00] heartbeat | {'uptime_s': 7570.0, 'mt5_connected': True, 'mt5_trade_allowed': True, 'tracked_pendings': 0, 'open_positions': 0, 'cooldown_active': False, 'cooldown_remaining_s': 0.0, 'balance': 961.66, 'equity': 961.66}
[2026-05-25T10:25:01.442339+00:00] cycle | {'bars_m5': 599, 'bars_h1': 249, 'bars_d1': 119, 'last_bar_time': '2026-05-25 10:20:00+00:00', 'data_age_min': 5.0, 'signal': False, 'risk_per_trade': 0.002857, 'weight': 0.142857}
[2026-05-25T10:25:01.460989+00:00] heartbeat | {'uptime_s': 7570.2, 'mt5_connected': True, 'mt5_trade_allowed': True, 'tracked_pendings': 0, 'open_positions': 0, 'cooldown_active': False, 'cooldown_remaining_s': 0.0, 'balance': 961.66, 'equity': 961.66}
[2026-05-25T10:25:01.677653+00:00] cycle | {'bars_m5': 599, 'bars_h1': 249, 'bars_d1': 119, 'last_bar_time': '2026-05-25 10:20:00+00:00', 'data_age_min': 5.0, 'signal': False, 'risk_per_trade': 0.002857, 'weight': 0.142857}
[portfolio] cycle_complete: symbols=7 signals=0 placed=0 skipped=0 elapsed_s=1.18 per_symbol=[{'symbol': 'GBPUSD', 'signal': False}, {'symbol': 'XAUUSD', 'signal': False}, {'symbol': 'GBPCAD', 'signal': False}, {'symbol': 'USDMXN', 'signal': False}, {'symbol': 'EURJPY', 'signal': False}, {'symbol': 'EURCAD', 'signal': False}, {'symbol': 'AUDCAD', 'signal': False}]
  → sleeping 299s until next M5 close ...
[2026-05-25T10:30:00.627759+00:00] cycle | {'bars_m5': 599, 'bars_h1': 249, 'bars_d1': 119, 'last_bar_time': '2026-05-25 10:25:00+00:00', 'data_age_min': 5.0, 'signal': False, 'risk_per_trade': 0.002857, 'weight': 0.142857}
[2026-05-25T10:30:00.754695+00:00] cycle | {'bars_m5': 599, 'bars_h1': 249, 'bars_d1': 119, 'last_bar_time': '2026-05-25 10:20:00+00:00', 'data_age_min': 10.0, 'signal': False, 'risk_per_trade': 0.002857, 'weight': 0.142857}
[2026-05-25T10:30:00.889991+00:00] cycle | {'bars_m5': 599, 'bars_h1': 249, 'bars_d1': 119, 'last_bar_time': '2026-05-25 10:25:00+00:00', 'data_age_min': 5.0, 'signal': False, 'risk_per_trade': 0.002857, 'weight': 0.142857}
[2026-05-25T10:30:01.025029+00:00] cycle | {'bars_m5': 599, 'bars_h1': 249, 'bars_d1': 119, 'last_bar_time': '2026-05-25 10:25:00+00:00', 'data_age_min': 5.0, 'signal': False, 'risk_per_trade': 0.002857, 'weight': 0.142857}
[2026-05-25T10:30:01.148242+00:00] cycle | {'bars_m5': 599, 'bars_h1': 249, 'bars_d1': 119, 'last_bar_time': '2026-05-25 10:25:00+00:00', 'data_age_min': 5.0, 'signal': False, 'risk_per_trade': 0.002857, 'weight': 0.142857}
[2026-05-25T10:30:01.286207+00:00] cycle | {'bars_m5': 599, 'bars_h1': 249, 'bars_d1': 119, 'last_bar_time': '2026-05-25 10:25:00+00:00', 'data_age_min': 5.0, 'signal': False, 'risk_per_trade': 0.002857, 'weight': 0.142857}
[2026-05-25T10:30:01.420692+00:00] cycle | {'bars_m5': 599, 'bars_h1': 249, 'bars_d1': 119, 'last_bar_time': '2026-05-25 10:25:00+00:00', 'data_age_min': 5.0, 'signal': False, 'risk_per_trade': 0.002857, 'weight': 0.142857}
[portfolio] cycle_complete: symbols=7 signals=0 placed=0 skipped=0 elapsed_s=0.92 per_symbol=[{'symbol': 'GBPUSD', 'signal': False}, {'symbol': 'XAUUSD', 'signal': False}, {'symbol': 'GBPCAD', 'signal': False}, {'symbol': 'USDMXN', 'signal': False}, {'symbol': 'EURJPY', 'signal': False}, {'symbol': 'EURCAD', 'signal': False}, {'symbol': 'AUDCAD', 'signal': False}]
  → sleeping 299s until next M5 close ...
[2026-05-25T10:35:00.640429+00:00] cycle | {'bars_m5': 599, 'bars_h1': 249, 'bars_d1': 119, 'last_bar_time': '2026-05-25 10:25:00+00:00', 'data_age_min': 10.0, 'signal': False, 'risk_per_trade': 0.002857, 'weight': 0.142857}
[2026-05-25T10:35:00.643881+00:00] mt5_connected | {'state': 'healthy', 'periodic': True, 'connected': True, 'trade_allowed': True, 'ping_ms': 16999}
[2026-05-25T10:35:00.789852+00:00] cycle | {'bars_m5': 599, 'bars_h1': 249, 'bars_d1': 119, 'last_bar_time': '2026-05-25 10:30:00+00:00', 'data_age_min': 5.0, 'signal': False, 'risk_per_trade': 0.002857, 'weight': 0.142857}
[2026-05-25T10:35:00.916701+00:00] cycle | {'bars_m5': 599, 'bars_h1': 249, 'bars_d1': 119, 'last_bar_time': '2026-05-25 10:25:00+00:00', 'data_age_min': 10.0, 'signal': False, 'risk_per_trade': 0.002857, 'weight': 0.142857}
[2026-05-25T10:35:01.062597+00:00] cycle | {'bars_m5': 599, 'bars_h1': 249, 'bars_d1': 119, 'last_bar_time': '2026-05-25 10:25:00+00:00', 'data_age_min': 10.0, 'signal': False, 'risk_per_trade': 0.002857, 'weight': 0.142857}
[2026-05-25T10:35:01.191345+00:00] cycle | {'bars_m5': 599, 'bars_h1': 249, 'bars_d1': 119, 'last_bar_time': '2026-05-25 10:30:00+00:00', 'data_age_min': 5.0, 'signal': False, 'risk_per_trade': 0.002857, 'weight': 0.142857}
[2026-05-25T10:35:01.313224+00:00] cycle | {'bars_m5': 599, 'bars_h1': 249, 'bars_d1': 119, 'last_bar_time': '2026-05-25 10:25:00+00:00', 'data_age_min': 10.0, 'signal': False, 'risk_per_trade': 0.002857, 'weight': 0.142857}
[2026-05-25T10:35:01.442275+00:00] cycle | {'bars_m5': 599, 'bars_h1': 249, 'bars_d1': 119, 'last_bar_time': '2026-05-25 10:25:00+00:00', 'data_age_min': 10.0, 'signal': False, 'risk_per_trade': 0.002857, 'weight': 0.142857}
[portfolio] cycle_complete: symbols=7 signals=0 placed=0 skipped=0 elapsed_s=0.94 per_symbol=[{'symbol': 'GBPUSD', 'signal': False}, {'symbol': 'XAUUSD', 'signal': False}, {'symbol': 'GBPCAD', 'signal': False}, {'symbol': 'USDMXN', 'signal': False}, {'symbol': 'EURJPY', 'signal': False}, {'symbol': 'EURCAD', 'signal': False}, {'symbol': 'AUDCAD', 'signal': False}]
  → sleeping 299s until next M5 close ...
[2026-05-25T10:40:00.505034+00:00] heartbeat | {'uptime_s': 8469.3, 'mt5_connected': True, 'mt5_trade_allowed': True, 'tracked_pendings': 0, 'open_positions': 0, 'cooldown_active': False, 'cooldown_remaining_s': 0.0, 'balance': 961.66, 'equity': 961.66}
[2026-05-25T10:40:00.633446+00:00] cycle | {'bars_m5': 599, 'bars_h1': 249, 'bars_d1': 119, 'last_bar_time': '2026-05-25 10:35:00+00:00', 'data_age_min': 5.0, 'signal': False, 'risk_per_trade': 0.002857, 'weight': 0.142857}
[2026-05-25T10:40:00.636846+00:00] heartbeat | {'uptime_s': 8469.4, 'mt5_connected': True, 'mt5_trade_allowed': True, 'tracked_pendings': 0, 'open_positions': 0, 'cooldown_active': False, 'cooldown_remaining_s': 0.0, 'balance': 961.66, 'equity': 961.66}
[2026-05-25T10:40:00.763490+00:00] cycle | {'bars_m5': 599, 'bars_h1': 249, 'bars_d1': 119, 'last_bar_time': '2026-05-25 10:30:00+00:00', 'data_age_min': 10.0, 'signal': False, 'risk_per_trade': 0.002857, 'weight': 0.142857}
[2026-05-25T10:40:00.767067+00:00] heartbeat | {'uptime_s': 8469.5, 'mt5_connected': True, 'mt5_trade_allowed': True, 'tracked_pendings': 0, 'open_positions': 0, 'cooldown_active': False, 'cooldown_remaining_s': 0.0, 'balance': 961.66, 'equity': 961.66}
[2026-05-25T10:40:00.909245+00:00] cycle | {'bars_m5': 599, 'bars_h1': 249, 'bars_d1': 119, 'last_bar_time': '2026-05-25 10:30:00+00:00', 'data_age_min': 10.0, 'signal': False, 'risk_per_trade': 0.002857, 'weight': 0.142857}
[2026-05-25T10:40:00.912497+00:00] heartbeat | {'uptime_s': 8469.6, 'mt5_connected': True, 'mt5_trade_allowed': True, 'tracked_pendings': 0, 'open_positions': 0, 'cooldown_active': False, 'cooldown_remaining_s': 0.0, 'balance': 961.66, 'equity': 961.66}
[2026-05-25T10:40:01.053487+00:00] cycle | {'bars_m5': 599, 'bars_h1': 249, 'bars_d1': 119, 'last_bar_time': '2026-05-25 10:30:00+00:00', 'data_age_min': 10.0, 'signal': False, 'risk_per_trade': 0.002857, 'weight': 0.142857}
[2026-05-25T10:40:01.057437+00:00] heartbeat | {'uptime_s': 8469.8, 'mt5_connected': True, 'mt5_trade_allowed': True, 'tracked_pendings': 0, 'open_positions': 0, 'cooldown_active': False, 'cooldown_remaining_s': 0.0, 'balance': 961.66, 'equity': 961.66}
[2026-05-25T10:40:01.204476+00:00] cycle | {'bars_m5': 599, 'bars_h1': 249, 'bars_d1': 119, 'last_bar_time': '2026-05-25 10:35:00+00:00', 'data_age_min': 5.0, 'signal': False, 'risk_per_trade': 0.002857, 'weight': 0.142857}
[2026-05-25T10:40:01.207820+00:00] heartbeat | {'uptime_s': 8469.9, 'mt5_connected': True, 'mt5_trade_allowed': True, 'tracked_pendings': 0, 'open_positions': 0, 'cooldown_active': False, 'cooldown_remaining_s': 0.0, 'balance': 961.66, 'equity': 961.66}
[2026-05-25T10:40:01.346767+00:00] cycle | {'bars_m5': 599, 'bars_h1': 249, 'bars_d1': 119, 'last_bar_time': '2026-05-25 10:35:00+00:00', 'data_age_min': 5.0, 'signal': False, 'risk_per_trade': 0.002857, 'weight': 0.142857}
[2026-05-25T10:40:01.349640+00:00] heartbeat | {'uptime_s': 8470.1, 'mt5_connected': True, 'mt5_trade_allowed': True, 'tracked_pendings': 0, 'open_positions': 0, 'cooldown_active': False, 'cooldown_remaining_s': 0.0, 'balance': 961.66, 'equity': 961.66}
[2026-05-25T10:40:01.468180+00:00] cycle | {'bars_m5': 599, 'bars_h1': 249, 'bars_d1': 119, 'last_bar_time': '2026-05-25 10:30:00+00:00', 'data_age_min': 10.0, 'signal': False, 'risk_per_trade': 0.002857, 'weight': 0.142857}
[portfolio] cycle_complete: symbols=7 signals=0 placed=0 skipped=0 elapsed_s=0.97 per_symbol=[{'symbol': 'GBPUSD', 'signal': False}, {'symbol': 'XAUUSD', 'signal': False}, {'symbol': 'GBPCAD', 'signal': False}, {'symbol': 'USDMXN', 'signal': False}, {'symbol': 'EURJPY', 'signal': False}, {'symbol': 'EURCAD', 'signal': False}, {'symbol': 'AUDCAD', 'signal': False}]
  → sleeping 299s until next M5 close ...
[2026-05-25T10:45:00.640178+00:00] cycle | {'bars_m5': 599, 'bars_h1': 249, 'bars_d1': 119, 'last_bar_time': '2026-05-25 10:40:00+00:00', 'data_age_min': 5.0, 'signal': False, 'risk_per_trade': 0.002857, 'weight': 0.142857}
[2026-05-25T10:45:00.768757+00:00] cycle | {'bars_m5': 599, 'bars_h1': 249, 'bars_d1': 119, 'last_bar_time': '2026-05-25 10:40:00+00:00', 'data_age_min': 5.0, 'signal': False, 'risk_per_trade': 0.002857, 'weight': 0.142857}
[2026-05-25T10:45:00.772941+00:00] mt5_connected | {'state': 'healthy', 'periodic': True, 'connected': True, 'trade_allowed': True, 'ping_ms': 16999}
[2026-05-25T10:45:00.908977+00:00] cycle | {'bars_m5': 599, 'bars_h1': 249, 'bars_d1': 119, 'last_bar_time': '2026-05-25 10:40:00+00:00', 'data_age_min': 5.0, 'signal': False, 'risk_per_trade': 0.002857, 'weight': 0.142857}
[2026-05-25T10:45:01.024022+00:00] cycle | {'bars_m5': 599, 'bars_h1': 249, 'bars_d1': 119, 'last_bar_time': '2026-05-25 10:35:00+00:00', 'data_age_min': 10.0, 'signal': False, 'risk_per_trade': 0.002857, 'weight': 0.142857}
[2026-05-25T10:45:01.156975+00:00] cycle | {'bars_m5': 599, 'bars_h1': 249, 'bars_d1': 119, 'last_bar_time': '2026-05-25 10:40:00+00:00', 'data_age_min': 5.0, 'signal': False, 'risk_per_trade': 0.002857, 'weight': 0.142857}
[2026-05-25T10:45:01.290849+00:00] cycle | {'bars_m5': 599, 'bars_h1': 249, 'bars_d1': 119, 'last_bar_time': '2026-05-25 10:40:00+00:00', 'data_age_min': 5.0, 'signal': False, 'risk_per_trade': 0.002857, 'weight': 0.142857}
[2026-05-25T10:45:01.429184+00:00] cycle | {'bars_m5': 599, 'bars_h1': 249, 'bars_d1': 119, 'last_bar_time': '2026-05-25 10:35:00+00:00', 'data_age_min': 10.0, 'signal': False, 'risk_per_trade': 0.002857, 'weight': 0.142857}
[portfolio] cycle_complete: symbols=7 signals=0 placed=0 skipped=0 elapsed_s=0.93 per_symbol=[{'symbol': 'GBPUSD', 'signal': False}, {'symbol': 'XAUUSD', 'signal': False}, {'symbol': 'GBPCAD', 'signal': False}, {'symbol': 'USDMXN', 'signal': False}, {'symbol': 'EURJPY', 'signal': False}, {'symbol': 'EURCAD', 'signal': False}, {'symbol': 'AUDCAD', 'signal': False}]
  → sleeping 299s until next M5 close ...
[2026-05-25T10:50:00.634983+00:00] cycle | {'bars_m5': 599, 'bars_h1': 249, 'bars_d1': 119, 'last_bar_time': '2026-05-25 10:45:00+00:00', 'data_age_min': 5.0, 'signal': False, 'risk_per_trade': 0.002857, 'weight': 0.142857}
[2026-05-25T10:50:00.752074+00:00] cycle | {'bars_m5': 599, 'bars_h1': 249, 'bars_d1': 119, 'last_bar_time': '2026-05-25 10:40:00+00:00', 'data_age_min': 10.0, 'signal': False, 'risk_per_trade': 0.002857, 'weight': 0.142857}
[2026-05-25T10:50:00.884848+00:00] cycle | {'bars_m5': 599, 'bars_h1': 249, 'bars_d1': 119, 'last_bar_time': '2026-05-25 10:40:00+00:00', 'data_age_min': 10.0, 'signal': False, 'risk_per_trade': 0.002857, 'weight': 0.142857}
[2026-05-25T10:50:01.032389+00:00] cycle | {'bars_m5': 599, 'bars_h1': 249, 'bars_d1': 119, 'last_bar_time': '2026-05-25 10:40:00+00:00', 'data_age_min': 10.0, 'signal': False, 'risk_per_trade': 0.002857, 'weight': 0.142857}
[2026-05-25T10:50:01.175512+00:00] cycle | {'bars_m5': 599, 'bars_h1': 249, 'bars_d1': 119, 'last_bar_time': '2026-05-25 10:45:00+00:00', 'data_age_min': 5.0, 'signal': False, 'risk_per_trade': 0.002857, 'weight': 0.142857}
[2026-05-25T10:50:01.294731+00:00] cycle | {'bars_m5': 599, 'bars_h1': 249, 'bars_d1': 119, 'last_bar_time': '2026-05-25 10:45:00+00:00', 'data_age_min': 5.0, 'signal': False, 'risk_per_trade': 0.002857, 'weight': 0.142857}
[2026-05-25T10:50:01.423850+00:00] cycle | {'bars_m5': 599, 'bars_h1': 249, 'bars_d1': 119, 'last_bar_time': '2026-05-25 10:45:00+00:00', 'data_age_min': 5.0, 'signal': False, 'risk_per_trade': 0.002857, 'weight': 0.142857}
[portfolio] cycle_complete: symbols=7 signals=0 placed=0 skipped=0 elapsed_s=0.92 per_symbol=[{'symbol': 'GBPUSD', 'signal': False}, {'symbol': 'XAUUSD', 'signal': False}, {'symbol': 'GBPCAD', 'signal': False}, {'symbol': 'USDMXN', 'signal': False}, {'symbol': 'EURJPY', 'signal': False}, {'symbol': 'EURCAD', 'signal': False}, {'symbol': 'AUDCAD', 'signal': False}]
  → sleeping 299s until next M5 close ...
[2026-05-25T10:55:00.505533+00:00] heartbeat | {'uptime_s': 9369.3, 'mt5_connected': True, 'mt5_trade_allowed': True, 'tracked_pendings': 0, 'open_positions': 0, 'cooldown_active': False, 'cooldown_remaining_s': 0.0, 'balance': 961.66, 'equity': 961.66}
[2026-05-25T10:55:00.651566+00:00] cycle | {'bars_m5': 599, 'bars_h1': 249, 'bars_d1': 119, 'last_bar_time': '2026-05-25 10:50:00+00:00', 'data_age_min': 5.0, 'signal': False, 'risk_per_trade': 0.002857, 'weight': 0.142857}
[2026-05-25T10:55:00.654141+00:00] heartbeat | {'uptime_s': 9369.4, 'mt5_connected': True, 'mt5_trade_allowed': True, 'tracked_pendings': 0, 'open_positions': 0, 'cooldown_active': False, 'cooldown_remaining_s': 0.0, 'balance': 961.66, 'equity': 961.66}
[2026-05-25T10:55:00.781480+00:00] cycle | {'bars_m5': 599, 'bars_h1': 249, 'bars_d1': 119, 'last_bar_time': '2026-05-25 10:50:00+00:00', 'data_age_min': 5.0, 'signal': False, 'risk_per_trade': 0.002857, 'weight': 0.142857}
[2026-05-25T10:55:00.785627+00:00] heartbeat | {'uptime_s': 9369.5, 'mt5_connected': True, 'mt5_trade_allowed': True, 'tracked_pendings': 0, 'open_positions': 0, 'cooldown_active': False, 'cooldown_remaining_s': 0.0, 'balance': 961.66, 'equity': 961.66}
[2026-05-25T10:55:00.787240+00:00] mt5_connected | {'state': 'healthy', 'periodic': True, 'connected': True, 'trade_allowed': True, 'ping_ms': 16999}
[2026-05-25T10:55:00.910362+00:00] cycle | {'bars_m5': 599, 'bars_h1': 249, 'bars_d1': 119, 'last_bar_time': '2026-05-25 10:50:00+00:00', 'data_age_min': 5.0, 'signal': False, 'risk_per_trade': 0.002857, 'weight': 0.142857}
[2026-05-25T10:55:00.913151+00:00] heartbeat | {'uptime_s': 9369.6, 'mt5_connected': True, 'mt5_trade_allowed': True, 'tracked_pendings': 0, 'open_positions': 0, 'cooldown_active': False, 'cooldown_remaining_s': 0.0, 'balance': 961.66, 'equity': 961.66}
[2026-05-25T10:55:01.037202+00:00] cycle | {'bars_m5': 599, 'bars_h1': 249, 'bars_d1': 119, 'last_bar_time': '2026-05-25 10:45:00+00:00', 'data_age_min': 10.0, 'signal': False, 'risk_per_trade': 0.002857, 'weight': 0.142857}
[2026-05-25T10:55:01.040202+00:00] heartbeat | {'uptime_s': 9369.8, 'mt5_connected': True, 'mt5_trade_allowed': True, 'tracked_pendings': 0, 'open_positions': 0, 'cooldown_active': False, 'cooldown_remaining_s': 0.0, 'balance': 961.66, 'equity': 961.66}
[2026-05-25T10:55:01.169077+00:00] cycle | {'bars_m5': 599, 'bars_h1': 249, 'bars_d1': 119, 'last_bar_time': '2026-05-25 10:50:00+00:00', 'data_age_min': 5.0, 'signal': False, 'risk_per_trade': 0.002857, 'weight': 0.142857}
[2026-05-25T10:55:01.172664+00:00] heartbeat | {'uptime_s': 9369.9, 'mt5_connected': True, 'mt5_trade_allowed': True, 'tracked_pendings': 0, 'open_positions': 0, 'cooldown_active': False, 'cooldown_remaining_s': 0.0, 'balance': 961.66, 'equity': 961.66}
[2026-05-25T10:55:01.290190+00:00] cycle | {'bars_m5': 599, 'bars_h1': 249, 'bars_d1': 119, 'last_bar_time': '2026-05-25 10:50:00+00:00', 'data_age_min': 5.0, 'signal': False, 'risk_per_trade': 0.002857, 'weight': 0.142857}
[2026-05-25T10:55:01.302483+00:00] heartbeat | {'uptime_s': 9370.0, 'mt5_connected': True, 'mt5_trade_allowed': True, 'tracked_pendings': 0, 'open_positions': 0, 'cooldown_active': False, 'cooldown_remaining_s': 0.0, 'balance': 961.66, 'equity': 961.66}
[2026-05-25T10:55:01.431987+00:00] cycle | {'bars_m5': 599, 'bars_h1': 249, 'bars_d1': 119, 'last_bar_time': '2026-05-25 10:50:00+00:00', 'data_age_min': 5.0, 'signal': False, 'risk_per_trade': 0.002857, 'weight': 0.142857}
[portfolio] cycle_complete: symbols=7 signals=0 placed=0 skipped=0 elapsed_s=0.93 per_symbol=[{'symbol': 'GBPUSD', 'signal': False}, {'symbol': 'XAUUSD', 'signal': False}, {'symbol': 'GBPCAD', 'signal': False}, {'symbol': 'USDMXN', 'signal': False}, {'symbol': 'EURJPY', 'signal': False}, {'symbol': 'EURCAD', 'signal': False}, {'symbol': 'AUDCAD', 'signal': False}]
  → sleeping 299s until next M5 close ...
[2026-05-25T11:00:00.651989+00:00] cycle | {'bars_m5': 599, 'bars_h1': 249, 'bars_d1': 119, 'last_bar_time': '2026-05-25 10:55:00+00:00', 'data_age_min': 5.0, 'signal': False, 'risk_per_trade': 0.002857, 'weight': 0.142857}
[2026-05-25T11:00:00.774517+00:00] cycle | {'bars_m5': 599, 'bars_h1': 249, 'bars_d1': 119, 'last_bar_time': '2026-05-25 10:55:00+00:00', 'data_age_min': 5.0, 'signal': False, 'risk_per_trade': 0.002857, 'weight': 0.142857}
[2026-05-25T11:00:00.922283+00:00] cycle | {'bars_m5': 599, 'bars_h1': 249, 'bars_d1': 119, 'last_bar_time': '2026-05-25 10:55:00+00:00', 'data_age_min': 5.0, 'signal': False, 'risk_per_trade': 0.002857, 'weight': 0.142857}
[2026-05-25T11:00:01.064333+00:00] cycle | {'bars_m5': 599, 'bars_h1': 249, 'bars_d1': 119, 'last_bar_time': '2026-05-25 10:55:00+00:00', 'data_age_min': 5.0, 'signal': False, 'risk_per_trade': 0.002857, 'weight': 0.142857}
[2026-05-25T11:00:01.180729+00:00] cycle | {'bars_m5': 599, 'bars_h1': 249, 'bars_d1': 119, 'last_bar_time': '2026-05-25 10:55:00+00:00', 'data_age_min': 5.0, 'signal': False, 'risk_per_trade': 0.002857, 'weight': 0.142857}
[2026-05-25T11:00:01.328613+00:00] cycle | {'bars_m5': 599, 'bars_h1': 249, 'bars_d1': 119, 'last_bar_time': '2026-05-25 10:55:00+00:00', 'data_age_min': 5.0, 'signal': False, 'risk_per_trade': 0.002857, 'weight': 0.142857}
[2026-05-25T11:00:01.475752+00:00] cycle | {'bars_m5': 599, 'bars_h1': 249, 'bars_d1': 119, 'last_bar_time': '2026-05-25 10:55:00+00:00', 'data_age_min': 5.0, 'signal': False, 'risk_per_trade': 0.002857, 'weight': 0.142857}
[portfolio] cycle_complete: symbols=7 signals=0 placed=0 skipped=0 elapsed_s=0.97 per_symbol=[{'symbol': 'GBPUSD', 'signal': False}, {'symbol': 'XAUUSD', 'signal': False}, {'symbol': 'GBPCAD', 'signal': False}, {'symbol': 'USDMXN', 'signal': False}, {'symbol': 'EURJPY', 'signal': False}, {'symbol': 'EURCAD', 'signal': False}, {'symbol': 'AUDCAD', 'signal': False}]
  → sleeping 299s until next M5 close ...
[2026-05-25T11:05:00.645277+00:00] cycle | {'bars_m5': 599, 'bars_h1': 249, 'bars_d1': 119, 'last_bar_time': '2026-05-25 11:00:00+00:00', 'data_age_min': 5.0, 'signal': False, 'risk_per_trade': 0.002857, 'weight': 0.142857}
[2026-05-25T11:05:00.773414+00:00] cycle | {'bars_m5': 599, 'bars_h1': 249, 'bars_d1': 119, 'last_bar_time': '2026-05-25 11:00:00+00:00', 'data_age_min': 5.0, 'signal': False, 'risk_per_trade': 0.002857, 'weight': 0.142857}
[2026-05-25T11:05:00.907912+00:00] cycle | {'bars_m5': 599, 'bars_h1': 249, 'bars_d1': 119, 'last_bar_time': '2026-05-25 11:00:00+00:00', 'data_age_min': 5.0, 'signal': False, 'risk_per_trade': 0.002857, 'weight': 0.142857}
[2026-05-25T11:05:00.910523+00:00] mt5_connected | {'state': 'healthy', 'periodic': True, 'connected': True, 'trade_allowed': True, 'ping_ms': 16999}
[2026-05-25T11:05:01.056408+00:00] cycle | {'bars_m5': 599, 'bars_h1': 249, 'bars_d1': 119, 'last_bar_time': '2026-05-25 10:55:00+00:00', 'data_age_min': 10.0, 'signal': False, 'risk_per_trade': 0.002857, 'weight': 0.142857}
[2026-05-25T11:05:01.059924+00:00] heartbeat | {'uptime_s': 9969.8, 'mt5_connected': True, 'mt5_trade_allowed': True, 'tracked_pendings': 0, 'open_positions': 0, 'cooldown_active': False, 'cooldown_remaining_s': 0.0, 'balance': 961.66, 'equity': 961.66}
[2026-05-25T11:05:01.207933+00:00] cycle | {'bars_m5': 599, 'bars_h1': 249, 'bars_d1': 119, 'last_bar_time': '2026-05-25 11:00:00+00:00', 'data_age_min': 5.0, 'signal': False, 'risk_per_trade': 0.002857, 'weight': 0.142857}
[2026-05-25T11:05:01.211864+00:00] heartbeat | {'uptime_s': 9969.9, 'mt5_connected': True, 'mt5_trade_allowed': True, 'tracked_pendings': 0, 'open_positions': 0, 'cooldown_active': False, 'cooldown_remaining_s': 0.0, 'balance': 961.66, 'equity': 961.66}
[2026-05-25T11:05:01.336753+00:00] cycle | {'bars_m5': 599, 'bars_h1': 249, 'bars_d1': 119, 'last_bar_time': '2026-05-25 11:00:00+00:00', 'data_age_min': 5.0, 'signal': False, 'risk_per_trade': 0.002857, 'weight': 0.142857}
[2026-05-25T11:05:01.340038+00:00] heartbeat | {'uptime_s': 9970.0, 'mt5_connected': True, 'mt5_trade_allowed': True, 'tracked_pendings': 0, 'open_positions': 0, 'cooldown_active': False, 'cooldown_remaining_s': 0.0, 'balance': 961.66, 'equity': 961.66}
[2026-05-25T11:05:01.478957+00:00] cycle | {'bars_m5': 599, 'bars_h1': 249, 'bars_d1': 119, 'last_bar_time': '2026-05-25 11:00:00+00:00', 'data_age_min': 5.0, 'signal': False, 'risk_per_trade': 0.002857, 'weight': 0.142857}
[portfolio] cycle_complete: symbols=7 signals=0 placed=0 skipped=0 elapsed_s=0.98 per_symbol=[{'symbol': 'GBPUSD', 'signal': False}, {'symbol': 'XAUUSD', 'signal': False}, {'symbol': 'GBPCAD', 'signal': False}, {'symbol': 'USDMXN', 'signal': False}, {'symbol': 'EURJPY', 'signal': False}, {'symbol': 'EURCAD', 'signal': False}, {'symbol': 'AUDCAD', 'signal': False}]
  → sleeping 299s until next M5 close ...
[2026-05-25T11:10:00.505303+00:00] heartbeat | {'uptime_s': 10269.3, 'mt5_connected': True, 'mt5_trade_allowed': True, 'tracked_pendings': 0, 'open_positions': 0, 'cooldown_active': False, 'cooldown_remaining_s': 0.0, 'balance': 961.66, 'equity': 961.66}
[2026-05-25T11:10:00.643371+00:00] cycle | {'bars_m5': 599, 'bars_h1': 249, 'bars_d1': 119, 'last_bar_time': '2026-05-25 11:05:00+00:00', 'data_age_min': 5.0, 'signal': False, 'risk_per_trade': 0.002857, 'weight': 0.142857}
[2026-05-25T11:10:00.646505+00:00] heartbeat | {'uptime_s': 10269.4, 'mt5_connected': True, 'mt5_trade_allowed': True, 'tracked_pendings': 0, 'open_positions': 0, 'cooldown_active': False, 'cooldown_remaining_s': 0.0, 'balance': 961.66, 'equity': 961.66}
[2026-05-25T11:10:00.787622+00:00] cycle | {'bars_m5': 599, 'bars_h1': 249, 'bars_d1': 119, 'last_bar_time': '2026-05-25 11:05:00+00:00', 'data_age_min': 5.0, 'signal': False, 'risk_per_trade': 0.002857, 'weight': 0.142857}
[2026-05-25T11:10:00.790569+00:00] heartbeat | {'uptime_s': 10269.5, 'mt5_connected': True, 'mt5_trade_allowed': True, 'tracked_pendings': 0, 'open_positions': 0, 'cooldown_active': False, 'cooldown_remaining_s': 0.0, 'balance': 961.66, 'equity': 961.66}
[2026-05-25T11:10:00.930045+00:00] cycle | {'bars_m5': 599, 'bars_h1': 249, 'bars_d1': 119, 'last_bar_time': '2026-05-25 11:05:00+00:00', 'data_age_min': 5.0, 'signal': False, 'risk_per_trade': 0.002857, 'weight': 0.142857}
[2026-05-25T11:10:00.932840+00:00] heartbeat | {'uptime_s': 10269.7, 'mt5_connected': True, 'mt5_trade_allowed': True, 'tracked_pendings': 0, 'open_positions': 0, 'cooldown_active': False, 'cooldown_remaining_s': 0.0, 'balance': 961.66, 'equity': 961.66}
[2026-05-25T11:10:01.073977+00:00] cycle | {'bars_m5': 599, 'bars_h1': 249, 'bars_d1': 119, 'last_bar_time': '2026-05-25 11:05:00+00:00', 'data_age_min': 5.0, 'signal': False, 'risk_per_trade': 0.002857, 'weight': 0.142857}
[2026-05-25T11:10:01.216557+00:00] cycle | {'bars_m5': 599, 'bars_h1': 249, 'bars_d1': 119, 'last_bar_time': '2026-05-25 11:05:00+00:00', 'data_age_min': 5.0, 'signal': False, 'risk_per_trade': 0.002857, 'weight': 0.142857}
[2026-05-25T11:10:01.362606+00:00] cycle | {'bars_m5': 599, 'bars_h1': 249, 'bars_d1': 119, 'last_bar_time': '2026-05-25 11:05:00+00:00', 'data_age_min': 5.0, 'signal': False, 'risk_per_trade': 0.002857, 'weight': 0.142857}
[2026-05-25T11:10:01.514657+00:00] cycle | {'bars_m5': 599, 'bars_h1': 249, 'bars_d1': 119, 'last_bar_time': '2026-05-25 11:05:00+00:00', 'data_age_min': 5.0, 'signal': False, 'risk_per_trade': 0.002857, 'weight': 0.142857}
[portfolio] cycle_complete: symbols=7 signals=0 placed=0 skipped=0 elapsed_s=1.01 per_symbol=[{'symbol': 'GBPUSD', 'signal': False}, {'symbol': 'XAUUSD', 'signal': False}, {'symbol': 'GBPCAD', 'signal': False}, {'symbol': 'USDMXN', 'signal': False}, {'symbol': 'EURJPY', 'signal': False}, {'symbol': 'EURCAD', 'signal': False}, {'symbol': 'AUDCAD', 'signal': False}]
  → sleeping 299s until next M5 close ...
[2026-05-25T11:15:00.660751+00:00] cycle | {'bars_m5': 599, 'bars_h1': 249, 'bars_d1': 119, 'last_bar_time': '2026-05-25 11:10:00+00:00', 'data_age_min': 5.0, 'signal': False, 'risk_per_trade': 0.002857, 'weight': 0.142857}
[2026-05-25T11:15:00.806937+00:00] cycle | {'bars_m5': 599, 'bars_h1': 249, 'bars_d1': 119, 'last_bar_time': '2026-05-25 11:10:00+00:00', 'data_age_min': 5.0, 'signal': False, 'risk_per_trade': 0.002857, 'weight': 0.142857}
[2026-05-25T11:15:00.938757+00:00] cycle | {'bars_m5': 599, 'bars_h1': 249, 'bars_d1': 119, 'last_bar_time': '2026-05-25 11:10:00+00:00', 'data_age_min': 5.0, 'signal': False, 'risk_per_trade': 0.002857, 'weight': 0.142857}
[2026-05-25T11:15:00.942991+00:00] mt5_connected | {'state': 'healthy', 'periodic': True, 'connected': True, 'trade_allowed': True, 'ping_ms': 16999}
[2026-05-25T11:15:01.073064+00:00] cycle | {'bars_m5': 599, 'bars_h1': 249, 'bars_d1': 119, 'last_bar_time': '2026-05-25 11:10:00+00:00', 'data_age_min': 5.0, 'signal': False, 'risk_per_trade': 0.002857, 'weight': 0.142857}
[2026-05-25T11:15:01.076035+00:00] heartbeat | {'uptime_s': 10569.8, 'mt5_connected': True, 'mt5_trade_allowed': True, 'tracked_pendings': 0, 'open_positions': 0, 'cooldown_active': False, 'cooldown_remaining_s': 0.0, 'balance': 961.66, 'equity': 961.66}
[2026-05-25T11:15:01.218403+00:00] cycle | {'bars_m5': 599, 'bars_h1': 249, 'bars_d1': 119, 'last_bar_time': '2026-05-25 11:10:00+00:00', 'data_age_min': 5.0, 'signal': False, 'risk_per_trade': 0.002857, 'weight': 0.142857}
[2026-05-25T11:15:01.222181+00:00] heartbeat | {'uptime_s': 10569.9, 'mt5_connected': True, 'mt5_trade_allowed': True, 'tracked_pendings': 0, 'open_positions': 0, 'cooldown_active': False, 'cooldown_remaining_s': 0.0, 'balance': 961.66, 'equity': 961.66}
[2026-05-25T11:15:01.383146+00:00] cycle | {'bars_m5': 599, 'bars_h1': 249, 'bars_d1': 119, 'last_bar_time': '2026-05-25 11:10:00+00:00', 'data_age_min': 5.0, 'signal': False, 'risk_per_trade': 0.002857, 'weight': 0.142857}
[2026-05-25T11:15:01.387524+00:00] heartbeat | {'uptime_s': 10570.1, 'mt5_connected': True, 'mt5_trade_allowed': True, 'tracked_pendings': 0, 'open_positions': 0, 'cooldown_active': False, 'cooldown_remaining_s': 0.0, 'balance': 961.66, 'equity': 961.66}
[2026-05-25T11:15:01.524028+00:00] cycle | {'bars_m5': 599, 'bars_h1': 249, 'bars_d1': 119, 'last_bar_time': '2026-05-25 11:10:00+00:00', 'data_age_min': 5.0, 'signal': False, 'risk_per_trade': 0.002857, 'weight': 0.142857}
[portfolio] cycle_complete: symbols=7 signals=0 placed=0 skipped=0 elapsed_s=1.02 per_symbol=[{'symbol': 'GBPUSD', 'signal': False}, {'symbol': 'XAUUSD', 'signal': False}, {'symbol': 'GBPCAD', 'signal': False}, {'symbol': 'USDMXN', 'signal': False}, {'symbol': 'EURJPY', 'signal': False}, {'symbol': 'EURCAD', 'signal': False}, {'symbol': 'AUDCAD', 'signal': False}]
  → sleeping 299s until next M5 close ...
[2026-05-25T11:20:00.632505+00:00] cycle | {'bars_m5': 599, 'bars_h1': 249, 'bars_d1': 119, 'last_bar_time': '2026-05-25 11:10:00+00:00', 'data_age_min': 10.0, 'signal': False, 'risk_per_trade': 0.002857, 'weight': 0.142857}
[2026-05-25T11:20:00.778466+00:00] cycle | {'bars_m5': 599, 'bars_h1': 249, 'bars_d1': 119, 'last_bar_time': '2026-05-25 11:10:00+00:00', 'data_age_min': 10.0, 'signal': False, 'risk_per_trade': 0.002857, 'weight': 0.142857}
[2026-05-25T11:20:00.902607+00:00] cycle | {'bars_m5': 599, 'bars_h1': 249, 'bars_d1': 119, 'last_bar_time': '2026-05-25 11:10:00+00:00', 'data_age_min': 10.0, 'signal': False, 'risk_per_trade': 0.002857, 'weight': 0.142857}
[2026-05-25T11:20:01.072864+00:00] cycle | {'bars_m5': 599, 'bars_h1': 249, 'bars_d1': 119, 'last_bar_time': '2026-05-25 11:10:00+00:00', 'data_age_min': 10.0, 'signal': False, 'risk_per_trade': 0.002857, 'weight': 0.142857}
[2026-05-25T11:20:01.203844+00:00] cycle | {'bars_m5': 599, 'bars_h1': 249, 'bars_d1': 119, 'last_bar_time': '2026-05-25 11:15:00+00:00', 'data_age_min': 5.0, 'signal': False, 'risk_per_trade': 0.002857, 'weight': 0.142857}
[2026-05-25T11:20:01.339741+00:00] cycle | {'bars_m5': 599, 'bars_h1': 249, 'bars_d1': 119, 'last_bar_time': '2026-05-25 11:15:00+00:00', 'data_age_min': 5.0, 'signal': False, 'risk_per_trade': 0.002857, 'weight': 0.142857}
[2026-05-25T11:20:01.491931+00:00] cycle | {'bars_m5': 599, 'bars_h1': 249, 'bars_d1': 119, 'last_bar_time': '2026-05-25 11:10:00+00:00', 'data_age_min': 10.0, 'signal': False, 'risk_per_trade': 0.002857, 'weight': 0.142857}
[portfolio] cycle_complete: symbols=7 signals=0 placed=0 skipped=0 elapsed_s=0.99 per_symbol=[{'symbol': 'GBPUSD', 'signal': False}, {'symbol': 'XAUUSD', 'signal': False}, {'symbol': 'GBPCAD', 'signal': False}, {'symbol': 'USDMXN', 'signal': False}, {'symbol': 'EURJPY', 'signal': False}, {'symbol': 'EURCAD', 'signal': False}, {'symbol': 'AUDCAD', 'signal': False}]
  → sleeping 299s until next M5 close ...
[2026-05-25T11:25:00.505507+00:00] heartbeat | {'uptime_s': 11169.2, 'mt5_connected': True, 'mt5_trade_allowed': True, 'tracked_pendings': 0, 'open_positions': 0, 'cooldown_active': False, 'cooldown_remaining_s': 0.0, 'balance': 961.66, 'equity': 961.66}
[2026-05-25T11:25:00.634884+00:00] cycle | {'bars_m5': 599, 'bars_h1': 249, 'bars_d1': 119, 'last_bar_time': '2026-05-25 11:20:00+00:00', 'data_age_min': 5.0, 'signal': False, 'risk_per_trade': 0.002857, 'weight': 0.142857}
[2026-05-25T11:25:00.637645+00:00] heartbeat | {'uptime_s': 11169.4, 'mt5_connected': True, 'mt5_trade_allowed': True, 'tracked_pendings': 0, 'open_positions': 0, 'cooldown_active': False, 'cooldown_remaining_s': 0.0, 'balance': 961.66, 'equity': 961.66}
[2026-05-25T11:25:00.758729+00:00] cycle | {'bars_m5': 599, 'bars_h1': 249, 'bars_d1': 119, 'last_bar_time': '2026-05-25 11:20:00+00:00', 'data_age_min': 5.0, 'signal': False, 'risk_per_trade': 0.002857, 'weight': 0.142857}
[2026-05-25T11:25:00.761549+00:00] heartbeat | {'uptime_s': 11169.5, 'mt5_connected': True, 'mt5_trade_allowed': True, 'tracked_pendings': 0, 'open_positions': 0, 'cooldown_active': False, 'cooldown_remaining_s': 0.0, 'balance': 961.66, 'equity': 961.66}
[2026-05-25T11:25:00.881468+00:00] cycle | {'bars_m5': 599, 'bars_h1': 249, 'bars_d1': 119, 'last_bar_time': '2026-05-25 11:20:00+00:00', 'data_age_min': 5.0, 'signal': False, 'risk_per_trade': 0.002857, 'weight': 0.142857}
[2026-05-25T11:25:00.884531+00:00] heartbeat | {'uptime_s': 11169.6, 'mt5_connected': True, 'mt5_trade_allowed': True, 'tracked_pendings': 0, 'open_positions': 0, 'cooldown_active': False, 'cooldown_remaining_s': 0.0, 'balance': 961.66, 'equity': 961.66}
[2026-05-25T11:25:01.002088+00:00] cycle | {'bars_m5': 599, 'bars_h1': 249, 'bars_d1': 119, 'last_bar_time': '2026-05-25 11:15:00+00:00', 'data_age_min': 10.0, 'signal': False, 'risk_per_trade': 0.002857, 'weight': 0.142857}
[2026-05-25T11:25:01.005002+00:00] mt5_connected | {'state': 'healthy', 'periodic': True, 'connected': True, 'trade_allowed': True, 'ping_ms': 16999}
[2026-05-25T11:25:01.115371+00:00] cycle | {'bars_m5': 599, 'bars_h1': 249, 'bars_d1': 119, 'last_bar_time': '2026-05-25 11:20:00+00:00', 'data_age_min': 5.0, 'signal': False, 'risk_per_trade': 0.002857, 'weight': 0.142857}
[2026-05-25T11:25:01.273495+00:00] cycle | {'bars_m5': 599, 'bars_h1': 249, 'bars_d1': 119, 'last_bar_time': '2026-05-25 11:20:00+00:00', 'data_age_min': 5.0, 'signal': False, 'risk_per_trade': 0.002857, 'weight': 0.142857}
[2026-05-25T11:25:01.406288+00:00] cycle | {'bars_m5': 599, 'bars_h1': 249, 'bars_d1': 119, 'last_bar_time': '2026-05-25 11:20:00+00:00', 'data_age_min': 5.0, 'signal': False, 'risk_per_trade': 0.002857, 'weight': 0.142857}
[portfolio] cycle_complete: symbols=7 signals=0 placed=0 skipped=0 elapsed_s=0.9 per_symbol=[{'symbol': 'GBPUSD', 'signal': False}, {'symbol': 'XAUUSD', 'signal': False}, {'symbol': 'GBPCAD', 'signal': False}, {'symbol': 'USDMXN', 'signal': False}, {'symbol': 'EURJPY', 'signal': False}, {'symbol': 'EURCAD', 'signal': False}, {'symbol': 'AUDCAD', 'signal': False}]
  → sleeping 299s until next M5 close ...
[2026-05-25T11:30:00.637298+00:00] cycle | {'bars_m5': 599, 'bars_h1': 249, 'bars_d1': 119, 'last_bar_time': '2026-05-25 11:25:00+00:00', 'data_age_min': 5.0, 'signal': False, 'risk_per_trade': 0.002857, 'weight': 0.142857}
[2026-05-25T11:30:00.772619+00:00] cycle | {'bars_m5': 599, 'bars_h1': 249, 'bars_d1': 119, 'last_bar_time': '2026-05-25 11:25:00+00:00', 'data_age_min': 5.0, 'signal': False, 'risk_per_trade': 0.002857, 'weight': 0.142857}
[2026-05-25T11:30:00.910926+00:00] cycle | {'bars_m5': 599, 'bars_h1': 249, 'bars_d1': 119, 'last_bar_time': '2026-05-25 11:25:00+00:00', 'data_age_min': 5.0, 'signal': False, 'risk_per_trade': 0.002857, 'weight': 0.142857}
[2026-05-25T11:30:01.036479+00:00] cycle | {'bars_m5': 599, 'bars_h1': 249, 'bars_d1': 119, 'last_bar_time': '2026-05-25 11:25:00+00:00', 'data_age_min': 5.0, 'signal': False, 'risk_per_trade': 0.002857, 'weight': 0.142857}
[2026-05-25T11:30:01.041647+00:00] heartbeat | {'uptime_s': 11469.7, 'mt5_connected': True, 'mt5_trade_allowed': True, 'tracked_pendings': 0, 'open_positions': 0, 'cooldown_active': False, 'cooldown_remaining_s': 0.0, 'balance': 961.66, 'equity': 961.66}
[2026-05-25T11:30:01.179053+00:00] cycle | {'bars_m5': 599, 'bars_h1': 249, 'bars_d1': 119, 'last_bar_time': '2026-05-25 11:25:00+00:00', 'data_age_min': 5.0, 'signal': False, 'risk_per_trade': 0.002857, 'weight': 0.142857}
[2026-05-25T11:30:01.182552+00:00] heartbeat | {'uptime_s': 11469.9, 'mt5_connected': True, 'mt5_trade_allowed': True, 'tracked_pendings': 0, 'open_positions': 0, 'cooldown_active': False, 'cooldown_remaining_s': 0.0, 'balance': 961.66, 'equity': 961.66}
[2026-05-25T11:30:01.299279+00:00] cycle | {'bars_m5': 599, 'bars_h1': 249, 'bars_d1': 119, 'last_bar_time': '2026-05-25 11:25:00+00:00', 'data_age_min': 5.0, 'signal': False, 'risk_per_trade': 0.002857, 'weight': 0.142857}
[2026-05-25T11:30:01.302198+00:00] heartbeat | {'uptime_s': 11470.0, 'mt5_connected': True, 'mt5_trade_allowed': True, 'tracked_pendings': 0, 'open_positions': 0, 'cooldown_active': False, 'cooldown_remaining_s': 0.0, 'balance': 961.66, 'equity': 961.66}
[2026-05-25T11:30:01.418742+00:00] cycle | {'bars_m5': 599, 'bars_h1': 249, 'bars_d1': 119, 'last_bar_time': '2026-05-25 11:20:00+00:00', 'data_age_min': 10.0, 'signal': False, 'risk_per_trade': 0.002857, 'weight': 0.142857}
[portfolio] cycle_complete: symbols=7 signals=0 placed=0 skipped=0 elapsed_s=0.92 per_symbol=[{'symbol': 'GBPUSD', 'signal': False}, {'symbol': 'XAUUSD', 'signal': False}, {'symbol': 'GBPCAD', 'signal': False}, {'symbol': 'USDMXN', 'signal': False}, {'symbol': 'EURJPY', 'signal': False}, {'symbol': 'EURCAD', 'signal': False}, {'symbol': 'AUDCAD', 'signal': False}]
  → sleeping 299s until next M5 close ...
[2026-05-25T11:35:00.640204+00:00] cycle | {'bars_m5': 599, 'bars_h1': 249, 'bars_d1': 119, 'last_bar_time': '2026-05-25 11:30:00+00:00', 'data_age_min': 5.0, 'signal': False, 'risk_per_trade': 0.002857, 'weight': 0.142857}
[2026-05-25T11:35:00.643750+00:00] heartbeat | {'uptime_s': 11769.4, 'mt5_connected': True, 'mt5_trade_allowed': True, 'tracked_pendings': 0, 'open_positions': 0, 'cooldown_active': False, 'cooldown_remaining_s': 0.0, 'balance': 961.66, 'equity': 961.66}
[2026-05-25T11:35:00.761412+00:00] cycle | {'bars_m5': 599, 'bars_h1': 249, 'bars_d1': 119, 'last_bar_time': '2026-05-25 11:30:00+00:00', 'data_age_min': 5.0, 'signal': False, 'risk_per_trade': 0.002857, 'weight': 0.142857}
[2026-05-25T11:35:00.883243+00:00] cycle | {'bars_m5': 599, 'bars_h1': 249, 'bars_d1': 119, 'last_bar_time': '2026-05-25 11:25:00+00:00', 'data_age_min': 10.0, 'signal': False, 'risk_per_trade': 0.002857, 'weight': 0.142857}
[2026-05-25T11:35:01.003740+00:00] cycle | {'bars_m5': 599, 'bars_h1': 249, 'bars_d1': 119, 'last_bar_time': '2026-05-25 11:30:00+00:00', 'data_age_min': 5.0, 'signal': False, 'risk_per_trade': 0.002857, 'weight': 0.142857}
[2026-05-25T11:35:01.150341+00:00] cycle | {'bars_m5': 599, 'bars_h1': 249, 'bars_d1': 119, 'last_bar_time': '2026-05-25 11:30:00+00:00', 'data_age_min': 5.0, 'signal': False, 'risk_per_trade': 0.002857, 'weight': 0.142857}
[2026-05-25T11:35:01.154077+00:00] mt5_connected | {'state': 'healthy', 'periodic': True, 'connected': True, 'trade_allowed': True, 'ping_ms': 16999}
[2026-05-25T11:35:01.269143+00:00] cycle | {'bars_m5': 599, 'bars_h1': 249, 'bars_d1': 119, 'last_bar_time': '2026-05-25 11:30:00+00:00', 'data_age_min': 5.0, 'signal': False, 'risk_per_trade': 0.002857, 'weight': 0.142857}
[2026-05-25T11:35:01.401838+00:00] cycle | {'bars_m5': 599, 'bars_h1': 249, 'bars_d1': 119, 'last_bar_time': '2026-05-25 11:30:00+00:00', 'data_age_min': 5.0, 'signal': False, 'risk_per_trade': 0.002857, 'weight': 0.142857}
[portfolio] cycle_complete: symbols=7 signals=0 placed=0 skipped=0 elapsed_s=0.9 per_symbol=[{'symbol': 'GBPUSD', 'signal': False}, {'symbol': 'XAUUSD', 'signal': False}, {'symbol': 'GBPCAD', 'signal': False}, {'symbol': 'USDMXN', 'signal': False}, {'symbol': 'EURJPY', 'signal': False}, {'symbol': 'EURCAD', 'signal': False}, {'symbol': 'AUDCAD', 'signal': False}]
  → sleeping 299s until next M5 close ...
[2026-05-25T11:40:00.505144+00:00] heartbeat | {'uptime_s': 12069.2, 'mt5_connected': True, 'mt5_trade_allowed': True, 'tracked_pendings': 0, 'open_positions': 0, 'cooldown_active': False, 'cooldown_remaining_s': 0.0, 'balance': 961.66, 'equity': 961.66}
[2026-05-25T11:40:00.631930+00:00] cycle | {'bars_m5': 599, 'bars_h1': 249, 'bars_d1': 119, 'last_bar_time': '2026-05-25 11:35:00+00:00', 'data_age_min': 5.0, 'signal': False, 'risk_per_trade': 0.002857, 'weight': 0.142857}
[2026-05-25T11:40:00.771561+00:00] cycle | {'bars_m5': 599, 'bars_h1': 249, 'bars_d1': 119, 'last_bar_time': '2026-05-25 11:35:00+00:00', 'data_age_min': 5.0, 'signal': False, 'risk_per_trade': 0.002857, 'weight': 0.142857}
[2026-05-25T11:40:00.774508+00:00] heartbeat | {'uptime_s': 12069.5, 'mt5_connected': True, 'mt5_trade_allowed': True, 'tracked_pendings': 0, 'open_positions': 0, 'cooldown_active': False, 'cooldown_remaining_s': 0.0, 'balance': 961.66, 'equity': 961.66}
[2026-05-25T11:40:00.902669+00:00] cycle | {'bars_m5': 599, 'bars_h1': 249, 'bars_d1': 119, 'last_bar_time': '2026-05-25 11:35:00+00:00', 'data_age_min': 5.0, 'signal': False, 'risk_per_trade': 0.002857, 'weight': 0.142857}
[2026-05-25T11:40:00.908039+00:00] heartbeat | {'uptime_s': 12069.6, 'mt5_connected': True, 'mt5_trade_allowed': True, 'tracked_pendings': 0, 'open_positions': 0, 'cooldown_active': False, 'cooldown_remaining_s': 0.0, 'balance': 961.66, 'equity': 961.66}
[2026-05-25T11:40:01.035715+00:00] cycle | {'bars_m5': 599, 'bars_h1': 249, 'bars_d1': 119, 'last_bar_time': '2026-05-25 11:30:00+00:00', 'data_age_min': 10.0, 'signal': False, 'risk_per_trade': 0.002857, 'weight': 0.142857}
[2026-05-25T11:40:01.176794+00:00] cycle | {'bars_m5': 599, 'bars_h1': 249, 'bars_d1': 119, 'last_bar_time': '2026-05-25 11:35:00+00:00', 'data_age_min': 5.0, 'signal': False, 'risk_per_trade': 0.002857, 'weight': 0.142857}
[2026-05-25T11:40:01.304754+00:00] cycle | {'bars_m5': 599, 'bars_h1': 249, 'bars_d1': 119, 'last_bar_time': '2026-05-25 11:35:00+00:00', 'data_age_min': 5.0, 'signal': False, 'risk_per_trade': 0.002857, 'weight': 0.142857}
[2026-05-25T11:40:01.308231+00:00] heartbeat | {'uptime_s': 12070.0, 'mt5_connected': True, 'mt5_trade_allowed': True, 'tracked_pendings': 0, 'open_positions': 0, 'cooldown_active': False, 'cooldown_remaining_s': 0.0, 'balance': 961.66, 'equity': 961.66}
[2026-05-25T11:40:01.432851+00:00] cycle | {'bars_m5': 599, 'bars_h1': 249, 'bars_d1': 119, 'last_bar_time': '2026-05-25 11:35:00+00:00', 'data_age_min': 5.0, 'signal': False, 'risk_per_trade': 0.002857, 'weight': 0.142857}
[portfolio] cycle_complete: symbols=7 signals=0 placed=0 skipped=0 elapsed_s=0.93 per_symbol=[{'symbol': 'GBPUSD', 'signal': False}, {'symbol': 'XAUUSD', 'signal': False}, {'symbol': 'GBPCAD', 'signal': False}, {'symbol': 'USDMXN', 'signal': False}, {'symbol': 'EURJPY', 'signal': False}, {'symbol': 'EURCAD', 'signal': False}, {'symbol': 'AUDCAD', 'signal': False}]
  → sleeping 299s until next M5 close ...
[2026-05-25T11:45:00.634752+00:00] cycle | {'bars_m5': 599, 'bars_h1': 249, 'bars_d1': 119, 'last_bar_time': '2026-05-25 11:40:00+00:00', 'data_age_min': 5.0, 'signal': False, 'risk_per_trade': 0.002857, 'weight': 0.142857}
[2026-05-25T11:45:00.637859+00:00] heartbeat | {'uptime_s': 12369.4, 'mt5_connected': True, 'mt5_trade_allowed': True, 'tracked_pendings': 0, 'open_positions': 0, 'cooldown_active': False, 'cooldown_remaining_s': 0.0, 'balance': 961.66, 'equity': 961.66}
[2026-05-25T11:45:00.762060+00:00] cycle | {'bars_m5': 599, 'bars_h1': 249, 'bars_d1': 119, 'last_bar_time': '2026-05-25 11:35:00+00:00', 'data_age_min': 10.0, 'signal': False, 'risk_per_trade': 0.002857, 'weight': 0.142857}
[2026-05-25T11:45:00.913826+00:00] cycle | {'bars_m5': 599, 'bars_h1': 249, 'bars_d1': 119, 'last_bar_time': '2026-05-25 11:40:00+00:00', 'data_age_min': 5.0, 'signal': False, 'risk_per_trade': 0.002857, 'weight': 0.142857}
[2026-05-25T11:45:01.047099+00:00] cycle | {'bars_m5': 599, 'bars_h1': 249, 'bars_d1': 119, 'last_bar_time': '2026-05-25 11:35:00+00:00', 'data_age_min': 10.0, 'signal': False, 'risk_per_trade': 0.002857, 'weight': 0.142857}
[2026-05-25T11:45:01.050282+00:00] heartbeat | {'uptime_s': 12369.8, 'mt5_connected': True, 'mt5_trade_allowed': True, 'tracked_pendings': 0, 'open_positions': 0, 'cooldown_active': False, 'cooldown_remaining_s': 0.0, 'balance': 961.66, 'equity': 961.66}
[2026-05-25T11:45:01.194555+00:00] cycle | {'bars_m5': 599, 'bars_h1': 249, 'bars_d1': 119, 'last_bar_time': '2026-05-25 11:40:00+00:00', 'data_age_min': 5.0, 'signal': False, 'risk_per_trade': 0.002857, 'weight': 0.142857}
[2026-05-25T11:45:01.197189+00:00] heartbeat | {'uptime_s': 12369.9, 'mt5_connected': True, 'mt5_trade_allowed': True, 'tracked_pendings': 0, 'open_positions': 0, 'cooldown_active': False, 'cooldown_remaining_s': 0.0, 'balance': 961.66, 'equity': 961.66}
[2026-05-25T11:45:01.199094+00:00] mt5_connected | {'state': 'healthy', 'periodic': True, 'connected': True, 'trade_allowed': True, 'ping_ms': 16999}
[2026-05-25T11:45:01.335880+00:00] cycle | {'bars_m5': 599, 'bars_h1': 249, 'bars_d1': 119, 'last_bar_time': '2026-05-25 11:40:00+00:00', 'data_age_min': 5.0, 'signal': False, 'risk_per_trade': 0.002857, 'weight': 0.142857}
[2026-05-25T11:45:01.466618+00:00] cycle | {'bars_m5': 599, 'bars_h1': 249, 'bars_d1': 119, 'last_bar_time': '2026-05-25 11:40:00+00:00', 'data_age_min': 5.0, 'signal': False, 'risk_per_trade': 0.002857, 'weight': 0.142857}
[portfolio] cycle_complete: symbols=7 signals=0 placed=0 skipped=0 elapsed_s=0.98 per_symbol=[{'symbol': 'GBPUSD', 'signal': False}, {'symbol': 'XAUUSD', 'signal': False}, {'symbol': 'GBPCAD', 'signal': False}, {'symbol': 'USDMXN', 'signal': False}, {'symbol': 'EURJPY', 'signal': False}, {'symbol': 'EURCAD', 'signal': False}, {'symbol': 'AUDCAD', 'signal': False}]
  → sleeping 299s until next M5 close ...
[2026-05-25T11:50:00.488271+00:00] heartbeat | {'uptime_s': 12669.2, 'mt5_connected': True, 'mt5_trade_allowed': True, 'tracked_pendings': 0, 'open_positions': 0, 'cooldown_active': False, 'cooldown_remaining_s': 0.0, 'balance': 961.66, 'equity': 961.66}
[2026-05-25T11:50:00.628851+00:00] cycle | {'bars_m5': 599, 'bars_h1': 249, 'bars_d1': 119, 'last_bar_time': '2026-05-25 11:45:00+00:00', 'data_age_min': 5.0, 'signal': False, 'risk_per_trade': 0.002857, 'weight': 0.142857}
[2026-05-25T11:50:00.753669+00:00] cycle | {'bars_m5': 599, 'bars_h1': 249, 'bars_d1': 119, 'last_bar_time': '2026-05-25 11:45:00+00:00', 'data_age_min': 5.0, 'signal': False, 'risk_per_trade': 0.002857, 'weight': 0.142857}
[2026-05-25T11:50:00.756388+00:00] heartbeat | {'uptime_s': 12669.5, 'mt5_connected': True, 'mt5_trade_allowed': True, 'tracked_pendings': 0, 'open_positions': 0, 'cooldown_active': False, 'cooldown_remaining_s': 0.0, 'balance': 961.66, 'equity': 961.66}
[2026-05-25T11:50:00.903084+00:00] cycle | {'bars_m5': 599, 'bars_h1': 249, 'bars_d1': 119, 'last_bar_time': '2026-05-25 11:45:00+00:00', 'data_age_min': 5.0, 'signal': False, 'risk_per_trade': 0.002857, 'weight': 0.142857}
[2026-05-25T11:50:00.905908+00:00] heartbeat | {'uptime_s': 12669.6, 'mt5_connected': True, 'mt5_trade_allowed': True, 'tracked_pendings': 0, 'open_positions': 0, 'cooldown_active': False, 'cooldown_remaining_s': 0.0, 'balance': 961.66, 'equity': 961.66}
[2026-05-25T11:50:01.020380+00:00] cycle | {'bars_m5': 599, 'bars_h1': 249, 'bars_d1': 119, 'last_bar_time': '2026-05-25 11:40:00+00:00', 'data_age_min': 10.0, 'signal': False, 'risk_per_trade': 0.002857, 'weight': 0.142857}
[2026-05-25T11:50:01.146311+00:00] cycle | {'bars_m5': 599, 'bars_h1': 249, 'bars_d1': 119, 'last_bar_time': '2026-05-25 11:45:00+00:00', 'data_age_min': 5.0, 'signal': False, 'risk_per_trade': 0.002857, 'weight': 0.142857}
[2026-05-25T11:50:01.272569+00:00] cycle | {'bars_m5': 599, 'bars_h1': 249, 'bars_d1': 119, 'last_bar_time': '2026-05-25 11:45:00+00:00', 'data_age_min': 5.0, 'signal': False, 'risk_per_trade': 0.002857, 'weight': 0.142857}
[2026-05-25T11:50:01.416745+00:00] cycle | {'bars_m5': 599, 'bars_h1': 249, 'bars_d1': 119, 'last_bar_time': '2026-05-25 11:45:00+00:00', 'data_age_min': 5.0, 'signal': False, 'risk_per_trade': 0.002857, 'weight': 0.142857}
[portfolio] cycle_complete: symbols=7 signals=0 placed=0 skipped=0 elapsed_s=0.93 per_symbol=[{'symbol': 'GBPUSD', 'signal': False}, {'symbol': 'XAUUSD', 'signal': False}, {'symbol': 'GBPCAD', 'signal': False}, {'symbol': 'USDMXN', 'signal': False}, {'symbol': 'EURJPY', 'signal': False}, {'symbol': 'EURCAD', 'signal': False}, {'symbol': 'AUDCAD', 'signal': False}]
  → sleeping 299s until next M5 close ...
[2026-05-25T11:55:00.618101+00:00] cycle | {'bars_m5': 599, 'bars_h1': 249, 'bars_d1': 119, 'last_bar_time': '2026-05-25 11:50:00+00:00', 'data_age_min': 5.0, 'signal': False, 'risk_per_trade': 0.002857, 'weight': 0.142857}
[2026-05-25T11:55:00.623495+00:00] heartbeat | {'uptime_s': 12969.4, 'mt5_connected': True, 'mt5_trade_allowed': True, 'tracked_pendings': 0, 'open_positions': 0, 'cooldown_active': False, 'cooldown_remaining_s': 0.0, 'balance': 961.66, 'equity': 961.66}
[2026-05-25T11:55:00.737562+00:00] cycle | {'bars_m5': 599, 'bars_h1': 249, 'bars_d1': 119, 'last_bar_time': '2026-05-25 11:50:00+00:00', 'data_age_min': 5.0, 'signal': False, 'risk_per_trade': 0.002857, 'weight': 0.142857}
[2026-05-25T11:55:00.869895+00:00] cycle | {'bars_m5': 599, 'bars_h1': 249, 'bars_d1': 119, 'last_bar_time': '2026-05-25 11:50:00+00:00', 'data_age_min': 5.0, 'signal': False, 'risk_per_trade': 0.002857, 'weight': 0.142857}
[2026-05-25T11:55:00.984255+00:00] cycle | {'bars_m5': 599, 'bars_h1': 249, 'bars_d1': 119, 'last_bar_time': '2026-05-25 11:50:00+00:00', 'data_age_min': 5.0, 'signal': False, 'risk_per_trade': 0.002857, 'weight': 0.142857}
[2026-05-25T11:55:01.115238+00:00] cycle | {'bars_m5': 599, 'bars_h1': 249, 'bars_d1': 119, 'last_bar_time': '2026-05-25 11:50:00+00:00', 'data_age_min': 5.0, 'signal': False, 'risk_per_trade': 0.002857, 'weight': 0.142857}
[2026-05-25T11:55:01.254945+00:00] cycle | {'bars_m5': 599, 'bars_h1': 249, 'bars_d1': 119, 'last_bar_time': '2026-05-25 11:50:00+00:00', 'data_age_min': 5.0, 'signal': False, 'risk_per_trade': 0.002857, 'weight': 0.142857}
[2026-05-25T11:55:01.257635+00:00] heartbeat | {'uptime_s': 12970.0, 'mt5_connected': True, 'mt5_trade_allowed': True, 'tracked_pendings': 0, 'open_positions': 0, 'cooldown_active': False, 'cooldown_remaining_s': 0.0, 'balance': 961.66, 'equity': 961.66}
[2026-05-25T11:55:01.259151+00:00] mt5_connected | {'state': 'healthy', 'periodic': True, 'connected': True, 'trade_allowed': True, 'ping_ms': 16999}
[2026-05-25T11:55:01.402330+00:00] cycle | {'bars_m5': 599, 'bars_h1': 249, 'bars_d1': 119, 'last_bar_time': '2026-05-25 11:50:00+00:00', 'data_age_min': 5.0, 'signal': False, 'risk_per_trade': 0.002857, 'weight': 0.142857}
[portfolio] cycle_complete: symbols=7 signals=0 placed=0 skipped=0 elapsed_s=0.91 per_symbol=[{'symbol': 'GBPUSD', 'signal': False}, {'symbol': 'XAUUSD', 'signal': False}, {'symbol': 'GBPCAD', 'signal': False}, {'symbol': 'USDMXN', 'signal': False}, {'symbol': 'EURJPY', 'signal': False}, {'symbol': 'EURCAD', 'signal': False}, {'symbol': 'AUDCAD', 'signal': False}]
  → sleeping 299s until next M5 close ...
[2026-05-25T12:00:00.534392+00:00] heartbeat | {'uptime_s': 13269.3, 'mt5_connected': True, 'mt5_trade_allowed': True, 'tracked_pendings': 0, 'open_positions': 0, 'cooldown_active': False, 'cooldown_remaining_s': 0.0, 'balance': 961.66, 'equity': 961.66}
[2026-05-25T12:00:00.661064+00:00] cycle | {'bars_m5': 599, 'bars_h1': 249, 'bars_d1': 119, 'last_bar_time': '2026-05-25 11:55:00+00:00', 'data_age_min': 5.0, 'signal': False, 'risk_per_trade': 0.002857, 'weight': 0.142857}
[2026-05-25T12:00:00.796726+00:00] cycle | {'bars_m5': 599, 'bars_h1': 249, 'bars_d1': 119, 'last_bar_time': '2026-05-25 11:55:00+00:00', 'data_age_min': 5.0, 'signal': False, 'risk_per_trade': 0.002857, 'weight': 0.142857}
[2026-05-25T12:00:00.799670+00:00] heartbeat | {'uptime_s': 13269.5, 'mt5_connected': True, 'mt5_trade_allowed': True, 'tracked_pendings': 0, 'open_positions': 0, 'cooldown_active': False, 'cooldown_remaining_s': 0.0, 'balance': 961.66, 'equity': 961.66}
[2026-05-25T12:00:00.945964+00:00] cycle | {'bars_m5': 599, 'bars_h1': 249, 'bars_d1': 119, 'last_bar_time': '2026-05-25 11:55:00+00:00', 'data_age_min': 5.0, 'signal': False, 'risk_per_trade': 0.002857, 'weight': 0.142857}
[2026-05-25T12:00:00.957690+00:00] heartbeat | {'uptime_s': 13269.7, 'mt5_connected': True, 'mt5_trade_allowed': True, 'tracked_pendings': 0, 'open_positions': 0, 'cooldown_active': False, 'cooldown_remaining_s': 0.0, 'balance': 961.66, 'equity': 961.66}
[2026-05-25T12:00:01.257745+00:00] cycle | {'bars_m5': 599, 'bars_h1': 249, 'bars_d1': 119, 'last_bar_time': '2026-05-25 11:55:00+00:00', 'data_age_min': 5.0, 'signal': False, 'risk_per_trade': 0.002857, 'weight': 0.142857}
[2026-05-25T12:00:01.261381+00:00] heartbeat | {'uptime_s': 13270.0, 'mt5_connected': True, 'mt5_trade_allowed': True, 'tracked_pendings': 0, 'open_positions': 0, 'cooldown_active': False, 'cooldown_remaining_s': 0.0, 'balance': 961.66, 'equity': 961.66}
[2026-05-25T12:00:01.419169+00:00] cycle | {'bars_m5': 599, 'bars_h1': 249, 'bars_d1': 119, 'last_bar_time': '2026-05-25 11:55:00+00:00', 'data_age_min': 5.0, 'signal': False, 'risk_per_trade': 0.002857, 'weight': 0.142857}
[2026-05-25T12:00:01.422319+00:00] heartbeat | {'uptime_s': 13270.1, 'mt5_connected': True, 'mt5_trade_allowed': True, 'tracked_pendings': 0, 'open_positions': 0, 'cooldown_active': False, 'cooldown_remaining_s': 0.0, 'balance': 961.66, 'equity': 961.66}
[2026-05-25T12:00:01.558845+00:00] cycle | {'bars_m5': 599, 'bars_h1': 249, 'bars_d1': 119, 'last_bar_time': '2026-05-25 11:55:00+00:00', 'data_age_min': 5.0, 'signal': False, 'risk_per_trade': 0.002857, 'weight': 0.142857}
[2026-05-25T12:00:01.696038+00:00] cycle | {'bars_m5': 599, 'bars_h1': 249, 'bars_d1': 119, 'last_bar_time': '2026-05-25 11:55:00+00:00', 'data_age_min': 5.0, 'signal': False, 'risk_per_trade': 0.002857, 'weight': 0.142857}
[portfolio] cycle_complete: symbols=7 signals=0 placed=0 skipped=0 elapsed_s=1.17 per_symbol=[{'symbol': 'GBPUSD', 'signal': False}, {'symbol': 'XAUUSD', 'signal': False}, {'symbol': 'GBPCAD', 'signal': False}, {'symbol': 'USDMXN', 'signal': False}, {'symbol': 'EURJPY', 'signal': False}, {'symbol': 'EURCAD', 'signal': False}, {'symbol': 'AUDCAD', 'signal': False}]
  → sleeping 299s until next M5 close ...
[2026-05-25T12:05:00.641576+00:00] cycle | {'bars_m5': 599, 'bars_h1': 249, 'bars_d1': 119, 'last_bar_time': '2026-05-25 12:00:00+00:00', 'data_age_min': 5.0, 'signal': False, 'risk_per_trade': 0.002857, 'weight': 0.142857}
[2026-05-25T12:05:00.644928+00:00] heartbeat | {'uptime_s': 13569.4, 'mt5_connected': True, 'mt5_trade_allowed': True, 'tracked_pendings': 0, 'open_positions': 0, 'cooldown_active': False, 'cooldown_remaining_s': 0.0, 'balance': 961.66, 'equity': 961.66}
[2026-05-25T12:05:00.768059+00:00] cycle | {'bars_m5': 599, 'bars_h1': 249, 'bars_d1': 119, 'last_bar_time': '2026-05-25 12:00:00+00:00', 'data_age_min': 5.0, 'signal': False, 'risk_per_trade': 0.002857, 'weight': 0.142857}
[2026-05-25T12:05:00.899834+00:00] cycle | {'bars_m5': 599, 'bars_h1': 249, 'bars_d1': 119, 'last_bar_time': '2026-05-25 12:00:00+00:00', 'data_age_min': 5.0, 'signal': False, 'risk_per_trade': 0.002857, 'weight': 0.142857}
[2026-05-25T12:05:01.026966+00:00] cycle | {'bars_m5': 599, 'bars_h1': 249, 'bars_d1': 119, 'last_bar_time': '2026-05-25 12:00:00+00:00', 'data_age_min': 5.0, 'signal': False, 'risk_per_trade': 0.002857, 'weight': 0.142857}
[2026-05-25T12:05:01.162958+00:00] cycle | {'bars_m5': 599, 'bars_h1': 249, 'bars_d1': 119, 'last_bar_time': '2026-05-25 12:00:00+00:00', 'data_age_min': 5.0, 'signal': False, 'risk_per_trade': 0.002857, 'weight': 0.142857}
[2026-05-25T12:05:01.296361+00:00] cycle | {'bars_m5': 599, 'bars_h1': 249, 'bars_d1': 119, 'last_bar_time': '2026-05-25 12:00:00+00:00', 'data_age_min': 5.0, 'signal': False, 'risk_per_trade': 0.002857, 'weight': 0.142857}
[2026-05-25T12:05:01.299124+00:00] heartbeat | {'uptime_s': 13570.0, 'mt5_connected': True, 'mt5_trade_allowed': True, 'tracked_pendings': 0, 'open_positions': 0, 'cooldown_active': False, 'cooldown_remaining_s': 0.0, 'balance': 961.66, 'equity': 961.66}
[2026-05-25T12:05:01.300751+00:00] mt5_connected | {'state': 'healthy', 'periodic': True, 'connected': True, 'trade_allowed': True, 'ping_ms': 16999}
[2026-05-25T12:05:01.413078+00:00] cycle | {'bars_m5': 599, 'bars_h1': 249, 'bars_d1': 119, 'last_bar_time': '2026-05-25 12:00:00+00:00', 'data_age_min': 5.0, 'signal': False, 'risk_per_trade': 0.002857, 'weight': 0.142857}
[portfolio] cycle_complete: symbols=7 signals=0 placed=0 skipped=0 elapsed_s=0.91 per_symbol=[{'symbol': 'GBPUSD', 'signal': False}, {'symbol': 'XAUUSD', 'signal': False}, {'symbol': 'GBPCAD', 'signal': False}, {'symbol': 'USDMXN', 'signal': False}, {'symbol': 'EURJPY', 'signal': False}, {'symbol': 'EURCAD', 'signal': False}, {'symbol': 'AUDCAD', 'signal': False}]
  → sleeping 299s until next M5 close ...
[2026-05-25T12:10:00.645399+00:00] cycle | {'bars_m5': 599, 'bars_h1': 249, 'bars_d1': 119, 'last_bar_time': '2026-05-25 12:05:00+00:00', 'data_age_min': 5.0, 'signal': False, 'risk_per_trade': 0.002857, 'weight': 0.142857}
[2026-05-25T12:10:00.792419+00:00] cycle | {'bars_m5': 599, 'bars_h1': 249, 'bars_d1': 119, 'last_bar_time': '2026-05-25 12:05:00+00:00', 'data_age_min': 5.0, 'signal': False, 'risk_per_trade': 0.002857, 'weight': 0.142857}
[2026-05-25T12:10:00.925749+00:00] cycle | {'bars_m5': 599, 'bars_h1': 249, 'bars_d1': 119, 'last_bar_time': '2026-05-25 12:00:00+00:00', 'data_age_min': 10.0, 'signal': False, 'risk_per_trade': 0.002857, 'weight': 0.142857}
[2026-05-25T12:10:01.081367+00:00] cycle | {'bars_m5': 599, 'bars_h1': 249, 'bars_d1': 119, 'last_bar_time': '2026-05-25 12:05:00+00:00', 'data_age_min': 5.0, 'signal': False, 'risk_per_trade': 0.002857, 'weight': 0.142857}
[2026-05-25T12:10:01.223830+00:00] cycle | {'bars_m5': 599, 'bars_h1': 249, 'bars_d1': 119, 'last_bar_time': '2026-05-25 12:05:00+00:00', 'data_age_min': 5.0, 'signal': False, 'risk_per_trade': 0.002857, 'weight': 0.142857}
[2026-05-25T12:10:01.362568+00:00] cycle | {'bars_m5': 599, 'bars_h1': 249, 'bars_d1': 119, 'last_bar_time': '2026-05-25 12:05:00+00:00', 'data_age_min': 5.0, 'signal': False, 'risk_per_trade': 0.002857, 'weight': 0.142857}
[2026-05-25T12:10:01.507728+00:00] cycle | {'bars_m5': 599, 'bars_h1': 249, 'bars_d1': 119, 'last_bar_time': '2026-05-25 12:00:00+00:00', 'data_age_min': 10.0, 'signal': False, 'risk_per_trade': 0.002857, 'weight': 0.142857}
[portfolio] cycle_complete: symbols=7 signals=0 placed=0 skipped=0 elapsed_s=1.01 per_symbol=[{'symbol': 'GBPUSD', 'signal': False}, {'symbol': 'XAUUSD', 'signal': False}, {'symbol': 'GBPCAD', 'signal': False}, {'symbol': 'USDMXN', 'signal': False}, {'symbol': 'EURJPY', 'signal': False}, {'symbol': 'EURCAD', 'signal': False}, {'symbol': 'AUDCAD', 'signal': False}]
  → sleeping 299s until next M5 close ...
[2026-05-25T12:15:00.505254+00:00] heartbeat | {'uptime_s': 14169.3, 'mt5_connected': True, 'mt5_trade_allowed': True, 'tracked_pendings': 0, 'open_positions': 0, 'cooldown_active': False, 'cooldown_remaining_s': 0.0, 'balance': 961.66, 'equity': 961.66}
[2026-05-25T12:15:00.653448+00:00] cycle | {'bars_m5': 599, 'bars_h1': 249, 'bars_d1': 119, 'last_bar_time': '2026-05-25 12:10:00+00:00', 'data_age_min': 5.0, 'signal': False, 'risk_per_trade': 0.002857, 'weight': 0.142857}
[2026-05-25T12:15:00.656751+00:00] heartbeat | {'uptime_s': 14169.4, 'mt5_connected': True, 'mt5_trade_allowed': True, 'tracked_pendings': 0, 'open_positions': 0, 'cooldown_active': False, 'cooldown_remaining_s': 0.0, 'balance': 961.66, 'equity': 961.66}
[2026-05-25T12:15:00.793160+00:00] cycle | {'bars_m5': 599, 'bars_h1': 249, 'bars_d1': 119, 'last_bar_time': '2026-05-25 12:10:00+00:00', 'data_age_min': 5.0, 'signal': False, 'risk_per_trade': 0.002857, 'weight': 0.142857}
[2026-05-25T12:15:00.796428+00:00] heartbeat | {'uptime_s': 14169.5, 'mt5_connected': True, 'mt5_trade_allowed': True, 'tracked_pendings': 0, 'open_positions': 0, 'cooldown_active': False, 'cooldown_remaining_s': 0.0, 'balance': 961.66, 'equity': 961.66}
[2026-05-25T12:15:00.924569+00:00] cycle | {'bars_m5': 599, 'bars_h1': 249, 'bars_d1': 119, 'last_bar_time': '2026-05-25 12:10:00+00:00', 'data_age_min': 5.0, 'signal': False, 'risk_per_trade': 0.002857, 'weight': 0.142857}
[2026-05-25T12:15:00.928122+00:00] heartbeat | {'uptime_s': 14169.7, 'mt5_connected': True, 'mt5_trade_allowed': True, 'tracked_pendings': 0, 'open_positions': 0, 'cooldown_active': False, 'cooldown_remaining_s': 0.0, 'balance': 961.66, 'equity': 961.66}
[2026-05-25T12:15:01.096221+00:00] cycle | {'bars_m5': 599, 'bars_h1': 249, 'bars_d1': 119, 'last_bar_time': '2026-05-25 12:10:00+00:00', 'data_age_min': 5.0, 'signal': False, 'risk_per_trade': 0.002857, 'weight': 0.142857}
[2026-05-25T12:15:01.099912+00:00] heartbeat | {'uptime_s': 14169.8, 'mt5_connected': True, 'mt5_trade_allowed': True, 'tracked_pendings': 0, 'open_positions': 0, 'cooldown_active': False, 'cooldown_remaining_s': 0.0, 'balance': 961.66, 'equity': 961.66}
[2026-05-25T12:15:01.247440+00:00] cycle | {'bars_m5': 599, 'bars_h1': 249, 'bars_d1': 119, 'last_bar_time': '2026-05-25 12:10:00+00:00', 'data_age_min': 5.0, 'signal': False, 'risk_per_trade': 0.002857, 'weight': 0.142857}
[2026-05-25T12:15:01.251472+00:00] heartbeat | {'uptime_s': 14170.0, 'mt5_connected': True, 'mt5_trade_allowed': True, 'tracked_pendings': 0, 'open_positions': 0, 'cooldown_active': False, 'cooldown_remaining_s': 0.0, 'balance': 961.66, 'equity': 961.66}
[2026-05-25T12:15:01.390634+00:00] cycle | {'bars_m5': 599, 'bars_h1': 249, 'bars_d1': 119, 'last_bar_time': '2026-05-25 12:10:00+00:00', 'data_age_min': 5.0, 'signal': False, 'risk_per_trade': 0.002857, 'weight': 0.142857}
[2026-05-25T12:15:01.393608+00:00] heartbeat | {'uptime_s': 14170.1, 'mt5_connected': True, 'mt5_trade_allowed': True, 'tracked_pendings': 0, 'open_positions': 0, 'cooldown_active': False, 'cooldown_remaining_s': 0.0, 'balance': 961.66, 'equity': 961.66}
[2026-05-25T12:15:01.395118+00:00] mt5_connected | {'state': 'healthy', 'periodic': True, 'connected': True, 'trade_allowed': True, 'ping_ms': 16999}
[2026-05-25T12:15:01.540243+00:00] cycle | {'bars_m5': 599, 'bars_h1': 249, 'bars_d1': 119, 'last_bar_time': '2026-05-25 12:10:00+00:00', 'data_age_min': 5.0, 'signal': False, 'risk_per_trade': 0.002857, 'weight': 0.142857}
[portfolio] cycle_complete: symbols=7 signals=0 placed=0 skipped=0 elapsed_s=1.04 per_symbol=[{'symbol': 'GBPUSD', 'signal': False}, {'symbol': 'XAUUSD', 'signal': False}, {'symbol': 'GBPCAD', 'signal': False}, {'symbol': 'USDMXN', 'signal': False}, {'symbol': 'EURJPY', 'signal': False}, {'symbol': 'EURCAD', 'signal': False}, {'symbol': 'AUDCAD', 'signal': False}]
  → sleeping 299s until next M5 close ...
[2026-05-25T12:20:00.788365+00:00] cycle | {'bars_m5': 599, 'bars_h1': 249, 'bars_d1': 119, 'last_bar_time': '2026-05-25 12:15:00+00:00', 'data_age_min': 5.0, 'signal': False, 'risk_per_trade': 0.002857, 'weight': 0.142857}
[2026-05-25T12:20:00.925744+00:00] cycle | {'bars_m5': 599, 'bars_h1': 249, 'bars_d1': 119, 'last_bar_time': '2026-05-25 12:15:00+00:00', 'data_age_min': 5.0, 'signal': False, 'risk_per_trade': 0.002857, 'weight': 0.142857}
[2026-05-25T12:20:01.080838+00:00] cycle | {'bars_m5': 599, 'bars_h1': 249, 'bars_d1': 119, 'last_bar_time': '2026-05-25 12:15:00+00:00', 'data_age_min': 5.0, 'signal': False, 'risk_per_trade': 0.002857, 'weight': 0.142857}
[2026-05-25T12:20:01.399252+00:00] cycle | {'bars_m5': 599, 'bars_h1': 249, 'bars_d1': 119, 'last_bar_time': '2026-05-25 12:15:00+00:00', 'data_age_min': 5.0, 'signal': False, 'risk_per_trade': 0.002857, 'weight': 0.142857}
[2026-05-25T12:20:01.617574+00:00] cycle | {'bars_m5': 599, 'bars_h1': 249, 'bars_d1': 119, 'last_bar_time': '2026-05-25 12:15:00+00:00', 'data_age_min': 5.0, 'signal': False, 'risk_per_trade': 0.002857, 'weight': 0.142857}
[2026-05-25T12:20:01.747979+00:00] cycle | {'bars_m5': 599, 'bars_h1': 249, 'bars_d1': 119, 'last_bar_time': '2026-05-25 12:15:00+00:00', 'data_age_min': 5.0, 'signal': False, 'risk_per_trade': 0.002857, 'weight': 0.142857}
[2026-05-25T12:20:01.863487+00:00] cycle | {'bars_m5': 599, 'bars_h1': 249, 'bars_d1': 119, 'last_bar_time': '2026-05-25 12:15:00+00:00', 'data_age_min': 5.0, 'signal': False, 'risk_per_trade': 0.002857, 'weight': 0.142857}
[portfolio] cycle_complete: symbols=7 signals=0 placed=0 skipped=0 elapsed_s=1.35 per_symbol=[{'symbol': 'GBPUSD', 'signal': False}, {'symbol': 'XAUUSD', 'signal': False}, {'symbol': 'GBPCAD', 'signal': False}, {'symbol': 'USDMXN', 'signal': False}, {'symbol': 'EURJPY', 'signal': False}, {'symbol': 'EURCAD', 'signal': False}, {'symbol': 'AUDCAD', 'signal': False}]
  → sleeping 299s until next M5 close ...
[2026-05-25T12:25:00.637781+00:00] cycle | {'bars_m5': 599, 'bars_h1': 249, 'bars_d1': 119, 'last_bar_time': '2026-05-25 12:20:00+00:00', 'data_age_min': 5.0, 'signal': False, 'risk_per_trade': 0.002857, 'weight': 0.142857}
[2026-05-25T12:25:00.772247+00:00] cycle | {'bars_m5': 599, 'bars_h1': 249, 'bars_d1': 119, 'last_bar_time': '2026-05-25 12:20:00+00:00', 'data_age_min': 5.0, 'signal': False, 'risk_per_trade': 0.002857, 'weight': 0.142857}
[2026-05-25T12:25:00.903408+00:00] cycle | {'bars_m5': 599, 'bars_h1': 249, 'bars_d1': 119, 'last_bar_time': '2026-05-25 12:20:00+00:00', 'data_age_min': 5.0, 'signal': False, 'risk_per_trade': 0.002857, 'weight': 0.142857}
[2026-05-25T12:25:01.026102+00:00] cycle | {'bars_m5': 599, 'bars_h1': 249, 'bars_d1': 119, 'last_bar_time': '2026-05-25 12:20:00+00:00', 'data_age_min': 5.0, 'signal': False, 'risk_per_trade': 0.002857, 'weight': 0.142857}
[2026-05-25T12:25:01.178891+00:00] cycle | {'bars_m5': 599, 'bars_h1': 249, 'bars_d1': 119, 'last_bar_time': '2026-05-25 12:20:00+00:00', 'data_age_min': 5.0, 'signal': False, 'risk_per_trade': 0.002857, 'weight': 0.142857}
[2026-05-25T12:25:01.310445+00:00] cycle | {'bars_m5': 599, 'bars_h1': 249, 'bars_d1': 119, 'last_bar_time': '2026-05-25 12:20:00+00:00', 'data_age_min': 5.0, 'signal': False, 'risk_per_trade': 0.002857, 'weight': 0.142857}
[2026-05-25T12:25:01.444301+00:00] cycle | {'bars_m5': 599, 'bars_h1': 249, 'bars_d1': 119, 'last_bar_time': '2026-05-25 12:20:00+00:00', 'data_age_min': 5.0, 'signal': False, 'risk_per_trade': 0.002857, 'weight': 0.142857}
[portfolio] cycle_complete: symbols=7 signals=0 placed=0 skipped=0 elapsed_s=0.94 per_symbol=[{'symbol': 'GBPUSD', 'signal': False}, {'symbol': 'XAUUSD', 'signal': False}, {'symbol': 'GBPCAD', 'signal': False}, {'symbol': 'USDMXN', 'signal': False}, {'symbol': 'EURJPY', 'signal': False}, {'symbol': 'EURCAD', 'signal': False}, {'symbol': 'AUDCAD', 'signal': False}]
  → sleeping 299s until next M5 close ...
[2026-05-25T12:30:00.506927+00:00] heartbeat | {'uptime_s': 15069.2, 'mt5_connected': True, 'mt5_trade_allowed': True, 'tracked_pendings': 0, 'open_positions': 0, 'cooldown_active': False, 'cooldown_remaining_s': 0.0, 'balance': 961.66, 'equity': 961.66}
[2026-05-25T12:30:00.510451+00:00] mt5_connected | {'state': 'healthy', 'periodic': True, 'connected': True, 'trade_allowed': True, 'ping_ms': 16999}
[2026-05-25T12:30:00.658012+00:00] cycle | {'bars_m5': 599, 'bars_h1': 249, 'bars_d1': 119, 'last_bar_time': '2026-05-25 12:25:00+00:00', 'data_age_min': 5.0, 'signal': False, 'risk_per_trade': 0.002857, 'weight': 0.142857}
[2026-05-25T12:30:00.661513+00:00] heartbeat | {'uptime_s': 15069.4, 'mt5_connected': True, 'mt5_trade_allowed': True, 'tracked_pendings': 0, 'open_positions': 0, 'cooldown_active': False, 'cooldown_remaining_s': 0.0, 'balance': 961.66, 'equity': 961.66}
[2026-05-25T12:30:00.778971+00:00] cycle | {'bars_m5': 599, 'bars_h1': 249, 'bars_d1': 119, 'last_bar_time': '2026-05-25 12:25:00+00:00', 'data_age_min': 5.0, 'signal': False, 'risk_per_trade': 0.002857, 'weight': 0.142857}
[2026-05-25T12:30:00.781945+00:00] heartbeat | {'uptime_s': 15069.5, 'mt5_connected': True, 'mt5_trade_allowed': True, 'tracked_pendings': 0, 'open_positions': 0, 'cooldown_active': False, 'cooldown_remaining_s': 0.0, 'balance': 961.66, 'equity': 961.66}
[2026-05-25T12:30:00.925487+00:00] cycle | {'bars_m5': 599, 'bars_h1': 249, 'bars_d1': 119, 'last_bar_time': '2026-05-25 12:25:00+00:00', 'data_age_min': 5.0, 'signal': False, 'risk_per_trade': 0.002857, 'weight': 0.142857}
[2026-05-25T12:30:00.930295+00:00] heartbeat | {'uptime_s': 15069.6, 'mt5_connected': True, 'mt5_trade_allowed': True, 'tracked_pendings': 0, 'open_positions': 0, 'cooldown_active': False, 'cooldown_remaining_s': 0.0, 'balance': 961.66, 'equity': 961.66}
[2026-05-25T12:30:01.086698+00:00] cycle | {'bars_m5': 599, 'bars_h1': 249, 'bars_d1': 119, 'last_bar_time': '2026-05-25 12:25:00+00:00', 'data_age_min': 5.0, 'signal': False, 'risk_per_trade': 0.002857, 'weight': 0.142857}
[2026-05-25T12:30:01.089329+00:00] heartbeat | {'uptime_s': 15069.8, 'mt5_connected': True, 'mt5_trade_allowed': True, 'tracked_pendings': 0, 'open_positions': 0, 'cooldown_active': False, 'cooldown_remaining_s': 0.0, 'balance': 961.66, 'equity': 961.66}
[2026-05-25T12:30:01.228482+00:00] cycle | {'bars_m5': 599, 'bars_h1': 249, 'bars_d1': 119, 'last_bar_time': '2026-05-25 12:25:00+00:00', 'data_age_min': 5.0, 'signal': False, 'risk_per_trade': 0.002857, 'weight': 0.142857}
[2026-05-25T12:30:01.231503+00:00] heartbeat | {'uptime_s': 15069.9, 'mt5_connected': True, 'mt5_trade_allowed': True, 'tracked_pendings': 0, 'open_positions': 0, 'cooldown_active': False, 'cooldown_remaining_s': 0.0, 'balance': 961.66, 'equity': 961.66}
[2026-05-25T12:30:01.355733+00:00] cycle | {'bars_m5': 599, 'bars_h1': 249, 'bars_d1': 119, 'last_bar_time': '2026-05-25 12:25:00+00:00', 'data_age_min': 5.0, 'signal': False, 'risk_per_trade': 0.002857, 'weight': 0.142857}
[2026-05-25T12:30:01.359387+00:00] heartbeat | {'uptime_s': 15070.1, 'mt5_connected': True, 'mt5_trade_allowed': True, 'tracked_pendings': 0, 'open_positions': 0, 'cooldown_active': False, 'cooldown_remaining_s': 0.0, 'balance': 961.66, 'equity': 961.66}
[2026-05-25T12:30:01.484668+00:00] cycle | {'bars_m5': 599, 'bars_h1': 249, 'bars_d1': 119, 'last_bar_time': '2026-05-25 12:25:00+00:00', 'data_age_min': 5.0, 'signal': False, 'risk_per_trade': 0.002857, 'weight': 0.142857}
[portfolio] cycle_complete: symbols=7 signals=0 placed=0 skipped=0 elapsed_s=0.98 per_symbol=[{'symbol': 'GBPUSD', 'signal': False}, {'symbol': 'XAUUSD', 'signal': False}, {'symbol': 'GBPCAD', 'signal': False}, {'symbol': 'USDMXN', 'signal': False}, {'symbol': 'EURJPY', 'signal': False}, {'symbol': 'EURCAD', 'signal': False}, {'symbol': 'AUDCAD', 'signal': False}]
  → sleeping 299s until next M5 close ...
[2026-05-25T12:35:00.635051+00:00] cycle | {'bars_m5': 599, 'bars_h1': 249, 'bars_d1': 119, 'last_bar_time': '2026-05-25 12:30:00+00:00', 'data_age_min': 5.0, 'signal': False, 'risk_per_trade': 0.002857, 'weight': 0.142857}
[2026-05-25T12:35:00.780870+00:00] cycle | {'bars_m5': 599, 'bars_h1': 249, 'bars_d1': 119, 'last_bar_time': '2026-05-25 12:30:00+00:00', 'data_age_min': 5.0, 'signal': False, 'risk_per_trade': 0.002857, 'weight': 0.142857}
[2026-05-25T12:35:00.936928+00:00] cycle | {'bars_m5': 599, 'bars_h1': 249, 'bars_d1': 119, 'last_bar_time': '2026-05-25 12:30:00+00:00', 'data_age_min': 5.0, 'signal': False, 'risk_per_trade': 0.002857, 'weight': 0.142857}
[2026-05-25T12:35:01.056959+00:00] cycle | {'bars_m5': 599, 'bars_h1': 249, 'bars_d1': 119, 'last_bar_time': '2026-05-25 12:25:00+00:00', 'data_age_min': 10.0, 'signal': False, 'risk_per_trade': 0.002857, 'weight': 0.142857}
[2026-05-25T12:35:01.181063+00:00] cycle | {'bars_m5': 599, 'bars_h1': 249, 'bars_d1': 119, 'last_bar_time': '2026-05-25 12:30:00+00:00', 'data_age_min': 5.0, 'signal': False, 'risk_per_trade': 0.002857, 'weight': 0.142857}
[2026-05-25T12:35:01.330794+00:00] cycle | {'bars_m5': 599, 'bars_h1': 249, 'bars_d1': 119, 'last_bar_time': '2026-05-25 12:30:00+00:00', 'data_age_min': 5.0, 'signal': False, 'risk_per_trade': 0.002857, 'weight': 0.142857}
[2026-05-25T12:35:01.460290+00:00] cycle | {'bars_m5': 599, 'bars_h1': 249, 'bars_d1': 119, 'last_bar_time': '2026-05-25 12:30:00+00:00', 'data_age_min': 5.0, 'signal': False, 'risk_per_trade': 0.002857, 'weight': 0.142857}
[portfolio] cycle_complete: symbols=7 signals=0 placed=0 skipped=0 elapsed_s=0.96 per_symbol=[{'symbol': 'GBPUSD', 'signal': False}, {'symbol': 'XAUUSD', 'signal': False}, {'symbol': 'GBPCAD', 'signal': False}, {'symbol': 'USDMXN', 'signal': False}, {'symbol': 'EURJPY', 'signal': False}, {'symbol': 'EURCAD', 'signal': False}, {'symbol': 'AUDCAD', 'signal': False}]
  → sleeping 299s until next M5 close ...
[2026-05-25T12:40:00.644939+00:00] cycle | {'bars_m5': 599, 'bars_h1': 249, 'bars_d1': 119, 'last_bar_time': '2026-05-25 12:35:00+00:00', 'data_age_min': 5.0, 'signal': False, 'risk_per_trade': 0.002857, 'weight': 0.142857}
[2026-05-25T12:40:00.647558+00:00] mt5_connected | {'state': 'healthy', 'periodic': True, 'connected': True, 'trade_allowed': True, 'ping_ms': 16999}
[2026-05-25T12:40:00.771372+00:00] cycle | {'bars_m5': 599, 'bars_h1': 249, 'bars_d1': 119, 'last_bar_time': '2026-05-25 12:35:00+00:00', 'data_age_min': 5.0, 'signal': False, 'risk_per_trade': 0.002857, 'weight': 0.142857}
[2026-05-25T12:40:00.911067+00:00] cycle | {'bars_m5': 599, 'bars_h1': 249, 'bars_d1': 119, 'last_bar_time': '2026-05-25 12:35:00+00:00', 'data_age_min': 5.0, 'signal': False, 'risk_per_trade': 0.002857, 'weight': 0.142857}
[2026-05-25T12:40:01.048201+00:00] cycle | {'bars_m5': 599, 'bars_h1': 249, 'bars_d1': 119, 'last_bar_time': '2026-05-25 12:35:00+00:00', 'data_age_min': 5.0, 'signal': False, 'risk_per_trade': 0.002857, 'weight': 0.142857}
[2026-05-25T12:40:01.264621+00:00] cycle | {'bars_m5': 599, 'bars_h1': 249, 'bars_d1': 119, 'last_bar_time': '2026-05-25 12:35:00+00:00', 'data_age_min': 5.0, 'signal': False, 'risk_per_trade': 0.002857, 'weight': 0.142857}
[2026-05-25T12:40:01.267486+00:00] heartbeat | {'uptime_s': 15670.0, 'mt5_connected': True, 'mt5_trade_allowed': True, 'tracked_pendings': 0, 'open_positions': 0, 'cooldown_active': False, 'cooldown_remaining_s': 0.0, 'balance': 961.66, 'equity': 961.66}
[2026-05-25T12:40:01.408692+00:00] cycle | {'bars_m5': 599, 'bars_h1': 249, 'bars_d1': 119, 'last_bar_time': '2026-05-25 12:35:00+00:00', 'data_age_min': 5.0, 'signal': False, 'risk_per_trade': 0.002857, 'weight': 0.142857}
[2026-05-25T12:40:01.412713+00:00] heartbeat | {'uptime_s': 15670.1, 'mt5_connected': True, 'mt5_trade_allowed': True, 'tracked_pendings': 0, 'open_positions': 0, 'cooldown_active': False, 'cooldown_remaining_s': 0.0, 'balance': 961.66, 'equity': 961.66}
[2026-05-25T12:40:01.550417+00:00] cycle | {'bars_m5': 599, 'bars_h1': 249, 'bars_d1': 119, 'last_bar_time': '2026-05-25 12:35:00+00:00', 'data_age_min': 5.0, 'signal': False, 'risk_per_trade': 0.002857, 'weight': 0.142857}
[portfolio] cycle_complete: symbols=7 signals=0 placed=0 skipped=0 elapsed_s=1.05 per_symbol=[{'symbol': 'GBPUSD', 'signal': False}, {'symbol': 'XAUUSD', 'signal': False}, {'symbol': 'GBPCAD', 'signal': False}, {'symbol': 'USDMXN', 'signal': False}, {'symbol': 'EURJPY', 'signal': False}, {'symbol': 'EURCAD', 'signal': False}, {'symbol': 'AUDCAD', 'signal': False}]
  → sleeping 299s until next M5 close ...
[2026-05-25T12:45:00.504328+00:00] heartbeat | {'uptime_s': 15969.2, 'mt5_connected': True, 'mt5_trade_allowed': True, 'tracked_pendings': 0, 'open_positions': 0, 'cooldown_active': False, 'cooldown_remaining_s': 0.0, 'balance': 961.66, 'equity': 961.66}
[2026-05-25T12:45:00.635503+00:00] cycle | {'bars_m5': 599, 'bars_h1': 249, 'bars_d1': 119, 'last_bar_time': '2026-05-25 12:40:00+00:00', 'data_age_min': 5.0, 'signal': False, 'risk_per_trade': 0.002857, 'weight': 0.142857}
[2026-05-25T12:45:00.638112+00:00] heartbeat | {'uptime_s': 15969.4, 'mt5_connected': True, 'mt5_trade_allowed': True, 'tracked_pendings': 0, 'open_positions': 0, 'cooldown_active': False, 'cooldown_remaining_s': 0.0, 'balance': 961.66, 'equity': 961.66}
[2026-05-25T12:45:00.760187+00:00] cycle | {'bars_m5': 599, 'bars_h1': 249, 'bars_d1': 119, 'last_bar_time': '2026-05-25 12:40:00+00:00', 'data_age_min': 5.0, 'signal': False, 'risk_per_trade': 0.002857, 'weight': 0.142857}
[2026-05-25T12:45:00.763009+00:00] heartbeat | {'uptime_s': 15969.5, 'mt5_connected': True, 'mt5_trade_allowed': True, 'tracked_pendings': 0, 'open_positions': 0, 'cooldown_active': False, 'cooldown_remaining_s': 0.0, 'balance': 961.66, 'equity': 961.66}
[2026-05-25T12:45:00.892405+00:00] cycle | {'bars_m5': 599, 'bars_h1': 249, 'bars_d1': 119, 'last_bar_time': '2026-05-25 12:40:00+00:00', 'data_age_min': 5.0, 'signal': False, 'risk_per_trade': 0.002857, 'weight': 0.142857}
[2026-05-25T12:45:00.895480+00:00] heartbeat | {'uptime_s': 15969.6, 'mt5_connected': True, 'mt5_trade_allowed': True, 'tracked_pendings': 0, 'open_positions': 0, 'cooldown_active': False, 'cooldown_remaining_s': 0.0, 'balance': 961.66, 'equity': 961.66}
[2026-05-25T12:45:01.014791+00:00] cycle | {'bars_m5': 599, 'bars_h1': 249, 'bars_d1': 119, 'last_bar_time': '2026-05-25 12:40:00+00:00', 'data_age_min': 5.0, 'signal': False, 'risk_per_trade': 0.002857, 'weight': 0.142857}
[2026-05-25T12:45:01.017909+00:00] heartbeat | {'uptime_s': 15969.7, 'mt5_connected': True, 'mt5_trade_allowed': True, 'tracked_pendings': 0, 'open_positions': 0, 'cooldown_active': False, 'cooldown_remaining_s': 0.0, 'balance': 961.66, 'equity': 961.66}
[2026-05-25T12:45:01.147819+00:00] cycle | {'bars_m5': 599, 'bars_h1': 249, 'bars_d1': 119, 'last_bar_time': '2026-05-25 12:40:00+00:00', 'data_age_min': 5.0, 'signal': False, 'risk_per_trade': 0.002857, 'weight': 0.142857}
[2026-05-25T12:45:01.266680+00:00] cycle | {'bars_m5': 599, 'bars_h1': 249, 'bars_d1': 119, 'last_bar_time': '2026-05-25 12:40:00+00:00', 'data_age_min': 5.0, 'signal': False, 'risk_per_trade': 0.002857, 'weight': 0.142857}
[2026-05-25T12:45:01.376511+00:00] cycle | {'bars_m5': 599, 'bars_h1': 249, 'bars_d1': 119, 'last_bar_time': '2026-05-25 12:40:00+00:00', 'data_age_min': 5.0, 'signal': False, 'risk_per_trade': 0.002857, 'weight': 0.142857}
[portfolio] cycle_complete: symbols=7 signals=0 placed=0 skipped=0 elapsed_s=0.88 per_symbol=[{'symbol': 'GBPUSD', 'signal': False}, {'symbol': 'XAUUSD', 'signal': False}, {'symbol': 'GBPCAD', 'signal': False}, {'symbol': 'USDMXN', 'signal': False}, {'symbol': 'EURJPY', 'signal': False}, {'symbol': 'EURCAD', 'signal': False}, {'symbol': 'AUDCAD', 'signal': False}]
  → sleeping 299s until next M5 close ...
[2026-05-25T12:50:00.631735+00:00] cycle | {'bars_m5': 599, 'bars_h1': 249, 'bars_d1': 119, 'last_bar_time': '2026-05-25 12:40:00+00:00', 'data_age_min': 10.0, 'signal': False, 'risk_per_trade': 0.002857, 'weight': 0.142857}
[2026-05-25T12:50:00.748535+00:00] cycle | {'bars_m5': 599, 'bars_h1': 249, 'bars_d1': 119, 'last_bar_time': '2026-05-25 12:45:00+00:00', 'data_age_min': 5.0, 'signal': False, 'risk_per_trade': 0.002857, 'weight': 0.142857}
[2026-05-25T12:50:00.751756+00:00] mt5_connected | {'state': 'healthy', 'periodic': True, 'connected': True, 'trade_allowed': True, 'ping_ms': 16999}
[2026-05-25T12:50:00.890515+00:00] cycle | {'bars_m5': 599, 'bars_h1': 249, 'bars_d1': 119, 'last_bar_time': '2026-05-25 12:40:00+00:00', 'data_age_min': 10.0, 'signal': False, 'risk_per_trade': 0.002857, 'weight': 0.142857}
[2026-05-25T12:50:01.020288+00:00] cycle | {'bars_m5': 599, 'bars_h1': 249, 'bars_d1': 119, 'last_bar_time': '2026-05-25 12:40:00+00:00', 'data_age_min': 10.0, 'signal': False, 'risk_per_trade': 0.002857, 'weight': 0.142857}
[2026-05-25T12:50:01.145391+00:00] cycle | {'bars_m5': 599, 'bars_h1': 249, 'bars_d1': 119, 'last_bar_time': '2026-05-25 12:45:00+00:00', 'data_age_min': 5.0, 'signal': False, 'risk_per_trade': 0.002857, 'weight': 0.142857}
[2026-05-25T12:50:01.262087+00:00] cycle | {'bars_m5': 599, 'bars_h1': 249, 'bars_d1': 119, 'last_bar_time': '2026-05-25 12:45:00+00:00', 'data_age_min': 5.0, 'signal': False, 'risk_per_trade': 0.002857, 'weight': 0.142857}
[2026-05-25T12:50:01.382978+00:00] cycle | {'bars_m5': 599, 'bars_h1': 249, 'bars_d1': 119, 'last_bar_time': '2026-05-25 12:45:00+00:00', 'data_age_min': 5.0, 'signal': False, 'risk_per_trade': 0.002857, 'weight': 0.142857}
[portfolio] cycle_complete: symbols=7 signals=0 placed=0 skipped=0 elapsed_s=0.88 per_symbol=[{'symbol': 'GBPUSD', 'signal': False}, {'symbol': 'XAUUSD', 'signal': False}, {'symbol': 'GBPCAD', 'signal': False}, {'symbol': 'USDMXN', 'signal': False}, {'symbol': 'EURJPY', 'signal': False}, {'symbol': 'EURCAD', 'signal': False}, {'symbol': 'AUDCAD', 'signal': False}]
  → sleeping 299s until next M5 close ...
[2026-05-25T12:55:00.683338+00:00] cycle | {'bars_m5': 599, 'bars_h1': 249, 'bars_d1': 119, 'last_bar_time': '2026-05-25 12:50:00+00:00', 'data_age_min': 5.0, 'signal': False, 'risk_per_trade': 0.002857, 'weight': 0.142857}
[2026-05-25T12:55:00.686097+00:00] heartbeat | {'uptime_s': 16569.4, 'mt5_connected': True, 'mt5_trade_allowed': True, 'tracked_pendings': 0, 'open_positions': 0, 'cooldown_active': False, 'cooldown_remaining_s': 0.0, 'balance': 961.66, 'equity': 961.66}
[2026-05-25T12:55:00.796422+00:00] cycle | {'bars_m5': 599, 'bars_h1': 249, 'bars_d1': 119, 'last_bar_time': '2026-05-25 12:50:00+00:00', 'data_age_min': 5.0, 'signal': False, 'risk_per_trade': 0.002857, 'weight': 0.142857}
[2026-05-25T12:55:00.799260+00:00] heartbeat | {'uptime_s': 16569.5, 'mt5_connected': True, 'mt5_trade_allowed': True, 'tracked_pendings': 0, 'open_positions': 0, 'cooldown_active': False, 'cooldown_remaining_s': 0.0, 'balance': 961.66, 'equity': 961.66}
[2026-05-25T12:55:00.937816+00:00] cycle | {'bars_m5': 599, 'bars_h1': 249, 'bars_d1': 119, 'last_bar_time': '2026-05-25 12:50:00+00:00', 'data_age_min': 5.0, 'signal': False, 'risk_per_trade': 0.002857, 'weight': 0.142857}
[2026-05-25T12:55:00.946242+00:00] heartbeat | {'uptime_s': 16569.6, 'mt5_connected': True, 'mt5_trade_allowed': True, 'tracked_pendings': 0, 'open_positions': 0, 'cooldown_active': False, 'cooldown_remaining_s': 0.0, 'balance': 961.66, 'equity': 961.66}
[2026-05-25T12:55:01.069727+00:00] cycle | {'bars_m5': 599, 'bars_h1': 249, 'bars_d1': 119, 'last_bar_time': '2026-05-25 12:50:00+00:00', 'data_age_min': 5.0, 'signal': False, 'risk_per_trade': 0.002857, 'weight': 0.142857}
[2026-05-25T12:55:01.072774+00:00] heartbeat | {'uptime_s': 16569.8, 'mt5_connected': True, 'mt5_trade_allowed': True, 'tracked_pendings': 0, 'open_positions': 0, 'cooldown_active': False, 'cooldown_remaining_s': 0.0, 'balance': 961.66, 'equity': 961.66}
[2026-05-25T12:55:01.233511+00:00] cycle | {'bars_m5': 599, 'bars_h1': 249, 'bars_d1': 119, 'last_bar_time': '2026-05-25 12:50:00+00:00', 'data_age_min': 5.0, 'signal': False, 'risk_per_trade': 0.002857, 'weight': 0.142857}
[2026-05-25T12:55:01.268407+00:00] heartbeat | {'uptime_s': 16570.0, 'mt5_connected': True, 'mt5_trade_allowed': True, 'tracked_pendings': 0, 'open_positions': 0, 'cooldown_active': False, 'cooldown_remaining_s': 0.0, 'balance': 961.66, 'equity': 961.66}
[2026-05-25T12:55:01.393393+00:00] cycle | {'bars_m5': 599, 'bars_h1': 249, 'bars_d1': 119, 'last_bar_time': '2026-05-25 12:50:00+00:00', 'data_age_min': 5.0, 'signal': False, 'risk_per_trade': 0.002857, 'weight': 0.142857}
[2026-05-25T12:55:01.398035+00:00] heartbeat | {'uptime_s': 16570.1, 'mt5_connected': True, 'mt5_trade_allowed': True, 'tracked_pendings': 0, 'open_positions': 0, 'cooldown_active': False, 'cooldown_remaining_s': 0.0, 'balance': 961.66, 'equity': 961.66}
[2026-05-25T12:55:01.546955+00:00] cycle | {'bars_m5': 599, 'bars_h1': 249, 'bars_d1': 119, 'last_bar_time': '2026-05-25 12:50:00+00:00', 'data_age_min': 5.0, 'signal': False, 'risk_per_trade': 0.002857, 'weight': 0.142857}
[portfolio] cycle_complete: symbols=7 signals=0 placed=0 skipped=0 elapsed_s=1.04 per_symbol=[{'symbol': 'GBPUSD', 'signal': False}, {'symbol': 'XAUUSD', 'signal': False}, {'symbol': 'GBPCAD', 'signal': False}, {'symbol': 'USDMXN', 'signal': False}, {'symbol': 'EURJPY', 'signal': False}, {'symbol': 'EURCAD', 'signal': False}, {'symbol': 'AUDCAD', 'signal': False}]
  → sleeping 299s until next M5 close ...
[2026-05-25T13:00:00.505935+00:00] heartbeat | {'uptime_s': 16869.2, 'mt5_connected': True, 'mt5_trade_allowed': True, 'tracked_pendings': 0, 'open_positions': 0, 'cooldown_active': False, 'cooldown_remaining_s': 0.0, 'balance': 961.66, 'equity': 961.66}
[2026-05-25T13:00:00.631805+00:00] cycle | {'bars_m5': 599, 'bars_h1': 249, 'bars_d1': 119, 'last_bar_time': '2026-05-25 12:55:00+00:00', 'data_age_min': 5.0, 'signal': False, 'risk_per_trade': 0.002857, 'weight': 0.142857}
[2026-05-25T13:00:00.797845+00:00] cycle | {'bars_m5': 599, 'bars_h1': 249, 'bars_d1': 119, 'last_bar_time': '2026-05-25 12:55:00+00:00', 'data_age_min': 5.0, 'signal': False, 'risk_per_trade': 0.002857, 'weight': 0.142857}
[2026-05-25T13:00:00.801567+00:00] mt5_connected | {'state': 'healthy', 'periodic': True, 'connected': True, 'trade_allowed': True, 'ping_ms': 16999}
[2026-05-25T13:00:00.957015+00:00] cycle | {'bars_m5': 599, 'bars_h1': 249, 'bars_d1': 119, 'last_bar_time': '2026-05-25 12:55:00+00:00', 'data_age_min': 5.0, 'signal': False, 'risk_per_trade': 0.002857, 'weight': 0.142857}
[2026-05-25T13:00:01.127769+00:00] cycle | {'bars_m5': 599, 'bars_h1': 249, 'bars_d1': 119, 'last_bar_time': '2026-05-25 12:55:00+00:00', 'data_age_min': 5.0, 'signal': False, 'risk_per_trade': 0.002857, 'weight': 0.142857}
[2026-05-25T13:00:01.247406+00:00] cycle | {'bars_m5': 599, 'bars_h1': 249, 'bars_d1': 119, 'last_bar_time': '2026-05-25 12:55:00+00:00', 'data_age_min': 5.0, 'signal': False, 'risk_per_trade': 0.002857, 'weight': 0.142857}
[2026-05-25T13:00:01.412894+00:00] cycle | {'bars_m5': 599, 'bars_h1': 249, 'bars_d1': 119, 'last_bar_time': '2026-05-25 12:55:00+00:00', 'data_age_min': 5.0, 'signal': False, 'risk_per_trade': 0.002857, 'weight': 0.142857}
[2026-05-25T13:00:01.536124+00:00] cycle | {'bars_m5': 599, 'bars_h1': 249, 'bars_d1': 119, 'last_bar_time': '2026-05-25 12:55:00+00:00', 'data_age_min': 5.0, 'signal': False, 'risk_per_trade': 0.002857, 'weight': 0.142857}
[portfolio] cycle_complete: symbols=7 signals=0 placed=0 skipped=0 elapsed_s=1.03 per_symbol=[{'symbol': 'GBPUSD', 'signal': False}, {'symbol': 'XAUUSD', 'signal': False}, {'symbol': 'GBPCAD', 'signal': False}, {'symbol': 'USDMXN', 'signal': False}, {'symbol': 'EURJPY', 'signal': False}, {'symbol': 'EURCAD', 'signal': False}, {'symbol': 'AUDCAD', 'signal': False}]
  → sleeping 299s until next M5 close ...
[2026-05-25T13:05:00.665661+00:00] cycle | {'bars_m5': 599, 'bars_h1': 249, 'bars_d1': 119, 'last_bar_time': '2026-05-25 13:00:00+00:00', 'data_age_min': 5.0, 'signal': False, 'risk_per_trade': 0.002857, 'weight': 0.142857}
[2026-05-25T13:05:00.782464+00:00] cycle | {'bars_m5': 599, 'bars_h1': 249, 'bars_d1': 119, 'last_bar_time': '2026-05-25 13:00:00+00:00', 'data_age_min': 5.0, 'signal': False, 'risk_per_trade': 0.002857, 'weight': 0.142857}
[2026-05-25T13:05:00.909549+00:00] cycle | {'bars_m5': 599, 'bars_h1': 249, 'bars_d1': 119, 'last_bar_time': '2026-05-25 13:00:00+00:00', 'data_age_min': 5.0, 'signal': False, 'risk_per_trade': 0.002857, 'weight': 0.142857}
[2026-05-25T13:05:01.078406+00:00] cycle | {'bars_m5': 599, 'bars_h1': 249, 'bars_d1': 119, 'last_bar_time': '2026-05-25 13:00:00+00:00', 'data_age_min': 5.0, 'signal': False, 'risk_per_trade': 0.002857, 'weight': 0.142857}
[2026-05-25T13:05:01.081797+00:00] heartbeat | {'uptime_s': 17169.8, 'mt5_connected': True, 'mt5_trade_allowed': True, 'tracked_pendings': 0, 'open_positions': 0, 'cooldown_active': False, 'cooldown_remaining_s': 0.0, 'balance': 961.66, 'equity': 961.66}
[2026-05-25T13:05:01.219304+00:00] cycle | {'bars_m5': 599, 'bars_h1': 249, 'bars_d1': 119, 'last_bar_time': '2026-05-25 13:00:00+00:00', 'data_age_min': 5.0, 'signal': False, 'risk_per_trade': 0.002857, 'weight': 0.142857}
[2026-05-25T13:05:01.395308+00:00] cycle | {'bars_m5': 599, 'bars_h1': 249, 'bars_d1': 119, 'last_bar_time': '2026-05-25 13:00:00+00:00', 'data_age_min': 5.0, 'signal': False, 'risk_per_trade': 0.002857, 'weight': 0.142857}
[2026-05-25T13:05:01.522517+00:00] cycle | {'bars_m5': 599, 'bars_h1': 249, 'bars_d1': 119, 'last_bar_time': '2026-05-25 13:00:00+00:00', 'data_age_min': 5.0, 'signal': False, 'risk_per_trade': 0.002857, 'weight': 0.142857}
[portfolio] cycle_complete: symbols=7 signals=0 placed=0 skipped=0 elapsed_s=1.02 per_symbol=[{'symbol': 'GBPUSD', 'signal': False}, {'symbol': 'XAUUSD', 'signal': False}, {'symbol': 'GBPCAD', 'signal': False}, {'symbol': 'USDMXN', 'signal': False}, {'symbol': 'EURJPY', 'signal': False}, {'symbol': 'EURCAD', 'signal': False}, {'symbol': 'AUDCAD', 'signal': False}]
  → sleeping 299s until next M5 close ...
[2026-05-25T13:10:00.632705+00:00] cycle | {'bars_m5': 599, 'bars_h1': 249, 'bars_d1': 119, 'last_bar_time': '2026-05-25 13:05:00+00:00', 'data_age_min': 5.0, 'signal': False, 'risk_per_trade': 0.002857, 'weight': 0.142857}
[2026-05-25T13:10:00.636992+00:00] heartbeat | {'uptime_s': 17469.3, 'mt5_connected': True, 'mt5_trade_allowed': True, 'tracked_pendings': 0, 'open_positions': 0, 'cooldown_active': False, 'cooldown_remaining_s': 0.0, 'balance': 961.66, 'equity': 961.66}
[2026-05-25T13:10:00.786977+00:00] cycle | {'bars_m5': 599, 'bars_h1': 249, 'bars_d1': 119, 'last_bar_time': '2026-05-25 13:05:00+00:00', 'data_age_min': 5.0, 'signal': False, 'risk_per_trade': 0.002857, 'weight': 0.142857}
[2026-05-25T13:10:00.826253+00:00] heartbeat | {'uptime_s': 17469.5, 'mt5_connected': True, 'mt5_trade_allowed': True, 'tracked_pendings': 0, 'open_positions': 0, 'cooldown_active': False, 'cooldown_remaining_s': 0.0, 'balance': 961.66, 'equity': 961.66}
[2026-05-25T13:10:00.828205+00:00] mt5_connected | {'state': 'healthy', 'periodic': True, 'connected': True, 'trade_allowed': True, 'ping_ms': 16999}
[2026-05-25T13:10:00.998097+00:00] cycle | {'bars_m5': 599, 'bars_h1': 249, 'bars_d1': 119, 'last_bar_time': '2026-05-25 13:05:00+00:00', 'data_age_min': 5.0, 'signal': False, 'risk_per_trade': 0.002857, 'weight': 0.142857}
[2026-05-25T13:10:01.000916+00:00] heartbeat | {'uptime_s': 17469.7, 'mt5_connected': True, 'mt5_trade_allowed': True, 'tracked_pendings': 0, 'open_positions': 0, 'cooldown_active': False, 'cooldown_remaining_s': 0.0, 'balance': 961.66, 'equity': 961.66}
[2026-05-25T13:10:01.161740+00:00] cycle | {'bars_m5': 599, 'bars_h1': 249, 'bars_d1': 119, 'last_bar_time': '2026-05-25 13:05:00+00:00', 'data_age_min': 5.0, 'signal': False, 'risk_per_trade': 0.002857, 'weight': 0.142857}
[2026-05-25T13:10:01.392898+00:00] cycle | {'bars_m5': 599, 'bars_h1': 249, 'bars_d1': 119, 'last_bar_time': '2026-05-25 13:05:00+00:00', 'data_age_min': 5.0, 'signal': False, 'risk_per_trade': 0.002857, 'weight': 0.142857}
[2026-05-25T13:10:01.397928+00:00] heartbeat | {'uptime_s': 17470.1, 'mt5_connected': True, 'mt5_trade_allowed': True, 'tracked_pendings': 0, 'open_positions': 0, 'cooldown_active': False, 'cooldown_remaining_s': 0.0, 'balance': 961.66, 'equity': 961.66}
[2026-05-25T13:10:01.553014+00:00] cycle | {'bars_m5': 599, 'bars_h1': 249, 'bars_d1': 119, 'last_bar_time': '2026-05-25 13:05:00+00:00', 'data_age_min': 5.0, 'signal': False, 'risk_per_trade': 0.002857, 'weight': 0.142857}
[2026-05-25T13:10:01.555773+00:00] heartbeat | {'uptime_s': 17470.2, 'mt5_connected': True, 'mt5_trade_allowed': True, 'tracked_pendings': 0, 'open_positions': 0, 'cooldown_active': False, 'cooldown_remaining_s': 0.0, 'balance': 961.66, 'equity': 961.66}
[2026-05-25T13:10:01.673594+00:00] cycle | {'bars_m5': 599, 'bars_h1': 249, 'bars_d1': 119, 'last_bar_time': '2026-05-25 13:05:00+00:00', 'data_age_min': 5.0, 'signal': False, 'risk_per_trade': 0.002857, 'weight': 0.142857}
[portfolio] cycle_complete: symbols=7 signals=0 placed=0 skipped=0 elapsed_s=1.16 per_symbol=[{'symbol': 'GBPUSD', 'signal': False}, {'symbol': 'XAUUSD', 'signal': False}, {'symbol': 'GBPCAD', 'signal': False}, {'symbol': 'USDMXN', 'signal': False}, {'symbol': 'EURJPY', 'signal': False}, {'symbol': 'EURCAD', 'signal': False}, {'symbol': 'AUDCAD', 'signal': False}]
  → sleeping 299s until next M5 close ...
[2026-05-25T13:15:00.512894+00:00] heartbeat | {'uptime_s': 17769.2, 'mt5_connected': True, 'mt5_trade_allowed': True, 'tracked_pendings': 0, 'open_positions': 0, 'cooldown_active': False, 'cooldown_remaining_s': 0.0, 'balance': 961.66, 'equity': 961.66}
[2026-05-25T13:15:00.665722+00:00] cycle | {'bars_m5': 599, 'bars_h1': 249, 'bars_d1': 119, 'last_bar_time': '2026-05-25 13:10:00+00:00', 'data_age_min': 5.0, 'signal': False, 'risk_per_trade': 0.002857, 'weight': 0.142857}
[2026-05-25T13:15:00.777320+00:00] cycle | {'bars_m5': 599, 'bars_h1': 249, 'bars_d1': 119, 'last_bar_time': '2026-05-25 13:10:00+00:00', 'data_age_min': 5.0, 'signal': False, 'risk_per_trade': 0.002857, 'weight': 0.142857}
[2026-05-25T13:15:00.925479+00:00] cycle | {'bars_m5': 599, 'bars_h1': 249, 'bars_d1': 119, 'last_bar_time': '2026-05-25 13:10:00+00:00', 'data_age_min': 5.0, 'signal': False, 'risk_per_trade': 0.002857, 'weight': 0.142857}
[2026-05-25T13:15:01.059280+00:00] cycle | {'bars_m5': 599, 'bars_h1': 249, 'bars_d1': 119, 'last_bar_time': '2026-05-25 13:10:00+00:00', 'data_age_min': 5.0, 'signal': False, 'risk_per_trade': 0.002857, 'weight': 0.142857}
[2026-05-25T13:15:01.194049+00:00] cycle | {'bars_m5': 599, 'bars_h1': 249, 'bars_d1': 119, 'last_bar_time': '2026-05-25 13:10:00+00:00', 'data_age_min': 5.0, 'signal': False, 'risk_per_trade': 0.002857, 'weight': 0.142857}
[2026-05-25T13:15:01.318588+00:00] cycle | {'bars_m5': 599, 'bars_h1': 249, 'bars_d1': 119, 'last_bar_time': '2026-05-25 13:10:00+00:00', 'data_age_min': 5.0, 'signal': False, 'risk_per_trade': 0.002857, 'weight': 0.142857}
[2026-05-25T13:15:01.452964+00:00] cycle | {'bars_m5': 599, 'bars_h1': 249, 'bars_d1': 119, 'last_bar_time': '2026-05-25 13:10:00+00:00', 'data_age_min': 5.0, 'signal': False, 'risk_per_trade': 0.002857, 'weight': 0.142857}
[portfolio] cycle_complete: symbols=7 signals=0 placed=0 skipped=0 elapsed_s=0.94 per_symbol=[{'symbol': 'GBPUSD', 'signal': False}, {'symbol': 'XAUUSD', 'signal': False}, {'symbol': 'GBPCAD', 'signal': False}, {'symbol': 'USDMXN', 'signal': False}, {'symbol': 'EURJPY', 'signal': False}, {'symbol': 'EURCAD', 'signal': False}, {'symbol': 'AUDCAD', 'signal': False}]
  → sleeping 299s until next M5 close ...
[2026-05-25T13:20:00.633800+00:00] cycle | {'bars_m5': 599, 'bars_h1': 249, 'bars_d1': 119, 'last_bar_time': '2026-05-25 13:15:00+00:00', 'data_age_min': 5.0, 'signal': False, 'risk_per_trade': 0.002857, 'weight': 0.142857}
[2026-05-25T13:20:00.778639+00:00] cycle | {'bars_m5': 599, 'bars_h1': 249, 'bars_d1': 119, 'last_bar_time': '2026-05-25 13:15:00+00:00', 'data_age_min': 5.0, 'signal': False, 'risk_per_trade': 0.002857, 'weight': 0.142857}
[2026-05-25T13:20:00.897813+00:00] cycle | {'bars_m5': 599, 'bars_h1': 249, 'bars_d1': 119, 'last_bar_time': '2026-05-25 13:15:00+00:00', 'data_age_min': 5.0, 'signal': False, 'risk_per_trade': 0.002857, 'weight': 0.142857}
[2026-05-25T13:20:00.900682+00:00] mt5_connected | {'state': 'healthy', 'periodic': True, 'connected': True, 'trade_allowed': True, 'ping_ms': 94777}
[2026-05-25T13:20:01.021772+00:00] cycle | {'bars_m5': 599, 'bars_h1': 249, 'bars_d1': 119, 'last_bar_time': '2026-05-25 13:15:00+00:00', 'data_age_min': 5.0, 'signal': False, 'risk_per_trade': 0.002857, 'weight': 0.142857}
[2026-05-25T13:20:01.025066+00:00] heartbeat | {'uptime_s': 18069.7, 'mt5_connected': True, 'mt5_trade_allowed': True, 'tracked_pendings': 0, 'open_positions': 0, 'cooldown_active': False, 'cooldown_remaining_s': 0.0, 'balance': 961.66, 'equity': 961.66}
[2026-05-25T13:20:01.143808+00:00] cycle | {'bars_m5': 599, 'bars_h1': 249, 'bars_d1': 119, 'last_bar_time': '2026-05-25 13:15:00+00:00', 'data_age_min': 5.0, 'signal': False, 'risk_per_trade': 0.002857, 'weight': 0.142857}
[2026-05-25T13:20:01.284344+00:00] cycle | {'bars_m5': 599, 'bars_h1': 249, 'bars_d1': 119, 'last_bar_time': '2026-05-25 13:15:00+00:00', 'data_age_min': 5.0, 'signal': False, 'risk_per_trade': 0.002857, 'weight': 0.142857}
[2026-05-25T13:20:01.402940+00:00] cycle | {'bars_m5': 599, 'bars_h1': 249, 'bars_d1': 119, 'last_bar_time': '2026-05-25 13:15:00+00:00', 'data_age_min': 5.0, 'signal': False, 'risk_per_trade': 0.002857, 'weight': 0.142857}
[portfolio] cycle_complete: symbols=7 signals=0 placed=0 skipped=0 elapsed_s=0.9 per_symbol=[{'symbol': 'GBPUSD', 'signal': False}, {'symbol': 'XAUUSD', 'signal': False}, {'symbol': 'GBPCAD', 'signal': False}, {'symbol': 'USDMXN', 'signal': False}, {'symbol': 'EURJPY', 'signal': False}, {'symbol': 'EURCAD', 'signal': False}, {'symbol': 'AUDCAD', 'signal': False}]
  → sleeping 299s until next M5 close ...
[2026-05-25T13:25:00.629774+00:00] cycle | {'bars_m5': 599, 'bars_h1': 249, 'bars_d1': 119, 'last_bar_time': '2026-05-25 13:20:00+00:00', 'data_age_min': 5.0, 'signal': False, 'risk_per_trade': 0.002857, 'weight': 0.142857}
[2026-05-25T13:25:00.633316+00:00] heartbeat | {'uptime_s': 18369.3, 'mt5_connected': True, 'mt5_trade_allowed': True, 'tracked_pendings': 0, 'open_positions': 0, 'cooldown_active': False, 'cooldown_remaining_s': 0.0, 'balance': 961.66, 'equity': 961.66}
[2026-05-25T13:25:00.773376+00:00] cycle | {'bars_m5': 599, 'bars_h1': 249, 'bars_d1': 119, 'last_bar_time': '2026-05-25 13:20:00+00:00', 'data_age_min': 5.0, 'signal': False, 'risk_per_trade': 0.002857, 'weight': 0.142857}
[2026-05-25T13:25:00.776385+00:00] heartbeat | {'uptime_s': 18369.4, 'mt5_connected': True, 'mt5_trade_allowed': True, 'tracked_pendings': 0, 'open_positions': 0, 'cooldown_active': False, 'cooldown_remaining_s': 0.0, 'balance': 961.66, 'equity': 961.66}
[2026-05-25T13:25:00.902150+00:00] cycle | {'bars_m5': 599, 'bars_h1': 249, 'bars_d1': 119, 'last_bar_time': '2026-05-25 13:20:00+00:00', 'data_age_min': 5.0, 'signal': False, 'risk_per_trade': 0.002857, 'weight': 0.142857}
[2026-05-25T13:25:00.906822+00:00] heartbeat | {'uptime_s': 18369.6, 'mt5_connected': True, 'mt5_trade_allowed': True, 'tracked_pendings': 0, 'open_positions': 0, 'cooldown_active': False, 'cooldown_remaining_s': 0.0, 'balance': 961.66, 'equity': 961.66}
[2026-05-25T13:25:01.040815+00:00] cycle | {'bars_m5': 599, 'bars_h1': 249, 'bars_d1': 119, 'last_bar_time': '2026-05-25 13:20:00+00:00', 'data_age_min': 5.0, 'signal': False, 'risk_per_trade': 0.002857, 'weight': 0.142857}
[2026-05-25T13:25:01.167018+00:00] cycle | {'bars_m5': 599, 'bars_h1': 249, 'bars_d1': 119, 'last_bar_time': '2026-05-25 13:20:00+00:00', 'data_age_min': 5.0, 'signal': False, 'risk_per_trade': 0.002857, 'weight': 0.142857}
[2026-05-25T13:25:01.170131+00:00] heartbeat | {'uptime_s': 18369.8, 'mt5_connected': True, 'mt5_trade_allowed': True, 'tracked_pendings': 0, 'open_positions': 0, 'cooldown_active': False, 'cooldown_remaining_s': 0.0, 'balance': 961.66, 'equity': 961.66}
[2026-05-25T13:25:01.286614+00:00] cycle | {'bars_m5': 599, 'bars_h1': 249, 'bars_d1': 119, 'last_bar_time': '2026-05-25 13:20:00+00:00', 'data_age_min': 5.0, 'signal': False, 'risk_per_trade': 0.002857, 'weight': 0.142857}
[2026-05-25T13:25:01.289285+00:00] heartbeat | {'uptime_s': 18369.9, 'mt5_connected': True, 'mt5_trade_allowed': True, 'tracked_pendings': 0, 'open_positions': 0, 'cooldown_active': False, 'cooldown_remaining_s': 0.0, 'balance': 961.66, 'equity': 961.66}
[2026-05-25T13:25:01.434390+00:00] cycle | {'bars_m5': 599, 'bars_h1': 249, 'bars_d1': 119, 'last_bar_time': '2026-05-25 13:20:00+00:00', 'data_age_min': 5.0, 'signal': False, 'risk_per_trade': 0.002857, 'weight': 0.142857}
[portfolio] cycle_complete: symbols=7 signals=0 placed=0 skipped=0 elapsed_s=0.93 per_symbol=[{'symbol': 'GBPUSD', 'signal': False}, {'symbol': 'XAUUSD', 'signal': False}, {'symbol': 'GBPCAD', 'signal': False}, {'symbol': 'USDMXN', 'signal': False}, {'symbol': 'EURJPY', 'signal': False}, {'symbol': 'EURCAD', 'signal': False}, {'symbol': 'AUDCAD', 'signal': False}]
  → sleeping 299s until next M5 close ...
[2026-05-25T13:30:00.505755+00:00] heartbeat | {'uptime_s': 18669.2, 'mt5_connected': True, 'mt5_trade_allowed': True, 'tracked_pendings': 0, 'open_positions': 0, 'cooldown_active': False, 'cooldown_remaining_s': 0.0, 'balance': 961.66, 'equity': 961.66}
[2026-05-25T13:30:00.651539+00:00] cycle | {'bars_m5': 599, 'bars_h1': 249, 'bars_d1': 119, 'last_bar_time': '2026-05-25 13:25:00+00:00', 'data_age_min': 5.0, 'signal': False, 'risk_per_trade': 0.002857, 'weight': 0.142857}
[2026-05-25T13:30:00.799214+00:00] cycle | {'bars_m5': 599, 'bars_h1': 249, 'bars_d1': 119, 'last_bar_time': '2026-05-25 13:25:00+00:00', 'data_age_min': 5.0, 'signal': False, 'risk_per_trade': 0.002857, 'weight': 0.142857}
[2026-05-25T13:30:00.928399+00:00] cycle | {'bars_m5': 599, 'bars_h1': 249, 'bars_d1': 119, 'last_bar_time': '2026-05-25 13:25:00+00:00', 'data_age_min': 5.0, 'signal': False, 'risk_per_trade': 0.002857, 'weight': 0.142857}
[2026-05-25T13:30:00.931368+00:00] mt5_connected | {'state': 'healthy', 'periodic': True, 'connected': True, 'trade_allowed': True, 'ping_ms': 94777}
[2026-05-25T13:30:01.062431+00:00] cycle | {'bars_m5': 599, 'bars_h1': 249, 'bars_d1': 119, 'last_bar_time': '2026-05-25 13:25:00+00:00', 'data_age_min': 5.0, 'signal': False, 'risk_per_trade': 0.002857, 'weight': 0.142857}
[2026-05-25T13:30:01.065381+00:00] heartbeat | {'uptime_s': 18669.7, 'mt5_connected': True, 'mt5_trade_allowed': True, 'tracked_pendings': 0, 'open_positions': 0, 'cooldown_active': False, 'cooldown_remaining_s': 0.0, 'balance': 961.66, 'equity': 961.66}
[2026-05-25T13:30:01.195795+00:00] cycle | {'bars_m5': 599, 'bars_h1': 249, 'bars_d1': 119, 'last_bar_time': '2026-05-25 13:25:00+00:00', 'data_age_min': 5.0, 'signal': False, 'risk_per_trade': 0.002857, 'weight': 0.142857}
[2026-05-25T13:30:01.380276+00:00] cycle | {'bars_m5': 599, 'bars_h1': 249, 'bars_d1': 119, 'last_bar_time': '2026-05-25 13:25:00+00:00', 'data_age_min': 5.0, 'signal': False, 'risk_per_trade': 0.002857, 'weight': 0.142857}
[2026-05-25T13:30:01.524230+00:00] cycle | {'bars_m5': 599, 'bars_h1': 249, 'bars_d1': 119, 'last_bar_time': '2026-05-25 13:25:00+00:00', 'data_age_min': 5.0, 'signal': False, 'risk_per_trade': 0.002857, 'weight': 0.142857}
