[Wed 05/27/2026  9:22:26.91] launching python runner 
Basket loaded: 4 symbols — ['XAUUSD', 'GBPUSD', 'GBPCAD', 'EURCAD']
Selection criteria: WR_IS >= 48.0% AND fwd_net_$ >= 0.00

Capital plan (policy=equal, total_risk=2.000%):
  XAUUSD   weight=25.00%  risk_per_trade=0.5000%
  GBPUSD   weight=25.00%  risk_per_trade=0.5000%
  GBPCAD   weight=25.00%  risk_per_trade=0.5000%
  EURCAD   weight=25.00%  risk_per_trade=0.5000%
[portfolio] portfolio_start: basket=['XAUUSD', 'GBPUSD', 'GBPCAD', 'EURCAD'] policy=equal portfolio_risk=0.02 criteria=WR_IS >= 48.0% AND fwd_net_$ >= 0.00 dry_run=False
[2026-05-27 08:52:35 BROKER] bot_start | {'symbol': 'XAUUSD.i', 'requested_symbol': 'XAUUSD', 'magic': 24000000, 'risk_per_trade': 0.005, 'risk_reward': 2.0, 'slippage_limit_threshold': 4.0, 'slippage_max_points': 30.0, 'max_spread_points': 200, 'stale_after_seconds': 300, 'heartbeat_interval_seconds': 600, 'rotate_daily_logs': True}
[2026-05-27 08:52:35 BROKER] slippage_config | {'slippage_max_points': 30.0, 'slippage_limit_threshold': 4.0, 'from_table': True}
[2026-05-27 08:52:35 BROKER] state_recovered | {'adopted_pendings': [], 'adopted_positions': [], 'balance': 980.2, 'equity': 980.2}
[2026-05-27 08:52:35 BROKER] telegram_sent | {'category': 'bot_start', 'attempt': 1, 'status': 200, 'latency_ms': 139.9}
[2026-05-27 08:52:35 BROKER] bot_start | {'symbol': 'GBPUSD.i', 'requested_symbol': 'GBPUSD', 'magic': 24000001, 'risk_per_trade': 0.005, 'risk_reward': 2.0, 'slippage_limit_threshold': 4.0, 'slippage_max_points': 40.0, 'max_spread_points': 200, 'stale_after_seconds': 300, 'heartbeat_interval_seconds': 600, 'rotate_daily_logs': True}
[2026-05-27 08:52:35 BROKER] slippage_config | {'slippage_max_points': 40.0, 'slippage_limit_threshold': 4.0, 'from_table': True}
[2026-05-27 08:52:35 BROKER] state_recovered | {'adopted_pendings': [], 'adopted_positions': [], 'balance': 980.2, 'equity': 980.2}
[2026-05-27 08:52:35 BROKER] telegram_sent | {'category': 'bot_start', 'attempt': 1, 'status': 200, 'latency_ms': 116.2}
[2026-05-27 08:52:35 BROKER] bot_start | {'symbol': 'GBPCAD.i', 'requested_symbol': 'GBPCAD', 'magic': 24000002, 'risk_per_trade': 0.005, 'risk_reward': 2.0, 'slippage_limit_threshold': 4.0, 'slippage_max_points': 50.0, 'max_spread_points': 200, 'stale_after_seconds': 300, 'heartbeat_interval_seconds': 600, 'rotate_daily_logs': True}
[2026-05-27 08:52:35 BROKER] slippage_config | {'slippage_max_points': 50.0, 'slippage_limit_threshold': 4.0, 'from_table': True}
[2026-05-27 08:52:35 BROKER] state_recovered | {'adopted_pendings': [], 'adopted_positions': [], 'balance': 980.2, 'equity': 980.2}
[2026-05-27 08:52:35 BROKER] telegram_sent | {'category': 'bot_start', 'attempt': 1, 'status': 200, 'latency_ms': 88.7}
[2026-05-27 08:52:35 BROKER] bot_start | {'symbol': 'EURCAD.i', 'requested_symbol': 'EURCAD', 'magic': 24000003, 'risk_per_trade': 0.005, 'risk_reward': 2.0, 'slippage_limit_threshold': 4.0, 'slippage_max_points': 35.0, 'max_spread_points': 200, 'stale_after_seconds': 300, 'heartbeat_interval_seconds': 600, 'rotate_daily_logs': True}
[2026-05-27 08:52:35 BROKER] slippage_config | {'slippage_max_points': 35.0, 'slippage_limit_threshold': 4.0, 'from_table': True}
[2026-05-27 08:52:35 BROKER] state_recovered | {'adopted_pendings': [], 'adopted_positions': [], 'balance': 980.2, 'equity': 980.2}
[2026-05-27 08:52:35 BROKER] telegram_sent | {'category': 'bot_start', 'attempt': 1, 'status': 200, 'latency_ms': 158.3}

Multi-symbol scalper running on 4 symbols. Ctrl+C to stop.
[2026-05-27 08:52:35 BROKER] heartbeat | {'uptime_s': 0.6, 'mt5_connected': True, 'mt5_trade_allowed': True, 'tracked_pendings': 0, 'open_positions': 0, 'cooldown_active': False, 'cooldown_remaining_s': 0.0, 'balance': 980.2, 'equity': 980.2}
[2026-05-27 08:52:35 BROKER] mt5_connected | {'state': 'healthy', 'connected': True, 'trade_allowed': True, 'ping_ms': 18561, 'recovered_after_failures': 0}
C:\Users\Administrator\Desktop\tob\ema-h1trend\mt5\run_multi_scalper.py:179: Pandas4Warning: Timestamp.utcnow is deprecated and will be removed in a future version. Use Timestamp.now('UTC') instead.
  return pd.Timestamp.utcnow().tz_localize(None) + pd.Timedelta(hours=BROKER_WALLCLOCK_OFFSET_HOURS)
[2026-05-27 08:52:36 BROKER] cycle | {'bars_m5': 599, 'bars_h1': 250, 'bars_d1': 120, 'last_bar_time': '2026-05-27 08:45:00', 'data_age_min': 7.6, 'signal': False, 'risk_per_trade': 0.005, 'weight': 0.25, 'diag': {'n_m5': 599, 'n_h1': 250, 'n_d1': 120, 'bar_time': '2026-05-27 08:45:00', 'open': 4493.46, 'high': 4498.04, 'low': 4491.93, 'close': 4497.94, 'volume': 1320.0, 'trend_dir': -1, 'h1_trend': -1, 'd1_trend': -1, 'h1_rsi': 40.978, 'in_session': False, 'atr_ok': True, 'adx_ok': True, 'ema20': 4503.704606, 'rsi': 42.731, 'atr': 5.797971, 'adx': 23.875, 'bb_up': 4517.205495, 'bb_lo': 4492.558505, 'f_bb': 1, 'f_ema': 0, 'f_rsi': 0, 'f_candle': 0, 'f_rsiR': 0, 'f_macd': -1, 'f_stoch': 1, 'f_vol': 1, 'signal_dir': 0, 'h1_topped_from_m5': 1, 'd1_topped_from_m5': 1}}
[2026-05-27 08:52:36 BROKER] heartbeat | {'uptime_s': 0.6, 'mt5_connected': True, 'mt5_trade_allowed': True, 'tracked_pendings': 0, 'open_positions': 0, 'cooldown_active': False, 'cooldown_remaining_s': 0.0, 'balance': 980.2, 'equity': 980.2}
C:\Users\Administrator\Desktop\tob\ema-h1trend\mt5\run_multi_scalper.py:179: Pandas4Warning: Timestamp.utcnow is deprecated and will be removed in a future version. Use Timestamp.now('UTC') instead.
  return pd.Timestamp.utcnow().tz_localize(None) + pd.Timedelta(hours=BROKER_WALLCLOCK_OFFSET_HOURS)
[2026-05-27 08:52:36 BROKER] cycle | {'bars_m5': 599, 'bars_h1': 250, 'bars_d1': 120, 'last_bar_time': '2026-05-27 08:45:00', 'data_age_min': 7.6, 'signal': False, 'risk_per_trade': 0.005, 'weight': 0.25, 'diag': {'n_m5': 599, 'n_h1': 250, 'n_d1': 120, 'bar_time': '2026-05-27 08:45:00', 'open': 1.34531, 'high': 1.34532, 'low': 1.34505, 'close': 1.34513, 'volume': 225.0, 'trend_dir': -1, 'h1_trend': -1, 'd1_trend': -1, 'h1_rsi': 43.022, 'in_session': False, 'atr_ok': False, 'adx_ok': True, 'ema20': 1.345374, 'rsi': 40.623, 'atr': 0.00022, 'adx': 17.577, 'bb_up': 1.345647, 'bb_lo': 1.345164, 'f_bb': 1, 'f_ema': -1, 'f_rsi': 0, 'f_candle': -1, 'f_rsiR': 0, 'f_macd': -1, 'f_stoch': 0, 'f_vol': 0, 'signal_dir': 0, 'h1_topped_from_m5': 1, 'd1_topped_from_m5': 1}}
[2026-05-27 08:52:36 BROKER] heartbeat | {'uptime_s': 1.2, 'mt5_connected': True, 'mt5_trade_allowed': True, 'tracked_pendings': 0, 'open_positions': 0, 'cooldown_active': False, 'cooldown_remaining_s': 0.0, 'balance': 980.2, 'equity': 980.2}
C:\Users\Administrator\Desktop\tob\ema-h1trend\mt5\run_multi_scalper.py:179: Pandas4Warning: Timestamp.utcnow is deprecated and will be removed in a future version. Use Timestamp.now('UTC') instead.
  return pd.Timestamp.utcnow().tz_localize(None) + pd.Timedelta(hours=BROKER_WALLCLOCK_OFFSET_HOURS)
[2026-05-27 08:52:36 BROKER] cycle | {'bars_m5': 599, 'bars_h1': 250, 'bars_d1': 120, 'last_bar_time': '2026-05-27 08:45:00', 'data_age_min': 7.6, 'signal': False, 'risk_per_trade': 0.005, 'weight': 0.25, 'diag': {'n_m5': 599, 'n_h1': 250, 'n_d1': 120, 'bar_time': '2026-05-27 08:45:00', 'open': 1.85807, 'high': 1.85808, 'low': 1.85771, 'close': 1.85779, 'volume': 378.0, 'trend_dir': 0, 'h1_trend': -1, 'd1_trend': 1, 'h1_rsi': 45.116, 'in_session': False, 'atr_ok': False, 'adx_ok': True, 'ema20': 1.857911, 'rsi': 46.856, 'atr': 0.00025, 'adx': 18.765, 'bb_up': 1.858168, 'bb_lo': 1.857679, 'f_bb': 0, 'f_ema': -1, 'f_rsi': 0, 'f_candle': -1, 'f_rsiR': 0, 'f_macd': -1, 'f_stoch': 0, 'f_vol': 0, 'signal_dir': 0, 'h1_topped_from_m5': 1, 'd1_topped_from_m5': 1}}
[2026-05-27 08:52:36 BROKER] heartbeat | {'uptime_s': 1.3, 'mt5_connected': True, 'mt5_trade_allowed': True, 'tracked_pendings': 0, 'open_positions': 0, 'cooldown_active': False, 'cooldown_remaining_s': 0.0, 'balance': 980.2, 'equity': 980.2}
C:\Users\Administrator\Desktop\tob\ema-h1trend\mt5\run_multi_scalper.py:179: Pandas4Warning: Timestamp.utcnow is deprecated and will be removed in a future version. Use Timestamp.now('UTC') instead.
  return pd.Timestamp.utcnow().tz_localize(None) + pd.Timedelta(hours=BROKER_WALLCLOCK_OFFSET_HOURS)
[2026-05-27 08:52:37 BROKER] cycle | {'bars_m5': 599, 'bars_h1': 250, 'bars_d1': 120, 'last_bar_time': '2026-05-27 08:45:00', 'data_age_min': 7.6, 'signal': False, 'risk_per_trade': 0.005, 'weight': 0.25, 'diag': {'n_m5': 599, 'n_h1': 250, 'n_d1': 120, 'bar_time': '2026-05-27 08:45:00', 'open': 1.60777, 'high': 1.60778, 'low': 1.6076000000000001, 'close': 1.60763, 'volume': 370.0, 'trend_dir': 1, 'h1_trend': 1, 'd1_trend': 1, 'h1_rsi': 62.051, 'in_session': False, 'atr_ok': False, 'adx_ok': True, 'ema20': 1.607574, 'rsi': 55.049, 'atr': 0.000169, 'adx': 33.275, 'bb_up': 1.607832, 'bb_lo': 1.607332, 'f_bb': 0, 'f_ema': 1, 'f_rsi': 0, 'f_candle': -1, 'f_rsiR': -1, 'f_macd': -1, 'f_stoch': 0, 'f_vol': 0, 'signal_dir': 0, 'h1_topped_from_m5': 1, 'd1_topped_from_m5': 1}}
C:\Users\Administrator\Desktop\tob\ema-h1trend\mt5\run_multi_scalper.py:179: Pandas4Warning: Timestamp.utcnow is deprecated and will be removed in a future version. Use Timestamp.now('UTC') instead.
  return pd.Timestamp.utcnow().tz_localize(None) + pd.Timedelta(hours=BROKER_WALLCLOCK_OFFSET_HOURS)
[portfolio] cycle_complete: symbols=4 signals=0 placed=0 skipped=0 elapsed_s=1.26 per_symbol=[{'symbol': 'XAUUSD', 'signal': False}, {'symbol': 'GBPUSD', 'signal': False}, {'symbol': 'GBPCAD', 'signal': False}, {'symbol': 'EURCAD', 'signal': False}]
  → sleeping 143s until next M5 close ...
[2026-05-27 08:55:00 BROKER] cycle | {'bars_m5': 599, 'bars_h1': 250, 'bars_d1': 120, 'last_bar_time': '2026-05-27 08:50:00', 'data_age_min': 5.0, 'signal': False, 'risk_per_trade': 0.005, 'weight': 0.25, 'diag': {'n_m5': 599, 'n_h1': 250, 'n_d1': 120, 'bar_time': '2026-05-27 08:50:00', 'open': 4497.94, 'high': 4502.34, 'low': 4496.35, 'close': 4498.77, 'volume': 1283.0, 'trend_dir': -1, 'h1_trend': -1, 'd1_trend': -1, 'h1_rsi': 41.284, 'in_session': False, 'atr_ok': True, 'adx_ok': True, 'ema20': 4503.234643, 'rsi': 43.794, 'atr': 5.823575, 'adx': 23.687, 'bb_up': 4517.271604, 'bb_lo': 4492.067396, 'f_bb': 0, 'f_ema': -1, 'f_rsi': 0, 'f_candle': 0, 'f_rsiR': 0, 'f_macd': -1, 'f_stoch': 0, 'f_vol': 1, 'signal_dir': 0, 'h1_topped_from_m5': 1, 'd1_topped_from_m5': 1}}
C:\Users\Administrator\Desktop\tob\ema-h1trend\mt5\run_multi_scalper.py:179: Pandas4Warning: Timestamp.utcnow is deprecated and will be removed in a future version. Use Timestamp.now('UTC') instead.
  return pd.Timestamp.utcnow().tz_localize(None) + pd.Timedelta(hours=BROKER_WALLCLOCK_OFFSET_HOURS)
[2026-05-27 08:55:00 BROKER] cycle | {'bars_m5': 599, 'bars_h1': 250, 'bars_d1': 120, 'last_bar_time': '2026-05-27 08:50:00', 'data_age_min': 5.0, 'signal': False, 'risk_per_trade': 0.005, 'weight': 0.25, 'diag': {'n_m5': 599, 'n_h1': 250, 'n_d1': 120, 'bar_time': '2026-05-27 08:50:00', 'open': 1.34513, 'high': 1.34539, 'low': 1.34509, 'close': 1.34525, 'volume': 200.0, 'trend_dir': -1, 'h1_trend': -1, 'd1_trend': -1, 'h1_rsi': 43.941, 'in_session': False, 'atr_ok': True, 'adx_ok': True, 'ema20': 1.345363, 'rsi': 45.737, 'atr': 0.000231, 'adx': 17.357, 'bb_up': 1.345647, 'bb_lo': 1.345146, 'f_bb': 1, 'f_ema': -1, 'f_rsi': 0, 'f_candle': 0, 'f_rsiR': 0, 'f_macd': -1, 'f_stoch': 0, 'f_vol': 0, 'signal_dir': 0, 'h1_topped_from_m5': 1, 'd1_topped_from_m5': 1}}
C:\Users\Administrator\Desktop\tob\ema-h1trend\mt5\run_multi_scalper.py:179: Pandas4Warning: Timestamp.utcnow is deprecated and will be removed in a future version. Use Timestamp.now('UTC') instead.
  return pd.Timestamp.utcnow().tz_localize(None) + pd.Timedelta(hours=BROKER_WALLCLOCK_OFFSET_HOURS)
[2026-05-27 08:55:01 BROKER] cycle | {'bars_m5': 599, 'bars_h1': 250, 'bars_d1': 120, 'last_bar_time': '2026-05-27 08:50:00', 'data_age_min': 5.0, 'signal': False, 'risk_per_trade': 0.005, 'weight': 0.25, 'diag': {'n_m5': 599, 'n_h1': 250, 'n_d1': 120, 'bar_time': '2026-05-27 08:50:00', 'open': 1.85779, 'high': 1.85818, 'low': 1.85778, 'close': 1.85806, 'volume': 371.0, 'trend_dir': 0, 'h1_trend': -1, 'd1_trend': 1, 'h1_rsi': 47.039, 'in_session': False, 'atr_ok': False, 'adx_ok': True, 'ema20': 1.857926, 'rsi': 53.786, 'atr': 0.00027, 'adx': 17.818, 'bb_up': 1.858171, 'bb_lo': 1.857678, 'f_bb': -1, 'f_ema': 1, 'f_rsi': 0, 'f_candle': 0, 'f_rsiR': 0, 'f_macd': -1, 'f_stoch': 0, 'f_vol': 0, 'signal_dir': 0, 'h1_topped_from_m5': 1, 'd1_topped_from_m5': 1}}
C:\Users\Administrator\Desktop\tob\ema-h1trend\mt5\run_multi_scalper.py:179: Pandas4Warning: Timestamp.utcnow is deprecated and will be removed in a future version. Use Timestamp.now('UTC') instead.
  return pd.Timestamp.utcnow().tz_localize(None) + pd.Timedelta(hours=BROKER_WALLCLOCK_OFFSET_HOURS)
[2026-05-27 08:55:01 BROKER] cycle | {'bars_m5': 599, 'bars_h1': 250, 'bars_d1': 120, 'last_bar_time': '2026-05-27 08:50:00', 'data_age_min': 5.0, 'signal': False, 'risk_per_trade': 0.005, 'weight': 0.25, 'diag': {'n_m5': 599, 'n_h1': 250, 'n_d1': 120, 'bar_time': '2026-05-27 08:50:00', 'open': 1.60763, 'high': 1.60805, 'low': 1.60763, 'close': 1.608, 'volume': 293.0, 'trend_dir': 1, 'h1_trend': 1, 'd1_trend': 1, 'h1_rsi': 64.618, 'in_session': False, 'atr_ok': False, 'adx_ok': True, 'ema20': 1.607615, 'rsi': 65.947, 'atr': 0.000203, 'adx': 33.209, 'bb_up': 1.60791, 'bb_lo': 1.607313, 'f_bb': -1, 'f_ema': 1, 'f_rsi': 0, 'f_candle': 1, 'f_rsiR': -1, 'f_macd': 1, 'f_stoch': 0, 'f_vol': 0, 'signal_dir': 0, 'h1_topped_from_m5': 1, 'd1_topped_from_m5': 1}}
C:\Users\Administrator\Desktop\tob\ema-h1trend\mt5\run_multi_scalper.py:179: Pandas4Warning: Timestamp.utcnow is deprecated and will be removed in a future version. Use Timestamp.now('UTC') instead.
  return pd.Timestamp.utcnow().tz_localize(None) + pd.Timedelta(hours=BROKER_WALLCLOCK_OFFSET_HOURS)
[portfolio] cycle_complete: symbols=4 signals=0 placed=0 skipped=0 elapsed_s=0.75 per_symbol=[{'symbol': 'XAUUSD', 'signal': False}, {'symbol': 'GBPUSD', 'signal': False}, {'symbol': 'GBPCAD', 'signal': False}, {'symbol': 'EURCAD', 'signal': False}]
  → sleeping 299s until next M5 close ...
[2026-05-27 09:00:00 BROKER] cycle | {'bars_m5': 599, 'bars_h1': 249, 'bars_d1': 120, 'last_bar_time': '2026-05-27 08:55:00', 'data_age_min': 5.0, 'signal': False, 'risk_per_trade': 0.005, 'weight': 0.25, 'diag': {'n_m5': 599, 'n_h1': 249, 'n_d1': 120, 'bar_time': '2026-05-27 08:55:00', 'open': 4498.7, 'high': 4499.97, 'low': 4496.47, 'close': 4497.6, 'volume': 1100.0, 'trend_dir': -1, 'h1_trend': -1, 'd1_trend': -1, 'h1_rsi': 40.853, 'in_session': False, 'atr_ok': True, 'adx_ok': True, 'ema20': 4502.69801, 'rsi': 42.594, 'atr': 5.513765, 'adx': 23.511, 'bb_up': 4517.397288, 'bb_lo': 4491.613712, 'f_bb': 0, 'f_ema': 0, 'f_rsi': 0, 'f_candle': 0, 'f_rsiR': 0, 'f_macd': -1, 'f_stoch': 0, 'f_vol': -1, 'signal_dir': 0, 'h1_topped_from_m5': 0, 'd1_topped_from_m5': 1}}
C:\Users\Administrator\Desktop\tob\ema-h1trend\mt5\run_multi_scalper.py:179: Pandas4Warning: Timestamp.utcnow is deprecated and will be removed in a future version. Use Timestamp.now('UTC') instead.
  return pd.Timestamp.utcnow().tz_localize(None) + pd.Timedelta(hours=BROKER_WALLCLOCK_OFFSET_HOURS)
[2026-05-27 09:00:00 BROKER] cycle | {'bars_m5': 599, 'bars_h1': 249, 'bars_d1': 120, 'last_bar_time': '2026-05-27 08:55:00', 'data_age_min': 5.0, 'signal': False, 'risk_per_trade': 0.005, 'weight': 0.25, 'diag': {'n_m5': 599, 'n_h1': 249, 'n_d1': 120, 'bar_time': '2026-05-27 08:55:00', 'open': 1.34525, 'high': 1.34527, 'low': 1.34484, 'close': 1.34491, 'volume': 274.0, 'trend_dir': -1, 'h1_trend': -1, 'd1_trend': -1, 'h1_rsi': 41.434, 'in_session': False, 'atr_ok': True, 'adx_ok': True, 'ema20': 1.345319, 'rsi': 36.218, 'atr': 0.000257, 'adx': 18.413, 'bb_up': 1.345703, 'bb_lo': 1.34504, 'f_bb': 1, 'f_ema': -1, 'f_rsi': 0, 'f_candle': -1, 'f_rsiR': 0, 'f_macd': -1, 'f_stoch': 0, 'f_vol': -1, 'signal_dir': 0, 'h1_topped_from_m5': 0, 'd1_topped_from_m5': 1}}
C:\Users\Administrator\Desktop\tob\ema-h1trend\mt5\run_multi_scalper.py:179: Pandas4Warning: Timestamp.utcnow is deprecated and will be removed in a future version. Use Timestamp.now('UTC') instead.
  return pd.Timestamp.utcnow().tz_localize(None) + pd.Timedelta(hours=BROKER_WALLCLOCK_OFFSET_HOURS)
[2026-05-27 09:00:00 BROKER] cycle | {'bars_m5': 599, 'bars_h1': 249, 'bars_d1': 120, 'last_bar_time': '2026-05-27 08:55:00', 'data_age_min': 5.0, 'signal': False, 'risk_per_trade': 0.005, 'weight': 0.25, 'diag': {'n_m5': 599, 'n_h1': 249, 'n_d1': 120, 'bar_time': '2026-05-27 08:55:00', 'open': 1.85806, 'high': 1.85812, 'low': 1.8577, 'close': 1.8577599999999999, 'volume': 512.0, 'trend_dir': 0, 'h1_trend': -1, 'd1_trend': 1, 'h1_rsi': 44.894, 'in_session': False, 'atr_ok': True, 'adx_ok': True, 'ema20': 1.85791, 'rsi': 46.526, 'atr': 0.00029, 'adx': 16.628, 'bb_up': 1.85815, 'bb_lo': 1.857665, 'f_bb': 0, 'f_ema': -1, 'f_rsi': 0, 'f_candle': -1, 'f_rsiR': 0, 'f_macd': -1, 'f_stoch': 0, 'f_vol': 0, 'signal_dir': 0, 'h1_topped_from_m5': 0, 'd1_topped_from_m5': 1}}
C:\Users\Administrator\Desktop\tob\ema-h1trend\mt5\run_multi_scalper.py:179: Pandas4Warning: Timestamp.utcnow is deprecated and will be removed in a future version. Use Timestamp.now('UTC') instead.
  return pd.Timestamp.utcnow().tz_localize(None) + pd.Timedelta(hours=BROKER_WALLCLOCK_OFFSET_HOURS)
[2026-05-27 09:00:01 BROKER] cycle | {'bars_m5': 599, 'bars_h1': 249, 'bars_d1': 120, 'last_bar_time': '2026-05-27 08:55:00', 'data_age_min': 5.0, 'signal': False, 'risk_per_trade': 0.005, 'weight': 0.25, 'diag': {'n_m5': 599, 'n_h1': 249, 'n_d1': 120, 'bar_time': '2026-05-27 08:55:00', 'open': 1.60799, 'high': 1.6080299999999998, 'low': 1.60758, 'close': 1.60777, 'volume': 384.0, 'trend_dir': 1, 'h1_trend': 1, 'd1_trend': 1, 'h1_rsi': 63.065, 'in_session': False, 'atr_ok': True, 'adx_ok': True, 'ema20': 1.607629, 'rsi': 56.738, 'atr': 0.000236, 'adx': 32.756, 'bb_up': 1.607924, 'bb_lo': 1.607331, 'f_bb': -1, 'f_ema': 1, 'f_rsi': -1, 'f_candle': 0, 'f_rsiR': -1, 'f_macd': 1, 'f_stoch': 0, 'f_vol': 0, 'signal_dir': 0, 'h1_topped_from_m5': 0, 'd1_topped_from_m5': 1}}
[portfolio] cycle_complete: symbols=4 signals=0 placed=0 skipped=0 elapsed_s=0.61 per_symbol=[{'symbol': 'XAUUSD', 'signal': False}, {'symbol': 'GBPUSD', 'signal': False}, {'symbol': 'GBPCAD', 'signal': False}, {'symbol': 'EURCAD', 'signal': False}]
  → sleeping 299s until next M5 close ...
[2026-05-27 09:05:00 BROKER] heartbeat | {'uptime_s': 745.2, 'mt5_connected': True, 'mt5_trade_allowed': True, 'tracked_pendings': 0, 'open_positions': 0, 'cooldown_active': False, 'cooldown_remaining_s': 0.0, 'balance': 980.2, 'equity': 980.2}
[2026-05-27 09:05:00 BROKER] mt5_connected | {'state': 'healthy', 'periodic': True, 'connected': True, 'trade_allowed': True, 'ping_ms': 18561}
C:\Users\Administrator\Desktop\tob\ema-h1trend\mt5\run_multi_scalper.py:179: Pandas4Warning: Timestamp.utcnow is deprecated and will be removed in a future version. Use Timestamp.now('UTC') instead.
  return pd.Timestamp.utcnow().tz_localize(None) + pd.Timedelta(hours=BROKER_WALLCLOCK_OFFSET_HOURS)
[2026-05-27 09:05:00 BROKER] cycle | {'bars_m5': 599, 'bars_h1': 250, 'bars_d1': 120, 'last_bar_time': '2026-05-27 09:00:00', 'data_age_min': 5.0, 'signal': False, 'risk_per_trade': 0.005, 'weight': 0.25, 'diag': {'n_m5': 599, 'n_h1': 250, 'n_d1': 120, 'bar_time': '2026-05-27 09:00:00', 'open': 4497.54, 'high': 4499.2, 'low': 4493.84, 'close': 4495.12, 'volume': 1254.0, 'trend_dir': -1, 'h1_trend': -1, 'd1_trend': -1, 'h1_rsi': 39.904, 'in_session': False, 'atr_ok': True, 'adx_ok': True, 'ema20': 4501.976295, 'rsi': 40.086, 'atr': 5.493263, 'adx': 23.816, 'bb_up': 4517.680334, 'bb_lo': 4490.610666, 'f_bb': 0, 'f_ema': 0, 'f_rsi': 0, 'f_candle': 0, 'f_rsiR': 0, 'f_macd': -1, 'f_stoch': 0, 'f_vol': -1, 'signal_dir': 0, 'h1_topped_from_m5': 1, 'd1_topped_from_m5': 1}}
[2026-05-27 09:05:00 BROKER] heartbeat | {'uptime_s': 745.2, 'mt5_connected': True, 'mt5_trade_allowed': True, 'tracked_pendings': 0, 'open_positions': 0, 'cooldown_active': False, 'cooldown_remaining_s': 0.0, 'balance': 980.2, 'equity': 980.2}
C:\Users\Administrator\Desktop\tob\ema-h1trend\mt5\run_multi_scalper.py:179: Pandas4Warning: Timestamp.utcnow is deprecated and will be removed in a future version. Use Timestamp.now('UTC') instead.
  return pd.Timestamp.utcnow().tz_localize(None) + pd.Timedelta(hours=BROKER_WALLCLOCK_OFFSET_HOURS)
[2026-05-27 09:05:00 BROKER] cycle | {'bars_m5': 599, 'bars_h1': 250, 'bars_d1': 120, 'last_bar_time': '2026-05-27 09:00:00', 'data_age_min': 5.0, 'signal': False, 'risk_per_trade': 0.005, 'weight': 0.25, 'diag': {'n_m5': 599, 'n_h1': 250, 'n_d1': 120, 'bar_time': '2026-05-27 09:00:00', 'open': 1.3449, 'high': 1.34494, 'low': 1.34456, 'close': 1.34462, 'volume': 412.0, 'trend_dir': -1, 'h1_trend': -1, 'd1_trend': -1, 'h1_rsi': 39.371, 'in_session': False, 'atr_ok': True, 'adx_ok': True, 'ema20': 1.345253, 'rsi': 30.406, 'atr': 0.000274, 'adx': 20.361, 'bb_up': 1.345803, 'bb_lo': 1.344861, 'f_bb': 1, 'f_ema': 0, 'f_rsi': 0, 'f_candle': 0, 'f_rsiR': 0, 'f_macd': -1, 'f_stoch': 0, 'f_vol': -1, 'signal_dir': 0, 'h1_topped_from_m5': 1, 'd1_topped_from_m5': 1}}
[2026-05-27 09:05:00 BROKER] heartbeat | {'uptime_s': 745.3, 'mt5_connected': True, 'mt5_trade_allowed': True, 'tracked_pendings': 0, 'open_positions': 0, 'cooldown_active': False, 'cooldown_remaining_s': 0.0, 'balance': 980.2, 'equity': 980.2}
C:\Users\Administrator\Desktop\tob\ema-h1trend\mt5\run_multi_scalper.py:179: Pandas4Warning: Timestamp.utcnow is deprecated and will be removed in a future version. Use Timestamp.now('UTC') instead.
  return pd.Timestamp.utcnow().tz_localize(None) + pd.Timedelta(hours=BROKER_WALLCLOCK_OFFSET_HOURS)
[2026-05-27 09:05:00 BROKER] cycle | {'bars_m5': 599, 'bars_h1': 250, 'bars_d1': 120, 'last_bar_time': '2026-05-27 09:00:00', 'data_age_min': 5.0, 'signal': False, 'risk_per_trade': 0.005, 'weight': 0.25, 'diag': {'n_m5': 599, 'n_h1': 250, 'n_d1': 120, 'bar_time': '2026-05-27 09:00:00', 'open': 1.85775, 'high': 1.85777, 'low': 1.85727, 'close': 1.8575, 'volume': 592.0, 'trend_dir': 0, 'h1_trend': -1, 'd1_trend': 1, 'h1_rsi': 43.258, 'in_session': False, 'atr_ok': True, 'adx_ok': True, 'ema20': 1.857871, 'rsi': 41.32, 'atr': 0.000318, 'adx': 17.415, 'bb_up': 1.858183, 'bb_lo': 1.857583, 'f_bb': 1, 'f_ema': -1, 'f_rsi': 0, 'f_candle': 0, 'f_rsiR': 0, 'f_macd': -1, 'f_stoch': 0, 'f_vol': -1, 'signal_dir': 0, 'h1_topped_from_m5': 1, 'd1_topped_from_m5': 1}}
[2026-05-27 09:05:00 BROKER] heartbeat | {'uptime_s': 745.3, 'mt5_connected': True, 'mt5_trade_allowed': True, 'tracked_pendings': 0, 'open_positions': 0, 'cooldown_active': False, 'cooldown_remaining_s': 0.0, 'balance': 980.2, 'equity': 980.2}
C:\Users\Administrator\Desktop\tob\ema-h1trend\mt5\run_multi_scalper.py:179: Pandas4Warning: Timestamp.utcnow is deprecated and will be removed in a future version. Use Timestamp.now('UTC') instead.
  return pd.Timestamp.utcnow().tz_localize(None) + pd.Timedelta(hours=BROKER_WALLCLOCK_OFFSET_HOURS)
[2026-05-27 09:05:01 BROKER] cycle | {'bars_m5': 599, 'bars_h1': 250, 'bars_d1': 120, 'last_bar_time': '2026-05-27 09:00:00', 'data_age_min': 5.0, 'signal': False, 'risk_per_trade': 0.005, 'weight': 0.25, 'diag': {'n_m5': 599, 'n_h1': 250, 'n_d1': 120, 'bar_time': '2026-05-27 09:00:00', 'open': 1.60778, 'high': 1.60786, 'low': 1.60752, 'close': 1.60766, 'volume': 500.0, 'trend_dir': 1, 'h1_trend': 1, 'd1_trend': 1, 'h1_rsi': 61.671, 'in_session': False, 'atr_ok': True, 'adx_ok': True, 'ema20': 1.607632, 'rsi': 52.932, 'atr': 0.00025, 'adx': 31.877, 'bb_up': 1.607921, 'bb_lo': 1.607357, 'f_bb': 0, 'f_ema': 1, 'f_rsi': 0, 'f_candle': 0, 'f_rsiR': -1, 'f_macd': -1, 'f_stoch': 0, 'f_vol': -1, 'signal_dir': 0, 'h1_topped_from_m5': 1, 'd1_topped_from_m5': 1}}
C:\Users\Administrator\Desktop\tob\ema-h1trend\mt5\run_multi_scalper.py:179: Pandas4Warning: Timestamp.utcnow is deprecated and will be removed in a future version. Use Timestamp.now('UTC') instead.
  return pd.Timestamp.utcnow().tz_localize(None) + pd.Timedelta(hours=BROKER_WALLCLOCK_OFFSET_HOURS)
[portfolio] cycle_complete: symbols=4 signals=0 placed=0 skipped=0 elapsed_s=0.67 per_symbol=[{'symbol': 'XAUUSD', 'signal': False}, {'symbol': 'GBPUSD', 'signal': False}, {'symbol': 'GBPCAD', 'signal': False}, {'symbol': 'EURCAD', 'signal': False}]
  → sleeping 299s until next M5 close ...
[2026-05-27 09:10:00 BROKER] cycle | {'bars_m5': 599, 'bars_h1': 250, 'bars_d1': 120, 'last_bar_time': '2026-05-27 09:05:00', 'data_age_min': 5.0, 'signal': False, 'risk_per_trade': 0.005, 'weight': 0.25, 'diag': {'n_m5': 599, 'n_h1': 250, 'n_d1': 120, 'bar_time': '2026-05-27 09:05:00', 'open': 4495.26, 'high': 4499.02, 'low': 4493.91, 'close': 4497.9, 'volume': 1166.0, 'trend_dir': -1, 'h1_trend': -1, 'd1_trend': -1, 'h1_rsi': 41.023, 'in_session': False, 'atr_ok': True, 'adx_ok': True, 'ema20': 4501.588077, 'rsi': 44.062, 'atr': 5.442161, 'adx': 24.099, 'bb_up': 4517.734602, 'bb_lo': 4490.394398, 'f_bb': 0, 'f_ema': 0, 'f_rsi': 0, 'f_candle': 0, 'f_rsiR': 0, 'f_macd': -1, 'f_stoch': 1, 'f_vol': 1, 'signal_dir': 0, 'h1_topped_from_m5': 1, 'd1_topped_from_m5': 1}}
C:\Users\Administrator\Desktop\tob\ema-h1trend\mt5\run_multi_scalper.py:179: Pandas4Warning: Timestamp.utcnow is deprecated and will be removed in a future version. Use Timestamp.now('UTC') instead.
  return pd.Timestamp.utcnow().tz_localize(None) + pd.Timedelta(hours=BROKER_WALLCLOCK_OFFSET_HOURS)
[2026-05-27 09:10:00 BROKER] cycle | {'bars_m5': 599, 'bars_h1': 250, 'bars_d1': 120, 'last_bar_time': '2026-05-27 09:05:00', 'data_age_min': 5.0, 'signal': False, 'risk_per_trade': 0.005, 'weight': 0.25, 'diag': {'n_m5': 599, 'n_h1': 250, 'n_d1': 120, 'bar_time': '2026-05-27 09:05:00', 'open': 1.34462, 'high': 1.34493, 'low': 1.3446, 'close': 1.34487, 'volume': 287.0, 'trend_dir': -1, 'h1_trend': -1, 'd1_trend': -1, 'h1_rsi': 41.137, 'in_session': False, 'atr_ok': True, 'adx_ok': True, 'ema20': 1.345216, 'rsi': 39.43, 'atr': 0.000281, 'adx': 22.169, 'bb_up': 1.345827, 'bb_lo': 1.344801, 'f_bb': 1, 'f_ema': 0, 'f_rsi': 1, 'f_candle': 0, 'f_rsiR': 1, 'f_macd': -1, 'f_stoch': 1, 'f_vol': 1, 'signal_dir': 0, 'h1_topped_from_m5': 1, 'd1_topped_from_m5': 1}}
C:\Users\Administrator\Desktop\tob\ema-h1trend\mt5\run_multi_scalper.py:179: Pandas4Warning: Timestamp.utcnow is deprecated and will be removed in a future version. Use Timestamp.now('UTC') instead.
  return pd.Timestamp.utcnow().tz_localize(None) + pd.Timedelta(hours=BROKER_WALLCLOCK_OFFSET_HOURS)
[2026-05-27 09:10:00 BROKER] cycle | {'bars_m5': 599, 'bars_h1': 250, 'bars_d1': 120, 'last_bar_time': '2026-05-27 09:05:00', 'data_age_min': 5.0, 'signal': False, 'risk_per_trade': 0.005, 'weight': 0.25, 'diag': {'n_m5': 599, 'n_h1': 250, 'n_d1': 120, 'bar_time': '2026-05-27 09:05:00', 'open': 1.85752, 'high': 1.85806, 'low': 1.85747, 'close': 1.85799, 'volume': 432.0, 'trend_dir': 0, 'h1_trend': -1, 'd1_trend': 1, 'h1_rsi': 46.677, 'in_session': False, 'atr_ok': True, 'adx_ok': True, 'ema20': 1.857882, 'rsi': 52.18, 'atr': 0.000354, 'adx': 16.661, 'bb_up': 1.858193, 'bb_lo': 1.857587, 'f_bb': 1, 'f_ema': 1, 'f_rsi': 0, 'f_candle': 0, 'f_rsiR': 0, 'f_macd': -1, 'f_stoch': 0, 'f_vol': 0, 'signal_dir': 0, 'h1_topped_from_m5': 1, 'd1_topped_from_m5': 1}}
C:\Users\Administrator\Desktop\tob\ema-h1trend\mt5\run_multi_scalper.py:179: Pandas4Warning: Timestamp.utcnow is deprecated and will be removed in a future version. Use Timestamp.now('UTC') instead.
  return pd.Timestamp.utcnow().tz_localize(None) + pd.Timedelta(hours=BROKER_WALLCLOCK_OFFSET_HOURS)
[2026-05-27 09:10:01 BROKER] cycle | {'bars_m5': 599, 'bars_h1': 250, 'bars_d1': 120, 'last_bar_time': '2026-05-27 09:05:00', 'data_age_min': 5.0, 'signal': False, 'risk_per_trade': 0.005, 'weight': 0.25, 'diag': {'n_m5': 599, 'n_h1': 250, 'n_d1': 120, 'bar_time': '2026-05-27 09:05:00', 'open': 1.60766, 'high': 1.6082100000000001, 'low': 1.60759, 'close': 1.60813, 'volume': 393.0, 'trend_dir': 1, 'h1_trend': 1, 'd1_trend': 1, 'h1_rsi': 65.61, 'in_session': False, 'atr_ok': True, 'adx_ok': True, 'ema20': 1.60768, 'rsi': 64.035, 'atr': 0.000299, 'adx': 32.433, 'bb_up': 1.608015, 'bb_lo': 1.607332, 'f_bb': -1, 'f_ema': 1, 'f_rsi': 0, 'f_candle': 1, 'f_rsiR': -1, 'f_macd': 1, 'f_stoch': 0, 'f_vol': 0, 'signal_dir': 0, 'h1_topped_from_m5': 1, 'd1_topped_from_m5': 1}}
C:\Users\Administrator\Desktop\tob\ema-h1trend\mt5\run_multi_scalper.py:179: Pandas4Warning: Timestamp.utcnow is deprecated and will be removed in a future version. Use Timestamp.now('UTC') instead.
  return pd.Timestamp.utcnow().tz_localize(None) + pd.Timedelta(hours=BROKER_WALLCLOCK_OFFSET_HOURS)
[portfolio] cycle_complete: symbols=4 signals=0 placed=0 skipped=0 elapsed_s=0.63 per_symbol=[{'symbol': 'XAUUSD', 'signal': False}, {'symbol': 'GBPUSD', 'signal': False}, {'symbol': 'GBPCAD', 'signal': False}, {'symbol': 'EURCAD', 'signal': False}]
  → sleeping 299s until next M5 close ...
[2026-05-27 09:15:00 BROKER] cycle | {'bars_m5': 599, 'bars_h1': 250, 'bars_d1': 120, 'last_bar_time': '2026-05-27 09:10:00', 'data_age_min': 5.0, 'signal': False, 'risk_per_trade': 0.005, 'weight': 0.25, 'diag': {'n_m5': 599, 'n_h1': 250, 'n_d1': 120, 'bar_time': '2026-05-27 09:10:00', 'open': 4497.95, 'high': 4498.57, 'low': 4493.82, 'close': 4494.07, 'volume': 1155.0, 'trend_dir': -1, 'h1_trend': -1, 'd1_trend': -1, 'h1_rsi': 39.515, 'in_session': False, 'atr_ok': True, 'adx_ok': True, 'ema20': 4500.872069, 'rsi': 40.112, 'atr': 5.349873, 'adx': 24.378, 'bb_up': 4518.04626, 'bb_lo': 4489.35674, 'f_bb': 0, 'f_ema': 0, 'f_rsi': 0, 'f_candle': -1, 'f_rsiR': 0, 'f_macd': -1, 'f_stoch': 0, 'f_vol': -1, 'signal_dir': 0, 'h1_topped_from_m5': 1, 'd1_topped_from_m5': 1}}
[2026-05-27 09:15:00 BROKER] mt5_connected | {'state': 'healthy', 'periodic': True, 'connected': True, 'trade_allowed': True, 'ping_ms': 18561}
C:\Users\Administrator\Desktop\tob\ema-h1trend\mt5\run_multi_scalper.py:179: Pandas4Warning: Timestamp.utcnow is deprecated and will be removed in a future version. Use Timestamp.now('UTC') instead.
  return pd.Timestamp.utcnow().tz_localize(None) + pd.Timedelta(hours=BROKER_WALLCLOCK_OFFSET_HOURS)
[2026-05-27 09:15:00 BROKER] cycle | {'bars_m5': 599, 'bars_h1': 250, 'bars_d1': 120, 'last_bar_time': '2026-05-27 09:10:00', 'data_age_min': 5.0, 'signal': False, 'risk_per_trade': 0.005, 'weight': 0.25, 'diag': {'n_m5': 599, 'n_h1': 250, 'n_d1': 120, 'bar_time': '2026-05-27 09:10:00', 'open': 1.34487, 'high': 1.34496, 'low': 1.34455, 'close': 1.34462, 'volume': 223.0, 'trend_dir': -1, 'h1_trend': -1, 'd1_trend': -1, 'h1_rsi': 39.371, 'in_session': False, 'atr_ok': True, 'adx_ok': True, 'ema20': 1.34516, 'rsi': 34.599, 'atr': 0.000298, 'adx': 24.001, 'bb_up': 1.345871, 'bb_lo': 1.344678, 'f_bb': 1, 'f_ema': 0, 'f_rsi': 0, 'f_candle': -1, 'f_rsiR': 1, 'f_macd': -1, 'f_stoch': 0, 'f_vol': 0, 'signal_dir': 0, 'h1_topped_from_m5': 1, 'd1_topped_from_m5': 1}}
C:\Users\Administrator\Desktop\tob\ema-h1trend\mt5\run_multi_scalper.py:179: Pandas4Warning: Timestamp.utcnow is deprecated and will be removed in a future version. Use Timestamp.now('UTC') instead.
  return pd.Timestamp.utcnow().tz_localize(None) + pd.Timedelta(hours=BROKER_WALLCLOCK_OFFSET_HOURS)
[2026-05-27 09:15:00 BROKER] cycle | {'bars_m5': 599, 'bars_h1': 250, 'bars_d1': 120, 'last_bar_time': '2026-05-27 09:10:00', 'data_age_min': 5.0, 'signal': False, 'risk_per_trade': 0.005, 'weight': 0.25, 'diag': {'n_m5': 599, 'n_h1': 250, 'n_d1': 120, 'bar_time': '2026-05-27 09:10:00', 'open': 1.858, 'high': 1.85818, 'low': 1.8576899999999998, 'close': 1.8577599999999999, 'volume': 386.0, 'trend_dir': 0, 'h1_trend': -1, 'd1_trend': 1, 'h1_rsi': 44.894, 'in_session': False, 'atr_ok': True, 'adx_ok': True, 'ema20': 1.857871, 'rsi': 47.716, 'atr': 0.000372, 'adx': 15.498, 'bb_up': 1.858179, 'bb_lo': 1.857575, 'f_bb': -1, 'f_ema': -1, 'f_rsi': 0, 'f_candle': 0, 'f_rsiR': 0, 'f_macd': -1, 'f_stoch': 0, 'f_vol': 0, 'signal_dir': 0, 'h1_topped_from_m5': 1, 'd1_topped_from_m5': 1}}
C:\Users\Administrator\Desktop\tob\ema-h1trend\mt5\run_multi_scalper.py:179: Pandas4Warning: Timestamp.utcnow is deprecated and will be removed in a future version. Use Timestamp.now('UTC') instead.
  return pd.Timestamp.utcnow().tz_localize(None) + pd.Timedelta(hours=BROKER_WALLCLOCK_OFFSET_HOURS)
[2026-05-27 09:15:01 BROKER] cycle | {'bars_m5': 599, 'bars_h1': 250, 'bars_d1': 120, 'last_bar_time': '2026-05-27 09:10:00', 'data_age_min': 5.0, 'signal': False, 'risk_per_trade': 0.005, 'weight': 0.25, 'diag': {'n_m5': 599, 'n_h1': 250, 'n_d1': 120, 'bar_time': '2026-05-27 09:10:00', 'open': 1.60812, 'high': 1.6082999999999998, 'low': 1.6079400000000001, 'close': 1.60797, 'volume': 298.0, 'trend_dir': 1, 'h1_trend': 1, 'd1_trend': 1, 'h1_rsi': 64.523, 'in_session': False, 'atr_ok': True, 'adx_ok': True, 'ema20': 1.607707, 'rsi': 58.938, 'atr': 0.000307, 'adx': 33.218, 'bb_up': 1.608056, 'bb_lo': 1.607332, 'f_bb': -1, 'f_ema': 0, 'f_rsi': 0, 'f_candle': 0, 'f_rsiR': -1, 'f_macd': 1, 'f_stoch': 0, 'f_vol': 0, 'signal_dir': 0, 'h1_topped_from_m5': 1, 'd1_topped_from_m5': 1}}
[portfolio] cycle_complete: symbols=4 signals=0 placed=0 skipped=0 elapsed_s=0.64 per_symbol=[{'symbol': 'XAUUSD', 'signal': False}, {'symbol': 'GBPUSD', 'signal': False}, {'symbol': 'GBPCAD', 'signal': False}, {'symbol': 'EURCAD', 'signal': False}]
  → sleeping 299s until next M5 close ...
[2026-05-27 09:20:00 BROKER] heartbeat | {'uptime_s': 1645.2, 'mt5_connected': True, 'mt5_trade_allowed': True, 'tracked_pendings': 0, 'open_positions': 0, 'cooldown_active': False, 'cooldown_remaining_s': 0.0, 'balance': 980.2, 'equity': 980.2}
C:\Users\Administrator\Desktop\tob\ema-h1trend\mt5\run_multi_scalper.py:179: Pandas4Warning: Timestamp.utcnow is deprecated and will be removed in a future version. Use Timestamp.now('UTC') instead.
  return pd.Timestamp.utcnow().tz_localize(None) + pd.Timedelta(hours=BROKER_WALLCLOCK_OFFSET_HOURS)
[2026-05-27 09:20:00 BROKER] cycle | {'bars_m5': 599, 'bars_h1': 250, 'bars_d1': 120, 'last_bar_time': '2026-05-27 09:15:00', 'data_age_min': 5.0, 'signal': False, 'risk_per_trade': 0.005, 'weight': 0.25, 'diag': {'n_m5': 599, 'n_h1': 250, 'n_d1': 120, 'bar_time': '2026-05-27 09:15:00', 'open': 4494.09, 'high': 4495.94, 'low': 4486.49, 'close': 4489.43, 'volume': 1174.0, 'trend_dir': -1, 'h1_trend': -1, 'd1_trend': -1, 'h1_rsi': 37.884, 'in_session': False, 'atr_ok': True, 'adx_ok': True, 'ema20': 4499.782348, 'rsi': 35.912, 'atr': 5.896557, 'adx': 25.788, 'bb_up': 4518.735985, 'bb_lo': 4487.329015, 'f_bb': 1, 'f_ema': 0, 'f_rsi': 0, 'f_candle': 0, 'f_rsiR': 0, 'f_macd': -1, 'f_stoch': 0, 'f_vol': -1, 'signal_dir': 0, 'h1_topped_from_m5': 1, 'd1_topped_from_m5': 1}}
[2026-05-27 09:20:00 BROKER] heartbeat | {'uptime_s': 1645.3, 'mt5_connected': True, 'mt5_trade_allowed': True, 'tracked_pendings': 0, 'open_positions': 0, 'cooldown_active': False, 'cooldown_remaining_s': 0.0, 'balance': 980.2, 'equity': 980.2}
C:\Users\Administrator\Desktop\tob\ema-h1trend\mt5\run_multi_scalper.py:179: Pandas4Warning: Timestamp.utcnow is deprecated and will be removed in a future version. Use Timestamp.now('UTC') instead.
  return pd.Timestamp.utcnow().tz_localize(None) + pd.Timedelta(hours=BROKER_WALLCLOCK_OFFSET_HOURS)
[2026-05-27 09:20:00 BROKER] cycle | {'bars_m5': 599, 'bars_h1': 250, 'bars_d1': 120, 'last_bar_time': '2026-05-27 09:15:00', 'data_age_min': 5.0, 'signal': False, 'risk_per_trade': 0.005, 'weight': 0.25, 'diag': {'n_m5': 599, 'n_h1': 250, 'n_d1': 120, 'bar_time': '2026-05-27 09:15:00', 'open': 1.34462, 'high': 1.34473, 'low': 1.34454, 'close': 1.3446500000000001, 'volume': 268.0, 'trend_dir': -1, 'h1_trend': -1, 'd1_trend': -1, 'h1_rsi': 39.575, 'in_session': False, 'atr_ok': True, 'adx_ok': True, 'ema20': 1.345111, 'rsi': 35.618, 'atr': 0.000284, 'adx': 25.735, 'bb_up': 1.345893, 'bb_lo': 1.344582, 'f_bb': 1, 'f_ema': 0, 'f_rsi': 1, 'f_candle': 0, 'f_rsiR': 1, 'f_macd': -1, 'f_stoch': 0, 'f_vol': 1, 'signal_dir': 0, 'h1_topped_from_m5': 1, 'd1_topped_from_m5': 1}}
[2026-05-27 09:20:00 BROKER] heartbeat | {'uptime_s': 1645.3, 'mt5_connected': True, 'mt5_trade_allowed': True, 'tracked_pendings': 0, 'open_positions': 0, 'cooldown_active': False, 'cooldown_remaining_s': 0.0, 'balance': 980.2, 'equity': 980.2}
C:\Users\Administrator\Desktop\tob\ema-h1trend\mt5\run_multi_scalper.py:179: Pandas4Warning: Timestamp.utcnow is deprecated and will be removed in a future version. Use Timestamp.now('UTC') instead.
  return pd.Timestamp.utcnow().tz_localize(None) + pd.Timedelta(hours=BROKER_WALLCLOCK_OFFSET_HOURS)
[2026-05-27 09:20:01 BROKER] cycle | {'bars_m5': 599, 'bars_h1': 250, 'bars_d1': 120, 'last_bar_time': '2026-05-27 09:15:00', 'data_age_min': 5.0, 'signal': False, 'risk_per_trade': 0.005, 'weight': 0.25, 'diag': {'n_m5': 599, 'n_h1': 250, 'n_d1': 120, 'bar_time': '2026-05-27 09:15:00', 'open': 1.85774, 'high': 1.8579599999999998, 'low': 1.85773, 'close': 1.85775, 'volume': 494.0, 'trend_dir': 0, 'h1_trend': -1, 'd1_trend': 1, 'h1_rsi': 44.828, 'in_session': False, 'atr_ok': True, 'adx_ok': True, 'ema20': 1.857859, 'rsi': 47.526, 'atr': 0.000353, 'adx': 14.418, 'bb_up': 1.85817, 'bb_lo': 1.857562, 'f_bb': 0, 'f_ema': -1, 'f_rsi': 0, 'f_candle': 0, 'f_rsiR': 0, 'f_macd': -1, 'f_stoch': 0, 'f_vol': 0, 'signal_dir': 0, 'h1_topped_from_m5': 1, 'd1_topped_from_m5': 1}}
[2026-05-27 09:20:01 BROKER] heartbeat | {'uptime_s': 1645.4, 'mt5_connected': True, 'mt5_trade_allowed': True, 'tracked_pendings': 0, 'open_positions': 0, 'cooldown_active': False, 'cooldown_remaining_s': 0.0, 'balance': 980.2, 'equity': 980.2}
C:\Users\Administrator\Desktop\tob\ema-h1trend\mt5\run_multi_scalper.py:179: Pandas4Warning: Timestamp.utcnow is deprecated and will be removed in a future version. Use Timestamp.now('UTC') instead.
  return pd.Timestamp.utcnow().tz_localize(None) + pd.Timedelta(hours=BROKER_WALLCLOCK_OFFSET_HOURS)
[2026-05-27 09:20:01 BROKER] cycle | {'bars_m5': 599, 'bars_h1': 250, 'bars_d1': 120, 'last_bar_time': '2026-05-27 09:15:00', 'data_age_min': 5.0, 'signal': False, 'risk_per_trade': 0.005, 'weight': 0.25, 'diag': {'n_m5': 599, 'n_h1': 250, 'n_d1': 120, 'bar_time': '2026-05-27 09:15:00', 'open': 1.60797, 'high': 1.60815, 'low': 1.60795, 'close': 1.60807, 'volume': 447.0, 'trend_dir': 1, 'h1_trend': 1, 'd1_trend': 1, 'h1_rsi': 65.21, 'in_session': False, 'atr_ok': True, 'adx_ok': True, 'ema20': 1.607742, 'rsi': 61.026, 'atr': 0.000293, 'adx': 33.948, 'bb_up': 1.608113, 'bb_lo': 1.607323, 'f_bb': -1, 'f_ema': 0, 'f_rsi': 0, 'f_candle': 0, 'f_rsiR': -1, 'f_macd': 1, 'f_stoch': 0, 'f_vol': 1, 'signal_dir': 0, 'h1_topped_from_m5': 1, 'd1_topped_from_m5': 1}}
C:\Users\Administrator\Desktop\tob\ema-h1trend\mt5\run_multi_scalper.py:179: Pandas4Warning: Timestamp.utcnow is deprecated and will be removed in a future version. Use Timestamp.now('UTC') instead.
  return pd.Timestamp.utcnow().tz_localize(None) + pd.Timedelta(hours=BROKER_WALLCLOCK_OFFSET_HOURS)
[portfolio] cycle_complete: symbols=4 signals=0 placed=0 skipped=0 elapsed_s=0.78 per_symbol=[{'symbol': 'XAUUSD', 'signal': False}, {'symbol': 'GBPUSD', 'signal': False}, {'symbol': 'GBPCAD', 'signal': False}, {'symbol': 'EURCAD', 'signal': False}]
  → sleeping 299s until next M5 close ...
[2026-05-27 09:25:00 BROKER] cycle | {'bars_m5': 599, 'bars_h1': 250, 'bars_d1': 120, 'last_bar_time': '2026-05-27 09:20:00', 'data_age_min': 5.0, 'signal': False, 'risk_per_trade': 0.005, 'weight': 0.25, 'diag': {'n_m5': 599, 'n_h1': 250, 'n_d1': 120, 'bar_time': '2026-05-27 09:20:00', 'open': 4489.38, 'high': 4490.43, 'low': 4483.82, 'close': 4486.82, 'volume': 1324.0, 'trend_dir': -1, 'h1_trend': -1, 'd1_trend': -1, 'h1_rsi': 37.024, 'in_session': False, 'atr_ok': True, 'adx_ok': True, 'ema20': 4498.547839, 'rsi': 33.77, 'atr': 5.991683, 'adx': 27.419, 'bb_up': 4519.00218, 'bb_lo': 4484.89782, 'f_bb': 1, 'f_ema': 0, 'f_rsi': 0, 'f_candle': 0, 'f_rsiR': 0, 'f_macd': -1, 'f_stoch': 1, 'f_vol': -1, 'signal_dir': 0, 'h1_topped_from_m5': 1, 'd1_topped_from_m5': 1}}
[2026-05-27 09:25:00 BROKER] mt5_connected | {'state': 'healthy', 'periodic': True, 'connected': True, 'trade_allowed': True, 'ping_ms': 18561}
C:\Users\Administrator\Desktop\tob\ema-h1trend\mt5\run_multi_scalper.py:179: Pandas4Warning: Timestamp.utcnow is deprecated and will be removed in a future version. Use Timestamp.now('UTC') instead.
  return pd.Timestamp.utcnow().tz_localize(None) + pd.Timedelta(hours=BROKER_WALLCLOCK_OFFSET_HOURS)
[2026-05-27 09:25:00 BROKER] cycle | {'bars_m5': 599, 'bars_h1': 250, 'bars_d1': 120, 'last_bar_time': '2026-05-27 09:20:00', 'data_age_min': 5.0, 'signal': False, 'risk_per_trade': 0.005, 'weight': 0.25, 'diag': {'n_m5': 599, 'n_h1': 250, 'n_d1': 120, 'bar_time': '2026-05-27 09:20:00', 'open': 1.34463, 'high': 1.34475, 'low': 1.34442, 'close': 1.34464, 'volume': 305.0, 'trend_dir': -1, 'h1_trend': -1, 'd1_trend': -1, 'h1_rsi': 39.507, 'in_session': False, 'atr_ok': True, 'adx_ok': True, 'ema20': 1.345066, 'rsi': 35.42, 'atr': 0.00029, 'adx': 27.709, 'bb_up': 1.345889, 'bb_lo': 1.3445, 'f_bb': 1, 'f_ema': 0, 'f_rsi': 0, 'f_candle': 1, 'f_rsiR': 1, 'f_macd': -1, 'f_stoch': 1, 'f_vol': 1, 'signal_dir': 0, 'h1_topped_from_m5': 1, 'd1_topped_from_m5': 1}}
C:\Users\Administrator\Desktop\tob\ema-h1trend\mt5\run_multi_scalper.py:179: Pandas4Warning: Timestamp.utcnow is deprecated and will be removed in a future version. Use Timestamp.now('UTC') instead.
  return pd.Timestamp.utcnow().tz_localize(None) + pd.Timedelta(hours=BROKER_WALLCLOCK_OFFSET_HOURS)
[2026-05-27 09:25:01 BROKER] cycle | {'bars_m5': 599, 'bars_h1': 250, 'bars_d1': 120, 'last_bar_time': '2026-05-27 09:20:00', 'data_age_min': 5.0, 'signal': False, 'risk_per_trade': 0.005, 'weight': 0.25, 'diag': {'n_m5': 599, 'n_h1': 250, 'n_d1': 120, 'bar_time': '2026-05-27 09:20:00', 'open': 1.85774, 'high': 1.85784, 'low': 1.85747, 'close': 1.8576000000000001, 'volume': 540.0, 'trend_dir': 0, 'h1_trend': -1, 'd1_trend': 1, 'h1_rsi': 43.873, 'in_session': False, 'atr_ok': True, 'adx_ok': True, 'ema20': 1.857834, 'rsi': 44.648, 'atr': 0.000355, 'adx': 14.403, 'bb_up': 1.858154, 'bb_lo': 1.857532, 'f_bb': 1, 'f_ema': -1, 'f_rsi': 0, 'f_candle': 0, 'f_rsiR': 0, 'f_macd': -1, 'f_stoch': 0, 'f_vol': -1, 'signal_dir': 0, 'h1_topped_from_m5': 1, 'd1_topped_from_m5': 1}}
C:\Users\Administrator\Desktop\tob\ema-h1trend\mt5\run_multi_scalper.py:179: Pandas4Warning: Timestamp.utcnow is deprecated and will be removed in a future version. Use Timestamp.now('UTC') instead.
  return pd.Timestamp.utcnow().tz_localize(None) + pd.Timedelta(hours=BROKER_WALLCLOCK_OFFSET_HOURS)
[2026-05-27 09:25:01 BROKER] cycle | {'bars_m5': 599, 'bars_h1': 250, 'bars_d1': 120, 'last_bar_time': '2026-05-27 09:20:00', 'data_age_min': 5.0, 'signal': False, 'risk_per_trade': 0.005, 'weight': 0.25, 'diag': {'n_m5': 599, 'n_h1': 250, 'n_d1': 120, 'bar_time': '2026-05-27 09:20:00', 'open': 1.6080999999999999, 'high': 1.60812, 'low': 1.60792, 'close': 1.608, 'volume': 547.0, 'trend_dir': 1, 'h1_trend': 1, 'd1_trend': 1, 'h1_rsi': 64.732, 'in_session': False, 'atr_ok': True, 'adx_ok': True, 'ema20': 1.607767, 'rsi': 58.773, 'atr': 0.000281, 'adx': 34.383, 'bb_up': 1.608148, 'bb_lo': 1.607328, 'f_bb': 0, 'f_ema': 0, 'f_rsi': 0, 'f_candle': 0, 'f_rsiR': -1, 'f_macd': 1, 'f_stoch': 0, 'f_vol': -1, 'signal_dir': 0, 'h1_topped_from_m5': 1, 'd1_topped_from_m5': 1}}
C:\Users\Administrator\Desktop\tob\ema-h1trend\mt5\run_multi_scalper.py:179: Pandas4Warning: Timestamp.utcnow is deprecated and will be removed in a future version. Use Timestamp.now('UTC') instead.
  return pd.Timestamp.utcnow().tz_localize(None) + pd.Timedelta(hours=BROKER_WALLCLOCK_OFFSET_HOURS)
[portfolio] cycle_complete: symbols=4 signals=0 placed=0 skipped=0 elapsed_s=0.71 per_symbol=[{'symbol': 'XAUUSD', 'signal': False}, {'symbol': 'GBPUSD', 'signal': False}, {'symbol': 'GBPCAD', 'signal': False}, {'symbol': 'EURCAD', 'signal': False}]
  → sleeping 299s until next M5 close ...
[2026-05-27 09:30:00 BROKER] cycle | {'bars_m5': 599, 'bars_h1': 250, 'bars_d1': 120, 'last_bar_time': '2026-05-27 09:25:00', 'data_age_min': 5.0, 'signal': False, 'risk_per_trade': 0.005, 'weight': 0.25, 'diag': {'n_m5': 599, 'n_h1': 250, 'n_d1': 120, 'bar_time': '2026-05-27 09:25:00', 'open': 4486.75, 'high': 4489.13, 'low': 4483.91, 'close': 4486.37, 'volume': 1210.0, 'trend_dir': -1, 'h1_trend': -1, 'd1_trend': -1, 'h1_rsi': 36.88, 'in_session': False, 'atr_ok': True, 'adx_ok': True, 'ema20': 4497.388045, 'rsi': 33.4, 'atr': 5.888792, 'adx': 28.934, 'bb_up': 4517.381819, 'bb_lo': 4483.495181, 'f_bb': 0, 'f_ema': 0, 'f_rsi': 0, 'f_candle': 0, 'f_rsiR': 0, 'f_macd': -1, 'f_stoch': 0, 'f_vol': -1, 'signal_dir': 0, 'h1_topped_from_m5': 1, 'd1_topped_from_m5': 1}}
C:\Users\Administrator\Desktop\tob\ema-h1trend\mt5\run_multi_scalper.py:179: Pandas4Warning: Timestamp.utcnow is deprecated and will be removed in a future version. Use Timestamp.now('UTC') instead.
  return pd.Timestamp.utcnow().tz_localize(None) + pd.Timedelta(hours=BROKER_WALLCLOCK_OFFSET_HOURS)
[2026-05-27 09:30:00 BROKER] cycle | {'bars_m5': 599, 'bars_h1': 250, 'bars_d1': 120, 'last_bar_time': '2026-05-27 09:25:00', 'data_age_min': 5.0, 'signal': False, 'risk_per_trade': 0.005, 'weight': 0.25, 'diag': {'n_m5': 599, 'n_h1': 250, 'n_d1': 120, 'bar_time': '2026-05-27 09:25:00', 'open': 1.3446500000000001, 'high': 1.3446799999999999, 'low': 1.34443, 'close': 1.34462, 'volume': 277.0, 'trend_dir': -1, 'h1_trend': -1, 'd1_trend': -1, 'h1_rsi': 39.371, 'in_session': False, 'atr_ok': True, 'adx_ok': True, 'ema20': 1.345024, 'rsi': 35.0, 'atr': 0.000285, 'adx': 29.542, 'bb_up': 1.34588, 'bb_lo': 1.344425, 'f_bb': 0, 'f_ema': 0, 'f_rsi': 0, 'f_candle': -1, 'f_rsiR': 1, 'f_macd': -1, 'f_stoch': 0, 'f_vol': -1, 'signal_dir': 0, 'h1_topped_from_m5': 1, 'd1_topped_from_m5': 1}}
C:\Users\Administrator\Desktop\tob\ema-h1trend\mt5\run_multi_scalper.py:179: Pandas4Warning: Timestamp.utcnow is deprecated and will be removed in a future version. Use Timestamp.now('UTC') instead.
  return pd.Timestamp.utcnow().tz_localize(None) + pd.Timedelta(hours=BROKER_WALLCLOCK_OFFSET_HOURS)
[2026-05-27 09:30:01 BROKER] cycle | {'bars_m5': 599, 'bars_h1': 250, 'bars_d1': 120, 'last_bar_time': '2026-05-27 09:25:00', 'data_age_min': 5.0, 'signal': False, 'risk_per_trade': 0.005, 'weight': 0.25, 'diag': {'n_m5': 599, 'n_h1': 250, 'n_d1': 120, 'bar_time': '2026-05-27 09:25:00', 'open': 1.85761, 'high': 1.85763, 'low': 1.85718, 'close': 1.8575, 'volume': 530.0, 'trend_dir': 0, 'h1_trend': -1, 'd1_trend': 1, 'h1_rsi': 43.258, 'in_session': False, 'atr_ok': True, 'adx_ok': True, 'ema20': 1.857803, 'rsi': 42.788, 'atr': 0.000368, 'adx': 15.3, 'bb_up': 1.858173, 'bb_lo': 1.857478, 'f_bb': 1, 'f_ema': 0, 'f_rsi': 0, 'f_candle': 0, 'f_rsiR': 0, 'f_macd': -1, 'f_stoch': 0, 'f_vol': 0, 'signal_dir': 0, 'h1_topped_from_m5': 1, 'd1_topped_from_m5': 1}}
C:\Users\Administrator\Desktop\tob\ema-h1trend\mt5\run_multi_scalper.py:179: Pandas4Warning: Timestamp.utcnow is deprecated and will be removed in a future version. Use Timestamp.now('UTC') instead.
  return pd.Timestamp.utcnow().tz_localize(None) + pd.Timedelta(hours=BROKER_WALLCLOCK_OFFSET_HOURS)
[2026-05-27 09:30:01 BROKER] cycle | {'bars_m5': 599, 'bars_h1': 250, 'bars_d1': 120, 'last_bar_time': '2026-05-27 09:25:00', 'data_age_min': 5.0, 'signal': False, 'risk_per_trade': 0.005, 'weight': 0.25, 'diag': {'n_m5': 599, 'n_h1': 250, 'n_d1': 120, 'bar_time': '2026-05-27 09:25:00', 'open': 1.608, 'high': 1.608, 'low': 1.60773, 'close': 1.60791, 'volume': 454.0, 'trend_dir': 1, 'h1_trend': 1, 'd1_trend': 1, 'h1_rsi': 64.098, 'in_session': False, 'atr_ok': True, 'adx_ok': True, 'ema20': 1.60778, 'rsi': 55.915, 'atr': 0.000279, 'adx': 33.398, 'bb_up': 1.608163, 'bb_lo': 1.607348, 'f_bb': 0, 'f_ema': 1, 'f_rsi': 0, 'f_candle': 0, 'f_rsiR': -1, 'f_macd': 1, 'f_stoch': 0, 'f_vol': -1, 'signal_dir': 0, 'h1_topped_from_m5': 1, 'd1_topped_from_m5': 1}}
[portfolio] cycle_complete: symbols=4 signals=0 placed=0 skipped=0 elapsed_s=0.69 per_symbol=[{'symbol': 'XAUUSD', 'signal': False}, {'symbol': 'GBPUSD', 'signal': False}, {'symbol': 'GBPCAD', 'signal': False}, {'symbol': 'EURCAD', 'signal': False}]
  → sleeping 299s until next M5 close ...
[2026-05-27 09:35:00 BROKER] heartbeat | {'uptime_s': 2545.2, 'mt5_connected': True, 'mt5_trade_allowed': True, 'tracked_pendings': 0, 'open_positions': 0, 'cooldown_active': False, 'cooldown_remaining_s': 0.0, 'balance': 980.2, 'equity': 980.2}
C:\Users\Administrator\Desktop\tob\ema-h1trend\mt5\run_multi_scalper.py:179: Pandas4Warning: Timestamp.utcnow is deprecated and will be removed in a future version. Use Timestamp.now('UTC') instead.
  return pd.Timestamp.utcnow().tz_localize(None) + pd.Timedelta(hours=BROKER_WALLCLOCK_OFFSET_HOURS)
[2026-05-27 09:35:00 BROKER] cycle | {'bars_m5': 599, 'bars_h1': 250, 'bars_d1': 120, 'last_bar_time': '2026-05-27 09:30:00', 'data_age_min': 5.0, 'signal': False, 'risk_per_trade': 0.005, 'weight': 0.25, 'diag': {'n_m5': 599, 'n_h1': 250, 'n_d1': 120, 'bar_time': '2026-05-27 09:30:00', 'open': 4486.3, 'high': 4486.5, 'low': 4479.9, 'close': 4483.59, 'volume': 1367.0, 'trend_dir': -1, 'h1_trend': -1, 'd1_trend': -1, 'h1_rsi': 36.013, 'in_session': False, 'atr_ok': True, 'adx_ok': True, 'ema20': 4496.073945, 'rsi': 31.131, 'atr': 5.983619, 'adx': 30.792, 'bb_up': 4516.580902, 'bb_lo': 4481.431098, 'f_bb': 1, 'f_ema': 0, 'f_rsi': 0, 'f_candle': 0, 'f_rsiR': 0, 'f_macd': -1, 'f_stoch': 1, 'f_vol': -1, 'signal_dir': 0, 'h1_topped_from_m5': 1, 'd1_topped_from_m5': 1}}
[2026-05-27 09:35:00 BROKER] heartbeat | {'uptime_s': 2545.2, 'mt5_connected': True, 'mt5_trade_allowed': True, 'tracked_pendings': 0, 'open_positions': 0, 'cooldown_active': False, 'cooldown_remaining_s': 0.0, 'balance': 980.2, 'equity': 980.2}
[2026-05-27 09:35:00 BROKER] mt5_connected | {'state': 'healthy', 'periodic': True, 'connected': True, 'trade_allowed': True, 'ping_ms': 18561}
C:\Users\Administrator\Desktop\tob\ema-h1trend\mt5\run_multi_scalper.py:179: Pandas4Warning: Timestamp.utcnow is deprecated and will be removed in a future version. Use Timestamp.now('UTC') instead.
  return pd.Timestamp.utcnow().tz_localize(None) + pd.Timedelta(hours=BROKER_WALLCLOCK_OFFSET_HOURS)
[2026-05-27 09:35:00 BROKER] cycle | {'bars_m5': 599, 'bars_h1': 250, 'bars_d1': 120, 'last_bar_time': '2026-05-27 09:30:00', 'data_age_min': 5.0, 'signal': False, 'risk_per_trade': 0.005, 'weight': 0.25, 'diag': {'n_m5': 599, 'n_h1': 250, 'n_d1': 120, 'bar_time': '2026-05-27 09:30:00', 'open': 1.34462, 'high': 1.34467, 'low': 1.3443800000000001, 'close': 1.34462, 'volume': 388.0, 'trend_dir': -1, 'h1_trend': -1, 'd1_trend': -1, 'h1_rsi': 39.371, 'in_session': False, 'atr_ok': True, 'adx_ok': True, 'ema20': 1.344985, 'rsi': 35.0, 'atr': 0.000285, 'adx': 31.396, 'bb_up': 1.345869, 'bb_lo': 1.344358, 'f_bb': 0, 'f_ema': 0, 'f_rsi': 0, 'f_candle': 0, 'f_rsiR': 1, 'f_macd': -1, 'f_stoch': 0, 'f_vol': 0, 'signal_dir': 0, 'h1_topped_from_m5': 1, 'd1_topped_from_m5': 1}}
[2026-05-27 09:35:00 BROKER] heartbeat | {'uptime_s': 2545.3, 'mt5_connected': True, 'mt5_trade_allowed': True, 'tracked_pendings': 0, 'open_positions': 0, 'cooldown_active': False, 'cooldown_remaining_s': 0.0, 'balance': 980.2, 'equity': 980.2}
C:\Users\Administrator\Desktop\tob\ema-h1trend\mt5\run_multi_scalper.py:179: Pandas4Warning: Timestamp.utcnow is deprecated and will be removed in a future version. Use Timestamp.now('UTC') instead.
  return pd.Timestamp.utcnow().tz_localize(None) + pd.Timedelta(hours=BROKER_WALLCLOCK_OFFSET_HOURS)
[2026-05-27 09:35:01 BROKER] cycle | {'bars_m5': 599, 'bars_h1': 250, 'bars_d1': 120, 'last_bar_time': '2026-05-27 09:30:00', 'data_age_min': 5.0, 'signal': False, 'risk_per_trade': 0.005, 'weight': 0.25, 'diag': {'n_m5': 599, 'n_h1': 250, 'n_d1': 120, 'bar_time': '2026-05-27 09:30:00', 'open': 1.8574899999999999, 'high': 1.85758, 'low': 1.85721, 'close': 1.8573499999999998, 'volume': 632.0, 'trend_dir': 0, 'h1_trend': -1, 'd1_trend': 1, 'h1_rsi': 42.367, 'in_session': False, 'atr_ok': True, 'adx_ok': True, 'ema20': 1.857759, 'rsi': 40.09, 'atr': 0.000368, 'adx': 16.133, 'bb_up': 1.858211, 'bb_lo': 1.857397, 'f_bb': 1, 'f_ema': 0, 'f_rsi': 0, 'f_candle': 0, 'f_rsiR': 0, 'f_macd': -1, 'f_stoch': 0, 'f_vol': -1, 'signal_dir': 0, 'h1_topped_from_m5': 1, 'd1_topped_from_m5': 1}}
[2026-05-27 09:35:01 BROKER] heartbeat | {'uptime_s': 2545.3, 'mt5_connected': True, 'mt5_trade_allowed': True, 'tracked_pendings': 0, 'open_positions': 0, 'cooldown_active': False, 'cooldown_remaining_s': 0.0, 'balance': 980.2, 'equity': 980.2}
C:\Users\Administrator\Desktop\tob\ema-h1trend\mt5\run_multi_scalper.py:179: Pandas4Warning: Timestamp.utcnow is deprecated and will be removed in a future version. Use Timestamp.now('UTC') instead.
  return pd.Timestamp.utcnow().tz_localize(None) + pd.Timedelta(hours=BROKER_WALLCLOCK_OFFSET_HOURS)
[2026-05-27 09:35:01 BROKER] cycle | {'bars_m5': 599, 'bars_h1': 250, 'bars_d1': 120, 'last_bar_time': '2026-05-27 09:30:00', 'data_age_min': 5.0, 'signal': False, 'risk_per_trade': 0.005, 'weight': 0.25, 'diag': {'n_m5': 599, 'n_h1': 250, 'n_d1': 120, 'bar_time': '2026-05-27 09:30:00', 'open': 1.60791, 'high': 1.6080100000000002, 'low': 1.60775, 'close': 1.6079599999999998, 'volume': 530.0, 'trend_dir': 1, 'h1_trend': 1, 'd1_trend': 1, 'h1_rsi': 64.453, 'in_session': False, 'atr_ok': True, 'adx_ok': True, 'ema20': 1.607797, 'rsi': 57.161, 'atr': 0.000277, 'adx': 32.527, 'bb_up': 1.608173, 'bb_lo': 1.607388, 'f_bb': 0, 'f_ema': 1, 'f_rsi': 0, 'f_candle': 1, 'f_rsiR': -1, 'f_macd': 1, 'f_stoch': 0, 'f_vol': 1, 'signal_dir': 0, 'h1_topped_from_m5': 1, 'd1_topped_from_m5': 1}}
C:\Users\Administrator\Desktop\tob\ema-h1trend\mt5\run_multi_scalper.py:179: Pandas4Warning: Timestamp.utcnow is deprecated and will be removed in a future version. Use Timestamp.now('UTC') instead.
  return pd.Timestamp.utcnow().tz_localize(None) + pd.Timedelta(hours=BROKER_WALLCLOCK_OFFSET_HOURS)
[portfolio] cycle_complete: symbols=4 signals=0 placed=0 skipped=0 elapsed_s=0.69 per_symbol=[{'symbol': 'XAUUSD', 'signal': False}, {'symbol': 'GBPUSD', 'signal': False}, {'symbol': 'GBPCAD', 'signal': False}, {'symbol': 'EURCAD', 'signal': False}]
  → sleeping 299s until next M5 close ...
[2026-05-27 09:40:00 BROKER] cycle | {'bars_m5': 599, 'bars_h1': 250, 'bars_d1': 120, 'last_bar_time': '2026-05-27 09:35:00', 'data_age_min': 5.0, 'signal': False, 'risk_per_trade': 0.005, 'weight': 0.25, 'diag': {'n_m5': 599, 'n_h1': 250, 'n_d1': 120, 'bar_time': '2026-05-27 09:35:00', 'open': 4483.6, 'high': 4485.64, 'low': 4480.82, 'close': 4483.4, 'volume': 1121.0, 'trend_dir': -1, 'h1_trend': -1, 'd1_trend': -1, 'h1_rsi': 35.955, 'in_session': False, 'atr_ok': True, 'adx_ok': True, 'ema20': 4494.866903, 'rsi': 30.977, 'atr': 5.82847, 'adx': 32.518, 'bb_up': 4515.737066, 'bb_lo': 4479.599934, 'f_bb': 0, 'f_ema': 0, 'f_rsi': 0, 'f_candle': 0, 'f_rsiR': 0, 'f_macd': -1, 'f_stoch': 0, 'f_vol': -1, 'signal_dir': 0, 'h1_topped_from_m5': 1, 'd1_topped_from_m5': 1}}
C:\Users\Administrator\Desktop\tob\ema-h1trend\mt5\run_multi_scalper.py:179: Pandas4Warning: Timestamp.utcnow is deprecated and will be removed in a future version. Use Timestamp.now('UTC') instead.
  return pd.Timestamp.utcnow().tz_localize(None) + pd.Timedelta(hours=BROKER_WALLCLOCK_OFFSET_HOURS)
[2026-05-27 09:40:00 BROKER] cycle | {'bars_m5': 599, 'bars_h1': 250, 'bars_d1': 120, 'last_bar_time': '2026-05-27 09:35:00', 'data_age_min': 5.0, 'signal': False, 'risk_per_trade': 0.005, 'weight': 0.25, 'diag': {'n_m5': 599, 'n_h1': 250, 'n_d1': 120, 'bar_time': '2026-05-27 09:35:00', 'open': 1.34462, 'high': 1.3449200000000001, 'low': 1.34456, 'close': 1.34488, 'volume': 286.0, 'trend_dir': -1, 'h1_trend': -1, 'd1_trend': -1, 'h1_rsi': 41.211, 'in_session': False, 'atr_ok': True, 'adx_ok': True, 'ema20': 1.344975, 'rsi': 44.849, 'atr': 0.000295, 'adx': 30.931, 'bb_up': 1.345841, 'bb_lo': 1.344337, 'f_bb': 0, 'f_ema': -1, 'f_rsi': 0, 'f_candle': 0, 'f_rsiR': 1, 'f_macd': -1, 'f_stoch': 0, 'f_vol': 1, 'signal_dir': 0, 'h1_topped_from_m5': 1, 'd1_topped_from_m5': 1}}
C:\Users\Administrator\Desktop\tob\ema-h1trend\mt5\run_multi_scalper.py:179: Pandas4Warning: Timestamp.utcnow is deprecated and will be removed in a future version. Use Timestamp.now('UTC') instead.
  return pd.Timestamp.utcnow().tz_localize(None) + pd.Timedelta(hours=BROKER_WALLCLOCK_OFFSET_HOURS)
[2026-05-27 09:40:01 BROKER] cycle | {'bars_m5': 599, 'bars_h1': 250, 'bars_d1': 120, 'last_bar_time': '2026-05-27 09:35:00', 'data_age_min': 5.0, 'signal': False, 'risk_per_trade': 0.005, 'weight': 0.25, 'diag': {'n_m5': 599, 'n_h1': 250, 'n_d1': 120, 'bar_time': '2026-05-27 09:35:00', 'open': 1.8573499999999998, 'high': 1.85802, 'low': 1.85734, 'close': 1.85799, 'volume': 546.0, 'trend_dir': 0, 'h1_trend': -1, 'd1_trend': 1, 'h1_rsi': 46.677, 'in_session': False, 'atr_ok': True, 'adx_ok': True, 'ema20': 1.857781, 'rsi': 53.548, 'atr': 0.00041, 'adx': 15.027, 'bb_up': 1.858231, 'bb_lo': 1.857404, 'f_bb': 1, 'f_ema': 1, 'f_rsi': 0, 'f_candle': 1, 'f_rsiR': 0, 'f_macd': -1, 'f_stoch': 0, 'f_vol': 1, 'signal_dir': 0, 'h1_topped_from_m5': 1, 'd1_topped_from_m5': 1}}
C:\Users\Administrator\Desktop\tob\ema-h1trend\mt5\run_multi_scalper.py:179: Pandas4Warning: Timestamp.utcnow is deprecated and will be removed in a future version. Use Timestamp.now('UTC') instead.
  return pd.Timestamp.utcnow().tz_localize(None) + pd.Timedelta(hours=BROKER_WALLCLOCK_OFFSET_HOURS)
[2026-05-27 09:40:01 BROKER] cycle | {'bars_m5': 599, 'bars_h1': 250, 'bars_d1': 120, 'last_bar_time': '2026-05-27 09:35:00', 'data_age_min': 5.0, 'signal': False, 'risk_per_trade': 0.005, 'weight': 0.25, 'diag': {'n_m5': 599, 'n_h1': 250, 'n_d1': 120, 'bar_time': '2026-05-27 09:35:00', 'open': 1.60795, 'high': 1.6085500000000001, 'low': 1.6079400000000001, 'close': 1.60853, 'volume': 424.0, 'trend_dir': 1, 'h1_trend': 1, 'd1_trend': 1, 'h1_rsi': 68.055, 'in_session': False, 'atr_ok': True, 'adx_ok': True, 'ema20': 1.607867, 'rsi': 68.199, 'atr': 0.000321, 'adx': 33.477, 'bb_up': 1.608316, 'bb_lo': 1.607357, 'f_bb': -1, 'f_ema': 1, 'f_rsi': 0, 'f_candle': 0, 'f_rsiR': -1, 'f_macd': 1, 'f_stoch': 0, 'f_vol': 0, 'signal_dir': 0, 'h1_topped_from_m5': 1, 'd1_topped_from_m5': 1}}
C:\Users\Administrator\Desktop\tob\ema-h1trend\mt5\run_multi_scalper.py:179: Pandas4Warning: Timestamp.utcnow is deprecated and will be removed in a future version. Use Timestamp.now('UTC') instead.
  return pd.Timestamp.utcnow().tz_localize(None) + pd.Timedelta(hours=BROKER_WALLCLOCK_OFFSET_HOURS)
[portfolio] cycle_complete: symbols=4 signals=0 placed=0 skipped=0 elapsed_s=0.73 per_symbol=[{'symbol': 'XAUUSD', 'signal': False}, {'symbol': 'GBPUSD', 'signal': False}, {'symbol': 'GBPCAD', 'signal': False}, {'symbol': 'EURCAD', 'signal': False}]
  → sleeping 299s until next M5 close ...
[2026-05-27 09:45:00 BROKER] cycle | {'bars_m5': 599, 'bars_h1': 250, 'bars_d1': 120, 'last_bar_time': '2026-05-27 09:40:00', 'data_age_min': 5.0, 'signal': False, 'risk_per_trade': 0.005, 'weight': 0.25, 'diag': {'n_m5': 599, 'n_h1': 250, 'n_d1': 120, 'bar_time': '2026-05-27 09:40:00', 'open': 4483.34, 'high': 4487.75, 'low': 4482.42, 'close': 4487.61, 'volume': 1065.0, 'trend_dir': -1, 'h1_trend': -1, 'd1_trend': -1, 'h1_rsi': 37.28, 'in_session': False, 'atr_ok': True, 'adx_ok': True, 'ema20': 4494.175769, 'rsi': 38.301, 'atr': 5.762007, 'adx': 33.346, 'bb_up': 4513.295633, 'bb_lo': 4479.434367, 'f_bb': 0, 'f_ema': 0, 'f_rsi': 1, 'f_candle': 1, 'f_rsiR': 1, 'f_macd': -1, 'f_stoch': 0, 'f_vol': 1, 'signal_dir': 0, 'h1_topped_from_m5': 1, 'd1_topped_from_m5': 1}}
C:\Users\Administrator\Desktop\tob\ema-h1trend\mt5\run_multi_scalper.py:179: Pandas4Warning: Timestamp.utcnow is deprecated and will be removed in a future version. Use Timestamp.now('UTC') instead.
  return pd.Timestamp.utcnow().tz_localize(None) + pd.Timedelta(hours=BROKER_WALLCLOCK_OFFSET_HOURS)
[2026-05-27 09:45:00 BROKER] cycle | {'bars_m5': 599, 'bars_h1': 250, 'bars_d1': 120, 'last_bar_time': '2026-05-27 09:40:00', 'data_age_min': 5.0, 'signal': False, 'risk_per_trade': 0.005, 'weight': 0.25, 'diag': {'n_m5': 599, 'n_h1': 250, 'n_d1': 120, 'bar_time': '2026-05-27 09:40:00', 'open': 1.34488, 'high': 1.34541, 'low': 1.34478, 'close': 1.34539, 'volume': 269.0, 'trend_dir': -1, 'h1_trend': -1, 'd1_trend': -1, 'h1_rsi': 46.108, 'in_session': False, 'atr_ok': True, 'adx_ok': True, 'ema20': 1.345015, 'rsi': 58.22, 'atr': 0.00034, 'adx': 29.562, 'bb_up': 1.345806, 'bb_lo': 1.344351, 'f_bb': 0, 'f_ema': 1, 'f_rsi': 0, 'f_candle': 0, 'f_rsiR': 1, 'f_macd': 1, 'f_stoch': 0, 'f_vol': 0, 'signal_dir': 0, 'h1_topped_from_m5': 1, 'd1_topped_from_m5': 1}}
[2026-05-27 09:45:00 BROKER] mt5_connected | {'state': 'healthy', 'periodic': True, 'connected': True, 'trade_allowed': True, 'ping_ms': 18561}
C:\Users\Administrator\Desktop\tob\ema-h1trend\mt5\run_multi_scalper.py:179: Pandas4Warning: Timestamp.utcnow is deprecated and will be removed in a future version. Use Timestamp.now('UTC') instead.
  return pd.Timestamp.utcnow().tz_localize(None) + pd.Timedelta(hours=BROKER_WALLCLOCK_OFFSET_HOURS)
[2026-05-27 09:45:01 BROKER] cycle | {'bars_m5': 599, 'bars_h1': 250, 'bars_d1': 120, 'last_bar_time': '2026-05-27 09:40:00', 'data_age_min': 5.0, 'signal': False, 'risk_per_trade': 0.005, 'weight': 0.25, 'diag': {'n_m5': 599, 'n_h1': 250, 'n_d1': 120, 'bar_time': '2026-05-27 09:40:00', 'open': 1.8580100000000002, 'high': 1.8585500000000001, 'low': 1.85793, 'close': 1.85853, 'volume': 567.0, 'trend_dir': 1, 'h1_trend': 1, 'd1_trend': 1, 'h1_rsi': 50.443, 'in_session': False, 'atr_ok': True, 'adx_ok': True, 'ema20': 1.857853, 'rsi': 61.422, 'atr': 0.000438, 'adx': 15.431, 'bb_up': 1.858363, 'bb_lo': 1.857327, 'f_bb': -1, 'f_ema': 1, 'f_rsi': 0, 'f_candle': 0, 'f_rsiR': 0, 'f_macd': 1, 'f_stoch': 0, 'f_vol': 1, 'signal_dir': 0, 'h1_topped_from_m5': 1, 'd1_topped_from_m5': 1}}
C:\Users\Administrator\Desktop\tob\ema-h1trend\mt5\run_multi_scalper.py:179: Pandas4Warning: Timestamp.utcnow is deprecated and will be removed in a future version. Use Timestamp.now('UTC') instead.
  return pd.Timestamp.utcnow().tz_localize(None) + pd.Timedelta(hours=BROKER_WALLCLOCK_OFFSET_HOURS)
[2026-05-27 09:45:01 BROKER] cycle | {'bars_m5': 599, 'bars_h1': 250, 'bars_d1': 120, 'last_bar_time': '2026-05-27 09:40:00', 'data_age_min': 5.0, 'signal': False, 'risk_per_trade': 0.005, 'weight': 0.25, 'diag': {'n_m5': 599, 'n_h1': 250, 'n_d1': 120, 'bar_time': '2026-05-27 09:40:00', 'open': 1.60854, 'high': 1.60883, 'low': 1.60842, 'close': 1.60881, 'volume': 434.0, 'trend_dir': 1, 'h1_trend': 1, 'd1_trend': 1, 'h1_rsi': 69.57, 'in_session': False, 'atr_ok': True, 'adx_ok': True, 'ema20': 1.607957, 'rsi': 72.014, 'atr': 0.000333, 'adx': 34.933, 'bb_up': 1.608533, 'bb_lo': 1.607258, 'f_bb': -1, 'f_ema': 0, 'f_rsi': 0, 'f_candle': 0, 'f_rsiR': -1, 'f_macd': 1, 'f_stoch': 0, 'f_vol': 0, 'signal_dir': 0, 'h1_topped_from_m5': 1, 'd1_topped_from_m5': 1}}
[portfolio] cycle_complete: symbols=4 signals=0 placed=0 skipped=0 elapsed_s=0.66 per_symbol=[{'symbol': 'XAUUSD', 'signal': False}, {'symbol': 'GBPUSD', 'signal': False}, {'symbol': 'GBPCAD', 'signal': False}, {'symbol': 'EURCAD', 'signal': False}]
  → sleeping 299s until next M5 close ...
[2026-05-27 09:50:00 BROKER] heartbeat | {'uptime_s': 3445.2, 'mt5_connected': True, 'mt5_trade_allowed': True, 'tracked_pendings': 0, 'open_positions': 0, 'cooldown_active': False, 'cooldown_remaining_s': 0.0, 'balance': 980.2, 'equity': 980.2}
C:\Users\Administrator\Desktop\tob\ema-h1trend\mt5\run_multi_scalper.py:179: Pandas4Warning: Timestamp.utcnow is deprecated and will be removed in a future version. Use Timestamp.now('UTC') instead.
  return pd.Timestamp.utcnow().tz_localize(None) + pd.Timedelta(hours=BROKER_WALLCLOCK_OFFSET_HOURS)
[2026-05-27 09:50:00 BROKER] cycle | {'bars_m5': 599, 'bars_h1': 250, 'bars_d1': 120, 'last_bar_time': '2026-05-27 09:45:00', 'data_age_min': 5.0, 'signal': False, 'risk_per_trade': 0.005, 'weight': 0.25, 'diag': {'n_m5': 599, 'n_h1': 250, 'n_d1': 120, 'bar_time': '2026-05-27 09:45:00', 'open': 4487.62, 'high': 4490.21, 'low': 4486.88, 'close': 4488.29, 'volume': 1057.0, 'trend_dir': -1, 'h1_trend': -1, 'd1_trend': -1, 'h1_rsi': 37.503, 'in_session': False, 'atr_ok': True, 'adx_ok': True, 'ema20': 4493.61522, 'rsi': 39.419, 'atr': 5.43774, 'adx': 33.285, 'bb_up': 4511.010174, 'bb_lo': 4479.438826, 'f_bb': 0, 'f_ema': 0, 'f_rsi': 0, 'f_candle': 0, 'f_rsiR': 1, 'f_macd': -1, 'f_stoch': 0, 'f_vol': 1, 'signal_dir': 0, 'h1_topped_from_m5': 1, 'd1_topped_from_m5': 1}}
[2026-05-27 09:50:00 BROKER] heartbeat | {'uptime_s': 3445.2, 'mt5_connected': True, 'mt5_trade_allowed': True, 'tracked_pendings': 0, 'open_positions': 0, 'cooldown_active': False, 'cooldown_remaining_s': 0.0, 'balance': 980.2, 'equity': 980.2}
C:\Users\Administrator\Desktop\tob\ema-h1trend\mt5\run_multi_scalper.py:179: Pandas4Warning: Timestamp.utcnow is deprecated and will be removed in a future version. Use Timestamp.now('UTC') instead.
  return pd.Timestamp.utcnow().tz_localize(None) + pd.Timedelta(hours=BROKER_WALLCLOCK_OFFSET_HOURS)
[2026-05-27 09:50:00 BROKER] cycle | {'bars_m5': 599, 'bars_h1': 250, 'bars_d1': 120, 'last_bar_time': '2026-05-27 09:45:00', 'data_age_min': 5.0, 'signal': False, 'risk_per_trade': 0.005, 'weight': 0.25, 'diag': {'n_m5': 599, 'n_h1': 250, 'n_d1': 120, 'bar_time': '2026-05-27 09:45:00', 'open': 1.34538, 'high': 1.34557, 'low': 1.34528, 'close': 1.34543, 'volume': 238.0, 'trend_dir': -1, 'h1_trend': -1, 'd1_trend': -1, 'h1_rsi': 46.465, 'in_session': False, 'atr_ok': True, 'adx_ok': True, 'ema20': 1.345054, 'rsi': 59.059, 'atr': 0.000333, 'adx': 28.879, 'bb_up': 1.345787, 'bb_lo': 1.344359, 'f_bb': 0, 'f_ema': 0, 'f_rsi': 0, 'f_candle': 0, 'f_rsiR': 1, 'f_macd': 1, 'f_stoch': 0, 'f_vol': 0, 'signal_dir': 0, 'h1_topped_from_m5': 1, 'd1_topped_from_m5': 1}}
[2026-05-27 09:50:00 BROKER] heartbeat | {'uptime_s': 3445.2, 'mt5_connected': True, 'mt5_trade_allowed': True, 'tracked_pendings': 0, 'open_positions': 0, 'cooldown_active': False, 'cooldown_remaining_s': 0.0, 'balance': 980.2, 'equity': 980.2}
C:\Users\Administrator\Desktop\tob\ema-h1trend\mt5\run_multi_scalper.py:179: Pandas4Warning: Timestamp.utcnow is deprecated and will be removed in a future version. Use Timestamp.now('UTC') instead.
  return pd.Timestamp.utcnow().tz_localize(None) + pd.Timedelta(hours=BROKER_WALLCLOCK_OFFSET_HOURS)
[2026-05-27 09:50:00 BROKER] cycle | {'bars_m5': 599, 'bars_h1': 250, 'bars_d1': 120, 'last_bar_time': '2026-05-27 09:45:00', 'data_age_min': 5.0, 'signal': False, 'risk_per_trade': 0.005, 'weight': 0.25, 'diag': {'n_m5': 599, 'n_h1': 250, 'n_d1': 120, 'bar_time': '2026-05-27 09:45:00', 'open': 1.85853, 'high': 1.85876, 'low': 1.8582999999999998, 'close': 1.85857, 'volume': 592.0, 'trend_dir': 1, 'h1_trend': 1, 'd1_trend': 1, 'h1_rsi': 50.701, 'in_session': False, 'atr_ok': True, 'adx_ok': True, 'ema20': 1.857921, 'rsi': 61.937, 'atr': 0.000441, 'adx': 16.276, 'bb_up': 1.858492, 'bb_lo': 1.857268, 'f_bb': -1, 'f_ema': 0, 'f_rsi': 0, 'f_candle': 0, 'f_rsiR': 0, 'f_macd': 1, 'f_stoch': -1, 'f_vol': 1, 'signal_dir': 0, 'h1_topped_from_m5': 1, 'd1_topped_from_m5': 1}}
[2026-05-27 09:50:00 BROKER] heartbeat | {'uptime_s': 3445.3, 'mt5_connected': True, 'mt5_trade_allowed': True, 'tracked_pendings': 0, 'open_positions': 0, 'cooldown_active': False, 'cooldown_remaining_s': 0.0, 'balance': 980.2, 'equity': 980.2}
C:\Users\Administrator\Desktop\tob\ema-h1trend\mt5\run_multi_scalper.py:179: Pandas4Warning: Timestamp.utcnow is deprecated and will be removed in a future version. Use Timestamp.now('UTC') instead.
  return pd.Timestamp.utcnow().tz_localize(None) + pd.Timedelta(hours=BROKER_WALLCLOCK_OFFSET_HOURS)
[2026-05-27 09:50:01 BROKER] cycle | {'bars_m5': 599, 'bars_h1': 250, 'bars_d1': 120, 'last_bar_time': '2026-05-27 09:45:00', 'data_age_min': 5.0, 'signal': False, 'risk_per_trade': 0.005, 'weight': 0.25, 'diag': {'n_m5': 599, 'n_h1': 250, 'n_d1': 120, 'bar_time': '2026-05-27 09:45:00', 'open': 1.6088, 'high': 1.60918, 'low': 1.60876, 'close': 1.60899, 'volume': 493.0, 'trend_dir': 1, 'h1_trend': 1, 'd1_trend': 1, 'h1_rsi': 70.47, 'in_session': False, 'atr_ok': True, 'adx_ok': True, 'ema20': 1.608055, 'rsi': 74.16, 'atr': 0.000345, 'adx': 36.835, 'bb_up': 1.60875, 'bb_lo': 1.607184, 'f_bb': -1, 'f_ema': 0, 'f_rsi': 0, 'f_candle': 0, 'f_rsiR': 0, 'f_macd': 1, 'f_stoch': -1, 'f_vol': 1, 'signal_dir': 0, 'h1_topped_from_m5': 1, 'd1_topped_from_m5': 1}}
C:\Users\Administrator\Desktop\tob\ema-h1trend\mt5\run_multi_scalper.py:179: Pandas4Warning: Timestamp.utcnow is deprecated and will be removed in a future version. Use Timestamp.now('UTC') instead.
  return pd.Timestamp.utcnow().tz_localize(None) + pd.Timedelta(hours=BROKER_WALLCLOCK_OFFSET_HOURS)
[portfolio] cycle_complete: symbols=4 signals=0 placed=0 skipped=0 elapsed_s=0.65 per_symbol=[{'symbol': 'XAUUSD', 'signal': False}, {'symbol': 'GBPUSD', 'signal': False}, {'symbol': 'GBPCAD', 'signal': False}, {'symbol': 'EURCAD', 'signal': False}]
  → sleeping 299s until next M5 close ...
[2026-05-27 09:55:00 BROKER] cycle | {'bars_m5': 599, 'bars_h1': 250, 'bars_d1': 120, 'last_bar_time': '2026-05-27 09:50:00', 'data_age_min': 5.0, 'signal': False, 'risk_per_trade': 0.005, 'weight': 0.25, 'diag': {'n_m5': 599, 'n_h1': 250, 'n_d1': 120, 'bar_time': '2026-05-27 09:50:00', 'open': 4488.49, 'high': 4489.32, 'low': 4486.73, 'close': 4487.31, 'volume': 845.0, 'trend_dir': -1, 'h1_trend': -1, 'd1_trend': -1, 'h1_rsi': 37.182, 'in_session': False, 'atr_ok': True, 'adx_ok': True, 'ema20': 4493.014723, 'rsi': 38.34, 'atr': 5.058041, 'adx': 33.253, 'bb_up': 4508.857993, 'bb_lo': 4479.411007, 'f_bb': 0, 'f_ema': 0, 'f_rsi': 0, 'f_candle': -1, 'f_rsiR': 1, 'f_macd': -1, 'f_stoch': 0, 'f_vol': 0, 'signal_dir': 0, 'h1_topped_from_m5': 1, 'd1_topped_from_m5': 1}}
C:\Users\Administrator\Desktop\tob\ema-h1trend\mt5\run_multi_scalper.py:179: Pandas4Warning: Timestamp.utcnow is deprecated and will be removed in a future version. Use Timestamp.now('UTC') instead.
  return pd.Timestamp.utcnow().tz_localize(None) + pd.Timedelta(hours=BROKER_WALLCLOCK_OFFSET_HOURS)
[2026-05-27 09:55:00 BROKER] cycle | {'bars_m5': 599, 'bars_h1': 250, 'bars_d1': 120, 'last_bar_time': '2026-05-27 09:50:00', 'data_age_min': 5.0, 'signal': False, 'risk_per_trade': 0.005, 'weight': 0.25, 'diag': {'n_m5': 599, 'n_h1': 250, 'n_d1': 120, 'bar_time': '2026-05-27 09:50:00', 'open': 1.34543, 'high': 1.34551, 'low': 1.34508, 'close': 1.3451, 'volume': 297.0, 'trend_dir': -1, 'h1_trend': -1, 'd1_trend': -1, 'h1_rsi': 43.378, 'in_session': False, 'atr_ok': True, 'adx_ok': True, 'ema20': 1.345059, 'rsi': 50.122, 'atr': 0.000346, 'adx': 27.287, 'bb_up': 1.345739, 'bb_lo': 1.344367, 'f_bb': 0, 'f_ema': 1, 'f_rsi': 0, 'f_candle': -1, 'f_rsiR': 1, 'f_macd': 1, 'f_stoch': 0, 'f_vol': -1, 'signal_dir': 0, 'h1_topped_from_m5': 1, 'd1_topped_from_m5': 1}}
C:\Users\Administrator\Desktop\tob\ema-h1trend\mt5\run_multi_scalper.py:179: Pandas4Warning: Timestamp.utcnow is deprecated and will be removed in a future version. Use Timestamp.now('UTC') instead.
  return pd.Timestamp.utcnow().tz_localize(None) + pd.Timedelta(hours=BROKER_WALLCLOCK_OFFSET_HOURS)
[2026-05-27 09:55:00 BROKER] cycle | {'bars_m5': 599, 'bars_h1': 250, 'bars_d1': 120, 'last_bar_time': '2026-05-27 09:50:00', 'data_age_min': 5.0, 'signal': False, 'risk_per_trade': 0.005, 'weight': 0.25, 'diag': {'n_m5': 599, 'n_h1': 250, 'n_d1': 120, 'bar_time': '2026-05-27 09:50:00', 'open': 1.85858, 'high': 1.85869, 'low': 1.8584, 'close': 1.85854, 'volume': 563.0, 'trend_dir': 1, 'h1_trend': 1, 'd1_trend': 1, 'h1_rsi': 50.508, 'in_session': False, 'atr_ok': True, 'adx_ok': True, 'ema20': 1.85798, 'rsi': 61.276, 'atr': 0.000421, 'adx': 17.061, 'bb_up': 1.85859, 'bb_lo': 1.857232, 'f_bb': -1, 'f_ema': 0, 'f_rsi': 0, 'f_candle': 0, 'f_rsiR': 0, 'f_macd': 1, 'f_stoch': 0, 'f_vol': -1, 'signal_dir': 0, 'h1_topped_from_m5': 1, 'd1_topped_from_m5': 1}}
[2026-05-27 09:55:00 BROKER] mt5_connected | {'state': 'healthy', 'periodic': True, 'connected': True, 'trade_allowed': True, 'ping_ms': 18561}
C:\Users\Administrator\Desktop\tob\ema-h1trend\mt5\run_multi_scalper.py:179: Pandas4Warning: Timestamp.utcnow is deprecated and will be removed in a future version. Use Timestamp.now('UTC') instead.
  return pd.Timestamp.utcnow().tz_localize(None) + pd.Timedelta(hours=BROKER_WALLCLOCK_OFFSET_HOURS)
[2026-05-27 09:55:01 BROKER] cycle | {'bars_m5': 599, 'bars_h1': 250, 'bars_d1': 120, 'last_bar_time': '2026-05-27 09:50:00', 'data_age_min': 5.0, 'signal': False, 'risk_per_trade': 0.005, 'weight': 0.25, 'diag': {'n_m5': 599, 'n_h1': 250, 'n_d1': 120, 'bar_time': '2026-05-27 09:50:00', 'open': 1.60899, 'high': 1.60906, 'low': 1.60884, 'close': 1.6089, 'volume': 402.0, 'trend_dir': 1, 'h1_trend': 1, 'd1_trend': 1, 'h1_rsi': 70.027, 'in_session': False, 'atr_ok': True, 'adx_ok': True, 'ema20': 1.608136, 'rsi': 71.22, 'atr': 0.000328, 'adx': 38.6, 'bb_up': 1.608898, 'bb_lo': 1.607166, 'f_bb': -1, 'f_ema': 0, 'f_rsi': 0, 'f_candle': 0, 'f_rsiR': 0, 'f_macd': 1, 'f_stoch': 0, 'f_vol': 0, 'signal_dir': 0, 'h1_topped_from_m5': 1, 'd1_topped_from_m5': 1}}
C:\Users\Administrator\Desktop\tob\ema-h1trend\mt5\run_multi_scalper.py:179: Pandas4Warning: Timestamp.utcnow is deprecated and will be removed in a future version. Use Timestamp.now('UTC') instead.
  return pd.Timestamp.utcnow().tz_localize(None) + pd.Timedelta(hours=BROKER_WALLCLOCK_OFFSET_HOURS)
[portfolio] cycle_complete: symbols=4 signals=0 placed=0 skipped=0 elapsed_s=0.64 per_symbol=[{'symbol': 'XAUUSD', 'signal': False}, {'symbol': 'GBPUSD', 'signal': False}, {'symbol': 'GBPCAD', 'signal': False}, {'symbol': 'EURCAD', 'signal': False}]
  → sleeping 299s until next M5 close ...
[2026-05-27 10:00:00 BROKER] cycle | {'bars_m5': 599, 'bars_h1': 249, 'bars_d1': 120, 'last_bar_time': '2026-05-27 09:55:00', 'data_age_min': 5.0, 'signal': False, 'risk_per_trade': 0.005, 'weight': 0.25, 'diag': {'n_m5': 599, 'n_h1': 249, 'n_d1': 120, 'bar_time': '2026-05-27 09:55:00', 'open': 4487.34, 'high': 4487.73, 'low': 4483.56, 'close': 4485.21, 'volume': 1001.0, 'trend_dir': -1, 'h1_trend': -1, 'd1_trend': -1, 'h1_rsi': 36.513, 'in_session': False, 'atr_ok': True, 'adx_ok': True, 'ema20': 4492.271416, 'rsi': 36.064, 'atr': 4.939636, 'adx': 33.738, 'bb_up': 4507.326393, 'bb_lo': 4478.910607, 'f_bb': 0, 'f_ema': 0, 'f_rsi': 0, 'f_candle': 0, 'f_rsiR': 1, 'f_macd': -1, 'f_stoch': 0, 'f_vol': 0, 'signal_dir': 0, 'h1_topped_from_m5': 0, 'd1_topped_from_m5': 1}}
C:\Users\Administrator\Desktop\tob\ema-h1trend\mt5\run_multi_scalper.py:179: Pandas4Warning: Timestamp.utcnow is deprecated and will be removed in a future version. Use Timestamp.now('UTC') instead.
  return pd.Timestamp.utcnow().tz_localize(None) + pd.Timedelta(hours=BROKER_WALLCLOCK_OFFSET_HOURS)
[2026-05-27 10:00:00 BROKER] cycle | {'bars_m5': 599, 'bars_h1': 249, 'bars_d1': 120, 'last_bar_time': '2026-05-27 09:55:00', 'data_age_min': 5.0, 'signal': False, 'risk_per_trade': 0.005, 'weight': 0.25, 'diag': {'n_m5': 599, 'n_h1': 249, 'n_d1': 120, 'bar_time': '2026-05-27 09:55:00', 'open': 1.3451, 'high': 1.3453300000000001, 'low': 1.34503, 'close': 1.34518, 'volume': 357.0, 'trend_dir': -1, 'h1_trend': -1, 'd1_trend': -1, 'h1_rsi': 44.159, 'in_session': False, 'atr_ok': True, 'adx_ok': True, 'ema20': 1.34507, 'rsi': 52.018, 'atr': 0.00034, 'adx': 25.586, 'bb_up': 1.345717, 'bb_lo': 1.344371, 'f_bb': 0, 'f_ema': 1, 'f_rsi': 0, 'f_candle': 0, 'f_rsiR': 1, 'f_macd': 1, 'f_stoch': 0, 'f_vol': 1, 'signal_dir': 0, 'h1_topped_from_m5': 0, 'd1_topped_from_m5': 1}}
C:\Users\Administrator\Desktop\tob\ema-h1trend\mt5\run_multi_scalper.py:179: Pandas4Warning: Timestamp.utcnow is deprecated and will be removed in a future version. Use Timestamp.now('UTC') instead.
  return pd.Timestamp.utcnow().tz_localize(None) + pd.Timedelta(hours=BROKER_WALLCLOCK_OFFSET_HOURS)
[2026-05-27 10:00:00 BROKER] cycle | {'bars_m5': 599, 'bars_h1': 249, 'bars_d1': 120, 'last_bar_time': '2026-05-27 09:55:00', 'data_age_min': 5.0, 'signal': False, 'risk_per_trade': 0.005, 'weight': 0.25, 'diag': {'n_m5': 599, 'n_h1': 249, 'n_d1': 120, 'bar_time': '2026-05-27 09:55:00', 'open': 1.85852, 'high': 1.85884, 'low': 1.85849, 'close': 1.8588200000000001, 'volume': 604.0, 'trend_dir': 1, 'h1_trend': 1, 'd1_trend': 1, 'h1_rsi': 52.254, 'in_session': False, 'atr_ok': True, 'adx_ok': True, 'ema20': 1.85806, 'rsi': 65.024, 'atr': 0.000411, 'adx': 18.124, 'bb_up': 1.85875, 'bb_lo': 1.85717, 'f_bb': -1, 'f_ema': 0, 'f_rsi': 0, 'f_candle': 1, 'f_rsiR': 0, 'f_macd': 1, 'f_stoch': 0, 'f_vol': 1, 'signal_dir': 0, 'h1_topped_from_m5': 0, 'd1_topped_from_m5': 1}}
C:\Users\Administrator\Desktop\tob\ema-h1trend\mt5\run_multi_scalper.py:179: Pandas4Warning: Timestamp.utcnow is deprecated and will be removed in a future version. Use Timestamp.now('UTC') instead.
  return pd.Timestamp.utcnow().tz_localize(None) + pd.Timedelta(hours=BROKER_WALLCLOCK_OFFSET_HOURS)
[2026-05-27 10:00:01 BROKER] cycle | {'bars_m5': 599, 'bars_h1': 249, 'bars_d1': 120, 'last_bar_time': '2026-05-27 09:55:00', 'data_age_min': 5.0, 'signal': False, 'risk_per_trade': 0.005, 'weight': 0.25, 'diag': {'n_m5': 599, 'n_h1': 249, 'n_d1': 120, 'bar_time': '2026-05-27 09:55:00', 'open': 1.6089099999999998, 'high': 1.6092499999999998, 'low': 1.6089, 'close': 1.6091600000000001, 'volume': 492.0, 'trend_dir': 1, 'h1_trend': 1, 'd1_trend': 1, 'h1_rsi': 71.273, 'in_session': False, 'atr_ok': True, 'adx_ok': True, 'ema20': 1.608233, 'rsi': 74.38, 'atr': 0.000331, 'adx': 40.5, 'bb_up': 1.609088, 'bb_lo': 1.60713, 'f_bb': -1, 'f_ema': 0, 'f_rsi': 0, 'f_candle': 0, 'f_rsiR': 0, 'f_macd': 1, 'f_stoch': 0, 'f_vol': 1, 'signal_dir': 0, 'h1_topped_from_m5': 0, 'd1_topped_from_m5': 1}}
[portfolio] cycle_complete: symbols=4 signals=0 placed=0 skipped=0 elapsed_s=0.58 per_symbol=[{'symbol': 'XAUUSD', 'signal': False}, {'symbol': 'GBPUSD', 'signal': False}, {'symbol': 'GBPCAD', 'signal': False}, {'symbol': 'EURCAD', 'signal': False}]
  → sleeping 299s until next M5 close ...
[2026-05-27 10:05:00 BROKER] heartbeat | {'uptime_s': 4345.2, 'mt5_connected': True, 'mt5_trade_allowed': True, 'tracked_pendings': 0, 'open_positions': 0, 'cooldown_active': False, 'cooldown_remaining_s': 0.0, 'balance': 980.2, 'equity': 980.2}
C:\Users\Administrator\Desktop\tob\ema-h1trend\mt5\run_multi_scalper.py:179: Pandas4Warning: Timestamp.utcnow is deprecated and will be removed in a future version. Use Timestamp.now('UTC') instead.
  return pd.Timestamp.utcnow().tz_localize(None) + pd.Timedelta(hours=BROKER_WALLCLOCK_OFFSET_HOURS)
[2026-05-27 10:05:00 BROKER] cycle | {'bars_m5': 599, 'bars_h1': 250, 'bars_d1': 120, 'last_bar_time': '2026-05-27 10:00:00', 'data_age_min': 5.0, 'signal': False, 'risk_per_trade': 0.005, 'weight': 0.25, 'diag': {'n_m5': 599, 'n_h1': 250, 'n_d1': 120, 'bar_time': '2026-05-27 10:00:00', 'open': 4485.93, 'high': 4488.45, 'low': 4485.03, 'close': 4487.0, 'volume': 1139.0, 'trend_dir': -1, 'h1_trend': -1, 'd1_trend': -1, 'h1_rsi': 37.545, 'in_session': False, 'atr_ok': True, 'adx_ok': True, 'ema20': 4491.769376, 'rsi': 39.369, 'atr': 4.737018, 'adx': 33.932, 'bb_up': 4505.210042, 'bb_lo': 4479.113958, 'f_bb': 0, 'f_ema': 0, 'f_rsi': 0, 'f_candle': 0, 'f_rsiR': 1, 'f_macd': -1, 'f_stoch': 0, 'f_vol': 1, 'signal_dir': 0, 'h1_topped_from_m5': 1, 'd1_topped_from_m5': 1}}
[2026-05-27 10:05:00 BROKER] heartbeat | {'uptime_s': 4345.2, 'mt5_connected': True, 'mt5_trade_allowed': True, 'tracked_pendings': 0, 'open_positions': 0, 'cooldown_active': False, 'cooldown_remaining_s': 0.0, 'balance': 980.2, 'equity': 980.2}
C:\Users\Administrator\Desktop\tob\ema-h1trend\mt5\run_multi_scalper.py:179: Pandas4Warning: Timestamp.utcnow is deprecated and will be removed in a future version. Use Timestamp.now('UTC') instead.
  return pd.Timestamp.utcnow().tz_localize(None) + pd.Timedelta(hours=BROKER_WALLCLOCK_OFFSET_HOURS)
[2026-05-27 10:05:00 BROKER] cycle | {'bars_m5': 599, 'bars_h1': 250, 'bars_d1': 120, 'last_bar_time': '2026-05-27 10:00:00', 'data_age_min': 5.0, 'signal': False, 'risk_per_trade': 0.005, 'weight': 0.25, 'diag': {'n_m5': 599, 'n_h1': 250, 'n_d1': 120, 'bar_time': '2026-05-27 10:00:00', 'open': 1.34519, 'high': 1.34559, 'low': 1.34511, 'close': 1.34519, 'volume': 447.0, 'trend_dir': -1, 'h1_trend': -1, 'd1_trend': -1, 'h1_rsi': 44.262, 'in_session': False, 'atr_ok': True, 'adx_ok': True, 'ema20': 1.345082, 'rsi': 52.262, 'atr': 0.000359, 'adx': 24.976, 'bb_up': 1.345656, 'bb_lo': 1.344394, 'f_bb': 0, 'f_ema': 1, 'f_rsi': 0, 'f_candle': 0, 'f_rsiR': 1, 'f_macd': 1, 'f_stoch': 0, 'f_vol': 0, 'signal_dir': 0, 'h1_topped_from_m5': 1, 'd1_topped_from_m5': 1}}
[2026-05-27 10:05:00 BROKER] heartbeat | {'uptime_s': 4345.2, 'mt5_connected': True, 'mt5_trade_allowed': True, 'tracked_pendings': 0, 'open_positions': 0, 'cooldown_active': False, 'cooldown_remaining_s': 0.0, 'balance': 980.2, 'equity': 980.2}
C:\Users\Administrator\Desktop\tob\ema-h1trend\mt5\run_multi_scalper.py:179: Pandas4Warning: Timestamp.utcnow is deprecated and will be removed in a future version. Use Timestamp.now('UTC') instead.
  return pd.Timestamp.utcnow().tz_localize(None) + pd.Timedelta(hours=BROKER_WALLCLOCK_OFFSET_HOURS)
[2026-05-27 10:05:00 BROKER] cycle | {'bars_m5': 599, 'bars_h1': 250, 'bars_d1': 120, 'last_bar_time': '2026-05-27 10:00:00', 'data_age_min': 5.0, 'signal': False, 'risk_per_trade': 0.005, 'weight': 0.25, 'diag': {'n_m5': 599, 'n_h1': 250, 'n_d1': 120, 'bar_time': '2026-05-27 10:00:00', 'open': 1.85884, 'high': 1.8590499999999999, 'low': 1.8585, 'close': 1.85866, 'volume': 702.0, 'trend_dir': 1, 'h1_trend': 1, 'd1_trend': 1, 'h1_rsi': 51.144, 'in_session': False, 'atr_ok': True, 'adx_ok': True, 'ema20': 1.858117, 'rsi': 61.369, 'atr': 0.00043, 'adx': 19.541, 'bb_up': 1.85884, 'bb_lo': 1.857141, 'f_bb': -1, 'f_ema': 0, 'f_rsi': -1, 'f_candle': 0, 'f_rsiR': -1, 'f_macd': 1, 'f_stoch': -1, 'f_vol': -1, 'signal_dir': 0, 'h1_topped_from_m5': 1, 'd1_topped_from_m5': 1}}
[2026-05-27 10:05:00 BROKER] heartbeat | {'uptime_s': 4345.2, 'mt5_connected': True, 'mt5_trade_allowed': True, 'tracked_pendings': 0, 'open_positions': 0, 'cooldown_active': False, 'cooldown_remaining_s': 0.0, 'balance': 980.2, 'equity': 980.2}
C:\Users\Administrator\Desktop\tob\ema-h1trend\mt5\run_multi_scalper.py:179: Pandas4Warning: Timestamp.utcnow is deprecated and will be removed in a future version. Use Timestamp.now('UTC') instead.
  return pd.Timestamp.utcnow().tz_localize(None) + pd.Timedelta(hours=BROKER_WALLCLOCK_OFFSET_HOURS)
[2026-05-27 10:05:01 BROKER] cycle | {'bars_m5': 599, 'bars_h1': 250, 'bars_d1': 120, 'last_bar_time': '2026-05-27 10:00:00', 'data_age_min': 5.0, 'signal': False, 'risk_per_trade': 0.005, 'weight': 0.25, 'diag': {'n_m5': 599, 'n_h1': 250, 'n_d1': 120, 'bar_time': '2026-05-27 10:00:00', 'open': 1.60918, 'high': 1.6093600000000001, 'low': 1.60896, 'close': 1.6091600000000001, 'volume': 684.0, 'trend_dir': 1, 'h1_trend': 1, 'd1_trend': 1, 'h1_rsi': 71.273, 'in_session': False, 'atr_ok': True, 'adx_ok': True, 'ema20': 1.608322, 'rsi': 74.38, 'atr': 0.00034, 'adx': 42.404, 'bb_up': 1.60925, 'bb_lo': 1.607103, 'f_bb': -1, 'f_ema': 0, 'f_rsi': 0, 'f_candle': 0, 'f_rsiR': 0, 'f_macd': 1, 'f_stoch': 0, 'f_vol': -1, 'signal_dir': 0, 'h1_topped_from_m5': 1, 'd1_topped_from_m5': 1}}
[portfolio] cycle_complete: symbols=4 signals=0 placed=0 skipped=0 elapsed_s=0.63 per_symbol=[{'symbol': 'XAUUSD', 'signal': False}, {'symbol': 'GBPUSD', 'signal': False}, {'symbol': 'GBPCAD', 'signal': False}, {'symbol': 'EURCAD', 'signal': False}]
  → sleeping 299s until next M5 close ...
[2026-05-27 10:10:00 BROKER] mt5_connected | {'state': 'healthy', 'periodic': True, 'connected': True, 'trade_allowed': True, 'ping_ms': 18561}
C:\Users\Administrator\Desktop\tob\ema-h1trend\mt5\run_multi_scalper.py:179: Pandas4Warning: Timestamp.utcnow is deprecated and will be removed in a future version. Use Timestamp.now('UTC') instead.
  return pd.Timestamp.utcnow().tz_localize(None) + pd.Timedelta(hours=BROKER_WALLCLOCK_OFFSET_HOURS)
[2026-05-27 10:10:00 BROKER] cycle | {'bars_m5': 599, 'bars_h1': 250, 'bars_d1': 120, 'last_bar_time': '2026-05-27 10:05:00', 'data_age_min': 5.0, 'signal': False, 'risk_per_trade': 0.005, 'weight': 0.25, 'diag': {'n_m5': 599, 'n_h1': 250, 'n_d1': 120, 'bar_time': '2026-05-27 10:05:00', 'open': 4487.08, 'high': 4488.55, 'low': 4482.99, 'close': 4484.79, 'volume': 967.0, 'trend_dir': -1, 'h1_trend': -1, 'd1_trend': -1, 'h1_rsi': 36.372, 'in_session': False, 'atr_ok': True, 'adx_ok': True, 'ema20': 4491.104674, 'rsi': 36.837, 'atr': 4.846749, 'adx': 34.441, 'bb_up': 4502.376392, 'bb_lo': 4479.702608, 'f_bb': 0, 'f_ema': 0, 'f_rsi': 0, 'f_candle': -1, 'f_rsiR': 1, 'f_macd': -1, 'f_stoch': 0, 'f_vol': 0, 'signal_dir': 0, 'h1_topped_from_m5': 1, 'd1_topped_from_m5': 1}}
C:\Users\Administrator\Desktop\tob\ema-h1trend\mt5\run_multi_scalper.py:179: Pandas4Warning: Timestamp.utcnow is deprecated and will be removed in a future version. Use Timestamp.now('UTC') instead.
  return pd.Timestamp.utcnow().tz_localize(None) + pd.Timedelta(hours=BROKER_WALLCLOCK_OFFSET_HOURS)
[2026-05-27 10:10:00 BROKER] cycle | {'bars_m5': 599, 'bars_h1': 250, 'bars_d1': 120, 'last_bar_time': '2026-05-27 10:05:00', 'data_age_min': 5.0, 'signal': False, 'risk_per_trade': 0.005, 'weight': 0.25, 'diag': {'n_m5': 599, 'n_h1': 250, 'n_d1': 120, 'bar_time': '2026-05-27 10:05:00', 'open': 1.3452, 'high': 1.34536, 'low': 1.345, 'close': 1.34505, 'volume': 258.0, 'trend_dir': -1, 'h1_trend': -1, 'd1_trend': -1, 'h1_rsi': 43.119, 'in_session': False, 'atr_ok': True, 'adx_ok': True, 'ema20': 1.345079, 'rsi': 48.537, 'atr': 0.000359, 'adx': 23.906, 'bb_up': 1.345583, 'bb_lo': 1.344418, 'f_bb': 0, 'f_ema': -1, 'f_rsi': 0, 'f_candle': 0, 'f_rsiR': 0, 'f_macd': 1, 'f_stoch': 0, 'f_vol': 0, 'signal_dir': 0, 'h1_topped_from_m5': 1, 'd1_topped_from_m5': 1}}
C:\Users\Administrator\Desktop\tob\ema-h1trend\mt5\run_multi_scalper.py:179: Pandas4Warning: Timestamp.utcnow is deprecated and will be removed in a future version. Use Timestamp.now('UTC') instead.
  return pd.Timestamp.utcnow().tz_localize(None) + pd.Timedelta(hours=BROKER_WALLCLOCK_OFFSET_HOURS)
[2026-05-27 10:10:00 BROKER] cycle | {'bars_m5': 599, 'bars_h1': 250, 'bars_d1': 120, 'last_bar_time': '2026-05-27 10:05:00', 'data_age_min': 5.0, 'signal': False, 'risk_per_trade': 0.005, 'weight': 0.25, 'diag': {'n_m5': 599, 'n_h1': 250, 'n_d1': 120, 'bar_time': '2026-05-27 10:05:00', 'open': 1.85867, 'high': 1.8591, 'low': 1.85858, 'close': 1.8587099999999999, 'volume': 481.0, 'trend_dir': 1, 'h1_trend': 1, 'd1_trend': 1, 'h1_rsi': 51.486, 'in_session': False, 'atr_ok': True, 'adx_ok': True, 'ema20': 1.858174, 'rsi': 62.086, 'atr': 0.000442, 'adx': 20.954, 'bb_up': 1.858934, 'bb_lo': 1.857116, 'f_bb': -1, 'f_ema': 0, 'f_rsi': 0, 'f_candle': 0, 'f_rsiR': -1, 'f_macd': 1, 'f_stoch': 0, 'f_vol': 0, 'signal_dir': 0, 'h1_topped_from_m5': 1, 'd1_topped_from_m5': 1}}
C:\Users\Administrator\Desktop\tob\ema-h1trend\mt5\run_multi_scalper.py:179: Pandas4Warning: Timestamp.utcnow is deprecated and will be removed in a future version. Use Timestamp.now('UTC') instead.
  return pd.Timestamp.utcnow().tz_localize(None) + pd.Timedelta(hours=BROKER_WALLCLOCK_OFFSET_HOURS)
[2026-05-27 10:10:01 BROKER] cycle | {'bars_m5': 599, 'bars_h1': 250, 'bars_d1': 120, 'last_bar_time': '2026-05-27 10:05:00', 'data_age_min': 5.0, 'signal': False, 'risk_per_trade': 0.005, 'weight': 0.25, 'diag': {'n_m5': 599, 'n_h1': 250, 'n_d1': 120, 'bar_time': '2026-05-27 10:05:00', 'open': 1.6092, 'high': 1.60941, 'low': 1.60908, 'close': 1.60917, 'volume': 502.0, 'trend_dir': 1, 'h1_trend': 1, 'd1_trend': 1, 'h1_rsi': 71.322, 'in_session': False, 'atr_ok': True, 'adx_ok': True, 'ema20': 1.608402, 'rsi': 74.505, 'atr': 0.000339, 'adx': 44.234, 'bb_up': 1.60939, 'bb_lo': 1.607099, 'f_bb': -1, 'f_ema': 0, 'f_rsi': 0, 'f_candle': -1, 'f_rsiR': 0, 'f_macd': 1, 'f_stoch': -1, 'f_vol': -1, 'signal_dir': 0, 'h1_topped_from_m5': 1, 'd1_topped_from_m5': 1}}
C:\Users\Administrator\Desktop\tob\ema-h1trend\mt5\run_multi_scalper.py:179: Pandas4Warning: Timestamp.utcnow is deprecated and will be removed in a future version. Use Timestamp.now('UTC') instead.
  return pd.Timestamp.utcnow().tz_localize(None) + pd.Timedelta(hours=BROKER_WALLCLOCK_OFFSET_HOURS)
[portfolio] cycle_complete: symbols=4 signals=0 placed=0 skipped=0 elapsed_s=0.65 per_symbol=[{'symbol': 'XAUUSD', 'signal': False}, {'symbol': 'GBPUSD', 'signal': False}, {'symbol': 'GBPCAD', 'signal': False}, {'symbol': 'EURCAD', 'signal': False}]
  → sleeping 299s until next M5 close ...
[2026-05-27 10:15:00 BROKER] cycle | {'bars_m5': 599, 'bars_h1': 250, 'bars_d1': 120, 'last_bar_time': '2026-05-27 10:10:00', 'data_age_min': 5.0, 'signal': False, 'risk_per_trade': 0.005, 'weight': 0.25, 'diag': {'n_m5': 599, 'n_h1': 250, 'n_d1': 120, 'bar_time': '2026-05-27 10:10:00', 'open': 4484.78, 'high': 4484.85, 'low': 4480.17, 'close': 4480.24, 'volume': 904.0, 'trend_dir': -1, 'h1_trend': -1, 'd1_trend': -1, 'h1_rsi': 34.911, 'in_session': False, 'atr_ok': True, 'adx_ok': True, 'ema20': 4490.069943, 'rsi': 32.24, 'atr': 4.824515, 'adx': 35.322, 'bb_up': 4502.207917, 'bb_lo': 4478.233083, 'f_bb': 0, 'f_ema': 0, 'f_rsi': 0, 'f_candle': 0, 'f_rsiR': 1, 'f_macd': -1, 'f_stoch': 0, 'f_vol': 0, 'signal_dir': 0, 'h1_topped_from_m5': 1, 'd1_topped_from_m5': 1}}
[2026-05-27 10:15:00 BROKER] heartbeat | {'uptime_s': 4945.2, 'mt5_connected': True, 'mt5_trade_allowed': True, 'tracked_pendings': 0, 'open_positions': 0, 'cooldown_active': False, 'cooldown_remaining_s': 0.0, 'balance': 980.2, 'equity': 980.2}
C:\Users\Administrator\Desktop\tob\ema-h1trend\mt5\run_multi_scalper.py:179: Pandas4Warning: Timestamp.utcnow is deprecated and will be removed in a future version. Use Timestamp.now('UTC') instead.
  return pd.Timestamp.utcnow().tz_localize(None) + pd.Timedelta(hours=BROKER_WALLCLOCK_OFFSET_HOURS)
[2026-05-27 10:15:00 BROKER] cycle | {'bars_m5': 599, 'bars_h1': 250, 'bars_d1': 120, 'last_bar_time': '2026-05-27 10:10:00', 'data_age_min': 5.0, 'signal': False, 'risk_per_trade': 0.005, 'weight': 0.25, 'diag': {'n_m5': 599, 'n_h1': 250, 'n_d1': 120, 'bar_time': '2026-05-27 10:10:00', 'open': 1.34505, 'high': 1.34514, 'low': 1.34491, 'close': 1.34494, 'volume': 232.0, 'trend_dir': -1, 'h1_trend': -1, 'd1_trend': -1, 'h1_rsi': 42.276, 'in_session': False, 'atr_ok': True, 'adx_ok': True, 'ema20': 1.345065, 'rsi': 45.777, 'atr': 0.000342, 'adx': 22.517, 'bb_up': 1.345555, 'bb_lo': 1.344414, 'f_bb': 0, 'f_ema': -1, 'f_rsi': 0, 'f_candle': 0, 'f_rsiR': 0, 'f_macd': 1, 'f_stoch': 0, 'f_vol': 0, 'signal_dir': 0, 'h1_topped_from_m5': 1, 'd1_topped_from_m5': 1}}
C:\Users\Administrator\Desktop\tob\ema-h1trend\mt5\run_multi_scalper.py:179: Pandas4Warning: Timestamp.utcnow is deprecated and will be removed in a future version. Use Timestamp.now('UTC') instead.
  return pd.Timestamp.utcnow().tz_localize(None) + pd.Timedelta(hours=BROKER_WALLCLOCK_OFFSET_HOURS)
[2026-05-27 10:15:00 BROKER] cycle | {'bars_m5': 599, 'bars_h1': 250, 'bars_d1': 120, 'last_bar_time': '2026-05-27 10:10:00', 'data_age_min': 5.0, 'signal': False, 'risk_per_trade': 0.005, 'weight': 0.25, 'diag': {'n_m5': 599, 'n_h1': 250, 'n_d1': 120, 'bar_time': '2026-05-27 10:10:00', 'open': 1.8587099999999999, 'high': 1.85886, 'low': 1.8584800000000001, 'close': 1.8585500000000001, 'volume': 451.0, 'trend_dir': 1, 'h1_trend': 1, 'd1_trend': 1, 'h1_rsi': 50.407, 'in_session': False, 'atr_ok': True, 'adx_ok': True, 'ema20': 1.858209, 'rsi': 58.353, 'atr': 0.000434, 'adx': 21.814, 'bb_up': 1.858991, 'bb_lo': 1.857145, 'f_bb': 0, 'f_ema': 0, 'f_rsi': 0, 'f_candle': -1, 'f_rsiR': -1, 'f_macd': 1, 'f_stoch': 0, 'f_vol': 0, 'signal_dir': 0, 'h1_topped_from_m5': 1, 'd1_topped_from_m5': 1}}
C:\Users\Administrator\Desktop\tob\ema-h1trend\mt5\run_multi_scalper.py:179: Pandas4Warning: Timestamp.utcnow is deprecated and will be removed in a future version. Use Timestamp.now('UTC') instead.
  return pd.Timestamp.utcnow().tz_localize(None) + pd.Timedelta(hours=BROKER_WALLCLOCK_OFFSET_HOURS)
[2026-05-27 10:15:01 BROKER] cycle | {'bars_m5': 599, 'bars_h1': 250, 'bars_d1': 120, 'last_bar_time': '2026-05-27 10:10:00', 'data_age_min': 5.0, 'signal': False, 'risk_per_trade': 0.005, 'weight': 0.25, 'diag': {'n_m5': 599, 'n_h1': 250, 'n_d1': 120, 'bar_time': '2026-05-27 10:10:00', 'open': 1.60917, 'high': 1.6093, 'low': 1.60904, 'close': 1.6091, 'volume': 383.0, 'trend_dir': 1, 'h1_trend': 1, 'd1_trend': 1, 'h1_rsi': 70.544, 'in_session': False, 'atr_ok': True, 'adx_ok': True, 'ema20': 1.608469, 'rsi': 71.864, 'atr': 0.000328, 'adx': 45.664, 'bb_up': 1.609484, 'bb_lo': 1.607155, 'f_bb': 0, 'f_ema': 0, 'f_rsi': 0, 'f_candle': 0, 'f_rsiR': 0, 'f_macd': 1, 'f_stoch': 0, 'f_vol': 0, 'signal_dir': 0, 'h1_topped_from_m5': 1, 'd1_topped_from_m5': 1}}
[portfolio] cycle_complete: symbols=4 signals=0 placed=0 skipped=0 elapsed_s=0.6 per_symbol=[{'symbol': 'XAUUSD', 'signal': False}, {'symbol': 'GBPUSD', 'signal': False}, {'symbol': 'GBPCAD', 'signal': False}, {'symbol': 'EURCAD', 'signal': False}]
  → sleeping 299s until next M5 close ...
[2026-05-27 10:20:00 BROKER] heartbeat | {'uptime_s': 5245.2, 'mt5_connected': True, 'mt5_trade_allowed': True, 'tracked_pendings': 0, 'open_positions': 0, 'cooldown_active': False, 'cooldown_remaining_s': 0.0, 'balance': 980.2, 'equity': 980.2}
C:\Users\Administrator\Desktop\tob\ema-h1trend\mt5\run_multi_scalper.py:179: Pandas4Warning: Timestamp.utcnow is deprecated and will be removed in a future version. Use Timestamp.now('UTC') instead.
  return pd.Timestamp.utcnow().tz_localize(None) + pd.Timedelta(hours=BROKER_WALLCLOCK_OFFSET_HOURS)
[2026-05-27 10:20:00 BROKER] cycle | {'bars_m5': 599, 'bars_h1': 250, 'bars_d1': 120, 'last_bar_time': '2026-05-27 10:15:00', 'data_age_min': 5.0, 'signal': False, 'risk_per_trade': 0.005, 'weight': 0.25, 'diag': {'n_m5': 599, 'n_h1': 250, 'n_d1': 120, 'bar_time': '2026-05-27 10:15:00', 'open': 4480.32, 'high': 4485.05, 'low': 4480.31, 'close': 4484.11, 'volume': 974.0, 'trend_dir': -1, 'h1_trend': -1, 'd1_trend': -1, 'h1_rsi': 36.146, 'in_session': False, 'atr_ok': True, 'adx_ok': True, 'ema20': 4489.502329, 'rsi': 39.191, 'atr': 4.82258, 'adx': 36.063, 'bb_up': 4500.893789, 'bb_lo': 4478.008211, 'f_bb': 0, 'f_ema': 0, 'f_rsi': 1, 'f_candle': 0, 'f_rsiR': 1, 'f_macd': -1, 'f_stoch': 1, 'f_vol': 0, 'signal_dir': 0, 'h1_topped_from_m5': 1, 'd1_topped_from_m5': 1}}
[2026-05-27 10:20:00 BROKER] mt5_connected | {'state': 'healthy', 'periodic': True, 'connected': True, 'trade_allowed': True, 'ping_ms': 16980}
C:\Users\Administrator\Desktop\tob\ema-h1trend\mt5\run_multi_scalper.py:179: Pandas4Warning: Timestamp.utcnow is deprecated and will be removed in a future version. Use Timestamp.now('UTC') instead.
  return pd.Timestamp.utcnow().tz_localize(None) + pd.Timedelta(hours=BROKER_WALLCLOCK_OFFSET_HOURS)
[2026-05-27 10:20:00 BROKER] cycle | {'bars_m5': 599, 'bars_h1': 250, 'bars_d1': 120, 'last_bar_time': '2026-05-27 10:15:00', 'data_age_min': 5.0, 'signal': False, 'risk_per_trade': 0.005, 'weight': 0.25, 'diag': {'n_m5': 599, 'n_h1': 250, 'n_d1': 120, 'bar_time': '2026-05-27 10:15:00', 'open': 1.34494, 'high': 1.34501, 'low': 1.34481, 'close': 1.34493, 'volume': 229.0, 'trend_dir': -1, 'h1_trend': -1, 'd1_trend': -1, 'h1_rsi': 42.201, 'in_session': False, 'atr_ok': True, 'adx_ok': True, 'ema20': 1.345052, 'rsi': 45.523, 'atr': 0.000323, 'adx': 21.014, 'bb_up': 1.345519, 'bb_lo': 1.344414, 'f_bb': 0, 'f_ema': -1, 'f_rsi': 0, 'f_candle': 0, 'f_rsiR': 0, 'f_macd': 1, 'f_stoch': 0, 'f_vol': 0, 'signal_dir': 0, 'h1_topped_from_m5': 1, 'd1_topped_from_m5': 1}}
[2026-05-27 10:20:00 BROKER] heartbeat | {'uptime_s': 5245.2, 'mt5_connected': True, 'mt5_trade_allowed': True, 'tracked_pendings': 0, 'open_positions': 0, 'cooldown_active': False, 'cooldown_remaining_s': 0.0, 'balance': 980.2, 'equity': 980.2}
C:\Users\Administrator\Desktop\tob\ema-h1trend\mt5\run_multi_scalper.py:179: Pandas4Warning: Timestamp.utcnow is deprecated and will be removed in a future version. Use Timestamp.now('UTC') instead.
  return pd.Timestamp.utcnow().tz_localize(None) + pd.Timedelta(hours=BROKER_WALLCLOCK_OFFSET_HOURS)
[2026-05-27 10:20:00 BROKER] cycle | {'bars_m5': 599, 'bars_h1': 250, 'bars_d1': 120, 'last_bar_time': '2026-05-27 10:15:00', 'data_age_min': 5.0, 'signal': False, 'risk_per_trade': 0.005, 'weight': 0.25, 'diag': {'n_m5': 599, 'n_h1': 250, 'n_d1': 120, 'bar_time': '2026-05-27 10:15:00', 'open': 1.85853, 'high': 1.85915, 'low': 1.8585, 'close': 1.85901, 'volume': 419.0, 'trend_dir': 1, 'h1_trend': 1, 'd1_trend': 1, 'h1_rsi': 53.455, 'in_session': False, 'atr_ok': True, 'adx_ok': True, 'ema20': 1.858286, 'rsi': 64.89, 'atr': 0.000462, 'adx': 23.208, 'bb_up': 1.859134, 'bb_lo': 1.857116, 'f_bb': -1, 'f_ema': 0, 'f_rsi': 0, 'f_candle': 1, 'f_rsiR': -1, 'f_macd': 1, 'f_stoch': 0, 'f_vol': 0, 'signal_dir': 0, 'h1_topped_from_m5': 1, 'd1_topped_from_m5': 1}}
[2026-05-27 10:20:00 BROKER] heartbeat | {'uptime_s': 5245.2, 'mt5_connected': True, 'mt5_trade_allowed': True, 'tracked_pendings': 0, 'open_positions': 0, 'cooldown_active': False, 'cooldown_remaining_s': 0.0, 'balance': 980.2, 'equity': 980.2}
C:\Users\Administrator\Desktop\tob\ema-h1trend\mt5\run_multi_scalper.py:179: Pandas4Warning: Timestamp.utcnow is deprecated and will be removed in a future version. Use Timestamp.now('UTC') instead.
  return pd.Timestamp.utcnow().tz_localize(None) + pd.Timedelta(hours=BROKER_WALLCLOCK_OFFSET_HOURS)
[2026-05-27 10:20:01 BROKER] cycle | {'bars_m5': 599, 'bars_h1': 250, 'bars_d1': 120, 'last_bar_time': '2026-05-27 10:15:00', 'data_age_min': 5.0, 'signal': False, 'risk_per_trade': 0.005, 'weight': 0.25, 'diag': {'n_m5': 599, 'n_h1': 250, 'n_d1': 120, 'bar_time': '2026-05-27 10:15:00', 'open': 1.6091, 'high': 1.60947, 'low': 1.60903, 'close': 1.6093600000000001, 'volume': 417.0, 'trend_dir': 1, 'h1_trend': 1, 'd1_trend': 1, 'h1_rsi': 72.229, 'in_session': False, 'atr_ok': True, 'adx_ok': True, 'ema20': 1.608554, 'rsi': 75.358, 'atr': 0.000343, 'adx': 47.229, 'bb_up': 1.609616, 'bb_lo': 1.607189, 'f_bb': 0, 'f_ema': 0, 'f_rsi': 0, 'f_candle': 1, 'f_rsiR': 0, 'f_macd': 1, 'f_stoch': 0, 'f_vol': 0, 'signal_dir': 0, 'h1_topped_from_m5': 1, 'd1_topped_from_m5': 1}}
C:\Users\Administrator\Desktop\tob\ema-h1trend\mt5\run_multi_scalper.py:179: Pandas4Warning: Timestamp.utcnow is deprecated and will be removed in a future version. Use Timestamp.now('UTC') instead.
  return pd.Timestamp.utcnow().tz_localize(None) + pd.Timedelta(hours=BROKER_WALLCLOCK_OFFSET_HOURS)
[portfolio] cycle_complete: symbols=4 signals=0 placed=0 skipped=0 elapsed_s=0.63 per_symbol=[{'symbol': 'XAUUSD', 'signal': False}, {'symbol': 'GBPUSD', 'signal': False}, {'symbol': 'GBPCAD', 'signal': False}, {'symbol': 'EURCAD', 'signal': False}]
  → sleeping 299s until next M5 close ...
[2026-05-27 10:25:00 BROKER] cycle | {'bars_m5': 599, 'bars_h1': 250, 'bars_d1': 120, 'last_bar_time': '2026-05-27 10:20:00', 'data_age_min': 5.0, 'signal': False, 'risk_per_trade': 0.005, 'weight': 0.25, 'diag': {'n_m5': 599, 'n_h1': 250, 'n_d1': 120, 'bar_time': '2026-05-27 10:20:00', 'open': 4484.1, 'high': 4489.18, 'low': 4482.95, 'close': 4486.42, 'volume': 891.0, 'trend_dir': -1, 'h1_trend': -1, 'd1_trend': -1, 'h1_rsi': 37.214, 'in_session': False, 'atr_ok': True, 'adx_ok': True, 'ema20': 4489.208774, 'rsi': 42.953, 'atr': 5.010236, 'adx': 35.287, 'bb_up': 4500.456637, 'bb_lo': 4477.742363, 'f_bb': 0, 'f_ema': -1, 'f_rsi': 0, 'f_candle': 0, 'f_rsiR': 1, 'f_macd': 1, 'f_stoch': 0, 'f_vol': 0, 'signal_dir': 0, 'h1_topped_from_m5': 1, 'd1_topped_from_m5': 1}}
[2026-05-27 10:25:00 BROKER] heartbeat | {'uptime_s': 5545.2, 'mt5_connected': True, 'mt5_trade_allowed': True, 'tracked_pendings': 0, 'open_positions': 0, 'cooldown_active': False, 'cooldown_remaining_s': 0.0, 'balance': 980.2, 'equity': 980.2}
C:\Users\Administrator\Desktop\tob\ema-h1trend\mt5\run_multi_scalper.py:179: Pandas4Warning: Timestamp.utcnow is deprecated and will be removed in a future version. Use Timestamp.now('UTC') instead.
  return pd.Timestamp.utcnow().tz_localize(None) + pd.Timedelta(hours=BROKER_WALLCLOCK_OFFSET_HOURS)
[2026-05-27 10:25:00 BROKER] cycle | {'bars_m5': 599, 'bars_h1': 250, 'bars_d1': 120, 'last_bar_time': '2026-05-27 10:20:00', 'data_age_min': 5.0, 'signal': False, 'risk_per_trade': 0.005, 'weight': 0.25, 'diag': {'n_m5': 599, 'n_h1': 250, 'n_d1': 120, 'bar_time': '2026-05-27 10:20:00', 'open': 1.34493, 'high': 1.34493, 'low': 1.34462, 'close': 1.34473, 'volume': 265.0, 'trend_dir': -1, 'h1_trend': -1, 'd1_trend': -1, 'h1_rsi': 40.756, 'in_session': False, 'atr_ok': True, 'adx_ok': True, 'ema20': 1.345022, 'rsi': 40.672, 'atr': 0.000321, 'adx': 20.353, 'bb_up': 1.345475, 'bb_lo': 1.3444, 'f_bb': 0, 'f_ema': -1, 'f_rsi': 0, 'f_candle': 0, 'f_rsiR': 0, 'f_macd': -1, 'f_stoch': 0, 'f_vol': 0, 'signal_dir': 0, 'h1_topped_from_m5': 1, 'd1_topped_from_m5': 1}}
C:\Users\Administrator\Desktop\tob\ema-h1trend\mt5\run_multi_scalper.py:179: Pandas4Warning: Timestamp.utcnow is deprecated and will be removed in a future version. Use Timestamp.now('UTC') instead.
  return pd.Timestamp.utcnow().tz_localize(None) + pd.Timedelta(hours=BROKER_WALLCLOCK_OFFSET_HOURS)
[2026-05-27 10:25:01 BROKER] cycle | {'bars_m5': 599, 'bars_h1': 250, 'bars_d1': 120, 'last_bar_time': '2026-05-27 10:20:00', 'data_age_min': 5.0, 'signal': False, 'risk_per_trade': 0.005, 'weight': 0.25, 'diag': {'n_m5': 599, 'n_h1': 250, 'n_d1': 120, 'bar_time': '2026-05-27 10:20:00', 'open': 1.85901, 'high': 1.85904, 'low': 1.85829, 'close': 1.85839, 'volume': 500.0, 'trend_dir': 0, 'h1_trend': -1, 'd1_trend': 1, 'h1_rsi': 49.373, 'in_session': False, 'atr_ok': True, 'adx_ok': True, 'ema20': 1.858296, 'rsi': 52.849, 'atr': 0.000501, 'adx': 23.608, 'bb_up': 1.859156, 'bb_lo': 1.857127, 'f_bb': 0, 'f_ema': 1, 'f_rsi': 0, 'f_candle': -1, 'f_rsiR': -1, 'f_macd': 1, 'f_stoch': 0, 'f_vol': 0, 'signal_dir': 0, 'h1_topped_from_m5': 1, 'd1_topped_from_m5': 1}}
C:\Users\Administrator\Desktop\tob\ema-h1trend\mt5\run_multi_scalper.py:179: Pandas4Warning: Timestamp.utcnow is deprecated and will be removed in a future version. Use Timestamp.now('UTC') instead.
  return pd.Timestamp.utcnow().tz_localize(None) + pd.Timedelta(hours=BROKER_WALLCLOCK_OFFSET_HOURS)
[2026-05-27 10:25:01 BROKER] cycle | {'bars_m5': 599, 'bars_h1': 250, 'bars_d1': 120, 'last_bar_time': '2026-05-27 10:20:00', 'data_age_min': 5.0, 'signal': False, 'risk_per_trade': 0.005, 'weight': 0.25, 'diag': {'n_m5': 599, 'n_h1': 250, 'n_d1': 120, 'bar_time': '2026-05-27 10:20:00', 'open': 1.6093600000000001, 'high': 1.60942, 'low': 1.6090499999999999, 'close': 1.60911, 'volume': 434.0, 'trend_dir': 1, 'h1_trend': 1, 'd1_trend': 1, 'h1_rsi': 70.664, 'in_session': False, 'atr_ok': True, 'adx_ok': True, 'ema20': 1.608607, 'rsi': 66.772, 'atr': 0.000347, 'adx': 48.683, 'bb_up': 1.609684, 'bb_lo': 1.607255, 'f_bb': 0, 'f_ema': 0, 'f_rsi': 0, 'f_candle': 0, 'f_rsiR': 0, 'f_macd': 1, 'f_stoch': -1, 'f_vol': 0, 'signal_dir': 0, 'h1_topped_from_m5': 1, 'd1_topped_from_m5': 1}}
C:\Users\Administrator\Desktop\tob\ema-h1trend\mt5\run_multi_scalper.py:179: Pandas4Warning: Timestamp.utcnow is deprecated and will be removed in a future version. Use Timestamp.now('UTC') instead.
  return pd.Timestamp.utcnow().tz_localize(None) + pd.Timedelta(hours=BROKER_WALLCLOCK_OFFSET_HOURS)
[portfolio] cycle_complete: symbols=4 signals=0 placed=0 skipped=0 elapsed_s=0.65 per_symbol=[{'symbol': 'XAUUSD', 'signal': False}, {'symbol': 'GBPUSD', 'signal': False}, {'symbol': 'GBPCAD', 'signal': False}, {'symbol': 'EURCAD', 'signal': False}]
  → sleeping 299s until next M5 close ...
[2026-05-27 10:30:00 BROKER] cycle | {'bars_m5': 599, 'bars_h1': 250, 'bars_d1': 120, 'last_bar_time': '2026-05-27 10:25:00', 'data_age_min': 5.0, 'signal': False, 'risk_per_trade': 0.005, 'weight': 0.25, 'diag': {'n_m5': 599, 'n_h1': 250, 'n_d1': 120, 'bar_time': '2026-05-27 10:25:00', 'open': 4486.41, 'high': 4487.18, 'low': 4484.89, 'close': 4486.29, 'volume': 943.0, 'trend_dir': -1, 'h1_trend': -1, 'd1_trend': -1, 'h1_rsi': 37.14, 'in_session': False, 'atr_ok': True, 'adx_ok': True, 'ema20': 4488.930796, 'rsi': 42.792, 'atr': 4.647538, 'adx': 34.566, 'bb_up': 4499.136044, 'bb_lo': 4477.897956, 'f_bb': 0, 'f_ema': -1, 'f_rsi': 0, 'f_candle': 0, 'f_rsiR': 1, 'f_macd': 1, 'f_stoch': 0, 'f_vol': 0, 'signal_dir': 0, 'h1_topped_from_m5': 1, 'd1_topped_from_m5': 1}}
C:\Users\Administrator\Desktop\tob\ema-h1trend\mt5\run_multi_scalper.py:179: Pandas4Warning: Timestamp.utcnow is deprecated and will be removed in a future version. Use Timestamp.now('UTC') instead.
  return pd.Timestamp.utcnow().tz_localize(None) + pd.Timedelta(hours=BROKER_WALLCLOCK_OFFSET_HOURS)
[2026-05-27 10:30:00 BROKER] cycle | {'bars_m5': 599, 'bars_h1': 250, 'bars_d1': 120, 'last_bar_time': '2026-05-27 10:25:00', 'data_age_min': 5.0, 'signal': False, 'risk_per_trade': 0.005, 'weight': 0.25, 'diag': {'n_m5': 599, 'n_h1': 250, 'n_d1': 120, 'bar_time': '2026-05-27 10:25:00', 'open': 1.34473, 'high': 1.34485, 'low': 1.34462, 'close': 1.34473, 'volume': 307.0, 'trend_dir': -1, 'h1_trend': -1, 'd1_trend': -1, 'h1_rsi': 40.756, 'in_session': False, 'atr_ok': True, 'adx_ok': True, 'ema20': 1.344994, 'rsi': 40.672, 'atr': 0.000309, 'adx': 19.739, 'bb_up': 1.345454, 'bb_lo': 1.344381, 'f_bb': 0, 'f_ema': 0, 'f_rsi': 0, 'f_candle': 0, 'f_rsiR': 0, 'f_macd': -1, 'f_stoch': 0, 'f_vol': 0, 'signal_dir': 0, 'h1_topped_from_m5': 1, 'd1_topped_from_m5': 1}}
[2026-05-27 10:30:00 BROKER] heartbeat | {'uptime_s': 5845.2, 'mt5_connected': True, 'mt5_trade_allowed': True, 'tracked_pendings': 0, 'open_positions': 0, 'cooldown_active': False, 'cooldown_remaining_s': 0.0, 'balance': 980.2, 'equity': 980.2}
[2026-05-27 10:30:00 BROKER] mt5_connected | {'state': 'healthy', 'periodic': True, 'connected': True, 'trade_allowed': True, 'ping_ms': 16980}
C:\Users\Administrator\Desktop\tob\ema-h1trend\mt5\run_multi_scalper.py:179: Pandas4Warning: Timestamp.utcnow is deprecated and will be removed in a future version. Use Timestamp.now('UTC') instead.
  return pd.Timestamp.utcnow().tz_localize(None) + pd.Timedelta(hours=BROKER_WALLCLOCK_OFFSET_HOURS)
[2026-05-27 10:30:00 BROKER] cycle | {'bars_m5': 599, 'bars_h1': 250, 'bars_d1': 120, 'last_bar_time': '2026-05-27 10:25:00', 'data_age_min': 5.0, 'signal': False, 'risk_per_trade': 0.005, 'weight': 0.25, 'diag': {'n_m5': 599, 'n_h1': 250, 'n_d1': 120, 'bar_time': '2026-05-27 10:25:00', 'open': 1.85839, 'high': 1.8588200000000001, 'low': 1.85834, 'close': 1.85873, 'volume': 526.0, 'trend_dir': 1, 'h1_trend': 1, 'd1_trend': 1, 'h1_rsi': 51.624, 'in_session': False, 'atr_ok': True, 'adx_ok': True, 'ema20': 1.858337, 'rsi': 57.506, 'atr': 0.000498, 'adx': 23.981, 'bb_up': 1.859222, 'bb_lo': 1.857155, 'f_bb': 0, 'f_ema': 1, 'f_rsi': 0, 'f_candle': 0, 'f_rsiR': -1, 'f_macd': 1, 'f_stoch': 0, 'f_vol': 0, 'signal_dir': 0, 'h1_topped_from_m5': 1, 'd1_topped_from_m5': 1}}
[2026-05-27 10:30:00 BROKER] heartbeat | {'uptime_s': 5845.2, 'mt5_connected': True, 'mt5_trade_allowed': True, 'tracked_pendings': 0, 'open_positions': 0, 'cooldown_active': False, 'cooldown_remaining_s': 0.0, 'balance': 980.2, 'equity': 980.2}
C:\Users\Administrator\Desktop\tob\ema-h1trend\mt5\run_multi_scalper.py:179: Pandas4Warning: Timestamp.utcnow is deprecated and will be removed in a future version. Use Timestamp.now('UTC') instead.
  return pd.Timestamp.utcnow().tz_localize(None) + pd.Timedelta(hours=BROKER_WALLCLOCK_OFFSET_HOURS)
[2026-05-27 10:30:01 BROKER] cycle | {'bars_m5': 599, 'bars_h1': 250, 'bars_d1': 120, 'last_bar_time': '2026-05-27 10:25:00', 'data_age_min': 5.0, 'signal': False, 'risk_per_trade': 0.005, 'weight': 0.25, 'diag': {'n_m5': 599, 'n_h1': 250, 'n_d1': 120, 'bar_time': '2026-05-27 10:25:00', 'open': 1.60911, 'high': 1.6096300000000001, 'low': 1.60911, 'close': 1.6096, 'volume': 511.0, 'trend_dir': 1, 'h1_trend': 1, 'd1_trend': 1, 'h1_rsi': 73.296, 'in_session': False, 'atr_ok': True, 'adx_ok': True, 'ema20': 1.608701, 'rsi': 73.214, 'atr': 0.00037, 'adx': 50.305, 'bb_up': 1.609815, 'bb_lo': 1.607321, 'f_bb': 0, 'f_ema': 0, 'f_rsi': 0, 'f_candle': 1, 'f_rsiR': 0, 'f_macd': 1, 'f_stoch': 0, 'f_vol': 1, 'signal_dir': 0, 'h1_topped_from_m5': 1, 'd1_topped_from_m5': 1}}
[portfolio] cycle_complete: symbols=4 signals=0 placed=0 skipped=0 elapsed_s=0.63 per_symbol=[{'symbol': 'XAUUSD', 'signal': False}, {'symbol': 'GBPUSD', 'signal': False}, {'symbol': 'GBPCAD', 'signal': False}, {'symbol': 'EURCAD', 'signal': False}]
  → sleeping 299s until next M5 close ...
[2026-05-27 10:35:00 BROKER] heartbeat | {'uptime_s': 6145.2, 'mt5_connected': True, 'mt5_trade_allowed': True, 'tracked_pendings': 0, 'open_positions': 0, 'cooldown_active': False, 'cooldown_remaining_s': 0.0, 'balance': 980.2, 'equity': 980.2}
C:\Users\Administrator\Desktop\tob\ema-h1trend\mt5\run_multi_scalper.py:179: Pandas4Warning: Timestamp.utcnow is deprecated and will be removed in a future version. Use Timestamp.now('UTC') instead.
  return pd.Timestamp.utcnow().tz_localize(None) + pd.Timedelta(hours=BROKER_WALLCLOCK_OFFSET_HOURS)
[2026-05-27 10:35:00 BROKER] cycle | {'bars_m5': 599, 'bars_h1': 250, 'bars_d1': 120, 'last_bar_time': '2026-05-27 10:30:00', 'data_age_min': 5.0, 'signal': False, 'risk_per_trade': 0.005, 'weight': 0.25, 'diag': {'n_m5': 599, 'n_h1': 250, 'n_d1': 120, 'bar_time': '2026-05-27 10:30:00', 'open': 4486.27, 'high': 4488.68, 'low': 4484.84, 'close': 4485.68, 'volume': 979.0, 'trend_dir': -1, 'h1_trend': -1, 'd1_trend': -1, 'h1_rsi': 36.787, 'in_session': False, 'atr_ok': True, 'adx_ok': True, 'ema20': 4488.621196, 'rsi': 42.0, 'atr': 4.539866, 'adx': 33.396, 'bb_up': 4497.376883, 'bb_lo': 4478.348117, 'f_bb': 0, 'f_ema': -1, 'f_rsi': 0, 'f_candle': -1, 'f_rsiR': 1, 'f_macd': 1, 'f_stoch': 0, 'f_vol': 0, 'signal_dir': 0, 'h1_topped_from_m5': 1, 'd1_topped_from_m5': 1}}
C:\Users\Administrator\Desktop\tob\ema-h1trend\mt5\run_multi_scalper.py:179: Pandas4Warning: Timestamp.utcnow is deprecated and will be removed in a future version. Use Timestamp.now('UTC') instead.
  return pd.Timestamp.utcnow().tz_localize(None) + pd.Timedelta(hours=BROKER_WALLCLOCK_OFFSET_HOURS)
[2026-05-27 10:35:00 BROKER] cycle | {'bars_m5': 599, 'bars_h1': 250, 'bars_d1': 120, 'last_bar_time': '2026-05-27 10:30:00', 'data_age_min': 5.0, 'signal': False, 'risk_per_trade': 0.005, 'weight': 0.25, 'diag': {'n_m5': 599, 'n_h1': 250, 'n_d1': 120, 'bar_time': '2026-05-27 10:30:00', 'open': 1.34473, 'high': 1.34483, 'low': 1.34456, 'close': 1.34474, 'volume': 294.0, 'trend_dir': -1, 'h1_trend': -1, 'd1_trend': -1, 'h1_rsi': 40.826, 'in_session': False, 'atr_ok': True, 'adx_ok': True, 'ema20': 1.34497, 'rsi': 41.037, 'atr': 0.000304, 'adx': 19.4, 'bb_up': 1.34541, 'bb_lo': 1.344374, 'f_bb': 0, 'f_ema': 0, 'f_rsi': 0, 'f_candle': 1, 'f_rsiR': 0, 'f_macd': -1, 'f_stoch': 1, 'f_vol': 0, 'signal_dir': 0, 'h1_topped_from_m5': 1, 'd1_topped_from_m5': 1}}
C:\Users\Administrator\Desktop\tob\ema-h1trend\mt5\run_multi_scalper.py:179: Pandas4Warning: Timestamp.utcnow is deprecated and will be removed in a future version. Use Timestamp.now('UTC') instead.
  return pd.Timestamp.utcnow().tz_localize(None) + pd.Timedelta(hours=BROKER_WALLCLOCK_OFFSET_HOURS)
[2026-05-27 10:35:00 BROKER] cycle | {'bars_m5': 599, 'bars_h1': 250, 'bars_d1': 120, 'last_bar_time': '2026-05-27 10:30:00', 'data_age_min': 5.0, 'signal': False, 'risk_per_trade': 0.005, 'weight': 0.25, 'diag': {'n_m5': 599, 'n_h1': 250, 'n_d1': 120, 'bar_time': '2026-05-27 10:30:00', 'open': 1.85874, 'high': 1.85897, 'low': 1.8585500000000001, 'close': 1.85876, 'volume': 436.0, 'trend_dir': 1, 'h1_trend': 1, 'd1_trend': 1, 'h1_rsi': 51.832, 'in_session': False, 'atr_ok': True, 'adx_ok': True, 'ema20': 1.858377, 'rsi': 57.901, 'atr': 0.000488, 'adx': 24.674, 'bb_up': 1.859285, 'bb_lo': 1.857162, 'f_bb': 0, 'f_ema': 1, 'f_rsi': 0, 'f_candle': 0, 'f_rsiR': -1, 'f_macd': 1, 'f_stoch': 0, 'f_vol': 0, 'signal_dir': 0, 'h1_topped_from_m5': 1, 'd1_topped_from_m5': 1}}
C:\Users\Administrator\Desktop\tob\ema-h1trend\mt5\run_multi_scalper.py:179: Pandas4Warning: Timestamp.utcnow is deprecated and will be removed in a future version. Use Timestamp.now('UTC') instead.
  return pd.Timestamp.utcnow().tz_localize(None) + pd.Timedelta(hours=BROKER_WALLCLOCK_OFFSET_HOURS)
[2026-05-27 10:35:01 BROKER] cycle | {'bars_m5': 599, 'bars_h1': 250, 'bars_d1': 120, 'last_bar_time': '2026-05-27 10:30:00', 'data_age_min': 5.0, 'signal': False, 'risk_per_trade': 0.005, 'weight': 0.25, 'diag': {'n_m5': 599, 'n_h1': 250, 'n_d1': 120, 'bar_time': '2026-05-27 10:30:00', 'open': 1.6096, 'high': 1.60982, 'low': 1.6095000000000002, 'close': 1.60971, 'volume': 387.0, 'trend_dir': 1, 'h1_trend': 1, 'd1_trend': 1, 'h1_rsi': 73.758, 'in_session': False, 'atr_ok': True, 'adx_ok': True, 'ema20': 1.608797, 'rsi': 74.413, 'atr': 0.000363, 'adx': 52.022, 'bb_up': 1.609969, 'bb_lo': 1.607338, 'f_bb': 0, 'f_ema': 0, 'f_rsi': 0, 'f_candle': 0, 'f_rsiR': 0, 'f_macd': 1, 'f_stoch': 0, 'f_vol': 0, 'signal_dir': 0, 'h1_topped_from_m5': 1, 'd1_topped_from_m5': 1}}
C:\Users\Administrator\Desktop\tob\ema-h1trend\mt5\run_multi_scalper.py:179: Pandas4Warning: Timestamp.utcnow is deprecated and will be removed in a future version. Use Timestamp.now('UTC') instead.
  return pd.Timestamp.utcnow().tz_localize(None) + pd.Timedelta(hours=BROKER_WALLCLOCK_OFFSET_HOURS)
[portfolio] cycle_complete: symbols=4 signals=0 placed=0 skipped=0 elapsed_s=0.66 per_symbol=[{'symbol': 'XAUUSD', 'signal': False}, {'symbol': 'GBPUSD', 'signal': False}, {'symbol': 'GBPCAD', 'signal': False}, {'symbol': 'EURCAD', 'signal': False}]
  → sleeping 299s until next M5 close ...
[2026-05-27 10:40:00 BROKER] cycle | {'bars_m5': 599, 'bars_h1': 250, 'bars_d1': 120, 'last_bar_time': '2026-05-27 10:35:00', 'data_age_min': 5.0, 'signal': False, 'risk_per_trade': 0.005, 'weight': 0.25, 'diag': {'n_m5': 599, 'n_h1': 250, 'n_d1': 120, 'bar_time': '2026-05-27 10:35:00', 'open': 4485.7, 'high': 4486.44, 'low': 4481.3, 'close': 4483.03, 'volume': 956.0, 'trend_dir': -1, 'h1_trend': -1, 'd1_trend': -1, 'h1_rsi': 35.792, 'in_session': False, 'atr_ok': True, 'adx_ok': True, 'ema20': 4488.088701, 'rsi': 38.65, 'atr': 4.619884, 'adx': 33.037, 'bb_up': 4495.69224, 'bb_lo': 4478.57576, 'f_bb': 0, 'f_ema': -1, 'f_rsi': 0, 'f_candle': 0, 'f_rsiR': 1, 'f_macd': 1, 'f_stoch': 0, 'f_vol': 0, 'signal_dir': 0, 'h1_topped_from_m5': 1, 'd1_topped_from_m5': 1}}
[2026-05-27 10:40:00 BROKER] heartbeat | {'uptime_s': 6445.2, 'mt5_connected': True, 'mt5_trade_allowed': True, 'tracked_pendings': 0, 'open_positions': 0, 'cooldown_active': False, 'cooldown_remaining_s': 0.0, 'balance': 980.2, 'equity': 980.2}
C:\Users\Administrator\Desktop\tob\ema-h1trend\mt5\run_multi_scalper.py:179: Pandas4Warning: Timestamp.utcnow is deprecated and will be removed in a future version. Use Timestamp.now('UTC') instead.
  return pd.Timestamp.utcnow().tz_localize(None) + pd.Timedelta(hours=BROKER_WALLCLOCK_OFFSET_HOURS)
[2026-05-27 10:40:00 BROKER] cycle | {'bars_m5': 599, 'bars_h1': 250, 'bars_d1': 120, 'last_bar_time': '2026-05-27 10:35:00', 'data_age_min': 5.0, 'signal': False, 'risk_per_trade': 0.005, 'weight': 0.25, 'diag': {'n_m5': 599, 'n_h1': 250, 'n_d1': 120, 'bar_time': '2026-05-27 10:35:00', 'open': 1.34474, 'high': 1.34485, 'low': 1.3446, 'close': 1.34482, 'volume': 261.0, 'trend_dir': -1, 'h1_trend': -1, 'd1_trend': -1, 'h1_rsi': 41.394, 'in_session': False, 'atr_ok': True, 'adx_ok': True, 'ema20': 1.344956, 'rsi': 44.0, 'atr': 0.000297, 'adx': 18.979, 'bb_up': 1.345407, 'bb_lo': 1.344368, 'f_bb': 0, 'f_ema': -1, 'f_rsi': 0, 'f_candle': 0, 'f_rsiR': 0, 'f_macd': -1, 'f_stoch': 0, 'f_vol': 0, 'signal_dir': 0, 'h1_topped_from_m5': 1, 'd1_topped_from_m5': 1}}
[2026-05-27 10:40:00 BROKER] heartbeat | {'uptime_s': 6445.2, 'mt5_connected': True, 'mt5_trade_allowed': True, 'tracked_pendings': 0, 'open_positions': 0, 'cooldown_active': False, 'cooldown_remaining_s': 0.0, 'balance': 980.2, 'equity': 980.2}
[2026-05-27 10:40:00 BROKER] mt5_connected | {'state': 'healthy', 'periodic': True, 'connected': True, 'trade_allowed': True, 'ping_ms': 16980}
C:\Users\Administrator\Desktop\tob\ema-h1trend\mt5\run_multi_scalper.py:179: Pandas4Warning: Timestamp.utcnow is deprecated and will be removed in a future version. Use Timestamp.now('UTC') instead.
  return pd.Timestamp.utcnow().tz_localize(None) + pd.Timedelta(hours=BROKER_WALLCLOCK_OFFSET_HOURS)
[2026-05-27 10:40:00 BROKER] cycle | {'bars_m5': 599, 'bars_h1': 250, 'bars_d1': 120, 'last_bar_time': '2026-05-27 10:35:00', 'data_age_min': 5.0, 'signal': False, 'risk_per_trade': 0.005, 'weight': 0.25, 'diag': {'n_m5': 599, 'n_h1': 250, 'n_d1': 120, 'bar_time': '2026-05-27 10:35:00', 'open': 1.85877, 'high': 1.8589799999999999, 'low': 1.85861, 'close': 1.85894, 'volume': 424.0, 'trend_dir': 1, 'h1_trend': 1, 'd1_trend': 1, 'h1_rsi': 53.019, 'in_session': False, 'atr_ok': True, 'adx_ok': True, 'ema20': 1.858431, 'rsi': 60.287, 'atr': 0.000472, 'adx': 25.34, 'bb_up': 1.859367, 'bb_lo': 1.857198, 'f_bb': 0, 'f_ema': 1, 'f_rsi': 0, 'f_candle': 0, 'f_rsiR': -1, 'f_macd': 1, 'f_stoch': 0, 'f_vol': 0, 'signal_dir': 0, 'h1_topped_from_m5': 1, 'd1_topped_from_m5': 1}}
[2026-05-27 10:40:01 BROKER] heartbeat | {'uptime_s': 6445.3, 'mt5_connected': True, 'mt5_trade_allowed': True, 'tracked_pendings': 0, 'open_positions': 0, 'cooldown_active': False, 'cooldown_remaining_s': 0.0, 'balance': 980.2, 'equity': 980.2}
C:\Users\Administrator\Desktop\tob\ema-h1trend\mt5\run_multi_scalper.py:179: Pandas4Warning: Timestamp.utcnow is deprecated and will be removed in a future version. Use Timestamp.now('UTC') instead.
  return pd.Timestamp.utcnow().tz_localize(None) + pd.Timedelta(hours=BROKER_WALLCLOCK_OFFSET_HOURS)
[2026-05-27 10:40:01 BROKER] cycle | {'bars_m5': 599, 'bars_h1': 250, 'bars_d1': 120, 'last_bar_time': '2026-05-27 10:35:00', 'data_age_min': 5.0, 'signal': False, 'risk_per_trade': 0.005, 'weight': 0.25, 'diag': {'n_m5': 599, 'n_h1': 250, 'n_d1': 120, 'bar_time': '2026-05-27 10:35:00', 'open': 1.6097000000000001, 'high': 1.6099, 'low': 1.60956, 'close': 1.60983, 'volume': 328.0, 'trend_dir': 1, 'h1_trend': 1, 'd1_trend': 1, 'h1_rsi': 74.244, 'in_session': False, 'atr_ok': True, 'adx_ok': True, 'ema20': 1.608896, 'rsi': 75.692, 'atr': 0.00036, 'adx': 53.698, 'bb_up': 1.610103, 'bb_lo': 1.60741, 'f_bb': 0, 'f_ema': 0, 'f_rsi': 0, 'f_candle': 0, 'f_rsiR': 0, 'f_macd': 1, 'f_stoch': 0, 'f_vol': 0, 'signal_dir': 0, 'h1_topped_from_m5': 1, 'd1_topped_from_m5': 1}}
C:\Users\Administrator\Desktop\tob\ema-h1trend\mt5\run_multi_scalper.py:179: Pandas4Warning: Timestamp.utcnow is deprecated and will be removed in a future version. Use Timestamp.now('UTC') instead.
  return pd.Timestamp.utcnow().tz_localize(None) + pd.Timedelta(hours=BROKER_WALLCLOCK_OFFSET_HOURS)
[portfolio] cycle_complete: symbols=4 signals=0 placed=0 skipped=0 elapsed_s=0.66 per_symbol=[{'symbol': 'XAUUSD', 'signal': False}, {'symbol': 'GBPUSD', 'signal': False}, {'symbol': 'GBPCAD', 'signal': False}, {'symbol': 'EURCAD', 'signal': False}]
  → sleeping 299s until next M5 close ...
[2026-05-27 10:45:00 BROKER] cycle | {'bars_m5': 599, 'bars_h1': 250, 'bars_d1': 120, 'last_bar_time': '2026-05-27 10:40:00', 'data_age_min': 5.0, 'signal': False, 'risk_per_trade': 0.005, 'weight': 0.25, 'diag': {'n_m5': 599, 'n_h1': 250, 'n_d1': 120, 'bar_time': '2026-05-27 10:40:00', 'open': 4483.02, 'high': 4484.64, 'low': 4482.13, 'close': 4482.8, 'volume': 837.0, 'trend_dir': -1, 'h1_trend': -1, 'd1_trend': -1, 'h1_rsi': 35.718, 'in_session': False, 'atr_ok': True, 'adx_ok': True, 'ema20': 4487.585015, 'rsi': 38.364, 'atr': 4.338566, 'adx': 32.704, 'bb_up': 4494.403025, 'bb_lo': 4478.632975, 'f_bb': 0, 'f_ema': 0, 'f_rsi': 0, 'f_candle': -1, 'f_rsiR': 1, 'f_macd': 1, 'f_stoch': 0, 'f_vol': 0, 'signal_dir': 0, 'h1_topped_from_m5': 1, 'd1_topped_from_m5': 1}}
C:\Users\Administrator\Desktop\tob\ema-h1trend\mt5\run_multi_scalper.py:179: Pandas4Warning: Timestamp.utcnow is deprecated and will be removed in a future version. Use Timestamp.now('UTC') instead.
  return pd.Timestamp.utcnow().tz_localize(None) + pd.Timedelta(hours=BROKER_WALLCLOCK_OFFSET_HOURS)
[2026-05-27 10:45:00 BROKER] cycle | {'bars_m5': 599, 'bars_h1': 250, 'bars_d1': 120, 'last_bar_time': '2026-05-27 10:40:00', 'data_age_min': 5.0, 'signal': False, 'risk_per_trade': 0.005, 'weight': 0.25, 'diag': {'n_m5': 599, 'n_h1': 250, 'n_d1': 120, 'bar_time': '2026-05-27 10:40:00', 'open': 1.34481, 'high': 1.34484, 'low': 1.34459, 'close': 1.34482, 'volume': 240.0, 'trend_dir': -1, 'h1_trend': -1, 'd1_trend': -1, 'h1_rsi': 41.394, 'in_session': False, 'atr_ok': True, 'adx_ok': True, 'ema20': 1.344943, 'rsi': 44.0, 'atr': 0.00029, 'adx': 18.63, 'bb_up': 1.345402, 'bb_lo': 1.344393, 'f_bb': 0, 'f_ema': -1, 'f_rsi': 0, 'f_candle': 1, 'f_rsiR': 0, 'f_macd': -1, 'f_stoch': 0, 'f_vol': 0, 'signal_dir': 0, 'h1_topped_from_m5': 1, 'd1_topped_from_m5': 1}}
C:\Users\Administrator\Desktop\tob\ema-h1trend\mt5\run_multi_scalper.py:179: Pandas4Warning: Timestamp.utcnow is deprecated and will be removed in a future version. Use Timestamp.now('UTC') instead.
  return pd.Timestamp.utcnow().tz_localize(None) + pd.Timedelta(hours=BROKER_WALLCLOCK_OFFSET_HOURS)
[2026-05-27 10:45:00 BROKER] cycle | {'bars_m5': 599, 'bars_h1': 250, 'bars_d1': 120, 'last_bar_time': '2026-05-27 10:40:00', 'data_age_min': 5.0, 'signal': False, 'risk_per_trade': 0.005, 'weight': 0.25, 'diag': {'n_m5': 599, 'n_h1': 250, 'n_d1': 120, 'bar_time': '2026-05-27 10:40:00', 'open': 1.85895, 'high': 1.859, 'low': 1.8587, 'close': 1.8587500000000001, 'volume': 475.0, 'trend_dir': 1, 'h1_trend': 1, 'd1_trend': 1, 'h1_rsi': 51.763, 'in_session': False, 'atr_ok': True, 'adx_ok': True, 'ema20': 1.858461, 'rsi': 56.638, 'atr': 0.000449, 'adx': 26.008, 'bb_up': 1.859383, 'bb_lo': 1.857307, 'f_bb': 0, 'f_ema': 0, 'f_rsi': 0, 'f_candle': -1, 'f_rsiR': -1, 'f_macd': 1, 'f_stoch': -1, 'f_vol': 0, 'signal_dir': 0, 'h1_topped_from_m5': 1, 'd1_topped_from_m5': 1}}
C:\Users\Administrator\Desktop\tob\ema-h1trend\mt5\run_multi_scalper.py:179: Pandas4Warning: Timestamp.utcnow is deprecated and will be removed in a future version. Use Timestamp.now('UTC') instead.
  return pd.Timestamp.utcnow().tz_localize(None) + pd.Timedelta(hours=BROKER_WALLCLOCK_OFFSET_HOURS)
[2026-05-27 10:45:01 BROKER] cycle | {'bars_m5': 599, 'bars_h1': 250, 'bars_d1': 120, 'last_bar_time': '2026-05-27 10:40:00', 'data_age_min': 5.0, 'signal': False, 'risk_per_trade': 0.005, 'weight': 0.25, 'diag': {'n_m5': 599, 'n_h1': 250, 'n_d1': 120, 'bar_time': '2026-05-27 10:40:00', 'open': 1.60983, 'high': 1.60998, 'low': 1.6097299999999999, 'close': 1.6098400000000002, 'volume': 398.0, 'trend_dir': 1, 'h1_trend': 1, 'd1_trend': 1, 'h1_rsi': 74.283, 'in_session': False, 'atr_ok': True, 'adx_ok': True, 'ema20': 1.608986, 'rsi': 75.8, 'atr': 0.000345, 'adx': 55.334, 'bb_up': 1.610191, 'bb_lo': 1.60754, 'f_bb': 0, 'f_ema': 0, 'f_rsi': 0, 'f_candle': 0, 'f_rsiR': 0, 'f_macd': 1, 'f_stoch': -1, 'f_vol': 0, 'signal_dir': 0, 'h1_topped_from_m5': 1, 'd1_topped_from_m5': 1}}
[portfolio] cycle_complete: symbols=4 signals=0 placed=0 skipped=0 elapsed_s=0.58 per_symbol=[{'symbol': 'XAUUSD', 'signal': False}, {'symbol': 'GBPUSD', 'signal': False}, {'symbol': 'GBPCAD', 'signal': False}, {'symbol': 'EURCAD', 'signal': False}]
  → sleeping 299s until next M5 close ...
[2026-05-27 10:50:00 BROKER] heartbeat | {'uptime_s': 7045.2, 'mt5_connected': True, 'mt5_trade_allowed': True, 'tracked_pendings': 0, 'open_positions': 0, 'cooldown_active': False, 'cooldown_remaining_s': 0.0, 'balance': 980.2, 'equity': 980.2}
C:\Users\Administrator\Desktop\tob\ema-h1trend\mt5\run_multi_scalper.py:179: Pandas4Warning: Timestamp.utcnow is deprecated and will be removed in a future version. Use Timestamp.now('UTC') instead.
  return pd.Timestamp.utcnow().tz_localize(None) + pd.Timedelta(hours=BROKER_WALLCLOCK_OFFSET_HOURS)
[2026-05-27 10:50:00 BROKER] cycle | {'bars_m5': 599, 'bars_h1': 250, 'bars_d1': 120, 'last_bar_time': '2026-05-27 10:45:00', 'data_age_min': 5.0, 'signal': False, 'risk_per_trade': 0.005, 'weight': 0.25, 'diag': {'n_m5': 599, 'n_h1': 250, 'n_d1': 120, 'bar_time': '2026-05-27 10:45:00', 'open': 4482.76, 'high': 4484.05, 'low': 4478.14, 'close': 4479.56, 'volume': 848.0, 'trend_dir': -1, 'h1_trend': -1, 'd1_trend': -1, 'h1_rsi': 34.702, 'in_session': False, 'atr_ok': True, 'adx_ok': True, 'ema20': 4486.820728, 'rsi': 34.492, 'atr': 4.548091, 'adx': 33.111, 'bb_up': 4492.047064, 'bb_lo': 4479.154936, 'f_bb': 1, 'f_ema': 0, 'f_rsi': 0, 'f_candle': 0, 'f_rsiR': 1, 'f_macd': 1, 'f_stoch': 0, 'f_vol': 0, 'signal_dir': 0, 'h1_topped_from_m5': 1, 'd1_topped_from_m5': 1}}
[2026-05-27 10:50:00 BROKER] heartbeat | {'uptime_s': 7045.2, 'mt5_connected': True, 'mt5_trade_allowed': True, 'tracked_pendings': 0, 'open_positions': 0, 'cooldown_active': False, 'cooldown_remaining_s': 0.0, 'balance': 980.2, 'equity': 980.2}
C:\Users\Administrator\Desktop\tob\ema-h1trend\mt5\run_multi_scalper.py:179: Pandas4Warning: Timestamp.utcnow is deprecated and will be removed in a future version. Use Timestamp.now('UTC') instead.
  return pd.Timestamp.utcnow().tz_localize(None) + pd.Timedelta(hours=BROKER_WALLCLOCK_OFFSET_HOURS)
[2026-05-27 10:50:00 BROKER] cycle | {'bars_m5': 599, 'bars_h1': 250, 'bars_d1': 120, 'last_bar_time': '2026-05-27 10:45:00', 'data_age_min': 5.0, 'signal': False, 'risk_per_trade': 0.005, 'weight': 0.25, 'diag': {'n_m5': 599, 'n_h1': 250, 'n_d1': 120, 'bar_time': '2026-05-27 10:45:00', 'open': 1.34482, 'high': 1.34483, 'low': 1.34421, 'close': 1.34422, 'volume': 320.0, 'trend_dir': -1, 'h1_trend': -1, 'd1_trend': -1, 'h1_rsi': 37.482, 'in_session': False, 'atr_ok': True, 'adx_ok': True, 'ema20': 1.344874, 'rsi': 30.617, 'atr': 0.000334, 'adx': 19.668, 'bb_up': 1.345454, 'bb_lo': 1.344276, 'f_bb': 1, 'f_ema': -1, 'f_rsi': 0, 'f_candle': -1, 'f_rsiR': 0, 'f_macd': -1, 'f_stoch': 0, 'f_vol': -1, 'signal_dir': 0, 'h1_topped_from_m5': 1, 'd1_topped_from_m5': 1}}
C:\Users\Administrator\Desktop\tob\ema-h1trend\mt5\run_multi_scalper.py:179: Pandas4Warning: Timestamp.utcnow is deprecated and will be removed in a future version. Use Timestamp.now('UTC') instead.
  return pd.Timestamp.utcnow().tz_localize(None) + pd.Timedelta(hours=BROKER_WALLCLOCK_OFFSET_HOURS)
[2026-05-27 10:50:00 BROKER] cycle | {'bars_m5': 599, 'bars_h1': 250, 'bars_d1': 120, 'last_bar_time': '2026-05-27 10:45:00', 'data_age_min': 5.0, 'signal': False, 'risk_per_trade': 0.005, 'weight': 0.25, 'diag': {'n_m5': 599, 'n_h1': 250, 'n_d1': 120, 'bar_time': '2026-05-27 10:45:00', 'open': 1.85876, 'high': 1.85886, 'low': 1.8579400000000001, 'close': 1.85795, 'volume': 520.0, 'trend_dir': 0, 'h1_trend': -1, 'd1_trend': 1, 'h1_rsi': 46.736, 'in_session': False, 'atr_ok': True, 'adx_ok': True, 'ema20': 1.858413, 'rsi': 44.442, 'atr': 0.000512, 'adx': 24.545, 'bb_up': 1.859384, 'bb_lo': 1.857302, 'f_bb': 0, 'f_ema': -1, 'f_rsi': 0, 'f_candle': 0, 'f_rsiR': -1, 'f_macd': -1, 'f_stoch': 0, 'f_vol': 0, 'signal_dir': 0, 'h1_topped_from_m5': 1, 'd1_topped_from_m5': 1}}
[2026-05-27 10:50:00 BROKER] mt5_connected | {'state': 'healthy', 'periodic': True, 'connected': True, 'trade_allowed': True, 'ping_ms': 16980}
C:\Users\Administrator\Desktop\tob\ema-h1trend\mt5\run_multi_scalper.py:179: Pandas4Warning: Timestamp.utcnow is deprecated and will be removed in a future version. Use Timestamp.now('UTC') instead.
  return pd.Timestamp.utcnow().tz_localize(None) + pd.Timedelta(hours=BROKER_WALLCLOCK_OFFSET_HOURS)
[2026-05-27 10:50:01 BROKER] cycle | {'bars_m5': 599, 'bars_h1': 250, 'bars_d1': 120, 'last_bar_time': '2026-05-27 10:45:00', 'data_age_min': 5.0, 'signal': False, 'risk_per_trade': 0.005, 'weight': 0.25, 'diag': {'n_m5': 599, 'n_h1': 250, 'n_d1': 120, 'bar_time': '2026-05-27 10:45:00', 'open': 1.60982, 'high': 1.60987, 'low': 1.60924, 'close': 1.60938, 'volume': 410.0, 'trend_dir': 1, 'h1_trend': 1, 'd1_trend': 1, 'h1_rsi': 72.321, 'in_session': False, 'atr_ok': True, 'adx_ok': True, 'ema20': 1.609023, 'rsi': 62.072, 'atr': 0.000383, 'adx': 53.927, 'bb_up': 1.610225, 'bb_lo': 1.607631, 'f_bb': 0, 'f_ema': 0, 'f_rsi': -1, 'f_candle': 0, 'f_rsiR': -1, 'f_macd': 1, 'f_stoch': 0, 'f_vol': 0, 'signal_dir': 0, 'h1_topped_from_m5': 1, 'd1_topped_from_m5': 1}}
C:\Users\Administrator\Desktop\tob\ema-h1trend\mt5\run_multi_scalper.py:179: Pandas4Warning: Timestamp.utcnow is deprecated and will be removed in a future version. Use Timestamp.now('UTC') instead.
  return pd.Timestamp.utcnow().tz_localize(None) + pd.Timedelta(hours=BROKER_WALLCLOCK_OFFSET_HOURS)
[portfolio] cycle_complete: symbols=4 signals=0 placed=0 skipped=0 elapsed_s=0.62 per_symbol=[{'symbol': 'XAUUSD', 'signal': False}, {'symbol': 'GBPUSD', 'signal': False}, {'symbol': 'GBPCAD', 'signal': False}, {'symbol': 'EURCAD', 'signal': False}]
  → sleeping 299s until next M5 close ...
[2026-05-27 10:55:00 BROKER] cycle | {'bars_m5': 599, 'bars_h1': 250, 'bars_d1': 120, 'last_bar_time': '2026-05-27 10:50:00', 'data_age_min': 5.0, 'signal': False, 'risk_per_trade': 0.005, 'weight': 0.25, 'diag': {'n_m5': 599, 'n_h1': 250, 'n_d1': 120, 'bar_time': '2026-05-27 10:50:00', 'open': 4479.51, 'high': 4480.29, 'low': 4475.72, 'close': 4479.18, 'volume': 1029.0, 'trend_dir': -1, 'h1_trend': -1, 'd1_trend': -1, 'h1_rsi': 34.587, 'in_session': False, 'atr_ok': True, 'adx_ok': True, 'ema20': 4486.09304, 'rsi': 34.058, 'atr': 4.551012, 'adx': 33.858, 'bb_up': 4490.583453, 'bb_lo': 4479.129547, 'f_bb': 1, 'f_ema': 0, 'f_rsi': 0, 'f_candle': 0, 'f_rsiR': 1, 'f_macd': 1, 'f_stoch': 1, 'f_vol': 0, 'signal_dir': 0, 'h1_topped_from_m5': 1, 'd1_topped_from_m5': 1}}
C:\Users\Administrator\Desktop\tob\ema-h1trend\mt5\run_multi_scalper.py:179: Pandas4Warning: Timestamp.utcnow is deprecated and will be removed in a future version. Use Timestamp.now('UTC') instead.
  return pd.Timestamp.utcnow().tz_localize(None) + pd.Timedelta(hours=BROKER_WALLCLOCK_OFFSET_HOURS)
[2026-05-27 10:55:00 BROKER] cycle | {'bars_m5': 599, 'bars_h1': 250, 'bars_d1': 120, 'last_bar_time': '2026-05-27 10:50:00', 'data_age_min': 5.0, 'signal': False, 'risk_per_trade': 0.005, 'weight': 0.25, 'diag': {'n_m5': 599, 'n_h1': 250, 'n_d1': 120, 'bar_time': '2026-05-27 10:50:00', 'open': 1.34422, 'high': 1.34444, 'low': 1.34414, 'close': 1.34443, 'volume': 357.0, 'trend_dir': -1, 'h1_trend': -1, 'd1_trend': -1, 'h1_rsi': 38.764, 'in_session': False, 'atr_ok': True, 'adx_ok': True, 'ema20': 1.344832, 'rsi': 37.753, 'atr': 0.00033, 'adx': 20.833, 'bb_up': 1.345467, 'bb_lo': 1.344244, 'f_bb': 1, 'f_ema': 0, 'f_rsi': 1, 'f_candle': 0, 'f_rsiR': 1, 'f_macd': -1, 'f_stoch': 1, 'f_vol': 1, 'signal_dir': 0, 'h1_topped_from_m5': 1, 'd1_topped_from_m5': 1}}
[2026-05-27 10:55:00 BROKER] heartbeat | {'uptime_s': 7345.2, 'mt5_connected': True, 'mt5_trade_allowed': True, 'tracked_pendings': 0, 'open_positions': 0, 'cooldown_active': False, 'cooldown_remaining_s': 0.0, 'balance': 980.2, 'equity': 980.2}
C:\Users\Administrator\Desktop\tob\ema-h1trend\mt5\run_multi_scalper.py:179: Pandas4Warning: Timestamp.utcnow is deprecated and will be removed in a future version. Use Timestamp.now('UTC') instead.
  return pd.Timestamp.utcnow().tz_localize(None) + pd.Timedelta(hours=BROKER_WALLCLOCK_OFFSET_HOURS)
[2026-05-27 10:55:00 BROKER] cycle | {'bars_m5': 599, 'bars_h1': 250, 'bars_d1': 120, 'last_bar_time': '2026-05-27 10:50:00', 'data_age_min': 5.0, 'signal': False, 'risk_per_trade': 0.005, 'weight': 0.25, 'diag': {'n_m5': 599, 'n_h1': 250, 'n_d1': 120, 'bar_time': '2026-05-27 10:50:00', 'open': 1.8579400000000001, 'high': 1.8583699999999999, 'low': 1.85792, 'close': 1.85834, 'volume': 566.0, 'trend_dir': 0, 'h1_trend': -1, 'd1_trend': 1, 'h1_rsi': 49.059, 'in_session': False, 'atr_ok': True, 'adx_ok': True, 'ema20': 1.858406, 'rsi': 50.085, 'atr': 0.000504, 'adx': 23.244, 'bb_up': 1.859376, 'bb_lo': 1.857368, 'f_bb': 0, 'f_ema': -1, 'f_rsi': 0, 'f_candle': 0, 'f_rsiR': 0, 'f_macd': -1, 'f_stoch': 0, 'f_vol': 0, 'signal_dir': 0, 'h1_topped_from_m5': 1, 'd1_topped_from_m5': 1}}
[2026-05-27 10:55:00 BROKER] heartbeat | {'uptime_s': 7345.2, 'mt5_connected': True, 'mt5_trade_allowed': True, 'tracked_pendings': 0, 'open_positions': 0, 'cooldown_active': False, 'cooldown_remaining_s': 0.0, 'balance': 980.2, 'equity': 980.2}
C:\Users\Administrator\Desktop\tob\ema-h1trend\mt5\run_multi_scalper.py:179: Pandas4Warning: Timestamp.utcnow is deprecated and will be removed in a future version. Use Timestamp.now('UTC') instead.
  return pd.Timestamp.utcnow().tz_localize(None) + pd.Timedelta(hours=BROKER_WALLCLOCK_OFFSET_HOURS)
[2026-05-27 10:55:01 BROKER] cycle | {'bars_m5': 599, 'bars_h1': 250, 'bars_d1': 120, 'last_bar_time': '2026-05-27 10:50:00', 'data_age_min': 5.0, 'signal': False, 'risk_per_trade': 0.005, 'weight': 0.25, 'diag': {'n_m5': 599, 'n_h1': 250, 'n_d1': 120, 'bar_time': '2026-05-27 10:50:00', 'open': 1.60938, 'high': 1.60961, 'low': 1.60938, 'close': 1.60953, 'volume': 445.0, 'trend_dir': 1, 'h1_trend': 1, 'd1_trend': 1, 'h1_rsi': 72.993, 'in_session': False, 'atr_ok': True, 'adx_ok': True, 'ema20': 1.609071, 'rsi': 64.34, 'atr': 0.000363, 'adx': 52.62, 'bb_up': 1.610247, 'bb_lo': 1.607765, 'f_bb': 0, 'f_ema': 0, 'f_rsi': 0, 'f_candle': 0, 'f_rsiR': -1, 'f_macd': 1, 'f_stoch': 0, 'f_vol': 0, 'signal_dir': 0, 'h1_topped_from_m5': 1, 'd1_topped_from_m5': 1}}
C:\Users\Administrator\Desktop\tob\ema-h1trend\mt5\run_multi_scalper.py:179: Pandas4Warning: Timestamp.utcnow is deprecated and will be removed in a future version. Use Timestamp.now('UTC') instead.
  return pd.Timestamp.utcnow().tz_localize(None) + pd.Timedelta(hours=BROKER_WALLCLOCK_OFFSET_HOURS)
[portfolio] cycle_complete: symbols=4 signals=0 placed=0 skipped=0 elapsed_s=0.63 per_symbol=[{'symbol': 'XAUUSD', 'signal': False}, {'symbol': 'GBPUSD', 'signal': False}, {'symbol': 'GBPCAD', 'signal': False}, {'symbol': 'EURCAD', 'signal': False}]
  → sleeping 299s until next M5 close ...
[2026-05-27 11:00:00 BROKER] cycle | {'bars_m5': 599, 'bars_h1': 249, 'bars_d1': 120, 'last_bar_time': '2026-05-27 10:55:00', 'data_age_min': 5.0, 'signal': False, 'risk_per_trade': 0.005, 'weight': 0.25, 'diag': {'n_m5': 599, 'n_h1': 249, 'n_d1': 120, 'bar_time': '2026-05-27 10:55:00', 'open': 4479.2, 'high': 4482.18, 'low': 4478.66, 'close': 4481.98, 'volume': 866.0, 'trend_dir': -1, 'h1_trend': -1, 'd1_trend': -1, 'h1_rsi': 35.455, 'in_session': False, 'atr_ok': True, 'adx_ok': True, 'ema20': 4485.701322, 'rsi': 40.046, 'atr': 4.413544, 'adx': 33.876, 'bb_up': 4489.920188, 'bb_lo': 4479.047812, 'f_bb': 1, 'f_ema': 0, 'f_rsi': 1, 'f_candle': 0, 'f_rsiR': 1, 'f_macd': 1, 'f_stoch': 0, 'f_vol': 0, 'signal_dir': 0, 'h1_topped_from_m5': 0, 'd1_topped_from_m5': 1}}
C:\Users\Administrator\Desktop\tob\ema-h1trend\mt5\run_multi_scalper.py:179: Pandas4Warning: Timestamp.utcnow is deprecated and will be removed in a future version. Use Timestamp.now('UTC') instead.
  return pd.Timestamp.utcnow().tz_localize(None) + pd.Timedelta(hours=BROKER_WALLCLOCK_OFFSET_HOURS)
[2026-05-27 11:00:00 BROKER] cycle | {'bars_m5': 599, 'bars_h1': 249, 'bars_d1': 120, 'last_bar_time': '2026-05-27 10:55:00', 'data_age_min': 5.0, 'signal': False, 'risk_per_trade': 0.005, 'weight': 0.25, 'diag': {'n_m5': 599, 'n_h1': 249, 'n_d1': 120, 'bar_time': '2026-05-27 10:55:00', 'open': 1.34443, 'high': 1.34443, 'low': 1.34421, 'close': 1.34425, 'volume': 302.0, 'trend_dir': -1, 'h1_trend': -1, 'd1_trend': -1, 'h1_rsi': 37.66, 'in_session': False, 'atr_ok': True, 'adx_ok': True, 'ema20': 1.344776, 'rsi': 34.48, 'atr': 0.000315, 'adx': 21.915, 'bb_up': 1.345499, 'bb_lo': 1.344172, 'f_bb': 0, 'f_ema': 0, 'f_rsi': 0, 'f_candle': 0, 'f_rsiR': 1, 'f_macd': -1, 'f_stoch': 0, 'f_vol': 0, 'signal_dir': 0, 'h1_topped_from_m5': 0, 'd1_topped_from_m5': 1}}
C:\Users\Administrator\Desktop\tob\ema-h1trend\mt5\run_multi_scalper.py:179: Pandas4Warning: Timestamp.utcnow is deprecated and will be removed in a future version. Use Timestamp.now('UTC') instead.
  return pd.Timestamp.utcnow().tz_localize(None) + pd.Timedelta(hours=BROKER_WALLCLOCK_OFFSET_HOURS)
[2026-05-27 11:00:00 BROKER] cycle | {'bars_m5': 599, 'bars_h1': 249, 'bars_d1': 120, 'last_bar_time': '2026-05-27 10:55:00', 'data_age_min': 5.0, 'signal': False, 'risk_per_trade': 0.005, 'weight': 0.25, 'diag': {'n_m5': 599, 'n_h1': 249, 'n_d1': 120, 'bar_time': '2026-05-27 10:55:00', 'open': 1.85835, 'high': 1.85874, 'low': 1.85825, 'close': 1.85867, 'volume': 521.0, 'trend_dir': 1, 'h1_trend': 1, 'd1_trend': 1, 'h1_rsi': 51.212, 'in_session': False, 'atr_ok': True, 'adx_ok': True, 'ema20': 1.858431, 'rsi': 54.313, 'atr': 0.000502, 'adx': 22.22, 'bb_up': 1.859385, 'bb_lo': 1.857451, 'f_bb': 0, 'f_ema': 1, 'f_rsi': 0, 'f_candle': 0, 'f_rsiR': 0, 'f_macd': -1, 'f_stoch': 0, 'f_vol': 0, 'signal_dir': 0, 'h1_topped_from_m5': 0, 'd1_topped_from_m5': 1}}
C:\Users\Administrator\Desktop\tob\ema-h1trend\mt5\run_multi_scalper.py:179: Pandas4Warning: Timestamp.utcnow is deprecated and will be removed in a future version. Use Timestamp.now('UTC') instead.
  return pd.Timestamp.utcnow().tz_localize(None) + pd.Timedelta(hours=BROKER_WALLCLOCK_OFFSET_HOURS)
[2026-05-27 11:00:01 BROKER] cycle | {'bars_m5': 599, 'bars_h1': 249, 'bars_d1': 120, 'last_bar_time': '2026-05-27 10:55:00', 'data_age_min': 5.0, 'signal': False, 'risk_per_trade': 0.005, 'weight': 0.25, 'diag': {'n_m5': 599, 'n_h1': 249, 'n_d1': 120, 'bar_time': '2026-05-27 10:55:00', 'open': 1.60953, 'high': 1.60972, 'low': 1.60934, 'close': 1.60949, 'volume': 444.0, 'trend_dir': 1, 'h1_trend': 1, 'd1_trend': 1, 'h1_rsi': 72.817, 'in_session': False, 'atr_ok': True, 'adx_ok': True, 'ema20': 1.609111, 'rsi': 63.254, 'atr': 0.000365, 'adx': 51.669, 'bb_up': 1.610253, 'bb_lo': 1.607901, 'f_bb': 0, 'f_ema': 0, 'f_rsi': 0, 'f_candle': 0, 'f_rsiR': -1, 'f_macd': -1, 'f_stoch': 0, 'f_vol': 0, 'signal_dir': 0, 'h1_topped_from_m5': 0, 'd1_topped_from_m5': 1}}
[portfolio] cycle_complete: symbols=4 signals=0 placed=0 skipped=0 elapsed_s=0.55 per_symbol=[{'symbol': 'XAUUSD', 'signal': False}, {'symbol': 'GBPUSD', 'signal': False}, {'symbol': 'GBPCAD', 'signal': False}, {'symbol': 'EURCAD', 'signal': False}]
  → sleeping 299s until next M5 close ...
[2026-05-27 11:05:00 BROKER] heartbeat | {'uptime_s': 7945.2, 'mt5_connected': True, 'mt5_trade_allowed': True, 'tracked_pendings': 0, 'open_positions': 0, 'cooldown_active': False, 'cooldown_remaining_s': 0.0, 'balance': 980.2, 'equity': 980.2}
[2026-05-27 11:05:00 BROKER] mt5_connected | {'state': 'healthy', 'periodic': True, 'connected': True, 'trade_allowed': True, 'ping_ms': 16980}
C:\Users\Administrator\Desktop\tob\ema-h1trend\mt5\run_multi_scalper.py:179: Pandas4Warning: Timestamp.utcnow is deprecated and will be removed in a future version. Use Timestamp.now('UTC') instead.
  return pd.Timestamp.utcnow().tz_localize(None) + pd.Timedelta(hours=BROKER_WALLCLOCK_OFFSET_HOURS)
[2026-05-27 11:05:00 BROKER] cycle | {'bars_m5': 599, 'bars_h1': 250, 'bars_d1': 120, 'last_bar_time': '2026-05-27 11:00:00', 'data_age_min': 5.0, 'signal': False, 'risk_per_trade': 0.005, 'weight': 0.25, 'diag': {'n_m5': 599, 'n_h1': 250, 'n_d1': 120, 'bar_time': '2026-05-27 11:00:00', 'open': 4481.71, 'high': 4489.09, 'low': 4481.71, 'close': 4486.45, 'volume': 1108.0, 'trend_dir': -1, 'h1_trend': -1, 'd1_trend': -1, 'h1_rsi': 38.126, 'in_session': False, 'atr_ok': True, 'adx_ok': True, 'ema20': 4485.772624, 'rsi': 48.142, 'atr': 4.809071, 'adx': 31.921, 'bb_up': 4489.870646, 'bb_lo': 4479.060354, 'f_bb': 0, 'f_ema': 1, 'f_rsi': 0, 'f_candle': 0, 'f_rsiR': 1, 'f_macd': 1, 'f_stoch': 0, 'f_vol': 0, 'signal_dir': 0, 'h1_topped_from_m5': 1, 'd1_topped_from_m5': 1}}
[2026-05-27 11:05:00 BROKER] heartbeat | {'uptime_s': 7945.2, 'mt5_connected': True, 'mt5_trade_allowed': True, 'tracked_pendings': 0, 'open_positions': 0, 'cooldown_active': False, 'cooldown_remaining_s': 0.0, 'balance': 980.2, 'equity': 980.2}
C:\Users\Administrator\Desktop\tob\ema-h1trend\mt5\run_multi_scalper.py:179: Pandas4Warning: Timestamp.utcnow is deprecated and will be removed in a future version. Use Timestamp.now('UTC') instead.
  return pd.Timestamp.utcnow().tz_localize(None) + pd.Timedelta(hours=BROKER_WALLCLOCK_OFFSET_HOURS)
[2026-05-27 11:05:00 BROKER] cycle | {'bars_m5': 599, 'bars_h1': 250, 'bars_d1': 120, 'last_bar_time': '2026-05-27 11:00:00', 'data_age_min': 5.0, 'signal': False, 'risk_per_trade': 0.005, 'weight': 0.25, 'diag': {'n_m5': 599, 'n_h1': 250, 'n_d1': 120, 'bar_time': '2026-05-27 11:00:00', 'open': 1.34427, 'high': 1.3447200000000001, 'low': 1.3440699999999999, 'close': 1.34452, 'volume': 405.0, 'trend_dir': -1, 'h1_trend': -1, 'd1_trend': -1, 'h1_rsi': 40.402, 'in_session': False, 'atr_ok': True, 'adx_ok': True, 'ema20': 1.344752, 'rsi': 42.529, 'atr': 0.00036, 'adx': 21.283, 'bb_up': 1.345503, 'bb_lo': 1.344156, 'f_bb': 1, 'f_ema': -1, 'f_rsi': 1, 'f_candle': 0, 'f_rsiR': 1, 'f_macd': -1, 'f_stoch': 1, 'f_vol': 1, 'signal_dir': 0, 'h1_topped_from_m5': 1, 'd1_topped_from_m5': 1}}
[2026-05-27 11:05:00 BROKER] heartbeat | {'uptime_s': 7945.2, 'mt5_connected': True, 'mt5_trade_allowed': True, 'tracked_pendings': 0, 'open_positions': 0, 'cooldown_active': False, 'cooldown_remaining_s': 0.0, 'balance': 980.2, 'equity': 980.2}
C:\Users\Administrator\Desktop\tob\ema-h1trend\mt5\run_multi_scalper.py:179: Pandas4Warning: Timestamp.utcnow is deprecated and will be removed in a future version. Use Timestamp.now('UTC') instead.
  return pd.Timestamp.utcnow().tz_localize(None) + pd.Timedelta(hours=BROKER_WALLCLOCK_OFFSET_HOURS)
[2026-05-27 11:05:00 BROKER] cycle | {'bars_m5': 599, 'bars_h1': 250, 'bars_d1': 120, 'last_bar_time': '2026-05-27 11:00:00', 'data_age_min': 5.0, 'signal': False, 'risk_per_trade': 0.005, 'weight': 0.25, 'diag': {'n_m5': 599, 'n_h1': 250, 'n_d1': 120, 'bar_time': '2026-05-27 11:00:00', 'open': 1.8586200000000002, 'high': 1.85926, 'low': 1.85854, 'close': 1.85896, 'volume': 656.0, 'trend_dir': 1, 'h1_trend': 1, 'd1_trend': 1, 'h1_rsi': 53.158, 'in_session': False, 'atr_ok': True, 'adx_ok': True, 'ema20': 1.858481, 'rsi': 57.704, 'atr': 0.000531, 'adx': 22.428, 'bb_up': 1.859401, 'bb_lo': 1.857571, 'f_bb': 0, 'f_ema': 1, 'f_rsi': 0, 'f_candle': 0, 'f_rsiR': 0, 'f_macd': -1, 'f_stoch': 0, 'f_vol': 1, 'signal_dir': 0, 'h1_topped_from_m5': 1, 'd1_topped_from_m5': 1}}
[2026-05-27 11:05:00 BROKER] heartbeat | {'uptime_s': 7945.2, 'mt5_connected': True, 'mt5_trade_allowed': True, 'tracked_pendings': 0, 'open_positions': 0, 'cooldown_active': False, 'cooldown_remaining_s': 0.0, 'balance': 980.2, 'equity': 980.2}
C:\Users\Administrator\Desktop\tob\ema-h1trend\mt5\run_multi_scalper.py:179: Pandas4Warning: Timestamp.utcnow is deprecated and will be removed in a future version. Use Timestamp.now('UTC') instead.
  return pd.Timestamp.utcnow().tz_localize(None) + pd.Timedelta(hours=BROKER_WALLCLOCK_OFFSET_HOURS)
[2026-05-27 11:05:01 BROKER] cycle | {'bars_m5': 599, 'bars_h1': 250, 'bars_d1': 120, 'last_bar_time': '2026-05-27 11:00:00', 'data_age_min': 5.0, 'signal': False, 'risk_per_trade': 0.005, 'weight': 0.25, 'diag': {'n_m5': 599, 'n_h1': 250, 'n_d1': 120, 'bar_time': '2026-05-27 11:00:00', 'open': 1.60949, 'high': 1.6098599999999998, 'low': 1.60924, 'close': 1.60957, 'volume': 613.0, 'trend_dir': 1, 'h1_trend': 1, 'd1_trend': 1, 'h1_rsi': 73.193, 'in_session': False, 'atr_ok': True, 'adx_ok': True, 'ema20': 1.609155, 'rsi': 64.543, 'atr': 0.000399, 'adx': 51.1, 'bb_up': 1.610235, 'bb_lo': 1.608076, 'f_bb': 0, 'f_ema': 1, 'f_rsi': 0, 'f_candle': 1, 'f_rsiR': -1, 'f_macd': -1, 'f_stoch': 0, 'f_vol': 1, 'signal_dir': 0, 'h1_topped_from_m5': 1, 'd1_topped_from_m5': 1}}
C:\Users\Administrator\Desktop\tob\ema-h1trend\mt5\run_multi_scalper.py:179: Pandas4Warning: Timestamp.utcnow is deprecated and will be removed in a future version. Use Timestamp.now('UTC') instead.
  return pd.Timestamp.utcnow().tz_localize(None) + pd.Timedelta(hours=BROKER_WALLCLOCK_OFFSET_HOURS)
[portfolio] cycle_complete: symbols=4 signals=0 placed=0 skipped=0 elapsed_s=0.63 per_symbol=[{'symbol': 'XAUUSD', 'signal': False}, {'symbol': 'GBPUSD', 'signal': False}, {'symbol': 'GBPCAD', 'signal': False}, {'symbol': 'EURCAD', 'signal': False}]
  → sleeping 299s until next M5 close ...
[2026-05-27 11:10:00 BROKER] cycle | {'bars_m5': 599, 'bars_h1': 250, 'bars_d1': 120, 'last_bar_time': '2026-05-27 11:05:00', 'data_age_min': 5.0, 'signal': False, 'risk_per_trade': 0.005, 'weight': 0.25, 'diag': {'n_m5': 599, 'n_h1': 250, 'n_d1': 120, 'bar_time': '2026-05-27 11:05:00', 'open': 4486.53, 'high': 4487.58, 'low': 4484.96, 'close': 4485.91, 'volume': 997.0, 'trend_dir': -1, 'h1_trend': -1, 'd1_trend': -1, 'h1_rsi': 37.815, 'in_session': False, 'atr_ok': True, 'adx_ok': True, 'ema20': 4485.785708, 'rsi': 47.311, 'atr': 4.517195, 'adx': 30.106, 'bb_up': 4489.817353, 'bb_lo': 4479.067647, 'f_bb': 0, 'f_ema': 1, 'f_rsi': 0, 'f_candle': 0, 'f_rsiR': 1, 'f_macd': 1, 'f_stoch': 0, 'f_vol': 0, 'signal_dir': 0, 'h1_topped_from_m5': 1, 'd1_topped_from_m5': 1}}
C:\Users\Administrator\Desktop\tob\ema-h1trend\mt5\run_multi_scalper.py:179: Pandas4Warning: Timestamp.utcnow is deprecated and will be removed in a future version. Use Timestamp.now('UTC') instead.
  return pd.Timestamp.utcnow().tz_localize(None) + pd.Timedelta(hours=BROKER_WALLCLOCK_OFFSET_HOURS)
[2026-05-27 11:10:00 BROKER] cycle | {'bars_m5': 599, 'bars_h1': 250, 'bars_d1': 120, 'last_bar_time': '2026-05-27 11:05:00', 'data_age_min': 5.0, 'signal': False, 'risk_per_trade': 0.005, 'weight': 0.25, 'diag': {'n_m5': 599, 'n_h1': 250, 'n_d1': 120, 'bar_time': '2026-05-27 11:05:00', 'open': 1.34452, 'high': 1.34461, 'low': 1.3443100000000001, 'close': 1.34445, 'volume': 291.0, 'trend_dir': -1, 'h1_trend': -1, 'd1_trend': -1, 'h1_rsi': 39.715, 'in_session': False, 'atr_ok': True, 'adx_ok': True, 'ema20': 1.344723, 'rsi': 41.119, 'atr': 0.000352, 'adx': 20.697, 'bb_up': 1.345509, 'bb_lo': 1.344133, 'f_bb': 0, 'f_ema': -1, 'f_rsi': 0, 'f_candle': 0, 'f_rsiR': 1, 'f_macd': -1, 'f_stoch': 0, 'f_vol': 0, 'signal_dir': 0, 'h1_topped_from_m5': 1, 'd1_topped_from_m5': 1}}
C:\Users\Administrator\Desktop\tob\ema-h1trend\mt5\run_multi_scalper.py:179: Pandas4Warning: Timestamp.utcnow is deprecated and will be removed in a future version. Use Timestamp.now('UTC') instead.
  return pd.Timestamp.utcnow().tz_localize(None) + pd.Timedelta(hours=BROKER_WALLCLOCK_OFFSET_HOURS)
[2026-05-27 11:10:00 BROKER] cycle | {'bars_m5': 599, 'bars_h1': 250, 'bars_d1': 120, 'last_bar_time': '2026-05-27 11:05:00', 'data_age_min': 5.0, 'signal': False, 'risk_per_trade': 0.005, 'weight': 0.25, 'diag': {'n_m5': 599, 'n_h1': 250, 'n_d1': 120, 'bar_time': '2026-05-27 11:05:00', 'open': 1.85896, 'high': 1.85903, 'low': 1.85863, 'close': 1.8586399999999998, 'volume': 525.0, 'trend_dir': 1, 'h1_trend': 1, 'd1_trend': 1, 'h1_rsi': 50.993, 'in_session': False, 'atr_ok': True, 'adx_ok': True, 'ema20': 1.858496, 'rsi': 53.027, 'atr': 0.000513, 'adx': 22.622, 'bb_up': 1.859333, 'bb_lo': 1.857753, 'f_bb': 0, 'f_ema': 1, 'f_rsi': 0, 'f_candle': 0, 'f_rsiR': 0, 'f_macd': -1, 'f_stoch': 0, 'f_vol': 0, 'signal_dir': 0, 'h1_topped_from_m5': 1, 'd1_topped_from_m5': 1}}
C:\Users\Administrator\Desktop\tob\ema-h1trend\mt5\run_multi_scalper.py:179: Pandas4Warning: Timestamp.utcnow is deprecated and will be removed in a future version. Use Timestamp.now('UTC') instead.
  return pd.Timestamp.utcnow().tz_localize(None) + pd.Timedelta(hours=BROKER_WALLCLOCK_OFFSET_HOURS)
[2026-05-27 11:10:01 BROKER] cycle | {'bars_m5': 599, 'bars_h1': 250, 'bars_d1': 120, 'last_bar_time': '2026-05-27 11:05:00', 'data_age_min': 5.0, 'signal': False, 'risk_per_trade': 0.005, 'weight': 0.25, 'diag': {'n_m5': 599, 'n_h1': 250, 'n_d1': 120, 'bar_time': '2026-05-27 11:05:00', 'open': 1.60958, 'high': 1.60978, 'low': 1.60937, 'close': 1.60937, 'volume': 515.0, 'trend_dir': 1, 'h1_trend': 1, 'd1_trend': 1, 'h1_rsi': 71.316, 'in_session': False, 'atr_ok': True, 'adx_ok': True, 'ema20': 1.609175, 'rsi': 58.973, 'atr': 0.000401, 'adx': 50.571, 'bb_up': 1.610137, 'bb_lo': 1.60832, 'f_bb': 0, 'f_ema': 0, 'f_rsi': 0, 'f_candle': -1, 'f_rsiR': -1, 'f_macd': -1, 'f_stoch': 0, 'f_vol': 0, 'signal_dir': 0, 'h1_topped_from_m5': 1, 'd1_topped_from_m5': 1}}
C:\Users\Administrator\Desktop\tob\ema-h1trend\mt5\run_multi_scalper.py:179: Pandas4Warning: Timestamp.utcnow is deprecated and will be removed in a future version. Use Timestamp.now('UTC') instead.
  return pd.Timestamp.utcnow().tz_localize(None) + pd.Timedelta(hours=BROKER_WALLCLOCK_OFFSET_HOURS)
[portfolio] cycle_complete: symbols=4 signals=0 placed=0 skipped=0 elapsed_s=0.6 per_symbol=[{'symbol': 'XAUUSD', 'signal': False}, {'symbol': 'GBPUSD', 'signal': False}, {'symbol': 'GBPCAD', 'signal': False}, {'symbol': 'EURCAD', 'signal': False}]
  → sleeping 299s until next M5 close ...
[2026-05-27 11:15:00 BROKER] cycle | {'bars_m5': 599, 'bars_h1': 250, 'bars_d1': 120, 'last_bar_time': '2026-05-27 11:10:00', 'data_age_min': 5.0, 'signal': False, 'risk_per_trade': 0.005, 'weight': 0.25, 'diag': {'n_m5': 599, 'n_h1': 250, 'n_d1': 120, 'bar_time': '2026-05-27 11:10:00', 'open': 4485.9, 'high': 4487.06, 'low': 4483.79, 'close': 4486.21, 'volume': 970.0, 'trend_dir': -1, 'h1_trend': -1, 'd1_trend': -1, 'h1_rsi': 37.988, 'in_session': False, 'atr_ok': True, 'adx_ok': True, 'ema20': 4485.826117, 'rsi': 47.85, 'atr': 4.350902, 'adx': 28.68, 'bb_up': 4489.988432, 'bb_lo': 4479.158568, 'f_bb': 0, 'f_ema': 1, 'f_rsi': 0, 'f_candle': 1, 'f_rsiR': 1, 'f_macd': 1, 'f_stoch': 0, 'f_vol': 0, 'signal_dir': 0, 'h1_topped_from_m5': 1, 'd1_topped_from_m5': 1}}
[2026-05-27 11:15:00 BROKER] mt5_connected | {'state': 'healthy', 'periodic': True, 'connected': True, 'trade_allowed': True, 'ping_ms': 16980}
C:\Users\Administrator\Desktop\tob\ema-h1trend\mt5\run_multi_scalper.py:179: Pandas4Warning: Timestamp.utcnow is deprecated and will be removed in a future version. Use Timestamp.now('UTC') instead.
  return pd.Timestamp.utcnow().tz_localize(None) + pd.Timedelta(hours=BROKER_WALLCLOCK_OFFSET_HOURS)
[2026-05-27 11:15:00 BROKER] cycle | {'bars_m5': 599, 'bars_h1': 250, 'bars_d1': 120, 'last_bar_time': '2026-05-27 11:10:00', 'data_age_min': 5.0, 'signal': False, 'risk_per_trade': 0.005, 'weight': 0.25, 'diag': {'n_m5': 599, 'n_h1': 250, 'n_d1': 120, 'bar_time': '2026-05-27 11:10:00', 'open': 1.34445, 'high': 1.34505, 'low': 1.3443800000000001, 'close': 1.34475, 'volume': 346.0, 'trend_dir': -1, 'h1_trend': -1, 'd1_trend': -1, 'h1_rsi': 42.555, 'in_session': False, 'atr_ok': True, 'adx_ok': True, 'ema20': 1.344726, 'rsi': 48.935, 'atr': 0.000394, 'adx': 20.131, 'bb_up': 1.34551, 'bb_lo': 1.344145, 'f_bb': 0, 'f_ema': 1, 'f_rsi': 0, 'f_candle': 1, 'f_rsiR': 1, 'f_macd': -1, 'f_stoch': 0, 'f_vol': 1, 'signal_dir': 0, 'h1_topped_from_m5': 1, 'd1_topped_from_m5': 1}}
C:\Users\Administrator\Desktop\tob\ema-h1trend\mt5\run_multi_scalper.py:179: Pandas4Warning: Timestamp.utcnow is deprecated and will be removed in a future version. Use Timestamp.now('UTC') instead.
  return pd.Timestamp.utcnow().tz_localize(None) + pd.Timedelta(hours=BROKER_WALLCLOCK_OFFSET_HOURS)
[2026-05-27 11:15:00 BROKER] cycle | {'bars_m5': 599, 'bars_h1': 250, 'bars_d1': 120, 'last_bar_time': '2026-05-27 11:10:00', 'data_age_min': 5.0, 'signal': False, 'risk_per_trade': 0.005, 'weight': 0.25, 'diag': {'n_m5': 599, 'n_h1': 250, 'n_d1': 120, 'bar_time': '2026-05-27 11:10:00', 'open': 1.85866, 'high': 1.85958, 'low': 1.85859, 'close': 1.85903, 'volume': 534.0, 'trend_dir': 1, 'h1_trend': 1, 'd1_trend': 1, 'h1_rsi': 53.604, 'in_session': False, 'atr_ok': True, 'adx_ok': True, 'ema20': 1.858547, 'rsi': 57.544, 'atr': 0.000577, 'adx': 23.761, 'bb_up': 1.859214, 'bb_lo': 1.85804, 'f_bb': -1, 'f_ema': 1, 'f_rsi': 0, 'f_candle': 0, 'f_rsiR': 0, 'f_macd': 1, 'f_stoch': 0, 'f_vol': 0, 'signal_dir': 0, 'h1_topped_from_m5': 1, 'd1_topped_from_m5': 1}}
C:\Users\Administrator\Desktop\tob\ema-h1trend\mt5\run_multi_scalper.py:179: Pandas4Warning: Timestamp.utcnow is deprecated and will be removed in a future version. Use Timestamp.now('UTC') instead.
  return pd.Timestamp.utcnow().tz_localize(None) + pd.Timedelta(hours=BROKER_WALLCLOCK_OFFSET_HOURS)
[2026-05-27 11:15:01 BROKER] cycle | {'bars_m5': 599, 'bars_h1': 250, 'bars_d1': 120, 'last_bar_time': '2026-05-27 11:10:00', 'data_age_min': 5.0, 'signal': False, 'risk_per_trade': 0.005, 'weight': 0.25, 'diag': {'n_m5': 599, 'n_h1': 250, 'n_d1': 120, 'bar_time': '2026-05-27 11:10:00', 'open': 1.60938, 'high': 1.6098599999999998, 'low': 1.60934, 'close': 1.60958, 'volume': 505.0, 'trend_dir': 1, 'h1_trend': 1, 'd1_trend': 1, 'h1_rsi': 73.24, 'in_session': False, 'atr_ok': True, 'adx_ok': True, 'ema20': 1.609214, 'rsi': 62.621, 'atr': 0.000417, 'adx': 50.264, 'bb_up': 1.610006, 'bb_lo': 1.608613, 'f_bb': 0, 'f_ema': 1, 'f_rsi': 0, 'f_candle': 0, 'f_rsiR': -1, 'f_macd': -1, 'f_stoch': 0, 'f_vol': 0, 'signal_dir': 0, 'h1_topped_from_m5': 1, 'd1_topped_from_m5': 1}}
[portfolio] cycle_complete: symbols=4 signals=0 placed=0 skipped=0 elapsed_s=0.61 per_symbol=[{'symbol': 'XAUUSD', 'signal': False}, {'symbol': 'GBPUSD', 'signal': False}, {'symbol': 'GBPCAD', 'signal': False}, {'symbol': 'EURCAD', 'signal': False}]
  → sleeping 299s until next M5 close ...
[2026-05-27 11:20:00 BROKER] heartbeat | {'uptime_s': 8845.2, 'mt5_connected': True, 'mt5_trade_allowed': True, 'tracked_pendings': 0, 'open_positions': 0, 'cooldown_active': False, 'cooldown_remaining_s': 0.0, 'balance': 980.2, 'equity': 980.2}
C:\Users\Administrator\Desktop\tob\ema-h1trend\mt5\run_multi_scalper.py:179: Pandas4Warning: Timestamp.utcnow is deprecated and will be removed in a future version. Use Timestamp.now('UTC') instead.
  return pd.Timestamp.utcnow().tz_localize(None) + pd.Timedelta(hours=BROKER_WALLCLOCK_OFFSET_HOURS)
[2026-05-27 11:20:00 BROKER] cycle | {'bars_m5': 599, 'bars_h1': 250, 'bars_d1': 120, 'last_bar_time': '2026-05-27 11:15:00', 'data_age_min': 5.0, 'signal': False, 'risk_per_trade': 0.005, 'weight': 0.25, 'diag': {'n_m5': 599, 'n_h1': 250, 'n_d1': 120, 'bar_time': '2026-05-27 11:15:00', 'open': 4486.31, 'high': 4490.9, 'low': 4486.02, 'close': 4489.83, 'volume': 910.0, 'trend_dir': -1, 'h1_trend': -1, 'd1_trend': -1, 'h1_rsi': 40.004, 'in_session': False, 'atr_ok': True, 'adx_ok': True, 'ema20': 4486.207439, 'rsi': 53.966, 'atr': 4.421449, 'adx': 26.857, 'bb_up': 4490.761291, 'bb_lo': 4479.028709, 'f_bb': -1, 'f_ema': 1, 'f_rsi': 0, 'f_candle': 0, 'f_rsiR': 1, 'f_macd': 1, 'f_stoch': 0, 'f_vol': 0, 'signal_dir': 0, 'h1_topped_from_m5': 1, 'd1_topped_from_m5': 1}}
[2026-05-27 11:20:00 BROKER] heartbeat | {'uptime_s': 8845.1, 'mt5_connected': True, 'mt5_trade_allowed': True, 'tracked_pendings': 0, 'open_positions': 0, 'cooldown_active': False, 'cooldown_remaining_s': 0.0, 'balance': 980.2, 'equity': 980.2}
C:\Users\Administrator\Desktop\tob\ema-h1trend\mt5\run_multi_scalper.py:179: Pandas4Warning: Timestamp.utcnow is deprecated and will be removed in a future version. Use Timestamp.now('UTC') instead.
  return pd.Timestamp.utcnow().tz_localize(None) + pd.Timedelta(hours=BROKER_WALLCLOCK_OFFSET_HOURS)
[2026-05-27 11:20:00 BROKER] cycle | {'bars_m5': 599, 'bars_h1': 250, 'bars_d1': 120, 'last_bar_time': '2026-05-27 11:15:00', 'data_age_min': 5.0, 'signal': False, 'risk_per_trade': 0.005, 'weight': 0.25, 'diag': {'n_m5': 599, 'n_h1': 250, 'n_d1': 120, 'bar_time': '2026-05-27 11:15:00', 'open': 1.34475, 'high': 1.34514, 'low': 1.3444099999999999, 'close': 1.34442, 'volume': 336.0, 'trend_dir': -1, 'h1_trend': -1, 'd1_trend': -1, 'h1_rsi': 39.415, 'in_session': False, 'atr_ok': True, 'adx_ok': True, 'ema20': 1.344696, 'rsi': 42.286, 'atr': 0.000439, 'adx': 19.904, 'bb_up': 1.345511, 'bb_lo': 1.344098, 'f_bb': 0, 'f_ema': -1, 'f_rsi': 0, 'f_candle': -1, 'f_rsiR': 1, 'f_macd': -1, 'f_stoch': 0, 'f_vol': 0, 'signal_dir': 0, 'h1_topped_from_m5': 1, 'd1_topped_from_m5': 1}}
[2026-05-27 11:20:00 BROKER] heartbeat | {'uptime_s': 8845.2, 'mt5_connected': True, 'mt5_trade_allowed': True, 'tracked_pendings': 0, 'open_positions': 0, 'cooldown_active': False, 'cooldown_remaining_s': 0.0, 'balance': 980.2, 'equity': 980.2}
C:\Users\Administrator\Desktop\tob\ema-h1trend\mt5\run_multi_scalper.py:179: Pandas4Warning: Timestamp.utcnow is deprecated and will be removed in a future version. Use Timestamp.now('UTC') instead.
  return pd.Timestamp.utcnow().tz_localize(None) + pd.Timedelta(hours=BROKER_WALLCLOCK_OFFSET_HOURS)
[2026-05-27 11:20:00 BROKER] cycle | {'bars_m5': 599, 'bars_h1': 250, 'bars_d1': 120, 'last_bar_time': '2026-05-27 11:15:00', 'data_age_min': 5.0, 'signal': False, 'risk_per_trade': 0.005, 'weight': 0.25, 'diag': {'n_m5': 599, 'n_h1': 250, 'n_d1': 120, 'bar_time': '2026-05-27 11:15:00', 'open': 1.85907, 'high': 1.85938, 'low': 1.85861, 'close': 1.8586200000000002, 'volume': 563.0, 'trend_dir': 1, 'h1_trend': 1, 'd1_trend': 1, 'h1_rsi': 50.848, 'in_session': False, 'atr_ok': True, 'adx_ok': True, 'ema20': 1.858554, 'rsi': 51.895, 'atr': 0.000603, 'adx': 24.818, 'bb_up': 1.859164, 'bb_lo': 1.858153, 'f_bb': -1, 'f_ema': 1, 'f_rsi': 0, 'f_candle': -1, 'f_rsiR': 0, 'f_macd': -1, 'f_stoch': 0, 'f_vol': 0, 'signal_dir': 0, 'h1_topped_from_m5': 1, 'd1_topped_from_m5': 1}}
[2026-05-27 11:20:00 BROKER] heartbeat | {'uptime_s': 8845.2, 'mt5_connected': True, 'mt5_trade_allowed': True, 'tracked_pendings': 0, 'open_positions': 0, 'cooldown_active': False, 'cooldown_remaining_s': 0.0, 'balance': 980.2, 'equity': 980.2}
C:\Users\Administrator\Desktop\tob\ema-h1trend\mt5\run_multi_scalper.py:179: Pandas4Warning: Timestamp.utcnow is deprecated and will be removed in a future version. Use Timestamp.now('UTC') instead.
  return pd.Timestamp.utcnow().tz_localize(None) + pd.Timedelta(hours=BROKER_WALLCLOCK_OFFSET_HOURS)
[2026-05-27 11:20:01 BROKER] cycle | {'bars_m5': 599, 'bars_h1': 250, 'bars_d1': 120, 'last_bar_time': '2026-05-27 11:15:00', 'data_age_min': 5.0, 'signal': False, 'risk_per_trade': 0.005, 'weight': 0.25, 'diag': {'n_m5': 599, 'n_h1': 250, 'n_d1': 120, 'bar_time': '2026-05-27 11:15:00', 'open': 1.60958, 'high': 1.60975, 'low': 1.60949, 'close': 1.60953, 'volume': 476.0, 'trend_dir': 1, 'h1_trend': 1, 'd1_trend': 1, 'h1_rsi': 73.006, 'in_session': False, 'atr_ok': True, 'adx_ok': True, 'ema20': 1.609244, 'rsi': 61.225, 'atr': 0.000396, 'adx': 49.979, 'bb_up': 1.609957, 'bb_lo': 1.608762, 'f_bb': 0, 'f_ema': 0, 'f_rsi': 0, 'f_candle': -1, 'f_rsiR': -1, 'f_macd': -1, 'f_stoch': 0, 'f_vol': 0, 'signal_dir': 0, 'h1_topped_from_m5': 1, 'd1_topped_from_m5': 1}}
C:\Users\Administrator\Desktop\tob\ema-h1trend\mt5\run_multi_scalper.py:179: Pandas4Warning: Timestamp.utcnow is deprecated and will be removed in a future version. Use Timestamp.now('UTC') instead.
  return pd.Timestamp.utcnow().tz_localize(None) + pd.Timedelta(hours=BROKER_WALLCLOCK_OFFSET_HOURS)
[portfolio] cycle_complete: symbols=4 signals=0 placed=0 skipped=0 elapsed_s=0.6 per_symbol=[{'symbol': 'XAUUSD', 'signal': False}, {'symbol': 'GBPUSD', 'signal': False}, {'symbol': 'GBPCAD', 'signal': False}, {'symbol': 'EURCAD', 'signal': False}]
  → sleeping 299s until next M5 close ...
[2026-05-27 11:25:00 BROKER] cycle | {'bars_m5': 599, 'bars_h1': 250, 'bars_d1': 120, 'last_bar_time': '2026-05-27 11:20:00', 'data_age_min': 5.0, 'signal': False, 'risk_per_trade': 0.005, 'weight': 0.25, 'diag': {'n_m5': 599, 'n_h1': 250, 'n_d1': 120, 'bar_time': '2026-05-27 11:20:00', 'open': 4489.85, 'high': 4492.63, 'low': 4487.8, 'close': 4490.78, 'volume': 930.0, 'trend_dir': -1, 'h1_trend': -1, 'd1_trend': -1, 'h1_rsi': 40.511, 'in_session': False, 'atr_ok': True, 'adx_ok': True, 'ema20': 4486.642921, 'rsi': 55.443, 'atr': 4.475922, 'adx': 25.547, 'bb_up': 4491.381767, 'bb_lo': 4478.725233, 'f_bb': -1, 'f_ema': 1, 'f_rsi': 0, 'f_candle': 0, 'f_rsiR': 1, 'f_macd': 1, 'f_stoch': 0, 'f_vol': 0, 'signal_dir': 0, 'h1_topped_from_m5': 1, 'd1_topped_from_m5': 1}}
C:\Users\Administrator\Desktop\tob\ema-h1trend\mt5\run_multi_scalper.py:179: Pandas4Warning: Timestamp.utcnow is deprecated and will be removed in a future version. Use Timestamp.now('UTC') instead.
  return pd.Timestamp.utcnow().tz_localize(None) + pd.Timedelta(hours=BROKER_WALLCLOCK_OFFSET_HOURS)
[2026-05-27 11:25:00 BROKER] cycle | {'bars_m5': 599, 'bars_h1': 250, 'bars_d1': 120, 'last_bar_time': '2026-05-27 11:20:00', 'data_age_min': 5.0, 'signal': False, 'risk_per_trade': 0.005, 'weight': 0.25, 'diag': {'n_m5': 599, 'n_h1': 250, 'n_d1': 120, 'bar_time': '2026-05-27 11:20:00', 'open': 1.34442, 'high': 1.34455, 'low': 1.34424, 'close': 1.34429, 'volume': 281.0, 'trend_dir': -1, 'h1_trend': -1, 'd1_trend': -1, 'h1_rsi': 38.082, 'in_session': False, 'atr_ok': True, 'adx_ok': True, 'ema20': 1.344658, 'rsi': 39.981, 'atr': 0.000422, 'adx': 18.952, 'bb_up': 1.345435, 'bb_lo': 1.344064, 'f_bb': 0, 'f_ema': -1, 'f_rsi': 0, 'f_candle': 0, 'f_rsiR': 1, 'f_macd': -1, 'f_stoch': 0, 'f_vol': 0, 'signal_dir': 0, 'h1_topped_from_m5': 1, 'd1_topped_from_m5': 1}}
[2026-05-27 11:25:00 BROKER] mt5_connected | {'state': 'healthy', 'periodic': True, 'connected': True, 'trade_allowed': True, 'ping_ms': 16980}
C:\Users\Administrator\Desktop\tob\ema-h1trend\mt5\run_multi_scalper.py:179: Pandas4Warning: Timestamp.utcnow is deprecated and will be removed in a future version. Use Timestamp.now('UTC') instead.
  return pd.Timestamp.utcnow().tz_localize(None) + pd.Timedelta(hours=BROKER_WALLCLOCK_OFFSET_HOURS)
[2026-05-27 11:25:00 BROKER] cycle | {'bars_m5': 599, 'bars_h1': 250, 'bars_d1': 120, 'last_bar_time': '2026-05-27 11:20:00', 'data_age_min': 5.0, 'signal': False, 'risk_per_trade': 0.005, 'weight': 0.25, 'diag': {'n_m5': 599, 'n_h1': 250, 'n_d1': 120, 'bar_time': '2026-05-27 11:20:00', 'open': 1.8586200000000002, 'high': 1.8588, 'low': 1.85839, 'close': 1.8586, 'volume': 516.0, 'trend_dir': 1, 'h1_trend': 1, 'd1_trend': 1, 'h1_rsi': 50.704, 'in_session': False, 'atr_ok': True, 'adx_ok': True, 'ema20': 1.858558, 'rsi': 51.628, 'atr': 0.000577, 'adx': 25.04, 'bb_up': 1.859164, 'bb_lo': 1.85816, 'f_bb': 0, 'f_ema': 1, 'f_rsi': 0, 'f_candle': 0, 'f_rsiR': 0, 'f_macd': -1, 'f_stoch': 0, 'f_vol': 0, 'signal_dir': 0, 'h1_topped_from_m5': 1, 'd1_topped_from_m5': 1}}
C:\Users\Administrator\Desktop\tob\ema-h1trend\mt5\run_multi_scalper.py:179: Pandas4Warning: Timestamp.utcnow is deprecated and will be removed in a future version. Use Timestamp.now('UTC') instead.
  return pd.Timestamp.utcnow().tz_localize(None) + pd.Timedelta(hours=BROKER_WALLCLOCK_OFFSET_HOURS)
[2026-05-27 11:25:01 BROKER] cycle | {'bars_m5': 599, 'bars_h1': 250, 'bars_d1': 120, 'last_bar_time': '2026-05-27 11:20:00', 'data_age_min': 5.0, 'signal': False, 'risk_per_trade': 0.005, 'weight': 0.25, 'diag': {'n_m5': 599, 'n_h1': 250, 'n_d1': 120, 'bar_time': '2026-05-27 11:20:00', 'open': 1.6095199999999998, 'high': 1.60998, 'low': 1.60951, 'close': 1.60996, 'volume': 429.0, 'trend_dir': 1, 'h1_trend': 1, 'd1_trend': 1, 'h1_rsi': 74.888, 'in_session': False, 'atr_ok': True, 'adx_ok': True, 'ema20': 1.609312, 'rsi': 67.86, 'atr': 0.000406, 'adx': 50.223, 'bb_up': 1.610013, 'bb_lo': 1.608821, 'f_bb': 0, 'f_ema': 0, 'f_rsi': 0, 'f_candle': 1, 'f_rsiR': -1, 'f_macd': -1, 'f_stoch': 0, 'f_vol': 0, 'signal_dir': 0, 'h1_topped_from_m5': 1, 'd1_topped_from_m5': 1}}
C:\Users\Administrator\Desktop\tob\ema-h1trend\mt5\run_multi_scalper.py:179: Pandas4Warning: Timestamp.utcnow is deprecated and will be removed in a future version. Use Timestamp.now('UTC') instead.
  return pd.Timestamp.utcnow().tz_localize(None) + pd.Timedelta(hours=BROKER_WALLCLOCK_OFFSET_HOURS)
[portfolio] cycle_complete: symbols=4 signals=0 placed=0 skipped=0 elapsed_s=0.65 per_symbol=[{'symbol': 'XAUUSD', 'signal': False}, {'symbol': 'GBPUSD', 'signal': False}, {'symbol': 'GBPCAD', 'signal': False}, {'symbol': 'EURCAD', 'signal': False}]
  → sleeping 299s until next M5 close ...
[2026-05-27 11:30:00 BROKER] cycle | {'bars_m5': 599, 'bars_h1': 250, 'bars_d1': 120, 'last_bar_time': '2026-05-27 11:25:00', 'data_age_min': 5.0, 'signal': False, 'risk_per_trade': 0.005, 'weight': 0.25, 'diag': {'n_m5': 599, 'n_h1': 250, 'n_d1': 120, 'bar_time': '2026-05-27 11:25:00', 'open': 4490.72, 'high': 4491.07, 'low': 4487.92, 'close': 4489.15, 'volume': 856.0, 'trend_dir': -1, 'h1_trend': -1, 'd1_trend': -1, 'h1_rsi': 39.635, 'in_session': False, 'atr_ok': True, 'adx_ok': True, 'ema20': 4486.88169, 'rsi': 52.34, 'atr': 4.299133, 'adx': 24.33, 'bb_up': 4491.528205, 'bb_lo': 4478.664795, 'f_bb': 0, 'f_ema': 1, 'f_rsi': 0, 'f_candle': 0, 'f_rsiR': 1, 'f_macd': 1, 'f_stoch': -1, 'f_vol': 0, 'signal_dir': 0, 'h1_topped_from_m5': 1, 'd1_topped_from_m5': 1}}
[2026-05-27 11:30:00 BROKER] heartbeat | {'uptime_s': 9445.1, 'mt5_connected': True, 'mt5_trade_allowed': True, 'tracked_pendings': 0, 'open_positions': 0, 'cooldown_active': False, 'cooldown_remaining_s': 0.0, 'balance': 980.2, 'equity': 980.2}
C:\Users\Administrator\Desktop\tob\ema-h1trend\mt5\run_multi_scalper.py:179: Pandas4Warning: Timestamp.utcnow is deprecated and will be removed in a future version. Use Timestamp.now('UTC') instead.
  return pd.Timestamp.utcnow().tz_localize(None) + pd.Timedelta(hours=BROKER_WALLCLOCK_OFFSET_HOURS)
[2026-05-27 11:30:00 BROKER] cycle | {'bars_m5': 599, 'bars_h1': 250, 'bars_d1': 120, 'last_bar_time': '2026-05-27 11:25:00', 'data_age_min': 5.0, 'signal': False, 'risk_per_trade': 0.005, 'weight': 0.25, 'diag': {'n_m5': 599, 'n_h1': 250, 'n_d1': 120, 'bar_time': '2026-05-27 11:25:00', 'open': 1.34429, 'high': 1.34467, 'low': 1.34424, 'close': 1.3446500000000001, 'volume': 254.0, 'trend_dir': -1, 'h1_trend': -1, 'd1_trend': -1, 'h1_rsi': 41.638, 'in_session': False, 'atr_ok': True, 'adx_ok': True, 'ema20': 1.344657, 'rsi': 48.373, 'atr': 0.000423, 'adx': 18.489, 'bb_up': 1.345317, 'bb_lo': 1.344104, 'f_bb': 0, 'f_ema': -1, 'f_rsi': 0, 'f_candle': 1, 'f_rsiR': 1, 'f_macd': 1, 'f_stoch': 0, 'f_vol': 0, 'signal_dir': 0, 'h1_topped_from_m5': 1, 'd1_topped_from_m5': 1}}
[2026-05-27 11:30:00 BROKER] heartbeat | {'uptime_s': 9445.2, 'mt5_connected': True, 'mt5_trade_allowed': True, 'tracked_pendings': 0, 'open_positions': 0, 'cooldown_active': False, 'cooldown_remaining_s': 0.0, 'balance': 980.2, 'equity': 980.2}
C:\Users\Administrator\Desktop\tob\ema-h1trend\mt5\run_multi_scalper.py:179: Pandas4Warning: Timestamp.utcnow is deprecated and will be removed in a future version. Use Timestamp.now('UTC') instead.
  return pd.Timestamp.utcnow().tz_localize(None) + pd.Timedelta(hours=BROKER_WALLCLOCK_OFFSET_HOURS)
[2026-05-27 11:30:00 BROKER] cycle | {'bars_m5': 599, 'bars_h1': 250, 'bars_d1': 120, 'last_bar_time': '2026-05-27 11:25:00', 'data_age_min': 5.0, 'signal': False, 'risk_per_trade': 0.005, 'weight': 0.25, 'diag': {'n_m5': 599, 'n_h1': 250, 'n_d1': 120, 'bar_time': '2026-05-27 11:25:00', 'open': 1.85859, 'high': 1.85893, 'low': 1.85838, 'close': 1.8588200000000001, 'volume': 473.0, 'trend_dir': 1, 'h1_trend': 1, 'd1_trend': 1, 'h1_rsi': 52.238, 'in_session': False, 'atr_ok': True, 'adx_ok': True, 'ema20': 1.858583, 'rsi': 54.4, 'atr': 0.000573, 'adx': 25.485, 'bb_up': 1.85918, 'bb_lo': 1.858169, 'f_bb': 0, 'f_ema': 1, 'f_rsi': 0, 'f_candle': 1, 'f_rsiR': 0, 'f_macd': -1, 'f_stoch': 0, 'f_vol': 0, 'signal_dir': 0, 'h1_topped_from_m5': 1, 'd1_topped_from_m5': 1}}
[2026-05-27 11:30:01 BROKER] heartbeat | {'uptime_s': 9445.2, 'mt5_connected': True, 'mt5_trade_allowed': True, 'tracked_pendings': 0, 'open_positions': 0, 'cooldown_active': False, 'cooldown_remaining_s': 0.0, 'balance': 980.2, 'equity': 980.2}
C:\Users\Administrator\Desktop\tob\ema-h1trend\mt5\run_multi_scalper.py:179: Pandas4Warning: Timestamp.utcnow is deprecated and will be removed in a future version. Use Timestamp.now('UTC') instead.
  return pd.Timestamp.utcnow().tz_localize(None) + pd.Timedelta(hours=BROKER_WALLCLOCK_OFFSET_HOURS)
[2026-05-27 11:30:01 BROKER] cycle | {'bars_m5': 599, 'bars_h1': 250, 'bars_d1': 120, 'last_bar_time': '2026-05-27 11:25:00', 'data_age_min': 5.0, 'signal': False, 'risk_per_trade': 0.005, 'weight': 0.25, 'diag': {'n_m5': 599, 'n_h1': 250, 'n_d1': 120, 'bar_time': '2026-05-27 11:25:00', 'open': 1.60996, 'high': 1.61012, 'low': 1.6097299999999999, 'close': 1.61003, 'volume': 403.0, 'trend_dir': 1, 'h1_trend': 1, 'd1_trend': 1, 'h1_rsi': 75.169, 'in_session': False, 'atr_ok': True, 'adx_ok': True, 'ema20': 1.609381, 'rsi': 68.796, 'atr': 0.000403, 'adx': 50.715, 'bb_up': 1.610089, 'bb_lo': 1.608849, 'f_bb': -1, 'f_ema': 0, 'f_rsi': 0, 'f_candle': 0, 'f_rsiR': -1, 'f_macd': -1, 'f_stoch': 0, 'f_vol': 0, 'signal_dir': 0, 'h1_topped_from_m5': 1, 'd1_topped_from_m5': 1}}
[portfolio] cycle_complete: symbols=4 signals=0 placed=0 skipped=0 elapsed_s=0.66 per_symbol=[{'symbol': 'XAUUSD', 'signal': False}, {'symbol': 'GBPUSD', 'signal': False}, {'symbol': 'GBPCAD', 'signal': False}, {'symbol': 'EURCAD', 'signal': False}]
  → sleeping 299s until next M5 close ...
[2026-05-27 11:35:00 BROKER] heartbeat | {'uptime_s': 9745.2, 'mt5_connected': True, 'mt5_trade_allowed': True, 'tracked_pendings': 0, 'open_positions': 0, 'cooldown_active': False, 'cooldown_remaining_s': 0.0, 'balance': 980.2, 'equity': 980.2}
C:\Users\Administrator\Desktop\tob\ema-h1trend\mt5\run_multi_scalper.py:179: Pandas4Warning: Timestamp.utcnow is deprecated and will be removed in a future version. Use Timestamp.now('UTC') instead.
  return pd.Timestamp.utcnow().tz_localize(None) + pd.Timedelta(hours=BROKER_WALLCLOCK_OFFSET_HOURS)
[2026-05-27 11:35:00 BROKER] cycle | {'bars_m5': 599, 'bars_h1': 250, 'bars_d1': 120, 'last_bar_time': '2026-05-27 11:30:00', 'data_age_min': 5.0, 'signal': False, 'risk_per_trade': 0.005, 'weight': 0.25, 'diag': {'n_m5': 599, 'n_h1': 250, 'n_d1': 120, 'bar_time': '2026-05-27 11:30:00', 'open': 4489.16, 'high': 4489.57, 'low': 4486.11, 'close': 4488.6, 'volume': 804.0, 'trend_dir': -1, 'h1_trend': -1, 'd1_trend': -1, 'h1_rsi': 39.334, 'in_session': False, 'atr_ok': True, 'adx_ok': True, 'ema20': 4487.045339, 'rsi': 51.297, 'atr': 4.187248, 'adx': 22.713, 'bb_up': 4491.710957, 'bb_lo': 4478.611043, 'f_bb': 0, 'f_ema': 1, 'f_rsi': 0, 'f_candle': 0, 'f_rsiR': 1, 'f_macd': 1, 'f_stoch': 0, 'f_vol': 0, 'signal_dir': 0, 'h1_topped_from_m5': 1, 'd1_topped_from_m5': 1}}
C:\Users\Administrator\Desktop\tob\ema-h1trend\mt5\run_multi_scalper.py:179: Pandas4Warning: Timestamp.utcnow is deprecated and will be removed in a future version. Use Timestamp.now('UTC') instead.
  return pd.Timestamp.utcnow().tz_localize(None) + pd.Timedelta(hours=BROKER_WALLCLOCK_OFFSET_HOURS)
[2026-05-27 11:35:00 BROKER] cycle | {'bars_m5': 599, 'bars_h1': 250, 'bars_d1': 120, 'last_bar_time': '2026-05-27 11:30:00', 'data_age_min': 5.0, 'signal': False, 'risk_per_trade': 0.005, 'weight': 0.25, 'diag': {'n_m5': 599, 'n_h1': 250, 'n_d1': 120, 'bar_time': '2026-05-27 11:30:00', 'open': 1.3446500000000001, 'high': 1.3446500000000001, 'low': 1.34435, 'close': 1.34453, 'volume': 252.0, 'trend_dir': -1, 'h1_trend': -1, 'd1_trend': -1, 'h1_rsi': 40.499, 'in_session': False, 'atr_ok': True, 'adx_ok': True, 'ema20': 1.344645, 'rsi': 46.061, 'atr': 0.000407, 'adx': 18.06, 'bb_up': 1.345264, 'bb_lo': 1.3441, 'f_bb': 0, 'f_ema': -1, 'f_rsi': 0, 'f_candle': 0, 'f_rsiR': 1, 'f_macd': 1, 'f_stoch': 0, 'f_vol': 0, 'signal_dir': 0, 'h1_topped_from_m5': 1, 'd1_topped_from_m5': 1}}
[2026-05-27 11:35:00 BROKER] mt5_connected | {'state': 'healthy', 'periodic': True, 'connected': True, 'trade_allowed': True, 'ping_ms': 16980}
C:\Users\Administrator\Desktop\tob\ema-h1trend\mt5\run_multi_scalper.py:179: Pandas4Warning: Timestamp.utcnow is deprecated and will be removed in a future version. Use Timestamp.now('UTC') instead.
  return pd.Timestamp.utcnow().tz_localize(None) + pd.Timedelta(hours=BROKER_WALLCLOCK_OFFSET_HOURS)
[2026-05-27 11:35:01 BROKER] cycle | {'bars_m5': 599, 'bars_h1': 250, 'bars_d1': 120, 'last_bar_time': '2026-05-27 11:30:00', 'data_age_min': 5.0, 'signal': False, 'risk_per_trade': 0.005, 'weight': 0.25, 'diag': {'n_m5': 599, 'n_h1': 250, 'n_d1': 120, 'bar_time': '2026-05-27 11:30:00', 'open': 1.85881, 'high': 1.85883, 'low': 1.8584100000000001, 'close': 1.8586200000000002, 'volume': 437.0, 'trend_dir': 1, 'h1_trend': 1, 'd1_trend': 1, 'h1_rsi': 50.848, 'in_session': False, 'atr_ok': True, 'adx_ok': True, 'ema20': 1.858587, 'rsi': 51.51, 'atr': 0.000553, 'adx': 25.899, 'bb_up': 1.85918, 'bb_lo': 1.858177, 'f_bb': 0, 'f_ema': 1, 'f_rsi': 0, 'f_candle': 0, 'f_rsiR': 0, 'f_macd': -1, 'f_stoch': 0, 'f_vol': 0, 'signal_dir': 0, 'h1_topped_from_m5': 1, 'd1_topped_from_m5': 1}}
C:\Users\Administrator\Desktop\tob\ema-h1trend\mt5\run_multi_scalper.py:179: Pandas4Warning: Timestamp.utcnow is deprecated and will be removed in a future version. Use Timestamp.now('UTC') instead.
  return pd.Timestamp.utcnow().tz_localize(None) + pd.Timedelta(hours=BROKER_WALLCLOCK_OFFSET_HOURS)
[2026-05-27 11:35:01 BROKER] cycle | {'bars_m5': 599, 'bars_h1': 250, 'bars_d1': 120, 'last_bar_time': '2026-05-27 11:30:00', 'data_age_min': 5.0, 'signal': False, 'risk_per_trade': 0.005, 'weight': 0.25, 'diag': {'n_m5': 599, 'n_h1': 250, 'n_d1': 120, 'bar_time': '2026-05-27 11:30:00', 'open': 1.61002, 'high': 1.61005, 'low': 1.60958, 'close': 1.60969, 'volume': 361.0, 'trend_dir': 1, 'h1_trend': 1, 'd1_trend': 1, 'h1_rsi': 73.739, 'in_session': False, 'atr_ok': True, 'adx_ok': True, 'ema20': 1.60941, 'rsi': 59.701, 'atr': 0.000412, 'adx': 50.225, 'bb_up': 1.610075, 'bb_lo': 1.608942, 'f_bb': 0, 'f_ema': 0, 'f_rsi': -1, 'f_candle': 0, 'f_rsiR': -1, 'f_macd': -1, 'f_stoch': 0, 'f_vol': 0, 'signal_dir': 0, 'h1_topped_from_m5': 1, 'd1_topped_from_m5': 1}}
C:\Users\Administrator\Desktop\tob\ema-h1trend\mt5\run_multi_scalper.py:179: Pandas4Warning: Timestamp.utcnow is deprecated and will be removed in a future version. Use Timestamp.now('UTC') instead.
  return pd.Timestamp.utcnow().tz_localize(None) + pd.Timedelta(hours=BROKER_WALLCLOCK_OFFSET_HOURS)
[portfolio] cycle_complete: symbols=4 signals=0 placed=0 skipped=0 elapsed_s=0.71 per_symbol=[{'symbol': 'XAUUSD', 'signal': False}, {'symbol': 'GBPUSD', 'signal': False}, {'symbol': 'GBPCAD', 'signal': False}, {'symbol': 'EURCAD', 'signal': False}]
  → sleeping 299s until next M5 close ...
[2026-05-27 11:40:00 BROKER] cycle | {'bars_m5': 599, 'bars_h1': 250, 'bars_d1': 120, 'last_bar_time': '2026-05-27 11:35:00', 'data_age_min': 5.0, 'signal': False, 'risk_per_trade': 0.005, 'weight': 0.25, 'diag': {'n_m5': 599, 'n_h1': 250, 'n_d1': 120, 'bar_time': '2026-05-27 11:35:00', 'open': 4488.62, 'high': 4492.86, 'low': 4488.44, 'close': 4492.77, 'volume': 788.0, 'trend_dir': -1, 'h1_trend': -1, 'd1_trend': -1, 'h1_rsi': 41.546, 'in_session': False, 'atr_ok': True, 'adx_ok': True, 'ema20': 4487.590545, 'rsi': 58.113, 'atr': 4.218282, 'adx': 21.981, 'bb_up': 4492.920641, 'bb_lo': 4478.157359, 'f_bb': 0, 'f_ema': 1, 'f_rsi': 0, 'f_candle': 0, 'f_rsiR': 1, 'f_macd': 1, 'f_stoch': 0, 'f_vol': 0, 'signal_dir': 0, 'h1_topped_from_m5': 1, 'd1_topped_from_m5': 1}}
C:\Users\Administrator\Desktop\tob\ema-h1trend\mt5\run_multi_scalper.py:179: Pandas4Warning: Timestamp.utcnow is deprecated and will be removed in a future version. Use Timestamp.now('UTC') instead.
  return pd.Timestamp.utcnow().tz_localize(None) + pd.Timedelta(hours=BROKER_WALLCLOCK_OFFSET_HOURS)
[2026-05-27 11:40:00 BROKER] cycle | {'bars_m5': 599, 'bars_h1': 250, 'bars_d1': 120, 'last_bar_time': '2026-05-27 11:35:00', 'data_age_min': 5.0, 'signal': False, 'risk_per_trade': 0.005, 'weight': 0.25, 'diag': {'n_m5': 599, 'n_h1': 250, 'n_d1': 120, 'bar_time': '2026-05-27 11:35:00', 'open': 1.34453, 'high': 1.34456, 'low': 1.34421, 'close': 1.34432, 'volume': 272.0, 'trend_dir': -1, 'h1_trend': -1, 'd1_trend': -1, 'h1_rsi': 38.395, 'in_session': False, 'atr_ok': True, 'adx_ok': True, 'ema20': 1.344614, 'rsi': 42.255, 'atr': 0.000399, 'adx': 17.027, 'bb_up': 1.345193, 'bb_lo': 1.344085, 'f_bb': 0, 'f_ema': -1, 'f_rsi': 0, 'f_candle': 0, 'f_rsiR': 1, 'f_macd': -1, 'f_stoch': 0, 'f_vol': 0, 'signal_dir': 0, 'h1_topped_from_m5': 1, 'd1_topped_from_m5': 1}}
C:\Users\Administrator\Desktop\tob\ema-h1trend\mt5\run_multi_scalper.py:179: Pandas4Warning: Timestamp.utcnow is deprecated and will be removed in a future version. Use Timestamp.now('UTC') instead.
  return pd.Timestamp.utcnow().tz_localize(None) + pd.Timedelta(hours=BROKER_WALLCLOCK_OFFSET_HOURS)
[2026-05-27 11:40:00 BROKER] cycle | {'bars_m5': 599, 'bars_h1': 250, 'bars_d1': 120, 'last_bar_time': '2026-05-27 11:35:00', 'data_age_min': 5.0, 'signal': False, 'risk_per_trade': 0.005, 'weight': 0.25, 'diag': {'n_m5': 599, 'n_h1': 250, 'n_d1': 120, 'bar_time': '2026-05-27 11:35:00', 'open': 1.85859, 'high': 1.85861, 'low': 1.8581400000000001, 'close': 1.85838, 'volume': 517.0, 'trend_dir': 0, 'h1_trend': -1, 'd1_trend': 1, 'h1_rsi': 49.17, 'in_session': False, 'atr_ok': True, 'adx_ok': True, 'ema20': 1.858567, 'rsi': 48.202, 'atr': 0.000543, 'adx': 25.337, 'bb_up': 1.859171, 'bb_lo': 1.858142, 'f_bb': 1, 'f_ema': -1, 'f_rsi': 0, 'f_candle': 0, 'f_rsiR': 0, 'f_macd': -1, 'f_stoch': 0, 'f_vol': 0, 'signal_dir': 0, 'h1_topped_from_m5': 1, 'd1_topped_from_m5': 1}}
C:\Users\Administrator\Desktop\tob\ema-h1trend\mt5\run_multi_scalper.py:179: Pandas4Warning: Timestamp.utcnow is deprecated and will be removed in a future version. Use Timestamp.now('UTC') instead.
  return pd.Timestamp.utcnow().tz_localize(None) + pd.Timedelta(hours=BROKER_WALLCLOCK_OFFSET_HOURS)
[2026-05-27 11:40:01 BROKER] cycle | {'bars_m5': 599, 'bars_h1': 250, 'bars_d1': 120, 'last_bar_time': '2026-05-27 11:35:00', 'data_age_min': 5.0, 'signal': False, 'risk_per_trade': 0.005, 'weight': 0.25, 'diag': {'n_m5': 599, 'n_h1': 250, 'n_d1': 120, 'bar_time': '2026-05-27 11:35:00', 'open': 1.60972, 'high': 1.60975, 'low': 1.60935, 'close': 1.60971, 'volume': 508.0, 'trend_dir': 1, 'h1_trend': 1, 'd1_trend': 1, 'h1_rsi': 73.827, 'in_session': False, 'atr_ok': True, 'adx_ok': True, 'ema20': 1.609439, 'rsi': 60.035, 'atr': 0.000411, 'adx': 48.513, 'bb_up': 1.610084, 'bb_lo': 1.608988, 'f_bb': 0, 'f_ema': 1, 'f_rsi': 0, 'f_candle': 0, 'f_rsiR': -1, 'f_macd': -1, 'f_stoch': 0, 'f_vol': 0, 'signal_dir': 0, 'h1_topped_from_m5': 1, 'd1_topped_from_m5': 1}}
C:\Users\Administrator\Desktop\tob\ema-h1trend\mt5\run_multi_scalper.py:179: Pandas4Warning: Timestamp.utcnow is deprecated and will be removed in a future version. Use Timestamp.now('UTC') instead.
  return pd.Timestamp.utcnow().tz_localize(None) + pd.Timedelta(hours=BROKER_WALLCLOCK_OFFSET_HOURS)
[portfolio] cycle_complete: symbols=4 signals=0 placed=0 skipped=0 elapsed_s=0.63 per_symbol=[{'symbol': 'XAUUSD', 'signal': False}, {'symbol': 'GBPUSD', 'signal': False}, {'symbol': 'GBPCAD', 'signal': False}, {'symbol': 'EURCAD', 'signal': False}]
  → sleeping 299s until next M5 close ...
[2026-05-27 11:45:00 BROKER] cycle | {'bars_m5': 599, 'bars_h1': 250, 'bars_d1': 120, 'last_bar_time': '2026-05-27 11:40:00', 'data_age_min': 5.0, 'signal': False, 'risk_per_trade': 0.005, 'weight': 0.25, 'diag': {'n_m5': 599, 'n_h1': 250, 'n_d1': 120, 'bar_time': '2026-05-27 11:40:00', 'open': 4492.78, 'high': 4496.62, 'low': 4492.63, 'close': 4496.21, 'volume': 1042.0, 'trend_dir': -1, 'h1_trend': -1, 'd1_trend': -1, 'h1_rsi': 43.254, 'in_session': False, 'atr_ok': True, 'adx_ok': True, 'ema20': 4488.411445, 'rsi': 62.746, 'atr': 4.187844, 'adx': 22.045, 'bb_up': 4494.781245, 'bb_lo': 4477.217755, 'f_bb': -1, 'f_ema': 0, 'f_rsi': 0, 'f_candle': 0, 'f_rsiR': 1, 'f_macd': 1, 'f_stoch': 0, 'f_vol': 0, 'signal_dir': 0, 'h1_topped_from_m5': 1, 'd1_topped_from_m5': 1}}
[2026-05-27 11:45:00 BROKER] heartbeat | {'uptime_s': 10345.1, 'mt5_connected': True, 'mt5_trade_allowed': True, 'tracked_pendings': 0, 'open_positions': 0, 'cooldown_active': False, 'cooldown_remaining_s': 0.0, 'balance': 980.2, 'equity': 980.2}
C:\Users\Administrator\Desktop\tob\ema-h1trend\mt5\run_multi_scalper.py:179: Pandas4Warning: Timestamp.utcnow is deprecated and will be removed in a future version. Use Timestamp.now('UTC') instead.
  return pd.Timestamp.utcnow().tz_localize(None) + pd.Timedelta(hours=BROKER_WALLCLOCK_OFFSET_HOURS)
[2026-05-27 11:45:00 BROKER] cycle | {'bars_m5': 599, 'bars_h1': 250, 'bars_d1': 120, 'last_bar_time': '2026-05-27 11:40:00', 'data_age_min': 5.0, 'signal': False, 'risk_per_trade': 0.005, 'weight': 0.25, 'diag': {'n_m5': 599, 'n_h1': 250, 'n_d1': 120, 'bar_time': '2026-05-27 11:40:00', 'open': 1.34432, 'high': 1.34456, 'low': 1.3443100000000001, 'close': 1.34453, 'volume': 230.0, 'trend_dir': -1, 'h1_trend': -1, 'd1_trend': -1, 'h1_rsi': 40.499, 'in_session': False, 'atr_ok': True, 'adx_ok': True, 'ema20': 1.344606, 'rsi': 46.973, 'atr': 0.000379, 'adx': 16.069, 'bb_up': 1.345097, 'bb_lo': 1.344115, 'f_bb': 0, 'f_ema': -1, 'f_rsi': 0, 'f_candle': 1, 'f_rsiR': 1, 'f_macd': 1, 'f_stoch': 0, 'f_vol': 0, 'signal_dir': 0, 'h1_topped_from_m5': 1, 'd1_topped_from_m5': 1}}
[2026-05-27 11:45:00 BROKER] heartbeat | {'uptime_s': 10345.2, 'mt5_connected': True, 'mt5_trade_allowed': True, 'tracked_pendings': 0, 'open_positions': 0, 'cooldown_active': False, 'cooldown_remaining_s': 0.0, 'balance': 980.2, 'equity': 980.2}
C:\Users\Administrator\Desktop\tob\ema-h1trend\mt5\run_multi_scalper.py:179: Pandas4Warning: Timestamp.utcnow is deprecated and will be removed in a future version. Use Timestamp.now('UTC') instead.
  return pd.Timestamp.utcnow().tz_localize(None) + pd.Timedelta(hours=BROKER_WALLCLOCK_OFFSET_HOURS)
[2026-05-27 11:45:00 BROKER] cycle | {'bars_m5': 599, 'bars_h1': 250, 'bars_d1': 120, 'last_bar_time': '2026-05-27 11:40:00', 'data_age_min': 5.0, 'signal': False, 'risk_per_trade': 0.005, 'weight': 0.25, 'diag': {'n_m5': 599, 'n_h1': 250, 'n_d1': 120, 'bar_time': '2026-05-27 11:40:00', 'open': 1.85838, 'high': 1.8590200000000001, 'low': 1.8583699999999999, 'close': 1.8589799999999999, 'volume': 433.0, 'trend_dir': 1, 'h1_trend': 1, 'd1_trend': 1, 'h1_rsi': 53.286, 'in_session': False, 'atr_ok': True, 'adx_ok': True, 'ema20': 1.858606, 'rsi': 55.839, 'atr': 0.000557, 'adx': 25.645, 'bb_up': 1.859207, 'bb_lo': 1.858138, 'f_bb': 0, 'f_ema': 1, 'f_rsi': 0, 'f_candle': 1, 'f_rsiR': 0, 'f_macd': -1, 'f_stoch': 0, 'f_vol': 0, 'signal_dir': 0, 'h1_topped_from_m5': 1, 'd1_topped_from_m5': 1}}
[2026-05-27 11:45:00 BROKER] heartbeat | {'uptime_s': 10345.2, 'mt5_connected': True, 'mt5_trade_allowed': True, 'tracked_pendings': 0, 'open_positions': 0, 'cooldown_active': False, 'cooldown_remaining_s': 0.0, 'balance': 980.2, 'equity': 980.2}
[2026-05-27 11:45:00 BROKER] mt5_connected | {'state': 'healthy', 'periodic': True, 'connected': True, 'trade_allowed': True, 'ping_ms': 16980}
C:\Users\Administrator\Desktop\tob\ema-h1trend\mt5\run_multi_scalper.py:179: Pandas4Warning: Timestamp.utcnow is deprecated and will be removed in a future version. Use Timestamp.now('UTC') instead.
  return pd.Timestamp.utcnow().tz_localize(None) + pd.Timedelta(hours=BROKER_WALLCLOCK_OFFSET_HOURS)
[2026-05-27 11:45:01 BROKER] cycle | {'bars_m5': 599, 'bars_h1': 250, 'bars_d1': 120, 'last_bar_time': '2026-05-27 11:40:00', 'data_age_min': 5.0, 'signal': False, 'risk_per_trade': 0.005, 'weight': 0.25, 'diag': {'n_m5': 599, 'n_h1': 250, 'n_d1': 120, 'bar_time': '2026-05-27 11:40:00', 'open': 1.6097299999999999, 'high': 1.61019, 'low': 1.6097000000000001, 'close': 1.61015, 'volume': 376.0, 'trend_dir': 1, 'h1_trend': 1, 'd1_trend': 1, 'h1_rsi': 75.638, 'in_session': False, 'atr_ok': True, 'adx_ok': True, 'ema20': 1.609506, 'rsi': 66.607, 'atr': 0.000421, 'adx': 47.984, 'bb_up': 1.610168, 'bb_lo': 1.609003, 'f_bb': -1, 'f_ema': 0, 'f_rsi': 0, 'f_candle': 0, 'f_rsiR': -1, 'f_macd': -1, 'f_stoch': 0, 'f_vol': 0, 'signal_dir': 0, 'h1_topped_from_m5': 1, 'd1_topped_from_m5': 1}}
[portfolio] cycle_complete: symbols=4 signals=0 placed=0 skipped=0 elapsed_s=0.63 per_symbol=[{'symbol': 'XAUUSD', 'signal': False}, {'symbol': 'GBPUSD', 'signal': False}, {'symbol': 'GBPCAD', 'signal': False}, {'symbol': 'EURCAD', 'signal': False}]
  → sleeping 299s until next M5 close ...
[2026-05-27 11:50:00 BROKER] heartbeat | {'uptime_s': 10645.2, 'mt5_connected': True, 'mt5_trade_allowed': True, 'tracked_pendings': 0, 'open_positions': 0, 'cooldown_active': False, 'cooldown_remaining_s': 0.0, 'balance': 980.2, 'equity': 980.2}
C:\Users\Administrator\Desktop\tob\ema-h1trend\mt5\run_multi_scalper.py:179: Pandas4Warning: Timestamp.utcnow is deprecated and will be removed in a future version. Use Timestamp.now('UTC') instead.
  return pd.Timestamp.utcnow().tz_localize(None) + pd.Timedelta(hours=BROKER_WALLCLOCK_OFFSET_HOURS)
[2026-05-27 11:50:00 BROKER] cycle | {'bars_m5': 599, 'bars_h1': 250, 'bars_d1': 120, 'last_bar_time': '2026-05-27 11:45:00', 'data_age_min': 5.0, 'signal': False, 'risk_per_trade': 0.005, 'weight': 0.25, 'diag': {'n_m5': 599, 'n_h1': 250, 'n_d1': 120, 'bar_time': '2026-05-27 11:45:00', 'open': 4496.14, 'high': 4497.26, 'low': 4492.68, 'close': 4496.51, 'volume': 955.0, 'trend_dir': -1, 'h1_trend': -1, 'd1_trend': -1, 'h1_rsi': 43.398, 'in_session': False, 'atr_ok': True, 'adx_ok': True, 'ema20': 4489.182736, 'rsi': 63.129, 'atr': 4.240132, 'adx': 22.222, 'bb_up': 4496.516369, 'bb_lo': 4476.654631, 'f_bb': -1, 'f_ema': 0, 'f_rsi': 0, 'f_candle': 1, 'f_rsiR': 0, 'f_macd': 1, 'f_stoch': -1, 'f_vol': 0, 'signal_dir': 0, 'h1_topped_from_m5': 1, 'd1_topped_from_m5': 1}}
C:\Users\Administrator\Desktop\tob\ema-h1trend\mt5\run_multi_scalper.py:179: Pandas4Warning: Timestamp.utcnow is deprecated and will be removed in a future version. Use Timestamp.now('UTC') instead.
  return pd.Timestamp.utcnow().tz_localize(None) + pd.Timedelta(hours=BROKER_WALLCLOCK_OFFSET_HOURS)
[2026-05-27 11:50:00 BROKER] cycle | {'bars_m5': 599, 'bars_h1': 250, 'bars_d1': 120, 'last_bar_time': '2026-05-27 11:45:00', 'data_age_min': 5.0, 'signal': False, 'risk_per_trade': 0.005, 'weight': 0.25, 'diag': {'n_m5': 599, 'n_h1': 250, 'n_d1': 120, 'bar_time': '2026-05-27 11:45:00', 'open': 1.34453, 'high': 1.34469, 'low': 1.3443399999999999, 'close': 1.34435, 'volume': 235.0, 'trend_dir': -1, 'h1_trend': -1, 'd1_trend': -1, 'h1_rsi': 38.705, 'in_session': False, 'atr_ok': True, 'adx_ok': True, 'ema20': 1.344582, 'rsi': 43.679, 'atr': 0.000375, 'adx': 15.718, 'bb_up': 1.345027, 'bb_lo': 1.344115, 'f_bb': 0, 'f_ema': -1, 'f_rsi': 0, 'f_candle': 0, 'f_rsiR': 1, 'f_macd': 1, 'f_stoch': 0, 'f_vol': 0, 'signal_dir': 0, 'h1_topped_from_m5': 1, 'd1_topped_from_m5': 1}}
C:\Users\Administrator\Desktop\tob\ema-h1trend\mt5\run_multi_scalper.py:179: Pandas4Warning: Timestamp.utcnow is deprecated and will be removed in a future version. Use Timestamp.now('UTC') instead.
  return pd.Timestamp.utcnow().tz_localize(None) + pd.Timedelta(hours=BROKER_WALLCLOCK_OFFSET_HOURS)
[2026-05-27 11:50:00 BROKER] cycle | {'bars_m5': 599, 'bars_h1': 250, 'bars_d1': 120, 'last_bar_time': '2026-05-27 11:45:00', 'data_age_min': 5.0, 'signal': False, 'risk_per_trade': 0.005, 'weight': 0.25, 'diag': {'n_m5': 599, 'n_h1': 250, 'n_d1': 120, 'bar_time': '2026-05-27 11:45:00', 'open': 1.8589799999999999, 'high': 1.85931, 'low': 1.8589, 'close': 1.8589099999999998, 'volume': 429.0, 'trend_dir': 1, 'h1_trend': 1, 'd1_trend': 1, 'h1_rsi': 52.833, 'in_session': False, 'atr_ok': True, 'adx_ok': True, 'ema20': 1.858635, 'rsi': 54.823, 'atr': 0.000538, 'adx': 26.42, 'bb_up': 1.859227, 'bb_lo': 1.858138, 'f_bb': -1, 'f_ema': 0, 'f_rsi': 0, 'f_candle': -1, 'f_rsiR': 0, 'f_macd': -1, 'f_stoch': 0, 'f_vol': 0, 'signal_dir': 0, 'h1_topped_from_m5': 1, 'd1_topped_from_m5': 1}}
C:\Users\Administrator\Desktop\tob\ema-h1trend\mt5\run_multi_scalper.py:179: Pandas4Warning: Timestamp.utcnow is deprecated and will be removed in a future version. Use Timestamp.now('UTC') instead.
  return pd.Timestamp.utcnow().tz_localize(None) + pd.Timedelta(hours=BROKER_WALLCLOCK_OFFSET_HOURS)
[2026-05-27 11:50:01 BROKER] cycle | {'bars_m5': 599, 'bars_h1': 250, 'bars_d1': 120, 'last_bar_time': '2026-05-27 11:45:00', 'data_age_min': 5.0, 'signal': False, 'risk_per_trade': 0.005, 'weight': 0.25, 'diag': {'n_m5': 599, 'n_h1': 250, 'n_d1': 120, 'bar_time': '2026-05-27 11:45:00', 'open': 1.61019, 'high': 1.61019, 'low': 1.60987, 'close': 1.6099, 'volume': 329.0, 'trend_dir': 1, 'h1_trend': 1, 'd1_trend': 1, 'h1_rsi': 74.641, 'in_session': False, 'atr_ok': True, 'adx_ok': True, 'ema20': 1.609544, 'rsi': 60.518, 'atr': 0.000408, 'adx': 47.492, 'bb_up': 1.610186, 'bb_lo': 1.609058, 'f_bb': -1, 'f_ema': 0, 'f_rsi': -1, 'f_candle': 0, 'f_rsiR': -1, 'f_macd': -1, 'f_stoch': -1, 'f_vol': 0, 'signal_dir': 0, 'h1_topped_from_m5': 1, 'd1_topped_from_m5': 1}}
C:\Users\Administrator\Desktop\tob\ema-h1trend\mt5\run_multi_scalper.py:179: Pandas4Warning: Timestamp.utcnow is deprecated and will be removed in a future version. Use Timestamp.now('UTC') instead.
  return pd.Timestamp.utcnow().tz_localize(None) + pd.Timedelta(hours=BROKER_WALLCLOCK_OFFSET_HOURS)
[portfolio] cycle_complete: symbols=4 signals=0 placed=0 skipped=0 elapsed_s=0.62 per_symbol=[{'symbol': 'XAUUSD', 'signal': False}, {'symbol': 'GBPUSD', 'signal': False}, {'symbol': 'GBPCAD', 'signal': False}, {'symbol': 'EURCAD', 'signal': False}]
  → sleeping 299s until next M5 close ...
[2026-05-27 11:55:00 BROKER] cycle | {'bars_m5': 599, 'bars_h1': 250, 'bars_d1': 120, 'last_bar_time': '2026-05-27 11:50:00', 'data_age_min': 5.0, 'signal': False, 'risk_per_trade': 0.005, 'weight': 0.25, 'diag': {'n_m5': 599, 'n_h1': 250, 'n_d1': 120, 'bar_time': '2026-05-27 11:50:00', 'open': 4496.5, 'high': 4498.75, 'low': 4495.71, 'close': 4498.26, 'volume': 873.0, 'trend_dir': -1, 'h1_trend': -1, 'd1_trend': -1, 'h1_rsi': 44.224, 'in_session': False, 'atr_ok': True, 'adx_ok': True, 'ema20': 4490.047237, 'rsi': 65.365, 'atr': 4.080114, 'adx': 22.66, 'bb_up': 4498.229898, 'bb_lo': 4476.743102, 'f_bb': -1, 'f_ema': 0, 'f_rsi': 0, 'f_candle': 0, 'f_rsiR': 0, 'f_macd': 1, 'f_stoch': 0, 'f_vol': 0, 'signal_dir': 0, 'h1_topped_from_m5': 1, 'd1_topped_from_m5': 1}}
C:\Users\Administrator\Desktop\tob\ema-h1trend\mt5\run_multi_scalper.py:179: Pandas4Warning: Timestamp.utcnow is deprecated and will be removed in a future version. Use Timestamp.now('UTC') instead.
  return pd.Timestamp.utcnow().tz_localize(None) + pd.Timedelta(hours=BROKER_WALLCLOCK_OFFSET_HOURS)
[2026-05-27 11:55:00 BROKER] cycle | {'bars_m5': 599, 'bars_h1': 250, 'bars_d1': 120, 'last_bar_time': '2026-05-27 11:50:00', 'data_age_min': 5.0, 'signal': False, 'risk_per_trade': 0.005, 'weight': 0.25, 'diag': {'n_m5': 599, 'n_h1': 250, 'n_d1': 120, 'bar_time': '2026-05-27 11:50:00', 'open': 1.34435, 'high': 1.3445, 'low': 1.3442, 'close': 1.3442, 'volume': 275.0, 'trend_dir': -1, 'h1_trend': -1, 'd1_trend': -1, 'h1_rsi': 37.342, 'in_session': False, 'atr_ok': True, 'adx_ok': True, 'ema20': 1.344545, 'rsi': 41.092, 'atr': 0.000365, 'adx': 14.731, 'bb_up': 1.344984, 'bb_lo': 1.344084, 'f_bb': 0, 'f_ema': -1, 'f_rsi': 0, 'f_candle': 0, 'f_rsiR': 0, 'f_macd': -1, 'f_stoch': 0, 'f_vol': 0, 'signal_dir': 0, 'h1_topped_from_m5': 1, 'd1_topped_from_m5': 1}}
[2026-05-27 11:55:00 BROKER] heartbeat | {'uptime_s': 10945.2, 'mt5_connected': True, 'mt5_trade_allowed': True, 'tracked_pendings': 0, 'open_positions': 0, 'cooldown_active': False, 'cooldown_remaining_s': 0.0, 'balance': 980.2, 'equity': 980.2}
C:\Users\Administrator\Desktop\tob\ema-h1trend\mt5\run_multi_scalper.py:179: Pandas4Warning: Timestamp.utcnow is deprecated and will be removed in a future version. Use Timestamp.now('UTC') instead.
  return pd.Timestamp.utcnow().tz_localize(None) + pd.Timedelta(hours=BROKER_WALLCLOCK_OFFSET_HOURS)
[2026-05-27 11:55:00 BROKER] cycle | {'bars_m5': 599, 'bars_h1': 250, 'bars_d1': 120, 'last_bar_time': '2026-05-27 11:50:00', 'data_age_min': 5.0, 'signal': False, 'risk_per_trade': 0.005, 'weight': 0.25, 'diag': {'n_m5': 599, 'n_h1': 250, 'n_d1': 120, 'bar_time': '2026-05-27 11:50:00', 'open': 1.85892, 'high': 1.8590900000000001, 'low': 1.85877, 'close': 1.8587799999999999, 'volume': 493.0, 'trend_dir': 1, 'h1_trend': 1, 'd1_trend': 1, 'h1_rsi': 51.969, 'in_session': False, 'atr_ok': True, 'adx_ok': True, 'ema20': 1.858649, 'rsi': 52.899, 'atr': 0.000509, 'adx': 26.702, 'bb_up': 1.859236, 'bb_lo': 1.858152, 'f_bb': 0, 'f_ema': 1, 'f_rsi': 0, 'f_candle': 0, 'f_rsiR': 0, 'f_macd': -1, 'f_stoch': 0, 'f_vol': 0, 'signal_dir': 0, 'h1_topped_from_m5': 1, 'd1_topped_from_m5': 1}}
[2026-05-27 11:55:00 BROKER] heartbeat | {'uptime_s': 10945.2, 'mt5_connected': True, 'mt5_trade_allowed': True, 'tracked_pendings': 0, 'open_positions': 0, 'cooldown_active': False, 'cooldown_remaining_s': 0.0, 'balance': 980.2, 'equity': 980.2}
[2026-05-27 11:55:00 BROKER] mt5_connected | {'state': 'healthy', 'periodic': True, 'connected': True, 'trade_allowed': True, 'ping_ms': 16980}
C:\Users\Administrator\Desktop\tob\ema-h1trend\mt5\run_multi_scalper.py:179: Pandas4Warning: Timestamp.utcnow is deprecated and will be removed in a future version. Use Timestamp.now('UTC') instead.
  return pd.Timestamp.utcnow().tz_localize(None) + pd.Timedelta(hours=BROKER_WALLCLOCK_OFFSET_HOURS)
[2026-05-27 11:55:01 BROKER] cycle | {'bars_m5': 599, 'bars_h1': 250, 'bars_d1': 120, 'last_bar_time': '2026-05-27 11:50:00', 'data_age_min': 5.0, 'signal': False, 'risk_per_trade': 0.005, 'weight': 0.25, 'diag': {'n_m5': 599, 'n_h1': 250, 'n_d1': 120, 'bar_time': '2026-05-27 11:50:00', 'open': 1.60989, 'high': 1.61028, 'low': 1.6098599999999998, 'close': 1.60998, 'volume': 356.0, 'trend_dir': 1, 'h1_trend': 1, 'd1_trend': 1, 'h1_rsi': 74.969, 'in_session': False, 'atr_ok': True, 'adx_ok': True, 'ema20': 1.609585, 'rsi': 61.724, 'atr': 0.000409, 'adx': 47.227, 'bb_up': 1.610195, 'bb_lo': 1.609137, 'f_bb': -1, 'f_ema': 0, 'f_rsi': 0, 'f_candle': 0, 'f_rsiR': -1, 'f_macd': -1, 'f_stoch': 0, 'f_vol': 0, 'signal_dir': 0, 'h1_topped_from_m5': 1, 'd1_topped_from_m5': 1}}
C:\Users\Administrator\Desktop\tob\ema-h1trend\mt5\run_multi_scalper.py:179: Pandas4Warning: Timestamp.utcnow is deprecated and will be removed in a future version. Use Timestamp.now('UTC') instead.
  return pd.Timestamp.utcnow().tz_localize(None) + pd.Timedelta(hours=BROKER_WALLCLOCK_OFFSET_HOURS)
[portfolio] cycle_complete: symbols=4 signals=0 placed=0 skipped=0 elapsed_s=0.66 per_symbol=[{'symbol': 'XAUUSD', 'signal': False}, {'symbol': 'GBPUSD', 'signal': False}, {'symbol': 'GBPCAD', 'signal': False}, {'symbol': 'EURCAD', 'signal': False}]
  → sleeping 299s until next M5 close ...
[2026-05-27 12:00:00 BROKER] cycle | {'bars_m5': 599, 'bars_h1': 249, 'bars_d1': 120, 'last_bar_time': '2026-05-27 11:55:00', 'data_age_min': 5.0, 'signal': False, 'risk_per_trade': 0.005, 'weight': 0.25, 'diag': {'n_m5': 599, 'n_h1': 249, 'n_d1': 120, 'bar_time': '2026-05-27 11:55:00', 'open': 4498.23, 'high': 4498.38, 'low': 4494.87, 'close': 4497.9, 'volume': 694.0, 'trend_dir': -1, 'h1_trend': -1, 'd1_trend': -1, 'h1_rsi': 44.056, 'in_session': False, 'atr_ok': True, 'adx_ok': True, 'ema20': 4490.79512, 'rsi': 64.498, 'atr': 4.004099, 'adx': 22.793, 'bb_up': 4499.745287, 'bb_lo': 4476.606713, 'f_bb': 0, 'f_ema': 0, 'f_rsi': -1, 'f_candle': 0, 'f_rsiR': -1, 'f_macd': 1, 'f_stoch': -1, 'f_vol': 0, 'signal_dir': 0, 'h1_topped_from_m5': 0, 'd1_topped_from_m5': 1}}
[2026-05-27 12:00:00 BROKER] heartbeat | {'uptime_s': 11245.1, 'mt5_connected': True, 'mt5_trade_allowed': True, 'tracked_pendings': 0, 'open_positions': 0, 'cooldown_active': False, 'cooldown_remaining_s': 0.0, 'balance': 980.2, 'equity': 980.2}
C:\Users\Administrator\Desktop\tob\ema-h1trend\mt5\run_multi_scalper.py:179: Pandas4Warning: Timestamp.utcnow is deprecated and will be removed in a future version. Use Timestamp.now('UTC') instead.
  return pd.Timestamp.utcnow().tz_localize(None) + pd.Timedelta(hours=BROKER_WALLCLOCK_OFFSET_HOURS)
[2026-05-27 12:00:00 BROKER] cycle | {'bars_m5': 599, 'bars_h1': 249, 'bars_d1': 120, 'last_bar_time': '2026-05-27 11:55:00', 'data_age_min': 5.0, 'signal': False, 'risk_per_trade': 0.005, 'weight': 0.25, 'diag': {'n_m5': 599, 'n_h1': 249, 'n_d1': 120, 'bar_time': '2026-05-27 11:55:00', 'open': 1.3442, 'high': 1.34469, 'low': 1.34414, 'close': 1.34459, 'volume': 292.0, 'trend_dir': -1, 'h1_trend': -1, 'd1_trend': -1, 'h1_rsi': 41.074, 'in_session': False, 'atr_ok': True, 'adx_ok': True, 'ema20': 1.34455, 'rsi': 49.471, 'atr': 0.00039, 'adx': 14.574, 'bb_up': 1.344928, 'bb_lo': 1.344106, 'f_bb': 0, 'f_ema': 1, 'f_rsi': 0, 'f_candle': 1, 'f_rsiR': 0, 'f_macd': 1, 'f_stoch': 0, 'f_vol': 0, 'signal_dir': 0, 'h1_topped_from_m5': 0, 'd1_topped_from_m5': 1}}
C:\Users\Administrator\Desktop\tob\ema-h1trend\mt5\run_multi_scalper.py:179: Pandas4Warning: Timestamp.utcnow is deprecated and will be removed in a future version. Use Timestamp.now('UTC') instead.
  return pd.Timestamp.utcnow().tz_localize(None) + pd.Timedelta(hours=BROKER_WALLCLOCK_OFFSET_HOURS)
[2026-05-27 12:00:00 BROKER] cycle | {'bars_m5': 599, 'bars_h1': 249, 'bars_d1': 120, 'last_bar_time': '2026-05-27 11:55:00', 'data_age_min': 5.0, 'signal': False, 'risk_per_trade': 0.005, 'weight': 0.25, 'diag': {'n_m5': 599, 'n_h1': 249, 'n_d1': 120, 'bar_time': '2026-05-27 11:55:00', 'open': 1.85877, 'high': 1.85946, 'low': 1.85867, 'close': 1.85922, 'volume': 486.0, 'trend_dir': 1, 'h1_trend': 1, 'd1_trend': 1, 'h1_rsi': 54.775, 'in_session': False, 'atr_ok': True, 'adx_ok': True, 'ema20': 1.858704, 'rsi': 58.241, 'atr': 0.000546, 'adx': 27.565, 'bb_up': 1.85928, 'bb_lo': 1.858129, 'f_bb': -1, 'f_ema': 1, 'f_rsi': 0, 'f_candle': 1, 'f_rsiR': 0, 'f_macd': 1, 'f_stoch': 0, 'f_vol': 0, 'signal_dir': 0, 'h1_topped_from_m5': 0, 'd1_topped_from_m5': 1}}
C:\Users\Administrator\Desktop\tob\ema-h1trend\mt5\run_multi_scalper.py:179: Pandas4Warning: Timestamp.utcnow is deprecated and will be removed in a future version. Use Timestamp.now('UTC') instead.
  return pd.Timestamp.utcnow().tz_localize(None) + pd.Timedelta(hours=BROKER_WALLCLOCK_OFFSET_HOURS)
[2026-05-27 12:00:01 BROKER] cycle | {'bars_m5': 599, 'bars_h1': 249, 'bars_d1': 120, 'last_bar_time': '2026-05-27 11:55:00', 'data_age_min': 5.0, 'signal': False, 'risk_per_trade': 0.005, 'weight': 0.25, 'diag': {'n_m5': 599, 'n_h1': 249, 'n_d1': 120, 'bar_time': '2026-05-27 11:55:00', 'open': 1.60998, 'high': 1.61022, 'low': 1.60996, 'close': 1.61016, 'volume': 384.0, 'trend_dir': 1, 'h1_trend': 1, 'd1_trend': 1, 'h1_rsi': 75.676, 'in_session': False, 'atr_ok': True, 'adx_ok': True, 'ema20': 1.60964, 'rsi': 64.361, 'atr': 0.000389, 'adx': 46.981, 'bb_up': 1.610258, 'bb_lo': 1.609154, 'f_bb': 0, 'f_ema': 0, 'f_rsi': 0, 'f_candle': 0, 'f_rsiR': -1, 'f_macd': -1, 'f_stoch': 0, 'f_vol': 0, 'signal_dir': 0, 'h1_topped_from_m5': 0, 'd1_topped_from_m5': 1}}
[portfolio] cycle_complete: symbols=4 signals=0 placed=0 skipped=0 elapsed_s=0.62 per_symbol=[{'symbol': 'XAUUSD', 'signal': False}, {'symbol': 'GBPUSD', 'signal': False}, {'symbol': 'GBPCAD', 'signal': False}, {'symbol': 'EURCAD', 'signal': False}]
  → sleeping 299s until next M5 close ...
[2026-05-27 12:05:00 BROKER] heartbeat | {'uptime_s': 11545.1, 'mt5_connected': True, 'mt5_trade_allowed': True, 'tracked_pendings': 0, 'open_positions': 0, 'cooldown_active': False, 'cooldown_remaining_s': 0.0, 'balance': 980.2, 'equity': 980.2}
C:\Users\Administrator\Desktop\tob\ema-h1trend\mt5\run_multi_scalper.py:179: Pandas4Warning: Timestamp.utcnow is deprecated and will be removed in a future version. Use Timestamp.now('UTC') instead.
  return pd.Timestamp.utcnow().tz_localize(None) + pd.Timedelta(hours=BROKER_WALLCLOCK_OFFSET_HOURS)
[2026-05-27 12:05:00 BROKER] cycle | {'bars_m5': 599, 'bars_h1': 250, 'bars_d1': 120, 'last_bar_time': '2026-05-27 12:00:00', 'data_age_min': 5.0, 'signal': False, 'risk_per_trade': 0.005, 'weight': 0.25, 'diag': {'n_m5': 599, 'n_h1': 250, 'n_d1': 120, 'bar_time': '2026-05-27 12:00:00', 'open': 4497.85, 'high': 4497.85, 'low': 4491.14, 'close': 4491.93, 'volume': 966.0, 'trend_dir': -1, 'h1_trend': -1, 'd1_trend': -1, 'h1_rsi': 41.806, 'in_session': False, 'atr_ok': True, 'adx_ok': True, 'ema20': 4490.903203, 'rsi': 52.149, 'atr': 4.371552, 'adx': 21.803, 'bb_up': 4500.10682, 'bb_lo': 4476.79618, 'f_bb': 0, 'f_ema': 1, 'f_rsi': 0, 'f_candle': 0, 'f_rsiR': -1, 'f_macd': 1, 'f_stoch': 0, 'f_vol': 0, 'signal_dir': 0, 'h1_topped_from_m5': 1, 'd1_topped_from_m5': 1}}
C:\Users\Administrator\Desktop\tob\ema-h1trend\mt5\run_multi_scalper.py:179: Pandas4Warning: Timestamp.utcnow is deprecated and will be removed in a future version. Use Timestamp.now('UTC') instead.
  return pd.Timestamp.utcnow().tz_localize(None) + pd.Timedelta(hours=BROKER_WALLCLOCK_OFFSET_HOURS)
[2026-05-27 12:05:00 BROKER] cycle | {'bars_m5': 599, 'bars_h1': 250, 'bars_d1': 120, 'last_bar_time': '2026-05-27 12:00:00', 'data_age_min': 5.0, 'signal': False, 'risk_per_trade': 0.005, 'weight': 0.25, 'diag': {'n_m5': 599, 'n_h1': 250, 'n_d1': 120, 'bar_time': '2026-05-27 12:00:00', 'open': 1.34459, 'high': 1.34477, 'low': 1.34444, 'close': 1.34476, 'volume': 309.0, 'trend_dir': -1, 'h1_trend': -1, 'd1_trend': -1, 'h1_rsi': 42.762, 'in_session': False, 'atr_ok': True, 'adx_ok': True, 'ema20': 1.34457, 'rsi': 52.633, 'atr': 0.000382, 'adx': 14.722, 'bb_up': 1.344933, 'bb_lo': 1.344104, 'f_bb': 0, 'f_ema': 1, 'f_rsi': 0, 'f_candle': 0, 'f_rsiR': 0, 'f_macd': 1, 'f_stoch': 0, 'f_vol': 0, 'signal_dir': 0, 'h1_topped_from_m5': 1, 'd1_topped_from_m5': 1}}
C:\Users\Administrator\Desktop\tob\ema-h1trend\mt5\run_multi_scalper.py:179: Pandas4Warning: Timestamp.utcnow is deprecated and will be removed in a future version. Use Timestamp.now('UTC') instead.
  return pd.Timestamp.utcnow().tz_localize(None) + pd.Timedelta(hours=BROKER_WALLCLOCK_OFFSET_HOURS)
[2026-05-27 12:05:00 BROKER] cycle | {'bars_m5': 599, 'bars_h1': 250, 'bars_d1': 120, 'last_bar_time': '2026-05-27 12:00:00', 'data_age_min': 5.0, 'signal': False, 'risk_per_trade': 0.005, 'weight': 0.25, 'diag': {'n_m5': 599, 'n_h1': 250, 'n_d1': 120, 'bar_time': '2026-05-27 12:00:00', 'open': 1.85924, 'high': 1.85947, 'low': 1.85903, 'close': 1.85946, 'volume': 531.0, 'trend_dir': 1, 'h1_trend': 1, 'd1_trend': 1, 'h1_rsi': 56.275, 'in_session': False, 'atr_ok': True, 'adx_ok': True, 'ema20': 1.858776, 'rsi': 60.85, 'atr': 0.000532, 'adx': 28.383, 'bb_up': 1.859405, 'bb_lo': 1.858111, 'f_bb': -1, 'f_ema': 0, 'f_rsi': 0, 'f_candle': 0, 'f_rsiR': 0, 'f_macd': 1, 'f_stoch': 0, 'f_vol': 0, 'signal_dir': 0, 'h1_topped_from_m5': 1, 'd1_topped_from_m5': 1}}
C:\Users\Administrator\Desktop\tob\ema-h1trend\mt5\run_multi_scalper.py:179: Pandas4Warning: Timestamp.utcnow is deprecated and will be removed in a future version. Use Timestamp.now('UTC') instead.
  return pd.Timestamp.utcnow().tz_localize(None) + pd.Timedelta(hours=BROKER_WALLCLOCK_OFFSET_HOURS)
[2026-05-27 12:05:01 BROKER] cycle | {'bars_m5': 599, 'bars_h1': 250, 'bars_d1': 120, 'last_bar_time': '2026-05-27 12:00:00', 'data_age_min': 5.0, 'signal': False, 'risk_per_trade': 0.005, 'weight': 0.25, 'diag': {'n_m5': 599, 'n_h1': 250, 'n_d1': 120, 'bar_time': '2026-05-27 12:00:00', 'open': 1.61016, 'high': 1.61017, 'low': 1.60987, 'close': 1.6100400000000001, 'volume': 440.0, 'trend_dir': 1, 'h1_trend': 1, 'd1_trend': 1, 'h1_rsi': 74.171, 'in_session': False, 'atr_ok': True, 'adx_ok': True, 'ema20': 1.609678, 'rsi': 61.327, 'atr': 0.000378, 'adx': 46.237, 'bb_up': 1.610247, 'bb_lo': 1.609258, 'f_bb': 0, 'f_ema': 0, 'f_rsi': 0, 'f_candle': 0, 'f_rsiR': -1, 'f_macd': -1, 'f_stoch': -1, 'f_vol': 0, 'signal_dir': 0, 'h1_topped_from_m5': 1, 'd1_topped_from_m5': 1}}
[portfolio] cycle_complete: symbols=4 signals=0 placed=0 skipped=0 elapsed_s=0.63 per_symbol=[{'symbol': 'XAUUSD', 'signal': False}, {'symbol': 'GBPUSD', 'signal': False}, {'symbol': 'GBPCAD', 'signal': False}, {'symbol': 'EURCAD', 'signal': False}]
  → sleeping 299s until next M5 close ...
[2026-05-27 12:10:00 BROKER] mt5_connected | {'state': 'healthy', 'periodic': True, 'connected': True, 'trade_allowed': True, 'ping_ms': 16980}
C:\Users\Administrator\Desktop\tob\ema-h1trend\mt5\run_multi_scalper.py:179: Pandas4Warning: Timestamp.utcnow is deprecated and will be removed in a future version. Use Timestamp.now('UTC') instead.
  return pd.Timestamp.utcnow().tz_localize(None) + pd.Timedelta(hours=BROKER_WALLCLOCK_OFFSET_HOURS)
[2026-05-27 12:10:00 BROKER] cycle | {'bars_m5': 599, 'bars_h1': 250, 'bars_d1': 120, 'last_bar_time': '2026-05-27 12:05:00', 'data_age_min': 5.0, 'signal': False, 'risk_per_trade': 0.005, 'weight': 0.25, 'diag': {'n_m5': 599, 'n_h1': 250, 'n_d1': 120, 'bar_time': '2026-05-27 12:05:00', 'open': 4492.01, 'high': 4492.47, 'low': 4488.72, 'close': 4489.53, 'volume': 806.0, 'trend_dir': -1, 'h1_trend': -1, 'd1_trend': -1, 'h1_rsi': 40.965, 'in_session': False, 'atr_ok': True, 'adx_ok': True, 'ema20': 4490.772422, 'rsi': 48.157, 'atr': 4.288679, 'adx': 20.259, 'bb_up': 4500.232333, 'bb_lo': 4476.994667, 'f_bb': 0, 'f_ema': -1, 'f_rsi': 0, 'f_candle': 0, 'f_rsiR': -1, 'f_macd': 1, 'f_stoch': 0, 'f_vol': 0, 'signal_dir': 0, 'h1_topped_from_m5': 1, 'd1_topped_from_m5': 1}}
[2026-05-27 12:10:00 BROKER] heartbeat | {'uptime_s': 11845.1, 'mt5_connected': True, 'mt5_trade_allowed': True, 'tracked_pendings': 0, 'open_positions': 0, 'cooldown_active': False, 'cooldown_remaining_s': 0.0, 'balance': 980.2, 'equity': 980.2}
C:\Users\Administrator\Desktop\tob\ema-h1trend\mt5\run_multi_scalper.py:179: Pandas4Warning: Timestamp.utcnow is deprecated and will be removed in a future version. Use Timestamp.now('UTC') instead.
  return pd.Timestamp.utcnow().tz_localize(None) + pd.Timedelta(hours=BROKER_WALLCLOCK_OFFSET_HOURS)
[2026-05-27 12:10:00 BROKER] cycle | {'bars_m5': 599, 'bars_h1': 250, 'bars_d1': 120, 'last_bar_time': '2026-05-27 12:05:00', 'data_age_min': 5.0, 'signal': False, 'risk_per_trade': 0.005, 'weight': 0.25, 'diag': {'n_m5': 599, 'n_h1': 250, 'n_d1': 120, 'bar_time': '2026-05-27 12:05:00', 'open': 1.34476, 'high': 1.34486, 'low': 1.34454, 'close': 1.34485, 'volume': 318.0, 'trend_dir': -1, 'h1_trend': -1, 'd1_trend': -1, 'h1_rsi': 43.617, 'in_session': False, 'atr_ok': True, 'adx_ok': True, 'ema20': 1.344596, 'rsi': 54.265, 'atr': 0.000374, 'adx': 15.179, 'bb_up': 1.344955, 'bb_lo': 1.344094, 'f_bb': 0, 'f_ema': 1, 'f_rsi': 0, 'f_candle': 1, 'f_rsiR': 0, 'f_macd': 1, 'f_stoch': 0, 'f_vol': 0, 'signal_dir': 0, 'h1_topped_from_m5': 1, 'd1_topped_from_m5': 1}}
[2026-05-27 12:10:00 BROKER] heartbeat | {'uptime_s': 11845.2, 'mt5_connected': True, 'mt5_trade_allowed': True, 'tracked_pendings': 0, 'open_positions': 0, 'cooldown_active': False, 'cooldown_remaining_s': 0.0, 'balance': 980.2, 'equity': 980.2}
C:\Users\Administrator\Desktop\tob\ema-h1trend\mt5\run_multi_scalper.py:179: Pandas4Warning: Timestamp.utcnow is deprecated and will be removed in a future version. Use Timestamp.now('UTC') instead.
  return pd.Timestamp.utcnow().tz_localize(None) + pd.Timedelta(hours=BROKER_WALLCLOCK_OFFSET_HOURS)
[2026-05-27 12:10:01 BROKER] cycle | {'bars_m5': 599, 'bars_h1': 250, 'bars_d1': 120, 'last_bar_time': '2026-05-27 12:05:00', 'data_age_min': 5.0, 'signal': False, 'risk_per_trade': 0.005, 'weight': 0.25, 'diag': {'n_m5': 599, 'n_h1': 250, 'n_d1': 120, 'bar_time': '2026-05-27 12:05:00', 'open': 1.85946, 'high': 1.8595199999999998, 'low': 1.85921, 'close': 1.85949, 'volume': 505.0, 'trend_dir': 1, 'h1_trend': 1, 'd1_trend': 1, 'h1_rsi': 56.456, 'in_session': False, 'atr_ok': True, 'adx_ok': True, 'ema20': 1.858844, 'rsi': 61.176, 'atr': 0.000502, 'adx': 29.222, 'bb_up': 1.85952, 'bb_lo': 1.858072, 'f_bb': 0, 'f_ema': 0, 'f_rsi': 0, 'f_candle': 1, 'f_rsiR': 0, 'f_macd': 1, 'f_stoch': 0, 'f_vol': 0, 'signal_dir': 0, 'h1_topped_from_m5': 1, 'd1_topped_from_m5': 1}}
[2026-05-27 12:10:01 BROKER] heartbeat | {'uptime_s': 11845.2, 'mt5_connected': True, 'mt5_trade_allowed': True, 'tracked_pendings': 0, 'open_positions': 0, 'cooldown_active': False, 'cooldown_remaining_s': 0.0, 'balance': 980.2, 'equity': 980.2}
C:\Users\Administrator\Desktop\tob\ema-h1trend\mt5\run_multi_scalper.py:179: Pandas4Warning: Timestamp.utcnow is deprecated and will be removed in a future version. Use Timestamp.now('UTC') instead.
  return pd.Timestamp.utcnow().tz_localize(None) + pd.Timedelta(hours=BROKER_WALLCLOCK_OFFSET_HOURS)
[2026-05-27 12:10:01 BROKER] cycle | {'bars_m5': 599, 'bars_h1': 250, 'bars_d1': 120, 'last_bar_time': '2026-05-27 12:05:00', 'data_age_min': 5.0, 'signal': False, 'risk_per_trade': 0.005, 'weight': 0.25, 'diag': {'n_m5': 599, 'n_h1': 250, 'n_d1': 120, 'bar_time': '2026-05-27 12:05:00', 'open': 1.61006, 'high': 1.61022, 'low': 1.60981, 'close': 1.60989, 'volume': 395.0, 'trend_dir': 1, 'h1_trend': 1, 'd1_trend': 1, 'h1_rsi': 72.373, 'in_session': False, 'atr_ok': True, 'adx_ok': True, 'ema20': 1.609698, 'rsi': 57.668, 'atr': 0.000382, 'adx': 45.207, 'bb_up': 1.61026, 'bb_lo': 1.609274, 'f_bb': 0, 'f_ema': 1, 'f_rsi': 0, 'f_candle': 0, 'f_rsiR': -1, 'f_macd': -1, 'f_stoch': 0, 'f_vol': 0, 'signal_dir': 0, 'h1_topped_from_m5': 1, 'd1_topped_from_m5': 1}}
C:\Users\Administrator\Desktop\tob\ema-h1trend\mt5\run_multi_scalper.py:179: Pandas4Warning: Timestamp.utcnow is deprecated and will be removed in a future version. Use Timestamp.now('UTC') instead.
  return pd.Timestamp.utcnow().tz_localize(None) + pd.Timedelta(hours=BROKER_WALLCLOCK_OFFSET_HOURS)
[portfolio] cycle_complete: symbols=4 signals=0 placed=0 skipped=0 elapsed_s=0.69 per_symbol=[{'symbol': 'XAUUSD', 'signal': False}, {'symbol': 'GBPUSD', 'signal': False}, {'symbol': 'GBPCAD', 'signal': False}, {'symbol': 'EURCAD', 'signal': False}]
  → sleeping 299s until next M5 close ...
[2026-05-27 12:15:00 BROKER] cycle | {'bars_m5': 599, 'bars_h1': 250, 'bars_d1': 120, 'last_bar_time': '2026-05-27 12:10:00', 'data_age_min': 5.0, 'signal': False, 'risk_per_trade': 0.005, 'weight': 0.25, 'diag': {'n_m5': 599, 'n_h1': 250, 'n_d1': 120, 'bar_time': '2026-05-27 12:10:00', 'open': 4489.52, 'high': 4493.29, 'low': 4489.4, 'close': 4491.8, 'volume': 753.0, 'trend_dir': -1, 'h1_trend': -1, 'd1_trend': -1, 'h1_rsi': 41.76, 'in_session': False, 'atr_ok': True, 'adx_ok': True, 'ema20': 4490.870287, 'rsi': 51.907, 'atr': 4.235522, 'adx': 19.028, 'bb_up': 4500.535394, 'bb_lo': 4477.303606, 'f_bb': 0, 'f_ema': 1, 'f_rsi': 0, 'f_candle': 0, 'f_rsiR': -1, 'f_macd': 1, 'f_stoch': 0, 'f_vol': 0, 'signal_dir': 0, 'h1_topped_from_m5': 1, 'd1_topped_from_m5': 1}}
C:\Users\Administrator\Desktop\tob\ema-h1trend\mt5\run_multi_scalper.py:179: Pandas4Warning: Timestamp.utcnow is deprecated and will be removed in a future version. Use Timestamp.now('UTC') instead.
  return pd.Timestamp.utcnow().tz_localize(None) + pd.Timedelta(hours=BROKER_WALLCLOCK_OFFSET_HOURS)
[2026-05-27 12:15:00 BROKER] cycle | {'bars_m5': 599, 'bars_h1': 250, 'bars_d1': 120, 'last_bar_time': '2026-05-27 12:10:00', 'data_age_min': 5.0, 'signal': False, 'risk_per_trade': 0.005, 'weight': 0.25, 'diag': {'n_m5': 599, 'n_h1': 250, 'n_d1': 120, 'bar_time': '2026-05-27 12:10:00', 'open': 1.34485, 'high': 1.34503, 'low': 1.34474, 'close': 1.34484, 'volume': 260.0, 'trend_dir': -1, 'h1_trend': -1, 'd1_trend': -1, 'h1_rsi': 43.524, 'in_session': False, 'atr_ok': True, 'adx_ok': True, 'ema20': 1.344619, 'rsi': 54.042, 'atr': 0.000362, 'adx': 16.158, 'bb_up': 1.344972, 'bb_lo': 1.344087, 'f_bb': -1, 'f_ema': 1, 'f_rsi': 0, 'f_candle': -1, 'f_rsiR': 0, 'f_macd': 1, 'f_stoch': 0, 'f_vol': 0, 'signal_dir': 0, 'h1_topped_from_m5': 1, 'd1_topped_from_m5': 1}}
C:\Users\Administrator\Desktop\tob\ema-h1trend\mt5\run_multi_scalper.py:179: Pandas4Warning: Timestamp.utcnow is deprecated and will be removed in a future version. Use Timestamp.now('UTC') instead.
  return pd.Timestamp.utcnow().tz_localize(None) + pd.Timedelta(hours=BROKER_WALLCLOCK_OFFSET_HOURS)
[2026-05-27 12:15:00 BROKER] cycle | {'bars_m5': 599, 'bars_h1': 250, 'bars_d1': 120, 'last_bar_time': '2026-05-27 12:10:00', 'data_age_min': 5.0, 'signal': False, 'risk_per_trade': 0.005, 'weight': 0.25, 'diag': {'n_m5': 599, 'n_h1': 250, 'n_d1': 120, 'bar_time': '2026-05-27 12:10:00', 'open': 1.8595000000000002, 'high': 1.85971, 'low': 1.85921, 'close': 1.8593199999999999, 'volume': 421.0, 'trend_dir': 1, 'h1_trend': 1, 'd1_trend': 1, 'h1_rsi': 55.412, 'in_session': False, 'atr_ok': True, 'adx_ok': True, 'ema20': 1.858889, 'rsi': 58.214, 'atr': 0.000502, 'adx': 30.303, 'bb_up': 1.859585, 'bb_lo': 1.858063, 'f_bb': -1, 'f_ema': 0, 'f_rsi': 0, 'f_candle': -1, 'f_rsiR': 0, 'f_macd': 1, 'f_stoch': -1, 'f_vol': 0, 'signal_dir': 0, 'h1_topped_from_m5': 1, 'd1_topped_from_m5': 1}}
C:\Users\Administrator\Desktop\tob\ema-h1trend\mt5\run_multi_scalper.py:179: Pandas4Warning: Timestamp.utcnow is deprecated and will be removed in a future version. Use Timestamp.now('UTC') instead.
  return pd.Timestamp.utcnow().tz_localize(None) + pd.Timedelta(hours=BROKER_WALLCLOCK_OFFSET_HOURS)
[2026-05-27 12:15:01 BROKER] cycle | {'bars_m5': 599, 'bars_h1': 250, 'bars_d1': 120, 'last_bar_time': '2026-05-27 12:10:00', 'data_age_min': 5.0, 'signal': False, 'risk_per_trade': 0.005, 'weight': 0.25, 'diag': {'n_m5': 599, 'n_h1': 250, 'n_d1': 120, 'bar_time': '2026-05-27 12:10:00', 'open': 1.60989, 'high': 1.60992, 'low': 1.6097000000000001, 'close': 1.6098, 'volume': 320.0, 'trend_dir': 1, 'h1_trend': 1, 'd1_trend': 1, 'h1_rsi': 71.335, 'in_session': False, 'atr_ok': True, 'adx_ok': True, 'ema20': 1.609708, 'rsi': 55.527, 'atr': 0.00036, 'adx': 43.646, 'bb_up': 1.610263, 'bb_lo': 1.60928, 'f_bb': 0, 'f_ema': 1, 'f_rsi': 0, 'f_candle': 0, 'f_rsiR': -1, 'f_macd': -1, 'f_stoch': 0, 'f_vol': 0, 'signal_dir': 0, 'h1_topped_from_m5': 1, 'd1_topped_from_m5': 1}}
[portfolio] cycle_complete: symbols=4 signals=0 placed=0 skipped=0 elapsed_s=0.63 per_symbol=[{'symbol': 'XAUUSD', 'signal': False}, {'symbol': 'GBPUSD', 'signal': False}, {'symbol': 'GBPCAD', 'signal': False}, {'symbol': 'EURCAD', 'signal': False}]
  → sleeping 299s until next M5 close ...
[2026-05-27 12:20:00 BROKER] heartbeat | {'uptime_s': 12445.1, 'mt5_connected': True, 'mt5_trade_allowed': True, 'tracked_pendings': 0, 'open_positions': 0, 'cooldown_active': False, 'cooldown_remaining_s': 0.0, 'balance': 980.2, 'equity': 980.2}
C:\Users\Administrator\Desktop\tob\ema-h1trend\mt5\run_multi_scalper.py:179: Pandas4Warning: Timestamp.utcnow is deprecated and will be removed in a future version. Use Timestamp.now('UTC') instead.
  return pd.Timestamp.utcnow().tz_localize(None) + pd.Timedelta(hours=BROKER_WALLCLOCK_OFFSET_HOURS)
[2026-05-27 12:20:00 BROKER] cycle | {'bars_m5': 599, 'bars_h1': 250, 'bars_d1': 120, 'last_bar_time': '2026-05-27 12:15:00', 'data_age_min': 5.0, 'signal': False, 'risk_per_trade': 0.005, 'weight': 0.25, 'diag': {'n_m5': 599, 'n_h1': 250, 'n_d1': 120, 'bar_time': '2026-05-27 12:15:00', 'open': 4491.78, 'high': 4495.44, 'low': 4491.78, 'close': 4494.65, 'volume': 712.0, 'trend_dir': -1, 'h1_trend': -1, 'd1_trend': -1, 'h1_rsi': 42.802, 'in_session': False, 'atr_ok': True, 'adx_ok': True, 'ema20': 4491.230259, 'rsi': 56.191, 'atr': 4.158785, 'adx': 18.401, 'bb_up': 4501.038208, 'bb_lo': 4477.962792, 'f_bb': 0, 'f_ema': 1, 'f_rsi': 0, 'f_candle': 0, 'f_rsiR': -1, 'f_macd': 1, 'f_stoch': 0, 'f_vol': 0, 'signal_dir': 0, 'h1_topped_from_m5': 1, 'd1_topped_from_m5': 1}}
[2026-05-27 12:20:00 BROKER] heartbeat | {'uptime_s': 12445.1, 'mt5_connected': True, 'mt5_trade_allowed': True, 'tracked_pendings': 0, 'open_positions': 0, 'cooldown_active': False, 'cooldown_remaining_s': 0.0, 'balance': 980.2, 'equity': 980.2}
[2026-05-27 12:20:00 BROKER] mt5_connected | {'state': 'healthy', 'periodic': True, 'connected': True, 'trade_allowed': True, 'ping_ms': 16980}
C:\Users\Administrator\Desktop\tob\ema-h1trend\mt5\run_multi_scalper.py:179: Pandas4Warning: Timestamp.utcnow is deprecated and will be removed in a future version. Use Timestamp.now('UTC') instead.
  return pd.Timestamp.utcnow().tz_localize(None) + pd.Timedelta(hours=BROKER_WALLCLOCK_OFFSET_HOURS)
[2026-05-27 12:20:00 BROKER] cycle | {'bars_m5': 599, 'bars_h1': 250, 'bars_d1': 120, 'last_bar_time': '2026-05-27 12:15:00', 'data_age_min': 5.0, 'signal': False, 'risk_per_trade': 0.005, 'weight': 0.25, 'diag': {'n_m5': 599, 'n_h1': 250, 'n_d1': 120, 'bar_time': '2026-05-27 12:15:00', 'open': 1.34484, 'high': 1.34507, 'low': 1.34482, 'close': 1.34501, 'volume': 258.0, 'trend_dir': -1, 'h1_trend': -1, 'd1_trend': -1, 'h1_rsi': 45.076, 'in_session': False, 'atr_ok': True, 'adx_ok': True, 'ema20': 1.344657, 'rsi': 57.255, 'atr': 0.000347, 'adx': 17.192, 'bb_up': 1.345015, 'bb_lo': 1.344063, 'f_bb': -1, 'f_ema': 0, 'f_rsi': 0, 'f_candle': 1, 'f_rsiR': 0, 'f_macd': 1, 'f_stoch': 0, 'f_vol': 0, 'signal_dir': 0, 'h1_topped_from_m5': 1, 'd1_topped_from_m5': 1}}
C:\Users\Administrator\Desktop\tob\ema-h1trend\mt5\run_multi_scalper.py:179: Pandas4Warning: Timestamp.utcnow is deprecated and will be removed in a future version. Use Timestamp.now('UTC') instead.
  return pd.Timestamp.utcnow().tz_localize(None) + pd.Timedelta(hours=BROKER_WALLCLOCK_OFFSET_HOURS)
[2026-05-27 12:20:01 BROKER] cycle | {'bars_m5': 599, 'bars_h1': 250, 'bars_d1': 120, 'last_bar_time': '2026-05-27 12:15:00', 'data_age_min': 5.0, 'signal': False, 'risk_per_trade': 0.005, 'weight': 0.25, 'diag': {'n_m5': 599, 'n_h1': 250, 'n_d1': 120, 'bar_time': '2026-05-27 12:15:00', 'open': 1.85933, 'high': 1.8595199999999998, 'low': 1.85928, 'close': 1.85931, 'volume': 446.0, 'trend_dir': 1, 'h1_trend': 1, 'd1_trend': 1, 'h1_rsi': 55.349, 'in_session': False, 'atr_ok': True, 'adx_ok': True, 'ema20': 1.858929, 'rsi': 58.036, 'atr': 0.000467, 'adx': 31.308, 'bb_up': 1.859633, 'bb_lo': 1.858052, 'f_bb': 0, 'f_ema': 0, 'f_rsi': 0, 'f_candle': -1, 'f_rsiR': 0, 'f_macd': 1, 'f_stoch': 0, 'f_vol': 0, 'signal_dir': 0, 'h1_topped_from_m5': 1, 'd1_topped_from_m5': 1}}
[2026-05-27 12:20:01 BROKER] heartbeat | {'uptime_s': 12445.2, 'mt5_connected': True, 'mt5_trade_allowed': True, 'tracked_pendings': 0, 'open_positions': 0, 'cooldown_active': False, 'cooldown_remaining_s': 0.0, 'balance': 980.2, 'equity': 980.2}
C:\Users\Administrator\Desktop\tob\ema-h1trend\mt5\run_multi_scalper.py:179: Pandas4Warning: Timestamp.utcnow is deprecated and will be removed in a future version. Use Timestamp.now('UTC') instead.
  return pd.Timestamp.utcnow().tz_localize(None) + pd.Timedelta(hours=BROKER_WALLCLOCK_OFFSET_HOURS)
[2026-05-27 12:20:01 BROKER] cycle | {'bars_m5': 599, 'bars_h1': 250, 'bars_d1': 120, 'last_bar_time': '2026-05-27 12:15:00', 'data_age_min': 5.0, 'signal': False, 'risk_per_trade': 0.005, 'weight': 0.25, 'diag': {'n_m5': 599, 'n_h1': 250, 'n_d1': 120, 'bar_time': '2026-05-27 12:15:00', 'open': 1.6098, 'high': 1.6099299999999999, 'low': 1.60968, 'close': 1.60982, 'volume': 385.0, 'trend_dir': 1, 'h1_trend': 1, 'd1_trend': 1, 'h1_rsi': 71.563, 'in_session': False, 'atr_ok': True, 'adx_ok': True, 'ema20': 1.609719, 'rsi': 55.919, 'atr': 0.000346, 'adx': 42.086, 'bb_up': 1.610263, 'bb_lo': 1.609279, 'f_bb': 0, 'f_ema': 1, 'f_rsi': 0, 'f_candle': 0, 'f_rsiR': -1, 'f_macd': -1, 'f_stoch': 0, 'f_vol': 0, 'signal_dir': 0, 'h1_topped_from_m5': 1, 'd1_topped_from_m5': 1}}
C:\Users\Administrator\Desktop\tob\ema-h1trend\mt5\run_multi_scalper.py:179: Pandas4Warning: Timestamp.utcnow is deprecated and will be removed in a future version. Use Timestamp.now('UTC') instead.
  return pd.Timestamp.utcnow().tz_localize(None) + pd.Timedelta(hours=BROKER_WALLCLOCK_OFFSET_HOURS)
[portfolio] cycle_complete: symbols=4 signals=0 placed=0 skipped=0 elapsed_s=0.69 per_symbol=[{'symbol': 'XAUUSD', 'signal': False}, {'symbol': 'GBPUSD', 'signal': False}, {'symbol': 'GBPCAD', 'signal': False}, {'symbol': 'EURCAD', 'signal': False}]
  → sleeping 299s until next M5 close ...
[2026-05-27 12:25:00 BROKER] cycle | {'bars_m5': 599, 'bars_h1': 250, 'bars_d1': 120, 'last_bar_time': '2026-05-27 12:20:00', 'data_age_min': 5.0, 'signal': False, 'risk_per_trade': 0.005, 'weight': 0.25, 'diag': {'n_m5': 599, 'n_h1': 250, 'n_d1': 120, 'bar_time': '2026-05-27 12:20:00', 'open': 4494.62, 'high': 4495.26, 'low': 4490.92, 'close': 4491.05, 'volume': 716.0, 'trend_dir': -1, 'h1_trend': -1, 'd1_trend': -1, 'h1_rsi': 41.494, 'in_session': False, 'atr_ok': True, 'adx_ok': True, 'ema20': 4491.213092, 'rsi': 50.118, 'atr': 4.182947, 'adx': 17.574, 'bb_up': 4501.024066, 'bb_lo': 4478.801934, 'f_bb': 0, 'f_ema': -1, 'f_rsi': 0, 'f_candle': 0, 'f_rsiR': -1, 'f_macd': 1, 'f_stoch': 0, 'f_vol': 0, 'signal_dir': 0, 'h1_topped_from_m5': 1, 'd1_topped_from_m5': 1}}
C:\Users\Administrator\Desktop\tob\ema-h1trend\mt5\run_multi_scalper.py:179: Pandas4Warning: Timestamp.utcnow is deprecated and will be removed in a future version. Use Timestamp.now('UTC') instead.
  return pd.Timestamp.utcnow().tz_localize(None) + pd.Timedelta(hours=BROKER_WALLCLOCK_OFFSET_HOURS)
[2026-05-27 12:25:00 BROKER] cycle | {'bars_m5': 599, 'bars_h1': 250, 'bars_d1': 120, 'last_bar_time': '2026-05-27 12:20:00', 'data_age_min': 5.0, 'signal': False, 'risk_per_trade': 0.005, 'weight': 0.25, 'diag': {'n_m5': 599, 'n_h1': 250, 'n_d1': 120, 'bar_time': '2026-05-27 12:20:00', 'open': 1.34501, 'high': 1.34517, 'low': 1.34482, 'close': 1.34482, 'volume': 286.0, 'trend_dir': -1, 'h1_trend': -1, 'd1_trend': -1, 'h1_rsi': 43.335, 'in_session': False, 'atr_ok': True, 'adx_ok': True, 'ema20': 1.344672, 'rsi': 52.811, 'atr': 0.000348, 'adx': 18.456, 'bb_up': 1.345015, 'bb_lo': 1.344063, 'f_bb': -1, 'f_ema': 0, 'f_rsi': 0, 'f_candle': -1, 'f_rsiR': 0, 'f_macd': 1, 'f_stoch': -1, 'f_vol': 0, 'signal_dir': 0, 'h1_topped_from_m5': 1, 'd1_topped_from_m5': 1}}
[2026-05-27 12:25:00 BROKER] heartbeat | {'uptime_s': 12745.1, 'mt5_connected': True, 'mt5_trade_allowed': True, 'tracked_pendings': 0, 'open_positions': 0, 'cooldown_active': False, 'cooldown_remaining_s': 0.0, 'balance': 980.2, 'equity': 980.2}
C:\Users\Administrator\Desktop\tob\ema-h1trend\mt5\run_multi_scalper.py:179: Pandas4Warning: Timestamp.utcnow is deprecated and will be removed in a future version. Use Timestamp.now('UTC') instead.
  return pd.Timestamp.utcnow().tz_localize(None) + pd.Timedelta(hours=BROKER_WALLCLOCK_OFFSET_HOURS)
[2026-05-27 12:25:00 BROKER] cycle | {'bars_m5': 599, 'bars_h1': 250, 'bars_d1': 120, 'last_bar_time': '2026-05-27 12:20:00', 'data_age_min': 5.0, 'signal': False, 'risk_per_trade': 0.005, 'weight': 0.25, 'diag': {'n_m5': 599, 'n_h1': 250, 'n_d1': 120, 'bar_time': '2026-05-27 12:20:00', 'open': 1.85931, 'high': 1.85954, 'low': 1.85887, 'close': 1.8589, 'volume': 454.0, 'trend_dir': 1, 'h1_trend': 1, 'd1_trend': 1, 'h1_rsi': 52.378, 'in_session': False, 'atr_ok': True, 'adx_ok': True, 'ema20': 1.858926, 'rsi': 51.132, 'atr': 0.000494, 'adx': 30.693, 'bb_up': 1.859639, 'bb_lo': 1.858061, 'f_bb': 0, 'f_ema': -1, 'f_rsi': 0, 'f_candle': 0, 'f_rsiR': 0, 'f_macd': 1, 'f_stoch': 0, 'f_vol': 0, 'signal_dir': 0, 'h1_topped_from_m5': 1, 'd1_topped_from_m5': 1}}
C:\Users\Administrator\Desktop\tob\ema-h1trend\mt5\run_multi_scalper.py:179: Pandas4Warning: Timestamp.utcnow is deprecated and will be removed in a future version. Use Timestamp.now('UTC') instead.
  return pd.Timestamp.utcnow().tz_localize(None) + pd.Timedelta(hours=BROKER_WALLCLOCK_OFFSET_HOURS)
[2026-05-27 12:25:01 BROKER] cycle | {'bars_m5': 599, 'bars_h1': 250, 'bars_d1': 120, 'last_bar_time': '2026-05-27 12:20:00', 'data_age_min': 5.0, 'signal': False, 'risk_per_trade': 0.005, 'weight': 0.25, 'diag': {'n_m5': 599, 'n_h1': 250, 'n_d1': 120, 'bar_time': '2026-05-27 12:20:00', 'open': 1.60982, 'high': 1.61002, 'low': 1.60961, 'close': 1.60961, 'volume': 368.0, 'trend_dir': 1, 'h1_trend': 1, 'd1_trend': 1, 'h1_rsi': 69.238, 'in_session': False, 'atr_ok': True, 'adx_ok': True, 'ema20': 1.609708, 'rsi': 50.855, 'atr': 0.000354, 'adx': 40.955, 'bb_up': 1.610255, 'bb_lo': 1.609264, 'f_bb': 0, 'f_ema': -1, 'f_rsi': 0, 'f_candle': -1, 'f_rsiR': -1, 'f_macd': -1, 'f_stoch': 0, 'f_vol': 0, 'signal_dir': 0, 'h1_topped_from_m5': 1, 'd1_topped_from_m5': 1}}
C:\Users\Administrator\Desktop\tob\ema-h1trend\mt5\run_multi_scalper.py:179: Pandas4Warning: Timestamp.utcnow is deprecated and will be removed in a future version. Use Timestamp.now('UTC') instead.
  return pd.Timestamp.utcnow().tz_localize(None) + pd.Timedelta(hours=BROKER_WALLCLOCK_OFFSET_HOURS)
[portfolio] cycle_complete: symbols=4 signals=0 placed=0 skipped=0 elapsed_s=0.58 per_symbol=[{'symbol': 'XAUUSD', 'signal': False}, {'symbol': 'GBPUSD', 'signal': False}, {'symbol': 'GBPCAD', 'signal': False}, {'symbol': 'EURCAD', 'signal': False}]
  → sleeping 299s until next M5 close ...
[2026-05-27 12:30:00 BROKER] cycle | {'bars_m5': 599, 'bars_h1': 250, 'bars_d1': 120, 'last_bar_time': '2026-05-27 12:25:00', 'data_age_min': 5.0, 'signal': False, 'risk_per_trade': 0.005, 'weight': 0.25, 'diag': {'n_m5': 599, 'n_h1': 250, 'n_d1': 120, 'bar_time': '2026-05-27 12:25:00', 'open': 4491.08, 'high': 4491.83, 'low': 4489.42, 'close': 4490.11, 'volume': 681.0, 'trend_dir': -1, 'h1_trend': -1, 'd1_trend': -1, 'h1_rsi': 41.166, 'in_session': False, 'atr_ok': True, 'adx_ok': True, 'ema20': 4491.108035, 'rsi': 48.639, 'atr': 3.946554, 'adx': 16.385, 'bb_up': 4500.42685, 'bb_lo': 4480.45415, 'f_bb': 0, 'f_ema': -1, 'f_rsi': 0, 'f_candle': 0, 'f_rsiR': -1, 'f_macd': 1, 'f_stoch': 0, 'f_vol': 0, 'signal_dir': 0, 'h1_topped_from_m5': 1, 'd1_topped_from_m5': 1}}
C:\Users\Administrator\Desktop\tob\ema-h1trend\mt5\run_multi_scalper.py:179: Pandas4Warning: Timestamp.utcnow is deprecated and will be removed in a future version. Use Timestamp.now('UTC') instead.
  return pd.Timestamp.utcnow().tz_localize(None) + pd.Timedelta(hours=BROKER_WALLCLOCK_OFFSET_HOURS)
[2026-05-27 12:30:00 BROKER] cycle | {'bars_m5': 599, 'bars_h1': 250, 'bars_d1': 120, 'last_bar_time': '2026-05-27 12:25:00', 'data_age_min': 5.0, 'signal': False, 'risk_per_trade': 0.005, 'weight': 0.25, 'diag': {'n_m5': 599, 'n_h1': 250, 'n_d1': 120, 'bar_time': '2026-05-27 12:25:00', 'open': 1.34482, 'high': 1.34496, 'low': 1.3446799999999999, 'close': 1.34493, 'volume': 248.0, 'trend_dir': -1, 'h1_trend': -1, 'd1_trend': -1, 'h1_rsi': 44.356, 'in_session': False, 'atr_ok': True, 'adx_ok': True, 'ema20': 1.344697, 'rsi': 54.989, 'atr': 0.000339, 'adx': 18.812, 'bb_up': 1.345056, 'bb_lo': 1.344093, 'f_bb': 0, 'f_ema': 1, 'f_rsi': 0, 'f_candle': 0, 'f_rsiR': 0, 'f_macd': 1, 'f_stoch': 0, 'f_vol': 0, 'signal_dir': 0, 'h1_topped_from_m5': 1, 'd1_topped_from_m5': 1}}
[2026-05-27 12:30:00 BROKER] mt5_connected | {'state': 'healthy', 'periodic': True, 'connected': True, 'trade_allowed': True, 'ping_ms': 16980}
C:\Users\Administrator\Desktop\tob\ema-h1trend\mt5\run_multi_scalper.py:179: Pandas4Warning: Timestamp.utcnow is deprecated and will be removed in a future version. Use Timestamp.now('UTC') instead.
  return pd.Timestamp.utcnow().tz_localize(None) + pd.Timedelta(hours=BROKER_WALLCLOCK_OFFSET_HOURS)
[2026-05-27 12:30:00 BROKER] cycle | {'bars_m5': 599, 'bars_h1': 250, 'bars_d1': 120, 'last_bar_time': '2026-05-27 12:25:00', 'data_age_min': 5.0, 'signal': False, 'risk_per_trade': 0.005, 'weight': 0.25, 'diag': {'n_m5': 599, 'n_h1': 250, 'n_d1': 120, 'bar_time': '2026-05-27 12:25:00', 'open': 1.85888, 'high': 1.85906, 'low': 1.8587099999999999, 'close': 1.8590499999999999, 'volume': 347.0, 'trend_dir': 1, 'h1_trend': 1, 'd1_trend': 1, 'h1_rsi': 53.475, 'in_session': False, 'atr_ok': True, 'adx_ok': True, 'ema20': 1.858938, 'rsi': 53.32, 'atr': 0.000475, 'adx': 29.602, 'bb_up': 1.859575, 'bb_lo': 1.858235, 'f_bb': 0, 'f_ema': 1, 'f_rsi': 0, 'f_candle': 0, 'f_rsiR': 0, 'f_macd': -1, 'f_stoch': 0, 'f_vol': 0, 'signal_dir': 0, 'h1_topped_from_m5': 1, 'd1_topped_from_m5': 1}}
C:\Users\Administrator\Desktop\tob\ema-h1trend\mt5\run_multi_scalper.py:179: Pandas4Warning: Timestamp.utcnow is deprecated and will be removed in a future version. Use Timestamp.now('UTC') instead.
  return pd.Timestamp.utcnow().tz_localize(None) + pd.Timedelta(hours=BROKER_WALLCLOCK_OFFSET_HOURS)
[2026-05-27 12:30:01 BROKER] cycle | {'bars_m5': 599, 'bars_h1': 250, 'bars_d1': 120, 'last_bar_time': '2026-05-27 12:25:00', 'data_age_min': 5.0, 'signal': False, 'risk_per_trade': 0.005, 'weight': 0.25, 'diag': {'n_m5': 599, 'n_h1': 250, 'n_d1': 120, 'bar_time': '2026-05-27 12:25:00', 'open': 1.60962, 'high': 1.60968, 'low': 1.60947, 'close': 1.60965, 'volume': 305.0, 'trend_dir': 1, 'h1_trend': 1, 'd1_trend': 1, 'h1_rsi': 69.669, 'in_session': False, 'atr_ok': True, 'adx_ok': True, 'ema20': 1.609703, 'rsi': 51.751, 'atr': 0.000335, 'adx': 39.121, 'bb_up': 1.610239, 'bb_lo': 1.609307, 'f_bb': 0, 'f_ema': -1, 'f_rsi': 0, 'f_candle': 1, 'f_rsiR': -1, 'f_macd': -1, 'f_stoch': 0, 'f_vol': 0, 'signal_dir': 0, 'h1_topped_from_m5': 1, 'd1_topped_from_m5': 1}}
[portfolio] cycle_complete: symbols=4 signals=0 placed=0 skipped=0 elapsed_s=0.62 per_symbol=[{'symbol': 'XAUUSD', 'signal': False}, {'symbol': 'GBPUSD', 'signal': False}, {'symbol': 'GBPCAD', 'signal': False}, {'symbol': 'EURCAD', 'signal': False}]
  → sleeping 299s until next M5 close ...
[2026-05-27 12:35:00 BROKER] heartbeat | {'uptime_s': 13345.1, 'mt5_connected': True, 'mt5_trade_allowed': True, 'tracked_pendings': 0, 'open_positions': 0, 'cooldown_active': False, 'cooldown_remaining_s': 0.0, 'balance': 980.2, 'equity': 980.2}
C:\Users\Administrator\Desktop\tob\ema-h1trend\mt5\run_multi_scalper.py:179: Pandas4Warning: Timestamp.utcnow is deprecated and will be removed in a future version. Use Timestamp.now('UTC') instead.
  return pd.Timestamp.utcnow().tz_localize(None) + pd.Timedelta(hours=BROKER_WALLCLOCK_OFFSET_HOURS)
[2026-05-27 12:35:00 BROKER] cycle | {'bars_m5': 599, 'bars_h1': 250, 'bars_d1': 120, 'last_bar_time': '2026-05-27 12:30:00', 'data_age_min': 5.0, 'signal': False, 'risk_per_trade': 0.005, 'weight': 0.25, 'diag': {'n_m5': 599, 'n_h1': 250, 'n_d1': 120, 'bar_time': '2026-05-27 12:30:00', 'open': 4490.12, 'high': 4490.8, 'low': 4487.02, 'close': 4490.73, 'volume': 896.0, 'trend_dir': -1, 'h1_trend': -1, 'd1_trend': -1, 'h1_rsi': 41.382, 'in_session': False, 'atr_ok': True, 'adx_ok': True, 'ema20': 4491.072032, 'rsi': 49.693, 'atr': 3.924347, 'adx': 15.774, 'bb_up': 4499.482401, 'bb_lo': 4482.553599, 'f_bb': 0, 'f_ema': -1, 'f_rsi': 0, 'f_candle': 1, 'f_rsiR': -1, 'f_macd': -1, 'f_stoch': 0, 'f_vol': 0, 'signal_dir': 0, 'h1_topped_from_m5': 1, 'd1_topped_from_m5': 1}}
[2026-05-27 12:35:00 BROKER] heartbeat | {'uptime_s': 13345.1, 'mt5_connected': True, 'mt5_trade_allowed': True, 'tracked_pendings': 0, 'open_positions': 0, 'cooldown_active': False, 'cooldown_remaining_s': 0.0, 'balance': 980.2, 'equity': 980.2}
C:\Users\Administrator\Desktop\tob\ema-h1trend\mt5\run_multi_scalper.py:179: Pandas4Warning: Timestamp.utcnow is deprecated and will be removed in a future version. Use Timestamp.now('UTC') instead.
  return pd.Timestamp.utcnow().tz_localize(None) + pd.Timedelta(hours=BROKER_WALLCLOCK_OFFSET_HOURS)
[2026-05-27 12:35:00 BROKER] cycle | {'bars_m5': 599, 'bars_h1': 250, 'bars_d1': 120, 'last_bar_time': '2026-05-27 12:30:00', 'data_age_min': 5.0, 'signal': False, 'risk_per_trade': 0.005, 'weight': 0.25, 'diag': {'n_m5': 599, 'n_h1': 250, 'n_d1': 120, 'bar_time': '2026-05-27 12:30:00', 'open': 1.34493, 'high': 1.34494, 'low': 1.34479, 'close': 1.34485, 'volume': 210.0, 'trend_dir': -1, 'h1_trend': -1, 'd1_trend': -1, 'h1_rsi': 43.617, 'in_session': False, 'atr_ok': True, 'adx_ok': True, 'ema20': 1.344711, 'rsi': 53.071, 'atr': 0.000314, 'adx': 19.143, 'bb_up': 1.345087, 'bb_lo': 1.344104, 'f_bb': 0, 'f_ema': 1, 'f_rsi': 0, 'f_candle': 0, 'f_rsiR': 0, 'f_macd': 1, 'f_stoch': -1, 'f_vol': 0, 'signal_dir': 0, 'h1_topped_from_m5': 1, 'd1_topped_from_m5': 1}}
[2026-05-27 12:35:00 BROKER] heartbeat | {'uptime_s': 13345.1, 'mt5_connected': True, 'mt5_trade_allowed': True, 'tracked_pendings': 0, 'open_positions': 0, 'cooldown_active': False, 'cooldown_remaining_s': 0.0, 'balance': 980.2, 'equity': 980.2}
C:\Users\Administrator\Desktop\tob\ema-h1trend\mt5\run_multi_scalper.py:179: Pandas4Warning: Timestamp.utcnow is deprecated and will be removed in a future version. Use Timestamp.now('UTC') instead.
  return pd.Timestamp.utcnow().tz_localize(None) + pd.Timedelta(hours=BROKER_WALLCLOCK_OFFSET_HOURS)
[2026-05-27 12:35:00 BROKER] cycle | {'bars_m5': 599, 'bars_h1': 250, 'bars_d1': 120, 'last_bar_time': '2026-05-27 12:25:00', 'data_age_min': 10.0, 'signal': False, 'risk_per_trade': 0.005, 'weight': 0.25, 'diag': {'n_m5': 599, 'n_h1': 250, 'n_d1': 120, 'bar_time': '2026-05-27 12:25:00', 'open': 1.85888, 'high': 1.85906, 'low': 1.8587099999999999, 'close': 1.8590499999999999, 'volume': 347.0, 'trend_dir': 1, 'h1_trend': 1, 'd1_trend': 1, 'h1_rsi': 53.475, 'in_session': False, 'atr_ok': True, 'adx_ok': True, 'ema20': 1.858938, 'rsi': 53.32, 'atr': 0.000475, 'adx': 29.602, 'bb_up': 1.859575, 'bb_lo': 1.858235, 'f_bb': 0, 'f_ema': 1, 'f_rsi': 0, 'f_candle': 0, 'f_rsiR': 0, 'f_macd': -1, 'f_stoch': 0, 'f_vol': 0, 'signal_dir': 0, 'h1_topped_from_m5': 1, 'd1_topped_from_m5': 1}}
[2026-05-27 12:35:00 BROKER] heartbeat | {'uptime_s': 13345.2, 'mt5_connected': True, 'mt5_trade_allowed': True, 'tracked_pendings': 0, 'open_positions': 0, 'cooldown_active': False, 'cooldown_remaining_s': 0.0, 'balance': 980.2, 'equity': 980.2}
C:\Users\Administrator\Desktop\tob\ema-h1trend\mt5\run_multi_scalper.py:179: Pandas4Warning: Timestamp.utcnow is deprecated and will be removed in a future version. Use Timestamp.now('UTC') instead.
  return pd.Timestamp.utcnow().tz_localize(None) + pd.Timedelta(hours=BROKER_WALLCLOCK_OFFSET_HOURS)
[2026-05-27 12:35:01 BROKER] cycle | {'bars_m5': 599, 'bars_h1': 250, 'bars_d1': 120, 'last_bar_time': '2026-05-27 12:30:00', 'data_age_min': 5.0, 'signal': False, 'risk_per_trade': 0.005, 'weight': 0.25, 'diag': {'n_m5': 599, 'n_h1': 250, 'n_d1': 120, 'bar_time': '2026-05-27 12:30:00', 'open': 1.60965, 'high': 1.60968, 'low': 1.60947, 'close': 1.60953, 'volume': 322.0, 'trend_dir': 1, 'h1_trend': 1, 'd1_trend': 1, 'h1_rsi': 68.392, 'in_session': False, 'atr_ok': True, 'adx_ok': True, 'ema20': 1.609686, 'rsi': 48.872, 'atr': 0.000318, 'adx': 37.418, 'bb_up': 1.610239, 'bb_lo': 1.609307, 'f_bb': 0, 'f_ema': -1, 'f_rsi': 0, 'f_candle': -1, 'f_rsiR': -1, 'f_macd': -1, 'f_stoch': 0, 'f_vol': 0, 'signal_dir': 0, 'h1_topped_from_m5': 1, 'd1_topped_from_m5': 1}}
C:\Users\Administrator\Desktop\tob\ema-h1trend\mt5\run_multi_scalper.py:179: Pandas4Warning: Timestamp.utcnow is deprecated and will be removed in a future version. Use Timestamp.now('UTC') instead.
  return pd.Timestamp.utcnow().tz_localize(None) + pd.Timedelta(hours=BROKER_WALLCLOCK_OFFSET_HOURS)
[portfolio] cycle_complete: symbols=4 signals=0 placed=0 skipped=0 elapsed_s=0.73 per_symbol=[{'symbol': 'XAUUSD', 'signal': False}, {'symbol': 'GBPUSD', 'signal': False}, {'symbol': 'GBPCAD', 'signal': False}, {'symbol': 'EURCAD', 'signal': False}]
  → sleeping 299s until next M5 close ...
[2026-05-27 12:40:00 BROKER] cycle | {'bars_m5': 599, 'bars_h1': 250, 'bars_d1': 120, 'last_bar_time': '2026-05-27 12:30:00', 'data_age_min': 10.0, 'signal': False, 'risk_per_trade': 0.005, 'weight': 0.25, 'diag': {'n_m5': 599, 'n_h1': 250, 'n_d1': 120, 'bar_time': '2026-05-27 12:30:00', 'open': 4490.12, 'high': 4490.8, 'low': 4487.02, 'close': 4490.73, 'volume': 896.0, 'trend_dir': -1, 'h1_trend': -1, 'd1_trend': -1, 'h1_rsi': 41.382, 'in_session': False, 'atr_ok': True, 'adx_ok': True, 'ema20': 4491.072032, 'rsi': 49.693, 'atr': 3.924347, 'adx': 15.774, 'bb_up': 4499.482401, 'bb_lo': 4482.553599, 'f_bb': 0, 'f_ema': -1, 'f_rsi': 0, 'f_candle': 1, 'f_rsiR': -1, 'f_macd': -1, 'f_stoch': 0, 'f_vol': 0, 'signal_dir': 0, 'h1_topped_from_m5': 1, 'd1_topped_from_m5': 1}}
C:\Users\Administrator\Desktop\tob\ema-h1trend\mt5\run_multi_scalper.py:179: Pandas4Warning: Timestamp.utcnow is deprecated and will be removed in a future version. Use Timestamp.now('UTC') instead.
  return pd.Timestamp.utcnow().tz_localize(None) + pd.Timedelta(hours=BROKER_WALLCLOCK_OFFSET_HOURS)
[2026-05-27 12:40:00 BROKER] cycle | {'bars_m5': 599, 'bars_h1': 250, 'bars_d1': 120, 'last_bar_time': '2026-05-27 12:35:00', 'data_age_min': 5.0, 'signal': False, 'risk_per_trade': 0.005, 'weight': 0.25, 'diag': {'n_m5': 599, 'n_h1': 250, 'n_d1': 120, 'bar_time': '2026-05-27 12:35:00', 'open': 1.34485, 'high': 1.34489, 'low': 1.34466, 'close': 1.34471, 'volume': 212.0, 'trend_dir': -1, 'h1_trend': -1, 'd1_trend': -1, 'h1_rsi': 42.276, 'in_session': False, 'atr_ok': True, 'adx_ok': True, 'ema20': 1.344711, 'rsi': 49.796, 'atr': 0.000302, 'adx': 18.711, 'bb_up': 1.345085, 'bb_lo': 1.344152, 'f_bb': 0, 'f_ema': -1, 'f_rsi': 0, 'f_candle': 0, 'f_rsiR': 0, 'f_macd': 1, 'f_stoch': 0, 'f_vol': 0, 'signal_dir': 0, 'h1_topped_from_m5': 1, 'd1_topped_from_m5': 1}}
[2026-05-27 12:40:00 BROKER] mt5_connected | {'state': 'healthy', 'periodic': True, 'connected': True, 'trade_allowed': True, 'ping_ms': 16980}
C:\Users\Administrator\Desktop\tob\ema-h1trend\mt5\run_multi_scalper.py:179: Pandas4Warning: Timestamp.utcnow is deprecated and will be removed in a future version. Use Timestamp.now('UTC') instead.
  return pd.Timestamp.utcnow().tz_localize(None) + pd.Timedelta(hours=BROKER_WALLCLOCK_OFFSET_HOURS)
[2026-05-27 12:40:00 BROKER] cycle | {'bars_m5': 599, 'bars_h1': 250, 'bars_d1': 120, 'last_bar_time': '2026-05-27 12:35:00', 'data_age_min': 5.0, 'signal': False, 'risk_per_trade': 0.005, 'weight': 0.25, 'diag': {'n_m5': 599, 'n_h1': 250, 'n_d1': 120, 'bar_time': '2026-05-27 12:35:00', 'open': 1.85893, 'high': 1.8592, 'low': 1.8589, 'close': 1.85895, 'volume': 348.0, 'trend_dir': 1, 'h1_trend': 1, 'd1_trend': 1, 'h1_rsi': 52.739, 'in_session': False, 'atr_ok': True, 'adx_ok': True, 'ema20': 1.858939, 'rsi': 51.662, 'atr': 0.000416, 'adx': 28.014, 'bb_up': 1.85955, 'bb_lo': 1.858347, 'f_bb': 0, 'f_ema': 1, 'f_rsi': 0, 'f_candle': 0, 'f_rsiR': 0, 'f_macd': -1, 'f_stoch': 0, 'f_vol': 0, 'signal_dir': 0, 'h1_topped_from_m5': 1, 'd1_topped_from_m5': 1}}
C:\Users\Administrator\Desktop\tob\ema-h1trend\mt5\run_multi_scalper.py:179: Pandas4Warning: Timestamp.utcnow is deprecated and will be removed in a future version. Use Timestamp.now('UTC') instead.
  return pd.Timestamp.utcnow().tz_localize(None) + pd.Timedelta(hours=BROKER_WALLCLOCK_OFFSET_HOURS)
[2026-05-27 12:40:01 BROKER] cycle | {'bars_m5': 599, 'bars_h1': 250, 'bars_d1': 120, 'last_bar_time': '2026-05-27 12:35:00', 'data_age_min': 5.0, 'signal': False, 'risk_per_trade': 0.005, 'weight': 0.25, 'diag': {'n_m5': 599, 'n_h1': 250, 'n_d1': 120, 'bar_time': '2026-05-27 12:35:00', 'open': 1.60953, 'high': 1.60974, 'low': 1.60953, 'close': 1.60969, 'volume': 278.0, 'trend_dir': 1, 'h1_trend': 1, 'd1_trend': 1, 'h1_rsi': 70.106, 'in_session': False, 'atr_ok': True, 'adx_ok': True, 'ema20': 1.609687, 'rsi': 52.654, 'atr': 0.000304, 'adx': 36.088, 'bb_up': 1.610232, 'bb_lo': 1.609334, 'f_bb': 0, 'f_ema': 1, 'f_rsi': 0, 'f_candle': 1, 'f_rsiR': 0, 'f_macd': -1, 'f_stoch': 0, 'f_vol': 0, 'signal_dir': 0, 'h1_topped_from_m5': 1, 'd1_topped_from_m5': 1}}
C:\Users\Administrator\Desktop\tob\ema-h1trend\mt5\run_multi_scalper.py:179: Pandas4Warning: Timestamp.utcnow is deprecated and will be removed in a future version. Use Timestamp.now('UTC') instead.
  return pd.Timestamp.utcnow().tz_localize(None) + pd.Timedelta(hours=BROKER_WALLCLOCK_OFFSET_HOURS)
[portfolio] cycle_complete: symbols=4 signals=0 placed=0 skipped=0 elapsed_s=0.64 per_symbol=[{'symbol': 'XAUUSD', 'signal': False}, {'symbol': 'GBPUSD', 'signal': False}, {'symbol': 'GBPCAD', 'signal': False}, {'symbol': 'EURCAD', 'signal': False}]
  → sleeping 299s until next M5 close ...
[2026-05-27 12:45:00 BROKER] cycle | {'bars_m5': 599, 'bars_h1': 250, 'bars_d1': 120, 'last_bar_time': '2026-05-27 12:40:00', 'data_age_min': 5.0, 'signal': False, 'risk_per_trade': 0.005, 'weight': 0.25, 'diag': {'n_m5': 599, 'n_h1': 250, 'n_d1': 120, 'bar_time': '2026-05-27 12:40:00', 'open': 4491.38, 'high': 4491.85, 'low': 4488.51, 'close': 4488.69, 'volume': 585.0, 'trend_dir': -1, 'h1_trend': -1, 'd1_trend': -1, 'h1_rsi': 40.679, 'in_session': False, 'atr_ok': True, 'adx_ok': True, 'ema20': 4490.868262, 'rsi': 46.167, 'atr': 3.629843, 'adx': 14.32, 'bb_up': 4498.655092, 'bb_lo': 4484.540908, 'f_bb': 0, 'f_ema': -1, 'f_rsi': 0, 'f_candle': -1, 'f_rsiR': -1, 'f_macd': -1, 'f_stoch': 0, 'f_vol': 0, 'signal_dir': 0, 'h1_topped_from_m5': 1, 'd1_topped_from_m5': 1}}
C:\Users\Administrator\Desktop\tob\ema-h1trend\mt5\run_multi_scalper.py:179: Pandas4Warning: Timestamp.utcnow is deprecated and will be removed in a future version. Use Timestamp.now('UTC') instead.
  return pd.Timestamp.utcnow().tz_localize(None) + pd.Timedelta(hours=BROKER_WALLCLOCK_OFFSET_HOURS)
[2026-05-27 12:45:00 BROKER] cycle | {'bars_m5': 599, 'bars_h1': 250, 'bars_d1': 120, 'last_bar_time': '2026-05-27 12:40:00', 'data_age_min': 5.0, 'signal': False, 'risk_per_trade': 0.005, 'weight': 0.25, 'diag': {'n_m5': 599, 'n_h1': 250, 'n_d1': 120, 'bar_time': '2026-05-27 12:40:00', 'open': 1.34471, 'high': 1.3447200000000001, 'low': 1.34454, 'close': 1.34455, 'volume': 164.0, 'trend_dir': -1, 'h1_trend': -1, 'd1_trend': -1, 'h1_rsi': 40.791, 'in_session': False, 'atr_ok': True, 'adx_ok': True, 'ema20': 1.344696, 'rsi': 46.282, 'atr': 0.000286, 'adx': 17.689, 'bb_up': 1.345085, 'bb_lo': 1.344155, 'f_bb': 0, 'f_ema': -1, 'f_rsi': 0, 'f_candle': 0, 'f_rsiR': 0, 'f_macd': 1, 'f_stoch': 0, 'f_vol': 0, 'signal_dir': 0, 'h1_topped_from_m5': 1, 'd1_topped_from_m5': 1}}
C:\Users\Administrator\Desktop\tob\ema-h1trend\mt5\run_multi_scalper.py:179: Pandas4Warning: Timestamp.utcnow is deprecated and will be removed in a future version. Use Timestamp.now('UTC') instead.
  return pd.Timestamp.utcnow().tz_localize(None) + pd.Timedelta(hours=BROKER_WALLCLOCK_OFFSET_HOURS)
[2026-05-27 12:45:00 BROKER] cycle | {'bars_m5': 599, 'bars_h1': 250, 'bars_d1': 120, 'last_bar_time': '2026-05-27 12:40:00', 'data_age_min': 5.0, 'signal': False, 'risk_per_trade': 0.005, 'weight': 0.25, 'diag': {'n_m5': 599, 'n_h1': 250, 'n_d1': 120, 'bar_time': '2026-05-27 12:40:00', 'open': 1.85895, 'high': 1.85897, 'low': 1.8584800000000001, 'close': 1.8585, 'volume': 327.0, 'trend_dir': 0, 'h1_trend': -1, 'd1_trend': 1, 'h1_rsi': 49.662, 'in_session': False, 'atr_ok': True, 'adx_ok': True, 'ema20': 1.858897, 'rsi': 44.518, 'atr': 0.000426, 'adx': 26.151, 'bb_up': 1.85956, 'bb_lo': 1.858291, 'f_bb': 0, 'f_ema': -1, 'f_rsi': 0, 'f_candle': -1, 'f_rsiR': 0, 'f_macd': -1, 'f_stoch': 0, 'f_vol': 0, 'signal_dir': 0, 'h1_topped_from_m5': 1, 'd1_topped_from_m5': 1}}
C:\Users\Administrator\Desktop\tob\ema-h1trend\mt5\run_multi_scalper.py:179: Pandas4Warning: Timestamp.utcnow is deprecated and will be removed in a future version. Use Timestamp.now('UTC') instead.
  return pd.Timestamp.utcnow().tz_localize(None) + pd.Timedelta(hours=BROKER_WALLCLOCK_OFFSET_HOURS)
[2026-05-27 12:45:01 BROKER] cycle | {'bars_m5': 599, 'bars_h1': 250, 'bars_d1': 120, 'last_bar_time': '2026-05-27 12:40:00', 'data_age_min': 5.0, 'signal': False, 'risk_per_trade': 0.005, 'weight': 0.25, 'diag': {'n_m5': 599, 'n_h1': 250, 'n_d1': 120, 'bar_time': '2026-05-27 12:40:00', 'open': 1.60969, 'high': 1.6097000000000001, 'low': 1.60938, 'close': 1.60949, 'volume': 234.0, 'trend_dir': 1, 'h1_trend': 1, 'd1_trend': 1, 'h1_rsi': 67.976, 'in_session': False, 'atr_ok': True, 'adx_ok': True, 'ema20': 1.609668, 'rsi': 47.885, 'atr': 0.000306, 'adx': 34.001, 'bb_up': 1.610237, 'bb_lo': 1.609321, 'f_bb': 0, 'f_ema': -1, 'f_rsi': 0, 'f_candle': -1, 'f_rsiR': 0, 'f_macd': -1, 'f_stoch': 0, 'f_vol': 0, 'signal_dir': 0, 'h1_topped_from_m5': 1, 'd1_topped_from_m5': 1}}
[portfolio] cycle_complete: symbols=4 signals=0 placed=0 skipped=0 elapsed_s=0.64 per_symbol=[{'symbol': 'XAUUSD', 'signal': False}, {'symbol': 'GBPUSD', 'signal': False}, {'symbol': 'GBPCAD', 'signal': False}, {'symbol': 'EURCAD', 'signal': False}]
  → sleeping 299s until next M5 close ...
[2026-05-27 12:50:00 BROKER] heartbeat | {'uptime_s': 14245.1, 'mt5_connected': True, 'mt5_trade_allowed': True, 'tracked_pendings': 0, 'open_positions': 0, 'cooldown_active': False, 'cooldown_remaining_s': 0.0, 'balance': 980.2, 'equity': 980.2}
C:\Users\Administrator\Desktop\tob\ema-h1trend\mt5\run_multi_scalper.py:179: Pandas4Warning: Timestamp.utcnow is deprecated and will be removed in a future version. Use Timestamp.now('UTC') instead.
  return pd.Timestamp.utcnow().tz_localize(None) + pd.Timedelta(hours=BROKER_WALLCLOCK_OFFSET_HOURS)
[2026-05-27 12:50:00 BROKER] cycle | {'bars_m5': 599, 'bars_h1': 250, 'bars_d1': 120, 'last_bar_time': '2026-05-27 12:40:00', 'data_age_min': 10.0, 'signal': False, 'risk_per_trade': 0.005, 'weight': 0.25, 'diag': {'n_m5': 599, 'n_h1': 250, 'n_d1': 120, 'bar_time': '2026-05-27 12:40:00', 'open': 4491.38, 'high': 4491.85, 'low': 4488.51, 'close': 4488.69, 'volume': 585.0, 'trend_dir': -1, 'h1_trend': -1, 'd1_trend': -1, 'h1_rsi': 40.679, 'in_session': False, 'atr_ok': True, 'adx_ok': True, 'ema20': 4490.868262, 'rsi': 46.167, 'atr': 3.629843, 'adx': 14.32, 'bb_up': 4498.655092, 'bb_lo': 4484.540908, 'f_bb': 0, 'f_ema': -1, 'f_rsi': 0, 'f_candle': -1, 'f_rsiR': -1, 'f_macd': -1, 'f_stoch': 0, 'f_vol': 0, 'signal_dir': 0, 'h1_topped_from_m5': 1, 'd1_topped_from_m5': 1}}
[2026-05-27 12:50:00 BROKER] heartbeat | {'uptime_s': 14245.1, 'mt5_connected': True, 'mt5_trade_allowed': True, 'tracked_pendings': 0, 'open_positions': 0, 'cooldown_active': False, 'cooldown_remaining_s': 0.0, 'balance': 980.2, 'equity': 980.2}
C:\Users\Administrator\Desktop\tob\ema-h1trend\mt5\run_multi_scalper.py:179: Pandas4Warning: Timestamp.utcnow is deprecated and will be removed in a future version. Use Timestamp.now('UTC') instead.
  return pd.Timestamp.utcnow().tz_localize(None) + pd.Timedelta(hours=BROKER_WALLCLOCK_OFFSET_HOURS)
[2026-05-27 12:50:00 BROKER] cycle | {'bars_m5': 599, 'bars_h1': 250, 'bars_d1': 120, 'last_bar_time': '2026-05-27 12:45:00', 'data_age_min': 5.0, 'signal': False, 'risk_per_trade': 0.005, 'weight': 0.25, 'diag': {'n_m5': 599, 'n_h1': 250, 'n_d1': 120, 'bar_time': '2026-05-27 12:45:00', 'open': 1.34455, 'high': 1.34463, 'low': 1.34444, 'close': 1.34458, 'volume': 220.0, 'trend_dir': -1, 'h1_trend': -1, 'd1_trend': -1, 'h1_rsi': 41.003, 'in_session': False, 'atr_ok': True, 'adx_ok': True, 'ema20': 1.344685, 'rsi': 47.037, 'atr': 0.000273, 'adx': 16.592, 'bb_up': 1.345085, 'bb_lo': 1.344168, 'f_bb': 0, 'f_ema': -1, 'f_rsi': 0, 'f_candle': 0, 'f_rsiR': 0, 'f_macd': 1, 'f_stoch': 0, 'f_vol': 0, 'signal_dir': 0, 'h1_topped_from_m5': 1, 'd1_topped_from_m5': 1}}
[2026-05-27 12:50:00 BROKER] heartbeat | {'uptime_s': 14245.2, 'mt5_connected': True, 'mt5_trade_allowed': True, 'tracked_pendings': 0, 'open_positions': 0, 'cooldown_active': False, 'cooldown_remaining_s': 0.0, 'balance': 980.2, 'equity': 980.2}
[2026-05-27 12:50:00 BROKER] mt5_connected | {'state': 'healthy', 'periodic': True, 'connected': True, 'trade_allowed': True, 'ping_ms': 16980}
C:\Users\Administrator\Desktop\tob\ema-h1trend\mt5\run_multi_scalper.py:179: Pandas4Warning: Timestamp.utcnow is deprecated and will be removed in a future version. Use Timestamp.now('UTC') instead.
  return pd.Timestamp.utcnow().tz_localize(None) + pd.Timedelta(hours=BROKER_WALLCLOCK_OFFSET_HOURS)
[2026-05-27 12:50:01 BROKER] cycle | {'bars_m5': 599, 'bars_h1': 250, 'bars_d1': 120, 'last_bar_time': '2026-05-27 12:45:00', 'data_age_min': 5.0, 'signal': False, 'risk_per_trade': 0.005, 'weight': 0.25, 'diag': {'n_m5': 599, 'n_h1': 250, 'n_d1': 120, 'bar_time': '2026-05-27 12:45:00', 'open': 1.85849, 'high': 1.8586399999999998, 'low': 1.8580999999999999, 'close': 1.85863, 'volume': 420.0, 'trend_dir': 1, 'h1_trend': 1, 'd1_trend': 1, 'h1_rsi': 50.513, 'in_session': False, 'atr_ok': True, 'adx_ok': True, 'ema20': 1.858871, 'rsi': 46.807, 'atr': 0.000441, 'adx': 25.098, 'bb_up': 1.85956, 'bb_lo': 1.85829, 'f_bb': 1, 'f_ema': 0, 'f_rsi': 0, 'f_candle': 1, 'f_rsiR': 0, 'f_macd': -1, 'f_stoch': 0, 'f_vol': 0, 'signal_dir': 0, 'h1_topped_from_m5': 1, 'd1_topped_from_m5': 1}}
[2026-05-27 12:50:01 BROKER] heartbeat | {'uptime_s': 14245.2, 'mt5_connected': True, 'mt5_trade_allowed': True, 'tracked_pendings': 0, 'open_positions': 0, 'cooldown_active': False, 'cooldown_remaining_s': 0.0, 'balance': 980.2, 'equity': 980.2}
C:\Users\Administrator\Desktop\tob\ema-h1trend\mt5\run_multi_scalper.py:179: Pandas4Warning: Timestamp.utcnow is deprecated and will be removed in a future version. Use Timestamp.now('UTC') instead.
  return pd.Timestamp.utcnow().tz_localize(None) + pd.Timedelta(hours=BROKER_WALLCLOCK_OFFSET_HOURS)
[2026-05-27 12:50:01 BROKER] cycle | {'bars_m5': 599, 'bars_h1': 250, 'bars_d1': 120, 'last_bar_time': '2026-05-27 12:45:00', 'data_age_min': 5.0, 'signal': False, 'risk_per_trade': 0.005, 'weight': 0.25, 'diag': {'n_m5': 599, 'n_h1': 250, 'n_d1': 120, 'bar_time': '2026-05-27 12:45:00', 'open': 1.6095000000000002, 'high': 1.60962, 'low': 1.6092499999999998, 'close': 1.6096, 'volume': 314.0, 'trend_dir': 1, 'h1_trend': 1, 'd1_trend': 1, 'h1_rsi': 69.131, 'in_session': False, 'atr_ok': True, 'adx_ok': True, 'ema20': 1.609661, 'rsi': 50.539, 'atr': 0.000315, 'adx': 31.735, 'bb_up': 1.610216, 'bb_lo': 1.609365, 'f_bb': 1, 'f_ema': -1, 'f_rsi': 0, 'f_candle': 1, 'f_rsiR': 0, 'f_macd': -1, 'f_stoch': 1, 'f_vol': 0, 'signal_dir': 0, 'h1_topped_from_m5': 1, 'd1_topped_from_m5': 1}}
C:\Users\Administrator\Desktop\tob\ema-h1trend\mt5\run_multi_scalper.py:179: Pandas4Warning: Timestamp.utcnow is deprecated and will be removed in a future version. Use Timestamp.now('UTC') instead.
  return pd.Timestamp.utcnow().tz_localize(None) + pd.Timedelta(hours=BROKER_WALLCLOCK_OFFSET_HOURS)
[portfolio] cycle_complete: symbols=4 signals=0 placed=0 skipped=0 elapsed_s=0.69 per_symbol=[{'symbol': 'XAUUSD', 'signal': False}, {'symbol': 'GBPUSD', 'signal': False}, {'symbol': 'GBPCAD', 'signal': False}, {'symbol': 'EURCAD', 'signal': False}]
  → sleeping 299s until next M5 close ...
[2026-05-27 12:55:00 BROKER] cycle | {'bars_m5': 599, 'bars_h1': 250, 'bars_d1': 120, 'last_bar_time': '2026-05-27 12:45:00', 'data_age_min': 10.0, 'signal': False, 'risk_per_trade': 0.005, 'weight': 0.25, 'diag': {'n_m5': 599, 'n_h1': 250, 'n_d1': 120, 'bar_time': '2026-05-27 12:45:00', 'open': 4488.66, 'high': 4489.96, 'low': 4488.25, 'close': 4489.65, 'volume': 543.0, 'trend_dir': -1, 'h1_trend': -1, 'd1_trend': -1, 'h1_rsi': 41.007, 'in_session': False, 'atr_ok': True, 'adx_ok': True, 'ema20': 4490.752237, 'rsi': 48.004, 'atr': 3.373864, 'adx': 13.952, 'bb_up': 4498.391282, 'bb_lo': 4485.178718, 'f_bb': 0, 'f_ema': -1, 'f_rsi': 0, 'f_candle': 0, 'f_rsiR': 0, 'f_macd': -1, 'f_stoch': 0, 'f_vol': 0, 'signal_dir': 0, 'h1_topped_from_m5': 1, 'd1_topped_from_m5': 1}}
C:\Users\Administrator\Desktop\tob\ema-h1trend\mt5\run_multi_scalper.py:179: Pandas4Warning: Timestamp.utcnow is deprecated and will be removed in a future version. Use Timestamp.now('UTC') instead.
  return pd.Timestamp.utcnow().tz_localize(None) + pd.Timedelta(hours=BROKER_WALLCLOCK_OFFSET_HOURS)
[2026-05-27 12:55:00 BROKER] cycle | {'bars_m5': 599, 'bars_h1': 250, 'bars_d1': 120, 'last_bar_time': '2026-05-27 12:50:00', 'data_age_min': 5.0, 'signal': False, 'risk_per_trade': 0.005, 'weight': 0.25, 'diag': {'n_m5': 599, 'n_h1': 250, 'n_d1': 120, 'bar_time': '2026-05-27 12:50:00', 'open': 1.34458, 'high': 1.3449200000000001, 'low': 1.34458, 'close': 1.3449200000000001, 'volume': 251.0, 'trend_dir': -1, 'h1_trend': -1, 'd1_trend': -1, 'h1_rsi': 44.265, 'in_session': False, 'atr_ok': True, 'adx_ok': True, 'ema20': 1.344707, 'rsi': 54.79, 'atr': 0.000282, 'adx': 16.466, 'bb_up': 1.345109, 'bb_lo': 1.344161, 'f_bb': 0, 'f_ema': 1, 'f_rsi': 0, 'f_candle': 0, 'f_rsiR': 0, 'f_macd': 1, 'f_stoch': 0, 'f_vol': 0, 'signal_dir': 0, 'h1_topped_from_m5': 1, 'd1_topped_from_m5': 1}}
C:\Users\Administrator\Desktop\tob\ema-h1trend\mt5\run_multi_scalper.py:179: Pandas4Warning: Timestamp.utcnow is deprecated and will be removed in a future version. Use Timestamp.now('UTC') instead.
  return pd.Timestamp.utcnow().tz_localize(None) + pd.Timedelta(hours=BROKER_WALLCLOCK_OFFSET_HOURS)
[2026-05-27 12:55:00 BROKER] cycle | {'bars_m5': 599, 'bars_h1': 250, 'bars_d1': 120, 'last_bar_time': '2026-05-27 12:50:00', 'data_age_min': 5.0, 'signal': False, 'risk_per_trade': 0.005, 'weight': 0.25, 'diag': {'n_m5': 599, 'n_h1': 250, 'n_d1': 120, 'bar_time': '2026-05-27 12:50:00', 'open': 1.85865, 'high': 1.85904, 'low': 1.8586399999999998, 'close': 1.8590200000000001, 'volume': 415.0, 'trend_dir': 1, 'h1_trend': 1, 'd1_trend': 1, 'h1_rsi': 53.252, 'in_session': False, 'atr_ok': True, 'adx_ok': True, 'ema20': 1.858886, 'rsi': 53.061, 'atr': 0.000437, 'adx': 23.518, 'bb_up': 1.859559, 'bb_lo': 1.85829, 'f_bb': 0, 'f_ema': 1, 'f_rsi': 0, 'f_candle': 0, 'f_rsiR': 0, 'f_macd': -1, 'f_stoch': 0, 'f_vol': 0, 'signal_dir': 0, 'h1_topped_from_m5': 1, 'd1_topped_from_m5': 1}}
C:\Users\Administrator\Desktop\tob\ema-h1trend\mt5\run_multi_scalper.py:179: Pandas4Warning: Timestamp.utcnow is deprecated and will be removed in a future version. Use Timestamp.now('UTC') instead.
  return pd.Timestamp.utcnow().tz_localize(None) + pd.Timedelta(hours=BROKER_WALLCLOCK_OFFSET_HOURS)
[2026-05-27 12:55:01 BROKER] cycle | {'bars_m5': 599, 'bars_h1': 250, 'bars_d1': 120, 'last_bar_time': '2026-05-27 12:50:00', 'data_age_min': 5.0, 'signal': False, 'risk_per_trade': 0.005, 'weight': 0.25, 'diag': {'n_m5': 599, 'n_h1': 250, 'n_d1': 120, 'bar_time': '2026-05-27 12:50:00', 'open': 1.6096300000000001, 'high': 1.60994, 'low': 1.60957, 'close': 1.6099299999999999, 'volume': 289.0, 'trend_dir': 1, 'h1_trend': 1, 'd1_trend': 1, 'h1_rsi': 72.844, 'in_session': False, 'atr_ok': True, 'adx_ok': True, 'ema20': 1.609687, 'rsi': 57.526, 'atr': 0.000322, 'adx': 30.657, 'bb_up': 1.610225, 'bb_lo': 1.609391, 'f_bb': 0, 'f_ema': 1, 'f_rsi': 0, 'f_candle': 0, 'f_rsiR': 0, 'f_macd': -1, 'f_stoch': 0, 'f_vol': 0, 'signal_dir': 0, 'h1_topped_from_m5': 1, 'd1_topped_from_m5': 1}}
C:\Users\Administrator\Desktop\tob\ema-h1trend\mt5\run_multi_scalper.py:179: Pandas4Warning: Timestamp.utcnow is deprecated and will be removed in a future version. Use Timestamp.now('UTC') instead.
  return pd.Timestamp.utcnow().tz_localize(None) + pd.Timedelta(hours=BROKER_WALLCLOCK_OFFSET_HOURS)
[portfolio] cycle_complete: symbols=4 signals=0 placed=0 skipped=0 elapsed_s=0.63 per_symbol=[{'symbol': 'XAUUSD', 'signal': False}, {'symbol': 'GBPUSD', 'signal': False}, {'symbol': 'GBPCAD', 'signal': False}, {'symbol': 'EURCAD', 'signal': False}]
  → sleeping 299s until next M5 close ...
[2026-05-27 13:00:00 BROKER] cycle | {'bars_m5': 599, 'bars_h1': 249, 'bars_d1': 120, 'last_bar_time': '2026-05-27 12:55:00', 'data_age_min': 5.0, 'signal': False, 'risk_per_trade': 0.005, 'weight': 0.25, 'diag': {'n_m5': 599, 'n_h1': 249, 'n_d1': 120, 'bar_time': '2026-05-27 12:55:00', 'open': 4492.51, 'high': 4493.22, 'low': 4490.15, 'close': 4490.18, 'volume': 617.0, 'trend_dir': -1, 'h1_trend': -1, 'd1_trend': -1, 'h1_rsi': 41.19, 'in_session': False, 'atr_ok': True, 'adx_ok': True, 'ema20': 4490.849201, 'rsi': 48.901, 'atr': 3.345613, 'adx': 12.575, 'bb_up': 4498.157576, 'bb_lo': 4486.077424, 'f_bb': 0, 'f_ema': -1, 'f_rsi': 0, 'f_candle': 0, 'f_rsiR': 0, 'f_macd': -1, 'f_stoch': 0, 'f_vol': 0, 'signal_dir': 0, 'h1_topped_from_m5': 0, 'd1_topped_from_m5': 1}}
C:\Users\Administrator\Desktop\tob\ema-h1trend\mt5\run_multi_scalper.py:179: Pandas4Warning: Timestamp.utcnow is deprecated and will be removed in a future version. Use Timestamp.now('UTC') instead.
  return pd.Timestamp.utcnow().tz_localize(None) + pd.Timedelta(hours=BROKER_WALLCLOCK_OFFSET_HOURS)
[2026-05-27 13:00:00 BROKER] cycle | {'bars_m5': 599, 'bars_h1': 249, 'bars_d1': 120, 'last_bar_time': '2026-05-27 12:55:00', 'data_age_min': 5.0, 'signal': False, 'risk_per_trade': 0.005, 'weight': 0.25, 'diag': {'n_m5': 599, 'n_h1': 249, 'n_d1': 120, 'bar_time': '2026-05-27 12:55:00', 'open': 1.3449200000000001, 'high': 1.34515, 'low': 1.34446, 'close': 1.34447, 'volume': 333.0, 'trend_dir': -1, 'h1_trend': -1, 'd1_trend': -1, 'h1_rsi': 40.237, 'in_session': False, 'atr_ok': True, 'adx_ok': True, 'ema20': 1.344685, 'rsi': 45.331, 'atr': 0.000337, 'adx': 17.112, 'bb_up': 1.345107, 'bb_lo': 1.344168, 'f_bb': -1, 'f_ema': -1, 'f_rsi': 0, 'f_candle': -1, 'f_rsiR': 0, 'f_macd': 1, 'f_stoch': 0, 'f_vol': 0, 'signal_dir': 0, 'h1_topped_from_m5': 0, 'd1_topped_from_m5': 1}}
C:\Users\Administrator\Desktop\tob\ema-h1trend\mt5\run_multi_scalper.py:179: Pandas4Warning: Timestamp.utcnow is deprecated and will be removed in a future version. Use Timestamp.now('UTC') instead.
  return pd.Timestamp.utcnow().tz_localize(None) + pd.Timedelta(hours=BROKER_WALLCLOCK_OFFSET_HOURS)
[2026-05-27 13:00:00 BROKER] cycle | {'bars_m5': 599, 'bars_h1': 249, 'bars_d1': 120, 'last_bar_time': '2026-05-27 12:55:00', 'data_age_min': 5.0, 'signal': False, 'risk_per_trade': 0.005, 'weight': 0.25, 'diag': {'n_m5': 599, 'n_h1': 249, 'n_d1': 120, 'bar_time': '2026-05-27 12:55:00', 'open': 1.85903, 'high': 1.85935, 'low': 1.8584800000000001, 'close': 1.85849, 'volume': 492.0, 'trend_dir': 0, 'h1_trend': -1, 'd1_trend': 1, 'h1_rsi': 49.598, 'in_session': False, 'atr_ok': True, 'adx_ok': True, 'ema20': 1.858848, 'rsi': 45.271, 'atr': 0.000495, 'adx': 22.725, 'bb_up': 1.859568, 'bb_lo': 1.858268, 'f_bb': 0, 'f_ema': -1, 'f_rsi': 0, 'f_candle': -1, 'f_rsiR': 0, 'f_macd': -1, 'f_stoch': 0, 'f_vol': 0, 'signal_dir': 0, 'h1_topped_from_m5': 0, 'd1_topped_from_m5': 1}}
[2026-05-27 13:00:00 BROKER] mt5_connected | {'state': 'healthy', 'periodic': True, 'connected': True, 'trade_allowed': True, 'ping_ms': 16980}
C:\Users\Administrator\Desktop\tob\ema-h1trend\mt5\run_multi_scalper.py:179: Pandas4Warning: Timestamp.utcnow is deprecated and will be removed in a future version. Use Timestamp.now('UTC') instead.
  return pd.Timestamp.utcnow().tz_localize(None) + pd.Timedelta(hours=BROKER_WALLCLOCK_OFFSET_HOURS)
[2026-05-27 13:00:01 BROKER] cycle | {'bars_m5': 599, 'bars_h1': 249, 'bars_d1': 120, 'last_bar_time': '2026-05-27 12:55:00', 'data_age_min': 5.0, 'signal': False, 'risk_per_trade': 0.005, 'weight': 0.25, 'diag': {'n_m5': 599, 'n_h1': 249, 'n_d1': 120, 'bar_time': '2026-05-27 12:55:00', 'open': 1.6099299999999999, 'high': 1.61007, 'low': 1.60961, 'close': 1.60962, 'volume': 391.0, 'trend_dir': 1, 'h1_trend': 1, 'd1_trend': 1, 'h1_rsi': 69.345, 'in_session': False, 'atr_ok': True, 'adx_ok': True, 'ema20': 1.609681, 'rsi': 50.333, 'atr': 0.00034, 'adx': 30.101, 'bb_up': 1.610219, 'bb_lo': 1.609406, 'f_bb': 0, 'f_ema': -1, 'f_rsi': 0, 'f_candle': -1, 'f_rsiR': 0, 'f_macd': -1, 'f_stoch': 0, 'f_vol': 0, 'signal_dir': 0, 'h1_topped_from_m5': 0, 'd1_topped_from_m5': 1}}
[portfolio] cycle_complete: symbols=4 signals=0 placed=0 skipped=0 elapsed_s=0.61 per_symbol=[{'symbol': 'XAUUSD', 'signal': False}, {'symbol': 'GBPUSD', 'signal': False}, {'symbol': 'GBPCAD', 'signal': False}, {'symbol': 'EURCAD', 'signal': False}]
  → sleeping 299s until next M5 close ...
[2026-05-27 13:05:00 BROKER] heartbeat | {'uptime_s': 15145.1, 'mt5_connected': True, 'mt5_trade_allowed': True, 'tracked_pendings': 0, 'open_positions': 0, 'cooldown_active': False, 'cooldown_remaining_s': 0.0, 'balance': 980.2, 'equity': 980.2}
C:\Users\Administrator\Desktop\tob\ema-h1trend\mt5\run_multi_scalper.py:179: Pandas4Warning: Timestamp.utcnow is deprecated and will be removed in a future version. Use Timestamp.now('UTC') instead.
  return pd.Timestamp.utcnow().tz_localize(None) + pd.Timedelta(hours=BROKER_WALLCLOCK_OFFSET_HOURS)
[2026-05-27 13:05:00 BROKER] cycle | {'bars_m5': 599, 'bars_h1': 250, 'bars_d1': 120, 'last_bar_time': '2026-05-27 13:00:00', 'data_age_min': 5.0, 'signal': False, 'risk_per_trade': 0.005, 'weight': 0.25, 'diag': {'n_m5': 599, 'n_h1': 250, 'n_d1': 120, 'bar_time': '2026-05-27 13:00:00', 'open': 4490.12, 'high': 4490.59, 'low': 4485.0, 'close': 4486.47, 'volume': 788.0, 'trend_dir': -1, 'h1_trend': -1, 'd1_trend': -1, 'h1_rsi': 39.848, 'in_session': False, 'atr_ok': True, 'adx_ok': True, 'ema20': 4490.432134, 'rsi': 43.024, 'atr': 3.644865, 'adx': 12.737, 'bb_up': 4498.430779, 'bb_lo': 4485.373221, 'f_bb': 1, 'f_ema': -1, 'f_rsi': 0, 'f_candle': 0, 'f_rsiR': 0, 'f_macd': -1, 'f_stoch': 0, 'f_vol': 0, 'signal_dir': 0, 'h1_topped_from_m5': 1, 'd1_topped_from_m5': 1}}
[2026-05-27 13:05:00 BROKER] heartbeat | {'uptime_s': 15145.1, 'mt5_connected': True, 'mt5_trade_allowed': True, 'tracked_pendings': 0, 'open_positions': 0, 'cooldown_active': False, 'cooldown_remaining_s': 0.0, 'balance': 980.2, 'equity': 980.2}
C:\Users\Administrator\Desktop\tob\ema-h1trend\mt5\run_multi_scalper.py:179: Pandas4Warning: Timestamp.utcnow is deprecated and will be removed in a future version. Use Timestamp.now('UTC') instead.
  return pd.Timestamp.utcnow().tz_localize(None) + pd.Timedelta(hours=BROKER_WALLCLOCK_OFFSET_HOURS)
[2026-05-27 13:05:00 BROKER] cycle | {'bars_m5': 599, 'bars_h1': 250, 'bars_d1': 120, 'last_bar_time': '2026-05-27 13:00:00', 'data_age_min': 5.0, 'signal': False, 'risk_per_trade': 0.005, 'weight': 0.25, 'diag': {'n_m5': 599, 'n_h1': 250, 'n_d1': 120, 'bar_time': '2026-05-27 13:00:00', 'open': 1.34448, 'high': 1.3445, 'low': 1.34422, 'close': 1.3444099999999999, 'volume': 329.0, 'trend_dir': -1, 'h1_trend': -1, 'd1_trend': -1, 'h1_rsi': 39.8, 'in_session': False, 'atr_ok': True, 'adx_ok': True, 'ema20': 1.344658, 'rsi': 44.235, 'atr': 0.000329, 'adx': 16.605, 'bb_up': 1.345098, 'bb_lo': 1.344189, 'f_bb': 0, 'f_ema': 0, 'f_rsi': 0, 'f_candle': 0, 'f_rsiR': 0, 'f_macd': -1, 'f_stoch': 0, 'f_vol': 0, 'signal_dir': 0, 'h1_topped_from_m5': 1, 'd1_topped_from_m5': 1}}
[2026-05-27 13:05:00 BROKER] heartbeat | {'uptime_s': 15145.1, 'mt5_connected': True, 'mt5_trade_allowed': True, 'tracked_pendings': 0, 'open_positions': 0, 'cooldown_active': False, 'cooldown_remaining_s': 0.0, 'balance': 980.2, 'equity': 980.2}
C:\Users\Administrator\Desktop\tob\ema-h1trend\mt5\run_multi_scalper.py:179: Pandas4Warning: Timestamp.utcnow is deprecated and will be removed in a future version. Use Timestamp.now('UTC') instead.
  return pd.Timestamp.utcnow().tz_localize(None) + pd.Timedelta(hours=BROKER_WALLCLOCK_OFFSET_HOURS)
[2026-05-27 13:05:00 BROKER] cycle | {'bars_m5': 599, 'bars_h1': 250, 'bars_d1': 120, 'last_bar_time': '2026-05-27 13:00:00', 'data_age_min': 5.0, 'signal': False, 'risk_per_trade': 0.005, 'weight': 0.25, 'diag': {'n_m5': 599, 'n_h1': 250, 'n_d1': 120, 'bar_time': '2026-05-27 13:00:00', 'open': 1.8585, 'high': 1.85861, 'low': 1.85832, 'close': 1.85852, 'volume': 527.0, 'trend_dir': 0, 'h1_trend': -1, 'd1_trend': 1, 'h1_rsi': 49.808, 'in_session': False, 'atr_ok': True, 'adx_ok': True, 'ema20': 1.858817, 'rsi': 45.756, 'atr': 0.000468, 'adx': 21.577, 'bb_up': 1.859574, 'bb_lo': 1.858254, 'f_bb': 0, 'f_ema': 0, 'f_rsi': 0, 'f_candle': 1, 'f_rsiR': 0, 'f_macd': -1, 'f_stoch': 0, 'f_vol': 0, 'signal_dir': 0, 'h1_topped_from_m5': 1, 'd1_topped_from_m5': 1}}
[2026-05-27 13:05:00 BROKER] heartbeat | {'uptime_s': 15145.2, 'mt5_connected': True, 'mt5_trade_allowed': True, 'tracked_pendings': 0, 'open_positions': 0, 'cooldown_active': False, 'cooldown_remaining_s': 0.0, 'balance': 980.2, 'equity': 980.2}
C:\Users\Administrator\Desktop\tob\ema-h1trend\mt5\run_multi_scalper.py:179: Pandas4Warning: Timestamp.utcnow is deprecated and will be removed in a future version. Use Timestamp.now('UTC') instead.
  return pd.Timestamp.utcnow().tz_localize(None) + pd.Timedelta(hours=BROKER_WALLCLOCK_OFFSET_HOURS)
[2026-05-27 13:05:01 BROKER] cycle | {'bars_m5': 599, 'bars_h1': 250, 'bars_d1': 120, 'last_bar_time': '2026-05-27 13:00:00', 'data_age_min': 5.0, 'signal': False, 'risk_per_trade': 0.005, 'weight': 0.25, 'diag': {'n_m5': 599, 'n_h1': 250, 'n_d1': 120, 'bar_time': '2026-05-27 13:00:00', 'open': 1.60964, 'high': 1.60967, 'low': 1.60949, 'close': 1.60954, 'volume': 389.0, 'trend_dir': 1, 'h1_trend': 1, 'd1_trend': 1, 'h1_rsi': 68.432, 'in_session': False, 'atr_ok': True, 'adx_ok': True, 'ema20': 1.609667, 'rsi': 48.642, 'atr': 0.000319, 'adx': 28.978, 'bb_up': 1.610209, 'bb_lo': 1.609374, 'f_bb': 0, 'f_ema': -1, 'f_rsi': 0, 'f_candle': 0, 'f_rsiR': 0, 'f_macd': -1, 'f_stoch': 0, 'f_vol': 0, 'signal_dir': 0, 'h1_topped_from_m5': 1, 'd1_topped_from_m5': 1}}
C:\Users\Administrator\Desktop\tob\ema-h1trend\mt5\run_multi_scalper.py:179: Pandas4Warning: Timestamp.utcnow is deprecated and will be removed in a future version. Use Timestamp.now('UTC') instead.
  return pd.Timestamp.utcnow().tz_localize(None) + pd.Timedelta(hours=BROKER_WALLCLOCK_OFFSET_HOURS)
[portfolio] cycle_complete: symbols=4 signals=0 placed=0 skipped=0 elapsed_s=0.67 per_symbol=[{'symbol': 'XAUUSD', 'signal': False}, {'symbol': 'GBPUSD', 'signal': False}, {'symbol': 'GBPCAD', 'signal': False}, {'symbol': 'EURCAD', 'signal': False}]
  → sleeping 299s until next M5 close ...
[2026-05-27 13:10:00 BROKER] cycle | {'bars_m5': 599, 'bars_h1': 250, 'bars_d1': 120, 'last_bar_time': '2026-05-27 13:05:00', 'data_age_min': 5.0, 'signal': False, 'risk_per_trade': 0.005, 'weight': 0.25, 'diag': {'n_m5': 599, 'n_h1': 250, 'n_d1': 120, 'bar_time': '2026-05-27 13:05:00', 'open': 4486.38, 'high': 4489.06, 'low': 4486.22, 'close': 4487.1, 'volume': 699.0, 'trend_dir': -1, 'h1_trend': -1, 'd1_trend': -1, 'h1_rsi': 40.07, 'in_session': False, 'atr_ok': True, 'adx_ok': True, 'ema20': 4490.114788, 'rsi': 44.249, 'atr': 3.53755, 'adx': 12.887, 'bb_up': 4498.570088, 'bb_lo': 4485.028912, 'f_bb': 0, 'f_ema': -1, 'f_rsi': 0, 'f_candle': 0, 'f_rsiR': 0, 'f_macd': -1, 'f_stoch': 0, 'f_vol': 0, 'signal_dir': 0, 'h1_topped_from_m5': 1, 'd1_topped_from_m5': 1}}
C:\Users\Administrator\Desktop\tob\ema-h1trend\mt5\run_multi_scalper.py:179: Pandas4Warning: Timestamp.utcnow is deprecated and will be removed in a future version. Use Timestamp.now('UTC') instead.
  return pd.Timestamp.utcnow().tz_localize(None) + pd.Timedelta(hours=BROKER_WALLCLOCK_OFFSET_HOURS)
[2026-05-27 13:10:00 BROKER] cycle | {'bars_m5': 599, 'bars_h1': 250, 'bars_d1': 120, 'last_bar_time': '2026-05-27 13:05:00', 'data_age_min': 5.0, 'signal': False, 'risk_per_trade': 0.005, 'weight': 0.25, 'diag': {'n_m5': 599, 'n_h1': 250, 'n_d1': 120, 'bar_time': '2026-05-27 13:05:00', 'open': 1.3444, 'high': 1.34457, 'low': 1.34435, 'close': 1.34447, 'volume': 223.0, 'trend_dir': -1, 'h1_trend': -1, 'd1_trend': -1, 'h1_rsi': 40.237, 'in_session': False, 'atr_ok': True, 'adx_ok': True, 'ema20': 1.344641, 'rsi': 45.651, 'atr': 0.000314, 'adx': 16.374, 'bb_up': 1.345095, 'bb_lo': 1.344174, 'f_bb': 0, 'f_ema': -1, 'f_rsi': 0, 'f_candle': 0, 'f_rsiR': 0, 'f_macd': -1, 'f_stoch': 0, 'f_vol': 0, 'signal_dir': 0, 'h1_topped_from_m5': 1, 'd1_topped_from_m5': 1}}
C:\Users\Administrator\Desktop\tob\ema-h1trend\mt5\run_multi_scalper.py:179: Pandas4Warning: Timestamp.utcnow is deprecated and will be removed in a future version. Use Timestamp.now('UTC') instead.
  return pd.Timestamp.utcnow().tz_localize(None) + pd.Timedelta(hours=BROKER_WALLCLOCK_OFFSET_HOURS)
[2026-05-27 13:10:00 BROKER] cycle | {'bars_m5': 599, 'bars_h1': 250, 'bars_d1': 120, 'last_bar_time': '2026-05-27 13:05:00', 'data_age_min': 5.0, 'signal': False, 'risk_per_trade': 0.005, 'weight': 0.25, 'diag': {'n_m5': 599, 'n_h1': 250, 'n_d1': 120, 'bar_time': '2026-05-27 13:05:00', 'open': 1.85852, 'high': 1.85868, 'low': 1.85843, 'close': 1.8586399999999998, 'volume': 434.0, 'trend_dir': 1, 'h1_trend': 1, 'd1_trend': 1, 'h1_rsi': 50.63, 'in_session': False, 'atr_ok': True, 'adx_ok': True, 'ema20': 1.8588, 'rsi': 47.753, 'atr': 0.000439, 'adx': 20.668, 'bb_up': 1.859575, 'bb_lo': 1.858235, 'f_bb': 0, 'f_ema': -1, 'f_rsi': 0, 'f_candle': 0, 'f_rsiR': 0, 'f_macd': -1, 'f_stoch': 1, 'f_vol': 0, 'signal_dir': 0, 'h1_topped_from_m5': 1, 'd1_topped_from_m5': 1}}
[2026-05-27 13:10:00 BROKER] mt5_connected | {'state': 'healthy', 'periodic': True, 'connected': True, 'trade_allowed': True, 'ping_ms': 16980}
C:\Users\Administrator\Desktop\tob\ema-h1trend\mt5\run_multi_scalper.py:179: Pandas4Warning: Timestamp.utcnow is deprecated and will be removed in a future version. Use Timestamp.now('UTC') instead.
  return pd.Timestamp.utcnow().tz_localize(None) + pd.Timedelta(hours=BROKER_WALLCLOCK_OFFSET_HOURS)
[2026-05-27 13:10:01 BROKER] cycle | {'bars_m5': 599, 'bars_h1': 250, 'bars_d1': 120, 'last_bar_time': '2026-05-27 13:05:00', 'data_age_min': 5.0, 'signal': False, 'risk_per_trade': 0.005, 'weight': 0.25, 'diag': {'n_m5': 599, 'n_h1': 250, 'n_d1': 120, 'bar_time': '2026-05-27 13:05:00', 'open': 1.60954, 'high': 1.60965, 'low': 1.6094, 'close': 1.60961, 'volume': 340.0, 'trend_dir': 1, 'h1_trend': 1, 'd1_trend': 1, 'h1_rsi': 69.23, 'in_session': False, 'atr_ok': True, 'adx_ok': True, 'ema20': 1.609662, 'rsi': 50.218, 'atr': 0.00031, 'adx': 27.502, 'bb_up': 1.61018, 'bb_lo': 1.609361, 'f_bb': 0, 'f_ema': -1, 'f_rsi': 0, 'f_candle': 0, 'f_rsiR': 0, 'f_macd': -1, 'f_stoch': 0, 'f_vol': 0, 'signal_dir': 0, 'h1_topped_from_m5': 1, 'd1_topped_from_m5': 1}}
C:\Users\Administrator\Desktop\tob\ema-h1trend\mt5\run_multi_scalper.py:179: Pandas4Warning: Timestamp.utcnow is deprecated and will be removed in a future version. Use Timestamp.now('UTC') instead.
  return pd.Timestamp.utcnow().tz_localize(None) + pd.Timedelta(hours=BROKER_WALLCLOCK_OFFSET_HOURS)
[portfolio] cycle_complete: symbols=4 signals=0 placed=0 skipped=0 elapsed_s=0.62 per_symbol=[{'symbol': 'XAUUSD', 'signal': False}, {'symbol': 'GBPUSD', 'signal': False}, {'symbol': 'GBPCAD', 'signal': False}, {'symbol': 'EURCAD', 'signal': False}]
  → sleeping 299s until next M5 close ...
[2026-05-27 13:15:00 BROKER] cycle | {'bars_m5': 599, 'bars_h1': 250, 'bars_d1': 120, 'last_bar_time': '2026-05-27 13:10:00', 'data_age_min': 5.0, 'signal': False, 'risk_per_trade': 0.005, 'weight': 0.25, 'diag': {'n_m5': 599, 'n_h1': 250, 'n_d1': 120, 'bar_time': '2026-05-27 13:10:00', 'open': 4487.09, 'high': 4487.68, 'low': 4484.42, 'close': 4485.48, 'volume': 670.0, 'trend_dir': -1, 'h1_trend': -1, 'd1_trend': -1, 'h1_rsi': 39.505, 'in_session': False, 'atr_ok': True, 'adx_ok': True, 'ema20': 4489.67338, 'rsi': 41.762, 'atr': 3.500543, 'adx': 13.446, 'bb_up': 4498.85397, 'bb_lo': 4484.43303, 'f_bb': 1, 'f_ema': 0, 'f_rsi': 0, 'f_candle': 0, 'f_rsiR': 0, 'f_macd': -1, 'f_stoch': 0, 'f_vol': 0, 'signal_dir': 0, 'h1_topped_from_m5': 1, 'd1_topped_from_m5': 1}}
C:\Users\Administrator\Desktop\tob\ema-h1trend\mt5\run_multi_scalper.py:179: Pandas4Warning: Timestamp.utcnow is deprecated and will be removed in a future version. Use Timestamp.now('UTC') instead.
  return pd.Timestamp.utcnow().tz_localize(None) + pd.Timedelta(hours=BROKER_WALLCLOCK_OFFSET_HOURS)
[2026-05-27 13:15:00 BROKER] cycle | {'bars_m5': 599, 'bars_h1': 250, 'bars_d1': 120, 'last_bar_time': '2026-05-27 13:10:00', 'data_age_min': 5.0, 'signal': False, 'risk_per_trade': 0.005, 'weight': 0.25, 'diag': {'n_m5': 599, 'n_h1': 250, 'n_d1': 120, 'bar_time': '2026-05-27 13:10:00', 'open': 1.34447, 'high': 1.34448, 'low': 1.34422, 'close': 1.34428, 'volume': 244.0, 'trend_dir': -1, 'h1_trend': -1, 'd1_trend': -1, 'h1_rsi': 38.885, 'in_session': False, 'atr_ok': True, 'adx_ok': True, 'ema20': 1.344606, 'rsi': 42.013, 'atr': 0.000307, 'adx': 15.597, 'bb_up': 1.345107, 'bb_lo': 1.344137, 'f_bb': 0, 'f_ema': 0, 'f_rsi': 0, 'f_candle': -1, 'f_rsiR': 0, 'f_macd': -1, 'f_stoch': 0, 'f_vol': 0, 'signal_dir': 0, 'h1_topped_from_m5': 1, 'd1_topped_from_m5': 1}}
C:\Users\Administrator\Desktop\tob\ema-h1trend\mt5\run_multi_scalper.py:179: Pandas4Warning: Timestamp.utcnow is deprecated and will be removed in a future version. Use Timestamp.now('UTC') instead.
  return pd.Timestamp.utcnow().tz_localize(None) + pd.Timedelta(hours=BROKER_WALLCLOCK_OFFSET_HOURS)
[2026-05-27 13:15:00 BROKER] cycle | {'bars_m5': 599, 'bars_h1': 250, 'bars_d1': 120, 'last_bar_time': '2026-05-27 13:10:00', 'data_age_min': 5.0, 'signal': False, 'risk_per_trade': 0.005, 'weight': 0.25, 'diag': {'n_m5': 599, 'n_h1': 250, 'n_d1': 120, 'bar_time': '2026-05-27 13:10:00', 'open': 1.85863, 'high': 1.85881, 'low': 1.85827, 'close': 1.85849, 'volume': 419.0, 'trend_dir': 0, 'h1_trend': -1, 'd1_trend': 1, 'h1_rsi': 49.598, 'in_session': False, 'atr_ok': True, 'adx_ok': True, 'ema20': 1.85877, 'rsi': 45.499, 'atr': 0.000452, 'adx': 19.397, 'bb_up': 1.859582, 'bb_lo': 1.858215, 'f_bb': 0, 'f_ema': -1, 'f_rsi': 0, 'f_candle': 0, 'f_rsiR': 0, 'f_macd': -1, 'f_stoch': 0, 'f_vol': 0, 'signal_dir': 0, 'h1_topped_from_m5': 1, 'd1_topped_from_m5': 1}}
C:\Users\Administrator\Desktop\tob\ema-h1trend\mt5\run_multi_scalper.py:179: Pandas4Warning: Timestamp.utcnow is deprecated and will be removed in a future version. Use Timestamp.now('UTC') instead.
  return pd.Timestamp.utcnow().tz_localize(None) + pd.Timedelta(hours=BROKER_WALLCLOCK_OFFSET_HOURS)
[2026-05-27 13:15:01 BROKER] cycle | {'bars_m5': 599, 'bars_h1': 250, 'bars_d1': 120, 'last_bar_time': '2026-05-27 13:10:00', 'data_age_min': 5.0, 'signal': False, 'risk_per_trade': 0.005, 'weight': 0.25, 'diag': {'n_m5': 599, 'n_h1': 250, 'n_d1': 120, 'bar_time': '2026-05-27 13:10:00', 'open': 1.60961, 'high': 1.6099, 'low': 1.60951, 'close': 1.60975, 'volume': 367.0, 'trend_dir': 1, 'h1_trend': 1, 'd1_trend': 1, 'h1_rsi': 69.996, 'in_session': False, 'atr_ok': True, 'adx_ok': True, 'ema20': 1.60967, 'rsi': 53.303, 'atr': 0.00032, 'adx': 27.027, 'bb_up': 1.610181, 'bb_lo': 1.609366, 'f_bb': 0, 'f_ema': 1, 'f_rsi': 0, 'f_candle': 0, 'f_rsiR': 0, 'f_macd': -1, 'f_stoch': 0, 'f_vol': 0, 'signal_dir': 0, 'h1_topped_from_m5': 1, 'd1_topped_from_m5': 1}}
[portfolio] cycle_complete: symbols=4 signals=0 placed=0 skipped=0 elapsed_s=0.65 per_symbol=[{'symbol': 'XAUUSD', 'signal': False}, {'symbol': 'GBPUSD', 'signal': False}, {'symbol': 'GBPCAD', 'signal': False}, {'symbol': 'EURCAD', 'signal': False}]
  → sleeping 299s until next M5 close ...
[2026-05-27 13:20:00 BROKER] heartbeat | {'uptime_s': 16045.1, 'mt5_connected': True, 'mt5_trade_allowed': True, 'tracked_pendings': 0, 'open_positions': 0, 'cooldown_active': False, 'cooldown_remaining_s': 0.0, 'balance': 980.2, 'equity': 980.2}
C:\Users\Administrator\Desktop\tob\ema-h1trend\mt5\run_multi_scalper.py:179: Pandas4Warning: Timestamp.utcnow is deprecated and will be removed in a future version. Use Timestamp.now('UTC') instead.
  return pd.Timestamp.utcnow().tz_localize(None) + pd.Timedelta(hours=BROKER_WALLCLOCK_OFFSET_HOURS)
[2026-05-27 13:20:00 BROKER] cycle | {'bars_m5': 599, 'bars_h1': 250, 'bars_d1': 120, 'last_bar_time': '2026-05-27 13:15:00', 'data_age_min': 5.0, 'signal': False, 'risk_per_trade': 0.005, 'weight': 0.25, 'diag': {'n_m5': 599, 'n_h1': 250, 'n_d1': 120, 'bar_time': '2026-05-27 13:15:00', 'open': 4485.42, 'high': 4486.35, 'low': 4479.81, 'close': 4479.96, 'volume': 756.0, 'trend_dir': -1, 'h1_trend': -1, 'd1_trend': -1, 'h1_rsi': 37.694, 'in_session': False, 'atr_ok': True, 'adx_ok': True, 'ema20': 4488.748296, 'rsi': 34.621, 'atr': 3.905804, 'adx': 14.87, 'bb_up': 4499.876224, 'bb_lo': 4482.129776, 'f_bb': 1, 'f_ema': 0, 'f_rsi': 0, 'f_candle': 0, 'f_rsiR': 0, 'f_macd': -1, 'f_stoch': 0, 'f_vol': 0, 'signal_dir': 0, 'h1_topped_from_m5': 1, 'd1_topped_from_m5': 1}}
[2026-05-27 13:20:00 BROKER] heartbeat | {'uptime_s': 16045.1, 'mt5_connected': True, 'mt5_trade_allowed': True, 'tracked_pendings': 0, 'open_positions': 0, 'cooldown_active': False, 'cooldown_remaining_s': 0.0, 'balance': 980.2, 'equity': 980.2}
C:\Users\Administrator\Desktop\tob\ema-h1trend\mt5\run_multi_scalper.py:179: Pandas4Warning: Timestamp.utcnow is deprecated and will be removed in a future version. Use Timestamp.now('UTC') instead.
  return pd.Timestamp.utcnow().tz_localize(None) + pd.Timedelta(hours=BROKER_WALLCLOCK_OFFSET_HOURS)
[2026-05-27 13:20:00 BROKER] cycle | {'bars_m5': 599, 'bars_h1': 250, 'bars_d1': 120, 'last_bar_time': '2026-05-27 13:15:00', 'data_age_min': 5.0, 'signal': False, 'risk_per_trade': 0.005, 'weight': 0.25, 'diag': {'n_m5': 599, 'n_h1': 250, 'n_d1': 120, 'bar_time': '2026-05-27 13:15:00', 'open': 1.34428, 'high': 1.34428, 'low': 1.34387, 'close': 1.34388, 'volume': 251.0, 'trend_dir': -1, 'h1_trend': -1, 'd1_trend': -1, 'h1_rsi': 36.316, 'in_session': False, 'atr_ok': True, 'adx_ok': True, 'ema20': 1.344537, 'rsi': 35.585, 'atr': 0.000321, 'adx': 15.354, 'bb_up': 1.345175, 'bb_lo': 1.344025, 'f_bb': 1, 'f_ema': 0, 'f_rsi': 0, 'f_candle': 0, 'f_rsiR': 0, 'f_macd': -1, 'f_stoch': 0, 'f_vol': 0, 'signal_dir': 0, 'h1_topped_from_m5': 1, 'd1_topped_from_m5': 1}}
[2026-05-27 13:20:00 BROKER] heartbeat | {'uptime_s': 16045.1, 'mt5_connected': True, 'mt5_trade_allowed': True, 'tracked_pendings': 0, 'open_positions': 0, 'cooldown_active': False, 'cooldown_remaining_s': 0.0, 'balance': 980.2, 'equity': 980.2}
C:\Users\Administrator\Desktop\tob\ema-h1trend\mt5\run_multi_scalper.py:179: Pandas4Warning: Timestamp.utcnow is deprecated and will be removed in a future version. Use Timestamp.now('UTC') instead.
  return pd.Timestamp.utcnow().tz_localize(None) + pd.Timedelta(hours=BROKER_WALLCLOCK_OFFSET_HOURS)
[2026-05-27 13:20:01 BROKER] cycle | {'bars_m5': 599, 'bars_h1': 250, 'bars_d1': 120, 'last_bar_time': '2026-05-27 13:15:00', 'data_age_min': 5.0, 'signal': False, 'risk_per_trade': 0.005, 'weight': 0.25, 'diag': {'n_m5': 599, 'n_h1': 250, 'n_d1': 120, 'bar_time': '2026-05-27 13:15:00', 'open': 1.85846, 'high': 1.8585099999999999, 'low': 1.85816, 'close': 1.85819, 'volume': 471.0, 'trend_dir': 0, 'h1_trend': -1, 'd1_trend': 1, 'h1_rsi': 47.606, 'in_session': False, 'atr_ok': True, 'adx_ok': True, 'ema20': 1.858715, 'rsi': 41.3, 'atr': 0.000438, 'adx': 18.093, 'bb_up': 1.859608, 'bb_lo': 1.85817, 'f_bb': 1, 'f_ema': 0, 'f_rsi': 0, 'f_candle': 0, 'f_rsiR': 0, 'f_macd': -1, 'f_stoch': 0, 'f_vol': 0, 'signal_dir': 0, 'h1_topped_from_m5': 1, 'd1_topped_from_m5': 1}}
[2026-05-27 13:20:01 BROKER] heartbeat | {'uptime_s': 16045.2, 'mt5_connected': True, 'mt5_trade_allowed': True, 'tracked_pendings': 0, 'open_positions': 0, 'cooldown_active': False, 'cooldown_remaining_s': 0.0, 'balance': 980.2, 'equity': 980.2}
[2026-05-27 13:20:01 BROKER] mt5_connected | {'state': 'healthy', 'periodic': True, 'connected': True, 'trade_allowed': True, 'ping_ms': 16980}
C:\Users\Administrator\Desktop\tob\ema-h1trend\mt5\run_multi_scalper.py:179: Pandas4Warning: Timestamp.utcnow is deprecated and will be removed in a future version. Use Timestamp.now('UTC') instead.
  return pd.Timestamp.utcnow().tz_localize(None) + pd.Timedelta(hours=BROKER_WALLCLOCK_OFFSET_HOURS)
[2026-05-27 13:20:01 BROKER] cycle | {'bars_m5': 599, 'bars_h1': 250, 'bars_d1': 120, 'last_bar_time': '2026-05-27 13:15:00', 'data_age_min': 5.0, 'signal': False, 'risk_per_trade': 0.005, 'weight': 0.25, 'diag': {'n_m5': 599, 'n_h1': 250, 'n_d1': 120, 'bar_time': '2026-05-27 13:15:00', 'open': 1.60975, 'high': 1.60985, 'low': 1.60957, 'close': 1.60957, 'volume': 359.0, 'trend_dir': 1, 'h1_trend': 1, 'd1_trend': 1, 'h1_rsi': 68.772, 'in_session': False, 'atr_ok': True, 'adx_ok': True, 'ema20': 1.609661, 'rsi': 49.091, 'atr': 0.000315, 'adx': 26.586, 'bb_up': 1.610184, 'bb_lo': 1.609349, 'f_bb': 0, 'f_ema': -1, 'f_rsi': 0, 'f_candle': -1, 'f_rsiR': 0, 'f_macd': -1, 'f_stoch': 0, 'f_vol': 0, 'signal_dir': 0, 'h1_topped_from_m5': 1, 'd1_topped_from_m5': 1}}
C:\Users\Administrator\Desktop\tob\ema-h1trend\mt5\run_multi_scalper.py:179: Pandas4Warning: Timestamp.utcnow is deprecated and will be removed in a future version. Use Timestamp.now('UTC') instead.
  return pd.Timestamp.utcnow().tz_localize(None) + pd.Timedelta(hours=BROKER_WALLCLOCK_OFFSET_HOURS)
[portfolio] cycle_complete: symbols=4 signals=0 placed=0 skipped=0 elapsed_s=0.69 per_symbol=[{'symbol': 'XAUUSD', 'signal': False}, {'symbol': 'GBPUSD', 'signal': False}, {'symbol': 'GBPCAD', 'signal': False}, {'symbol': 'EURCAD', 'signal': False}]
  → sleeping 299s until next M5 close ...
[2026-05-27 13:25:00 BROKER] cycle | {'bars_m5': 599, 'bars_h1': 250, 'bars_d1': 120, 'last_bar_time': '2026-05-27 13:20:00', 'data_age_min': 5.0, 'signal': False, 'risk_per_trade': 0.005, 'weight': 0.25, 'diag': {'n_m5': 599, 'n_h1': 250, 'n_d1': 120, 'bar_time': '2026-05-27 13:20:00', 'open': 4479.96, 'high': 4481.12, 'low': 4478.02, 'close': 4479.84, 'volume': 767.0, 'trend_dir': -1, 'h1_trend': -1, 'd1_trend': -1, 'h1_rsi': 37.656, 'in_session': False, 'atr_ok': True, 'adx_ok': True, 'ema20': 4487.899887, 'rsi': 34.482, 'atr': 3.798363, 'adx': 16.49, 'bb_up': 4500.004864, 'bb_lo': 4480.364136, 'f_bb': 1, 'f_ema': 0, 'f_rsi': 0, 'f_candle': 0, 'f_rsiR': 0, 'f_macd': -1, 'f_stoch': 1, 'f_vol': 0, 'signal_dir': 0, 'h1_topped_from_m5': 1, 'd1_topped_from_m5': 1}}
C:\Users\Administrator\Desktop\tob\ema-h1trend\mt5\run_multi_scalper.py:179: Pandas4Warning: Timestamp.utcnow is deprecated and will be removed in a future version. Use Timestamp.now('UTC') instead.
  return pd.Timestamp.utcnow().tz_localize(None) + pd.Timedelta(hours=BROKER_WALLCLOCK_OFFSET_HOURS)
[2026-05-27 13:25:00 BROKER] cycle | {'bars_m5': 599, 'bars_h1': 250, 'bars_d1': 120, 'last_bar_time': '2026-05-27 13:20:00', 'data_age_min': 5.0, 'signal': False, 'risk_per_trade': 0.005, 'weight': 0.25, 'diag': {'n_m5': 599, 'n_h1': 250, 'n_d1': 120, 'bar_time': '2026-05-27 13:20:00', 'open': 1.34388, 'high': 1.34396, 'low': 1.34366, 'close': 1.3437999999999999, 'volume': 248.0, 'trend_dir': -1, 'h1_trend': -1, 'd1_trend': -1, 'h1_rsi': 35.842, 'in_session': False, 'atr_ok': True, 'adx_ok': True, 'ema20': 1.344467, 'rsi': 34.449, 'atr': 0.000318, 'adx': 15.741, 'bb_up': 1.345241, 'bb_lo': 1.343886, 'f_bb': 1, 'f_ema': 0, 'f_rsi': 0, 'f_candle': 0, 'f_rsiR': 0, 'f_macd': -1, 'f_stoch': 1, 'f_vol': 0, 'signal_dir': 0, 'h1_topped_from_m5': 1, 'd1_topped_from_m5': 1}}
C:\Users\Administrator\Desktop\tob\ema-h1trend\mt5\run_multi_scalper.py:179: Pandas4Warning: Timestamp.utcnow is deprecated and will be removed in a future version. Use Timestamp.now('UTC') instead.
  return pd.Timestamp.utcnow().tz_localize(None) + pd.Timedelta(hours=BROKER_WALLCLOCK_OFFSET_HOURS)
[2026-05-27 13:25:00 BROKER] cycle | {'bars_m5': 599, 'bars_h1': 250, 'bars_d1': 120, 'last_bar_time': '2026-05-27 13:20:00', 'data_age_min': 5.0, 'signal': False, 'risk_per_trade': 0.005, 'weight': 0.25, 'diag': {'n_m5': 599, 'n_h1': 250, 'n_d1': 120, 'bar_time': '2026-05-27 13:20:00', 'open': 1.85818, 'high': 1.8584399999999999, 'low': 1.85811, 'close': 1.85832, 'volume': 386.0, 'trend_dir': 0, 'h1_trend': -1, 'd1_trend': 1, 'h1_rsi': 48.449, 'in_session': False, 'atr_ok': True, 'adx_ok': True, 'ema20': 1.858677, 'rsi': 43.723, 'atr': 0.000424, 'adx': 17.015, 'bb_up': 1.859616, 'bb_lo': 1.858096, 'f_bb': 0, 'f_ema': 0, 'f_rsi': 0, 'f_candle': 0, 'f_rsiR': 0, 'f_macd': -1, 'f_stoch': 1, 'f_vol': 0, 'signal_dir': 0, 'h1_topped_from_m5': 1, 'd1_topped_from_m5': 1}}
C:\Users\Administrator\Desktop\tob\ema-h1trend\mt5\run_multi_scalper.py:179: Pandas4Warning: Timestamp.utcnow is deprecated and will be removed in a future version. Use Timestamp.now('UTC') instead.
  return pd.Timestamp.utcnow().tz_localize(None) + pd.Timedelta(hours=BROKER_WALLCLOCK_OFFSET_HOURS)
[2026-05-27 13:25:01 BROKER] cycle | {'bars_m5': 599, 'bars_h1': 250, 'bars_d1': 120, 'last_bar_time': '2026-05-27 13:20:00', 'data_age_min': 5.0, 'signal': False, 'risk_per_trade': 0.005, 'weight': 0.25, 'diag': {'n_m5': 599, 'n_h1': 250, 'n_d1': 120, 'bar_time': '2026-05-27 13:20:00', 'open': 1.60957, 'high': 1.60967, 'low': 1.60922, 'close': 1.60948, 'volume': 332.0, 'trend_dir': 1, 'h1_trend': 1, 'd1_trend': 1, 'h1_rsi': 67.763, 'in_session': False, 'atr_ok': True, 'adx_ok': True, 'ema20': 1.609643, 'rsi': 47.087, 'atr': 0.000333, 'adx': 24.766, 'bb_up': 1.610127, 'bb_lo': 1.609339, 'f_bb': 1, 'f_ema': -1, 'f_rsi': 0, 'f_candle': 0, 'f_rsiR': 0, 'f_macd': -1, 'f_stoch': 0, 'f_vol': 0, 'signal_dir': 0, 'h1_topped_from_m5': 1, 'd1_topped_from_m5': 1}}
C:\Users\Administrator\Desktop\tob\ema-h1trend\mt5\run_multi_scalper.py:179: Pandas4Warning: Timestamp.utcnow is deprecated and will be removed in a future version. Use Timestamp.now('UTC') instead.
  return pd.Timestamp.utcnow().tz_localize(None) + pd.Timedelta(hours=BROKER_WALLCLOCK_OFFSET_HOURS)
[portfolio] cycle_complete: symbols=4 signals=0 placed=0 skipped=0 elapsed_s=0.59 per_symbol=[{'symbol': 'XAUUSD', 'signal': False}, {'symbol': 'GBPUSD', 'signal': False}, {'symbol': 'GBPCAD', 'signal': False}, {'symbol': 'EURCAD', 'signal': False}]
  → sleeping 299s until next M5 close ...
[2026-05-27 13:30:00 BROKER] cycle | {'bars_m5': 599, 'bars_h1': 250, 'bars_d1': 120, 'last_bar_time': '2026-05-27 13:25:00', 'data_age_min': 5.0, 'signal': False, 'risk_per_trade': 0.005, 'weight': 0.25, 'diag': {'n_m5': 599, 'n_h1': 250, 'n_d1': 120, 'bar_time': '2026-05-27 13:25:00', 'open': 4479.86, 'high': 4480.02, 'low': 4476.38, 'close': 4476.96, 'volume': 898.0, 'trend_dir': -1, 'h1_trend': -1, 'd1_trend': -1, 'h1_rsi': 36.777, 'in_session': False, 'atr_ok': True, 'adx_ok': True, 'ema20': 4486.857993, 'rsi': 31.261, 'atr': 3.777248, 'adx': 18.254, 'bb_up': 4500.198415, 'bb_lo': 4478.215585, 'f_bb': 1, 'f_ema': 0, 'f_rsi': 0, 'f_candle': 0, 'f_rsiR': 0, 'f_macd': -1, 'f_stoch': 0, 'f_vol': 0, 'signal_dir': 0, 'h1_topped_from_m5': 1, 'd1_topped_from_m5': 1}}
C:\Users\Administrator\Desktop\tob\ema-h1trend\mt5\run_multi_scalper.py:179: Pandas4Warning: Timestamp.utcnow is deprecated and will be removed in a future version. Use Timestamp.now('UTC') instead.
  return pd.Timestamp.utcnow().tz_localize(None) + pd.Timedelta(hours=BROKER_WALLCLOCK_OFFSET_HOURS)
[2026-05-27 13:30:00 BROKER] cycle | {'bars_m5': 599, 'bars_h1': 250, 'bars_d1': 120, 'last_bar_time': '2026-05-27 13:25:00', 'data_age_min': 5.0, 'signal': False, 'risk_per_trade': 0.005, 'weight': 0.25, 'diag': {'n_m5': 599, 'n_h1': 250, 'n_d1': 120, 'bar_time': '2026-05-27 13:25:00', 'open': 1.34379, 'high': 1.3439, 'low': 1.34354, 'close': 1.34368, 'volume': 255.0, 'trend_dir': -1, 'h1_trend': -1, 'd1_trend': -1, 'h1_rsi': 35.155, 'in_session': False, 'atr_ok': True, 'adx_ok': True, 'ema20': 1.344392, 'rsi': 32.761, 'atr': 0.000324, 'adx': 16.421, 'bb_up': 1.34531, 'bb_lo': 1.34375, 'f_bb': 1, 'f_ema': 0, 'f_rsi': 0, 'f_candle': 0, 'f_rsiR': 0, 'f_macd': -1, 'f_stoch': 0, 'f_vol': 0, 'signal_dir': 0, 'h1_topped_from_m5': 1, 'd1_topped_from_m5': 1}}
C:\Users\Administrator\Desktop\tob\ema-h1trend\mt5\run_multi_scalper.py:179: Pandas4Warning: Timestamp.utcnow is deprecated and will be removed in a future version. Use Timestamp.now('UTC') instead.
  return pd.Timestamp.utcnow().tz_localize(None) + pd.Timedelta(hours=BROKER_WALLCLOCK_OFFSET_HOURS)
[2026-05-27 13:30:00 BROKER] cycle | {'bars_m5': 599, 'bars_h1': 250, 'bars_d1': 120, 'last_bar_time': '2026-05-27 13:25:00', 'data_age_min': 5.0, 'signal': False, 'risk_per_trade': 0.005, 'weight': 0.25, 'diag': {'n_m5': 599, 'n_h1': 250, 'n_d1': 120, 'bar_time': '2026-05-27 13:25:00', 'open': 1.85832, 'high': 1.85843, 'low': 1.8580100000000002, 'close': 1.85806, 'volume': 399.0, 'trend_dir': 0, 'h1_trend': -1, 'd1_trend': 1, 'h1_rsi': 46.792, 'in_session': False, 'atr_ok': True, 'adx_ok': True, 'ema20': 1.858619, 'rsi': 40.152, 'atr': 0.000423, 'adx': 16.283, 'bb_up': 1.859652, 'bb_lo': 1.857975, 'f_bb': 0, 'f_ema': 0, 'f_rsi': 0, 'f_candle': -1, 'f_rsiR': 0, 'f_macd': -1, 'f_stoch': 0, 'f_vol': 0, 'signal_dir': 0, 'h1_topped_from_m5': 1, 'd1_topped_from_m5': 1}}
C:\Users\Administrator\Desktop\tob\ema-h1trend\mt5\run_multi_scalper.py:179: Pandas4Warning: Timestamp.utcnow is deprecated and will be removed in a future version. Use Timestamp.now('UTC') instead.
  return pd.Timestamp.utcnow().tz_localize(None) + pd.Timedelta(hours=BROKER_WALLCLOCK_OFFSET_HOURS)
[2026-05-27 13:30:01 BROKER] cycle | {'bars_m5': 599, 'bars_h1': 250, 'bars_d1': 120, 'last_bar_time': '2026-05-27 13:25:00', 'data_age_min': 5.0, 'signal': False, 'risk_per_trade': 0.005, 'weight': 0.25, 'diag': {'n_m5': 599, 'n_h1': 250, 'n_d1': 120, 'bar_time': '2026-05-27 13:25:00', 'open': 1.60948, 'high': 1.60953, 'low': 1.60918, 'close': 1.6092300000000002, 'volume': 356.0, 'trend_dir': 1, 'h1_trend': 1, 'd1_trend': 1, 'h1_rsi': 65.109, 'in_session': False, 'atr_ok': True, 'adx_ok': True, 'ema20': 1.609604, 'rsi': 41.963, 'atr': 0.000335, 'adx': 23.231, 'bb_up': 1.610145, 'bb_lo': 1.609254, 'f_bb': 1, 'f_ema': -1, 'f_rsi': 0, 'f_candle': 0, 'f_rsiR': 0, 'f_macd': -1, 'f_stoch': 0, 'f_vol': 0, 'signal_dir': 0, 'h1_topped_from_m5': 1, 'd1_topped_from_m5': 1}}
[portfolio] cycle_complete: symbols=4 signals=0 placed=0 skipped=0 elapsed_s=0.65 per_symbol=[{'symbol': 'XAUUSD', 'signal': False}, {'symbol': 'GBPUSD', 'signal': False}, {'symbol': 'GBPCAD', 'signal': False}, {'symbol': 'EURCAD', 'signal': False}]
  → sleeping 299s until next M5 close ...
[2026-05-27 13:35:00 BROKER] heartbeat | {'uptime_s': 16945.1, 'mt5_connected': True, 'mt5_trade_allowed': True, 'tracked_pendings': 0, 'open_positions': 0, 'cooldown_active': False, 'cooldown_remaining_s': 0.0, 'balance': 980.2, 'equity': 980.2}
[2026-05-27 13:35:00 BROKER] mt5_connected | {'state': 'healthy', 'periodic': True, 'connected': True, 'trade_allowed': True, 'ping_ms': 16980}
C:\Users\Administrator\Desktop\tob\ema-h1trend\mt5\run_multi_scalper.py:179: Pandas4Warning: Timestamp.utcnow is deprecated and will be removed in a future version. Use Timestamp.now('UTC') instead.
  return pd.Timestamp.utcnow().tz_localize(None) + pd.Timedelta(hours=BROKER_WALLCLOCK_OFFSET_HOURS)
[2026-05-27 13:35:00 BROKER] cycle | {'bars_m5': 599, 'bars_h1': 250, 'bars_d1': 120, 'last_bar_time': '2026-05-27 13:30:00', 'data_age_min': 5.0, 'signal': False, 'risk_per_trade': 0.005, 'weight': 0.25, 'diag': {'n_m5': 599, 'n_h1': 250, 'n_d1': 120, 'bar_time': '2026-05-27 13:30:00', 'open': 4476.95, 'high': 4477.19, 'low': 4472.44, 'close': 4473.82, 'volume': 971.0, 'trend_dir': -1, 'h1_trend': -1, 'd1_trend': -1, 'h1_rsi': 35.865, 'in_session': False, 'atr_ok': True, 'adx_ok': True, 'ema20': 4485.616279, 'rsi': 28.171, 'atr': 3.906948, 'adx': 20.442, 'bb_up': 4500.114047, 'bb_lo': 4475.855953, 'f_bb': 1, 'f_ema': 0, 'f_rsi': 0, 'f_candle': 0, 'f_rsiR': 0, 'f_macd': -1, 'f_stoch': 0, 'f_vol': 0, 'signal_dir': 0, 'h1_topped_from_m5': 1, 'd1_topped_from_m5': 1}}
[2026-05-27 13:35:00 BROKER] heartbeat | {'uptime_s': 16945.1, 'mt5_connected': True, 'mt5_trade_allowed': True, 'tracked_pendings': 0, 'open_positions': 0, 'cooldown_active': False, 'cooldown_remaining_s': 0.0, 'balance': 980.2, 'equity': 980.2}
C:\Users\Administrator\Desktop\tob\ema-h1trend\mt5\run_multi_scalper.py:179: Pandas4Warning: Timestamp.utcnow is deprecated and will be removed in a future version. Use Timestamp.now('UTC') instead.
  return pd.Timestamp.utcnow().tz_localize(None) + pd.Timedelta(hours=BROKER_WALLCLOCK_OFFSET_HOURS)
[2026-05-27 13:35:00 BROKER] cycle | {'bars_m5': 599, 'bars_h1': 250, 'bars_d1': 120, 'last_bar_time': '2026-05-27 13:30:00', 'data_age_min': 5.0, 'signal': False, 'risk_per_trade': 0.005, 'weight': 0.25, 'diag': {'n_m5': 599, 'n_h1': 250, 'n_d1': 120, 'bar_time': '2026-05-27 13:30:00', 'open': 1.34368, 'high': 1.34397, 'low': 1.34356, 'close': 1.34393, 'volume': 295.0, 'trend_dir': -1, 'h1_trend': -1, 'd1_trend': -1, 'h1_rsi': 36.618, 'in_session': False, 'atr_ok': True, 'adx_ok': True, 'ema20': 1.344348, 'rsi': 39.422, 'atr': 0.000335, 'adx': 16.746, 'bb_up': 1.345329, 'bb_lo': 1.343704, 'f_bb': 1, 'f_ema': 0, 'f_rsi': 1, 'f_candle': 1, 'f_rsiR': 1, 'f_macd': -1, 'f_stoch': 0, 'f_vol': 0, 'signal_dir': 0, 'h1_topped_from_m5': 1, 'd1_topped_from_m5': 1}}
[2026-05-27 13:35:00 BROKER] heartbeat | {'uptime_s': 16945.1, 'mt5_connected': True, 'mt5_trade_allowed': True, 'tracked_pendings': 0, 'open_positions': 0, 'cooldown_active': False, 'cooldown_remaining_s': 0.0, 'balance': 980.2, 'equity': 980.2}
C:\Users\Administrator\Desktop\tob\ema-h1trend\mt5\run_multi_scalper.py:179: Pandas4Warning: Timestamp.utcnow is deprecated and will be removed in a future version. Use Timestamp.now('UTC') instead.
  return pd.Timestamp.utcnow().tz_localize(None) + pd.Timedelta(hours=BROKER_WALLCLOCK_OFFSET_HOURS)
[2026-05-27 13:35:00 BROKER] cycle | {'bars_m5': 599, 'bars_h1': 250, 'bars_d1': 120, 'last_bar_time': '2026-05-27 13:30:00', 'data_age_min': 5.0, 'signal': False, 'risk_per_trade': 0.005, 'weight': 0.25, 'diag': {'n_m5': 599, 'n_h1': 250, 'n_d1': 120, 'bar_time': '2026-05-27 13:30:00', 'open': 1.85804, 'high': 1.85879, 'low': 1.8579599999999998, 'close': 1.8587500000000001, 'volume': 556.0, 'trend_dir': 1, 'h1_trend': 1, 'd1_trend': 1, 'h1_rsi': 51.361, 'in_session': False, 'atr_ok': True, 'adx_ok': True, 'ema20': 1.858631, 'rsi': 51.478, 'atr': 0.000478, 'adx': 15.635, 'bb_up': 1.859651, 'bb_lo': 1.857973, 'f_bb': 1, 'f_ema': 1, 'f_rsi': 0, 'f_candle': 1, 'f_rsiR': 0, 'f_macd': -1, 'f_stoch': 0, 'f_vol': 0, 'signal_dir': 0, 'h1_topped_from_m5': 1, 'd1_topped_from_m5': 1}}
[2026-05-27 13:35:00 BROKER] heartbeat | {'uptime_s': 16945.1, 'mt5_connected': True, 'mt5_trade_allowed': True, 'tracked_pendings': 0, 'open_positions': 0, 'cooldown_active': False, 'cooldown_remaining_s': 0.0, 'balance': 980.2, 'equity': 980.2}
C:\Users\Administrator\Desktop\tob\ema-h1trend\mt5\run_multi_scalper.py:179: Pandas4Warning: Timestamp.utcnow is deprecated and will be removed in a future version. Use Timestamp.now('UTC') instead.
  return pd.Timestamp.utcnow().tz_localize(None) + pd.Timedelta(hours=BROKER_WALLCLOCK_OFFSET_HOURS)
[2026-05-27 13:35:01 BROKER] cycle | {'bars_m5': 599, 'bars_h1': 250, 'bars_d1': 120, 'last_bar_time': '2026-05-27 13:30:00', 'data_age_min': 5.0, 'signal': False, 'risk_per_trade': 0.005, 'weight': 0.25, 'diag': {'n_m5': 599, 'n_h1': 250, 'n_d1': 120, 'bar_time': '2026-05-27 13:30:00', 'open': 1.6092300000000002, 'high': 1.6098400000000002, 'low': 1.60917, 'close': 1.60981, 'volume': 438.0, 'trend_dir': 1, 'h1_trend': 1, 'd1_trend': 1, 'h1_rsi': 70.287, 'in_session': False, 'atr_ok': True, 'adx_ok': True, 'ema20': 1.609624, 'rsi': 54.369, 'atr': 0.00038, 'adx': 22.477, 'bb_up': 1.61012, 'bb_lo': 1.609262, 'f_bb': 1, 'f_ema': 1, 'f_rsi': 0, 'f_candle': 1, 'f_rsiR': 0, 'f_macd': -1, 'f_stoch': 0, 'f_vol': 0, 'signal_dir': 0, 'h1_topped_from_m5': 1, 'd1_topped_from_m5': 1}}
C:\Users\Administrator\Desktop\tob\ema-h1trend\mt5\run_multi_scalper.py:179: Pandas4Warning: Timestamp.utcnow is deprecated and will be removed in a future version. Use Timestamp.now('UTC') instead.
  return pd.Timestamp.utcnow().tz_localize(None) + pd.Timedelta(hours=BROKER_WALLCLOCK_OFFSET_HOURS)
[portfolio] cycle_complete: symbols=4 signals=0 placed=0 skipped=0 elapsed_s=0.63 per_symbol=[{'symbol': 'XAUUSD', 'signal': False}, {'symbol': 'GBPUSD', 'signal': False}, {'symbol': 'GBPCAD', 'signal': False}, {'symbol': 'EURCAD', 'signal': False}]
  → sleeping 299s until next M5 close ...
[2026-05-27 13:40:00 BROKER] cycle | {'bars_m5': 599, 'bars_h1': 250, 'bars_d1': 120, 'last_bar_time': '2026-05-27 13:35:00', 'data_age_min': 5.0, 'signal': False, 'risk_per_trade': 0.005, 'weight': 0.25, 'diag': {'n_m5': 599, 'n_h1': 250, 'n_d1': 120, 'bar_time': '2026-05-27 13:35:00', 'open': 4473.75, 'high': 4475.77, 'low': 4462.13, 'close': 4463.79, 'volume': 1288.0, 'trend_dir': -1, 'h1_trend': -1, 'd1_trend': -1, 'h1_rsi': 33.231, 'in_session': False, 'atr_ok': True, 'adx_ok': True, 'ema20': 4483.537586, 'rsi': 21.022, 'atr': 5.204689, 'adx': 23.458, 'bb_up': 4501.687678, 'bb_lo': 4470.871322, 'f_bb': 1, 'f_ema': 0, 'f_rsi': 0, 'f_candle': 0, 'f_rsiR': 0, 'f_macd': -1, 'f_stoch': 1, 'f_vol': -1, 'signal_dir': 0, 'h1_topped_from_m5': 1, 'd1_topped_from_m5': 1}}
C:\Users\Administrator\Desktop\tob\ema-h1trend\mt5\run_multi_scalper.py:179: Pandas4Warning: Timestamp.utcnow is deprecated and will be removed in a future version. Use Timestamp.now('UTC') instead.
  return pd.Timestamp.utcnow().tz_localize(None) + pd.Timedelta(hours=BROKER_WALLCLOCK_OFFSET_HOURS)
[2026-05-27 13:40:00 BROKER] cycle | {'bars_m5': 599, 'bars_h1': 250, 'bars_d1': 120, 'last_bar_time': '2026-05-27 13:35:00', 'data_age_min': 5.0, 'signal': False, 'risk_per_trade': 0.005, 'weight': 0.25, 'diag': {'n_m5': 599, 'n_h1': 250, 'n_d1': 120, 'bar_time': '2026-05-27 13:35:00', 'open': 1.34393, 'high': 1.3440400000000001, 'low': 1.34371, 'close': 1.3437700000000001, 'volume': 258.0, 'trend_dir': -1, 'h1_trend': -1, 'd1_trend': -1, 'h1_rsi': 35.668, 'in_session': False, 'atr_ok': True, 'adx_ok': True, 'ema20': 1.344293, 'rsi': 36.903, 'atr': 0.000335, 'adx': 16.738, 'bb_up': 1.345353, 'bb_lo': 1.343598, 'f_bb': 0, 'f_ema': 0, 'f_rsi': 0, 'f_candle': 0, 'f_rsiR': 1, 'f_macd': -1, 'f_stoch': 0, 'f_vol': 0, 'signal_dir': 0, 'h1_topped_from_m5': 1, 'd1_topped_from_m5': 1}}
C:\Users\Administrator\Desktop\tob\ema-h1trend\mt5\run_multi_scalper.py:179: Pandas4Warning: Timestamp.utcnow is deprecated and will be removed in a future version. Use Timestamp.now('UTC') instead.
  return pd.Timestamp.utcnow().tz_localize(None) + pd.Timedelta(hours=BROKER_WALLCLOCK_OFFSET_HOURS)
[2026-05-27 13:40:00 BROKER] cycle | {'bars_m5': 599, 'bars_h1': 250, 'bars_d1': 120, 'last_bar_time': '2026-05-27 13:35:00', 'data_age_min': 5.0, 'signal': False, 'risk_per_trade': 0.005, 'weight': 0.25, 'diag': {'n_m5': 599, 'n_h1': 250, 'n_d1': 120, 'bar_time': '2026-05-27 13:35:00', 'open': 1.85877, 'high': 1.859, 'low': 1.85876, 'close': 1.8588200000000001, 'volume': 490.0, 'trend_dir': 1, 'h1_trend': 1, 'd1_trend': 1, 'h1_rsi': 51.815, 'in_session': False, 'atr_ok': True, 'adx_ok': True, 'ema20': 1.858649, 'rsi': 52.461, 'atr': 0.000447, 'adx': 15.537, 'bb_up': 1.859609, 'bb_lo': 1.857975, 'f_bb': 0, 'f_ema': 1, 'f_rsi': 0, 'f_candle': 0, 'f_rsiR': 0, 'f_macd': -1, 'f_stoch': 0, 'f_vol': 0, 'signal_dir': 0, 'h1_topped_from_m5': 1, 'd1_topped_from_m5': 1}}
C:\Users\Administrator\Desktop\tob\ema-h1trend\mt5\run_multi_scalper.py:179: Pandas4Warning: Timestamp.utcnow is deprecated and will be removed in a future version. Use Timestamp.now('UTC') instead.
  return pd.Timestamp.utcnow().tz_localize(None) + pd.Timedelta(hours=BROKER_WALLCLOCK_OFFSET_HOURS)
[2026-05-27 13:40:01 BROKER] cycle | {'bars_m5': 599, 'bars_h1': 250, 'bars_d1': 120, 'last_bar_time': '2026-05-27 13:35:00', 'data_age_min': 5.0, 'signal': False, 'risk_per_trade': 0.005, 'weight': 0.25, 'diag': {'n_m5': 599, 'n_h1': 250, 'n_d1': 120, 'bar_time': '2026-05-27 13:35:00', 'open': 1.60981, 'high': 1.60999, 'low': 1.60957, 'close': 1.60962, 'volume': 390.0, 'trend_dir': 1, 'h1_trend': 1, 'd1_trend': 1, 'h1_rsi': 69.345, 'in_session': False, 'atr_ok': True, 'adx_ok': True, 'ema20': 1.609623, 'rsi': 50.556, 'atr': 0.000385, 'adx': 22.241, 'bb_up': 1.610032, 'bb_lo': 1.609296, 'f_bb': 0, 'f_ema': -1, 'f_rsi': 0, 'f_candle': 0, 'f_rsiR': 0, 'f_macd': -1, 'f_stoch': 0, 'f_vol': 0, 'signal_dir': 0, 'h1_topped_from_m5': 1, 'd1_topped_from_m5': 1}}
C:\Users\Administrator\Desktop\tob\ema-h1trend\mt5\run_multi_scalper.py:179: Pandas4Warning: Timestamp.utcnow is deprecated and will be removed in a future version. Use Timestamp.now('UTC') instead.
  return pd.Timestamp.utcnow().tz_localize(None) + pd.Timedelta(hours=BROKER_WALLCLOCK_OFFSET_HOURS)
[portfolio] cycle_complete: symbols=4 signals=0 placed=0 skipped=0 elapsed_s=0.68 per_symbol=[{'symbol': 'XAUUSD', 'signal': False}, {'symbol': 'GBPUSD', 'signal': False}, {'symbol': 'GBPCAD', 'signal': False}, {'symbol': 'EURCAD', 'signal': False}]
  → sleeping 299s until next M5 close ...
[2026-05-27 13:45:00 BROKER] cycle | {'bars_m5': 599, 'bars_h1': 250, 'bars_d1': 120, 'last_bar_time': '2026-05-27 13:40:00', 'data_age_min': 5.0, 'signal': False, 'risk_per_trade': 0.005, 'weight': 0.25, 'diag': {'n_m5': 599, 'n_h1': 250, 'n_d1': 120, 'bar_time': '2026-05-27 13:40:00', 'open': 4463.55, 'high': 4469.96, 'low': 4462.82, 'close': 4465.7, 'volume': 1310.0, 'trend_dir': -1, 'h1_trend': -1, 'd1_trend': -1, 'h1_rsi': 33.702, 'in_session': False, 'atr_ok': True, 'adx_ok': True, 'ema20': 4481.838768, 'rsi': 24.929, 'atr': 5.46273, 'adx': 26.258, 'bb_up': 4502.648758, 'bb_lo': 4467.287242, 'f_bb': 1, 'f_ema': 0, 'f_rsi': 0, 'f_candle': 0, 'f_rsiR': 0, 'f_macd': -1, 'f_stoch': 0, 'f_vol': 1, 'signal_dir': 0, 'h1_topped_from_m5': 1, 'd1_topped_from_m5': 1}}
[2026-05-27 13:45:00 BROKER] mt5_connected | {'state': 'healthy', 'periodic': True, 'connected': True, 'trade_allowed': True, 'ping_ms': 16980}
C:\Users\Administrator\Desktop\tob\ema-h1trend\mt5\run_multi_scalper.py:179: Pandas4Warning: Timestamp.utcnow is deprecated and will be removed in a future version. Use Timestamp.now('UTC') instead.
  return pd.Timestamp.utcnow().tz_localize(None) + pd.Timedelta(hours=BROKER_WALLCLOCK_OFFSET_HOURS)
[2026-05-27 13:45:00 BROKER] cycle | {'bars_m5': 599, 'bars_h1': 250, 'bars_d1': 120, 'last_bar_time': '2026-05-27 13:40:00', 'data_age_min': 5.0, 'signal': False, 'risk_per_trade': 0.005, 'weight': 0.25, 'diag': {'n_m5': 599, 'n_h1': 250, 'n_d1': 120, 'bar_time': '2026-05-27 13:40:00', 'open': 1.3437700000000001, 'high': 1.3440699999999999, 'low': 1.34371, 'close': 1.3440699999999999, 'volume': 250.0, 'trend_dir': -1, 'h1_trend': -1, 'd1_trend': -1, 'h1_rsi': 37.492, 'in_session': False, 'atr_ok': True, 'adx_ok': True, 'ema20': 1.344272, 'rsi': 44.115, 'atr': 0.000338, 'adx': 16.595, 'bb_up': 1.345325, 'bb_lo': 1.343557, 'f_bb': 0, 'f_ema': 0, 'f_rsi': 0, 'f_candle': 1, 'f_rsiR': 1, 'f_macd': -1, 'f_stoch': 1, 'f_vol': 0, 'signal_dir': 0, 'h1_topped_from_m5': 1, 'd1_topped_from_m5': 1}}
C:\Users\Administrator\Desktop\tob\ema-h1trend\mt5\run_multi_scalper.py:179: Pandas4Warning: Timestamp.utcnow is deprecated and will be removed in a future version. Use Timestamp.now('UTC') instead.
  return pd.Timestamp.utcnow().tz_localize(None) + pd.Timedelta(hours=BROKER_WALLCLOCK_OFFSET_HOURS)
[2026-05-27 13:45:00 BROKER] cycle | {'bars_m5': 599, 'bars_h1': 250, 'bars_d1': 120, 'last_bar_time': '2026-05-27 13:40:00', 'data_age_min': 5.0, 'signal': False, 'risk_per_trade': 0.005, 'weight': 0.25, 'diag': {'n_m5': 599, 'n_h1': 250, 'n_d1': 120, 'bar_time': '2026-05-27 13:40:00', 'open': 1.85881, 'high': 1.85928, 'low': 1.8587500000000001, 'close': 1.85928, 'volume': 518.0, 'trend_dir': 1, 'h1_trend': 1, 'd1_trend': 1, 'h1_rsi': 54.599, 'in_session': False, 'atr_ok': True, 'adx_ok': True, 'ema20': 1.858709, 'rsi': 58.421, 'atr': 0.000458, 'adx': 16.048, 'bb_up': 1.859572, 'bb_lo': 1.857994, 'f_bb': 0, 'f_ema': 1, 'f_rsi': 0, 'f_candle': 0, 'f_rsiR': 0, 'f_macd': 1, 'f_stoch': 0, 'f_vol': 0, 'signal_dir': 0, 'h1_topped_from_m5': 1, 'd1_topped_from_m5': 1}}
C:\Users\Administrator\Desktop\tob\ema-h1trend\mt5\run_multi_scalper.py:179: Pandas4Warning: Timestamp.utcnow is deprecated and will be removed in a future version. Use Timestamp.now('UTC') instead.
  return pd.Timestamp.utcnow().tz_localize(None) + pd.Timedelta(hours=BROKER_WALLCLOCK_OFFSET_HOURS)
[2026-05-27 13:45:01 BROKER] cycle | {'bars_m5': 599, 'bars_h1': 250, 'bars_d1': 120, 'last_bar_time': '2026-05-27 13:40:00', 'data_age_min': 5.0, 'signal': False, 'risk_per_trade': 0.005, 'weight': 0.25, 'diag': {'n_m5': 599, 'n_h1': 250, 'n_d1': 120, 'bar_time': '2026-05-27 13:40:00', 'open': 1.60962, 'high': 1.60995, 'low': 1.60962, 'close': 1.60992, 'volume': 382.0, 'trend_dir': 1, 'h1_trend': 1, 'd1_trend': 1, 'h1_rsi': 70.806, 'in_session': False, 'atr_ok': True, 'adx_ok': True, 'ema20': 1.609652, 'rsi': 55.824, 'atr': 0.000378, 'adx': 22.022, 'bb_up': 1.610004, 'bb_lo': 1.609312, 'f_bb': 0, 'f_ema': 1, 'f_rsi': 0, 'f_candle': 1, 'f_rsiR': 0, 'f_macd': -1, 'f_stoch': 0, 'f_vol': 0, 'signal_dir': 0, 'h1_topped_from_m5': 1, 'd1_topped_from_m5': 1}}
[portfolio] cycle_complete: symbols=4 signals=0 placed=0 skipped=0 elapsed_s=0.62 per_symbol=[{'symbol': 'XAUUSD', 'signal': False}, {'symbol': 'GBPUSD', 'signal': False}, {'symbol': 'GBPCAD', 'signal': False}, {'symbol': 'EURCAD', 'signal': False}]
  → sleeping 299s until next M5 close ...
[2026-05-27 13:50:00 BROKER] heartbeat | {'uptime_s': 17845.1, 'mt5_connected': True, 'mt5_trade_allowed': True, 'tracked_pendings': 0, 'open_positions': 0, 'cooldown_active': False, 'cooldown_remaining_s': 0.0, 'balance': 980.2, 'equity': 980.2}
C:\Users\Administrator\Desktop\tob\ema-h1trend\mt5\run_multi_scalper.py:179: Pandas4Warning: Timestamp.utcnow is deprecated and will be removed in a future version. Use Timestamp.now('UTC') instead.
  return pd.Timestamp.utcnow().tz_localize(None) + pd.Timedelta(hours=BROKER_WALLCLOCK_OFFSET_HOURS)
[2026-05-27 13:50:00 BROKER] cycle | {'bars_m5': 599, 'bars_h1': 250, 'bars_d1': 120, 'last_bar_time': '2026-05-27 13:45:00', 'data_age_min': 5.0, 'signal': False, 'risk_per_trade': 0.005, 'weight': 0.25, 'diag': {'n_m5': 599, 'n_h1': 250, 'n_d1': 120, 'bar_time': '2026-05-27 13:45:00', 'open': 4465.51, 'high': 4466.91, 'low': 4444.02, 'close': 4448.53, 'volume': 1577.0, 'trend_dir': -1, 'h1_trend': -1, 'd1_trend': -1, 'h1_rsi': 29.891, 'in_session': False, 'atr_ok': True, 'adx_ok': True, 'ema20': 4478.666505, 'rsi': 16.856, 'atr': 7.786366, 'adx': 29.826, 'bb_up': 4506.793818, 'bb_lo': 4459.042182, 'f_bb': 1, 'f_ema': 0, 'f_rsi': 0, 'f_candle': 0, 'f_rsiR': 0, 'f_macd': -1, 'f_stoch': 0, 'f_vol': -1, 'signal_dir': 0, 'h1_topped_from_m5': 1, 'd1_topped_from_m5': 1}}
[2026-05-27 13:50:00 BROKER] heartbeat | {'uptime_s': 17845.1, 'mt5_connected': True, 'mt5_trade_allowed': True, 'tracked_pendings': 0, 'open_positions': 0, 'cooldown_active': False, 'cooldown_remaining_s': 0.0, 'balance': 980.2, 'equity': 980.2}
C:\Users\Administrator\Desktop\tob\ema-h1trend\mt5\run_multi_scalper.py:179: Pandas4Warning: Timestamp.utcnow is deprecated and will be removed in a future version. Use Timestamp.now('UTC') instead.
  return pd.Timestamp.utcnow().tz_localize(None) + pd.Timedelta(hours=BROKER_WALLCLOCK_OFFSET_HOURS)
[2026-05-27 13:50:00 BROKER] cycle | {'bars_m5': 599, 'bars_h1': 250, 'bars_d1': 120, 'last_bar_time': '2026-05-27 13:45:00', 'data_age_min': 5.0, 'signal': False, 'risk_per_trade': 0.005, 'weight': 0.25, 'diag': {'n_m5': 599, 'n_h1': 250, 'n_d1': 120, 'bar_time': '2026-05-27 13:45:00', 'open': 1.3440699999999999, 'high': 1.34417, 'low': 1.34382, 'close': 1.3440400000000001, 'volume': 323.0, 'trend_dir': -1, 'h1_trend': -1, 'd1_trend': -1, 'h1_rsi': 37.302, 'in_session': False, 'atr_ok': True, 'adx_ok': True, 'ema20': 1.34425, 'rsi': 43.579, 'atr': 0.00034, 'adx': 16.012, 'bb_up': 1.34528, 'bb_lo': 1.343521, 'f_bb': 0, 'f_ema': -1, 'f_rsi': 0, 'f_candle': 0, 'f_rsiR': 1, 'f_macd': -1, 'f_stoch': 0, 'f_vol': 0, 'signal_dir': 0, 'h1_topped_from_m5': 1, 'd1_topped_from_m5': 1}}
[2026-05-27 13:50:00 BROKER] heartbeat | {'uptime_s': 17845.1, 'mt5_connected': True, 'mt5_trade_allowed': True, 'tracked_pendings': 0, 'open_positions': 0, 'cooldown_active': False, 'cooldown_remaining_s': 0.0, 'balance': 980.2, 'equity': 980.2}
C:\Users\Administrator\Desktop\tob\ema-h1trend\mt5\run_multi_scalper.py:179: Pandas4Warning: Timestamp.utcnow is deprecated and will be removed in a future version. Use Timestamp.now('UTC') instead.
  return pd.Timestamp.utcnow().tz_localize(None) + pd.Timedelta(hours=BROKER_WALLCLOCK_OFFSET_HOURS)
[2026-05-27 13:50:00 BROKER] cycle | {'bars_m5': 599, 'bars_h1': 250, 'bars_d1': 120, 'last_bar_time': '2026-05-27 13:45:00', 'data_age_min': 5.0, 'signal': False, 'risk_per_trade': 0.005, 'weight': 0.25, 'diag': {'n_m5': 599, 'n_h1': 250, 'n_d1': 120, 'bar_time': '2026-05-27 13:45:00', 'open': 1.85929, 'high': 1.85945, 'low': 1.85904, 'close': 1.85937, 'volume': 546.0, 'trend_dir': 1, 'h1_trend': 1, 'd1_trend': 1, 'h1_rsi': 55.106, 'in_session': False, 'atr_ok': True, 'adx_ok': True, 'ema20': 1.858772, 'rsi': 59.491, 'atr': 0.000452, 'adx': 16.856, 'bb_up': 1.859545, 'bb_lo': 1.858009, 'f_bb': 0, 'f_ema': 0, 'f_rsi': 0, 'f_candle': 1, 'f_rsiR': 0, 'f_macd': 1, 'f_stoch': 0, 'f_vol': 0, 'signal_dir': 0, 'h1_topped_from_m5': 1, 'd1_topped_from_m5': 1}}
[2026-05-27 13:50:00 BROKER] heartbeat | {'uptime_s': 17845.2, 'mt5_connected': True, 'mt5_trade_allowed': True, 'tracked_pendings': 0, 'open_positions': 0, 'cooldown_active': False, 'cooldown_remaining_s': 0.0, 'balance': 980.2, 'equity': 980.2}
C:\Users\Administrator\Desktop\tob\ema-h1trend\mt5\run_multi_scalper.py:179: Pandas4Warning: Timestamp.utcnow is deprecated and will be removed in a future version. Use Timestamp.now('UTC') instead.
  return pd.Timestamp.utcnow().tz_localize(None) + pd.Timedelta(hours=BROKER_WALLCLOCK_OFFSET_HOURS)
[2026-05-27 13:50:01 BROKER] cycle | {'bars_m5': 599, 'bars_h1': 250, 'bars_d1': 120, 'last_bar_time': '2026-05-27 13:45:00', 'data_age_min': 5.0, 'signal': False, 'risk_per_trade': 0.005, 'weight': 0.25, 'diag': {'n_m5': 599, 'n_h1': 250, 'n_d1': 120, 'bar_time': '2026-05-27 13:45:00', 'open': 1.6099299999999999, 'high': 1.61008, 'low': 1.6098599999999998, 'close': 1.60989, 'volume': 453.0, 'trend_dir': 1, 'h1_trend': 1, 'd1_trend': 1, 'h1_rsi': 70.667, 'in_session': False, 'atr_ok': True, 'adx_ok': True, 'ema20': 1.609674, 'rsi': 55.191, 'atr': 0.000357, 'adx': 22.221, 'bb_up': 1.610004, 'bb_lo': 1.609312, 'f_bb': -1, 'f_ema': 0, 'f_rsi': 0, 'f_candle': -1, 'f_rsiR': 0, 'f_macd': 1, 'f_stoch': 0, 'f_vol': 0, 'signal_dir': 0, 'h1_topped_from_m5': 1, 'd1_topped_from_m5': 1}}
C:\Users\Administrator\Desktop\tob\ema-h1trend\mt5\run_multi_scalper.py:179: Pandas4Warning: Timestamp.utcnow is deprecated and will be removed in a future version. Use Timestamp.now('UTC') instead.
  return pd.Timestamp.utcnow().tz_localize(None) + pd.Timedelta(hours=BROKER_WALLCLOCK_OFFSET_HOURS)
[portfolio] cycle_complete: symbols=4 signals=0 placed=0 skipped=0 elapsed_s=0.67 per_symbol=[{'symbol': 'XAUUSD', 'signal': False}, {'symbol': 'GBPUSD', 'signal': False}, {'symbol': 'GBPCAD', 'signal': False}, {'symbol': 'EURCAD', 'signal': False}]
  → sleeping 299s until next M5 close ...
[2026-05-27 13:55:00 BROKER] cycle | {'bars_m5': 599, 'bars_h1': 250, 'bars_d1': 120, 'last_bar_time': '2026-05-27 13:50:00', 'data_age_min': 5.0, 'signal': False, 'risk_per_trade': 0.005, 'weight': 0.25, 'diag': {'n_m5': 599, 'n_h1': 250, 'n_d1': 120, 'bar_time': '2026-05-27 13:50:00', 'open': 4447.49, 'high': 4450.07, 'low': 4442.76, 'close': 4444.78, 'volume': 1438.0, 'trend_dir': -1, 'h1_trend': -1, 'd1_trend': -1, 'h1_rsi': 29.17, 'in_session': False, 'atr_ok': True, 'adx_ok': True, 'ema20': 4475.439218, 'rsi': 15.663, 'atr': 7.722851, 'adx': 33.182, 'bb_up': 4509.487336, 'bb_lo': 4451.646664, 'f_bb': 1, 'f_ema': 0, 'f_rsi': 0, 'f_candle': 0, 'f_rsiR': 0, 'f_macd': -1, 'f_stoch': 0, 'f_vol': -1, 'signal_dir': 0, 'h1_topped_from_m5': 1, 'd1_topped_from_m5': 1}}
C:\Users\Administrator\Desktop\tob\ema-h1trend\mt5\run_multi_scalper.py:179: Pandas4Warning: Timestamp.utcnow is deprecated and will be removed in a future version. Use Timestamp.now('UTC') instead.
  return pd.Timestamp.utcnow().tz_localize(None) + pd.Timedelta(hours=BROKER_WALLCLOCK_OFFSET_HOURS)
[2026-05-27 13:55:00 BROKER] cycle | {'bars_m5': 599, 'bars_h1': 250, 'bars_d1': 120, 'last_bar_time': '2026-05-27 13:50:00', 'data_age_min': 5.0, 'signal': False, 'risk_per_trade': 0.005, 'weight': 0.25, 'diag': {'n_m5': 599, 'n_h1': 250, 'n_d1': 120, 'bar_time': '2026-05-27 13:50:00', 'open': 1.3440400000000001, 'high': 1.3440699999999999, 'low': 1.34385, 'close': 1.34403, 'volume': 237.0, 'trend_dir': -1, 'h1_trend': -1, 'd1_trend': -1, 'h1_rsi': 37.238, 'in_session': False, 'atr_ok': True, 'adx_ok': True, 'ema20': 1.344229, 'rsi': 43.389, 'atr': 0.000324, 'adx': 15.47, 'bb_up': 1.345229, 'bb_lo': 1.343491, 'f_bb': 0, 'f_ema': 0, 'f_rsi': 0, 'f_candle': 0, 'f_rsiR': 1, 'f_macd': -1, 'f_stoch': 0, 'f_vol': 0, 'signal_dir': 0, 'h1_topped_from_m5': 1, 'd1_topped_from_m5': 1}}
[2026-05-27 13:55:00 BROKER] mt5_connected | {'state': 'healthy', 'periodic': True, 'connected': True, 'trade_allowed': True, 'ping_ms': 16980}
C:\Users\Administrator\Desktop\tob\ema-h1trend\mt5\run_multi_scalper.py:179: Pandas4Warning: Timestamp.utcnow is deprecated and will be removed in a future version. Use Timestamp.now('UTC') instead.
  return pd.Timestamp.utcnow().tz_localize(None) + pd.Timedelta(hours=BROKER_WALLCLOCK_OFFSET_HOURS)
[2026-05-27 13:55:00 BROKER] cycle | {'bars_m5': 599, 'bars_h1': 250, 'bars_d1': 120, 'last_bar_time': '2026-05-27 13:50:00', 'data_age_min': 5.0, 'signal': False, 'risk_per_trade': 0.005, 'weight': 0.25, 'diag': {'n_m5': 599, 'n_h1': 250, 'n_d1': 120, 'bar_time': '2026-05-27 13:50:00', 'open': 1.8593899999999999, 'high': 1.8595000000000002, 'low': 1.85926, 'close': 1.8594300000000001, 'volume': 443.0, 'trend_dir': 1, 'h1_trend': 1, 'd1_trend': 1, 'h1_rsi': 55.438, 'in_session': False, 'atr_ok': True, 'adx_ok': True, 'ema20': 1.858835, 'rsi': 60.226, 'atr': 0.000424, 'adx': 17.704, 'bb_up': 1.859569, 'bb_lo': 1.857996, 'f_bb': 0, 'f_ema': 0, 'f_rsi': 0, 'f_candle': 0, 'f_rsiR': 0, 'f_macd': 1, 'f_stoch': 0, 'f_vol': 0, 'signal_dir': 0, 'h1_topped_from_m5': 1, 'd1_topped_from_m5': 1}}
C:\Users\Administrator\Desktop\tob\ema-h1trend\mt5\run_multi_scalper.py:179: Pandas4Warning: Timestamp.utcnow is deprecated and will be removed in a future version. Use Timestamp.now('UTC') instead.
  return pd.Timestamp.utcnow().tz_localize(None) + pd.Timedelta(hours=BROKER_WALLCLOCK_OFFSET_HOURS)
[2026-05-27 13:55:01 BROKER] cycle | {'bars_m5': 599, 'bars_h1': 250, 'bars_d1': 120, 'last_bar_time': '2026-05-27 13:50:00', 'data_age_min': 5.0, 'signal': False, 'risk_per_trade': 0.005, 'weight': 0.25, 'diag': {'n_m5': 599, 'n_h1': 250, 'n_d1': 120, 'bar_time': '2026-05-27 13:50:00', 'open': 1.60989, 'high': 1.61003, 'low': 1.60981, 'close': 1.6099999999999999, 'volume': 357.0, 'trend_dir': 1, 'h1_trend': 1, 'd1_trend': 1, 'h1_rsi': 71.173, 'in_session': False, 'atr_ok': True, 'adx_ok': True, 'ema20': 1.609705, 'rsi': 57.112, 'atr': 0.000339, 'adx': 22.156, 'bb_up': 1.610041, 'bb_lo': 1.609295, 'f_bb': 0, 'f_ema': 1, 'f_rsi': 0, 'f_candle': 1, 'f_rsiR': 0, 'f_macd': 1, 'f_stoch': 0, 'f_vol': 0, 'signal_dir': 0, 'h1_topped_from_m5': 1, 'd1_topped_from_m5': 1}}
C:\Users\Administrator\Desktop\tob\ema-h1trend\mt5\run_multi_scalper.py:179: Pandas4Warning: Timestamp.utcnow is deprecated and will be removed in a future version. Use Timestamp.now('UTC') instead.
  return pd.Timestamp.utcnow().tz_localize(None) + pd.Timedelta(hours=BROKER_WALLCLOCK_OFFSET_HOURS)
[portfolio] cycle_complete: symbols=4 signals=0 placed=0 skipped=0 elapsed_s=0.63 per_symbol=[{'symbol': 'XAUUSD', 'signal': False}, {'symbol': 'GBPUSD', 'signal': False}, {'symbol': 'GBPCAD', 'signal': False}, {'symbol': 'EURCAD', 'signal': False}]
  → sleeping 299s until next M5 close ...
[2026-05-27 14:00:00 BROKER] cycle | {'bars_m5': 599, 'bars_h1': 249, 'bars_d1': 120, 'last_bar_time': '2026-05-27 13:55:00', 'data_age_min': 5.0, 'signal': False, 'risk_per_trade': 0.005, 'weight': 0.25, 'diag': {'n_m5': 599, 'n_h1': 249, 'n_d1': 120, 'bar_time': '2026-05-27 13:55:00', 'open': 4444.91, 'high': 4450.24, 'low': 4442.69, 'close': 4445.73, 'volume': 1326.0, 'trend_dir': -1, 'h1_trend': -1, 'd1_trend': -1, 'h1_rsi': 29.349, 'in_session': False, 'atr_ok': True, 'adx_ok': True, 'ema20': 4472.609769, 'rsi': 17.261, 'atr': 7.699804, 'adx': 36.253, 'bb_up': 4510.135668, 'bb_lo': 4446.106332, 'f_bb': 1, 'f_ema': 0, 'f_rsi': 0, 'f_candle': 0, 'f_rsiR': 0, 'f_macd': -1, 'f_stoch': 0, 'f_vol': 1, 'signal_dir': 0, 'h1_topped_from_m5': 0, 'd1_topped_from_m5': 1}}
C:\Users\Administrator\Desktop\tob\ema-h1trend\mt5\run_multi_scalper.py:179: Pandas4Warning: Timestamp.utcnow is deprecated and will be removed in a future version. Use Timestamp.now('UTC') instead.
  return pd.Timestamp.utcnow().tz_localize(None) + pd.Timedelta(hours=BROKER_WALLCLOCK_OFFSET_HOURS)
[2026-05-27 14:00:00 BROKER] cycle | {'bars_m5': 599, 'bars_h1': 249, 'bars_d1': 120, 'last_bar_time': '2026-05-27 13:55:00', 'data_age_min': 5.0, 'signal': False, 'risk_per_trade': 0.005, 'weight': 0.25, 'diag': {'n_m5': 599, 'n_h1': 249, 'n_d1': 120, 'bar_time': '2026-05-27 13:55:00', 'open': 1.3440400000000001, 'high': 1.34414, 'low': 1.34383, 'close': 1.34403, 'volume': 236.0, 'trend_dir': -1, 'h1_trend': -1, 'd1_trend': -1, 'h1_rsi': 37.238, 'in_session': False, 'atr_ok': True, 'adx_ok': True, 'ema20': 1.34421, 'rsi': 43.389, 'atr': 0.000322, 'adx': 14.636, 'bb_up': 1.345135, 'bb_lo': 1.343487, 'f_bb': 0, 'f_ema': -1, 'f_rsi': 0, 'f_candle': 0, 'f_rsiR': 1, 'f_macd': -1, 'f_stoch': 0, 'f_vol': 0, 'signal_dir': 0, 'h1_topped_from_m5': 0, 'd1_topped_from_m5': 1}}
C:\Users\Administrator\Desktop\tob\ema-h1trend\mt5\run_multi_scalper.py:179: Pandas4Warning: Timestamp.utcnow is deprecated and will be removed in a future version. Use Timestamp.now('UTC') instead.
  return pd.Timestamp.utcnow().tz_localize(None) + pd.Timedelta(hours=BROKER_WALLCLOCK_OFFSET_HOURS)
[2026-05-27 14:00:00 BROKER] cycle | {'bars_m5': 599, 'bars_h1': 249, 'bars_d1': 120, 'last_bar_time': '2026-05-27 13:55:00', 'data_age_min': 5.0, 'signal': False, 'risk_per_trade': 0.005, 'weight': 0.25, 'diag': {'n_m5': 599, 'n_h1': 249, 'n_d1': 120, 'bar_time': '2026-05-27 13:55:00', 'open': 1.85945, 'high': 1.85956, 'low': 1.85927, 'close': 1.85942, 'volume': 462.0, 'trend_dir': 1, 'h1_trend': 1, 'd1_trend': 1, 'h1_rsi': 55.383, 'in_session': False, 'atr_ok': True, 'adx_ok': True, 'ema20': 1.858891, 'rsi': 60.031, 'atr': 0.000406, 'adx': 18.612, 'bb_up': 1.859591, 'bb_lo': 1.857985, 'f_bb': 0, 'f_ema': 0, 'f_rsi': 0, 'f_candle': 0, 'f_rsiR': 0, 'f_macd': 1, 'f_stoch': -1, 'f_vol': 0, 'signal_dir': 0, 'h1_topped_from_m5': 0, 'd1_topped_from_m5': 1}}
C:\Users\Administrator\Desktop\tob\ema-h1trend\mt5\run_multi_scalper.py:179: Pandas4Warning: Timestamp.utcnow is deprecated and will be removed in a future version. Use Timestamp.now('UTC') instead.
  return pd.Timestamp.utcnow().tz_localize(None) + pd.Timedelta(hours=BROKER_WALLCLOCK_OFFSET_HOURS)
[2026-05-27 14:00:01 BROKER] cycle | {'bars_m5': 599, 'bars_h1': 249, 'bars_d1': 120, 'last_bar_time': '2026-05-27 13:55:00', 'data_age_min': 5.0, 'signal': False, 'risk_per_trade': 0.005, 'weight': 0.25, 'diag': {'n_m5': 599, 'n_h1': 249, 'n_d1': 120, 'bar_time': '2026-05-27 13:55:00', 'open': 1.61001, 'high': 1.6102699999999999, 'low': 1.6099999999999999, 'close': 1.6101999999999999, 'volume': 428.0, 'trend_dir': 1, 'h1_trend': 1, 'd1_trend': 1, 'h1_rsi': 72.05, 'in_session': False, 'atr_ok': True, 'adx_ok': True, 'ema20': 1.609752, 'rsi': 60.433, 'atr': 0.000329, 'adx': 22.806, 'bb_up': 1.610126, 'bb_lo': 1.609248, 'f_bb': -1, 'f_ema': 0, 'f_rsi': 0, 'f_candle': 0, 'f_rsiR': 0, 'f_macd': 1, 'f_stoch': 0, 'f_vol': 0, 'signal_dir': 0, 'h1_topped_from_m5': 0, 'd1_topped_from_m5': 1}}
[portfolio] cycle_complete: symbols=4 signals=0 placed=0 skipped=0 elapsed_s=0.63 per_symbol=[{'symbol': 'XAUUSD', 'signal': False}, {'symbol': 'GBPUSD', 'signal': False}, {'symbol': 'GBPCAD', 'signal': False}, {'symbol': 'EURCAD', 'signal': False}]
  → sleeping 299s until next M5 close ...
[2026-05-27 14:05:00 BROKER] heartbeat | {'uptime_s': 18745.1, 'mt5_connected': True, 'mt5_trade_allowed': True, 'tracked_pendings': 0, 'open_positions': 0, 'cooldown_active': False, 'cooldown_remaining_s': 0.0, 'balance': 980.2, 'equity': 980.2}
C:\Users\Administrator\Desktop\tob\ema-h1trend\mt5\run_multi_scalper.py:179: Pandas4Warning: Timestamp.utcnow is deprecated and will be removed in a future version. Use Timestamp.now('UTC') instead.
  return pd.Timestamp.utcnow().tz_localize(None) + pd.Timedelta(hours=BROKER_WALLCLOCK_OFFSET_HOURS)
[2026-05-27 14:05:00 BROKER] cycle | {'bars_m5': 599, 'bars_h1': 250, 'bars_d1': 120, 'last_bar_time': '2026-05-27 14:00:00', 'data_age_min': 5.0, 'signal': False, 'risk_per_trade': 0.005, 'weight': 0.25, 'diag': {'n_m5': 599, 'n_h1': 250, 'n_d1': 120, 'bar_time': '2026-05-27 14:00:00', 'open': 4446.04, 'high': 4453.18, 'low': 4445.54, 'close': 4452.5, 'volume': 1229.0, 'trend_dir': -1, 'h1_trend': -1, 'd1_trend': -1, 'h1_rsi': 32.531, 'in_session': True, 'atr_ok': True, 'adx_ok': True, 'ema20': 4470.694553, 'rsi': 27.762, 'atr': 7.69183, 'adx': 38.293, 'bb_up': 4509.544683, 'bb_lo': 4442.842317, 'f_bb': 0, 'f_ema': 0, 'f_rsi': 0, 'f_candle': 0, 'f_rsiR': 0, 'f_macd': -1, 'f_stoch': 1, 'f_vol': 0, 'signal_dir': 0, 'h1_topped_from_m5': 1, 'd1_topped_from_m5': 1}}
[2026-05-27 14:05:00 BROKER] heartbeat | {'uptime_s': 18745.1, 'mt5_connected': True, 'mt5_trade_allowed': True, 'tracked_pendings': 0, 'open_positions': 0, 'cooldown_active': False, 'cooldown_remaining_s': 0.0, 'balance': 980.2, 'equity': 980.2}
C:\Users\Administrator\Desktop\tob\ema-h1trend\mt5\run_multi_scalper.py:179: Pandas4Warning: Timestamp.utcnow is deprecated and will be removed in a future version. Use Timestamp.now('UTC') instead.
  return pd.Timestamp.utcnow().tz_localize(None) + pd.Timedelta(hours=BROKER_WALLCLOCK_OFFSET_HOURS)
[2026-05-27 14:05:00 BROKER] cycle | {'bars_m5': 599, 'bars_h1': 250, 'bars_d1': 120, 'last_bar_time': '2026-05-27 14:00:00', 'data_age_min': 5.0, 'signal': False, 'risk_per_trade': 0.005, 'weight': 0.25, 'diag': {'n_m5': 599, 'n_h1': 250, 'n_d1': 120, 'bar_time': '2026-05-27 14:00:00', 'open': 1.34403, 'high': 1.34422, 'low': 1.34382, 'close': 1.34393, 'volume': 303.0, 'trend_dir': -1, 'h1_trend': -1, 'd1_trend': -1, 'h1_rsi': 36.571, 'in_session': False, 'atr_ok': True, 'adx_ok': True, 'ema20': 1.344183, 'rsi': 41.307, 'atr': 0.000332, 'adx': 13.691, 'bb_up': 1.345071, 'bb_lo': 1.343462, 'f_bb': 0, 'f_ema': -1, 'f_rsi': 0, 'f_candle': 0, 'f_rsiR': 1, 'f_macd': -1, 'f_stoch': 0, 'f_vol': 0, 'signal_dir': 0, 'h1_topped_from_m5': 1, 'd1_topped_from_m5': 1}}
[2026-05-27 14:05:00 BROKER] heartbeat | {'uptime_s': 18745.1, 'mt5_connected': True, 'mt5_trade_allowed': True, 'tracked_pendings': 0, 'open_positions': 0, 'cooldown_active': False, 'cooldown_remaining_s': 0.0, 'balance': 980.2, 'equity': 980.2}
[2026-05-27 14:05:00 BROKER] mt5_connected | {'state': 'healthy', 'periodic': True, 'connected': True, 'trade_allowed': True, 'ping_ms': 16980}
C:\Users\Administrator\Desktop\tob\ema-h1trend\mt5\run_multi_scalper.py:179: Pandas4Warning: Timestamp.utcnow is deprecated and will be removed in a future version. Use Timestamp.now('UTC') instead.
  return pd.Timestamp.utcnow().tz_localize(None) + pd.Timedelta(hours=BROKER_WALLCLOCK_OFFSET_HOURS)
[2026-05-27 14:05:01 BROKER] cycle | {'bars_m5': 599, 'bars_h1': 250, 'bars_d1': 120, 'last_bar_time': '2026-05-27 14:00:00', 'data_age_min': 5.0, 'signal': False, 'risk_per_trade': 0.005, 'weight': 0.25, 'diag': {'n_m5': 599, 'n_h1': 250, 'n_d1': 120, 'bar_time': '2026-05-27 14:00:00', 'open': 1.85945, 'high': 1.85956, 'low': 1.85903, 'close': 1.8590499999999999, 'volume': 510.0, 'trend_dir': 1, 'h1_trend': 1, 'd1_trend': 1, 'h1_rsi': 52.787, 'in_session': False, 'atr_ok': True, 'adx_ok': True, 'ema20': 1.858906, 'rsi': 53.156, 'atr': 0.000422, 'adx': 18.593, 'bb_up': 1.859606, 'bb_lo': 1.857985, 'f_bb': 0, 'f_ema': 1, 'f_rsi': 0, 'f_candle': 0, 'f_rsiR': 0, 'f_macd': 1, 'f_stoch': 0, 'f_vol': 0, 'signal_dir': 0, 'h1_topped_from_m5': 1, 'd1_topped_from_m5': 1}}
[2026-05-27 14:05:01 BROKER] heartbeat | {'uptime_s': 18745.2, 'mt5_connected': True, 'mt5_trade_allowed': True, 'tracked_pendings': 0, 'open_positions': 0, 'cooldown_active': False, 'cooldown_remaining_s': 0.0, 'balance': 980.2, 'equity': 980.2}
C:\Users\Administrator\Desktop\tob\ema-h1trend\mt5\run_multi_scalper.py:179: Pandas4Warning: Timestamp.utcnow is deprecated and will be removed in a future version. Use Timestamp.now('UTC') instead.
  return pd.Timestamp.utcnow().tz_localize(None) + pd.Timedelta(hours=BROKER_WALLCLOCK_OFFSET_HOURS)
[2026-05-27 14:05:01 BROKER] cycle | {'bars_m5': 599, 'bars_h1': 250, 'bars_d1': 120, 'last_bar_time': '2026-05-27 14:00:00', 'data_age_min': 5.0, 'signal': False, 'risk_per_trade': 0.005, 'weight': 0.25, 'diag': {'n_m5': 599, 'n_h1': 250, 'n_d1': 120, 'bar_time': '2026-05-27 14:00:00', 'open': 1.6101999999999999, 'high': 1.61028, 'low': 1.6099700000000001, 'close': 1.61002, 'volume': 442.0, 'trend_dir': 1, 'h1_trend': 1, 'd1_trend': 1, 'h1_rsi': 69.986, 'in_session': False, 'atr_ok': True, 'adx_ok': True, 'ema20': 1.609778, 'rsi': 56.214, 'atr': 0.000327, 'adx': 23.254, 'bb_up': 1.610169, 'bb_lo': 1.609246, 'f_bb': -1, 'f_ema': 0, 'f_rsi': 0, 'f_candle': 0, 'f_rsiR': 0, 'f_macd': 1, 'f_stoch': -1, 'f_vol': 0, 'signal_dir': 0, 'h1_topped_from_m5': 1, 'd1_topped_from_m5': 1}}
C:\Users\Administrator\Desktop\tob\ema-h1trend\mt5\run_multi_scalper.py:179: Pandas4Warning: Timestamp.utcnow is deprecated and will be removed in a future version. Use Timestamp.now('UTC') instead.
  return pd.Timestamp.utcnow().tz_localize(None) + pd.Timedelta(hours=BROKER_WALLCLOCK_OFFSET_HOURS)
[portfolio] cycle_complete: symbols=4 signals=0 placed=0 skipped=0 elapsed_s=0.67 per_symbol=[{'symbol': 'XAUUSD', 'signal': False}, {'symbol': 'GBPUSD', 'signal': False}, {'symbol': 'GBPCAD', 'signal': False}, {'symbol': 'EURCAD', 'signal': False}]
  → sleeping 299s until next M5 close ...
[2026-05-27 14:10:00 BROKER] cycle | {'bars_m5': 599, 'bars_h1': 250, 'bars_d1': 120, 'last_bar_time': '2026-05-27 14:05:00', 'data_age_min': 5.0, 'signal': False, 'risk_per_trade': 0.005, 'weight': 0.25, 'diag': {'n_m5': 599, 'n_h1': 250, 'n_d1': 120, 'bar_time': '2026-05-27 14:05:00', 'open': 4452.49, 'high': 4452.49, 'low': 4446.45, 'close': 4449.56, 'volume': 1138.0, 'trend_dir': -1, 'h1_trend': -1, 'd1_trend': -1, 'h1_rsi': 31.185, 'in_session': True, 'atr_ok': True, 'adx_ok': True, 'ema20': 4468.681738, 'rsi': 26.207, 'atr': 7.472919, 'adx': 40.188, 'bb_up': 4508.858304, 'bb_lo': 4439.473696, 'f_bb': 0, 'f_ema': 0, 'f_rsi': 0, 'f_candle': 0, 'f_rsiR': 0, 'f_macd': -1, 'f_stoch': 0, 'f_vol': 0, 'signal_dir': 0, 'h1_topped_from_m5': 1, 'd1_topped_from_m5': 1}}
C:\Users\Administrator\Desktop\tob\ema-h1trend\mt5\run_multi_scalper.py:179: Pandas4Warning: Timestamp.utcnow is deprecated and will be removed in a future version. Use Timestamp.now('UTC') instead.
  return pd.Timestamp.utcnow().tz_localize(None) + pd.Timedelta(hours=BROKER_WALLCLOCK_OFFSET_HOURS)
[2026-05-27 14:10:00 BROKER] cycle | {'bars_m5': 599, 'bars_h1': 250, 'bars_d1': 120, 'last_bar_time': '2026-05-27 14:05:00', 'data_age_min': 5.0, 'signal': False, 'risk_per_trade': 0.005, 'weight': 0.25, 'diag': {'n_m5': 599, 'n_h1': 250, 'n_d1': 120, 'bar_time': '2026-05-27 14:05:00', 'open': 1.34393, 'high': 1.34393, 'low': 1.34345, 'close': 1.34362, 'volume': 259.0, 'trend_dir': -1, 'h1_trend': -1, 'd1_trend': -1, 'h1_rsi': 34.647, 'in_session': False, 'atr_ok': True, 'adx_ok': True, 'ema20': 1.344129, 'rsi': 35.603, 'atr': 0.000352, 'adx': 14.057, 'bb_up': 1.344991, 'bb_lo': 1.343411, 'f_bb': 0, 'f_ema': 0, 'f_rsi': 0, 'f_candle': 0, 'f_rsiR': 1, 'f_macd': -1, 'f_stoch': 0, 'f_vol': 0, 'signal_dir': 0, 'h1_topped_from_m5': 1, 'd1_topped_from_m5': 1}}
C:\Users\Administrator\Desktop\tob\ema-h1trend\mt5\run_multi_scalper.py:179: Pandas4Warning: Timestamp.utcnow is deprecated and will be removed in a future version. Use Timestamp.now('UTC') instead.
  return pd.Timestamp.utcnow().tz_localize(None) + pd.Timedelta(hours=BROKER_WALLCLOCK_OFFSET_HOURS)
[2026-05-27 14:10:01 BROKER] cycle | {'bars_m5': 599, 'bars_h1': 250, 'bars_d1': 120, 'last_bar_time': '2026-05-27 14:05:00', 'data_age_min': 5.0, 'signal': False, 'risk_per_trade': 0.005, 'weight': 0.25, 'diag': {'n_m5': 599, 'n_h1': 250, 'n_d1': 120, 'bar_time': '2026-05-27 14:05:00', 'open': 1.85906, 'high': 1.85908, 'low': 1.8586399999999998, 'close': 1.85874, 'volume': 474.0, 'trend_dir': 1, 'h1_trend': 1, 'd1_trend': 1, 'h1_rsi': 50.792, 'in_session': False, 'atr_ok': True, 'adx_ok': True, 'ema20': 1.85889, 'rsi': 48.178, 'atr': 0.000425, 'adx': 17.396, 'bb_up': 1.859581, 'bb_lo': 1.857979, 'f_bb': 0, 'f_ema': -1, 'f_rsi': 0, 'f_candle': 0, 'f_rsiR': 0, 'f_macd': 1, 'f_stoch': 0, 'f_vol': 0, 'signal_dir': 0, 'h1_topped_from_m5': 1, 'd1_topped_from_m5': 1}}
C:\Users\Administrator\Desktop\tob\ema-h1trend\mt5\run_multi_scalper.py:179: Pandas4Warning: Timestamp.utcnow is deprecated and will be removed in a future version. Use Timestamp.now('UTC') instead.
  return pd.Timestamp.utcnow().tz_localize(None) + pd.Timedelta(hours=BROKER_WALLCLOCK_OFFSET_HOURS)
[2026-05-27 14:10:01 BROKER] cycle | {'bars_m5': 599, 'bars_h1': 250, 'bars_d1': 120, 'last_bar_time': '2026-05-27 14:05:00', 'data_age_min': 5.0, 'signal': False, 'risk_per_trade': 0.005, 'weight': 0.25, 'diag': {'n_m5': 599, 'n_h1': 250, 'n_d1': 120, 'bar_time': '2026-05-27 14:05:00', 'open': 1.61002, 'high': 1.61017, 'low': 1.6098599999999998, 'close': 1.60998, 'volume': 415.0, 'trend_dir': 1, 'h1_trend': 1, 'd1_trend': 1, 'h1_rsi': 69.544, 'in_session': False, 'atr_ok': True, 'adx_ok': True, 'ema20': 1.609797, 'rsi': 55.29, 'atr': 0.000325, 'adx': 23.097, 'bb_up': 1.6102, 'bb_lo': 1.609248, 'f_bb': 0, 'f_ema': 1, 'f_rsi': 0, 'f_candle': 0, 'f_rsiR': 0, 'f_macd': 1, 'f_stoch': 0, 'f_vol': 0, 'signal_dir': 0, 'h1_topped_from_m5': 1, 'd1_topped_from_m5': 1}}
C:\Users\Administrator\Desktop\tob\ema-h1trend\mt5\run_multi_scalper.py:179: Pandas4Warning: Timestamp.utcnow is deprecated and will be removed in a future version. Use Timestamp.now('UTC') instead.
  return pd.Timestamp.utcnow().tz_localize(None) + pd.Timedelta(hours=BROKER_WALLCLOCK_OFFSET_HOURS)
[portfolio] cycle_complete: symbols=4 signals=0 placed=0 skipped=0 elapsed_s=0.68 per_symbol=[{'symbol': 'XAUUSD', 'signal': False}, {'symbol': 'GBPUSD', 'signal': False}, {'symbol': 'GBPCAD', 'signal': False}, {'symbol': 'EURCAD', 'signal': False}]
  → sleeping 299s until next M5 close ...
[2026-05-27 14:15:00 BROKER] cycle | {'bars_m5': 599, 'bars_h1': 250, 'bars_d1': 120, 'last_bar_time': '2026-05-27 14:10:00', 'data_age_min': 5.0, 'signal': False, 'risk_per_trade': 0.005, 'weight': 0.25, 'diag': {'n_m5': 599, 'n_h1': 250, 'n_d1': 120, 'bar_time': '2026-05-27 14:10:00', 'open': 4449.66, 'high': 4451.65, 'low': 4443.37, 'close': 4451.26, 'volume': 1200.0, 'trend_dir': -1, 'h1_trend': -1, 'd1_trend': -1, 'h1_rsi': 31.97, 'in_session': True, 'atr_ok': True, 'adx_ok': True, 'ema20': 4467.022525, 'rsi': 28.695, 'atr': 7.58053, 'adx': 42.13, 'bb_up': 4507.404088, 'bb_lo': 4436.980912, 'f_bb': 0, 'f_ema': 0, 'f_rsi': 0, 'f_candle': 1, 'f_rsiR': 0, 'f_macd': -1, 'f_stoch': 0, 'f_vol': 0, 'signal_dir': 0, 'h1_topped_from_m5': 1, 'd1_topped_from_m5': 1}}
C:\Users\Administrator\Desktop\tob\ema-h1trend\mt5\run_multi_scalper.py:179: Pandas4Warning: Timestamp.utcnow is deprecated and will be removed in a future version. Use Timestamp.now('UTC') instead.
  return pd.Timestamp.utcnow().tz_localize(None) + pd.Timedelta(hours=BROKER_WALLCLOCK_OFFSET_HOURS)
[2026-05-27 14:15:00 BROKER] cycle | {'bars_m5': 599, 'bars_h1': 250, 'bars_d1': 120, 'last_bar_time': '2026-05-27 14:10:00', 'data_age_min': 5.0, 'signal': False, 'risk_per_trade': 0.005, 'weight': 0.25, 'diag': {'n_m5': 599, 'n_h1': 250, 'n_d1': 120, 'bar_time': '2026-05-27 14:10:00', 'open': 1.34362, 'high': 1.34394, 'low': 1.34338, 'close': 1.34394, 'volume': 252.0, 'trend_dir': -1, 'h1_trend': -1, 'd1_trend': -1, 'h1_rsi': 36.637, 'in_session': False, 'atr_ok': True, 'adx_ok': True, 'ema20': 1.344111, 'rsi': 44.173, 'atr': 0.00038, 'adx': 14.624, 'bb_up': 1.344891, 'bb_lo': 1.34342, 'f_bb': 1, 'f_ema': 0, 'f_rsi': 0, 'f_candle': 1, 'f_rsiR': 1, 'f_macd': -1, 'f_stoch': 0, 'f_vol': 0, 'signal_dir': 0, 'h1_topped_from_m5': 1, 'd1_topped_from_m5': 1}}
C:\Users\Administrator\Desktop\tob\ema-h1trend\mt5\run_multi_scalper.py:179: Pandas4Warning: Timestamp.utcnow is deprecated and will be removed in a future version. Use Timestamp.now('UTC') instead.
  return pd.Timestamp.utcnow().tz_localize(None) + pd.Timedelta(hours=BROKER_WALLCLOCK_OFFSET_HOURS)
[2026-05-27 14:15:00 BROKER] cycle | {'bars_m5': 599, 'bars_h1': 250, 'bars_d1': 120, 'last_bar_time': '2026-05-27 14:10:00', 'data_age_min': 5.0, 'signal': False, 'risk_per_trade': 0.005, 'weight': 0.25, 'diag': {'n_m5': 599, 'n_h1': 250, 'n_d1': 120, 'bar_time': '2026-05-27 14:10:00', 'open': 1.85874, 'high': 1.85908, 'low': 1.85857, 'close': 1.85906, 'volume': 494.0, 'trend_dir': 1, 'h1_trend': 1, 'd1_trend': 1, 'h1_rsi': 52.854, 'in_session': False, 'atr_ok': True, 'adx_ok': True, 'ema20': 1.858906, 'rsi': 53.064, 'atr': 0.000436, 'adx': 16.213, 'bb_up': 1.859595, 'bb_lo': 1.857978, 'f_bb': 0, 'f_ema': 1, 'f_rsi': 0, 'f_candle': 1, 'f_rsiR': 0, 'f_macd': 1, 'f_stoch': 0, 'f_vol': 0, 'signal_dir': 0, 'h1_topped_from_m5': 1, 'd1_topped_from_m5': 1}}
[2026-05-27 14:15:00 BROKER] mt5_connected | {'state': 'healthy', 'periodic': True, 'connected': True, 'trade_allowed': True, 'ping_ms': 16980}
C:\Users\Administrator\Desktop\tob\ema-h1trend\mt5\run_multi_scalper.py:179: Pandas4Warning: Timestamp.utcnow is deprecated and will be removed in a future version. Use Timestamp.now('UTC') instead.
  return pd.Timestamp.utcnow().tz_localize(None) + pd.Timedelta(hours=BROKER_WALLCLOCK_OFFSET_HOURS)
[2026-05-27 14:15:01 BROKER] cycle | {'bars_m5': 599, 'bars_h1': 250, 'bars_d1': 120, 'last_bar_time': '2026-05-27 14:10:00', 'data_age_min': 5.0, 'signal': False, 'risk_per_trade': 0.005, 'weight': 0.25, 'diag': {'n_m5': 599, 'n_h1': 250, 'n_d1': 120, 'bar_time': '2026-05-27 14:10:00', 'open': 1.60998, 'high': 1.61019, 'low': 1.60982, 'close': 1.61017, 'volume': 450.0, 'trend_dir': 1, 'h1_trend': 1, 'd1_trend': 1, 'h1_rsi': 71.698, 'in_session': False, 'atr_ok': True, 'adx_ok': True, 'ema20': 1.609833, 'rsi': 58.757, 'atr': 0.000331, 'adx': 22.746, 'bb_up': 1.610262, 'bb_lo': 1.60925, 'f_bb': 0, 'f_ema': 1, 'f_rsi': 0, 'f_candle': 1, 'f_rsiR': 0, 'f_macd': 1, 'f_stoch': 0, 'f_vol': 0, 'signal_dir': 0, 'h1_topped_from_m5': 1, 'd1_topped_from_m5': 1}}
