[Wed 05/27/2026 16:52:44.99] launching python runner 
Basket loaded: 6 symbols — ['GBPUSD', 'XAUUSD', 'GBPCAD', 'USDMXN', 'EURCAD', 'AUDCAD']
Selection criteria: WR_IS >= 48.0% AND fwd_net_$ >= 0.00

Capital plan (policy=equal, total_risk=2.000%):
  GBPUSD   weight=16.67%  risk_per_trade=0.3333%
  XAUUSD   weight=16.67%  risk_per_trade=0.3333%
  GBPCAD   weight=16.67%  risk_per_trade=0.3333%
  USDMXN   weight=16.67%  risk_per_trade=0.3333%
  EURCAD   weight=16.67%  risk_per_trade=0.3333%
  AUDCAD   weight=16.67%  risk_per_trade=0.3333%
[portfolio] portfolio_start: basket=['GBPUSD', 'XAUUSD', 'GBPCAD', 'USDMXN', 'EURCAD', 'AUDCAD'] policy=equal portfolio_risk=0.02 criteria=WR_IS >= 48.0% AND fwd_net_$ >= 0.00 dry_run=False
[2026-05-27 16:22:47 BROKER] bot_start | {'symbol': 'GBPUSD.i', 'requested_symbol': 'GBPUSD', 'magic': 24000000, 'risk_per_trade': 0.003333, 'risk_reward': 2.0, 'slippage_limit_threshold': 4.0, 'slippage_max_points': 40.0, 'max_spread_points': 200, 'stale_after_seconds': 300, 'heartbeat_interval_seconds': 600, 'rotate_daily_logs': True}
[2026-05-27 16:22:47 BROKER] slippage_config | {'slippage_max_points': 40.0, 'slippage_limit_threshold': 4.0, 'from_table': True}
[2026-05-27 16:22:47 BROKER] state_recovered | {'adopted_pendings': [], 'adopted_positions': [], 'balance': 984.6, 'equity': 981.02}
[2026-05-27 16:22:47 BROKER] telegram_sent | {'category': 'bot_start', 'attempt': 1, 'status': 200, 'latency_ms': 148.4}
[2026-05-27 16:22:47 BROKER] bot_start | {'symbol': 'XAUUSD.i', 'requested_symbol': 'XAUUSD', 'magic': 24000001, 'risk_per_trade': 0.003333, 'risk_reward': 2.0, 'slippage_limit_threshold': 4.0, 'slippage_max_points': 30.0, 'max_spread_points': 200, 'stale_after_seconds': 300, 'heartbeat_interval_seconds': 600, 'rotate_daily_logs': True}
[2026-05-27 16:22:47 BROKER] slippage_config | {'slippage_max_points': 30.0, 'slippage_limit_threshold': 4.0, 'from_table': True}
[2026-05-27 16:22:47 BROKER] state_recovered | {'adopted_pendings': [], 'adopted_positions': [], 'balance': 984.6, 'equity': 981.02}
[2026-05-27 16:22:47 BROKER] telegram_sent | {'category': 'bot_start', 'attempt': 1, 'status': 200, 'latency_ms': 95.3}
[2026-05-27 16:22:47 BROKER] bot_start | {'symbol': 'GBPCAD.i', 'requested_symbol': 'GBPCAD', 'magic': 24000002, 'risk_per_trade': 0.003333, 'risk_reward': 2.0, 'slippage_limit_threshold': 4.0, 'slippage_max_points': 50.0, 'max_spread_points': 200, 'stale_after_seconds': 300, 'heartbeat_interval_seconds': 600, 'rotate_daily_logs': True}
[2026-05-27 16:22:47 BROKER] slippage_config | {'slippage_max_points': 50.0, 'slippage_limit_threshold': 4.0, 'from_table': True}
[2026-05-27 16:22:47 BROKER] state_recovered | {'adopted_pendings': [], 'adopted_positions': [39460495], 'balance': 984.6, 'equity': 981.02}
[2026-05-27 16:22:47 BROKER] telegram_sent | {'category': 'bot_start', 'attempt': 1, 'status': 200, 'latency_ms': 118.4}
[2026-05-27 16:22:47 BROKER] bot_start | {'symbol': 'USDMXN.i', 'requested_symbol': 'USDMXN', 'magic': 24000003, 'risk_per_trade': 0.003333, 'risk_reward': 2.0, 'slippage_limit_threshold': 4.0, 'slippage_max_points': 200.0, 'max_spread_points': 200, 'stale_after_seconds': 300, 'heartbeat_interval_seconds': 600, 'rotate_daily_logs': True}
[2026-05-27 16:22:47 BROKER] slippage_config | {'slippage_max_points': 200.0, 'slippage_limit_threshold': 4.0, 'from_table': True}
[2026-05-27 16:22:47 BROKER] state_recovered | {'adopted_pendings': [], 'adopted_positions': [], 'balance': 984.6, 'equity': 981.02}
[2026-05-27 16:22:47 BROKER] telegram_sent | {'category': 'bot_start', 'attempt': 1, 'status': 200, 'latency_ms': 98.6}
[2026-05-27 16:22:47 BROKER] bot_start | {'symbol': 'EURCAD.i', 'requested_symbol': 'EURCAD', 'magic': 24000004, 'risk_per_trade': 0.003333, 'risk_reward': 2.0, 'slippage_limit_threshold': 4.0, 'slippage_max_points': 35.0, 'max_spread_points': 200, 'stale_after_seconds': 300, 'heartbeat_interval_seconds': 600, 'rotate_daily_logs': True}
[2026-05-27 16:22:47 BROKER] slippage_config | {'slippage_max_points': 35.0, 'slippage_limit_threshold': 4.0, 'from_table': True}
[2026-05-27 16:22:47 BROKER] state_recovered | {'adopted_pendings': [], 'adopted_positions': [], 'balance': 984.6, 'equity': 981.02}
[2026-05-27 16:22:48 BROKER] telegram_sent | {'category': 'bot_start', 'attempt': 1, 'status': 200, 'latency_ms': 88.1}
[2026-05-27 16:22:48 BROKER] bot_start | {'symbol': 'AUDCAD.i', 'requested_symbol': 'AUDCAD', 'magic': 24000005, 'risk_per_trade': 0.003333, 'risk_reward': 2.0, 'slippage_limit_threshold': 4.0, 'slippage_max_points': 50.0, 'max_spread_points': 200, 'stale_after_seconds': 300, 'heartbeat_interval_seconds': 600, 'rotate_daily_logs': True}
[2026-05-27 16:22:48 BROKER] slippage_config | {'slippage_max_points': 50.0, 'slippage_limit_threshold': 4.0, 'from_table': True}
[2026-05-27 16:22:48 BROKER] state_recovered | {'adopted_pendings': [], 'adopted_positions': [], 'balance': 984.6, 'equity': 981.05}
[2026-05-27 16:22:55 BROKER] telegram_sent | {'category': 'bot_start', 'attempt': 1, 'status': 200, 'latency_ms': 7140.3}

Multi-symbol scalper running on 6 symbols. Ctrl+C to stop.
[2026-05-27 16:22:55 BROKER] heartbeat | {'uptime_s': 7.8, 'mt5_connected': True, 'mt5_trade_allowed': True, 'tracked_pendings': 0, 'open_positions': 0, 'cooldown_active': False, 'cooldown_remaining_s': 0.0, 'balance': 984.6, 'equity': 981.4}
[2026-05-27 16:22:55 BROKER] mt5_connected | {'state': 'healthy', 'connected': True, 'trade_allowed': True, 'ping_ms': 17272, 'recovered_after_failures': 0}
C:\Users\Administrator\Desktop\tob\ema-h1trend\mt5\run_multi_scalper.py:179: Pandas4Warning: Timestamp.utcnow is deprecated and will be removed in a future version. Use Timestamp.now('UTC') instead.
  return pd.Timestamp.utcnow().tz_localize(None) + pd.Timedelta(hours=BROKER_WALLCLOCK_OFFSET_HOURS)
[2026-05-27 16:22:55 BROKER] cycle | {'bars_m5': 599, 'bars_h1': 250, 'bars_d1': 120, 'last_bar_time': '2026-05-27 16:15:00', 'data_age_min': 7.9, 'signal': False, 'risk_per_trade': 0.003333, 'weight': 0.166667, 'diag': {'n_m5': 599, 'n_h1': 250, 'n_d1': 120, 'bar_time': '2026-05-27 16:15:00', 'open': 1.34449, 'high': 1.34475, 'low': 1.3443399999999999, 'close': 1.34446, 'volume': 425.0, 'trend_dir': -1, 'h1_trend': -1, 'd1_trend': -1, 'h1_rsi': 44.153, 'in_session': True, 'atr_ok': True, 'adx_ok': True, 'ema20': 1.344314, 'rsi': 52.653, 'atr': 0.000591, 'adx': 18.659, 'bb_up': 1.345538, 'bb_lo': 1.342845, 'f_bb': 0, 'f_ema': 1, 'f_rsi': 0, 'f_candle': -1, 'f_rsiR': -1, 'f_macd': 1, 'f_stoch': 0, 'f_vol': -1, 'signal_dir': 0, 'h1_topped_from_m5': 1, 'd1_topped_from_m5': 1}}
[2026-05-27 16:22:55 BROKER] heartbeat | {'uptime_s': 7.8, 'mt5_connected': True, 'mt5_trade_allowed': True, 'tracked_pendings': 0, 'open_positions': 0, 'cooldown_active': False, 'cooldown_remaining_s': 0.0, 'balance': 984.6, 'equity': 981.38}
C:\Users\Administrator\Desktop\tob\ema-h1trend\mt5\run_multi_scalper.py:179: Pandas4Warning: Timestamp.utcnow is deprecated and will be removed in a future version. Use Timestamp.now('UTC') instead.
  return pd.Timestamp.utcnow().tz_localize(None) + pd.Timedelta(hours=BROKER_WALLCLOCK_OFFSET_HOURS)
[2026-05-27 16:22:55 BROKER] cycle | {'bars_m5': 599, 'bars_h1': 250, 'bars_d1': 120, 'last_bar_time': '2026-05-27 16:15:00', 'data_age_min': 7.9, 'signal': False, 'risk_per_trade': 0.003333, 'weight': 0.166667, 'diag': {'n_m5': 599, 'n_h1': 250, 'n_d1': 120, 'bar_time': '2026-05-27 16:15:00', 'open': 4416.62, 'high': 4421.53, 'low': 4409.79, 'close': 4411.57, 'volume': 1605.0, 'trend_dir': -1, 'h1_trend': -1, 'd1_trend': -1, 'h1_rsi': 26.176, 'in_session': True, 'atr_ok': True, 'adx_ok': True, 'ema20': 4437.18547, 'rsi': 28.844, 'atr': 10.741146, 'adx': 35.73, 'bb_up': 4463.261215, 'bb_lo': 4411.946785, 'f_bb': 1, 'f_ema': 0, 'f_rsi': 0, 'f_candle': 0, 'f_rsiR': 0, 'f_macd': -1, 'f_stoch': 0, 'f_vol': 0, 'signal_dir': 0, 'h1_topped_from_m5': 1, 'd1_topped_from_m5': 1}}
[2026-05-27 16:22:55 BROKER] heartbeat | {'uptime_s': 7.8, 'mt5_connected': True, 'mt5_trade_allowed': True, 'tracked_pendings': 0, 'open_positions': 1, 'cooldown_active': False, 'cooldown_remaining_s': 0.0, 'balance': 984.6, 'equity': 981.38}
C:\Users\Administrator\Desktop\tob\ema-h1trend\mt5\run_multi_scalper.py:179: Pandas4Warning: Timestamp.utcnow is deprecated and will be removed in a future version. Use Timestamp.now('UTC') instead.
  return pd.Timestamp.utcnow().tz_localize(None) + pd.Timedelta(hours=BROKER_WALLCLOCK_OFFSET_HOURS)
[2026-05-27 16:22:55 BROKER] cycle | {'bars_m5': 599, 'bars_h1': 250, 'bars_d1': 120, 'last_bar_time': '2026-05-27 16:15:00', 'data_age_min': 7.9, 'signal': True, 'risk_per_trade': 0.003333, 'weight': 0.166667, 'diag': {'n_m5': 599, 'n_h1': 250, 'n_d1': 120, 'bar_time': '2026-05-27 16:15:00', 'open': 1.85931, 'high': 1.8598, 'low': 1.8592300000000002, 'close': 1.85935, 'volume': 797.0, 'trend_dir': 1, 'h1_trend': 1, 'd1_trend': 1, 'h1_rsi': 54.583, 'in_session': True, 'atr_ok': True, 'adx_ok': True, 'ema20': 1.858965, 'rsi': 55.237, 'atr': 0.000693, 'adx': 14.281, 'bb_up': 1.859774, 'bb_lo': 1.857991, 'f_bb': -1, 'f_ema': 1, 'f_rsi': 0, 'f_candle': 0, 'f_rsiR': 0, 'f_macd': 1, 'f_stoch': 0, 'f_vol': 1, 'signal_dir': 1, 'h1_topped_from_m5': 1, 'd1_topped_from_m5': 1}}
[2026-05-27 16:22:55 BROKER] signal | {'direction': 'BUY', 'entry': 1.85935, 'sl': 1.85813, 'tp': 1.86179, 'bar_time': '2026-05-27 16:15:00', 'atr': 0.00069, 'risk': 0.00122, 'rr': 2.0, 'trend_dir': 1, 'adx': 14.3, 'h1_rsi': 54.6, 'rsi': 55.2}
[2026-05-27 16:22:55 BROKER] signal_telegram_suppressed | {'reason': 'position_open_for_symbol', 'bar_time': '2026-05-27 16:15:00', 'direction': 'BUY'}
[2026-05-27 16:22:55 BROKER] skip | {'reason': 'position_open', 'ob_key': ['2026-05-27 16:15:00', 'BUY'], 'missed_signal': {'direction': 'BUY', 'entry': 1.85935, 'sl': 1.85813, 'tp': 1.86179}}
[2026-05-27 16:22:55 BROKER] telegram_sent | {'category': 'skip', 'attempt': 1, 'status': 200, 'latency_ms': 97.0}
[2026-05-27 16:22:55 BROKER] heartbeat | {'uptime_s': 8.0, 'mt5_connected': True, 'mt5_trade_allowed': True, 'tracked_pendings': 0, 'open_positions': 0, 'cooldown_active': False, 'cooldown_remaining_s': 0.0, 'balance': 984.6, 'equity': 981.4}
C:\Users\Administrator\Desktop\tob\ema-h1trend\mt5\run_multi_scalper.py:179: Pandas4Warning: Timestamp.utcnow is deprecated and will be removed in a future version. Use Timestamp.now('UTC') instead.
  return pd.Timestamp.utcnow().tz_localize(None) + pd.Timedelta(hours=BROKER_WALLCLOCK_OFFSET_HOURS)
[2026-05-27 16:22:56 BROKER] cycle | {'bars_m5': 599, 'bars_h1': 249, 'bars_d1': 120, 'last_bar_time': '2026-05-27 09:15:00', 'data_age_min': 427.9, 'signal': False, 'risk_per_trade': 0.003333, 'weight': 0.166667, 'diag': {'n_m5': 599, 'n_h1': 249, 'n_d1': 120, 'bar_time': '2026-05-27 09:15:00', 'open': 17.30683, 'high': 17.31056, 'low': 17.305039999999998, 'close': 17.30839, 'volume': 425.0, 'trend_dir': 0, 'h1_trend': 1, 'd1_trend': -1, 'h1_rsi': 54.259, 'in_session': False, 'atr_ok': True, 'adx_ok': True, 'ema20': 17.297795, 'rsi': 76.858, 'atr': 0.004113, 'adx': 40.254, 'bb_up': 17.308536, 'bb_lo': 17.282592, 'f_bb': -1, 'f_ema': 0, 'f_rsi': 0, 'f_candle': 0, 'f_rsiR': 0, 'f_macd': 1, 'f_stoch': 0, 'f_vol': 1, 'signal_dir': 0, 'h1_topped_from_m5': 0, 'd1_topped_from_m5': 1}}
[2026-05-27 16:22:56 BROKER] skip | {'reason': 'market_closed_or_stale', 'data_age_min': 427.9}
[2026-05-27 16:22:56 BROKER] heartbeat | {'uptime_s': 8.1, 'mt5_connected': True, 'mt5_trade_allowed': True, 'tracked_pendings': 0, 'open_positions': 0, 'cooldown_active': False, 'cooldown_remaining_s': 0.0, 'balance': 984.6, 'equity': 981.4}
C:\Users\Administrator\Desktop\tob\ema-h1trend\mt5\run_multi_scalper.py:179: Pandas4Warning: Timestamp.utcnow is deprecated and will be removed in a future version. Use Timestamp.now('UTC') instead.
  return pd.Timestamp.utcnow().tz_localize(None) + pd.Timedelta(hours=BROKER_WALLCLOCK_OFFSET_HOURS)
[2026-05-27 16:22:56 BROKER] cycle | {'bars_m5': 599, 'bars_h1': 250, 'bars_d1': 120, 'last_bar_time': '2026-05-27 16:15:00', 'data_age_min': 7.9, 'signal': False, 'risk_per_trade': 0.003333, 'weight': 0.166667, 'diag': {'n_m5': 599, 'n_h1': 250, 'n_d1': 120, 'bar_time': '2026-05-27 16:15:00', 'open': 1.6104, 'high': 1.61084, 'low': 1.61037, 'close': 1.6105399999999999, 'volume': 707.0, 'trend_dir': 1, 'h1_trend': 1, 'd1_trend': 1, 'h1_rsi': 70.908, 'in_session': True, 'atr_ok': True, 'adx_ok': True, 'ema20': 1.61039, 'rsi': 52.984, 'atr': 0.000638, 'adx': 21.114, 'bb_up': 1.611518, 'bb_lo': 1.609277, 'f_bb': 0, 'f_ema': 1, 'f_rsi': 0, 'f_candle': 0, 'f_rsiR': -1, 'f_macd': -1, 'f_stoch': 0, 'f_vol': 1, 'signal_dir': 0, 'h1_topped_from_m5': 1, 'd1_topped_from_m5': 1}}
[2026-05-27 16:22:56 BROKER] heartbeat | {'uptime_s': 8.1, 'mt5_connected': True, 'mt5_trade_allowed': True, 'tracked_pendings': 0, 'open_positions': 0, 'cooldown_active': False, 'cooldown_remaining_s': 0.0, 'balance': 984.6, 'equity': 981.43}
C:\Users\Administrator\Desktop\tob\ema-h1trend\mt5\run_multi_scalper.py:179: Pandas4Warning: Timestamp.utcnow is deprecated and will be removed in a future version. Use Timestamp.now('UTC') instead.
  return pd.Timestamp.utcnow().tz_localize(None) + pd.Timedelta(hours=BROKER_WALLCLOCK_OFFSET_HOURS)
[2026-05-27 16:22:56 BROKER] cycle | {'bars_m5': 599, 'bars_h1': 250, 'bars_d1': 120, 'last_bar_time': '2026-05-27 16:15:00', 'data_age_min': 7.9, 'signal': False, 'risk_per_trade': 0.003333, 'weight': 0.166667, 'diag': {'n_m5': 599, 'n_h1': 250, 'n_d1': 120, 'bar_time': '2026-05-27 16:15:00', 'open': 0.98664, 'high': 0.98685, 'low': 0.9865, 'close': 0.98675, 'volume': 587.0, 'trend_dir': 0, 'h1_trend': -1, 'd1_trend': 1, 'h1_rsi': 37.965, 'in_session': True, 'atr_ok': True, 'adx_ok': True, 'ema20': 0.986732, 'rsi': 49.601, 'atr': 0.000558, 'adx': 22.544, 'bb_up': 0.987586, 'bb_lo': 0.985785, 'f_bb': 0, 'f_ema': 1, 'f_rsi': 0, 'f_candle': 0, 'f_rsiR': 1, 'f_macd': -1, 'f_stoch': 0, 'f_vol': 1, 'signal_dir': 0, 'h1_topped_from_m5': 1, 'd1_topped_from_m5': 1}}
C:\Users\Administrator\Desktop\tob\ema-h1trend\mt5\run_multi_scalper.py:179: Pandas4Warning: Timestamp.utcnow is deprecated and will be removed in a future version. Use Timestamp.now('UTC') instead.
  return pd.Timestamp.utcnow().tz_localize(None) + pd.Timedelta(hours=BROKER_WALLCLOCK_OFFSET_HOURS)
[portfolio] cycle_complete: symbols=6 signals=1 placed=0 skipped=1 elapsed_s=1.76 per_symbol=[{'symbol': 'GBPUSD', 'signal': False}, {'symbol': 'XAUUSD', 'signal': False}, {'symbol': 'GBPCAD', 'signal': True, 'stage': 'skipped', 'placed': False, 'ticket': None}, {'symbol': 'USDMXN', 'skipped': 'stale', 'age_min': 427.9}, {'symbol': 'EURCAD', 'signal': False}, {'symbol': 'AUDCAD', 'signal': False}]
  → sleeping 124s until next M5 close ...
[2026-05-27 16:25:00 BROKER] cycle | {'bars_m5': 599, 'bars_h1': 250, 'bars_d1': 120, 'last_bar_time': '2026-05-27 16:20:00', 'data_age_min': 5.0, 'signal': False, 'risk_per_trade': 0.003333, 'weight': 0.166667, 'diag': {'n_m5': 599, 'n_h1': 250, 'n_d1': 120, 'bar_time': '2026-05-27 16:20:00', 'open': 1.34446, 'high': 1.34448, 'low': 1.3440699999999999, 'close': 1.3443800000000001, 'volume': 455.0, 'trend_dir': -1, 'h1_trend': -1, 'd1_trend': -1, 'h1_rsi': 43.427, 'in_session': True, 'atr_ok': True, 'adx_ok': True, 'ema20': 1.34432, 'rsi': 51.522, 'atr': 0.000567, 'adx': 18.132, 'bb_up': 1.345556, 'bb_lo': 1.342888, 'f_bb': 0, 'f_ema': 1, 'f_rsi': 0, 'f_candle': 0, 'f_rsiR': -1, 'f_macd': -1, 'f_stoch': 0, 'f_vol': -1, 'signal_dir': 0, 'h1_topped_from_m5': 1, 'd1_topped_from_m5': 1}}
C:\Users\Administrator\Desktop\tob\ema-h1trend\mt5\run_multi_scalper.py:179: Pandas4Warning: Timestamp.utcnow is deprecated and will be removed in a future version. Use Timestamp.now('UTC') instead.
  return pd.Timestamp.utcnow().tz_localize(None) + pd.Timedelta(hours=BROKER_WALLCLOCK_OFFSET_HOURS)
[2026-05-27 16:25:00 BROKER] cycle | {'bars_m5': 599, 'bars_h1': 250, 'bars_d1': 120, 'last_bar_time': '2026-05-27 16:20:00', 'data_age_min': 5.0, 'signal': False, 'risk_per_trade': 0.003333, 'weight': 0.166667, 'diag': {'n_m5': 599, 'n_h1': 250, 'n_d1': 120, 'bar_time': '2026-05-27 16:20:00', 'open': 4411.71, 'high': 4417.29, 'low': 4406.0, 'close': 4416.71, 'volume': 1544.0, 'trend_dir': -1, 'h1_trend': -1, 'd1_trend': -1, 'h1_rsi': 26.965, 'in_session': True, 'atr_ok': True, 'adx_ok': True, 'ema20': 4435.235425, 'rsi': 33.692, 'atr': 10.814327, 'adx': 36.784, 'bb_up': 4463.420126, 'bb_lo': 4409.145874, 'f_bb': 1, 'f_ema': 0, 'f_rsi': 0, 'f_candle': 0, 'f_rsiR': 0, 'f_macd': -1, 'f_stoch': 1, 'f_vol': 0, 'signal_dir': 0, 'h1_topped_from_m5': 1, 'd1_topped_from_m5': 1}}
C:\Users\Administrator\Desktop\tob\ema-h1trend\mt5\run_multi_scalper.py:179: Pandas4Warning: Timestamp.utcnow is deprecated and will be removed in a future version. Use Timestamp.now('UTC') instead.
  return pd.Timestamp.utcnow().tz_localize(None) + pd.Timedelta(hours=BROKER_WALLCLOCK_OFFSET_HOURS)
[2026-05-27 16:25:00 BROKER] cycle | {'bars_m5': 599, 'bars_h1': 250, 'bars_d1': 120, 'last_bar_time': '2026-05-27 16:20:00', 'data_age_min': 5.0, 'signal': True, 'risk_per_trade': 0.003333, 'weight': 0.166667, 'diag': {'n_m5': 599, 'n_h1': 250, 'n_d1': 120, 'bar_time': '2026-05-27 16:20:00', 'open': 1.85935, 'high': 1.85954, 'low': 1.85883, 'close': 1.85951, 'volume': 662.0, 'trend_dir': 1, 'h1_trend': 1, 'd1_trend': 1, 'h1_rsi': 55.415, 'in_session': True, 'atr_ok': True, 'adx_ok': True, 'ema20': 1.859017, 'rsi': 57.004, 'atr': 0.000695, 'adx': 13.674, 'bb_up': 1.859838, 'bb_lo': 1.857974, 'f_bb': 0, 'f_ema': 1, 'f_rsi': 0, 'f_candle': 1, 'f_rsiR': 0, 'f_macd': 1, 'f_stoch': 0, 'f_vol': 0, 'signal_dir': 1, 'h1_topped_from_m5': 1, 'd1_topped_from_m5': 1}}
[2026-05-27 16:25:00 BROKER] signal | {'direction': 'BUY', 'entry': 1.85951, 'sl': 1.85813, 'tp': 1.86227, 'bar_time': '2026-05-27 16:20:00', 'atr': 0.0007, 'risk': 0.00138, 'rr': 2.0, 'trend_dir': 1, 'adx': 13.7, 'h1_rsi': 55.4, 'rsi': 57.0}
[2026-05-27 16:25:00 BROKER] signal_telegram_suppressed | {'reason': 'position_open_for_symbol', 'bar_time': '2026-05-27 16:20:00', 'direction': 'BUY'}
[2026-05-27 16:25:00 BROKER] skip | {'reason': 'position_open', 'ob_key': ['2026-05-27 16:20:00', 'BUY'], 'missed_signal': {'direction': 'BUY', 'entry': 1.85951, 'sl': 1.85813, 'tp': 1.86227}}
[2026-05-27 16:25:01 BROKER] telegram_sent | {'category': 'skip', 'attempt': 1, 'status': 200, 'latency_ms': 94.2}
C:\Users\Administrator\Desktop\tob\ema-h1trend\mt5\run_multi_scalper.py:179: Pandas4Warning: Timestamp.utcnow is deprecated and will be removed in a future version. Use Timestamp.now('UTC') instead.
  return pd.Timestamp.utcnow().tz_localize(None) + pd.Timedelta(hours=BROKER_WALLCLOCK_OFFSET_HOURS)
[2026-05-27 16:25:01 BROKER] cycle | {'bars_m5': 599, 'bars_h1': 250, 'bars_d1': 120, 'last_bar_time': '2026-05-27 16:20:00', 'data_age_min': 5.0, 'signal': False, 'risk_per_trade': 0.003333, 'weight': 0.166667, 'diag': {'n_m5': 599, 'n_h1': 250, 'n_d1': 120, 'bar_time': '2026-05-27 16:20:00', 'open': 17.32262, 'high': 17.34195, 'low': 17.32259, 'close': 17.33564, 'volume': 812.0, 'trend_dir': 0, 'h1_trend': 1, 'd1_trend': -1, 'h1_rsi': 65.219, 'in_session': True, 'atr_ok': True, 'adx_ok': True, 'ema20': 17.312144, 'rsi': 70.515, 'atr': 0.011737, 'adx': 20.945, 'bb_up': 17.328335, 'bb_lo': 17.294211, 'f_bb': -1, 'f_ema': 0, 'f_rsi': 0, 'f_candle': 0, 'f_rsiR': -1, 'f_macd': 1, 'f_stoch': 0, 'f_vol': 1, 'signal_dir': 0, 'h1_topped_from_m5': 1, 'd1_topped_from_m5': 1}}
C:\Users\Administrator\Desktop\tob\ema-h1trend\mt5\run_multi_scalper.py:179: Pandas4Warning: Timestamp.utcnow is deprecated and will be removed in a future version. Use Timestamp.now('UTC') instead.
  return pd.Timestamp.utcnow().tz_localize(None) + pd.Timedelta(hours=BROKER_WALLCLOCK_OFFSET_HOURS)
[2026-05-27 16:25:01 BROKER] cycle | {'bars_m5': 599, 'bars_h1': 250, 'bars_d1': 120, 'last_bar_time': '2026-05-27 16:20:00', 'data_age_min': 5.0, 'signal': False, 'risk_per_trade': 0.003333, 'weight': 0.166667, 'diag': {'n_m5': 599, 'n_h1': 250, 'n_d1': 120, 'bar_time': '2026-05-27 16:20:00', 'open': 1.6105399999999999, 'high': 1.61055, 'low': 1.60988, 'close': 1.61052, 'volume': 709.0, 'trend_dir': 1, 'h1_trend': 1, 'd1_trend': 1, 'h1_rsi': 70.818, 'in_session': True, 'atr_ok': True, 'adx_ok': True, 'ema20': 1.610403, 'rsi': 52.689, 'atr': 0.000642, 'adx': 19.944, 'bb_up': 1.611531, 'bb_lo': 1.609304, 'f_bb': 0, 'f_ema': 1, 'f_rsi': 0, 'f_candle': 0, 'f_rsiR': -1, 'f_macd': -1, 'f_stoch': 0, 'f_vol': -1, 'signal_dir': 0, 'h1_topped_from_m5': 1, 'd1_topped_from_m5': 1}}
C:\Users\Administrator\Desktop\tob\ema-h1trend\mt5\run_multi_scalper.py:179: Pandas4Warning: Timestamp.utcnow is deprecated and will be removed in a future version. Use Timestamp.now('UTC') instead.
  return pd.Timestamp.utcnow().tz_localize(None) + pd.Timedelta(hours=BROKER_WALLCLOCK_OFFSET_HOURS)
[2026-05-27 16:25:01 BROKER] cycle | {'bars_m5': 599, 'bars_h1': 250, 'bars_d1': 120, 'last_bar_time': '2026-05-27 16:20:00', 'data_age_min': 5.0, 'signal': False, 'risk_per_trade': 0.003333, 'weight': 0.166667, 'diag': {'n_m5': 599, 'n_h1': 250, 'n_d1': 120, 'bar_time': '2026-05-27 16:20:00', 'open': 0.98674, 'high': 0.98675, 'low': 0.98633, 'close': 0.98674, 'volume': 540.0, 'trend_dir': 0, 'h1_trend': -1, 'd1_trend': 1, 'h1_rsi': 37.868, 'in_session': True, 'atr_ok': True, 'adx_ok': True, 'ema20': 0.986733, 'rsi': 49.452, 'atr': 0.00054, 'adx': 22.351, 'bb_up': 0.987584, 'bb_lo': 0.985785, 'f_bb': 0, 'f_ema': 1, 'f_rsi': 0, 'f_candle': 0, 'f_rsiR': 1, 'f_macd': 1, 'f_stoch': 0, 'f_vol': 0, 'signal_dir': 0, 'h1_topped_from_m5': 1, 'd1_topped_from_m5': 1}}
C:\Users\Administrator\Desktop\tob\ema-h1trend\mt5\run_multi_scalper.py:179: Pandas4Warning: Timestamp.utcnow is deprecated and will be removed in a future version. Use Timestamp.now('UTC') instead.
  return pd.Timestamp.utcnow().tz_localize(None) + pd.Timedelta(hours=BROKER_WALLCLOCK_OFFSET_HOURS)
[portfolio] cycle_complete: symbols=6 signals=1 placed=0 skipped=0 elapsed_s=1.11 per_symbol=[{'symbol': 'GBPUSD', 'signal': False}, {'symbol': 'XAUUSD', 'signal': False}, {'symbol': 'GBPCAD', 'signal': True, 'stage': 'skipped', 'placed': False, 'ticket': None}, {'symbol': 'USDMXN', 'signal': False}, {'symbol': 'EURCAD', 'signal': False}, {'symbol': 'AUDCAD', 'signal': False}]
  → sleeping 299s until next M5 close ...
[2026-05-27 16:30:00 BROKER] cycle | {'bars_m5': 599, 'bars_h1': 250, 'bars_d1': 120, 'last_bar_time': '2026-05-27 16:25:00', 'data_age_min': 5.0, 'signal': False, 'risk_per_trade': 0.003333, 'weight': 0.166667, 'diag': {'n_m5': 599, 'n_h1': 250, 'n_d1': 120, 'bar_time': '2026-05-27 16:25:00', 'open': 1.3443800000000001, 'high': 1.3446799999999999, 'low': 1.34414, 'close': 1.34436, 'volume': 544.0, 'trend_dir': -1, 'h1_trend': -1, 'd1_trend': -1, 'h1_rsi': 43.243, 'in_session': True, 'atr_ok': True, 'adx_ok': True, 'ema20': 1.344324, 'rsi': 51.226, 'atr': 0.000563, 'adx': 17.054, 'bb_up': 1.345564, 'bb_lo': 1.342953, 'f_bb': 0, 'f_ema': 1, 'f_rsi': 0, 'f_candle': 0, 'f_rsiR': -1, 'f_macd': -1, 'f_stoch': 0, 'f_vol': -1, 'signal_dir': 0, 'h1_topped_from_m5': 1, 'd1_topped_from_m5': 1}}
C:\Users\Administrator\Desktop\tob\ema-h1trend\mt5\run_multi_scalper.py:179: Pandas4Warning: Timestamp.utcnow is deprecated and will be removed in a future version. Use Timestamp.now('UTC') instead.
  return pd.Timestamp.utcnow().tz_localize(None) + pd.Timedelta(hours=BROKER_WALLCLOCK_OFFSET_HOURS)
[2026-05-27 16:30:00 BROKER] cycle | {'bars_m5': 599, 'bars_h1': 250, 'bars_d1': 120, 'last_bar_time': '2026-05-27 16:25:00', 'data_age_min': 5.0, 'signal': False, 'risk_per_trade': 0.003333, 'weight': 0.166667, 'diag': {'n_m5': 599, 'n_h1': 250, 'n_d1': 120, 'bar_time': '2026-05-27 16:25:00', 'open': 4417.18, 'high': 4419.58, 'low': 4401.5, 'close': 4405.05, 'volume': 1667.0, 'trend_dir': -1, 'h1_trend': -1, 'd1_trend': -1, 'h1_rsi': 25.239, 'in_session': True, 'atr_ok': True, 'adx_ok': True, 'ema20': 4432.360623, 'rsi': 28.885, 'atr': 11.783083, 'adx': 38.01, 'bb_up': 4465.041421, 'bb_lo': 4404.118579, 'f_bb': 1, 'f_ema': 0, 'f_rsi': 0, 'f_candle': -1, 'f_rsiR': 0, 'f_macd': -1, 'f_stoch': 0, 'f_vol': -1, 'signal_dir': 0, 'h1_topped_from_m5': 1, 'd1_topped_from_m5': 1}}
C:\Users\Administrator\Desktop\tob\ema-h1trend\mt5\run_multi_scalper.py:179: Pandas4Warning: Timestamp.utcnow is deprecated and will be removed in a future version. Use Timestamp.now('UTC') instead.
  return pd.Timestamp.utcnow().tz_localize(None) + pd.Timedelta(hours=BROKER_WALLCLOCK_OFFSET_HOURS)
[2026-05-27 16:30:00 BROKER] cycle | {'bars_m5': 599, 'bars_h1': 250, 'bars_d1': 120, 'last_bar_time': '2026-05-27 16:25:00', 'data_age_min': 5.0, 'signal': False, 'risk_per_trade': 0.003333, 'weight': 0.166667, 'diag': {'n_m5': 599, 'n_h1': 250, 'n_d1': 120, 'bar_time': '2026-05-27 16:25:00', 'open': 1.85949, 'high': 1.8601, 'low': 1.85949, 'close': 1.85978, 'volume': 727.0, 'trend_dir': 1, 'h1_trend': 1, 'd1_trend': 1, 'h1_rsi': 56.752, 'in_session': True, 'atr_ok': True, 'adx_ok': True, 'ema20': 1.85909, 'rsi': 59.883, 'atr': 0.000684, 'adx': 14.042, 'bb_up': 1.859964, 'bb_lo': 1.857948, 'f_bb': -1, 'f_ema': 0, 'f_rsi': 0, 'f_candle': 0, 'f_rsiR': 0, 'f_macd': 1, 'f_stoch': 0, 'f_vol': 1, 'signal_dir': 0, 'h1_topped_from_m5': 1, 'd1_topped_from_m5': 1}}
C:\Users\Administrator\Desktop\tob\ema-h1trend\mt5\run_multi_scalper.py:179: Pandas4Warning: Timestamp.utcnow is deprecated and will be removed in a future version. Use Timestamp.now('UTC') instead.
  return pd.Timestamp.utcnow().tz_localize(None) + pd.Timedelta(hours=BROKER_WALLCLOCK_OFFSET_HOURS)
[2026-05-27 16:30:01 BROKER] cycle | {'bars_m5': 599, 'bars_h1': 250, 'bars_d1': 120, 'last_bar_time': '2026-05-27 16:25:00', 'data_age_min': 5.0, 'signal': False, 'risk_per_trade': 0.003333, 'weight': 0.166667, 'diag': {'n_m5': 599, 'n_h1': 250, 'n_d1': 120, 'bar_time': '2026-05-27 16:25:00', 'open': 17.33537, 'high': 17.34213, 'low': 17.32836, 'close': 17.34096, 'volume': 924.0, 'trend_dir': 0, 'h1_trend': 1, 'd1_trend': -1, 'h1_rsi': 66.615, 'in_session': True, 'atr_ok': True, 'adx_ok': True, 'ema20': 17.314888, 'rsi': 72.824, 'atr': 0.012008, 'adx': 22.99, 'bb_up': 17.334265, 'bb_lo': 17.292167, 'f_bb': -1, 'f_ema': 0, 'f_rsi': 0, 'f_candle': 0, 'f_rsiR': -1, 'f_macd': 1, 'f_stoch': 0, 'f_vol': 1, 'signal_dir': 0, 'h1_topped_from_m5': 1, 'd1_topped_from_m5': 1}}
C:\Users\Administrator\Desktop\tob\ema-h1trend\mt5\run_multi_scalper.py:179: Pandas4Warning: Timestamp.utcnow is deprecated and will be removed in a future version. Use Timestamp.now('UTC') instead.
  return pd.Timestamp.utcnow().tz_localize(None) + pd.Timedelta(hours=BROKER_WALLCLOCK_OFFSET_HOURS)
[2026-05-27 16:30:01 BROKER] cycle | {'bars_m5': 599, 'bars_h1': 250, 'bars_d1': 120, 'last_bar_time': '2026-05-27 16:25:00', 'data_age_min': 5.0, 'signal': False, 'risk_per_trade': 0.003333, 'weight': 0.166667, 'diag': {'n_m5': 599, 'n_h1': 250, 'n_d1': 120, 'bar_time': '2026-05-27 16:25:00', 'open': 1.61052, 'high': 1.6109, 'low': 1.61039, 'close': 1.61042, 'volume': 671.0, 'trend_dir': 1, 'h1_trend': 1, 'd1_trend': 1, 'h1_rsi': 70.359, 'in_session': True, 'atr_ok': True, 'adx_ok': True, 'ema20': 1.610404, 'rsi': 51.159, 'atr': 0.000624, 'adx': 18.887, 'bb_up': 1.611537, 'bb_lo': 1.609327, 'f_bb': 0, 'f_ema': 1, 'f_rsi': 0, 'f_candle': -1, 'f_rsiR': -1, 'f_macd': -1, 'f_stoch': 0, 'f_vol': -1, 'signal_dir': 0, 'h1_topped_from_m5': 1, 'd1_topped_from_m5': 1}}
C:\Users\Administrator\Desktop\tob\ema-h1trend\mt5\run_multi_scalper.py:179: Pandas4Warning: Timestamp.utcnow is deprecated and will be removed in a future version. Use Timestamp.now('UTC') instead.
  return pd.Timestamp.utcnow().tz_localize(None) + pd.Timedelta(hours=BROKER_WALLCLOCK_OFFSET_HOURS)
[2026-05-27 16:30:01 BROKER] cycle | {'bars_m5': 599, 'bars_h1': 250, 'bars_d1': 120, 'last_bar_time': '2026-05-27 16:25:00', 'data_age_min': 5.0, 'signal': False, 'risk_per_trade': 0.003333, 'weight': 0.166667, 'diag': {'n_m5': 599, 'n_h1': 250, 'n_d1': 120, 'bar_time': '2026-05-27 16:25:00', 'open': 0.98678, 'high': 0.98702, 'low': 0.98655, 'close': 0.98655, 'volume': 646.0, 'trend_dir': 0, 'h1_trend': -1, 'd1_trend': 1, 'h1_rsi': 35.965, 'in_session': True, 'atr_ok': True, 'adx_ok': True, 'ema20': 0.986715, 'rsi': 46.586, 'atr': 0.00053, 'adx': 21.233, 'bb_up': 0.987585, 'bb_lo': 0.98579, 'f_bb': 0, 'f_ema': -1, 'f_rsi': 0, 'f_candle': 0, 'f_rsiR': 1, 'f_macd': 1, 'f_stoch': 0, 'f_vol': -1, 'signal_dir': 0, 'h1_topped_from_m5': 1, 'd1_topped_from_m5': 1}}
[portfolio] cycle_complete: symbols=6 signals=0 placed=0 skipped=0 elapsed_s=1.0 per_symbol=[{'symbol': 'GBPUSD', 'signal': False}, {'symbol': 'XAUUSD', 'signal': False}, {'symbol': 'GBPCAD', 'signal': False}, {'symbol': 'USDMXN', 'signal': False}, {'symbol': 'EURCAD', 'signal': False}, {'symbol': 'AUDCAD', 'signal': False}]
  → sleeping 299s until next M5 close ...
[2026-05-27 16:35:00 BROKER] heartbeat | {'uptime_s': 733.1, 'mt5_connected': True, 'mt5_trade_allowed': True, 'tracked_pendings': 0, 'open_positions': 0, 'cooldown_active': False, 'cooldown_remaining_s': 0.0, 'balance': 984.6, 'equity': 983.87}
[2026-05-27 16:35:00 BROKER] mt5_connected | {'state': 'healthy', 'periodic': True, 'connected': True, 'trade_allowed': True, 'ping_ms': 17272}
C:\Users\Administrator\Desktop\tob\ema-h1trend\mt5\run_multi_scalper.py:179: Pandas4Warning: Timestamp.utcnow is deprecated and will be removed in a future version. Use Timestamp.now('UTC') instead.
  return pd.Timestamp.utcnow().tz_localize(None) + pd.Timedelta(hours=BROKER_WALLCLOCK_OFFSET_HOURS)
[2026-05-27 16:35:00 BROKER] cycle | {'bars_m5': 599, 'bars_h1': 250, 'bars_d1': 120, 'last_bar_time': '2026-05-27 16:30:00', 'data_age_min': 5.0, 'signal': False, 'risk_per_trade': 0.003333, 'weight': 0.166667, 'diag': {'n_m5': 599, 'n_h1': 250, 'n_d1': 120, 'bar_time': '2026-05-27 16:30:00', 'open': 1.34428, 'high': 1.34483, 'low': 1.34421, 'close': 1.34474, 'volume': 598.0, 'trend_dir': -1, 'h1_trend': -1, 'd1_trend': -1, 'h1_rsi': 46.551, 'in_session': True, 'atr_ok': True, 'adx_ok': True, 'ema20': 1.344364, 'rsi': 56.359, 'atr': 0.000571, 'adx': 16.035, 'bb_up': 1.345557, 'bb_lo': 1.343114, 'f_bb': 0, 'f_ema': 1, 'f_rsi': 0, 'f_candle': 1, 'f_rsiR': 0, 'f_macd': 1, 'f_stoch': 0, 'f_vol': 1, 'signal_dir': 0, 'h1_topped_from_m5': 1, 'd1_topped_from_m5': 1}}
[2026-05-27 16:35:00 BROKER] heartbeat | {'uptime_s': 733.1, 'mt5_connected': True, 'mt5_trade_allowed': True, 'tracked_pendings': 0, 'open_positions': 0, 'cooldown_active': False, 'cooldown_remaining_s': 0.0, 'balance': 984.6, 'equity': 983.85}
C:\Users\Administrator\Desktop\tob\ema-h1trend\mt5\run_multi_scalper.py:179: Pandas4Warning: Timestamp.utcnow is deprecated and will be removed in a future version. Use Timestamp.now('UTC') instead.
  return pd.Timestamp.utcnow().tz_localize(None) + pd.Timedelta(hours=BROKER_WALLCLOCK_OFFSET_HOURS)
[2026-05-27 16:35:00 BROKER] cycle | {'bars_m5': 599, 'bars_h1': 250, 'bars_d1': 120, 'last_bar_time': '2026-05-27 16:30:00', 'data_age_min': 5.0, 'signal': False, 'risk_per_trade': 0.003333, 'weight': 0.166667, 'diag': {'n_m5': 599, 'n_h1': 250, 'n_d1': 120, 'bar_time': '2026-05-27 16:30:00', 'open': 4404.96, 'high': 4424.66, 'low': 4404.33, 'close': 4424.06, 'volume': 1769.0, 'trend_dir': -1, 'h1_trend': -1, 'd1_trend': -1, 'h1_rsi': 28.18, 'in_session': True, 'atr_ok': True, 'adx_ok': True, 'ema20': 4431.570087, 'rsi': 43.131, 'atr': 12.922672, 'adx': 38.285, 'bb_up': 4464.92427, 'bb_lo': 4403.27873, 'f_bb': 0, 'f_ema': 0, 'f_rsi': 1, 'f_candle': 1, 'f_rsiR': 1, 'f_macd': -1, 'f_stoch': 0, 'f_vol': 1, 'signal_dir': 0, 'h1_topped_from_m5': 1, 'd1_topped_from_m5': 1}}
[2026-05-27 16:35:00 BROKER] heartbeat | {'uptime_s': 733.1, 'mt5_connected': True, 'mt5_trade_allowed': True, 'tracked_pendings': 0, 'open_positions': 1, 'cooldown_active': False, 'cooldown_remaining_s': 0.0, 'balance': 984.6, 'equity': 983.74}
C:\Users\Administrator\Desktop\tob\ema-h1trend\mt5\run_multi_scalper.py:179: Pandas4Warning: Timestamp.utcnow is deprecated and will be removed in a future version. Use Timestamp.now('UTC') instead.
  return pd.Timestamp.utcnow().tz_localize(None) + pd.Timedelta(hours=BROKER_WALLCLOCK_OFFSET_HOURS)
[2026-05-27 16:35:01 BROKER] cycle | {'bars_m5': 599, 'bars_h1': 250, 'bars_d1': 120, 'last_bar_time': '2026-05-27 16:30:00', 'data_age_min': 5.0, 'signal': False, 'risk_per_trade': 0.003333, 'weight': 0.166667, 'diag': {'n_m5': 599, 'n_h1': 250, 'n_d1': 120, 'bar_time': '2026-05-27 16:30:00', 'open': 1.85972, 'high': 1.86002, 'low': 1.85949, 'close': 1.85971, 'volume': 890.0, 'trend_dir': 1, 'h1_trend': 1, 'd1_trend': 1, 'h1_rsi': 56.413, 'in_session': True, 'atr_ok': True, 'adx_ok': True, 'ema20': 1.859149, 'rsi': 58.784, 'atr': 0.000663, 'adx': 14.383, 'bb_up': 1.860047, 'bb_lo': 1.857997, 'f_bb': 0, 'f_ema': 0, 'f_rsi': 0, 'f_candle': 0, 'f_rsiR': 0, 'f_macd': 1, 'f_stoch': 0, 'f_vol': -1, 'signal_dir': 0, 'h1_topped_from_m5': 1, 'd1_topped_from_m5': 1}}
[2026-05-27 16:35:01 BROKER] heartbeat | {'uptime_s': 733.2, 'mt5_connected': True, 'mt5_trade_allowed': True, 'tracked_pendings': 0, 'open_positions': 0, 'cooldown_active': False, 'cooldown_remaining_s': 0.0, 'balance': 984.6, 'equity': 983.83}
C:\Users\Administrator\Desktop\tob\ema-h1trend\mt5\run_multi_scalper.py:179: Pandas4Warning: Timestamp.utcnow is deprecated and will be removed in a future version. Use Timestamp.now('UTC') instead.
  return pd.Timestamp.utcnow().tz_localize(None) + pd.Timedelta(hours=BROKER_WALLCLOCK_OFFSET_HOURS)
[2026-05-27 16:35:01 BROKER] cycle | {'bars_m5': 599, 'bars_h1': 250, 'bars_d1': 120, 'last_bar_time': '2026-05-27 16:30:00', 'data_age_min': 5.0, 'signal': False, 'risk_per_trade': 0.003333, 'weight': 0.166667, 'diag': {'n_m5': 599, 'n_h1': 250, 'n_d1': 120, 'bar_time': '2026-05-27 16:30:00', 'open': 17.34144, 'high': 17.34163, 'low': 17.32439, 'close': 17.32578, 'volume': 1011.0, 'trend_dir': 0, 'h1_trend': 1, 'd1_trend': -1, 'h1_rsi': 62.296, 'in_session': True, 'atr_ok': True, 'adx_ok': True, 'ema20': 17.315925, 'rsi': 58.699, 'atr': 0.012706, 'adx': 24.149, 'bb_up': 17.33567, 'bb_lo': 17.292774, 'f_bb': -1, 'f_ema': 0, 'f_rsi': -1, 'f_candle': -1, 'f_rsiR': -1, 'f_macd': 1, 'f_stoch': -1, 'f_vol': -1, 'signal_dir': 0, 'h1_topped_from_m5': 1, 'd1_topped_from_m5': 1}}
[2026-05-27 16:35:01 BROKER] heartbeat | {'uptime_s': 733.3, 'mt5_connected': True, 'mt5_trade_allowed': True, 'tracked_pendings': 0, 'open_positions': 0, 'cooldown_active': False, 'cooldown_remaining_s': 0.0, 'balance': 984.6, 'equity': 983.79}
C:\Users\Administrator\Desktop\tob\ema-h1trend\mt5\run_multi_scalper.py:179: Pandas4Warning: Timestamp.utcnow is deprecated and will be removed in a future version. Use Timestamp.now('UTC') instead.
  return pd.Timestamp.utcnow().tz_localize(None) + pd.Timedelta(hours=BROKER_WALLCLOCK_OFFSET_HOURS)
[2026-05-27 16:35:01 BROKER] cycle | {'bars_m5': 599, 'bars_h1': 250, 'bars_d1': 120, 'last_bar_time': '2026-05-27 16:30:00', 'data_age_min': 5.0, 'signal': False, 'risk_per_trade': 0.003333, 'weight': 0.166667, 'diag': {'n_m5': 599, 'n_h1': 250, 'n_d1': 120, 'bar_time': '2026-05-27 16:30:00', 'open': 1.61039, 'high': 1.6106, 'low': 1.61006, 'close': 1.61035, 'volume': 864.0, 'trend_dir': 1, 'h1_trend': 1, 'd1_trend': 1, 'h1_rsi': 70.029, 'in_session': True, 'atr_ok': True, 'adx_ok': True, 'ema20': 1.610399, 'rsi': 50.064, 'atr': 0.000613, 'adx': 17.828, 'bb_up': 1.611532, 'bb_lo': 1.609377, 'f_bb': 0, 'f_ema': -1, 'f_rsi': 0, 'f_candle': 0, 'f_rsiR': 0, 'f_macd': -1, 'f_stoch': 0, 'f_vol': -1, 'signal_dir': 0, 'h1_topped_from_m5': 1, 'd1_topped_from_m5': 1}}
[2026-05-27 16:35:01 BROKER] heartbeat | {'uptime_s': 733.3, 'mt5_connected': True, 'mt5_trade_allowed': True, 'tracked_pendings': 0, 'open_positions': 0, 'cooldown_active': False, 'cooldown_remaining_s': 0.0, 'balance': 984.6, 'equity': 983.83}
C:\Users\Administrator\Desktop\tob\ema-h1trend\mt5\run_multi_scalper.py:179: Pandas4Warning: Timestamp.utcnow is deprecated and will be removed in a future version. Use Timestamp.now('UTC') instead.
  return pd.Timestamp.utcnow().tz_localize(None) + pd.Timedelta(hours=BROKER_WALLCLOCK_OFFSET_HOURS)
[2026-05-27 16:35:01 BROKER] cycle | {'bars_m5': 599, 'bars_h1': 250, 'bars_d1': 120, 'last_bar_time': '2026-05-27 16:30:00', 'data_age_min': 5.0, 'signal': False, 'risk_per_trade': 0.003333, 'weight': 0.166667, 'diag': {'n_m5': 599, 'n_h1': 250, 'n_d1': 120, 'bar_time': '2026-05-27 16:30:00', 'open': 0.98654, 'high': 0.98701, 'low': 0.98645, 'close': 0.98696, 'volume': 906.0, 'trend_dir': 0, 'h1_trend': -1, 'd1_trend': 1, 'h1_rsi': 39.935, 'in_session': True, 'atr_ok': True, 'adx_ok': True, 'ema20': 0.986739, 'rsi': 52.925, 'atr': 0.000534, 'adx': 20.474, 'bb_up': 0.987612, 'bb_lo': 0.985809, 'f_bb': 0, 'f_ema': 1, 'f_rsi': 0, 'f_candle': 1, 'f_rsiR': 0, 'f_macd': 1, 'f_stoch': 0, 'f_vol': 1, 'signal_dir': 0, 'h1_topped_from_m5': 1, 'd1_topped_from_m5': 1}}
C:\Users\Administrator\Desktop\tob\ema-h1trend\mt5\run_multi_scalper.py:179: Pandas4Warning: Timestamp.utcnow is deprecated and will be removed in a future version. Use Timestamp.now('UTC') instead.
  return pd.Timestamp.utcnow().tz_localize(None) + pd.Timedelta(hours=BROKER_WALLCLOCK_OFFSET_HOURS)
[portfolio] cycle_complete: symbols=6 signals=0 placed=0 skipped=0 elapsed_s=1.06 per_symbol=[{'symbol': 'GBPUSD', 'signal': False}, {'symbol': 'XAUUSD', 'signal': False}, {'symbol': 'GBPCAD', 'signal': False}, {'symbol': 'USDMXN', 'signal': False}, {'symbol': 'EURCAD', 'signal': False}, {'symbol': 'AUDCAD', 'signal': False}]
  → sleeping 299s until next M5 close ...
[2026-05-27 16:40:00 BROKER] cycle | {'bars_m5': 599, 'bars_h1': 250, 'bars_d1': 120, 'last_bar_time': '2026-05-27 16:35:00', 'data_age_min': 5.0, 'signal': True, 'risk_per_trade': 0.003333, 'weight': 0.166667, 'diag': {'n_m5': 599, 'n_h1': 250, 'n_d1': 120, 'bar_time': '2026-05-27 16:35:00', 'open': 1.34474, 'high': 1.34484, 'low': 1.3441100000000001, 'close': 1.34422, 'volume': 605.0, 'trend_dir': -1, 'h1_trend': -1, 'd1_trend': -1, 'h1_rsi': 41.918, 'in_session': True, 'atr_ok': True, 'adx_ok': True, 'ema20': 1.34435, 'rsi': 48.792, 'atr': 0.000592, 'adx': 14.976, 'bb_up': 1.345522, 'bb_lo': 1.343228, 'f_bb': 0, 'f_ema': -1, 'f_rsi': 0, 'f_candle': -1, 'f_rsiR': 0, 'f_macd': -1, 'f_stoch': 0, 'f_vol': -1, 'signal_dir': -1, 'h1_topped_from_m5': 1, 'd1_topped_from_m5': 1}}
[2026-05-27 16:40:00 BROKER] signal | {'direction': 'SELL', 'entry': 1.34422, 'sl': 1.34539, 'tp': 1.34188, 'bar_time': '2026-05-27 16:35:00', 'atr': 0.00059, 'risk': 0.00117, 'rr': 2.0, 'trend_dir': -1, 'adx': 15.0, 'h1_rsi': 41.9, 'rsi': 48.8}
[2026-05-27 16:40:00 BROKER] telegram_sent | {'category': 'signal', 'attempt': 1, 'status': 200, 'latency_ms': 102.0}
[2026-05-27 16:40:00 BROKER] fallback_market_execution | {'reason': 'limit_geometry_limit_inside_stops_level', 'detail': 'entry 1.34422 - ask 1.34433 = -0.00011 <= stops 0.00000', 'ask': 1.34433, 'entry': 1.34422, 'stops_dist': 0.0}
[2026-05-27 16:40:00 BROKER] slippage_adjusted | {'direction': 'SELL', 'ob_entry': 1.34422, 'market_price': 1.34421, 'slippage_pts': 1.0, 'sl_unchanged': 1.34539, 'volume_original': 0.02, 'volume_adjusted': 0.02, 'tp_original': 1.34188, 'tp_adjusted': 1.34185}
[2026-05-27 16:40:00 BROKER] execution_latency | {'stage': 'market', 'ticket': 39471321, 'latency_ms': 191.8}
[2026-05-27 16:40:00 BROKER] market_order_placed | {'ticket': 39471321, 'side': 'sell', 'volume': 0.02, 'price': 1.34421, 'sl': 1.34539, 'tp': 1.34185, 'slippage_pts': 1.0, 'ob_entry': 1.34422}
[2026-05-27 16:40:01 BROKER] telegram_sent | {'category': 'order_placed', 'attempt': 1, 'status': 200, 'latency_ms': 301.1}
C:\Users\Administrator\Desktop\tob\ema-h1trend\mt5\run_multi_scalper.py:179: Pandas4Warning: Timestamp.utcnow is deprecated and will be removed in a future version. Use Timestamp.now('UTC') instead.
  return pd.Timestamp.utcnow().tz_localize(None) + pd.Timedelta(hours=BROKER_WALLCLOCK_OFFSET_HOURS)
[2026-05-27 16:40:01 BROKER] cycle | {'bars_m5': 599, 'bars_h1': 250, 'bars_d1': 120, 'last_bar_time': '2026-05-27 16:35:00', 'data_age_min': 5.0, 'signal': False, 'risk_per_trade': 0.003333, 'weight': 0.166667, 'diag': {'n_m5': 599, 'n_h1': 250, 'n_d1': 120, 'bar_time': '2026-05-27 16:35:00', 'open': 4423.99, 'high': 4425.89, 'low': 4412.57, 'close': 4418.24, 'volume': 1800.0, 'trend_dir': -1, 'h1_trend': -1, 'd1_trend': -1, 'h1_rsi': 27.209, 'in_session': True, 'atr_ok': True, 'adx_ok': True, 'ema20': 4430.300555, 'rsi': 40.459, 'atr': 12.975649, 'adx': 38.337, 'bb_up': 4465.135326, 'bb_lo': 4402.032674, 'f_bb': 0, 'f_ema': -1, 'f_rsi': 0, 'f_candle': 0, 'f_rsiR': 1, 'f_macd': -1, 'f_stoch': 0, 'f_vol': -1, 'signal_dir': 0, 'h1_topped_from_m5': 1, 'd1_topped_from_m5': 1}}
C:\Users\Administrator\Desktop\tob\ema-h1trend\mt5\run_multi_scalper.py:179: Pandas4Warning: Timestamp.utcnow is deprecated and will be removed in a future version. Use Timestamp.now('UTC') instead.
  return pd.Timestamp.utcnow().tz_localize(None) + pd.Timedelta(hours=BROKER_WALLCLOCK_OFFSET_HOURS)
[2026-05-27 16:40:01 BROKER] cycle | {'bars_m5': 599, 'bars_h1': 250, 'bars_d1': 120, 'last_bar_time': '2026-05-27 16:35:00', 'data_age_min': 5.0, 'signal': True, 'risk_per_trade': 0.003333, 'weight': 0.166667, 'diag': {'n_m5': 599, 'n_h1': 250, 'n_d1': 120, 'bar_time': '2026-05-27 16:35:00', 'open': 1.85972, 'high': 1.8599, 'low': 1.85922, 'close': 1.8593199999999999, 'volume': 860.0, 'trend_dir': 1, 'h1_trend': 1, 'd1_trend': 1, 'h1_rsi': 54.424, 'in_session': True, 'atr_ok': True, 'adx_ok': True, 'ema20': 1.859165, 'rsi': 52.954, 'atr': 0.000666, 'adx': 14.09, 'bb_up': 1.860042, 'bb_lo': 1.858108, 'f_bb': 0, 'f_ema': 1, 'f_rsi': 0, 'f_candle': 0, 'f_rsiR': 0, 'f_macd': 1, 'f_stoch': 0, 'f_vol': -1, 'signal_dir': 1, 'h1_topped_from_m5': 1, 'd1_topped_from_m5': 1}}
[2026-05-27 16:40:01 BROKER] signal | {'direction': 'BUY', 'entry': 1.85932, 'sl': 1.85813, 'tp': 1.86169, 'bar_time': '2026-05-27 16:35:00', 'atr': 0.00067, 'risk': 0.00119, 'rr': 2.0, 'trend_dir': 1, 'adx': 14.1, 'h1_rsi': 54.4, 'rsi': 53.0}
[2026-05-27 16:40:01 BROKER] signal_telegram_suppressed | {'reason': 'position_open_for_symbol', 'bar_time': '2026-05-27 16:35:00', 'direction': 'BUY'}
[2026-05-27 16:40:01 BROKER] skip | {'reason': 'position_open', 'ob_key': ['2026-05-27 16:35:00', 'BUY'], 'missed_signal': {'direction': 'BUY', 'entry': 1.85932, 'sl': 1.85813, 'tp': 1.86169}}
[2026-05-27 16:40:01 BROKER] telegram_sent | {'category': 'skip', 'attempt': 1, 'status': 200, 'latency_ms': 103.5}
C:\Users\Administrator\Desktop\tob\ema-h1trend\mt5\run_multi_scalper.py:179: Pandas4Warning: Timestamp.utcnow is deprecated and will be removed in a future version. Use Timestamp.now('UTC') instead.
  return pd.Timestamp.utcnow().tz_localize(None) + pd.Timedelta(hours=BROKER_WALLCLOCK_OFFSET_HOURS)
[2026-05-27 16:40:01 BROKER] cycle | {'bars_m5': 599, 'bars_h1': 250, 'bars_d1': 120, 'last_bar_time': '2026-05-27 16:35:00', 'data_age_min': 5.0, 'signal': False, 'risk_per_trade': 0.003333, 'weight': 0.166667, 'diag': {'n_m5': 599, 'n_h1': 250, 'n_d1': 120, 'bar_time': '2026-05-27 16:35:00', 'open': 17.3259, 'high': 17.34303, 'low': 17.32512, 'close': 17.33749, 'volume': 1112.0, 'trend_dir': 0, 'h1_trend': 1, 'd1_trend': -1, 'h1_rsi': 65.717, 'in_session': True, 'atr_ok': True, 'adx_ok': True, 'ema20': 17.317979, 'rsi': 64.43, 'atr': 0.013399, 'adx': 25.336, 'bb_up': 17.339211, 'bb_lo': 17.292437, 'f_bb': -1, 'f_ema': 0, 'f_rsi': 0, 'f_candle': 0, 'f_rsiR': -1, 'f_macd': 1, 'f_stoch': 0, 'f_vol': 1, 'signal_dir': 0, 'h1_topped_from_m5': 1, 'd1_topped_from_m5': 1}}
C:\Users\Administrator\Desktop\tob\ema-h1trend\mt5\run_multi_scalper.py:179: Pandas4Warning: Timestamp.utcnow is deprecated and will be removed in a future version. Use Timestamp.now('UTC') instead.
  return pd.Timestamp.utcnow().tz_localize(None) + pd.Timedelta(hours=BROKER_WALLCLOCK_OFFSET_HOURS)
[2026-05-27 16:40:02 BROKER] cycle | {'bars_m5': 599, 'bars_h1': 250, 'bars_d1': 120, 'last_bar_time': '2026-05-27 16:35:00', 'data_age_min': 5.0, 'signal': False, 'risk_per_trade': 0.003333, 'weight': 0.166667, 'diag': {'n_m5': 599, 'n_h1': 250, 'n_d1': 120, 'bar_time': '2026-05-27 16:35:00', 'open': 1.61036, 'high': 1.61057, 'low': 1.61017, 'close': 1.61032, 'volume': 853.0, 'trend_dir': 1, 'h1_trend': 1, 'd1_trend': 1, 'h1_rsi': 69.885, 'in_session': True, 'atr_ok': True, 'adx_ok': True, 'ema20': 1.610392, 'rsi': 49.574, 'atr': 0.000585, 'adx': 16.844, 'bb_up': 1.611508, 'bb_lo': 1.609461, 'f_bb': 0, 'f_ema': -1, 'f_rsi': 0, 'f_candle': 0, 'f_rsiR': 0, 'f_macd': -1, 'f_stoch': 0, 'f_vol': -1, 'signal_dir': 0, 'h1_topped_from_m5': 1, 'd1_topped_from_m5': 1}}
C:\Users\Administrator\Desktop\tob\ema-h1trend\mt5\run_multi_scalper.py:179: Pandas4Warning: Timestamp.utcnow is deprecated and will be removed in a future version. Use Timestamp.now('UTC') instead.
  return pd.Timestamp.utcnow().tz_localize(None) + pd.Timedelta(hours=BROKER_WALLCLOCK_OFFSET_HOURS)
[2026-05-27 16:40:02 BROKER] cycle | {'bars_m5': 599, 'bars_h1': 250, 'bars_d1': 120, 'last_bar_time': '2026-05-27 16:35:00', 'data_age_min': 5.0, 'signal': False, 'risk_per_trade': 0.003333, 'weight': 0.166667, 'diag': {'n_m5': 599, 'n_h1': 250, 'n_d1': 120, 'bar_time': '2026-05-27 16:35:00', 'open': 0.98695, 'high': 0.98696, 'low': 0.98626, 'close': 0.98659, 'volume': 857.0, 'trend_dir': 0, 'h1_trend': -1, 'd1_trend': 1, 'h1_rsi': 36.375, 'in_session': True, 'atr_ok': True, 'adx_ok': True, 'ema20': 0.986724, 'rsi': 47.452, 'atr': 0.000556, 'adx': 20.274, 'bb_up': 0.987612, 'bb_lo': 0.985816, 'f_bb': 0, 'f_ema': -1, 'f_rsi': 0, 'f_candle': 0, 'f_rsiR': 0, 'f_macd': 1, 'f_stoch': 0, 'f_vol': -1, 'signal_dir': 0, 'h1_topped_from_m5': 1, 'd1_topped_from_m5': 1}}
C:\Users\Administrator\Desktop\tob\ema-h1trend\mt5\run_multi_scalper.py:179: Pandas4Warning: Timestamp.utcnow is deprecated and will be removed in a future version. Use Timestamp.now('UTC') instead.
  return pd.Timestamp.utcnow().tz_localize(None) + pd.Timedelta(hours=BROKER_WALLCLOCK_OFFSET_HOURS)
[portfolio] cycle_complete: symbols=6 signals=2 placed=1 skipped=0 elapsed_s=1.71 per_symbol=[{'symbol': 'GBPUSD', 'signal': True, 'stage': 'market', 'placed': True, 'ticket': 39471321}, {'symbol': 'XAUUSD', 'signal': False}, {'symbol': 'GBPCAD', 'signal': True, 'stage': 'skipped', 'placed': False, 'ticket': None}, {'symbol': 'USDMXN', 'signal': False}, {'symbol': 'EURCAD', 'signal': False}, {'symbol': 'AUDCAD', 'signal': False}]
  → sleeping 298s until next M5 close ...
[2026-05-27 16:45:00 BROKER] cycle | {'bars_m5': 599, 'bars_h1': 250, 'bars_d1': 120, 'last_bar_time': '2026-05-27 16:40:00', 'data_age_min': 5.0, 'signal': True, 'risk_per_trade': 0.003333, 'weight': 0.166667, 'diag': {'n_m5': 599, 'n_h1': 250, 'n_d1': 120, 'bar_time': '2026-05-27 16:40:00', 'open': 1.34421, 'high': 1.34455, 'low': 1.34418, 'close': 1.3443, 'volume': 541.0, 'trend_dir': -1, 'h1_trend': -1, 'd1_trend': -1, 'h1_rsi': 42.683, 'in_session': True, 'atr_ok': True, 'adx_ok': True, 'ema20': 1.344345, 'rsi': 49.906, 'atr': 0.000563, 'adx': 13.994, 'bb_up': 1.345462, 'bb_lo': 1.343385, 'f_bb': 0, 'f_ema': -1, 'f_rsi': 0, 'f_candle': 0, 'f_rsiR': 0, 'f_macd': -1, 'f_stoch': 0, 'f_vol': 1, 'signal_dir': -1, 'h1_topped_from_m5': 1, 'd1_topped_from_m5': 1}}
[2026-05-27 16:45:00 BROKER] signal | {'direction': 'SELL', 'entry': 1.3443, 'sl': 1.34492, 'tp': 1.34307, 'bar_time': '2026-05-27 16:40:00', 'atr': 0.00056, 'risk': 0.00062, 'rr': 2.0, 'trend_dir': -1, 'adx': 14.0, 'h1_rsi': 42.7, 'rsi': 49.9}
[2026-05-27 16:45:00 BROKER] signal_telegram_suppressed | {'reason': 'position_open_for_symbol', 'bar_time': '2026-05-27 16:40:00', 'direction': 'SELL'}
[2026-05-27 16:45:00 BROKER] skip | {'reason': 'position_open', 'ob_key': ['2026-05-27 16:40:00', 'SELL'], 'missed_signal': {'direction': 'SELL', 'entry': 1.3443, 'sl': 1.34492, 'tp': 1.34307}}
[2026-05-27 16:45:00 BROKER] telegram_sent | {'category': 'skip', 'attempt': 1, 'status': 200, 'latency_ms': 181.1}
[2026-05-27 16:45:00 BROKER] heartbeat | {'uptime_s': 1333.2, 'mt5_connected': True, 'mt5_trade_allowed': True, 'tracked_pendings': 0, 'open_positions': 0, 'cooldown_active': False, 'cooldown_remaining_s': 0.0, 'balance': 984.6, 'equity': 983.66}
[2026-05-27 16:45:00 BROKER] mt5_connected | {'state': 'healthy', 'periodic': True, 'connected': True, 'trade_allowed': True, 'ping_ms': 17272}
C:\Users\Administrator\Desktop\tob\ema-h1trend\mt5\run_multi_scalper.py:179: Pandas4Warning: Timestamp.utcnow is deprecated and will be removed in a future version. Use Timestamp.now('UTC') instead.
  return pd.Timestamp.utcnow().tz_localize(None) + pd.Timedelta(hours=BROKER_WALLCLOCK_OFFSET_HOURS)
[2026-05-27 16:45:01 BROKER] cycle | {'bars_m5': 599, 'bars_h1': 250, 'bars_d1': 120, 'last_bar_time': '2026-05-27 16:40:00', 'data_age_min': 5.0, 'signal': False, 'risk_per_trade': 0.003333, 'weight': 0.166667, 'diag': {'n_m5': 599, 'n_h1': 250, 'n_d1': 120, 'bar_time': '2026-05-27 16:40:00', 'open': 4418.21, 'high': 4423.47, 'low': 4416.72, 'close': 4419.55, 'volume': 1618.0, 'trend_dir': -1, 'h1_trend': -1, 'd1_trend': -1, 'h1_rsi': 27.422, 'in_session': True, 'atr_ok': True, 'adx_ok': True, 'ema20': 4429.276693, 'rsi': 41.34, 'atr': 12.145563, 'adx': 38.385, 'bb_up': 4465.006168, 'bb_lo': 4400.678832, 'f_bb': 0, 'f_ema': 0, 'f_rsi': 0, 'f_candle': 0, 'f_rsiR': 1, 'f_macd': -1, 'f_stoch': 0, 'f_vol': 0, 'signal_dir': 0, 'h1_topped_from_m5': 1, 'd1_topped_from_m5': 1}}
[2026-05-27 16:45:01 BROKER] heartbeat | {'uptime_s': 1333.3, 'mt5_connected': True, 'mt5_trade_allowed': True, 'tracked_pendings': 0, 'open_positions': 1, 'cooldown_active': False, 'cooldown_remaining_s': 0.0, 'balance': 984.6, 'equity': 983.69}
C:\Users\Administrator\Desktop\tob\ema-h1trend\mt5\run_multi_scalper.py:179: Pandas4Warning: Timestamp.utcnow is deprecated and will be removed in a future version. Use Timestamp.now('UTC') instead.
  return pd.Timestamp.utcnow().tz_localize(None) + pd.Timedelta(hours=BROKER_WALLCLOCK_OFFSET_HOURS)
[2026-05-27 16:45:01 BROKER] cycle | {'bars_m5': 599, 'bars_h1': 250, 'bars_d1': 120, 'last_bar_time': '2026-05-27 16:40:00', 'data_age_min': 5.0, 'signal': True, 'risk_per_trade': 0.003333, 'weight': 0.166667, 'diag': {'n_m5': 599, 'n_h1': 250, 'n_d1': 120, 'bar_time': '2026-05-27 16:40:00', 'open': 1.8593199999999999, 'high': 1.85976, 'low': 1.85929, 'close': 1.8597000000000001, 'volume': 784.0, 'trend_dir': 1, 'h1_trend': 1, 'd1_trend': 1, 'h1_rsi': 56.364, 'in_session': True, 'atr_ok': True, 'adx_ok': True, 'ema20': 1.859216, 'rsi': 57.389, 'atr': 0.000639, 'adx': 13.819, 'bb_up': 1.860082, 'bb_lo': 1.858205, 'f_bb': 0, 'f_ema': 1, 'f_rsi': 0, 'f_candle': 0, 'f_rsiR': 0, 'f_macd': 1, 'f_stoch': 0, 'f_vol': 1, 'signal_dir': 1, 'h1_topped_from_m5': 1, 'd1_topped_from_m5': 1}}
[2026-05-27 16:45:01 BROKER] signal | {'direction': 'BUY', 'entry': 1.8597, 'sl': 1.85814, 'tp': 1.86283, 'bar_time': '2026-05-27 16:40:00', 'atr': 0.00064, 'risk': 0.00156, 'rr': 2.0, 'trend_dir': 1, 'adx': 13.8, 'h1_rsi': 56.4, 'rsi': 57.4}
[2026-05-27 16:45:01 BROKER] signal_telegram_suppressed | {'reason': 'position_open_for_symbol', 'bar_time': '2026-05-27 16:40:00', 'direction': 'BUY'}
[2026-05-27 16:45:01 BROKER] skip | {'reason': 'position_open', 'ob_key': ['2026-05-27 16:40:00', 'BUY'], 'missed_signal': {'direction': 'BUY', 'entry': 1.8597, 'sl': 1.85814, 'tp': 1.86283}}
[2026-05-27 16:45:01 BROKER] telegram_sent | {'category': 'skip', 'attempt': 1, 'status': 200, 'latency_ms': 180.7}
[2026-05-27 16:45:01 BROKER] heartbeat | {'uptime_s': 1333.5, 'mt5_connected': True, 'mt5_trade_allowed': True, 'tracked_pendings': 0, 'open_positions': 0, 'cooldown_active': False, 'cooldown_remaining_s': 0.0, 'balance': 984.6, 'equity': 983.72}
C:\Users\Administrator\Desktop\tob\ema-h1trend\mt5\run_multi_scalper.py:179: Pandas4Warning: Timestamp.utcnow is deprecated and will be removed in a future version. Use Timestamp.now('UTC') instead.
  return pd.Timestamp.utcnow().tz_localize(None) + pd.Timedelta(hours=BROKER_WALLCLOCK_OFFSET_HOURS)
[2026-05-27 16:45:01 BROKER] cycle | {'bars_m5': 599, 'bars_h1': 250, 'bars_d1': 120, 'last_bar_time': '2026-05-27 16:40:00', 'data_age_min': 5.0, 'signal': False, 'risk_per_trade': 0.003333, 'weight': 0.166667, 'diag': {'n_m5': 599, 'n_h1': 250, 'n_d1': 120, 'bar_time': '2026-05-27 16:40:00', 'open': 17.3375, 'high': 17.34689, 'low': 17.33545, 'close': 17.34495, 'volume': 853.0, 'trend_dir': 0, 'h1_trend': 1, 'd1_trend': -1, 'h1_rsi': 67.591, 'in_session': True, 'atr_ok': True, 'adx_ok': True, 'ema20': 17.320548, 'rsi': 67.522, 'atr': 0.013138, 'adx': 26.738, 'bb_up': 17.344118, 'bb_lo': 17.291135, 'f_bb': -1, 'f_ema': 0, 'f_rsi': 0, 'f_candle': 0, 'f_rsiR': -1, 'f_macd': 1, 'f_stoch': 0, 'f_vol': 1, 'signal_dir': 0, 'h1_topped_from_m5': 1, 'd1_topped_from_m5': 1}}
[2026-05-27 16:45:01 BROKER] heartbeat | {'uptime_s': 1333.6, 'mt5_connected': True, 'mt5_trade_allowed': True, 'tracked_pendings': 0, 'open_positions': 0, 'cooldown_active': False, 'cooldown_remaining_s': 0.0, 'balance': 984.6, 'equity': 983.72}
C:\Users\Administrator\Desktop\tob\ema-h1trend\mt5\run_multi_scalper.py:179: Pandas4Warning: Timestamp.utcnow is deprecated and will be removed in a future version. Use Timestamp.now('UTC') instead.
  return pd.Timestamp.utcnow().tz_localize(None) + pd.Timedelta(hours=BROKER_WALLCLOCK_OFFSET_HOURS)
[2026-05-27 16:45:01 BROKER] cycle | {'bars_m5': 599, 'bars_h1': 250, 'bars_d1': 120, 'last_bar_time': '2026-05-27 16:40:00', 'data_age_min': 5.0, 'signal': False, 'risk_per_trade': 0.003333, 'weight': 0.166667, 'diag': {'n_m5': 599, 'n_h1': 250, 'n_d1': 120, 'bar_time': '2026-05-27 16:40:00', 'open': 1.61035, 'high': 1.6107, 'low': 1.6102699999999999, 'close': 1.61049, 'volume': 858.0, 'trend_dir': 1, 'h1_trend': 1, 'd1_trend': 1, 'h1_rsi': 70.682, 'in_session': True, 'atr_ok': True, 'adx_ok': True, 'ema20': 1.610401, 'rsi': 52.416, 'atr': 0.000564, 'adx': 15.644, 'bb_up': 1.611503, 'bb_lo': 1.609521, 'f_bb': 0, 'f_ema': 1, 'f_rsi': 0, 'f_candle': 0, 'f_rsiR': 0, 'f_macd': -1, 'f_stoch': 0, 'f_vol': 1, 'signal_dir': 0, 'h1_topped_from_m5': 1, 'd1_topped_from_m5': 1}}
[2026-05-27 16:45:01 BROKER] heartbeat | {'uptime_s': 1333.6, 'mt5_connected': True, 'mt5_trade_allowed': True, 'tracked_pendings': 0, 'open_positions': 0, 'cooldown_active': False, 'cooldown_remaining_s': 0.0, 'balance': 984.6, 'equity': 983.72}
C:\Users\Administrator\Desktop\tob\ema-h1trend\mt5\run_multi_scalper.py:179: Pandas4Warning: Timestamp.utcnow is deprecated and will be removed in a future version. Use Timestamp.now('UTC') instead.
  return pd.Timestamp.utcnow().tz_localize(None) + pd.Timedelta(hours=BROKER_WALLCLOCK_OFFSET_HOURS)
[2026-05-27 16:45:01 BROKER] cycle | {'bars_m5': 599, 'bars_h1': 250, 'bars_d1': 120, 'last_bar_time': '2026-05-27 16:40:00', 'data_age_min': 5.0, 'signal': False, 'risk_per_trade': 0.003333, 'weight': 0.166667, 'diag': {'n_m5': 599, 'n_h1': 250, 'n_d1': 120, 'bar_time': '2026-05-27 16:40:00', 'open': 0.98662, 'high': 0.98683, 'low': 0.98654, 'close': 0.98683, 'volume': 777.0, 'trend_dir': 0, 'h1_trend': -1, 'd1_trend': 1, 'h1_rsi': 38.731, 'in_session': True, 'atr_ok': True, 'adx_ok': True, 'ema20': 0.986734, 'rsi': 50.992, 'atr': 0.000521, 'adx': 20.088, 'bb_up': 0.987624, 'bb_lo': 0.985843, 'f_bb': 0, 'f_ema': 1, 'f_rsi': 0, 'f_candle': 0, 'f_rsiR': 0, 'f_macd': 1, 'f_stoch': 0, 'f_vol': 1, 'signal_dir': 0, 'h1_topped_from_m5': 1, 'd1_topped_from_m5': 1}}
[portfolio] cycle_complete: symbols=6 signals=2 placed=0 skipped=0 elapsed_s=1.38 per_symbol=[{'symbol': 'GBPUSD', 'signal': True, 'stage': 'skipped', 'placed': False, 'ticket': None}, {'symbol': 'XAUUSD', 'signal': False}, {'symbol': 'GBPCAD', 'signal': True, 'stage': 'skipped', 'placed': False, 'ticket': None}, {'symbol': 'USDMXN', 'signal': False}, {'symbol': 'EURCAD', 'signal': False}, {'symbol': 'AUDCAD', 'signal': False}]
  → sleeping 299s until next M5 close ...
[2026-05-27 16:50:00 BROKER] heartbeat | {'uptime_s': 1633.1, 'mt5_connected': True, 'mt5_trade_allowed': True, 'tracked_pendings': 0, 'open_positions': 1, 'cooldown_active': False, 'cooldown_remaining_s': 0.0, 'balance': 984.6, 'equity': 984.08}
C:\Users\Administrator\Desktop\tob\ema-h1trend\mt5\run_multi_scalper.py:179: Pandas4Warning: Timestamp.utcnow is deprecated and will be removed in a future version. Use Timestamp.now('UTC') instead.
  return pd.Timestamp.utcnow().tz_localize(None) + pd.Timedelta(hours=BROKER_WALLCLOCK_OFFSET_HOURS)
[2026-05-27 16:50:00 BROKER] cycle | {'bars_m5': 599, 'bars_h1': 250, 'bars_d1': 120, 'last_bar_time': '2026-05-27 16:45:00', 'data_age_min': 5.0, 'signal': False, 'risk_per_trade': 0.003333, 'weight': 0.166667, 'diag': {'n_m5': 599, 'n_h1': 250, 'n_d1': 120, 'bar_time': '2026-05-27 16:45:00', 'open': 1.34429, 'high': 1.34469, 'low': 1.34421, 'close': 1.34442, 'volume': 582.0, 'trend_dir': -1, 'h1_trend': -1, 'd1_trend': -1, 'h1_rsi': 43.792, 'in_session': True, 'atr_ok': True, 'adx_ok': True, 'ema20': 1.344352, 'rsi': 51.607, 'atr': 0.000552, 'adx': 13.337, 'bb_up': 1.345409, 'bb_lo': 1.343532, 'f_bb': 0, 'f_ema': 1, 'f_rsi': 0, 'f_candle': 0, 'f_rsiR': 0, 'f_macd': -1, 'f_stoch': 0, 'f_vol': 1, 'signal_dir': 0, 'h1_topped_from_m5': 1, 'd1_topped_from_m5': 1}}
C:\Users\Administrator\Desktop\tob\ema-h1trend\mt5\run_multi_scalper.py:179: Pandas4Warning: Timestamp.utcnow is deprecated and will be removed in a future version. Use Timestamp.now('UTC') instead.
  return pd.Timestamp.utcnow().tz_localize(None) + pd.Timedelta(hours=BROKER_WALLCLOCK_OFFSET_HOURS)
[2026-05-27 16:50:00 BROKER] cycle | {'bars_m5': 599, 'bars_h1': 250, 'bars_d1': 120, 'last_bar_time': '2026-05-27 16:45:00', 'data_age_min': 5.0, 'signal': False, 'risk_per_trade': 0.003333, 'weight': 0.166667, 'diag': {'n_m5': 599, 'n_h1': 250, 'n_d1': 120, 'bar_time': '2026-05-27 16:45:00', 'open': 4419.38, 'high': 4428.63, 'low': 4418.53, 'close': 4420.49, 'volume': 1549.0, 'trend_dir': -1, 'h1_trend': -1, 'd1_trend': -1, 'h1_rsi': 27.577, 'in_session': True, 'atr_ok': True, 'adx_ok': True, 'ema20': 4428.439865, 'rsi': 42.003, 'atr': 11.872821, 'adx': 37.545, 'bb_up': 4464.845369, 'bb_lo': 4399.578631, 'f_bb': 0, 'f_ema': -1, 'f_rsi': 0, 'f_candle': 0, 'f_rsiR': 1, 'f_macd': -1, 'f_stoch': 0, 'f_vol': 0, 'signal_dir': 0, 'h1_topped_from_m5': 1, 'd1_topped_from_m5': 1}}
C:\Users\Administrator\Desktop\tob\ema-h1trend\mt5\run_multi_scalper.py:179: Pandas4Warning: Timestamp.utcnow is deprecated and will be removed in a future version. Use Timestamp.now('UTC') instead.
  return pd.Timestamp.utcnow().tz_localize(None) + pd.Timedelta(hours=BROKER_WALLCLOCK_OFFSET_HOURS)
[2026-05-27 16:50:00 BROKER] cycle | {'bars_m5': 599, 'bars_h1': 250, 'bars_d1': 120, 'last_bar_time': '2026-05-27 16:45:00', 'data_age_min': 5.0, 'signal': True, 'risk_per_trade': 0.003333, 'weight': 0.166667, 'diag': {'n_m5': 599, 'n_h1': 250, 'n_d1': 120, 'bar_time': '2026-05-27 16:45:00', 'open': 1.8597000000000001, 'high': 1.86008, 'low': 1.85897, 'close': 1.85972, 'volume': 784.0, 'trend_dir': 1, 'h1_trend': 1, 'd1_trend': 1, 'h1_rsi': 56.462, 'in_session': True, 'atr_ok': True, 'adx_ok': True, 'ema20': 1.859264, 'rsi': 57.615, 'atr': 0.000702, 'adx': 12.859, 'bb_up': 1.86013, 'bb_lo': 1.858274, 'f_bb': 0, 'f_ema': 1, 'f_rsi': 0, 'f_candle': 1, 'f_rsiR': 0, 'f_macd': 1, 'f_stoch': 0, 'f_vol': 1, 'signal_dir': 1, 'h1_topped_from_m5': 1, 'd1_topped_from_m5': 1}}
[2026-05-27 16:50:00 BROKER] signal | {'direction': 'BUY', 'entry': 1.85972, 'sl': 1.85813, 'tp': 1.8629, 'bar_time': '2026-05-27 16:45:00', 'atr': 0.0007, 'risk': 0.00159, 'rr': 2.0, 'trend_dir': 1, 'adx': 12.9, 'h1_rsi': 56.5, 'rsi': 57.6}
[2026-05-27 16:50:00 BROKER] signal_telegram_suppressed | {'reason': 'position_open_for_symbol', 'bar_time': '2026-05-27 16:45:00', 'direction': 'BUY'}
[2026-05-27 16:50:00 BROKER] skip | {'reason': 'position_open', 'ob_key': ['2026-05-27 16:45:00', 'BUY'], 'missed_signal': {'direction': 'BUY', 'entry': 1.85972, 'sl': 1.85813, 'tp': 1.8629}}
[2026-05-27 16:50:01 BROKER] telegram_sent | {'category': 'skip', 'attempt': 1, 'status': 200, 'latency_ms': 135.6}
C:\Users\Administrator\Desktop\tob\ema-h1trend\mt5\run_multi_scalper.py:179: Pandas4Warning: Timestamp.utcnow is deprecated and will be removed in a future version. Use Timestamp.now('UTC') instead.
  return pd.Timestamp.utcnow().tz_localize(None) + pd.Timedelta(hours=BROKER_WALLCLOCK_OFFSET_HOURS)
[2026-05-27 16:50:01 BROKER] cycle | {'bars_m5': 599, 'bars_h1': 250, 'bars_d1': 120, 'last_bar_time': '2026-05-27 16:45:00', 'data_age_min': 5.0, 'signal': False, 'risk_per_trade': 0.003333, 'weight': 0.166667, 'diag': {'n_m5': 599, 'n_h1': 250, 'n_d1': 120, 'bar_time': '2026-05-27 16:45:00', 'open': 17.34449, 'high': 17.3455, 'low': 17.33747, 'close': 17.34446, 'volume': 893.0, 'trend_dir': 0, 'h1_trend': 1, 'd1_trend': -1, 'h1_rsi': 67.474, 'in_session': True, 'atr_ok': True, 'adx_ok': True, 'ema20': 17.322825, 'rsi': 67.11, 'atr': 0.012457, 'adx': 28.039, 'bb_up': 17.348147, 'bb_lo': 17.290152, 'f_bb': 0, 'f_ema': 0, 'f_rsi': 0, 'f_candle': 0, 'f_rsiR': -1, 'f_macd': 1, 'f_stoch': 0, 'f_vol': -1, 'signal_dir': 0, 'h1_topped_from_m5': 1, 'd1_topped_from_m5': 1}}
C:\Users\Administrator\Desktop\tob\ema-h1trend\mt5\run_multi_scalper.py:179: Pandas4Warning: Timestamp.utcnow is deprecated and will be removed in a future version. Use Timestamp.now('UTC') instead.
  return pd.Timestamp.utcnow().tz_localize(None) + pd.Timedelta(hours=BROKER_WALLCLOCK_OFFSET_HOURS)
[2026-05-27 16:50:01 BROKER] cycle | {'bars_m5': 599, 'bars_h1': 250, 'bars_d1': 120, 'last_bar_time': '2026-05-27 16:45:00', 'data_age_min': 5.0, 'signal': False, 'risk_per_trade': 0.003333, 'weight': 0.166667, 'diag': {'n_m5': 599, 'n_h1': 250, 'n_d1': 120, 'bar_time': '2026-05-27 16:45:00', 'open': 1.61049, 'high': 1.61084, 'low': 1.6101999999999999, 'close': 1.61052, 'volume': 830.0, 'trend_dir': 1, 'h1_trend': 1, 'd1_trend': 1, 'h1_rsi': 70.818, 'in_session': True, 'atr_ok': True, 'adx_ok': True, 'ema20': 1.610412, 'rsi': 52.921, 'atr': 0.000574, 'adx': 14.828, 'bb_up': 1.611481, 'bb_lo': 1.609615, 'f_bb': 0, 'f_ema': 1, 'f_rsi': 0, 'f_candle': 0, 'f_rsiR': 0, 'f_macd': -1, 'f_stoch': 0, 'f_vol': 1, 'signal_dir': 0, 'h1_topped_from_m5': 1, 'd1_topped_from_m5': 1}}
C:\Users\Administrator\Desktop\tob\ema-h1trend\mt5\run_multi_scalper.py:179: Pandas4Warning: Timestamp.utcnow is deprecated and will be removed in a future version. Use Timestamp.now('UTC') instead.
  return pd.Timestamp.utcnow().tz_localize(None) + pd.Timedelta(hours=BROKER_WALLCLOCK_OFFSET_HOURS)
[2026-05-27 16:50:01 BROKER] cycle | {'bars_m5': 599, 'bars_h1': 250, 'bars_d1': 120, 'last_bar_time': '2026-05-27 16:45:00', 'data_age_min': 5.0, 'signal': False, 'risk_per_trade': 0.003333, 'weight': 0.166667, 'diag': {'n_m5': 599, 'n_h1': 250, 'n_d1': 120, 'bar_time': '2026-05-27 16:45:00', 'open': 0.98684, 'high': 0.98714, 'low': 0.98642, 'close': 0.98657, 'volume': 878.0, 'trend_dir': 0, 'h1_trend': -1, 'd1_trend': 1, 'h1_rsi': 36.171, 'in_session': True, 'atr_ok': True, 'adx_ok': True, 'ema20': 0.986719, 'rsi': 47.276, 'atr': 0.000547, 'adx': 18.823, 'bb_up': 0.987617, 'bb_lo': 0.985878, 'f_bb': 0, 'f_ema': -1, 'f_rsi': 0, 'f_candle': -1, 'f_rsiR': 0, 'f_macd': 1, 'f_stoch': 0, 'f_vol': -1, 'signal_dir': 0, 'h1_topped_from_m5': 1, 'd1_topped_from_m5': 1}}
C:\Users\Administrator\Desktop\tob\ema-h1trend\mt5\run_multi_scalper.py:179: Pandas4Warning: Timestamp.utcnow is deprecated and will be removed in a future version. Use Timestamp.now('UTC') instead.
  return pd.Timestamp.utcnow().tz_localize(None) + pd.Timedelta(hours=BROKER_WALLCLOCK_OFFSET_HOURS)
[portfolio] cycle_complete: symbols=6 signals=1 placed=0 skipped=0 elapsed_s=1.14 per_symbol=[{'symbol': 'GBPUSD', 'signal': False}, {'symbol': 'XAUUSD', 'signal': False}, {'symbol': 'GBPCAD', 'signal': True, 'stage': 'skipped', 'placed': False, 'ticket': None}, {'symbol': 'USDMXN', 'signal': False}, {'symbol': 'EURCAD', 'signal': False}, {'symbol': 'AUDCAD', 'signal': False}]
  → sleeping 299s until next M5 close ...
[2026-05-27 16:55:00 BROKER] cycle | {'bars_m5': 599, 'bars_h1': 250, 'bars_d1': 120, 'last_bar_time': '2026-05-27 16:50:00', 'data_age_min': 5.0, 'signal': True, 'risk_per_trade': 0.003333, 'weight': 0.166667, 'diag': {'n_m5': 599, 'n_h1': 250, 'n_d1': 120, 'bar_time': '2026-05-27 16:50:00', 'open': 1.34442, 'high': 1.34473, 'low': 1.34406, 'close': 1.34423, 'volume': 543.0, 'trend_dir': -1, 'h1_trend': -1, 'd1_trend': -1, 'h1_rsi': 42.015, 'in_session': True, 'atr_ok': True, 'adx_ok': True, 'ema20': 1.344341, 'rsi': 48.782, 'atr': 0.000567, 'adx': 12.523, 'bb_up': 1.345292, 'bb_lo': 1.343741, 'f_bb': 0, 'f_ema': -1, 'f_rsi': 0, 'f_candle': -1, 'f_rsiR': 0, 'f_macd': -1, 'f_stoch': 0, 'f_vol': -1, 'signal_dir': -1, 'h1_topped_from_m5': 1, 'd1_topped_from_m5': 1}}
[2026-05-27 16:55:00 BROKER] signal | {'direction': 'SELL', 'entry': 1.34423, 'sl': 1.3449, 'tp': 1.3429, 'bar_time': '2026-05-27 16:50:00', 'atr': 0.00057, 'risk': 0.00067, 'rr': 2.0, 'trend_dir': -1, 'adx': 12.5, 'h1_rsi': 42.0, 'rsi': 48.8}
[2026-05-27 16:55:00 BROKER] signal_telegram_suppressed | {'reason': 'position_open_for_symbol', 'bar_time': '2026-05-27 16:50:00', 'direction': 'SELL'}
[2026-05-27 16:55:00 BROKER] skip | {'reason': 'position_open', 'ob_key': ['2026-05-27 16:50:00', 'SELL'], 'missed_signal': {'direction': 'SELL', 'entry': 1.34423, 'sl': 1.3449, 'tp': 1.3429}}
[2026-05-27 16:55:00 BROKER] telegram_sent | {'category': 'skip', 'attempt': 1, 'status': 200, 'latency_ms': 120.4}
C:\Users\Administrator\Desktop\tob\ema-h1trend\mt5\run_multi_scalper.py:179: Pandas4Warning: Timestamp.utcnow is deprecated and will be removed in a future version. Use Timestamp.now('UTC') instead.
  return pd.Timestamp.utcnow().tz_localize(None) + pd.Timedelta(hours=BROKER_WALLCLOCK_OFFSET_HOURS)
[2026-05-27 16:55:00 BROKER] cycle | {'bars_m5': 599, 'bars_h1': 250, 'bars_d1': 120, 'last_bar_time': '2026-05-27 16:50:00', 'data_age_min': 5.0, 'signal': False, 'risk_per_trade': 0.003333, 'weight': 0.166667, 'diag': {'n_m5': 599, 'n_h1': 250, 'n_d1': 120, 'bar_time': '2026-05-27 16:50:00', 'open': 4420.66, 'high': 4434.16, 'low': 4419.52, 'close': 4425.32, 'volume': 1714.0, 'trend_dir': -1, 'h1_trend': -1, 'd1_trend': -1, 'h1_rsi': 28.399, 'in_session': True, 'atr_ok': True, 'adx_ok': True, 'ema20': 4428.142735, 'rsi': 45.417, 'atr': 12.241778, 'adx': 35.923, 'bb_up': 4464.727935, 'bb_lo': 4399.184065, 'f_bb': 0, 'f_ema': -1, 'f_rsi': 0, 'f_candle': 0, 'f_rsiR': 1, 'f_macd': 1, 'f_stoch': 0, 'f_vol': 0, 'signal_dir': 0, 'h1_topped_from_m5': 1, 'd1_topped_from_m5': 1}}
[2026-05-27 16:55:00 BROKER] mt5_connected | {'state': 'healthy', 'periodic': True, 'connected': True, 'trade_allowed': True, 'ping_ms': 17272}
C:\Users\Administrator\Desktop\tob\ema-h1trend\mt5\run_multi_scalper.py:179: Pandas4Warning: Timestamp.utcnow is deprecated and will be removed in a future version. Use Timestamp.now('UTC') instead.
  return pd.Timestamp.utcnow().tz_localize(None) + pd.Timedelta(hours=BROKER_WALLCLOCK_OFFSET_HOURS)
[2026-05-27 16:55:01 BROKER] cycle | {'bars_m5': 599, 'bars_h1': 250, 'bars_d1': 120, 'last_bar_time': '2026-05-27 16:50:00', 'data_age_min': 5.0, 'signal': False, 'risk_per_trade': 0.003333, 'weight': 0.166667, 'diag': {'n_m5': 599, 'n_h1': 250, 'n_d1': 120, 'bar_time': '2026-05-27 16:50:00', 'open': 1.8598400000000002, 'high': 1.8598599999999998, 'low': 1.85885, 'close': 1.8588900000000002, 'volume': 829.0, 'trend_dir': 1, 'h1_trend': 1, 'd1_trend': 1, 'h1_rsi': 52.009, 'in_session': True, 'atr_ok': True, 'adx_ok': True, 'ema20': 1.859228, 'rsi': 46.558, 'atr': 0.000743, 'adx': 12.164, 'bb_up': 1.860083, 'bb_lo': 1.858374, 'f_bb': 0, 'f_ema': -1, 'f_rsi': 0, 'f_candle': -1, 'f_rsiR': 0, 'f_macd': 1, 'f_stoch': 0, 'f_vol': -1, 'signal_dir': 0, 'h1_topped_from_m5': 1, 'd1_topped_from_m5': 1}}
C:\Users\Administrator\Desktop\tob\ema-h1trend\mt5\run_multi_scalper.py:179: Pandas4Warning: Timestamp.utcnow is deprecated and will be removed in a future version. Use Timestamp.now('UTC') instead.
  return pd.Timestamp.utcnow().tz_localize(None) + pd.Timedelta(hours=BROKER_WALLCLOCK_OFFSET_HOURS)
[2026-05-27 16:55:01 BROKER] cycle | {'bars_m5': 599, 'bars_h1': 250, 'bars_d1': 120, 'last_bar_time': '2026-05-27 16:50:00', 'data_age_min': 5.0, 'signal': False, 'risk_per_trade': 0.003333, 'weight': 0.166667, 'diag': {'n_m5': 599, 'n_h1': 250, 'n_d1': 120, 'bar_time': '2026-05-27 16:50:00', 'open': 17.34445, 'high': 17.3525, 'low': 17.34349, 'close': 17.35205, 'volume': 988.0, 'trend_dir': 0, 'h1_trend': 1, 'd1_trend': -1, 'h1_rsi': 69.193, 'in_session': True, 'atr_ok': True, 'adx_ok': True, 'ema20': 17.325608, 'rsi': 70.153, 'atr': 0.011997, 'adx': 29.757, 'bb_up': 17.353317, 'bb_lo': 17.288288, 'f_bb': 0, 'f_ema': 0, 'f_rsi': 0, 'f_candle': 1, 'f_rsiR': -1, 'f_macd': 1, 'f_stoch': 0, 'f_vol': 1, 'signal_dir': 0, 'h1_topped_from_m5': 1, 'd1_topped_from_m5': 1}}
C:\Users\Administrator\Desktop\tob\ema-h1trend\mt5\run_multi_scalper.py:179: Pandas4Warning: Timestamp.utcnow is deprecated and will be removed in a future version. Use Timestamp.now('UTC') instead.
  return pd.Timestamp.utcnow().tz_localize(None) + pd.Timedelta(hours=BROKER_WALLCLOCK_OFFSET_HOURS)
[2026-05-27 16:55:01 BROKER] cycle | {'bars_m5': 599, 'bars_h1': 250, 'bars_d1': 120, 'last_bar_time': '2026-05-27 16:50:00', 'data_age_min': 5.0, 'signal': False, 'risk_per_trade': 0.003333, 'weight': 0.166667, 'diag': {'n_m5': 599, 'n_h1': 250, 'n_d1': 120, 'bar_time': '2026-05-27 16:50:00', 'open': 1.61052, 'high': 1.61062, 'low': 1.60944, 'close': 1.60945, 'volume': 890.0, 'trend_dir': 1, 'h1_trend': 1, 'd1_trend': 1, 'h1_rsi': 62.594, 'in_session': True, 'atr_ok': True, 'adx_ok': True, 'ema20': 1.610321, 'rsi': 37.609, 'atr': 0.000655, 'adx': 14.954, 'bb_up': 1.61154, 'bb_lo': 1.609514, 'f_bb': 1, 'f_ema': -1, 'f_rsi': 0, 'f_candle': -1, 'f_rsiR': 0, 'f_macd': -1, 'f_stoch': 0, 'f_vol': -1, 'signal_dir': 0, 'h1_topped_from_m5': 1, 'd1_topped_from_m5': 1}}
C:\Users\Administrator\Desktop\tob\ema-h1trend\mt5\run_multi_scalper.py:179: Pandas4Warning: Timestamp.utcnow is deprecated and will be removed in a future version. Use Timestamp.now('UTC') instead.
  return pd.Timestamp.utcnow().tz_localize(None) + pd.Timedelta(hours=BROKER_WALLCLOCK_OFFSET_HOURS)
[2026-05-27 16:55:01 BROKER] cycle | {'bars_m5': 599, 'bars_h1': 250, 'bars_d1': 120, 'last_bar_time': '2026-05-27 16:50:00', 'data_age_min': 5.0, 'signal': False, 'risk_per_trade': 0.003333, 'weight': 0.166667, 'diag': {'n_m5': 599, 'n_h1': 250, 'n_d1': 120, 'bar_time': '2026-05-27 16:50:00', 'open': 0.98659, 'high': 0.98684, 'low': 0.98644, 'close': 0.98654, 'volume': 839.0, 'trend_dir': 0, 'h1_trend': -1, 'd1_trend': 1, 'h1_rsi': 35.862, 'in_session': True, 'atr_ok': True, 'adx_ok': True, 'ema20': 0.986702, 'rsi': 46.852, 'atr': 0.000528, 'adx': 17.648, 'bb_up': 0.98752, 'bb_lo': 0.986057, 'f_bb': 0, 'f_ema': -1, 'f_rsi': 0, 'f_candle': -1, 'f_rsiR': 0, 'f_macd': 1, 'f_stoch': 0, 'f_vol': -1, 'signal_dir': 0, 'h1_topped_from_m5': 1, 'd1_topped_from_m5': 1}}
C:\Users\Administrator\Desktop\tob\ema-h1trend\mt5\run_multi_scalper.py:179: Pandas4Warning: Timestamp.utcnow is deprecated and will be removed in a future version. Use Timestamp.now('UTC') instead.
  return pd.Timestamp.utcnow().tz_localize(None) + pd.Timedelta(hours=BROKER_WALLCLOCK_OFFSET_HOURS)
[portfolio] cycle_complete: symbols=6 signals=1 placed=0 skipped=0 elapsed_s=1.08 per_symbol=[{'symbol': 'GBPUSD', 'signal': True, 'stage': 'skipped', 'placed': False, 'ticket': None}, {'symbol': 'XAUUSD', 'signal': False}, {'symbol': 'GBPCAD', 'signal': False}, {'symbol': 'USDMXN', 'signal': False}, {'symbol': 'EURCAD', 'signal': False}, {'symbol': 'AUDCAD', 'signal': False}]
  → sleeping 299s until next M5 close ...
[2026-05-27 17:00:00 BROKER] cycle | {'bars_m5': 599, 'bars_h1': 249, 'bars_d1': 120, 'last_bar_time': '2026-05-27 16:55:00', 'data_age_min': 5.0, 'signal': False, 'risk_per_trade': 0.003333, 'weight': 0.166667, 'diag': {'n_m5': 599, 'n_h1': 249, 'n_d1': 120, 'bar_time': '2026-05-27 16:55:00', 'open': 1.34424, 'high': 1.3446799999999999, 'low': 1.34405, 'close': 1.34463, 'volume': 513.0, 'trend_dir': -1, 'h1_trend': -1, 'd1_trend': -1, 'h1_rsi': 45.634, 'in_session': True, 'atr_ok': True, 'adx_ok': True, 'ema20': 1.344368, 'rsi': 54.437, 'atr': 0.000576, 'adx': 11.798, 'bb_up': 1.345243, 'bb_lo': 1.34388, 'f_bb': 0, 'f_ema': 1, 'f_rsi': 0, 'f_candle': 0, 'f_rsiR': 0, 'f_macd': -1, 'f_stoch': 0, 'f_vol': 1, 'signal_dir': 0, 'h1_topped_from_m5': 0, 'd1_topped_from_m5': 1}}
[2026-05-27 17:00:00 BROKER] heartbeat | {'uptime_s': 2233.0, 'mt5_connected': True, 'mt5_trade_allowed': True, 'tracked_pendings': 0, 'open_positions': 0, 'cooldown_active': False, 'cooldown_remaining_s': 0.0, 'balance': 980.72, 'equity': 978.8}
C:\Users\Administrator\Desktop\tob\ema-h1trend\mt5\run_multi_scalper.py:179: Pandas4Warning: Timestamp.utcnow is deprecated and will be removed in a future version. Use Timestamp.now('UTC') instead.
  return pd.Timestamp.utcnow().tz_localize(None) + pd.Timedelta(hours=BROKER_WALLCLOCK_OFFSET_HOURS)
[2026-05-27 17:00:00 BROKER] cycle | {'bars_m5': 599, 'bars_h1': 249, 'bars_d1': 120, 'last_bar_time': '2026-05-27 16:55:00', 'data_age_min': 5.0, 'signal': False, 'risk_per_trade': 0.003333, 'weight': 0.166667, 'diag': {'n_m5': 599, 'n_h1': 249, 'n_d1': 120, 'bar_time': '2026-05-27 16:55:00', 'open': 4425.39, 'high': 4428.31, 'low': 4423.64, 'close': 4427.39, 'volume': 1496.0, 'trend_dir': -1, 'h1_trend': -1, 'd1_trend': -1, 'h1_rsi': 28.767, 'in_session': True, 'atr_ok': True, 'adx_ok': True, 'ema20': 4428.071046, 'rsi': 46.861, 'atr': 11.232208, 'adx': 34.417, 'bb_up': 4462.939019, 'bb_lo': 4398.961981, 'f_bb': 0, 'f_ema': -1, 'f_rsi': 0, 'f_candle': 0, 'f_rsiR': 1, 'f_macd': 1, 'f_stoch': 0, 'f_vol': 0, 'signal_dir': 0, 'h1_topped_from_m5': 0, 'd1_topped_from_m5': 1}}
[2026-05-27 17:00:00 BROKER] heartbeat | {'uptime_s': 2233.1, 'mt5_connected': True, 'mt5_trade_allowed': True, 'tracked_pendings': 0, 'open_positions': 1, 'cooldown_active': False, 'cooldown_remaining_s': 0.0, 'balance': 980.72, 'equity': 978.84}
C:\Users\Administrator\Desktop\tob\ema-h1trend\mt5\run_multi_scalper.py:179: Pandas4Warning: Timestamp.utcnow is deprecated and will be removed in a future version. Use Timestamp.now('UTC') instead.
  return pd.Timestamp.utcnow().tz_localize(None) + pd.Timedelta(hours=BROKER_WALLCLOCK_OFFSET_HOURS)
[2026-05-27 17:00:00 BROKER] cycle | {'bars_m5': 599, 'bars_h1': 249, 'bars_d1': 120, 'last_bar_time': '2026-05-27 16:55:00', 'data_age_min': 5.0, 'signal': False, 'risk_per_trade': 0.003333, 'weight': 0.166667, 'diag': {'n_m5': 599, 'n_h1': 249, 'n_d1': 120, 'bar_time': '2026-05-27 16:55:00', 'open': 1.8588900000000002, 'high': 1.85918, 'low': 1.85866, 'close': 1.85908, 'volume': 797.0, 'trend_dir': 1, 'h1_trend': 1, 'd1_trend': 1, 'h1_rsi': 53.107, 'in_session': True, 'atr_ok': True, 'adx_ok': True, 'ema20': 1.859214, 'rsi': 48.972, 'atr': 0.000713, 'adx': 11.909, 'bb_up': 1.860069, 'bb_lo': 1.858426, 'f_bb': 0, 'f_ema': -1, 'f_rsi': 0, 'f_candle': 0, 'f_rsiR': 0, 'f_macd': -1, 'f_stoch': 0, 'f_vol': 1, 'signal_dir': 0, 'h1_topped_from_m5': 0, 'd1_topped_from_m5': 1}}
[2026-05-27 17:00:00 BROKER] heartbeat | {'uptime_s': 2233.1, 'mt5_connected': True, 'mt5_trade_allowed': True, 'tracked_pendings': 0, 'open_positions': 0, 'cooldown_active': False, 'cooldown_remaining_s': 0.0, 'balance': 980.72, 'equity': 978.92}
C:\Users\Administrator\Desktop\tob\ema-h1trend\mt5\run_multi_scalper.py:179: Pandas4Warning: Timestamp.utcnow is deprecated and will be removed in a future version. Use Timestamp.now('UTC') instead.
  return pd.Timestamp.utcnow().tz_localize(None) + pd.Timedelta(hours=BROKER_WALLCLOCK_OFFSET_HOURS)
[2026-05-27 17:00:01 BROKER] cycle | {'bars_m5': 599, 'bars_h1': 249, 'bars_d1': 120, 'last_bar_time': '2026-05-27 16:55:00', 'data_age_min': 5.0, 'signal': False, 'risk_per_trade': 0.003333, 'weight': 0.166667, 'diag': {'n_m5': 599, 'n_h1': 249, 'n_d1': 120, 'bar_time': '2026-05-27 16:55:00', 'open': 17.35198, 'high': 17.35198, 'low': 17.34079, 'close': 17.34226, 'volume': 1085.0, 'trend_dir': 0, 'h1_trend': 1, 'd1_trend': -1, 'h1_rsi': 66.939, 'in_session': True, 'atr_ok': True, 'adx_ok': True, 'ema20': 17.327194, 'rsi': 62.164, 'atr': 0.011899, 'adx': 30.798, 'bb_up': 17.355873, 'bb_lo': 17.288159, 'f_bb': 0, 'f_ema': 0, 'f_rsi': -1, 'f_candle': 0, 'f_rsiR': -1, 'f_macd': 1, 'f_stoch': -1, 'f_vol': -1, 'signal_dir': 0, 'h1_topped_from_m5': 0, 'd1_topped_from_m5': 1}}
[2026-05-27 17:00:01 BROKER] heartbeat | {'uptime_s': 2233.1, 'mt5_connected': True, 'mt5_trade_allowed': True, 'tracked_pendings': 0, 'open_positions': 0, 'cooldown_active': False, 'cooldown_remaining_s': 0.0, 'balance': 980.72, 'equity': 978.92}
C:\Users\Administrator\Desktop\tob\ema-h1trend\mt5\run_multi_scalper.py:179: Pandas4Warning: Timestamp.utcnow is deprecated and will be removed in a future version. Use Timestamp.now('UTC') instead.
  return pd.Timestamp.utcnow().tz_localize(None) + pd.Timedelta(hours=BROKER_WALLCLOCK_OFFSET_HOURS)
[2026-05-27 17:00:01 BROKER] cycle | {'bars_m5': 599, 'bars_h1': 249, 'bars_d1': 120, 'last_bar_time': '2026-05-27 16:55:00', 'data_age_min': 5.0, 'signal': False, 'risk_per_trade': 0.003333, 'weight': 0.166667, 'diag': {'n_m5': 599, 'n_h1': 249, 'n_d1': 120, 'bar_time': '2026-05-27 16:55:00', 'open': 1.60945, 'high': 1.60953, 'low': 1.60928, 'close': 1.60948, 'volume': 823.0, 'trend_dir': 1, 'h1_trend': 1, 'd1_trend': 1, 'h1_rsi': 62.887, 'in_session': True, 'atr_ok': True, 'adx_ok': True, 'ema20': 1.610241, 'rsi': 38.149, 'atr': 0.000601, 'adx': 15.328, 'bb_up': 1.611598, 'bb_lo': 1.60939, 'f_bb': 1, 'f_ema': 0, 'f_rsi': 0, 'f_candle': 1, 'f_rsiR': 0, 'f_macd': -1, 'f_stoch': 0, 'f_vol': 1, 'signal_dir': 0, 'h1_topped_from_m5': 0, 'd1_topped_from_m5': 1}}
[2026-05-27 17:00:01 BROKER] heartbeat | {'uptime_s': 2233.1, 'mt5_connected': True, 'mt5_trade_allowed': True, 'tracked_pendings': 0, 'open_positions': 0, 'cooldown_active': False, 'cooldown_remaining_s': 0.0, 'balance': 980.72, 'equity': 978.9}
C:\Users\Administrator\Desktop\tob\ema-h1trend\mt5\run_multi_scalper.py:179: Pandas4Warning: Timestamp.utcnow is deprecated and will be removed in a future version. Use Timestamp.now('UTC') instead.
  return pd.Timestamp.utcnow().tz_localize(None) + pd.Timedelta(hours=BROKER_WALLCLOCK_OFFSET_HOURS)
[2026-05-27 17:00:01 BROKER] cycle | {'bars_m5': 599, 'bars_h1': 249, 'bars_d1': 120, 'last_bar_time': '2026-05-27 16:55:00', 'data_age_min': 5.0, 'signal': False, 'risk_per_trade': 0.003333, 'weight': 0.166667, 'diag': {'n_m5': 599, 'n_h1': 249, 'n_d1': 120, 'bar_time': '2026-05-27 16:55:00', 'open': 0.98657, 'high': 0.9868, 'low': 0.98645, 'close': 0.98679, 'volume': 754.0, 'trend_dir': 0, 'h1_trend': -1, 'd1_trend': 1, 'h1_rsi': 38.35, 'in_session': True, 'atr_ok': True, 'adx_ok': True, 'ema20': 0.98671, 'rsi': 50.813, 'atr': 0.000504, 'adx': 16.557, 'bb_up': 0.987524, 'bb_lo': 0.986075, 'f_bb': 0, 'f_ema': 1, 'f_rsi': 0, 'f_candle': 0, 'f_rsiR': 0, 'f_macd': 1, 'f_stoch': 0, 'f_vol': 1, 'signal_dir': 0, 'h1_topped_from_m5': 0, 'd1_topped_from_m5': 1}}
[portfolio] cycle_complete: symbols=6 signals=0 placed=0 skipped=0 elapsed_s=0.89 per_symbol=[{'symbol': 'GBPUSD', 'signal': False}, {'symbol': 'XAUUSD', 'signal': False}, {'symbol': 'GBPCAD', 'signal': False}, {'symbol': 'USDMXN', 'signal': False}, {'symbol': 'EURCAD', 'signal': False}, {'symbol': 'AUDCAD', 'signal': False}]
  → sleeping 299s until next M5 close ...
[2026-05-27 17:05:00 BROKER] heartbeat | {'uptime_s': 2533.1, 'mt5_connected': True, 'mt5_trade_allowed': True, 'tracked_pendings': 0, 'open_positions': 1, 'cooldown_active': False, 'cooldown_remaining_s': 0.0, 'balance': 980.72, 'equity': 980.5}
C:\Users\Administrator\Desktop\tob\ema-h1trend\mt5\run_multi_scalper.py:179: Pandas4Warning: Timestamp.utcnow is deprecated and will be removed in a future version. Use Timestamp.now('UTC') instead.
  return pd.Timestamp.utcnow().tz_localize(None) + pd.Timedelta(hours=BROKER_WALLCLOCK_OFFSET_HOURS)
[2026-05-27 17:05:00 BROKER] cycle | {'bars_m5': 599, 'bars_h1': 250, 'bars_d1': 120, 'last_bar_time': '2026-05-27 17:00:00', 'data_age_min': 5.0, 'signal': False, 'risk_per_trade': 0.003333, 'weight': 0.166667, 'diag': {'n_m5': 599, 'n_h1': 250, 'n_d1': 120, 'bar_time': '2026-05-27 17:00:00', 'open': 1.34469, 'high': 1.34487, 'low': 1.34422, 'close': 1.34454, 'volume': 537.0, 'trend_dir': -1, 'h1_trend': -1, 'd1_trend': -1, 'h1_rsi': 44.954, 'in_session': True, 'atr_ok': True, 'adx_ok': True, 'ema20': 1.344385, 'rsi': 53.019, 'atr': 0.000586, 'adx': 11.413, 'bb_up': 1.345246, 'bb_lo': 1.343884, 'f_bb': 0, 'f_ema': 1, 'f_rsi': 0, 'f_candle': 0, 'f_rsiR': 0, 'f_macd': -1, 'f_stoch': 0, 'f_vol': -1, 'signal_dir': 0, 'h1_topped_from_m5': 1, 'd1_topped_from_m5': 1}}
C:\Users\Administrator\Desktop\tob\ema-h1trend\mt5\run_multi_scalper.py:179: Pandas4Warning: Timestamp.utcnow is deprecated and will be removed in a future version. Use Timestamp.now('UTC') instead.
  return pd.Timestamp.utcnow().tz_localize(None) + pd.Timedelta(hours=BROKER_WALLCLOCK_OFFSET_HOURS)
[2026-05-27 17:05:00 BROKER] cycle | {'bars_m5': 599, 'bars_h1': 250, 'bars_d1': 120, 'last_bar_time': '2026-05-27 17:00:00', 'data_age_min': 5.0, 'signal': False, 'risk_per_trade': 0.003333, 'weight': 0.166667, 'diag': {'n_m5': 599, 'n_h1': 250, 'n_d1': 120, 'bar_time': '2026-05-27 17:00:00', 'open': 4427.87, 'high': 4438.1, 'low': 4426.05, 'close': 4438.09, 'volume': 1449.0, 'trend_dir': -1, 'h1_trend': -1, 'd1_trend': -1, 'h1_rsi': 33.559, 'in_session': True, 'atr_ok': True, 'adx_ok': True, 'ema20': 4429.025232, 'rsi': 53.682, 'atr': 11.341247, 'adx': 32.216, 'bb_up': 4460.224652, 'bb_lo': 4399.970348, 'f_bb': 0, 'f_ema': 1, 'f_rsi': 0, 'f_candle': 0, 'f_rsiR': 1, 'f_macd': 1, 'f_stoch': 0, 'f_vol': 0, 'signal_dir': 0, 'h1_topped_from_m5': 1, 'd1_topped_from_m5': 1}}
C:\Users\Administrator\Desktop\tob\ema-h1trend\mt5\run_multi_scalper.py:179: Pandas4Warning: Timestamp.utcnow is deprecated and will be removed in a future version. Use Timestamp.now('UTC') instead.
  return pd.Timestamp.utcnow().tz_localize(None) + pd.Timedelta(hours=BROKER_WALLCLOCK_OFFSET_HOURS)
[2026-05-27 17:05:00 BROKER] cycle | {'bars_m5': 599, 'bars_h1': 250, 'bars_d1': 120, 'last_bar_time': '2026-05-27 17:00:00', 'data_age_min': 5.0, 'signal': True, 'risk_per_trade': 0.003333, 'weight': 0.166667, 'diag': {'n_m5': 599, 'n_h1': 250, 'n_d1': 120, 'bar_time': '2026-05-27 17:00:00', 'open': 1.8591, 'high': 1.8596599999999999, 'low': 1.85906, 'close': 1.8596599999999999, 'volume': 827.0, 'trend_dir': 1, 'h1_trend': 1, 'd1_trend': 1, 'h1_rsi': 56.387, 'in_session': True, 'atr_ok': True, 'adx_ok': True, 'ema20': 1.859257, 'rsi': 55.57, 'atr': 0.000698, 'adx': 11.475, 'bb_up': 1.860109, 'bb_lo': 1.858425, 'f_bb': 0, 'f_ema': 1, 'f_rsi': 0, 'f_candle': 0, 'f_rsiR': 0, 'f_macd': 1, 'f_stoch': 0, 'f_vol': 1, 'signal_dir': 1, 'h1_topped_from_m5': 1, 'd1_topped_from_m5': 1}}
[2026-05-27 17:05:00 BROKER] signal | {'direction': 'BUY', 'entry': 1.85966, 'sl': 1.85854, 'tp': 1.8619, 'bar_time': '2026-05-27 17:00:00', 'atr': 0.0007, 'risk': 0.00112, 'rr': 2.0, 'trend_dir': 1, 'adx': 11.5, 'h1_rsi': 56.4, 'rsi': 55.6}
[2026-05-27 17:05:00 BROKER] signal_telegram_suppressed | {'reason': 'position_open_for_symbol', 'bar_time': '2026-05-27 17:00:00', 'direction': 'BUY'}
[2026-05-27 17:05:00 BROKER] skip | {'reason': 'position_open', 'ob_key': ['2026-05-27 17:00:00', 'BUY'], 'missed_signal': {'direction': 'BUY', 'entry': 1.85966, 'sl': 1.85854, 'tp': 1.8619}}
[2026-05-27 17:05:01 BROKER] telegram_sent | {'category': 'skip', 'attempt': 1, 'status': 200, 'latency_ms': 143.3}
[2026-05-27 17:05:01 BROKER] mt5_connected | {'state': 'healthy', 'periodic': True, 'connected': True, 'trade_allowed': True, 'ping_ms': 17272}
C:\Users\Administrator\Desktop\tob\ema-h1trend\mt5\run_multi_scalper.py:179: Pandas4Warning: Timestamp.utcnow is deprecated and will be removed in a future version. Use Timestamp.now('UTC') instead.
  return pd.Timestamp.utcnow().tz_localize(None) + pd.Timedelta(hours=BROKER_WALLCLOCK_OFFSET_HOURS)
[2026-05-27 17:05:01 BROKER] cycle | {'bars_m5': 599, 'bars_h1': 250, 'bars_d1': 120, 'last_bar_time': '2026-05-27 17:00:00', 'data_age_min': 5.0, 'signal': False, 'risk_per_trade': 0.003333, 'weight': 0.166667, 'diag': {'n_m5': 599, 'n_h1': 250, 'n_d1': 120, 'bar_time': '2026-05-27 17:00:00', 'open': 17.34234, 'high': 17.34631, 'low': 17.33589, 'close': 17.34102, 'volume': 1068.0, 'trend_dir': 0, 'h1_trend': 1, 'd1_trend': -1, 'h1_rsi': 66.278, 'in_session': True, 'atr_ok': True, 'adx_ok': True, 'ema20': 17.328511, 'rsi': 61.213, 'atr': 0.011702, 'adx': 30.829, 'bb_up': 17.357798, 'bb_lo': 17.289667, 'f_bb': 0, 'f_ema': 0, 'f_rsi': 0, 'f_candle': 0, 'f_rsiR': -1, 'f_macd': 1, 'f_stoch': 0, 'f_vol': -1, 'signal_dir': 0, 'h1_topped_from_m5': 1, 'd1_topped_from_m5': 1}}
C:\Users\Administrator\Desktop\tob\ema-h1trend\mt5\run_multi_scalper.py:179: Pandas4Warning: Timestamp.utcnow is deprecated and will be removed in a future version. Use Timestamp.now('UTC') instead.
  return pd.Timestamp.utcnow().tz_localize(None) + pd.Timedelta(hours=BROKER_WALLCLOCK_OFFSET_HOURS)
[2026-05-27 17:05:01 BROKER] cycle | {'bars_m5': 599, 'bars_h1': 250, 'bars_d1': 120, 'last_bar_time': '2026-05-27 17:00:00', 'data_age_min': 5.0, 'signal': False, 'risk_per_trade': 0.003333, 'weight': 0.166667, 'diag': {'n_m5': 599, 'n_h1': 250, 'n_d1': 120, 'bar_time': '2026-05-27 17:00:00', 'open': 1.60949, 'high': 1.60981, 'low': 1.6093600000000001, 'close': 1.60979, 'volume': 772.0, 'trend_dir': 1, 'h1_trend': 1, 'd1_trend': 1, 'h1_rsi': 64.727, 'in_session': True, 'atr_ok': True, 'adx_ok': True, 'ema20': 1.610198, 'rsi': 43.586, 'atr': 0.000581, 'adx': 15.028, 'bb_up': 1.611572, 'bb_lo': 1.609308, 'f_bb': 0, 'f_ema': 0, 'f_rsi': 0, 'f_candle': 0, 'f_rsiR': 0, 'f_macd': -1, 'f_stoch': 1, 'f_vol': 0, 'signal_dir': 0, 'h1_topped_from_m5': 1, 'd1_topped_from_m5': 1}}
C:\Users\Administrator\Desktop\tob\ema-h1trend\mt5\run_multi_scalper.py:179: Pandas4Warning: Timestamp.utcnow is deprecated and will be removed in a future version. Use Timestamp.now('UTC') instead.
  return pd.Timestamp.utcnow().tz_localize(None) + pd.Timedelta(hours=BROKER_WALLCLOCK_OFFSET_HOURS)
[2026-05-27 17:05:01 BROKER] cycle | {'bars_m5': 599, 'bars_h1': 250, 'bars_d1': 120, 'last_bar_time': '2026-05-27 17:00:00', 'data_age_min': 5.0, 'signal': False, 'risk_per_trade': 0.003333, 'weight': 0.166667, 'diag': {'n_m5': 599, 'n_h1': 250, 'n_d1': 120, 'bar_time': '2026-05-27 17:00:00', 'open': 0.98682, 'high': 0.98695, 'low': 0.98667, 'close': 0.98692, 'volume': 760.0, 'trend_dir': 0, 'h1_trend': -1, 'd1_trend': 1, 'h1_rsi': 39.662, 'in_session': True, 'atr_ok': True, 'adx_ok': True, 'ema20': 0.98673, 'rsi': 52.784, 'atr': 0.000474, 'adx': 15.737, 'bb_up': 0.987463, 'bb_lo': 0.986095, 'f_bb': 0, 'f_ema': 1, 'f_rsi': 0, 'f_candle': 0, 'f_rsiR': 0, 'f_macd': 1, 'f_stoch': 0, 'f_vol': 1, 'signal_dir': 0, 'h1_topped_from_m5': 1, 'd1_topped_from_m5': 1}}
C:\Users\Administrator\Desktop\tob\ema-h1trend\mt5\run_multi_scalper.py:179: Pandas4Warning: Timestamp.utcnow is deprecated and will be removed in a future version. Use Timestamp.now('UTC') instead.
  return pd.Timestamp.utcnow().tz_localize(None) + pd.Timedelta(hours=BROKER_WALLCLOCK_OFFSET_HOURS)
[portfolio] cycle_complete: symbols=6 signals=1 placed=0 skipped=0 elapsed_s=1.12 per_symbol=[{'symbol': 'GBPUSD', 'signal': False}, {'symbol': 'XAUUSD', 'signal': False}, {'symbol': 'GBPCAD', 'signal': True, 'stage': 'skipped', 'placed': False, 'ticket': None}, {'symbol': 'USDMXN', 'signal': False}, {'symbol': 'EURCAD', 'signal': False}, {'symbol': 'AUDCAD', 'signal': False}]
  → sleeping 299s until next M5 close ...
[2026-05-27 17:10:00 BROKER] cycle | {'bars_m5': 599, 'bars_h1': 250, 'bars_d1': 120, 'last_bar_time': '2026-05-27 17:05:00', 'data_age_min': 5.0, 'signal': False, 'risk_per_trade': 0.003333, 'weight': 0.166667, 'diag': {'n_m5': 599, 'n_h1': 250, 'n_d1': 120, 'bar_time': '2026-05-27 17:05:00', 'open': 1.34454, 'high': 1.34476, 'low': 1.3443, 'close': 1.34451, 'volume': 523.0, 'trend_dir': -1, 'h1_trend': -1, 'd1_trend': -1, 'h1_rsi': 44.732, 'in_session': True, 'atr_ok': True, 'adx_ok': True, 'ema20': 1.344397, 'rsi': 52.527, 'atr': 0.000569, 'adx': 11.056, 'bb_up': 1.345124, 'bb_lo': 1.343931, 'f_bb': 0, 'f_ema': 1, 'f_rsi': 0, 'f_candle': 0, 'f_rsiR': 0, 'f_macd': -1, 'f_stoch': 0, 'f_vol': 0, 'signal_dir': 0, 'h1_topped_from_m5': 1, 'd1_topped_from_m5': 1}}
[2026-05-27 17:10:00 BROKER] heartbeat | {'uptime_s': 2833.0, 'mt5_connected': True, 'mt5_trade_allowed': True, 'tracked_pendings': 0, 'open_positions': 0, 'cooldown_active': False, 'cooldown_remaining_s': 0.0, 'balance': 980.72, 'equity': 980.37}
C:\Users\Administrator\Desktop\tob\ema-h1trend\mt5\run_multi_scalper.py:179: Pandas4Warning: Timestamp.utcnow is deprecated and will be removed in a future version. Use Timestamp.now('UTC') instead.
  return pd.Timestamp.utcnow().tz_localize(None) + pd.Timedelta(hours=BROKER_WALLCLOCK_OFFSET_HOURS)
[2026-05-27 17:10:00 BROKER] cycle | {'bars_m5': 599, 'bars_h1': 250, 'bars_d1': 120, 'last_bar_time': '2026-05-27 17:05:00', 'data_age_min': 5.0, 'signal': False, 'risk_per_trade': 0.003333, 'weight': 0.166667, 'diag': {'n_m5': 599, 'n_h1': 250, 'n_d1': 120, 'bar_time': '2026-05-27 17:05:00', 'open': 4438.08, 'high': 4448.28, 'low': 4436.66, 'close': 4444.31, 'volume': 1553.0, 'trend_dir': -1, 'h1_trend': -1, 'd1_trend': -1, 'h1_rsi': 36.059, 'in_session': True, 'atr_ok': True, 'adx_ok': True, 'ema20': 4430.480924, 'rsi': 57.127, 'atr': 11.378414, 'adx': 31.221, 'bb_up': 4458.248706, 'bb_lo': 4400.910294, 'f_bb': 0, 'f_ema': 0, 'f_rsi': 0, 'f_candle': 0, 'f_rsiR': 1, 'f_macd': 1, 'f_stoch': 0, 'f_vol': 0, 'signal_dir': 0, 'h1_topped_from_m5': 1, 'd1_topped_from_m5': 1}}
[2026-05-27 17:10:00 BROKER] heartbeat | {'uptime_s': 2833.1, 'mt5_connected': True, 'mt5_trade_allowed': True, 'tracked_pendings': 0, 'open_positions': 1, 'cooldown_active': False, 'cooldown_remaining_s': 0.0, 'balance': 980.72, 'equity': 980.37}
C:\Users\Administrator\Desktop\tob\ema-h1trend\mt5\run_multi_scalper.py:179: Pandas4Warning: Timestamp.utcnow is deprecated and will be removed in a future version. Use Timestamp.now('UTC') instead.
  return pd.Timestamp.utcnow().tz_localize(None) + pd.Timedelta(hours=BROKER_WALLCLOCK_OFFSET_HOURS)
[2026-05-27 17:10:01 BROKER] cycle | {'bars_m5': 599, 'bars_h1': 250, 'bars_d1': 120, 'last_bar_time': '2026-05-27 17:05:00', 'data_age_min': 5.0, 'signal': True, 'risk_per_trade': 0.003333, 'weight': 0.166667, 'diag': {'n_m5': 599, 'n_h1': 250, 'n_d1': 120, 'bar_time': '2026-05-27 17:05:00', 'open': 1.85967, 'high': 1.85989, 'low': 1.8594, 'close': 1.85964, 'volume': 810.0, 'trend_dir': 1, 'h1_trend': 1, 'd1_trend': 1, 'h1_rsi': 56.282, 'in_session': True, 'atr_ok': True, 'adx_ok': True, 'ema20': 1.859293, 'rsi': 55.305, 'atr': 0.000671, 'adx': 11.504, 'bb_up': 1.860084, 'bb_lo': 1.858435, 'f_bb': 0, 'f_ema': 1, 'f_rsi': 0, 'f_candle': 0, 'f_rsiR': 0, 'f_macd': 1, 'f_stoch': 0, 'f_vol': 0, 'signal_dir': 1, 'h1_topped_from_m5': 1, 'd1_topped_from_m5': 1}}
[2026-05-27 17:10:01 BROKER] signal | {'direction': 'BUY', 'entry': 1.85964, 'sl': 1.85859, 'tp': 1.86173, 'bar_time': '2026-05-27 17:05:00', 'atr': 0.00067, 'risk': 0.00105, 'rr': 2.0, 'trend_dir': 1, 'adx': 11.5, 'h1_rsi': 56.3, 'rsi': 55.3}
[2026-05-27 17:10:01 BROKER] signal_telegram_suppressed | {'reason': 'position_open_for_symbol', 'bar_time': '2026-05-27 17:05:00', 'direction': 'BUY'}
[2026-05-27 17:10:01 BROKER] skip | {'reason': 'position_open', 'ob_key': ['2026-05-27 17:05:00', 'BUY'], 'missed_signal': {'direction': 'BUY', 'entry': 1.85964, 'sl': 1.85859, 'tp': 1.86173}}
[2026-05-27 17:10:01 BROKER] telegram_sent | {'category': 'skip', 'attempt': 1, 'status': 200, 'latency_ms': 455.9}
[2026-05-27 17:10:01 BROKER] heartbeat | {'uptime_s': 2833.6, 'mt5_connected': True, 'mt5_trade_allowed': True, 'tracked_pendings': 0, 'open_positions': 0, 'cooldown_active': False, 'cooldown_remaining_s': 0.0, 'balance': 980.72, 'equity': 980.4}
C:\Users\Administrator\Desktop\tob\ema-h1trend\mt5\run_multi_scalper.py:179: Pandas4Warning: Timestamp.utcnow is deprecated and will be removed in a future version. Use Timestamp.now('UTC') instead.
  return pd.Timestamp.utcnow().tz_localize(None) + pd.Timedelta(hours=BROKER_WALLCLOCK_OFFSET_HOURS)
[2026-05-27 17:10:01 BROKER] cycle | {'bars_m5': 599, 'bars_h1': 250, 'bars_d1': 120, 'last_bar_time': '2026-05-27 17:05:00', 'data_age_min': 5.0, 'signal': False, 'risk_per_trade': 0.003333, 'weight': 0.166667, 'diag': {'n_m5': 599, 'n_h1': 250, 'n_d1': 120, 'bar_time': '2026-05-27 17:05:00', 'open': 17.34102, 'high': 17.34949, 'low': 17.33856, 'close': 17.3442, 'volume': 1014.0, 'trend_dir': 0, 'h1_trend': 1, 'd1_trend': -1, 'h1_rsi': 67.448, 'in_session': True, 'atr_ok': True, 'adx_ok': True, 'ema20': 17.330005, 'rsi': 62.785, 'atr': 0.011599, 'adx': 31.15, 'bb_up': 17.359067, 'bb_lo': 17.292972, 'f_bb': 0, 'f_ema': 0, 'f_rsi': 0, 'f_candle': 1, 'f_rsiR': -1, 'f_macd': 1, 'f_stoch': 0, 'f_vol': 1, 'signal_dir': 0, 'h1_topped_from_m5': 1, 'd1_topped_from_m5': 1}}
[2026-05-27 17:10:01 BROKER] heartbeat | {'uptime_s': 2833.6, 'mt5_connected': True, 'mt5_trade_allowed': True, 'tracked_pendings': 0, 'open_positions': 0, 'cooldown_active': False, 'cooldown_remaining_s': 0.0, 'balance': 980.72, 'equity': 980.4}
C:\Users\Administrator\Desktop\tob\ema-h1trend\mt5\run_multi_scalper.py:179: Pandas4Warning: Timestamp.utcnow is deprecated and will be removed in a future version. Use Timestamp.now('UTC') instead.
  return pd.Timestamp.utcnow().tz_localize(None) + pd.Timedelta(hours=BROKER_WALLCLOCK_OFFSET_HOURS)
[2026-05-27 17:10:01 BROKER] cycle | {'bars_m5': 599, 'bars_h1': 250, 'bars_d1': 120, 'last_bar_time': '2026-05-27 17:05:00', 'data_age_min': 5.0, 'signal': False, 'risk_per_trade': 0.003333, 'weight': 0.166667, 'diag': {'n_m5': 599, 'n_h1': 250, 'n_d1': 120, 'bar_time': '2026-05-27 17:05:00', 'open': 1.60979, 'high': 1.61022, 'low': 1.60962, 'close': 1.6101299999999998, 'volume': 855.0, 'trend_dir': 1, 'h1_trend': 1, 'd1_trend': 1, 'h1_rsi': 66.547, 'in_session': True, 'atr_ok': True, 'adx_ok': True, 'ema20': 1.610191, 'rsi': 48.892, 'atr': 0.000583, 'adx': 14.004, 'bb_up': 1.611421, 'bb_lo': 1.609332, 'f_bb': 0, 'f_ema': -1, 'f_rsi': 0, 'f_candle': 0, 'f_rsiR': 0, 'f_macd': -1, 'f_stoch': 0, 'f_vol': 0, 'signal_dir': 0, 'h1_topped_from_m5': 1, 'd1_topped_from_m5': 1}}
[2026-05-27 17:10:01 BROKER] heartbeat | {'uptime_s': 2833.7, 'mt5_connected': True, 'mt5_trade_allowed': True, 'tracked_pendings': 0, 'open_positions': 0, 'cooldown_active': False, 'cooldown_remaining_s': 0.0, 'balance': 980.72, 'equity': 980.43}
C:\Users\Administrator\Desktop\tob\ema-h1trend\mt5\run_multi_scalper.py:179: Pandas4Warning: Timestamp.utcnow is deprecated and will be removed in a future version. Use Timestamp.now('UTC') instead.
  return pd.Timestamp.utcnow().tz_localize(None) + pd.Timedelta(hours=BROKER_WALLCLOCK_OFFSET_HOURS)
[2026-05-27 17:10:01 BROKER] cycle | {'bars_m5': 599, 'bars_h1': 250, 'bars_d1': 120, 'last_bar_time': '2026-05-27 17:05:00', 'data_age_min': 5.0, 'signal': False, 'risk_per_trade': 0.003333, 'weight': 0.166667, 'diag': {'n_m5': 599, 'n_h1': 250, 'n_d1': 120, 'bar_time': '2026-05-27 17:05:00', 'open': 0.98692, 'high': 0.98695, 'low': 0.98657, 'close': 0.98678, 'volume': 802.0, 'trend_dir': 0, 'h1_trend': -1, 'd1_trend': 1, 'h1_rsi': 38.286, 'in_session': True, 'atr_ok': True, 'adx_ok': True, 'ema20': 0.986735, 'rsi': 50.44, 'atr': 0.000462, 'adx': 14.623, 'bb_up': 0.987199, 'bb_lo': 0.986254, 'f_bb': 0, 'f_ema': 1, 'f_rsi': 0, 'f_candle': -1, 'f_rsiR': 0, 'f_macd': 1, 'f_stoch': 0, 'f_vol': -1, 'signal_dir': 0, 'h1_topped_from_m5': 1, 'd1_topped_from_m5': 1}}
C:\Users\Administrator\Desktop\tob\ema-h1trend\mt5\run_multi_scalper.py:179: Pandas4Warning: Timestamp.utcnow is deprecated and will be removed in a future version. Use Timestamp.now('UTC') instead.
  return pd.Timestamp.utcnow().tz_localize(None) + pd.Timedelta(hours=BROKER_WALLCLOCK_OFFSET_HOURS)
[portfolio] cycle_complete: symbols=6 signals=1 placed=0 skipped=0 elapsed_s=1.48 per_symbol=[{'symbol': 'GBPUSD', 'signal': False}, {'symbol': 'XAUUSD', 'signal': False}, {'symbol': 'GBPCAD', 'signal': True, 'stage': 'skipped', 'placed': False, 'ticket': None}, {'symbol': 'USDMXN', 'signal': False}, {'symbol': 'EURCAD', 'signal': False}, {'symbol': 'AUDCAD', 'signal': False}]
  → sleeping 299s until next M5 close ...
[2026-05-27 17:15:00 BROKER] cycle | {'bars_m5': 599, 'bars_h1': 250, 'bars_d1': 120, 'last_bar_time': '2026-05-27 17:10:00', 'data_age_min': 5.0, 'signal': False, 'risk_per_trade': 0.003333, 'weight': 0.166667, 'diag': {'n_m5': 599, 'n_h1': 250, 'n_d1': 120, 'bar_time': '2026-05-27 17:10:00', 'open': 1.3445, 'high': 1.34517, 'low': 1.34443, 'close': 1.34516, 'volume': 519.0, 'trend_dir': -1, 'h1_trend': -1, 'd1_trend': -1, 'h1_rsi': 50.08, 'in_session': True, 'atr_ok': True, 'adx_ok': True, 'ema20': 1.344469, 'rsi': 60.967, 'atr': 0.000592, 'adx': 11.907, 'bb_up': 1.345152, 'bb_lo': 1.343914, 'f_bb': -1, 'f_ema': 1, 'f_rsi': 0, 'f_candle': 1, 'f_rsiR': 0, 'f_macd': 1, 'f_stoch': 0, 'f_vol': 0, 'signal_dir': 0, 'h1_topped_from_m5': 1, 'd1_topped_from_m5': 1}}
C:\Users\Administrator\Desktop\tob\ema-h1trend\mt5\run_multi_scalper.py:179: Pandas4Warning: Timestamp.utcnow is deprecated and will be removed in a future version. Use Timestamp.now('UTC') instead.
  return pd.Timestamp.utcnow().tz_localize(None) + pd.Timedelta(hours=BROKER_WALLCLOCK_OFFSET_HOURS)
[2026-05-27 17:15:00 BROKER] cycle | {'bars_m5': 599, 'bars_h1': 250, 'bars_d1': 120, 'last_bar_time': '2026-05-27 17:10:00', 'data_age_min': 5.0, 'signal': False, 'risk_per_trade': 0.003333, 'weight': 0.166667, 'diag': {'n_m5': 599, 'n_h1': 250, 'n_d1': 120, 'bar_time': '2026-05-27 17:10:00', 'open': 4444.28, 'high': 4455.49, 'low': 4443.23, 'close': 4448.03, 'volume': 1559.0, 'trend_dir': -1, 'h1_trend': -1, 'd1_trend': -1, 'h1_rsi': 37.466, 'in_session': True, 'atr_ok': True, 'adx_ok': True, 'ema20': 4432.152265, 'rsi': 59.087, 'atr': 11.495959, 'adx': 30.906, 'bb_up': 4458.349464, 'bb_lo': 4400.864536, 'f_bb': 0, 'f_ema': 0, 'f_rsi': 0, 'f_candle': 0, 'f_rsiR': 1, 'f_macd': 1, 'f_stoch': -1, 'f_vol': 0, 'signal_dir': 0, 'h1_topped_from_m5': 1, 'd1_topped_from_m5': 1}}
C:\Users\Administrator\Desktop\tob\ema-h1trend\mt5\run_multi_scalper.py:179: Pandas4Warning: Timestamp.utcnow is deprecated and will be removed in a future version. Use Timestamp.now('UTC') instead.
  return pd.Timestamp.utcnow().tz_localize(None) + pd.Timedelta(hours=BROKER_WALLCLOCK_OFFSET_HOURS)
[2026-05-27 17:15:00 BROKER] cycle | {'bars_m5': 599, 'bars_h1': 250, 'bars_d1': 120, 'last_bar_time': '2026-05-27 17:10:00', 'data_age_min': 5.0, 'signal': True, 'risk_per_trade': 0.003333, 'weight': 0.166667, 'diag': {'n_m5': 599, 'n_h1': 250, 'n_d1': 120, 'bar_time': '2026-05-27 17:10:00', 'open': 1.8596599999999999, 'high': 1.86003, 'low': 1.85954, 'close': 1.86002, 'volume': 783.0, 'trend_dir': 1, 'h1_trend': 1, 'd1_trend': 1, 'h1_rsi': 58.202, 'in_session': True, 'atr_ok': True, 'adx_ok': True, 'ema20': 1.859362, 'rsi': 59.286, 'atr': 0.000646, 'adx': 11.786, 'bb_up': 1.860191, 'bb_lo': 1.858407, 'f_bb': 0, 'f_ema': 1, 'f_rsi': 0, 'f_candle': 0, 'f_rsiR': 0, 'f_macd': 1, 'f_stoch': 0, 'f_vol': 0, 'signal_dir': 1, 'h1_topped_from_m5': 1, 'd1_topped_from_m5': 1}}
[2026-05-27 17:15:00 BROKER] signal | {'direction': 'BUY', 'entry': 1.86002, 'sl': 1.8586, 'tp': 1.86287, 'bar_time': '2026-05-27 17:10:00', 'atr': 0.00065, 'risk': 0.00142, 'rr': 2.0, 'trend_dir': 1, 'adx': 11.8, 'h1_rsi': 58.2, 'rsi': 59.3}
[2026-05-27 17:15:00 BROKER] signal_telegram_suppressed | {'reason': 'position_open_for_symbol', 'bar_time': '2026-05-27 17:10:00', 'direction': 'BUY'}
[2026-05-27 17:15:00 BROKER] skip | {'reason': 'position_open', 'ob_key': ['2026-05-27 17:10:00', 'BUY'], 'missed_signal': {'direction': 'BUY', 'entry': 1.86002, 'sl': 1.8586, 'tp': 1.86287}}
[2026-05-27 17:15:01 BROKER] telegram_sent | {'category': 'skip', 'attempt': 1, 'status': 200, 'latency_ms': 119.9}
C:\Users\Administrator\Desktop\tob\ema-h1trend\mt5\run_multi_scalper.py:179: Pandas4Warning: Timestamp.utcnow is deprecated and will be removed in a future version. Use Timestamp.now('UTC') instead.
  return pd.Timestamp.utcnow().tz_localize(None) + pd.Timedelta(hours=BROKER_WALLCLOCK_OFFSET_HOURS)
[2026-05-27 17:15:01 BROKER] cycle | {'bars_m5': 599, 'bars_h1': 250, 'bars_d1': 120, 'last_bar_time': '2026-05-27 17:10:00', 'data_age_min': 5.0, 'signal': False, 'risk_per_trade': 0.003333, 'weight': 0.166667, 'diag': {'n_m5': 599, 'n_h1': 250, 'n_d1': 120, 'bar_time': '2026-05-27 17:10:00', 'open': 17.34419, 'high': 17.3489, 'low': 17.34159, 'close': 17.34281, 'volume': 1019.0, 'trend_dir': 0, 'h1_trend': 1, 'd1_trend': -1, 'h1_rsi': 67.085, 'in_session': True, 'atr_ok': True, 'adx_ok': True, 'ema20': 17.331225, 'rsi': 61.61, 'atr': 0.011027, 'adx': 31.449, 'bb_up': 17.36002, 'bb_lo': 17.295981, 'f_bb': 0, 'f_ema': 0, 'f_rsi': 0, 'f_candle': -1, 'f_rsiR': -1, 'f_macd': 1, 'f_stoch': -1, 'f_vol': -1, 'signal_dir': 0, 'h1_topped_from_m5': 1, 'd1_topped_from_m5': 1}}
[2026-05-27 17:15:01 BROKER] mt5_connected | {'state': 'healthy', 'periodic': True, 'connected': True, 'trade_allowed': True, 'ping_ms': 17272}
C:\Users\Administrator\Desktop\tob\ema-h1trend\mt5\run_multi_scalper.py:179: Pandas4Warning: Timestamp.utcnow is deprecated and will be removed in a future version. Use Timestamp.now('UTC') instead.
  return pd.Timestamp.utcnow().tz_localize(None) + pd.Timedelta(hours=BROKER_WALLCLOCK_OFFSET_HOURS)
[2026-05-27 17:15:01 BROKER] cycle | {'bars_m5': 599, 'bars_h1': 250, 'bars_d1': 120, 'last_bar_time': '2026-05-27 17:10:00', 'data_age_min': 5.0, 'signal': False, 'risk_per_trade': 0.003333, 'weight': 0.166667, 'diag': {'n_m5': 599, 'n_h1': 250, 'n_d1': 120, 'bar_time': '2026-05-27 17:10:00', 'open': 1.6101299999999998, 'high': 1.6107, 'low': 1.6101299999999998, 'close': 1.61063, 'volume': 712.0, 'trend_dir': 1, 'h1_trend': 1, 'd1_trend': 1, 'h1_rsi': 68.905, 'in_session': True, 'atr_ok': True, 'adx_ok': True, 'ema20': 1.610233, 'rsi': 55.519, 'atr': 0.000582, 'adx': 13.891, 'bb_up': 1.611322, 'bb_lo': 1.609372, 'f_bb': 0, 'f_ema': 1, 'f_rsi': 0, 'f_candle': 0, 'f_rsiR': 0, 'f_macd': -1, 'f_stoch': 0, 'f_vol': 0, 'signal_dir': 0, 'h1_topped_from_m5': 1, 'd1_topped_from_m5': 1}}
C:\Users\Administrator\Desktop\tob\ema-h1trend\mt5\run_multi_scalper.py:179: Pandas4Warning: Timestamp.utcnow is deprecated and will be removed in a future version. Use Timestamp.now('UTC') instead.
  return pd.Timestamp.utcnow().tz_localize(None) + pd.Timedelta(hours=BROKER_WALLCLOCK_OFFSET_HOURS)
[2026-05-27 17:15:01 BROKER] cycle | {'bars_m5': 599, 'bars_h1': 250, 'bars_d1': 120, 'last_bar_time': '2026-05-27 17:10:00', 'data_age_min': 5.0, 'signal': False, 'risk_per_trade': 0.003333, 'weight': 0.166667, 'diag': {'n_m5': 599, 'n_h1': 250, 'n_d1': 120, 'bar_time': '2026-05-27 17:10:00', 'open': 0.9868, 'high': 0.98695, 'low': 0.98666, 'close': 0.98686, 'volume': 716.0, 'trend_dir': 0, 'h1_trend': -1, 'd1_trend': 1, 'h1_rsi': 39.064, 'in_session': True, 'atr_ok': True, 'adx_ok': True, 'ema20': 0.986747, 'rsi': 51.759, 'atr': 0.000439, 'adx': 13.589, 'bb_up': 0.987048, 'bb_lo': 0.986349, 'f_bb': 0, 'f_ema': 1, 'f_rsi': 0, 'f_candle': 0, 'f_rsiR': 0, 'f_macd': 1, 'f_stoch': 0, 'f_vol': 0, 'signal_dir': 0, 'h1_topped_from_m5': 1, 'd1_topped_from_m5': 1}}
[portfolio] cycle_complete: symbols=6 signals=1 placed=0 skipped=0 elapsed_s=1.12 per_symbol=[{'symbol': 'GBPUSD', 'signal': False}, {'symbol': 'XAUUSD', 'signal': False}, {'symbol': 'GBPCAD', 'signal': True, 'stage': 'skipped', 'placed': False, 'ticket': None}, {'symbol': 'USDMXN', 'signal': False}, {'symbol': 'EURCAD', 'signal': False}, {'symbol': 'AUDCAD', 'signal': False}]
  → sleeping 299s until next M5 close ...
[2026-05-27 17:20:00 BROKER] position_closed_detected | {'ticket': 39471321, 'symbol': 'GBPUSD.i', 'side': None, 'volume': None, 'entry_price': None, 'exit_price': None, 'profit': 0.0, 'balance': 978.38, 'equity': 980.41, 'opened_at': None, 'closed_at': None}
[2026-05-27 17:20:00 BROKER] heartbeat | {'uptime_s': 3433.0, 'mt5_connected': True, 'mt5_trade_allowed': True, 'tracked_pendings': 0, 'open_positions': 0, 'cooldown_active': False, 'cooldown_remaining_s': 0.0, 'balance': 978.38, 'equity': 980.41}
[2026-05-27 17:20:00 BROKER] telegram_sent | {'category': 'position_closed', 'attempt': 1, 'status': 200, 'latency_ms': 151.5}
C:\Users\Administrator\Desktop\tob\ema-h1trend\mt5\run_multi_scalper.py:179: Pandas4Warning: Timestamp.utcnow is deprecated and will be removed in a future version. Use Timestamp.now('UTC') instead.
  return pd.Timestamp.utcnow().tz_localize(None) + pd.Timedelta(hours=BROKER_WALLCLOCK_OFFSET_HOURS)
[2026-05-27 17:20:00 BROKER] cycle | {'bars_m5': 599, 'bars_h1': 250, 'bars_d1': 120, 'last_bar_time': '2026-05-27 17:15:00', 'data_age_min': 5.0, 'signal': False, 'risk_per_trade': 0.003333, 'weight': 0.166667, 'diag': {'n_m5': 599, 'n_h1': 250, 'n_d1': 120, 'bar_time': '2026-05-27 17:15:00', 'open': 1.34514, 'high': 1.34562, 'low': 1.34491, 'close': 1.34562, 'volume': 463.0, 'trend_dir': -1, 'h1_trend': -1, 'd1_trend': -1, 'h1_rsi': 53.388, 'in_session': True, 'atr_ok': True, 'adx_ok': True, 'ema20': 1.344579, 'rsi': 65.624, 'atr': 0.000607, 'adx': 13.649, 'bb_up': 1.345271, 'bb_lo': 1.343831, 'f_bb': -1, 'f_ema': 0, 'f_rsi': 0, 'f_candle': 0, 'f_rsiR': 0, 'f_macd': 1, 'f_stoch': 0, 'f_vol': 0, 'signal_dir': 0, 'h1_topped_from_m5': 1, 'd1_topped_from_m5': 1}}
[2026-05-27 17:20:00 BROKER] heartbeat | {'uptime_s': 3433.2, 'mt5_connected': True, 'mt5_trade_allowed': True, 'tracked_pendings': 0, 'open_positions': 0, 'cooldown_active': False, 'cooldown_remaining_s': 0.0, 'balance': 978.38, 'equity': 980.32}
C:\Users\Administrator\Desktop\tob\ema-h1trend\mt5\run_multi_scalper.py:179: Pandas4Warning: Timestamp.utcnow is deprecated and will be removed in a future version. Use Timestamp.now('UTC') instead.
  return pd.Timestamp.utcnow().tz_localize(None) + pd.Timedelta(hours=BROKER_WALLCLOCK_OFFSET_HOURS)
[2026-05-27 17:20:00 BROKER] cycle | {'bars_m5': 599, 'bars_h1': 250, 'bars_d1': 120, 'last_bar_time': '2026-05-27 17:15:00', 'data_age_min': 5.0, 'signal': False, 'risk_per_trade': 0.003333, 'weight': 0.166667, 'diag': {'n_m5': 599, 'n_h1': 250, 'n_d1': 120, 'bar_time': '2026-05-27 17:15:00', 'open': 4447.96, 'high': 4451.98, 'low': 4446.82, 'close': 4451.16, 'volume': 1402.0, 'trend_dir': -1, 'h1_trend': -1, 'd1_trend': -1, 'h1_rsi': 38.603, 'in_session': True, 'atr_ok': True, 'adx_ok': True, 'ema20': 4433.962525, 'rsi': 60.714, 'atr': 10.651164, 'adx': 30.612, 'bb_up': 4458.08727, 'bb_lo': 4401.00373, 'f_bb': 0, 'f_ema': 0, 'f_rsi': 0, 'f_candle': 0, 'f_rsiR': 1, 'f_macd': 1, 'f_stoch': 0, 'f_vol': 0, 'signal_dir': 0, 'h1_topped_from_m5': 1, 'd1_topped_from_m5': 1}}
[2026-05-27 17:20:00 BROKER] heartbeat | {'uptime_s': 3433.3, 'mt5_connected': True, 'mt5_trade_allowed': True, 'tracked_pendings': 0, 'open_positions': 1, 'cooldown_active': False, 'cooldown_remaining_s': 0.0, 'balance': 978.38, 'equity': 980.35}
C:\Users\Administrator\Desktop\tob\ema-h1trend\mt5\run_multi_scalper.py:179: Pandas4Warning: Timestamp.utcnow is deprecated and will be removed in a future version. Use Timestamp.now('UTC') instead.
  return pd.Timestamp.utcnow().tz_localize(None) + pd.Timedelta(hours=BROKER_WALLCLOCK_OFFSET_HOURS)
[2026-05-27 17:20:01 BROKER] cycle | {'bars_m5': 599, 'bars_h1': 250, 'bars_d1': 120, 'last_bar_time': '2026-05-27 17:15:00', 'data_age_min': 5.0, 'signal': True, 'risk_per_trade': 0.003333, 'weight': 0.166667, 'diag': {'n_m5': 599, 'n_h1': 250, 'n_d1': 120, 'bar_time': '2026-05-27 17:15:00', 'open': 1.8599999999999999, 'high': 1.86017, 'low': 1.8595899999999999, 'close': 1.86015, 'volume': 749.0, 'trend_dir': 1, 'h1_trend': 1, 'd1_trend': 1, 'h1_rsi': 58.82, 'in_session': True, 'atr_ok': True, 'adx_ok': True, 'ema20': 1.859437, 'rsi': 60.579, 'atr': 0.000638, 'adx': 12.298, 'bb_up': 1.860288, 'bb_lo': 1.858365, 'f_bb': 0, 'f_ema': 1, 'f_rsi': 0, 'f_candle': 1, 'f_rsiR': 0, 'f_macd': 1, 'f_stoch': 0, 'f_vol': 0, 'signal_dir': 1, 'h1_topped_from_m5': 1, 'd1_topped_from_m5': 1}}
[2026-05-27 17:20:01 BROKER] signal | {'direction': 'BUY', 'entry': 1.86015, 'sl': 1.8586, 'tp': 1.86326, 'bar_time': '2026-05-27 17:15:00', 'atr': 0.00064, 'risk': 0.00155, 'rr': 2.0, 'trend_dir': 1, 'adx': 12.3, 'h1_rsi': 58.8, 'rsi': 60.6}
[2026-05-27 17:20:01 BROKER] signal_telegram_suppressed | {'reason': 'position_open_for_symbol', 'bar_time': '2026-05-27 17:15:00', 'direction': 'BUY'}
[2026-05-27 17:20:01 BROKER] skip | {'reason': 'position_open', 'ob_key': ['2026-05-27 17:15:00', 'BUY'], 'missed_signal': {'direction': 'BUY', 'entry': 1.86015, 'sl': 1.8586, 'tp': 1.86326}}
[2026-05-27 17:20:01 BROKER] telegram_sent | {'category': 'skip', 'attempt': 1, 'status': 200, 'latency_ms': 131.7}
C:\Users\Administrator\Desktop\tob\ema-h1trend\mt5\run_multi_scalper.py:179: Pandas4Warning: Timestamp.utcnow is deprecated and will be removed in a future version. Use Timestamp.now('UTC') instead.
  return pd.Timestamp.utcnow().tz_localize(None) + pd.Timedelta(hours=BROKER_WALLCLOCK_OFFSET_HOURS)
[2026-05-27 17:20:01 BROKER] cycle | {'bars_m5': 599, 'bars_h1': 250, 'bars_d1': 120, 'last_bar_time': '2026-05-27 17:15:00', 'data_age_min': 5.0, 'signal': False, 'risk_per_trade': 0.003333, 'weight': 0.166667, 'diag': {'n_m5': 599, 'n_h1': 250, 'n_d1': 120, 'bar_time': '2026-05-27 17:15:00', 'open': 17.34282, 'high': 17.3441, 'low': 17.3384, 'close': 17.34148, 'volume': 912.0, 'trend_dir': 0, 'h1_trend': 1, 'd1_trend': -1, 'h1_rsi': 66.522, 'in_session': True, 'atr_ok': True, 'adx_ok': True, 'ema20': 17.332201, 'rsi': 60.444, 'atr': 0.010317, 'adx': 31.099, 'bb_up': 17.360392, 'bb_lo': 17.299307, 'f_bb': 0, 'f_ema': 0, 'f_rsi': 0, 'f_candle': 0, 'f_rsiR': -1, 'f_macd': 1, 'f_stoch': 0, 'f_vol': 0, 'signal_dir': 0, 'h1_topped_from_m5': 1, 'd1_topped_from_m5': 1}}
C:\Users\Administrator\Desktop\tob\ema-h1trend\mt5\run_multi_scalper.py:179: Pandas4Warning: Timestamp.utcnow is deprecated and will be removed in a future version. Use Timestamp.now('UTC') instead.
  return pd.Timestamp.utcnow().tz_localize(None) + pd.Timedelta(hours=BROKER_WALLCLOCK_OFFSET_HOURS)
[2026-05-27 17:20:01 BROKER] cycle | {'bars_m5': 599, 'bars_h1': 250, 'bars_d1': 120, 'last_bar_time': '2026-05-27 17:15:00', 'data_age_min': 5.0, 'signal': True, 'risk_per_trade': 0.003333, 'weight': 0.166667, 'diag': {'n_m5': 599, 'n_h1': 250, 'n_d1': 120, 'bar_time': '2026-05-27 17:15:00', 'open': 1.61062, 'high': 1.61062, 'low': 1.61023, 'close': 1.61062, 'volume': 707.0, 'trend_dir': 1, 'h1_trend': 1, 'd1_trend': 1, 'h1_rsi': 68.861, 'in_session': True, 'atr_ok': True, 'adx_ok': True, 'ema20': 1.61027, 'rsi': 55.364, 'atr': 0.000557, 'adx': 13.786, 'bb_up': 1.611164, 'bb_lo': 1.609453, 'f_bb': 0, 'f_ema': 1, 'f_rsi': 0, 'f_candle': 0, 'f_rsiR': 0, 'f_macd': 1, 'f_stoch': 0, 'f_vol': 0, 'signal_dir': 1, 'h1_topped_from_m5': 1, 'd1_topped_from_m5': 1}}
[2026-05-27 17:20:01 BROKER] signal | {'direction': 'BUY', 'entry': 1.61062, 'sl': 1.60922, 'tp': 1.61341, 'bar_time': '2026-05-27 17:15:00', 'atr': 0.00056, 'risk': 0.0014, 'rr': 2.0, 'trend_dir': 1, 'adx': 13.8, 'h1_rsi': 68.9, 'rsi': 55.4}
[2026-05-27 17:20:01 BROKER] telegram_sent | {'category': 'signal', 'attempt': 1, 'status': 200, 'latency_ms': 89.2}
[2026-05-27 17:20:01 BROKER] slippage_adjusted | {'direction': 'BUY', 'ob_entry': 1.61062, 'market_price': 1.61076, 'slippage_pts': 14.0, 'sl_unchanged': 1.60922, 'volume_original': 0.03, 'volume_adjusted': 0.02, 'tp_original': 1.61341, 'tp_adjusted': 1.61384}
[2026-05-27 17:20:01 BROKER] execution_latency | {'stage': 'market', 'ticket': 39477096, 'latency_ms': 173.9}
[2026-05-27 17:20:01 BROKER] market_order_placed | {'ticket': 39477096, 'side': 'buy', 'volume': 0.02, 'price': 1.61076, 'sl': 1.60922, 'tp': 1.61384, 'slippage_pts': 14.0, 'ob_entry': 1.61062}
[2026-05-27 17:20:02 BROKER] telegram_sent | {'category': 'order_placed', 'attempt': 1, 'status': 200, 'latency_ms': 138.4}
[2026-05-27 17:20:02 BROKER] heartbeat | {'uptime_s': 3434.0, 'mt5_connected': True, 'mt5_trade_allowed': True, 'tracked_pendings': 0, 'open_positions': 0, 'cooldown_active': False, 'cooldown_remaining_s': 0.0, 'balance': 978.38, 'equity': 980.15}
C:\Users\Administrator\Desktop\tob\ema-h1trend\mt5\run_multi_scalper.py:179: Pandas4Warning: Timestamp.utcnow is deprecated and will be removed in a future version. Use Timestamp.now('UTC') instead.
  return pd.Timestamp.utcnow().tz_localize(None) + pd.Timedelta(hours=BROKER_WALLCLOCK_OFFSET_HOURS)
[2026-05-27 17:20:02 BROKER] cycle | {'bars_m5': 599, 'bars_h1': 250, 'bars_d1': 120, 'last_bar_time': '2026-05-27 17:15:00', 'data_age_min': 5.0, 'signal': False, 'risk_per_trade': 0.003333, 'weight': 0.166667, 'diag': {'n_m5': 599, 'n_h1': 250, 'n_d1': 120, 'bar_time': '2026-05-27 17:15:00', 'open': 0.98688, 'high': 0.9872, 'low': 0.98672, 'close': 0.98712, 'volume': 770.0, 'trend_dir': 0, 'h1_trend': -1, 'd1_trend': 1, 'h1_rsi': 41.574, 'in_session': True, 'atr_ok': True, 'adx_ok': True, 'ema20': 0.986782, 'rsi': 55.867, 'atr': 0.000444, 'adx': 13.509, 'bb_up': 0.987083, 'bb_lo': 0.986328, 'f_bb': -1, 'f_ema': 1, 'f_rsi': 0, 'f_candle': 0, 'f_rsiR': 0, 'f_macd': 1, 'f_stoch': 0, 'f_vol': 1, 'signal_dir': 0, 'h1_topped_from_m5': 1, 'd1_topped_from_m5': 1}}
C:\Users\Administrator\Desktop\tob\ema-h1trend\mt5\run_multi_scalper.py:179: Pandas4Warning: Timestamp.utcnow is deprecated and will be removed in a future version. Use Timestamp.now('UTC') instead.
  return pd.Timestamp.utcnow().tz_localize(None) + pd.Timedelta(hours=BROKER_WALLCLOCK_OFFSET_HOURS)
[portfolio] cycle_complete: symbols=6 signals=2 placed=1 skipped=0 elapsed_s=1.73 per_symbol=[{'symbol': 'GBPUSD', 'signal': False}, {'symbol': 'XAUUSD', 'signal': False}, {'symbol': 'GBPCAD', 'signal': True, 'stage': 'skipped', 'placed': False, 'ticket': None}, {'symbol': 'USDMXN', 'signal': False}, {'symbol': 'EURCAD', 'signal': True, 'stage': 'market', 'placed': True, 'ticket': 39477096}, {'symbol': 'AUDCAD', 'signal': False}]
  → sleeping 298s until next M5 close ...
[2026-05-27 17:25:00 BROKER] cycle | {'bars_m5': 599, 'bars_h1': 250, 'bars_d1': 120, 'last_bar_time': '2026-05-27 17:20:00', 'data_age_min': 5.0, 'signal': False, 'risk_per_trade': 0.003333, 'weight': 0.166667, 'diag': {'n_m5': 599, 'n_h1': 250, 'n_d1': 120, 'bar_time': '2026-05-27 17:20:00', 'open': 1.34561, 'high': 1.34575, 'low': 1.34445, 'close': 1.34454, 'volume': 669.0, 'trend_dir': -1, 'h1_trend': -1, 'd1_trend': -1, 'h1_rsi': 44.954, 'in_session': True, 'atr_ok': True, 'adx_ok': True, 'ema20': 1.344575, 'rsi': 50.414, 'atr': 0.0007, 'adx': 13.709, 'bb_up': 1.345248, 'bb_lo': 1.343827, 'f_bb': -1, 'f_ema': -1, 'f_rsi': -1, 'f_candle': 0, 'f_rsiR': -1, 'f_macd': 1, 'f_stoch': 0, 'f_vol': -1, 'signal_dir': 0, 'h1_topped_from_m5': 1, 'd1_topped_from_m5': 1}}
C:\Users\Administrator\Desktop\tob\ema-h1trend\mt5\run_multi_scalper.py:179: Pandas4Warning: Timestamp.utcnow is deprecated and will be removed in a future version. Use Timestamp.now('UTC') instead.
  return pd.Timestamp.utcnow().tz_localize(None) + pd.Timedelta(hours=BROKER_WALLCLOCK_OFFSET_HOURS)
[2026-05-27 17:25:00 BROKER] cycle | {'bars_m5': 599, 'bars_h1': 250, 'bars_d1': 120, 'last_bar_time': '2026-05-27 17:20:00', 'data_age_min': 5.0, 'signal': False, 'risk_per_trade': 0.003333, 'weight': 0.166667, 'diag': {'n_m5': 599, 'n_h1': 250, 'n_d1': 120, 'bar_time': '2026-05-27 17:20:00', 'open': 4451.23, 'high': 4455.39, 'low': 4442.89, 'close': 4444.23, 'volume': 1660.0, 'trend_dir': -1, 'h1_trend': -1, 'd1_trend': -1, 'h1_rsi': 36.028, 'in_session': True, 'atr_ok': True, 'adx_ok': True, 'ema20': 4434.94038, 'rsi': 55.455, 'atr': 10.897676, 'adx': 29.781, 'bb_up': 4457.59346, 'bb_lo': 4401.20754, 'f_bb': 0, 'f_ema': 0, 'f_rsi': 0, 'f_candle': -1, 'f_rsiR': 0, 'f_macd': 1, 'f_stoch': -1, 'f_vol': 0, 'signal_dir': 0, 'h1_topped_from_m5': 1, 'd1_topped_from_m5': 1}}
C:\Users\Administrator\Desktop\tob\ema-h1trend\mt5\run_multi_scalper.py:179: Pandas4Warning: Timestamp.utcnow is deprecated and will be removed in a future version. Use Timestamp.now('UTC') instead.
  return pd.Timestamp.utcnow().tz_localize(None) + pd.Timedelta(hours=BROKER_WALLCLOCK_OFFSET_HOURS)
[2026-05-27 17:25:00 BROKER] cycle | {'bars_m5': 599, 'bars_h1': 250, 'bars_d1': 120, 'last_bar_time': '2026-05-27 17:20:00', 'data_age_min': 5.0, 'signal': False, 'risk_per_trade': 0.003333, 'weight': 0.166667, 'diag': {'n_m5': 599, 'n_h1': 250, 'n_d1': 120, 'bar_time': '2026-05-27 17:20:00', 'open': 1.86015, 'high': 1.8601999999999999, 'low': 1.85924, 'close': 1.8593, 'volume': 996.0, 'trend_dir': 1, 'h1_trend': 1, 'd1_trend': 1, 'h1_rsi': 54.408, 'in_session': True, 'atr_ok': True, 'adx_ok': True, 'ema20': 1.859424, 'rsi': 49.504, 'atr': 0.000681, 'adx': 11.917, 'bb_up': 1.860292, 'bb_lo': 1.85839, 'f_bb': 0, 'f_ema': -1, 'f_rsi': 0, 'f_candle': -1, 'f_rsiR': 0, 'f_macd': 1, 'f_stoch': 0, 'f_vol': -1, 'signal_dir': 0, 'h1_topped_from_m5': 1, 'd1_topped_from_m5': 1}}
[2026-05-27 17:25:00 BROKER] heartbeat | {'uptime_s': 3733.1, 'mt5_connected': True, 'mt5_trade_allowed': True, 'tracked_pendings': 0, 'open_positions': 0, 'cooldown_active': False, 'cooldown_remaining_s': 0.0, 'balance': 978.38, 'equity': 976.53}
C:\Users\Administrator\Desktop\tob\ema-h1trend\mt5\run_multi_scalper.py:179: Pandas4Warning: Timestamp.utcnow is deprecated and will be removed in a future version. Use Timestamp.now('UTC') instead.
  return pd.Timestamp.utcnow().tz_localize(None) + pd.Timedelta(hours=BROKER_WALLCLOCK_OFFSET_HOURS)
[2026-05-27 17:25:01 BROKER] cycle | {'bars_m5': 599, 'bars_h1': 250, 'bars_d1': 120, 'last_bar_time': '2026-05-27 17:20:00', 'data_age_min': 5.0, 'signal': False, 'risk_per_trade': 0.003333, 'weight': 0.166667, 'diag': {'n_m5': 599, 'n_h1': 250, 'n_d1': 120, 'bar_time': '2026-05-27 17:20:00', 'open': 17.34151, 'high': 17.3583, 'low': 17.3386, 'close': 17.3564, 'volume': 1049.0, 'trend_dir': 0, 'h1_trend': 1, 'd1_trend': -1, 'h1_rsi': 70.317, 'in_session': True, 'atr_ok': True, 'adx_ok': True, 'ema20': 17.334506, 'rsi': 67.805, 'atr': 0.011568, 'adx': 32.018, 'bb_up': 17.3632, 'bb_lo': 17.301331, 'f_bb': 0, 'f_ema': 1, 'f_rsi': 0, 'f_candle': 0, 'f_rsiR': -1, 'f_macd': 1, 'f_stoch': 0, 'f_vol': 0, 'signal_dir': 0, 'h1_topped_from_m5': 1, 'd1_topped_from_m5': 1}}
[2026-05-27 17:25:01 BROKER] heartbeat | {'uptime_s': 3733.2, 'mt5_connected': True, 'mt5_trade_allowed': True, 'tracked_pendings': 0, 'open_positions': 1, 'cooldown_active': False, 'cooldown_remaining_s': 0.0, 'balance': 978.38, 'equity': 976.53}
C:\Users\Administrator\Desktop\tob\ema-h1trend\mt5\run_multi_scalper.py:179: Pandas4Warning: Timestamp.utcnow is deprecated and will be removed in a future version. Use Timestamp.now('UTC') instead.
  return pd.Timestamp.utcnow().tz_localize(None) + pd.Timedelta(hours=BROKER_WALLCLOCK_OFFSET_HOURS)
[2026-05-27 17:25:01 BROKER] cycle | {'bars_m5': 599, 'bars_h1': 250, 'bars_d1': 120, 'last_bar_time': '2026-05-27 17:20:00', 'data_age_min': 5.0, 'signal': False, 'risk_per_trade': 0.003333, 'weight': 0.166667, 'diag': {'n_m5': 599, 'n_h1': 250, 'n_d1': 120, 'bar_time': '2026-05-27 17:20:00', 'open': 1.6106500000000001, 'high': 1.6106500000000001, 'low': 1.6101299999999998, 'close': 1.61017, 'volume': 835.0, 'trend_dir': 1, 'h1_trend': 1, 'd1_trend': 1, 'h1_rsi': 66.748, 'in_session': True, 'atr_ok': True, 'adx_ok': True, 'ema20': 1.61026, 'rsi': 48.781, 'atr': 0.000552, 'adx': 13.466, 'bb_up': 1.611082, 'bb_lo': 1.609462, 'f_bb': 0, 'f_ema': -1, 'f_rsi': 0, 'f_candle': 0, 'f_rsiR': 0, 'f_macd': 1, 'f_stoch': 0, 'f_vol': 0, 'signal_dir': 0, 'h1_topped_from_m5': 1, 'd1_topped_from_m5': 1}}
[2026-05-27 17:25:01 BROKER] mt5_connected | {'state': 'healthy', 'periodic': True, 'connected': True, 'trade_allowed': True, 'ping_ms': 17272}
C:\Users\Administrator\Desktop\tob\ema-h1trend\mt5\run_multi_scalper.py:179: Pandas4Warning: Timestamp.utcnow is deprecated and will be removed in a future version. Use Timestamp.now('UTC') instead.
  return pd.Timestamp.utcnow().tz_localize(None) + pd.Timedelta(hours=BROKER_WALLCLOCK_OFFSET_HOURS)
[2026-05-27 17:25:01 BROKER] cycle | {'bars_m5': 599, 'bars_h1': 250, 'bars_d1': 120, 'last_bar_time': '2026-05-27 17:20:00', 'data_age_min': 5.0, 'signal': False, 'risk_per_trade': 0.003333, 'weight': 0.166667, 'diag': {'n_m5': 599, 'n_h1': 250, 'n_d1': 120, 'bar_time': '2026-05-27 17:20:00', 'open': 0.98712, 'high': 0.9872, 'low': 0.98644, 'close': 0.98649, 'volume': 861.0, 'trend_dir': 0, 'h1_trend': -1, 'd1_trend': 1, 'h1_rsi': 36.519, 'in_session': True, 'atr_ok': True, 'adx_ok': True, 'ema20': 0.986755, 'rsi': 45.709, 'atr': 0.000486, 'adx': 12.713, 'bb_up': 0.987075, 'bb_lo': 0.986303, 'f_bb': -1, 'f_ema': -1, 'f_rsi': 0, 'f_candle': -1, 'f_rsiR': 0, 'f_macd': 1, 'f_stoch': 0, 'f_vol': -1, 'signal_dir': 0, 'h1_topped_from_m5': 1, 'd1_topped_from_m5': 1}}
C:\Users\Administrator\Desktop\tob\ema-h1trend\mt5\run_multi_scalper.py:179: Pandas4Warning: Timestamp.utcnow is deprecated and will be removed in a future version. Use Timestamp.now('UTC') instead.
  return pd.Timestamp.utcnow().tz_localize(None) + pd.Timedelta(hours=BROKER_WALLCLOCK_OFFSET_HOURS)
[portfolio] cycle_complete: symbols=6 signals=0 placed=0 skipped=0 elapsed_s=0.97 per_symbol=[{'symbol': 'GBPUSD', 'signal': False}, {'symbol': 'XAUUSD', 'signal': False}, {'symbol': 'GBPCAD', 'signal': False}, {'symbol': 'USDMXN', 'signal': False}, {'symbol': 'EURCAD', 'signal': False}, {'symbol': 'AUDCAD', 'signal': False}]
  → sleeping 299s until next M5 close ...
[2026-05-27 17:30:00 BROKER] cycle | {'bars_m5': 599, 'bars_h1': 250, 'bars_d1': 120, 'last_bar_time': '2026-05-27 17:25:00', 'data_age_min': 5.0, 'signal': False, 'risk_per_trade': 0.003333, 'weight': 0.166667, 'diag': {'n_m5': 599, 'n_h1': 250, 'n_d1': 120, 'bar_time': '2026-05-27 17:25:00', 'open': 1.34458, 'high': 1.3450199999999999, 'low': 1.34453, 'close': 1.34481, 'volume': 578.0, 'trend_dir': -1, 'h1_trend': -1, 'd1_trend': -1, 'h1_rsi': 47.23, 'in_session': True, 'atr_ok': True, 'adx_ok': True, 'ema20': 1.344598, 'rsi': 53.327, 'atr': 0.000672, 'adx': 13.765, 'bb_up': 1.345266, 'bb_lo': 1.343827, 'f_bb': 0, 'f_ema': 1, 'f_rsi': 0, 'f_candle': 0, 'f_rsiR': -1, 'f_macd': 1, 'f_stoch': 0, 'f_vol': 0, 'signal_dir': 0, 'h1_topped_from_m5': 1, 'd1_topped_from_m5': 1}}
C:\Users\Administrator\Desktop\tob\ema-h1trend\mt5\run_multi_scalper.py:179: Pandas4Warning: Timestamp.utcnow is deprecated and will be removed in a future version. Use Timestamp.now('UTC') instead.
  return pd.Timestamp.utcnow().tz_localize(None) + pd.Timedelta(hours=BROKER_WALLCLOCK_OFFSET_HOURS)
[2026-05-27 17:30:00 BROKER] cycle | {'bars_m5': 599, 'bars_h1': 250, 'bars_d1': 120, 'last_bar_time': '2026-05-27 17:25:00', 'data_age_min': 5.0, 'signal': False, 'risk_per_trade': 0.003333, 'weight': 0.166667, 'diag': {'n_m5': 599, 'n_h1': 250, 'n_d1': 120, 'bar_time': '2026-05-27 17:25:00', 'open': 4444.29, 'high': 4446.04, 'low': 4440.21, 'close': 4445.48, 'volume': 1481.0, 'trend_dir': -1, 'h1_trend': -1, 'd1_trend': -1, 'h1_rsi': 36.509, 'in_session': True, 'atr_ok': True, 'adx_ok': True, 'ema20': 4435.944153, 'rsi': 56.192, 'atr': 10.221985, 'adx': 28.64, 'bb_up': 4457.652474, 'bb_lo': 4401.183526, 'f_bb': 0, 'f_ema': 0, 'f_rsi': 0, 'f_candle': 1, 'f_rsiR': 0, 'f_macd': 1, 'f_stoch': 0, 'f_vol': 0, 'signal_dir': 0, 'h1_topped_from_m5': 1, 'd1_topped_from_m5': 1}}
C:\Users\Administrator\Desktop\tob\ema-h1trend\mt5\run_multi_scalper.py:179: Pandas4Warning: Timestamp.utcnow is deprecated and will be removed in a future version. Use Timestamp.now('UTC') instead.
  return pd.Timestamp.utcnow().tz_localize(None) + pd.Timedelta(hours=BROKER_WALLCLOCK_OFFSET_HOURS)
[2026-05-27 17:30:00 BROKER] cycle | {'bars_m5': 599, 'bars_h1': 250, 'bars_d1': 120, 'last_bar_time': '2026-05-27 17:25:00', 'data_age_min': 5.0, 'signal': False, 'risk_per_trade': 0.003333, 'weight': 0.166667, 'diag': {'n_m5': 599, 'n_h1': 250, 'n_d1': 120, 'bar_time': '2026-05-27 17:25:00', 'open': 1.8593, 'high': 1.85974, 'low': 1.8591199999999999, 'close': 1.85941, 'volume': 807.0, 'trend_dir': 1, 'h1_trend': 1, 'd1_trend': 1, 'h1_rsi': 55.031, 'in_session': True, 'atr_ok': True, 'adx_ok': True, 'ema20': 1.859423, 'rsi': 50.759, 'atr': 0.000673, 'adx': 11.289, 'bb_up': 1.86029, 'bb_lo': 1.85845, 'f_bb': 0, 'f_ema': -1, 'f_rsi': 0, 'f_candle': 0, 'f_rsiR': 0, 'f_macd': -1, 'f_stoch': 0, 'f_vol': 0, 'signal_dir': 0, 'h1_topped_from_m5': 1, 'd1_topped_from_m5': 1}}
C:\Users\Administrator\Desktop\tob\ema-h1trend\mt5\run_multi_scalper.py:179: Pandas4Warning: Timestamp.utcnow is deprecated and will be removed in a future version. Use Timestamp.now('UTC') instead.
  return pd.Timestamp.utcnow().tz_localize(None) + pd.Timedelta(hours=BROKER_WALLCLOCK_OFFSET_HOURS)
[2026-05-27 17:30:01 BROKER] cycle | {'bars_m5': 599, 'bars_h1': 250, 'bars_d1': 120, 'last_bar_time': '2026-05-27 17:25:00', 'data_age_min': 5.0, 'signal': False, 'risk_per_trade': 0.003333, 'weight': 0.166667, 'diag': {'n_m5': 599, 'n_h1': 250, 'n_d1': 120, 'bar_time': '2026-05-27 17:25:00', 'open': 17.35629, 'high': 17.36333, 'low': 17.352, 'close': 17.3552, 'volume': 958.0, 'trend_dir': 0, 'h1_trend': 1, 'd1_trend': -1, 'h1_rsi': 70.057, 'in_session': True, 'atr_ok': True, 'adx_ok': True, 'ema20': 17.336477, 'rsi': 66.729, 'atr': 0.011536, 'adx': 33.204, 'bb_up': 17.365201, 'bb_lo': 17.303861, 'f_bb': 0, 'f_ema': 0, 'f_rsi': 0, 'f_candle': -1, 'f_rsiR': -1, 'f_macd': 1, 'f_stoch': -1, 'f_vol': 0, 'signal_dir': 0, 'h1_topped_from_m5': 1, 'd1_topped_from_m5': 1}}
C:\Users\Administrator\Desktop\tob\ema-h1trend\mt5\run_multi_scalper.py:179: Pandas4Warning: Timestamp.utcnow is deprecated and will be removed in a future version. Use Timestamp.now('UTC') instead.
  return pd.Timestamp.utcnow().tz_localize(None) + pd.Timedelta(hours=BROKER_WALLCLOCK_OFFSET_HOURS)
[2026-05-27 17:30:01 BROKER] cycle | {'bars_m5': 599, 'bars_h1': 250, 'bars_d1': 120, 'last_bar_time': '2026-05-27 17:25:00', 'data_age_min': 5.0, 'signal': True, 'risk_per_trade': 0.003333, 'weight': 0.166667, 'diag': {'n_m5': 599, 'n_h1': 250, 'n_d1': 120, 'bar_time': '2026-05-27 17:25:00', 'open': 1.6101999999999999, 'high': 1.61073, 'low': 1.6100400000000001, 'close': 1.61056, 'volume': 771.0, 'trend_dir': 1, 'h1_trend': 1, 'd1_trend': 1, 'h1_rsi': 68.595, 'in_session': True, 'atr_ok': True, 'adx_ok': True, 'ema20': 1.610289, 'rsi': 53.897, 'atr': 0.000571, 'adx': 12.964, 'bb_up': 1.611064, 'bb_lo': 1.609467, 'f_bb': 0, 'f_ema': 1, 'f_rsi': 0, 'f_candle': 0, 'f_rsiR': 0, 'f_macd': 1, 'f_stoch': 0, 'f_vol': 0, 'signal_dir': 1, 'h1_topped_from_m5': 1, 'd1_topped_from_m5': 1}}
[2026-05-27 17:30:01 BROKER] signal | {'direction': 'BUY', 'entry': 1.61056, 'sl': 1.60922, 'tp': 1.61323, 'bar_time': '2026-05-27 17:25:00', 'atr': 0.00057, 'risk': 0.00134, 'rr': 2.0, 'trend_dir': 1, 'adx': 13.0, 'h1_rsi': 68.6, 'rsi': 53.9}
[2026-05-27 17:30:01 BROKER] signal_telegram_suppressed | {'reason': 'position_open_for_symbol', 'bar_time': '2026-05-27 17:25:00', 'direction': 'BUY'}
[2026-05-27 17:30:01 BROKER] skip | {'reason': 'position_open', 'ob_key': ['2026-05-27 17:25:00', 'BUY'], 'missed_signal': {'direction': 'BUY', 'entry': 1.61056, 'sl': 1.60922, 'tp': 1.61323}}
[2026-05-27 17:30:01 BROKER] telegram_sent | {'category': 'skip', 'attempt': 1, 'status': 200, 'latency_ms': 111.7}
C:\Users\Administrator\Desktop\tob\ema-h1trend\mt5\run_multi_scalper.py:179: Pandas4Warning: Timestamp.utcnow is deprecated and will be removed in a future version. Use Timestamp.now('UTC') instead.
  return pd.Timestamp.utcnow().tz_localize(None) + pd.Timedelta(hours=BROKER_WALLCLOCK_OFFSET_HOURS)
[2026-05-27 17:30:01 BROKER] cycle | {'bars_m5': 599, 'bars_h1': 250, 'bars_d1': 120, 'last_bar_time': '2026-05-27 17:25:00', 'data_age_min': 5.0, 'signal': False, 'risk_per_trade': 0.003333, 'weight': 0.166667, 'diag': {'n_m5': 599, 'n_h1': 250, 'n_d1': 120, 'bar_time': '2026-05-27 17:25:00', 'open': 0.98648, 'high': 0.98674, 'low': 0.98643, 'close': 0.9866, 'volume': 741.0, 'trend_dir': 0, 'h1_trend': -1, 'd1_trend': 1, 'h1_rsi': 37.17, 'in_session': True, 'atr_ok': True, 'adx_ok': True, 'ema20': 0.98674, 'rsi': 47.504, 'atr': 0.000463, 'adx': 12.008, 'bb_up': 0.987074, 'bb_lo': 0.986306, 'f_bb': 0, 'f_ema': -1, 'f_rsi': 0, 'f_candle': 0, 'f_rsiR': 0, 'f_macd': 1, 'f_stoch': 0, 'f_vol': 0, 'signal_dir': 0, 'h1_topped_from_m5': 1, 'd1_topped_from_m5': 1}}
[portfolio] cycle_complete: symbols=6 signals=1 placed=0 skipped=0 elapsed_s=1.06 per_symbol=[{'symbol': 'GBPUSD', 'signal': False}, {'symbol': 'XAUUSD', 'signal': False}, {'symbol': 'GBPCAD', 'signal': False}, {'symbol': 'USDMXN', 'signal': False}, {'symbol': 'EURCAD', 'signal': True, 'stage': 'skipped', 'placed': False, 'ticket': None}, {'symbol': 'AUDCAD', 'signal': False}]
  → sleeping 299s until next M5 close ...
[2026-05-27 17:35:00 BROKER] heartbeat | {'uptime_s': 4333.0, 'mt5_connected': True, 'mt5_trade_allowed': True, 'tracked_pendings': 0, 'open_positions': 0, 'cooldown_active': False, 'cooldown_remaining_s': 0.0, 'balance': 978.38, 'equity': 977.4}
C:\Users\Administrator\Desktop\tob\ema-h1trend\mt5\run_multi_scalper.py:179: Pandas4Warning: Timestamp.utcnow is deprecated and will be removed in a future version. Use Timestamp.now('UTC') instead.
  return pd.Timestamp.utcnow().tz_localize(None) + pd.Timedelta(hours=BROKER_WALLCLOCK_OFFSET_HOURS)
[2026-05-27 17:35:00 BROKER] cycle | {'bars_m5': 599, 'bars_h1': 250, 'bars_d1': 120, 'last_bar_time': '2026-05-27 17:30:00', 'data_age_min': 5.0, 'signal': False, 'risk_per_trade': 0.003333, 'weight': 0.166667, 'diag': {'n_m5': 599, 'n_h1': 250, 'n_d1': 120, 'bar_time': '2026-05-27 17:30:00', 'open': 1.34481, 'high': 1.3453300000000001, 'low': 1.34393, 'close': 1.34454, 'volume': 732.0, 'trend_dir': -1, 'h1_trend': -1, 'd1_trend': -1, 'h1_rsi': 44.954, 'in_session': True, 'atr_ok': True, 'adx_ok': True, 'ema20': 1.344592, 'rsi': 50.154, 'atr': 0.000769, 'adx': 13.34, 'bb_up': 1.345253, 'bb_lo': 1.343823, 'f_bb': -1, 'f_ema': -1, 'f_rsi': 0, 'f_candle': -1, 'f_rsiR': -1, 'f_macd': 1, 'f_stoch': 0, 'f_vol': -1, 'signal_dir': 0, 'h1_topped_from_m5': 1, 'd1_topped_from_m5': 1}}
[2026-05-27 17:35:00 BROKER] heartbeat | {'uptime_s': 4333.0, 'mt5_connected': True, 'mt5_trade_allowed': True, 'tracked_pendings': 0, 'open_positions': 0, 'cooldown_active': False, 'cooldown_remaining_s': 0.0, 'balance': 978.38, 'equity': 977.34}
C:\Users\Administrator\Desktop\tob\ema-h1trend\mt5\run_multi_scalper.py:179: Pandas4Warning: Timestamp.utcnow is deprecated and will be removed in a future version. Use Timestamp.now('UTC') instead.
  return pd.Timestamp.utcnow().tz_localize(None) + pd.Timedelta(hours=BROKER_WALLCLOCK_OFFSET_HOURS)
[2026-05-27 17:35:00 BROKER] cycle | {'bars_m5': 599, 'bars_h1': 250, 'bars_d1': 120, 'last_bar_time': '2026-05-27 17:30:00', 'data_age_min': 5.0, 'signal': False, 'risk_per_trade': 0.003333, 'weight': 0.166667, 'diag': {'n_m5': 599, 'n_h1': 250, 'n_d1': 120, 'bar_time': '2026-05-27 17:30:00', 'open': 4445.29, 'high': 4449.12, 'low': 4435.55, 'close': 4440.73, 'volume': 1673.0, 'trend_dir': -1, 'h1_trend': -1, 'd1_trend': -1, 'h1_rsi': 34.644, 'in_session': True, 'atr_ok': True, 'adx_ok': True, 'ema20': 4436.399948, 'rsi': 52.628, 'atr': 10.668387, 'adx': 26.969, 'bb_up': 4456.789021, 'bb_lo': 4401.496979, 'f_bb': 0, 'f_ema': 1, 'f_rsi': 0, 'f_candle': 0, 'f_rsiR': 0, 'f_macd': 1, 'f_stoch': 0, 'f_vol': 0, 'signal_dir': 0, 'h1_topped_from_m5': 1, 'd1_topped_from_m5': 1}}
[2026-05-27 17:35:00 BROKER] heartbeat | {'uptime_s': 4333.1, 'mt5_connected': True, 'mt5_trade_allowed': True, 'tracked_pendings': 0, 'open_positions': 1, 'cooldown_active': False, 'cooldown_remaining_s': 0.0, 'balance': 978.38, 'equity': 977.4}
C:\Users\Administrator\Desktop\tob\ema-h1trend\mt5\run_multi_scalper.py:179: Pandas4Warning: Timestamp.utcnow is deprecated and will be removed in a future version. Use Timestamp.now('UTC') instead.
  return pd.Timestamp.utcnow().tz_localize(None) + pd.Timedelta(hours=BROKER_WALLCLOCK_OFFSET_HOURS)
[2026-05-27 17:35:00 BROKER] cycle | {'bars_m5': 599, 'bars_h1': 250, 'bars_d1': 120, 'last_bar_time': '2026-05-27 17:30:00', 'data_age_min': 5.0, 'signal': False, 'risk_per_trade': 0.003333, 'weight': 0.166667, 'diag': {'n_m5': 599, 'n_h1': 250, 'n_d1': 120, 'bar_time': '2026-05-27 17:30:00', 'open': 1.8593899999999999, 'high': 1.85981, 'low': 1.8585099999999999, 'close': 1.85926, 'volume': 1036.0, 'trend_dir': 1, 'h1_trend': 1, 'd1_trend': 1, 'h1_rsi': 54.176, 'in_session': True, 'atr_ok': True, 'adx_ok': True, 'ema20': 1.859407, 'rsi': 48.972, 'atr': 0.000756, 'adx': 11.47, 'bb_up': 1.860281, 'bb_lo': 1.858498, 'f_bb': 0, 'f_ema': -1, 'f_rsi': 0, 'f_candle': 0, 'f_rsiR': 0, 'f_macd': -1, 'f_stoch': 0, 'f_vol': -1, 'signal_dir': 0, 'h1_topped_from_m5': 1, 'd1_topped_from_m5': 1}}
[2026-05-27 17:35:00 BROKER] heartbeat | {'uptime_s': 4333.1, 'mt5_connected': True, 'mt5_trade_allowed': True, 'tracked_pendings': 0, 'open_positions': 0, 'cooldown_active': False, 'cooldown_remaining_s': 0.0, 'balance': 978.38, 'equity': 977.47}
C:\Users\Administrator\Desktop\tob\ema-h1trend\mt5\run_multi_scalper.py:179: Pandas4Warning: Timestamp.utcnow is deprecated and will be removed in a future version. Use Timestamp.now('UTC') instead.
  return pd.Timestamp.utcnow().tz_localize(None) + pd.Timedelta(hours=BROKER_WALLCLOCK_OFFSET_HOURS)
[2026-05-27 17:35:01 BROKER] cycle | {'bars_m5': 599, 'bars_h1': 250, 'bars_d1': 120, 'last_bar_time': '2026-05-27 17:30:00', 'data_age_min': 5.0, 'signal': False, 'risk_per_trade': 0.003333, 'weight': 0.166667, 'diag': {'n_m5': 599, 'n_h1': 250, 'n_d1': 120, 'bar_time': '2026-05-27 17:30:00', 'open': 17.35516, 'high': 17.37559, 'low': 17.3506, 'close': 17.36549, 'volume': 1023.0, 'trend_dir': 0, 'h1_trend': 1, 'd1_trend': -1, 'h1_rsi': 72.146, 'in_session': True, 'atr_ok': True, 'adx_ok': True, 'ema20': 17.33924, 'rsi': 70.981, 'atr': 0.01333, 'adx': 34.962, 'bb_up': 17.368259, 'bb_lo': 17.306631, 'f_bb': -1, 'f_ema': 0, 'f_rsi': 0, 'f_candle': 1, 'f_rsiR': -1, 'f_macd': 1, 'f_stoch': 0, 'f_vol': 0, 'signal_dir': 0, 'h1_topped_from_m5': 1, 'd1_topped_from_m5': 1}}
C:\Users\Administrator\Desktop\tob\ema-h1trend\mt5\run_multi_scalper.py:179: Pandas4Warning: Timestamp.utcnow is deprecated and will be removed in a future version. Use Timestamp.now('UTC') instead.
  return pd.Timestamp.utcnow().tz_localize(None) + pd.Timedelta(hours=BROKER_WALLCLOCK_OFFSET_HOURS)
[2026-05-27 17:35:01 BROKER] cycle | {'bars_m5': 599, 'bars_h1': 250, 'bars_d1': 120, 'last_bar_time': '2026-05-27 17:30:00', 'data_age_min': 5.0, 'signal': True, 'risk_per_trade': 0.003333, 'weight': 0.166667, 'diag': {'n_m5': 599, 'n_h1': 250, 'n_d1': 120, 'bar_time': '2026-05-27 17:30:00', 'open': 1.61056, 'high': 1.61075, 'low': 1.60987, 'close': 1.61044, 'volume': 936.0, 'trend_dir': 1, 'h1_trend': 1, 'd1_trend': 1, 'h1_rsi': 68.049, 'in_session': True, 'atr_ok': True, 'adx_ok': True, 'ema20': 1.610303, 'rsi': 52.171, 'atr': 0.000612, 'adx': 12.113, 'bb_up': 1.610958, 'bb_lo': 1.609515, 'f_bb': 0, 'f_ema': 1, 'f_rsi': 0, 'f_candle': 0, 'f_rsiR': 0, 'f_macd': 1, 'f_stoch': 0, 'f_vol': 0, 'signal_dir': 1, 'h1_topped_from_m5': 1, 'd1_topped_from_m5': 1}}
[2026-05-27 17:35:01 BROKER] signal | {'direction': 'BUY', 'entry': 1.61044, 'sl': 1.60922, 'tp': 1.61288, 'bar_time': '2026-05-27 17:30:00', 'atr': 0.00061, 'risk': 0.00122, 'rr': 2.0, 'trend_dir': 1, 'adx': 12.1, 'h1_rsi': 68.0, 'rsi': 52.2}
[2026-05-27 17:35:01 BROKER] signal_telegram_suppressed | {'reason': 'position_open_for_symbol', 'bar_time': '2026-05-27 17:30:00', 'direction': 'BUY'}
[2026-05-27 17:35:01 BROKER] skip | {'reason': 'position_open', 'ob_key': ['2026-05-27 17:30:00', 'BUY'], 'missed_signal': {'direction': 'BUY', 'entry': 1.61044, 'sl': 1.60922, 'tp': 1.61288}}
[2026-05-27 17:35:01 BROKER] telegram_sent | {'category': 'skip', 'attempt': 1, 'status': 200, 'latency_ms': 155.1}
[2026-05-27 17:35:01 BROKER] heartbeat | {'uptime_s': 4333.4, 'mt5_connected': True, 'mt5_trade_allowed': True, 'tracked_pendings': 0, 'open_positions': 0, 'cooldown_active': False, 'cooldown_remaining_s': 0.0, 'balance': 978.38, 'equity': 977.29}
[2026-05-27 17:35:01 BROKER] mt5_connected | {'state': 'healthy', 'periodic': True, 'connected': True, 'trade_allowed': True, 'ping_ms': 17272}
C:\Users\Administrator\Desktop\tob\ema-h1trend\mt5\run_multi_scalper.py:179: Pandas4Warning: Timestamp.utcnow is deprecated and will be removed in a future version. Use Timestamp.now('UTC') instead.
  return pd.Timestamp.utcnow().tz_localize(None) + pd.Timedelta(hours=BROKER_WALLCLOCK_OFFSET_HOURS)
[2026-05-27 17:35:01 BROKER] cycle | {'bars_m5': 599, 'bars_h1': 250, 'bars_d1': 120, 'last_bar_time': '2026-05-27 17:30:00', 'data_age_min': 5.0, 'signal': False, 'risk_per_trade': 0.003333, 'weight': 0.166667, 'diag': {'n_m5': 599, 'n_h1': 250, 'n_d1': 120, 'bar_time': '2026-05-27 17:30:00', 'open': 0.9866, 'high': 0.98681, 'low': 0.98573, 'close': 0.98617, 'volume': 948.0, 'trend_dir': 0, 'h1_trend': -1, 'd1_trend': 1, 'h1_rsi': 34.749, 'in_session': True, 'atr_ok': True, 'adx_ok': True, 'ema20': 0.986686, 'rsi': 41.7, 'atr': 0.000545, 'adx': 13.267, 'bb_up': 0.987114, 'bb_lo': 0.986215, 'f_bb': 1, 'f_ema': -1, 'f_rsi': 0, 'f_candle': -1, 'f_rsiR': 0, 'f_macd': -1, 'f_stoch': 0, 'f_vol': -1, 'signal_dir': 0, 'h1_topped_from_m5': 1, 'd1_topped_from_m5': 1}}
C:\Users\Administrator\Desktop\tob\ema-h1trend\mt5\run_multi_scalper.py:179: Pandas4Warning: Timestamp.utcnow is deprecated and will be removed in a future version. Use Timestamp.now('UTC') instead.
  return pd.Timestamp.utcnow().tz_localize(None) + pd.Timedelta(hours=BROKER_WALLCLOCK_OFFSET_HOURS)
[portfolio] cycle_complete: symbols=6 signals=1 placed=0 skipped=0 elapsed_s=1.17 per_symbol=[{'symbol': 'GBPUSD', 'signal': False}, {'symbol': 'XAUUSD', 'signal': False}, {'symbol': 'GBPCAD', 'signal': False}, {'symbol': 'USDMXN', 'signal': False}, {'symbol': 'EURCAD', 'signal': True, 'stage': 'skipped', 'placed': False, 'ticket': None}, {'symbol': 'AUDCAD', 'signal': False}]
  → sleeping 299s until next M5 close ...
[2026-05-27 17:40:00 BROKER] cycle | {'bars_m5': 599, 'bars_h1': 250, 'bars_d1': 120, 'last_bar_time': '2026-05-27 17:35:00', 'data_age_min': 5.0, 'signal': False, 'risk_per_trade': 0.003333, 'weight': 0.166667, 'diag': {'n_m5': 599, 'n_h1': 250, 'n_d1': 120, 'bar_time': '2026-05-27 17:35:00', 'open': 1.34454, 'high': 1.34513, 'low': 1.3444099999999999, 'close': 1.34504, 'volume': 531.0, 'trend_dir': -1, 'h1_trend': -1, 'd1_trend': -1, 'h1_rsi': 49.138, 'in_session': True, 'atr_ok': True, 'adx_ok': True, 'ema20': 1.344635, 'rsi': 55.441, 'atr': 0.000762, 'adx': 12.945, 'bb_up': 1.345282, 'bb_lo': 1.343905, 'f_bb': 0, 'f_ema': 1, 'f_rsi': 0, 'f_candle': 1, 'f_rsiR': -1, 'f_macd': 1, 'f_stoch': 0, 'f_vol': 0, 'signal_dir': 0, 'h1_topped_from_m5': 1, 'd1_topped_from_m5': 1}}
C:\Users\Administrator\Desktop\tob\ema-h1trend\mt5\run_multi_scalper.py:179: Pandas4Warning: Timestamp.utcnow is deprecated and will be removed in a future version. Use Timestamp.now('UTC') instead.
  return pd.Timestamp.utcnow().tz_localize(None) + pd.Timedelta(hours=BROKER_WALLCLOCK_OFFSET_HOURS)
[2026-05-27 17:40:00 BROKER] cycle | {'bars_m5': 599, 'bars_h1': 250, 'bars_d1': 120, 'last_bar_time': '2026-05-27 17:35:00', 'data_age_min': 5.0, 'signal': False, 'risk_per_trade': 0.003333, 'weight': 0.166667, 'diag': {'n_m5': 599, 'n_h1': 250, 'n_d1': 120, 'bar_time': '2026-05-27 17:35:00', 'open': 4440.83, 'high': 4445.43, 'low': 4439.69, 'close': 4444.11, 'volume': 1416.0, 'trend_dir': -1, 'h1_trend': -1, 'd1_trend': -1, 'h1_rsi': 35.982, 'in_session': True, 'atr_ok': True, 'adx_ok': True, 'ema20': 4437.134239, 'rsi': 54.824, 'atr': 10.011269, 'adx': 25.418, 'bb_up': 4457.523344, 'bb_lo': 4401.277656, 'f_bb': 0, 'f_ema': 1, 'f_rsi': 0, 'f_candle': 0, 'f_rsiR': 0, 'f_macd': 1, 'f_stoch': 0, 'f_vol': 0, 'signal_dir': 0, 'h1_topped_from_m5': 1, 'd1_topped_from_m5': 1}}
C:\Users\Administrator\Desktop\tob\ema-h1trend\mt5\run_multi_scalper.py:179: Pandas4Warning: Timestamp.utcnow is deprecated and will be removed in a future version. Use Timestamp.now('UTC') instead.
  return pd.Timestamp.utcnow().tz_localize(None) + pd.Timedelta(hours=BROKER_WALLCLOCK_OFFSET_HOURS)
[2026-05-27 17:40:00 BROKER] cycle | {'bars_m5': 599, 'bars_h1': 250, 'bars_d1': 120, 'last_bar_time': '2026-05-27 17:35:00', 'data_age_min': 5.0, 'signal': True, 'risk_per_trade': 0.003333, 'weight': 0.166667, 'diag': {'n_m5': 599, 'n_h1': 250, 'n_d1': 120, 'bar_time': '2026-05-27 17:35:00', 'open': 1.85927, 'high': 1.85999, 'low': 1.85914, 'close': 1.85998, 'volume': 833.0, 'trend_dir': 1, 'h1_trend': 1, 'd1_trend': 1, 'h1_rsi': 58.008, 'in_session': True, 'atr_ok': True, 'adx_ok': True, 'ema20': 1.859462, 'rsi': 56.828, 'atr': 0.000769, 'adx': 11.234, 'bb_up': 1.860238, 'bb_lo': 1.85871, 'f_bb': 0, 'f_ema': 1, 'f_rsi': 0, 'f_candle': 0, 'f_rsiR': 0, 'f_macd': 1, 'f_stoch': 0, 'f_vol': 0, 'signal_dir': 1, 'h1_topped_from_m5': 1, 'd1_topped_from_m5': 1}}
[2026-05-27 17:40:00 BROKER] signal | {'direction': 'BUY', 'entry': 1.85998, 'sl': 1.85843, 'tp': 1.86307, 'bar_time': '2026-05-27 17:35:00', 'atr': 0.00077, 'risk': 0.00155, 'rr': 2.0, 'trend_dir': 1, 'adx': 11.2, 'h1_rsi': 58.0, 'rsi': 56.8}
[2026-05-27 17:40:00 BROKER] signal_telegram_suppressed | {'reason': 'position_open_for_symbol', 'bar_time': '2026-05-27 17:35:00', 'direction': 'BUY'}
[2026-05-27 17:40:01 BROKER] skip | {'reason': 'position_open', 'ob_key': ['2026-05-27 17:35:00', 'BUY'], 'missed_signal': {'direction': 'BUY', 'entry': 1.85998, 'sl': 1.85843, 'tp': 1.86307}}
[2026-05-27 17:40:01 BROKER] telegram_sent | {'category': 'skip', 'attempt': 1, 'status': 200, 'latency_ms': 166.6}
C:\Users\Administrator\Desktop\tob\ema-h1trend\mt5\run_multi_scalper.py:179: Pandas4Warning: Timestamp.utcnow is deprecated and will be removed in a future version. Use Timestamp.now('UTC') instead.
  return pd.Timestamp.utcnow().tz_localize(None) + pd.Timedelta(hours=BROKER_WALLCLOCK_OFFSET_HOURS)
[2026-05-27 17:40:01 BROKER] cycle | {'bars_m5': 599, 'bars_h1': 250, 'bars_d1': 120, 'last_bar_time': '2026-05-27 17:35:00', 'data_age_min': 5.0, 'signal': False, 'risk_per_trade': 0.003333, 'weight': 0.166667, 'diag': {'n_m5': 599, 'n_h1': 250, 'n_d1': 120, 'bar_time': '2026-05-27 17:35:00', 'open': 17.36595, 'high': 17.3672, 'low': 17.35629, 'close': 17.35629, 'volume': 871.0, 'trend_dir': 0, 'h1_trend': 1, 'd1_trend': -1, 'h1_rsi': 70.293, 'in_session': True, 'atr_ok': True, 'adx_ok': True, 'ema20': 17.340864, 'rsi': 63.205, 'atr': 0.013007, 'adx': 36.595, 'bb_up': 17.369949, 'bb_lo': 17.308656, 'f_bb': 0, 'f_ema': 0, 'f_rsi': -1, 'f_candle': 0, 'f_rsiR': -1, 'f_macd': 1, 'f_stoch': 0, 'f_vol': 0, 'signal_dir': 0, 'h1_topped_from_m5': 1, 'd1_topped_from_m5': 1}}
[2026-05-27 17:40:01 BROKER] heartbeat | {'uptime_s': 4633.3, 'mt5_connected': True, 'mt5_trade_allowed': True, 'tracked_pendings': 0, 'open_positions': 1, 'cooldown_active': False, 'cooldown_remaining_s': 0.0, 'balance': 978.38, 'equity': 980.08}
C:\Users\Administrator\Desktop\tob\ema-h1trend\mt5\run_multi_scalper.py:179: Pandas4Warning: Timestamp.utcnow is deprecated and will be removed in a future version. Use Timestamp.now('UTC') instead.
  return pd.Timestamp.utcnow().tz_localize(None) + pd.Timedelta(hours=BROKER_WALLCLOCK_OFFSET_HOURS)
[2026-05-27 17:40:01 BROKER] cycle | {'bars_m5': 599, 'bars_h1': 250, 'bars_d1': 120, 'last_bar_time': '2026-05-27 17:35:00', 'data_age_min': 5.0, 'signal': True, 'risk_per_trade': 0.003333, 'weight': 0.166667, 'diag': {'n_m5': 599, 'n_h1': 250, 'n_d1': 120, 'bar_time': '2026-05-27 17:35:00', 'open': 1.61044, 'high': 1.61097, 'low': 1.61042, 'close': 1.61089, 'volume': 740.0, 'trend_dir': 1, 'h1_trend': 1, 'd1_trend': 1, 'h1_rsi': 70.005, 'in_session': True, 'atr_ok': True, 'adx_ok': True, 'ema20': 1.610359, 'rsi': 57.65, 'atr': 0.000604, 'adx': 11.788, 'bb_up': 1.611048, 'bb_lo': 1.609517, 'f_bb': 0, 'f_ema': 1, 'f_rsi': 0, 'f_candle': 1, 'f_rsiR': 0, 'f_macd': 1, 'f_stoch': 0, 'f_vol': 0, 'signal_dir': 1, 'h1_topped_from_m5': 1, 'd1_topped_from_m5': 1}}
[2026-05-27 17:40:01 BROKER] signal | {'direction': 'BUY', 'entry': 1.61089, 'sl': 1.60922, 'tp': 1.61423, 'bar_time': '2026-05-27 17:35:00', 'atr': 0.0006, 'risk': 0.00167, 'rr': 2.0, 'trend_dir': 1, 'adx': 11.8, 'h1_rsi': 70.0, 'rsi': 57.7}
[2026-05-27 17:40:01 BROKER] signal_telegram_suppressed | {'reason': 'position_open_for_symbol', 'bar_time': '2026-05-27 17:35:00', 'direction': 'BUY'}
[2026-05-27 17:40:01 BROKER] skip | {'reason': 'position_open', 'ob_key': ['2026-05-27 17:35:00', 'BUY'], 'missed_signal': {'direction': 'BUY', 'entry': 1.61089, 'sl': 1.60922, 'tp': 1.61423}}
[2026-05-27 17:40:01 BROKER] telegram_sent | {'category': 'skip', 'attempt': 1, 'status': 200, 'latency_ms': 102.5}
C:\Users\Administrator\Desktop\tob\ema-h1trend\mt5\run_multi_scalper.py:179: Pandas4Warning: Timestamp.utcnow is deprecated and will be removed in a future version. Use Timestamp.now('UTC') instead.
  return pd.Timestamp.utcnow().tz_localize(None) + pd.Timedelta(hours=BROKER_WALLCLOCK_OFFSET_HOURS)
[2026-05-27 17:40:01 BROKER] cycle | {'bars_m5': 599, 'bars_h1': 250, 'bars_d1': 120, 'last_bar_time': '2026-05-27 17:35:00', 'data_age_min': 5.0, 'signal': False, 'risk_per_trade': 0.003333, 'weight': 0.166667, 'diag': {'n_m5': 599, 'n_h1': 250, 'n_d1': 120, 'bar_time': '2026-05-27 17:35:00', 'open': 0.98616, 'high': 0.98656, 'low': 0.98605, 'close': 0.98654, 'volume': 809.0, 'trend_dir': 0, 'h1_trend': -1, 'd1_trend': 1, 'h1_rsi': 36.812, 'in_session': True, 'atr_ok': True, 'adx_ok': True, 'ema20': 0.986672, 'rsi': 47.629, 'atr': 0.00054, 'adx': 14.435, 'bb_up': 0.987104, 'bb_lo': 0.986243, 'f_bb': 1, 'f_ema': -1, 'f_rsi': 0, 'f_candle': 0, 'f_rsiR': 0, 'f_macd': -1, 'f_stoch': 0, 'f_vol': 0, 'signal_dir': 0, 'h1_topped_from_m5': 1, 'd1_topped_from_m5': 1}}
C:\Users\Administrator\Desktop\tob\ema-h1trend\mt5\run_multi_scalper.py:179: Pandas4Warning: Timestamp.utcnow is deprecated and will be removed in a future version. Use Timestamp.now('UTC') instead.
  return pd.Timestamp.utcnow().tz_localize(None) + pd.Timedelta(hours=BROKER_WALLCLOCK_OFFSET_HOURS)
[portfolio] cycle_complete: symbols=6 signals=2 placed=0 skipped=0 elapsed_s=1.29 per_symbol=[{'symbol': 'GBPUSD', 'signal': False}, {'symbol': 'XAUUSD', 'signal': False}, {'symbol': 'GBPCAD', 'signal': True, 'stage': 'skipped', 'placed': False, 'ticket': None}, {'symbol': 'USDMXN', 'signal': False}, {'symbol': 'EURCAD', 'signal': True, 'stage': 'skipped', 'placed': False, 'ticket': None}, {'symbol': 'AUDCAD', 'signal': False}]
  → sleeping 299s until next M5 close ...
[2026-05-27 17:45:00 BROKER] cycle | {'bars_m5': 599, 'bars_h1': 250, 'bars_d1': 120, 'last_bar_time': '2026-05-27 17:40:00', 'data_age_min': 5.0, 'signal': False, 'risk_per_trade': 0.003333, 'weight': 0.166667, 'diag': {'n_m5': 599, 'n_h1': 250, 'n_d1': 120, 'bar_time': '2026-05-27 17:40:00', 'open': 1.34504, 'high': 1.34527, 'low': 1.34477, 'close': 1.34503, 'volume': 532.0, 'trend_dir': -1, 'h1_trend': -1, 'd1_trend': -1, 'h1_rsi': 49.058, 'in_session': True, 'atr_ok': True, 'adx_ok': True, 'ema20': 1.344672, 'rsi': 55.315, 'atr': 0.000727, 'adx': 12.192, 'bb_up': 1.345332, 'bb_lo': 1.343902, 'f_bb': 0, 'f_ema': 1, 'f_rsi': 0, 'f_candle': 0, 'f_rsiR': -1, 'f_macd': 1, 'f_stoch': 0, 'f_vol': 0, 'signal_dir': 0, 'h1_topped_from_m5': 1, 'd1_topped_from_m5': 1}}
C:\Users\Administrator\Desktop\tob\ema-h1trend\mt5\run_multi_scalper.py:179: Pandas4Warning: Timestamp.utcnow is deprecated and will be removed in a future version. Use Timestamp.now('UTC') instead.
  return pd.Timestamp.utcnow().tz_localize(None) + pd.Timedelta(hours=BROKER_WALLCLOCK_OFFSET_HOURS)
[2026-05-27 17:45:00 BROKER] cycle | {'bars_m5': 599, 'bars_h1': 250, 'bars_d1': 120, 'last_bar_time': '2026-05-27 17:40:00', 'data_age_min': 5.0, 'signal': False, 'risk_per_trade': 0.003333, 'weight': 0.166667, 'diag': {'n_m5': 599, 'n_h1': 250, 'n_d1': 120, 'bar_time': '2026-05-27 17:40:00', 'open': 4444.26, 'high': 4444.94, 'low': 4440.26, 'close': 4443.11, 'volume': 1255.0, 'trend_dir': -1, 'h1_trend': -1, 'd1_trend': -1, 'h1_rsi': 35.591, 'in_session': True, 'atr_ok': True, 'adx_ok': True, 'ema20': 4437.703359, 'rsi': 54.026, 'atr': 9.300433, 'adx': 23.978, 'bb_up': 4458.705982, 'bb_lo': 4401.175018, 'f_bb': 0, 'f_ema': 1, 'f_rsi': 0, 'f_candle': 0, 'f_rsiR': 0, 'f_macd': 1, 'f_stoch': -1, 'f_vol': 0, 'signal_dir': 0, 'h1_topped_from_m5': 1, 'd1_topped_from_m5': 1}}
C:\Users\Administrator\Desktop\tob\ema-h1trend\mt5\run_multi_scalper.py:179: Pandas4Warning: Timestamp.utcnow is deprecated and will be removed in a future version. Use Timestamp.now('UTC') instead.
  return pd.Timestamp.utcnow().tz_localize(None) + pd.Timedelta(hours=BROKER_WALLCLOCK_OFFSET_HOURS)
[2026-05-27 17:45:00 BROKER] cycle | {'bars_m5': 599, 'bars_h1': 250, 'bars_d1': 120, 'last_bar_time': '2026-05-27 17:40:00', 'data_age_min': 5.0, 'signal': False, 'risk_per_trade': 0.003333, 'weight': 0.166667, 'diag': {'n_m5': 599, 'n_h1': 250, 'n_d1': 120, 'bar_time': '2026-05-27 17:40:00', 'open': 1.8599700000000001, 'high': 1.86014, 'low': 1.85917, 'close': 1.85931, 'volume': 803.0, 'trend_dir': 1, 'h1_trend': 1, 'd1_trend': 1, 'h1_rsi': 54.465, 'in_session': True, 'atr_ok': True, 'adx_ok': True, 'ema20': 1.859448, 'rsi': 49.232, 'atr': 0.000796, 'adx': 10.685, 'bb_up': 1.86021, 'bb_lo': 1.858782, 'f_bb': 0, 'f_ema': -1, 'f_rsi': 0, 'f_candle': 0, 'f_rsiR': 0, 'f_macd': -1, 'f_stoch': 0, 'f_vol': 0, 'signal_dir': 0, 'h1_topped_from_m5': 1, 'd1_topped_from_m5': 1}}
C:\Users\Administrator\Desktop\tob\ema-h1trend\mt5\run_multi_scalper.py:179: Pandas4Warning: Timestamp.utcnow is deprecated and will be removed in a future version. Use Timestamp.now('UTC') instead.
  return pd.Timestamp.utcnow().tz_localize(None) + pd.Timedelta(hours=BROKER_WALLCLOCK_OFFSET_HOURS)
[2026-05-27 17:45:01 BROKER] cycle | {'bars_m5': 599, 'bars_h1': 250, 'bars_d1': 120, 'last_bar_time': '2026-05-27 17:35:00', 'data_age_min': 10.0, 'signal': False, 'risk_per_trade': 0.003333, 'weight': 0.166667, 'diag': {'n_m5': 599, 'n_h1': 250, 'n_d1': 120, 'bar_time': '2026-05-27 17:35:00', 'open': 17.36595, 'high': 17.3672, 'low': 17.35629, 'close': 17.35629, 'volume': 871.0, 'trend_dir': 0, 'h1_trend': 1, 'd1_trend': -1, 'h1_rsi': 70.293, 'in_session': True, 'atr_ok': True, 'adx_ok': True, 'ema20': 17.340864, 'rsi': 63.205, 'atr': 0.013007, 'adx': 36.595, 'bb_up': 17.369949, 'bb_lo': 17.308656, 'f_bb': 0, 'f_ema': 0, 'f_rsi': -1, 'f_candle': 0, 'f_rsiR': -1, 'f_macd': 1, 'f_stoch': 0, 'f_vol': 0, 'signal_dir': 0, 'h1_topped_from_m5': 1, 'd1_topped_from_m5': 1}}
C:\Users\Administrator\Desktop\tob\ema-h1trend\mt5\run_multi_scalper.py:179: Pandas4Warning: Timestamp.utcnow is deprecated and will be removed in a future version. Use Timestamp.now('UTC') instead.
  return pd.Timestamp.utcnow().tz_localize(None) + pd.Timedelta(hours=BROKER_WALLCLOCK_OFFSET_HOURS)
[2026-05-27 17:45:01 BROKER] cycle | {'bars_m5': 599, 'bars_h1': 250, 'bars_d1': 120, 'last_bar_time': '2026-05-27 17:40:00', 'data_age_min': 5.0, 'signal': False, 'risk_per_trade': 0.003333, 'weight': 0.166667, 'diag': {'n_m5': 599, 'n_h1': 250, 'n_d1': 120, 'bar_time': '2026-05-27 17:40:00', 'open': 1.61089, 'high': 1.6109, 'low': 1.61005, 'close': 1.61021, 'volume': 736.0, 'trend_dir': 1, 'h1_trend': 1, 'd1_trend': 1, 'h1_rsi': 66.948, 'in_session': True, 'atr_ok': True, 'adx_ok': True, 'ema20': 1.610345, 'rsi': 48.591, 'atr': 0.000637, 'adx': 11.225, 'bb_up': 1.611048, 'bb_lo': 1.609539, 'f_bb': 0, 'f_ema': -1, 'f_rsi': 0, 'f_candle': -1, 'f_rsiR': 0, 'f_macd': 1, 'f_stoch': 0, 'f_vol': 0, 'signal_dir': 0, 'h1_topped_from_m5': 1, 'd1_topped_from_m5': 1}}
C:\Users\Administrator\Desktop\tob\ema-h1trend\mt5\run_multi_scalper.py:179: Pandas4Warning: Timestamp.utcnow is deprecated and will be removed in a future version. Use Timestamp.now('UTC') instead.
  return pd.Timestamp.utcnow().tz_localize(None) + pd.Timedelta(hours=BROKER_WALLCLOCK_OFFSET_HOURS)
[2026-05-27 17:45:01 BROKER] cycle | {'bars_m5': 599, 'bars_h1': 250, 'bars_d1': 120, 'last_bar_time': '2026-05-27 17:40:00', 'data_age_min': 5.0, 'signal': False, 'risk_per_trade': 0.003333, 'weight': 0.166667, 'diag': {'n_m5': 599, 'n_h1': 250, 'n_d1': 120, 'bar_time': '2026-05-27 17:40:00', 'open': 0.98654, 'high': 0.98654, 'low': 0.98601, 'close': 0.98633, 'volume': 739.0, 'trend_dir': 0, 'h1_trend': -1, 'd1_trend': 1, 'h1_rsi': 35.612, 'in_session': True, 'atr_ok': True, 'adx_ok': True, 'ema20': 0.986639, 'rsi': 44.842, 'atr': 0.000539, 'adx': 15.61, 'bb_up': 0.987115, 'bb_lo': 0.986201, 'f_bb': 1, 'f_ema': -1, 'f_rsi': 0, 'f_candle': 0, 'f_rsiR': 0, 'f_macd': -1, 'f_stoch': 0, 'f_vol': 0, 'signal_dir': 0, 'h1_topped_from_m5': 1, 'd1_topped_from_m5': 1}}
[portfolio] cycle_complete: symbols=6 signals=0 placed=0 skipped=0 elapsed_s=1.02 per_symbol=[{'symbol': 'GBPUSD', 'signal': False}, {'symbol': 'XAUUSD', 'signal': False}, {'symbol': 'GBPCAD', 'signal': False}, {'symbol': 'USDMXN', 'signal': False}, {'symbol': 'EURCAD', 'signal': False}, {'symbol': 'AUDCAD', 'signal': False}]
  → sleeping 299s until next M5 close ...
[2026-05-27 17:50:00 BROKER] heartbeat | {'uptime_s': 5233.0, 'mt5_connected': True, 'mt5_trade_allowed': True, 'tracked_pendings': 0, 'open_positions': 0, 'cooldown_active': False, 'cooldown_remaining_s': 0.0, 'balance': 978.38, 'equity': 976.31}
[2026-05-27 17:50:00 BROKER] mt5_connected | {'state': 'healthy', 'periodic': True, 'connected': True, 'trade_allowed': True, 'ping_ms': 17272}
C:\Users\Administrator\Desktop\tob\ema-h1trend\mt5\run_multi_scalper.py:179: Pandas4Warning: Timestamp.utcnow is deprecated and will be removed in a future version. Use Timestamp.now('UTC') instead.
  return pd.Timestamp.utcnow().tz_localize(None) + pd.Timedelta(hours=BROKER_WALLCLOCK_OFFSET_HOURS)
[2026-05-27 17:50:00 BROKER] cycle | {'bars_m5': 599, 'bars_h1': 250, 'bars_d1': 120, 'last_bar_time': '2026-05-27 17:45:00', 'data_age_min': 5.0, 'signal': True, 'risk_per_trade': 0.003333, 'weight': 0.166667, 'diag': {'n_m5': 599, 'n_h1': 250, 'n_d1': 120, 'bar_time': '2026-05-27 17:45:00', 'open': 1.34505, 'high': 1.34527, 'low': 1.34436, 'close': 1.34436, 'volume': 593.0, 'trend_dir': -1, 'h1_trend': -1, 'd1_trend': -1, 'h1_rsi': 43.653, 'in_session': True, 'atr_ok': True, 'adx_ok': True, 'ema20': 1.344643, 'rsi': 47.503, 'atr': 0.000752, 'adx': 12.445, 'bb_up': 1.345331, 'bb_lo': 1.343907, 'f_bb': 0, 'f_ema': -1, 'f_rsi': 0, 'f_candle': 0, 'f_rsiR': -1, 'f_macd': -1, 'f_stoch': 0, 'f_vol': 0, 'signal_dir': -1, 'h1_topped_from_m5': 1, 'd1_topped_from_m5': 1}}
[2026-05-27 17:50:00 BROKER] signal | {'direction': 'SELL', 'entry': 1.34436, 'sl': 1.34583, 'tp': 1.34143, 'bar_time': '2026-05-27 17:45:00', 'atr': 0.00075, 'risk': 0.00147, 'rr': 2.0, 'trend_dir': -1, 'adx': 12.4, 'h1_rsi': 43.7, 'rsi': 47.5}
[2026-05-27 17:50:00 BROKER] telegram_sent | {'category': 'signal', 'attempt': 1, 'status': 200, 'latency_ms': 170.4}
[2026-05-27 17:50:00 BROKER] slippage_adjusted | {'direction': 'SELL', 'ob_entry': 1.34436, 'market_price': 1.3443, 'slippage_pts': 6.0, 'sl_unchanged': 1.34583, 'volume_original': 0.02, 'volume_adjusted': 0.02, 'tp_original': 1.34143, 'tp_adjusted': 1.34124}
[2026-05-27 17:50:01 BROKER] execution_latency | {'stage': 'market', 'ticket': 39480220, 'latency_ms': 172.6}
[2026-05-27 17:50:01 BROKER] market_order_placed | {'ticket': 39480220, 'side': 'sell', 'volume': 0.02, 'price': 1.3443, 'sl': 1.34583, 'tp': 1.34124, 'slippage_pts': 6.0, 'ob_entry': 1.34436}
[2026-05-27 17:50:01 BROKER] telegram_sent | {'category': 'order_placed', 'attempt': 1, 'status': 200, 'latency_ms': 187.4}
[2026-05-27 17:50:01 BROKER] heartbeat | {'uptime_s': 5233.6, 'mt5_connected': True, 'mt5_trade_allowed': True, 'tracked_pendings': 0, 'open_positions': 0, 'cooldown_active': False, 'cooldown_remaining_s': 0.0, 'balance': 978.38, 'equity': 975.88}
C:\Users\Administrator\Desktop\tob\ema-h1trend\mt5\run_multi_scalper.py:179: Pandas4Warning: Timestamp.utcnow is deprecated and will be removed in a future version. Use Timestamp.now('UTC') instead.
  return pd.Timestamp.utcnow().tz_localize(None) + pd.Timedelta(hours=BROKER_WALLCLOCK_OFFSET_HOURS)
[2026-05-27 17:50:01 BROKER] cycle | {'bars_m5': 599, 'bars_h1': 250, 'bars_d1': 120, 'last_bar_time': '2026-05-27 17:45:00', 'data_age_min': 5.0, 'signal': False, 'risk_per_trade': 0.003333, 'weight': 0.166667, 'diag': {'n_m5': 599, 'n_h1': 250, 'n_d1': 120, 'bar_time': '2026-05-27 17:45:00', 'open': 4443.08, 'high': 4446.24, 'low': 4438.38, 'close': 4438.38, 'volume': 1234.0, 'trend_dir': -1, 'h1_trend': -1, 'd1_trend': -1, 'h1_rsi': 33.68, 'in_session': True, 'atr_ok': True, 'adx_ok': True, 'ema20': 4437.767801, 'rsi': 50.297, 'atr': 9.108375, 'adx': 22.366, 'bb_up': 4459.161861, 'bb_lo': 4403.124139, 'f_bb': 0, 'f_ema': 1, 'f_rsi': 0, 'f_candle': 0, 'f_rsiR': 0, 'f_macd': 1, 'f_stoch': 0, 'f_vol': 0, 'signal_dir': 0, 'h1_topped_from_m5': 1, 'd1_topped_from_m5': 1}}
[2026-05-27 17:50:01 BROKER] heartbeat | {'uptime_s': 5233.6, 'mt5_connected': True, 'mt5_trade_allowed': True, 'tracked_pendings': 0, 'open_positions': 1, 'cooldown_active': False, 'cooldown_remaining_s': 0.0, 'balance': 978.38, 'equity': 975.93}
C:\Users\Administrator\Desktop\tob\ema-h1trend\mt5\run_multi_scalper.py:179: Pandas4Warning: Timestamp.utcnow is deprecated and will be removed in a future version. Use Timestamp.now('UTC') instead.
  return pd.Timestamp.utcnow().tz_localize(None) + pd.Timedelta(hours=BROKER_WALLCLOCK_OFFSET_HOURS)
[2026-05-27 17:50:01 BROKER] cycle | {'bars_m5': 599, 'bars_h1': 250, 'bars_d1': 120, 'last_bar_time': '2026-05-27 17:45:00', 'data_age_min': 5.0, 'signal': False, 'risk_per_trade': 0.003333, 'weight': 0.166667, 'diag': {'n_m5': 599, 'n_h1': 250, 'n_d1': 120, 'bar_time': '2026-05-27 17:45:00', 'open': 1.8593199999999999, 'high': 1.8595899999999999, 'low': 1.8588900000000002, 'close': 1.85903, 'volume': 824.0, 'trend_dir': 1, 'h1_trend': 1, 'd1_trend': 1, 'h1_rsi': 52.765, 'in_session': True, 'atr_ok': True, 'adx_ok': True, 'ema20': 1.859408, 'rsi': 46.438, 'atr': 0.000783, 'adx': 10.72, 'bb_up': 1.860184, 'bb_lo': 1.858829, 'f_bb': 0, 'f_ema': -1, 'f_rsi': 0, 'f_candle': 0, 'f_rsiR': 0, 'f_macd': -1, 'f_stoch': 0, 'f_vol': 0, 'signal_dir': 0, 'h1_topped_from_m5': 1, 'd1_topped_from_m5': 1}}
[2026-05-27 17:50:01 BROKER] heartbeat | {'uptime_s': 5233.6, 'mt5_connected': True, 'mt5_trade_allowed': True, 'tracked_pendings': 0, 'open_positions': 0, 'cooldown_active': False, 'cooldown_remaining_s': 0.0, 'balance': 978.38, 'equity': 975.93}
C:\Users\Administrator\Desktop\tob\ema-h1trend\mt5\run_multi_scalper.py:179: Pandas4Warning: Timestamp.utcnow is deprecated and will be removed in a future version. Use Timestamp.now('UTC') instead.
  return pd.Timestamp.utcnow().tz_localize(None) + pd.Timedelta(hours=BROKER_WALLCLOCK_OFFSET_HOURS)
[2026-05-27 17:50:01 BROKER] cycle | {'bars_m5': 599, 'bars_h1': 250, 'bars_d1': 120, 'last_bar_time': '2026-05-27 17:45:00', 'data_age_min': 5.0, 'signal': False, 'risk_per_trade': 0.003333, 'weight': 0.166667, 'diag': {'n_m5': 599, 'n_h1': 250, 'n_d1': 120, 'bar_time': '2026-05-27 17:45:00', 'open': 17.36148, 'high': 17.36799, 'low': 17.35396, 'close': 17.36799, 'volume': 773.0, 'trend_dir': 0, 'h1_trend': 1, 'd1_trend': -1, 'h1_rsi': 72.611, 'in_session': True, 'atr_ok': True, 'adx_ok': True, 'ema20': 17.345173, 'rsi': 68.199, 'atr': 0.01292, 'adx': 38.952, 'bb_up': 17.37242, 'bb_lo': 17.316706, 'f_bb': 0, 'f_ema': 0, 'f_rsi': 0, 'f_candle': 0, 'f_rsiR': -1, 'f_macd': 1, 'f_stoch': 0, 'f_vol': 0, 'signal_dir': 0, 'h1_topped_from_m5': 1, 'd1_topped_from_m5': 1}}
[2026-05-27 17:50:01 BROKER] heartbeat | {'uptime_s': 5233.7, 'mt5_connected': True, 'mt5_trade_allowed': True, 'tracked_pendings': 0, 'open_positions': 1, 'cooldown_active': False, 'cooldown_remaining_s': 0.0, 'balance': 978.38, 'equity': 975.96}
C:\Users\Administrator\Desktop\tob\ema-h1trend\mt5\run_multi_scalper.py:179: Pandas4Warning: Timestamp.utcnow is deprecated and will be removed in a future version. Use Timestamp.now('UTC') instead.
  return pd.Timestamp.utcnow().tz_localize(None) + pd.Timedelta(hours=BROKER_WALLCLOCK_OFFSET_HOURS)
[2026-05-27 17:50:01 BROKER] cycle | {'bars_m5': 599, 'bars_h1': 250, 'bars_d1': 120, 'last_bar_time': '2026-05-27 17:45:00', 'data_age_min': 5.0, 'signal': False, 'risk_per_trade': 0.003333, 'weight': 0.166667, 'diag': {'n_m5': 599, 'n_h1': 250, 'n_d1': 120, 'bar_time': '2026-05-27 17:45:00', 'open': 1.61021, 'high': 1.61043, 'low': 1.60992, 'close': 1.61016, 'volume': 732.0, 'trend_dir': 1, 'h1_trend': 1, 'd1_trend': 1, 'h1_rsi': 66.698, 'in_session': True, 'atr_ok': True, 'adx_ok': True, 'ema20': 1.610327, 'rsi': 47.994, 'atr': 0.00062, 'adx': 10.967, 'bb_up': 1.611043, 'bb_lo': 1.609566, 'f_bb': 0, 'f_ema': -1, 'f_rsi': 0, 'f_candle': 0, 'f_rsiR': 0, 'f_macd': 1, 'f_stoch': 0, 'f_vol': 0, 'signal_dir': 0, 'h1_topped_from_m5': 1, 'd1_topped_from_m5': 1}}
[2026-05-27 17:50:01 BROKER] heartbeat | {'uptime_s': 5233.7, 'mt5_connected': True, 'mt5_trade_allowed': True, 'tracked_pendings': 0, 'open_positions': 0, 'cooldown_active': False, 'cooldown_remaining_s': 0.0, 'balance': 978.38, 'equity': 975.96}
C:\Users\Administrator\Desktop\tob\ema-h1trend\mt5\run_multi_scalper.py:179: Pandas4Warning: Timestamp.utcnow is deprecated and will be removed in a future version. Use Timestamp.now('UTC') instead.
  return pd.Timestamp.utcnow().tz_localize(None) + pd.Timedelta(hours=BROKER_WALLCLOCK_OFFSET_HOURS)
[2026-05-27 17:50:02 BROKER] cycle | {'bars_m5': 599, 'bars_h1': 250, 'bars_d1': 120, 'last_bar_time': '2026-05-27 17:45:00', 'data_age_min': 5.0, 'signal': False, 'risk_per_trade': 0.003333, 'weight': 0.166667, 'diag': {'n_m5': 599, 'n_h1': 250, 'n_d1': 120, 'bar_time': '2026-05-27 17:45:00', 'open': 0.98635, 'high': 0.98679, 'low': 0.98631, 'close': 0.98644, 'volume': 747.0, 'trend_dir': 0, 'h1_trend': -1, 'd1_trend': 1, 'h1_rsi': 36.231, 'in_session': True, 'atr_ok': True, 'adx_ok': True, 'ema20': 0.98662, 'rsi': 46.604, 'atr': 0.000531, 'adx': 15.694, 'bb_up': 0.987112, 'bb_lo': 0.986209, 'f_bb': 0, 'f_ema': -1, 'f_rsi': 0, 'f_candle': 0, 'f_rsiR': 0, 'f_macd': -1, 'f_stoch': 0, 'f_vol': 0, 'signal_dir': 0, 'h1_topped_from_m5': 1, 'd1_topped_from_m5': 1}}
C:\Users\Administrator\Desktop\tob\ema-h1trend\mt5\run_multi_scalper.py:179: Pandas4Warning: Timestamp.utcnow is deprecated and will be removed in a future version. Use Timestamp.now('UTC') instead.
  return pd.Timestamp.utcnow().tz_localize(None) + pd.Timedelta(hours=BROKER_WALLCLOCK_OFFSET_HOURS)
[portfolio] cycle_complete: symbols=6 signals=1 placed=1 skipped=0 elapsed_s=1.52 per_symbol=[{'symbol': 'GBPUSD', 'signal': True, 'stage': 'market', 'placed': True, 'ticket': 39480220}, {'symbol': 'XAUUSD', 'signal': False}, {'symbol': 'GBPCAD', 'signal': False}, {'symbol': 'USDMXN', 'signal': False}, {'symbol': 'EURCAD', 'signal': False}, {'symbol': 'AUDCAD', 'signal': False}]
  → sleeping 298s until next M5 close ...
[2026-05-27 17:55:00 BROKER] cycle | {'bars_m5': 599, 'bars_h1': 250, 'bars_d1': 120, 'last_bar_time': '2026-05-27 17:50:00', 'data_age_min': 5.0, 'signal': True, 'risk_per_trade': 0.003333, 'weight': 0.166667, 'diag': {'n_m5': 599, 'n_h1': 250, 'n_d1': 120, 'bar_time': '2026-05-27 17:50:00', 'open': 1.3443399999999999, 'high': 1.34442, 'low': 1.34261, 'close': 1.34288, 'volume': 731.0, 'trend_dir': -1, 'h1_trend': -1, 'd1_trend': -1, 'h1_rsi': 35.264, 'in_session': True, 'atr_ok': True, 'adx_ok': True, 'ema20': 1.344475, 'rsi': 35.557, 'atr': 0.000893, 'adx': 14.998, 'bb_up': 1.345593, 'bb_lo': 1.343484, 'f_bb': 1, 'f_ema': -1, 'f_rsi': 0, 'f_candle': 0, 'f_rsiR': -1, 'f_macd': -1, 'f_stoch': 0, 'f_vol': -1, 'signal_dir': -1, 'h1_topped_from_m5': 1, 'd1_topped_from_m5': 1}}
[2026-05-27 17:55:00 BROKER] signal | {'direction': 'SELL', 'entry': 1.34288, 'sl': 1.34584, 'tp': 1.33696, 'bar_time': '2026-05-27 17:50:00', 'atr': 0.00089, 'risk': 0.00296, 'rr': 2.0, 'trend_dir': -1, 'adx': 15.0, 'h1_rsi': 35.3, 'rsi': 35.6}
[2026-05-27 17:55:00 BROKER] signal_telegram_suppressed | {'reason': 'position_open_for_symbol', 'bar_time': '2026-05-27 17:50:00', 'direction': 'SELL'}
[2026-05-27 17:55:00 BROKER] skip | {'reason': 'position_open', 'ob_key': ['2026-05-27 17:50:00', 'SELL'], 'missed_signal': {'direction': 'SELL', 'entry': 1.34288, 'sl': 1.34584, 'tp': 1.33696}}
[2026-05-27 17:55:00 BROKER] telegram_sent | {'category': 'skip', 'attempt': 1, 'status': 200, 'latency_ms': 135.8}
C:\Users\Administrator\Desktop\tob\ema-h1trend\mt5\run_multi_scalper.py:179: Pandas4Warning: Timestamp.utcnow is deprecated and will be removed in a future version. Use Timestamp.now('UTC') instead.
  return pd.Timestamp.utcnow().tz_localize(None) + pd.Timedelta(hours=BROKER_WALLCLOCK_OFFSET_HOURS)
[2026-05-27 17:55:00 BROKER] cycle | {'bars_m5': 599, 'bars_h1': 250, 'bars_d1': 120, 'last_bar_time': '2026-05-27 17:50:00', 'data_age_min': 5.0, 'signal': False, 'risk_per_trade': 0.003333, 'weight': 0.166667, 'diag': {'n_m5': 599, 'n_h1': 250, 'n_d1': 120, 'bar_time': '2026-05-27 17:50:00', 'open': 4438.1, 'high': 4439.75, 'low': 4436.67, 'close': 4439.72, 'volume': 1362.0, 'trend_dir': -1, 'h1_trend': -1, 'd1_trend': -1, 'h1_rsi': 34.233, 'in_session': True, 'atr_ok': True, 'adx_ok': True, 'ema20': 4437.953725, 'rsi': 51.322, 'atr': 8.304592, 'adx': 20.918, 'bb_up': 4459.709664, 'bb_lo': 4404.863336, 'f_bb': 0, 'f_ema': 1, 'f_rsi': 0, 'f_candle': 0, 'f_rsiR': 0, 'f_macd': 1, 'f_stoch': 0, 'f_vol': 0, 'signal_dir': 0, 'h1_topped_from_m5': 1, 'd1_topped_from_m5': 1}}
C:\Users\Administrator\Desktop\tob\ema-h1trend\mt5\run_multi_scalper.py:179: Pandas4Warning: Timestamp.utcnow is deprecated and will be removed in a future version. Use Timestamp.now('UTC') instead.
  return pd.Timestamp.utcnow().tz_localize(None) + pd.Timedelta(hours=BROKER_WALLCLOCK_OFFSET_HOURS)
[2026-05-27 17:55:01 BROKER] cycle | {'bars_m5': 599, 'bars_h1': 250, 'bars_d1': 120, 'last_bar_time': '2026-05-27 17:50:00', 'data_age_min': 5.0, 'signal': False, 'risk_per_trade': 0.003333, 'weight': 0.166667, 'diag': {'n_m5': 599, 'n_h1': 250, 'n_d1': 120, 'bar_time': '2026-05-27 17:50:00', 'open': 1.85904, 'high': 1.8596, 'low': 1.85797, 'close': 1.8586200000000002, 'volume': 1058.0, 'trend_dir': 1, 'h1_trend': 1, 'd1_trend': 1, 'h1_rsi': 50.117, 'in_session': True, 'atr_ok': True, 'adx_ok': True, 'ema20': 1.859333, 'rsi': 42.624, 'atr': 0.000896, 'adx': 12.137, 'bb_up': 1.860254, 'bb_lo': 1.85869, 'f_bb': 1, 'f_ema': -1, 'f_rsi': 0, 'f_candle': 0, 'f_rsiR': 0, 'f_macd': -1, 'f_stoch': 0, 'f_vol': -1, 'signal_dir': 0, 'h1_topped_from_m5': 1, 'd1_topped_from_m5': 1}}
C:\Users\Administrator\Desktop\tob\ema-h1trend\mt5\run_multi_scalper.py:179: Pandas4Warning: Timestamp.utcnow is deprecated and will be removed in a future version. Use Timestamp.now('UTC') instead.
  return pd.Timestamp.utcnow().tz_localize(None) + pd.Timedelta(hours=BROKER_WALLCLOCK_OFFSET_HOURS)
[2026-05-27 17:55:01 BROKER] cycle | {'bars_m5': 599, 'bars_h1': 250, 'bars_d1': 120, 'last_bar_time': '2026-05-27 17:50:00', 'data_age_min': 5.0, 'signal': False, 'risk_per_trade': 0.003333, 'weight': 0.166667, 'diag': {'n_m5': 599, 'n_h1': 250, 'n_d1': 120, 'bar_time': '2026-05-27 17:50:00', 'open': 17.368, 'high': 17.37895, 'low': 17.36785, 'close': 17.37799, 'volume': 962.0, 'trend_dir': 0, 'h1_trend': 1, 'd1_trend': -1, 'h1_rsi': 74.323, 'in_session': True, 'atr_ok': True, 'adx_ok': True, 'ema20': 17.348298, 'rsi': 71.821, 'atr': 0.012677, 'adx': 40.442, 'bb_up': 17.375392, 'bb_lo': 17.320203, 'f_bb': -1, 'f_ema': 0, 'f_rsi': 0, 'f_candle': 0, 'f_rsiR': -1, 'f_macd': 1, 'f_stoch': 0, 'f_vol': 0, 'signal_dir': 0, 'h1_topped_from_m5': 1, 'd1_topped_from_m5': 1}}
C:\Users\Administrator\Desktop\tob\ema-h1trend\mt5\run_multi_scalper.py:179: Pandas4Warning: Timestamp.utcnow is deprecated and will be removed in a future version. Use Timestamp.now('UTC') instead.
  return pd.Timestamp.utcnow().tz_localize(None) + pd.Timedelta(hours=BROKER_WALLCLOCK_OFFSET_HOURS)
[2026-05-27 17:55:01 BROKER] cycle | {'bars_m5': 599, 'bars_h1': 250, 'bars_d1': 120, 'last_bar_time': '2026-05-27 17:50:00', 'data_age_min': 5.0, 'signal': True, 'risk_per_trade': 0.003333, 'weight': 0.166667, 'diag': {'n_m5': 599, 'n_h1': 250, 'n_d1': 120, 'bar_time': '2026-05-27 17:50:00', 'open': 1.61016, 'high': 1.61057, 'low': 1.61007, 'close': 1.6105399999999999, 'volume': 912.0, 'trend_dir': 1, 'h1_trend': 1, 'd1_trend': 1, 'h1_rsi': 68.505, 'in_session': True, 'atr_ok': True, 'adx_ok': True, 'ema20': 1.610348, 'rsi': 52.747, 'atr': 0.000604, 'adx': 10.398, 'bb_up': 1.611057, 'bb_lo': 1.609566, 'f_bb': 0, 'f_ema': 1, 'f_rsi': 0, 'f_candle': 1, 'f_rsiR': 0, 'f_macd': 1, 'f_stoch': 0, 'f_vol': 0, 'signal_dir': 1, 'h1_topped_from_m5': 1, 'd1_topped_from_m5': 1}}
[2026-05-27 17:55:01 BROKER] signal | {'direction': 'BUY', 'entry': 1.61054, 'sl': 1.60922, 'tp': 1.61318, 'bar_time': '2026-05-27 17:50:00', 'atr': 0.0006, 'risk': 0.00132, 'rr': 2.0, 'trend_dir': 1, 'adx': 10.4, 'h1_rsi': 68.5, 'rsi': 52.7}
[2026-05-27 17:55:01 BROKER] signal_telegram_suppressed | {'reason': 'position_open_for_symbol', 'bar_time': '2026-05-27 17:50:00', 'direction': 'BUY'}
[2026-05-27 17:55:01 BROKER] skip | {'reason': 'position_open', 'ob_key': ['2026-05-27 17:50:00', 'BUY'], 'missed_signal': {'direction': 'BUY', 'entry': 1.61054, 'sl': 1.60922, 'tp': 1.61318}}
[2026-05-27 17:55:01 BROKER] telegram_sent | {'category': 'skip', 'attempt': 1, 'status': 200, 'latency_ms': 103.5}
C:\Users\Administrator\Desktop\tob\ema-h1trend\mt5\run_multi_scalper.py:179: Pandas4Warning: Timestamp.utcnow is deprecated and will be removed in a future version. Use Timestamp.now('UTC') instead.
  return pd.Timestamp.utcnow().tz_localize(None) + pd.Timedelta(hours=BROKER_WALLCLOCK_OFFSET_HOURS)
[2026-05-27 17:55:01 BROKER] cycle | {'bars_m5': 599, 'bars_h1': 250, 'bars_d1': 120, 'last_bar_time': '2026-05-27 17:50:00', 'data_age_min': 5.0, 'signal': False, 'risk_per_trade': 0.003333, 'weight': 0.166667, 'diag': {'n_m5': 599, 'n_h1': 250, 'n_d1': 120, 'bar_time': '2026-05-27 17:50:00', 'open': 0.98644, 'high': 0.98688, 'low': 0.98643, 'close': 0.98672, 'volume': 893.0, 'trend_dir': 0, 'h1_trend': -1, 'd1_trend': 1, 'h1_rsi': 37.907, 'in_session': True, 'atr_ok': True, 'adx_ok': True, 'ema20': 0.98663, 'rsi': 50.905, 'atr': 0.00052, 'adx': 15.438, 'bb_up': 0.987117, 'bb_lo': 0.986212, 'f_bb': 0, 'f_ema': 1, 'f_rsi': 0, 'f_candle': 0, 'f_rsiR': 0, 'f_macd': -1, 'f_stoch': 0, 'f_vol': 0, 'signal_dir': 0, 'h1_topped_from_m5': 1, 'd1_topped_from_m5': 1}}
C:\Users\Administrator\Desktop\tob\ema-h1trend\mt5\run_multi_scalper.py:179: Pandas4Warning: Timestamp.utcnow is deprecated and will be removed in a future version. Use Timestamp.now('UTC') instead.
  return pd.Timestamp.utcnow().tz_localize(None) + pd.Timedelta(hours=BROKER_WALLCLOCK_OFFSET_HOURS)
[portfolio] cycle_complete: symbols=6 signals=2 placed=0 skipped=0 elapsed_s=1.22 per_symbol=[{'symbol': 'GBPUSD', 'signal': True, 'stage': 'skipped', 'placed': False, 'ticket': None}, {'symbol': 'XAUUSD', 'signal': False}, {'symbol': 'GBPCAD', 'signal': False}, {'symbol': 'USDMXN', 'signal': False}, {'symbol': 'EURCAD', 'signal': True, 'stage': 'skipped', 'placed': False, 'ticket': None}, {'symbol': 'AUDCAD', 'signal': False}]
  → sleeping 299s until next M5 close ...
[2026-05-27 18:00:00 BROKER] cycle | {'bars_m5': 599, 'bars_h1': 249, 'bars_d1': 120, 'last_bar_time': '2026-05-27 17:55:00', 'data_age_min': 5.0, 'signal': False, 'risk_per_trade': 0.003333, 'weight': 0.166667, 'diag': {'n_m5': 599, 'n_h1': 249, 'n_d1': 120, 'bar_time': '2026-05-27 17:55:00', 'open': 1.34288, 'high': 1.34288, 'low': 1.34169, 'close': 1.34183, 'volume': 843.0, 'trend_dir': -1, 'h1_trend': -1, 'd1_trend': -1, 'h1_rsi': 31.033, 'in_session': True, 'atr_ok': True, 'adx_ok': True, 'ema20': 1.344223, 'rsi': 29.827, 'atr': 0.000932, 'adx': 18.033, 'bb_up': 1.346014, 'bb_lo': 1.3428, 'f_bb': 1, 'f_ema': 0, 'f_rsi': 0, 'f_candle': 0, 'f_rsiR': -1, 'f_macd': -1, 'f_stoch': 0, 'f_vol': -1, 'signal_dir': 0, 'h1_topped_from_m5': 0, 'd1_topped_from_m5': 1}}
[2026-05-27 18:00:00 BROKER] mt5_connected | {'state': 'healthy', 'periodic': True, 'connected': True, 'trade_allowed': True, 'ping_ms': 17272}
C:\Users\Administrator\Desktop\tob\ema-h1trend\mt5\run_multi_scalper.py:179: Pandas4Warning: Timestamp.utcnow is deprecated and will be removed in a future version. Use Timestamp.now('UTC') instead.
  return pd.Timestamp.utcnow().tz_localize(None) + pd.Timedelta(hours=BROKER_WALLCLOCK_OFFSET_HOURS)
[2026-05-27 18:00:00 BROKER] cycle | {'bars_m5': 599, 'bars_h1': 249, 'bars_d1': 120, 'last_bar_time': '2026-05-27 17:55:00', 'data_age_min': 5.0, 'signal': False, 'risk_per_trade': 0.003333, 'weight': 0.166667, 'diag': {'n_m5': 599, 'n_h1': 249, 'n_d1': 120, 'bar_time': '2026-05-27 17:55:00', 'open': 4439.7, 'high': 4439.7, 'low': 4433.17, 'close': 4433.94, 'volume': 1301.0, 'trend_dir': -1, 'h1_trend': -1, 'd1_trend': -1, 'h1_rsi': 31.779, 'in_session': True, 'atr_ok': True, 'adx_ok': True, 'ema20': 4437.571465, 'rsi': 46.836, 'atr': 8.070646, 'adx': 20.067, 'bb_up': 4459.036732, 'bb_lo': 4407.773268, 'f_bb': 0, 'f_ema': -1, 'f_rsi': 0, 'f_candle': 0, 'f_rsiR': 0, 'f_macd': 1, 'f_stoch': 0, 'f_vol': 0, 'signal_dir': 0, 'h1_topped_from_m5': 0, 'd1_topped_from_m5': 1}}
C:\Users\Administrator\Desktop\tob\ema-h1trend\mt5\run_multi_scalper.py:179: Pandas4Warning: Timestamp.utcnow is deprecated and will be removed in a future version. Use Timestamp.now('UTC') instead.
  return pd.Timestamp.utcnow().tz_localize(None) + pd.Timedelta(hours=BROKER_WALLCLOCK_OFFSET_HOURS)
[2026-05-27 18:00:00 BROKER] cycle | {'bars_m5': 599, 'bars_h1': 249, 'bars_d1': 120, 'last_bar_time': '2026-05-27 17:55:00', 'data_age_min': 5.0, 'signal': False, 'risk_per_trade': 0.003333, 'weight': 0.166667, 'diag': {'n_m5': 599, 'n_h1': 249, 'n_d1': 120, 'bar_time': '2026-05-27 17:55:00', 'open': 1.85847, 'high': 1.85913, 'low': 1.85804, 'close': 1.85824, 'volume': 1172.0, 'trend_dir': 0, 'h1_trend': -1, 'd1_trend': 1, 'h1_rsi': 47.89, 'in_session': True, 'atr_ok': True, 'adx_ok': True, 'ema20': 1.859229, 'rsi': 39.395, 'atr': 0.000922, 'adx': 13.453, 'bb_up': 1.860373, 'bb_lo': 1.85846, 'f_bb': 1, 'f_ema': -1, 'f_rsi': 0, 'f_candle': -1, 'f_rsiR': 0, 'f_macd': -1, 'f_stoch': 0, 'f_vol': -1, 'signal_dir': 0, 'h1_topped_from_m5': 0, 'd1_topped_from_m5': 1}}
C:\Users\Administrator\Desktop\tob\ema-h1trend\mt5\run_multi_scalper.py:179: Pandas4Warning: Timestamp.utcnow is deprecated and will be removed in a future version. Use Timestamp.now('UTC') instead.
  return pd.Timestamp.utcnow().tz_localize(None) + pd.Timedelta(hours=BROKER_WALLCLOCK_OFFSET_HOURS)
[2026-05-27 18:00:01 BROKER] cycle | {'bars_m5': 599, 'bars_h1': 249, 'bars_d1': 120, 'last_bar_time': '2026-05-27 17:55:00', 'data_age_min': 5.0, 'signal': False, 'risk_per_trade': 0.003333, 'weight': 0.166667, 'diag': {'n_m5': 599, 'n_h1': 249, 'n_d1': 120, 'bar_time': '2026-05-27 17:55:00', 'open': 17.378, 'high': 17.38854, 'low': 17.37765, 'close': 17.38739, 'volume': 1101.0, 'trend_dir': 0, 'h1_trend': 1, 'd1_trend': -1, 'h1_rsi': 75.748, 'in_session': True, 'atr_ok': True, 'adx_ok': True, 'ema20': 17.352021, 'rsi': 74.734, 'atr': 0.012439, 'adx': 42.224, 'bb_up': 17.381263, 'bb_lo': 17.320811, 'f_bb': -1, 'f_ema': 0, 'f_rsi': 0, 'f_candle': 0, 'f_rsiR': -1, 'f_macd': 1, 'f_stoch': 0, 'f_vol': 0, 'signal_dir': 0, 'h1_topped_from_m5': 0, 'd1_topped_from_m5': 1}}
C:\Users\Administrator\Desktop\tob\ema-h1trend\mt5\run_multi_scalper.py:179: Pandas4Warning: Timestamp.utcnow is deprecated and will be removed in a future version. Use Timestamp.now('UTC') instead.
  return pd.Timestamp.utcnow().tz_localize(None) + pd.Timedelta(hours=BROKER_WALLCLOCK_OFFSET_HOURS)
[2026-05-27 18:00:01 BROKER] cycle | {'bars_m5': 599, 'bars_h1': 249, 'bars_d1': 120, 'last_bar_time': '2026-05-27 17:55:00', 'data_age_min': 5.0, 'signal': False, 'risk_per_trade': 0.003333, 'weight': 0.166667, 'diag': {'n_m5': 599, 'n_h1': 249, 'n_d1': 120, 'bar_time': '2026-05-27 17:55:00', 'open': 1.6105399999999999, 'high': 1.61083, 'low': 1.6099299999999999, 'close': 1.60994, 'volume': 1052.0, 'trend_dir': 1, 'h1_trend': 1, 'd1_trend': 1, 'h1_rsi': 65.554, 'in_session': True, 'atr_ok': True, 'adx_ok': True, 'ema20': 1.610309, 'rsi': 45.652, 'atr': 0.000643, 'adx': 10.024, 'bb_up': 1.611036, 'bb_lo': 1.609527, 'f_bb': 0, 'f_ema': -1, 'f_rsi': 0, 'f_candle': -1, 'f_rsiR': 0, 'f_macd': -1, 'f_stoch': 0, 'f_vol': -1, 'signal_dir': 0, 'h1_topped_from_m5': 0, 'd1_topped_from_m5': 1}}
C:\Users\Administrator\Desktop\tob\ema-h1trend\mt5\run_multi_scalper.py:179: Pandas4Warning: Timestamp.utcnow is deprecated and will be removed in a future version. Use Timestamp.now('UTC') instead.
  return pd.Timestamp.utcnow().tz_localize(None) + pd.Timedelta(hours=BROKER_WALLCLOCK_OFFSET_HOURS)
[2026-05-27 18:00:01 BROKER] cycle | {'bars_m5': 599, 'bars_h1': 249, 'bars_d1': 120, 'last_bar_time': '2026-05-27 17:55:00', 'data_age_min': 5.0, 'signal': False, 'risk_per_trade': 0.003333, 'weight': 0.166667, 'diag': {'n_m5': 599, 'n_h1': 249, 'n_d1': 120, 'bar_time': '2026-05-27 17:55:00', 'open': 0.98672, 'high': 0.98704, 'low': 0.98659, 'close': 0.98695, 'volume': 954.0, 'trend_dir': 0, 'h1_trend': -1, 'd1_trend': 1, 'h1_rsi': 39.956, 'in_session': True, 'atr_ok': True, 'adx_ok': True, 'ema20': 0.98666, 'rsi': 54.171, 'atr': 0.000511, 'adx': 14.629, 'bb_up': 0.987143, 'bb_lo': 0.986206, 'f_bb': 0, 'f_ema': 1, 'f_rsi': 0, 'f_candle': 0, 'f_rsiR': 0, 'f_macd': 1, 'f_stoch': 0, 'f_vol': 0, 'signal_dir': 0, 'h1_topped_from_m5': 0, 'd1_topped_from_m5': 1}}
[portfolio] cycle_complete: symbols=6 signals=0 placed=0 skipped=0 elapsed_s=0.9 per_symbol=[{'symbol': 'GBPUSD', 'signal': False}, {'symbol': 'XAUUSD', 'signal': False}, {'symbol': 'GBPCAD', 'signal': False}, {'symbol': 'USDMXN', 'signal': False}, {'symbol': 'EURCAD', 'signal': False}, {'symbol': 'AUDCAD', 'signal': False}]
  → sleeping 299s until next M5 close ...
[2026-05-27 18:05:00 BROKER] heartbeat | {'uptime_s': 6133.0, 'mt5_connected': True, 'mt5_trade_allowed': True, 'tracked_pendings': 0, 'open_positions': 1, 'cooldown_active': False, 'cooldown_remaining_s': 0.0, 'balance': 974.02, 'equity': 976.35}
C:\Users\Administrator\Desktop\tob\ema-h1trend\mt5\run_multi_scalper.py:179: Pandas4Warning: Timestamp.utcnow is deprecated and will be removed in a future version. Use Timestamp.now('UTC') instead.
  return pd.Timestamp.utcnow().tz_localize(None) + pd.Timedelta(hours=BROKER_WALLCLOCK_OFFSET_HOURS)
[2026-05-27 18:05:00 BROKER] cycle | {'bars_m5': 599, 'bars_h1': 250, 'bars_d1': 120, 'last_bar_time': '2026-05-27 18:00:00', 'data_age_min': 5.0, 'signal': False, 'risk_per_trade': 0.003333, 'weight': 0.166667, 'diag': {'n_m5': 599, 'n_h1': 250, 'n_d1': 120, 'bar_time': '2026-05-27 18:00:00', 'open': 1.34183, 'high': 1.34265, 'low': 1.34159, 'close': 1.34235, 'volume': 701.0, 'trend_dir': -1, 'h1_trend': -1, 'd1_trend': -1, 'h1_rsi': 35.181, 'in_session': True, 'atr_ok': True, 'adx_ok': True, 'ema20': 1.344045, 'rsi': 35.381, 'atr': 0.000949, 'adx': 20.912, 'bb_up': 1.346158, 'bb_lo': 1.342453, 'f_bb': 1, 'f_ema': 0, 'f_rsi': 1, 'f_candle': 0, 'f_rsiR': 1, 'f_macd': -1, 'f_stoch': 1, 'f_vol': 0, 'signal_dir': 0, 'h1_topped_from_m5': 1, 'd1_topped_from_m5': 1}}
[2026-05-27 18:05:00 BROKER] heartbeat | {'uptime_s': 6133.0, 'mt5_connected': True, 'mt5_trade_allowed': True, 'tracked_pendings': 0, 'open_positions': 0, 'cooldown_active': False, 'cooldown_remaining_s': 0.0, 'balance': 974.02, 'equity': 976.31}
C:\Users\Administrator\Desktop\tob\ema-h1trend\mt5\run_multi_scalper.py:179: Pandas4Warning: Timestamp.utcnow is deprecated and will be removed in a future version. Use Timestamp.now('UTC') instead.
  return pd.Timestamp.utcnow().tz_localize(None) + pd.Timedelta(hours=BROKER_WALLCLOCK_OFFSET_HOURS)
[2026-05-27 18:05:00 BROKER] cycle | {'bars_m5': 599, 'bars_h1': 250, 'bars_d1': 120, 'last_bar_time': '2026-05-27 18:00:00', 'data_age_min': 5.0, 'signal': False, 'risk_per_trade': 0.003333, 'weight': 0.166667, 'diag': {'n_m5': 599, 'n_h1': 250, 'n_d1': 120, 'bar_time': '2026-05-27 18:00:00', 'open': 4433.78, 'high': 4438.42, 'low': 4430.14, 'close': 4436.23, 'volume': 1318.0, 'trend_dir': -1, 'h1_trend': -1, 'd1_trend': -1, 'h1_rsi': 32.848, 'in_session': True, 'atr_ok': True, 'adx_ok': True, 'ema20': 4437.443707, 'rsi': 48.747, 'atr': 8.09856, 'adx': 19.678, 'bb_up': 4458.793628, 'bb_lo': 4409.968372, 'f_bb': 0, 'f_ema': -1, 'f_rsi': 0, 'f_candle': 0, 'f_rsiR': 0, 'f_macd': 1, 'f_stoch': 0, 'f_vol': 0, 'signal_dir': 0, 'h1_topped_from_m5': 1, 'd1_topped_from_m5': 1}}
[2026-05-27 18:05:00 BROKER] position_closed_detected | {'ticket': 39460495, 'symbol': 'GBPCAD.i', 'side': None, 'volume': None, 'entry_price': None, 'exit_price': None, 'profit': 0.0, 'balance': 974.02, 'equity': 976.31, 'opened_at': None, 'closed_at': None}
[2026-05-27 18:05:00 BROKER] heartbeat | {'uptime_s': 6133.1, 'mt5_connected': True, 'mt5_trade_allowed': True, 'tracked_pendings': 0, 'open_positions': 0, 'cooldown_active': False, 'cooldown_remaining_s': 0.0, 'balance': 974.02, 'equity': 976.31}
[2026-05-27 18:05:01 BROKER] telegram_sent | {'category': 'position_closed', 'attempt': 1, 'status': 200, 'latency_ms': 321.0}
C:\Users\Administrator\Desktop\tob\ema-h1trend\mt5\run_multi_scalper.py:179: Pandas4Warning: Timestamp.utcnow is deprecated and will be removed in a future version. Use Timestamp.now('UTC') instead.
  return pd.Timestamp.utcnow().tz_localize(None) + pd.Timedelta(hours=BROKER_WALLCLOCK_OFFSET_HOURS)
[2026-05-27 18:05:01 BROKER] cycle | {'bars_m5': 599, 'bars_h1': 250, 'bars_d1': 120, 'last_bar_time': '2026-05-27 18:00:00', 'data_age_min': 5.0, 'signal': False, 'risk_per_trade': 0.003333, 'weight': 0.166667, 'diag': {'n_m5': 599, 'n_h1': 250, 'n_d1': 120, 'bar_time': '2026-05-27 18:00:00', 'open': 1.85825, 'high': 1.85857, 'low': 1.8578700000000001, 'close': 1.8580100000000002, 'volume': 1129.0, 'trend_dir': 0, 'h1_trend': -1, 'd1_trend': 1, 'h1_rsi': 46.542, 'in_session': True, 'atr_ok': True, 'adx_ok': True, 'ema20': 1.859113, 'rsi': 37.541, 'atr': 0.000892, 'adx': 14.896, 'bb_up': 1.860484, 'bb_lo': 1.858199, 'f_bb': 1, 'f_ema': 0, 'f_rsi': 0, 'f_candle': 0, 'f_rsiR': 0, 'f_macd': -1, 'f_stoch': 0, 'f_vol': -1, 'signal_dir': 0, 'h1_topped_from_m5': 1, 'd1_topped_from_m5': 1}}
[2026-05-27 18:05:01 BROKER] heartbeat | {'uptime_s': 6133.4, 'mt5_connected': True, 'mt5_trade_allowed': True, 'tracked_pendings': 0, 'open_positions': 0, 'cooldown_active': False, 'cooldown_remaining_s': 0.0, 'balance': 974.02, 'equity': 976.31}
C:\Users\Administrator\Desktop\tob\ema-h1trend\mt5\run_multi_scalper.py:179: Pandas4Warning: Timestamp.utcnow is deprecated and will be removed in a future version. Use Timestamp.now('UTC') instead.
  return pd.Timestamp.utcnow().tz_localize(None) + pd.Timedelta(hours=BROKER_WALLCLOCK_OFFSET_HOURS)
[2026-05-27 18:05:01 BROKER] cycle | {'bars_m5': 599, 'bars_h1': 250, 'bars_d1': 120, 'last_bar_time': '2026-05-27 18:00:00', 'data_age_min': 5.0, 'signal': False, 'risk_per_trade': 0.003333, 'weight': 0.166667, 'diag': {'n_m5': 599, 'n_h1': 250, 'n_d1': 120, 'bar_time': '2026-05-27 18:00:00', 'open': 17.3875, 'high': 17.39076, 'low': 17.3662, 'close': 17.37325, 'volume': 998.0, 'trend_dir': 0, 'h1_trend': 1, 'd1_trend': -1, 'h1_rsi': 69.5, 'in_session': True, 'atr_ok': True, 'adx_ok': True, 'ema20': 17.354043, 'rsi': 64.014, 'atr': 0.014055, 'adx': 42.089, 'bb_up': 17.383783, 'bb_lo': 17.322052, 'f_bb': -1, 'f_ema': 0, 'f_rsi': -1, 'f_candle': -1, 'f_rsiR': -1, 'f_macd': 1, 'f_stoch': -1, 'f_vol': 0, 'signal_dir': 0, 'h1_topped_from_m5': 1, 'd1_topped_from_m5': 1}}
[2026-05-27 18:05:01 BROKER] heartbeat | {'uptime_s': 6133.5, 'mt5_connected': True, 'mt5_trade_allowed': True, 'tracked_pendings': 0, 'open_positions': 1, 'cooldown_active': False, 'cooldown_remaining_s': 0.0, 'balance': 974.02, 'equity': 976.29}
C:\Users\Administrator\Desktop\tob\ema-h1trend\mt5\run_multi_scalper.py:179: Pandas4Warning: Timestamp.utcnow is deprecated and will be removed in a future version. Use Timestamp.now('UTC') instead.
  return pd.Timestamp.utcnow().tz_localize(None) + pd.Timedelta(hours=BROKER_WALLCLOCK_OFFSET_HOURS)
[2026-05-27 18:05:01 BROKER] cycle | {'bars_m5': 599, 'bars_h1': 250, 'bars_d1': 120, 'last_bar_time': '2026-05-27 18:00:00', 'data_age_min': 5.0, 'signal': False, 'risk_per_trade': 0.003333, 'weight': 0.166667, 'diag': {'n_m5': 599, 'n_h1': 250, 'n_d1': 120, 'bar_time': '2026-05-27 18:00:00', 'open': 1.6099299999999999, 'high': 1.61025, 'low': 1.60958, 'close': 1.60982, 'volume': 1067.0, 'trend_dir': 1, 'h1_trend': 1, 'd1_trend': 1, 'h1_rsi': 64.257, 'in_session': True, 'atr_ok': True, 'adx_ok': True, 'ema20': 1.610262, 'rsi': 44.367, 'atr': 0.000647, 'adx': 9.713, 'bb_up': 1.611019, 'bb_lo': 1.609474, 'f_bb': 0, 'f_ema': -1, 'f_rsi': 0, 'f_candle': 0, 'f_rsiR': 0, 'f_macd': -1, 'f_stoch': 0, 'f_vol': -1, 'signal_dir': 0, 'h1_topped_from_m5': 1, 'd1_topped_from_m5': 1}}
[2026-05-27 18:05:01 BROKER] heartbeat | {'uptime_s': 6133.5, 'mt5_connected': True, 'mt5_trade_allowed': True, 'tracked_pendings': 0, 'open_positions': 0, 'cooldown_active': False, 'cooldown_remaining_s': 0.0, 'balance': 974.02, 'equity': 976.3}
C:\Users\Administrator\Desktop\tob\ema-h1trend\mt5\run_multi_scalper.py:179: Pandas4Warning: Timestamp.utcnow is deprecated and will be removed in a future version. Use Timestamp.now('UTC') instead.
  return pd.Timestamp.utcnow().tz_localize(None) + pd.Timedelta(hours=BROKER_WALLCLOCK_OFFSET_HOURS)
[2026-05-27 18:05:01 BROKER] cycle | {'bars_m5': 599, 'bars_h1': 250, 'bars_d1': 120, 'last_bar_time': '2026-05-27 18:00:00', 'data_age_min': 5.0, 'signal': False, 'risk_per_trade': 0.003333, 'weight': 0.166667, 'diag': {'n_m5': 599, 'n_h1': 250, 'n_d1': 120, 'bar_time': '2026-05-27 18:00:00', 'open': 0.98695, 'high': 0.98728, 'low': 0.98682, 'close': 0.98694, 'volume': 921.0, 'trend_dir': 0, 'h1_trend': -1, 'd1_trend': 1, 'h1_rsi': 39.886, 'in_session': True, 'atr_ok': True, 'adx_ok': True, 'ema20': 0.986687, 'rsi': 54.003, 'atr': 0.000504, 'adx': 14.058, 'bb_up': 0.987167, 'bb_lo': 0.986202, 'f_bb': -1, 'f_ema': 1, 'f_rsi': 0, 'f_candle': -1, 'f_rsiR': 0, 'f_macd': 1, 'f_stoch': 0, 'f_vol': 0, 'signal_dir': 0, 'h1_topped_from_m5': 1, 'd1_topped_from_m5': 1}}
C:\Users\Administrator\Desktop\tob\ema-h1trend\mt5\run_multi_scalper.py:179: Pandas4Warning: Timestamp.utcnow is deprecated and will be removed in a future version. Use Timestamp.now('UTC') instead.
  return pd.Timestamp.utcnow().tz_localize(None) + pd.Timedelta(hours=BROKER_WALLCLOCK_OFFSET_HOURS)
[portfolio] cycle_complete: symbols=6 signals=0 placed=0 skipped=0 elapsed_s=1.33 per_symbol=[{'symbol': 'GBPUSD', 'signal': False}, {'symbol': 'XAUUSD', 'signal': False}, {'symbol': 'GBPCAD', 'signal': False}, {'symbol': 'USDMXN', 'signal': False}, {'symbol': 'EURCAD', 'signal': False}, {'symbol': 'AUDCAD', 'signal': False}]
  → sleeping 299s until next M5 close ...
[2026-05-27 18:10:00 BROKER] cycle | {'bars_m5': 599, 'bars_h1': 250, 'bars_d1': 120, 'last_bar_time': '2026-05-27 18:05:00', 'data_age_min': 5.0, 'signal': False, 'risk_per_trade': 0.003333, 'weight': 0.166667, 'diag': {'n_m5': 599, 'n_h1': 250, 'n_d1': 120, 'bar_time': '2026-05-27 18:05:00', 'open': 1.34235, 'high': 1.34289, 'low': 1.34235, 'close': 1.34275, 'volume': 576.0, 'trend_dir': -1, 'h1_trend': -1, 'd1_trend': -1, 'h1_rsi': 38.047, 'in_session': True, 'atr_ok': True, 'adx_ok': True, 'ema20': 1.343921, 'rsi': 39.357, 'atr': 0.000895, 'adx': 23.016, 'bb_up': 1.346203, 'bb_lo': 1.342247, 'f_bb': 0, 'f_ema': 0, 'f_rsi': 0, 'f_candle': 0, 'f_rsiR': 1, 'f_macd': -1, 'f_stoch': 0, 'f_vol': 0, 'signal_dir': 0, 'h1_topped_from_m5': 1, 'd1_topped_from_m5': 1}}
[2026-05-27 18:10:00 BROKER] mt5_connected | {'state': 'healthy', 'periodic': True, 'connected': True, 'trade_allowed': True, 'ping_ms': 17272}
C:\Users\Administrator\Desktop\tob\ema-h1trend\mt5\run_multi_scalper.py:179: Pandas4Warning: Timestamp.utcnow is deprecated and will be removed in a future version. Use Timestamp.now('UTC') instead.
  return pd.Timestamp.utcnow().tz_localize(None) + pd.Timedelta(hours=BROKER_WALLCLOCK_OFFSET_HOURS)
[2026-05-27 18:10:00 BROKER] cycle | {'bars_m5': 599, 'bars_h1': 250, 'bars_d1': 120, 'last_bar_time': '2026-05-27 18:05:00', 'data_age_min': 5.0, 'signal': False, 'risk_per_trade': 0.003333, 'weight': 0.166667, 'diag': {'n_m5': 599, 'n_h1': 250, 'n_d1': 120, 'bar_time': '2026-05-27 18:05:00', 'open': 4436.25, 'high': 4437.1, 'low': 4428.6, 'close': 4429.5, 'volume': 1267.0, 'trend_dir': -1, 'h1_trend': -1, 'd1_trend': -1, 'h1_rsi': 30.828, 'in_session': True, 'atr_ok': True, 'adx_ok': True, 'ema20': 4436.687163, 'rsi': 43.767, 'atr': 8.152086, 'adx': 19.517, 'bb_up': 4455.940215, 'bb_lo': 4415.266785, 'f_bb': 0, 'f_ema': -1, 'f_rsi': 0, 'f_candle': -1, 'f_rsiR': 0, 'f_macd': -1, 'f_stoch': 0, 'f_vol': 0, 'signal_dir': 0, 'h1_topped_from_m5': 1, 'd1_topped_from_m5': 1}}
C:\Users\Administrator\Desktop\tob\ema-h1trend\mt5\run_multi_scalper.py:179: Pandas4Warning: Timestamp.utcnow is deprecated and will be removed in a future version. Use Timestamp.now('UTC') instead.
  return pd.Timestamp.utcnow().tz_localize(None) + pd.Timedelta(hours=BROKER_WALLCLOCK_OFFSET_HOURS)
[2026-05-27 18:10:01 BROKER] cycle | {'bars_m5': 599, 'bars_h1': 250, 'bars_d1': 120, 'last_bar_time': '2026-05-27 18:05:00', 'data_age_min': 5.0, 'signal': False, 'risk_per_trade': 0.003333, 'weight': 0.166667, 'diag': {'n_m5': 599, 'n_h1': 250, 'n_d1': 120, 'bar_time': '2026-05-27 18:05:00', 'open': 1.858, 'high': 1.85822, 'low': 1.8576000000000001, 'close': 1.8576899999999998, 'volume': 919.0, 'trend_dir': 0, 'h1_trend': -1, 'd1_trend': 1, 'h1_rsi': 44.788, 'in_session': True, 'atr_ok': True, 'adx_ok': True, 'ema20': 1.858977, 'rsi': 35.068, 'atr': 0.000856, 'adx': 16.573, 'bb_up': 1.860576, 'bb_lo': 1.857898, 'f_bb': 1, 'f_ema': 0, 'f_rsi': 0, 'f_candle': 0, 'f_rsiR': 0, 'f_macd': -1, 'f_stoch': 0, 'f_vol': 0, 'signal_dir': 0, 'h1_topped_from_m5': 1, 'd1_topped_from_m5': 1}}
C:\Users\Administrator\Desktop\tob\ema-h1trend\mt5\run_multi_scalper.py:179: Pandas4Warning: Timestamp.utcnow is deprecated and will be removed in a future version. Use Timestamp.now('UTC') instead.
  return pd.Timestamp.utcnow().tz_localize(None) + pd.Timedelta(hours=BROKER_WALLCLOCK_OFFSET_HOURS)
[2026-05-27 18:10:01 BROKER] cycle | {'bars_m5': 599, 'bars_h1': 250, 'bars_d1': 120, 'last_bar_time': '2026-05-27 18:05:00', 'data_age_min': 5.0, 'signal': False, 'risk_per_trade': 0.003333, 'weight': 0.166667, 'diag': {'n_m5': 599, 'n_h1': 250, 'n_d1': 120, 'bar_time': '2026-05-27 18:05:00', 'open': 17.37326, 'high': 17.374, 'low': 17.36345, 'close': 17.36529, 'volume': 892.0, 'trend_dir': 0, 'h1_trend': 1, 'd1_trend': -1, 'h1_rsi': 66.416, 'in_session': True, 'atr_ok': True, 'adx_ok': True, 'ema20': 17.355114, 'rsi': 58.892, 'atr': 0.013588, 'adx': 41.585, 'bb_up': 17.384933, 'bb_lo': 17.323335, 'f_bb': 0, 'f_ema': 0, 'f_rsi': 0, 'f_candle': 0, 'f_rsiR': -1, 'f_macd': 1, 'f_stoch': 0, 'f_vol': 0, 'signal_dir': 0, 'h1_topped_from_m5': 1, 'd1_topped_from_m5': 1}}
[2026-05-27 18:10:01 BROKER] position_closed_detected | {'ticket': 39477096, 'symbol': 'EURCAD.i', 'side': None, 'volume': None, 'entry_price': None, 'exit_price': None, 'profit': 0.0, 'balance': 971.79, 'equity': 974.71, 'opened_at': None, 'closed_at': None}
[2026-05-27 18:10:01 BROKER] telegram_sent | {'category': 'position_closed', 'attempt': 1, 'status': 200, 'latency_ms': 140.4}
C:\Users\Administrator\Desktop\tob\ema-h1trend\mt5\run_multi_scalper.py:179: Pandas4Warning: Timestamp.utcnow is deprecated and will be removed in a future version. Use Timestamp.now('UTC') instead.
  return pd.Timestamp.utcnow().tz_localize(None) + pd.Timedelta(hours=BROKER_WALLCLOCK_OFFSET_HOURS)
[2026-05-27 18:10:01 BROKER] cycle | {'bars_m5': 599, 'bars_h1': 250, 'bars_d1': 120, 'last_bar_time': '2026-05-27 18:05:00', 'data_age_min': 5.0, 'signal': False, 'risk_per_trade': 0.003333, 'weight': 0.166667, 'diag': {'n_m5': 599, 'n_h1': 250, 'n_d1': 120, 'bar_time': '2026-05-27 18:05:00', 'open': 1.60985, 'high': 1.60998, 'low': 1.60913, 'close': 1.60915, 'volume': 827.0, 'trend_dir': 1, 'h1_trend': 1, 'd1_trend': 1, 'h1_rsi': 57.864, 'in_session': True, 'atr_ok': True, 'adx_ok': True, 'ema20': 1.610156, 'rsi': 37.943, 'atr': 0.000674, 'adx': 10.266, 'bb_up': 1.611092, 'bb_lo': 1.609274, 'f_bb': 1, 'f_ema': -1, 'f_rsi': 0, 'f_candle': 0, 'f_rsiR': 0, 'f_macd': -1, 'f_stoch': 0, 'f_vol': 0, 'signal_dir': 0, 'h1_topped_from_m5': 1, 'd1_topped_from_m5': 1}}
C:\Users\Administrator\Desktop\tob\ema-h1trend\mt5\run_multi_scalper.py:179: Pandas4Warning: Timestamp.utcnow is deprecated and will be removed in a future version. Use Timestamp.now('UTC') instead.
  return pd.Timestamp.utcnow().tz_localize(None) + pd.Timedelta(hours=BROKER_WALLCLOCK_OFFSET_HOURS)
[2026-05-27 18:10:01 BROKER] cycle | {'bars_m5': 599, 'bars_h1': 250, 'bars_d1': 120, 'last_bar_time': '2026-05-27 18:05:00', 'data_age_min': 5.0, 'signal': False, 'risk_per_trade': 0.003333, 'weight': 0.166667, 'diag': {'n_m5': 599, 'n_h1': 250, 'n_d1': 120, 'bar_time': '2026-05-27 18:05:00', 'open': 0.98698, 'high': 0.98715, 'low': 0.98673, 'close': 0.98691, 'volume': 870.0, 'trend_dir': 0, 'h1_trend': -1, 'd1_trend': 1, 'h1_rsi': 39.678, 'in_session': True, 'atr_ok': True, 'adx_ok': True, 'ema20': 0.986708, 'rsi': 53.466, 'atr': 0.000493, 'adx': 13.223, 'bb_up': 0.987191, 'bb_lo': 0.986214, 'f_bb': 0, 'f_ema': 1, 'f_rsi': 0, 'f_candle': 0, 'f_rsiR': 0, 'f_macd': 1, 'f_stoch': -1, 'f_vol': 0, 'signal_dir': 0, 'h1_topped_from_m5': 1, 'd1_topped_from_m5': 1}}
C:\Users\Administrator\Desktop\tob\ema-h1trend\mt5\run_multi_scalper.py:179: Pandas4Warning: Timestamp.utcnow is deprecated and will be removed in a future version. Use Timestamp.now('UTC') instead.
  return pd.Timestamp.utcnow().tz_localize(None) + pd.Timedelta(hours=BROKER_WALLCLOCK_OFFSET_HOURS)
[portfolio] cycle_complete: symbols=6 signals=0 placed=0 skipped=0 elapsed_s=1.1 per_symbol=[{'symbol': 'GBPUSD', 'signal': False}, {'symbol': 'XAUUSD', 'signal': False}, {'symbol': 'GBPCAD', 'signal': False}, {'symbol': 'USDMXN', 'signal': False}, {'symbol': 'EURCAD', 'signal': False}, {'symbol': 'AUDCAD', 'signal': False}]
  → sleeping 299s until next M5 close ...
[2026-05-27 18:15:00 BROKER] cycle | {'bars_m5': 599, 'bars_h1': 250, 'bars_d1': 120, 'last_bar_time': '2026-05-27 18:10:00', 'data_age_min': 5.0, 'signal': False, 'risk_per_trade': 0.003333, 'weight': 0.166667, 'diag': {'n_m5': 599, 'n_h1': 250, 'n_d1': 120, 'bar_time': '2026-05-27 18:10:00', 'open': 1.34275, 'high': 1.34296, 'low': 1.34247, 'close': 1.3429, 'volume': 450.0, 'trend_dir': -1, 'h1_trend': -1, 'd1_trend': -1, 'h1_rsi': 39.058, 'in_session': True, 'atr_ok': True, 'adx_ok': True, 'ema20': 1.343824, 'rsi': 40.828, 'atr': 0.000841, 'adx': 24.803, 'bb_up': 1.34618, 'bb_lo': 1.342086, 'f_bb': 0, 'f_ema': 0, 'f_rsi': 0, 'f_candle': 0, 'f_rsiR': 1, 'f_macd': -1, 'f_stoch': 0, 'f_vol': 0, 'signal_dir': 0, 'h1_topped_from_m5': 1, 'd1_topped_from_m5': 1}}
[2026-05-27 18:15:00 BROKER] heartbeat | {'uptime_s': 6733.0, 'mt5_connected': True, 'mt5_trade_allowed': True, 'tracked_pendings': 0, 'open_positions': 0, 'cooldown_active': False, 'cooldown_remaining_s': 0.0, 'balance': 971.79, 'equity': 974.29}
C:\Users\Administrator\Desktop\tob\ema-h1trend\mt5\run_multi_scalper.py:179: Pandas4Warning: Timestamp.utcnow is deprecated and will be removed in a future version. Use Timestamp.now('UTC') instead.
  return pd.Timestamp.utcnow().tz_localize(None) + pd.Timedelta(hours=BROKER_WALLCLOCK_OFFSET_HOURS)
[2026-05-27 18:15:00 BROKER] cycle | {'bars_m5': 599, 'bars_h1': 250, 'bars_d1': 120, 'last_bar_time': '2026-05-27 18:10:00', 'data_age_min': 5.0, 'signal': False, 'risk_per_trade': 0.003333, 'weight': 0.166667, 'diag': {'n_m5': 599, 'n_h1': 250, 'n_d1': 120, 'bar_time': '2026-05-27 18:10:00', 'open': 4429.49, 'high': 4432.67, 'low': 4428.12, 'close': 4432.02, 'volume': 1178.0, 'trend_dir': -1, 'h1_trend': -1, 'd1_trend': -1, 'h1_rsi': 31.36, 'in_session': True, 'atr_ok': True, 'adx_ok': True, 'ema20': 4436.242671, 'rsi': 45.992, 'atr': 7.671807, 'adx': 19.432, 'bb_up': 4455.68818, 'bb_lo': 4416.31482, 'f_bb': 0, 'f_ema': 0, 'f_rsi': 0, 'f_candle': 0, 'f_rsiR': 0, 'f_macd': -1, 'f_stoch': 0, 'f_vol': 0, 'signal_dir': 0, 'h1_topped_from_m5': 1, 'd1_topped_from_m5': 1}}
C:\Users\Administrator\Desktop\tob\ema-h1trend\mt5\run_multi_scalper.py:179: Pandas4Warning: Timestamp.utcnow is deprecated and will be removed in a future version. Use Timestamp.now('UTC') instead.
  return pd.Timestamp.utcnow().tz_localize(None) + pd.Timedelta(hours=BROKER_WALLCLOCK_OFFSET_HOURS)
[2026-05-27 18:15:00 BROKER] cycle | {'bars_m5': 599, 'bars_h1': 250, 'bars_d1': 120, 'last_bar_time': '2026-05-27 18:10:00', 'data_age_min': 5.0, 'signal': False, 'risk_per_trade': 0.003333, 'weight': 0.166667, 'diag': {'n_m5': 599, 'n_h1': 250, 'n_d1': 120, 'bar_time': '2026-05-27 18:10:00', 'open': 1.8577, 'high': 1.8579400000000001, 'low': 1.8572600000000001, 'close': 1.85792, 'volume': 800.0, 'trend_dir': 0, 'h1_trend': -1, 'd1_trend': 1, 'h1_rsi': 46.035, 'in_session': True, 'atr_ok': True, 'adx_ok': True, 'ema20': 1.858876, 'rsi': 38.218, 'atr': 0.000832, 'adx': 18.517, 'bb_up': 1.860589, 'bb_lo': 1.857706, 'f_bb': 1, 'f_ema': 0, 'f_rsi': 0, 'f_candle': 1, 'f_rsiR': 0, 'f_macd': -1, 'f_stoch': 1, 'f_vol': 0, 'signal_dir': 0, 'h1_topped_from_m5': 1, 'd1_topped_from_m5': 1}}
C:\Users\Administrator\Desktop\tob\ema-h1trend\mt5\run_multi_scalper.py:179: Pandas4Warning: Timestamp.utcnow is deprecated and will be removed in a future version. Use Timestamp.now('UTC') instead.
  return pd.Timestamp.utcnow().tz_localize(None) + pd.Timedelta(hours=BROKER_WALLCLOCK_OFFSET_HOURS)
[2026-05-27 18:15:01 BROKER] cycle | {'bars_m5': 599, 'bars_h1': 250, 'bars_d1': 120, 'last_bar_time': '2026-05-27 18:10:00', 'data_age_min': 5.0, 'signal': False, 'risk_per_trade': 0.003333, 'weight': 0.166667, 'diag': {'n_m5': 599, 'n_h1': 250, 'n_d1': 120, 'bar_time': '2026-05-27 18:10:00', 'open': 17.3653, 'high': 17.3705, 'low': 17.36529, 'close': 17.36747, 'volume': 539.0, 'trend_dir': 0, 'h1_trend': 1, 'd1_trend': -1, 'h1_rsi': 67.233, 'in_session': True, 'atr_ok': True, 'adx_ok': True, 'ema20': 17.356291, 'rsi': 59.84, 'atr': 0.012471, 'adx': 41.118, 'bb_up': 17.384476, 'bb_lo': 17.327961, 'f_bb': 0, 'f_ema': 0, 'f_rsi': 0, 'f_candle': 0, 'f_rsiR': -1, 'f_macd': 1, 'f_stoch': 0, 'f_vol': 0, 'signal_dir': 0, 'h1_topped_from_m5': 1, 'd1_topped_from_m5': 1}}
C:\Users\Administrator\Desktop\tob\ema-h1trend\mt5\run_multi_scalper.py:179: Pandas4Warning: Timestamp.utcnow is deprecated and will be removed in a future version. Use Timestamp.now('UTC') instead.
  return pd.Timestamp.utcnow().tz_localize(None) + pd.Timedelta(hours=BROKER_WALLCLOCK_OFFSET_HOURS)
[2026-05-27 18:15:01 BROKER] cycle | {'bars_m5': 599, 'bars_h1': 250, 'bars_d1': 120, 'last_bar_time': '2026-05-27 18:10:00', 'data_age_min': 5.0, 'signal': False, 'risk_per_trade': 0.003333, 'weight': 0.166667, 'diag': {'n_m5': 599, 'n_h1': 250, 'n_d1': 120, 'bar_time': '2026-05-27 18:10:00', 'open': 1.60915, 'high': 1.60946, 'low': 1.60894, 'close': 1.60942, 'volume': 764.0, 'trend_dir': 1, 'h1_trend': 1, 'd1_trend': 1, 'h1_rsi': 60.281, 'in_session': True, 'atr_ok': True, 'adx_ok': True, 'ema20': 1.610086, 'rsi': 41.612, 'atr': 0.000653, 'adx': 11.095, 'bb_up': 1.611103, 'bb_lo': 1.60917, 'f_bb': 1, 'f_ema': 0, 'f_rsi': 0, 'f_candle': 0, 'f_rsiR': 0, 'f_macd': -1, 'f_stoch': 1, 'f_vol': 0, 'signal_dir': 0, 'h1_topped_from_m5': 1, 'd1_topped_from_m5': 1}}
C:\Users\Administrator\Desktop\tob\ema-h1trend\mt5\run_multi_scalper.py:179: Pandas4Warning: Timestamp.utcnow is deprecated and will be removed in a future version. Use Timestamp.now('UTC') instead.
  return pd.Timestamp.utcnow().tz_localize(None) + pd.Timedelta(hours=BROKER_WALLCLOCK_OFFSET_HOURS)
[2026-05-27 18:15:01 BROKER] cycle | {'bars_m5': 599, 'bars_h1': 250, 'bars_d1': 120, 'last_bar_time': '2026-05-27 18:10:00', 'data_age_min': 5.0, 'signal': False, 'risk_per_trade': 0.003333, 'weight': 0.166667, 'diag': {'n_m5': 599, 'n_h1': 250, 'n_d1': 120, 'bar_time': '2026-05-27 18:10:00', 'open': 0.98691, 'high': 0.98722, 'low': 0.98681, 'close': 0.98714, 'volume': 709.0, 'trend_dir': 0, 'h1_trend': -1, 'd1_trend': 1, 'h1_rsi': 41.892, 'in_session': True, 'atr_ok': True, 'adx_ok': True, 'ema20': 0.986749, 'rsi': 56.993, 'atr': 0.000482, 'adx': 12.674, 'bb_up': 0.987226, 'bb_lo': 0.986197, 'f_bb': 0, 'f_ema': 1, 'f_rsi': 0, 'f_candle': 1, 'f_rsiR': 0, 'f_macd': 1, 'f_stoch': 0, 'f_vol': 0, 'signal_dir': 0, 'h1_topped_from_m5': 1, 'd1_topped_from_m5': 1}}
[portfolio] cycle_complete: symbols=6 signals=0 placed=0 skipped=0 elapsed_s=0.97 per_symbol=[{'symbol': 'GBPUSD', 'signal': False}, {'symbol': 'XAUUSD', 'signal': False}, {'symbol': 'GBPCAD', 'signal': False}, {'symbol': 'USDMXN', 'signal': False}, {'symbol': 'EURCAD', 'signal': False}, {'symbol': 'AUDCAD', 'signal': False}]
  → sleeping 299s until next M5 close ...
[2026-05-27 18:20:00 BROKER] heartbeat | {'uptime_s': 7033.0, 'mt5_connected': True, 'mt5_trade_allowed': True, 'tracked_pendings': 0, 'open_positions': 1, 'cooldown_active': False, 'cooldown_remaining_s': 0.0, 'balance': 971.79, 'equity': 975.05}
C:\Users\Administrator\Desktop\tob\ema-h1trend\mt5\run_multi_scalper.py:179: Pandas4Warning: Timestamp.utcnow is deprecated and will be removed in a future version. Use Timestamp.now('UTC') instead.
  return pd.Timestamp.utcnow().tz_localize(None) + pd.Timedelta(hours=BROKER_WALLCLOCK_OFFSET_HOURS)
[2026-05-27 18:20:00 BROKER] cycle | {'bars_m5': 599, 'bars_h1': 250, 'bars_d1': 120, 'last_bar_time': '2026-05-27 18:15:00', 'data_age_min': 5.0, 'signal': True, 'risk_per_trade': 0.003333, 'weight': 0.166667, 'diag': {'n_m5': 599, 'n_h1': 250, 'n_d1': 120, 'bar_time': '2026-05-27 18:15:00', 'open': 1.34292, 'high': 1.34294, 'low': 1.3425099999999999, 'close': 1.34256, 'volume': 397.0, 'trend_dir': -1, 'h1_trend': -1, 'd1_trend': -1, 'h1_rsi': 36.718, 'in_session': True, 'atr_ok': True, 'adx_ok': True, 'ema20': 1.343704, 'rsi': 38.546, 'atr': 0.000786, 'adx': 26.462, 'bb_up': 1.346213, 'bb_lo': 1.341887, 'f_bb': 0, 'f_ema': 0, 'f_rsi': 0, 'f_candle': -1, 'f_rsiR': 1, 'f_macd': -1, 'f_stoch': 0, 'f_vol': 0, 'signal_dir': -1, 'h1_topped_from_m5': 1, 'd1_topped_from_m5': 1}}
[2026-05-27 18:20:00 BROKER] signal | {'direction': 'SELL', 'entry': 1.34256, 'sl': 1.34583, 'tp': 1.33602, 'bar_time': '2026-05-27 18:15:00', 'atr': 0.00079, 'risk': 0.00327, 'rr': 2.0, 'trend_dir': -1, 'adx': 26.5, 'h1_rsi': 36.7, 'rsi': 38.5}
[2026-05-27 18:20:00 BROKER] signal_telegram_suppressed | {'reason': 'position_open_for_symbol', 'bar_time': '2026-05-27 18:15:00', 'direction': 'SELL'}
[2026-05-27 18:20:00 BROKER] skip | {'reason': 'position_open', 'ob_key': ['2026-05-27 18:15:00', 'SELL'], 'missed_signal': {'direction': 'SELL', 'entry': 1.34256, 'sl': 1.34583, 'tp': 1.33602}}
[2026-05-27 18:20:00 BROKER] telegram_sent | {'category': 'skip', 'attempt': 1, 'status': 200, 'latency_ms': 119.6}
[2026-05-27 18:20:00 BROKER] mt5_connected | {'state': 'healthy', 'periodic': True, 'connected': True, 'trade_allowed': True, 'ping_ms': 17272}
C:\Users\Administrator\Desktop\tob\ema-h1trend\mt5\run_multi_scalper.py:179: Pandas4Warning: Timestamp.utcnow is deprecated and will be removed in a future version. Use Timestamp.now('UTC') instead.
  return pd.Timestamp.utcnow().tz_localize(None) + pd.Timedelta(hours=BROKER_WALLCLOCK_OFFSET_HOURS)
[2026-05-27 18:20:00 BROKER] cycle | {'bars_m5': 599, 'bars_h1': 250, 'bars_d1': 120, 'last_bar_time': '2026-05-27 18:15:00', 'data_age_min': 5.0, 'signal': False, 'risk_per_trade': 0.003333, 'weight': 0.166667, 'diag': {'n_m5': 599, 'n_h1': 250, 'n_d1': 120, 'bar_time': '2026-05-27 18:15:00', 'open': 4431.97, 'high': 4433.17, 'low': 4429.69, 'close': 4430.89, 'volume': 1102.0, 'trend_dir': -1, 'h1_trend': -1, 'd1_trend': -1, 'h1_rsi': 31.119, 'in_session': True, 'atr_ok': True, 'adx_ok': True, 'ema20': 4435.732893, 'rsi': 45.129, 'atr': 7.1129, 'adx': 19.251, 'bb_up': 4454.660827, 'bb_lo': 4418.607173, 'f_bb': 0, 'f_ema': -1, 'f_rsi': 0, 'f_candle': 0, 'f_rsiR': 0, 'f_macd': -1, 'f_stoch': 0, 'f_vol': 0, 'signal_dir': 0, 'h1_topped_from_m5': 1, 'd1_topped_from_m5': 1}}
[2026-05-27 18:20:00 BROKER] heartbeat | {'uptime_s': 7033.2, 'mt5_connected': True, 'mt5_trade_allowed': True, 'tracked_pendings': 0, 'open_positions': 0, 'cooldown_active': False, 'cooldown_remaining_s': 0.0, 'balance': 971.79, 'equity': 975.05}
C:\Users\Administrator\Desktop\tob\ema-h1trend\mt5\run_multi_scalper.py:179: Pandas4Warning: Timestamp.utcnow is deprecated and will be removed in a future version. Use Timestamp.now('UTC') instead.
  return pd.Timestamp.utcnow().tz_localize(None) + pd.Timedelta(hours=BROKER_WALLCLOCK_OFFSET_HOURS)
[2026-05-27 18:20:01 BROKER] cycle | {'bars_m5': 599, 'bars_h1': 250, 'bars_d1': 120, 'last_bar_time': '2026-05-27 18:15:00', 'data_age_min': 5.0, 'signal': False, 'risk_per_trade': 0.003333, 'weight': 0.166667, 'diag': {'n_m5': 599, 'n_h1': 250, 'n_d1': 120, 'bar_time': '2026-05-27 18:15:00', 'open': 1.85792, 'high': 1.85798, 'low': 1.85714, 'close': 1.85752, 'volume': 719.0, 'trend_dir': 0, 'h1_trend': -1, 'd1_trend': 1, 'h1_rsi': 43.909, 'in_session': True, 'atr_ok': True, 'adx_ok': True, 'ema20': 1.858747, 'rsi': 35.035, 'atr': 0.000833, 'adx': 20.452, 'bb_up': 1.860668, 'bb_lo': 1.857447, 'f_bb': 1, 'f_ema': 0, 'f_rsi': 0, 'f_candle': -1, 'f_rsiR': 0, 'f_macd': -1, 'f_stoch': 0, 'f_vol': 0, 'signal_dir': 0, 'h1_topped_from_m5': 1, 'd1_topped_from_m5': 1}}
[2026-05-27 18:20:01 BROKER] heartbeat | {'uptime_s': 7033.2, 'mt5_connected': True, 'mt5_trade_allowed': True, 'tracked_pendings': 0, 'open_positions': 0, 'cooldown_active': False, 'cooldown_remaining_s': 0.0, 'balance': 971.79, 'equity': 975.05}
C:\Users\Administrator\Desktop\tob\ema-h1trend\mt5\run_multi_scalper.py:179: Pandas4Warning: Timestamp.utcnow is deprecated and will be removed in a future version. Use Timestamp.now('UTC') instead.
  return pd.Timestamp.utcnow().tz_localize(None) + pd.Timedelta(hours=BROKER_WALLCLOCK_OFFSET_HOURS)
[2026-05-27 18:20:01 BROKER] cycle | {'bars_m5': 599, 'bars_h1': 250, 'bars_d1': 120, 'last_bar_time': '2026-05-27 18:15:00', 'data_age_min': 5.0, 'signal': False, 'risk_per_trade': 0.003333, 'weight': 0.166667, 'diag': {'n_m5': 599, 'n_h1': 250, 'n_d1': 120, 'bar_time': '2026-05-27 18:15:00', 'open': 17.36746, 'high': 17.3753, 'low': 17.36746, 'close': 17.3748, 'volume': 681.0, 'trend_dir': 0, 'h1_trend': 1, 'd1_trend': -1, 'h1_rsi': 70.134, 'in_session': True, 'atr_ok': True, 'adx_ok': True, 'ema20': 17.358054, 'rsi': 62.934, 'atr': 0.011853, 'adx': 41.013, 'bb_up': 17.38606, 'bb_lo': 17.330108, 'f_bb': 0, 'f_ema': 0, 'f_rsi': 0, 'f_candle': 0, 'f_rsiR': -1, 'f_macd': -1, 'f_stoch': 0, 'f_vol': 0, 'signal_dir': 0, 'h1_topped_from_m5': 1, 'd1_topped_from_m5': 1}}
[2026-05-27 18:20:01 BROKER] heartbeat | {'uptime_s': 7033.2, 'mt5_connected': True, 'mt5_trade_allowed': True, 'tracked_pendings': 0, 'open_positions': 0, 'cooldown_active': False, 'cooldown_remaining_s': 0.0, 'balance': 971.79, 'equity': 975.05}
C:\Users\Administrator\Desktop\tob\ema-h1trend\mt5\run_multi_scalper.py:179: Pandas4Warning: Timestamp.utcnow is deprecated and will be removed in a future version. Use Timestamp.now('UTC') instead.
  return pd.Timestamp.utcnow().tz_localize(None) + pd.Timedelta(hours=BROKER_WALLCLOCK_OFFSET_HOURS)
[2026-05-27 18:20:01 BROKER] cycle | {'bars_m5': 599, 'bars_h1': 250, 'bars_d1': 120, 'last_bar_time': '2026-05-27 18:15:00', 'data_age_min': 5.0, 'signal': False, 'risk_per_trade': 0.003333, 'weight': 0.166667, 'diag': {'n_m5': 599, 'n_h1': 250, 'n_d1': 120, 'bar_time': '2026-05-27 18:15:00', 'open': 1.60942, 'high': 1.60949, 'low': 1.60872, 'close': 1.6094, 'volume': 669.0, 'trend_dir': 1, 'h1_trend': 1, 'd1_trend': 1, 'h1_rsi': 60.095, 'in_session': True, 'atr_ok': True, 'adx_ok': True, 'ema20': 1.610021, 'rsi': 41.416, 'atr': 0.000669, 'adx': 12.216, 'bb_up': 1.611107, 'bb_lo': 1.609074, 'f_bb': 1, 'f_ema': 0, 'f_rsi': 0, 'f_candle': 0, 'f_rsiR': 0, 'f_macd': -1, 'f_stoch': 0, 'f_vol': 0, 'signal_dir': 0, 'h1_topped_from_m5': 1, 'd1_topped_from_m5': 1}}
[2026-05-27 18:20:01 BROKER] heartbeat | {'uptime_s': 7033.3, 'mt5_connected': True, 'mt5_trade_allowed': True, 'tracked_pendings': 0, 'open_positions': 0, 'cooldown_active': False, 'cooldown_remaining_s': 0.0, 'balance': 971.79, 'equity': 975.03}
C:\Users\Administrator\Desktop\tob\ema-h1trend\mt5\run_multi_scalper.py:179: Pandas4Warning: Timestamp.utcnow is deprecated and will be removed in a future version. Use Timestamp.now('UTC') instead.
  return pd.Timestamp.utcnow().tz_localize(None) + pd.Timedelta(hours=BROKER_WALLCLOCK_OFFSET_HOURS)
[2026-05-27 18:20:01 BROKER] cycle | {'bars_m5': 599, 'bars_h1': 250, 'bars_d1': 120, 'last_bar_time': '2026-05-27 18:15:00', 'data_age_min': 5.0, 'signal': False, 'risk_per_trade': 0.003333, 'weight': 0.166667, 'diag': {'n_m5': 599, 'n_h1': 250, 'n_d1': 120, 'bar_time': '2026-05-27 18:15:00', 'open': 0.98715, 'high': 0.98717, 'low': 0.9868, 'close': 0.98715, 'volume': 598.0, 'trend_dir': 0, 'h1_trend': -1, 'd1_trend': 1, 'h1_rsi': 41.991, 'in_session': True, 'atr_ok': True, 'adx_ok': True, 'ema20': 0.986787, 'rsi': 57.145, 'atr': 0.000467, 'adx': 12.126, 'bb_up': 0.987286, 'bb_lo': 0.986193, 'f_bb': 0, 'f_ema': 1, 'f_rsi': 0, 'f_candle': 0, 'f_rsiR': 0, 'f_macd': 1, 'f_stoch': 0, 'f_vol': 0, 'signal_dir': 0, 'h1_topped_from_m5': 1, 'd1_topped_from_m5': 1}}
C:\Users\Administrator\Desktop\tob\ema-h1trend\mt5\run_multi_scalper.py:179: Pandas4Warning: Timestamp.utcnow is deprecated and will be removed in a future version. Use Timestamp.now('UTC') instead.
  return pd.Timestamp.utcnow().tz_localize(None) + pd.Timedelta(hours=BROKER_WALLCLOCK_OFFSET_HOURS)
[portfolio] cycle_complete: symbols=6 signals=1 placed=0 skipped=0 elapsed_s=1.08 per_symbol=[{'symbol': 'GBPUSD', 'signal': True, 'stage': 'skipped', 'placed': False, 'ticket': None}, {'symbol': 'XAUUSD', 'signal': False}, {'symbol': 'GBPCAD', 'signal': False}, {'symbol': 'USDMXN', 'signal': False}, {'symbol': 'EURCAD', 'signal': False}, {'symbol': 'AUDCAD', 'signal': False}]
  → sleeping 299s until next M5 close ...
[2026-05-27 18:25:00 BROKER] cycle | {'bars_m5': 599, 'bars_h1': 250, 'bars_d1': 120, 'last_bar_time': '2026-05-27 18:20:00', 'data_age_min': 5.0, 'signal': False, 'risk_per_trade': 0.003333, 'weight': 0.166667, 'diag': {'n_m5': 599, 'n_h1': 250, 'n_d1': 120, 'bar_time': '2026-05-27 18:20:00', 'open': 1.34256, 'high': 1.34279, 'low': 1.34227, 'close': 1.3425099999999999, 'volume': 435.0, 'trend_dir': -1, 'h1_trend': -1, 'd1_trend': -1, 'h1_rsi': 36.359, 'in_session': True, 'atr_ok': True, 'adx_ok': True, 'ema20': 1.34359, 'rsi': 38.208, 'atr': 0.000751, 'adx': 28.219, 'bb_up': 1.346226, 'bb_lo': 1.341695, 'f_bb': 0, 'f_ema': 0, 'f_rsi': 0, 'f_candle': 0, 'f_rsiR': 1, 'f_macd': -1, 'f_stoch': 0, 'f_vol': 0, 'signal_dir': 0, 'h1_topped_from_m5': 1, 'd1_topped_from_m5': 1}}
[2026-05-27 18:25:00 BROKER] heartbeat | {'uptime_s': 7333.0, 'mt5_connected': True, 'mt5_trade_allowed': True, 'tracked_pendings': 0, 'open_positions': 0, 'cooldown_active': False, 'cooldown_remaining_s': 0.0, 'balance': 971.79, 'equity': 975.19}
C:\Users\Administrator\Desktop\tob\ema-h1trend\mt5\run_multi_scalper.py:179: Pandas4Warning: Timestamp.utcnow is deprecated and will be removed in a future version. Use Timestamp.now('UTC') instead.
  return pd.Timestamp.utcnow().tz_localize(None) + pd.Timedelta(hours=BROKER_WALLCLOCK_OFFSET_HOURS)
[2026-05-27 18:25:00 BROKER] cycle | {'bars_m5': 599, 'bars_h1': 250, 'bars_d1': 120, 'last_bar_time': '2026-05-27 18:20:00', 'data_age_min': 5.0, 'signal': False, 'risk_per_trade': 0.003333, 'weight': 0.166667, 'diag': {'n_m5': 599, 'n_h1': 250, 'n_d1': 120, 'bar_time': '2026-05-27 18:20:00', 'open': 4430.91, 'high': 4434.07, 'low': 4429.83, 'close': 4433.5, 'volume': 1077.0, 'trend_dir': -1, 'h1_trend': -1, 'd1_trend': -1, 'h1_rsi': 31.682, 'in_session': True, 'atr_ok': True, 'adx_ok': True, 'ema20': 4435.520237, 'rsi': 47.575, 'atr': 6.729847, 'adx': 18.892, 'bb_up': 4453.565445, 'bb_lo': 4421.097555, 'f_bb': 0, 'f_ema': -1, 'f_rsi': 0, 'f_candle': 0, 'f_rsiR': 0, 'f_macd': -1, 'f_stoch': 1, 'f_vol': 0, 'signal_dir': 0, 'h1_topped_from_m5': 1, 'd1_topped_from_m5': 1}}
C:\Users\Administrator\Desktop\tob\ema-h1trend\mt5\run_multi_scalper.py:179: Pandas4Warning: Timestamp.utcnow is deprecated and will be removed in a future version. Use Timestamp.now('UTC') instead.
  return pd.Timestamp.utcnow().tz_localize(None) + pd.Timedelta(hours=BROKER_WALLCLOCK_OFFSET_HOURS)
[2026-05-27 18:25:01 BROKER] cycle | {'bars_m5': 599, 'bars_h1': 250, 'bars_d1': 120, 'last_bar_time': '2026-05-27 18:20:00', 'data_age_min': 5.0, 'signal': False, 'risk_per_trade': 0.003333, 'weight': 0.166667, 'diag': {'n_m5': 599, 'n_h1': 250, 'n_d1': 120, 'bar_time': '2026-05-27 18:20:00', 'open': 1.85752, 'high': 1.8577, 'low': 1.8571499999999999, 'close': 1.8573, 'volume': 811.0, 'trend_dir': 0, 'h1_trend': -1, 'd1_trend': 1, 'h1_rsi': 42.822, 'in_session': True, 'atr_ok': True, 'adx_ok': True, 'ema20': 1.858609, 'rsi': 33.388, 'atr': 0.000796, 'adx': 22.248, 'bb_up': 1.860698, 'bb_lo': 1.857177, 'f_bb': 1, 'f_ema': 0, 'f_rsi': 0, 'f_candle': 0, 'f_rsiR': 0, 'f_macd': -1, 'f_stoch': 0, 'f_vol': 0, 'signal_dir': 0, 'h1_topped_from_m5': 1, 'd1_topped_from_m5': 1}}
C:\Users\Administrator\Desktop\tob\ema-h1trend\mt5\run_multi_scalper.py:179: Pandas4Warning: Timestamp.utcnow is deprecated and will be removed in a future version. Use Timestamp.now('UTC') instead.
  return pd.Timestamp.utcnow().tz_localize(None) + pd.Timedelta(hours=BROKER_WALLCLOCK_OFFSET_HOURS)
[2026-05-27 18:25:01 BROKER] cycle | {'bars_m5': 599, 'bars_h1': 250, 'bars_d1': 120, 'last_bar_time': '2026-05-27 18:20:00', 'data_age_min': 5.0, 'signal': False, 'risk_per_trade': 0.003333, 'weight': 0.166667, 'diag': {'n_m5': 599, 'n_h1': 250, 'n_d1': 120, 'bar_time': '2026-05-27 18:20:00', 'open': 17.37484, 'high': 17.3772, 'low': 17.36691, 'close': 17.36769, 'volume': 810.0, 'trend_dir': 0, 'h1_trend': 1, 'd1_trend': -1, 'h1_rsi': 67.317, 'in_session': True, 'atr_ok': True, 'adx_ok': True, 'ema20': 17.358972, 'rsi': 58.246, 'atr': 0.011645, 'adx': 41.042, 'bb_up': 17.386795, 'bb_lo': 17.331647, 'f_bb': 0, 'f_ema': 0, 'f_rsi': 0, 'f_candle': 0, 'f_rsiR': -1, 'f_macd': -1, 'f_stoch': 0, 'f_vol': 0, 'signal_dir': 0, 'h1_topped_from_m5': 1, 'd1_topped_from_m5': 1}}
C:\Users\Administrator\Desktop\tob\ema-h1trend\mt5\run_multi_scalper.py:179: Pandas4Warning: Timestamp.utcnow is deprecated and will be removed in a future version. Use Timestamp.now('UTC') instead.
  return pd.Timestamp.utcnow().tz_localize(None) + pd.Timedelta(hours=BROKER_WALLCLOCK_OFFSET_HOURS)
[2026-05-27 18:25:01 BROKER] cycle | {'bars_m5': 599, 'bars_h1': 250, 'bars_d1': 120, 'last_bar_time': '2026-05-27 18:20:00', 'data_age_min': 5.0, 'signal': False, 'risk_per_trade': 0.003333, 'weight': 0.166667, 'diag': {'n_m5': 599, 'n_h1': 250, 'n_d1': 120, 'bar_time': '2026-05-27 18:20:00', 'open': 1.6093899999999999, 'high': 1.60954, 'low': 1.609, 'close': 1.6092, 'volume': 750.0, 'trend_dir': 1, 'h1_trend': 1, 'd1_trend': 1, 'h1_rsi': 58.297, 'in_session': True, 'atr_ok': True, 'adx_ok': True, 'ema20': 1.609943, 'rsi': 39.424, 'atr': 0.000652, 'adx': 13.12, 'bb_up': 1.611098, 'bb_lo': 1.608954, 'f_bb': 0, 'f_ema': 0, 'f_rsi': 0, 'f_candle': 0, 'f_rsiR': 0, 'f_macd': -1, 'f_stoch': 0, 'f_vol': 0, 'signal_dir': 0, 'h1_topped_from_m5': 1, 'd1_topped_from_m5': 1}}
C:\Users\Administrator\Desktop\tob\ema-h1trend\mt5\run_multi_scalper.py:179: Pandas4Warning: Timestamp.utcnow is deprecated and will be removed in a future version. Use Timestamp.now('UTC') instead.
  return pd.Timestamp.utcnow().tz_localize(None) + pd.Timedelta(hours=BROKER_WALLCLOCK_OFFSET_HOURS)
[2026-05-27 18:25:01 BROKER] cycle | {'bars_m5': 599, 'bars_h1': 250, 'bars_d1': 120, 'last_bar_time': '2026-05-27 18:20:00', 'data_age_min': 5.0, 'signal': False, 'risk_per_trade': 0.003333, 'weight': 0.166667, 'diag': {'n_m5': 599, 'n_h1': 250, 'n_d1': 120, 'bar_time': '2026-05-27 18:20:00', 'open': 0.98715, 'high': 0.98728, 'low': 0.98702, 'close': 0.98717, 'volume': 652.0, 'trend_dir': 0, 'h1_trend': -1, 'd1_trend': 1, 'h1_rsi': 42.186, 'in_session': True, 'atr_ok': True, 'adx_ok': True, 'ema20': 0.986824, 'rsi': 57.469, 'atr': 0.000439, 'adx': 11.995, 'bb_up': 0.987335, 'bb_lo': 0.986178, 'f_bb': 0, 'f_ema': 0, 'f_rsi': 0, 'f_candle': 0, 'f_rsiR': 0, 'f_macd': 1, 'f_stoch': 0, 'f_vol': 0, 'signal_dir': 0, 'h1_topped_from_m5': 1, 'd1_topped_from_m5': 1}}
C:\Users\Administrator\Desktop\tob\ema-h1trend\mt5\run_multi_scalper.py:179: Pandas4Warning: Timestamp.utcnow is deprecated and will be removed in a future version. Use Timestamp.now('UTC') instead.
  return pd.Timestamp.utcnow().tz_localize(None) + pd.Timedelta(hours=BROKER_WALLCLOCK_OFFSET_HOURS)
[portfolio] cycle_complete: symbols=6 signals=0 placed=0 skipped=0 elapsed_s=1.03 per_symbol=[{'symbol': 'GBPUSD', 'signal': False}, {'symbol': 'XAUUSD', 'signal': False}, {'symbol': 'GBPCAD', 'signal': False}, {'symbol': 'USDMXN', 'signal': False}, {'symbol': 'EURCAD', 'signal': False}, {'symbol': 'AUDCAD', 'signal': False}]
  → sleeping 299s until next M5 close ...
[2026-05-27 18:30:00 BROKER] cycle | {'bars_m5': 599, 'bars_h1': 250, 'bars_d1': 120, 'last_bar_time': '2026-05-27 18:25:00', 'data_age_min': 5.0, 'signal': False, 'risk_per_trade': 0.003333, 'weight': 0.166667, 'diag': {'n_m5': 599, 'n_h1': 250, 'n_d1': 120, 'bar_time': '2026-05-27 18:25:00', 'open': 1.34249, 'high': 1.34283, 'low': 1.34246, 'close': 1.34273, 'volume': 344.0, 'trend_dir': -1, 'h1_trend': -1, 'd1_trend': -1, 'h1_rsi': 37.91, 'in_session': True, 'atr_ok': True, 'adx_ok': True, 'ema20': 1.343508, 'rsi': 40.674, 'atr': 0.0007, 'adx': 29.738, 'bb_up': 1.346195, 'bb_lo': 1.341557, 'f_bb': 0, 'f_ema': 0, 'f_rsi': 0, 'f_candle': 1, 'f_rsiR': 1, 'f_macd': -1, 'f_stoch': 1, 'f_vol': 0, 'signal_dir': 0, 'h1_topped_from_m5': 1, 'd1_topped_from_m5': 1}}
C:\Users\Administrator\Desktop\tob\ema-h1trend\mt5\run_multi_scalper.py:179: Pandas4Warning: Timestamp.utcnow is deprecated and will be removed in a future version. Use Timestamp.now('UTC') instead.
  return pd.Timestamp.utcnow().tz_localize(None) + pd.Timedelta(hours=BROKER_WALLCLOCK_OFFSET_HOURS)
[2026-05-27 18:30:00 BROKER] cycle | {'bars_m5': 599, 'bars_h1': 250, 'bars_d1': 120, 'last_bar_time': '2026-05-27 18:25:00', 'data_age_min': 5.0, 'signal': False, 'risk_per_trade': 0.003333, 'weight': 0.166667, 'diag': {'n_m5': 599, 'n_h1': 250, 'n_d1': 120, 'bar_time': '2026-05-27 18:25:00', 'open': 4433.43, 'high': 4435.86, 'low': 4432.55, 'close': 4435.78, 'volume': 1025.0, 'trend_dir': -1, 'h1_trend': -1, 'd1_trend': -1, 'h1_rsi': 32.641, 'in_session': True, 'atr_ok': True, 'adx_ok': True, 'ema20': 4435.544976, 'rsi': 49.684, 'atr': 6.273867, 'adx': 18.179, 'bb_up': 4452.304237, 'bb_lo': 4423.887763, 'f_bb': 0, 'f_ema': 1, 'f_rsi': 0, 'f_candle': 0, 'f_rsiR': 0, 'f_macd': -1, 'f_stoch': 0, 'f_vol': 0, 'signal_dir': 0, 'h1_topped_from_m5': 1, 'd1_topped_from_m5': 1}}
[2026-05-27 18:30:00 BROKER] mt5_connected | {'state': 'healthy', 'periodic': True, 'connected': True, 'trade_allowed': True, 'ping_ms': 17272}
C:\Users\Administrator\Desktop\tob\ema-h1trend\mt5\run_multi_scalper.py:179: Pandas4Warning: Timestamp.utcnow is deprecated and will be removed in a future version. Use Timestamp.now('UTC') instead.
  return pd.Timestamp.utcnow().tz_localize(None) + pd.Timedelta(hours=BROKER_WALLCLOCK_OFFSET_HOURS)
[2026-05-27 18:30:00 BROKER] cycle | {'bars_m5': 599, 'bars_h1': 250, 'bars_d1': 120, 'last_bar_time': '2026-05-27 18:25:00', 'data_age_min': 5.0, 'signal': False, 'risk_per_trade': 0.003333, 'weight': 0.166667, 'diag': {'n_m5': 599, 'n_h1': 250, 'n_d1': 120, 'bar_time': '2026-05-27 18:25:00', 'open': 1.8573, 'high': 1.85744, 'low': 1.85705, 'close': 1.85741, 'volume': 701.0, 'trend_dir': 0, 'h1_trend': -1, 'd1_trend': 1, 'h1_rsi': 43.359, 'in_session': True, 'atr_ok': True, 'adx_ok': True, 'ema20': 1.858495, 'rsi': 35.032, 'atr': 0.000742, 'adx': 24.034, 'bb_up': 1.860667, 'bb_lo': 1.856977, 'f_bb': 0, 'f_ema': 0, 'f_rsi': 1, 'f_candle': 1, 'f_rsiR': 1, 'f_macd': -1, 'f_stoch': 1, 'f_vol': 0, 'signal_dir': 0, 'h1_topped_from_m5': 1, 'd1_topped_from_m5': 1}}
C:\Users\Administrator\Desktop\tob\ema-h1trend\mt5\run_multi_scalper.py:179: Pandas4Warning: Timestamp.utcnow is deprecated and will be removed in a future version. Use Timestamp.now('UTC') instead.
  return pd.Timestamp.utcnow().tz_localize(None) + pd.Timedelta(hours=BROKER_WALLCLOCK_OFFSET_HOURS)
[2026-05-27 18:30:01 BROKER] cycle | {'bars_m5': 599, 'bars_h1': 250, 'bars_d1': 120, 'last_bar_time': '2026-05-27 18:25:00', 'data_age_min': 5.0, 'signal': False, 'risk_per_trade': 0.003333, 'weight': 0.166667, 'diag': {'n_m5': 599, 'n_h1': 250, 'n_d1': 120, 'bar_time': '2026-05-27 18:25:00', 'open': 17.3679, 'high': 17.36809, 'low': 17.35799, 'close': 17.3582, 'volume': 867.0, 'trend_dir': 0, 'h1_trend': 1, 'd1_trend': -1, 'h1_rsi': 63.891, 'in_session': True, 'atr_ok': True, 'adx_ok': True, 'ema20': 17.358898, 'rsi': 52.613, 'atr': 0.011439, 'adx': 39.764, 'bb_up': 17.386604, 'bb_lo': 17.333212, 'f_bb': 0, 'f_ema': -1, 'f_rsi': 0, 'f_candle': 0, 'f_rsiR': -1, 'f_macd': -1, 'f_stoch': 0, 'f_vol': 0, 'signal_dir': 0, 'h1_topped_from_m5': 1, 'd1_topped_from_m5': 1}}
C:\Users\Administrator\Desktop\tob\ema-h1trend\mt5\run_multi_scalper.py:179: Pandas4Warning: Timestamp.utcnow is deprecated and will be removed in a future version. Use Timestamp.now('UTC') instead.
  return pd.Timestamp.utcnow().tz_localize(None) + pd.Timedelta(hours=BROKER_WALLCLOCK_OFFSET_HOURS)
[2026-05-27 18:30:01 BROKER] cycle | {'bars_m5': 599, 'bars_h1': 250, 'bars_d1': 120, 'last_bar_time': '2026-05-27 18:25:00', 'data_age_min': 5.0, 'signal': False, 'risk_per_trade': 0.003333, 'weight': 0.166667, 'diag': {'n_m5': 599, 'n_h1': 250, 'n_d1': 120, 'bar_time': '2026-05-27 18:25:00', 'open': 1.6092, 'high': 1.6093, 'low': 1.60894, 'close': 1.6092499999999998, 'volume': 606.0, 'trend_dir': 1, 'h1_trend': 1, 'd1_trend': 1, 'h1_rsi': 58.737, 'in_session': True, 'atr_ok': True, 'adx_ok': True, 'ema20': 1.609877, 'rsi': 40.198, 'atr': 0.000613, 'adx': 14.062, 'bb_up': 1.611061, 'bb_lo': 1.608864, 'f_bb': 0, 'f_ema': 0, 'f_rsi': 0, 'f_candle': 1, 'f_rsiR': 0, 'f_macd': -1, 'f_stoch': 0, 'f_vol': 0, 'signal_dir': 0, 'h1_topped_from_m5': 1, 'd1_topped_from_m5': 1}}
C:\Users\Administrator\Desktop\tob\ema-h1trend\mt5\run_multi_scalper.py:179: Pandas4Warning: Timestamp.utcnow is deprecated and will be removed in a future version. Use Timestamp.now('UTC') instead.
  return pd.Timestamp.utcnow().tz_localize(None) + pd.Timedelta(hours=BROKER_WALLCLOCK_OFFSET_HOURS)
[2026-05-27 18:30:01 BROKER] cycle | {'bars_m5': 599, 'bars_h1': 250, 'bars_d1': 120, 'last_bar_time': '2026-05-27 18:25:00', 'data_age_min': 5.0, 'signal': False, 'risk_per_trade': 0.003333, 'weight': 0.166667, 'diag': {'n_m5': 599, 'n_h1': 250, 'n_d1': 120, 'bar_time': '2026-05-27 18:25:00', 'open': 0.98717, 'high': 0.98726, 'low': 0.98709, 'close': 0.9872, 'volume': 593.0, 'trend_dir': 0, 'h1_trend': -1, 'd1_trend': 1, 'h1_rsi': 42.478, 'in_session': True, 'atr_ok': True, 'adx_ok': True, 'ema20': 0.98686, 'rsi': 57.982, 'atr': 0.000403, 'adx': 11.873, 'bb_up': 0.987392, 'bb_lo': 0.986184, 'f_bb': 0, 'f_ema': 0, 'f_rsi': 0, 'f_candle': 0, 'f_rsiR': 0, 'f_macd': 1, 'f_stoch': 0, 'f_vol': 0, 'signal_dir': 0, 'h1_topped_from_m5': 1, 'd1_topped_from_m5': 1}}
[portfolio] cycle_complete: symbols=6 signals=0 placed=0 skipped=0 elapsed_s=0.98 per_symbol=[{'symbol': 'GBPUSD', 'signal': False}, {'symbol': 'XAUUSD', 'signal': False}, {'symbol': 'GBPCAD', 'signal': False}, {'symbol': 'USDMXN', 'signal': False}, {'symbol': 'EURCAD', 'signal': False}, {'symbol': 'AUDCAD', 'signal': False}]
  → sleeping 299s until next M5 close ...
[2026-05-27 18:35:00 BROKER] heartbeat | {'uptime_s': 7933.0, 'mt5_connected': True, 'mt5_trade_allowed': True, 'tracked_pendings': 0, 'open_positions': 1, 'cooldown_active': False, 'cooldown_remaining_s': 0.0, 'balance': 971.79, 'equity': 974.13}
C:\Users\Administrator\Desktop\tob\ema-h1trend\mt5\run_multi_scalper.py:179: Pandas4Warning: Timestamp.utcnow is deprecated and will be removed in a future version. Use Timestamp.now('UTC') instead.
  return pd.Timestamp.utcnow().tz_localize(None) + pd.Timedelta(hours=BROKER_WALLCLOCK_OFFSET_HOURS)
[2026-05-27 18:35:00 BROKER] cycle | {'bars_m5': 599, 'bars_h1': 250, 'bars_d1': 120, 'last_bar_time': '2026-05-27 18:30:00', 'data_age_min': 5.0, 'signal': False, 'risk_per_trade': 0.003333, 'weight': 0.166667, 'diag': {'n_m5': 599, 'n_h1': 250, 'n_d1': 120, 'bar_time': '2026-05-27 18:30:00', 'open': 1.34274, 'high': 1.3431, 'low': 1.34252, 'close': 1.34305, 'volume': 539.0, 'trend_dir': -1, 'h1_trend': -1, 'd1_trend': -1, 'h1_rsi': 40.036, 'in_session': True, 'atr_ok': True, 'adx_ok': True, 'ema20': 1.343464, 'rsi': 44.165, 'atr': 0.000684, 'adx': 30.401, 'bb_up': 1.346158, 'bb_lo': 1.341476, 'f_bb': 0, 'f_ema': 0, 'f_rsi': 0, 'f_candle': 0, 'f_rsiR': 1, 'f_macd': -1, 'f_stoch': 0, 'f_vol': 0, 'signal_dir': 0, 'h1_topped_from_m5': 1, 'd1_topped_from_m5': 1}}
C:\Users\Administrator\Desktop\tob\ema-h1trend\mt5\run_multi_scalper.py:179: Pandas4Warning: Timestamp.utcnow is deprecated and will be removed in a future version. Use Timestamp.now('UTC') instead.
  return pd.Timestamp.utcnow().tz_localize(None) + pd.Timedelta(hours=BROKER_WALLCLOCK_OFFSET_HOURS)
[2026-05-27 18:35:00 BROKER] cycle | {'bars_m5': 599, 'bars_h1': 250, 'bars_d1': 120, 'last_bar_time': '2026-05-27 18:30:00', 'data_age_min': 5.0, 'signal': False, 'risk_per_trade': 0.003333, 'weight': 0.166667, 'diag': {'n_m5': 599, 'n_h1': 250, 'n_d1': 120, 'bar_time': '2026-05-27 18:30:00', 'open': 4436.86, 'high': 4441.52, 'low': 4435.95, 'close': 4438.66, 'volume': 1274.0, 'trend_dir': -1, 'h1_trend': -1, 'd1_trend': -1, 'h1_rsi': 33.946, 'in_session': True, 'atr_ok': True, 'adx_ok': True, 'ema20': 4435.841645, 'rsi': 52.295, 'atr': 6.202685, 'adx': 17.309, 'bb_up': 4451.63562, 'bb_lo': 4425.89038, 'f_bb': 0, 'f_ema': 1, 'f_rsi': 0, 'f_candle': 0, 'f_rsiR': 0, 'f_macd': -1, 'f_stoch': 0, 'f_vol': 0, 'signal_dir': 0, 'h1_topped_from_m5': 1, 'd1_topped_from_m5': 1}}
[2026-05-27 18:35:00 BROKER] heartbeat | {'uptime_s': 7933.0, 'mt5_connected': True, 'mt5_trade_allowed': True, 'tracked_pendings': 0, 'open_positions': 0, 'cooldown_active': False, 'cooldown_remaining_s': 0.0, 'balance': 971.79, 'equity': 974.17}
C:\Users\Administrator\Desktop\tob\ema-h1trend\mt5\run_multi_scalper.py:179: Pandas4Warning: Timestamp.utcnow is deprecated and will be removed in a future version. Use Timestamp.now('UTC') instead.
  return pd.Timestamp.utcnow().tz_localize(None) + pd.Timedelta(hours=BROKER_WALLCLOCK_OFFSET_HOURS)
[2026-05-27 18:35:00 BROKER] cycle | {'bars_m5': 599, 'bars_h1': 250, 'bars_d1': 120, 'last_bar_time': '2026-05-27 18:30:00', 'data_age_min': 5.0, 'signal': False, 'risk_per_trade': 0.003333, 'weight': 0.166667, 'diag': {'n_m5': 599, 'n_h1': 250, 'n_d1': 120, 'bar_time': '2026-05-27 18:30:00', 'open': 1.8574199999999998, 'high': 1.85798, 'low': 1.85728, 'close': 1.85763, 'volume': 850.0, 'trend_dir': 0, 'h1_trend': -1, 'd1_trend': 1, 'h1_rsi': 44.474, 'in_session': True, 'atr_ok': True, 'adx_ok': True, 'ema20': 1.858413, 'rsi': 38.313, 'atr': 0.000736, 'adx': 24.118, 'bb_up': 1.860679, 'bb_lo': 1.856839, 'f_bb': 0, 'f_ema': 0, 'f_rsi': 0, 'f_candle': 0, 'f_rsiR': 1, 'f_macd': -1, 'f_stoch': 0, 'f_vol': 0, 'signal_dir': 0, 'h1_topped_from_m5': 1, 'd1_topped_from_m5': 1}}
[2026-05-27 18:35:00 BROKER] heartbeat | {'uptime_s': 7933.1, 'mt5_connected': True, 'mt5_trade_allowed': True, 'tracked_pendings': 0, 'open_positions': 0, 'cooldown_active': False, 'cooldown_remaining_s': 0.0, 'balance': 971.79, 'equity': 974.17}
C:\Users\Administrator\Desktop\tob\ema-h1trend\mt5\run_multi_scalper.py:179: Pandas4Warning: Timestamp.utcnow is deprecated and will be removed in a future version. Use Timestamp.now('UTC') instead.
  return pd.Timestamp.utcnow().tz_localize(None) + pd.Timedelta(hours=BROKER_WALLCLOCK_OFFSET_HOURS)
[2026-05-27 18:35:01 BROKER] cycle | {'bars_m5': 599, 'bars_h1': 250, 'bars_d1': 120, 'last_bar_time': '2026-05-27 18:30:00', 'data_age_min': 5.0, 'signal': False, 'risk_per_trade': 0.003333, 'weight': 0.166667, 'diag': {'n_m5': 599, 'n_h1': 250, 'n_d1': 120, 'bar_time': '2026-05-27 18:30:00', 'open': 17.3578, 'high': 17.36099, 'low': 17.35519, 'close': 17.3592, 'volume': 1024.0, 'trend_dir': 0, 'h1_trend': 1, 'd1_trend': -1, 'h1_rsi': 64.235, 'in_session': True, 'atr_ok': True, 'adx_ok': True, 'ema20': 17.358927, 'rsi': 53.127, 'atr': 0.010687, 'adx': 38.209, 'bb_up': 17.386709, 'bb_lo': 17.333822, 'f_bb': 0, 'f_ema': 1, 'f_rsi': 0, 'f_candle': 0, 'f_rsiR': -1, 'f_macd': -1, 'f_stoch': 0, 'f_vol': 0, 'signal_dir': 0, 'h1_topped_from_m5': 1, 'd1_topped_from_m5': 1}}
[2026-05-27 18:35:01 BROKER] heartbeat | {'uptime_s': 7933.1, 'mt5_connected': True, 'mt5_trade_allowed': True, 'tracked_pendings': 0, 'open_positions': 0, 'cooldown_active': False, 'cooldown_remaining_s': 0.0, 'balance': 971.79, 'equity': 974.17}
C:\Users\Administrator\Desktop\tob\ema-h1trend\mt5\run_multi_scalper.py:179: Pandas4Warning: Timestamp.utcnow is deprecated and will be removed in a future version. Use Timestamp.now('UTC') instead.
  return pd.Timestamp.utcnow().tz_localize(None) + pd.Timedelta(hours=BROKER_WALLCLOCK_OFFSET_HOURS)
[2026-05-27 18:35:01 BROKER] cycle | {'bars_m5': 599, 'bars_h1': 250, 'bars_d1': 120, 'last_bar_time': '2026-05-27 18:30:00', 'data_age_min': 5.0, 'signal': False, 'risk_per_trade': 0.003333, 'weight': 0.166667, 'diag': {'n_m5': 599, 'n_h1': 250, 'n_d1': 120, 'bar_time': '2026-05-27 18:30:00', 'open': 1.6092499999999998, 'high': 1.60961, 'low': 1.6092, 'close': 1.60933, 'volume': 691.0, 'trend_dir': 1, 'h1_trend': 1, 'd1_trend': 1, 'h1_rsi': 59.453, 'in_session': True, 'atr_ok': True, 'adx_ok': True, 'ema20': 1.609825, 'rsi': 41.488, 'atr': 0.000586, 'adx': 14.067, 'bb_up': 1.611068, 'bb_lo': 1.608845, 'f_bb': 0, 'f_ema': -1, 'f_rsi': 0, 'f_candle': 0, 'f_rsiR': 0, 'f_macd': -1, 'f_stoch': 1, 'f_vol': 0, 'signal_dir': 0, 'h1_topped_from_m5': 1, 'd1_topped_from_m5': 1}}
[2026-05-27 18:35:01 BROKER] heartbeat | {'uptime_s': 7933.2, 'mt5_connected': True, 'mt5_trade_allowed': True, 'tracked_pendings': 0, 'open_positions': 0, 'cooldown_active': False, 'cooldown_remaining_s': 0.0, 'balance': 971.79, 'equity': 974.17}
C:\Users\Administrator\Desktop\tob\ema-h1trend\mt5\run_multi_scalper.py:179: Pandas4Warning: Timestamp.utcnow is deprecated and will be removed in a future version. Use Timestamp.now('UTC') instead.
  return pd.Timestamp.utcnow().tz_localize(None) + pd.Timedelta(hours=BROKER_WALLCLOCK_OFFSET_HOURS)
[2026-05-27 18:35:01 BROKER] cycle | {'bars_m5': 599, 'bars_h1': 250, 'bars_d1': 120, 'last_bar_time': '2026-05-27 18:30:00', 'data_age_min': 5.0, 'signal': False, 'risk_per_trade': 0.003333, 'weight': 0.166667, 'diag': {'n_m5': 599, 'n_h1': 250, 'n_d1': 120, 'bar_time': '2026-05-27 18:30:00', 'open': 0.9872, 'high': 0.98748, 'low': 0.98713, 'close': 0.98727, 'volume': 649.0, 'trend_dir': 0, 'h1_trend': -1, 'd1_trend': 1, 'h1_rsi': 43.146, 'in_session': True, 'atr_ok': True, 'adx_ok': True, 'ema20': 0.986899, 'rsi': 59.218, 'atr': 0.000396, 'adx': 12.491, 'bb_up': 0.987453, 'bb_lo': 0.986196, 'f_bb': -1, 'f_ema': 0, 'f_rsi': 0, 'f_candle': 0, 'f_rsiR': 0, 'f_macd': 1, 'f_stoch': -1, 'f_vol': 0, 'signal_dir': 0, 'h1_topped_from_m5': 1, 'd1_topped_from_m5': 1}}
C:\Users\Administrator\Desktop\tob\ema-h1trend\mt5\run_multi_scalper.py:179: Pandas4Warning: Timestamp.utcnow is deprecated and will be removed in a future version. Use Timestamp.now('UTC') instead.
  return pd.Timestamp.utcnow().tz_localize(None) + pd.Timedelta(hours=BROKER_WALLCLOCK_OFFSET_HOURS)
[portfolio] cycle_complete: symbols=6 signals=0 placed=0 skipped=0 elapsed_s=1.01 per_symbol=[{'symbol': 'GBPUSD', 'signal': False}, {'symbol': 'XAUUSD', 'signal': False}, {'symbol': 'GBPCAD', 'signal': False}, {'symbol': 'USDMXN', 'signal': False}, {'symbol': 'EURCAD', 'signal': False}, {'symbol': 'AUDCAD', 'signal': False}]
  → sleeping 299s until next M5 close ...
[2026-05-27 18:40:00 BROKER] cycle | {'bars_m5': 599, 'bars_h1': 250, 'bars_d1': 120, 'last_bar_time': '2026-05-27 18:35:00', 'data_age_min': 5.0, 'signal': False, 'risk_per_trade': 0.003333, 'weight': 0.166667, 'diag': {'n_m5': 599, 'n_h1': 250, 'n_d1': 120, 'bar_time': '2026-05-27 18:35:00', 'open': 1.34303, 'high': 1.34308, 'low': 1.34275, 'close': 1.34284, 'volume': 405.0, 'trend_dir': -1, 'h1_trend': -1, 'd1_trend': -1, 'h1_rsi': 38.657, 'in_session': True, 'atr_ok': True, 'adx_ok': True, 'ema20': 1.343405, 'rsi': 42.402, 'atr': 0.000637, 'adx': 31.017, 'bb_up': 1.346074, 'bb_lo': 1.341381, 'f_bb': 0, 'f_ema': 0, 'f_rsi': 0, 'f_candle': 0, 'f_rsiR': 1, 'f_macd': -1, 'f_stoch': 0, 'f_vol': 0, 'signal_dir': 0, 'h1_topped_from_m5': 1, 'd1_topped_from_m5': 1}}
[2026-05-27 18:40:00 BROKER] heartbeat | {'uptime_s': 8233.0, 'mt5_connected': True, 'mt5_trade_allowed': True, 'tracked_pendings': 0, 'open_positions': 0, 'cooldown_active': False, 'cooldown_remaining_s': 0.0, 'balance': 971.79, 'equity': 974.47}
C:\Users\Administrator\Desktop\tob\ema-h1trend\mt5\run_multi_scalper.py:179: Pandas4Warning: Timestamp.utcnow is deprecated and will be removed in a future version. Use Timestamp.now('UTC') instead.
  return pd.Timestamp.utcnow().tz_localize(None) + pd.Timedelta(hours=BROKER_WALLCLOCK_OFFSET_HOURS)
[2026-05-27 18:40:00 BROKER] cycle | {'bars_m5': 599, 'bars_h1': 250, 'bars_d1': 120, 'last_bar_time': '2026-05-27 18:35:00', 'data_age_min': 5.0, 'signal': False, 'risk_per_trade': 0.003333, 'weight': 0.166667, 'diag': {'n_m5': 599, 'n_h1': 250, 'n_d1': 120, 'bar_time': '2026-05-27 18:35:00', 'open': 4438.67, 'high': 4440.79, 'low': 4437.68, 'close': 4440.78, 'volume': 978.0, 'trend_dir': -1, 'h1_trend': -1, 'd1_trend': -1, 'h1_rsi': 34.876, 'in_session': True, 'atr_ok': True, 'adx_ok': True, 'ema20': 4436.311965, 'rsi': 54.18, 'atr': 5.790327, 'adx': 16.502, 'bb_up': 4451.156108, 'bb_lo': 4427.708892, 'f_bb': 0, 'f_ema': 1, 'f_rsi': 0, 'f_candle': 0, 'f_rsiR': 0, 'f_macd': 1, 'f_stoch': 0, 'f_vol': 0, 'signal_dir': 0, 'h1_topped_from_m5': 1, 'd1_topped_from_m5': 1}}
[2026-05-27 18:40:00 BROKER] mt5_connected | {'state': 'healthy', 'periodic': True, 'connected': True, 'trade_allowed': True, 'ping_ms': 17272}
C:\Users\Administrator\Desktop\tob\ema-h1trend\mt5\run_multi_scalper.py:179: Pandas4Warning: Timestamp.utcnow is deprecated and will be removed in a future version. Use Timestamp.now('UTC') instead.
  return pd.Timestamp.utcnow().tz_localize(None) + pd.Timedelta(hours=BROKER_WALLCLOCK_OFFSET_HOURS)
[2026-05-27 18:40:01 BROKER] cycle | {'bars_m5': 599, 'bars_h1': 250, 'bars_d1': 120, 'last_bar_time': '2026-05-27 18:35:00', 'data_age_min': 5.0, 'signal': False, 'risk_per_trade': 0.003333, 'weight': 0.166667, 'diag': {'n_m5': 599, 'n_h1': 250, 'n_d1': 120, 'bar_time': '2026-05-27 18:35:00', 'open': 1.85763, 'high': 1.85781, 'low': 1.85723, 'close': 1.85727, 'volume': 718.0, 'trend_dir': 0, 'h1_trend': -1, 'd1_trend': 1, 'h1_rsi': 42.677, 'in_session': True, 'atr_ok': True, 'adx_ok': True, 'ema20': 1.858304, 'rsi': 35.182, 'atr': 0.000715, 'adx': 24.274, 'bb_up': 1.860692, 'bb_lo': 1.856645, 'f_bb': 0, 'f_ema': 0, 'f_rsi': 0, 'f_candle': -1, 'f_rsiR': 1, 'f_macd': -1, 'f_stoch': 0, 'f_vol': 0, 'signal_dir': 0, 'h1_topped_from_m5': 1, 'd1_topped_from_m5': 1}}
C:\Users\Administrator\Desktop\tob\ema-h1trend\mt5\run_multi_scalper.py:179: Pandas4Warning: Timestamp.utcnow is deprecated and will be removed in a future version. Use Timestamp.now('UTC') instead.
  return pd.Timestamp.utcnow().tz_localize(None) + pd.Timedelta(hours=BROKER_WALLCLOCK_OFFSET_HOURS)
[2026-05-27 18:40:01 BROKER] cycle | {'bars_m5': 599, 'bars_h1': 250, 'bars_d1': 120, 'last_bar_time': '2026-05-27 18:35:00', 'data_age_min': 5.0, 'signal': False, 'risk_per_trade': 0.003333, 'weight': 0.166667, 'diag': {'n_m5': 599, 'n_h1': 250, 'n_d1': 120, 'bar_time': '2026-05-27 18:35:00', 'open': 17.3594, 'high': 17.3675, 'low': 17.358530000000002, 'close': 17.3656, 'volume': 1059.0, 'trend_dir': 0, 'h1_trend': 1, 'd1_trend': -1, 'h1_rsi': 66.531, 'in_session': True, 'atr_ok': True, 'adx_ok': True, 'ema20': 17.359562, 'rsi': 56.39, 'atr': 0.010458, 'adx': 37.32, 'bb_up': 17.386557, 'bb_lo': 17.336308, 'f_bb': 0, 'f_ema': 1, 'f_rsi': 0, 'f_candle': 0, 'f_rsiR': -1, 'f_macd': -1, 'f_stoch': 0, 'f_vol': 0, 'signal_dir': 0, 'h1_topped_from_m5': 1, 'd1_topped_from_m5': 1}}
C:\Users\Administrator\Desktop\tob\ema-h1trend\mt5\run_multi_scalper.py:179: Pandas4Warning: Timestamp.utcnow is deprecated and will be removed in a future version. Use Timestamp.now('UTC') instead.
  return pd.Timestamp.utcnow().tz_localize(None) + pd.Timedelta(hours=BROKER_WALLCLOCK_OFFSET_HOURS)
[2026-05-27 18:40:01 BROKER] cycle | {'bars_m5': 599, 'bars_h1': 250, 'bars_d1': 120, 'last_bar_time': '2026-05-27 18:35:00', 'data_age_min': 5.0, 'signal': False, 'risk_per_trade': 0.003333, 'weight': 0.166667, 'diag': {'n_m5': 599, 'n_h1': 250, 'n_d1': 120, 'bar_time': '2026-05-27 18:35:00', 'open': 1.60933, 'high': 1.6093899999999999, 'low': 1.60885, 'close': 1.60887, 'volume': 604.0, 'trend_dir': 1, 'h1_trend': 1, 'd1_trend': 1, 'h1_rsi': 55.555, 'in_session': True, 'atr_ok': True, 'adx_ok': True, 'ema20': 1.609734, 'rsi': 36.601, 'atr': 0.00058, 'adx': 14.715, 'bb_up': 1.611123, 'bb_lo': 1.608729, 'f_bb': 0, 'f_ema': 0, 'f_rsi': 0, 'f_candle': -1, 'f_rsiR': 0, 'f_macd': -1, 'f_stoch': 0, 'f_vol': 0, 'signal_dir': 0, 'h1_topped_from_m5': 1, 'd1_topped_from_m5': 1}}
C:\Users\Administrator\Desktop\tob\ema-h1trend\mt5\run_multi_scalper.py:179: Pandas4Warning: Timestamp.utcnow is deprecated and will be removed in a future version. Use Timestamp.now('UTC') instead.
  return pd.Timestamp.utcnow().tz_localize(None) + pd.Timedelta(hours=BROKER_WALLCLOCK_OFFSET_HOURS)
[2026-05-27 18:40:01 BROKER] cycle | {'bars_m5': 599, 'bars_h1': 250, 'bars_d1': 120, 'last_bar_time': '2026-05-27 18:35:00', 'data_age_min': 5.0, 'signal': False, 'risk_per_trade': 0.003333, 'weight': 0.166667, 'diag': {'n_m5': 599, 'n_h1': 250, 'n_d1': 120, 'bar_time': '2026-05-27 18:35:00', 'open': 0.98728, 'high': 0.98733, 'low': 0.98685, 'close': 0.98694, 'volume': 531.0, 'trend_dir': 0, 'h1_trend': -1, 'd1_trend': 1, 'h1_rsi': 39.886, 'in_session': True, 'atr_ok': True, 'adx_ok': True, 'ema20': 0.986903, 'rsi': 51.523, 'atr': 0.000407, 'adx': 11.9, 'bb_up': 0.987462, 'bb_lo': 0.986202, 'f_bb': 0, 'f_ema': 1, 'f_rsi': 0, 'f_candle': -1, 'f_rsiR': 0, 'f_macd': 1, 'f_stoch': 0, 'f_vol': 0, 'signal_dir': 0, 'h1_topped_from_m5': 1, 'd1_topped_from_m5': 1}}
C:\Users\Administrator\Desktop\tob\ema-h1trend\mt5\run_multi_scalper.py:179: Pandas4Warning: Timestamp.utcnow is deprecated and will be removed in a future version. Use Timestamp.now('UTC') instead.
  return pd.Timestamp.utcnow().tz_localize(None) + pd.Timedelta(hours=BROKER_WALLCLOCK_OFFSET_HOURS)
[portfolio] cycle_complete: symbols=6 signals=0 placed=0 skipped=0 elapsed_s=0.99 per_symbol=[{'symbol': 'GBPUSD', 'signal': False}, {'symbol': 'XAUUSD', 'signal': False}, {'symbol': 'GBPCAD', 'signal': False}, {'symbol': 'USDMXN', 'signal': False}, {'symbol': 'EURCAD', 'signal': False}, {'symbol': 'AUDCAD', 'signal': False}]
  → sleeping 299s until next M5 close ...
[2026-05-27 18:45:00 BROKER] cycle | {'bars_m5': 599, 'bars_h1': 250, 'bars_d1': 120, 'last_bar_time': '2026-05-27 18:40:00', 'data_age_min': 5.0, 'signal': False, 'risk_per_trade': 0.003333, 'weight': 0.166667, 'diag': {'n_m5': 599, 'n_h1': 250, 'n_d1': 120, 'bar_time': '2026-05-27 18:40:00', 'open': 1.34284, 'high': 1.343, 'low': 1.34239, 'close': 1.34245, 'volume': 499.0, 'trend_dir': -1, 'h1_trend': -1, 'd1_trend': -1, 'h1_rsi': 35.922, 'in_session': True, 'atr_ok': True, 'adx_ok': True, 'ema20': 1.343314, 'rsi': 39.266, 'atr': 0.000633, 'adx': 32.014, 'bb_up': 1.346003, 'bb_lo': 1.341243, 'f_bb': 0, 'f_ema': 0, 'f_rsi': 0, 'f_candle': 0, 'f_rsiR': 1, 'f_macd': -1, 'f_stoch': 0, 'f_vol': 0, 'signal_dir': 0, 'h1_topped_from_m5': 1, 'd1_topped_from_m5': 1}}
C:\Users\Administrator\Desktop\tob\ema-h1trend\mt5\run_multi_scalper.py:179: Pandas4Warning: Timestamp.utcnow is deprecated and will be removed in a future version. Use Timestamp.now('UTC') instead.
  return pd.Timestamp.utcnow().tz_localize(None) + pd.Timedelta(hours=BROKER_WALLCLOCK_OFFSET_HOURS)
[2026-05-27 18:45:00 BROKER] cycle | {'bars_m5': 599, 'bars_h1': 250, 'bars_d1': 120, 'last_bar_time': '2026-05-27 18:40:00', 'data_age_min': 5.0, 'signal': False, 'risk_per_trade': 0.003333, 'weight': 0.166667, 'diag': {'n_m5': 599, 'n_h1': 250, 'n_d1': 120, 'bar_time': '2026-05-27 18:40:00', 'open': 4440.76, 'high': 4441.21, 'low': 4433.03, 'close': 4434.06, 'volume': 1100.0, 'trend_dir': -1, 'h1_trend': -1, 'd1_trend': -1, 'h1_rsi': 31.836, 'in_session': True, 'atr_ok': True, 'adx_ok': True, 'ema20': 4436.097492, 'rsi': 47.741, 'atr': 6.10895, 'adx': 15.768, 'bb_up': 4451.187972, 'bb_lo': 4427.274028, 'f_bb': 0, 'f_ema': -1, 'f_rsi': 0, 'f_candle': 0, 'f_rsiR': 0, 'f_macd': 1, 'f_stoch': 0, 'f_vol': 0, 'signal_dir': 0, 'h1_topped_from_m5': 1, 'd1_topped_from_m5': 1}}
C:\Users\Administrator\Desktop\tob\ema-h1trend\mt5\run_multi_scalper.py:179: Pandas4Warning: Timestamp.utcnow is deprecated and will be removed in a future version. Use Timestamp.now('UTC') instead.
  return pd.Timestamp.utcnow().tz_localize(None) + pd.Timedelta(hours=BROKER_WALLCLOCK_OFFSET_HOURS)
[2026-05-27 18:45:00 BROKER] cycle | {'bars_m5': 599, 'bars_h1': 250, 'bars_d1': 120, 'last_bar_time': '2026-05-27 18:40:00', 'data_age_min': 5.0, 'signal': False, 'risk_per_trade': 0.003333, 'weight': 0.166667, 'diag': {'n_m5': 599, 'n_h1': 250, 'n_d1': 120, 'bar_time': '2026-05-27 18:40:00', 'open': 1.85728, 'high': 1.85748, 'low': 1.8566, 'close': 1.85667, 'volume': 747.0, 'trend_dir': 0, 'h1_trend': -1, 'd1_trend': 1, 'h1_rsi': 39.985, 'in_session': True, 'atr_ok': True, 'adx_ok': True, 'ema20': 1.858148, 'rsi': 30.682, 'atr': 0.000737, 'adx': 25.295, 'bb_up': 1.860672, 'bb_lo': 1.856366, 'f_bb': 0, 'f_ema': 0, 'f_rsi': 0, 'f_candle': 0, 'f_rsiR': 1, 'f_macd': -1, 'f_stoch': 0, 'f_vol': 0, 'signal_dir': 0, 'h1_topped_from_m5': 1, 'd1_topped_from_m5': 1}}
C:\Users\Administrator\Desktop\tob\ema-h1trend\mt5\run_multi_scalper.py:179: Pandas4Warning: Timestamp.utcnow is deprecated and will be removed in a future version. Use Timestamp.now('UTC') instead.
  return pd.Timestamp.utcnow().tz_localize(None) + pd.Timedelta(hours=BROKER_WALLCLOCK_OFFSET_HOURS)
[2026-05-27 18:45:01 BROKER] cycle | {'bars_m5': 599, 'bars_h1': 250, 'bars_d1': 120, 'last_bar_time': '2026-05-27 18:40:00', 'data_age_min': 5.0, 'signal': False, 'risk_per_trade': 0.003333, 'weight': 0.166667, 'diag': {'n_m5': 599, 'n_h1': 250, 'n_d1': 120, 'bar_time': '2026-05-27 18:40:00', 'open': 17.3654, 'high': 17.3717, 'low': 17.36259, 'close': 17.3717, 'volume': 838.0, 'trend_dir': 0, 'h1_trend': 1, 'd1_trend': -1, 'h1_rsi': 68.877, 'in_session': True, 'atr_ok': True, 'adx_ok': True, 'ema20': 17.360718, 'rsi': 59.299, 'atr': 0.010278, 'adx': 36.823, 'bb_up': 17.386542, 'bb_lo': 17.339391, 'f_bb': 0, 'f_ema': 1, 'f_rsi': 0, 'f_candle': 0, 'f_rsiR': -1, 'f_macd': -1, 'f_stoch': 0, 'f_vol': 0, 'signal_dir': 0, 'h1_topped_from_m5': 1, 'd1_topped_from_m5': 1}}
C:\Users\Administrator\Desktop\tob\ema-h1trend\mt5\run_multi_scalper.py:179: Pandas4Warning: Timestamp.utcnow is deprecated and will be removed in a future version. Use Timestamp.now('UTC') instead.
  return pd.Timestamp.utcnow().tz_localize(None) + pd.Timedelta(hours=BROKER_WALLCLOCK_OFFSET_HOURS)
[2026-05-27 18:45:01 BROKER] cycle | {'bars_m5': 599, 'bars_h1': 250, 'bars_d1': 120, 'last_bar_time': '2026-05-27 18:40:00', 'data_age_min': 5.0, 'signal': False, 'risk_per_trade': 0.003333, 'weight': 0.166667, 'diag': {'n_m5': 599, 'n_h1': 250, 'n_d1': 120, 'bar_time': '2026-05-27 18:40:00', 'open': 1.60887, 'high': 1.60904, 'low': 1.60847, 'close': 1.60852, 'volume': 642.0, 'trend_dir': 1, 'h1_trend': 1, 'd1_trend': 1, 'h1_rsi': 52.915, 'in_session': True, 'atr_ok': True, 'adx_ok': True, 'ema20': 1.609618, 'rsi': 33.379, 'atr': 0.000578, 'adx': 15.917, 'bb_up': 1.611215, 'bb_lo': 1.60851, 'f_bb': 1, 'f_ema': 0, 'f_rsi': 0, 'f_candle': 0, 'f_rsiR': 0, 'f_macd': -1, 'f_stoch': 0, 'f_vol': 0, 'signal_dir': 0, 'h1_topped_from_m5': 1, 'd1_topped_from_m5': 1}}
C:\Users\Administrator\Desktop\tob\ema-h1trend\mt5\run_multi_scalper.py:179: Pandas4Warning: Timestamp.utcnow is deprecated and will be removed in a future version. Use Timestamp.now('UTC') instead.
  return pd.Timestamp.utcnow().tz_localize(None) + pd.Timedelta(hours=BROKER_WALLCLOCK_OFFSET_HOURS)
[2026-05-27 18:45:01 BROKER] cycle | {'bars_m5': 599, 'bars_h1': 250, 'bars_d1': 120, 'last_bar_time': '2026-05-27 18:40:00', 'data_age_min': 5.0, 'signal': False, 'risk_per_trade': 0.003333, 'weight': 0.166667, 'diag': {'n_m5': 599, 'n_h1': 250, 'n_d1': 120, 'bar_time': '2026-05-27 18:40:00', 'open': 0.98694, 'high': 0.98718, 'low': 0.98652, 'close': 0.98655, 'volume': 537.0, 'trend_dir': 0, 'h1_trend': -1, 'd1_trend': 1, 'h1_rsi': 37.338, 'in_session': True, 'atr_ok': True, 'adx_ok': True, 'ema20': 0.986869, 'rsi': 44.211, 'atr': 0.000441, 'adx': 11.84, 'bb_up': 0.987455, 'bb_lo': 0.986172, 'f_bb': 0, 'f_ema': -1, 'f_rsi': 0, 'f_candle': 0, 'f_rsiR': 0, 'f_macd': 1, 'f_stoch': 0, 'f_vol': 0, 'signal_dir': 0, 'h1_topped_from_m5': 1, 'd1_topped_from_m5': 1}}
[portfolio] cycle_complete: symbols=6 signals=0 placed=0 skipped=0 elapsed_s=0.96 per_symbol=[{'symbol': 'GBPUSD', 'signal': False}, {'symbol': 'XAUUSD', 'signal': False}, {'symbol': 'GBPCAD', 'signal': False}, {'symbol': 'USDMXN', 'signal': False}, {'symbol': 'EURCAD', 'signal': False}, {'symbol': 'AUDCAD', 'signal': False}]
  → sleeping 299s until next M5 close ...
[2026-05-27 18:50:00 BROKER] heartbeat | {'uptime_s': 8833.0, 'mt5_connected': True, 'mt5_trade_allowed': True, 'tracked_pendings': 0, 'open_positions': 1, 'cooldown_active': False, 'cooldown_remaining_s': 0.0, 'balance': 971.79, 'equity': 975.71}
C:\Users\Administrator\Desktop\tob\ema-h1trend\mt5\run_multi_scalper.py:179: Pandas4Warning: Timestamp.utcnow is deprecated and will be removed in a future version. Use Timestamp.now('UTC') instead.
  return pd.Timestamp.utcnow().tz_localize(None) + pd.Timedelta(hours=BROKER_WALLCLOCK_OFFSET_HOURS)
[2026-05-27 18:50:00 BROKER] cycle | {'bars_m5': 599, 'bars_h1': 250, 'bars_d1': 120, 'last_bar_time': '2026-05-27 18:45:00', 'data_age_min': 5.0, 'signal': False, 'risk_per_trade': 0.003333, 'weight': 0.166667, 'diag': {'n_m5': 599, 'n_h1': 250, 'n_d1': 120, 'bar_time': '2026-05-27 18:45:00', 'open': 1.34246, 'high': 1.34284, 'low': 1.3421699999999999, 'close': 1.34222, 'volume': 552.0, 'trend_dir': -1, 'h1_trend': -1, 'd1_trend': -1, 'h1_rsi': 34.192, 'in_session': True, 'atr_ok': True, 'adx_ok': True, 'ema20': 1.34321, 'rsi': 37.505, 'atr': 0.000638, 'adx': 33.178, 'bb_up': 1.345929, 'bb_lo': 1.341088, 'f_bb': 0, 'f_ema': 0, 'f_rsi': 0, 'f_candle': 0, 'f_rsiR': 1, 'f_macd': -1, 'f_stoch': 0, 'f_vol': 0, 'signal_dir': 0, 'h1_topped_from_m5': 1, 'd1_topped_from_m5': 1}}
C:\Users\Administrator\Desktop\tob\ema-h1trend\mt5\run_multi_scalper.py:179: Pandas4Warning: Timestamp.utcnow is deprecated and will be removed in a future version. Use Timestamp.now('UTC') instead.
  return pd.Timestamp.utcnow().tz_localize(None) + pd.Timedelta(hours=BROKER_WALLCLOCK_OFFSET_HOURS)
[2026-05-27 18:50:00 BROKER] cycle | {'bars_m5': 599, 'bars_h1': 250, 'bars_d1': 120, 'last_bar_time': '2026-05-27 18:45:00', 'data_age_min': 5.0, 'signal': False, 'risk_per_trade': 0.003333, 'weight': 0.166667, 'diag': {'n_m5': 599, 'n_h1': 250, 'n_d1': 120, 'bar_time': '2026-05-27 18:45:00', 'open': 4434.08, 'high': 4438.84, 'low': 4431.42, 'close': 4432.79, 'volume': 1321.0, 'trend_dir': -1, 'h1_trend': -1, 'd1_trend': -1, 'h1_rsi': 31.527, 'in_session': True, 'atr_ok': True, 'adx_ok': True, 'ema20': 4435.782492, 'rsi': 46.613, 'atr': 6.283757, 'adx': 15.363, 'bb_up': 4450.691421, 'bb_lo': 4426.618579, 'f_bb': 0, 'f_ema': -1, 'f_rsi': 0, 'f_candle': -1, 'f_rsiR': 0, 'f_macd': -1, 'f_stoch': 0, 'f_vol': 0, 'signal_dir': 0, 'h1_topped_from_m5': 1, 'd1_topped_from_m5': 1}}
[2026-05-27 18:50:00 BROKER] heartbeat | {'uptime_s': 8833.0, 'mt5_connected': True, 'mt5_trade_allowed': True, 'tracked_pendings': 0, 'open_positions': 0, 'cooldown_active': False, 'cooldown_remaining_s': 0.0, 'balance': 971.79, 'equity': 975.71}
C:\Users\Administrator\Desktop\tob\ema-h1trend\mt5\run_multi_scalper.py:179: Pandas4Warning: Timestamp.utcnow is deprecated and will be removed in a future version. Use Timestamp.now('UTC') instead.
  return pd.Timestamp.utcnow().tz_localize(None) + pd.Timedelta(hours=BROKER_WALLCLOCK_OFFSET_HOURS)
[2026-05-27 18:50:00 BROKER] cycle | {'bars_m5': 599, 'bars_h1': 250, 'bars_d1': 120, 'last_bar_time': '2026-05-27 18:45:00', 'data_age_min': 5.0, 'signal': False, 'risk_per_trade': 0.003333, 'weight': 0.166667, 'diag': {'n_m5': 599, 'n_h1': 250, 'n_d1': 120, 'bar_time': '2026-05-27 18:45:00', 'open': 1.85669, 'high': 1.85712, 'low': 1.8566799999999999, 'close': 1.8569, 'volume': 838.0, 'trend_dir': 0, 'h1_trend': -1, 'd1_trend': 1, 'h1_rsi': 40.976, 'in_session': True, 'atr_ok': True, 'adx_ok': True, 'ema20': 1.858029, 'rsi': 34.159, 'atr': 0.000699, 'adx': 26.243, 'bb_up': 1.860583, 'bb_lo': 1.856181, 'f_bb': 0, 'f_ema': 0, 'f_rsi': 0, 'f_candle': 0, 'f_rsiR': 1, 'f_macd': -1, 'f_stoch': 1, 'f_vol': 0, 'signal_dir': 0, 'h1_topped_from_m5': 1, 'd1_topped_from_m5': 1}}
[2026-05-27 18:50:00 BROKER] heartbeat | {'uptime_s': 8833.1, 'mt5_connected': True, 'mt5_trade_allowed': True, 'tracked_pendings': 0, 'open_positions': 0, 'cooldown_active': False, 'cooldown_remaining_s': 0.0, 'balance': 971.79, 'equity': 975.71}
[2026-05-27 18:50:00 BROKER] mt5_connected | {'state': 'healthy', 'periodic': True, 'connected': True, 'trade_allowed': True, 'ping_ms': 17272}
C:\Users\Administrator\Desktop\tob\ema-h1trend\mt5\run_multi_scalper.py:179: Pandas4Warning: Timestamp.utcnow is deprecated and will be removed in a future version. Use Timestamp.now('UTC') instead.
  return pd.Timestamp.utcnow().tz_localize(None) + pd.Timedelta(hours=BROKER_WALLCLOCK_OFFSET_HOURS)
[2026-05-27 18:50:01 BROKER] cycle | {'bars_m5': 599, 'bars_h1': 250, 'bars_d1': 120, 'last_bar_time': '2026-05-27 18:45:00', 'data_age_min': 5.0, 'signal': False, 'risk_per_trade': 0.003333, 'weight': 0.166667, 'diag': {'n_m5': 599, 'n_h1': 250, 'n_d1': 120, 'bar_time': '2026-05-27 18:45:00', 'open': 17.372, 'high': 17.37342, 'low': 17.36349, 'close': 17.37269, 'volume': 926.0, 'trend_dir': 0, 'h1_trend': 1, 'd1_trend': -1, 'h1_rsi': 69.273, 'in_session': True, 'atr_ok': True, 'adx_ok': True, 'ema20': 17.361858, 'rsi': 59.768, 'atr': 0.010232, 'adx': 36.494, 'bb_up': 17.386596, 'bb_lo': 17.342186, 'f_bb': 0, 'f_ema': 1, 'f_rsi': 0, 'f_candle': 1, 'f_rsiR': -1, 'f_macd': -1, 'f_stoch': 0, 'f_vol': 0, 'signal_dir': 0, 'h1_topped_from_m5': 1, 'd1_topped_from_m5': 1}}
[2026-05-27 18:50:01 BROKER] heartbeat | {'uptime_s': 8833.1, 'mt5_connected': True, 'mt5_trade_allowed': True, 'tracked_pendings': 0, 'open_positions': 0, 'cooldown_active': False, 'cooldown_remaining_s': 0.0, 'balance': 971.79, 'equity': 975.71}
C:\Users\Administrator\Desktop\tob\ema-h1trend\mt5\run_multi_scalper.py:179: Pandas4Warning: Timestamp.utcnow is deprecated and will be removed in a future version. Use Timestamp.now('UTC') instead.
  return pd.Timestamp.utcnow().tz_localize(None) + pd.Timedelta(hours=BROKER_WALLCLOCK_OFFSET_HOURS)
[2026-05-27 18:50:01 BROKER] cycle | {'bars_m5': 599, 'bars_h1': 250, 'bars_d1': 120, 'last_bar_time': '2026-05-27 18:45:00', 'data_age_min': 5.0, 'signal': False, 'risk_per_trade': 0.003333, 'weight': 0.166667, 'diag': {'n_m5': 599, 'n_h1': 250, 'n_d1': 120, 'bar_time': '2026-05-27 18:45:00', 'open': 1.60853, 'high': 1.6088900000000002, 'low': 1.6084, 'close': 1.6086, 'volume': 684.0, 'trend_dir': 1, 'h1_trend': 1, 'd1_trend': 1, 'h1_rsi': 53.496, 'in_session': True, 'atr_ok': True, 'adx_ok': True, 'ema20': 1.609521, 'rsi': 34.792, 'atr': 0.000567, 'adx': 17.137, 'bb_up': 1.611243, 'bb_lo': 1.608329, 'f_bb': 0, 'f_ema': 0, 'f_rsi': 0, 'f_candle': 0, 'f_rsiR': 0, 'f_macd': -1, 'f_stoch': 1, 'f_vol': 0, 'signal_dir': 0, 'h1_topped_from_m5': 1, 'd1_topped_from_m5': 1}}
[2026-05-27 18:50:01 BROKER] heartbeat | {'uptime_s': 8833.2, 'mt5_connected': True, 'mt5_trade_allowed': True, 'tracked_pendings': 0, 'open_positions': 0, 'cooldown_active': False, 'cooldown_remaining_s': 0.0, 'balance': 971.79, 'equity': 975.69}
C:\Users\Administrator\Desktop\tob\ema-h1trend\mt5\run_multi_scalper.py:179: Pandas4Warning: Timestamp.utcnow is deprecated and will be removed in a future version. Use Timestamp.now('UTC') instead.
  return pd.Timestamp.utcnow().tz_localize(None) + pd.Timedelta(hours=BROKER_WALLCLOCK_OFFSET_HOURS)
[2026-05-27 18:50:01 BROKER] cycle | {'bars_m5': 599, 'bars_h1': 250, 'bars_d1': 120, 'last_bar_time': '2026-05-27 18:45:00', 'data_age_min': 5.0, 'signal': False, 'risk_per_trade': 0.003333, 'weight': 0.166667, 'diag': {'n_m5': 599, 'n_h1': 250, 'n_d1': 120, 'bar_time': '2026-05-27 18:45:00', 'open': 0.98654, 'high': 0.98688, 'low': 0.98636, 'close': 0.98646, 'volume': 612.0, 'trend_dir': 0, 'h1_trend': -1, 'd1_trend': 1, 'h1_rsi': 36.795, 'in_session': True, 'atr_ok': True, 'adx_ok': True, 'ema20': 0.98683, 'rsi': 42.705, 'atr': 0.000452, 'adx': 12.235, 'bb_up': 0.987458, 'bb_lo': 0.986137, 'f_bb': 0, 'f_ema': -1, 'f_rsi': 0, 'f_candle': -1, 'f_rsiR': 0, 'f_macd': -1, 'f_stoch': 0, 'f_vol': 0, 'signal_dir': 0, 'h1_topped_from_m5': 1, 'd1_topped_from_m5': 1}}
C:\Users\Administrator\Desktop\tob\ema-h1trend\mt5\run_multi_scalper.py:179: Pandas4Warning: Timestamp.utcnow is deprecated and will be removed in a future version. Use Timestamp.now('UTC') instead.
  return pd.Timestamp.utcnow().tz_localize(None) + pd.Timedelta(hours=BROKER_WALLCLOCK_OFFSET_HOURS)
[portfolio] cycle_complete: symbols=6 signals=0 placed=0 skipped=0 elapsed_s=0.96 per_symbol=[{'symbol': 'GBPUSD', 'signal': False}, {'symbol': 'XAUUSD', 'signal': False}, {'symbol': 'GBPCAD', 'signal': False}, {'symbol': 'USDMXN', 'signal': False}, {'symbol': 'EURCAD', 'signal': False}, {'symbol': 'AUDCAD', 'signal': False}]
  → sleeping 299s until next M5 close ...
[2026-05-27 18:55:00 BROKER] cycle | {'bars_m5': 599, 'bars_h1': 250, 'bars_d1': 120, 'last_bar_time': '2026-05-27 18:50:00', 'data_age_min': 5.0, 'signal': False, 'risk_per_trade': 0.003333, 'weight': 0.166667, 'diag': {'n_m5': 599, 'n_h1': 250, 'n_d1': 120, 'bar_time': '2026-05-27 18:50:00', 'open': 1.34222, 'high': 1.3424800000000001, 'low': 1.3421699999999999, 'close': 1.34235, 'volume': 392.0, 'trend_dir': -1, 'h1_trend': -1, 'd1_trend': -1, 'h1_rsi': 35.181, 'in_session': True, 'atr_ok': True, 'adx_ok': True, 'ema20': 1.343128, 'rsi': 39.166, 'atr': 0.000594, 'adx': 34.258, 'bb_up': 1.34571, 'bb_lo': 1.341026, 'f_bb': 0, 'f_ema': 0, 'f_rsi': 0, 'f_candle': 0, 'f_rsiR': 0, 'f_macd': -1, 'f_stoch': 1, 'f_vol': 0, 'signal_dir': 0, 'h1_topped_from_m5': 1, 'd1_topped_from_m5': 1}}
[2026-05-27 18:55:00 BROKER] heartbeat | {'uptime_s': 9133.0, 'mt5_connected': True, 'mt5_trade_allowed': True, 'tracked_pendings': 0, 'open_positions': 0, 'cooldown_active': False, 'cooldown_remaining_s': 0.0, 'balance': 971.79, 'equity': 975.41}
C:\Users\Administrator\Desktop\tob\ema-h1trend\mt5\run_multi_scalper.py:179: Pandas4Warning: Timestamp.utcnow is deprecated and will be removed in a future version. Use Timestamp.now('UTC') instead.
  return pd.Timestamp.utcnow().tz_localize(None) + pd.Timedelta(hours=BROKER_WALLCLOCK_OFFSET_HOURS)
[2026-05-27 18:55:00 BROKER] cycle | {'bars_m5': 599, 'bars_h1': 250, 'bars_d1': 120, 'last_bar_time': '2026-05-27 18:50:00', 'data_age_min': 5.0, 'signal': False, 'risk_per_trade': 0.003333, 'weight': 0.166667, 'diag': {'n_m5': 599, 'n_h1': 250, 'n_d1': 120, 'bar_time': '2026-05-27 18:50:00', 'open': 4432.81, 'high': 4435.11, 'low': 4430.96, 'close': 4434.13, 'volume': 1049.0, 'trend_dir': -1, 'h1_trend': -1, 'd1_trend': -1, 'h1_rsi': 31.869, 'in_session': True, 'atr_ok': True, 'adx_ok': True, 'ema20': 4435.625112, 'rsi': 48.008, 'atr': 5.999256, 'adx': 15.068, 'bb_up': 4449.302355, 'bb_lo': 4426.617645, 'f_bb': 0, 'f_ema': -1, 'f_rsi': 0, 'f_candle': 0, 'f_rsiR': 0, 'f_macd': -1, 'f_stoch': 1, 'f_vol': 0, 'signal_dir': 0, 'h1_topped_from_m5': 1, 'd1_topped_from_m5': 1}}
C:\Users\Administrator\Desktop\tob\ema-h1trend\mt5\run_multi_scalper.py:179: Pandas4Warning: Timestamp.utcnow is deprecated and will be removed in a future version. Use Timestamp.now('UTC') instead.
  return pd.Timestamp.utcnow().tz_localize(None) + pd.Timedelta(hours=BROKER_WALLCLOCK_OFFSET_HOURS)
[2026-05-27 18:55:00 BROKER] cycle | {'bars_m5': 599, 'bars_h1': 250, 'bars_d1': 120, 'last_bar_time': '2026-05-27 18:50:00', 'data_age_min': 5.0, 'signal': False, 'risk_per_trade': 0.003333, 'weight': 0.166667, 'diag': {'n_m5': 599, 'n_h1': 250, 'n_d1': 120, 'bar_time': '2026-05-27 18:50:00', 'open': 1.85691, 'high': 1.8572199999999999, 'low': 1.8567900000000002, 'close': 1.8570799999999998, 'volume': 676.0, 'trend_dir': 0, 'h1_trend': -1, 'd1_trend': 1, 'h1_rsi': 41.786, 'in_session': True, 'atr_ok': True, 'adx_ok': True, 'ema20': 1.857939, 'rsi': 36.829, 'atr': 0.000663, 'adx': 26.829, 'bb_up': 1.860367, 'bb_lo': 1.856103, 'f_bb': 0, 'f_ema': 0, 'f_rsi': 1, 'f_candle': 0, 'f_rsiR': 1, 'f_macd': -1, 'f_stoch': 0, 'f_vol': 0, 'signal_dir': 0, 'h1_topped_from_m5': 1, 'd1_topped_from_m5': 1}}
C:\Users\Administrator\Desktop\tob\ema-h1trend\mt5\run_multi_scalper.py:179: Pandas4Warning: Timestamp.utcnow is deprecated and will be removed in a future version. Use Timestamp.now('UTC') instead.
  return pd.Timestamp.utcnow().tz_localize(None) + pd.Timedelta(hours=BROKER_WALLCLOCK_OFFSET_HOURS)
[2026-05-27 18:55:01 BROKER] cycle | {'bars_m5': 599, 'bars_h1': 250, 'bars_d1': 120, 'last_bar_time': '2026-05-27 18:50:00', 'data_age_min': 5.0, 'signal': False, 'risk_per_trade': 0.003333, 'weight': 0.166667, 'diag': {'n_m5': 599, 'n_h1': 250, 'n_d1': 120, 'bar_time': '2026-05-27 18:50:00', 'open': 17.37269, 'high': 17.37738, 'low': 17.3709, 'close': 17.37589, 'volume': 867.0, 'trend_dir': 0, 'h1_trend': 1, 'd1_trend': -1, 'h1_rsi': 70.587, 'in_session': True, 'atr_ok': True, 'adx_ok': True, 'ema20': 17.363195, 'rsi': 61.319, 'atr': 0.009732, 'adx': 36.486, 'bb_up': 17.386326, 'bb_lo': 17.345764, 'f_bb': 0, 'f_ema': 0, 'f_rsi': 0, 'f_candle': 0, 'f_rsiR': -1, 'f_macd': -1, 'f_stoch': 0, 'f_vol': 0, 'signal_dir': 0, 'h1_topped_from_m5': 1, 'd1_topped_from_m5': 1}}
C:\Users\Administrator\Desktop\tob\ema-h1trend\mt5\run_multi_scalper.py:179: Pandas4Warning: Timestamp.utcnow is deprecated and will be removed in a future version. Use Timestamp.now('UTC') instead.
  return pd.Timestamp.utcnow().tz_localize(None) + pd.Timedelta(hours=BROKER_WALLCLOCK_OFFSET_HOURS)
[2026-05-27 18:55:01 BROKER] cycle | {'bars_m5': 599, 'bars_h1': 250, 'bars_d1': 120, 'last_bar_time': '2026-05-27 18:50:00', 'data_age_min': 5.0, 'signal': False, 'risk_per_trade': 0.003333, 'weight': 0.166667, 'diag': {'n_m5': 599, 'n_h1': 250, 'n_d1': 120, 'bar_time': '2026-05-27 18:50:00', 'open': 1.6086, 'high': 1.60877, 'low': 1.6084399999999999, 'close': 1.60867, 'volume': 561.0, 'trend_dir': 1, 'h1_trend': 1, 'd1_trend': 1, 'h1_rsi': 54.015, 'in_session': True, 'atr_ok': True, 'adx_ok': True, 'ema20': 1.60944, 'rsi': 36.07, 'atr': 0.000535, 'adx': 18.27, 'bb_up': 1.61117, 'bb_lo': 1.608206, 'f_bb': 0, 'f_ema': 0, 'f_rsi': 1, 'f_candle': 0, 'f_rsiR': 1, 'f_macd': -1, 'f_stoch': 0, 'f_vol': 0, 'signal_dir': 0, 'h1_topped_from_m5': 1, 'd1_topped_from_m5': 1}}
C:\Users\Administrator\Desktop\tob\ema-h1trend\mt5\run_multi_scalper.py:179: Pandas4Warning: Timestamp.utcnow is deprecated and will be removed in a future version. Use Timestamp.now('UTC') instead.
  return pd.Timestamp.utcnow().tz_localize(None) + pd.Timedelta(hours=BROKER_WALLCLOCK_OFFSET_HOURS)
[2026-05-27 18:55:01 BROKER] cycle | {'bars_m5': 599, 'bars_h1': 250, 'bars_d1': 120, 'last_bar_time': '2026-05-27 18:50:00', 'data_age_min': 5.0, 'signal': False, 'risk_per_trade': 0.003333, 'weight': 0.166667, 'diag': {'n_m5': 599, 'n_h1': 250, 'n_d1': 120, 'bar_time': '2026-05-27 18:50:00', 'open': 0.98648, 'high': 0.98679, 'low': 0.98639, 'close': 0.98677, 'volume': 589.0, 'trend_dir': 0, 'h1_trend': -1, 'd1_trend': 1, 'h1_rsi': 38.734, 'in_session': True, 'atr_ok': True, 'adx_ok': True, 'ema20': 0.986824, 'rsi': 49.133, 'atr': 0.000445, 'adx': 12.603, 'bb_up': 0.987453, 'bb_lo': 0.986133, 'f_bb': 0, 'f_ema': -1, 'f_rsi': 0, 'f_candle': 0, 'f_rsiR': 0, 'f_macd': -1, 'f_stoch': 0, 'f_vol': 0, 'signal_dir': 0, 'h1_topped_from_m5': 1, 'd1_topped_from_m5': 1}}
C:\Users\Administrator\Desktop\tob\ema-h1trend\mt5\run_multi_scalper.py:179: Pandas4Warning: Timestamp.utcnow is deprecated and will be removed in a future version. Use Timestamp.now('UTC') instead.
  return pd.Timestamp.utcnow().tz_localize(None) + pd.Timedelta(hours=BROKER_WALLCLOCK_OFFSET_HOURS)
[portfolio] cycle_complete: symbols=6 signals=0 placed=0 skipped=0 elapsed_s=0.95 per_symbol=[{'symbol': 'GBPUSD', 'signal': False}, {'symbol': 'XAUUSD', 'signal': False}, {'symbol': 'GBPCAD', 'signal': False}, {'symbol': 'USDMXN', 'signal': False}, {'symbol': 'EURCAD', 'signal': False}, {'symbol': 'AUDCAD', 'signal': False}]
  → sleeping 299s until next M5 close ...
[2026-05-27 19:00:00 BROKER] cycle | {'bars_m5': 599, 'bars_h1': 249, 'bars_d1': 120, 'last_bar_time': '2026-05-27 18:55:00', 'data_age_min': 5.0, 'signal': True, 'risk_per_trade': 0.003333, 'weight': 0.166667, 'diag': {'n_m5': 599, 'n_h1': 249, 'n_d1': 120, 'bar_time': '2026-05-27 18:55:00', 'open': 1.34235, 'high': 1.34288, 'low': 1.3423, 'close': 1.34288, 'volume': 365.0, 'trend_dir': -1, 'h1_trend': -1, 'd1_trend': -1, 'h1_rsi': 38.925, 'in_session': True, 'atr_ok': True, 'adx_ok': True, 'ema20': 1.343104, 'rsi': 45.523, 'atr': 0.000592, 'adx': 34.064, 'bb_up': 1.345326, 'bb_lo': 1.341136, 'f_bb': 0, 'f_ema': -1, 'f_rsi': 0, 'f_candle': 0, 'f_rsiR': 0, 'f_macd': -1, 'f_stoch': 0, 'f_vol': 0, 'signal_dir': -1, 'h1_topped_from_m5': 0, 'd1_topped_from_m5': 1}}
[2026-05-27 19:00:00 BROKER] signal | {'direction': 'SELL', 'entry': 1.34288, 'sl': 1.34316, 'tp': 1.34232, 'bar_time': '2026-05-27 18:55:00', 'atr': 0.00059, 'risk': 0.00028, 'rr': 2.0, 'trend_dir': -1, 'adx': 34.1, 'h1_rsi': 38.9, 'rsi': 45.5}
[2026-05-27 19:00:00 BROKER] signal_telegram_suppressed | {'reason': 'position_open_for_symbol', 'bar_time': '2026-05-27 18:55:00', 'direction': 'SELL'}
[2026-05-27 19:00:00 BROKER] skip | {'reason': 'position_open', 'ob_key': ['2026-05-27 18:55:00', 'SELL'], 'missed_signal': {'direction': 'SELL', 'entry': 1.34288, 'sl': 1.34316, 'tp': 1.34232}}
[2026-05-27 19:00:00 BROKER] telegram_sent | {'category': 'skip', 'attempt': 1, 'status': 200, 'latency_ms': 339.2}
[2026-05-27 19:00:00 BROKER] mt5_connected | {'state': 'healthy', 'periodic': True, 'connected': True, 'trade_allowed': True, 'ping_ms': 17272}
C:\Users\Administrator\Desktop\tob\ema-h1trend\mt5\run_multi_scalper.py:179: Pandas4Warning: Timestamp.utcnow is deprecated and will be removed in a future version. Use Timestamp.now('UTC') instead.
  return pd.Timestamp.utcnow().tz_localize(None) + pd.Timedelta(hours=BROKER_WALLCLOCK_OFFSET_HOURS)
[2026-05-27 19:00:01 BROKER] cycle | {'bars_m5': 599, 'bars_h1': 249, 'bars_d1': 120, 'last_bar_time': '2026-05-27 18:55:00', 'data_age_min': 5.0, 'signal': False, 'risk_per_trade': 0.003333, 'weight': 0.166667, 'diag': {'n_m5': 599, 'n_h1': 249, 'n_d1': 120, 'bar_time': '2026-05-27 18:55:00', 'open': 4434.19, 'high': 4437.21, 'low': 4432.82, 'close': 4436.46, 'volume': 932.0, 'trend_dir': -1, 'h1_trend': -1, 'd1_trend': -1, 'h1_rsi': 32.954, 'in_session': True, 'atr_ok': True, 'adx_ok': True, 'ema20': 4435.704625, 'rsi': 50.434, 'atr': 5.784688, 'adx': 14.332, 'bb_up': 4446.720576, 'bb_lo': 4427.729424, 'f_bb': 0, 'f_ema': 1, 'f_rsi': 0, 'f_candle': 0, 'f_rsiR': 0, 'f_macd': -1, 'f_stoch': 0, 'f_vol': 0, 'signal_dir': 0, 'h1_topped_from_m5': 0, 'd1_topped_from_m5': 1}}
[2026-05-27 19:00:01 BROKER] heartbeat | {'uptime_s': 9433.4, 'mt5_connected': True, 'mt5_trade_allowed': True, 'tracked_pendings': 0, 'open_positions': 0, 'cooldown_active': False, 'cooldown_remaining_s': 0.0, 'balance': 971.79, 'equity': 974.41}
C:\Users\Administrator\Desktop\tob\ema-h1trend\mt5\run_multi_scalper.py:179: Pandas4Warning: Timestamp.utcnow is deprecated and will be removed in a future version. Use Timestamp.now('UTC') instead.
  return pd.Timestamp.utcnow().tz_localize(None) + pd.Timedelta(hours=BROKER_WALLCLOCK_OFFSET_HOURS)
[2026-05-27 19:00:01 BROKER] cycle | {'bars_m5': 599, 'bars_h1': 249, 'bars_d1': 120, 'last_bar_time': '2026-05-27 18:55:00', 'data_age_min': 5.0, 'signal': False, 'risk_per_trade': 0.003333, 'weight': 0.166667, 'diag': {'n_m5': 599, 'n_h1': 249, 'n_d1': 120, 'bar_time': '2026-05-27 18:55:00', 'open': 1.8570799999999998, 'high': 1.8571900000000001, 'low': 1.85676, 'close': 1.85714, 'volume': 706.0, 'trend_dir': 0, 'h1_trend': -1, 'd1_trend': 1, 'h1_rsi': 42.064, 'in_session': True, 'atr_ok': True, 'adx_ok': True, 'ema20': 1.857863, 'rsi': 37.736, 'atr': 0.000632, 'adx': 27.417, 'bb_up': 1.860067, 'bb_lo': 1.856102, 'f_bb': 0, 'f_ema': 0, 'f_rsi': 0, 'f_candle': 1, 'f_rsiR': 1, 'f_macd': -1, 'f_stoch': 0, 'f_vol': 0, 'signal_dir': 0, 'h1_topped_from_m5': 0, 'd1_topped_from_m5': 1}}
[2026-05-27 19:00:01 BROKER] heartbeat | {'uptime_s': 9433.4, 'mt5_connected': True, 'mt5_trade_allowed': True, 'tracked_pendings': 0, 'open_positions': 0, 'cooldown_active': False, 'cooldown_remaining_s': 0.0, 'balance': 971.79, 'equity': 974.41}
C:\Users\Administrator\Desktop\tob\ema-h1trend\mt5\run_multi_scalper.py:179: Pandas4Warning: Timestamp.utcnow is deprecated and will be removed in a future version. Use Timestamp.now('UTC') instead.
  return pd.Timestamp.utcnow().tz_localize(None) + pd.Timedelta(hours=BROKER_WALLCLOCK_OFFSET_HOURS)
[2026-05-27 19:00:01 BROKER] cycle | {'bars_m5': 599, 'bars_h1': 249, 'bars_d1': 120, 'last_bar_time': '2026-05-27 18:55:00', 'data_age_min': 5.0, 'signal': False, 'risk_per_trade': 0.003333, 'weight': 0.166667, 'diag': {'n_m5': 599, 'n_h1': 249, 'n_d1': 120, 'bar_time': '2026-05-27 18:55:00', 'open': 17.37589, 'high': 17.3793, 'low': 17.37009, 'close': 17.3704, 'volume': 799.0, 'trend_dir': 0, 'h1_trend': 1, 'd1_trend': -1, 'h1_rsi': 68.363, 'in_session': True, 'atr_ok': True, 'adx_ok': True, 'ema20': 17.363881, 'rsi': 57.241, 'atr': 0.009662, 'adx': 36.622, 'bb_up': 17.384208, 'bb_lo': 17.350774, 'f_bb': 0, 'f_ema': 0, 'f_rsi': 0, 'f_candle': -1, 'f_rsiR': -1, 'f_macd': -1, 'f_stoch': 0, 'f_vol': 0, 'signal_dir': 0, 'h1_topped_from_m5': 0, 'd1_topped_from_m5': 1}}
[2026-05-27 19:00:01 BROKER] heartbeat | {'uptime_s': 9433.4, 'mt5_connected': True, 'mt5_trade_allowed': True, 'tracked_pendings': 0, 'open_positions': 0, 'cooldown_active': False, 'cooldown_remaining_s': 0.0, 'balance': 971.79, 'equity': 974.41}
C:\Users\Administrator\Desktop\tob\ema-h1trend\mt5\run_multi_scalper.py:179: Pandas4Warning: Timestamp.utcnow is deprecated and will be removed in a future version. Use Timestamp.now('UTC') instead.
  return pd.Timestamp.utcnow().tz_localize(None) + pd.Timedelta(hours=BROKER_WALLCLOCK_OFFSET_HOURS)
[2026-05-27 19:00:01 BROKER] cycle | {'bars_m5': 599, 'bars_h1': 249, 'bars_d1': 120, 'last_bar_time': '2026-05-27 18:55:00', 'data_age_min': 5.0, 'signal': False, 'risk_per_trade': 0.003333, 'weight': 0.166667, 'diag': {'n_m5': 599, 'n_h1': 249, 'n_d1': 120, 'bar_time': '2026-05-27 18:55:00', 'open': 1.60867, 'high': 1.60869, 'low': 1.6082100000000001, 'close': 1.60836, 'volume': 623.0, 'trend_dir': 1, 'h1_trend': 1, 'd1_trend': 1, 'h1_rsi': 51.79, 'in_session': True, 'atr_ok': True, 'adx_ok': True, 'ema20': 1.609337, 'rsi': 32.987, 'atr': 0.000528, 'adx': 19.679, 'bb_up': 1.611102, 'bb_lo': 1.608048, 'f_bb': 0, 'f_ema': 0, 'f_rsi': 0, 'f_candle': -1, 'f_rsiR': 1, 'f_macd': -1, 'f_stoch': 0, 'f_vol': 0, 'signal_dir': 0, 'h1_topped_from_m5': 0, 'd1_topped_from_m5': 1}}
[2026-05-27 19:00:01 BROKER] heartbeat | {'uptime_s': 9433.5, 'mt5_connected': True, 'mt5_trade_allowed': True, 'tracked_pendings': 0, 'open_positions': 0, 'cooldown_active': False, 'cooldown_remaining_s': 0.0, 'balance': 971.79, 'equity': 974.41}
C:\Users\Administrator\Desktop\tob\ema-h1trend\mt5\run_multi_scalper.py:179: Pandas4Warning: Timestamp.utcnow is deprecated and will be removed in a future version. Use Timestamp.now('UTC') instead.
  return pd.Timestamp.utcnow().tz_localize(None) + pd.Timedelta(hours=BROKER_WALLCLOCK_OFFSET_HOURS)
[2026-05-27 19:00:01 BROKER] cycle | {'bars_m5': 599, 'bars_h1': 249, 'bars_d1': 120, 'last_bar_time': '2026-05-27 18:55:00', 'data_age_min': 5.0, 'signal': False, 'risk_per_trade': 0.003333, 'weight': 0.166667, 'diag': {'n_m5': 599, 'n_h1': 249, 'n_d1': 120, 'bar_time': '2026-05-27 18:55:00', 'open': 0.98678, 'high': 0.98681, 'low': 0.98655, 'close': 0.98674, 'volume': 592.0, 'trend_dir': 0, 'h1_trend': -1, 'd1_trend': 1, 'h1_rsi': 38.537, 'in_session': True, 'atr_ok': True, 'adx_ok': True, 'ema20': 0.986816, 'rsi': 48.565, 'atr': 0.00042, 'adx': 12.858, 'bb_up': 0.987416, 'bb_lo': 0.986132, 'f_bb': 0, 'f_ema': -1, 'f_rsi': 0, 'f_candle': 0, 'f_rsiR': 0, 'f_macd': -1, 'f_stoch': 0, 'f_vol': 0, 'signal_dir': 0, 'h1_topped_from_m5': 0, 'd1_topped_from_m5': 1}}
[portfolio] cycle_complete: symbols=6 signals=1 placed=0 skipped=0 elapsed_s=1.26 per_symbol=[{'symbol': 'GBPUSD', 'signal': True, 'stage': 'skipped', 'placed': False, 'ticket': None}, {'symbol': 'XAUUSD', 'signal': False}, {'symbol': 'GBPCAD', 'signal': False}, {'symbol': 'USDMXN', 'signal': False}, {'symbol': 'EURCAD', 'signal': False}, {'symbol': 'AUDCAD', 'signal': False}]
  → sleeping 299s until next M5 close ...
[2026-05-27 19:05:00 BROKER] heartbeat | {'uptime_s': 9733.0, 'mt5_connected': True, 'mt5_trade_allowed': True, 'tracked_pendings': 0, 'open_positions': 1, 'cooldown_active': False, 'cooldown_remaining_s': 0.0, 'balance': 971.79, 'equity': 975.69}
C:\Users\Administrator\Desktop\tob\ema-h1trend\mt5\run_multi_scalper.py:179: Pandas4Warning: Timestamp.utcnow is deprecated and will be removed in a future version. Use Timestamp.now('UTC') instead.
  return pd.Timestamp.utcnow().tz_localize(None) + pd.Timedelta(hours=BROKER_WALLCLOCK_OFFSET_HOURS)
[2026-05-27 19:05:00 BROKER] cycle | {'bars_m5': 599, 'bars_h1': 250, 'bars_d1': 120, 'last_bar_time': '2026-05-27 19:00:00', 'data_age_min': 5.0, 'signal': True, 'risk_per_trade': 0.003333, 'weight': 0.166667, 'diag': {'n_m5': 599, 'n_h1': 250, 'n_d1': 120, 'bar_time': '2026-05-27 19:00:00', 'open': 1.34288, 'high': 1.34288, 'low': 1.34196, 'close': 1.34223, 'volume': 512.0, 'trend_dir': -1, 'h1_trend': -1, 'd1_trend': -1, 'h1_rsi': 36.166, 'in_session': True, 'atr_ok': True, 'adx_ok': True, 'ema20': 1.343021, 'rsi': 40.002, 'atr': 0.000636, 'adx': 34.342, 'bb_up': 1.345161, 'bb_lo': 1.34107, 'f_bb': 0, 'f_ema': -1, 'f_rsi': 0, 'f_candle': -1, 'f_rsiR': 0, 'f_macd': -1, 'f_stoch': 0, 'f_vol': 0, 'signal_dir': -1, 'h1_topped_from_m5': 1, 'd1_topped_from_m5': 1}}
[2026-05-27 19:05:00 BROKER] signal | {'direction': 'SELL', 'entry': 1.34223, 'sl': 1.34316, 'tp': 1.34036, 'bar_time': '2026-05-27 19:00:00', 'atr': 0.00064, 'risk': 0.00093, 'rr': 2.0, 'trend_dir': -1, 'adx': 34.3, 'h1_rsi': 36.2, 'rsi': 40.0}
[2026-05-27 19:05:00 BROKER] signal_telegram_suppressed | {'reason': 'position_open_for_symbol', 'bar_time': '2026-05-27 19:00:00', 'direction': 'SELL'}
[2026-05-27 19:05:00 BROKER] skip | {'reason': 'position_open', 'ob_key': ['2026-05-27 19:00:00', 'SELL'], 'missed_signal': {'direction': 'SELL', 'entry': 1.34223, 'sl': 1.34316, 'tp': 1.34036}}
[2026-05-27 19:05:00 BROKER] telegram_sent | {'category': 'skip', 'attempt': 1, 'status': 200, 'latency_ms': 202.4}
[2026-05-27 19:05:00 BROKER] heartbeat | {'uptime_s': 9733.2, 'mt5_connected': True, 'mt5_trade_allowed': True, 'tracked_pendings': 0, 'open_positions': 0, 'cooldown_active': False, 'cooldown_remaining_s': 0.0, 'balance': 971.79, 'equity': 975.69}
C:\Users\Administrator\Desktop\tob\ema-h1trend\mt5\run_multi_scalper.py:179: Pandas4Warning: Timestamp.utcnow is deprecated and will be removed in a future version. Use Timestamp.now('UTC') instead.
  return pd.Timestamp.utcnow().tz_localize(None) + pd.Timedelta(hours=BROKER_WALLCLOCK_OFFSET_HOURS)
[2026-05-27 19:05:01 BROKER] cycle | {'bars_m5': 599, 'bars_h1': 250, 'bars_d1': 120, 'last_bar_time': '2026-05-27 19:00:00', 'data_age_min': 5.0, 'signal': False, 'risk_per_trade': 0.003333, 'weight': 0.166667, 'diag': {'n_m5': 599, 'n_h1': 250, 'n_d1': 120, 'bar_time': '2026-05-27 19:00:00', 'open': 4436.49, 'high': 4441.87, 'low': 4434.94, 'close': 4437.52, 'volume': 1039.0, 'trend_dir': -1, 'h1_trend': -1, 'd1_trend': -1, 'h1_rsi': 33.472, 'in_session': True, 'atr_ok': True, 'adx_ok': True, 'ema20': 4435.877518, 'rsi': 51.542, 'atr': 5.937396, 'adx': 13.879, 'bb_up': 4445.799035, 'bb_lo': 4427.979965, 'f_bb': 0, 'f_ema': 1, 'f_rsi': 0, 'f_candle': 0, 'f_rsiR': 0, 'f_macd': 1, 'f_stoch': 0, 'f_vol': 0, 'signal_dir': 0, 'h1_topped_from_m5': 1, 'd1_topped_from_m5': 1}}
C:\Users\Administrator\Desktop\tob\ema-h1trend\mt5\run_multi_scalper.py:179: Pandas4Warning: Timestamp.utcnow is deprecated and will be removed in a future version. Use Timestamp.now('UTC') instead.
  return pd.Timestamp.utcnow().tz_localize(None) + pd.Timedelta(hours=BROKER_WALLCLOCK_OFFSET_HOURS)
[2026-05-27 19:05:01 BROKER] cycle | {'bars_m5': 599, 'bars_h1': 250, 'bars_d1': 120, 'last_bar_time': '2026-05-27 19:00:00', 'data_age_min': 5.0, 'signal': False, 'risk_per_trade': 0.003333, 'weight': 0.166667, 'diag': {'n_m5': 599, 'n_h1': 250, 'n_d1': 120, 'bar_time': '2026-05-27 19:00:00', 'open': 1.85713, 'high': 1.85714, 'low': 1.8565399999999999, 'close': 1.8568500000000001, 'volume': 817.0, 'trend_dir': 0, 'h1_trend': -1, 'd1_trend': 1, 'h1_rsi': 40.659, 'in_session': True, 'atr_ok': True, 'adx_ok': True, 'ema20': 1.857766, 'rsi': 35.113, 'atr': 0.000628, 'adx': 28.288, 'bb_up': 1.859931, 'bb_lo': 1.855993, 'f_bb': 0, 'f_ema': 0, 'f_rsi': 0, 'f_candle': 0, 'f_rsiR': 1, 'f_macd': -1, 'f_stoch': 0, 'f_vol': 0, 'signal_dir': 0, 'h1_topped_from_m5': 1, 'd1_topped_from_m5': 1}}
C:\Users\Administrator\Desktop\tob\ema-h1trend\mt5\run_multi_scalper.py:179: Pandas4Warning: Timestamp.utcnow is deprecated and will be removed in a future version. Use Timestamp.now('UTC') instead.
  return pd.Timestamp.utcnow().tz_localize(None) + pd.Timedelta(hours=BROKER_WALLCLOCK_OFFSET_HOURS)
[2026-05-27 19:05:01 BROKER] cycle | {'bars_m5': 599, 'bars_h1': 250, 'bars_d1': 120, 'last_bar_time': '2026-05-27 19:00:00', 'data_age_min': 5.0, 'signal': False, 'risk_per_trade': 0.003333, 'weight': 0.166667, 'diag': {'n_m5': 599, 'n_h1': 250, 'n_d1': 120, 'bar_time': '2026-05-27 19:00:00', 'open': 17.3705, 'high': 17.3752, 'low': 17.36259, 'close': 17.37134, 'volume': 1019.0, 'trend_dir': 0, 'h1_trend': 1, 'd1_trend': -1, 'h1_rsi': 68.546, 'in_session': True, 'atr_ok': True, 'adx_ok': True, 'ema20': 17.364591, 'rsi': 57.759, 'atr': 0.010055, 'adx': 35.6, 'bb_up': 17.384186, 'bb_lo': 17.35229, 'f_bb': 0, 'f_ema': 1, 'f_rsi': 0, 'f_candle': 1, 'f_rsiR': -1, 'f_macd': -1, 'f_stoch': 0, 'f_vol': 0, 'signal_dir': 0, 'h1_topped_from_m5': 1, 'd1_topped_from_m5': 1}}
C:\Users\Administrator\Desktop\tob\ema-h1trend\mt5\run_multi_scalper.py:179: Pandas4Warning: Timestamp.utcnow is deprecated and will be removed in a future version. Use Timestamp.now('UTC') instead.
  return pd.Timestamp.utcnow().tz_localize(None) + pd.Timedelta(hours=BROKER_WALLCLOCK_OFFSET_HOURS)
[2026-05-27 19:05:01 BROKER] cycle | {'bars_m5': 599, 'bars_h1': 250, 'bars_d1': 120, 'last_bar_time': '2026-05-27 19:00:00', 'data_age_min': 5.0, 'signal': False, 'risk_per_trade': 0.003333, 'weight': 0.166667, 'diag': {'n_m5': 599, 'n_h1': 250, 'n_d1': 120, 'bar_time': '2026-05-27 19:00:00', 'open': 1.60838, 'high': 1.6085500000000001, 'low': 1.60805, 'close': 1.60838, 'volume': 709.0, 'trend_dir': 1, 'h1_trend': 1, 'd1_trend': 1, 'h1_rsi': 51.927, 'in_session': True, 'atr_ok': True, 'adx_ok': True, 'ema20': 1.609246, 'rsi': 33.383, 'atr': 0.000524, 'adx': 21.224, 'bb_up': 1.611074, 'bb_lo': 1.607897, 'f_bb': 0, 'f_ema': 0, 'f_rsi': 0, 'f_candle': 0, 'f_rsiR': 1, 'f_macd': -1, 'f_stoch': 1, 'f_vol': 0, 'signal_dir': 0, 'h1_topped_from_m5': 1, 'd1_topped_from_m5': 1}}
C:\Users\Administrator\Desktop\tob\ema-h1trend\mt5\run_multi_scalper.py:179: Pandas4Warning: Timestamp.utcnow is deprecated and will be removed in a future version. Use Timestamp.now('UTC') instead.
  return pd.Timestamp.utcnow().tz_localize(None) + pd.Timedelta(hours=BROKER_WALLCLOCK_OFFSET_HOURS)
[2026-05-27 19:05:01 BROKER] cycle | {'bars_m5': 599, 'bars_h1': 250, 'bars_d1': 120, 'last_bar_time': '2026-05-27 19:00:00', 'data_age_min': 5.0, 'signal': False, 'risk_per_trade': 0.003333, 'weight': 0.166667, 'diag': {'n_m5': 599, 'n_h1': 250, 'n_d1': 120, 'bar_time': '2026-05-27 19:00:00', 'open': 0.98676, 'high': 0.98701, 'low': 0.98653, 'close': 0.98678, 'volume': 609.0, 'trend_dir': 0, 'h1_trend': -1, 'd1_trend': 1, 'h1_rsi': 38.982, 'in_session': True, 'atr_ok': True, 'adx_ok': True, 'ema20': 0.986813, 'rsi': 49.405, 'atr': 0.000428, 'adx': 12.274, 'bb_up': 0.987416, 'bb_lo': 0.986161, 'f_bb': 0, 'f_ema': -1, 'f_rsi': 0, 'f_candle': 0, 'f_rsiR': 0, 'f_macd': -1, 'f_stoch': 0, 'f_vol': 0, 'signal_dir': 0, 'h1_topped_from_m5': 1, 'd1_topped_from_m5': 1}}
