entry_time,exit_time,side,entry,sl,tp,exit,qty,pnl,balance_after,result,exit_minus_entry,cumulative_pnl
2025-06-07 09:50:00+00:00,2025-06-07 19:30:00+00:00,buy,13.991999999999999,13.867,14.116999999999997,13.867,800.0000000000114,-100.0,9900.0,loss,-0.12499999999999822,-100.0
2025-06-07 19:45:00+00:00,2025-06-08 12:15:00+00:00,sell,13.805000000000001,13.968,13.642000000000003,13.642000000000003,607.3619631901897,99.0,9999.0,win,-0.16299999999999848,-1.0
2025-06-08 12:25:00+00:00,2025-06-08 14:35:00+00:00,sell,13.588000000000001,13.744,13.432000000000002,13.744,640.9615384615435,-99.99000000000001,9899.01,loss,0.1559999999999988,-100.99000000000001
2025-06-08 23:10:00+00:00,2025-06-09 01:30:00+00:00,buy,13.914,13.804,14.024,13.804,899.9100000000046,-98.9901,9800.0199,loss,-0.10999999999999943,-199.9801
2025-06-09 07:25:00+00:00,2025-06-09 08:55:00+00:00,sell,13.641,13.738,13.544,13.544,1010.3113298969121,98.000199,9898.020099,win,-0.09699999999999953,-101.979901
2025-06-09 11:20:00+00:00,2025-06-09 12:35:00+00:00,sell,13.572000000000001,13.693999999999999,13.450000000000003,13.693999999999999,811.313122868865,-98.98020099,9799.03989801,loss,0.12199999999999811,-200.96010199
2025-06-09 17:15:00+00:00,2025-06-09 19:15:00+00:00,buy,13.860999999999999,13.707,14.014999999999997,14.014999999999997,636.3012920785791,97.9903989801,9897.0302969901,win,0.15399999999999814,-102.9697030099
2025-06-09 19:25:00+00:00,2025-06-10 00:25:00+00:00,buy,14.062,13.877,14.246999999999998,14.246999999999998,534.9746106481173,98.97030296990101,9996.000599960002,win,0.18499999999999872,-3.9994000399989886
2025-06-10 01:00:00+00:00,2025-06-10 04:35:00+00:00,buy,14.315,14.044,14.585999999999999,14.585999999999999,368.8561106996324,99.96000599960001,10095.9606059596,win,0.270999999999999,95.96060595960103
2025-06-10 05:50:00+00:00,2025-06-10 06:30:00+00:00,buy,14.594999999999999,14.434000000000001,14.755999999999997,14.434000000000001,627.078298506816,-100.95960605959601,9995.000999900005,loss,-0.1609999999999978,-4.999000099994987
2025-06-10 08:10:00+00:00,2025-06-10 08:25:00+00:00,buy,14.469999999999999,14.369,14.570999999999998,14.369,989.6040593960489,-99.95000999900005,9895.050989901005,loss,-0.10099999999999909,-104.94901009899503
2025-06-10 09:40:00+00:00,2025-06-10 14:15:00+00:00,buy,14.482,14.299000000000001,14.664999999999997,14.664999999999997,540.7131688470553,98.95050989901006,9994.001499800015,win,0.18299999999999805,-5.998500199984974
2025-06-10 14:25:00+00:00,2025-06-10 14:30:00+00:00,buy,14.754999999999999,14.473,15.036999999999997,15.036999999999997,354.3972163049673,99.94001499800015,10093.941514798014,win,0.28199999999999825,93.94151479801518
2025-06-10 14:40:00+00:00,2025-06-12 10:25:00+00:00,buy,15.09,14.486,15.693999999999999,14.486,167.11823699996734,-100.93941514798014,9993.002099650033,loss,-0.6039999999999992,-6.997900349964965
2025-06-12 10:40:00+00:00,2025-06-12 13:15:00+00:00,sell,14.433,14.581999999999999,14.284,14.284,670.6712818557108,99.93002099650033,10092.932120646534,win,-0.14899999999999913,92.93212064653537
2025-06-12 14:30:00+00:00,2025-06-12 15:35:00+00:00,sell,14.096,14.257,13.935,14.257,626.8901938289789,-100.92932120646535,9992.002799440068,loss,0.1609999999999996,-7.997200559929979
2025-06-12 18:20:00+00:00,2025-06-12 20:30:00+00:00,sell,14.360000000000001,14.511999999999999,14.208000000000004,14.511999999999999,657.3686052263313,-99.9200279944007,9892.082771445668,loss,0.15199999999999747,-107.91722855433068
2025-06-12 21:15:00+00:00,2025-06-12 22:45:00+00:00,sell,14.360000000000001,14.551,14.169000000000002,14.169000000000002,517.9100927458493,98.92082771445666,9991.003599160125,win,-0.19099999999999895,-8.996400839874013
2025-06-12 22:55:00+00:00,2025-06-13 03:00:00+00:00,sell,14.086,14.386,13.786000000000001,13.786000000000001,333.0334533053387,99.91003599160125,10090.913635151726,win,-0.29999999999999893,90.91363515172723
2025-06-13 03:10:00+00:00,2025-06-13 03:30:00+00:00,sell,13.737,14.081999999999999,13.392000000000001,13.392000000000001,292.4902502942539,100.90913635151726,10191.822771503244,win,-0.34499999999999886,191.8227715032445
2025-06-13 03:40:00+00:00,2025-06-16 16:55:00+00:00,sell,13.205,13.763,12.647,13.763,182.6491536111693,-101.91822771503244,10089.904543788212,loss,0.5579999999999998,89.90454378821205
2025-06-16 17:15:00+00:00,2025-06-16 22:05:00+00:00,buy,13.806999999999999,13.603,14.010999999999997,14.010999999999997,494.60316391118965,100.89904543788212,10190.803589226094,win,0.20399999999999885,190.80358922609418
2025-06-16 22:25:00+00:00,2025-06-17 01:35:00+00:00,buy,14.061,13.909,14.213,13.909,670.4476045543516,-101.90803589226094,10088.895553333834,loss,-0.15199999999999925,88.89555333383323
2025-06-17 11:20:00+00:00,2025-06-17 12:35:00+00:00,sell,13.424000000000001,13.529,13.319000000000003,13.319000000000003,960.8471955556157,100.88895553333835,10189.784508867173,win,-0.10499999999999865,189.78450886717158
2025-06-17 13:15:00+00:00,2025-06-17 18:00:00+00:00,sell,13.277000000000001,13.446,13.108000000000002,13.108000000000002,602.9458289270563,101.89784508867173,10291.682353955845,win,-0.1689999999999987,291.6823539558433
2025-06-17 18:10:00+00:00,2025-06-18 13:50:00+00:00,sell,13.018,13.314,12.722000000000001,12.722000000000001,347.6919714174279,102.91682353955845,10394.599177495404,win,-0.2959999999999994,394.59917749540176
2025-06-18 16:00:00+00:00,2025-06-18 17:00:00+00:00,sell,12.712000000000002,12.869,12.555000000000003,12.869,662.0763807321987,-103.94599177495404,10290.65318572045,loss,0.15699999999999825,290.6531857204477
2025-06-18 19:20:00+00:00,2025-06-18 23:45:00+00:00,sell,12.774000000000001,12.971,12.577000000000002,12.971,522.3681820162686,-102.90653185720448,10187.746653863245,loss,0.19699999999999918,187.74665386324324
2025-06-19 03:20:00+00:00,2025-06-19 12:45:00+00:00,buy,13.129999999999999,12.958,13.301999999999998,13.301999999999998,592.3108519687975,101.87746653863246,10289.624120401877,win,0.17199999999999882,289.6241204018757
2025-06-19 19:55:00+00:00,2025-06-19 20:35:00+00:00,sell,12.894,13.022,12.766,13.022,803.876884406396,-102.89624120401878,10186.727879197859,loss,0.1280000000000001,186.7278791978569
2025-06-20 07:25:00+00:00,2025-06-20 10:20:00+00:00,sell,12.927000000000001,13.033,12.821000000000003,13.033,961.012064075287,-101.86727879197859,10084.86060040588,loss,0.1059999999999981,84.86060040587832
2025-06-20 13:35:00+00:00,2025-06-20 17:10:00+00:00,buy,13.136999999999999,13.036000000000001,13.237999999999996,13.036000000000001,998.5010495451633,-100.84860600405881,9984.01199440182,loss,-0.10099999999999731,-15.988005598180493
2025-06-20 17:20:00+00:00,2025-06-20 17:55:00+00:00,sell,12.988000000000001,13.133999999999999,12.842000000000004,12.842000000000004,683.8364379727404,99.84011994401821,10083.852114345838,win,-0.14599999999999724,83.85211434583772
2025-06-20 19:10:00+00:00,2025-06-20 20:20:00+00:00,sell,12.809000000000001,12.982,12.636000000000003,12.636000000000003,582.8816251067017,100.83852114345838,10184.690635489296,win,-0.17299999999999827,184.69063548929608
2025-06-20 20:35:00+00:00,2025-06-22 00:25:00+00:00,sell,12.345,12.809,11.881000000000002,11.881000000000002,219.49764300623548,101.84690635489297,10286.537541844189,win,-0.46399999999999864,286.53754184418904
2025-06-22 00:35:00+00:00,2025-06-22 16:25:00+00:00,sell,11.842,12.296999999999999,11.387000000000002,11.387000000000002,226.0777481724006,102.86537541844189,10389.40291726263,win,-0.4549999999999983,389.4029172626309
2025-06-22 17:20:00+00:00,2025-06-23 16:40:00+00:00,sell,11.304,11.972,10.636000000000001,11.972,155.52998379135693,-103.89402917262632,10285.508888090004,loss,0.6679999999999993,285.5088880900046
2025-06-23 17:00:00+00:00,2025-06-23 19:10:00+00:00,buy,12.056999999999999,11.647,12.466999999999997,11.647,250.86607044122061,-102.85508888090004,10182.653799209103,loss,-0.40999999999999837,182.65379920910453
2025-06-23 20:05:00+00:00,2025-06-23 20:30:00+00:00,buy,11.632,11.352,11.911999999999999,11.911999999999999,363.66620711461167,101.82653799209103,10284.480337201194,win,0.27999999999999936,284.48033720119554
2025-06-23 21:00:00+00:00,2025-06-23 23:15:00+00:00,buy,11.942,11.565000000000001,12.318999999999999,12.318999999999999,272.7978869284144,102.84480337201194,10387.325140573206,win,0.3769999999999989,387.3251405732075
2025-06-23 23:25:00+00:00,2025-06-24 01:10:00+00:00,buy,12.388,12.06,12.716,12.716,316.6867420906471,103.87325140573206,10491.198391978938,win,0.3279999999999994,491.1983919789395
2025-06-24 01:20:00+00:00,2025-06-24 08:50:00+00:00,buy,12.754,12.309000000000001,13.198999999999998,13.198999999999998,235.75726723548254,104.91198391978938,10596.110375898728,win,0.4449999999999985,596.1103758987289
2025-06-24 09:40:00+00:00,2025-06-24 10:30:00+00:00,buy,13.241999999999999,13.054,13.429999999999998,13.054,563.6228923350423,-105.96110375898729,10490.14927213974,loss,-0.18799999999999883,490.1492721397416
2025-06-24 12:25:00+00:00,2025-06-24 19:15:00+00:00,buy,13.147,12.887,13.407,13.407,403.46727969768267,104.9014927213974,10595.050764861138,win,0.2599999999999998,595.050764861139
2025-06-24 19:25:00+00:00,2025-06-24 19:55:00+00:00,buy,13.468,13.278,13.658,13.658,557.6342507821666,105.95050764861139,10701.00127250975,win,0.1899999999999995,701.0012725097504
2025-06-24 23:30:00+00:00,2025-06-25 09:05:00+00:00,buy,13.363999999999999,13.231,13.496999999999998,13.231,804.5865618428436,-107.01001272509748,10593.991259784652,loss,-0.13299999999999912,593.9912597846529
2025-06-25 09:35:00+00:00,2025-06-25 14:15:00+00:00,buy,13.344999999999999,13.201,13.488999999999997,13.201,735.6938374850538,-105.93991259784653,10488.051347186805,loss,-0.14399999999999835,488.0513471868064
2025-06-25 19:45:00+00:00,2025-06-25 20:15:00+00:00,sell,12.982000000000001,13.126,12.838000000000003,13.126,728.3368991102031,-104.88051347186806,10383.170833714938,loss,0.14399999999999835,383.17083371493834
2025-06-26 00:50:00+00:00,2025-06-26 04:30:00+00:00,sell,13.138,13.270999999999999,13.005,13.270999999999999,780.6895363695494,-103.83170833714938,10279.339125377788,loss,0.13299999999999912,279.33912537778895
2025-06-26 05:50:00+00:00,2025-06-26 06:00:00+00:00,buy,13.347,13.168000000000001,13.525999999999998,13.525999999999998,574.2647556077025,102.79339125377787,10382.132516631566,win,0.1789999999999985,382.13251663156683
2025-06-26 10:00:00+00:00,2025-06-26 12:45:00+00:00,buy,13.334999999999999,13.181000000000001,13.488999999999997,13.181000000000001,674.164449131928,-103.82132516631566,10278.311191465249,loss,-0.15399999999999814,278.31119146525117
2025-06-26 15:20:00+00:00,2025-06-26 16:55:00+00:00,sell,13.092,13.222999999999999,12.961000000000002,12.961000000000002,784.6039077454482,102.7831119146525,10381.094303379901,win,-0.13099999999999845,381.09430337990364
2025-06-26 17:10:00+00:00,2025-06-26 17:35:00+00:00,sell,12.927000000000001,13.131,12.723000000000003,13.131,508.8771717343118,-103.81094303379902,10277.283360346102,loss,0.20399999999999885,277.2833603461046
2025-06-26 21:00:00+00:00,2025-06-26 21:10:00+00:00,sell,13.0,13.110999999999999,12.889000000000001,13.110999999999999,925.8813838149736,-102.77283360346102,10174.51052674264,loss,0.11099999999999888,174.51052674264355
2025-06-27 00:05:00+00:00,2025-06-27 00:30:00+00:00,sell,13.122,13.286999999999999,12.957,12.957,616.6370016207693,101.74510526742641,10276.255632010067,win,-0.16499999999999915,276.25563201007
2025-06-27 00:55:00+00:00,2025-06-27 06:30:00+00:00,sell,12.922,13.113999999999999,12.730000000000002,13.113999999999999,535.2216475005288,-102.76255632010067,10173.493075689967,loss,0.1919999999999984,173.49307568996932
2025-06-27 10:35:00+00:00,2025-06-27 11:45:00+00:00,sell,13.045,13.147,12.943,13.147,997.4012819303858,-101.73493075689967,10071.758144933066,loss,0.10200000000000031,71.75814493306964
2025-06-27 15:40:00+00:00,2025-06-27 16:45:00+00:00,sell,12.961,13.053999999999998,12.868000000000002,12.868000000000002,1082.9847467670174,100.71758144933067,10172.475726382398,win,-0.0929999999999982,172.4757263824003
2025-06-27 20:05:00+00:00,2025-06-27 20:45:00+00:00,sell,13.005,13.176,12.834000000000001,12.834000000000001,594.8816214258734,101.72475726382397,10274.200483646222,win,-0.17099999999999937,274.20048364622426
2025-06-27 21:15:00+00:00,2025-06-28 00:25:00+00:00,sell,12.789000000000001,13.0,12.578000000000003,13.0,486.928932874232,-102.74200483646223,10171.45847880976,loss,0.21099999999999852,171.45847880976203
2025-06-28 05:10:00+00:00,2025-06-28 20:40:00+00:00,buy,13.133,12.948,13.317999999999998,13.317999999999998,549.8085664221529,101.71458478809758,10273.173063597858,win,0.18499999999999872,273.1730635978596
2025-06-28 20:50:00+00:00,2025-06-30 01:15:00+00:00,buy,13.349,13.174000000000001,13.524,13.524,587.038460777024,102.73173063597858,10375.904794233837,win,0.17499999999999893,375.9047942338382
2025-06-30 01:25:00+00:00,2025-06-30 09:35:00+00:00,buy,13.613,13.323,13.902999999999999,13.323,357.789820490823,-103.75904794233836,10272.145746291499,loss,-0.28999999999999915,272.1457462914998
2025-06-30 11:15:00+00:00,2025-06-30 13:30:00+00:00,sell,13.274000000000001,13.392999999999999,13.155000000000003,13.155000000000003,863.2055248984598,102.72145746291498,10374.867203754413,win,-0.118999999999998,374.8672037544148
2025-06-30 15:50:00+00:00,2025-06-30 16:20:00+00:00,sell,13.106,13.251999999999999,12.96,13.251999999999999,710.6073427229097,-103.74867203754413,10271.11853171687,loss,0.14599999999999902,271.1185317168707
2025-06-30 21:30:00+00:00,2025-06-30 22:15:00+00:00,sell,13.304,13.428999999999998,13.179000000000002,13.428999999999998,821.6894825373613,-102.7111853171687,10168.407346399701,loss,0.12499999999999822,168.40734639970196
2025-06-30 22:25:00+00:00,2025-07-01 03:30:00+00:00,buy,13.463999999999999,13.265,13.662999999999997,13.265,510.97524353767835,-101.68407346399701,10066.723272935704,loss,-0.19899999999999807,66.72327293570495
2025-07-01 05:10:00+00:00,2025-07-01 10:20:00+00:00,sell,13.242,13.415999999999999,13.068000000000003,13.068000000000003,578.5473145365423,100.66723272935704,10167.39050566506,win,-0.1739999999999977,167.390505665062
2025-07-01 11:50:00+00:00,2025-07-01 15:45:00+00:00,sell,13.149000000000001,13.269,13.029000000000002,13.029000000000002,847.2825421387605,101.6739050566506,10269.06441072171,win,-0.11999999999999922,269.0644107217126
2025-07-01 16:40:00+00:00,2025-07-01 16:50:00+00:00,sell,12.996,13.104999999999999,12.887000000000002,13.104999999999999,942.1160009836586,-102.69064410721711,10166.373766614493,loss,0.10899999999999821,166.37376661449548
2025-07-01 17:45:00+00:00,2025-07-02 04:15:00+00:00,sell,12.944,13.136999999999999,12.751000000000003,12.751000000000003,526.7551174411714,101.66373766614494,10268.037504280639,win,-0.19299999999999784,268.0375042806404
2025-07-02 14:05:00+00:00,2025-07-02 14:50:00+00:00,buy,13.139,13.053,13.224999999999998,13.053,1193.9578493349786,-102.6803750428064,10165.357129237833,loss,-0.08599999999999852,165.357129237834
2025-07-02 16:05:00+00:00,2025-07-02 17:25:00+00:00,buy,13.046999999999999,12.945,13.148999999999997,13.148999999999997,996.6036401213705,101.65357129237833,10267.01070053021,win,0.10199999999999854,267.0107005302123
2025-07-02 18:10:00+00:00,2025-07-02 19:05:00+00:00,buy,13.245,13.042,13.447999999999999,13.447999999999999,505.7640739177459,102.67010700530211,10369.680807535513,win,0.2029999999999994,369.6808075355144
2025-07-02 19:15:00+00:00,2025-07-03 10:35:00+00:00,buy,13.562999999999999,13.284,13.841999999999997,13.841999999999997,371.6731472234976,103.69680807535514,10473.377615610869,win,0.27899999999999814,473.37761561086955
2025-07-03 12:40:00+00:00,2025-07-03 13:15:00+00:00,buy,13.928999999999998,13.815000000000001,14.042999999999996,13.815000000000001,918.7173347027302,-104.73377615610869,10368.64383945476,loss,-0.11399999999999721,368.64383945476084
2025-07-03 15:05:00+00:00,2025-07-03 15:30:00+00:00,buy,13.828,13.698,13.957999999999998,13.957999999999998,797.5879876503723,103.68643839454761,10472.330277849307,win,0.129999999999999,472.33027784930846
2025-07-03 17:00:00+00:00,2025-07-03 18:05:00+00:00,buy,14.0,13.732000000000001,14.267999999999999,13.732000000000001,390.75859245706533,-104.72330277849308,10367.606975070814,loss,-0.2679999999999989,367.6069750708154
2025-07-03 21:00:00+00:00,2025-07-04 05:30:00+00:00,buy,13.725999999999999,13.591000000000001,13.860999999999997,13.591000000000001,767.9708870422938,-103.67606975070814,10263.930905320105,loss,-0.134999999999998,263.9309053201073
2025-07-04 07:30:00+00:00,2025-07-04 09:25:00+00:00,sell,13.537,13.642,13.432000000000002,13.432000000000002,977.5172290781178,102.63930905320105,10366.570214373307,win,-0.10499999999999865,366.5702143733083
2025-07-04 10:10:00+00:00,2025-07-04 11:10:00+00:00,sell,13.401,13.533,13.269,13.269,785.3462283616161,103.66570214373307,10470.23591651704,win,-0.13199999999999967,470.2359165170414
2025-07-04 12:40:00+00:00,2025-07-04 12:50:00+00:00,sell,13.321000000000002,13.418,13.224000000000004,13.224000000000004,1079.4057645894106,104.7023591651704,10574.93827568221,win,-0.09699999999999775,574.9382756822118
2025-07-04 16:45:00+00:00,2025-07-04 17:15:00+00:00,sell,13.251000000000001,13.405,13.097000000000003,13.097000000000003,686.6843036157363,105.74938275682211,10680.687658439032,win,-0.15399999999999814,680.687658439034
2025-07-04 18:20:00+00:00,2025-07-06 16:30:00+00:00,sell,13.066,13.296999999999999,12.835000000000003,13.296999999999999,462.36743110126065,-106.80687658439032,10573.880781854641,loss,0.2309999999999981,573.8807818546436
2025-07-06 16:50:00+00:00,2025-07-07 00:30:00+00:00,buy,13.386,13.186,13.585999999999999,13.585999999999999,528.694039092734,105.73880781854642,10679.619589673188,win,0.1999999999999993,679.61958967319
2025-07-07 01:05:00+00:00,2025-07-07 04:05:00+00:00,buy,13.664,13.397,13.931,13.397,399.9857524222176,-106.79619589673189,10572.823393776456,loss,-0.26699999999999946,572.8233937764581
2025-07-07 05:00:00+00:00,2025-07-07 05:40:00+00:00,buy,13.479999999999999,13.361,13.598999999999997,13.598999999999997,888.4725540988769,105.72823393776457,10678.551627714221,win,0.118999999999998,678.5516277142227
2025-07-07 09:30:00+00:00,2025-07-07 10:00:00+00:00,buy,13.581999999999999,13.462000000000002,13.701999999999996,13.701999999999996,889.8793023095375,106.78551627714222,10785.337143991364,win,0.11999999999999744,785.3371439913649
2025-07-07 11:40:00+00:00,2025-07-07 12:45:00+00:00,buy,13.644,13.548,13.74,13.548,1123.4726191657662,-107.85337143991366,10677.48377255145,loss,-0.09600000000000009,677.4837725514512
2025-07-07 16:30:00+00:00,2025-07-07 19:20:00+00:00,buy,13.555,13.431000000000001,13.678999999999998,13.431000000000001,861.0874010122222,-106.7748377255145,10570.708934825936,loss,-0.12399999999999878,570.7089348259367
2025-07-07 23:05:00+00:00,2025-07-08 05:00:00+00:00,sell,13.360000000000001,13.51,13.210000000000003,13.210000000000003,704.7139289884024,105.70708934825936,10676.416024174196,win,-0.14999999999999858,676.4160241741961
2025-07-08 11:50:00+00:00,2025-07-08 13:55:00+00:00,sell,13.248000000000001,13.386999999999999,13.109000000000004,13.386999999999999,768.0874837535528,-106.76416024174196,10569.651863932453,loss,0.13899999999999757,569.6518639324541
2025-07-08 15:30:00+00:00,2025-07-08 16:55:00+00:00,buy,13.533999999999999,13.429,13.638999999999998,13.638999999999998,1006.6335108507228,105.69651863932454,10675.348382571778,win,0.10499999999999865,675.3483825717786
2025-07-08 19:20:00+00:00,2025-07-08 20:05:00+00:00,buy,13.536999999999999,13.415000000000001,13.658999999999997,13.658999999999997,875.02855594852,106.75348382571778,10782.101866397496,win,0.12199999999999811,782.1018663974965
2025-07-08 20:15:00+00:00,2025-07-09 08:35:00+00:00,buy,13.758999999999999,13.509,14.008999999999997,14.008999999999997,431.2840746559029,107.82101866397495,10889.92288506147,win,0.24999999999999822,889.9228850614714
2025-07-09 10:00:00+00:00,2025-07-09 13:00:00+00:00,buy,14.115,13.991000000000001,14.238999999999999,13.991000000000001,878.219587504966,-108.8992288506147,10781.023656210857,loss,-0.12399999999999878,781.0236562108568
2025-07-09 15:10:00+00:00,2025-07-09 16:00:00+00:00,buy,14.052999999999999,13.954,14.151999999999997,14.151999999999997,1088.9922885061646,107.81023656210859,10888.833892772966,win,0.09899999999999842,888.8338927729653
2025-07-09 21:05:00+00:00,2025-07-09 22:50:00+00:00,buy,14.067,13.888,14.246,14.246,608.314742613014,108.88833892772968,10997.722231700694,win,0.17900000000000027,997.722231700695
2025-07-10 00:05:00+00:00,2025-07-10 08:10:00+00:00,buy,14.232999999999999,14.099,14.366999999999997,14.366999999999997,820.7255396791651,109.97722231700695,11107.699454017702,win,0.13399999999999856,1107.699454017702
2025-07-10 08:20:00+00:00,2025-07-10 08:40:00+00:00,buy,14.397,14.276,14.518,14.276,917.9916904146828,-111.07699454017703,10996.622459477525,loss,-0.12100000000000044,996.622459477525
2025-07-10 09:55:00+00:00,2025-07-10 10:15:00+00:00,buy,14.331999999999999,14.227,14.436999999999998,14.436999999999998,1047.2973770931112,109.96622459477527,11106.5886840723,win,0.10499999999999865,1106.5886840723003
2025-07-10 11:35:00+00:00,2025-07-10 13:00:00+00:00,buy,14.433,14.319,14.546999999999999,14.319,974.2621652695086,-111.065886840723,10995.522797231577,loss,-0.11399999999999899,995.5227972315773
2025-07-10 16:25:00+00:00,2025-07-10 17:05:00+00:00,buy,14.373,14.217,14.528999999999998,14.217,704.8412049507475,-109.95522797231577,10885.567569259261,loss,-0.1559999999999988,885.5675692592615
2025-07-10 19:15:00+00:00,2025-07-10 19:30:00+00:00,buy,14.349,14.216000000000001,14.482,14.482,818.4637270119799,108.85567569259261,10994.423244951853,win,0.13299999999999912,994.4232449518541
2025-07-10 20:05:00+00:00,2025-07-11 00:10:00+00:00,buy,14.552,14.276,14.828,14.828,398.3486682953573,109.94423244951854,11104.367477401373,win,0.2759999999999998,1104.3674774013728
2025-07-11 00:20:00+00:00,2025-07-11 00:40:00+00:00,buy,14.873,14.686,15.059999999999999,15.059999999999999,593.8164426417866,111.04367477401372,11215.411152175386,win,0.1869999999999994,1215.4111521753864
2025-07-11 00:50:00+00:00,2025-07-11 08:30:00+00:00,buy,15.196,14.878,15.514,15.514,352.68588528853456,112.15411152175386,11327.565263697139,win,0.3179999999999996,1327.5652636971404
2025-07-11 08:45:00+00:00,2025-07-11 09:40:00+00:00,buy,15.543999999999999,15.403,15.684999999999997,15.403,803.3734229572539,-113.27565263697137,11214.289611060167,loss,-0.14099999999999824,1214.289611060169
2025-07-11 12:15:00+00:00,2025-07-11 12:35:00+00:00,buy,15.354999999999999,15.195,15.514999999999997,15.514999999999997,700.8931006912676,112.14289611060167,11326.432507170768,win,0.15999999999999837,1326.4325071707706
2025-07-11 15:50:00+00:00,2025-07-11 16:05:00+00:00,buy,15.511999999999999,15.345,15.678999999999997,15.678999999999997,678.2294914473594,113.26432507170769,11439.696832242476,win,0.16699999999999804,1439.6968322424782
2025-07-11 16:55:00+00:00,2025-07-11 19:05:00+00:00,buy,15.738,15.409,16.067,15.409,347.71114991618595,-114.39696832242477,11325.299863920052,loss,-0.32899999999999885,1325.2998639200534
2025-07-11 20:20:00+00:00,2025-07-12 00:10:00+00:00,buy,15.713999999999999,15.498000000000001,15.929999999999996,15.498000000000001,524.3194381444529,-113.25299863920053,11212.046865280852,loss,-0.21599999999999753,1212.046865280853
2025-07-12 09:05:00+00:00,2025-07-12 09:35:00+00:00,sell,15.162,15.277,15.047000000000002,15.277,974.960596980957,-112.12046865280853,11099.926396628043,loss,0.11499999999999844,1099.9263966280444
2025-07-12 14:35:00+00:00,2025-07-12 15:35:00+00:00,sell,15.267000000000001,15.415999999999999,15.118000000000004,15.118000000000004,744.9615031294121,110.99926396628044,11210.925660594323,win,-0.14899999999999736,1210.9256605943249
2025-07-12 15:45:00+00:00,2025-07-12 18:10:00+00:00,sell,15.044,15.251999999999999,14.836000000000002,14.836000000000002,538.9868106055004,112.10925660594323,11323.034917200266,win,-0.2079999999999984,1323.0349172002682
2025-07-12 18:25:00+00:00,2025-07-12 20:20:00+00:00,sell,14.798,15.026,14.57,15.026,496.6243384736964,-113.23034917200266,11209.804568028263,loss,0.22799999999999976,1209.8045680282655
2025-07-12 23:35:00+00:00,2025-07-13 02:45:00+00:00,sell,14.938,15.077,14.799000000000001,15.077,806.4607602898069,-112.09804568028264,11097.70652234798,loss,0.13899999999999935,1097.7065223479829
2025-07-13 10:35:00+00:00,2025-07-13 15:50:00+00:00,buy,15.335999999999999,15.195,15.476999999999997,15.476999999999997,787.0713845636965,110.97706522347981,11208.68358757146,win,0.14099999999999824,1208.6835875714626
2025-07-13 16:30:00+00:00,2025-07-13 17:15:00+00:00,buy,15.529,15.338000000000001,15.719999999999999,15.719999999999999,586.8420726477237,112.08683587571461,11320.770423447175,win,0.19099999999999895,1320.770423447177
2025-07-13 17:30:00+00:00,2025-07-14 00:35:00+00:00,buy,15.78,15.515,16.044999999999998,15.515,427.1988839036689,-113.20770423447175,11207.562719212703,loss,-0.2649999999999988,1207.5627192127054
2025-07-14 03:00:00+00:00,2025-07-14 05:25:00+00:00,buy,15.676,15.497,15.855,15.855,626.1208223023847,112.07562719212703,11319.63834640483,win,0.17900000000000027,1319.6383464048324
2025-07-14 06:10:00+00:00,2025-07-14 06:40:00+00:00,buy,15.94,15.652000000000001,16.227999999999998,16.227999999999998,393.0429981390587,113.1963834640483,11432.834729868879,win,0.2879999999999985,1432.8347298688807
2025-07-14 10:10:00+00:00,2025-07-14 13:35:00+00:00,buy,16.059,15.901,16.217000000000002,16.217000000000002,723.597134801822,114.32834729868878,11547.163077167568,win,0.15800000000000125,1547.1630771675696
2025-07-14 13:55:00+00:00,2025-07-14 18:45:00+00:00,buy,16.268,15.957,16.579,15.957,371.29141727226914,-115.47163077167568,11431.691446395893,loss,-0.31099999999999994,1431.6914463958938
2025-07-15 01:10:00+00:00,2025-07-15 03:25:00+00:00,sell,15.572000000000001,15.863,15.281000000000002,15.863,392.8416304603419,-114.31691446395894,11317.374531931933,loss,0.2909999999999986,1317.3745319319348
2025-07-15 03:40:00+00:00,2025-07-15 06:00:00+00:00,sell,15.617,15.899999999999999,15.334000000000003,15.334000000000003,399.90722727675,113.17374531931934,11430.548277251253,win,-0.2829999999999977,1430.5482772512541
2025-07-15 06:10:00+00:00,2025-07-15 16:05:00+00:00,sell,15.303,15.567,15.039000000000001,15.567,432.97531353224554,-114.30548277251253,11316.242794478741,loss,0.26399999999999935,1316.2427944787416
2025-07-15 17:40:00+00:00,2025-07-15 19:05:00+00:00,sell,15.409,15.724,15.094000000000001,15.724,359.2458029993257,-113.16242794478741,11203.080366533954,loss,0.3149999999999995,1203.0803665339542
2025-07-15 21:05:00+00:00,2025-07-15 21:30:00+00:00,buy,16.152,15.850000000000001,16.454,15.850000000000001,370.9629260441711,-112.03080366533953,11091.049562868615,loss,-0.3019999999999996,1091.0495628686147
2025-07-16 00:10:00+00:00,2025-07-16 02:00:00+00:00,buy,15.767999999999999,15.610000000000001,15.925999999999997,15.925999999999997,701.9651622068845,110.91049562868614,11201.960058497301,win,0.1579999999999977,1201.960058497301
2025-07-16 02:10:00+00:00,2025-07-16 11:35:00+00:00,buy,16.094,15.780000000000001,16.408,16.408,356.7503203343089,112.01960058497302,11313.979659082275,win,0.31400000000000006,1313.9796590822739
2025-07-16 12:00:00+00:00,2025-07-16 17:30:00+00:00,buy,16.465,16.276999999999997,16.653000000000002,16.653000000000002,601.8074286745815,113.13979659082275,11427.119455673099,win,0.1880000000000024,1427.1194556730966
2025-07-16 17:45:00+00:00,2025-07-17 04:45:00+00:00,buy,16.788,16.406,17.17,16.406,299.13925276631034,-114.27119455673098,11312.848261116367,loss,-0.38200000000000145,1312.8482611163656
2025-07-17 05:20:00+00:00,2025-07-17 09:20:00+00:00,buy,16.560000000000002,16.282,16.838000000000005,16.838000000000005,406.936987809938,113.12848261116368,11425.976743727531,win,0.27800000000000225,1425.9767437275293
2025-07-17 09:45:00+00:00,2025-07-17 12:40:00+00:00,buy,16.926000000000002,16.612,17.240000000000006,17.240000000000006,363.88460967284715,114.25976743727531,11540.236511164807,win,0.3140000000000036,1540.2365111648046
2025-07-17 15:40:00+00:00,2025-07-17 16:40:00+00:00,buy,17.156000000000002,16.979,17.333000000000006,16.979,651.9907633426328,-115.40236511164807,11424.83414605316,loss,-0.17700000000000315,1424.8341460531565
2025-07-17 17:45:00+00:00,2025-07-17 19:25:00+00:00,buy,17.18,16.849,17.511,16.849,345.1611524487364,-114.24834146053158,11310.585804592627,loss,-0.3309999999999995,1310.585804592625
2025-07-17 20:45:00+00:00,2025-07-17 21:30:00+00:00,buy,17.006,16.826999999999998,17.185000000000002,17.185000000000002,631.8763019325418,113.10585804592627,11423.691662638554,win,0.17900000000000205,1423.6916626385512
2025-07-17 22:05:00+00:00,2025-07-17 22:55:00+00:00,buy,17.242,17.044999999999998,17.439000000000004,17.044999999999998,579.8828255146393,-114.23691662638552,11309.454746012168,loss,-0.19700000000000273,1309.4547460121657
2025-07-18 00:10:00+00:00,2025-07-18 00:15:00+00:00,buy,17.121000000000002,16.874,17.368000000000006,17.368000000000006,457.8726617818628,113.09454746012169,11422.54929347229,win,0.24700000000000344,1422.5492934722874
2025-07-18 01:30:00+00:00,2025-07-18 02:05:00+00:00,buy,17.475,17.119,17.831000000000003,17.831000000000003,320.85812622113025,114.2254929347229,11536.774786407013,win,0.35600000000000165,1536.7747864070104
2025-07-18 02:15:00+00:00,2025-07-18 03:40:00+00:00,buy,17.864,17.499,18.229000000000003,18.229000000000003,316.0760215453959,115.36774786407014,11652.142534271083,win,0.365000000000002,1652.1425342710806
2025-07-18 03:50:00+00:00,2025-07-18 04:40:00+00:00,buy,18.283,17.823,18.743000000000002,18.743000000000002,253.30744639719697,116.52142534271083,11768.663959613794,win,0.46000000000000085,1768.6639596137916
2025-07-18 07:10:00+00:00,2025-07-18 08:05:00+00:00,buy,18.758000000000003,18.509,19.007000000000005,19.007000000000005,472.6371068117945,117.68663959613794,11886.350599209933,win,0.24900000000000233,1886.3505992099294
2025-07-18 15:35:00+00:00,2025-07-18 17:05:00+00:00,buy,18.446,18.217,18.675000000000004,18.675000000000004,519.0546113192048,118.86350599209933,12005.214105202032,win,0.22900000000000276,2005.2141052020288
2025-07-19 01:10:00+00:00,2025-07-19 03:25:00+00:00,sell,17.637999999999998,17.929000000000002,17.346999999999994,17.929000000000002,412.5503128935351,-120.05214105202033,11885.161964150013,loss,0.2910000000000039,1885.1619641500085
2025-07-19 03:40:00+00:00,2025-07-19 04:00:00+00:00,sell,17.808999999999997,17.989,17.628999999999994,17.628999999999994,660.2867757860998,118.85161964150014,12004.013583791513,win,-0.18000000000000327,2004.0135837915086
2025-07-19 11:10:00+00:00,2025-07-19 14:15:00+00:00,sell,17.881,18.056,17.706,17.706,685.9436333595122,120.04013583791512,12124.053719629428,win,-0.1750000000000007,2124.0537196294235
2025-07-19 15:05:00+00:00,2025-07-19 19:20:00+00:00,sell,17.651999999999997,17.944000000000003,17.359999999999992,17.944000000000003,415.2073191653841,-121.2405371962943,12002.813182433134,loss,0.29200000000000514,2002.8131824331292
2025-07-19 21:10:00+00:00,2025-07-19 21:30:00+00:00,buy,18.112000000000002,17.947,18.277000000000005,18.277000000000005,727.4432231777538,120.02813182433134,12122.841314257465,win,0.1650000000000027,2122.8413142574605
2025-07-19 21:40:00+00:00,2025-07-20 06:25:00+00:00,buy,18.317,18.038999999999998,18.595000000000002,18.595000000000002,436.0734285704089,121.22841314257465,12244.06972740004,win,0.27800000000000225,2244.069727400035
2025-07-20 06:35:00+00:00,2025-07-20 10:25:00+00:00,buy,18.672,18.455,18.889000000000003,18.889000000000003,564.242844580641,122.44069727400039,12366.51042467404,win,0.2170000000000023,2366.510424674035
2025-07-20 10:35:00+00:00,2025-07-20 12:25:00+00:00,buy,18.922,18.578,19.266000000000002,19.266000000000002,359.4915821126162,123.6651042467404,12490.17552892078,win,0.3440000000000012,2490.175528920776
2025-07-20 12:35:00+00:00,2025-07-20 12:45:00+00:00,buy,19.332,19.028,19.636000000000003,19.636000000000003,410.8610371355492,124.9017552892078,12615.077284209987,win,0.30400000000000205,2615.0772842099836
2025-07-20 14:45:00+00:00,2025-07-20 15:00:00+00:00,buy,19.482000000000003,19.313,19.651000000000007,19.313,746.4542771721707,-126.15077284209985,12488.926511367887,loss,-0.16900000000000404,2488.926511367884
2025-07-20 16:15:00+00:00,2025-07-20 18:40:00+00:00,buy,19.366,19.153,19.579,19.579,586.3345779984897,124.88926511367889,12613.815776481566,win,0.21300000000000097,2613.815776481563
2025-07-20 22:05:00+00:00,2025-07-21 01:10:00+00:00,buy,19.366,19.163,19.569,19.163,621.3702352946602,-126.13815776481566,12487.67761871675,loss,-0.2029999999999994,2487.677618716747
2025-07-21 04:50:00+00:00,2025-07-21 09:05:00+00:00,buy,19.366,19.083,19.649,19.649,441.2606932408726,124.87677618716751,12612.554394903918,win,0.28300000000000125,2612.5543949039147
2025-07-21 09:15:00+00:00,2025-07-21 11:20:00+00:00,buy,19.714000000000002,19.451,19.977000000000004,19.977000000000004,479.5648058898798,126.12554394903918,12738.679938852958,win,0.2630000000000017,2738.679938852954
2025-07-21 11:30:00+00:00,2025-07-21 12:35:00+00:00,buy,20.011000000000003,19.674,20.348000000000006,19.674,378.0023720727844,-127.38679938852958,12611.29313946443,loss,-0.3370000000000033,2611.2931394644243
2025-07-21 13:35:00+00:00,2025-07-21 13:50:00+00:00,buy,19.829,19.625,20.033,20.033,618.2006440913917,126.11293139464429,12737.406070859073,win,0.20400000000000063,2737.4060708590687
2025-07-21 14:00:00+00:00,2025-07-21 19:05:00+00:00,buy,20.130000000000003,19.642999999999997,20.617000000000008,19.642999999999997,261.5483792784175,-127.37406070859073,12610.032010150482,loss,-0.48700000000000543,2610.032010150478
2025-07-22 02:05:00+00:00,2025-07-22 03:50:00+00:00,sell,19.476,19.62,19.331999999999997,19.331999999999997,875.6966673715497,126.10032010150482,12736.132330251987,win,-0.1440000000000019,2736.1323302519827
2025-07-22 04:00:00+00:00,2025-07-22 04:40:00+00:00,sell,19.293,19.62,18.965999999999998,19.62,389.4841691208538,-127.36132330251986,12608.771006949466,loss,0.32700000000000173,2608.771006949463
2025-07-22 06:20:00+00:00,2025-07-22 07:55:00+00:00,sell,19.416999999999998,19.864,18.969999999999995,18.969999999999995,282.0754140257134,126.08771006949468,12734.85871701896,win,-0.44700000000000273,2734.8587170189576
2025-07-22 11:00:00+00:00,2025-07-22 11:15:00+00:00,sell,19.0,19.257,18.743,18.743,495.5197944365326,127.3485871701896,12862.207304189149,win,-0.25700000000000145,2862.207304189147
2025-07-22 11:25:00+00:00,2025-07-22 13:50:00+00:00,sell,18.663999999999998,19.165000000000003,18.162999999999993,19.165000000000003,256.73068471435187,-128.62207304189153,12733.585231147257,loss,0.5010000000000048,2733.585231147256
2025-07-22 15:30:00+00:00,2025-07-22 16:40:00+00:00,sell,19.084999999999997,19.345000000000002,18.824999999999992,19.345000000000002,489.75327812103876,-127.33585231147258,12606.249378835784,loss,0.2600000000000051,2606.2493788357833
2025-07-22 16:50:00+00:00,2025-07-22 18:00:00+00:00,sell,18.935,19.396,18.473999999999997,19.396,273.45443338038456,-126.06249378835786,12480.186885047426,loss,0.4610000000000021,2480.1868850474257
2025-07-22 22:40:00+00:00,2025-07-23 01:35:00+00:00,sell,19.221999999999998,19.52,18.923999999999996,19.52,418.7982176190386,-124.80186885047426,12355.385016196951,loss,0.2980000000000018,2355.3850161969513
2025-07-23 02:10:00+00:00,2025-07-23 03:20:00+00:00,buy,19.55,19.384999999999998,19.715000000000003,19.715000000000003,748.8112131028333,123.55385016196952,12478.938866358922,win,0.1650000000000027,2478.9388663589207
2025-07-23 04:35:00+00:00,2025-07-23 09:15:00+00:00,buy,19.654,19.392999999999997,19.915000000000003,19.392999999999997,478.1202630788808,-124.78938866358922,12354.149477695333,loss,-0.2610000000000028,2354.1494776953314
2025-07-23 12:15:00+00:00,2025-07-23 13:10:00+00:00,sell,19.028,19.256,18.799999999999997,18.799999999999997,541.8486613024232,123.54149477695333,12477.690972472286,win,-0.22800000000000153,2477.6909724722846
2025-07-23 15:40:00+00:00,2025-07-23 15:55:00+00:00,sell,18.762999999999998,18.959,18.566999999999997,18.566999999999997,636.6168863506219,124.77690972472286,12602.46788219701,win,-0.1960000000000015,2602.4678821970074
2025-07-23 16:15:00+00:00,2025-07-23 16:40:00+00:00,sell,18.401,18.889000000000003,17.912999999999997,17.912999999999997,258.2472926679699,126.0246788219701,12728.49256101898,win,-0.4880000000000031,2728.4925610189775
2025-07-23 16:50:00+00:00,2025-07-24 10:05:00+00:00,sell,17.872999999999998,18.599,17.146999999999995,17.146999999999995,175.32358899475116,127.2849256101898,12855.77748662917,win,-0.7260000000000026,2855.7774866291675
2025-07-24 12:45:00+00:00,2025-07-24 13:00:00+00:00,sell,17.807,18.011000000000003,17.602999999999994,18.011000000000003,630.1851709131818,-128.5577748662917,12727.219711762878,loss,0.20400000000000418,2727.2197117628757
2025-07-24 13:20:00+00:00,2025-07-24 14:30:00+00:00,sell,17.746,18.051000000000002,17.440999999999995,18.051000000000002,417.2858921889424,-127.27219711762879,12599.94751464525,loss,0.30500000000000327,2599.947514645247
2025-07-24 16:55:00+00:00,2025-07-24 17:30:00+00:00,sell,17.904,18.149,17.659,18.149,514.2835720263346,-125.99947514645248,12473.948039498797,loss,0.245000000000001,2473.9480394987945
2025-07-25 02:05:00+00:00,2025-07-25 02:35:00+00:00,sell,18.052,18.241,17.863,17.863,659.9972507671318,124.73948039498795,12598.687519893785,win,-0.18900000000000006,2598.6875198937823
2025-07-25 02:55:00+00:00,2025-07-25 03:40:00+00:00,sell,17.831,18.075000000000003,17.586999999999996,17.586999999999996,516.3396524546563,125.98687519893785,12724.674395092723,win,-0.24400000000000333,2724.6743950927203
2025-07-25 04:20:00+00:00,2025-07-25 04:55:00+00:00,sell,17.537,17.798000000000002,17.275999999999996,17.798000000000002,487.53541743649765,-127.24674395092724,12597.427651141796,loss,0.2610000000000028,2597.427651141793
2025-07-25 05:30:00+00:00,2025-07-25 06:30:00+00:00,sell,17.605999999999998,17.85,17.361999999999995,17.361999999999995,516.2880184894108,125.97427651141794,12723.401927653214,win,-0.24400000000000333,2723.401927653211
2025-07-25 08:50:00+00:00,2025-07-25 10:15:00+00:00,sell,17.418,17.644000000000002,17.191999999999997,17.644000000000002,562.9823861793392,-127.23401927653214,12596.167908376683,loss,0.22600000000000264,2596.1679083766785
2025-07-25 10:40:00+00:00,2025-07-25 12:20:00+00:00,sell,17.386,17.715,17.057,17.715,382.86224645521764,-125.96167908376684,12470.206229292917,loss,0.3290000000000006,2470.2062292929118
2025-07-25 18:35:00+00:00,2025-07-25 22:45:00+00:00,sell,17.477999999999998,17.838,17.117999999999995,17.838,346.3946174803559,-124.70206229292917,12345.504166999988,loss,0.360000000000003,2345.5041669999828
2025-07-26 01:05:00+00:00,2025-07-26 05:30:00+00:00,buy,18.263,18.108999999999998,18.417000000000005,18.417000000000005,801.6561147402409,123.45504166999989,12468.959208669989,win,0.15400000000000347,2468.9592086699827
2025-07-26 07:35:00+00:00,2025-07-26 09:30:00+00:00,buy,18.392,18.238,18.546,18.238,809.6726758876621,-124.68959208669989,12344.26961658329,loss,-0.15399999999999991,2344.2696165832826
2025-07-26 11:15:00+00:00,2025-07-26 13:30:00+00:00,buy,18.291,18.159,18.423000000000002,18.423000000000002,935.171940650239,123.4426961658329,12467.712312749123,win,0.13200000000000145,2467.7123127491154
2025-07-26 13:40:00+00:00,2025-07-26 14:20:00+00:00,buy,18.458000000000002,18.329,18.587000000000003,18.329,966.4893265696894,-124.67712312749123,12343.035189621633,loss,-0.12900000000000134,2343.0351896216243
2025-07-26 15:45:00+00:00,2025-07-26 21:45:00+00:00,buy,18.293000000000003,18.122,18.464000000000006,18.464000000000006,721.8149233696737,123.43035189621631,12466.46554151785,win,0.17100000000000293,2466.465541517841
2025-07-26 22:30:00+00:00,2025-07-27 05:50:00+00:00,buy,18.506,18.273999999999997,18.738000000000003,18.738000000000003,537.3476526516248,124.6646554151785,12591.130196933029,win,0.23200000000000287,2591.1301969330193
2025-07-27 07:05:00+00:00,2025-07-27 07:35:00+00:00,buy,18.719,18.608999999999998,18.829000000000004,18.829000000000004,1144.6481997211536,125.91130196933031,12717.04149890236,win,0.11000000000000298,2717.0414989023498
2025-07-27 07:45:00+00:00,2025-07-27 11:30:00+00:00,buy,18.875,18.624,19.126,18.624,506.6550397969043,-127.1704149890236,12589.871083913336,loss,-0.2510000000000012,2589.871083913326
2025-07-27 13:15:00+00:00,2025-07-27 13:40:00+00:00,buy,18.674,18.569,18.779,18.779,1199.0353413250748,125.89871083913336,12715.76979475247,win,0.10500000000000043,2715.7697947524593
2025-07-27 13:50:00+00:00,2025-07-27 18:15:00+00:00,buy,18.887,18.628999999999998,19.145000000000003,18.628999999999998,492.8592943702457,-127.15769794752471,12588.612096804945,loss,-0.25800000000000267,2588.6120968049345
2025-07-27 18:25:00+00:00,2025-07-27 19:20:00+00:00,buy,18.786,18.592,18.980000000000004,18.980000000000004,648.8975307631327,125.88612096804945,12714.498217772994,win,0.19400000000000261,2714.498217772984
2025-07-27 19:30:00+00:00,2025-07-28 01:45:00+00:00,buy,19.023,18.788999999999998,19.257,19.257,543.3546246911495,127.14498217772994,12841.643199950724,win,0.23400000000000176,2841.643199950714
2025-07-28 03:10:00+00:00,2025-07-28 04:00:00+00:00,buy,19.237000000000002,19.049999999999997,19.424000000000007,19.049999999999997,686.7188876978823,-128.41643199950724,12713.226767951217,loss,-0.18700000000000472,2713.226767951207
2025-07-28 05:15:00+00:00,2025-07-28 05:25:00+00:00,buy,19.006,18.874,19.138,19.138,963.1232399962937,127.13226767951217,12840.359035630729,win,0.13200000000000145,2840.359035630719
2025-07-28 05:35:00+00:00,2025-07-28 08:15:00+00:00,buy,19.182000000000002,18.892999999999997,19.471000000000007,19.471000000000007,444.3030808176646,128.4035903563073,12968.762625987036,win,0.28900000000000503,2968.7626259870262
2025-07-28 08:25:00+00:00,2025-07-28 10:05:00+00:00,buy,19.518,19.27,19.766000000000002,19.27,522.9339768543136,-129.68762625987037,12839.074999727165,loss,-0.2480000000000011,2839.074999727156
2025-07-28 12:55:00+00:00,2025-07-28 13:35:00+00:00,buy,19.267,19.110999999999997,19.423000000000002,19.110999999999997,823.0176281876263,-128.39074999727166,12710.684249729893,loss,-0.15600000000000236,2710.6842497298844
2025-07-28 17:05:00+00:00,2025-07-28 18:35:00+00:00,sell,18.668,18.938000000000002,18.397999999999996,18.397999999999996,470.7660833233239,127.10684249729893,12837.791092227191,win,-0.2700000000000031,2837.7910922271835
2025-07-28 18:50:00+00:00,2025-07-28 21:30:00+00:00,sell,18.343,18.598000000000003,18.087999999999997,18.087999999999997,503.44278793047306,128.37791092227192,12966.169003149464,win,-0.25500000000000256,2966.1690031494554
2025-07-28 22:45:00+00:00,2025-07-29 03:40:00+00:00,sell,18.134,18.352,17.916,17.916,594.7783946398837,129.66169003149463,13095.830693180958,win,-0.21799999999999997,3095.83069318095
2025-07-29 04:55:00+00:00,2025-07-29 06:55:00+00:00,sell,18.034,18.258000000000003,17.809999999999995,18.258000000000003,584.6352988027115,-130.95830693180957,12964.87238624915,loss,0.22400000000000375,2964.8723862491406
2025-07-29 13:05:00+00:00,2025-07-29 13:20:00+00:00,sell,18.256,18.388,18.124,18.124,982.1873019885611,129.6487238624915,13094.521110111642,win,-0.13200000000000145,3094.521110111632
2025-07-29 13:45:00+00:00,2025-07-29 17:05:00+00:00,sell,18.076999999999998,18.341,17.812999999999995,17.812999999999995,496.0045875042234,130.94521110111643,13225.466321212758,win,-0.2640000000000029,3225.4663212127484
2025-07-29 17:50:00+00:00,2025-07-30 14:45:00+00:00,sell,17.738999999999997,18.249000000000002,17.228999999999992,17.228999999999992,259.3228690433848,132.25466321212758,13357.720984424886,win,-0.5100000000000051,3357.720984424876
2025-07-30 16:20:00+00:00,2025-07-30 17:20:00+00:00,sell,17.261,17.452,17.069999999999997,17.452,699.357119603388,-133.57720984424887,13224.143774580638,loss,0.1910000000000025,3224.143774580627
2025-07-30 21:25:00+00:00,2025-07-30 21:45:00+00:00,sell,17.59,17.75,17.43,17.43,826.5089859112892,132.2414377458064,13356.385212326444,win,-0.16000000000000014,3356.3852123264332
2025-07-30 21:55:00+00:00,2025-07-30 22:00:00+00:00,sell,17.39,17.721,17.059,17.059,403.5161695566907,133.56385212326444,13489.94906444971,win,-0.3309999999999995,3489.9490644496977
2025-07-30 22:10:00+00:00,2025-07-31 02:15:00+00:00,sell,16.971,17.641000000000002,16.301,17.641000000000002,201.34252334999516,-134.8994906444971,13355.049573805212,loss,0.6700000000000017,3355.0495738052005
2025-07-31 05:25:00+00:00,2025-07-31 06:05:00+00:00,buy,17.87,17.759999999999998,17.980000000000004,17.980000000000004,1214.0954158004408,133.55049573805212,13488.600069543265,win,0.11000000000000298,3488.6000695432526
2025-07-31 06:45:00+00:00,2025-07-31 12:55:00+00:00,buy,18.05,17.881999999999998,18.218000000000004,18.218000000000004,802.8928612823237,134.88600069543264,13623.486070238698,win,0.1680000000000028,3623.4860702386854
2025-07-31 20:15:00+00:00,2025-07-31 21:10:00+00:00,sell,17.541,17.811,17.271,17.271,504.57355815698963,136.23486070238698,13759.720930941085,win,-0.2699999999999996,3759.7209309410723
2025-07-31 22:45:00+00:00,2025-08-01 00:50:00+00:00,sell,17.230999999999998,17.471,16.990999999999996,16.990999999999996,573.3217054558738,137.59720930941086,13897.318140250496,win,-0.240000000000002,3897.3181402504833
2025-08-01 01:25:00+00:00,2025-08-01 03:45:00+00:00,sell,16.944,17.302,16.586,16.586,388.19324414107473,138.97318140250496,14036.291321653001,win,-0.35800000000000054,4036.2913216529882
2025-08-01 06:50:00+00:00,2025-08-01 07:45:00+00:00,sell,16.852,16.992,16.712,16.712,1002.5922372609247,140.36291321653002,14176.654234869531,win,-0.14000000000000057,4176.654234869518
2025-08-01 08:15:00+00:00,2025-08-01 09:40:00+00:00,sell,16.680999999999997,16.843,16.518999999999995,16.518999999999995,875.1021132635374,141.7665423486953,14318.420777218227,win,-0.1620000000000026,4318.4207772182135
2025-08-01 11:00:00+00:00,2025-08-01 11:05:00+00:00,sell,16.471999999999998,16.641000000000002,16.302999999999994,16.302999999999994,847.2438329714726,143.18420777218228,14461.60498499041,win,-0.16900000000000404,4461.604984990396
2025-08-01 13:00:00+00:00,2025-08-01 15:00:00+00:00,sell,16.363,16.631,16.095,16.631,539.6121263056109,-144.6160498499041,14316.988935140505,loss,0.2680000000000007,4316.988935140492
2025-08-01 16:35:00+00:00,2025-08-01 16:45:00+00:00,sell,16.561,16.781000000000002,16.340999999999998,16.340999999999998,650.7722243245613,143.16988935140506,14460.158824491911,win,-0.22000000000000242,4460.158824491897
2025-08-01 16:55:00+00:00,2025-08-01 17:30:00+00:00,sell,16.221,16.721,15.721,16.721,289.20317648983826,-144.60158824491913,14315.557236246992,loss,0.5,4315.5572362469775
2025-08-01 19:55:00+00:00,2025-08-01 21:15:00+00:00,sell,16.459999999999997,16.761000000000003,16.158999999999992,16.158999999999992,475.5999081809545,143.1555723624699,14458.712808609462,win,-0.3010000000000055,4458.712808609447
2025-08-01 23:05:00+00:00,2025-08-02 01:20:00+00:00,sell,16.2,16.391000000000002,16.008999999999997,16.008999999999997,757.0006706078153,144.58712808609462,14603.299936695556,win,-0.1910000000000025,4603.299936695542
2025-08-02 01:30:00+00:00,2025-08-02 21:50:00+00:00,sell,15.852,16.282,15.422,15.422,339.6116264347806,146.03299936695555,14749.33293606251,win,-0.4299999999999997,4749.3329360624975
2025-08-03 01:15:00+00:00,2025-08-03 03:35:00+00:00,sell,15.641,15.811,15.471,15.471,867.6078197683833,147.4933293606251,14896.826265423135,win,-0.16999999999999993,4896.826265423123
2025-08-03 13:15:00+00:00,2025-08-03 14:10:00+00:00,buy,16.111,16.0,16.222,16.222,1342.0564203083827,148.96826265423135,15045.794528077366,win,0.11100000000000065,5045.794528077355
2025-08-03 19:30:00+00:00,2025-08-04 03:20:00+00:00,buy,16.232000000000003,16.063,16.401000000000007,16.401000000000007,890.2836998862134,150.45794528077366,15196.25247335814,win,0.16900000000000404,5196.252473358129
2025-08-04 03:40:00+00:00,2025-08-04 04:00:00+00:00,buy,16.432000000000002,16.233,16.631000000000004,16.631000000000004,763.6307775556792,151.9625247335814,15348.21499809172,win,0.19900000000000162,5348.21499809171
2025-08-04 05:45:00+00:00,2025-08-04 16:40:00+00:00,buy,16.543000000000003,16.354,16.732000000000006,16.732000000000006,812.074867623885,153.4821499809172,15501.697148072637,win,0.1890000000000036,5501.697148072627
2025-08-04 16:55:00+00:00,2025-08-04 19:40:00+00:00,buy,16.791,16.5,17.082,17.082,532.7043693495744,155.01697148072637,15656.714119553364,win,0.29100000000000037,5656.714119553353
2025-08-04 20:05:00+00:00,2025-08-04 22:00:00+00:00,buy,17.121000000000002,16.881,17.361000000000004,16.881,652.3630883147181,-156.56714119553365,15500.14697835783,loss,-0.240000000000002,5500.1469783578195
2025-08-04 23:30:00+00:00,2025-08-05 00:10:00+00:00,buy,16.911,16.770999999999997,17.051000000000005,17.051000000000005,1107.1533555969552,155.0014697835783,15655.148448141408,win,0.14000000000000412,5655.148448141398
2025-08-05 00:35:00+00:00,2025-08-05 04:55:00+00:00,buy,17.101000000000003,16.901,17.301000000000005,16.901,782.7574224070594,-156.5514844814141,15498.596963659995,loss,-0.20000000000000284,5498.596963659984
2025-08-05 17:10:00+00:00,2025-08-05 17:20:00+00:00,sell,16.551,16.761000000000003,16.340999999999994,16.340999999999994,738.0284268409366,154.98596963659995,15653.582933296595,win,-0.2100000000000044,5653.582933296584
2025-08-05 18:35:00+00:00,2025-08-06 01:00:00+00:00,sell,16.29,16.491,16.089,16.089,778.7852205620177,156.53582933296596,15810.118762629561,win,-0.2010000000000005,5810.1187626295505
2025-08-06 03:45:00+00:00,2025-08-06 04:35:00+00:00,sell,16.261,16.412000000000003,16.109999999999996,16.109999999999996,1047.0277326244511,158.10118762629563,15968.219950255858,win,-0.15100000000000335,5968.219950255846
2025-08-06 06:05:00+00:00,2025-08-06 08:05:00+00:00,sell,16.108999999999998,16.239,15.978999999999996,16.239,1228.3246115581187,-159.68219950255857,15808.5377507533,loss,0.13000000000000256,5808.537750753288
2025-08-06 18:50:00+00:00,2025-08-07 13:00:00+00:00,buy,16.681,16.442,16.92,16.92,661.445094173776,158.085377507533,15966.623128260833,win,0.23900000000000077,5966.6231282608205
2025-08-07 13:10:00+00:00,2025-08-07 13:40:00+00:00,buy,17.051000000000002,16.802,17.300000000000004,17.300000000000004,641.2298445084612,159.66623128260832,16126.289359543442,win,0.24900000000000233,6126.289359543429
2025-08-07 14:10:00+00:00,2025-08-07 15:55:00+00:00,buy,17.341,17.101,17.581000000000003,17.581000000000003,671.9287233143044,161.2628935954344,16287.552253138876,win,0.240000000000002,6287.552253138863
2025-08-07 16:05:00+00:00,2025-08-07 16:40:00+00:00,buy,17.661,17.261,18.061000000000003,18.061000000000003,407.1888063284697,162.87552253138875,16450.427775670265,win,0.40000000000000213,6450.427775670252
2025-08-07 18:35:00+00:00,2025-08-07 19:25:00+00:00,buy,17.771,17.551,17.991000000000003,17.991000000000003,747.746717075913,164.50427775670266,16614.93205342697,win,0.22000000000000242,6614.932053426955
2025-08-07 19:35:00+00:00,2025-08-07 19:40:00+00:00,buy,18.040000000000003,17.831,18.249000000000006,17.831,794.9728255228093,-166.1493205342697,16448.782732892698,loss,-0.20900000000000318,6448.782732892685
2025-08-07 22:20:00+00:00,2025-08-07 22:40:00+00:00,buy,18.011000000000003,17.831,18.191000000000006,18.191000000000006,913.8212629384666,164.48782732892698,16613.270560221627,win,0.18000000000000327,6613.270560221612
2025-08-07 22:50:00+00:00,2025-08-08 03:35:00+00:00,buy,18.242,17.971,18.513,18.513,613.0358140303166,166.13270560221628,16779.403265823843,win,0.2710000000000008,6779.403265823828
2025-08-08 05:30:00+00:00,2025-08-08 05:50:00+00:00,buy,18.46,18.171,18.749000000000002,18.749000000000002,580.6021891288497,167.79403265823842,16947.197298482082,win,0.2890000000000015,6947.197298482067
2025-08-08 06:00:00+00:00,2025-08-08 06:55:00+00:00,buy,18.789,18.41,19.168000000000003,19.168000000000003,447.1556015430613,169.47197298482084,17116.669271466904,win,0.37900000000000134,7116.669271466888
2025-08-08 09:15:00+00:00,2025-08-08 09:25:00+00:00,buy,18.900000000000002,18.759,19.041000000000004,19.041000000000004,1213.9481752813253,171.16669271466904,17287.835964181573,win,0.1410000000000018,7287.835964181557
2025-08-08 09:55:00+00:00,2025-08-08 16:40:00+00:00,buy,19.201,18.788999999999998,19.613000000000003,19.613000000000003,419.6076690335307,172.87835964181573,17460.714323823388,win,0.4120000000000026,7460.714323823373
2025-08-08 16:50:00+00:00,2025-08-08 18:00:00+00:00,buy,19.712,19.323999999999998,20.1,19.323999999999998,450.0184104078173,-174.60714323823387,17286.107180585153,loss,-0.3880000000000017,7286.107180585139
2025-08-08 20:20:00+00:00,2025-08-08 21:00:00+00:00,buy,19.279,19.049999999999997,19.508000000000003,19.508000000000003,754.8518419469409,172.86107180585154,17458.968252391005,win,0.22900000000000276,7458.9682523909905
2025-08-08 22:00:00+00:00,2025-08-09 01:55:00+00:00,buy,19.571,19.29,19.852000000000004,19.852000000000004,621.3155961704932,174.58968252391006,17633.557934914916,win,0.28100000000000236,7633.5579349149
2025-08-09 02:05:00+00:00,2025-08-09 04:40:00+00:00,buy,19.894000000000002,19.689999999999998,20.098000000000006,20.098000000000006,864.3900948487527,176.33557934914916,17809.893514264066,win,0.20400000000000418,7809.893514264049
2025-08-09 04:50:00+00:00,2025-08-09 05:00:00+00:00,buy,20.202,19.852999999999998,20.551000000000005,20.551000000000005,510.31213507919415,178.09893514264067,17987.992449406705,win,0.34900000000000375,7987.99244940669
2025-08-09 05:10:00+00:00,2025-08-09 08:10:00+00:00,buy,20.591,19.983,21.199,21.199,295.8551389705048,179.8799244940671,18167.872373900773,win,0.6080000000000005,8167.872373900757
2025-08-09 08:20:00+00:00,2025-08-09 09:30:00+00:00,buy,21.229000000000003,20.868,21.590000000000007,20.868,503.2651627119269,-181.67872373900772,17986.193650161764,loss,-0.3610000000000042,7986.193650161749
2025-08-09 12:30:00+00:00,2025-08-09 13:05:00+00:00,buy,20.900000000000002,20.75,21.050000000000004,21.050000000000004,1199.0795766774338,179.86193650161763,18166.05558666338,win,0.15000000000000213,8166.055586663367
2025-08-09 13:15:00+00:00,2025-08-09 14:05:00+00:00,buy,21.150000000000002,20.881,21.419000000000004,20.881,675.3180515488198,-181.6605558666338,17984.395030796746,loss,-0.2690000000000019,7984.3950307967325
2025-08-09 15:20:00+00:00,2025-08-09 17:50:00+00:00,buy,21.05,20.791999999999998,21.308000000000003,21.308000000000003,697.0695748370761,179.84395030796748,18164.238981104714,win,0.25800000000000267,8164.2389811047
2025-08-09 19:05:00+00:00,2025-08-09 22:10:00+00:00,buy,21.161,20.983999999999998,21.338000000000005,21.338000000000005,1026.2281910228469,181.64238981104714,18345.881370915762,win,0.17700000000000315,8345.881370915748
2025-08-09 22:25:00+00:00,2025-08-10 00:30:00+00:00,buy,21.422,21.121,21.723000000000003,21.121,609.4977199639749,-183.45881370915762,18162.422557206606,loss,-0.30100000000000193,8162.42255720659
2025-08-10 00:55:00+00:00,2025-08-10 02:20:00+00:00,buy,21.422,21.09,21.754,21.754,547.0609203977881,181.62422557206605,18344.04678277867,win,0.33200000000000074,8344.046782778656
2025-08-10 02:40:00+00:00,2025-08-10 03:30:00+00:00,buy,21.833000000000002,21.451999999999998,22.214000000000006,21.451999999999998,481.4710441674144,-183.4404678277867,18160.606314950885,loss,-0.3810000000000038,8160.606314950869
2025-08-10 03:50:00+00:00,2025-08-10 05:25:00+00:00,buy,21.889000000000003,21.401999999999997,22.37600000000001,21.401999999999997,372.90772720637955,-181.60606314950886,17979.000251801375,loss,-0.48700000000000543,7979.00025180136
2025-08-10 06:50:00+00:00,2025-08-10 07:30:00+00:00,buy,21.437,21.198999999999998,21.675000000000004,21.675000000000004,755.4201786471068,179.79000251801375,18158.79025431939,win,0.2380000000000031,8158.790254319373
2025-08-10 07:40:00+00:00,2025-08-10 08:05:00+00:00,buy,21.769000000000002,21.340999999999998,22.197000000000006,22.197000000000006,424.2708003345608,181.58790254319388,18340.37815686258,win,0.4280000000000044,8340.378156862567
2025-08-10 08:15:00+00:00,2025-08-10 09:15:00+00:00,buy,22.307000000000002,21.82,22.794000000000004,21.82,376.5991407979982,-183.40378156862582,18156.974375293958,loss,-0.4870000000000019,8156.974375293941
2025-08-10 09:30:00+00:00,2025-08-10 09:55:00+00:00,buy,22.062,21.663,22.461000000000002,22.461000000000002,455.0620144183939,181.5697437529396,18338.544119046896,win,0.3990000000000009,8338.544119046881
2025-08-10 11:40:00+00:00,2025-08-10 15:00:00+00:00,buy,22.17,21.511,22.829000000000004,21.511,278.2783629597394,-183.38544119046895,18155.158677856427,loss,-0.6590000000000025,8155.158677856412
2025-08-10 17:10:00+00:00,2025-08-10 17:15:00+00:00,buy,21.378,21.177999999999997,21.578000000000003,21.578000000000003,907.7579338928085,181.55158677856429,18336.710264634992,win,0.20000000000000284,8336.710264634976
2025-08-10 17:25:00+00:00,2025-08-10 17:35:00+00:00,buy,21.658,21.115,22.201000000000004,22.201000000000004,337.6926383910663,183.36710264634993,18520.07736728134,win,0.5430000000000028,8520.077367281327
2025-08-10 18:15:00+00:00,2025-08-11 14:15:00+00:00,buy,22.271,21.448999999999998,23.093000000000004,21.448999999999998,225.30507746084282,-185.20077367281343,18334.87659360853,loss,-0.8220000000000027,8334.876593608513
2025-08-11 14:25:00+00:00,2025-08-11 16:15:00+00:00,sell,21.351,21.621000000000002,21.080999999999996,21.621000000000002,679.0695034669748,-183.3487659360853,18151.527827672446,loss,0.2700000000000031,8151.5278276724275
2025-08-11 17:45:00+00:00,2025-08-11 19:00:00+00:00,sell,21.66,21.989,21.331,21.989,551.7181710538728,-181.51527827672447,17970.01254939572,loss,0.3290000000000006,7970.012549395703
2025-08-11 20:00:00+00:00,2025-08-11 22:50:00+00:00,sell,21.750999999999998,22.207,21.294999999999995,21.294999999999995,394.07922257446495,179.70012549395722,18149.712674889677,win,-0.45600000000000307,8149.71267488966
2025-08-12 00:30:00+00:00,2025-08-12 00:45:00+00:00,sell,21.252,21.413,21.090999999999998,21.090999999999998,1127.31134626643,181.4971267488968,18331.209801638575,win,-0.16100000000000136,8331.209801638557
2025-08-12 01:05:00+00:00,2025-08-12 05:15:00+00:00,sell,20.97,21.393,20.546999999999997,21.393,433.3619338448817,-183.31209801638576,18147.89770362219,loss,0.4230000000000018,8147.897703622171
2025-08-12 08:05:00+00:00,2025-08-12 12:55:00+00:00,sell,21.48,21.75,21.21,21.21,672.1443593934156,181.47897703622192,18329.376680658414,win,-0.2699999999999996,8329.376680658394
2025-08-12 13:05:00+00:00,2025-08-12 15:00:00+00:00,sell,21.141,21.392,20.889999999999997,21.392,730.254051022244,-183.29376680658413,18146.08291385183,loss,0.2510000000000012,8146.082913851809
2025-08-12 16:25:00+00:00,2025-08-12 17:25:00+00:00,buy,22.591,22.029999999999998,23.152000000000005,23.152000000000005,323.4595884822053,181.46082913851828,18327.54374299035,win,0.5610000000000035,8327.543742990327
2025-08-12 17:35:00+00:00,2025-08-12 18:25:00+00:00,buy,23.238,22.642999999999997,23.833000000000002,23.833000000000002,308.0259452603408,183.27543742990352,18510.819180420254,win,0.5950000000000024,8510.81918042023
2025-08-12 18:50:00+00:00,2025-08-12 21:50:00+00:00,buy,23.897000000000002,23.34,24.454000000000004,23.34,332.3306854653533,-185.10819180420253,18325.71098861605,loss,-0.5570000000000022,8325.710988616029
2025-08-12 23:10:00+00:00,2025-08-13 01:05:00+00:00,buy,23.467000000000002,23.119999999999997,23.814000000000007,23.119999999999997,528.1184722944033,-183.25710988616052,18142.45387872989,loss,-0.34700000000000486,8142.453878729868
2025-08-13 02:30:00+00:00,2025-08-13 03:45:00+00:00,buy,23.408,23.176,23.640000000000004,23.640000000000004,782.0023223590374,181.42453878729893,18323.87841751719,win,0.23200000000000287,8323.878417517168
2025-08-13 05:10:00+00:00,2025-08-13 05:25:00+00:00,buy,23.599,23.258,23.94,23.94,537.3571383436109,183.2387841751719,18507.117201692363,win,0.3410000000000011,8507.11720169234
2025-08-13 05:50:00+00:00,2025-08-13 07:00:00+00:00,buy,24.018,23.468999999999998,24.567000000000004,24.567000000000004,337.10595995796467,185.07117201692364,18692.188373709287,win,0.549000000000003,8692.188373709263
2025-08-13 08:15:00+00:00,2025-08-13 08:20:00+00:00,buy,24.32,24.119,24.521,24.119,929.9596205825493,-186.92188373709288,18505.266489972193,loss,-0.2010000000000005,8505.26648997217
2025-08-13 12:00:00+00:00,2025-08-13 12:50:00+00:00,buy,23.540000000000003,23.342,23.738000000000007,23.738000000000007,934.6094186854457,185.05266489972195,18690.319154871915,win,0.19800000000000395,8690.319154871891
2025-08-13 13:10:00+00:00,2025-08-13 13:25:00+00:00,buy,23.799,23.509,24.089,24.089,644.4937639611024,186.90319154871915,18877.222346420633,win,0.28999999999999915,8877.22234642061
2025-08-13 13:35:00+00:00,2025-08-13 15:50:00+00:00,buy,24.149,23.639,24.659000000000002,23.639,370.1416146356975,-188.77222346420632,18688.450122956427,loss,-0.5100000000000016,8688.450122956405
2025-08-13 22:15:00+00:00,2025-08-14 00:10:00+00:00,buy,23.78,23.552999999999997,24.007000000000005,24.007000000000005,823.279741099388,186.88450122956428,18875.33462418599,win,0.22700000000000387,8875.334624185969
2025-08-14 01:30:00+00:00,2025-08-14 03:50:00+00:00,buy,24.026,23.808999999999997,24.243000000000002,23.808999999999997,869.8310886721562,-188.7533462418599,18686.58127794413,loss,-0.2170000000000023,8686.58127794411
2025-08-14 04:30:00+00:00,2025-08-14 08:25:00+00:00,buy,24.080000000000002,23.761,24.399000000000004,23.761,585.7862469574914,-186.86581277944128,18499.71546516469,loss,-0.3190000000000026,8499.715465164669
2025-08-14 09:35:00+00:00,2025-08-14 10:40:00+00:00,buy,23.771,23.491999999999997,24.050000000000004,23.491999999999997,663.0722388947835,-184.9971546516469,18314.718310513043,loss,-0.27900000000000347,8314.718310513023
2025-08-14 13:05:00+00:00,2025-08-14 13:40:00+00:00,sell,23.557,23.819000000000003,23.294999999999995,23.294999999999995,699.0350500195711,183.14718310513044,18497.865493618174,win,-0.262000000000004,8497.865493618154
2025-08-14 15:30:00+00:00,2025-08-14 15:35:00+00:00,sell,23.209999999999997,23.391000000000002,23.028999999999993,23.028999999999993,1021.9815189844043,184.97865493618175,18682.844148554355,win,-0.1810000000000045,8682.844148554335
2025-08-14 18:20:00+00:00,2025-08-14 20:05:00+00:00,sell,22.772,23.198,22.345999999999997,22.345999999999997,438.5644166327294,186.82844148554355,18869.6725900399,win,-0.42600000000000193,8869.67259003988
2025-08-14 20:50:00+00:00,2025-08-14 22:25:00+00:00,sell,22.311999999999998,22.611,22.012999999999995,22.611,631.0927287638698,-188.69672590039897,18680.975864139502,loss,0.29900000000000304,8680.97586413948
2025-08-14 23:00:00+00:00,2025-08-15 00:20:00+00:00,sell,22.352,22.649,22.055,22.055,628.9890863346621,186.80975864139504,18867.785622780895,win,-0.2970000000000006,8867.785622780875
2025-08-15 00:30:00+00:00,2025-08-15 02:00:00+00:00,sell,22.023999999999997,22.383000000000003,21.664999999999992,22.383000000000003,525.5650591303793,-188.67785622780895,18679.107766553087,loss,0.3590000000000053,8679.107766553067
2025-08-15 03:15:00+00:00,2025-08-15 04:15:00+00:00,sell,22.387999999999998,22.587,22.188999999999997,22.188999999999997,938.6486314850722,186.79107766553088,18865.898844218616,win,-0.19900000000000162,8865.898844218598
2025-08-15 07:05:00+00:00,2025-08-15 07:40:00+00:00,sell,22.685,22.883000000000003,22.486999999999995,22.486999999999995,952.8231739504162,188.65898844218617,19054.5578326608,win,-0.19800000000000395,9054.557832660785
2025-08-15 07:50:00+00:00,2025-08-15 08:25:00+00:00,sell,22.435,22.649,22.220999999999997,22.649,890.3998987224583,-190.54557832660802,18864.012254334193,loss,0.2140000000000022,8864.012254334177
2025-08-15 11:50:00+00:00,2025-08-15 12:55:00+00:00,sell,22.468,22.685000000000002,22.250999999999998,22.250999999999998,869.3093204762208,188.64012254334193,19052.652376877537,win,-0.2170000000000023,9052.652376877519
2025-08-15 13:50:00+00:00,2025-08-15 15:30:00+00:00,sell,22.206999999999997,22.432000000000002,21.981999999999992,22.432000000000002,846.7845500834273,-190.52652376877538,18862.125853108762,loss,0.22500000000000497,8862.125853108744
2025-08-15 16:45:00+00:00,2025-08-15 18:00:00+00:00,sell,22.173,22.534000000000002,21.811999999999994,21.811999999999994,522.4965610279374,188.62125853108762,19050.74711163985,win,-0.3610000000000042,9050.747111639832
2025-08-15 18:20:00+00:00,2025-08-16 21:15:00+00:00,sell,21.662,22.282,21.041999999999998,22.282,307.27011470386805,-190.5074711163985,18860.23964052345,loss,0.620000000000001,8860.239640523434
2025-08-16 21:40:00+00:00,2025-08-16 22:40:00+00:00,buy,22.374000000000002,21.907999999999998,22.840000000000007,22.840000000000007,404.7261725434177,188.60239640523451,19048.842036928683,win,0.46600000000000463,9048.842036928669
2025-08-16 23:15:00+00:00,2025-08-17 00:30:00+00:00,buy,22.912000000000003,22.570999999999998,23.253000000000007,22.570999999999998,558.6170685316254,-190.48842036928684,18858.353616559398,loss,-0.34100000000000463,8858.353616559381
2025-08-17 01:15:00+00:00,2025-08-17 04:15:00+00:00,buy,22.724,22.528,22.92,22.528,962.1608988040435,-188.58353616559398,18669.770080393802,loss,-0.1960000000000015,8669.770080393788
2025-08-17 05:30:00+00:00,2025-08-17 05:50:00+00:00,buy,22.505000000000003,22.326999999999998,22.683000000000007,22.683000000000007,1048.8634876625474,186.69770080393803,18856.46778119774,win,0.17800000000000438,8856.467781197725
2025-08-17 06:00:00+00:00,2025-08-17 06:35:00+00:00,buy,22.732000000000003,22.439,23.025000000000006,23.025000000000006,643.5654532831932,188.56467781197742,19045.03245900972,win,0.2930000000000028,9045.032459009703
2025-08-17 06:45:00+00:00,2025-08-17 07:20:00+00:00,buy,23.305,22.805,23.805,23.805,380.90064918019436,190.45032459009718,19235.482783599815,win,0.5,9235.4827835998
2025-08-17 07:30:00+00:00,2025-08-17 08:15:00+00:00,buy,23.863,23.322,24.404,24.404,355.5542104177413,192.35482783599815,19427.837611435814,win,0.5410000000000004,9427.837611435798
2025-08-17 08:35:00+00:00,2025-08-17 16:35:00+00:00,buy,24.434,24.035,24.833000000000002,24.833000000000002,486.9132233442549,194.27837611435814,19622.115987550173,win,0.3990000000000009,9622.115987550156
2025-08-17 16:45:00+00:00,2025-08-17 17:45:00+00:00,buy,24.963,24.395,25.531000000000002,25.531000000000002,345.45978851320643,196.22115987550174,19818.337147425675,win,0.5680000000000014,9818.337147425658
2025-08-17 17:55:00+00:00,2025-08-18 05:20:00+00:00,buy,25.602,24.862,26.342000000000002,24.862,267.815366857103,-198.18337147425677,19620.153775951418,loss,-0.740000000000002,9620.153775951401
2025-08-18 18:40:00+00:00,2025-08-19 01:00:00+00:00,buy,25.347,24.765,25.929000000000002,25.929000000000002,337.1160442603332,196.20153775951417,19816.35531371093,win,0.5820000000000007,9816.355313710916
2025-08-19 01:10:00+00:00,2025-08-19 01:25:00+00:00,buy,26.001,25.349,26.653000000000002,26.653000000000002,303.9318299648911,198.16355313710932,20014.51886684804,win,0.652000000000001,10014.518866848024
2025-08-19 06:05:00+00:00,2025-08-19 06:35:00+00:00,sell,24.762,25.080000000000002,24.444,24.444,629.3873857499357,200.14518866848042,20214.66405551652,win,-0.3180000000000014,10214.664055516505
2025-08-19 06:45:00+00:00,2025-08-19 07:05:00+00:00,sell,24.404,24.792,24.016,24.016,520.9964962761968,202.14664055516525,20416.810696071687,win,-0.3880000000000017,10416.81069607167
2025-08-19 07:45:00+00:00,2025-08-19 09:30:00+00:00,sell,23.926,24.498,23.353999999999996,24.498,356.9372499313215,-204.16810696071687,20212.64258911097,loss,0.5720000000000027,10212.642589110954
2025-08-19 11:30:00+00:00,2025-08-19 12:30:00+00:00,sell,24.104,24.426000000000002,23.781999999999996,24.426000000000002,627.7218195376024,-202.12642589110968,20010.516163219858,loss,0.32200000000000273,10010.516163219843
2025-08-19 12:45:00+00:00,2025-08-19 13:40:00+00:00,sell,24.176,24.486,23.865999999999996,24.486,645.5005213941843,-200.1051616321986,19810.411001587658,loss,0.3100000000000023,9810.411001587645
2025-08-19 15:30:00+00:00,2025-08-19 16:30:00+00:00,sell,24.476,24.926000000000002,24.025999999999996,24.926000000000002,440.2313555908341,-198.10411001587659,19612.30689157178,loss,0.45000000000000284,9612.306891571769
2025-08-19 16:40:00+00:00,2025-08-19 20:00:00+00:00,sell,24.371,24.963,23.778999999999996,23.778999999999996,331.2889677630356,196.12306891571785,19808.429960487498,win,-0.5920000000000023,9808.429960487487
2025-08-19 20:10:00+00:00,2025-08-20 06:30:00+00:00,sell,23.682,24.235,23.128999999999998,24.235,358.19945679000847,-198.08429960487499,19610.345660882624,loss,0.5530000000000008,9610.345660882613
2025-08-20 11:20:00+00:00,2025-08-20 11:45:00+00:00,buy,24.686,24.369999999999997,25.002000000000002,25.002000000000002,620.5805588886857,196.10345660882624,19806.44911749145,win,0.3160000000000025,9806.449117491438
2025-08-20 11:55:00+00:00,2025-08-20 14:30:00+00:00,buy,25.038,24.59,25.486,24.59,442.1082392297195,-198.0644911749145,19608.384626316536,loss,-0.4480000000000004,9608.384626316523
2025-08-20 15:00:00+00:00,2025-08-20 17:45:00+00:00,buy,25.044,24.54,25.548000000000002,25.548000000000002,389.05525052215245,196.08384626316536,19804.4684725797,win,0.5040000000000013,9804.468472579689
2025-08-20 18:05:00+00:00,2025-08-21 00:50:00+00:00,buy,25.735,24.901999999999997,26.568,26.568,237.74872115941963,198.04468472579703,20002.513157305497,win,0.833000000000002,10002.513157305486
2025-08-21 01:00:00+00:00,2025-08-21 05:15:00+00:00,buy,26.666,26.012,27.32,26.012,305.8488250352523,-200.02513157305495,19802.48802573244,loss,-0.6539999999999999,9802.488025732431
2025-08-21 12:30:00+00:00,2025-08-21 12:40:00+00:00,buy,25.889000000000003,25.61,26.168000000000006,26.168000000000006,709.7665959043798,198.0248802573244,20000.512905989766,win,0.27900000000000347,10000.512905989755
2025-08-21 12:50:00+00:00,2025-08-21 15:50:00+00:00,buy,26.289,25.659,26.919000000000004,25.659,317.4684588252331,-200.00512905989765,19800.50777692987,loss,-0.6300000000000026,9800.507776929857
2025-08-21 19:55:00+00:00,2025-08-22 06:40:00+00:00,sell,24.953,25.349,24.557,24.557,500.0128226497432,198.0050777692987,19998.51285469917,win,-0.3960000000000008,9998.512854699156
2025-08-22 07:55:00+00:00,2025-08-22 09:20:00+00:00,sell,24.729,24.935000000000002,24.522999999999996,24.935000000000002,970.8015948882947,-199.9851285469917,19798.527726152177,loss,0.20600000000000307,9798.527726152164
2025-08-22 10:45:00+00:00,2025-08-22 10:50:00+00:00,sell,24.881999999999998,25.144000000000002,24.619999999999994,25.144000000000002,755.6689971813693,-197.9852772615218,19600.542448890654,loss,0.262000000000004,9600.542448890643
2025-08-22 12:05:00+00:00,2025-08-22 13:55:00+00:00,sell,24.930999999999997,25.192,24.669999999999995,24.669999999999995,750.9786378885228,196.00542448890656,19796.54787337956,win,-0.2610000000000028,9796.54787337955
2025-08-22 14:05:00+00:00,2025-08-22 14:10:00+00:00,sell,24.618,24.824,24.411999999999995,24.411999999999995,960.9974695815177,197.9654787337956,19994.513352113358,win,-0.20600000000000307,9994.513352113345
2025-08-22 14:20:00+00:00,2025-08-22 16:40:00+00:00,sell,24.307,24.802,23.811999999999998,24.802,403.92956266895595,-199.94513352113358,19794.568218592223,loss,0.495000000000001,9794.56821859221
2025-08-22 18:40:00+00:00,2025-08-22 19:05:00+00:00,buy,26.599,25.994,27.204,27.204,327.1829457618547,197.9456821859222,19992.513900778147,win,0.6050000000000004,9992.513900778133
2025-08-22 19:25:00+00:00,2025-08-23 04:15:00+00:00,buy,27.697000000000003,26.410999999999998,28.983000000000008,26.410999999999998,155.46278305426182,-199.92513900778147,19792.588761770367,loss,-1.286000000000005,9792.588761770352
2025-08-23 07:35:00+00:00,2025-08-23 10:25:00+00:00,buy,26.099,25.839,26.359,25.839,761.2534139142402,-197.92588761770367,19594.662874152662,loss,-0.26000000000000156,9594.662874152647
2025-08-23 15:00:00+00:00,2025-08-23 15:10:00+00:00,sell,25.573,25.708000000000002,25.438,25.708000000000002,1451.4565091964769,-195.94662874152664,19398.716245411135,loss,0.13500000000000156,9398.71624541112
2025-08-23 21:05:00+00:00,2025-08-23 23:40:00+00:00,buy,26.132,25.980999999999998,26.283000000000005,25.980999999999998,1284.6831950603114,-193.98716245411134,19204.729082957023,loss,-0.15100000000000335,9204.729082957008
2025-08-24 00:05:00+00:00,2025-08-24 04:10:00+00:00,buy,26.166,25.939999999999998,26.392000000000003,25.939999999999998,849.7667735821593,-192.04729082957024,19012.681792127452,loss,-0.22600000000000264,9012.681792127438
2025-08-24 08:35:00+00:00,2025-08-24 09:20:00+00:00,sell,25.759999999999998,25.892,25.627999999999997,25.627999999999997,1440.3546812217608,190.1268179212745,19202.808610048727,win,-0.13200000000000145,9202.808610048713
2025-08-24 09:30:00+00:00,2025-08-24 13:20:00+00:00,sell,25.563,25.811,25.314999999999998,25.314999999999998,774.306798792284,192.0280861004873,19394.836696149214,win,-0.2480000000000011,9394.8366961492
2025-08-24 13:30:00+00:00,2025-08-24 14:30:00+00:00,sell,25.275,25.495,25.054999999999996,25.495,881.583486188591,-193.94836696149216,19200.88832918772,loss,0.22000000000000242,9200.888329187706
2025-08-24 16:50:00+00:00,2025-08-24 20:00:00+00:00,sell,25.654999999999998,25.89,25.419999999999995,25.89,817.059077837765,-192.00888329187723,19008.879445895844,loss,0.23500000000000298,9008.87944589583
2025-08-24 21:15:00+00:00,2025-08-24 22:05:00+00:00,buy,26.211000000000002,25.852,26.570000000000004,26.570000000000004,529.4952491892966,190.0887944589584,19198.968240354803,win,0.35900000000000176,9198.968240354787
2025-08-25 00:25:00+00:00,2025-08-25 01:30:00+00:00,buy,26.063000000000002,25.663,26.463000000000005,25.663,479.97420600886755,-191.98968240354804,19006.978557951254,loss,-0.40000000000000213,9006.978557951239
2025-08-25 01:55:00+00:00,2025-08-25 03:30:00+00:00,buy,26.043000000000003,25.625,26.461000000000006,25.625,454.7124056926107,-190.06978557951254,18816.908772371742,loss,-0.4180000000000028,8816.908772371726
2025-08-25 04:05:00+00:00,2025-08-25 04:45:00+00:00,buy,25.658,25.29,26.026000000000003,26.026000000000003,511.32904272749005,188.1690877237174,19005.077860095458,win,0.3680000000000021,9005.077860095444
2025-08-25 05:00:00+00:00,2025-08-25 07:10:00+00:00,buy,26.321,25.796,26.846000000000004,25.796,362.0014830494358,-190.05077860095457,18815.027081494503,loss,-0.5250000000000021,8815.027081494489
2025-08-25 09:35:00+00:00,2025-08-25 09:55:00+00:00,sell,25.738,25.949,25.526999999999997,25.526999999999997,891.7074446205838,188.15027081494503,19003.17735230945,win,-0.21100000000000207,9003.177352309434
2025-08-25 10:05:00+00:00,2025-08-25 10:50:00+00:00,sell,25.480999999999998,25.967000000000002,24.994999999999994,24.994999999999994,391.01187967714577,190.0317735230945,19193.20912583254,win,-0.4860000000000042,9193.209125832529
2025-08-25 11:00:00+00:00,2025-08-25 21:40:00+00:00,sell,24.781,25.344,24.217999999999996,24.217999999999996,340.9095759472906,191.9320912583254,19385.141217090866,win,-0.5630000000000024,9385.141217090855
2025-08-25 22:15:00+00:00,2025-08-25 22:55:00+00:00,sell,24.102,24.434,23.77,23.77,583.8897956955068,193.85141217090867,19578.992629261775,win,-0.33200000000000074,9578.992629261764
2025-08-25 23:10:00+00:00,2025-08-25 23:30:00+00:00,sell,23.593999999999998,23.983,23.204999999999995,23.204999999999995,503.31600589361517,195.78992629261776,19774.782555554393,win,-0.3890000000000029,9774.782555554382
2025-08-25 23:40:00+00:00,2025-08-26 15:30:00+00:00,sell,23.160999999999998,23.822000000000003,22.499999999999993,23.822000000000003,299.1646377542246,-197.74782555554393,19577.03472999885,loss,0.6610000000000049,9577.034729998839
2025-08-26 21:25:00+00:00,2025-08-26 22:55:00+00:00,buy,24.164,23.907,24.421000000000003,24.421000000000003,761.7523241244646,195.77034729998852,19772.80507729884,win,0.25700000000000145,9772.805077298828
2025-08-26 23:10:00+00:00,2025-08-27 03:45:00+00:00,buy,24.48,24.171,24.789,24.171,639.8966044433259,-197.72805077298838,19575.07702652585,loss,-0.30900000000000105,9575.07702652584
2025-08-27 05:20:00+00:00,2025-08-27 06:50:00+00:00,buy,24.212,23.971,24.453,24.453,812.2438600218208,195.75077026525852,19770.82779679111,win,0.24099999999999966,9770.827796791098
2025-08-27 07:05:00+00:00,2025-08-27 09:45:00+00:00,buy,24.522000000000002,24.073,24.971000000000004,24.073,440.33024046305206,-197.7082779679111,19573.119518823198,loss,-0.4490000000000016,9573.119518823187
2025-08-27 11:55:00+00:00,2025-08-27 12:20:00+00:00,buy,24.241,23.99,24.492,24.492,779.8055585188488,195.731195188232,19768.85071401143,win,0.2510000000000012,9768.850714011418
2025-08-27 12:30:00+00:00,2025-08-27 15:10:00+00:00,buy,24.540000000000003,24.189999999999998,24.890000000000008,24.189999999999998,564.8243061146044,-197.68850714011435,19571.162206871315,loss,-0.350000000000005,9571.162206871304
2025-08-27 17:30:00+00:00,2025-08-27 22:10:00+00:00,buy,24.491,24.06,24.922,24.06,454.0872901826281,-195.71162206871315,19375.450584802602,loss,-0.43100000000000094,9375.450584802591
2025-08-27 23:20:00+00:00,2025-08-27 23:25:00+00:00,buy,24.342000000000002,24.119999999999997,24.564000000000007,24.119999999999997,872.7680443604585,-193.754505848026,19181.696078954577,loss,-0.22200000000000486,9181.696078954565
2025-08-28 01:05:00+00:00,2025-08-28 01:10:00+00:00,sell,23.915,24.181,23.648999999999997,23.648999999999997,721.116393945656,191.8169607895458,19373.513039744124,win,-0.2660000000000018,9373.51303974411
2025-08-28 02:40:00+00:00,2025-08-28 07:15:00+00:00,sell,23.744,23.962,23.526,23.962,888.6932587038591,-193.73513039744125,19179.77790934668,loss,0.21799999999999997,9179.777909346669
2025-08-28 12:05:00+00:00,2025-08-28 13:00:00+00:00,sell,23.897,24.169,23.624999999999996,23.624999999999996,705.1388937259758,191.79777909346683,19371.57568844015,win,-0.272000000000002,9371.575688440136
2025-08-28 16:40:00+00:00,2025-08-28 16:45:00+00:00,buy,24.07,23.872999999999998,24.267000000000003,24.267000000000003,983.3287151492325,193.7157568844015,19565.29144532455,win,0.19700000000000273,9565.291445324538
2025-08-28 16:55:00+00:00,2025-08-29 09:35:00+00:00,buy,25.089000000000002,23.802999999999997,26.375000000000007,23.802999999999997,152.140679979195,-195.65291445324553,19369.638530871303,loss,-1.286000000000005,9369.638530871292
2025-08-29 10:05:00+00:00,2025-08-29 15:30:00+00:00,sell,23.653,24.083000000000002,23.222999999999995,24.083000000000002,450.4567100202595,-193.69638530871305,19175.94214556259,loss,0.43000000000000327,9175.94214556258
2025-08-29 16:30:00+00:00,2025-09-01 19:00:00+00:00,sell,23.412,24.138,22.685999999999996,22.685999999999996,264.13143451188046,191.7594214556259,19367.701567018215,win,-0.7260000000000026,9367.701567018206
2025-09-01 20:20:00+00:00,2025-09-01 23:35:00+00:00,sell,22.648,22.863,22.433,22.433,900.8233286985222,193.67701567018216,19561.378582688398,win,-0.21499999999999986,9561.378582688389
2025-09-01 23:45:00+00:00,2025-09-02 05:05:00+00:00,sell,22.387,22.774,22.0,22.774,505.4619788808365,-195.61378582688397,19365.764796861513,loss,0.38700000000000045,9365.764796861504
2025-09-02 09:05:00+00:00,2025-09-02 10:50:00+00:00,buy,23.372,23.183,23.561,23.183,1024.6436400455823,-193.65764796861512,19172.107148892897,loss,-0.18900000000000006,9172.107148892888
2025-09-02 11:40:00+00:00,2025-09-02 14:50:00+00:00,buy,23.351000000000003,23.122999999999998,23.579000000000008,23.122999999999998,840.8818924952838,-191.72107148892897,18980.386077403968,loss,-0.2280000000000051,8980.386077403959
2025-09-02 16:35:00+00:00,2025-09-03 01:15:00+00:00,buy,23.061,22.599999999999998,23.522000000000002,23.522000000000002,411.7220407245962,189.8038607740397,19170.189938178006,win,0.4610000000000021,9170.189938177999
2025-09-03 01:45:00+00:00,2025-09-03 03:15:00+00:00,buy,23.562,23.360999999999997,23.763000000000005,23.360999999999997,953.7407929441601,-191.70189938178007,18978.488038796226,loss,-0.20100000000000406,8978.488038796218
2025-09-03 04:50:00+00:00,2025-09-03 04:55:00+00:00,buy,23.343,23.183,23.503,23.503,1186.155502424763,189.78488038796223,19168.272919184186,win,0.16000000000000014,9168.27291918418
2025-09-03 05:20:00+00:00,2025-09-04 05:00:00+00:00,buy,23.559,23.171,23.947000000000003,23.947000000000003,494.02765255629134,191.68272919184187,19359.955648376028,win,0.3880000000000017,9359.955648376023
2025-09-04 09:25:00+00:00,2025-09-04 11:05:00+00:00,sell,23.198,23.334,23.062,23.334,1423.5261506158924,-193.59955648376027,19166.356091892267,loss,0.13599999999999923,9166.356091892263
2025-09-04 12:30:00+00:00,2025-09-04 13:10:00+00:00,sell,23.201999999999998,23.302,23.101999999999997,23.302,1916.6356091891996,-191.66356091892268,18974.692530973345,loss,0.10000000000000142,8974.69253097334
2025-09-04 15:35:00+00:00,2025-09-04 17:05:00+00:00,sell,23.205,23.411,22.998999999999995,22.998999999999995,921.1015791734496,189.74692530973346,19164.43945628308,win,-0.20600000000000307,9164.439456283073
2025-09-04 18:00:00+00:00,2025-09-04 18:30:00+00:00,sell,22.884999999999998,23.214000000000002,22.555999999999994,22.555999999999994,582.5057585496303,191.6443945628308,19356.08385084591,win,-0.3290000000000042,9356.083850845904
2025-09-04 18:50:00+00:00,2025-09-05 10:30:00+00:00,sell,22.471999999999998,22.875,22.068999999999996,22.875,480.2998474155286,-193.56083850845909,19162.52301233745,loss,0.40300000000000225,9162.523012337444
2025-09-05 15:20:00+00:00,2025-09-05 15:30:00+00:00,buy,22.902,22.773,23.031000000000002,22.773,1485.4669001811824,-191.6252301233745,18970.897782214073,loss,-0.12900000000000134,8970.89778221407
2025-09-05 16:00:00+00:00,2025-09-05 17:15:00+00:00,buy,23.200000000000003,22.701,23.699000000000005,22.701,380.1783122688173,-189.70897782214072,18781.18880439193,loss,-0.49900000000000233,8781.188804391928
2025-09-05 20:05:00+00:00,2025-09-05 22:35:00+00:00,sell,22.121,22.432000000000002,21.809999999999995,22.432000000000002,603.8967461219203,-187.8118880439193,18593.376916348014,loss,0.3110000000000035,8593.376916348008
2025-09-06 00:15:00+00:00,2025-09-06 18:50:00+00:00,sell,22.291999999999998,22.552,22.031999999999996,22.031999999999996,715.1298813979963,185.93376916348015,18779.310685511493,win,-0.26000000000000156,8779.31068551149
2025-09-06 20:25:00+00:00,2025-09-06 22:45:00+00:00,sell,22.105,22.304000000000002,21.906,21.906,943.683954045796,187.79310685511493,18967.103792366608,win,-0.19900000000000162,8967.103792366604
2025-09-07 10:35:00+00:00,2025-09-07 11:20:00+00:00,buy,22.313000000000002,22.223,22.403000000000006,22.403000000000006,2107.4559769295433,189.6710379236661,19156.774830290273,win,0.09000000000000341,9156.774830290271
2025-09-07 14:40:00+00:00,2025-09-07 14:50:00+00:00,buy,22.290000000000003,22.194,22.386000000000006,22.386000000000006,1995.4973781551612,191.56774830290274,19348.342578593176,win,0.09600000000000364,9348.342578593174
2025-09-07 16:10:00+00:00,2025-09-07 17:05:00+00:00,buy,22.289,22.180999999999997,22.397000000000006,22.397000000000006,1791.5132017215224,193.48342578593176,19541.82600437911,win,0.10800000000000409,9541.826004379105
2025-09-07 18:40:00+00:00,2025-09-07 19:15:00+00:00,buy,22.43,22.302,22.558,22.302,1526.7051565921165,-195.4182600437911,19346.407744335316,loss,-0.1280000000000001,9346.407744335314
2025-09-07 21:35:00+00:00,2025-09-08 01:15:00+00:00,sell,22.151,22.3,22.002,22.3,1298.4166271365905,-193.46407744335318,19152.943666891962,loss,0.1490000000000009,9152.94366689196
2025-09-08 01:25:00+00:00,2025-09-08 01:55:00+00:00,buy,22.332,22.191,22.473000000000003,22.473000000000003,1358.3647990703348,191.52943666891963,19344.473103560882,win,0.1410000000000018,9344.47310356088
2025-09-08 02:05:00+00:00,2025-09-08 04:15:00+00:00,buy,22.509,22.273,22.745,22.273,819.6810637102045,-193.4447310356088,19151.028372525274,loss,-0.23600000000000065,9151.028372525272
2025-09-08 05:15:00+00:00,2025-09-08 05:50:00+00:00,buy,22.351000000000003,22.203,22.499000000000006,22.499000000000006,1293.9884035489767,191.51028372525275,19342.538656250526,win,0.14800000000000324,9342.538656250525
2025-09-08 06:00:00+00:00,2025-09-08 12:20:00+00:00,buy,22.531000000000002,22.261,22.801000000000005,22.801000000000005,716.3903206018631,193.42538656250528,19535.964042813033,win,0.2700000000000031,9535.96404281303
2025-09-08 12:50:00+00:00,2025-09-08 16:10:00+00:00,buy,22.851000000000003,22.461,23.241000000000007,23.241000000000007,500.92215494391866,195.35964042813035,19731.323683241164,win,0.3900000000000041,9731.32368324116
2025-09-08 17:30:00+00:00,2025-09-08 23:25:00+00:00,buy,23.118000000000002,22.858,23.378000000000004,22.858,758.8970647400402,-197.31323683241163,19534.010446408753,loss,-0.26000000000000156,9534.010446408749
2025-09-09 00:40:00+00:00,2025-09-09 04:05:00+00:00,buy,23.036,22.81,23.262000000000004,23.262000000000004,864.3367454163064,195.34010446408752,19729.35055087284,win,0.22600000000000264,9729.350550872836
2025-09-09 06:50:00+00:00,2025-09-09 09:00:00+00:00,buy,23.078,22.811,23.345,23.345,738.926986924078,197.29350550872843,19926.64405638157,win,0.26699999999999946,9926.644056381565
2025-09-09 09:10:00+00:00,2025-09-09 17:35:00+00:00,buy,23.449,23.041,23.857000000000003,23.041,488.3981386368017,-199.2664405638157,19727.377615817753,loss,-0.40800000000000125,9727.37761581775
2025-09-09 22:15:00+00:00,2025-09-09 22:25:00+00:00,sell,22.910999999999998,23.03,22.791999999999994,23.03,1657.7628248585884,-197.27377615817753,19530.103839659576,loss,0.11900000000000333,9530.103839659572
2025-09-10 01:05:00+00:00,2025-09-10 05:20:00+00:00,sell,22.959999999999997,23.21,22.709999999999994,23.21,781.204153586372,-195.30103839659577,19334.80280126298,loss,0.25000000000000355,9334.802801262977
2025-09-10 08:30:00+00:00,2025-09-10 09:40:00+00:00,buy,23.312,23.141,23.483000000000004,23.483000000000004,1130.6902222960614,193.3480280126298,19528.15082927561,win,0.17100000000000293,9528.150829275606
2025-09-10 09:50:00+00:00,2025-09-10 10:30:00+00:00,buy,23.522000000000002,23.291999999999998,23.752000000000006,23.291999999999998,849.0500360554466,-195.28150829275611,19332.869320982856,loss,-0.23000000000000398,9332.86932098285
2025-09-10 15:10:00+00:00,2025-09-10 15:30:00+00:00,buy,23.372,23.241,23.503,23.503,1475.791551220063,193.32869320982857,19526.198014192683,win,0.13100000000000023,9526.19801419268
2025-09-10 16:05:00+00:00,2025-09-10 22:25:00+00:00,buy,23.75,23.311,24.189,23.311,444.78810966270345,-195.26198014192684,19330.936034050756,loss,-0.43900000000000006,9330.936034050754
2025-09-11 00:05:00+00:00,2025-09-11 00:45:00+00:00,buy,23.381,23.261,23.501,23.501,1610.911336170883,193.30936034050757,19524.245394391262,win,0.120000000000001,9524.24539439126
2025-09-11 00:55:00+00:00,2025-09-11 04:05:00+00:00,buy,23.531000000000002,23.39,23.672000000000004,23.672000000000004,1384.6982549213487,195.24245394391266,19719.487848335175,win,0.1410000000000018,9719.487848335173
2025-09-11 04:15:00+00:00,2025-09-11 15:10:00+00:00,buy,23.708000000000002,23.47,23.946000000000005,23.946000000000005,828.5499095939041,197.19487848335174,19916.682726818526,win,0.2380000000000031,9916.682726818524
2025-09-11 21:10:00+00:00,2025-09-11 22:35:00+00:00,buy,23.741,23.601,23.881,23.881,1422.6201947727461,199.16682726818527,20115.84955408671,win,0.14000000000000057,10115.84955408671
2025-09-11 22:50:00+00:00,2025-09-11 23:20:00+00:00,buy,23.918000000000003,23.741,24.095000000000006,24.095000000000006,1136.4886753721103,201.1584955408671,20317.00804962758,win,0.17700000000000315,10317.008049627577
2025-09-12 01:20:00+00:00,2025-09-12 02:00:00+00:00,buy,24.239,24.08,24.398000000000003,24.398000000000003,1277.7992484042304,203.1700804962758,20520.178130123855,win,0.15900000000000247,10520.178130123853
2025-09-12 02:15:00+00:00,2025-09-12 03:40:00+00:00,buy,24.429000000000002,24.299999999999997,24.558000000000007,24.558000000000007,1590.7114829552775,205.20178130123855,20725.379911425094,win,0.1290000000000049,10725.379911425092
2025-09-12 05:20:00+00:00,2025-09-12 07:40:00+00:00,buy,24.591,24.41,24.772000000000002,24.772000000000002,1145.0486138908832,207.25379911425094,20932.633710539347,win,0.18100000000000094,10932.633710539343
2025-09-12 12:45:00+00:00,2025-09-12 13:05:00+00:00,buy,24.5,24.362,24.638,24.362,1516.857515256456,-209.3263371053935,20723.307373433952,loss,-0.13800000000000168,10723.30737343395
2025-09-12 16:30:00+00:00,2025-09-12 17:00:00+00:00,buy,24.408,24.218,24.598000000000003,24.598000000000003,1090.700388075464,207.23307373433954,20930.540447168292,win,0.19000000000000128,10930.54044716829
2025-09-12 19:20:00+00:00,2025-09-12 20:45:00+00:00,buy,24.561,24.381999999999998,24.740000000000002,24.740000000000002,1169.3039355959806,209.30540447168292,21139.845851639977,win,0.17900000000000205,11139.845851639973
2025-09-12 21:05:00+00:00,2025-09-12 22:40:00+00:00,buy,24.829,24.63,25.028000000000002,25.028000000000002,1062.3038116401913,211.39845851639978,21351.244310156377,win,0.19900000000000162,11351.244310156373
2025-09-12 22:50:00+00:00,2025-09-13 11:15:00+00:00,buy,25.111,24.901999999999997,25.320000000000004,25.320000000000004,1021.5906368495719,213.51244310156378,21564.75675325794,win,0.20900000000000318,11564.756753257936
2025-09-13 11:25:00+00:00,2025-09-13 14:15:00+00:00,buy,25.39,25.110999999999997,25.669000000000004,25.110999999999997,772.9303495791281,-215.64756753257942,21349.109185725363,loss,-0.27900000000000347,11349.109185725356
2025-09-13 15:45:00+00:00,2025-09-13 16:45:00+00:00,buy,25.302,25.163999999999998,25.44,25.163999999999998,1547.036897516312,-213.49109185725365,21135.61809386811,loss,-0.13800000000000168,11135.618093868103
2025-09-14 00:30:00+00:00,2025-09-14 04:20:00+00:00,sell,24.840999999999998,24.991,24.690999999999995,24.690999999999995,1409.041206257854,211.3561809386811,21346.97427480679,win,-0.15000000000000213,11346.974274806784
2025-09-14 06:50:00+00:00,2025-09-14 07:05:00+00:00,sell,24.77,24.950000000000003,24.589999999999996,24.589999999999996,1185.9430152670225,213.46974274806792,21560.44401755486,win,-0.18000000000000327,11560.444017554852
2025-09-14 07:15:00+00:00,2025-09-14 08:55:00+00:00,sell,24.549999999999997,24.830000000000002,24.269999999999992,24.830000000000002,770.0158577698036,-215.6044401755486,21344.83957737931,loss,0.2800000000000047,11344.839577379304
2025-09-14 09:20:00+00:00,2025-09-14 10:45:00+00:00,sell,24.743,24.87,24.615999999999996,24.615999999999996,1680.696029714874,213.4483957737931,21558.287973153103,win,-0.12700000000000244,11558.287973153097
2025-09-14 10:55:00+00:00,2025-09-14 13:20:00+00:00,sell,24.572,24.75,24.394,24.75,1211.1397737726406,-215.58287973153102,21342.705093421573,loss,0.17800000000000082,11342.705093421566
2025-09-14 13:45:00+00:00,2025-09-14 14:25:00+00:00,sell,24.622999999999998,24.781000000000002,24.464999999999993,24.464999999999993,1350.8041198367675,213.42705093421577,21556.13214435579,win,-0.1580000000000048,11556.13214435578
2025-09-14 14:35:00+00:00,2025-09-14 16:30:00+00:00,sell,24.422,24.681,24.163,24.163,832.2830943766704,215.56132144355792,21771.693465799348,win,-0.25900000000000034,11771.693465799339
2025-09-14 16:45:00+00:00,2025-09-14 17:35:00+00:00,sell,24.131999999999998,24.331,23.932999999999996,23.932999999999996,1094.054948030109,217.71693465799348,21989.410400457342,win,-0.19900000000000162,11989.410400457333
2025-09-14 17:45:00+00:00,2025-09-14 20:45:00+00:00,sell,23.878999999999998,24.243000000000002,23.514999999999993,24.243000000000002,604.1046813312385,-219.8941040045734,21769.51629645277,loss,0.3640000000000043,11769.516296452759
2025-09-14 21:15:00+00:00,2025-09-15 00:40:00+00:00,sell,24.122,24.279,23.965,24.279,1386.59339467852,-217.6951629645277,21551.821133488244,loss,0.15700000000000003,11551.82113348823
2025-09-15 02:15:00+00:00,2025-09-15 08:50:00+00:00,sell,24.124,24.403000000000002,23.844999999999995,24.403000000000002,772.4667072934758,-215.51821133488244,21336.30292215336,loss,0.27900000000000347,11336.302922153349
2025-09-15 09:15:00+00:00,2025-09-15 09:30:00+00:00,sell,24.323,24.453,24.193,24.193,1641.2540709348866,213.36302922153362,21549.665951374896,win,-0.129999999999999,11549.665951374882
2025-09-15 09:40:00+00:00,2025-09-15 10:40:00+00:00,sell,24.113999999999997,24.433,23.794999999999995,23.794999999999995,675.5381175979536,215.49665951374897,21765.162610888645,win,-0.3190000000000026,11765.16261088863
2025-09-15 11:00:00+00:00,2025-09-15 18:15:00+00:00,sell,23.711,24.284000000000002,23.137999999999995,23.137999999999995,379.84576982353394,217.65162610888646,21982.814236997532,win,-0.573000000000004,11982.814236997518
2025-09-15 18:30:00+00:00,2025-09-15 21:55:00+00:00,sell,23.081,23.322000000000003,22.839999999999996,23.322000000000003,912.1499683401344,-219.82814236997532,21762.98609462756,loss,0.2410000000000032,11762.986094627542
2025-09-16 02:40:00+00:00,2025-09-16 04:55:00+00:00,sell,23.554,23.673000000000002,23.434999999999995,23.434999999999995,1828.8223608930211,217.62986094627558,21980.615955573834,win,-0.11900000000000333,11980.615955573818
2025-09-16 06:20:00+00:00,2025-09-16 07:05:00+00:00,sell,23.404,23.523,23.285,23.285,1847.1105845020063,219.80615955573833,22200.42211512957,win,-0.11899999999999977,12200.422115129557
2025-09-16 07:15:00+00:00,2025-09-16 08:35:00+00:00,sell,23.232,23.455000000000002,23.008999999999997,23.455000000000002,995.5346239968305,-222.00422115129572,21978.417893978276,loss,0.22300000000000253,11978.417893978261
2025-09-16 09:30:00+00:00,2025-09-16 11:00:00+00:00,sell,23.371,23.562,23.179999999999996,23.562,1150.7025075381146,-219.78417893978275,21758.633715038493,loss,0.1910000000000025,11758.633715038479
2025-09-16 17:10:00+00:00,2025-09-16 20:05:00+00:00,sell,23.224,23.563000000000002,22.884999999999998,23.563000000000002,641.8476022135208,-217.58633715038494,21541.04737788811,loss,0.3390000000000022,11541.047377888093
2025-09-16 21:30:00+00:00,2025-09-17 01:10:00+00:00,sell,23.511,23.721,23.301,23.721,1025.7641608518106,-215.4104737788811,21325.63690410923,loss,0.21000000000000085,11325.636904109213
2025-09-17 06:35:00+00:00,2025-09-17 13:35:00+00:00,sell,23.378999999999998,23.651,23.106999999999996,23.106999999999996,784.0307685334217,213.25636904109228,21538.893273150323,win,-0.272000000000002,11538.893273150305
2025-09-17 13:50:00+00:00,2025-09-17 15:15:00+00:00,sell,23.076,23.264000000000003,22.887999999999998,22.887999999999998,1145.6858124015985,215.38893273150325,21754.282205881827,win,-0.1880000000000024,11754.282205881807
2025-09-17 15:40:00+00:00,2025-09-17 20:35:00+00:00,sell,22.811,23.124000000000002,22.497999999999998,23.124000000000002,695.0249906032479,-217.54282205881827,21536.73938382301,loss,0.3130000000000024,11536.73938382299
2025-09-17 20:55:00+00:00,2025-09-17 21:00:00+00:00,sell,22.944,23.203,22.685,23.203,831.5343391437444,-215.3673938382301,21321.37198998478,loss,0.25900000000000034,11321.371989984758
2025-09-18 01:05:00+00:00,2025-09-18 01:20:00+00:00,buy,23.764000000000003,23.525,24.003000000000007,24.003000000000007,892.1076146436984,213.21371989984777,21534.585709884625,win,0.23900000000000432,11534.585709884606
2025-09-18 01:30:00+00:00,2025-09-18 18:00:00+00:00,buy,24.039,23.645,24.433000000000003,24.433000000000003,546.5630890833635,215.34585709884624,21749.931566983472,win,0.3940000000000019,11749.931566983452
2025-09-18 18:45:00+00:00,2025-09-19 01:35:00+00:00,buy,24.48,24.270999999999997,24.689000000000004,24.689000000000004,1040.6665821523034,217.49931566983471,21967.43088265331,win,0.20900000000000318,11967.430882653287
2025-09-19 03:30:00+00:00,2025-09-19 06:35:00+00:00,buy,24.71,24.511,24.909000000000002,24.511,1103.890999128298,-219.6743088265331,21747.756573826777,loss,-0.19900000000000162,11747.756573826753
2025-09-19 07:50:00+00:00,2025-09-19 10:45:00+00:00,buy,24.48,24.221,24.739,24.739,839.6817209971717,217.47756573826777,21965.234139565044,win,0.25900000000000034,11965.23413956502
2025-09-19 11:00:00+00:00,2025-09-19 12:40:00+00:00,buy,24.789,24.401999999999997,25.176000000000005,24.401999999999997,567.5771095494785,-219.65234139565044,21745.581798169394,loss,-0.387000000000004,11745.581798169369
2025-09-19 16:30:00+00:00,2025-09-19 16:50:00+00:00,sell,23.762,23.941000000000003,23.583,23.941000000000003,1214.8369719647567,-217.45581798169394,21528.125980187702,loss,0.17900000000000205,11528.125980187675
2025-09-19 17:45:00+00:00,2025-09-19 18:05:00+00:00,sell,23.721,24.0,23.442,23.442,771.6174186447207,215.281259801877,21743.407239989578,win,-0.2789999999999999,11743.407239989552
2025-09-19 18:20:00+00:00,2025-09-22 03:20:00+00:00,sell,23.331999999999997,23.801000000000002,22.862999999999992,22.862999999999992,463.61209466928267,217.43407239989577,21960.841312389475,win,-0.46900000000000475,11960.841312389448
2025-09-22 03:30:00+00:00,2025-09-22 03:35:00+00:00,sell,22.826,23.062,22.59,22.59,930.5441234063312,219.60841312389476,22180.44972551337,win,-0.23600000000000065,12180.449725513343
2025-09-22 03:45:00+00:00,2025-09-22 08:55:00+00:00,sell,22.358,22.992,21.724,21.724,349.8493647557312,221.8044972551337,22402.2542227685,win,-0.6340000000000003,12402.254222768477
2025-09-22 09:05:00+00:00,2025-09-22 09:10:00+00:00,sell,21.637999999999998,22.063000000000002,21.212999999999994,21.212999999999994,527.1118640651359,224.02254222768502,22626.276764996186,win,-0.42500000000000426,12626.276764996162
2025-09-22 12:35:00+00:00,2025-09-22 13:50:00+00:00,sell,21.173,21.312,21.033999999999995,21.312,1627.7896953234326,-226.26276764996186,22400.013997346225,loss,0.1390000000000029,12400.013997346201
2025-09-22 18:20:00+00:00,2025-09-22 22:35:00+00:00,sell,21.273999999999997,21.441000000000003,21.106999999999992,21.106999999999992,1341.3182034338643,224.00013997346224,22624.014137319686,win,-0.16700000000000514,12624.014137319664
2025-09-23 01:40:00+00:00,2025-09-23 02:45:00+00:00,sell,21.493,21.633000000000003,21.352999999999994,21.633000000000003,1616.0010098085013,-226.24014137319685,22397.77399594649,loss,0.14000000000000412,12397.773995946467
2025-09-23 03:40:00+00:00,2025-09-23 05:00:00+00:00,sell,21.563,21.691000000000003,21.434999999999995,21.434999999999995,1749.8260934332693,223.97773995946488,22621.751735905953,win,-0.12800000000000367,12621.751735905931
2025-09-23 05:30:00+00:00,2025-09-23 06:00:00+00:00,sell,21.398,21.604000000000003,21.191999999999997,21.191999999999997,1098.143288150758,226.21751735905954,22847.96925326501,win,-0.20600000000000307,12847.969253264991
2025-09-23 07:20:00+00:00,2025-09-23 09:10:00+00:00,sell,21.462999999999997,21.664,21.261999999999993,21.664,1136.714888222117,-228.47969253265015,22619.48956073236,loss,0.20100000000000406,12619.489560732341
2025-09-23 13:05:00+00:00,2025-09-23 17:05:00+00:00,buy,21.802,21.642999999999997,21.961000000000002,21.961000000000002,1422.6094063353464,226.1948956073236,22845.684456339684,win,0.15900000000000247,12845.684456339664
2025-09-23 19:50:00+00:00,2025-09-23 20:35:00+00:00,buy,21.923000000000002,21.704,22.142000000000003,21.704,1043.181938645642,-228.45684456339686,22617.22761177629,loss,-0.2190000000000012,12617.227611776267
2025-09-23 23:55:00+00:00,2025-09-24 03:05:00+00:00,buy,21.695,21.491,21.899,21.491,1108.687628028246,-226.1722761177629,22391.055335658526,loss,-0.20400000000000063,12391.055335658504
2025-09-24 05:15:00+00:00,2025-09-24 06:25:00+00:00,sell,21.421,21.624000000000002,21.217999999999996,21.217999999999996,1103.007652002867,223.91055335658524,22614.96588901511,win,-0.20300000000000296,12614.96588901509
2025-09-24 07:05:00+00:00,2025-09-24 08:35:00+00:00,sell,21.134,21.586000000000002,20.682,21.586000000000002,500.3311037392705,-226.14965889015113,22388.81623012496,loss,0.45200000000000173,12388.816230124938
2025-09-24 14:10:00+00:00,2025-09-24 16:30:00+00:00,buy,21.792,21.642999999999997,21.941000000000006,21.642999999999997,1502.6051161157243,-223.88816230124962,22164.928067823712,loss,-0.14900000000000446,12164.928067823688
2025-09-24 17:40:00+00:00,2025-09-25 03:20:00+00:00,buy,21.762,21.512999999999998,22.011000000000003,21.512999999999998,890.1577537278516,-221.64928067823712,21943.278787145475,loss,-0.24900000000000233,11943.278787145451
2025-09-25 03:35:00+00:00,2025-09-25 05:20:00+00:00,sell,21.432,21.674,21.189999999999998,21.189999999999998,906.7470573200577,219.43278787145476,22162.71157501693,win,-0.24200000000000088,12162.711575016905
2025-09-25 07:15:00+00:00,2025-09-25 14:15:00+00:00,sell,21.131999999999998,21.442,20.821999999999996,20.821999999999996,714.9261798392505,221.62711575016928,22384.338690767097,win,-0.3100000000000023,12384.338690767074
2025-09-25 14:45:00+00:00,2025-09-25 15:25:00+00:00,sell,20.746,20.995,20.496999999999996,20.496999999999996,898.9694253320035,223.84338690767098,22608.18207767477,win,-0.24900000000000233,12608.182077674745
2025-09-25 17:50:00+00:00,2025-09-25 19:15:00+00:00,sell,20.954,21.163,20.745,20.745,1081.731199888747,226.08182077674772,22834.263898451518,win,-0.20899999999999963,12834.263898451492
2025-09-25 19:25:00+00:00,2025-09-25 19:50:00+00:00,sell,20.674999999999997,20.924,20.425999999999995,20.425999999999995,917.038710781177,228.3426389845152,23062.606537436033,win,-0.24900000000000233,13062.606537436008
2025-09-25 20:00:00+00:00,2025-09-25 20:35:00+00:00,sell,20.381,20.693,20.069,20.069,739.1861069691009,230.62606537436037,23293.232602810393,win,-0.31200000000000117,13293.232602810369
2025-09-25 20:55:00+00:00,2025-09-25 21:40:00+00:00,sell,19.965,20.362000000000002,19.567999999999998,20.362000000000002,586.7312998188986,-232.93232602810394,23060.300276782287,loss,0.397000000000002,13060.300276782265
2025-09-25 22:55:00+00:00,2025-09-26 02:30:00+00:00,sell,20.401,20.671,20.131,20.131,854.0851954363824,230.6030027678229,23290.90327955011,win,-0.2699999999999996,13290.903279550088
2025-09-26 02:40:00+00:00,2025-09-26 03:55:00+00:00,sell,20.04,20.377000000000002,19.702999999999996,20.377000000000002,691.1247263961391,-232.90903279550113,23057.99424675461,loss,0.3370000000000033,13057.994246754586
2025-09-26 07:35:00+00:00,2025-09-26 09:10:00+00:00,sell,20.436,20.617,20.255,20.255,1273.9223340748338,230.57994246754612,23288.574189222156,win,-0.18100000000000094,13288.574189222132
2025-09-26 10:30:00+00:00,2025-09-26 11:15:00+00:00,sell,20.284,20.474,20.093999999999998,20.474,1225.7144310116842,-232.88574189222155,23055.688447329936,loss,0.19000000000000128,13055.68844732991
2025-09-26 12:30:00+00:00,2025-09-26 13:05:00+00:00,sell,20.282,20.483,20.081,20.081,1147.0491764840735,230.55688447329936,23286.245331803235,win,-0.2010000000000005,13286.24533180321
2025-09-26 13:15:00+00:00,2025-09-26 15:30:00+00:00,sell,20.035,20.303,19.767,20.303,868.8897511866857,-232.86245331803235,23053.3828784852,loss,0.2680000000000007,13053.382878485178
2025-09-26 20:10:00+00:00,2025-09-26 21:00:00+00:00,buy,20.883000000000003,20.645,21.121000000000006,21.121000000000006,968.6295327094496,230.533828784852,23283.916707270055,win,0.2380000000000031,13283.91670727003
2025-09-26 21:15:00+00:00,2025-09-26 22:30:00+00:00,buy,21.202,20.924999999999997,21.479000000000006,20.924999999999997,840.5746103707462,-232.83916707270055,23051.077540197355,loss,-0.2770000000000046,13051.07754019733
2025-09-27 00:55:00+00:00,2025-09-27 11:05:00+00:00,buy,21.053,20.881,21.225,20.881,1340.1789267556555,-230.51077540197355,22820.56676479538,loss,-0.1720000000000006,12820.566764795356
2025-09-27 11:35:00+00:00,2025-09-27 20:00:00+00:00,buy,20.975,20.805999999999997,21.144000000000005,20.805999999999997,1350.3293943665583,-228.2056676479538,22592.361097147426,loss,-0.16900000000000404,12592.361097147403
2025-09-28 03:05:00+00:00,2025-09-28 04:05:00+00:00,sell,20.857,20.966,20.747999999999998,20.747999999999998,2072.693678637345,225.92361097147423,22818.2847081189,win,-0.10900000000000176,12818.284708118877
2025-09-28 04:35:00+00:00,2025-09-28 13:00:00+00:00,sell,20.703,20.898,20.508,20.508,1170.1684465701983,228.182847081189,23046.467555200088,win,-0.19500000000000028,13046.467555200066
2025-09-28 14:20:00+00:00,2025-09-28 15:30:00+00:00,sell,20.555999999999997,20.664,20.447999999999993,20.447999999999993,2133.9321810369643,230.46467555200087,23276.93223075209,win,-0.10800000000000409,13276.932230752067
2025-09-28 19:05:00+00:00,2025-09-28 19:15:00+00:00,buy,21.015,20.851,21.179000000000002,21.179000000000002,1419.325136021456,232.7693223075209,23509.70155305961,win,0.16400000000000148,13509.701553059587
2025-09-28 20:00:00+00:00,2025-09-29 01:05:00+00:00,buy,21.225,20.926,21.524000000000004,21.524000000000004,786.2776439150292,235.09701553059614,23744.798568590206,win,0.29900000000000304,13744.798568590184
2025-09-29 01:20:00+00:00,2025-09-29 10:05:00+00:00,buy,21.562,21.211,21.913000000000004,21.211,676.4899877091176,-237.44798568590207,23507.350582904302,loss,-0.35100000000000264,13507.350582904282
2025-09-29 11:25:00+00:00,2025-09-29 13:50:00+00:00,buy,21.332,21.192999999999998,21.471000000000004,21.192999999999998,1691.1763009283318,-235.07350582904303,23272.277077075258,loss,-0.1390000000000029,13272.27707707524
2025-09-29 17:05:00+00:00,2025-09-30 18:20:00+00:00,buy,21.452,20.993,21.911000000000005,20.993,507.02128708224615,-232.7227707707526,23039.554306304504,loss,-0.4590000000000032,13039.554306304486
2025-09-30 20:45:00+00:00,2025-09-30 21:15:00+00:00,sell,21.020999999999997,21.154,20.887999999999995,21.154,1732.2973162634617,-230.39554306304504,22809.15876324146,loss,0.13300000000000267,12809.158763241441
2025-10-01 03:15:00+00:00,2025-10-01 03:30:00+00:00,sell,21.243,21.369,21.116999999999997,21.116999999999997,1810.2506954953362,228.0915876324146,23037.250350873874,win,-0.12600000000000122,13037.250350873855
2025-10-01 03:40:00+00:00,2025-10-01 04:25:00+00:00,sell,21.081,21.321,20.840999999999998,21.321,959.8854312864034,-230.37250350873873,22806.877847365136,loss,0.240000000000002,12806.877847365116
2025-10-01 06:20:00+00:00,2025-10-01 11:30:00+00:00,sell,21.299999999999997,21.51,21.089999999999993,21.51,1086.04180225546,-228.06877847365138,22578.809068891485,loss,0.2100000000000044,12578.809068891465
2025-10-01 11:40:00+00:00,2025-10-01 11:50:00+00:00,buy,21.729000000000003,21.29,22.168000000000006,22.168000000000006,514.323668995246,225.78809068891482,22804.5971595804,win,0.4390000000000036,12804.59715958038
2025-10-01 12:05:00+00:00,2025-10-02 22:05:00+00:00,buy,22.238,21.448999999999998,23.027,23.027,289.0316496778246,228.04597159580402,23032.643131176203,win,0.7890000000000015,13032.643131176184
2025-10-02 22:15:00+00:00,2025-10-02 23:20:00+00:00,buy,23.072000000000003,22.872,23.272000000000006,22.872,1151.632156558794,-230.32643131176206,22802.31669986444,loss,-0.20000000000000284,12802.316699864423
2025-10-03 02:55:00+00:00,2025-10-03 03:05:00+00:00,buy,22.772000000000002,22.642,22.902000000000005,22.642,1754.0243615279996,-228.02316699864443,22574.293532865795,loss,-0.13000000000000256,12574.293532865779
2025-10-03 05:15:00+00:00,2025-10-03 08:35:00+00:00,buy,22.682000000000002,22.494,22.870000000000005,22.494,1200.760294301357,-225.74293532865798,22348.550597537138,loss,-0.1880000000000024,12348.55059753712
2025-10-03 10:25:00+00:00,2025-10-03 18:30:00+00:00,sell,22.304,22.532,22.075999999999997,22.532,980.1995876112713,-223.48550597537138,22125.065091561766,loss,0.22800000000000153,12125.065091561748
2025-10-03 20:05:00+00:00,2025-10-04 11:05:00+00:00,sell,22.561999999999998,23.1,22.023999999999994,22.023999999999994,411.2465630401786,221.25065091561765,22346.315742477385,win,-0.5380000000000038,12346.315742477365
2025-10-04 11:30:00+00:00,2025-10-04 13:50:00+00:00,sell,21.941,22.111,21.770999999999997,21.770999999999997,1314.489161322186,223.46315742477387,22569.778899902158,win,-0.1700000000000017,12569.77889990214
2025-10-04 17:45:00+00:00,2025-10-04 18:25:00+00:00,sell,21.980999999999998,22.14,21.821999999999996,21.821999999999996,1419.4829496793589,225.69778899902155,22795.47668890118,win,-0.15900000000000247,12795.47668890116
2025-10-04 18:35:00+00:00,2025-10-04 23:10:00+00:00,sell,21.770999999999997,22.040000000000003,21.501999999999992,22.040000000000003,847.415490293707,-227.9547668890118,22567.52192201217,loss,0.26900000000000546,12567.521922012149
2025-10-05 03:45:00+00:00,2025-10-05 04:35:00+00:00,sell,21.962,22.080000000000002,21.843999999999998,22.080000000000002,1912.5018577976075,-225.6752192201217,22341.84670279205,loss,0.1180000000000021,12341.846702792027
2025-10-05 06:05:00+00:00,2025-10-05 10:15:00+00:00,buy,22.479000000000003,22.209999999999997,22.748000000000008,22.748000000000008,830.5519220368623,223.41846702792049,22565.26516981997,win,0.26900000000000546,12565.265169819948
2025-10-05 10:55:00+00:00,2025-10-05 13:00:00+00:00,buy,22.788,22.561,23.015,22.561,994.0645449259885,-225.6526516981997,22339.61251812177,loss,-0.2270000000000003,12339.612518121749
2025-10-05 14:50:00+00:00,2025-10-05 16:20:00+00:00,buy,22.729000000000003,22.468999999999998,22.989000000000008,22.468999999999998,859.2158660815895,-223.39612518121768,22116.21639294055,loss,-0.2600000000000051,12116.21639294053
2025-10-05 17:05:00+00:00,2025-10-05 17:45:00+00:00,buy,22.591,22.43,22.752000000000002,22.43,1373.678036828594,-221.16216392940552,21895.054229011144,loss,-0.16100000000000136,11895.054229011124
2025-10-05 19:10:00+00:00,2025-10-05 19:50:00+00:00,buy,22.501,22.36,22.642000000000003,22.36,1552.8407254617637,-218.95054229011146,21676.10368672103,loss,-0.1410000000000018,11676.103686721013
2025-10-05 20:00:00+00:00,2025-10-05 20:45:00+00:00,buy,22.580000000000002,22.323,22.837000000000003,22.323,843.4281590163778,-216.76103686721032,21459.34264985382,loss,-0.25700000000000145,11459.342649853803
2025-10-06 01:15:00+00:00,2025-10-06 03:15:00+00:00,sell,21.971999999999998,22.163,21.780999999999995,22.163,1123.5257931860492,-214.5934264985382,21244.749223355284,loss,0.1910000000000025,11244.749223355264
2025-10-06 03:40:00+00:00,2025-10-06 14:30:00+00:00,sell,21.852999999999998,22.221,21.484999999999996,22.221,577.3029680259556,-212.44749223355288,21032.30173112173,loss,0.3680000000000021,11032.301731121712
2025-10-06 16:05:00+00:00,2025-10-06 16:35:00+00:00,buy,22.371000000000002,22.22,22.522000000000006,22.522000000000006,1392.8676643126664,210.3230173112173,21242.624748432947,win,0.15100000000000335,11242.624748432929
2025-10-06 16:55:00+00:00,2025-10-06 18:25:00+00:00,buy,22.59,22.27,22.91,22.91,663.832023388529,212.42624748432948,21455.050995917278,win,0.3200000000000003,11455.050995917258
2025-10-06 19:40:00+00:00,2025-10-06 20:05:00+00:00,buy,22.900000000000002,22.741,23.059000000000005,23.059000000000005,1349.3742764727638,214.55050995917279,21669.60150587645,win,0.15900000000000247,11669.60150587643
2025-10-06 20:15:00+00:00,2025-10-06 20:50:00+00:00,buy,23.1,22.822,23.378000000000004,23.378000000000004,779.4820685567005,216.6960150587645,21886.297520935215,win,0.27800000000000225,11886.297520935193
2025-10-06 21:15:00+00:00,2025-10-07 09:40:00+00:00,buy,23.431,23.14,23.722,23.14,752.1064440183914,-218.86297520935216,21667.434545725864,loss,-0.29100000000000037,11667.43454572584
2025-10-07 17:05:00+00:00,2025-10-07 18:35:00+00:00,sell,22.477,23.083000000000002,21.871,21.871,357.54842484696053,216.67434545725868,21884.10889118312,win,-0.6060000000000016,11884.1088911831
2025-10-07 19:20:00+00:00,2025-10-08 17:00:00+00:00,sell,21.834,22.211000000000002,21.456999999999997,22.211000000000002,580.480341941193,-218.8410889118312,21665.26780227129,loss,0.37700000000000244,11665.267802271268
2025-10-08 23:15:00+00:00,2025-10-08 23:45:00+00:00,buy,22.521,22.401999999999997,22.640000000000004,22.401999999999997,1820.6107396866123,-216.6526780227129,21448.615124248576,loss,-0.11900000000000333,11448.615124248556
2025-10-09 01:05:00+00:00,2025-10-09 04:05:00+00:00,buy,22.59,22.412,22.768,22.412,1204.9783777667683,-214.48615124248576,21234.12897300609,loss,-0.17800000000000082,11234.12897300607
2025-10-09 07:20:00+00:00,2025-10-09 08:00:00+00:00,buy,22.290000000000003,22.13,22.450000000000006,22.450000000000006,1327.13306081285,212.3412897300609,21446.47026273615,win,0.1600000000000037,11446.470262736131
2025-10-09 10:10:00+00:00,2025-10-09 11:05:00+00:00,sell,22.090999999999998,22.321,21.860999999999994,21.860999999999994,932.4552288145991,214.4647026273615,21660.934965363514,win,-0.23000000000000398,11660.934965363493
2025-10-09 11:15:00+00:00,2025-10-09 17:00:00+00:00,sell,21.801,22.101000000000003,21.500999999999994,21.500999999999994,722.0311655121069,216.60934965363515,21877.54431501715,win,-0.30000000000000426,11877.544315017129
2025-10-09 17:30:00+00:00,2025-10-09 21:00:00+00:00,sell,21.435,21.791,21.078999999999997,21.791,614.5377616577823,-218.77544315017153,21658.768871866978,loss,0.35600000000000165,11658.768871866958
2025-10-09 22:55:00+00:00,2025-10-10 01:05:00+00:00,sell,21.672,21.831,21.513,21.831,1362.186721501077,-216.58768871866977,21442.181183148306,loss,0.15899999999999892,11442.181183148288
2025-10-10 05:15:00+00:00,2025-10-10 06:25:00+00:00,buy,22.132,22.002,22.262000000000004,22.262000000000004,1649.3985525498374,214.42181183148307,21656.60299497979,win,0.13000000000000256,11656.602994979772
2025-10-10 06:35:00+00:00,2025-10-10 18:15:00+00:00,buy,22.429000000000002,21.982,22.876000000000005,21.982,484.48776275122276,-216.5660299497979,21440.03696502999,loss,-0.44700000000000273,11440.036965029974
2025-10-10 19:45:00+00:00,2025-10-10 21:45:00+00:00,sell,21.27,21.622,20.918,20.918,609.091959233806,214.40036965029992,21654.43733468029,win,-0.3520000000000003,11654.437334680275
2025-10-10 22:05:00+00:00,2025-10-10 22:25:00+00:00,sell,20.875,21.16,20.59,20.59,759.8048187607116,216.5443733468029,21870.98170802709,win,-0.28500000000000014,11870.981708027079
2025-10-10 23:50:00+00:00,2025-10-10 23:55:00+00:00,sell,20.474,20.704,20.244,20.244,950.9122481750892,218.7098170802709,22089.691525107362,win,-0.23000000000000043,12089.69152510735
2025-10-11 00:10:00+00:00,2025-10-11 00:15:00+00:00,sell,19.128,20.714000000000002,17.541999999999998,17.541999999999998,139.2792656059731,220.89691525107364,22310.588440358435,win,-1.586000000000002,12310.588440358424
2025-10-11 04:45:00+00:00,2025-10-11 05:15:00+00:00,sell,17.044,17.531000000000002,16.557,17.531000000000002,458.122965921116,-223.10588440358435,22087.48255595485,loss,0.4870000000000019,12087.482555954839
2025-10-11 06:30:00+00:00,2025-10-11 11:20:00+00:00,sell,17.363,18.080000000000002,16.645999999999997,18.080000000000002,308.05415001331636,-220.87482555954853,21866.607730395302,loss,0.7170000000000023,11866.60773039529
2025-10-11 12:45:00+00:00,2025-10-11 14:15:00+00:00,sell,18.192,18.534000000000002,17.849999999999998,17.849999999999998,639.374495040794,218.66607730395305,22085.273807699257,win,-0.3420000000000023,12085.273807699243
2025-10-11 15:30:00+00:00,2025-10-11 15:50:00+00:00,sell,17.891,18.123,17.658999999999995,17.658999999999995,951.9514572284045,220.85273807699258,22306.12654577625,win,-0.23200000000000287,12306.126545776235
2025-10-11 16:30:00+00:00,2025-10-11 23:25:00+00:00,sell,17.596,18.152,17.04,17.04,401.1893263628815,223.0612654577625,22529.187811234013,win,-0.5560000000000009,12529.187811233996
2025-10-11 23:35:00+00:00,2025-10-12 01:35:00+00:00,sell,16.901999999999997,17.272000000000002,16.531999999999993,17.272000000000002,608.896967871182,-225.29187811234013,22303.895933121672,loss,0.37000000000000455,12303.895933121656
2025-10-12 03:05:00+00:00,2025-10-12 03:50:00+00:00,sell,17.122,17.265,16.979,16.979,1559.7130023161933,223.03895933121672,22526.93489245289,win,-0.14300000000000068,12526.934892452873
2025-10-12 04:00:00+00:00,2025-10-12 06:35:00+00:00,sell,16.862,17.225,16.498999999999995,17.225,620.5767188003498,-225.26934892452888,22301.66554352836,loss,0.3630000000000031,12301.665543528345
2025-10-12 08:55:00+00:00,2025-10-12 09:25:00+00:00,sell,17.320999999999998,17.464000000000002,17.177999999999994,17.464000000000002,1559.557031015923,-223.0166554352836,22078.648888093077,loss,0.14300000000000423,12078.648888093061
2025-10-12 11:55:00+00:00,2025-10-12 12:05:00+00:00,sell,17.360999999999997,17.523,17.198999999999995,17.198999999999995,1362.8795609933782,220.7864888809308,22299.43537697401,win,-0.1620000000000026,12299.435376973992
2025-10-12 13:20:00+00:00,2025-10-12 15:25:00+00:00,sell,17.291,17.591,16.991,17.591,743.3145125657985,-222.9943537697401,22076.44102320427,loss,0.3000000000000007,12076.441023204252
2025-10-12 18:05:00+00:00,2025-10-12 19:45:00+00:00,buy,18.25,17.279999999999998,19.220000000000002,19.220000000000002,227.59217549695066,220.76441023204268,22297.20543343631,win,0.9700000000000024,12297.205433436295
2025-10-12 22:05:00+00:00,2025-10-12 22:55:00+00:00,buy,19.083000000000002,18.822,19.344000000000005,19.344000000000005,854.2990587523399,222.9720543343631,22520.177487770674,win,0.2610000000000028,12520.177487770658
2025-10-12 23:05:00+00:00,2025-10-12 23:10:00+00:00,buy,19.384,19.171,19.597,19.171,1057.2853280643462,-225.20177487770678,22294.975712892967,loss,-0.21300000000000097,12294.97571289295
2025-10-13 03:15:00+00:00,2025-10-13 03:35:00+00:00,buy,19.043000000000003,18.831999999999997,19.25400000000001,18.831999999999997,1056.6339200422924,-222.94975712892963,22072.02595576404,loss,-0.21100000000000563,12072.02595576402
2025-10-13 04:50:00+00:00,2025-10-13 08:30:00+00:00,buy,19.042,18.811,19.273000000000003,19.273000000000003,955.4989591239776,220.7202595576404,22292.74621532168,win,0.23100000000000165,12292.74621532166
2025-10-13 09:25:00+00:00,2025-10-13 10:20:00+00:00,buy,19.342000000000002,19.090999999999998,19.593000000000007,19.593000000000007,888.1572197339145,222.9274621532168,22515.673677474897,win,0.2510000000000048,12515.673677474877
2025-10-13 10:35:00+00:00,2025-10-13 14:20:00+00:00,buy,19.653000000000002,19.320999999999998,19.985000000000007,19.320999999999998,678.1829420926086,-225.156736774749,22290.51694070015,loss,-0.3320000000000043,12290.516940700129
2025-10-13 15:35:00+00:00,2025-10-13 18:15:00+00:00,buy,19.421,19.052,19.79,19.79,604.0790498834732,222.90516940700147,22513.42211010715,win,0.3689999999999998,12513.42211010713
2025-10-13 19:10:00+00:00,2025-10-14 06:25:00+00:00,buy,19.852,19.333,20.371000000000002,19.333,433.7846263989801,-225.1342211010715,22288.28788900608,loss,-0.5190000000000019,12288.28788900606
2025-10-14 09:20:00+00:00,2025-10-14 09:40:00+00:00,sell,18.872999999999998,19.174,18.571999999999996,18.571999999999996,740.4746806978717,222.88287889006082,22511.17076789614,win,-0.30100000000000193,12511.170767896121
2025-10-14 09:50:00+00:00,2025-10-14 19:10:00+00:00,sell,18.491999999999997,19.053,17.930999999999994,19.053,401.26864113896613,-225.1117076789614,22286.05906021718,loss,0.5610000000000035,12286.05906021716
2025-10-14 22:35:00+00:00,2025-10-14 22:40:00+00:00,sell,18.903,19.112000000000002,18.693999999999996,18.693999999999996,1066.31861532138,222.86059060217184,22508.919650819353,win,-0.20900000000000318,12508.91965081933
2025-10-15 11:15:00+00:00,2025-10-15 11:20:00+00:00,sell,18.802,18.903000000000002,18.700999999999997,18.903000000000002,2228.60590602166,-225.08919650819354,22283.83045431116,loss,0.10100000000000264,12283.830454311137
2025-10-15 13:25:00+00:00,2025-10-15 14:15:00+00:00,sell,18.802999999999997,19.023,18.582999999999995,18.582999999999995,1012.9013842868598,222.8383045431116,22506.66875885427,win,-0.22000000000000242,12506.668758854248
2025-10-15 15:30:00+00:00,2025-10-15 16:45:00+00:00,sell,18.581,18.752000000000002,18.409999999999997,18.409999999999997,1316.1794595820984,225.06668758854266,22731.735446442814,win,-0.17100000000000293,12731.735446442792
2025-10-15 18:00:00+00:00,2025-10-15 20:15:00+00:00,sell,18.253,18.632,17.874,17.874,599.7819379008637,227.31735446442815,22959.05280090724,win,-0.37900000000000134,12959.05280090722
2025-10-15 22:45:00+00:00,2025-10-15 23:30:00+00:00,sell,18.032999999999998,18.213,17.852999999999994,17.852999999999994,1275.5029333837124,229.5905280090724,23188.643328916314,win,-0.18000000000000327,13188.643328916292
2025-10-16 01:50:00+00:00,2025-10-16 04:50:00+00:00,sell,17.944,18.102,17.785999999999998,18.102,1467.635653728869,-231.88643328916316,22956.75689562715,loss,0.15800000000000125,12956.75689562713
2025-10-16 08:50:00+00:00,2025-10-16 09:25:00+00:00,sell,17.961,18.111,17.810999999999996,18.111,1530.4504597084551,-229.56756895627154,22727.18932667088,loss,0.15000000000000213,12727.189326670858
2025-10-16 11:35:00+00:00,2025-10-16 12:30:00+00:00,sell,17.941,18.172,17.709999999999997,17.709999999999997,983.8610098125852,227.2718932667088,22954.461219937588,win,-0.23100000000000165,12954.461219937566
2025-10-16 18:05:00+00:00,2025-10-16 18:55:00+00:00,sell,18.041,18.432000000000002,17.65,17.65,587.0706194357413,229.54461219937588,23184.005832136965,win,-0.3910000000000018,13184.005832136942
2025-10-16 19:05:00+00:00,2025-10-16 19:55:00+00:00,sell,17.554,18.022000000000002,17.085999999999995,18.022000000000002,495.3847400029229,-231.84005832136967,22952.165773815595,loss,0.4680000000000035,12952.165773815572
2025-10-16 21:10:00+00:00,2025-10-16 22:35:00+00:00,sell,17.541,17.813000000000002,17.269,17.269,843.8296240373319,229.52165773815597,23181.68743155375,win,-0.272000000000002,13181.687431553728
2025-10-16 23:25:00+00:00,2025-10-17 04:00:00+00:00,sell,17.221,17.584,16.858,17.584,638.6139788306826,-231.81687431553752,22949.870557238213,loss,0.36299999999999955,12949.87055723819
2025-10-17 05:25:00+00:00,2025-10-17 09:15:00+00:00,sell,17.381999999999998,17.552,17.211999999999996,17.211999999999996,1349.9923857198814,229.49870557238214,23179.369262810596,win,-0.1700000000000017,13179.369262810571
2025-10-17 09:25:00+00:00,2025-10-17 09:35:00+00:00,sell,17.180999999999997,17.371000000000002,16.990999999999993,16.990999999999993,1219.9668033057899,231.79369262810596,23411.162955438704,win,-0.19000000000000483,13411.162955438676
2025-10-17 09:45:00+00:00,2025-10-17 10:40:00+00:00,sell,16.831999999999997,17.332,16.331999999999994,16.331999999999994,468.2232591087707,234.11162955438704,23645.27458499309,win,-0.5000000000000036,13645.274584993063
2025-10-17 10:50:00+00:00,2025-10-17 11:15:00+00:00,sell,16.282,16.700000000000003,15.863999999999997,15.863999999999997,565.6764254782998,236.45274584993092,23881.727330843023,win,-0.4180000000000028,13881.727330842994
2025-10-17 11:50:00+00:00,2025-10-17 14:10:00+00:00,sell,15.821000000000002,16.331,15.311000000000003,16.331,468.26916334986504,-238.81727330843023,23642.910057534595,loss,0.509999999999998,13642.910057534564
2025-10-17 16:10:00+00:00,2025-10-17 16:55:00+00:00,sell,16.43,16.66,16.2,16.66,1027.9526111971545,-236.42910057534598,23406.480956959247,loss,0.23000000000000043,13406.480956959218
2025-10-17 17:30:00+00:00,2025-10-17 19:00:00+00:00,sell,16.261,16.711000000000002,15.810999999999996,16.711000000000002,520.1440212657578,-234.0648095695925,23172.416147389653,loss,0.45000000000000284,13172.416147389626
2025-10-17 20:20:00+00:00,2025-10-18 00:05:00+00:00,sell,16.410999999999998,16.621000000000002,16.200999999999993,16.621000000000002,1103.4483879709128,-231.72416147389654,22940.691985915757,loss,0.2100000000000044,12940.69198591573
2025-10-18 02:15:00+00:00,2025-10-18 03:25:00+00:00,sell,16.572,16.712,16.432,16.712,1638.620856136833,-229.40691985915757,22711.2850660566,loss,0.14000000000000057,12711.285066056573
2025-10-18 14:15:00+00:00,2025-10-18 16:00:00+00:00,buy,16.922,16.761,17.083000000000002,16.761,1410.6388239786588,-227.11285066056598,22484.172215396033,loss,-0.16100000000000136,12484.172215396007
2025-10-18 17:30:00+00:00,2025-10-18 23:30:00+00:00,buy,16.771,16.602,16.94,16.94,1330.4243914435483,224.84172215396032,22709.013937549993,win,0.16900000000000048,12709.013937549968
2025-10-19 05:45:00+00:00,2025-10-19 06:20:00+00:00,sell,16.644,16.754,16.533999999999995,16.754,2064.455812504489,-227.09013937549997,22481.923798174492,loss,0.11000000000000298,12481.923798174468
2025-10-19 09:35:00+00:00,2025-10-19 11:15:00+00:00,sell,16.673,16.882,16.463999999999995,16.882,1075.6901338839307,-224.81923798174495,22257.104560192747,loss,0.20900000000000318,12257.104560192724
2025-10-19 11:25:00+00:00,2025-10-19 13:20:00+00:00,sell,16.721,17.029,16.413,17.029,722.6332649413233,-222.57104560192747,22034.53351459082,loss,0.30799999999999983,12034.533514590796
2025-10-19 13:30:00+00:00,2025-10-19 16:55:00+00:00,buy,17.061,16.750999999999998,17.371000000000002,17.371000000000002,710.7914036964729,220.34533514590822,22254.878849736728,win,0.3100000000000023,12254.878849736704
2025-10-19 17:15:00+00:00,2025-10-20 03:05:00+00:00,buy,17.431,17.172,17.69,17.172,859.2617316500656,-222.54878849736727,22032.33006123936,loss,-0.25900000000000034,12032.330061239336
2025-10-20 05:35:00+00:00,2025-10-20 06:40:00+00:00,buy,17.192,17.052,17.332,17.332,1573.7378615170908,220.3233006123936,22252.653361851753,win,0.14000000000000057,12252.65336185173
2025-10-20 06:50:00+00:00,2025-10-20 07:00:00+00:00,buy,17.401,17.151999999999997,17.650000000000002,17.650000000000002,893.6808579056845,222.52653361851753,22475.17989547027,win,0.24900000000000233,12475.179895470246
2025-10-20 07:30:00+00:00,2025-10-20 09:20:00+00:00,buy,17.699,17.212,18.186000000000003,18.186000000000003,461.50266725811474,224.75179895470274,22699.931694424973,win,0.4870000000000019,12699.93169442495
2025-10-20 09:30:00+00:00,2025-10-20 15:20:00+00:00,buy,18.451,17.741999999999997,19.160000000000004,19.160000000000004,320.1682890609996,226.99931694424973,22926.931011369223,win,0.7090000000000032,12926.931011369199
2025-10-20 16:35:00+00:00,2025-10-20 18:50:00+00:00,buy,19.043000000000003,18.842,19.244000000000007,18.842,1140.6433338989432,-229.26931011369223,22697.66170125553,loss,-0.20100000000000406,12697.661701255507
2025-10-20 20:05:00+00:00,2025-10-21 05:45:00+00:00,buy,18.692,18.412,18.972,18.412,810.630775044837,-226.9766170125553,22470.685084242974,loss,-0.28000000000000114,12470.685084242952
2025-10-21 08:05:00+00:00,2025-10-21 10:25:00+00:00,sell,17.671999999999997,17.903000000000002,17.440999999999992,17.903000000000002,972.7569300537865,-224.70685084242973,22245.978233400543,loss,0.2310000000000052,12245.978233400523
2025-10-21 11:40:00+00:00,2025-10-21 14:50:00+00:00,sell,17.871,18.073,17.668999999999997,18.073,1101.2860511584333,-222.45978233400544,22023.51845106654,loss,0.20200000000000173,12023.518451066519
2025-10-21 16:05:00+00:00,2025-10-21 17:20:00+00:00,sell,18.052,18.361,17.743,18.361,712.7352249536073,-220.2351845106654,21803.283266555874,loss,0.30900000000000105,11803.283266555853
2025-10-21 18:10:00+00:00,2025-10-21 20:15:00+00:00,buy,18.771,18.160999999999998,19.381000000000004,18.160999999999998,357.43087322222567,-218.03283266555871,21585.250433890316,loss,-0.610000000000003,11585.250433890295
2025-10-21 23:05:00+00:00,2025-10-21 23:15:00+00:00,sell,18.104,18.253,17.955,17.955,1448.674525764442,215.85250433890317,21801.102938229218,win,-0.1490000000000009,11801.102938229198
2025-10-22 00:20:00+00:00,2025-10-22 03:35:00+00:00,sell,17.842,18.253,17.430999999999997,17.430999999999997,530.4404607841641,218.01102938229215,22019.11396761151,win,-0.41100000000000136,12019.11396761149
2025-10-22 06:00:00+00:00,2025-10-22 07:05:00+00:00,sell,17.581,17.692,17.47,17.692,1983.7039610460702,-220.19113967611509,21798.922827935396,loss,0.11100000000000065,11798.922827935376
2025-10-22 08:20:00+00:00,2025-10-22 08:25:00+00:00,sell,17.671,17.842000000000002,17.499999999999996,17.499999999999996,1274.790808651171,217.98922827935397,22016.91205621475,win,-0.17100000000000293,12016.91205621473
2025-10-22 09:50:00+00:00,2025-10-22 12:40:00+00:00,sell,17.502,17.641000000000002,17.362999999999996,17.362999999999996,1583.950507641316,220.16912056214753,22237.081176776897,win,-0.1390000000000029,12237.081176776877
2025-10-22 14:00:00+00:00,2025-10-22 14:10:00+00:00,sell,17.360999999999997,17.482000000000003,17.23999999999999,17.482000000000003,1837.7753038657715,-222.37081176776897,22014.710365009127,loss,0.12100000000000577,12014.710365009109
2025-10-22 16:30:00+00:00,2025-10-22 16:55:00+00:00,sell,17.360999999999997,17.551000000000002,17.170999999999992,17.551000000000002,1158.6689665793983,-220.14710365009128,21794.563261359035,loss,0.19000000000000483,11794.563261359017
2025-10-22 17:20:00+00:00,2025-10-23 00:00:00+00:00,sell,17.261,17.62,16.901999999999997,16.901999999999997,607.0908986450955,217.94563261359036,22012.508893972627,win,-0.35900000000000176,12012.508893972607
2025-10-23 00:10:00+00:00,2025-10-23 03:15:00+00:00,sell,16.820999999999998,17.25,16.391999999999996,17.25,513.112095430595,-220.1250889397263,21792.3838050329,loss,0.42900000000000205,11792.38380503288
2025-10-23 06:40:00+00:00,2025-10-23 08:50:00+00:00,sell,17.252,17.382,17.121999999999996,17.382,1676.3372157717286,-217.923838050329,21574.45996698257,loss,0.13000000000000256,11574.459966982551
2025-10-23 16:05:00+00:00,2025-10-23 16:30:00+00:00,sell,17.162,17.309,17.014999999999997,17.309,1467.6503378899506,-215.7445996698257,21358.715367312743,loss,0.14700000000000202,11358.715367312725
2025-10-23 17:10:00+00:00,2025-10-23 18:05:00+00:00,sell,17.101,17.349,16.852999999999998,17.349,861.23852287551,-213.58715367312743,21145.128213639615,loss,0.2480000000000011,11145.128213639597
2025-10-23 19:50:00+00:00,2025-10-23 20:45:00+00:00,buy,17.540000000000003,17.311,17.769000000000005,17.769000000000005,923.3680442637275,211.45128213639615,21356.57949577601,win,0.22900000000000276,11356.579495775994
2025-10-24 06:30:00+00:00,2025-10-24 07:25:00+00:00,sell,17.314,17.472,17.156,17.472,1351.6822465680914,-213.56579495776012,21143.01370081825,loss,0.15800000000000125,11143.013700818234
2025-10-24 07:35:00+00:00,2025-10-24 11:45:00+00:00,buy,17.53,17.270999999999997,17.789000000000005,17.789000000000005,816.3325753211557,211.4301370081825,21354.44383782643,win,0.2590000000000039,11354.443837826417
2025-10-24 14:15:00+00:00,2025-10-24 14:30:00+00:00,buy,17.68,17.561,17.799,17.561,1794.4910788089473,-213.54443837826432,21140.899399448168,loss,-0.11899999999999977,11140.899399448152
2025-10-24 14:50:00+00:00,2025-10-24 15:30:00+00:00,buy,17.71,17.494,17.926000000000002,17.926000000000002,978.7453425670399,211.40899399448168,21352.30839344265,win,0.21600000000000108,11352.308393442634
2025-10-24 20:00:00+00:00,2025-10-24 22:40:00+00:00,buy,17.631,17.442,17.82,17.82,1129.7517668488172,213.5230839344265,21565.831477377076,win,0.18900000000000006,11565.83147737706
2025-10-24 23:15:00+00:00,2025-10-25 15:05:00+00:00,buy,17.861,17.701999999999998,18.020000000000003,18.020000000000003,1356.3416023507384,215.65831477377077,21781.489792150845,win,0.15900000000000247,11781.48979215083
2025-10-25 15:25:00+00:00,2025-10-25 16:35:00+00:00,buy,18.071,17.941,18.201000000000004,17.941,1675.4992147808011,-217.81489792150845,21563.674894229338,loss,-0.13000000000000256,11563.674894229322
2025-10-25 17:20:00+00:00,2025-10-25 22:30:00+00:00,buy,18.021,17.901999999999997,18.140000000000004,18.140000000000004,1812.0735205234232,215.6367489422934,21779.31164317163,win,0.11900000000000333,11779.311643171615
2025-10-25 23:00:00+00:00,2025-10-25 23:55:00+00:00,buy,18.208000000000002,18.061999999999998,18.354000000000006,18.061999999999998,1491.7336741897932,-217.7931164317163,21561.518526739914,loss,-0.14600000000000435,11561.5185267399
2025-10-26 01:50:00+00:00,2025-10-26 03:05:00+00:00,buy,18.051000000000002,17.951,18.151000000000003,17.951,2156.1518526739605,-215.6151852673991,21345.903341472516,loss,-0.10000000000000142,11345.9033414725
2025-10-26 11:15:00+00:00,2025-10-26 11:20:00+00:00,buy,17.96,17.82,18.1,18.1,1524.7073815337449,213.45903341472516,21559.36237488724,win,0.14000000000000057,11559.362374887225
2025-10-26 11:30:00+00:00,2025-10-26 15:35:00+00:00,buy,18.148,17.881,18.415,18.415,807.466755613756,215.59362374887243,21774.955998636113,win,0.26699999999999946,11774.955998636098
2025-10-26 23:35:00+00:00,2025-10-27 00:00:00+00:00,buy,18.17,18.06,18.280000000000005,18.280000000000005,1979.5414544214111,217.74955998636113,21992.705558622474,win,0.11000000000000298,11992.70555862246
2025-10-27 01:20:00+00:00,2025-10-27 03:35:00+00:00,buy,18.650000000000002,18.480999999999998,18.819000000000006,18.819000000000006,1301.3435241788136,219.92705558622475,22212.6326142087,win,0.16900000000000404,12212.632614208684
2025-10-27 03:50:00+00:00,2025-10-27 09:40:00+00:00,buy,18.871000000000002,18.682,19.060000000000006,18.682,1175.2715668893266,-222.12632614208695,21990.506288066612,loss,-0.1890000000000036,11990.506288066597
2025-10-27 19:20:00+00:00,2025-10-27 21:35:00+00:00,buy,18.77,18.558999999999997,18.981,18.558999999999997,1042.2040894818197,-219.90506288066612,21770.601225185947,loss,-0.21100000000000207,11770.601225185932
2025-10-27 23:20:00+00:00,2025-10-27 23:45:00+00:00,sell,18.24,18.397000000000002,18.082999999999995,18.397000000000002,1386.6624984194555,-217.70601225185948,21552.895212934087,loss,0.15700000000000358,11552.895212934072
2025-10-28 00:45:00+00:00,2025-10-28 09:00:00+00:00,sell,18.16,18.438000000000002,17.881999999999998,18.438000000000002,775.2840004652486,-215.52895212934084,21337.366260804745,loss,0.27800000000000225,11337.36626080473
2025-10-28 14:45:00+00:00,2025-10-28 15:20:00+00:00,buy,18.559,18.34,18.778000000000002,18.778000000000002,974.3089616805767,213.37366260804745,21550.73992341279,win,0.2190000000000012,11550.739923412779
2025-10-28 18:05:00+00:00,2025-10-28 18:45:00+00:00,buy,18.41,18.230999999999998,18.589000000000002,18.589000000000002,1203.9519510286339,215.50739923412792,21766.24732264692,win,0.17900000000000205,11766.247322646906
2025-10-28 18:55:00+00:00,2025-10-28 21:15:00+00:00,buy,18.62,18.261,18.979000000000003,18.261,606.302153834173,-217.6624732264692,21548.58484942045,loss,-0.35900000000000176,11548.584849420437
2025-10-28 21:25:00+00:00,2025-10-28 22:05:00+00:00,sell,18.119999999999997,18.41,17.829999999999995,17.829999999999995,743.0546499800087,215.48584849420453,21764.070697914656,win,-0.2900000000000027,11764.070697914642
2025-10-28 22:15:00+00:00,2025-10-29 15:05:00+00:00,sell,17.721,18.150000000000002,17.291999999999998,18.150000000000002,507.3209952893835,-217.64070697914656,21546.42999093551,loss,0.42900000000000205,11546.429990935496
2025-10-29 19:35:00+00:00,2025-10-29 19:50:00+00:00,buy,18.241,18.07,18.412,18.412,1260.0251456687479,215.4642999093551,21761.894290844866,win,0.17099999999999937,11761.894290844852
2025-10-29 20:00:00+00:00,2025-10-29 20:35:00+00:00,buy,18.451,18.009999999999998,18.892000000000003,18.009999999999998,493.46699072210305,-217.61894290844867,21544.27534793642,loss,-0.4410000000000025,11544.275347936404
2025-10-29 21:20:00+00:00,2025-10-30 06:25:00+00:00,buy,18.481,17.541999999999998,19.420000000000005,17.541999999999998,229.4385021079482,-215.4427534793642,21328.832594457053,loss,-0.9390000000000036,11328.832594457039
2025-10-30 09:10:00+00:00,2025-10-30 11:15:00+00:00,buy,18.251,18.041999999999998,18.460000000000004,18.041999999999998,1020.5183059548674,-213.28832594457054,21115.544268512484,loss,-0.20900000000000318,11115.544268512469
2025-10-30 12:05:00+00:00,2025-10-30 12:40:00+00:00,sell,17.939999999999998,18.101000000000003,17.778999999999993,17.778999999999993,1311.5244887274434,211.15544268512485,21326.69971119761,win,-0.16100000000000492,11326.699711197594
2025-10-30 13:00:00+00:00,2025-10-30 14:25:00+00:00,sell,17.741999999999997,18.022000000000002,17.461999999999993,17.461999999999993,761.6678468284732,213.26699711197608,21539.966708309585,win,-0.2800000000000047,11539.96670830957
2025-10-30 14:40:00+00:00,2025-10-30 17:35:00+00:00,sell,17.311,17.731,16.891,16.891,512.8563501978452,215.39966708309586,21755.36637539268,win,-0.4200000000000017,11755.366375392667
2025-10-30 17:45:00+00:00,2025-10-30 19:30:00+00:00,sell,16.84,17.09,16.59,16.59,870.2146550157073,217.55366375392683,21972.920039146607,win,-0.25,11972.920039146593
2025-10-30 21:00:00+00:00,2025-10-31 01:25:00+00:00,sell,16.532999999999998,16.781000000000002,16.284999999999993,16.781000000000002,886.004840288153,-219.72920039146607,21753.19083875514,loss,0.24800000000000466,11753.190838755127
2025-10-31 03:00:00+00:00,2025-10-31 03:05:00+00:00,sell,16.730999999999998,16.891000000000002,16.570999999999994,16.891000000000002,1359.574427422165,-217.53190838755143,21535.65893036759,loss,0.1600000000000037,11535.658930367576
2025-10-31 17:05:00+00:00,2025-10-31 18:10:00+00:00,buy,17.419,17.189999999999998,17.648000000000003,17.189999999999998,940.4217873522853,-215.35658930367592,21320.302341063914,loss,-0.22900000000000276,11320.3023410639
2025-10-31 19:15:00+00:00,2025-10-31 21:40:00+00:00,sell,16.811,17.25,16.372,17.25,485.6560897736654,-213.20302341063916,21107.099317653276,loss,0.43900000000000006,11107.099317653261
2025-11-01 04:50:00+00:00,2025-11-01 11:00:00+00:00,buy,17.23,17.081,17.379,17.379,1416.583846822359,211.07099317653277,21318.17031082981,win,0.1490000000000009,11318.170310829793
2025-11-01 13:05:00+00:00,2025-11-01 15:40:00+00:00,buy,17.400000000000002,17.259999999999998,17.540000000000006,17.259999999999998,1522.726450773513,-213.1817031082981,21104.988607721512,loss,-0.14000000000000412,11104.988607721496
2025-11-01 23:35:00+00:00,2025-11-02 03:45:00+00:00,sell,17.182,17.331,17.032999999999998,17.032999999999998,1416.4421884376768,211.04988607721512,21316.03849379873,win,-0.1490000000000009,11316.038493798711
2025-11-02 07:55:00+00:00,2025-11-02 16:40:00+00:00,buy,17.407,17.128,17.686,17.128,764.0157166236106,-213.1603849379873,21102.878108860743,loss,-0.2789999999999999,11102.878108860723
2025-11-02 19:35:00+00:00,2025-11-03 01:10:00+00:00,sell,17.112,17.309,16.914999999999996,17.309,1071.2120867441854,-211.02878108860745,20891.849327772135,loss,0.19700000000000273,10891.849327772115
2025-11-03 03:05:00+00:00,2025-11-03 04:05:00+00:00,sell,17.22,17.501,16.938999999999997,16.938999999999997,743.4821824829879,208.91849327772135,21100.767821049856,win,-0.28100000000000236,11100.767821049836
2025-11-03 04:25:00+00:00,2025-11-03 05:10:00+00:00,sell,16.871,17.141000000000002,16.600999999999996,16.600999999999996,781.5099192981338,211.00767821049857,21311.775499260355,win,-0.2700000000000031,11311.775499260335
2025-11-03 05:20:00+00:00,2025-11-03 08:10:00+00:00,sell,16.532,16.950000000000003,16.113999999999997,16.113999999999997,509.8510884990481,213.11775499260355,21524.89325425296,win,-0.4180000000000028,11524.893254252938
2025-11-03 08:40:00+00:00,2025-11-03 09:30:00+00:00,sell,15.991000000000001,16.221,15.761000000000003,16.221,935.8649240979602,-215.2489325425296,21309.644321710428,loss,0.22999999999999865,11309.644321710408
2025-11-03 10:35:00+00:00,2025-11-03 12:55:00+00:00,sell,16.029999999999998,16.251,15.808999999999994,15.808999999999994,964.2372996248904,213.09644321710428,21522.740764927534,win,-0.22100000000000364,11522.740764927512
2025-11-03 14:55:00+00:00,2025-11-03 15:55:00+00:00,sell,16.000999999999998,16.149,15.852999999999994,16.149,1454.2392408734502,-215.22740764927534,21307.513357278258,loss,0.14800000000000324,11307.513357278236
2025-11-03 17:10:00+00:00,2025-11-03 17:25:00+00:00,sell,16.081,16.351000000000003,15.810999999999996,15.810999999999996,789.1671613806672,213.0751335727826,21520.58849085104,win,-0.2700000000000031,11520.588490851018
2025-11-03 17:35:00+00:00,2025-11-04 19:10:00+00:00,sell,15.331000000000001,16.201,14.461000000000002,14.461000000000002,247.36308610173634,215.20588490851043,21735.794375759553,win,-0.8699999999999992,11735.794375759528
2025-11-04 20:15:00+00:00,2025-11-04 22:15:00+00:00,sell,14.32,14.889,13.751000000000001,13.751000000000001,381.99990115570455,217.35794375759554,21953.15231951715,win,-0.5689999999999991,11953.152319517123
2025-11-04 23:30:00+00:00,2025-11-05 00:05:00+00:00,sell,14.111,14.459,13.763000000000002,14.459,630.8377103309545,-219.5315231951715,21733.62079632198,loss,0.347999999999999,11733.620796321951
2025-11-05 02:05:00+00:00,2025-11-05 03:15:00+00:00,sell,14.614,14.888,14.340000000000002,14.340000000000002,793.1978392818265,217.33620796321978,21950.9570042852,win,-0.27399999999999913,11950.957004285172
2025-11-05 03:25:00+00:00,2025-11-05 04:00:00+00:00,sell,14.203000000000001,14.591999999999999,13.814000000000004,14.591999999999999,564.2919538376693,-219.509570042852,21731.447434242345,loss,0.38899999999999757,11731.44743424232
2025-11-05 12:10:00+00:00,2025-11-05 13:50:00+00:00,sell,14.662,14.819999999999999,14.504000000000003,14.819999999999999,1375.4080654583963,-217.31447434242347,21514.132959899922,loss,0.1579999999999977,11514.132959899896
2025-11-05 17:40:00+00:00,2025-11-05 20:35:00+00:00,buy,15.020999999999999,14.721,15.320999999999998,15.320999999999998,717.13776533,215.14132959899922,21729.27428949892,win,0.29999999999999893,11729.274289498895
2025-11-05 20:50:00+00:00,2025-11-05 22:45:00+00:00,buy,15.379999999999999,15.142000000000001,15.617999999999997,15.142000000000001,912.9947180461817,-217.2927428949892,21511.981546603933,loss,-0.23799999999999777,11511.981546603905
2025-11-06 00:35:00+00:00,2025-11-06 02:00:00+00:00,buy,15.199,15.011000000000001,15.386999999999999,15.011000000000001,1144.2543375853227,-215.11981546603934,21296.861731137895,loss,-0.18799999999999883,11296.861731137866
2025-11-06 04:40:00+00:00,2025-11-06 07:50:00+00:00,buy,15.1,14.870000000000001,15.329999999999998,14.870000000000001,925.9505100494791,-212.96861731137895,21083.893113826514,loss,-0.22999999999999865,11083.893113826487
2025-11-06 11:00:00+00:00,2025-11-06 11:20:00+00:00,sell,14.801,14.940999999999999,14.661000000000001,14.940999999999999,1505.9923652733355,-210.83893113826514,20873.05418268825,loss,0.1399999999999988,10873.054182688222
2025-11-06 12:10:00+00:00,2025-11-06 15:15:00+00:00,sell,14.75,14.982,14.518,14.982,899.700611322772,-208.7305418268825,20664.323640861367,loss,0.23199999999999932,10664.32364086134
2025-11-06 16:05:00+00:00,2025-11-06 16:30:00+00:00,sell,14.940000000000001,15.12,14.760000000000003,14.760000000000003,1148.0179800478668,206.64323640861366,20870.96687726998,win,-0.17999999999999794,10870.966877269953
2025-11-06 16:40:00+00:00,2025-11-06 17:40:00+00:00,sell,14.713000000000001,14.969999999999999,14.456000000000003,14.456000000000003,812.099878493002,208.7096687726998,21079.67654604268,win,-0.2569999999999979,11079.676546042652
2025-11-06 17:50:00+00:00,2025-11-07 02:15:00+00:00,sell,14.421000000000001,14.86,13.982000000000003,14.86,480.1748643745504,-210.7967654604268,20868.879780582254,loss,0.4389999999999983,10868.879780582225
2025-11-07 07:05:00+00:00,2025-11-07 08:20:00+00:00,buy,14.950999999999999,14.790000000000001,15.111999999999997,15.111999999999997,1296.203713079661,208.68879780582256,21077.568578388076,win,0.1609999999999978,11077.568578388047
2025-11-07 09:45:00+00:00,2025-11-07 10:40:00+00:00,buy,15.119,14.971,15.267,14.971,1424.1600390802785,-210.77568578388076,20866.792892604197,loss,-0.1479999999999997,10866.792892604166
2025-11-07 14:25:00+00:00,2025-11-07 16:50:00+00:00,sell,14.461,14.75,14.172,14.75,722.0343561454747,-208.66792892604198,20658.124963678154,loss,0.2889999999999997,10658.124963678123
2025-11-07 18:20:00+00:00,2025-11-07 18:35:00+00:00,buy,15.119,14.82,15.418,15.418,690.9071894206752,206.58124963678154,20864.706213314934,win,0.2989999999999995,10864.706213314905
2025-11-07 18:45:00+00:00,2025-11-07 20:00:00+00:00,buy,15.449,14.921000000000001,15.976999999999999,15.976999999999999,395.16489040369294,208.64706213314935,21073.353275448084,win,0.5279999999999987,11073.353275448055
2025-11-07 20:10:00+00:00,2025-11-08 01:50:00+00:00,buy,16.009,15.729000000000001,16.289,15.729000000000001,752.6197598374333,-210.73353275448085,20862.6197426936,loss,-0.27999999999999936,10862.619742693574
2025-11-08 04:15:00+00:00,2025-11-08 06:25:00+00:00,buy,15.869,15.719000000000001,16.019,15.719000000000001,1390.8413161795866,-208.62619742693602,20653.993545266665,loss,-0.14999999999999858,10653.993545266638
2025-11-08 06:40:00+00:00,2025-11-08 07:35:00+00:00,buy,15.847,15.689,16.005,15.689,1307.214781345996,-206.5399354526667,20447.453609813998,loss,-0.15799999999999947,10447.45360981397
2025-11-08 10:25:00+00:00,2025-11-08 15:05:00+00:00,buy,15.738,15.489,15.986999999999998,15.489,821.1828758961486,-204.47453609814,20242.97907371586,loss,-0.24899999999999878,10242.979073715831
2025-11-08 18:05:00+00:00,2025-11-08 18:35:00+00:00,sell,15.13,15.299,14.961000000000002,15.299,1197.809412645918,-202.42979073715858,20040.5492829787,loss,0.1689999999999987,10040.549282978673
2025-11-08 20:25:00+00:00,2025-11-08 20:50:00+00:00,sell,15.24,15.399999999999999,15.080000000000002,15.399999999999999,1252.5343301861815,-200.405492829787,19840.14379014891,loss,0.15999999999999837,9840.143790148886
2025-11-08 21:20:00+00:00,2025-11-08 22:45:00+00:00,sell,15.23,15.43,15.030000000000001,15.43,992.0071895074491,-198.40143790148912,19641.742352247424,loss,0.1999999999999993,9641.742352247396
2025-11-09 02:05:00+00:00,2025-11-09 02:25:00+00:00,sell,15.441,15.561,15.321000000000002,15.321000000000002,1636.811862687296,196.41742352247425,19838.1597757699,win,-0.11999999999999922,9838.159775769871
2025-11-09 04:30:00+00:00,2025-11-09 05:25:00+00:00,sell,15.243,15.459999999999999,15.026000000000002,15.026000000000002,914.200911325807,198.38159775769898,20036.541373527598,win,-0.21699999999999875,10036.54137352757
2025-11-09 07:00:00+00:00,2025-11-09 07:25:00+00:00,sell,15.042,15.19,14.894,15.19,1353.8203630761918,-200.36541373527598,19836.175959792323,loss,0.1479999999999997,9836.175959792294
2025-11-09 10:05:00+00:00,2025-11-09 11:45:00+00:00,sell,15.301,15.431,15.171000000000001,15.171000000000001,1525.8596892148057,198.36175959792322,20034.537719390246,win,-0.129999999999999,10034.537719390217
2025-11-09 12:00:00+00:00,2025-11-09 13:05:00+00:00,sell,15.14,15.421,14.859000000000002,15.421,712.9728725761684,-200.34537719390246,19834.192342196344,loss,0.2809999999999988,9834.192342196315
2025-11-09 16:15:00+00:00,2025-11-09 16:25:00+00:00,buy,15.668999999999999,15.501000000000001,15.836999999999996,15.836999999999996,1180.6066870355144,198.34192342196346,20032.534265618306,win,0.16799999999999748,10032.534265618278
2025-11-09 17:40:00+00:00,2025-11-09 19:40:00+00:00,buy,15.908999999999999,15.741000000000001,16.076999999999998,15.741000000000001,1192.4127539058695,-200.32534265618307,19832.208922962123,loss,-0.16799999999999748,9832.208922962096
2025-11-09 20:45:00+00:00,2025-11-09 21:45:00+00:00,buy,15.85,15.690000000000001,16.009999999999998,16.009999999999998,1239.5130576851454,198.32208922962124,20030.531012191743,win,0.15999999999999837,10030.531012191717
2025-11-09 22:00:00+00:00,2025-11-10 00:25:00+00:00,buy,16.080000000000002,15.89,16.270000000000003,15.89,1054.2384743258742,-200.30531012191744,19830.225702069827,loss,-0.19000000000000128,9830.2257020698
2025-11-10 01:00:00+00:00,2025-11-10 02:00:00+00:00,buy,16.02,15.850000000000001,16.189999999999998,15.850000000000001,1166.4838648276495,-198.30225702069828,19631.923445049128,loss,-0.16999999999999815,9631.923445049102
2025-11-10 02:15:00+00:00,2025-11-10 02:50:00+00:00,buy,15.959999999999999,15.74,16.18,16.18,892.3601565931468,196.31923445049287,19828.24267949962,win,0.22000000000000064,9828.242679499595
2025-11-10 05:00:00+00:00,2025-11-10 09:05:00+00:00,buy,16.220000000000002,16.049999999999997,16.390000000000008,16.390000000000008,1166.3672164411182,198.28242679499624,20026.525106294615,win,0.17000000000000526,10026.525106294592
2025-11-10 11:25:00+00:00,2025-11-10 11:45:00+00:00,buy,16.36,16.211,16.509,16.509,1344.0620876707715,200.26525106294616,20226.79035735756,win,0.1490000000000009,10226.790357357539
2025-11-10 13:05:00+00:00,2025-11-10 16:30:00+00:00,buy,16.569000000000003,16.38,16.758000000000006,16.38,1070.2005480083162,-202.26790357357564,20024.522453783986,loss,-0.1890000000000036,10024.522453783962
2025-11-11 00:05:00+00:00,2025-11-11 00:45:00+00:00,buy,16.099,15.921000000000001,16.277,16.277,1124.9731715609041,200.24522453784186,20224.767678321827,win,0.17800000000000082,10224.767678321805
2025-11-11 00:55:00+00:00,2025-11-11 03:20:00+00:00,buy,16.409000000000002,16.06,16.758000000000006,16.758000000000006,579.5062372011923,202.2476767832183,20427.015355105046,win,0.34900000000000375,10427.015355105023
2025-11-11 04:35:00+00:00,2025-11-11 07:15:00+00:00,buy,16.509,16.209999999999997,16.808000000000003,16.209999999999997,683.1777710737405,-204.27015355105047,20222.745201553997,loss,-0.29900000000000304,10222.745201553973
2025-11-11 14:35:00+00:00,2025-11-11 15:55:00+00:00,sell,16.07,16.310000000000002,15.829999999999998,15.829999999999998,842.6143833980763,202.22745201553997,20424.972653569537,win,-0.240000000000002,10424.972653569514
2025-11-11 16:05:00+00:00,2025-11-11 22:30:00+00:00,sell,15.781,16.12,15.442,15.442,602.506567951903,204.24972653569534,20629.22238010523,win,-0.3390000000000004,10629.22238010521
2025-11-11 23:30:00+00:00,2025-11-12 10:35:00+00:00,sell,15.4,15.649999999999999,15.150000000000002,15.649999999999999,825.1688952042152,-206.29222380105233,20422.93015630418,loss,0.24999999999999822,10422.930156304157
2025-11-12 15:25:00+00:00,2025-11-12 16:45:00+00:00,buy,16.149,15.97,16.328000000000003,15.97,1140.9458187879413,-204.22930156304182,20218.70085474114,loss,-0.17900000000000027,10218.700854741115
2025-11-12 18:05:00+00:00,2025-11-13 06:20:00+00:00,sell,15.291,15.68,14.902000000000001,15.68,519.7609474226523,-202.1870085474114,20016.513846193728,loss,0.38899999999999935,10016.513846193704
2025-11-13 08:15:00+00:00,2025-11-13 11:10:00+00:00,buy,15.959,15.67,16.247999999999998,15.67,692.612935854455,-200.1651384619373,19816.34870773179,loss,-0.2889999999999997,9816.348707731766
2025-11-13 14:45:00+00:00,2025-11-13 15:25:00+00:00,buy,15.74,15.600000000000001,15.879999999999999,15.600000000000001,1415.4534791237115,-198.1634870773179,19618.18522065447,loss,-0.1399999999999988,9618.185220654448
2025-11-13 16:50:00+00:00,2025-11-13 17:25:00+00:00,buy,15.6,15.402000000000001,15.797999999999998,15.402000000000001,990.8174353865965,-196.18185220654473,19422.003368447928,loss,-0.19799999999999862,9422.003368447904
2025-11-13 18:15:00+00:00,2025-11-13 19:05:00+00:00,sell,15.200000000000001,15.45,14.950000000000003,14.950000000000003,776.8801347379227,194.2200336844793,19616.223402132408,win,-0.24999999999999822,9616.223402132384
2025-11-13 19:15:00+00:00,2025-11-13 20:10:00+00:00,sell,14.870000000000001,15.18,14.560000000000002,14.560000000000002,632.7814000687899,196.16223402132408,19812.385636153733,win,-0.3099999999999987,9812.385636153707
2025-11-13 20:25:00+00:00,2025-11-13 21:55:00+00:00,sell,14.5,14.799999999999999,14.200000000000001,14.200000000000001,660.4128545384601,198.12385636153732,20010.50949251527,win,-0.29999999999999893,10010.509492515244
2025-11-13 22:20:00+00:00,2025-11-14 00:10:00+00:00,sell,14.16,14.411,13.909,14.411,797.2314538850724,-200.1050949251527,19810.40439759012,loss,0.25099999999999945,9810.404397590091
2025-11-14 02:15:00+00:00,2025-11-14 06:35:00+00:00,sell,14.399000000000001,14.639999999999999,14.158000000000003,14.158000000000003,822.008481227813,198.1040439759012,20008.50844156602,win,-0.24099999999999788,10008.508441565993
2025-11-14 08:35:00+00:00,2025-11-14 08:55:00+00:00,sell,14.201,14.42,13.982000000000001,14.42,913.6305224459395,-200.08508441566022,19808.42335715036,loss,0.21899999999999942,9808.423357150334
2025-11-14 10:15:00+00:00,2025-11-14 14:00:00+00:00,sell,14.33,14.568,14.092,14.092,832.2866956785881,198.0842335715036,20006.507590721863,win,-0.23799999999999955,10006.507590721838
2025-11-14 14:10:00+00:00,2025-11-14 14:35:00+00:00,sell,14.05,14.238999999999999,13.861000000000002,13.861000000000002,1058.5453751704786,200.06507590721864,20206.572666629083,win,-0.18899999999999828,10206.572666629056
2025-11-14 19:25:00+00:00,2025-11-14 19:45:00+00:00,sell,14.33,14.51,14.15,14.15,1122.5873703682842,202.06572666629083,20408.638393295372,win,-0.17999999999999972,10408.638393295347
2025-11-14 19:55:00+00:00,2025-11-14 22:40:00+00:00,sell,14.119,14.369,13.869,13.869,816.345535731815,204.08638393295374,20612.724777228326,win,-0.25,10612.7247772283
2025-11-14 23:00:00+00:00,2025-11-15 04:55:00+00:00,sell,13.821000000000002,14.219,13.423000000000004,14.219,517.9076577193074,-206.12724777228325,20406.59752945604,loss,0.3979999999999979,10406.597529456018
2025-11-15 06:30:00+00:00,2025-11-15 08:35:00+00:00,sell,14.131,14.251,14.011000000000001,14.251,1700.549794121348,-204.06597529456042,20202.53155416148,loss,0.11999999999999922,10202.531554161456
2025-11-15 09:00:00+00:00,2025-11-15 10:05:00+00:00,sell,14.15,14.299999999999999,14.000000000000002,14.000000000000002,1346.8354369441115,202.02531554161482,20404.556869703094,win,-0.14999999999999858,10404.55686970307
2025-11-15 10:20:00+00:00,2025-11-15 10:45:00+00:00,sell,13.97,14.100999999999999,13.839000000000002,13.839000000000002,1557.599761046056,204.04556869703094,20608.602438400125,win,-0.13099999999999845,10608.602438400101
2025-11-15 23:40:00+00:00,2025-11-16 03:35:00+00:00,sell,14.020000000000001,14.16,13.880000000000003,13.880000000000003,1472.0430313143074,206.08602438400126,20814.688462784125,win,-0.1399999999999988,10814.688462784103
2025-11-16 03:45:00+00:00,2025-11-16 04:10:00+00:00,sell,13.84,14.09,13.59,14.09,832.587538511365,-208.14688462784125,20606.541578156284,loss,0.25,10606.541578156262
2025-11-16 09:30:00+00:00,2025-11-16 11:50:00+00:00,buy,14.26,14.14,14.379999999999999,14.379999999999999,1717.2117981797016,206.06541578156285,20812.606993937847,win,0.11999999999999922,10812.606993937825
2025-11-16 12:00:00+00:00,2025-11-16 13:15:00+00:00,buy,14.42,14.231,14.609,14.231,1101.1961372453884,-208.12606993937848,20604.480923998468,loss,-0.18900000000000006,10604.480923998446
2025-11-16 15:45:00+00:00,2025-11-16 16:45:00+00:00,sell,13.930000000000001,14.141,13.719000000000003,14.141,976.51568360183,-206.0448092399847,20398.436114758482,loss,0.21099999999999852,10398.436114758462
2025-11-16 17:45:00+00:00,2025-11-16 18:00:00+00:00,sell,13.96,14.190999999999999,13.729000000000003,13.729000000000003,883.0491824570844,203.98436114758482,20602.420475906067,win,-0.2309999999999981,10602.420475906047
2025-11-16 18:15:00+00:00,2025-11-17 08:50:00+00:00,sell,13.680000000000001,14.049999999999999,13.310000000000004,14.049999999999999,556.8221750244921,-206.02420475906067,20396.396271147005,loss,0.36999999999999744,10396.396271146987
2025-11-17 09:05:00+00:00,2025-11-17 15:10:00+00:00,buy,14.12,13.92,14.319999999999999,13.92,1019.8198135573539,-203.96396271147006,20192.432308435535,loss,-0.1999999999999993,10192.432308435516
2025-11-17 17:05:00+00:00,2025-11-17 18:15:00+00:00,sell,13.860000000000001,14.299,13.421000000000003,13.421000000000003,459.96428948600493,201.92432308435536,20394.35663151989,win,-0.4389999999999983,10394.356631519871
2025-11-17 19:30:00+00:00,2025-11-17 20:25:00+00:00,sell,13.539000000000001,13.809,13.269000000000004,13.269000000000004,755.3465419081504,203.94356631519892,20598.30019783509,win,-0.2699999999999978,10598.30019783507
2025-11-17 20:35:00+00:00,2025-11-18 07:15:00+00:00,sell,13.231,13.52,12.942,13.52,712.7439514821839,-205.98300197835093,20392.31719585674,loss,0.2889999999999997,10392.317195856718
2025-11-18 08:30:00+00:00,2025-11-18 10:15:00+00:00,sell,13.349,13.479999999999999,13.218000000000002,13.479999999999999,1556.6654347982428,-203.9231719585674,20188.394023898174,loss,0.13099999999999845,10188.39402389815
2025-11-18 15:20:00+00:00,2025-11-18 16:30:00+00:00,sell,13.360000000000001,13.53,13.190000000000003,13.53,1187.552589641082,-201.88394023898175,19986.510083659192,loss,0.16999999999999815,9986.510083659168
2025-11-18 18:05:00+00:00,2025-11-18 18:20:00+00:00,buy,13.77,13.591000000000001,13.948999999999998,13.948999999999998,1116.564809142981,199.86510083659192,20186.375184495784,win,0.1789999999999985,10186.37518449576
2025-11-18 20:10:00+00:00,2025-11-18 23:55:00+00:00,buy,13.928999999999998,13.700000000000001,14.157999999999996,13.700000000000001,881.5010997596512,-201.86375184495785,19984.511432650826,loss,-0.22899999999999743,9984.511432650803
2025-11-19 00:10:00+00:00,2025-11-19 02:15:00+00:00,buy,13.838999999999999,13.661000000000001,14.016999999999996,13.661000000000001,1122.7253613848952,-199.84511432650828,19784.666318324318,loss,-0.17799999999999727,9784.666318324294
2025-11-19 07:05:00+00:00,2025-11-19 07:35:00+00:00,sell,13.360000000000001,13.479999999999999,13.240000000000004,13.240000000000004,1648.7221931937283,197.84666318324318,19982.51298150756,win,-0.11999999999999744,9982.512981507538
2025-11-19 07:45:00+00:00,2025-11-19 09:40:00+00:00,sell,13.171000000000001,13.43,12.912000000000003,13.43,771.5255977416089,-199.8251298150756,19782.687851692484,loss,0.25899999999999856,9782.687851692463
2025-11-19 10:55:00+00:00,2025-11-19 16:20:00+00:00,sell,13.370000000000001,13.540999999999999,13.199000000000003,13.199000000000003,1156.8823305083486,197.82687851692484,19980.51473020941,win,-0.1709999999999976,9980.514730209388
2025-11-19 16:30:00+00:00,2025-11-19 16:40:00+00:00,sell,13.16,13.350999999999999,12.969000000000001,13.350999999999999,1046.1002476549486,-199.80514730209407,19780.709582907315,loss,0.19099999999999895,9780.709582907295
2025-11-19 17:35:00+00:00,2025-11-19 19:35:00+00:00,sell,13.110000000000001,13.389999999999999,12.830000000000004,12.830000000000004,706.4539136752674,197.80709582907315,19978.51667873639,win,-0.2799999999999976,9978.516678736369
2025-11-20 04:05:00+00:00,2025-11-20 07:00:00+00:00,buy,13.649,13.531,13.766999999999998,13.766999999999998,1693.0946337912403,199.7851667873639,20178.301845523754,win,0.11799999999999855,10178.301845523732
2025-11-20 07:50:00+00:00,2025-11-20 13:25:00+00:00,buy,13.799,13.57,14.027999999999999,13.57,881.1485522062806,-201.78301845523754,19976.518827068518,loss,-0.2289999999999992,9976.518827068496
2025-11-20 14:30:00+00:00,2025-11-20 16:05:00+00:00,buy,13.738999999999999,13.529,13.948999999999998,13.529,951.2628012889812,-199.76518827068517,19776.753638797833,loss,-0.20999999999999908,9776.75363879781
2025-11-20 18:05:00+00:00,2025-11-20 18:10:00+00:00,sell,13.359,13.6,13.118,13.118,820.6121841824839,197.76753638797834,19974.52117518581,win,-0.24099999999999966,9974.52117518579
2025-11-20 18:20:00+00:00,2025-11-21 09:30:00+00:00,sell,12.99,13.53,12.450000000000001,12.450000000000001,369.8985402812193,199.7452117518581,20174.26638693767,win,-0.5399999999999991,10174.266386937648
2025-11-21 11:20:00+00:00,2025-11-21 11:40:00+00:00,sell,12.229000000000001,12.439,12.019000000000002,12.019000000000002,960.6793517589409,201.7426638693767,20376.009050807046,win,-0.20999999999999908,10376.009050807024
2025-11-21 11:50:00+00:00,2025-11-21 14:20:00+00:00,sell,11.979000000000001,12.289,11.669000000000002,11.669000000000002,657.2906145421655,203.76009050807045,20579.769141315115,win,-0.3099999999999987,10579.769141315095
2025-11-21 16:15:00+00:00,2025-11-21 16:30:00+00:00,sell,11.959000000000001,12.189,11.729000000000003,12.189,894.772571361532,-205.79769141315114,20373.971449901965,loss,0.22999999999999865,10373.971449901945
2025-11-21 17:35:00+00:00,2025-11-21 19:00:00+00:00,sell,11.929,12.238999999999999,11.619000000000002,12.238999999999999,657.2248854807112,-203.73971449901964,20170.231735402944,loss,0.3099999999999987,10170.231735402926
2025-11-21 20:15:00+00:00,2025-11-23 03:40:00+00:00,sell,11.98,12.33,11.63,12.33,576.2923352972276,-201.70231735402947,19968.529418048915,loss,0.34999999999999964,9968.529418048896
2025-11-23 04:05:00+00:00,2025-11-23 06:15:00+00:00,buy,12.36,12.17,12.549999999999999,12.549999999999999,1050.975232528893,199.68529418048914,20168.214712229405,win,0.1899999999999995,10168.214712229386
2025-11-23 10:10:00+00:00,2025-11-23 12:15:00+00:00,buy,12.418999999999999,12.26,12.577999999999998,12.577999999999998,1268.4411768697826,201.68214712229405,20369.8968593517,win,0.15899999999999892,10369.89685935168
2025-11-23 13:45:00+00:00,2025-11-23 16:00:00+00:00,buy,12.520999999999999,12.39,12.651999999999997,12.651999999999997,1554.9539587291556,203.69896859351698,20573.595827945217,win,0.13099999999999845,10573.595827945197
2025-11-23 17:30:00+00:00,2025-11-23 19:15:00+00:00,buy,12.600999999999999,12.450000000000001,12.751999999999997,12.450000000000001,1362.4897899301648,-205.73595827945218,20367.859869665765,loss,-0.15099999999999802,10367.859869665745
2025-11-23 20:40:00+00:00,2025-11-24 02:05:00+00:00,buy,12.591,12.440000000000001,12.741999999999997,12.440000000000001,1348.864892030863,-203.67859869665767,20164.181270969108,loss,-0.15099999999999802,10164.181270969088
2025-11-24 04:00:00+00:00,2025-11-24 04:05:00+00:00,buy,12.578999999999999,12.39,12.767999999999997,12.767999999999997,1066.887897934883,201.64181270969107,20365.8230836788,win,0.18899999999999828,10365.823083678779
2025-11-24 04:15:00+00:00,2025-11-24 11:25:00+00:00,buy,12.799,12.342,13.255999999999998,12.342,445.64164296890254,-203.658230836788,20162.164852842012,loss,-0.45699999999999896,10162.16485284199
2025-11-24 16:40:00+00:00,2025-11-24 17:35:00+00:00,sell,12.371,12.6,12.142000000000001,12.6,880.443880036772,-201.6216485284201,19960.54320431359,loss,0.2289999999999992,9960.54320431357
2025-11-24 18:40:00+00:00,2025-11-24 19:25:00+00:00,buy,12.709,12.520000000000001,12.897999999999998,12.897999999999998,1056.113397053639,199.60543204313595,20160.148636356727,win,0.18899999999999828,10160.148636356706
2025-11-24 19:35:00+00:00,2025-11-25 16:40:00+00:00,buy,13.001,12.631,13.370999999999999,12.631,544.8688820636966,-201.6014863635673,19958.54714999316,loss,-0.3699999999999992,9958.54714999314
2025-11-25 19:10:00+00:00,2025-11-25 20:10:00+00:00,buy,12.95,12.84,13.059999999999999,13.059999999999999,1814.4133772721148,199.5854714999316,20158.132621493092,win,0.10999999999999943,10158.13262149307
2025-11-25 20:20:00+00:00,2025-11-25 21:05:00+00:00,buy,13.129999999999999,12.92,13.339999999999998,12.92,959.911077213961,-201.58132621493093,19956.55129527816,loss,-0.20999999999999908,9956.55129527814
2025-11-25 22:30:00+00:00,2025-11-26 12:30:00+00:00,buy,13.059,12.851,13.266999999999998,12.851,959.4495815037651,-199.5655129527816,19756.98578232538,loss,-0.2079999999999984,9756.985782325357
2025-11-26 14:05:00+00:00,2025-11-26 15:35:00+00:00,sell,12.771,12.870999999999999,12.671000000000003,12.870999999999999,1975.6985782325803,-197.5698578232538,19559.415924502126,loss,0.09999999999999787,9559.415924502104
2025-11-26 16:55:00+00:00,2025-11-26 18:15:00+00:00,sell,12.82,12.991,12.649000000000001,12.991,1143.8254926609472,-195.59415924502127,19363.821765257104,loss,0.17099999999999937,9363.821765257082
2025-11-26 19:25:00+00:00,2025-11-26 19:35:00+00:00,buy,13.091,12.930000000000001,13.251999999999997,13.251999999999997,1202.7218487737493,193.638217652571,19557.459982909673,win,0.1609999999999978,9557.459982909653
2025-11-26 19:45:00+00:00,2025-11-29 20:10:00+00:00,buy,13.33,12.940000000000001,13.719999999999999,12.940000000000001,501.4733328951214,-195.57459982909674,19361.88538308058,loss,-0.3899999999999988,9361.885383080556
2025-11-29 22:10:00+00:00,2025-11-30 03:05:00+00:00,sell,12.97,13.061,12.879000000000001,13.061,2127.6797124264535,-193.6188538308058,19168.266529249773,loss,0.0909999999999993,9168.266529249751
2025-11-30 04:40:00+00:00,2025-11-30 15:15:00+00:00,sell,13.020000000000001,13.141,12.899000000000003,13.141,1584.1542586157013,-191.68266529249775,18976.583863957276,loss,0.12099999999999866,8976.583863957254
2025-11-30 15:25:00+00:00,2025-11-30 18:15:00+00:00,buy,13.190999999999999,13.05,13.331999999999997,13.331999999999997,1345.8570116281924,189.76583863957276,19166.34970259685,win,0.14099999999999824,9166.349702596826
2025-11-30 18:25:00+00:00,2025-12-01 01:05:00+00:00,buy,13.399999999999999,13.191,13.608999999999996,13.191,917.0502250046434,-191.6634970259685,18974.68620557088,loss,-0.20899999999999785,8974.686205570857
2025-12-01 02:05:00+00:00,2025-12-01 02:10:00+00:00,sell,12.894,13.101999999999999,12.686000000000002,12.686000000000002,912.2445291139917,189.74686205570882,19164.43306762659,win,-0.2079999999999984,9164.433067626565
2025-12-01 02:20:00+00:00,2025-12-01 07:35:00+00:00,sell,12.542,13.059999999999999,12.024000000000001,12.024000000000001,369.9697503402824,191.6443306762659,19356.077398302856,win,-0.5179999999999989,9356.077398302832
2025-12-01 13:10:00+00:00,2025-12-01 14:40:00+00:00,sell,12.131,12.221,12.041,12.041,2150.6752664780984,193.56077398302855,19549.638172285886,win,-0.08999999999999986,9549.63817228586
2025-12-01 14:50:00+00:00,2025-12-01 15:00:00+00:00,sell,11.982000000000001,12.149999999999999,11.814000000000004,12.149999999999999,1163.6689388265584,-195.49638172285887,19354.141790563026,loss,0.16799999999999748,9354.141790563002
2025-12-01 17:20:00+00:00,2025-12-01 17:30:00+00:00,sell,11.991000000000001,12.16,11.822000000000003,11.822000000000003,1145.2154905658683,193.54141790563025,19547.683208468658,win,-0.1689999999999987,9547.683208468632
2025-12-01 18:50:00+00:00,2025-12-01 20:10:00+00:00,sell,11.761000000000001,11.940999999999999,11.581000000000003,11.940999999999999,1085.9824004704935,-195.4768320846866,19352.206376383972,loss,0.17999999999999794,9352.206376383945
2025-12-01 21:25:00+00:00,2025-12-01 22:05:00+00:00,sell,11.811,11.950999999999999,11.671000000000001,11.950999999999999,1382.30045545601,-193.52206376383972,19158.68431262013,loss,0.1399999999999988,9158.684312620106
2025-12-02 03:55:00+00:00,2025-12-02 12:50:00+00:00,sell,12.031,12.181,11.881000000000002,12.181,1277.2456208413541,-191.5868431262013,18967.09746949393,loss,0.14999999999999858,8967.097469493905
2025-12-02 15:10:00+00:00,2025-12-02 15:55:00+00:00,buy,12.261,12.15,12.371999999999998,12.371999999999998,1708.7475197742453,189.6709746949393,19156.768444188867,win,0.11099999999999888,9156.768444188845
2025-12-02 16:05:00+00:00,2025-12-02 16:25:00+00:00,buy,12.41,12.3,12.52,12.52,1741.5244040171788,191.56768444188867,19348.336128630755,win,0.10999999999999943,9348.336128630734
2025-12-02 16:35:00+00:00,2025-12-02 17:00:00+00:00,buy,12.549999999999999,12.301,12.798999999999998,12.798999999999998,777.0416115916005,193.48336128630757,19541.819489917063,win,0.24899999999999878,9541.819489917041
2025-12-02 17:10:00+00:00,2025-12-02 17:40:00+00:00,buy,12.879999999999999,12.47,13.289999999999997,13.289999999999997,476.62974365651564,195.41819489917063,19737.237684816235,win,0.40999999999999837,9737.237684816211
2025-12-02 17:50:00+00:00,2025-12-03 03:50:00+00:00,buy,13.34,12.97,13.709999999999999,13.709999999999999,533.4388563463859,197.3723768481624,19934.610061664396,win,0.3699999999999992,9934.610061664374
2025-12-03 04:00:00+00:00,2025-12-03 04:35:00+00:00,buy,13.75,13.57,13.93,13.93,1107.478336759135,199.34610061664395,20133.95616228104,win,0.17999999999999972,10133.956162281018
2025-12-03 05:00:00+00:00,2025-12-03 06:55:00+00:00,buy,13.959999999999999,13.771,14.148999999999997,14.148999999999997,1065.2886858349855,201.33956162281044,20335.29572390385,win,0.18899999999999828,10335.295723903828
2025-12-03 07:05:00+00:00,2025-12-03 10:10:00+00:00,buy,14.19,13.961,14.418999999999999,14.418999999999999,888.0041800831407,203.35295723903852,20538.64868114289,win,0.2289999999999992,10538.648681142866
2025-12-03 10:40:00+00:00,2025-12-03 11:30:00+00:00,buy,14.45,14.31,14.589999999999998,14.31,1467.046334367362,-205.3864868114289,20333.262194331463,loss,-0.1399999999999988,10333.262194331437
2025-12-03 11:55:00+00:00,2025-12-03 16:00:00+00:00,buy,14.45,14.270000000000001,14.629999999999997,14.270000000000001,1129.6256774628719,-203.33262194331462,20129.929572388148,loss,-0.17999999999999794,10129.929572388122
2025-12-03 16:40:00+00:00,2025-12-04 21:10:00+00:00,buy,14.62,14.180000000000001,15.059999999999997,14.180000000000001,457.49839937246026,-201.29929572388147,19928.630276664266,loss,-0.4399999999999977,9928.63027666424
2025-12-04 21:20:00+00:00,2025-12-04 22:45:00+00:00,sell,14.031,14.319999999999999,13.742000000000003,14.319999999999999,689.571981891502,-199.28630276664265,19729.343973897623,loss,0.2889999999999979,9729.343973897598
2025-12-05 00:00:00+00:00,2025-12-05 01:05:00+00:00,sell,14.151,14.299999999999999,14.002,14.299999999999999,1324.1170452280362,-197.29343973897625,19532.050534158647,loss,0.14899999999999913,9532.050534158621
2025-12-05 05:40:00+00:00,2025-12-05 11:15:00+00:00,sell,14.241000000000001,14.389999999999999,14.092000000000004,14.092000000000004,1310.8758747757715,195.32050534158648,19727.371039500234,win,-0.14899999999999736,9727.371039500207
2025-12-05 11:25:00+00:00,2025-12-05 16:40:00+00:00,sell,14.062000000000001,14.338999999999999,13.785000000000004,13.785000000000004,712.1794599097623,197.27371039500235,19924.644749895237,win,-0.27699999999999747,9924.64474989521
2025-12-05 17:55:00+00:00,2025-12-05 18:05:00+00:00,sell,13.951,14.16,13.742,13.742,953.3322846839843,199.24644749895236,20123.89119739419,win,-0.20899999999999963,10123.891197394161
2025-12-05 18:30:00+00:00,2025-12-07 16:50:00+00:00,sell,13.66,14.069999999999999,13.250000000000002,13.250000000000002,490.82661457059197,201.2389119739419,20325.130109368132,win,-0.40999999999999837,10325.130109368103
2025-12-07 17:00:00+00:00,2025-12-07 17:50:00+00:00,sell,13.201,13.450999999999999,12.951000000000002,13.450999999999999,813.0052043747311,-203.25130109368132,20121.87880827445,loss,0.24999999999999822,10121.878808274421
2025-12-07 22:45:00+00:00,2025-12-07 23:30:00+00:00,buy,14.1,13.98,14.219999999999999,13.98,1676.823234022882,-201.2187880827445,19920.660020191706,loss,-0.11999999999999922,9920.660020191677
2025-12-08 00:05:00+00:00,2025-12-08 08:35:00+00:00,sell,13.64,14.040999999999999,13.239000000000003,14.040999999999999,496.77456409455874,-199.20660020191707,19721.45341998979,loss,0.400999999999998,9721.45341998976
2025-12-08 10:55:00+00:00,2025-12-08 11:05:00+00:00,buy,14.091,13.971,14.210999999999999,14.210999999999999,1643.4544516658266,197.2145341998979,19918.66795418969,win,0.11999999999999922,9918.66795418966
2025-12-08 14:55:00+00:00,2025-12-08 16:30:00+00:00,buy,13.959999999999999,13.842,14.077999999999998,14.077999999999998,1688.0227079821977,199.1866795418969,20117.854633731586,win,0.11799999999999855,10117.854633731557
2025-12-08 20:55:00+00:00,2025-12-08 22:50:00+00:00,sell,13.612,13.83,13.394,13.83,922.8373685197976,-201.17854633731585,19916.67608739427,loss,0.21799999999999997,9916.67608739424
2025-12-09 00:30:00+00:00,2025-12-09 03:25:00+00:00,sell,13.801,13.931999999999999,13.670000000000002,13.670000000000002,1520.356953236222,199.1667608739427,20115.842848268214,win,-0.13099999999999845,10115.842848268183
2025-12-09 03:45:00+00:00,2025-12-09 09:25:00+00:00,sell,13.621,13.77,13.472000000000001,13.77,1350.0565669978746,-201.15842848268215,19914.68441978553,loss,0.14899999999999913,9914.6844197855
2025-12-09 11:25:00+00:00,2025-12-09 12:40:00+00:00,sell,13.751000000000001,13.881,13.621000000000002,13.621000000000002,1531.8988015219759,199.14684419785533,20113.831263983386,win,-0.129999999999999,10113.831263983357
2025-12-09 15:35:00+00:00,2025-12-09 17:00:00+00:00,sell,13.731,13.841999999999999,13.620000000000001,13.841999999999999,1812.0568706291522,-201.13831263983386,19912.692951343553,loss,0.11099999999999888,9912.692951343523
2025-12-09 17:40:00+00:00,2025-12-09 18:00:00+00:00,buy,14.099,13.641,14.557,14.557,434.7749552695097,199.12692951343553,20111.81988085699,win,0.4580000000000002,10111.819880856958
2025-12-09 18:10:00+00:00,2025-12-10 17:30:00+00:00,buy,14.689,13.981,15.397,13.981,284.0652525544772,-201.1181988085699,19910.70168204842,loss,-0.7080000000000002,9910.701682048388
2025-12-10 20:15:00+00:00,2025-12-10 20:35:00+00:00,buy,14.321,14.200000000000001,14.441999999999998,14.441999999999998,1645.5125357064992,199.1070168204842,20109.808698868903,win,0.12099999999999866,10109.808698868872
2025-12-10 21:00:00+00:00,2025-12-11 00:10:00+00:00,buy,14.561,14.201,14.921,14.201,558.6057971908037,-201.09808698868903,19908.710611880215,loss,-0.35999999999999943,9908.710611880182
2025-12-11 02:30:00+00:00,2025-12-11 02:40:00+00:00,sell,14.042,14.181999999999999,13.902000000000001,13.902000000000001,1422.0507579914563,199.08710611880215,20107.797717999016,win,-0.1399999999999988,10107.797717998985
2025-12-11 02:50:00+00:00,2025-12-11 05:00:00+00:00,sell,13.850000000000001,14.141,13.559000000000003,13.559000000000003,690.989612302375,201.07797717999014,20308.875695179006,win,-0.2909999999999986,10308.875695178975
2025-12-11 05:10:00+00:00,2025-12-11 17:25:00+00:00,sell,13.49,13.709999999999999,13.270000000000001,13.709999999999999,923.1307134172323,-203.08875695179006,20105.786938227215,loss,0.21999999999999886,10105.786938227184
2025-12-11 17:50:00+00:00,2025-12-11 20:40:00+00:00,sell,13.46,13.74,13.180000000000001,13.74,718.0638192224021,-201.05786938227214,19904.729068844943,loss,0.27999999999999936,9904.729068844912
2025-12-12 02:20:00+00:00,2025-12-12 02:50:00+00:00,buy,14.141,13.981,14.301,13.981,1244.0455668028078,-199.04729068844944,19705.681778156493,loss,-0.16000000000000014,9705.681778156462
2025-12-12 04:10:00+00:00,2025-12-12 08:10:00+00:00,buy,14.040999999999999,13.901,14.180999999999997,14.180999999999997,1407.5486984397617,197.05681778156494,19902.73859593806,win,0.1399999999999988,9902.738595938028
2025-12-12 11:50:00+00:00,2025-12-12 14:55:00+00:00,buy,14.04,13.901,14.178999999999998,14.178999999999998,1431.8516975495072,199.02738595938055,20101.76598189744,win,0.13899999999999935,10101.765981897408
2025-12-12 15:10:00+00:00,2025-12-12 17:05:00+00:00,buy,14.209999999999999,14.031,14.388999999999998,14.031,1123.003686139531,-201.01765981897438,19900.748322078463,loss,-0.1789999999999985,9900.748322078434
2025-12-12 18:15:00+00:00,2025-12-13 10:15:00+00:00,sell,13.401,13.828999999999999,12.973,13.828999999999999,464.9707551887502,-199.00748322078465,19701.74083885768,loss,0.42799999999999905,9701.74083885765
2025-12-13 12:25:00+00:00,2025-12-13 14:15:00+00:00,buy,13.91,13.802000000000001,14.017999999999999,13.802000000000001,1824.2352628572135,-197.0174083885768,19504.723430469105,loss,-0.10799999999999876,9504.723430469072
2025-12-13 17:05:00+00:00,2025-12-13 23:30:00+00:00,buy,13.758999999999999,13.64,13.877999999999997,13.64,1639.0523891150783,-195.04723430469105,19309.676196164415,loss,-0.118999999999998,9309.67619616438
2025-12-14 05:45:00+00:00,2025-12-14 12:10:00+00:00,sell,13.692,13.801,13.583,13.583,1771.5299262536162,193.09676196164415,19502.77295812606,win,-0.10899999999999999,9502.772958126025
2025-12-14 13:30:00+00:00,2025-12-14 14:45:00+00:00,sell,13.51,13.639999999999999,13.38,13.639999999999999,1500.213304471247,-195.02772958126062,19307.7452285448,loss,0.129999999999999,9307.745228544763
2025-12-14 15:25:00+00:00,2025-12-14 16:50:00+00:00,sell,13.55,13.68,13.420000000000002,13.420000000000002,1485.2111714265347,193.07745228544803,19500.82268083025,win,-0.129999999999999,9500.822680830212
2025-12-14 19:10:00+00:00,2025-12-14 23:45:00+00:00,sell,13.41,13.530999999999999,13.289000000000001,13.289000000000001,1611.6382380851626,195.0082268083025,19695.830907638552,win,-0.12099999999999866,9695.830907638514
2025-12-15 00:30:00+00:00,2025-12-15 03:30:00+00:00,sell,13.23,13.399999999999999,13.060000000000002,13.399999999999999,1158.5782886846332,-196.95830907638552,19498.872598562168,loss,0.16999999999999815,9498.872598562128
2025-12-15 10:15:00+00:00,2025-12-15 12:30:00+00:00,buy,13.610999999999999,13.51,13.711999999999998,13.711999999999998,1930.5814454022122,194.98872598562167,19693.86132454779,win,0.10099999999999909,9693.86132454775
2025-12-15 16:45:00+00:00,2025-12-15 16:55:00+00:00,sell,13.46,13.610999999999999,13.309000000000003,13.309000000000003,1304.2292267912615,196.9386132454779,19890.79993779327,win,-0.15099999999999802,9890.799937793228
2025-12-15 17:05:00+00:00,2025-12-15 19:50:00+00:00,sell,13.13,13.66,12.600000000000001,12.600000000000001,375.2981120338357,198.9079993779327,20089.707937171203,win,-0.5299999999999994,10089.70793717116
2025-12-15 20:30:00+00:00,2025-12-15 21:00:00+00:00,sell,12.521,12.75,12.292000000000002,12.75,877.2798225838984,-200.89707937171204,19888.81085779949,loss,0.2289999999999992,9888.810857799448
2025-12-15 22:15:00+00:00,2025-12-16 01:00:00+00:00,sell,12.620000000000001,12.78,12.460000000000003,12.78,1243.0506786124809,-198.8881085779949,19689.922749221496,loss,0.15999999999999837,9689.922749221452
2025-12-16 02:35:00+00:00,2025-12-16 06:35:00+00:00,sell,12.782,12.911,12.653,12.653,1526.35060071485,196.89922749221498,19886.821976713713,win,-0.12899999999999956,9886.821976713667
2025-12-16 06:45:00+00:00,2025-12-16 08:05:00+00:00,sell,12.611,12.770999999999999,12.451000000000002,12.770999999999999,1242.9263735446198,-198.86821976713713,19687.953756946576,loss,0.15999999999999837,9687.95375694653
2025-12-16 09:20:00+00:00,2025-12-16 12:40:00+00:00,sell,12.741000000000001,12.901,12.581000000000003,12.901,1230.4971098091735,-196.87953756946575,19491.07421937711,loss,0.15999999999999837,9491.074219377064
2025-12-16 15:30:00+00:00,2025-12-16 17:50:00+00:00,sell,12.83,13.0,12.66,13.0,1146.5337776104188,-194.9107421937711,19296.16347718334,loss,0.16999999999999993,9296.163477183292
2025-12-17 04:15:00+00:00,2025-12-17 04:45:00+00:00,sell,12.771,12.891,12.651000000000002,12.891,1608.0136230986222,-192.96163477183342,19103.20184241151,loss,0.11999999999999922,9103.20184241146
2025-12-17 06:15:00+00:00,2025-12-17 07:00:00+00:00,sell,12.771,12.882,12.660000000000002,12.660000000000002,1721.0091749920452,191.03201842411508,19294.233860835622,win,-0.11099999999999888,9294.233860835575
2025-12-17 10:25:00+00:00,2025-12-17 12:00:00+00:00,sell,12.690000000000001,12.801,12.579000000000002,12.579000000000002,1738.2192667419656,192.94233860835624,19487.176199443977,win,-0.11099999999999888,9487.176199443931
2025-12-17 14:20:00+00:00,2025-12-17 15:45:00+00:00,sell,12.641,12.741999999999999,12.540000000000001,12.741999999999999,1929.4233860835793,-194.87176199443977,19292.304437449537,loss,0.10099999999999909,9292.304437449491
2025-12-17 16:45:00+00:00,2025-12-17 16:50:00+00:00,sell,12.631,12.84,12.422,12.84,923.0767673420847,-192.92304437449536,19099.38139307504,loss,0.20899999999999963,9099.381393074997
2025-12-17 18:10:00+00:00,2025-12-18 19:15:00+00:00,sell,12.461,12.891,12.031,12.031,444.171660304071,190.9938139307504,19290.37520700579,win,-0.4299999999999997,9290.375207005747
2025-12-18 20:50:00+00:00,2025-12-18 21:40:00+00:00,sell,12.020000000000001,12.199,11.841000000000003,11.841000000000003,1077.6745925701648,192.90375207005786,19483.278959075848,win,-0.1789999999999985,9483.278959075806
2025-12-18 21:50:00+00:00,2025-12-19 05:10:00+00:00,sell,11.779,12.068999999999999,11.489,12.068999999999999,671.837205485376,-194.83278959075847,19288.44616948509,loss,0.28999999999999915,9288.446169485047
2025-12-19 10:35:00+00:00,2025-12-19 16:15:00+00:00,buy,12.399999999999999,12.319,12.480999999999996,12.480999999999996,2381.289650553781,192.88446169485087,19481.330631179942,win,0.08099999999999774,9481.330631179899
2025-12-19 16:40:00+00:00,2025-12-19 17:15:00+00:00,buy,12.52,12.369,12.671,12.671,1290.1543464357596,194.81330631179944,19676.143937491743,win,0.1509999999999998,9676.143937491699
2025-12-19 18:30:00+00:00,2025-12-19 19:55:00+00:00,buy,12.629999999999999,12.4,12.859999999999998,12.4,855.4845190213853,-196.76143937491744,19479.382498116825,loss,-0.22999999999999865,9479.382498116782
2025-12-19 21:15:00+00:00,2025-12-21 04:40:00+00:00,buy,12.540999999999999,12.38,12.701999999999996,12.38,1209.8995340445397,-194.79382498116823,19284.58867313566,loss,-0.1609999999999978,9284.588673135613
2025-12-21 10:05:00+00:00,2025-12-21 10:30:00+00:00,sell,12.47,12.551,12.389000000000001,12.551,2380.813416436515,-192.8458867313566,19091.742786404302,loss,0.08099999999999952,9091.742786404257
2025-12-21 11:50:00+00:00,2025-12-21 14:40:00+00:00,buy,12.661,12.520000000000001,12.801999999999998,12.520000000000001,1354.0243110925205,-190.91742786404302,18900.82535854026,loss,-0.14099999999999824,8900.825358540213
2025-12-21 15:05:00+00:00,2025-12-21 15:30:00+00:00,sell,12.450000000000001,12.649999999999999,12.250000000000004,12.250000000000004,945.0412679270247,189.0082535854026,19089.83361212566,win,-0.1999999999999975,9089.833612125614
2025-12-21 15:45:00+00:00,2025-12-22 01:15:00+00:00,sell,12.22,12.469999999999999,11.970000000000002,12.469999999999999,763.5933444850319,-190.89833612125662,18898.935276004406,loss,0.24999999999999822,8898.935276004358
2025-12-22 06:20:00+00:00,2025-12-22 10:20:00+00:00,buy,12.58,12.471,12.689,12.689,1733.8472730279273,188.98935276004406,19087.92462876445,win,0.10899999999999999,9087.924628764402
2025-12-22 12:00:00+00:00,2025-12-22 14:30:00+00:00,buy,12.668999999999999,12.539000000000001,12.798999999999996,12.798999999999996,1468.3018945203735,190.8792462876445,19278.803875052094,win,0.12999999999999723,9278.803875052046
2025-12-22 16:15:00+00:00,2025-12-22 16:35:00+00:00,buy,12.75,12.637,12.863,12.637,1706.0888385001922,-192.78803875052094,19086.015836301573,loss,-0.11299999999999955,9086.015836301525
2025-12-22 16:55:00+00:00,2025-12-22 21:00:00+00:00,buy,12.801,12.600000000000001,13.001999999999999,12.600000000000001,949.5530266816762,-190.86015836301573,18895.155677938557,loss,-0.20099999999999874,8895.15567793851
2025-12-23 05:05:00+00:00,2025-12-23 08:15:00+00:00,sell,12.469000000000001,12.639999999999999,12.298000000000004,12.298000000000004,1104.9798642069488,188.95155677938558,19084.107234717943,win,-0.1709999999999976,9084.107234717896
2025-12-23 08:25:00+00:00,2025-12-23 18:50:00+00:00,sell,12.23,12.408999999999999,12.051000000000002,12.408999999999999,1066.1512421630227,-190.84107234717948,18893.266162370765,loss,0.1789999999999985,8893.266162370717
2025-12-23 19:50:00+00:00,2025-12-23 22:40:00+00:00,sell,12.289000000000001,12.45,12.128000000000004,12.45,1173.4947926938523,-188.93266162370765,18704.333500747056,loss,0.1609999999999978,8704.333500747009
2025-12-24 04:10:00+00:00,2025-12-24 04:40:00+00:00,sell,12.290000000000001,12.42,12.160000000000002,12.160000000000002,1438.7948846728616,187.04333500747057,18891.376835754527,win,-0.129999999999999,8891.37683575448
2025-12-24 07:35:00+00:00,2025-12-24 16:35:00+00:00,sell,12.168000000000001,12.279,12.057000000000002,12.057000000000002,1701.9258410589837,188.91376835754528,19080.290604112073,win,-0.11099999999999888,9080.290604112024
2025-12-26 00:40:00+00:00,2025-12-26 00:45:00+00:00,sell,12.228,12.318,12.138,12.138,2120.032289345789,190.80290604112074,19271.093510153194,win,-0.08999999999999986,9271.093510153145
2025-12-26 01:30:00+00:00,2025-12-26 04:10:00+00:00,sell,12.06,12.28,11.840000000000002,12.28,875.9587959160589,-192.71093510153196,19078.382575051663,loss,0.21999999999999886,9078.382575051613
2025-12-26 06:40:00+00:00,2025-12-26 16:45:00+00:00,buy,12.408999999999999,12.290000000000001,12.527999999999997,12.290000000000001,1603.2254264749565,-190.78382575051663,18887.598749301145,loss,-0.118999999999998,8887.598749301096
2025-12-26 18:55:00+00:00,2025-12-26 19:30:00+00:00,sell,12.109,12.238999999999999,11.979000000000001,12.238999999999999,1452.8922114847146,-188.87598749301145,18698.722761808134,loss,0.129999999999999,8698.722761808085
2025-12-26 21:15:00+00:00,2025-12-26 22:45:00+00:00,sell,12.129000000000001,12.229,12.029000000000003,12.229,1869.8722761808533,-186.98722761808133,18511.73553419005,loss,0.09999999999999787,8511.735534190004
2025-12-27 06:30:00+00:00,2025-12-27 10:25:00+00:00,sell,12.189,12.28,12.098,12.28,2034.2566521088124,-185.11735534190052,18326.61817884815,loss,0.0909999999999993,8326.618178848103
2025-12-27 16:45:00+00:00,2025-12-28 00:10:00+00:00,buy,12.299,12.200000000000001,12.397999999999998,12.397999999999998,1851.1735534190348,183.26618178848153,18509.88436063663,win,0.09899999999999842,8509.884360636584
2025-12-28 01:45:00+00:00,2025-12-28 17:05:00+00:00,buy,12.440999999999999,12.337000000000002,12.544999999999996,12.544999999999996,1779.7965731381819,185.09884360636633,18694.983204243,win,0.10399999999999743,8694.983204242952
2025-12-28 18:20:00+00:00,2025-12-28 20:00:00+00:00,buy,12.561,12.459000000000001,12.662999999999998,12.459000000000001,1832.841490612085,-186.94983204243,18508.033372200567,loss,-0.10199999999999854,8508.033372200522
2025-12-29 02:20:00+00:00,2025-12-29 03:40:00+00:00,buy,12.511,12.379000000000001,12.642999999999997,12.642999999999997,1402.123740318247,185.08033372200566,18693.113705922573,win,0.1319999999999979,8693.113705922528
2025-12-29 04:05:00+00:00,2025-12-29 05:40:00+00:00,buy,12.678999999999998,12.439,12.918999999999997,12.918999999999997,778.8797377467789,186.93113705922573,18880.0448429818,win,0.23999999999999844,8880.044842981753
2025-12-29 06:20:00+00:00,2025-12-29 09:05:00+00:00,buy,12.998,12.729000000000001,13.266999999999998,12.729000000000001,701.8604030848296,-188.800448429818,18691.24439455198,loss,-0.26899999999999835,8691.244394551935
2025-12-29 15:05:00+00:00,2025-12-29 16:30:00+00:00,sell,12.328000000000001,12.418999999999999,12.237000000000004,12.418999999999999,2053.9829005002734,-186.9124439455198,18504.33195060646,loss,0.09099999999999753,8504.331950606416
2025-12-29 18:25:00+00:00,2025-12-30 10:10:00+00:00,sell,12.368,12.498999999999999,12.237000000000002,12.498999999999999,1412.5444237104336,-185.04331950606462,18319.288631100397,loss,0.13099999999999845,8319.288631100351
2025-12-30 14:15:00+00:00,2025-12-30 16:00:00+00:00,buy,12.519,12.428,12.61,12.428,2013.1086407802788,-183.19288631100397,18136.095744789392,loss,-0.0909999999999993,8136.095744789347
2025-12-30 16:50:00+00:00,2025-12-30 21:05:00+00:00,buy,12.529,12.339,12.719,12.339,954.5313549889179,-181.36095744789392,17954.7347873415,loss,-0.1899999999999995,7954.734787341453
2025-12-31 15:20:00+00:00,2025-12-31 17:10:00+00:00,buy,12.458,12.367,12.549,12.367,1973.0477788287512,-179.547347873415,17775.18743946808,loss,-0.0909999999999993,7775.187439468038
2025-12-31 18:40:00+00:00,2026-01-02 00:00:00+00:00,sell,12.287,12.434,12.140000000000002,12.434,1209.1964244536236,-177.7518743946808,17597.4355650734,loss,0.14699999999999847,7597.435565073357
2026-01-02 02:55:00+00:00,2026-01-02 05:30:00+00:00,buy,12.658999999999999,12.539000000000001,12.778999999999996,12.778999999999996,1466.452963756148,175.974355650734,17773.409920724134,win,0.11999999999999744,7773.409920724091
2026-01-02 05:40:00+00:00,2026-01-02 11:40:00+00:00,buy,12.809,12.639000000000001,12.978999999999997,12.978999999999997,1045.494701219078,177.73409920724134,17951.144019931377,win,0.16999999999999815,7951.144019931332
2026-01-02 11:50:00+00:00,2026-01-02 16:15:00+00:00,buy,13.078,12.878,13.277999999999999,12.878,897.5572009965721,-179.51144019931377,17771.632579732064,loss,-0.1999999999999993,7771.632579732018
2026-01-02 16:45:00+00:00,2026-01-02 18:30:00+00:00,buy,13.058,12.838000000000001,13.277999999999999,13.277999999999999,807.8014808969162,177.71632579732065,17949.348905529383,win,0.21999999999999886,7949.3489055293385
2026-01-02 23:50:00+00:00,2026-01-03 07:30:00+00:00,buy,13.299999999999999,13.17,13.429999999999998,13.17,1380.7191465791939,-179.49348905529382,17769.85541647409,loss,-0.129999999999999,7769.855416474044
2026-01-03 22:35:00+00:00,2026-01-04 02:05:00+00:00,buy,13.19,13.07,13.309999999999999,13.309999999999999,1480.8212847061839,177.6985541647409,17947.55397063883,win,0.11999999999999922,7947.553970638785
2026-01-04 08:05:00+00:00,2026-01-04 08:40:00+00:00,buy,13.42,13.31,13.53,13.31,1631.5958155126293,-179.4755397063883,17768.07843093244,loss,-0.10999999999999943,7768.078430932397
2026-01-04 11:20:00+00:00,2026-01-04 14:25:00+00:00,buy,13.37,13.259,13.480999999999998,13.480999999999998,1600.7277865705064,177.68078430932442,17945.759215241764,win,0.11099999999999888,7945.759215241722
2026-01-04 15:50:00+00:00,2026-01-04 21:05:00+00:00,buy,13.459,13.329,13.588999999999999,13.329,1380.4430165570693,-179.45759215241765,17766.301623089345,loss,-0.129999999999999,7766.3016230893045
2026-01-04 23:10:00+00:00,2026-01-05 02:45:00+00:00,buy,13.45,13.34,13.559999999999999,13.559999999999999,1615.118329371767,177.66301623089345,17943.96463932024,win,0.10999999999999943,7943.964639320198
2026-01-05 03:05:00+00:00,2026-01-05 03:50:00+00:00,buy,13.609,13.378,13.84,13.84,776.7950060311796,179.4396463932024,18123.40428571344,win,0.23099999999999987,8123.404285713401
2026-01-05 07:25:00+00:00,2026-01-05 08:20:00+00:00,buy,13.609,13.48,13.738,13.48,1404.9150609080236,-181.23404285713443,17942.170242856308,loss,-0.12899999999999956,7942.170242856267
2026-01-05 09:40:00+00:00,2026-01-05 11:00:00+00:00,buy,13.568999999999999,13.428,13.709999999999997,13.428,1272.4943434650022,-179.42170242856307,17762.748540427743,loss,-0.14099999999999824,7762.748540427704
2026-01-05 12:10:00+00:00,2026-01-05 15:30:00+00:00,buy,13.559999999999999,13.430000000000001,13.689999999999996,13.430000000000001,1366.3652723406246,-177.62748540427742,17585.121055023465,loss,-0.12999999999999723,7585.121055023426
2026-01-05 16:05:00+00:00,2026-01-05 16:45:00+00:00,buy,13.479,13.348,13.609999999999998,13.609999999999998,1342.375653055242,175.85121055023464,17760.9722655737,win,0.13099999999999845,7760.972265573661
2026-01-05 17:15:00+00:00,2026-01-05 22:25:00+00:00,buy,13.648,13.388,13.908,13.908,683.1143179066813,177.609722655737,17938.581988229435,win,0.2599999999999998,7938.581988229398
2026-01-05 22:35:00+00:00,2026-01-06 02:30:00+00:00,buy,13.99,13.76,14.22,13.76,779.9383473143218,-179.38581988229436,17759.19616834714,loss,-0.23000000000000043,7759.196168347104
2026-01-06 03:20:00+00:00,2026-01-06 16:15:00+00:00,buy,13.901,13.73,14.072,14.072,1038.5494835290765,177.59196168347142,17936.788130030614,win,0.17099999999999937,7936.788130030575
2026-01-06 16:25:00+00:00,2026-01-06 18:25:00+00:00,buy,14.149,13.789000000000001,14.508999999999997,13.789000000000001,498.2441147230759,-179.36788130030615,17757.42024873031,loss,-0.35999999999999766,7757.420248730269
2026-01-07 01:10:00+00:00,2026-01-07 02:50:00+00:00,buy,13.979999999999999,13.831000000000001,14.128999999999996,13.831000000000001,1191.7731710557466,-177.5742024873031,17579.846046243005,loss,-0.14899999999999736,7579.846046242966
2026-01-07 04:35:00+00:00,2026-01-07 05:20:00+00:00,buy,13.789,13.65,13.927999999999999,13.927999999999999,1264.7371256289991,175.79846046243006,17755.644506705434,win,0.13899999999999935,7755.6445067053955
2026-01-07 10:50:00+00:00,2026-01-07 11:05:00+00:00,buy,13.899,13.789000000000001,14.008999999999997,13.789000000000001,1614.1495006096193,-177.55644506705434,17578.08806163838,loss,-0.10999999999999766,7578.088061638341
2026-01-07 11:15:00+00:00,2026-01-07 16:00:00+00:00,sell,13.749,13.959,13.539000000000001,13.539000000000001,837.0518124589742,175.7808806163838,17753.868942254765,win,-0.20999999999999908,7753.868942254725
2026-01-07 16:15:00+00:00,2026-01-08 08:10:00+00:00,sell,13.49,13.709999999999999,13.270000000000001,13.270000000000001,806.9940428297663,177.53868942254766,17931.407631677313,win,-0.21999999999999886,7931.407631677273
2026-01-08 08:25:00+00:00,2026-01-08 16:45:00+00:00,sell,13.218,13.417,13.019,13.019,901.0757603857954,179.31407631677314,18110.721707994086,win,-0.19899999999999984,8110.721707994046
2026-01-08 21:15:00+00:00,2026-01-08 22:05:00+00:00,sell,13.179,13.27,13.088000000000001,13.088000000000001,1990.1891986806838,181.10721707994085,18291.828925074027,win,-0.0909999999999993,8291.828925073987
2026-01-09 00:35:00+00:00,2026-01-09 03:30:00+00:00,sell,13.219000000000001,13.349,13.089000000000002,13.349,1407.0637634672437,-182.9182892507403,18108.910635823286,loss,0.129999999999999,8108.910635823247
2026-01-09 04:50:00+00:00,2026-01-09 10:45:00+00:00,sell,13.217,13.328999999999999,13.105000000000002,13.105000000000002,1616.8670210556747,181.08910635823287,18289.999742181517,win,-0.11199999999999832,8289.999742181479
2026-01-09 12:00:00+00:00,2026-01-09 15:30:00+00:00,sell,13.128,13.248,13.008000000000001,13.248,1524.1666451818032,-182.8999974218152,18107.0997447597,loss,0.11999999999999922,8107.099744759664
2026-01-09 16:05:00+00:00,2026-01-09 17:25:00+00:00,sell,13.148000000000001,13.287999999999998,13.008000000000004,13.287999999999998,1293.3642674828632,-181.070997447597,17926.028747312102,loss,0.13999999999999702,7926.028747312067
2026-01-09 21:10:00+00:00,2026-01-11 08:05:00+00:00,sell,13.117,13.248,12.986000000000002,13.248,1368.3991410162073,-179.26028747312102,17746.768459838982,loss,0.13099999999999845,7746.768459838946
2026-01-11 14:45:00+00:00,2026-01-11 17:45:00+00:00,buy,13.245999999999999,13.157,13.334999999999997,13.157,1994.0189280718264,-177.46768459838984,17569.300775240594,loss,-0.08899999999999864,7569.3007752405565
2026-01-11 18:25:00+00:00,2026-01-12 00:05:00+00:00,buy,13.267999999999999,13.098,13.437999999999997,13.098,1033.4882808965167,-175.69300775240592,17393.60776748819,loss,-0.16999999999999815,7393.607767488151
2026-01-12 03:05:00+00:00,2026-01-12 05:10:00+00:00,buy,13.267999999999999,13.068000000000001,13.467999999999996,13.467999999999996,869.6803883744202,173.9360776748819,17567.543845163073,win,0.1999999999999975,7567.5438451630325
2026-01-12 07:20:00+00:00,2026-01-12 09:35:00+00:00,buy,13.437,13.298,13.575999999999999,13.298,1263.852075191594,-175.67543845163073,17391.86840671144,loss,-0.13899999999999935,7391.868406711402
2026-01-12 12:50:00+00:00,2026-01-12 16:20:00+00:00,sell,13.118,13.238,12.998000000000001,12.998000000000001,1449.3223672259628,173.9186840671144,17565.787090778555,win,-0.11999999999999922,7565.787090778516
2026-01-12 19:30:00+00:00,2026-01-12 23:00:00+00:00,sell,13.169,13.28,13.058000000000002,13.058000000000002,1582.5033415115975,175.65787090778554,17741.44496168634,win,-0.11099999999999888,7741.444961686302
2026-01-12 23:50:00+00:00,2026-01-13 06:10:00+00:00,sell,13.018,13.148,12.888000000000002,13.148,1364.726535514344,-177.41444961686338,17564.030512069476,loss,0.129999999999999,7564.030512069438
2026-01-13 15:30:00+00:00,2026-01-13 16:25:00+00:00,buy,13.317,13.218,13.416,13.416,1774.1444961686304,175.64030512069476,17739.67081719017,win,0.0990000000000002,7739.670817190133
2026-01-13 16:35:00+00:00,2026-01-13 22:05:00+00:00,buy,13.487,13.256,13.718,13.718,767.9511176272805,177.3967081719017,17917.067525362072,win,0.23099999999999987,7917.067525362035
2026-01-14 00:05:00+00:00,2026-01-14 00:10:00+00:00,buy,13.779,13.668000000000001,13.889999999999999,13.889999999999999,1614.150227510113,179.17067525362071,18096.23820061569,win,0.11099999999999888,8096.238200615656
2026-01-14 03:05:00+00:00,2026-01-14 05:00:00+00:00,buy,14.128,14.017000000000001,14.238999999999999,14.017000000000001,1630.291729785214,-180.96238200615693,17915.275818609534,loss,-0.11099999999999888,7915.275818609499
2026-01-14 05:55:00+00:00,2026-01-14 07:20:00+00:00,buy,14.117999999999999,13.987,14.248999999999997,13.987,1367.5783067641028,-179.15275818609535,17736.12306042344,loss,-0.13099999999999845,7736.123060423403
2026-01-14 08:55:00+00:00,2026-01-14 13:15:00+00:00,buy,14.049,13.919,14.178999999999998,13.919,1364.3171584941213,-177.3612306042344,17558.761829819206,loss,-0.129999999999999,7558.761829819169
2026-01-14 16:05:00+00:00,2026-01-14 16:30:00+00:00,buy,13.959,13.860000000000001,14.057999999999998,14.057999999999998,1773.6123060423724,175.58761829819207,17734.3494481174,win,0.09899999999999842,7734.349448117361
2026-01-14 16:40:00+00:00,2026-01-14 17:25:00+00:00,buy,14.088,13.927000000000001,14.248999999999997,14.248999999999997,1101.512388081841,177.343494481174,17911.692942598573,win,0.1609999999999978,7911.692942598535
2026-01-14 18:05:00+00:00,2026-01-14 20:45:00+00:00,buy,14.29,14.039000000000001,14.540999999999997,14.039000000000001,713.6132646453681,-179.11692942598572,17732.576013172587,loss,-0.25099999999999767,7732.57601317255
2026-01-14 21:20:00+00:00,2026-01-15 02:45:00+00:00,buy,14.261,14.002,14.519999999999998,14.002,684.6554445240419,-177.32576013172587,17555.25025304086,loss,-0.25899999999999856,7555.250253040825
2026-01-15 10:25:00+00:00,2026-01-15 11:35:00+00:00,sell,13.868,13.959,13.777000000000001,13.959,1929.1483794550545,-175.55250253040862,17379.69775051045,loss,0.0909999999999993,7379.697750510416
2026-01-15 13:30:00+00:00,2026-01-15 14:50:00+00:00,sell,13.968,14.058,13.878,14.058,1931.0775278344977,-173.7969775051045,17205.900773005345,loss,0.08999999999999986,7205.900773005312
2026-01-15 15:00:00+00:00,2026-01-15 17:20:00+00:00,buy,14.088,13.921000000000001,14.254999999999997,13.921000000000001,1030.29345946141,-172.05900773005345,17033.84176527529,loss,-0.16699999999999804,7033.841765275259
2026-01-15 19:55:00+00:00,2026-01-15 20:35:00+00:00,sell,13.83,13.979,13.681000000000001,13.681000000000001,1143.210856729892,170.3384176527529,17204.180182928045,win,-0.14899999999999913,7204.180182928011
2026-01-15 20:45:00+00:00,2026-01-16 02:00:00+00:00,sell,13.65,13.79,13.510000000000002,13.79,1228.8700130662994,-172.04180182928044,17032.138381098765,loss,0.1399999999999988,7032.138381098731
2026-01-16 04:00:00+00:00,2026-01-16 17:30:00+00:00,sell,13.72,13.879999999999999,13.560000000000002,13.560000000000002,1064.5086488186837,170.32138381098764,17202.459764909752,win,-0.15999999999999837,7202.459764909719
2026-01-16 17:45:00+00:00,2026-01-17 16:15:00+00:00,sell,13.449,13.799,13.099,13.799,491.49885042599345,-172.02459764909753,17030.435167260654,loss,0.34999999999999964,7030.435167260621
2026-01-17 16:40:00+00:00,2026-01-18 00:10:00+00:00,buy,13.83,13.71,13.95,13.71,1419.2029306050638,-170.30435167260654,16860.130815588047,loss,-0.11999999999999922,6860.130815588014
2026-01-18 03:05:00+00:00,2026-01-18 11:35:00+00:00,sell,13.669,13.79,13.548000000000002,13.79,1393.3992409577052,-168.60130815588047,16691.529507432166,loss,0.12099999999999866,6691.529507432134
2026-01-18 20:25:00+00:00,2026-01-19 01:00:00+00:00,buy,13.808,13.71,13.905999999999999,13.71,1703.2172966767694,-166.91529507432165,16524.614212357843,loss,-0.09799999999999898,6524.614212357812
2026-01-19 01:15:00+00:00,2026-01-19 01:35:00+00:00,sell,13.676,13.86,13.492,13.492,898.0768593672776,165.24614212357844,16689.86035448142,win,-0.18399999999999928,6689.8603544813905
2026-01-19 01:45:00+00:00,2026-01-19 02:00:00+00:00,sell,13.46,13.729,13.191000000000003,13.191000000000003,620.4409053710604,166.89860354481422,16856.758958026236,win,-0.26899999999999835,6856.758958026205
2026-01-19 05:25:00+00:00,2026-01-19 18:50:00+00:00,sell,12.790000000000001,12.879999999999999,12.700000000000003,12.879999999999999,1872.9732175585107,-168.56758958026236,16688.191368445972,loss,0.08999999999999808,6688.191368445942
2026-01-19 23:30:00+00:00,2026-01-20 01:05:00+00:00,sell,12.89,12.998999999999999,12.781000000000002,12.781000000000002,1531.0267310501144,166.88191368445973,16855.073282130434,win,-0.10899999999999821,6855.073282130402
2026-01-20 03:00:00+00:00,2026-01-20 08:15:00+00:00,sell,12.819,12.918999999999999,12.719000000000003,12.719000000000003,1685.5073282130793,168.55073282130434,17023.62401495174,win,-0.09999999999999787,7023.624014951706
2026-01-20 10:10:00+00:00,2026-01-20 15:30:00+00:00,sell,12.567,12.697999999999999,12.436000000000002,12.436000000000002,1299.5132835841177,170.2362401495174,17193.860255101255,win,-0.13099999999999845,7193.860255101224
2026-01-20 17:00:00+00:00,2026-01-20 19:45:00+00:00,sell,12.409,12.628,12.190000000000001,12.190000000000001,785.1077742055389,171.93860255101256,17365.79885765227,win,-0.21899999999999942,7365.798857652237
2026-01-20 23:15:00+00:00,2026-01-21 00:30:00+00:00,sell,12.238000000000001,12.366999999999999,12.109000000000004,12.109000000000004,1346.1859579575632,173.65798857652268,17539.456846228793,win,-0.12899999999999778,7539.456846228759
2026-01-21 08:45:00+00:00,2026-01-21 10:35:00+00:00,sell,12.359,12.479,12.239,12.239,1461.621403852409,175.39456846228794,17714.851414691082,win,-0.11999999999999922,7714.851414691047
2026-01-21 13:50:00+00:00,2026-01-21 14:05:00+00:00,sell,12.229000000000001,12.328999999999999,12.129000000000003,12.129000000000003,1771.4851414691461,177.14851414691083,17891.99992883799,win,-0.09999999999999787,7891.999928837958
2026-01-21 14:15:00+00:00,2026-01-21 16:10:00+00:00,sell,12.099,12.287999999999998,11.910000000000002,12.287999999999998,946.6666629014898,-178.91999928837993,17713.07992954961,loss,0.18899999999999828,7713.079929549578
2026-01-21 18:20:00+00:00,2026-01-21 18:35:00+00:00,sell,12.31,12.469,12.151000000000002,12.151000000000002,1114.0301842484107,177.1307992954961,17890.210728845108,win,-0.15899999999999892,7890.210728845074
2026-01-21 18:45:00+00:00,2026-01-21 21:30:00+00:00,sell,12.089,12.379,11.799000000000001,12.379,616.90381823604,-178.90210728845108,17711.30862155666,loss,0.28999999999999915,7711.308621556624
2026-01-21 23:15:00+00:00,2026-01-22 01:40:00+00:00,buy,12.599,12.419,12.779,12.419,983.9615900864826,-177.1130862155666,17534.195535341092,loss,-0.17999999999999972,7534.195535341057
2026-01-22 03:15:00+00:00,2026-01-22 10:30:00+00:00,buy,12.498,12.38,12.615999999999998,12.38,1485.9487741814667,-175.34195535341092,17358.85357998768,loss,-0.11799999999999855,7358.853579987645
2026-01-22 11:35:00+00:00,2026-01-22 15:40:00+00:00,buy,12.468,12.349,12.587,12.349,1458.7271915956062,-173.5885357998768,17185.265044187803,loss,-0.11899999999999977,7185.265044187769
2026-01-22 16:35:00+00:00,2026-01-22 17:25:00+00:00,sell,12.279,12.418999999999999,12.139000000000001,12.139000000000001,1227.5189317277109,171.85265044187804,17357.11769462968,win,-0.1399999999999988,7357.117694629646
2026-01-22 20:50:00+00:00,2026-01-23 06:10:00+00:00,sell,12.227,12.338999999999999,12.115000000000002,12.338999999999999,1549.7426513062449,-173.57117694629682,17183.546517683382,loss,0.11199999999999832,7183.5465176833495
2026-01-23 10:30:00+00:00,2026-01-23 16:30:00+00:00,sell,12.208,12.299,12.117,12.117,1888.3018151300564,171.83546517683382,17355.381982860217,win,-0.0909999999999993,7355.381982860184
2026-01-23 16:40:00+00:00,2026-01-23 17:45:00+00:00,sell,12.047,12.245999999999999,11.848000000000003,12.245999999999999,872.1297478824315,-173.55381982860217,17181.828163031616,loss,0.19899999999999807,7181.828163031581
2026-01-23 22:30:00+00:00,2026-01-25 08:15:00+00:00,sell,12.158000000000001,12.277999999999999,12.038000000000004,12.038000000000004,1431.8190135859986,171.81828163031616,17353.646444661932,win,-0.11999999999999744,7353.6464446618975
2026-01-25 10:35:00+00:00,2026-01-25 16:20:00+00:00,sell,12.039000000000001,12.109,11.969000000000003,11.969000000000003,2479.092349237472,173.53646444661933,17527.182909108553,win,-0.06999999999999851,7527.1829091085165
2026-01-25 18:00:00+00:00,2026-01-25 18:10:00+00:00,sell,11.916,12.027,11.805000000000001,11.805000000000001,1579.0254873070928,175.27182909108552,17702.454738199638,win,-0.11099999999999888,7702.454738199602
2026-01-25 18:20:00+00:00,2026-01-25 20:40:00+00:00,sell,11.768,11.987,11.549000000000001,11.549000000000001,808.3312665844604,177.02454738199637,17879.479285581634,win,-0.21899999999999942,7879.479285581598
2026-01-25 21:20:00+00:00,2026-01-26 03:05:00+00:00,sell,11.509,11.718,11.3,11.718,855.4774777790271,-178.79479285581635,17700.684492725817,loss,0.20899999999999963,7700.684492725782
2026-01-26 04:05:00+00:00,2026-01-26 10:20:00+00:00,sell,11.728,11.876,11.58,11.876,1195.9921954544498,-177.0068449272582,17523.67764779856,loss,0.1479999999999997,7523.677647798523
2026-01-26 16:30:00+00:00,2026-01-26 16:40:00+00:00,buy,11.899,11.799000000000001,11.998999999999997,11.998999999999997,1752.3677647798932,175.2367764779856,17698.914424276543,win,0.09999999999999787,7698.914424276509
2026-01-26 17:10:00+00:00,2026-01-28 16:20:00+00:00,buy,12.046,11.768,12.323999999999998,11.768,636.6515979955622,-176.98914424276543,17521.925280033778,loss,-0.2779999999999987,7521.925280033744
2026-01-28 17:10:00+00:00,2026-01-29 14:35:00+00:00,sell,11.728,11.959,11.497,11.497,758.5249038975666,175.21925280033778,17697.144532834114,win,-0.23099999999999987,7697.1445328340815
2026-01-29 16:25:00+00:00,2026-01-29 16:40:00+00:00,sell,11.525,11.616999999999999,11.433000000000002,11.433000000000002,1923.6026666124299,176.97144532834113,17874.115978162456,win,-0.09199999999999875,7874.115978162423
2026-01-29 16:50:00+00:00,2026-01-29 17:00:00+00:00,sell,11.368,11.607,11.129000000000001,11.129000000000001,747.8709614293946,178.74115978162456,18052.85713794408,win,-0.238999999999999,8052.857137944047
2026-01-29 17:10:00+00:00,2026-01-30 20:20:00+00:00,sell,11.037,11.487,10.587000000000002,10.587000000000002,401.1746030654246,180.5285713794408,18233.38570932352,win,-0.4499999999999993,8233.385709323487
2026-01-30 22:05:00+00:00,2026-01-31 08:25:00+00:00,sell,10.828000000000001,10.978,10.678000000000003,10.678000000000003,1215.5590472882461,182.3338570932352,18415.719566416756,win,-0.14999999999999858,8415.719566416723
2026-01-31 09:30:00+00:00,2026-01-31 10:30:00+00:00,sell,10.598,10.757,10.439000000000002,10.439000000000002,1158.2213563784203,184.15719566416757,18599.876762080923,win,-0.15899999999999892,8599.87676208089
2026-01-31 10:40:00+00:00,2026-01-31 16:15:00+00:00,sell,10.408000000000001,10.606,10.210000000000003,10.210000000000003,939.3877152566189,185.99876762080925,18785.87552970173,win,-0.19799999999999862,8785.8755297017
2026-01-31 16:25:00+00:00,2026-01-31 16:30:00+00:00,sell,10.179,10.408,9.950000000000001,9.950000000000001,820.3439095939649,187.8587552970173,18973.734284998747,win,-0.2289999999999992,8973.734284998716
2026-01-31 16:40:00+00:00,2026-01-31 19:10:00+00:00,sell,9.919,10.347999999999999,9.490000000000002,9.490000000000002,442.2781884615108,189.73734284998747,19163.471627848736,win,-0.4289999999999985,9163.471627848703
2026-01-31 20:35:00+00:00,2026-01-31 20:40:00+00:00,sell,9.497,9.687,9.307,9.307,1008.6037698867782,191.63471627848736,19355.106344127224,win,-0.1899999999999995,9355.10634412719
2026-01-31 22:15:00+00:00,2026-01-31 23:35:00+00:00,sell,9.579,9.758999999999999,9.399000000000003,9.758999999999999,1075.283685784858,-193.55106344127225,19161.555280685952,loss,0.17999999999999794,9161.555280685918
2026-02-01 03:05:00+00:00,2026-02-01 04:15:00+00:00,sell,9.928,10.049,9.807000000000002,10.049,1583.5996099740632,-191.61555280685954,18969.939727879093,loss,0.12099999999999866,8969.939727879058
2026-02-01 07:05:00+00:00,2026-02-01 09:05:00+00:00,sell,9.988000000000001,10.088999999999999,9.887000000000004,9.887000000000004,1878.2118542455048,189.69939727879094,19159.639125157883,win,-0.10099999999999731,9159.63912515785
2026-02-01 10:25:00+00:00,2026-02-01 10:40:00+00:00,sell,9.888,9.998999999999999,9.777000000000001,9.998999999999999,1726.093614879106,-191.59639125157884,18968.042733906303,loss,0.11099999999999888,8968.042733906272
2026-02-01 12:30:00+00:00,2026-02-01 16:15:00+00:00,sell,9.84,9.958,9.722,9.722,1607.4612486361227,189.68042733906302,19157.723161245365,win,-0.11800000000000033,9157.723161245334
2026-02-01 16:25:00+00:00,2026-02-01 17:15:00+00:00,sell,9.688,9.828,9.548000000000002,9.548000000000002,1368.4087972318237,191.57723161245366,19349.30039285782,win,-0.1399999999999988,9349.300392857787
2026-02-01 17:25:00+00:00,2026-02-02 01:10:00+00:00,sell,9.499,9.779,9.219000000000001,9.219000000000001,691.0464426020666,193.4930039285782,19542.793396786397,win,-0.27999999999999936,9542.793396786365
2026-02-02 04:35:00+00:00,2026-02-02 05:15:00+00:00,sell,9.439,9.607,9.271,9.271,1163.261511713481,195.42793396786396,19738.221330754262,win,-0.16799999999999926,9738.221330754228
2026-02-02 05:25:00+00:00,2026-02-02 06:30:00+00:00,sell,9.189,9.469999999999999,8.908000000000001,9.469999999999999,702.4278053649234,-197.38221330754263,19540.83911744672,loss,0.2809999999999988,9540.839117446685
2026-02-02 07:25:00+00:00,2026-02-02 11:25:00+00:00,sell,9.148000000000001,9.506,8.790000000000003,9.506,545.8334949007483,-195.40839117446723,19345.430726272254,loss,0.35799999999999876,9345.430726272218
2026-02-02 17:15:00+00:00,2026-02-02 22:35:00+00:00,buy,9.898,9.709000000000001,10.086999999999998,9.709000000000001,1023.5677632948376,-193.45430726272255,19151.97641900953,loss,-0.18899999999999828,9151.976419009496
2026-02-02 23:35:00+00:00,2026-02-03 04:30:00+00:00,buy,9.818999999999999,9.669,9.968999999999998,9.669,1276.798427933981,-191.51976419009534,18960.456654819434,loss,-0.14999999999999858,8960.4566548194
2026-02-03 05:55:00+00:00,2026-02-03 11:10:00+00:00,buy,9.737,9.561,9.913,9.561,1077.2986735692853,-189.60456654819438,18770.85208827124,loss,-0.17600000000000016,8770.852088271206
2026-02-03 16:35:00+00:00,2026-02-03 17:30:00+00:00,sell,9.599,9.729,9.469000000000001,9.729,1443.9116990977989,-187.7085208827124,18583.143567388528,loss,0.129999999999999,8583.143567388493
2026-02-03 18:20:00+00:00,2026-02-03 19:40:00+00:00,sell,9.569,9.779,9.359000000000002,9.359000000000002,884.9115984470767,185.8314356738853,18768.975003062413,win,-0.20999999999999908,8768.975003062378
2026-02-03 19:55:00+00:00,2026-02-03 20:45:00+00:00,sell,9.289000000000001,9.498999999999999,9.079000000000004,9.079000000000004,893.760714431555,187.68975003062414,18956.66475309304,win,-0.2099999999999973,8956.664753093002
2026-02-04 00:05:00+00:00,2026-02-04 00:45:00+00:00,sell,9.628,9.767999999999999,9.488000000000001,9.488000000000001,1354.0474823638003,189.5666475309304,19146.23140062397,win,-0.1399999999999988,9146.231400623932
2026-02-04 01:00:00+00:00,2026-02-04 03:10:00+00:00,sell,9.448,9.647,9.249,9.647,962.1221809358786,-191.4623140062397,18954.76908661773,loss,0.19899999999999984,8954.769086617693
2026-02-04 08:40:00+00:00,2026-02-04 13:00:00+00:00,buy,9.658999999999999,9.539000000000001,9.778999999999996,9.539000000000001,1579.5640905515113,-189.5476908661773,18765.221395751552,loss,-0.11999999999999744,8765.221395751516
2026-02-04 14:25:00+00:00,2026-02-04 16:05:00+00:00,sell,9.51,9.639999999999999,9.38,9.38,1443.4785689039766,187.65221395751553,18952.87360970907,win,-0.129999999999999,8952.873609709031
2026-02-04 16:30:00+00:00,2026-02-04 17:35:00+00:00,sell,9.339,9.517999999999999,9.160000000000002,9.160000000000002,1058.8197547323591,189.5287360970907,19142.40234580616,win,-0.1789999999999985,9142.402345806122
2026-02-04 18:35:00+00:00,2026-02-04 20:40:00+00:00,sell,9.09,9.388,8.792,9.388,642.36249482571,-191.4240234580616,18950.9783223481,loss,0.29800000000000004,8950.97832234806
2026-02-04 23:05:00+00:00,2026-02-04 23:40:00+00:00,sell,9.296000000000001,9.407,9.185000000000002,9.185000000000002,1707.2953443557017,189.50978322348098,19140.48810557158,win,-0.11099999999999888,9140.488105571541
2026-02-04 23:50:00+00:00,2026-02-05 00:25:00+00:00,sell,9.144,9.324,8.964,9.324,1063.360450309534,-191.4048810557158,18949.083224515867,loss,0.17999999999999972,8949.083224515825
2026-02-05 03:20:00+00:00,2026-02-05 03:30:00+00:00,sell,9.167,9.327,9.007,9.327,1184.3177015322408,-189.49083224515869,18759.592392270708,loss,0.16000000000000014,8759.592392270666
2026-02-05 05:15:00+00:00,2026-02-05 13:20:00+00:00,sell,9.088000000000001,9.317,8.859000000000002,8.859000000000002,819.1961743349682,187.59592392270707,18947.188316193417,win,-0.2289999999999992,8947.188316193373
2026-02-05 17:00:00+00:00,2026-02-05 17:20:00+00:00,sell,8.799000000000001,9.078999999999999,8.519000000000004,8.519000000000004,676.6852970069135,189.47188316193416,19136.660199355352,win,-0.2799999999999976,9136.660199355307
2026-02-05 17:30:00+00:00,2026-02-06 02:05:00+00:00,sell,8.338000000000001,8.899,7.777000000000003,7.777000000000003,341.1169375999183,191.36660199355353,19328.026801348904,win,-0.5609999999999982,9328.02680134886
2026-02-06 02:15:00+00:00,2026-02-06 02:20:00+00:00,sell,7.645,8.02,7.27,7.27,515.4140480359707,193.28026801348904,19521.307069362392,win,-0.375,9521.307069362349
2026-02-06 09:00:00+00:00,2026-02-06 12:20:00+00:00,sell,8.111,8.269,7.953000000000001,8.269,1235.5257638837,-195.21307069362393,19326.09399866877,loss,0.15799999999999947,9326.093998668724
2026-02-06 18:10:00+00:00,2026-02-06 18:35:00+00:00,buy,8.649999999999999,8.520000000000001,8.779999999999996,8.779999999999996,1486.6226152822449,193.2609399866877,19519.35493865546,win,0.12999999999999723,9519.354938655411
2026-02-06 18:50:00+00:00,2026-02-07 09:15:00+00:00,buy,8.819999999999999,8.600000000000001,9.039999999999996,8.600000000000001,887.2434063025327,-195.1935493865546,19324.161389268906,loss,-0.2199999999999971,9324.161389268857
2026-02-07 17:20:00+00:00,2026-02-07 18:05:00+00:00,buy,8.78,8.629000000000001,8.930999999999997,8.930999999999997,1279.7457873688184,193.24161389268903,19517.403003161595,win,0.15099999999999802,9517.403003161546
2026-02-07 18:15:00+00:00,2026-02-08 18:45:00+00:00,buy,8.988999999999999,8.731,9.246999999999998,8.731,756.4884884946381,-195.17403003161596,19322.22897312998,loss,-0.2579999999999991,9322.22897312993
2026-02-08 23:35:00+00:00,2026-02-09 01:00:00+00:00,sell,8.782,8.902,8.662,8.902,1610.185747760842,-193.22228973129978,19129.00668339868,loss,0.11999999999999922,9129.00668339863
2026-02-09 01:35:00+00:00,2026-02-09 10:30:00+00:00,sell,8.769,8.939,8.599,8.599,1125.2356872587463,191.2900668339868,19320.296750232665,win,-0.16999999999999993,9320.296750232616
2026-02-09 12:15:00+00:00,2026-02-09 17:00:00+00:00,sell,8.559000000000001,8.679,8.439000000000002,8.679,1610.024729186066,-193.20296750232666,19127.09378273034,loss,0.11999999999999922,9127.09378273029
2026-02-09 21:35:00+00:00,2026-02-09 23:30:00+00:00,buy,8.968,8.84,9.096,8.84,1494.3042017758064,-191.27093782730338,18935.822844903036,loss,-0.1280000000000001,8935.822844902987
2026-02-10 03:25:00+00:00,2026-02-10 05:05:00+00:00,buy,8.859,8.759,8.959,8.759,1893.5822844903103,-189.35822844903035,18746.464616454006,loss,-0.09999999999999964,8746.464616453955
2026-02-10 07:40:00+00:00,2026-02-10 08:45:00+00:00,sell,8.641,8.738999999999999,8.543000000000001,8.543000000000001,1912.9045526994082,187.46464616454006,18933.929262618545,win,-0.09799999999999898,8933.929262618496
2026-02-10 13:55:00+00:00,2026-02-10 15:55:00+00:00,sell,8.481,8.568999999999999,8.393,8.568999999999999,2151.5828707521273,-189.33929262618545,18744.58996999236,loss,0.08799999999999919,8744.58996999231
2026-02-10 16:40:00+00:00,2026-02-10 17:25:00+00:00,sell,8.509,8.598999999999998,8.419000000000002,8.598999999999998,2082.7322188880844,-187.4458996999236,18557.144070292437,loss,0.08999999999999808,8557.144070292386
2026-02-10 20:20:00+00:00,2026-02-11 05:20:00+00:00,sell,8.562000000000001,8.671,8.453000000000003,8.453000000000003,1702.4902816782333,185.57144070292438,18742.71551099536,win,-0.10899999999999821,8742.715510995311
2026-02-11 06:35:00+00:00,2026-02-11 11:40:00+00:00,sell,8.4,8.559999999999999,8.240000000000002,8.240000000000002,1171.419719437222,187.42715510995362,18930.142666105312,win,-0.15999999999999837,8930.142666105265
2026-02-11 12:30:00+00:00,2026-02-11 15:30:00+00:00,sell,8.200000000000001,8.309999999999999,8.090000000000003,8.309999999999999,1720.922060555065,-189.3014266610531,18740.84123944426,loss,0.10999999999999766,8740.841239444211
2026-02-11 16:45:00+00:00,2026-02-12 12:55:00+00:00,sell,8.280000000000001,8.559999999999999,8.000000000000004,8.559999999999999,669.3157585515864,-187.4084123944426,18553.43282704982,loss,0.2799999999999976,8553.432827049768
2026-02-12 15:40:00+00:00,2026-02-12 17:05:00+00:00,buy,8.53,8.430000000000001,8.629999999999997,8.430000000000001,1855.3432827050217,-185.5343282704982,18367.89849877932,loss,-0.09999999999999787,8367.89849877927
2026-02-12 22:45:00+00:00,2026-02-13 01:05:00+00:00,sell,8.229000000000001,8.401,8.057000000000002,8.401,1067.901075510433,-183.6789849877932,18184.219513791526,loss,0.17199999999999882,8184.219513791477
2026-02-13 10:30:00+00:00,2026-02-13 15:25:00+00:00,buy,8.41,8.319,8.501,8.501,1998.2658806364468,181.84219513791527,18366.061708929443,win,0.0909999999999993,8366.061708929392
2026-02-13 16:45:00+00:00,2026-02-13 17:10:00+00:00,buy,8.549,8.389000000000001,8.708999999999998,8.708999999999998,1147.8788568081018,183.66061708929442,18549.72232601874,win,0.15999999999999837,8549.722326018686
2026-02-13 17:25:00+00:00,2026-02-14 13:20:00+00:00,buy,8.76,8.501000000000001,9.018999999999998,9.018999999999998,716.2054952130827,185.49722326018738,18735.219549278925,win,0.25899999999999856,8735.219549278872
2026-02-14 16:15:00+00:00,2026-02-14 19:15:00+00:00,buy,8.969999999999999,8.860000000000001,9.079999999999997,9.079999999999997,1703.2017772072115,187.35219549278926,18922.571744771714,win,0.10999999999999766,8922.571744771662
2026-02-14 21:05:00+00:00,2026-02-15 03:35:00+00:00,buy,9.12,8.99,9.249999999999998,8.99,1455.5824419055277,-189.22571744771716,18733.346027323998,loss,-0.129999999999999,8733.346027323945
2026-02-15 05:05:00+00:00,2026-02-15 05:35:00+00:00,buy,9.069999999999999,8.950000000000001,9.189999999999996,8.950000000000001,1561.1121689436998,-187.33346027323998,18546.01256705076,loss,-0.11999999999999744,8546.012567050706
2026-02-15 06:00:00+00:00,2026-02-15 14:50:00+00:00,buy,9.088999999999999,8.889000000000001,9.288999999999996,8.889000000000001,927.3006283525494,-185.46012567050758,18360.552441380252,loss,-0.1999999999999975,8360.552441380198
2026-02-15 15:45:00+00:00,2026-02-18 21:35:00+00:00,sell,8.790000000000001,9.069999999999999,8.510000000000003,8.510000000000003,655.7340157635861,183.6055244138025,18544.157965794057,win,-0.2799999999999976,8544.157965794
2026-02-19 00:10:00+00:00,2026-02-19 03:05:00+00:00,sell,8.539,8.629,8.449,8.629,2060.461996199343,-185.4415796579406,18358.716386136115,loss,0.08999999999999986,8358.716386136059
2026-02-19 07:20:00+00:00,2026-02-19 08:20:00+00:00,sell,8.63,8.719,8.541000000000002,8.719,2062.777122037797,-183.58716386136115,18175.129222274754,loss,0.08899999999999864,8175.129222274698
2026-02-19 10:20:00+00:00,2026-02-19 13:50:00+00:00,sell,8.649000000000001,8.748999999999999,8.549000000000003,8.549000000000003,1817.512922227514,181.75129222274754,18356.8805144975,win,-0.09999999999999787,8356.880514497445
2026-02-19 15:05:00+00:00,2026-02-19 15:45:00+00:00,sell,8.5,8.62,8.38,8.38,1529.7400428748017,183.56880514497502,18540.449319642477,win,-0.11999999999999922,8540.44931964242
2026-02-19 18:05:00+00:00,2026-02-19 19:15:00+00:00,sell,8.360000000000001,8.5,8.220000000000002,8.5,1324.3178085459026,-185.40449319642477,18355.044826446054,loss,0.1399999999999988,8355.044826445994
2026-02-20 00:25:00+00:00,2026-02-20 02:00:00+00:00,sell,8.482000000000001,8.569999999999999,8.394000000000004,8.569999999999999,2085.8005484598402,-183.55044826446056,18171.494378181593,loss,0.08799999999999741,8171.494378181533
2026-02-20 09:50:00+00:00,2026-02-20 15:15:00+00:00,buy,8.66,8.569,8.751,8.569,1996.8675140859045,-181.71494378181592,17989.779434399778,loss,-0.0909999999999993,7989.779434399717
2026-02-20 16:20:00+00:00,2026-02-20 17:00:00+00:00,buy,8.53,8.411000000000001,8.648999999999997,8.648999999999997,1511.74617095799,179.8977943439978,18169.677228743774,win,0.118999999999998,8169.677228743714
2026-02-20 18:00:00+00:00,2026-02-23 02:55:00+00:00,buy,8.85,8.55,9.149999999999999,8.55,605.6559076247946,-181.69677228743774,17987.98045645634,loss,-0.29999999999999893,7987.980456456276
2026-02-23 03:05:00+00:00,2026-02-23 03:10:00+00:00,sell,8.51,8.649999999999999,8.370000000000001,8.370000000000001,1284.8557468897495,179.8798045645634,18167.8602610209,win,-0.1399999999999988,8167.86026102084
2026-02-23 03:20:00+00:00,2026-02-25 13:55:00+00:00,sell,8.213000000000001,8.639999999999999,7.786000000000003,8.639999999999999,425.4768211011943,-181.67860261020903,17986.181658410693,loss,0.4269999999999978,7986.181658410631
2026-02-25 14:15:00+00:00,2026-02-25 14:50:00+00:00,buy,8.68,8.58,8.78,8.78,1798.6181658410756,179.86181658410692,18166.0434749948,win,0.09999999999999964,8166.043474994738
2026-02-25 15:00:00+00:00,2026-02-25 16:30:00+00:00,buy,8.84,8.680000000000001,8.999999999999998,8.999999999999998,1135.3777171871866,181.660434749948,18347.70390974475,win,0.15999999999999837,8347.703909744687
2026-02-25 16:45:00+00:00,2026-02-25 17:15:00+00:00,buy,9.039,8.89,9.187999999999999,9.187999999999999,1231.38952414395,183.4770390974475,18531.180948842197,win,0.14899999999999913,8531.180948842135
2026-02-25 17:25:00+00:00,2026-02-25 23:35:00+00:00,buy,9.28,9.011000000000001,9.548999999999998,9.548999999999998,688.8914850870748,185.31180948842197,18716.49275833062,win,0.26899999999999835,8716.492758330556
2026-02-26 06:30:00+00:00,2026-02-26 10:55:00+00:00,buy,9.270999999999999,9.17,9.371999999999998,9.17,1853.1180948842364,-187.1649275833062,18529.327830747312,loss,-0.10099999999999909,8529.32783074725
2026-02-26 11:10:00+00:00,2026-02-26 16:45:00+00:00,buy,9.25,9.132000000000001,9.367999999999999,9.132000000000001,1570.2820195548761,-185.29327830747312,18344.03455243984,loss,-0.11799999999999855,8344.034552439776
2026-02-26 22:35:00+00:00,2026-02-27 05:55:00+00:00,sell,9.042,9.158999999999999,8.925,9.158999999999999,1567.866201063246,-183.4403455243984,18160.59420691544,loss,0.1169999999999991,8160.594206915378
2026-02-27 06:05:00+00:00,2026-02-27 11:45:00+00:00,buy,9.210999999999999,9.071000000000002,9.350999999999996,9.071000000000002,1297.1853004939878,-181.60594206915442,17978.988264846288,loss,-0.13999999999999702,7978.9882648462235
2026-02-27 12:10:00+00:00,2026-02-27 13:35:00+00:00,sell,9.022,9.202,8.842,8.842,998.8326813803509,179.78988264846288,18158.77814749475,win,-0.17999999999999972,8158.778147494686
2026-02-27 13:45:00+00:00,2026-02-28 00:20:00+00:00,sell,8.8,8.971,8.629000000000001,8.629000000000001,1061.916850730691,181.58778147494752,18340.3659289697,win,-0.17099999999999937,8340.365928969633
2026-02-28 00:30:00+00:00,2026-02-28 01:05:00+00:00,sell,8.581000000000001,8.692,8.470000000000002,8.692,1652.2852188261159,-183.403659289697,18156.962269680003,loss,0.11099999999999888,8156.962269679936
2026-02-28 03:30:00+00:00,2026-02-28 08:15:00+00:00,sell,8.681000000000001,8.77,8.592000000000002,8.592000000000002,2040.1081201887955,181.56962269680002,18338.531892376803,win,-0.08899999999999864,8338.531892376735
2026-02-28 08:35:00+00:00,2026-02-28 21:35:00+00:00,sell,8.360000000000001,8.67,8.050000000000002,8.67,591.5655449153833,-183.38531892376807,18155.146573453036,loss,0.3099999999999987,8155.1465734529675
2026-03-01 00:30:00+00:00,2026-03-01 03:15:00+00:00,buy,8.850999999999999,8.731,8.970999999999998,8.731,1512.928881121096,-181.55146573453035,17973.595107718505,loss,-0.11999999999999922,7973.595107718437
2026-03-01 03:40:00+00:00,2026-03-01 03:50:00+00:00,buy,8.86,8.700000000000001,9.019999999999998,9.019999999999998,1123.3496942324182,179.73595107718506,18153.33105879569,win,0.15999999999999837,8153.331058795622
2026-03-01 04:00:00+00:00,2026-03-01 19:15:00+00:00,buy,9.069999999999999,8.74,9.399999999999997,8.74,550.1009411756298,-181.53331058795692,17971.797748207733,loss,-0.3299999999999983,7971.797748207665
2026-03-01 22:05:00+00:00,2026-03-02 00:10:00+00:00,sell,8.633000000000001,8.751,8.515000000000002,8.751,1523.0337074752504,-179.71797748207734,17792.079770725657,loss,0.11799999999999855,7792.079770725588
2026-03-02 01:00:00+00:00,2026-03-02 03:05:00+00:00,sell,8.571,8.801,8.341,8.801,773.5686856837228,-177.92079770725658,17614.1589730184,loss,0.23000000000000043,7614.158973018331
2026-03-02 04:05:00+00:00,2026-03-02 05:35:00+00:00,sell,8.721,8.84,8.602,8.84,1480.18142630407,-176.141589730184,17438.017383288214,loss,0.11899999999999977,7438.017383288147
2026-03-02 08:15:00+00:00,2026-03-02 09:05:00+00:00,sell,8.75,8.87,8.63,8.63,1453.1681152740273,174.38017383288215,17612.397557121098,win,-0.11999999999999922,7612.397557121029
2026-03-02 15:50:00+00:00,2026-03-02 16:30:00+00:00,sell,8.591000000000001,8.711,8.471000000000002,8.711,1467.6997964267678,-176.123975571211,17436.273581549885,loss,0.11999999999999922,7436.273581549818
2026-03-02 17:05:00+00:00,2026-03-02 17:20:00+00:00,buy,8.889999999999999,8.65,9.129999999999997,9.129999999999997,726.51139923125,174.36273581549887,17610.636317365384,win,0.23999999999999844,7610.636317365317
2026-03-02 18:05:00+00:00,2026-03-03 07:45:00+00:00,buy,9.178999999999998,8.790000000000001,9.567999999999996,8.790000000000001,452.71558656466567,-176.10636317365385,17434.52995419173,loss,-0.38899999999999757,7434.529954191663
2026-03-03 10:10:00+00:00,2026-03-03 10:45:00+00:00,sell,8.74,8.821,8.659,8.659,2152.411105455782,174.3452995419173,17608.875253733648,win,-0.08099999999999952,7608.87525373358
2026-03-03 11:25:00+00:00,2026-03-03 14:10:00+00:00,sell,8.612,8.770999999999999,8.453000000000001,8.770999999999999,1107.4764310524383,-176.0887525373365,17432.78650119631,loss,0.15899999999999892,7432.786501196244
2026-03-03 15:45:00+00:00,2026-03-03 16:30:00+00:00,sell,8.591000000000001,8.729999999999999,8.452000000000004,8.729999999999999,1254.157302244361,-174.32786501196313,17258.458636184347,loss,0.13899999999999757,7258.458636184281
2026-03-03 16:40:00+00:00,2026-03-03 18:05:00+00:00,sell,8.600000000000001,8.77,8.430000000000003,8.77,1015.2034491873255,-172.58458636184346,17085.8740498225,loss,0.16999999999999815,7085.874049822438
2026-03-03 23:05:00+00:00,2026-03-04 01:10:00+00:00,sell,8.692,8.838999999999999,8.545000000000002,8.838999999999999,1162.3043571307946,-170.85874049822502,16915.015309324277,loss,0.14699999999999847,6915.0153093242125
2026-03-04 09:40:00+00:00,2026-03-04 10:05:00+00:00,buy,8.831,8.731,8.931,8.931,1691.5015309324338,169.15015309324278,17084.16546241752,win,0.09999999999999964,7084.165462417455
2026-03-04 10:40:00+00:00,2026-03-04 10:55:00+00:00,buy,8.969999999999999,8.790000000000001,9.149999999999997,9.149999999999997,949.120303467651,170.84165462417522,17255.007117041696,win,0.17999999999999794,7255.00711704163
2026-03-04 11:15:00+00:00,2026-03-04 18:00:00+00:00,buy,9.219999999999999,8.889000000000001,9.550999999999997,9.550999999999997,521.2993086719581,172.55007117041694,17427.55718821211,win,0.33099999999999774,7427.557188212048
2026-03-04 19:15:00+00:00,2026-03-04 19:20:00+00:00,buy,9.52,9.409,9.630999999999998,9.409,1570.050197136242,-174.2755718821211,17253.28161632999,loss,-0.11099999999999888,7253.281616329927
2026-03-04 20:50:00+00:00,2026-03-05 00:45:00+00:00,buy,9.49,9.349,9.631,9.349,1223.6369940659567,-172.5328161632999,17080.74880016669,loss,-0.14100000000000001,7080.748800166627
2026-03-05 04:15:00+00:00,2026-03-05 09:50:00+00:00,buy,9.321,9.199,9.443,9.199,1400.061377062845,-170.8074880016669,16909.94131216502,loss,-0.12199999999999989,6909.94131216496
2026-03-05 12:25:00+00:00,2026-03-05 14:45:00+00:00,buy,9.350999999999999,9.24,9.461999999999998,9.461999999999998,1523.4181362310985,169.09941312165023,17079.04072528667,win,0.11099999999999888,7079.040725286611
2026-03-05 23:50:00+00:00,2026-03-06 11:40:00+00:00,sell,9.189,9.309999999999999,9.068000000000001,9.068000000000001,1411.4909690319719,170.79040725286671,17249.831132539537,win,-0.12099999999999866,7249.831132539477
2026-03-06 13:05:00+00:00,2026-03-06 14:05:00+00:00,sell,9.109,9.2,9.018,9.018,1895.585838740623,172.49831132539538,17422.32944386493,win,-0.0909999999999993,7422.329443864873
2026-03-06 15:55:00+00:00,2026-03-06 16:10:00+00:00,sell,8.989,9.101999999999999,8.876000000000003,8.876000000000003,1541.7990658287856,174.22329443864933,17596.55273830358,win,-0.11299999999999777,7596.552738303522
2026-03-06 16:35:00+00:00,2026-03-08 06:50:00+00:00,sell,8.822000000000001,9.100999999999999,8.543000000000003,8.543000000000003,630.7008149929641,175.9655273830358,17772.518265686616,win,-0.27899999999999814,7772.518265686558
2026-03-08 08:15:00+00:00,2026-03-08 09:05:00+00:00,sell,8.56,8.641,8.479000000000001,8.641,2194.138057492188,-177.7251826568662,17594.793083029752,loss,0.08099999999999952,7594.793083029692
2026-03-08 13:05:00+00:00,2026-03-08 14:10:00+00:00,sell,8.680000000000001,8.770999999999999,8.589000000000004,8.589000000000004,1933.4937453879372,175.9479308302975,17770.74101386005,win,-0.09099999999999753,7770.741013859989
2026-03-08 15:25:00+00:00,2026-03-08 22:35:00+00:00,sell,8.530000000000001,8.681,8.379000000000003,8.681,1176.8702658185616,-177.7074101386005,17593.03360372145,loss,0.15099999999999802,7593.033603721388
2026-03-08 23:05:00+00:00,2026-03-09 00:00:00+00:00,sell,8.59,8.719999999999999,8.46,8.46,1353.3102772093528,175.93033603721452,17768.963939758665,win,-0.129999999999999,7768.9639397586025
2026-03-09 01:45:00+00:00,2026-03-09 02:30:00+00:00,sell,8.494000000000002,8.600999999999999,8.387000000000004,8.600999999999999,1660.6508354915022,-177.68963939758666,17591.274300361078,loss,0.10699999999999754,7591.274300361016
2026-03-09 04:05:00+00:00,2026-03-09 05:00:00+00:00,sell,8.5,8.630999999999998,8.369000000000002,8.630999999999998,1342.8453664397928,-175.91274300361079,17415.361557357468,loss,0.13099999999999845,7415.361557357405
2026-03-09 07:40:00+00:00,2026-03-09 09:15:00+00:00,buy,8.77,8.64,8.899999999999999,8.64,1339.6431967198155,-174.15361557357468,17241.207941783894,loss,-0.129999999999999,7241.20794178383
2026-03-09 10:20:00+00:00,2026-03-09 15:30:00+00:00,buy,8.76,8.601,8.918999999999999,8.918999999999999,1084.3527007411328,172.41207941783895,17413.620021201732,win,0.15899999999999892,7413.620021201669
2026-03-09 15:45:00+00:00,2026-03-10 10:05:00+00:00,buy,8.95,8.779,9.120999999999999,9.120999999999999,1018.3403521170641,174.13620021201731,17587.75622141375,win,0.17099999999999937,7587.756221413687
2026-03-10 11:20:00+00:00,2026-03-10 14:05:00+00:00,buy,9.129999999999999,9.030000000000001,9.229999999999997,9.030000000000001,1758.7756221414124,-175.8775622141375,17411.878659199614,loss,-0.09999999999999787,7411.8786591995495
2026-03-10 16:45:00+00:00,2026-03-10 17:00:00+00:00,buy,9.03,8.9,9.159999999999998,9.159999999999998,1339.3752814769036,174.11878659199613,17585.99744579161,win,0.129999999999999,7585.997445791546
2026-03-10 18:25:00+00:00,2026-03-10 20:10:00+00:00,buy,9.161999999999999,9.032,9.291999999999998,9.032,1352.7690342916728,-175.8599744579161,17410.137471333695,loss,-0.129999999999999,7410.13747133363
2026-03-11 07:30:00+00:00,2026-03-11 15:20:00+00:00,sell,8.939,9.042,8.836,9.042,1690.304608867353,-174.10137471333695,17236.03609662036,loss,0.10299999999999976,7236.036096620293
2026-03-11 18:35:00+00:00,2026-03-12 04:40:00+00:00,buy,9.030999999999999,8.870000000000001,9.191999999999997,8.870000000000001,1070.561248237304,-172.3603609662036,17063.675735654157,loss,-0.1609999999999978,7063.67573565409
2026-03-12 05:45:00+00:00,2026-03-12 10:15:00+00:00,sell,8.84,8.952,8.728,8.952,1523.5424763976914,-170.63675735654158,16893.038978297616,loss,0.1120000000000001,6893.038978297549
2026-03-12 17:25:00+00:00,2026-03-13 02:15:00+00:00,buy,8.99,8.850000000000001,9.129999999999999,9.129999999999999,1206.645641306983,168.93038978297616,17061.969368080594,win,0.1399999999999988,7061.969368080525
2026-03-13 02:30:00+00:00,2026-03-13 16:20:00+00:00,buy,9.28,8.989,9.570999999999998,9.570999999999998,586.3219714117071,170.61969368080594,17232.5890617614,win,0.2909999999999986,7232.58906176133
2026-03-13 18:50:00+00:00,2026-03-13 19:40:00+00:00,buy,9.301,9.159,9.443,9.159,1213.5626099832018,-172.325890617614,17060.263171143786,loss,-0.14199999999999946,7060.263171143716
2026-03-14 00:05:00+00:00,2026-03-14 08:25:00+00:00,sell,9.079,9.171,8.987000000000002,8.987000000000002,1854.3764316460888,170.60263171143785,17230.865802855224,win,-0.09199999999999875,7230.865802855154
2026-03-14 08:40:00+00:00,2026-03-14 23:50:00+00:00,sell,8.952,9.069999999999999,8.834000000000001,9.069999999999999,1460.2428646487656,-172.30865802855223,17058.55714482667,loss,0.11799999999999855,7058.557144826601
2026-03-15 04:00:00+00:00,2026-03-15 23:35:00+00:00,buy,9.2,9.09,9.309999999999999,9.309999999999999,1550.7779222569782,170.5855714482667,17229.14271627494,win,0.10999999999999943,7229.142716274868
2026-03-16 00:35:00+00:00,2026-03-16 00:50:00+00:00,buy,9.35,9.189,9.511,9.511,1070.1330879673903,172.29142716274941,17401.434143437687,win,0.1609999999999996,7401.434143437617
2026-03-16 02:05:00+00:00,2026-03-16 05:30:00+00:00,buy,9.511,9.360000000000001,9.661999999999997,9.661999999999997,1152.412857181319,174.0143414343769,17575.448484872064,win,0.15099999999999802,7575.448484871994
2026-03-16 06:35:00+00:00,2026-03-18 14:30:00+00:00,buy,9.809999999999999,9.429,10.190999999999997,9.429,461.29786049533163,-175.75448484872064,17399.694000023344,loss,-0.38099999999999845,7399.6940000232735
2026-03-18 16:15:00+00:00,2026-03-18 17:00:00+00:00,sell,9.3,9.44,9.160000000000002,9.160000000000002,1242.835285715964,173.99694000023345,17573.690940023578,win,-0.1399999999999988,7573.690940023507
2026-03-18 18:15:00+00:00,2026-03-18 19:35:00+00:00,sell,9.120000000000001,9.231,9.009000000000002,9.231,1583.2154000021403,-175.7369094002358,17397.954030623343,loss,0.11099999999999888,7397.954030623271
2026-03-18 20:50:00+00:00,2026-03-19 05:15:00+00:00,sell,9.16,9.28,9.040000000000001,9.28,1449.8295025519549,-173.97954030623345,17223.97449031711,loss,0.11999999999999922,7223.974490317038
2026-03-19 09:05:00+00:00,2026-03-19 14:45:00+00:00,sell,9.110000000000001,9.221,8.999000000000002,8.999000000000002,1551.7094135420978,172.2397449031711,17396.21423522028,win,-0.11099999999999888,7396.214235220209
2026-03-19 14:55:00+00:00,2026-03-19 21:10:00+00:00,sell,8.949,9.069999999999999,8.828000000000001,9.069999999999999,1437.7036558033446,-173.9621423522028,17222.252092868075,loss,0.12099999999999866,7222.252092868006
2026-03-20 00:35:00+00:00,2026-03-20 03:00:00+00:00,sell,9.019,9.1,8.938,9.1,2126.203962082491,-172.22252092868075,17050.029571939394,loss,0.08099999999999952,7050.029571939325
2026-03-20 15:35:00+00:00,2026-03-20 23:35:00+00:00,sell,9.01,9.1,8.92,9.1,1894.4477302154914,-170.50029571939396,16879.52927622,loss,0.08999999999999986,6879.5292762199315
2026-03-21 02:20:00+00:00,2026-03-21 16:50:00+00:00,buy,9.131,9.059000000000001,9.203,9.059000000000001,2344.379066141694,-168.7952927622,16710.7339834578,loss,-0.07199999999999918,6710.7339834577315
2026-03-22 01:45:00+00:00,2026-03-22 01:50:00+00:00,sell,9.019,9.1,8.938,8.938,2063.0535782046795,167.10733983457806,16877.84132329238,win,-0.08099999999999952,6877.841323292309
2026-03-22 02:00:00+00:00,2026-03-23 13:05:00+00:00,sell,8.8,9.09,8.510000000000002,9.09,581.9945283893942,-168.7784132329238,16709.062910059456,loss,0.28999999999999915,6709.062910059386
2026-03-23 15:40:00+00:00,2026-03-23 16:55:00+00:00,buy,9.087,8.949,9.225,9.225,1210.8016601492368,167.09062910059455,16876.153539160052,win,0.1379999999999999,6876.153539159981
2026-03-23 17:05:00+00:00,2026-03-23 17:30:00+00:00,buy,9.26,9.119,9.401,9.119,1196.8903219262447,-168.76153539160052,16707.39200376845,loss,-0.14100000000000001,6707.39200376838
2026-03-23 20:45:00+00:00,2026-03-25 08:25:00+00:00,buy,9.149999999999999,8.96,9.339999999999996,9.339999999999996,879.3364212509816,167.0739200376845,16874.465923806136,win,0.18999999999999773,6874.465923806065
2026-03-25 10:25:00+00:00,2026-03-25 14:55:00+00:00,buy,9.36,9.269,9.450999999999999,9.450999999999999,1854.3369147039853,168.74465923806136,17043.210583044198,win,0.0909999999999993,7043.210583044126
2026-03-25 18:25:00+00:00,2026-03-25 20:55:00+00:00,buy,9.389999999999999,9.299000000000001,9.480999999999996,9.299000000000001,1872.8802838510614,-170.43210583044197,16872.778477213757,loss,-0.09099999999999753,6872.778477213684
2026-03-26 00:30:00+00:00,2026-03-26 04:30:00+00:00,buy,9.35,9.268,9.431999999999999,9.268,2057.6559118553623,-168.72778477213757,16704.05069244162,loss,-0.08199999999999896,6704.050692441546
2026-03-26 07:10:00+00:00,2026-03-26 07:50:00+00:00,sell,9.178,9.26,9.096000000000002,9.096000000000002,2037.0793527368085,167.04050692441618,16871.091199366034,win,-0.08199999999999896,6871.091199365962
2026-03-26 08:00:00+00:00,2026-03-26 17:05:00+00:00,sell,9.059000000000001,9.209999999999999,8.908000000000003,8.908000000000003,1117.29080790505,168.71091199366035,17039.802111359695,win,-0.15099999999999802,7039.802111359622
2026-03-26 17:15:00+00:00,2026-03-27 12:35:00+00:00,sell,8.850000000000001,8.99,8.710000000000003,8.710000000000003,1217.1287222399887,170.39802111359697,17210.200132473292,win,-0.1399999999999988,7210.200132473219
2026-03-27 12:50:00+00:00,2026-03-30 01:40:00+00:00,sell,8.579,8.799999999999999,8.358000000000002,8.358000000000002,778.7420874422364,172.10200132473292,17382.302133798024,win,-0.2209999999999983,7382.302133797952
2026-03-30 01:50:00+00:00,2026-03-30 03:15:00+00:00,sell,8.248000000000001,8.459999999999999,8.036000000000003,8.459999999999999,819.9199119716128,-173.82302133798024,17208.479112460045,loss,0.21199999999999797,7208.4791124599715
2026-03-30 07:10:00+00:00,2026-03-30 11:05:00+00:00,buy,8.668999999999999,8.569,8.768999999999997,8.768999999999997,1720.8479112460413,172.08479112460046,17380.563903584647,win,0.09999999999999787,7380.563903584572
2026-03-30 11:35:00+00:00,2026-03-30 21:50:00+00:00,buy,8.799999999999999,8.619000000000002,8.980999999999996,8.619000000000002,960.2521493693314,-173.80563903584647,17206.7582645488,loss,-0.18099999999999739,7206.7582645487255
2026-03-31 12:15:00+00:00,2026-03-31 16:40:00+00:00,sell,8.588000000000001,8.709,8.467000000000002,8.709,1422.0461375660323,-172.06758264548802,17034.690681903314,loss,0.12099999999999866,7034.690681903237
2026-03-31 17:50:00+00:00,2026-03-31 19:40:00+00:00,sell,8.628,8.789,8.467,8.789,1058.0553218573514,-170.34690681903314,16864.343775084282,loss,0.1609999999999996,6864.343775084204
2026-03-31 20:10:00+00:00,2026-04-01 10:05:00+00:00,buy,8.86,8.599,9.120999999999999,9.120999999999999,646.1434396584035,168.64343775084282,17032.987212835124,win,0.26099999999999923,7032.987212835047
2026-04-01 15:40:00+00:00,2026-04-01 15:50:00+00:00,buy,9.059999999999999,8.969000000000001,9.150999999999996,8.969000000000001,1871.7568365753393,-170.32987212835124,16862.657340706774,loss,-0.09099999999999753,6862.657340706696
2026-04-01 19:25:00+00:00,2026-04-02 01:50:00+00:00,buy,9.03,8.919,9.140999999999998,8.919,1519.1583189826076,-168.62657340706775,16694.030767299704,loss,-0.11099999999999888,6694.030767299629
2026-04-02 03:40:00+00:00,2026-04-02 04:05:00+00:00,buy,8.971,8.88,9.062,8.88,1834.5088755274542,-166.94030767299705,16527.090459626706,loss,-0.0909999999999993,6527.090459626632
2026-04-02 05:20:00+00:00,2026-04-02 07:35:00+00:00,sell,8.639000000000001,8.777999999999999,8.500000000000004,8.500000000000004,1188.99931364223,165.27090459626706,16692.361364222972,win,-0.13899999999999757,6692.361364222899
2026-04-02 11:20:00+00:00,2026-04-02 16:35:00+00:00,sell,8.499,8.58,8.418000000000001,8.418000000000001,2060.785353607787,166.92361364222975,16859.2849778652,win,-0.08099999999999952,6859.284977865129
2026-04-02 20:55:00+00:00,2026-04-03 04:30:00+00:00,sell,8.519,8.66,8.378,8.66,1195.6939700613616,-168.592849778652,16690.69212808655,loss,0.14100000000000001,6690.692128086477
2026-04-03 10:35:00+00:00,2026-04-03 12:20:00+00:00,buy,8.741,8.669,8.812999999999999,8.669,2318.1516844564917,-166.9069212808655,16523.785206805685,loss,-0.07199999999999918,6523.785206805612
2026-04-03 15:25:00+00:00,2026-04-03 16:05:00+00:00,buy,8.731,8.65,8.812,8.65,2039.9734823217018,-165.23785206805687,16358.547354737628,loss,-0.08099999999999952,6358.547354737555
2026-04-03 17:55:00+00:00,2026-04-04 04:15:00+00:00,buy,8.721,8.610000000000001,8.831999999999999,8.610000000000001,1473.7430049313327,-163.58547354737627,16194.961881190251,loss,-0.11099999999999888,6194.961881190179
2026-04-04 22:05:00+00:00,2026-04-05 04:05:00+00:00,buy,8.719999999999999,8.649000000000001,8.790999999999997,8.649000000000001,2280.98054664658,-161.94961881190252,16033.012262378348,loss,-0.07099999999999795,6033.012262378276
2026-04-05 08:50:00+00:00,2026-04-05 09:10:00+00:00,sell,8.589,8.661,8.517000000000001,8.517000000000001,2226.807258663685,160.33012262378347,16193.342385002132,win,-0.07199999999999918,6193.34238500206
2026-04-05 15:30:00+00:00,2026-04-05 18:25:00+00:00,sell,8.489,8.569999999999999,8.408000000000003,8.569999999999999,1999.178072222541,-161.9334238500213,16031.40896115211,loss,0.08099999999999774,6031.4089611520385
2026-04-06 01:40:00+00:00,2026-04-06 02:15:00+00:00,buy,8.649999999999999,8.541,8.758999999999997,8.758999999999997,1470.7714643259058,160.3140896115211,16191.723050763632,win,0.10899999999999821,6191.7230507635595
2026-04-06 03:00:00+00:00,2026-04-06 12:15:00+00:00,buy,8.859,8.639000000000001,9.078999999999999,9.078999999999999,735.9874113983508,161.91723050763633,16353.64028127127,win,0.21999999999999886,6353.640281271196
2026-04-06 17:00:00+00:00,2026-04-06 20:00:00+00:00,buy,9.059999999999999,8.959000000000001,9.160999999999996,8.959000000000001,1619.1723050764065,-163.5364028127127,16190.103878458556,loss,-0.10099999999999731,6190.103878458483
2026-04-07 04:50:00+00:00,2026-04-07 12:05:00+00:00,sell,8.75,8.85,8.65,8.85,1619.0103878458613,-161.90103878458555,16028.202839673972,loss,0.09999999999999964,6028.202839673898
2026-04-07 13:05:00+00:00,2026-04-07 13:35:00+00:00,sell,8.81,8.899999999999999,8.720000000000002,8.720000000000002,1780.9114266304794,160.28202839673972,16188.484868070711,win,-0.08999999999999808,6188.484868070637
2026-04-07 13:50:00+00:00,2026-04-08 00:10:00+00:00,sell,8.690000000000001,8.841,8.539000000000003,8.841,1072.0850906007233,-161.8848486807071,16026.600019390004,loss,0.15099999999999802,6026.60001938993
2026-04-08 01:05:00+00:00,2026-04-08 01:35:00+00:00,buy,8.93,8.769,9.091,9.091,995.4409949931704,160.26600019390003,16186.866019583904,win,0.1609999999999996,6186.86601958383
2026-04-08 01:55:00+00:00,2026-04-08 02:25:00+00:00,buy,9.120999999999999,8.889000000000001,9.352999999999996,9.352999999999996,697.7097422234516,161.86866019583906,16348.734679779744,win,0.23199999999999754,6348.734679779669
2026-04-08 05:05:00+00:00,2026-04-08 06:15:00+00:00,buy,9.26,9.159,9.360999999999999,9.159,1618.6866019584052,-163.48734679779744,16185.247332981946,loss,-0.10099999999999909,6185.247332981871
2026-04-08 16:10:00+00:00,2026-04-08 16:40:00+00:00,buy,9.231,9.149000000000001,9.312999999999999,9.149000000000001,1973.810650363677,-161.85247332981947,16023.394859652126,loss,-0.08199999999999896,6023.394859652052
2026-04-09 01:20:00+00:00,2026-04-09 02:20:00+00:00,sell,8.941,9.04,8.842000000000002,8.842000000000002,1618.5247332982203,160.23394859652126,16183.628808248646,win,-0.09899999999999842,6183.6288082485735
2026-04-09 03:20:00+00:00,2026-04-09 18:35:00+00:00,sell,8.791,8.94,8.642000000000001,8.94,1086.1495844462243,-161.83628808248648,16021.79252016616,loss,0.14899999999999913,6021.792520166087
2026-04-09 22:10:00+00:00,2026-04-10 01:15:00+00:00,buy,9.001,8.909,9.092999999999998,9.092999999999998,1741.4991869746063,160.21792520166161,16182.010445367821,win,0.09199999999999875,6182.010445367749
2026-04-10 07:50:00+00:00,2026-04-10 11:05:00+00:00,buy,8.959999999999999,8.860000000000001,9.059999999999997,8.860000000000001,1618.2010445368167,-161.82010445367823,16020.190340914143,loss,-0.09999999999999787,6020.1903409140705
2026-04-10 12:35:00+00:00,2026-04-10 17:20:00+00:00,buy,8.959999999999999,8.84,9.079999999999998,9.079999999999998,1335.015861742854,160.20190340914144,16180.392244323284,win,0.11999999999999922,6180.392244323212
2026-04-10 17:30:00+00:00,2026-04-11 09:10:00+00:00,buy,9.129999999999999,8.968,9.291999999999998,8.968,998.7896447113197,-161.80392244323284,16018.588321880052,loss,-0.16199999999999903,6018.588321879979
2026-04-11 16:10:00+00:00,2026-04-11 19:35:00+00:00,sell,8.959000000000001,9.04,8.878000000000004,9.04,1977.6034965284566,-160.1858832188005,15858.402438661251,loss,0.08099999999999774,5858.402438661178
2026-04-11 21:30:00+00:00,2026-04-11 22:05:00+00:00,buy,9.120999999999999,9.020000000000001,9.221999999999996,9.221999999999996,1570.138855313037,158.58402438661253,16016.986463047864,win,0.10099999999999731,6016.9864630477905
2026-04-11 22:30:00+00:00,2026-04-12 00:30:00+00:00,buy,9.27,9.13,9.409999999999998,9.13,1144.070461646286,-160.16986463047866,15856.816598417385,loss,-0.1399999999999988,5856.816598417312
2026-04-12 04:30:00+00:00,2026-04-12 04:35:00+00:00,sell,8.991000000000001,9.081,8.901000000000003,8.901000000000003,1761.8685109353025,158.56816598417385,16015.384764401559,win,-0.08999999999999808,6015.384764401486
2026-04-12 04:45:00+00:00,2026-04-14 01:10:00+00:00,sell,8.829,9.069999999999999,8.588000000000003,9.069999999999999,664.5387869046349,-160.1538476440156,15855.230916757542,loss,0.24099999999999788,5855.23091675747
2026-04-14 01:20:00+00:00,2026-04-14 02:25:00+00:00,buy,9.171,8.952,9.389999999999999,9.389999999999999,723.983146883908,158.55230916757543,16013.783225925117,win,0.21899999999999942,6013.783225925045
2026-04-14 04:50:00+00:00,2026-04-14 08:45:00+00:00,buy,9.25,9.15,9.35,9.15,1601.3783225925176,-160.13783225925118,15853.645393665865,loss,-0.09999999999999964,5853.6453936657945
2026-04-14 10:05:00+00:00,2026-04-14 15:20:00+00:00,buy,9.210999999999999,9.13,9.291999999999996,9.13,1957.240172057569,-158.53645393665866,15695.108939729207,loss,-0.08099999999999774,5695.108939729136
2026-04-14 16:20:00+00:00,2026-04-14 16:50:00+00:00,buy,9.141,9.06,9.222,9.222,1937.6677703369508,156.95108939729207,15852.0600291265,win,0.08099999999999952,5852.060029126428
2026-04-14 17:30:00+00:00,2026-04-14 18:05:00+00:00,buy,9.26,9.08,9.44,9.08,880.6700016181403,-158.520600291265,15693.539428835235,loss,-0.17999999999999972,5693.539428835164
2026-04-15 01:30:00+00:00,2026-04-15 03:20:00+00:00,sell,8.979000000000001,9.069999999999999,8.888000000000003,9.069999999999999,1724.5647723995232,-156.93539428835234,15536.604034546883,loss,0.09099999999999753,5536.604034546811
2026-04-15 08:35:00+00:00,2026-04-15 14:45:00+00:00,sell,9.019,9.11,8.928,9.11,1707.3191246754948,-155.36604034546883,15381.237994201414,loss,0.0909999999999993,5381.237994201342
2026-04-15 15:35:00+00:00,2026-04-15 22:35:00+00:00,buy,9.17,9.039000000000001,9.300999999999998,9.300999999999998,1174.1403049008852,153.81237994201413,15535.050374143428,win,0.13099999999999845,5535.050374143357
2026-04-16 01:00:00+00:00,2026-04-16 02:15:00+00:00,buy,9.309999999999999,9.21,9.409999999999997,9.21,1553.5050374143757,-155.35050374143427,15379.699870401993,loss,-0.09999999999999787,5379.699870401922
2026-04-16 05:25:00+00:00,2026-04-16 16:10:00+00:00,buy,9.270999999999999,9.16,9.381999999999998,9.381999999999998,1385.5585468830764,153.79699870401993,15533.496869106013,win,0.11099999999999888,5533.496869105942
2026-04-16 18:05:00+00:00,2026-04-16 18:35:00+00:00,buy,9.261999999999999,9.141,9.382999999999997,9.382999999999997,1283.7600718269575,155.33496869106014,15688.831837797074,win,0.12099999999999866,5688.831837797003
2026-04-16 19:05:00+00:00,2026-04-16 23:00:00+00:00,buy,9.459,9.26,9.658,9.658,788.3835094370395,156.88831837797073,15845.720156175044,win,0.19899999999999984,5845.720156174973
2026-04-17 02:30:00+00:00,2026-04-17 04:45:00+00:00,buy,9.540999999999999,9.429,9.652999999999997,9.429,1414.7964425156501,-158.45720156175045,15687.262954613294,loss,-0.11199999999999832,5687.262954613223
2026-04-17 11:25:00+00:00,2026-04-17 12:25:00+00:00,buy,9.49,9.409,9.571,9.571,1936.6991301991836,156.87262954613294,15844.135584159427,win,0.08099999999999952,5844.135584159356
2026-04-17 15:50:00+00:00,2026-04-17 16:10:00+00:00,buy,9.581999999999999,9.47,9.693999999999997,9.693999999999997,1414.6549628713985,158.44135584159426,16002.576940001021,win,0.11199999999999832,6002.57694000095
2026-04-17 16:20:00+00:00,2026-04-18 06:55:00+00:00,buy,9.732,9.548,9.915999999999999,9.548,869.7052684783198,-160.0257694000102,15842.551170601011,loss,-0.18399999999999928,5842.55117060094
2026-04-18 13:05:00+00:00,2026-04-18 21:30:00+00:00,sell,9.4,9.520999999999999,9.279000000000002,9.279000000000002,1309.3017496364619,158.42551170601013,16000.97668230702,win,-0.12099999999999866,6000.97668230695
2026-04-19 03:15:00+00:00,2026-04-20 01:05:00+00:00,sell,9.239,9.321,9.157000000000002,9.157000000000002,1951.3386197935638,160.0097668230702,16160.98644913009,win,-0.08199999999999896,6160.98644913002
2026-04-20 01:15:00+00:00,2026-04-20 10:20:00+00:00,sell,9.021,9.261,8.781000000000002,9.261,673.3744353804248,-161.6098644913009,15999.376584638789,loss,0.23999999999999844,5999.37658463872
2026-04-20 11:50:00+00:00,2026-04-20 13:05:00+00:00,sell,9.153,9.292,9.014000000000001,9.292,1151.0342866646665,-159.9937658463879,15839.382818792401,loss,0.13899999999999935,5839.382818792332
2026-04-20 13:55:00+00:00,2026-04-20 21:55:00+00:00,sell,9.21,9.331,9.089000000000002,9.331,1309.0399023795517,-158.39382818792402,15680.988990604477,loss,0.12099999999999866,5680.988990604408
2026-04-20 23:20:00+00:00,2026-04-21 02:00:00+00:00,buy,9.350999999999999,9.270000000000001,9.431999999999997,9.270000000000001,1935.9245667413477,-156.8098899060448,15524.179100698433,loss,-0.08099999999999774,5524.179100698363
2026-04-21 03:45:00+00:00,2026-04-21 06:10:00+00:00,buy,9.311,9.23,9.392,9.23,1916.565321073892,-155.24179100698433,15368.93730969145,loss,-0.08099999999999952,5368.937309691379
2026-04-21 08:00:00+00:00,2026-04-21 11:45:00+00:00,buy,9.319999999999999,9.23,9.409999999999997,9.409999999999997,1707.6597010768642,153.6893730969145,15522.626682788365,win,0.08999999999999808,5522.626682788293
2026-04-21 13:40:00+00:00,2026-04-21 15:40:00+00:00,buy,9.45,9.34,9.559999999999999,9.34,1411.147880253495,-155.22626682788365,15367.400415960481,loss,-0.10999999999999943,5367.400415960409
2026-04-21 17:40:00+00:00,2026-04-21 18:00:00+00:00,buy,9.440999999999999,9.33,9.551999999999998,9.33,1384.4504879243816,-153.6740041596048,15213.726411800877,loss,-0.11099999999999888,5213.726411800804
2026-04-22 05:15:00+00:00,2026-04-22 08:15:00+00:00,buy,9.431,9.34,9.521999999999998,9.521999999999998,1671.8380672308783,152.13726411800877,15365.863675918887,win,0.0909999999999993,5365.863675918813
2026-04-22 12:15:00+00:00,2026-04-22 19:40:00+00:00,buy,9.53,9.430000000000001,9.629999999999997,9.430000000000001,1536.5863675919215,-153.65863675918888,15212.205039159699,loss,-0.09999999999999787,5212.205039159624
2026-04-23 01:30:00+00:00,2026-04-23 02:35:00+00:00,sell,9.359,9.431,9.287,9.287,2112.806255438871,152.12205039159699,15364.327089551296,win,-0.07199999999999918,5364.327089551221
2026-04-23 03:10:00+00:00,2026-04-24 04:50:00+00:00,sell,9.24,9.379999999999999,9.100000000000001,9.379999999999999,1097.4519349679592,-153.64327089551296,15210.683818655783,loss,0.1399999999999988,5210.683818655709
2026-04-24 18:45:00+00:00,2026-04-25 21:20:00+00:00,buy,9.360999999999999,9.270000000000001,9.451999999999996,9.270000000000001,1671.5037163358459,-152.10683818655784,15058.576980469226,loss,-0.09099999999999753,5058.576980469151
2026-04-26 14:25:00+00:00,2026-04-27 04:00:00+00:00,buy,9.459999999999999,9.389000000000001,9.530999999999997,9.530999999999997,2120.926335277417,150.58576980469226,15209.16275027392,win,0.07099999999999795,5209.162750273843
2026-04-27 14:00:00+00:00,2026-04-27 18:15:00+00:00,sell,9.290000000000001,9.37,9.210000000000003,9.210000000000003,1901.1453437842804,152.0916275027392,15361.254377776659,win,-0.0799999999999983,5361.254377776582
2026-04-27 18:25:00+00:00,2026-04-29 07:35:00+00:00,sell,9.149000000000001,9.341,8.957000000000003,9.341,800.0653321758745,-153.6125437777666,15207.641833998892,loss,0.1919999999999984,5207.641833998816
2026-04-29 12:30:00+00:00,2026-04-29 12:50:00+00:00,buy,9.301,9.229000000000001,9.373,9.373,2112.172476944315,152.07641833998892,15359.718252338882,win,0.07199999999999918,5359.718252338805
2026-04-29 18:05:00+00:00,2026-04-29 21:05:00+00:00,sell,9.151,9.26,9.042,9.042,1409.1484635173288,153.59718252338882,15513.31543486227,win,-0.10899999999999999,5513.315434862194
2026-04-30 05:30:00+00:00,2026-04-30 08:25:00+00:00,sell,9.109,9.2,9.018,9.018,1704.7599378969658,155.1331543486227,15668.448589210893,win,-0.0909999999999993,5668.448589210817
2026-05-01 01:00:00+00:00,2026-05-01 06:15:00+00:00,sell,9.088000000000001,9.16,9.016000000000002,9.16,2176.1734151682044,-156.68448589210894,15511.764103318785,loss,0.07199999999999918,5511.764103318708
2026-05-01 11:15:00+00:00,2026-05-01 16:50:00+00:00,buy,9.171,9.09,9.251999999999999,9.251999999999999,1915.0326053480096,155.11764103318785,15666.881744351973,win,0.08099999999999952,5666.8817443518965
2026-05-02 08:15:00+00:00,2026-05-02 18:05:00+00:00,sell,9.05,9.129999999999999,8.970000000000002,9.129999999999999,1958.3602180440384,-156.66881744351974,15510.212926908453,loss,0.0799999999999983,5510.212926908377
2026-05-03 00:35:00+00:00,2026-05-03 03:45:00+00:00,buy,9.19,9.119,9.261,9.119,2184.5370319589456,-155.10212926908454,15355.110797639369,loss,-0.07099999999999973,5355.110797639292
2026-05-03 14:40:00+00:00,2026-05-04 04:55:00+00:00,buy,9.151,9.069,9.232999999999999,9.232999999999999,1872.5744875170199,153.5511079763937,15508.661905615761,win,0.08199999999999896,5508.661905615686
2026-05-04 05:35:00+00:00,2026-05-04 12:15:00+00:00,buy,9.280999999999999,9.120000000000001,9.441999999999997,9.441999999999997,963.2709258146567,155.08661905615762,15663.748524671919,win,0.1609999999999978,5663.748524671843
2026-05-04 12:30:00+00:00,2026-05-04 12:40:00+00:00,buy,9.481,9.329,9.633,9.633,1030.5097713599998,156.6374852467192,15820.386009918639,win,0.15199999999999925,5820.386009918562
2026-05-04 15:05:00+00:00,2026-05-04 19:05:00+00:00,buy,9.45,9.329,9.570999999999998,9.329,1307.4699181751084,-158.2038600991864,15662.182149819451,loss,-0.12099999999999866,5662.182149819376
2026-05-04 20:20:00+00:00,2026-05-04 23:30:00+00:00,buy,9.459999999999999,9.339,9.580999999999998,9.339,1294.3952189933575,-156.62182149819452,15505.560328321257,loss,-0.12099999999999866,5505.560328321181
2026-05-05 00:05:00+00:00,2026-05-05 05:20:00+00:00,buy,9.36,9.279,9.440999999999999,9.440999999999999,1914.2667072001666,155.05560328321258,15660.615931604469,win,0.08099999999999952,5660.615931604394
2026-05-05 05:35:00+00:00,2026-05-05 10:35:00+00:00,buy,9.49,9.369,9.611,9.611,1294.265779471439,156.60615931604468,15817.222090920513,win,0.12100000000000044,5817.222090920439
2026-05-05 13:05:00+00:00,2026-05-05 15:10:00+00:00,buy,9.629999999999999,9.5,9.759999999999998,9.759999999999998,1216.7093916092797,158.17222090920515,15975.39431182972,win,0.129999999999999,5975.394311829644
2026-05-05 22:35:00+00:00,2026-05-06 00:00:00+00:00,buy,9.721,9.64,9.802,9.802,1972.270902695039,159.7539431182972,16135.148254948017,win,0.08099999999999952,6135.148254947941
2026-05-06 04:05:00+00:00,2026-05-06 11:05:00+00:00,buy,9.811,9.718,9.904,9.904,1734.9621779514002,161.35148254948018,16296.499737497497,win,0.09299999999999997,6296.499737497421
2026-05-06 11:30:00+00:00,2026-05-06 12:00:00+00:00,buy,9.95,9.819,10.080999999999998,10.080999999999998,1244.007613549442,162.96499737497498,16459.464734872472,win,0.13099999999999845,6459.464734872396
2026-05-06 12:10:00+00:00,2026-05-06 17:00:00+00:00,buy,10.119,9.919,10.318999999999999,9.919,822.9732367436266,-164.59464734872472,16294.870087523748,loss,-0.1999999999999993,6294.870087523671
2026-05-06 19:05:00+00:00,2026-05-07 03:40:00+00:00,buy,10.049999999999999,9.92,10.179999999999998,9.92,1253.451545194144,-162.94870087523748,16131.921386648512,loss,-0.129999999999999,6131.921386648433
2026-05-07 09:50:00+00:00,2026-05-07 13:25:00+00:00,buy,10.040999999999999,9.939,10.142999999999997,9.939,1581.5609202596806,-161.31921386648511,15970.602172782026,loss,-0.10199999999999854,5970.602172781948
2026-05-07 15:25:00+00:00,2026-05-07 16:35:00+00:00,buy,10.059999999999999,9.969000000000001,10.150999999999996,9.969000000000001,1755.0112277782923,-159.70602172782026,15810.896151054207,loss,-0.09099999999999753,5810.896151054128
2026-05-07 20:25:00+00:00,2026-05-07 21:30:00+00:00,sell,9.81,9.931,9.689000000000002,9.931,1306.6856323185439,-158.10896151054206,15652.787189543664,loss,0.12099999999999866,5652.787189543586
2026-05-07 21:50:00+00:00,2026-05-08 05:00:00+00:00,sell,9.869,9.960999999999999,9.777000000000001,9.777000000000001,1701.389911906943,156.52787189543665,15809.3150614391,win,-0.09199999999999875,5809.315061439022
2026-05-08 07:45:00+00:00,2026-05-08 11:25:00+00:00,sell,9.812000000000001,9.891,9.733000000000002,9.891,2001.179121701181,-158.093150614391,15651.221910824708,loss,0.07899999999999885,5651.221910824632
2026-05-08 12:45:00+00:00,2026-05-08 15:30:00+00:00,sell,9.858,9.959999999999999,9.756000000000002,9.959999999999999,1534.433520669111,-156.51221910824708,15494.709691716462,loss,0.10199999999999854,5494.709691716384
2026-05-08 17:15:00+00:00,2026-05-08 20:15:00+00:00,buy,9.99,9.84,10.14,10.14,1032.9806461144285,154.94709691716466,15649.656788633627,win,0.15000000000000036,5649.656788633549
2026-05-08 20:25:00+00:00,2026-05-08 21:00:00+00:00,buy,10.17,10.029,10.311,10.311,1109.9047367825267,156.4965678863363,15806.153356519962,win,0.14100000000000001,5806.153356519885
2026-05-08 21:10:00+00:00,2026-05-09 04:55:00+00:00,buy,10.389999999999999,10.199,10.580999999999998,10.580999999999998,827.5472961528822,158.06153356519962,15964.214890085163,win,0.19099999999999895,5964.214890085084
