entry_time,exit_time,side,entry,sl,tp,exit,qty,pnl,balance_after,result,exit_minus_entry,cumulative_pnl
2025-01-23 08:05:00+00:00,2025-01-23 09:10:00+00:00,buy,43.9964,43.95014,44.042660000000005,43.95014,2161.694768698485,-100.0,9900.0,loss,-0.04626000000000374,-100.0
2025-01-23 10:05:00+00:00,2025-01-23 11:10:00+00:00,sell,43.939139999999995,43.96987,43.90840999999999,43.96987,3221.6075496251988,-99.0,9801.0,loss,0.030730000000005475,-199.0
2025-01-23 11:30:00+00:00,2025-01-23 12:00:00+00:00,buy,43.975750000000005,43.9272,44.02430000000001,44.02430000000001,2018.7435633365224,98.01,9899.01,win,0.048550000000005866,-100.99
2025-01-23 12:10:00+00:00,2025-01-23 13:50:00+00:00,buy,44.031420000000004,43.97725,44.08559000000001,43.97725,1827.3970832562036,-98.9901,9800.0199,loss,-0.05417000000000627,-199.9801
2025-01-23 15:05:00+00:00,2025-01-23 18:10:00+00:00,buy,44.014610000000005,43.959289999999996,44.069930000000014,43.959289999999996,1771.5148047719485,-98.000199,9702.019701,loss,-0.05532000000000892,-297.980299
2025-01-23 18:20:00+00:00,2025-01-23 18:40:00+00:00,buy,44.03768,43.95028,44.125080000000004,44.125080000000004,1110.0709040045465,97.02019700999999,9799.03989801,win,0.08740000000000236,-200.96010199
2025-01-23 18:50:00+00:00,2025-01-24 04:40:00+00:00,buy,44.13745,44.02776,44.24714,44.24714,893.3394017695282,97.9903989801,9897.0302969901,win,0.10969000000000051,-102.9697030099
2025-01-24 05:00:00+00:00,2025-01-24 11:20:00+00:00,buy,44.27897,44.176939999999995,44.38100000000001,44.38100000000001,970.0117903547479,98.97030296990101,9996.000599960002,win,0.10203000000000628,-3.9994000399989886
2025-01-24 11:30:00+00:00,2025-01-24 14:10:00+00:00,buy,44.418940000000006,44.29242,44.54546000000001,44.29242,790.0727631962927,-99.96000599960001,9896.040593960402,loss,-0.1265200000000064,-103.959406039599
2025-01-24 14:25:00+00:00,2025-01-24 16:45:00+00:00,buy,44.35492,44.2857,44.42414,44.42414,1429.6504758682756,98.96040593960403,9995.000999900007,win,0.06922000000000139,-4.999000099994973
2025-01-24 17:05:00+00:00,2025-01-24 17:50:00+00:00,buy,44.449130000000004,44.330589999999994,44.567670000000014,44.567670000000014,843.1753838281726,99.95000999900007,10094.951009899007,win,0.11854000000001008,94.9510098990051
2025-01-24 18:00:00+00:00,2025-01-27 00:35:00+00:00,buy,44.57517,44.48591,44.66443,44.48591,1130.9602296547914,-100.94951009899007,9994.001499800017,loss,-0.089260000000003,-5.998500199984974
2025-01-27 00:45:00+00:00,2025-01-27 00:55:00+00:00,buy,44.507090000000005,44.48372,44.53046000000001,44.48372,4276.423405989313,-99.94001499800017,9894.061484802016,loss,-0.023370000000006996,-105.93851519798514
2025-01-27 06:45:00+00:00,2025-01-27 07:00:00+00:00,buy,44.46755,44.398959999999995,44.53614000000001,44.398959999999995,1442.4932912670852,-98.94061484802016,9795.120869953997,loss,-0.06859000000000748,-204.8791300460053
2025-01-27 08:15:00+00:00,2025-01-27 08:20:00+00:00,buy,44.47816,44.43882,44.517500000000005,44.517500000000005,2489.8629562667247,97.95120869953996,9893.072078653537,win,0.03934000000000282,-106.92792134646533
2025-01-27 10:10:00+00:00,2025-01-27 11:10:00+00:00,buy,44.49908,44.432289999999995,44.565870000000004,44.565870000000004,1481.2205537734483,98.93072078653537,9992.002799440072,win,0.06679000000000457,-7.997200559929951
2025-01-27 11:40:00+00:00,2025-01-27 12:00:00+00:00,buy,44.577130000000004,44.50808,44.64618000000001,44.64618000000001,1447.0677479275093,99.92002799440071,10091.922827434473,win,0.06905000000000427,91.92282743447076
2025-01-27 12:10:00+00:00,2025-01-27 19:10:00+00:00,buy,44.68126,44.57382,44.788700000000006,44.57382,939.3077836405529,-100.91922827434473,9991.003599160129,loss,-0.10744000000000398,-8.99640083987397
2025-01-27 19:20:00+00:00,2025-01-28 00:25:00+00:00,buy,44.62715,44.55706,44.69724,44.69724,1425.4535025196274,99.91003599160129,10090.91363515173,win,0.07009000000000043,90.91363515172732
2025-01-28 00:35:00+00:00,2025-01-28 01:00:00+00:00,buy,44.70778,44.66401,44.75155,44.66401,2305.4406294611035,-100.9091363515173,9990.004498800212,loss,-0.043770000000002085,-9.995501199789985
2025-01-28 08:35:00+00:00,2025-01-28 09:10:00+00:00,sell,44.486979999999996,44.546330000000005,44.427629999999986,44.546330000000005,1683.2358043468707,-99.90004498800212,9890.10445381221,loss,0.05935000000000912,-109.8955461877921
2025-01-28 11:00:00+00:00,2025-01-28 11:05:00+00:00,sell,44.4813,44.52461,44.43798999999999,44.52461,2283.5614070217043,-98.9010445381221,9791.203409274087,loss,0.04331000000000529,-208.7965907259142
2025-01-28 12:50:00+00:00,2025-01-28 13:45:00+00:00,sell,44.52652,44.569410000000005,44.48362999999999,44.48362999999999,2282.863933148168,97.91203409274087,9889.115443366827,win,-0.04289000000000698,-110.88455663317333
2025-01-28 13:55:00+00:00,2025-01-28 15:50:00+00:00,sell,44.4743,44.51596,44.43264,44.43264,2373.767509209498,98.89115443366828,9988.006597800495,win,-0.04166000000000025,-11.993402199505056
2025-01-28 17:55:00+00:00,2025-01-28 21:00:00+00:00,sell,44.47542,44.52895,44.42189,44.42189,1865.870838371027,99.88006597800495,10087.8866637785,win,-0.053530000000002076,87.8866637784999
2025-01-28 22:40:00+00:00,2025-01-29 04:45:00+00:00,sell,44.449729999999995,44.507020000000004,44.392439999999986,44.507020000000004,1760.8459877425248,-100.878866637785,9987.007797140715,loss,0.057290000000008945,-12.9922028592851
2025-01-29 05:00:00+00:00,2025-01-29 05:25:00+00:00,sell,44.455349999999996,44.5094,44.40129999999999,44.5094,1847.7350225976006,-99.87007797140716,9887.137719169308,loss,0.054050000000003706,-112.86228083069226
2025-01-29 08:05:00+00:00,2025-01-29 11:05:00+00:00,buy,44.556670000000004,44.48368,44.62966000000001,44.48368,1354.5879872816442,-98.87137719169307,9788.266341977615,loss,-0.07299000000000433,-211.73365802238533
2025-01-29 12:10:00+00:00,2025-01-29 15:25:00+00:00,sell,44.44157,44.51406,44.36908,44.36908,1350.291949507153,97.88266341977615,9886.14900539739,win,-0.07249000000000194,-113.85099460260918
2025-01-29 16:45:00+00:00,2025-01-29 17:10:00+00:00,sell,44.401509999999995,44.43771,44.36530999999999,44.43771,2730.9803882307197,-98.86149005397391,9787.287515343416,loss,0.036200000000008004,-212.7124846565831
2025-01-29 20:25:00+00:00,2025-01-29 21:00:00+00:00,buy,44.56062,44.526869999999995,44.594370000000005,44.526869999999995,2899.9370415828193,-97.87287515343417,9689.414640189982,loss,-0.03375000000000483,-310.5853598100173
2025-01-29 21:40:00+00:00,2025-01-30 00:00:00+00:00,buy,44.56993,44.47016,44.6697,44.6697,971.1751669028799,96.89414640189982,9786.30878659188,win,0.09976999999999947,-213.69121340811745
2025-01-30 00:35:00+00:00,2025-01-30 19:50:00+00:00,buy,44.67667,44.53425,44.81909,44.53425,687.1442765476612,-97.86308786591881,9688.445698725962,loss,-0.14242000000000132,-311.5543012740363
2025-01-30 20:10:00+00:00,2025-01-30 22:25:00+00:00,buy,44.592380000000006,44.532379999999996,44.652380000000015,44.652380000000015,1614.740949787408,96.88445698725963,9785.330155713222,win,0.06000000000000938,-214.66984428677665
2025-01-31 01:10:00+00:00,2025-01-31 02:00:00+00:00,sell,44.50924,44.553560000000004,44.46491999999999,44.553560000000004,2207.881352823075,-97.85330155713221,9687.47685415609,loss,0.04432000000000613,-312.5231458439089
2025-01-31 03:00:00+00:00,2025-01-31 04:40:00+00:00,sell,44.484109999999994,44.568310000000004,44.399909999999984,44.568310000000004,1150.531692892513,-96.8747685415609,9590.60208561453,loss,0.08420000000000982,-409.3979143854698
2025-01-31 05:05:00+00:00,2025-01-31 05:15:00+00:00,sell,44.5079,44.571690000000004,44.444109999999995,44.571690000000004,1503.4648198171908,-95.9060208561453,9494.696064758384,loss,0.06379000000000445,-505.3039352416151
2025-01-31 06:10:00+00:00,2025-01-31 08:30:00+00:00,sell,44.497049999999994,44.57952,44.41457999999999,44.57952,1151.2909015105474,-94.94696064758385,9399.7491041108,loss,0.08247000000000781,-600.2508958891989
2025-01-31 10:20:00+00:00,2025-01-31 10:50:00+00:00,sell,44.591969999999996,44.637100000000004,44.54683999999999,44.54683999999999,2082.8161099289277,93.997491041108,9493.746595151908,win,-0.04513000000000744,-506.2534048480909
2025-01-31 11:00:00+00:00,2025-01-31 12:25:00+00:00,sell,44.53957,44.58746,44.491679999999995,44.58746,1982.4068897789573,-94.93746595151909,9398.809129200388,loss,0.04789000000000243,-601.19087079961
2025-01-31 13:20:00+00:00,2025-01-31 15:05:00+00:00,sell,44.54342,44.58968,44.497159999999994,44.58968,2031.7356526588042,-93.98809129200389,9304.821037908385,loss,0.04626000000000374,-695.1789620916139
2025-01-31 15:30:00+00:00,2025-01-31 16:05:00+00:00,sell,44.55582,44.60193,44.50970999999999,44.50970999999999,2017.961621753893,93.04821037908386,9397.869248287469,win,-0.04611000000000587,-602.1307517125301
2025-01-31 16:15:00+00:00,2025-01-31 17:30:00+00:00,sell,44.50282,44.55624,44.4494,44.55624,1759.2417162648815,-93.97869248287469,9303.890555804594,loss,0.05342000000000269,-696.1094441954049
2025-01-31 19:10:00+00:00,2025-01-31 20:20:00+00:00,buy,44.680260000000004,44.615939999999995,44.74458000000001,44.615939999999995,1446.5003973574712,-93.03890555804594,9210.851650246548,loss,-0.06432000000000926,-789.1483497534508
2025-01-31 21:05:00+00:00,2025-02-03 00:00:00+00:00,sell,44.44951,44.53721,44.36180999999999,44.36180999999999,1050.2681471204105,92.10851650246548,9302.960166749013,win,-0.08770000000000522,-697.0398332509853
2025-02-03 00:50:00+00:00,2025-02-03 15:00:00+00:00,sell,44.205639999999995,44.48512,43.92615999999999,44.48512,332.8667585068267,-93.02960166749014,9209.930565081524,loss,0.2794800000000066,-790.0694349184755
2025-02-03 17:20:00+00:00,2025-02-03 17:25:00+00:00,buy,44.49859,44.434619999999995,44.562560000000005,44.562560000000005,1439.7265226013508,92.09930565081524,9302.02987073234,win,0.06397000000000475,-697.9701292676602
2025-02-03 17:35:00+00:00,2025-02-04 17:15:00+00:00,buy,44.63401,44.429399999999994,44.83862000000001,44.83862000000001,454.622446152774,93.0202987073234,9395.050169439663,win,0.2046100000000095,-604.9498305603369
2025-02-04 17:25:00+00:00,2025-02-05 09:20:00+00:00,buy,44.853880000000004,44.75452,44.95324000000001,44.95324000000001,945.5565790498442,93.95050169439662,9489.00067113406,win,0.09936000000000433,-510.99932886594024
2025-02-05 09:30:00+00:00,2025-02-05 11:10:00+00:00,buy,44.956630000000004,44.866319999999995,45.04694000000001,45.04694000000001,1050.7142809360057,94.89000671134059,9583.8906778454,win,0.09031000000000944,-416.1093221545997
2025-02-05 11:20:00+00:00,2025-02-05 16:35:00+00:00,buy,45.04905,44.976549999999996,45.121550000000006,44.976549999999996,1321.9159555647896,-95.838906778454,9488.051771066946,loss,-0.07250000000000512,-511.94822893305366
2025-02-05 17:00:00+00:00,2025-02-05 17:05:00+00:00,buy,45.036820000000006,44.9662,45.10744000000001,44.9662,1343.5360763333679,-94.88051771066947,9393.171253356277,loss,-0.07062000000000523,-606.8287466437231
2025-02-05 18:30:00+00:00,2025-02-05 18:45:00+00:00,buy,44.98724,44.94405,45.03043,44.94405,2174.848634720001,-93.93171253356277,9299.239540822715,loss,-0.043190000000002726,-700.7604591772858
2025-02-05 20:00:00+00:00,2025-02-05 22:00:00+00:00,buy,44.941680000000005,44.89236,44.991000000000014,44.89236,1885.4905800529352,-92.99239540822715,9206.247145414487,loss,-0.04932000000000869,-793.752854585513
2025-02-06 00:05:00+00:00,2025-02-06 00:10:00+00:00,buy,44.95463,44.884969999999996,45.02429000000001,45.02429000000001,1321.5973507628032,92.06247145414487,9298.309616868632,win,0.06966000000000605,-701.6903831313681
2025-02-06 03:35:00+00:00,2025-02-06 04:15:00+00:00,buy,44.99199,44.94437,45.03961,44.94437,1952.6059674229823,-92.98309616868632,9205.326520699946,loss,-0.047620000000001994,-794.6734793000544
2025-02-06 05:05:00+00:00,2025-02-06 05:10:00+00:00,buy,44.961040000000004,44.92912,44.99296000000001,44.92912,2883.874223276328,-92.05326520699946,9113.273255492946,loss,-0.03192000000000661,-886.7267445070538
2025-02-06 09:35:00+00:00,2025-02-06 10:10:00+00:00,sell,44.90141,44.96631,44.83651,44.83651,1404.2023506152132,91.13273255492946,9204.405988047876,win,-0.06490000000000151,-795.5940119521243
2025-02-06 10:20:00+00:00,2025-02-06 11:20:00+00:00,sell,44.82998,44.91107,44.748889999999996,44.748889999999996,1135.0852124858197,92.04405988047877,9296.450047928354,win,-0.08109000000000322,-703.5499520716455
2025-02-06 11:30:00+00:00,2025-02-06 14:00:00+00:00,sell,44.73332,44.816030000000005,44.65060999999999,44.65060999999999,1123.9813865225121,92.96450047928354,9389.414548407638,win,-0.08271000000000583,-610.585451592362
2025-02-06 21:15:00+00:00,2025-02-06 21:35:00+00:00,sell,44.76,44.804840000000006,44.71515999999999,44.71515999999999,2093.9818350593246,93.89414548407636,9483.308693891715,win,-0.04484000000000776,-516.6913061082856
2025-02-06 23:30:00+00:00,2025-02-07 00:05:00+00:00,sell,44.70171,44.74136,44.66206,44.74136,2391.755029985195,-94.83308693891715,9388.475606952798,loss,0.03965000000000174,-611.5243930472028
2025-02-07 02:25:00+00:00,2025-02-07 03:55:00+00:00,sell,44.709019999999995,44.778560000000006,44.639479999999985,44.778560000000006,1350.0827735046546,-93.88475606952798,9294.590850883269,loss,0.0695400000000106,-705.4091491167308
2025-02-07 08:55:00+00:00,2025-02-07 09:15:00+00:00,sell,44.696059999999996,44.773680000000006,44.618439999999985,44.773680000000006,1197.4479323475964,-92.94590850883269,9201.644942374436,loss,0.07762000000001024,-798.3550576255634
2025-02-07 10:05:00+00:00,2025-02-07 10:35:00+00:00,buy,44.820080000000004,44.78161,44.85855000000001,44.85855000000001,2391.901466694446,92.01644942374438,9293.661391798181,win,0.03847000000000378,-706.338608201819
2025-02-07 10:45:00+00:00,2025-02-07 14:35:00+00:00,buy,44.86337,44.81115,44.91559000000001,44.81115,1779.7130202599014,-92.93661391798182,9200.7247778802,loss,-0.052220000000005484,-799.2752221198009
2025-02-07 15:15:00+00:00,2025-02-07 15:30:00+00:00,buy,44.831160000000004,44.801359999999995,44.86096000000001,44.801359999999995,3087.491536200507,-92.007247778802,9108.717530101398,loss,-0.02980000000000871,-891.2824698986029
2025-02-07 16:15:00+00:00,2025-02-07 17:50:00+00:00,buy,44.82437,44.72002,44.928720000000006,44.72002,872.9005778726471,-91.08717530101397,9017.630354800383,loss,-0.10435000000000372,-982.3696451996169
2025-02-07 18:40:00+00:00,2025-02-11 18:50:00+00:00,sell,44.613119999999995,44.82311,44.40312999999999,44.82311,429.4314183913604,-90.17630354800383,8927.45405125238,loss,0.20999000000000478,-1072.5459487476207
2025-02-11 20:05:00+00:00,2025-02-11 20:50:00+00:00,buy,44.8143,44.77842,44.85018000000001,44.77842,2488.1421547522045,-89.2745405125238,8838.179510739856,loss,-0.03588000000000591,-1161.8204892601445
2025-02-11 21:30:00+00:00,2025-02-11 21:35:00+00:00,buy,44.81655,44.77637,44.85673,44.85673,2199.6464685764013,88.38179510739857,8926.561305847254,win,0.04017999999999944,-1073.438694152746
2025-02-11 21:45:00+00:00,2025-02-12 09:20:00+00:00,buy,44.858850000000004,44.76486,44.95284000000001,44.95284000000001,949.7352171344576,89.26561305847254,9015.826918905726,win,0.09399000000000513,-984.1730810942734
2025-02-12 09:30:00+00:00,2025-02-12 10:00:00+00:00,buy,44.96533,44.9045,45.026160000000004,45.026160000000004,1482.1349529681584,90.15826918905726,9105.985188094784,win,0.060830000000002826,-894.0148119052161
2025-02-12 10:10:00+00:00,2025-02-12 10:55:00+00:00,buy,45.02756,44.95182,45.103300000000004,44.95182,1202.2689712297854,-91.05985188094785,9014.925336213837,loss,-0.07574000000000325,-985.0746637861639
2025-02-12 13:15:00+00:00,2025-02-12 13:20:00+00:00,buy,44.964290000000005,44.930209999999995,44.998370000000016,44.998370000000016,2645.224570484497,90.14925336213837,9105.074589575976,win,0.0340800000000101,-894.9254104240256
2025-02-12 13:30:00+00:00,2025-02-12 15:05:00+00:00,buy,45.00171,44.939969999999995,45.06345000000001,44.939969999999995,1474.7448314828112,-91.05074589575976,9014.023843680216,loss,-0.061740000000007456,-985.9761563197853
2025-02-12 17:20:00+00:00,2025-02-12 17:25:00+00:00,buy,44.82076,44.76406,44.87746,44.87746,1589.774928338682,90.14023843680216,9104.164082117019,win,0.056699999999999307,-895.8359178829832
2025-02-12 17:35:00+00:00,2025-02-12 19:50:00+00:00,buy,44.91778,44.764379999999996,45.071180000000005,45.071180000000005,593.4917915330333,91.04164082117019,9195.205722938188,win,0.15340000000000487,-804.794277061813
2025-02-12 20:00:00+00:00,2025-02-12 20:30:00+00:00,buy,45.07972,44.99547,45.163970000000006,44.99547,1091.419076906553,-91.95205722938188,9103.253665708806,loss,-0.08425000000000438,-896.7463342911949
2025-02-12 22:25:00+00:00,2025-02-12 23:00:00+00:00,buy,44.96783,44.93293,45.00273,44.93293,2608.3821391715496,-91.03253665708806,9012.221129051717,loss,-0.034900000000000375,-987.7788709482829
2025-02-13 00:00:00+00:00,2025-02-13 00:05:00+00:00,buy,44.97402,44.91688,45.03116000000001,45.03116000000001,1577.2175584618642,90.12221129051717,9102.343340342235,win,0.057140000000003965,-897.6566596577658
2025-02-13 00:15:00+00:00,2025-02-13 07:20:00+00:00,buy,45.07714,44.90356,45.25072,45.25072,524.3889469029941,91.02343340342233,9193.366773745658,win,0.17358000000000118,-806.6332262543434
2025-02-13 08:10:00+00:00,2025-02-13 08:40:00+00:00,buy,45.25936,45.21237,45.30635,45.21237,1956.451750105441,-91.93366773745659,9101.433106008202,loss,-0.046990000000000975,-898.5668939918
2025-02-13 09:00:00+00:00,2025-02-13 09:35:00+00:00,buy,45.267010000000006,45.20109,45.33293000000001,45.33293000000001,1380.6785658385072,91.01433106008203,9192.447437068284,win,0.06592000000000553,-807.5525629317181
2025-02-13 12:10:00+00:00,2025-02-13 13:45:00+00:00,buy,45.27214,45.203269999999996,45.341010000000004,45.203269999999996,1334.7535119889287,-91.92447437068284,9100.522962697602,loss,-0.06887000000000398,-899.477037302401
2025-02-13 16:15:00+00:00,2025-02-13 17:00:00+00:00,buy,45.17203,45.11696,45.2271,45.2271,1652.5373093694388,91.00522962697602,9191.528192324578,win,0.05507000000000062,-808.471807675425
2025-02-13 17:10:00+00:00,2025-02-13 18:10:00+00:00,buy,45.2548,45.12762,45.381980000000006,45.381980000000006,722.7180525494874,91.91528192324579,9283.443474247824,win,0.12718000000000274,-716.5565257521793
2025-02-13 18:20:00+00:00,2025-02-13 19:55:00+00:00,buy,45.38344,45.31561,45.45127,45.31561,1368.633860275354,-92.83443474247825,9190.609039505345,loss,-0.06783000000000072,-809.3909604946575
2025-02-13 21:10:00+00:00,2025-02-13 23:55:00+00:00,buy,45.35479,45.17031,45.53927,45.53927,498.18999563667137,91.90609039505345,9282.5151299004,win,0.18448000000000064,-717.4848700996041
2025-02-14 01:25:00+00:00,2025-02-14 01:30:00+00:00,buy,45.492520000000006,45.45328,45.53176000000001,45.45328,2365.574701809082,-92.82515129900399,9189.689978601395,loss,-0.0392400000000066,-810.3100213986081
2025-02-14 03:20:00+00:00,2025-02-14 05:25:00+00:00,buy,45.478410000000004,45.410239999999995,45.54658000000001,45.410239999999995,1348.0548597037052,-91.89689978601395,9097.79307881538,loss,-0.06817000000000917,-902.206921184622
2025-02-14 05:35:00+00:00,2025-02-14 06:35:00+00:00,buy,45.456520000000005,45.40418,45.50886000000001,45.40418,1738.2103704268213,-90.97793078815381,9006.815148027226,loss,-0.05234000000000805,-993.1848519727758
2025-02-14 08:05:00+00:00,2025-02-14 09:05:00+00:00,buy,45.44116,45.39402,45.48830000000001,45.48830000000001,1910.6523436627256,90.06815148027226,9096.883299507499,win,0.047140000000005955,-903.1167004925036
2025-02-14 09:15:00+00:00,2025-02-14 10:30:00+00:00,buy,45.497800000000005,45.416129999999995,45.579470000000015,45.579470000000015,1113.8586138736894,90.96883299507499,9187.852132502574,win,0.08167000000000968,-812.1478674974286
2025-02-14 10:40:00+00:00,2025-02-14 16:05:00+00:00,buy,45.5979,45.52634,45.66946000000001,45.66946000000001,1283.9368547375502,91.87852132502574,9279.730653827599,win,0.07156000000000518,-720.2693461724028
2025-02-14 16:15:00+00:00,2025-02-14 16:40:00+00:00,buy,45.671780000000005,45.621199999999995,45.722360000000016,45.722360000000016,1834.6640280398638,92.79730653827599,9372.527960365875,win,0.05058000000001073,-627.4720396341269
2025-02-14 16:55:00+00:00,2025-02-14 17:10:00+00:00,buy,45.726290000000006,45.66545,45.78713000000001,45.66545,1540.5207035445349,-93.72527960365875,9278.802680762215,loss,-0.060840000000006,-721.1973192377857
2025-02-14 19:45:00+00:00,2025-02-14 20:35:00+00:00,buy,45.66919,45.61814,45.720240000000004,45.61814,1817.591122578171,-92.78802680762216,9186.014653954593,loss,-0.05105000000000359,-813.9853460454078
2025-02-17 00:05:00+00:00,2025-02-17 00:45:00+00:00,buy,45.590720000000005,45.56113,45.62031000000001,45.62031000000001,3104.4321236744613,91.86014653954594,9277.874800494139,win,0.029590000000006,-722.1251995058619
2025-02-17 02:00:00+00:00,2025-02-17 03:40:00+00:00,buy,45.595600000000005,45.546609999999994,45.644590000000015,45.644590000000015,1893.830332821422,92.77874800494139,9370.65354849908,win,0.048990000000010525,-629.3464515009206
2025-02-17 03:50:00+00:00,2025-02-17 04:15:00+00:00,buy,45.64884,45.586929999999995,45.710750000000004,45.586929999999995,1513.5928845902743,-93.7065354849908,9276.947013014089,loss,-0.06191000000000457,-723.0529869859114
2025-02-17 06:35:00+00:00,2025-02-17 07:05:00+00:00,buy,45.62617,45.56626,45.686080000000004,45.56626,1548.4805563367984,-92.76947013014089,9184.177542883948,loss,-0.05991000000000213,-815.8224571160523
2025-02-17 08:25:00+00:00,2025-02-17 18:05:00+00:00,buy,45.653290000000005,45.573269999999994,45.73331000000002,45.73331000000002,1147.7352590455637,91.84177542883948,9276.019318312789,win,0.08002000000001175,-723.9806816872128
2025-02-17 18:15:00+00:00,2025-02-17 20:55:00+00:00,buy,45.733670000000004,45.6774,45.78994000000001,45.78994000000001,1648.4839733982542,92.76019318312788,9368.779511495917,win,0.05627000000000493,-631.220488504085
2025-02-17 21:05:00+00:00,2025-02-18 01:05:00+00:00,buy,45.792280000000005,45.733799999999995,45.850760000000015,45.733799999999995,1602.048480077685,-93.68779511495917,9275.091716380957,loss,-0.05848000000001008,-724.9082836190441
2025-02-18 04:05:00+00:00,2025-02-18 06:30:00+00:00,buy,45.72122,45.65815,45.784290000000006,45.65815,1470.602777291973,-92.75091716380958,9182.340799217147,loss,-0.06307000000000329,-817.6592007828538
2025-02-18 09:05:00+00:00,2025-02-18 09:10:00+00:00,buy,45.731100000000005,45.67425,45.78795000000001,45.78795000000001,1615.1874756757177,91.82340799217147,9274.164207209318,win,0.056850000000004286,-725.8357927906823
2025-02-18 10:25:00+00:00,2025-02-18 11:35:00+00:00,buy,45.8033,45.75273,45.85387,45.75273,1833.9260840832976,-92.74164207209319,9181.422565137225,loss,-0.05057000000000045,-818.5774348627755
2025-02-18 13:05:00+00:00,2025-02-18 14:25:00+00:00,buy,45.73932,45.70968,45.76896,45.70968,3097.645939654876,-91.81422565137225,9089.608339485852,loss,-0.029640000000000555,-910.3916605141477
2025-02-18 16:05:00+00:00,2025-02-18 17:10:00+00:00,buy,45.740610000000004,45.69862,45.78260000000001,45.78260000000001,2164.7078684173985,90.89608339485852,9180.504422880711,win,0.04199000000000552,-819.4955771192892
2025-02-18 17:20:00+00:00,2025-02-18 19:10:00+00:00,buy,45.784980000000004,45.737109999999994,45.832850000000015,45.737109999999994,1917.79912740312,-91.8050442288071,9088.699378651903,loss,-0.04787000000001029,-911.3006213480963
2025-02-18 23:00:00+00:00,2025-02-19 00:00:00+00:00,buy,45.76052,45.705029999999994,45.816010000000006,45.816010000000006,1637.8986085152126,90.88699378651903,9179.586372438422,win,0.055490000000006034,-820.4136275615773
2025-02-19 00:10:00+00:00,2025-02-19 12:35:00+00:00,buy,45.83619,45.736529999999995,45.93585000000001,45.736529999999995,921.0903444147863,-91.79586372438422,9087.790508714037,loss,-0.09966000000000719,-912.2094912859616
2025-02-19 16:10:00+00:00,2025-02-19 17:05:00+00:00,sell,45.73225,45.763870000000004,45.70063,45.763870000000004,2874.064044501252,-90.87790508714038,8996.912603626897,loss,0.031620000000003756,-1003.0873963731019
2025-02-19 17:50:00+00:00,2025-02-19 18:20:00+00:00,sell,45.72289,45.76624,45.679539999999996,45.679539999999996,2075.412365311676,89.96912603626897,9086.881729663166,win,-0.043350000000003774,-913.1182703368329
2025-02-19 18:55:00+00:00,2025-02-20 00:00:00+00:00,sell,45.66245,45.73673,45.58817,45.73673,1223.3281811608724,-90.86881729663166,8996.012912366534,loss,0.07428000000000168,-1003.9870876334645
2025-02-20 03:05:00+00:00,2025-02-20 03:40:00+00:00,buy,45.803050000000006,45.76002,45.846080000000015,45.76002,2090.6374418695555,-89.96012912366534,8906.052783242869,loss,-0.04303000000000878,-1093.9472167571298
2025-02-20 04:55:00+00:00,2025-02-20 09:15:00+00:00,buy,45.81828,45.75599,45.880570000000006,45.880570000000006,1429.7724808544294,89.06052783242869,8995.113311075298,win,0.0622900000000044,-1004.8866889247012
2025-02-20 10:10:00+00:00,2025-02-20 12:05:00+00:00,buy,45.891850000000005,45.83927,45.94443000000001,45.94443000000001,1710.7480622050703,89.95113311075298,9085.064444186051,win,0.052580000000006066,-914.9355558139482
2025-02-20 15:20:00+00:00,2025-02-20 17:00:00+00:00,buy,45.934580000000004,45.890809999999995,45.97835000000001,45.890809999999995,2075.637295906818,-90.8506444418605,8994.213799744191,loss,-0.04377000000000919,-1005.7862002558087
2025-02-20 17:10:00+00:00,2025-02-20 17:25:00+00:00,buy,45.93498,45.88104,45.98892000000001,45.98892000000001,1667.447867953925,89.94213799744192,9084.155937741632,win,0.05394000000000432,-915.8440622583668
2025-02-20 17:45:00+00:00,2025-02-20 21:45:00+00:00,buy,45.99625,45.9058,46.08670000000001,46.08670000000001,1004.3290146756459,90.84155937741633,9174.99749711905,win,0.09045000000000414,-825.0025028809505
2025-02-20 21:55:00+00:00,2025-02-21 09:00:00+00:00,buy,46.08943,46.01038,46.16848,46.16848,1160.6574948916868,91.7499749711905,9266.74747209024,win,0.07905000000000229,-733.25252790976
2025-02-21 12:25:00+00:00,2025-02-21 13:05:00+00:00,buy,46.09536,46.07223,46.11849,46.07223,4006.375906653476,-92.66747472090239,9174.079997369337,loss,-0.02313000000000187,-825.9200026306625
2025-02-21 13:35:00+00:00,2025-02-21 14:00:00+00:00,buy,46.103860000000005,46.06917,46.13855000000001,46.06917,2644.5892180363435,-91.74079997369337,9082.339197395644,loss,-0.03469000000000477,-917.6608026043558
2025-02-21 16:25:00+00:00,2025-02-21 16:35:00+00:00,buy,46.09769,46.07335,46.12203,46.07335,3731.4458493815964,-90.82339197395645,8991.515805421688,loss,-0.02434000000000225,-1008.4841945783122
2025-02-21 16:45:00+00:00,2025-02-21 17:25:00+00:00,buy,46.119730000000004,46.05253,46.18693000000001,46.05253,1338.0231853304729,-89.91515805421689,8901.600647367472,loss,-0.06720000000000681,-1098.3993526325291
2025-02-21 17:50:00+00:00,2025-02-21 18:20:00+00:00,buy,46.124610000000004,46.04799,46.20123000000001,46.20123000000001,1161.7855191029546,89.01600647367472,8990.616653841147,win,0.07662000000000546,-1009.3833461588545
2025-02-24 00:05:00+00:00,2025-02-24 02:20:00+00:00,buy,46.09678,46.01842,46.175140000000006,46.175140000000006,1147.3477097805949,89.90616653841147,9080.522820379558,win,0.07836000000000354,-919.4771796204429
2025-02-24 02:30:00+00:00,2025-02-24 08:45:00+00:00,buy,46.19303,46.09876,46.2873,46.09876,963.246294725724,-90.80522820379558,8989.717592175763,loss,-0.09427000000000163,-1010.2824078242385
2025-02-24 16:15:00+00:00,2025-02-24 16:40:00+00:00,sell,46.078849999999996,46.125640000000004,46.03205999999999,46.03205999999999,1921.290359515734,89.89717592175762,9079.614768097521,win,-0.04679000000000855,-920.3852319024809
2025-02-24 16:50:00+00:00,2025-02-24 18:10:00+00:00,sell,46.001219999999996,46.08046,45.92197999999999,46.08046,1145.8373003655809,-90.79614768097521,8988.818620416545,loss,0.07924000000000575,-1011.1813795834561
2025-02-24 21:15:00+00:00,2025-02-24 23:00:00+00:00,sell,46.05455,46.126450000000006,45.98264999999999,45.98264999999999,1250.1833964416871,89.88818620416545,9078.70680662071,win,-0.07190000000000651,-921.2931933792906
2025-02-25 01:30:00+00:00,2025-02-25 04:40:00+00:00,sell,45.995619999999995,46.082190000000004,45.909049999999986,46.082190000000004,1048.7128112070895,-90.7870680662071,8987.919738554503,loss,0.08657000000000892,-1012.0802614454977
2025-02-25 09:05:00+00:00,2025-02-25 09:20:00+00:00,sell,46.057779999999994,46.09375,46.02180999999999,46.09375,2498.726644023628,-89.87919738554503,8898.040541168957,loss,0.03597000000000605,-1101.9594588310429
2025-02-25 09:50:00+00:00,2025-02-25 10:00:00+00:00,sell,46.05164,46.09548,46.007799999999996,46.007799999999996,2029.66253220081,88.98040541168957,8987.020946580647,win,-0.04384000000000299,-1012.9790534193532
2025-02-25 13:10:00+00:00,2025-02-25 13:35:00+00:00,buy,46.084320000000005,46.04362,46.12502000000001,46.12502000000001,2208.1132546876765,89.87020946580648,9076.891156046453,win,0.040700000000008174,-923.1088439535467
2025-02-25 13:50:00+00:00,2025-02-25 14:00:00+00:00,buy,46.135720000000006,46.083749999999995,46.18769000000002,46.18769000000002,1746.563624407247,90.76891156046453,9167.660067606917,win,0.051970000000011396,-832.3399323930822
2025-02-25 14:20:00+00:00,2025-02-25 19:00:00+00:00,buy,46.190810000000006,46.11548,46.266140000000014,46.11548,1216.9998762253988,-91.67660067606917,9075.983466930847,loss,-0.07533000000000811,-924.0165330691514
2025-02-25 19:50:00+00:00,2025-02-26 01:00:00+00:00,buy,46.16966,46.10819,46.23113,46.23113,1476.4899083993591,90.75983466930847,9166.743301600156,win,0.061469999999999914,-833.2566983998429
2025-02-26 01:50:00+00:00,2025-02-26 02:00:00+00:00,buy,46.23641,46.202839999999995,46.269980000000004,46.202839999999995,2730.635478581745,-91.66743301600157,9075.075868584154,loss,-0.03357000000000454,-924.9241314158445
2025-02-26 02:10:00+00:00,2025-02-26 03:30:00+00:00,buy,46.23731,46.191449999999996,46.283170000000005,46.191449999999996,1978.865213384917,-90.75075868584155,8984.325109898313,loss,-0.045860000000004675,-1015.6748901016861
2025-02-26 12:20:00+00:00,2025-02-26 13:20:00+00:00,sell,46.12583,46.14909,46.10257,46.10257,3862.564535639776,89.84325109898313,9074.168360997295,win,-0.023260000000000502,-925.8316390027029
2025-02-26 14:50:00+00:00,2025-02-26 15:05:00+00:00,sell,46.11235,46.14331,46.08139,46.14331,2930.9329331386307,-90.74168360997295,8983.426677387322,loss,0.03096000000000032,-1016.5733226126758
2025-02-26 17:15:00+00:00,2025-02-26 17:25:00+00:00,buy,46.205110000000005,46.16549,46.24473000000001,46.24473000000001,2267.396940279118,89.83426677387324,9073.260944161195,win,0.03962000000000643,-926.7390558388026
2025-02-26 17:35:00+00:00,2025-02-26 17:50:00+00:00,buy,46.24987,46.171459999999996,46.32828000000001,46.32828000000001,1157.1560954164768,90.73260944161196,9163.993553602806,win,0.0784100000000052,-836.0064463971906
2025-02-26 18:05:00+00:00,2025-02-26 20:00:00+00:00,buy,46.33059,46.24323,46.417950000000005,46.24323,1048.9919360808608,-91.63993553602806,9072.353618066778,loss,-0.08736000000000388,-927.6463819332187
2025-02-26 23:55:00+00:00,2025-02-27 00:00:00+00:00,buy,46.24475,46.184779999999996,46.30472000000001,46.30472000000001,1512.8153440162955,90.72353618066778,9163.077154247445,win,0.05997000000000696,-836.9228457525509
2025-02-27 01:45:00+00:00,2025-02-27 02:00:00+00:00,buy,46.334120000000006,46.28447,46.38377000000001,46.28447,1845.5341700395124,-91.63077154247445,9071.446382704971,loss,-0.049650000000006855,-928.5536172950253
2025-02-27 08:05:00+00:00,2025-02-27 08:10:00+00:00,buy,46.23608,46.19549,46.27667,46.19549,2234.8968668895286,-90.71446382704973,8980.731918877922,loss,-0.04059000000000168,-1019.268081122075
2025-02-27 08:30:00+00:00,2025-02-27 13:00:00+00:00,buy,46.242140000000006,46.17234,46.311940000000014,46.311940000000014,1286.637810727351,89.80731918877922,9070.539238066702,win,0.06980000000000786,-929.4607619332958
2025-02-27 13:10:00+00:00,2025-02-27 15:35:00+00:00,buy,46.324090000000005,46.24908,46.39910000000001,46.24908,1209.243999208902,-90.70539238066702,8979.833845686035,loss,-0.07501000000000602,-1020.1661543139628
2025-02-27 16:35:00+00:00,2025-02-27 23:25:00+00:00,sell,46.11801,46.27096,45.965059999999994,45.965059999999994,587.109110538463,89.79833845686035,9069.632184142894,win,-0.15295000000000414,-930.3678158571024
2025-02-27 23:40:00+00:00,2025-02-27 23:50:00+00:00,sell,45.958119999999994,46.00448,45.91175999999999,46.00448,1956.3486160788423,-90.69632184142894,8978.935862301465,loss,0.04636000000000706,-1021.0641376985313
2025-02-28 01:05:00+00:00,2025-02-28 01:10:00+00:00,sell,46.040259999999996,46.05823,46.02228999999999,46.02228999999999,4996.625410294258,89.78935862301465,9068.72522092448,win,-0.01797000000000537,-931.2747790755167
2025-02-28 01:40:00+00:00,2025-02-28 02:30:00+00:00,sell,45.98027,46.05823,45.90230999999999,46.05823,1163.2536199235456,-90.68725220924482,8978.037968715234,loss,0.07796000000000447,-1021.9620312847615
2025-02-28 03:00:00+00:00,2025-02-28 03:05:00+00:00,sell,46.01182,46.05968,45.96396,46.05968,1875.8959399739306,-89.78037968715235,8888.257589028082,loss,0.047860000000000014,-1111.7424109719138
2025-02-28 03:25:00+00:00,2025-02-28 04:50:00+00:00,sell,46.00105,46.06394,45.938159999999996,45.938159999999996,1413.3022084636123,88.88257589028082,8977.140164918363,win,-0.062890000000003,-1022.859835081633
2025-02-28 05:05:00+00:00,2025-02-28 07:50:00+00:00,sell,45.929199999999994,45.99839,45.86000999999999,45.99839,1297.4620848269367,-89.77140164918364,8887.36876326918,loss,0.06919000000000608,-1112.6312367308167
2025-02-28 08:10:00+00:00,2025-02-28 09:05:00+00:00,sell,45.93864,46.00059,45.876689999999996,46.00059,1434.6035130377306,-88.8736876326918,8798.495075636489,loss,0.06195000000000306,-1201.5049243635085
2025-02-28 11:40:00+00:00,2025-02-28 12:15:00+00:00,sell,46.05152,46.078500000000005,46.02453999999999,46.02453999999999,3261.117522473533,87.9849507563649,8886.480026392854,win,-0.026980000000008886,-1113.5199736071436
2025-02-28 13:15:00+00:00,2025-02-28 13:25:00+00:00,sell,46.02382,46.053230000000006,45.994409999999995,45.994409999999995,3021.5845040432264,88.86480026392854,8975.344826656783,win,-0.02941000000000571,-1024.655173343215
2025-02-28 13:35:00+00:00,2025-02-28 14:10:00+00:00,sell,45.99407,46.04553,45.94261,46.04553,1744.1400751373892,-89.75344826656783,8885.591378390214,loss,0.05145999999999873,-1114.4086216097828
2025-02-28 18:25:00+00:00,2025-02-28 20:20:00+00:00,sell,45.994839999999996,46.11825,45.87142999999999,45.87142999999999,720.005783841643,88.85591378390214,8974.447292174116,win,-0.1234100000000069,-1025.5527078258806
2025-02-28 21:00:00+00:00,2025-03-03 00:00:00+00:00,sell,45.87103,45.994,45.748059999999995,45.994,729.8078630701758,-89.74447292174116,8884.702819252376,loss,0.12297000000000224,-1115.2971807476217
2025-03-03 06:05:00+00:00,2025-03-03 08:40:00+00:00,buy,46.04918,45.99982,46.09854,45.99982,1799.980311842051,-88.84702819252377,8795.855791059852,loss,-0.04936000000000007,-1204.1442089401455
2025-03-03 10:25:00+00:00,2025-03-03 11:05:00+00:00,sell,45.967479999999995,46.00161,45.93334999999999,46.00161,2577.162552317214,-87.95855791059851,8707.897233149253,loss,0.03413000000000466,-1292.102766850744
2025-03-03 11:15:00+00:00,2025-03-03 11:55:00+00:00,buy,46.013070000000006,45.94161,46.084530000000015,46.084530000000015,1218.5694420862246,87.07897233149254,8794.976205480745,win,0.07146000000000896,-1205.0237945192516
2025-03-03 12:05:00+00:00,2025-03-03 12:20:00+00:00,buy,46.092560000000006,46.03031,46.15481000000001,46.15481000000001,1412.847583209624,87.94976205480745,8882.925967535553,win,0.06225000000000591,-1117.0740324644441
2025-03-03 12:30:00+00:00,2025-03-03 13:50:00+00:00,buy,46.156180000000006,46.088229999999996,46.22413000000002,46.22413000000002,1307.273873073465,88.82925967535553,8971.75522721091,win,0.06795000000001039,-1028.2447727890885
2025-03-03 14:00:00+00:00,2025-03-03 14:45:00+00:00,buy,46.22854,46.17959,46.27749000000001,46.27749000000001,1832.840700145047,89.7175522721091,9061.47277948302,win,0.048950000000004934,-938.5272205169795
2025-03-03 16:20:00+00:00,2025-03-03 16:45:00+00:00,buy,46.2721,46.242419999999996,46.30178000000001,46.30178000000001,3053.0568664020025,90.6147277948302,9152.087507277849,win,0.029680000000006146,-847.9124927221493
2025-03-03 17:10:00+00:00,2025-03-03 17:30:00+00:00,buy,46.30527,46.26372,46.34682,46.34682,2202.668473472361,91.5208750727785,9243.608382350627,win,0.041550000000000864,-756.3916176493708
2025-03-03 19:55:00+00:00,2025-03-03 21:50:00+00:00,buy,46.34302,46.269479999999994,46.41656000000001,46.269479999999994,1256.949739237092,-92.43608382350628,9151.17229852712,loss,-0.07354000000000838,-848.827701472877
2025-03-03 23:05:00+00:00,2025-03-04 09:50:00+00:00,buy,46.30279,46.20789,46.397690000000004,46.397690000000004,964.296343364264,91.5117229852712,9242.684021512392,win,0.09490000000000265,-757.3159784876059
2025-03-04 10:20:00+00:00,2025-03-04 11:40:00+00:00,buy,46.408170000000005,46.340669999999996,46.475670000000015,46.475670000000015,1369.2865217053434,92.4268402151239,9335.110861727517,win,0.06750000000000966,-664.889138272482
2025-03-04 13:45:00+00:00,2025-03-04 16:40:00+00:00,buy,46.451980000000006,46.36298,46.54098000000001,46.36298,1048.8888608681928,-93.35110861727517,9241.759753110242,loss,-0.08900000000000574,-758.2402468897571
2025-03-04 17:55:00+00:00,2025-03-04 18:05:00+00:00,buy,46.40115,46.35017,46.452130000000004,46.35017,1812.8206655766485,-92.41759753110242,9149.34215557914,loss,-0.05098000000000269,-850.6578444208595
2025-03-04 18:20:00+00:00,2025-03-04 20:05:00+00:00,buy,46.4061,46.33585,46.476350000000004,46.476350000000004,1302.3974598688894,91.4934215557914,9240.83557713493,win,0.07025000000000148,-759.1644228650681
2025-03-04 20:15:00+00:00,2025-03-04 21:00:00+00:00,buy,46.50636,46.42131,46.59141,46.59141,1086.51799848732,92.40835577134929,9333.24393290628,win,0.08505000000000251,-666.7560670937188
2025-03-04 21:10:00+00:00,2025-03-04 23:55:00+00:00,buy,46.5994,46.534319999999994,46.66448000000001,46.66448000000001,1434.1186129233256,93.33243932906281,9426.576372235342,win,0.06508000000000891,-573.423627764656
2025-03-05 00:05:00+00:00,2025-03-05 01:20:00+00:00,buy,46.670550000000006,46.603469999999994,46.73763000000002,46.603469999999994,1405.2737585321627,-94.26576372235343,9332.31060851299,loss,-0.06708000000001135,-667.6893914870094
2025-03-05 03:15:00+00:00,2025-03-05 03:30:00+00:00,buy,46.6638,46.594319999999996,46.73328000000001,46.594319999999996,1343.1650271318676,-93.3231060851299,9238.987502427859,loss,-0.06948000000000576,-761.0124975721393
2025-03-05 05:50:00+00:00,2025-03-05 07:10:00+00:00,buy,46.62079,46.5712,46.67038,46.67038,1863.0747131331887,92.3898750242786,9331.377377452138,win,0.04959000000000202,-668.6226225478607
2025-03-05 07:50:00+00:00,2025-03-05 08:30:00+00:00,buy,46.6713,46.60897,46.733630000000005,46.60897,1497.0924719158843,-93.31377377452138,9238.063603677616,loss,-0.06233000000000288,-761.936396322382
2025-03-05 09:00:00+00:00,2025-03-05 10:05:00+00:00,buy,46.687360000000005,46.59607,46.77865000000001,46.77865000000001,1011.9469387311667,92.38063603677617,9330.444239714392,win,0.09129000000000786,-669.5557602856059
2025-03-05 10:15:00+00:00,2025-03-05 15:00:00+00:00,buy,46.780800000000006,46.69621,46.86539000000001,46.69621,1103.019770624632,-93.30444239714393,9237.139797317248,loss,-0.08459000000000572,-762.8602026827498
2025-03-05 16:05:00+00:00,2025-03-05 16:50:00+00:00,buy,46.80434,46.684619999999995,46.92406000000001,46.92406000000001,771.5619610187628,92.37139797317248,9329.51119529042,win,0.11972000000000804,-670.4888047095773
2025-03-05 17:00:00+00:00,2025-03-05 19:15:00+00:00,buy,46.926120000000004,46.856609999999996,46.99563000000001,46.856609999999996,1342.182591755046,-93.29511195290422,9236.216083337516,loss,-0.06951000000000818,-763.7839166624815
2025-03-05 20:00:00+00:00,2025-03-06 00:00:00+00:00,buy,46.95226,46.82546,47.079060000000005,47.079060000000005,728.4082084650871,92.36216083337517,9328.578244170893,win,0.1268000000000029,-671.4217558291064
2025-03-06 00:10:00+00:00,2025-03-06 20:55:00+00:00,buy,47.106700000000004,46.943549999999995,47.26985000000001,46.943549999999995,571.7792365412437,-93.28578244170893,9235.292461729183,loss,-0.1631500000000088,-764.7075382708153
2025-03-07 06:05:00+00:00,2025-03-07 06:10:00+00:00,buy,47.053810000000006,47.01298,47.09464000000001,47.01298,2261.8889203349604,-92.35292461729182,9142.939537111892,loss,-0.040830000000006805,-857.0604628881072
2025-03-07 07:35:00+00:00,2025-03-07 09:45:00+00:00,buy,47.044090000000004,46.977799999999995,47.11038000000001,47.11038000000001,1379.2336004089018,91.4293953711189,9234.36893248301,win,0.06629000000000929,-765.6310675169883
2025-03-07 10:20:00+00:00,2025-03-07 11:10:00+00:00,buy,47.126940000000005,47.0775,47.17638000000001,47.17638000000001,1867.7930688677661,92.34368932483011,9326.712621807841,win,0.04944000000000415,-673.2873781921583
2025-03-07 11:30:00+00:00,2025-03-07 12:10:00+00:00,buy,47.18457,47.119839999999996,47.249300000000005,47.119839999999996,1440.8639922458224,-93.26712621807842,9233.445495589762,loss,-0.0647300000000044,-766.5545044102366
2025-03-07 13:55:00+00:00,2025-03-07 14:00:00+00:00,buy,47.11778,47.091559999999994,47.14400000000001,47.091559999999994,3521.5276489651064,-92.33445495589761,9141.111040633865,loss,-0.026220000000009236,-858.8889593661343
2025-03-07 17:15:00+00:00,2025-03-07 17:30:00+00:00,buy,47.154120000000006,47.10592,47.202320000000014,47.10592,1896.4960665212159,-91.41111040633865,9049.699930227525,loss,-0.04820000000000846,-950.3000697724729
2025-03-07 17:45:00+00:00,2025-03-07 18:30:00+00:00,buy,47.16827,47.09261,47.24393,47.09261,1196.1009688379097,-90.49699930227526,8959.20293092525,loss,-0.07565999999999917,-1040.7970690747482
2025-03-07 21:20:00+00:00,2025-03-07 22:25:00+00:00,buy,47.095760000000006,47.04682,47.144700000000014,47.144700000000014,1830.6503741159845,89.59202930925251,9048.794960234503,win,0.048940000000008865,-951.2050397654956
2025-03-07 22:35:00+00:00,2025-03-09 23:55:00+00:00,buy,47.155120000000004,47.08918,47.22106000000001,47.22106000000001,1372.2770640330375,90.48794960234504,9139.28290983685,win,0.06594000000000477,-860.7170901631506
2025-03-10 00:05:00+00:00,2025-03-10 04:50:00+00:00,buy,47.22889,47.159119999999994,47.298660000000005,47.159119999999994,1309.9158534952182,-91.3928290983685,9047.890080738482,loss,-0.06977000000000544,-952.109919261519
2025-03-10 08:00:00+00:00,2025-03-10 09:55:00+00:00,buy,47.18383,47.11533,47.25233,47.11533,1320.8598658012338,-90.47890080738482,8957.411179931098,loss,-0.06850000000000023,-1042.588820068904
2025-03-10 11:15:00+00:00,2025-03-10 12:00:00+00:00,buy,47.13937,47.07176,47.20698,47.20698,1324.8648395105517,89.57411179931098,9046.985291730409,win,0.06761000000000195,-953.0147082695929
2025-03-10 12:10:00+00:00,2025-03-10 12:40:00+00:00,buy,47.2181,47.16535,47.27085,47.27085,1715.0683017497372,90.4698529173041,9137.455144647713,win,0.05275000000000318,-862.5448553522888
2025-03-10 12:50:00+00:00,2025-03-10 13:00:00+00:00,buy,47.272670000000005,47.21048,47.33486000000001,47.21048,1469.280454196255,-91.37455144647713,9046.080593201235,loss,-0.06219000000000818,-953.9194067987659
2025-03-10 13:45:00+00:00,2025-03-10 17:05:00+00:00,buy,47.282090000000004,47.19849,47.36569000000001,47.19849,1082.0670566029653,-90.46080593201235,8955.619787269223,loss,-0.08360000000000412,-1044.380212730778
2025-03-10 22:25:00+00:00,2025-03-10 22:55:00+00:00,sell,47.05401,47.09441,47.01360999999999,47.09441,2216.7375711059512,-89.55619787269222,8866.06358939653,loss,0.04040000000000532,-1133.9364106034704
2025-03-11 00:10:00+00:00,2025-03-11 00:25:00+00:00,sell,47.104589999999995,47.130300000000005,47.078879999999984,47.078879999999984,3448.4883661582317,88.6606358939653,8954.724225290496,win,-0.02571000000001078,-1045.2757747095052
2025-03-11 00:55:00+00:00,2025-03-11 01:00:00+00:00,sell,47.06971,47.11963,47.01979,47.11963,1793.8149489764548,-89.54724225290497,8865.17698303759,loss,0.049920000000000186,-1134.82301696241
2025-03-11 07:05:00+00:00,2025-03-11 08:20:00+00:00,sell,47.14651,47.20517,47.087849999999996,47.20517,1511.2814495460445,-88.65176983037591,8776.525213207215,loss,0.058660000000003265,-1223.474786792786
2025-03-11 08:30:00+00:00,2025-03-11 10:25:00+00:00,buy,47.20848,47.114239999999995,47.30272000000001,47.30272000000001,931.2951202468831,87.76525213207215,8864.290465339287,win,0.09424000000000632,-1135.7095346607139
2025-03-11 10:45:00+00:00,2025-03-11 14:30:00+00:00,buy,47.321180000000005,47.23414,47.408220000000014,47.408220000000014,1018.4157244184722,88.64290465339288,8952.93336999268,win,0.08704000000000889,-1047.066630007321
2025-03-11 15:45:00+00:00,2025-03-11 16:00:00+00:00,buy,47.366040000000005,47.33369,47.39839000000001,47.33369,2767.5219072613413,-89.5293336999268,8863.404036292752,loss,-0.032350000000008095,-1136.5959637072478
2025-03-11 17:15:00+00:00,2025-03-11 20:40:00+00:00,buy,47.378800000000005,47.30858,47.44902000000001,47.44902000000001,1262.2335568629983,88.63404036292752,8952.03807665568,win,0.07022000000000617,-1047.9619233443204
2025-03-11 21:20:00+00:00,2025-03-11 22:00:00+00:00,buy,47.453990000000005,47.38746,47.52052000000001,47.38746,1345.5641179399815,-89.5203807665568,8862.517695889122,loss,-0.0665300000000073,-1137.4823041108773
2025-03-11 23:15:00+00:00,2025-03-12 00:05:00+00:00,buy,47.419090000000004,47.38294,47.45524000000001,47.38294,2451.5954898720797,-88.62517695889123,8773.892518930232,loss,-0.036150000000006344,-1226.1074810697685
2025-03-12 00:15:00+00:00,2025-03-12 02:15:00+00:00,buy,47.40048,47.350829999999995,47.45013000000001,47.350829999999995,1767.1485435909408,-87.73892518930232,8686.15359374093,loss,-0.049650000000006855,-1313.8464062590708
2025-03-12 03:30:00+00:00,2025-03-12 04:50:00+00:00,buy,47.38129,47.32808,47.4345,47.32808,1632.4287904042349,-86.8615359374093,8599.292057803521,loss,-0.05320999999999998,-1400.7079421964802
2025-03-12 10:05:00+00:00,2025-03-12 13:10:00+00:00,buy,47.37827,47.325129999999994,47.43141000000001,47.43141000000001,1618.2333567562139,85.99292057803521,8685.284978381556,win,0.05314000000000618,-1314.715021618445
2025-03-12 13:20:00+00:00,2025-03-12 14:30:00+00:00,buy,47.434160000000006,47.37341,47.49491000000001,47.49491000000001,1429.6765396511473,86.85284978381557,8772.137828165372,win,0.060750000000005855,-1227.8621718346294
2025-03-12 16:50:00+00:00,2025-03-12 17:00:00+00:00,buy,47.378640000000004,47.3311,47.42618000000001,47.42618000000001,1845.2119958276076,87.72137828165373,8859.859206447027,win,0.04754000000000502,-1140.1407935529758
2025-03-12 17:25:00+00:00,2025-03-12 23:30:00+00:00,buy,47.44243,47.335899999999995,47.54896000000001,47.54896000000001,831.6773872567812,88.59859206447027,8948.457798511497,win,0.10653000000000645,-1051.5422014885055
2025-03-12 23:40:00+00:00,2025-03-13 00:05:00+00:00,buy,47.555350000000004,47.53583,47.57487000000001,47.53583,4584.250921366931,-89.48457798511498,8858.973220526383,loss,-0.019520000000007087,-1141.0267794736205
2025-03-13 02:50:00+00:00,2025-03-13 07:20:00+00:00,buy,47.528740000000006,47.473259999999996,47.584220000000016,47.473259999999996,1596.7868097557302,-88.58973220526383,8770.383488321118,loss,-0.055480000000009966,-1229.6165116788843
2025-03-13 08:35:00+00:00,2025-03-13 08:40:00+00:00,buy,47.542790000000004,47.512899999999995,47.57268000000001,47.512899999999995,2934.2199693270395,-87.70383488321119,8682.679653437906,loss,-0.029890000000008854,-1317.3203465620954
2025-03-13 09:15:00+00:00,2025-03-13 09:30:00+00:00,buy,47.54746,47.500879999999995,47.59404000000001,47.500879999999995,1864.0359925798236,-86.82679653437907,8595.852856903528,loss,-0.04658000000000584,-1404.1471430964746
2025-03-13 10:20:00+00:00,2025-03-13 13:45:00+00:00,buy,47.551170000000006,47.46745,47.63489000000001,47.46745,1026.7382772220308,-85.95852856903527,8509.894328334492,loss,-0.08372000000000668,-1490.1056716655098
2025-03-13 16:05:00+00:00,2025-03-13 18:00:00+00:00,buy,47.49465,47.428419999999996,47.560880000000004,47.428419999999996,1284.9002458604741,-85.09894328334492,8424.795385051148,loss,-0.06623000000000445,-1575.2046149488547
2025-03-13 22:35:00+00:00,2025-03-13 23:05:00+00:00,buy,47.49241,47.44945,47.53537,47.53537,1961.0790002446452,84.24795385051148,8509.04333890166,win,0.042960000000000775,-1490.9566610983431
2025-03-13 23:15:00+00:00,2025-03-14 02:55:00+00:00,buy,47.536300000000004,47.474399999999996,47.59820000000001,47.474399999999996,1374.64351193869,-85.0904333890166,8423.952905512644,loss,-0.061900000000008504,-1576.0470944873598
2025-03-14 05:05:00+00:00,2025-03-14 09:40:00+00:00,buy,47.494040000000005,47.438129999999994,47.54995000000002,47.438129999999994,1506.6987847452904,-84.23952905512644,8339.713376457517,loss,-0.05591000000001145,-1660.2866235424863
2025-03-14 11:10:00+00:00,2025-03-14 11:25:00+00:00,sell,47.450199999999995,47.489630000000005,47.410769999999985,47.410769999999985,2115.068064026221,83.39713376457517,8423.110510222092,win,-0.03943000000001007,-1576.8894897779112
2025-03-14 15:05:00+00:00,2025-03-14 16:35:00+00:00,sell,47.47327,47.513040000000004,47.433499999999995,47.433499999999995,2117.955873829817,84.23110510222094,8507.341615324312,win,-0.0397700000000043,-1492.6583846756903
2025-03-14 17:00:00+00:00,2025-03-14 18:00:00+00:00,sell,47.43288,47.492490000000004,47.37326999999999,47.37326999999999,1427.1668537700725,85.07341615324313,8592.415031477556,win,-0.05961000000000638,-1407.584968522447
2025-03-14 18:30:00+00:00,2025-03-14 19:15:00+00:00,sell,47.362779999999994,47.443000000000005,47.28255999999998,47.443000000000005,1071.1063365091434,-85.92415031477556,8506.490881162781,loss,0.08022000000001128,-1493.5091188372226
2025-03-14 19:40:00+00:00,2025-03-14 21:45:00+00:00,sell,47.400389999999994,47.449670000000005,47.351109999999984,47.449670000000005,1726.154805430402,-85.06490881162782,8421.425972351153,loss,0.049280000000010205,-1578.5740276488505
2025-03-14 22:45:00+00:00,2025-03-16 23:00:00+00:00,sell,47.40069,47.451080000000005,47.35029999999999,47.451080000000005,1671.2494487695851,-84.21425972351153,8337.211712627643,loss,0.05039000000000726,-1662.788287372362
2025-03-17 00:30:00+00:00,2025-03-17 01:40:00+00:00,sell,47.41977,47.454,47.38554,47.454,2435.64467210851,-83.37211712627642,8253.839595501366,loss,0.03423000000000087,-1746.1604044986384
2025-03-17 03:10:00+00:00,2025-03-17 03:15:00+00:00,sell,47.427,47.456590000000006,47.397409999999994,47.456590000000006,2789.4016882391657,-82.53839595501366,8171.301199546352,loss,0.029590000000006,-1828.698800453652
2025-03-17 05:00:00+00:00,2025-03-17 06:00:00+00:00,sell,47.434439999999995,47.476620000000004,47.392259999999986,47.476620000000004,1937.2454242637768,-81.71301199546352,8089.5881875508885,loss,0.04218000000000899,-1910.4118124491156
2025-03-17 09:05:00+00:00,2025-03-17 11:05:00+00:00,buy,47.49542,47.461859999999994,47.52898000000001,47.52898000000001,2410.4851571957233,80.89588187550889,8170.484069426398,win,0.03356000000000847,-1829.5159305736067
2025-03-17 11:40:00+00:00,2025-03-17 12:25:00+00:00,buy,47.53437,47.502959999999995,47.56578000000001,47.56578000000001,2601.23657097239,81.70484069426398,8252.188910120662,win,0.031410000000008154,-1747.8110898793427
2025-03-17 12:35:00+00:00,2025-03-17 22:35:00+00:00,buy,47.58612,47.516839999999995,47.65540000000001,47.65540000000001,1191.1358126616512,82.52188910120661,8334.710799221868,win,0.06928000000000623,-1665.289200778136
2025-03-18 01:00:00+00:00,2025-03-18 04:10:00+00:00,buy,47.62747,47.571279999999994,47.68366000000001,47.571279999999994,1483.3085601033438,-83.34710799221868,8251.36369122965,loss,-0.056190000000007956,-1748.6363087703548
2025-03-18 08:05:00+00:00,2025-03-18 10:05:00+00:00,buy,47.611110000000004,47.55641,47.66581000000001,47.66581000000001,1508.4759947402288,82.5136369122965,8333.877328141945,win,0.05470000000000397,-1666.1226718580583
2025-03-18 10:15:00+00:00,2025-03-18 13:40:00+00:00,buy,47.67145,47.621289999999995,47.721610000000005,47.621289999999995,1661.4587974762883,-83.33877328141945,8250.538554860526,loss,-0.05016000000000531,-1749.4614451394777
2025-03-18 17:10:00+00:00,2025-03-18 17:25:00+00:00,buy,47.59873,47.56017,47.63729000000001,47.63729000000001,2139.662488293487,82.50538554860526,8333.043940409132,win,0.038560000000003924,-1666.9560595908724
2025-03-18 17:35:00+00:00,2025-03-19 07:30:00+00:00,buy,47.65939,47.528529999999996,47.79025000000001,47.79025000000001,636.7907642066926,83.33043940409132,8416.374379813224,win,0.13086000000000553,-1583.6256201867811
2025-03-19 08:35:00+00:00,2025-03-19 09:05:00+00:00,buy,47.798820000000006,47.67489,47.922750000000015,47.922750000000015,679.1232453653389,84.16374379813224,8500.538123611355,win,0.12393000000000853,-1499.461876388649
2025-03-19 09:15:00+00:00,2025-03-19 09:20:00+00:00,buy,47.95721,47.76217,48.15225000000001,48.15225000000001,435.83562979958464,85.00538123611355,8585.543504847468,win,0.19504000000000588,-1414.4564951525354
2025-03-19 09:55:00+00:00,2025-03-19 10:00:00+00:00,buy,48.52367,47.81303,49.23431000000001,49.23431000000001,120.81424497421209,85.85543504847469,8671.398939895944,win,0.710640000000005,-1328.6010601040607
2025-03-19 10:30:00+00:00,2025-04-07 20:15:00+00:00,buy,50.71059,48.185489999999994,53.23569000000001,48.185489999999994,34.34081398715264,-86.71398939895944,8584.684950496985,loss,-2.525100000000009,-1415.3150495030202
2025-04-07 21:55:00+00:00,2025-04-07 22:10:00+00:00,sell,48.40315,48.50524,48.30105999999999,48.30105999999999,840.8938143301643,85.84684950496985,8670.531800001954,win,-0.10209000000000401,-1329.4681999980503
2025-04-07 22:40:00+00:00,2025-04-08 00:10:00+00:00,sell,48.00783,48.457170000000005,47.55848999999999,48.457170000000005,192.9614946366188,-86.70531800001955,8583.826482001934,loss,0.4493400000000065,-1416.1735179980699
2025-04-08 01:50:00+00:00,2025-04-08 01:55:00+00:00,sell,48.357569999999996,48.44821,48.26692999999999,48.26692999999999,947.0241043690661,85.83826482001935,8669.664746821953,win,-0.0906400000000076,-1330.3352531780506
2025-04-08 08:05:00+00:00,2025-04-08 08:40:00+00:00,sell,48.497629999999994,48.61891,48.37634999999999,48.37634999999999,714.8470272775013,86.69664746821952,8756.361394290172,win,-0.12128000000000583,-1243.6386057098312
2025-04-08 21:10:00+00:00,2025-04-08 21:30:00+00:00,buy,48.61146,48.54882,48.6741,48.6741,1397.886557198263,87.56361394290172,8843.925008233075,win,0.0626400000000018,-1156.0749917669295
2025-04-09 01:10:00+00:00,2025-04-09 01:15:00+00:00,sell,48.517649999999996,48.56904,48.46625999999999,48.46625999999999,1720.942792028065,88.43925008233074,8932.364258315405,win,-0.05139000000000493,-1067.6357416845988
2025-04-09 02:05:00+00:00,2025-04-09 06:05:00+00:00,sell,48.4026,48.64717,48.15803,48.64717,365.2273074504352,-89.32364258315405,8843.04061573225,loss,0.24457000000000306,-1156.9593842677527
2025-04-09 06:20:00+00:00,2025-04-09 06:25:00+00:00,sell,48.3762,48.76718,47.98521999999999,48.76718,226.17629074970876,-88.43040615732251,8754.610209574928,loss,0.3909800000000061,-1245.3897904250753
2025-04-09 09:05:00+00:00,2025-04-09 09:10:00+00:00,buy,48.64488,48.5912,48.69856,48.69856,1630.888638147343,87.54610209574929,8842.156311670678,win,0.05367999999999995,-1157.843688329326
2025-04-09 09:30:00+00:00,2025-04-09 09:50:00+00:00,buy,48.751070000000006,48.61929,48.88285000000001,48.88285000000001,670.9786243489347,88.42156311670679,8930.577874787385,win,0.13178000000000623,-1069.4221252126192
2025-04-09 11:45:00+00:00,2025-04-09 14:40:00+00:00,buy,48.767410000000005,48.65293,48.88189000000001,48.65293,780.0993950722224,-89.30577874787384,8841.27209603951,loss,-0.11448000000000746,-1158.727903960493
2025-04-09 15:35:00+00:00,2025-04-09 17:00:00+00:00,buy,48.73098,48.577529999999996,48.88443000000001,48.577529999999996,576.1663145023874,-88.4127209603951,8752.859375079115,loss,-0.15345000000000653,-1247.140624920888
2025-04-10 00:05:00+00:00,2025-04-10 00:10:00+00:00,buy,48.675920000000005,48.58741,48.76443000000001,48.76443000000001,988.9119167414383,87.52859375079116,8840.387968829906,win,0.08851000000000653,-1159.612031170097
2025-04-10 03:05:00+00:00,2025-04-10 03:20:00+00:00,buy,48.600820000000006,48.55079,48.65085000000001,48.65085000000001,1767.0173833357437,88.40387968829906,8928.791848518205,win,0.05003000000000668,-1071.208151481798
2025-04-10 03:30:00+00:00,2025-04-10 04:05:00+00:00,buy,48.65146,48.59412,48.708800000000004,48.708800000000004,1557.1663495845241,89.28791848518206,9018.079767003388,win,0.0573400000000035,-981.9202329966159
2025-04-10 04:20:00+00:00,2025-04-10 04:45:00+00:00,buy,48.72852,48.64566,48.81138000000001,48.64566,1088.3514080380141,-90.18079767003388,8927.898969333353,loss,-0.08286000000000371,-1072.1010306666499
2025-04-10 05:25:00+00:00,2025-04-10 06:05:00+00:00,buy,48.66814,48.62424,48.71204,48.71204,2033.6899702353546,89.27898969333353,9017.177959026687,win,0.043900000000000716,-982.8220409733163
2025-04-10 06:20:00+00:00,2025-04-10 06:50:00+00:00,buy,48.717690000000005,48.63946,48.79592000000001,48.79592000000001,1152.649617669196,90.17177959026687,9107.349738616955,win,0.0782300000000049,-892.6502613830495
2025-04-10 07:40:00+00:00,2025-04-10 15:30:00+00:00,buy,48.94906,48.70256,49.19556000000001,49.19556000000001,369.4665208363807,91.07349738616955,9198.423236003124,win,0.2465000000000046,-801.5767639968799
2025-04-10 16:45:00+00:00,2025-04-10 17:45:00+00:00,buy,49.08086,48.994609999999994,49.16711000000001,49.16711000000001,1066.4838534495532,91.98423236003124,9290.407468363155,win,0.08625000000000682,-709.5925316368487
2025-04-10 17:55:00+00:00,2025-04-10 18:40:00+00:00,buy,49.16796,49.0586,49.27732,49.27732,849.5251891334085,92.90407468363155,9383.311543046786,win,0.10936000000000234,-616.6884569532172
2025-04-10 20:35:00+00:00,2025-04-11 00:00:00+00:00,buy,49.22193,49.075959999999995,49.367900000000006,49.367900000000006,642.8246587001736,93.83311543046787,9477.144658477255,win,0.14597000000000548,-522.8553415227493
2025-04-11 00:20:00+00:00,2025-04-11 04:05:00+00:00,buy,49.383390000000006,49.17097,49.595810000000014,49.17097,446.1512408660609,-94.77144658477255,9382.373211892482,loss,-0.2124200000000087,-617.6267881075219
2025-04-11 05:20:00+00:00,2025-04-11 06:20:00+00:00,buy,49.23951,49.186519999999994,49.29250000000001,49.29250000000001,1770.593170766373,93.82373211892482,9476.196944011406,win,0.05299000000000831,-523.8030559885971
2025-04-11 06:30:00+00:00,2025-04-11 07:15:00+00:00,buy,49.32614,49.21995,49.43233000000001,49.43233000000001,892.3812924014454,94.76196944011406,9570.95891345152,win,0.10619000000000511,-429.041086548483
2025-04-11 08:30:00+00:00,2025-04-11 09:00:00+00:00,buy,49.33865,49.29942,49.377880000000005,49.29942,2439.7040309586246,-95.70958913451521,9475.249324317007,loss,-0.03923000000000343,-524.7506756829982
2025-04-11 09:10:00+00:00,2025-04-11 09:15:00+00:00,buy,49.357130000000005,49.29203,49.42223000000001,49.42223000000001,1455.4914476675606,94.75249324317006,9570.001817560176,win,0.06510000000000815,-429.99818243982816
2025-04-11 09:25:00+00:00,2025-04-11 10:00:00+00:00,buy,49.48012,49.29203,49.66821,49.66821,508.7990758445451,95.70001817560177,9665.701835735777,win,0.18809000000000253,-334.2981642642264
2025-04-11 10:10:00+00:00,2025-04-11 11:40:00+00:00,buy,49.68312,49.45892,49.907320000000006,49.907320000000006,431.1196180078339,96.65701835735777,9762.358854093136,win,0.22420000000000329,-237.64114590686862
2025-04-11 11:50:00+00:00,2025-04-11 13:40:00+00:00,buy,49.941770000000005,49.732139999999994,50.15140000000002,49.732139999999994,465.6947409289038,-97.62358854093137,9664.735265552205,loss,-0.2096300000000113,-335.2647344478
2025-04-11 15:10:00+00:00,2025-04-11 15:15:00+00:00,buy,49.883720000000004,49.81702,49.95042000000001,49.95042000000001,1448.9857969342675,96.64735265552204,9761.382618207726,win,0.06670000000000442,-238.61738179227794
2025-04-11 15:50:00+00:00,2025-04-11 16:35:00+00:00,buy,49.96895,49.827749999999995,50.110150000000004,49.827749999999995,691.3160494481153,-97.61382618207726,9663.768792025649,loss,-0.14120000000000488,-336.2312079743552
2025-04-11 20:05:00+00:00,2025-04-11 22:20:00+00:00,buy,49.70994,49.639329999999994,49.78055000000001,49.78055000000001,1368.611923527035,96.6376879202565,9760.406479945905,win,0.07061000000000917,-239.5935200540987
2025-04-14 00:50:00+00:00,2025-04-14 00:55:00+00:00,buy,49.75923,49.72481,49.79365000000001,49.79365000000001,2835.6788146265762,97.60406479945905,9858.010544745364,win,0.034420000000004336,-141.98945525463964
2025-04-14 06:10:00+00:00,2025-04-14 07:05:00+00:00,buy,49.86605,49.790859999999995,49.94124000000001,49.790859999999995,1311.0800032909347,-98.58010544745365,9759.43043929791,loss,-0.07519000000000631,-240.56956070209327
2025-04-14 07:15:00+00:00,2025-04-14 07:55:00+00:00,buy,49.852070000000005,49.782819999999994,49.921320000000016,49.782819999999994,1409.3040345554327,-97.5943043929791,9661.836134904932,loss,-0.06925000000001091,-338.16386509507237
2025-04-14 09:10:00+00:00,2025-04-14 09:15:00+00:00,buy,49.65254,49.5852,49.71988,49.71988,1434.7841008174512,96.61836134904932,9758.45449625398,win,0.06734000000000151,-241.54550374602303
2025-04-14 09:25:00+00:00,2025-04-14 14:10:00+00:00,buy,49.9153,49.598369999999996,50.23223000000001,50.23223000000001,307.905673058839,97.58454496253981,9856.03904121652,win,0.3169300000000064,-143.96095878348322
2025-04-14 14:20:00+00:00,2025-04-14 14:55:00+00:00,buy,50.238820000000004,50.191129999999994,50.286510000000014,50.191129999999994,2066.6888322949158,-98.5603904121652,9757.478650804354,loss,-0.04769000000001,-242.52134919564844
2025-04-14 17:15:00+00:00,2025-04-14 17:25:00+00:00,buy,50.1237,50.0813,50.1661,50.1661,2301.2921346236326,97.57478650804354,9855.053437312397,win,0.04240000000000066,-144.9465626876049
2025-04-14 17:35:00+00:00,2025-04-14 19:55:00+00:00,buy,50.172560000000004,50.0813,50.26382000000001,50.0813,1079.8875123067949,-98.55053437312398,9756.502902939274,loss,-0.09126000000000545,-243.4970970607289
2025-04-14 21:15:00+00:00,2025-04-14 22:45:00+00:00,buy,50.161190000000005,50.10545,50.21693000000001,50.21693000000001,1750.3593295547198,97.56502902939273,9854.067931968666,win,0.05574000000000723,-145.93206803133614
2025-04-15 00:00:00+00:00,2025-04-15 00:05:00+00:00,buy,50.111110000000004,50.09137,50.13085000000001,50.13085000000001,4991.929043549007,98.54067931968666,9952.608611288353,win,0.019740000000005864,-47.39138871164948
2025-04-15 00:15:00+00:00,2025-04-15 01:15:00+00:00,buy,50.187200000000004,50.092819999999996,50.28158000000001,50.092819999999996,1054.5251760211377,-99.52608611288353,9853.08252517547,loss,-0.09438000000000812,-146.91747482453303
2025-04-15 06:25:00+00:00,2025-04-15 10:55:00+00:00,buy,50.206430000000005,50.069019999999995,50.343840000000014,50.343840000000014,717.0571665217064,98.5308252517547,9951.613350427226,win,0.1374100000000098,-48.386649572778325
2025-04-15 11:05:00+00:00,2025-04-15 12:30:00+00:00,buy,50.368120000000005,50.25904,50.47720000000001,50.47720000000001,912.322456034717,99.51613350427226,10051.129483931498,win,0.10908000000000584,51.12948393149394
2025-04-15 12:50:00+00:00,2025-04-15 14:10:00+00:00,buy,50.48452,50.424119999999995,50.54492000000001,50.424119999999995,1664.0942854188895,-100.51129483931498,9950.618189092183,loss,-0.06040000000000845,-49.38181090782105
2025-04-15 16:45:00+00:00,2025-04-15 16:55:00+00:00,buy,50.44644,50.391769999999994,50.50111000000001,50.391769999999994,1820.1240514158785,-99.50618189092184,9851.112007201262,loss,-0.054670000000008656,-148.88799279874289
2025-04-15 17:30:00+00:00,2025-04-15 18:55:00+00:00,buy,50.45711,50.384969999999996,50.529250000000005,50.384969999999996,1365.5547556418967,-98.51112007201262,9752.600887129249,loss,-0.07214000000000453,-247.39911287075552
2025-04-15 20:10:00+00:00,2025-04-15 20:40:00+00:00,buy,50.36638,50.324349999999995,50.40841,50.324349999999995,2320.390408548256,-97.52600887129249,9655.074878257956,loss,-0.04203000000000401,-344.925121742048
2025-04-15 22:15:00+00:00,2025-04-16 00:00:00+00:00,buy,50.34279,50.25947,50.42611,50.42611,1158.7943924937467,96.55074878257956,9751.625627040536,win,0.0833200000000005,-248.37437295946847
2025-04-16 00:10:00+00:00,2025-04-17 08:45:00+00:00,buy,50.694480000000006,50.31124,51.077720000000014,50.31124,254.4521873249227,-97.51625627040536,9654.109370770131,loss,-0.3832400000000078,-345.89062922987387
2025-04-17 11:10:00+00:00,2025-04-17 11:20:00+00:00,buy,50.786370000000005,50.75351,50.81923000000001,50.75351,2937.9517257359116,-96.54109370770131,9557.56827706243,loss,-0.03286000000000655,-442.43172293757516
2025-04-17 11:30:00+00:00,2025-04-17 12:15:00+00:00,buy,50.79065,50.751819999999995,50.829480000000004,50.829480000000004,2461.3876582697285,95.5756827706243,9653.143959833054,win,0.03883000000000436,-346.85604016695083
2025-04-17 12:45:00+00:00,2025-04-17 13:55:00+00:00,buy,50.84225,50.77542,50.90908,50.77542,1444.432733777138,-96.53143959833055,9556.612520234723,loss,-0.06683000000000305,-443.3874797652814
2025-04-17 15:40:00+00:00,2025-04-17 16:25:00+00:00,buy,50.67598,50.59843,50.753530000000005,50.753530000000005,1232.3162501914182,95.56612520234724,9652.17864543707,win,0.07755000000000223,-347.8213545629342
2025-04-17 16:35:00+00:00,2025-04-17 17:45:00+00:00,buy,50.761750000000006,50.698609999999995,50.82489000000002,50.698609999999995,1528.6947490394907,-96.52178645437071,9555.6568589827,loss,-0.0631400000000113,-444.3431410173049
2025-04-17 21:10:00+00:00,2025-04-17 21:15:00+00:00,sell,50.62846,50.66208,50.59483999999999,50.59483999999999,2842.2536760799935,95.55656858982701,9651.213427572528,win,-0.0336200000000062,-348.7865724274779
2025-04-17 21:55:00+00:00,2025-04-18 01:05:00+00:00,sell,50.534679999999994,50.6835,50.38585999999999,50.38585999999999,648.5158868144084,96.51213427572527,9747.725561848252,win,-0.14882000000000772,-252.27443815175263
2025-04-18 02:20:00+00:00,2025-04-18 03:25:00+00:00,sell,50.336499999999994,50.568780000000004,50.104219999999984,50.568780000000004,419.6541054695984,-97.47725561848253,9650.24830622977,loss,0.23228000000001003,-349.7516937702352
2025-04-18 04:45:00+00:00,2025-04-18 05:10:00+00:00,sell,50.33602,50.361740000000005,50.31029999999999,50.31029999999999,3752.040554520685,96.50248306229771,9746.750789292068,win,-0.02572000000000685,-253.2492107079375
2025-04-18 05:20:00+00:00,2025-04-18 06:05:00+00:00,sell,50.27021,50.335950000000004,50.20446999999999,50.335950000000004,1482.6210510026303,-97.46750789292068,9649.283281399146,loss,0.06574000000000524,-350.71671860085814
2025-04-18 08:30:00+00:00,2025-04-18 08:35:00+00:00,sell,50.31153,50.3288,50.294259999999994,50.294259999999994,5587.309369656758,96.49283281399147,9745.776114213138,win,-0.01727000000000345,-254.22388578686667
2025-04-18 08:45:00+00:00,2025-04-18 09:10:00+00:00,sell,50.271989999999995,50.327020000000005,50.216959999999986,50.327020000000005,1770.993297149101,-97.45776114213139,9648.318353071007,loss,0.05503000000000924,-351.6816469289981
2025-04-18 12:05:00+00:00,2025-04-18 14:00:00+00:00,buy,50.74779,50.697919999999996,50.79766000000001,50.79766000000001,1934.6938746881726,96.48318353071006,9744.801536601717,win,0.04987000000000563,-255.19846339828803
2025-04-18 15:25:00+00:00,2025-04-18 15:50:00+00:00,buy,50.7959,50.775949999999995,50.81585000000001,50.775949999999995,4884.612299046381,-97.44801536601717,9647.3535212357,loss,-0.019950000000008572,-352.6464787643052
2025-04-18 17:05:00+00:00,2025-04-18 17:10:00+00:00,buy,50.775380000000006,50.76013,50.790630000000014,50.790630000000014,6326.133456544322,96.473535212357,9743.827056448057,win,0.015250000000008868,-256.17294355194815
2025-04-18 17:45:00+00:00,2025-04-18 18:10:00+00:00,buy,50.80483,50.760929999999995,50.84873000000001,50.760929999999995,2219.550582334014,-97.43827056448058,9646.388785883577,loss,-0.04390000000000782,-353.61121411642876
2025-04-18 19:45:00+00:00,2025-04-18 19:50:00+00:00,buy,50.517880000000005,50.39199,50.64377000000001,50.64377000000001,766.255364674173,96.46388785883578,9742.852673742413,win,0.1258900000000054,-257.14732625759297
2025-04-18 20:00:00+00:00,2025-04-21 01:05:00+00:00,buy,50.71622,50.39949,51.03295,50.39949,307.6075103003322,-97.42852673742414,9645.42414700499,loss,-0.31672999999999973,-354.5758529950171
2025-04-21 04:25:00+00:00,2025-04-21 04:35:00+00:00,buy,50.63369,50.599039999999995,50.66834000000001,50.66834000000001,2783.672192497327,96.4542414700499,9741.87838847504,win,0.03465000000000629,-258.1216115249672
2025-04-21 04:45:00+00:00,2025-04-21 04:55:00+00:00,buy,50.67934,50.611349999999995,50.74733000000001,50.74733000000001,1432.8398865235722,97.4187838847504,9839.29717235979,win,0.06799000000000888,-160.7028276402168
2025-04-21 05:05:00+00:00,2025-04-21 05:15:00+00:00,buy,50.77342,50.66448,50.882360000000006,50.882360000000006,903.1849800219777,98.3929717235979,9937.690144083388,win,0.10894000000000403,-62.309855916618915
2025-04-21 06:40:00+00:00,2025-04-21 06:45:00+00:00,buy,50.88027,50.84531,50.91523000000001,50.91523000000001,2842.588713982239,99.37690144083388,10037.067045524222,win,0.03496000000000521,37.06704552421496
2025-04-21 06:55:00+00:00,2025-04-21 08:25:00+00:00,buy,51.00621,50.857479999999995,51.15494000000001,51.15494000000001,674.8515461254428,100.37067045524223,10137.437715979464,win,0.14873000000000758,137.4377159794572
2025-04-21 09:05:00+00:00,2025-04-22 23:30:00+00:00,buy,51.16125,50.97739,51.345110000000005,50.97739,551.3672204927287,-101.37437715979465,10036.06333881967,loss,-0.1838600000000028,36.06333881966256
2025-04-22 23:40:00+00:00,2025-04-22 23:55:00+00:00,sell,50.96897,51.0161,50.921839999999996,51.0161,2129.4426774494113,-100.36063338819667,9935.702705431473,loss,0.04713000000000278,-64.29729456853411
2025-04-23 00:55:00+00:00,2025-04-23 01:05:00+00:00,sell,50.928129999999996,51.02302,50.83323999999999,50.83323999999999,1047.0758462884164,99.35702705431473,10035.059732485788,win,-0.09489000000000658,35.059732485780614
2025-04-23 01:30:00+00:00,2025-04-23 09:40:00+00:00,sell,50.23572,50.989250000000006,49.482189999999996,50.989250000000006,133.17399084954445,-100.35059732485789,9934.70913516093,loss,0.7535300000000049,-65.29086483907727
2025-04-23 10:55:00+00:00,2025-04-23 11:25:00+00:00,sell,50.9655,51.02996,50.901039999999995,50.901039999999995,1541.220778026733,99.34709135160931,10034.056226512539,win,-0.06446000000000396,34.056226512532035
2025-04-23 16:45:00+00:00,2025-04-23 17:35:00+00:00,sell,50.894819999999996,50.963210000000004,50.82642999999999,50.82642999999999,1467.1817848386277,100.3405622651254,10134.396788777665,win,-0.06839000000000794,134.39678877765743
2025-04-23 18:10:00+00:00,2025-04-23 23:30:00+00:00,sell,50.81834,50.91986,50.71682,50.71682,998.266035143577,101.34396788777666,10235.740756665442,win,-0.10152000000000072,235.7407566654341
2025-04-23 23:55:00+00:00,2025-04-24 00:00:00+00:00,sell,50.69818,50.80182,50.59454,50.80182,987.6245423258952,-102.35740756665442,10133.383349098787,loss,0.10363999999999862,133.3833490987797
2025-04-24 02:05:00+00:00,2025-04-24 02:10:00+00:00,sell,50.91115,50.93517,50.88713,50.88713,4218.727455911208,101.33383349098787,10234.717182589775,win,-0.024020000000000152,234.71718258976756
2025-04-24 07:35:00+00:00,2025-04-24 08:35:00+00:00,sell,50.802659999999996,50.90198,50.70333999999999,50.90198,1030.4789752908953,-102.34717182589775,10132.370010763878,loss,0.09932000000000585,132.3700107638698
2025-04-24 10:05:00+00:00,2025-04-24 10:15:00+00:00,buy,50.964240000000004,50.91522,51.01326000000001,51.01326000000001,2066.9869463000146,101.32370010763877,10233.693710871517,win,0.04902000000000584,233.69371087150859
2025-04-24 10:25:00+00:00,2025-04-24 11:45:00+00:00,buy,51.01596,50.936009999999996,51.09591,51.09591,1280.0117211846202,102.33693710871518,10336.030647980233,win,0.07995000000000374,336.03064798022376
2025-04-24 11:55:00+00:00,2025-04-24 14:25:00+00:00,buy,51.10705,51.043369999999996,51.170730000000006,51.170730000000006,1623.1203907002844,103.36030647980233,10439.390954460036,win,0.06368000000000507,439.3909544600261
2025-04-24 14:40:00+00:00,2025-04-24 14:55:00+00:00,buy,51.172560000000004,51.11078,51.23434000000001,51.11078,1689.768687999196,-104.39390954460036,10334.997044915435,loss,-0.06178000000000594,334.9970449154257
2025-04-24 16:45:00+00:00,2025-04-24 16:55:00+00:00,buy,51.132000000000005,51.08078,51.18322000000001,51.08078,2017.765920522034,-103.34997044915436,10231.64707446628,loss,-0.051220000000007815,231.64707446627136
2025-04-24 17:05:00+00:00,2025-04-24 18:40:00+00:00,buy,51.14067,51.050779999999996,51.230560000000004,51.050779999999996,1138.2408582117948,-102.31647074466281,10129.330603721617,loss,-0.08989000000000402,129.33060372160855
2025-04-24 18:55:00+00:00,2025-04-24 19:55:00+00:00,buy,51.09919,51.04616,51.15222,51.15222,1910.1132573489867,101.29330603721617,10230.623909758833,win,0.05302999999999969,230.6239097588247
2025-04-24 20:05:00+00:00,2025-04-25 00:00:00+00:00,buy,51.158680000000004,51.07666,51.24070000000001,51.24070000000001,1247.3328346449584,102.30623909758833,10332.930148856422,win,0.08202000000000709,332.93014885641304
2025-04-25 08:40:00+00:00,2025-04-25 09:25:00+00:00,sell,50.990109999999994,51.08563,50.89458999999999,51.08563,1081.7556688500417,-103.32930148856421,10229.600847367858,loss,0.0955200000000076,229.60084736784881
2025-04-25 11:05:00+00:00,2025-04-25 11:10:00+00:00,buy,51.15113,51.115669999999994,51.18659000000001,51.115669999999994,2884.828214147114,-102.29600847367858,10127.304838894179,loss,-0.0354600000000076,127.30483889417023
2025-04-25 12:25:00+00:00,2025-04-25 13:20:00+00:00,buy,51.15424,51.11553,51.19295,51.11553,2616.1986150590824,-101.27304838894179,10026.031790505236,loss,-0.0387100000000018,26.031790505228443
2025-04-25 13:30:00+00:00,2025-04-25 15:20:00+00:00,buy,51.15153,51.088029999999996,51.215030000000006,51.215030000000006,1578.9026441739343,100.26031790505236,10126.292108410289,win,0.06350000000000477,126.2921084102808
2025-04-25 15:35:00+00:00,2025-04-25 16:40:00+00:00,buy,51.22236,51.16413,51.280590000000004,51.16413,1739.0163332320076,-101.2629210841029,10025.029187326187,loss,-0.05823000000000178,25.029187326177905
2025-04-25 18:45:00+00:00,2025-04-25 21:25:00+00:00,buy,51.21452,51.17113,51.25791,51.17113,2310.446920333179,-100.25029187326186,9924.778895452924,loss,-0.04339000000000226,-75.22110454708395
2025-04-25 21:50:00+00:00,2025-04-25 23:45:00+00:00,buy,51.21231,51.160289999999996,51.26433000000001,51.160289999999996,1907.877526999575,-99.24778895452924,9825.531106498394,loss,-0.05202000000000595,-174.4688935016132
2025-04-28 00:10:00+00:00,2025-04-28 01:05:00+00:00,buy,51.18627,51.14942,51.22312,51.14942,2666.3585092260746,-98.25531106498394,9727.27579543341,loss,-0.03685000000000116,-272.7242045665971
2025-04-28 10:20:00+00:00,2025-04-28 11:35:00+00:00,buy,51.197320000000005,51.129059999999996,51.265580000000014,51.265580000000014,1425.0330787330918,97.27275795433411,9824.548553387744,win,0.06826000000000931,-175.451446612263
2025-04-28 11:45:00+00:00,2025-04-28 12:25:00+00:00,buy,51.28916,51.203469999999996,51.37485000000001,51.37485000000001,1146.5221791792478,98.24548553387743,9922.794038921622,win,0.0856900000000067,-77.20596107838557
2025-04-28 15:10:00+00:00,2025-04-28 16:30:00+00:00,buy,51.33332,51.28919,51.37745,51.37745,2248.5370584457337,99.22794038921623,10022.021979310839,win,0.04413000000000267,22.02197931083066
2025-04-28 16:40:00+00:00,2025-04-28 17:30:00+00:00,buy,51.39329,51.3229,51.463680000000004,51.463680000000004,1423.7849096903499,100.2202197931084,10122.242199103948,win,0.07039000000000328,122.24219910393906
2025-04-28 17:40:00+00:00,2025-04-28 21:40:00+00:00,buy,51.494670000000006,51.37755,51.61179000000001,51.61179000000001,864.2624828469385,101.22242199103948,10223.464621094987,win,0.117120000000007,223.46462109497855
2025-04-28 22:05:00+00:00,2025-04-28 23:00:00+00:00,buy,51.61641,51.568509999999996,51.66431000000001,51.66431000000001,2134.334993965301,102.23464621094988,10325.699267305936,win,0.047900000000005605,325.6992673059284
2025-04-28 23:20:00+00:00,2025-04-28 23:30:00+00:00,buy,51.69167,51.62052,51.762820000000005,51.62052,1451.2578028539017,-103.25699267305936,10222.442274632876,loss,-0.07115000000000293,222.44227463286904
2025-04-28 23:50:00+00:00,2025-04-29 00:00:00+00:00,buy,51.70445,51.60313,51.80577,51.60313,1008.9263989965216,-102.22442274632877,10120.217851886548,loss,-0.10132000000000119,120.21785188654027
2025-04-29 00:10:00+00:00,2025-04-29 01:35:00+00:00,buy,51.726420000000005,51.549,51.90384000000001,51.549,570.4102047055721,-101.20217851886547,10019.015673367681,loss,-0.17742000000000502,19.015673367674808
2025-04-29 02:15:00+00:00,2025-05-01 03:40:00+00:00,buy,51.713950000000004,51.17107,52.25683000000001,51.17107,184.55304438121888,-100.19015673367682,9918.825516634004,loss,-0.5428800000000038,-81.17448336600201
2025-05-01 03:50:00+00:00,2025-05-01 11:50:00+00:00,sell,51.159119999999994,51.471590000000006,50.84664999999998,51.471590000000006,317.43289008972476,-99.18825516634004,9819.637261467664,loss,0.3124700000000118,-180.36273853234206
2025-05-01 14:05:00+00:00,2025-05-01 14:50:00+00:00,buy,51.499050000000004,51.449169999999995,51.54893000000001,51.449169999999995,1968.6522176154633,-98.19637261467665,9721.440888852987,loss,-0.049880000000008806,-278.5591111470187
2025-05-01 18:35:00+00:00,2025-05-01 18:50:00+00:00,sell,51.24794,51.311130000000006,51.184749999999994,51.184749999999994,1538.4460973021185,97.21440888852987,9818.655297741518,win,-0.06319000000000585,-181.34470225848884
2025-05-01 19:00:00+00:00,2025-05-02 00:00:00+00:00,sell,51.18356,51.28989,51.07723,51.28989,923.4134578897333,-98.18655297741518,9720.468744764103,loss,0.10632999999999981,-279.53125523590404
2025-05-02 01:05:00+00:00,2025-05-02 01:10:00+00:00,sell,51.308159999999994,51.339830000000006,51.27648999999998,51.27648999999998,3069.298624805892,97.20468744764104,9817.673432211745,win,-0.03167000000001252,-182.326567788263
2025-05-02 01:35:00+00:00,2025-05-02 05:05:00+00:00,sell,51.24221,51.339830000000006,51.144589999999994,51.339830000000006,1005.7030764403929,-98.17673432211745,9719.496697889626,loss,0.09762000000000626,-280.50330211038045
2025-05-02 12:30:00+00:00,2025-05-02 12:35:00+00:00,buy,51.33442,51.280809999999995,51.38803000000001,51.38803000000001,1813.0006897758833,97.19496697889626,9816.691664868522,win,0.05361000000000615,-183.30833513148417
2025-05-02 12:45:00+00:00,2025-05-02 15:30:00+00:00,buy,51.39054,51.30902,51.472060000000006,51.30902,1204.2065339631938,-98.16691664868522,9718.524748219837,loss,-0.0815200000000047,-281.4752517801694
2025-05-02 15:50:00+00:00,2025-05-02 16:35:00+00:00,buy,51.37181,51.26569,51.47793000000001,51.47793000000001,915.8051967790664,97.18524748219838,9815.709995702036,win,0.10612000000000421,-184.29000429797102
2025-05-02 16:50:00+00:00,2025-05-02 18:30:00+00:00,buy,51.48053,51.35805,51.603010000000005,51.35805,801.413291615104,-98.15709995702036,9717.552895745015,loss,-0.12248000000000303,-282.44710425499136
2025-05-02 23:05:00+00:00,2025-05-02 23:25:00+00:00,sell,51.28239,51.300670000000004,51.264109999999995,51.264109999999995,5315.947973601058,97.17552895745015,9814.728424702465,win,-0.018280000000004293,-185.2715752975412
2025-05-02 23:35:00+00:00,2025-05-02 23:40:00+00:00,sell,51.259299999999996,51.29312,51.22547999999999,51.22547999999999,2902.048617593377,98.14728424702466,9912.87570894949,win,-0.033820000000005734,-87.12429105051655
2025-05-02 23:50:00+00:00,2025-05-05 00:00:00+00:00,sell,51.19202,51.283710000000006,51.10032999999999,51.283710000000006,1081.1294262131903,-99.12875708949491,9813.746951859996,loss,0.09169000000000693,-186.25304814001146
2025-05-05 01:05:00+00:00,2025-05-05 01:10:00+00:00,sell,51.185869999999994,51.29316,51.07857999999999,51.07857999999999,914.6935363835807,98.13746951859996,9911.884421378596,win,-0.1072900000000061,-88.1155786214115
2025-05-05 03:30:00+00:00,2025-05-05 04:50:00+00:00,sell,51.13644,51.24031,51.03257,51.24031,954.2586330392357,-99.11884421378596,9812.76557716481,loss,0.10387000000000057,-187.23442283519745
2025-05-05 07:05:00+00:00,2025-05-05 07:25:00+00:00,sell,51.15204,51.268,51.03608,51.268,846.2198669510789,-98.1276557716481,9714.637921393161,loss,0.11596000000000117,-285.36207860684556
2025-05-05 08:45:00+00:00,2025-05-05 12:25:00+00:00,sell,51.242509999999996,51.349070000000005,51.13594999999999,51.349070000000005,911.6589640946277,-97.14637921393161,9617.49154217923,loss,0.10656000000000887,-382.50845782077715
2025-05-05 12:35:00+00:00,2025-05-05 14:00:00+00:00,buy,51.35273,51.307199999999995,51.39826000000001,51.39826000000001,2112.3416521365816,96.1749154217923,9713.666457601023,win,0.04553000000000651,-286.33354239898483
2025-05-05 14:10:00+00:00,2025-05-05 14:15:00+00:00,buy,51.404500000000006,51.363369999999996,51.445630000000016,51.445630000000016,2361.698628154326,97.13666457601023,9810.803122177032,win,0.04113000000000966,-189.1968778229746
2025-05-05 15:20:00+00:00,2025-05-05 17:00:00+00:00,buy,51.45067,51.3762,51.52514000000001,51.3762,1317.4168285452338,-98.10803122177033,9712.695090955262,loss,-0.07447000000000514,-287.30490904474493
2025-05-06 01:10:00+00:00,2025-05-06 01:15:00+00:00,sell,51.31429,51.32918,51.2994,51.2994,6522.965138317321,97.12695090955262,9809.822041864814,win,-0.01489000000000118,-190.1779581351923
2025-05-06 03:10:00+00:00,2025-05-06 05:35:00+00:00,sell,51.171519999999994,51.32043,51.022609999999986,51.32043,658.7752361738161,-98.09822041864814,9711.723821446167,loss,0.14891000000000787,-288.27617855384045
2025-05-06 05:45:00+00:00,2025-05-06 05:50:00+00:00,sell,51.247519999999994,51.323980000000006,51.17105999999998,51.323980000000006,1270.1705233383082,-97.11723821446168,9614.606583231705,loss,0.07646000000001152,-385.39341676830213
2025-05-06 06:00:00+00:00,2025-05-06 06:20:00+00:00,sell,51.24406,51.329240000000006,51.15887999999999,51.15887999999999,1128.7399135044345,96.14606583231705,9710.752649064023,win,-0.08518000000000825,-289.2473509359851
2025-05-06 10:15:00+00:00,2025-05-06 10:30:00+00:00,buy,51.402860000000004,51.35463,51.45109000000001,51.45109000000001,2013.4258032476184,97.10752649064023,9807.860175554662,win,0.04823000000000377,-192.13982444534486
2025-05-06 10:40:00+00:00,2025-05-06 13:40:00+00:00,buy,51.45987,51.38124,51.538500000000006,51.538500000000006,1247.3432755378567,98.07860175554663,9905.93877731021,win,0.07863000000000397,-94.06122268979823
2025-05-06 13:50:00+00:00,2025-05-06 14:10:00+00:00,buy,51.549260000000004,51.47562,51.62290000000001,51.62290000000001,1345.184516201737,99.05938777310209,10004.998165083312,win,0.07364000000000459,4.99816508330386
2025-05-06 14:20:00+00:00,2025-05-06 15:35:00+00:00,buy,51.634310000000006,51.536579999999994,51.73204000000002,51.73204000000002,1023.7386846497501,100.04998165083313,10105.048146734145,win,0.09773000000001275,105.04814673413699
2025-05-06 15:55:00+00:00,2025-05-06 19:05:00+00:00,buy,51.74145,51.59308,51.88982,51.59308,681.0708463122028,-101.05048146734146,10003.997665266803,loss,-0.1483699999999999,3.9976652667955364
2025-05-06 20:20:00+00:00,2025-05-07 01:05:00+00:00,buy,51.63129,51.516439999999996,51.746140000000004,51.516439999999996,871.0489913161903,-100.03997665266803,9903.957688614135,loss,-0.11485000000000412,-96.0423113858725
2025-05-07 08:10:00+00:00,2025-05-07 09:05:00+00:00,buy,51.585440000000006,51.52095,51.64993000000001,51.64993000000001,1535.7354145779432,99.03957688614135,10002.997265500277,win,0.06449000000000638,2.9972655002688526
2025-05-07 09:20:00+00:00,2025-05-07 12:05:00+00:00,buy,51.655300000000004,51.56071,51.74989000000001,51.56071,1057.5110757479524,-100.02997265500277,9902.967292845275,loss,-0.09459000000000373,-97.03270715473391
2025-05-07 13:05:00+00:00,2025-05-07 14:05:00+00:00,buy,51.59022,51.54494,51.63550000000001,51.63550000000001,2187.0510805751132,99.02967292845275,10001.996965773727,win,0.045280000000005316,1.9969657737188413
2025-05-07 14:15:00+00:00,2025-05-07 15:50:00+00:00,buy,51.64763,51.598879999999994,51.696380000000005,51.696380000000005,2051.691685286691,100.01996965773728,10102.016935431464,win,0.0487500000000054,102.01693543145612
2025-05-07 16:25:00+00:00,2025-05-07 18:20:00+00:00,buy,51.6989,51.625949999999996,51.77185000000001,51.625949999999996,1384.7864202098226,-101.02016935431465,10000.996766077149,loss,-0.07295000000000584,0.9967660771414728
2025-05-07 22:10:00+00:00,2025-05-08 05:15:00+00:00,sell,51.42156,51.62129,51.22183,51.62129,500.72581815836526,-100.0099676607715,9900.986798416377,loss,0.1997300000000024,-99.01320158363002
2025-05-08 07:05:00+00:00,2025-05-08 08:05:00+00:00,sell,51.574729999999995,51.75175,51.39770999999999,51.39770999999999,559.3145858330157,99.00986798416378,9999.99666640054,win,-0.17702000000000595,-0.0033335994662451185
2025-05-08 08:15:00+00:00,2025-05-08 08:20:00+00:00,sell,51.395619999999994,51.455310000000004,51.33592999999998,51.33592999999998,1675.3219410954582,99.99996666400541,10099.996633064546,win,-0.05969000000001046,99.99663306453917
2025-05-08 09:40:00+00:00,2025-05-08 14:00:00+00:00,sell,51.44647,51.53392,51.359019999999994,51.53392,1154.9452982348864,-100.99996633064546,9998.9966667339,loss,0.08745000000000402,-1.0033332661062957
2025-05-08 16:50:00+00:00,2025-05-08 17:30:00+00:00,buy,51.652300000000004,51.570769999999996,51.73383000000001,51.570769999999996,1226.4193139620916,-99.98996666733898,9899.00670006656,loss,-0.08153000000000787,-100.99329993344527
2025-05-08 19:10:00+00:00,2025-05-08 20:30:00+00:00,sell,51.393969999999996,51.5155,51.27243999999999,51.27243999999999,814.5319427356199,98.9900670006656,9997.996767067227,win,-0.12153000000000702,-2.0032329327796674
2025-05-08 20:40:00+00:00,2025-05-08 20:55:00+00:00,sell,51.26978,51.334160000000004,51.20539999999999,51.334160000000004,1552.9662576989967,-99.97996767067227,9898.016799396555,loss,0.06438000000000699,-101.98320060345193
2025-05-08 22:10:00+00:00,2025-05-08 22:20:00+00:00,sell,51.290879999999994,51.31327,51.268489999999986,51.268489999999986,4420.731040371937,98.98016799396555,9996.996967390522,win,-0.02239000000000857,-3.0030326094863824
2025-05-08 22:30:00+00:00,2025-05-08 23:45:00+00:00,sell,51.25192,51.31018,51.193659999999994,51.193659999999994,1715.928075418778,99.96996967390521,10096.966937064426,win,-0.0582600000000042,96.96693706441883
2025-05-09 00:45:00+00:00,2025-05-09 00:50:00+00:00,sell,51.15372,51.26263,51.04481,51.26263,927.0927313437037,-100.96966937064427,9995.997267693781,loss,0.10891000000000162,-4.00273230622544
2025-05-09 02:15:00+00:00,2025-05-09 02:45:00+00:00,sell,51.193099999999994,51.25817,51.12802999999999,51.25817,1536.1913735504688,-99.95997267693781,9896.037295016844,loss,0.06507000000000573,-103.96270498316325
2025-05-09 03:00:00+00:00,2025-05-09 06:15:00+00:00,sell,51.16478,51.268100000000004,51.06146,51.268100000000004,957.804616242402,-98.96037295016845,9797.076922066675,loss,0.10332000000000363,-202.92307793333168
2025-05-09 06:40:00+00:00,2025-05-09 08:40:00+00:00,sell,51.17256,51.26915,51.07596999999999,51.26915,1014.295157062434,-97.97076922066675,9699.106152846009,loss,0.09659000000000617,-300.8938471539984
2025-05-09 14:10:00+00:00,2025-05-09 14:15:00+00:00,buy,51.47138,51.43235,51.51041000000001,51.51041000000001,2485.0387273494853,96.9910615284601,9796.09721437447,win,0.039030000000003895,-203.90278562553834
2025-05-09 15:30:00+00:00,2025-05-09 15:45:00+00:00,buy,51.498090000000005,51.47383,51.52235000000001,51.47383,4037.9625780594965,-97.9609721437447,9698.136242230725,loss,-0.024260000000005277,-301.86375776928304
2025-05-09 15:55:00+00:00,2025-05-09 16:05:00+00:00,buy,51.50845,51.471959999999996,51.54494000000001,51.54494000000001,2657.7517791802366,96.98136242230726,9795.117604653033,win,0.03649000000000768,-204.88239534697578
2025-05-09 16:20:00+00:00,2025-05-09 17:25:00+00:00,buy,51.55256,51.471959999999996,51.633160000000004,51.633160000000004,1215.275137053666,97.95117604653034,9893.068780699563,win,0.080600000000004,-106.93121930044545
2025-05-09 18:40:00+00:00,2025-05-09 18:55:00+00:00,buy,51.58691,51.549879999999995,51.62394000000001,51.62394000000001,2671.636181662781,98.93068780699564,9991.99946850656,win,0.037030000000008556,-8.000531493449813
2025-05-09 20:20:00+00:00,2025-05-09 20:35:00+00:00,buy,51.60192,51.578959999999995,51.624880000000005,51.624880000000005,4351.916144819029,99.91999468506559,10091.919463191625,win,0.022960000000004754,91.91946319161578
2025-05-09 20:45:00+00:00,2025-05-09 23:25:00+00:00,buy,51.628060000000005,51.56749,51.68863000000001,51.56749,1666.1580754813767,-100.91919463191626,9991.000268559708,loss,-0.060570000000005564,-8.99973144030048
2025-05-12 10:05:00+00:00,2025-05-12 10:10:00+00:00,sell,51.488249999999994,51.54692,51.42957999999999,51.42957999999999,1702.9146528990304,99.91000268559708,10090.910271245306,win,-0.05867000000000644,90.9102712452966
2025-05-12 10:20:00+00:00,2025-05-12 10:35:00+00:00,sell,51.32071,51.52957,51.11185,51.11185,483.1423092619573,100.90910271245306,10191.819373957758,win,-0.20886000000000138,191.81937395774966
2025-05-12 10:45:00+00:00,2025-05-13 01:10:00+00:00,sell,51.10604,51.335190000000004,50.876889999999996,50.876889999999996,444.76628295690915,101.91819373957759,10293.737567697335,win,-0.22915000000000418,293.7375676973272
2025-05-13 01:25:00+00:00,2025-05-13 02:40:00+00:00,sell,50.643829999999994,51.15681,50.13084999999999,51.15681,200.6654756071819,-102.93737567697336,10190.800192020362,loss,0.512980000000006,190.80019202035385
2025-05-13 06:05:00+00:00,2025-05-13 06:25:00+00:00,sell,51.09276,51.144090000000006,51.04142999999999,51.144090000000006,1985.3497354410545,-101.90800192020363,10088.89219010016,loss,0.0513300000000072,88.89219010015022
2025-05-13 12:15:00+00:00,2025-05-13 12:55:00+00:00,buy,51.315900000000006,51.283919999999995,51.34788000000002,51.283919999999995,3154.750528485475,-100.8889219010016,9988.003268199158,loss,-0.031980000000011444,-11.996731800851379
2025-05-13 15:05:00+00:00,2025-05-13 15:30:00+00:00,buy,51.29525,51.247099999999996,51.34340000000001,51.34340000000001,2074.3516652539456,99.88003268199158,10087.883300881149,win,0.0481500000000068,87.8833008811402
2025-05-13 15:40:00+00:00,2025-05-13 17:55:00+00:00,buy,51.344240000000006,51.255599999999994,51.43288000000002,51.43288000000002,1138.0734770848098,100.8788330088115,10188.76213388996,win,0.08864000000001226,188.7621338899517
2025-05-13 18:05:00+00:00,2025-05-13 19:50:00+00:00,buy,51.447770000000006,51.320429999999995,51.575110000000016,51.575110000000016,800.1226742491824,101.8876213388996,10290.64975522886,win,0.1273400000000109,290.6497552288513
2025-05-13 20:00:00+00:00,2025-05-13 23:55:00+00:00,buy,51.576980000000006,51.498479999999994,51.65548000000002,51.65548000000002,1310.910796844233,102.9064975522886,10393.556252781149,win,0.07850000000001245,393.5562527811399
2025-05-14 00:05:00+00:00,2025-05-14 01:25:00+00:00,buy,51.678110000000004,51.59289,51.76333000000001,51.59289,1219.6146741117493,-103.93556252781148,10289.620690253338,loss,-0.08522000000000673,289.6206902533284
2025-05-14 05:15:00+00:00,2025-05-14 05:20:00+00:00,buy,51.64475,51.57011,51.719390000000004,51.57011,1378.5665447820238,-102.89620690253338,10186.724483350805,loss,-0.07464000000000226,186.72448335079503
2025-05-14 06:40:00+00:00,2025-05-14 08:55:00+00:00,buy,51.64685,51.54947,51.74423,51.54947,1046.079737456427,-101.86724483350804,10084.857238517297,loss,-0.09738000000000113,84.85723851728699
2025-05-14 09:15:00+00:00,2025-05-14 10:35:00+00:00,buy,51.6404,51.548489999999994,51.732310000000005,51.732310000000005,1097.2535348184822,100.84857238517296,10185.705810902471,win,0.09191000000000571,185.70581090245994
2025-05-14 10:50:00+00:00,2025-05-14 11:05:00+00:00,buy,51.73306,51.63785,51.82827,51.82827,1069.8147054828592,101.8570581090247,10287.562869011495,win,0.09521000000000157,287.5628690114846
2025-05-14 11:20:00+00:00,2025-05-14 15:05:00+00:00,buy,51.84752,51.69453,52.000510000000006,51.69453,672.4336799144597,-102.87562869011497,10184.68724032138,loss,-0.15299000000000262,184.68724032136964
2025-05-14 22:05:00+00:00,2025-05-14 23:30:00+00:00,sell,51.407489999999996,51.46327,51.35170999999999,51.35170999999999,1825.8671997705876,101.84687240321381,10286.534112724594,win,-0.055780000000005714,286.53411272458345
2025-05-14 23:55:00+00:00,2025-05-15 00:05:00+00:00,sell,51.348259999999996,51.421420000000005,51.27509999999999,51.421420000000005,1406.0325468457343,-102.86534112724594,10183.668771597348,loss,0.07316000000000855,183.66877159733752
2025-05-15 02:10:00+00:00,2025-05-15 02:30:00+00:00,sell,51.589639999999996,51.6053,51.57397999999999,51.57397999999999,6502.981335628828,101.83668771597348,10285.50545931332,win,-0.015660000000004004,285.505459313311
2025-05-15 03:00:00+00:00,2025-05-15 03:40:00+00:00,sell,51.35198,51.590340000000005,51.11361999999999,51.590340000000005,431.5113886269932,-102.85505459313322,10182.650404720187,loss,0.23836000000000723,182.6504047201778
2025-05-15 04:55:00+00:00,2025-05-15 06:00:00+00:00,sell,51.43853,51.64784,51.22922,51.64784,486.486570384601,-101.82650404720187,10080.823900672985,loss,0.2093100000000021,80.82390067297592
2025-05-15 07:30:00+00:00,2025-05-15 09:10:00+00:00,sell,51.443549999999995,51.64574,51.241359999999986,51.64574,498.5817251433083,-100.80823900672986,9980.015661666255,loss,0.20219000000000875,-19.98433833375394
2025-05-15 11:35:00+00:00,2025-05-15 14:30:00+00:00,buy,51.64882,51.56285,51.734790000000004,51.56285,1160.8718927144216,-99.80015661666255,9880.215505049593,loss,-0.08597000000000321,-119.78449495041649
2025-05-15 15:10:00+00:00,2025-05-15 15:25:00+00:00,buy,51.58156,51.51878,51.64434000000001,51.51878,1573.7839288067894,-98.80215505049593,9781.413349999097,loss,-0.06278000000000361,-218.5866500009124
2025-05-15 15:35:00+00:00,2025-05-15 16:10:00+00:00,buy,51.60502,51.50917,51.70087000000001,51.70087000000001,1020.4917423055305,97.81413349999097,9879.227483499088,win,0.09585000000000576,-120.77251650092144
2025-05-15 20:00:00+00:00,2025-05-15 23:05:00+00:00,buy,51.63293,51.566379999999995,51.69948000000001,51.69948000000001,1484.4819659651564,98.79227483499088,9978.019758334078,win,0.06655000000000655,-21.980241665930563
2025-05-15 23:20:00+00:00,2025-05-15 23:40:00+00:00,buy,51.7192,51.64413,51.794270000000004,51.64413,1329.162083166855,-99.78019758334078,9878.239560750737,loss,-0.07507000000000374,-121.76043924927134
2025-05-16 01:05:00+00:00,2025-05-16 04:35:00+00:00,buy,51.602590000000006,51.526999999999994,51.67818000000002,51.67818000000002,1306.8183041075679,98.78239560750737,9977.021956358245,win,0.07559000000001248,-22.978043641763975
2025-05-16 06:30:00+00:00,2025-05-16 08:20:00+00:00,buy,51.67286,51.62034,51.72538,51.72538,1899.661453990482,99.77021956358246,10076.792175921828,win,0.05252000000000123,76.79217592181848
2025-05-16 08:35:00+00:00,2025-05-16 11:10:00+00:00,buy,51.732060000000004,51.660059999999994,51.804060000000014,51.660059999999994,1399.5544688778405,-100.76792175921828,9976.02425416261,loss,-0.07200000000000983,-23.9757458373998
2025-05-16 15:45:00+00:00,2025-05-16 16:15:00+00:00,sell,51.55213,51.59792,51.506339999999994,51.59792,2178.646921633935,-99.76024254162611,9876.264011620984,loss,0.04579000000000377,-123.73598837902591
2025-05-16 16:25:00+00:00,2025-05-16 16:45:00+00:00,sell,51.55564,51.60072,51.51055999999999,51.60072,2190.8305260913303,-98.76264011620984,9777.501371504773,loss,0.04508000000000578,-222.49862849523575
2025-05-16 17:30:00+00:00,2025-05-16 17:40:00+00:00,sell,51.54734,51.606390000000005,51.48828999999999,51.48828999999999,1655.8004016094387,97.77501371504773,9875.27638521982,win,-0.059050000000006264,-124.72361478018802
2025-05-16 17:50:00+00:00,2025-05-16 23:35:00+00:00,sell,51.468819999999994,51.59136,51.346279999999986,51.59136,805.8818659392188,-98.7527638521982,9776.523621367622,loss,0.12254000000000786,-223.47637863238623
2025-05-16 23:45:00+00:00,2025-05-16 23:50:00+00:00,sell,51.53055,51.592040000000004,51.46905999999999,51.46905999999999,1589.9371639887179,97.76523621367622,9874.288857581298,win,-0.06149000000000626,-125.71114241871001
2025-05-19 03:30:00+00:00,2025-05-19 04:10:00+00:00,buy,51.693720000000006,51.64311,51.74433000000001,51.74433000000001,1951.0549017150997,98.74288857581298,9973.03174615711,win,0.05061000000000604,-26.968253842897028
2025-05-19 05:25:00+00:00,2025-05-19 10:25:00+00:00,buy,51.73843,51.620779999999996,51.856080000000006,51.856080000000006,847.686506260664,99.7303174615711,10072.762063618682,win,0.1176500000000047,72.76206361867408
2025-05-19 10:35:00+00:00,2025-05-19 12:05:00+00:00,buy,51.86455,51.780089999999994,51.94901000000001,51.94901000000001,1192.6073956450198,100.72762063618681,10173.48968425487,win,0.08446000000000708,173.4896842548609
2025-05-19 12:15:00+00:00,2025-05-20 00:00:00+00:00,buy,51.992090000000005,51.845169999999996,52.13901000000001,51.845169999999996,692.4509722470918,-101.7348968425487,10071.754787412321,loss,-0.1469200000000086,71.7547874123122
2025-05-20 01:30:00+00:00,2025-05-21 03:25:00+00:00,buy,51.877050000000004,51.646069999999995,52.108030000000014,52.108030000000014,436.04445352030075,100.71754787412321,10172.472335286444,win,0.2309800000000095,172.4723352864354
2025-05-21 05:05:00+00:00,2025-05-21 07:35:00+00:00,buy,52.088170000000005,51.986259999999994,52.190080000000016,52.190080000000016,998.1819581282862,101.72472335286444,10274.197058639309,win,0.10191000000001083,274.1970586392998
2025-05-21 08:55:00+00:00,2025-05-21 09:00:00+00:00,buy,52.20808,52.14662,52.269540000000006,52.269540000000006,1671.6884247703656,102.7419705863931,10376.939029225701,win,0.061460000000003845,376.93902922569293
2025-05-21 09:10:00+00:00,2025-05-21 09:25:00+00:00,buy,52.28844,52.18698,52.389900000000004,52.389900000000004,1022.761583799073,103.76939029225701,10480.708419517958,win,0.10146000000000299,480.70841951794995
2025-05-21 13:10:00+00:00,2025-05-21 13:25:00+00:00,buy,52.1064,52.02981,52.182990000000004,52.182990000000004,1368.4173416265232,104.80708419517958,10585.515503713137,win,0.07659000000000304,585.5155037131295
2025-05-21 13:35:00+00:00,2025-05-21 14:35:00+00:00,buy,52.19379,52.078399999999995,52.309180000000005,52.078399999999995,917.3685331235531,-105.85515503713137,10479.660348676005,loss,-0.11539000000000499,479.6603486759982
2025-05-21 15:15:00+00:00,2025-05-21 15:35:00+00:00,buy,52.14349,52.075219999999995,52.211760000000005,52.075219999999995,1535.0315436758722,-104.79660348676005,10374.863745189245,loss,-0.06827000000000538,374.86374518923816
2025-05-21 16:30:00+00:00,2025-05-21 20:05:00+00:00,buy,52.150980000000004,52.055899999999994,52.246060000000014,52.246060000000014,1091.1720388292122,103.74863745189245,10478.612382641137,win,0.09508000000001005,478.6123826411306
2025-05-21 20:15:00+00:00,2025-05-21 20:30:00+00:00,buy,52.26798,52.20093,52.33503,52.20093,1562.8057244803656,-104.78612382641137,10373.826258814724,loss,-0.06705000000000183,373.8262588147192
2025-05-21 21:45:00+00:00,2025-05-21 21:55:00+00:00,buy,52.177040000000005,52.14734,52.20674000000001,52.14734,3492.8707942130786,-103.73826258814725,10270.087996226577,loss,-0.02970000000000539,270.08799622657193
2025-05-21 23:30:00+00:00,2025-05-21 23:35:00+00:00,buy,52.14007,52.09955,52.18059,52.18059,2534.572555830795,102.70087996226579,10372.788876188843,win,0.04052000000000078,372.7888761888377
2025-05-21 23:50:00+00:00,2025-05-22 00:00:00+00:00,buy,52.18544,52.06097,52.30991,52.30991,833.3565418324616,103.72788876188842,10476.516764950731,win,0.1244700000000023,476.51676495072616
2025-05-22 00:10:00+00:00,2025-05-23 01:30:00+00:00,buy,52.358090000000004,52.113769999999995,52.60241000000001,52.113769999999995,428.8030764960031,-104.76516764950732,10371.751597301223,loss,-0.24432000000000897,371.75159730121885
2025-05-23 02:10:00+00:00,2025-05-23 12:20:00+00:00,buy,52.387820000000005,52.066849999999995,52.708790000000015,52.708790000000015,323.1377261831607,103.71751597301224,10475.469113274235,win,0.32097000000000975,475.46911327423106
2025-05-23 12:35:00+00:00,2025-05-23 14:20:00+00:00,buy,52.71763,52.66762,52.76764,52.76764,2094.6748876772976,104.75469113274235,10580.223804406978,win,0.05001000000000033,580.2238044069734
2025-05-23 14:40:00+00:00,2025-05-23 14:45:00+00:00,buy,52.79162,52.70567,52.877570000000006,52.70567,1230.9742646197196,-105.80223804406978,10474.421566362907,loss,-0.08595000000000397,474.4215663629036
2025-05-23 15:40:00+00:00,2025-05-23 16:55:00+00:00,buy,52.79278,52.66757,52.91799,52.66757,836.5483241244854,-104.74421566362908,10369.677350699278,loss,-0.1252100000000027,369.67735069927454
2025-05-23 18:10:00+00:00,2025-05-23 18:50:00+00:00,buy,52.728460000000005,52.676579999999994,52.78034000000002,52.78034000000002,1998.781293503668,103.69677350699278,10473.37412420627,win,0.05188000000001125,473.3741242062673
2025-05-23 20:05:00+00:00,2025-05-23 20:30:00+00:00,buy,52.79111,52.763099999999994,52.81912000000001,52.81912000000001,3739.15534602032,104.7337412420627,10578.107865448332,win,0.028010000000008972,578.10786544833
2025-05-23 20:45:00+00:00,2025-05-23 23:35:00+00:00,buy,52.836510000000004,52.786629999999995,52.88639000000001,52.786629999999995,2120.711280161681,-105.78107865448332,10472.326786793848,loss,-0.049880000000008806,472.3267867938467
2025-05-26 01:45:00+00:00,2025-05-26 01:50:00+00:00,buy,52.818630000000006,52.79266,52.844600000000014,52.79266,4032.470845895497,-104.72326786793849,10367.60351892591,loss,-0.025970000000008042,367.6035189259082
2025-05-26 02:10:00+00:00,2025-05-26 05:15:00+00:00,buy,52.851760000000006,52.677789999999995,53.02573000000002,53.02573000000002,595.9420313229429,103.6760351892591,10471.279554115168,win,0.17397000000001128,471.2795541151673
2025-05-26 05:35:00+00:00,2025-05-26 09:55:00+00:00,buy,53.038360000000004,52.89723,53.17949000000001,52.89723,741.9598635382182,-104.71279554115168,10366.566758574016,loss,-0.14113000000000397,366.5667585740156
2025-05-26 11:25:00+00:00,2025-05-26 11:30:00+00:00,buy,52.91731,52.88377,52.95085,52.88377,3090.8070240230645,-103.66566758574015,10262.901090988276,loss,-0.033540000000002124,262.9010909882754
2025-05-26 20:05:00+00:00,2025-05-26 20:15:00+00:00,buy,52.860910000000004,52.83054,52.89128000000001,52.83054,3379.289131045974,-102.62901090988277,10160.272080078394,loss,-0.030370000000004893,160.27208007839266
2025-05-26 20:45:00+00:00,2025-05-26 23:40:00+00:00,buy,52.8828,52.81214,52.95346000000001,52.81214,1437.9100028414746,-101.60272080078394,10058.66935927761,loss,-0.07066000000000372,58.66935927760872
2025-05-27 00:05:00+00:00,2025-05-27 01:30:00+00:00,buy,52.892320000000005,52.79938,52.98526000000001,52.79938,1082.2755927778119,-100.58669359277611,9958.082665684833,loss,-0.0929400000000058,-41.917334315167395
2025-05-27 01:40:00+00:00,2025-05-27 23:30:00+00:00,buy,52.93224,52.50824,53.35624,52.50824,234.86044022841617,-99.58082665684833,9858.501839027984,loss,-0.4239999999999995,-141.49816097201574
2025-05-27 23:40:00+00:00,2025-05-27 23:45:00+00:00,sell,52.5044,52.54227,52.46652999999999,52.54227,2603.2484391409125,-98.58501839027984,9759.916820637703,loss,0.03787000000000518,-240.0831793622956
2025-05-28 04:05:00+00:00,2025-05-28 04:50:00+00:00,sell,52.73442,52.81917,52.64967,52.64967,1151.6126042050435,97.59916820637704,9857.515988844081,win,-0.08474999999999966,-142.48401115591855
2025-05-28 05:05:00+00:00,2025-05-28 12:00:00+00:00,sell,52.63558,52.814980000000006,52.45617999999999,52.814980000000006,549.4713483190429,-98.57515988844082,9758.94082895564,loss,0.17940000000000822,-241.05917104435937
2025-05-28 15:05:00+00:00,2025-05-28 16:25:00+00:00,sell,52.68177,52.742670000000004,52.62087,52.62087,1602.4533380878559,97.5894082895564,9856.530237245195,win,-0.06090000000000373,-143.46976275480296
2025-05-28 16:35:00+00:00,2025-05-28 17:00:00+00:00,sell,52.617219999999996,52.66776,52.56667999999999,52.66776,1950.2434185287284,-98.56530237245195,9757.964934872743,loss,0.050540000000005136,-242.0350651272549
2025-05-28 18:15:00+00:00,2025-05-29 00:00:00+00:00,sell,52.64552,52.743680000000005,52.54735999999999,52.743680000000005,994.0877073015521,-97.57964934872744,9660.385285524017,loss,0.09816000000000713,-339.61471447598234
2025-05-29 02:10:00+00:00,2025-05-29 02:15:00+00:00,sell,52.71653,52.784890000000004,52.64816999999999,52.64816999999999,1413.163441416506,96.60385285524016,9756.989138379256,win,-0.06836000000000553,-243.01086162074216
2025-05-29 02:25:00+00:00,2025-05-29 10:40:00+00:00,sell,52.55742,52.78117,52.33367,52.78117,436.0665536705763,-97.56989138379257,9659.419246995463,loss,0.22375000000000256,-340.5807530045347
2025-05-29 12:30:00+00:00,2025-05-29 13:15:00+00:00,buy,52.80245,52.754659999999994,52.85024000000001,52.85024000000001,2021.2218554078693,96.59419246995463,9756.013439465418,win,0.047790000000006216,-243.98656053458006
2025-05-29 15:05:00+00:00,2025-05-29 15:25:00+00:00,buy,52.82987,52.77936,52.88038,52.77936,1931.5013738794087,-97.56013439465418,9658.453305070763,loss,-0.05051000000000272,-341.54669492923426
2025-05-29 15:35:00+00:00,2025-05-30 00:10:00+00:00,buy,52.848910000000004,52.74852,52.94930000000001,52.94930000000001,962.0931671551289,96.58453305070763,9755.03783812147,win,0.10039000000000442,-244.96216187852662
2025-05-30 00:20:00+00:00,2025-05-30 02:05:00+00:00,buy,52.95373,52.822199999999995,53.085260000000005,52.822199999999995,741.6587727606704,-97.55037838121471,9657.487459740256,loss,-0.13153000000000503,-342.51254025974134
2025-05-30 02:15:00+00:00,2025-05-30 04:35:00+00:00,buy,52.95512,52.805719999999994,53.10452000000001,52.805719999999994,646.4181699959704,-96.57487459740256,9560.912585142853,loss,-0.14940000000000708,-439.0874148571439
2025-05-30 11:30:00+00:00,2025-05-30 11:50:00+00:00,buy,52.942170000000004,52.89586,52.98848000000001,52.89586,2064.546012770835,-95.60912585142853,9465.303459291425,loss,-0.0463100000000054,-534.6965407085725
2025-05-30 13:05:00+00:00,2025-05-30 15:05:00+00:00,buy,52.91362,52.878589999999996,52.94865000000001,52.94865000000001,2702.056368623972,94.65303459291425,9559.95649388434,win,0.03503000000000611,-440.0435061156582
2025-05-30 15:15:00+00:00,2025-05-30 16:40:00+00:00,buy,52.95091,52.882799999999996,53.019020000000005,52.882799999999996,1403.6054168086525,-95.5995649388434,9464.356928945495,loss,-0.06811000000000433,-535.6430710545017
2025-05-30 17:20:00+00:00,2025-05-30 19:20:00+00:00,buy,52.92098,52.82071,53.02125,52.82071,943.8871974613863,-94.64356928945496,9369.71335965604,loss,-0.10027000000000186,-630.2866403439566
2025-06-02 01:05:00+00:00,2025-06-02 01:15:00+00:00,buy,52.888070000000006,52.840289999999996,52.935850000000016,52.840289999999996,1961.0115863654355,-93.6971335965604,9276.016226059479,loss,-0.04778000000001015,-723.983773940517
2025-06-02 02:20:00+00:00,2025-06-02 10:45:00+00:00,buy,52.91169,52.644679999999994,53.178700000000006,53.178700000000006,347.4033266941038,92.7601622605948,9368.776388320073,win,0.2670100000000062,-631.2236116799222
2025-06-02 12:05:00+00:00,2025-06-02 13:00:00+00:00,buy,53.144330000000004,53.093779999999995,53.19488000000001,53.093779999999995,1853.3682271648927,-93.68776388320073,9275.088624436872,loss,-0.05055000000000831,-724.911375563123
2025-06-02 14:20:00+00:00,2025-06-02 14:50:00+00:00,buy,53.104600000000005,53.04683,53.16237000000001,53.04683,1605.5199280657907,-92.75088624436873,9182.337738192504,loss,-0.057770000000004984,-817.6622618074917
2025-06-02 15:00:00+00:00,2025-06-02 16:15:00+00:00,buy,53.09208,53.042579999999994,53.14158000000001,53.042579999999994,1855.017724887038,-91.82337738192504,9090.51436081058,loss,-0.04950000000000898,-909.4856391894168
2025-06-02 17:00:00+00:00,2025-06-02 17:10:00+00:00,buy,53.08869,53.032199999999996,53.14518,53.14518,1609.2254134908803,90.90514360810579,9181.419504418685,win,0.056490000000003704,-818.580495581311
2025-06-02 18:25:00+00:00,2025-06-02 18:30:00+00:00,buy,53.13893,53.1049,53.17296,53.1049,2698.0368805225758,-91.81419504418686,9089.605309374498,loss,-0.03403000000000134,-910.3946906254978
2025-06-02 21:10:00+00:00,2025-06-02 21:30:00+00:00,buy,53.02825,52.994099999999996,53.062400000000004,53.062400000000004,2661.67066160277,90.89605309374497,9180.501362468243,win,0.0341500000000039,-819.4986375317528
2025-06-02 21:55:00+00:00,2025-06-03 02:30:00+00:00,buy,53.06738,52.99774,53.13702,52.99774,1318.2799199408792,-91.80501362468243,9088.696348843561,loss,-0.0696399999999997,-911.3036511564353
2025-06-03 02:40:00+00:00,2025-06-03 03:00:00+00:00,buy,53.05928,52.97333,53.145230000000005,52.97333,1057.4399475093824,-90.88696348843561,8997.809385355125,loss,-0.08595000000000397,-1002.190614644871
2025-06-03 05:05:00+00:00,2025-06-03 05:20:00+00:00,sell,52.925399999999996,52.95376,52.89703999999999,52.95376,3172.7113488551136,-89.97809385355126,8907.831291501574,loss,0.02836000000000638,-1092.1687084984221
2025-06-03 05:30:00+00:00,2025-06-03 09:05:00+00:00,sell,52.903499999999994,53.00938,52.79761999999999,53.00938,841.3138733945083,-89.07831291501574,8818.752978586559,loss,0.10588000000000619,-1181.2470214134378
2025-06-03 11:05:00+00:00,2025-06-03 11:15:00+00:00,sell,52.98095,53.01878,52.94312,52.94312,2331.1533118124917,88.18752978586559,8906.940508372425,win,-0.037829999999999586,-1093.0594916275722
2025-06-03 13:05:00+00:00,2025-06-03 14:20:00+00:00,sell,52.943079999999995,52.994,52.89215999999999,52.89215999999999,1749.20277069355,89.06940508372425,8996.00991345615,win,-0.05092000000000496,-1003.990086543848
2025-06-03 14:30:00+00:00,2025-06-03 15:05:00+00:00,sell,52.87699,52.92336,52.830619999999996,52.830619999999996,1940.0495823712622,89.9600991345615,9085.970012590711,win,-0.04637000000000313,-914.0299874092865
2025-06-03 17:05:00+00:00,2025-06-03 17:15:00+00:00,sell,52.852689999999996,52.92067,52.78470999999999,52.92067,1336.565168077368,-90.8597001259071,8995.110312464803,loss,0.0679800000000057,-1004.8896875351936
2025-06-03 18:05:00+00:00,2025-06-03 19:30:00+00:00,sell,52.94022,52.98722,52.89321999999999,52.89321999999999,1913.853257971066,89.95110312464804,9085.061415589451,win,-0.04700000000000415,-914.9385844105456
2025-06-03 19:40:00+00:00,2025-06-03 20:10:00+00:00,sell,52.887969999999996,52.93968,52.83625999999999,52.93968,1756.9254332988235,-90.8506141558945,8994.210801433557,loss,0.05171000000000703,-1005.7891985664401
2025-06-03 21:05:00+00:00,2025-06-03 21:40:00+00:00,sell,52.94161,52.962430000000005,52.92078999999999,52.92078999999999,4319.985975710984,89.94210801433557,9084.152909447892,win,-0.02082000000000761,-915.8470905521045
2025-06-03 22:45:00+00:00,2025-06-03 23:50:00+00:00,sell,52.91377,52.95561,52.87193,52.95561,2171.1646533096973,-90.84152909447891,8993.311380353412,loss,0.04184000000000054,-1006.6886196465834
2025-06-04 02:55:00+00:00,2025-06-04 03:05:00+00:00,buy,53.143860000000004,53.10577,53.18195000000001,53.10577,2361.068884314119,-89.93311380353413,8903.378266549878,loss,-0.038090000000003954,-1096.6217334501175
2025-06-04 05:10:00+00:00,2025-06-04 05:20:00+00:00,buy,52.97339,52.93805,53.00873000000001,52.93805,2519.348688893212,-89.03378266549879,8814.344483884379,loss,-0.035340000000005034,-1185.6555161156164
2025-06-04 07:10:00+00:00,2025-06-04 07:45:00+00:00,buy,53.098890000000004,52.863319999999995,53.334460000000014,52.863319999999995,374.17092515532585,-88.14344483884379,8726.201039045534,loss,-0.23557000000000983,-1273.7989609544602
2025-06-04 10:15:00+00:00,2025-06-04 10:35:00+00:00,buy,53.13186,53.07498,53.18874000000001,53.18874000000001,1534.1422361189357,87.26201039045534,8813.46304943599,win,0.0568800000000067,-1186.5369505640049
2025-06-04 11:30:00+00:00,2025-06-04 14:30:00+00:00,buy,53.192660000000004,53.09898,53.28634000000001,53.09898,940.8051931506625,-88.1346304943599,8725.32841894163,loss,-0.0936800000000062,-1274.6715810583648
2025-06-04 15:45:00+00:00,2025-06-04 16:55:00+00:00,buy,53.13233,53.07794,53.18672000000001,53.07794,1604.2155578122488,-87.2532841894163,8638.075134752213,loss,-0.054390000000005045,-1361.924865247781
2025-06-04 17:05:00+00:00,2025-06-04 17:50:00+00:00,buy,53.17147,53.04716,53.29578,53.29578,694.8817580847982,86.38075134752214,8724.455886099735,win,0.12431000000000125,-1275.544113900259
2025-06-04 18:55:00+00:00,2025-06-04 22:35:00+00:00,buy,53.300380000000004,53.201,53.39976000000001,53.201,877.8884972931596,-87.24455886099734,8637.211327238738,loss,-0.09938000000000358,-1362.7886727612563
2025-06-04 23:50:00+00:00,2025-06-05 00:00:00+00:00,buy,53.23763,53.17914,53.29612000000001,53.17914,1476.6988078710601,-86.37211327238738,8550.83921396635,loss,-0.05849000000000615,-1449.1607860336437
2025-06-05 02:20:00+00:00,2025-06-05 02:50:00+00:00,buy,53.19792,53.172689999999996,53.22315000000001,53.172689999999996,3389.155455395863,-85.5083921396635,8465.330821826687,loss,-0.025230000000007635,-1534.6691781733073
2025-06-05 03:35:00+00:00,2025-06-05 04:05:00+00:00,buy,53.2177,53.17163,53.26377,53.26377,1837.493123904197,84.65330821826687,8549.984130044953,win,0.04607000000000028,-1450.0158699550404
2025-06-05 04:25:00+00:00,2025-06-05 04:40:00+00:00,buy,53.28492,53.19511,53.37473,53.19511,952.0080314046273,-85.49984130044953,8464.484288744505,loss,-0.08980999999999995,-1535.51571125549
2025-06-05 06:00:00+00:00,2025-06-05 06:35:00+00:00,buy,53.20315,53.146719999999995,53.25958000000001,53.25958000000001,1499.9972157972015,84.64484288744505,8549.12913163195,win,0.056430000000005975,-1450.870868368045
2025-06-05 07:50:00+00:00,2025-06-05 09:10:00+00:00,buy,53.208220000000004,53.13366,53.28278000000001,53.28278000000001,1146.6106667960491,85.49129131631949,8634.620422948268,win,0.07456000000000529,-1365.3795770517254
2025-06-05 09:20:00+00:00,2025-06-05 10:15:00+00:00,buy,53.283480000000004,53.228739999999995,53.338220000000014,53.338220000000014,1577.387727977121,86.34620422948268,8720.966627177751,win,0.05474000000000956,-1279.0333728222427
2025-06-05 10:25:00+00:00,2025-06-05 16:15:00+00:00,buy,53.35428,53.25768,53.450880000000005,53.450880000000005,902.7915763123758,87.20966627177752,8808.17629344953,win,0.09660000000000224,-1191.8237065504652
2025-06-05 16:25:00+00:00,2025-06-05 18:05:00+00:00,buy,53.453050000000005,53.34421,53.56189000000001,53.34421,809.2774984793178,-88.08176293449529,8720.094530515034,loss,-0.10884000000000782,-1279.9054694849606
2025-06-05 19:20:00+00:00,2025-06-05 21:45:00+00:00,buy,53.34113,53.28615,53.39611,53.28615,1586.0484777218915,-87.20094530515034,8632.893585209884,loss,-0.05498000000000047,-1367.1064147901109
2025-06-06 09:10:00+00:00,2025-06-06 09:30:00+00:00,sell,53.23601,53.265510000000006,53.206509999999994,53.206509999999994,2926.404605155312,86.32893585209884,8719.222521061984,win,-0.029500000000005855,-1280.777478938012
2025-06-06 10:00:00+00:00,2025-06-06 11:25:00+00:00,sell,53.19614,53.24264,53.14964,53.14964,1875.1016174326137,87.19222521061984,8806.414746272603,win,-0.04650000000000176,-1193.5852537273922
2025-06-06 11:45:00+00:00,2025-06-06 13:05:00+00:00,sell,53.148939999999996,53.20071,53.09716999999999,53.09716999999999,1701.0652397666206,88.06414746272604,8894.47889373533,win,-0.05177000000000476,-1105.5211062646663
2025-06-06 14:20:00+00:00,2025-06-06 14:30:00+00:00,sell,53.12777,53.149890000000006,53.10564999999999,53.149890000000006,4021.0121581067174,-88.9447889373533,8805.534104797976,loss,0.022120000000008133,-1194.4658952020195
2025-06-06 15:10:00+00:00,2025-06-06 15:25:00+00:00,sell,53.11757,53.15276,53.08238,53.08238,2502.2830647337205,88.05534104797977,8893.589445845957,win,-0.035190000000000055,-1106.4105541540398
2025-06-06 15:35:00+00:00,2025-06-09 01:05:00+00:00,sell,53.04551,53.1481,52.94292,52.94292,866.9060771854975,88.93589445845957,8982.525340304417,win,-0.10258999999999929,-1017.4746596955803
2025-06-09 03:05:00+00:00,2025-06-09 03:10:00+00:00,sell,53.086499999999994,53.12359,53.04940999999999,53.04940999999999,2421.81864122483,89.82525340304417,9072.35059370746,win,-0.037090000000006285,-927.6494062925361
2025-06-09 03:20:00+00:00,2025-06-09 04:25:00+00:00,sell,52.99514,53.12359,52.86669,53.12359,706.2943241500507,-90.7235059370746,8981.627087770386,loss,0.12845000000000084,-1018.3729122296107
2025-06-09 09:05:00+00:00,2025-06-09 09:10:00+00:00,buy,53.139520000000005,53.09842,53.18062000000001,53.18062000000001,2185.3107269510474,89.81627087770387,9071.44335864809,win,0.04110000000000724,-928.5566413519068
2025-06-09 09:20:00+00:00,2025-06-09 12:00:00+00:00,buy,53.208330000000004,53.115309999999994,53.30135000000001,53.30135000000001,975.2142935548407,90.71443358648091,9162.157792234571,win,0.09302000000000987,-837.8422077654259
2025-06-09 14:40:00+00:00,2025-06-09 14:50:00+00:00,buy,53.24363,53.217569999999995,53.26969000000001,53.217569999999995,3515.7934736115476,-91.62157792234572,9070.536214312226,loss,-0.026060000000008188,-929.4637856877716
2025-06-09 18:05:00+00:00,2025-06-09 22:05:00+00:00,buy,53.17943,53.104139999999994,53.25472000000001,53.25472000000001,1204.7464755360693,90.70536214312226,9161.241576455348,win,0.07529000000000963,-838.7584235446494
2025-06-09 22:15:00+00:00,2025-06-09 22:30:00+00:00,buy,53.25817,53.19067,53.32567,53.19067,1357.2209742896298,-91.61241576455349,9069.629160690794,loss,-0.06750000000000256,-930.3708393092029
2025-06-09 23:50:00+00:00,2025-06-10 00:00:00+00:00,buy,53.24421,53.156699999999994,53.33172000000001,53.33172000000001,1036.4106000102704,90.69629160690795,9160.325452297702,win,0.08751000000000886,-839.674547702295
2025-06-10 07:25:00+00:00,2025-06-10 08:10:00+00:00,sell,53.12589,53.20642,53.045359999999995,53.20642,1137.504712814771,-91.60325452297704,9068.722197774725,loss,0.0805300000000031,-931.277802225272
2025-06-10 09:00:00+00:00,2025-06-10 09:40:00+00:00,sell,53.116839999999996,53.228440000000006,53.005239999999986,53.005239999999986,812.6095159295627,90.68722197774726,9159.409419752472,win,-0.11160000000000991,-840.5905802475247
2025-06-10 09:55:00+00:00,2025-06-11 01:15:00+00:00,sell,52.95531,53.153580000000005,52.75703999999999,52.75703999999999,461.9664810486763,91.59409419752473,9251.003513949996,win,-0.19827000000000794,-748.9964860499999
2025-06-11 01:35:00+00:00,2025-06-11 02:50:00+00:00,sell,52.4096,52.94968,51.869519999999994,52.94968,171.28950366519666,-92.51003513949996,9158.493478810497,loss,0.5400800000000032,-841.5065211894998
2025-06-11 03:00:00+00:00,2025-06-11 15:30:00+00:00,sell,52.82141,52.97086,52.67196,52.97086,612.8132137042754,-91.58493478810496,9066.908544022392,loss,0.14945000000000164,-933.0914559776048
2025-06-11 17:05:00+00:00,2025-06-11 17:40:00+00:00,buy,53.005610000000004,52.94141,53.06981000000001,53.06981000000001,1412.2910504706304,90.66908544022392,9157.577629462616,win,0.0642000000000067,-842.4223705373809
2025-06-11 18:05:00+00:00,2025-06-11 18:10:00+00:00,buy,53.07428,53.02874,53.119820000000004,53.02874,2010.886611651756,-91.57577629462615,9066.001853167989,loss,-0.04554000000000258,-933.998146832007
2025-06-11 18:40:00+00:00,2025-06-12 00:10:00+00:00,buy,53.0788,52.97109,53.186510000000006,53.186510000000006,841.7047491567745,90.6600185316799,9156.661871699669,win,0.10771000000000441,-843.3381283003271
2025-06-12 00:20:00+00:00,2025-06-12 02:45:00+00:00,buy,53.199380000000005,53.064719999999994,53.334040000000016,53.064719999999994,679.9838015519774,-91.56661871699669,9065.095252982672,loss,-0.13466000000001088,-934.9047470173238
2025-06-12 03:05:00+00:00,2025-06-12 03:15:00+00:00,buy,53.22965,53.06296,53.39634,53.06296,543.8295790378863,-90.65095252982672,8974.444300452846,loss,-0.16669000000000267,-1025.5556995471504
2025-06-12 03:30:00+00:00,2025-06-12 10:10:00+00:00,buy,53.2349,53.06023,53.40957000000001,53.40957000000001,513.7942577690807,89.74444300452845,9064.188743457375,win,0.1746700000000061,-935.811256542622
2025-06-12 10:20:00+00:00,2025-06-12 13:50:00+00:00,buy,53.431850000000004,53.265229999999995,53.59847000000001,53.59847000000001,544.0036456281894,90.64188743457373,9154.83063089195,win,0.16662000000000887,-845.1693691080483
2025-06-12 15:30:00+00:00,2025-06-12 15:40:00+00:00,buy,53.585150000000006,53.51927,53.65103000000001,53.65103000000001,1389.6221358365165,91.54830630891949,9246.378937200869,win,0.06588000000000704,-753.6210627991288
2025-06-12 16:00:00+00:00,2025-06-12 18:40:00+00:00,buy,53.667590000000004,53.557649999999995,53.77753000000001,53.557649999999995,841.0386517373229,-92.46378937200869,9153.91514782886,loss,-0.10994000000000881,-846.0848521711375
2025-06-12 19:10:00+00:00,2025-06-12 22:35:00+00:00,buy,53.589740000000006,53.54935,53.630130000000015,53.630130000000015,2266.381566681546,91.5391514782886,9245.454299307148,win,0.04039000000000925,-754.5457006928489
2025-06-12 22:45:00+00:00,2025-06-12 23:50:00+00:00,buy,53.641830000000006,53.60156,53.68210000000001,53.68210000000001,2295.866476112643,92.45454299307148,9337.90884230022,win,0.04027000000000669,-662.0911576997773
2025-06-13 00:00:00+00:00,2025-06-13 00:45:00+00:00,buy,53.692240000000005,53.611019999999996,53.773460000000014,53.611019999999996,1149.705594964195,-93.3790884230022,9244.529753877217,loss,-0.08122000000000895,-755.4702461227796
2025-06-13 00:55:00+00:00,2025-06-13 07:25:00+00:00,buy,53.70812,53.27108,54.145160000000004,53.27108,211.525941650127,-92.44529753877218,9152.084456338445,loss,-0.4370400000000032,-847.9155436615517
2025-06-13 08:45:00+00:00,2025-06-13 09:35:00+00:00,sell,53.24527,53.379740000000005,53.11079999999999,53.379740000000005,680.6041835604924,-91.52084456338446,9060.56361177506,loss,0.13447000000000742,-939.4363882249362
2025-06-13 12:10:00+00:00,2025-06-13 13:35:00+00:00,sell,53.45773,53.51194,53.40351999999999,53.40351999999999,1671.38233015574,90.6056361177506,9151.16924789281,win,-0.054210000000004754,-848.8307521071856
2025-06-13 13:45:00+00:00,2025-06-13 14:45:00+00:00,sell,53.388189999999994,53.46679,53.309589999999986,53.46679,1164.2708966783464,-91.51169247892811,9059.657555413884,loss,0.07860000000000866,-940.3424445861137
2025-06-13 15:10:00+00:00,2025-06-13 16:05:00+00:00,sell,53.41638,53.467400000000005,53.36535999999999,53.36535999999999,1775.707086517525,90.59657555413884,9150.254130968022,win,-0.05102000000000828,-849.745869031975
2025-06-13 17:20:00+00:00,2025-06-13 18:15:00+00:00,buy,53.49427,53.39554,53.593,53.593,926.7957187245736,91.50254130968023,9241.756672277703,win,0.09873000000000332,-758.2433277222947
2025-06-13 18:25:00+00:00,2025-06-13 18:30:00+00:00,buy,53.614670000000004,53.52872,53.70062000000001,53.52872,1075.248013063092,-92.41756672277702,9149.339105554925,loss,-0.08595000000000397,-850.6608944450717
2025-06-13 21:35:00+00:00,2025-06-13 21:40:00+00:00,sell,53.34932,53.395410000000005,53.30322999999999,53.30322999999999,1985.102865166763,91.49339105554925,9240.832496610476,win,-0.046090000000006626,-759.1675033895224
2025-06-13 21:55:00+00:00,2025-06-13 22:10:00+00:00,sell,53.295899999999996,53.512150000000005,53.07964999999999,53.512150000000005,427.3217339472867,-92.40832496610476,9148.42417164437,loss,0.21625000000000938,-851.5758283556271
2025-06-13 22:35:00+00:00,2025-06-16 01:55:00+00:00,sell,53.29476,53.51549,53.07402999999999,53.51549,414.46220140643493,-91.4842417164437,9056.939929927927,loss,0.2207300000000032,-943.0600700720709
2025-06-16 02:10:00+00:00,2025-06-16 05:55:00+00:00,sell,53.33427,53.52736,53.14117999999999,53.14117999999999,469.0527696891443,90.56939929927927,9147.509329227207,win,-0.1930900000000051,-852.4906707727916
2025-06-16 10:20:00+00:00,2025-06-16 17:00:00+00:00,buy,53.57152,53.48132,53.66172,53.66172,1014.1362892712758,91.47509329227206,9238.98442251948,win,0.09020000000000294,-761.0155774805196
2025-06-16 19:50:00+00:00,2025-06-16 20:10:00+00:00,buy,53.574510000000004,53.531099999999995,53.61792000000001,53.531099999999995,2128.3078605200753,-92.38984422519479,9146.594578294284,loss,-0.04341000000000861,-853.4054217057144
2025-06-16 23:50:00+00:00,2025-06-17 00:00:00+00:00,buy,53.50459,53.440819999999995,53.568360000000006,53.568360000000006,1434.3099542564744,91.46594578294285,9238.060524077226,win,0.06377000000000521,-761.9394759227715
2025-06-17 00:10:00+00:00,2025-06-17 01:05:00+00:00,buy,53.59442,53.418839999999996,53.77,53.418839999999996,526.1453766987718,-92.38060524077225,9145.679918836453,loss,-0.17558000000000362,-854.3200811635438
2025-06-17 03:10:00+00:00,2025-06-17 03:30:00+00:00,sell,53.362559999999995,53.42584,53.29927999999999,53.29927999999999,1445.2717950119447,91.45679918836453,9237.136718024818,win,-0.063280000000006,-762.8632819751792
2025-06-17 05:00:00+00:00,2025-06-17 06:35:00+00:00,sell,53.38601,53.502280000000006,53.26973999999999,53.502280000000006,794.4557252966583,-92.37136718024819,9144.76535084457,loss,0.1162700000000072,-855.2346491554274
2025-06-17 08:50:00+00:00,2025-06-17 09:05:00+00:00,sell,53.42339,53.469730000000006,53.37704999999999,53.469730000000006,1973.406420121499,-91.4476535084457,9053.317697336124,loss,0.04634000000000782,-946.6823026638731
2025-06-17 11:55:00+00:00,2025-06-17 14:05:00+00:00,sell,53.44399,53.5232,53.364779999999996,53.5232,1142.9513568155212,-90.53317697336125,8962.784520362762,loss,0.07921000000000333,-1037.2154796372342
2025-06-17 15:25:00+00:00,2025-06-17 16:00:00+00:00,sell,53.47785,53.52868,53.42701999999999,53.42701999999999,1763.2863506515666,89.62784520362763,9052.41236556639,win,-0.050830000000004816,-947.5876344336066
2025-06-17 17:00:00+00:00,2025-06-17 17:15:00+00:00,sell,53.42483,53.484010000000005,53.365649999999995,53.365649999999995,1529.6404808323152,90.5241236556639,9142.936489222053,win,-0.059180000000004895,-857.0635107779427
2025-06-17 17:25:00+00:00,2025-06-17 17:40:00+00:00,sell,53.35436,53.44147,53.26725,53.26725,1049.5851784205913,91.42936489222053,9234.365854114274,win,-0.08711000000000269,-765.6341458857222
2025-06-17 19:20:00+00:00,2025-06-17 19:45:00+00:00,sell,53.3037,53.380340000000004,53.227059999999994,53.227059999999994,1204.901598918803,92.34365854114273,9326.709512655416,win,-0.0766400000000047,-673.2904873445794
2025-06-17 19:55:00+00:00,2025-06-17 20:45:00+00:00,sell,53.18094,53.29717,53.06471,53.06471,802.4356459309375,93.26709512655417,9419.97660778197,win,-0.11623000000000161,-580.0233922180253
2025-06-17 22:00:00+00:00,2025-06-17 22:05:00+00:00,sell,53.08098,53.13777,53.02418999999999,53.02418999999999,1658.7386173236278,94.1997660778197,9514.17637385979,win,-0.05679000000000656,-485.82362614020553
2025-06-17 23:05:00+00:00,2025-06-18 08:40:00+00:00,sell,53.00964,53.12576,52.893519999999995,53.12576,819.3400253065455,-95.14176373859789,9419.03461012119,loss,0.11612000000000222,-580.9653898788034
2025-06-18 20:15:00+00:00,2025-06-18 20:40:00+00:00,sell,53.142179999999996,53.21473,53.06962999999999,53.06962999999999,1298.2818208298156,94.19034610121192,9513.224956222402,win,-0.07255000000000678,-486.7750437775915
2025-06-18 20:55:00+00:00,2025-06-18 21:00:00+00:00,sell,53.057869999999994,53.136770000000006,52.97896999999998,53.136770000000006,1205.7319336148307,-95.13224956222403,9418.092706660178,loss,0.07890000000001152,-581.9072933398155
2025-06-18 22:00:00+00:00,2025-06-19 00:00:00+00:00,sell,52.96993,53.221180000000004,52.71867999999999,53.221180000000004,374.84946096159024,-94.18092706660178,9323.911779593576,loss,0.25125000000000597,-676.0882204064173
2025-06-19 02:05:00+00:00,2025-06-19 02:20:00+00:00,sell,53.144499999999994,53.181250000000006,53.10774999999998,53.10774999999998,2537.118851589257,93.23911779593575,9417.150897389512,win,-0.03675000000001205,-582.8491026104816
2025-06-19 02:30:00+00:00,2025-06-19 04:05:00+00:00,sell,53.02269,53.147510000000004,52.89786999999999,52.89786999999999,754.4584920196281,94.17150897389513,9511.322406363408,win,-0.12482000000000681,-488.6775936365865
2025-06-19 04:55:00+00:00,2025-06-19 09:45:00+00:00,sell,52.891349999999996,53.116530000000004,52.66616999999999,53.116530000000004,422.3875302585947,-95.11322406363408,9416.209182299774,loss,0.22518000000000882,-583.7908177002206
2025-06-19 13:00:00+00:00,2025-06-19 13:55:00+00:00,buy,53.249990000000004,53.19616,53.30382000000001,53.19616,1749.2493372281092,-94.16209182299774,9322.047090476775,loss,-0.05383000000000493,-677.9529095232183
2025-06-19 14:30:00+00:00,2025-06-19 22:20:00+00:00,buy,53.28515,53.19083,53.379470000000005,53.379470000000005,988.3425668444073,93.22047090476775,9415.267561381543,win,0.09432000000000329,-584.7324386184505
2025-06-19 22:30:00+00:00,2025-06-19 23:40:00+00:00,buy,53.381780000000006,53.346169999999994,53.41739000000002,53.346169999999994,2643.9953837063235,-94.15267561381543,9321.114885767727,loss,-0.035610000000012576,-678.8851142322659
2025-06-19 23:50:00+00:00,2025-06-19 23:55:00+00:00,buy,53.397380000000005,53.32304,53.47172000000001,53.47172000000001,1253.8491909829042,93.21114885767727,9414.326034625405,win,0.07434000000000651,-585.6739653745886
2025-06-20 00:05:00+00:00,2025-06-20 02:05:00+00:00,buy,53.52,53.32304,53.71696000000001,53.32304,477.98162239161263,-94.14326034625405,9320.18277427915,loss,-0.19696000000000424,-679.8172257208427
2025-06-20 02:15:00+00:00,2025-06-20 07:00:00+00:00,buy,53.41659,53.30697,53.52621,53.52621,850.226489169785,93.20182774279151,9413.384602021943,win,0.1096199999999996,-586.6153979780512
2025-06-20 07:15:00+00:00,2025-06-20 07:55:00+00:00,buy,53.53994,53.48462,53.59526,53.48462,1701.6241146098398,-94.13384602021942,9319.250756001724,loss,-0.05532000000000181,-680.7492439982706
2025-06-20 09:10:00+00:00,2025-06-20 11:45:00+00:00,buy,53.49908,53.429649999999995,53.56851,53.56851,1342.2512971339727,93.19250756001722,9412.443263561741,win,0.0694300000000041,-587.5567364382533
2025-06-20 11:55:00+00:00,2025-06-20 17:20:00+00:00,buy,53.57755,53.50199,53.653110000000005,53.50199,1245.6912736317327,-94.12443263561741,9318.318830926124,loss,-0.07556000000000296,-681.6811690738707
2025-06-20 19:30:00+00:00,2025-06-20 20:40:00+00:00,buy,53.497110000000006,53.435219999999994,53.55900000000002,53.435219999999994,1505.625921946074,-93.18318830926124,9225.135642616862,loss,-0.061890000000012435,-774.864357383132
2025-06-23 00:05:00+00:00,2025-06-23 03:30:00+00:00,sell,53.304159999999996,53.40502,53.20329999999999,53.20329999999999,914.647594945118,92.25135642616863,9317.38699904303,win,-0.10086000000000439,-682.6130009569633
2025-06-23 04:05:00+00:00,2025-06-23 04:10:00+00:00,sell,53.200219999999995,53.261750000000006,53.13868999999998,53.261750000000006,1514.2836013393849,-93.1738699904303,9224.2131290526,loss,0.06153000000001185,-775.7868709473936
2025-06-23 04:20:00+00:00,2025-06-23 05:35:00+00:00,sell,53.19674,53.32954,53.063939999999995,53.32954,694.5943621274383,-92.24213129052599,9131.970997762073,loss,0.13280000000000314,-868.0290022379196
2025-06-23 05:50:00+00:00,2025-06-23 09:30:00+00:00,sell,53.25177,53.390440000000005,53.113099999999996,53.390440000000005,658.5397705171819,-91.31970997762073,9040.651287784453,loss,0.13867000000000473,-959.3487122155403
2025-06-23 11:05:00+00:00,2025-06-23 11:50:00+00:00,sell,53.416549999999994,53.46434,53.36875999999999,53.36875999999999,1891.745404432575,90.40651287784452,9131.057800662296,win,-0.047790000000006216,-868.9421993376958
2025-06-23 12:00:00+00:00,2025-06-23 12:10:00+00:00,sell,53.348029999999994,53.45987,53.236189999999986,53.236189999999986,816.4393598588741,91.31057800662296,9222.36837866892,win,-0.11184000000000793,-777.6316213310729
2025-06-23 12:20:00+00:00,2025-06-23 16:50:00+00:00,sell,53.22163,53.38703,53.05622999999999,53.38703,557.5797085047535,-92.2236837866892,9130.14469488223,loss,0.16540000000000532,-869.8553051177621
2025-06-23 17:05:00+00:00,2025-06-23 17:10:00+00:00,buy,53.39813,53.287969999999994,53.50829000000001,53.50829000000001,828.8076157299929,91.3014469488223,9221.446141831053,win,0.11016000000000759,-778.5538581689398
2025-06-23 17:20:00+00:00,2025-06-24 00:05:00+00:00,buy,53.532590000000006,53.366899999999994,53.69828000000002,53.69828000000002,556.5481406138198,92.21446141831053,9313.660603249364,win,0.1656900000000121,-686.3393967506292
2025-06-24 01:05:00+00:00,2025-06-24 01:20:00+00:00,buy,53.70738,53.49013,53.92463,53.49013,428.7070473302355,-93.13660603249365,9220.52399721687,loss,-0.21724999999999994,-779.4760027831229
2025-06-24 02:00:00+00:00,2025-06-24 17:20:00+00:00,buy,53.72209,53.36022,54.083960000000005,54.083960000000005,254.80211117851127,92.2052399721687,9312.729237189038,win,0.36187000000000324,-687.2707628109542
2025-06-24 20:05:00+00:00,2025-06-24 22:50:00+00:00,buy,54.00016,53.94869,54.05163,53.94869,1809.3509300930043,-93.12729237189038,9219.601944817148,loss,-0.0514700000000019,-780.3980551828446
2025-06-25 00:05:00+00:00,2025-06-25 01:25:00+00:00,buy,53.93994,53.83895,54.04093,53.83895,912.9222640674197,-92.19601944817148,9127.405925368977,loss,-0.10099000000000302,-872.594074631016
2025-06-25 02:05:00+00:00,2025-06-25 19:05:00+00:00,buy,53.980560000000004,53.74259,54.21853000000001,54.21853000000001,383.5527976370473,91.27405925368977,9218.679984622668,win,0.23797000000000423,-781.3200153773263
2025-06-25 19:15:00+00:00,2025-06-25 21:45:00+00:00,buy,54.22491,54.147099999999995,54.30272000000001,54.30272000000001,1184.7680226991242,92.18679984622668,9310.866784468893,win,0.0778100000000066,-689.1332155310996
2025-06-25 21:55:00+00:00,2025-06-25 22:20:00+00:00,buy,54.303250000000006,54.260799999999996,54.345700000000015,54.345700000000015,2193.372622960383,93.10866784468894,9403.975452313582,win,0.042450000000009425,-596.0245476864106
2025-06-26 00:00:00+00:00,2025-06-26 00:05:00+00:00,buy,54.342940000000006,54.30894,54.37694000000001,54.37694000000001,2765.875133032916,94.03975452313581,9498.015206836717,win,0.034000000000006025,-501.98479316327484
2025-06-26 02:35:00+00:00,2025-06-26 02:50:00+00:00,buy,54.43645,54.4084,54.4645,54.4645,3386.1016780166124,94.98015206836718,9592.995358905084,win,0.028050000000000352,-407.0046410949077
2025-06-26 03:05:00+00:00,2025-06-26 04:20:00+00:00,buy,54.507310000000004,54.430789999999995,54.58383000000001,54.430789999999995,1253.65856755148,-95.92995358905084,9497.065405316032,loss,-0.07652000000000925,-502.93459468395855
2025-06-26 04:45:00+00:00,2025-06-26 05:30:00+00:00,buy,54.47429,54.42722,54.52136000000001,54.52136000000001,2017.6472074176788,94.97065405316033,9592.036059369193,win,0.04707000000000505,-407.9639406307982
2025-06-26 05:50:00+00:00,2025-06-26 06:05:00+00:00,buy,54.5343,54.468999999999994,54.59960000000001,54.59960000000001,1468.9182326750483,95.92036059369194,9687.956419962886,win,0.06530000000000769,-312.04358003710627
2025-06-26 07:20:00+00:00,2025-06-26 07:45:00+00:00,buy,54.59416,54.51294,54.675380000000004,54.51294,1192.804287116802,-96.87956419962886,9591.076855763256,loss,-0.08122000000000185,-408.92314423673514
2025-06-26 09:00:00+00:00,2025-06-26 09:50:00+00:00,buy,54.58404,54.51356,54.654520000000005,54.654520000000005,1360.8224823727,95.91076855763257,9686.98762432089,win,0.07048000000000343,-313.01237567910255
2025-06-26 10:00:00+00:00,2025-06-26 10:05:00+00:00,buy,54.65831,54.600989999999996,54.715630000000004,54.715630000000004,1689.9838842149634,96.86987624320889,9783.857500564098,win,0.057320000000004256,-216.14249943589365
2025-06-26 10:15:00+00:00,2025-06-26 11:05:00+00:00,buy,54.71604,54.631,54.80108,54.80108,1150.5006468208107,97.83857500564099,9881.696075569738,win,0.08503999999999934,-118.30392443025266
2025-06-26 11:15:00+00:00,2025-06-26 13:55:00+00:00,buy,54.8188,54.732899999999994,54.90470000000001,54.732899999999994,1150.3720693327887,-98.81696075569738,9782.87911481404,loss,-0.08590000000000941,-217.12088518595004
2025-06-26 15:20:00+00:00,2025-06-26 15:25:00+00:00,buy,54.64902,54.611529999999995,54.686510000000006,54.686510000000006,2609.463620915616,97.82879114814041,9880.707905962181,win,0.03749000000000535,-119.29209403780963
2025-06-26 15:40:00+00:00,2025-06-26 16:55:00+00:00,buy,54.68889,54.60319,54.77459,54.77459,1152.94141259765,98.8070790596218,9979.514985021802,win,0.08570000000000277,-20.485014978187834
2025-06-26 17:15:00+00:00,2025-06-26 18:10:00+00:00,buy,54.78378,54.70487,54.86269,54.70487,1264.6705088102574,-99.79514985021802,9879.719835171583,loss,-0.07891000000000048,-120.28016482840586
2025-06-26 18:55:00+00:00,2025-06-26 22:15:00+00:00,buy,54.811640000000004,54.70111,54.92217000000001,54.70111,893.8496186710581,-98.79719835171583,9780.922636819867,loss,-0.11053000000000424,-219.0773631801217
2025-06-26 23:50:00+00:00,2025-06-27 00:40:00+00:00,buy,54.72288,54.67955,54.76621000000001,54.67955,2257.3096323145264,-97.80922636819867,9683.113410451668,loss,-0.04333000000000453,-316.88658954832033
2025-06-27 09:05:00+00:00,2025-06-27 09:10:00+00:00,buy,54.71519,54.66312,54.76726,54.76726,1859.6338410700162,96.83113410451668,9779.944544556185,win,0.052070000000000505,-220.05545544380365
2025-06-27 09:20:00+00:00,2025-06-27 15:40:00+00:00,buy,54.789880000000004,54.69674,54.88302000000001,54.88302000000001,1050.0262555889656,97.79944544556184,9877.743990001747,win,0.09314000000000533,-122.25600999824181
2025-06-30 03:30:00+00:00,2025-06-30 04:25:00+00:00,sell,54.66847,54.762820000000005,54.57411999999999,54.762820000000005,1046.9257011129994,-98.77743990001747,9778.96655010173,loss,0.09435000000000571,-221.03344989825928
2025-06-30 05:45:00+00:00,2025-06-30 08:20:00+00:00,sell,54.66701,54.784530000000004,54.54948999999999,54.784530000000004,832.1108364619831,-97.7896655010173,9681.176884600713,loss,0.11752000000000606,-318.82311539927656
2025-06-30 09:05:00+00:00,2025-06-30 09:15:00+00:00,buy,54.76664,54.70948,54.823800000000006,54.823800000000006,1693.6978454513942,96.81176884600713,9777.98865344672,win,0.05716000000000321,-222.01134655326945
2025-06-30 09:25:00+00:00,2025-06-30 10:55:00+00:00,buy,54.82439,54.70948,54.9393,54.70948,850.925824858286,-97.77988653446721,9680.208766912254,loss,-0.11491000000000184,-319.79123308773666
2025-06-30 11:05:00+00:00,2025-06-30 11:25:00+00:00,sell,54.702949999999994,54.75822,54.64767999999999,54.64767999999999,1751.4399795388065,96.80208766912254,9777.010854581376,win,-0.05527000000000726,-222.9891454186141
2025-06-30 11:35:00+00:00,2025-07-01 00:00:00+00:00,sell,54.54481,54.71099,54.378629999999994,54.71099,588.3385999868293,-97.77010854581377,9679.240746035563,loss,0.1661800000000042,-320.7592539644279
2025-07-01 02:10:00+00:00,2025-07-02 15:35:00+00:00,buy,54.687650000000005,54.344899999999996,55.030400000000014,54.344899999999996,282.3994382504828,-96.79240746035563,9582.448338575206,loss,-0.34275000000000944,-417.55166142478356
2025-07-02 15:45:00+00:00,2025-07-02 17:15:00+00:00,sell,54.32514,54.52774,54.122539999999994,54.122539999999994,472.9737580737918,95.82448338575206,9678.272821960958,win,-0.2026000000000039,-321.7271780390315
2025-07-02 21:00:00+00:00,2025-07-02 21:40:00+00:00,sell,54.34332,54.385310000000004,54.30132999999999,54.385310000000004,2304.8994574802773,-96.78272821960958,9581.490093741348,loss,0.04199000000000552,-418.5099062586411
2025-07-02 21:50:00+00:00,2025-07-02 22:35:00+00:00,sell,54.358619999999995,54.38575,54.33148999999999,54.33148999999999,3531.6955745444016,95.81490093741348,9677.304994678761,win,-0.02713000000000676,-322.6950053212276
2025-07-02 22:45:00+00:00,2025-07-02 23:50:00+00:00,sell,54.32597,54.38409,54.267849999999996,54.38409,1665.055917873084,-96.77304994678762,9580.531944731974,loss,0.05812000000000239,-419.46805526801523
2025-07-03 00:00:00+00:00,2025-07-03 00:10:00+00:00,sell,54.29475,54.38595,54.20355,54.38595,1050.4969237644639,-95.80531944731975,9484.726625284655,loss,0.09120000000000061,-515.273374715335
2025-07-03 03:05:00+00:00,2025-07-03 04:30:00+00:00,sell,54.397749999999995,54.43224,54.36325999999999,54.43224,2749.9932227553536,-94.84726625284655,9389.87935903181,loss,0.03449000000000524,-610.1206409681815
2025-07-03 04:50:00+00:00,2025-07-03 05:00:00+00:00,sell,54.396539999999995,54.442170000000004,54.350909999999985,54.442170000000004,2057.8302342822235,-93.89879359031809,9295.98056544149,loss,0.04563000000000983,-704.0194345584996
2025-07-03 05:10:00+00:00,2025-07-03 10:15:00+00:00,sell,54.39225,54.488350000000004,54.29614999999999,54.488350000000004,967.3236800666824,-92.95980565441491,9203.020759787076,loss,0.09610000000000696,-796.9792402129145
2025-07-03 15:05:00+00:00,2025-07-03 15:15:00+00:00,sell,54.41477,54.451820000000005,54.37771999999999,54.37771999999999,2483.9462239636,92.03020759787076,9295.050967384946,win,-0.0370500000000078,-704.9490326150437
2025-07-03 15:25:00+00:00,2025-07-03 15:30:00+00:00,sell,54.351749999999996,54.44604,54.25745999999999,54.25745999999999,985.7939301499798,92.95050967384947,9388.001477058797,win,-0.09429000000000798,-611.9985229411943
2025-07-03 17:15:00+00:00,2025-07-03 18:45:00+00:00,sell,54.324389999999994,54.398340000000005,54.25043999999998,54.398340000000005,1269.5066229962745,-93.88001477058798,9294.121462288209,loss,0.07395000000001062,-705.8785377117823
2025-07-03 18:55:00+00:00,2025-07-03 19:20:00+00:00,sell,54.36391,54.398810000000005,54.32900999999999,54.32900999999999,2663.0720522310075,92.94121462288209,9387.062676911091,win,-0.03490000000000748,-612.9373230889003
2025-07-03 19:30:00+00:00,2025-07-04 00:00:00+00:00,sell,54.305789999999995,54.368,54.24357999999999,54.368,1508.931470327917,-93.87062676911091,9293.19205014198,loss,0.062210000000007426,-706.8079498580112
2025-07-04 02:05:00+00:00,2025-07-04 02:10:00+00:00,sell,54.376189999999994,54.38962,54.36275999999999,54.38962,6919.726023929512,-92.93192050141981,9200.260129640561,loss,0.013430000000006714,-799.7398703594309
2025-07-04 03:25:00+00:00,2025-07-04 03:45:00+00:00,sell,54.339529999999996,54.41897,54.26008999999999,54.41897,1158.1394926535686,-92.00260129640562,9108.257528344155,loss,0.07944000000000528,-891.7424716558365
2025-07-04 03:55:00+00:00,2025-07-04 04:10:00+00:00,sell,54.330369999999995,54.430980000000005,54.229759999999985,54.430980000000005,905.3034020816242,-91.08257528344154,9017.174953060714,loss,0.1006100000000103,-982.8250469392781
2025-07-04 04:25:00+00:00,2025-07-04 07:55:00+00:00,sell,54.323629999999994,54.49307,54.154189999999986,54.49307,532.1751034620073,-90.17174953060714,8927.003203530106,loss,0.1694400000000087,-1072.9967964698853
2025-07-04 08:20:00+00:00,2025-07-04 17:50:00+00:00,buy,54.50853,54.341359999999995,54.675700000000006,54.341359999999995,534.0074895932163,-89.27003203530107,8837.733171494805,loss,-0.16717000000000581,-1162.2668285051864
2025-07-04 18:00:00+00:00,2025-07-04 19:40:00+00:00,sell,54.33042,54.422830000000005,54.23800999999999,54.422830000000005,956.3611266631351,-88.37733171494806,8749.355839779857,loss,0.0924100000000081,-1250.6441602201344
2025-07-04 20:30:00+00:00,2025-07-04 23:30:00+00:00,buy,54.44776,54.369319999999995,54.52620000000001,54.369319999999995,1115.4201733527545,-87.49355839779857,8661.862281382058,loss,-0.07844000000000761,-1338.137718617933
2025-07-04 23:50:00+00:00,2025-07-07 00:05:00+00:00,buy,54.411350000000006,54.301719999999996,54.520980000000016,54.520980000000016,790.0996334380441,86.61862281382058,8748.48090419588,win,0.10963000000000989,-1251.5190958041123
2025-07-07 00:15:00+00:00,2025-07-07 07:50:00+00:00,buy,54.634370000000004,54.282529999999994,54.986210000000014,54.282529999999994,248.64941178364123,-87.4848090419588,8660.996095153921,loss,-0.3518400000000099,-1339.0039048460712
2025-07-07 08:05:00+00:00,2025-07-07 08:20:00+00:00,sell,54.27822,54.320640000000004,54.23579999999999,54.320640000000004,2041.7246806111484,-86.60996095153922,8574.386134202383,loss,0.04242000000000701,-1425.6138657976105
2025-07-07 11:05:00+00:00,2025-07-07 11:25:00+00:00,sell,54.41777,54.459920000000004,54.37561999999999,54.37561999999999,2034.2553106052305,85.74386134202383,8660.129995544406,win,-0.04215000000000657,-1339.8700044555867
2025-07-07 11:35:00+00:00,2025-07-07 12:50:00+00:00,sell,54.371919999999996,54.424130000000005,54.319709999999986,54.424130000000005,1658.7109740553235,-86.60129995544406,8573.528695588962,loss,0.052210000000009416,-1426.4713044110308
2025-07-07 14:05:00+00:00,2025-07-07 14:30:00+00:00,buy,54.444120000000005,54.3992,54.48904000000001,54.48904000000001,1908.6217042716069,85.73528695588962,8659.263982544851,win,0.044920000000004734,-1340.736017455141
2025-07-07 14:40:00+00:00,2025-07-07 16:25:00+00:00,buy,54.491890000000005,54.434419999999996,54.549360000000014,54.549360000000014,1506.745081354352,86.59263982544852,8745.8566223703,win,0.057470000000009236,-1254.1433776296926
2025-07-07 16:45:00+00:00,2025-07-07 17:35:00+00:00,buy,54.552600000000005,54.49163,54.61357000000001,54.61357000000001,1434.4524556945441,87.458566223703,8833.315188594002,win,0.06097000000000463,-1166.6848114059896
2025-07-07 23:05:00+00:00,2025-07-07 23:55:00+00:00,sell,54.430519999999994,54.4679,54.39313999999999,54.39313999999999,2363.112677526108,88.33315188594001,8921.648340479942,win,-0.037380000000005964,-1078.3516595200497
2025-07-08 04:10:00+00:00,2025-07-08 04:40:00+00:00,sell,54.41252,54.50929,54.31575,54.50929,921.9436127394855,-89.21648340479942,8832.431857075142,loss,0.09676999999999936,-1167.568142924849
2025-07-08 06:45:00+00:00,2025-07-08 07:50:00+00:00,buy,54.55219,54.45046,54.65392000000001,54.45046,868.2229290351759,-88.32431857075142,8744.107538504391,loss,-0.10173000000000343,-1255.8924614956004
2025-07-08 09:05:00+00:00,2025-07-08 10:10:00+00:00,buy,54.51686,54.42952,54.604200000000006,54.604200000000006,1001.1572633963737,87.44107538504392,8831.548613889436,win,0.08734000000000464,-1168.4513861105565
2025-07-08 10:40:00+00:00,2025-07-08 11:30:00+00:00,buy,54.63038,54.55488,54.70588000000001,54.55488,1169.7415382634204,-88.31548613889436,8743.233127750542,loss,-0.07550000000000523,-1256.766872249451
2025-07-08 15:00:00+00:00,2025-07-08 16:10:00+00:00,sell,54.360369999999996,54.408910000000006,54.311829999999986,54.311829999999986,1801.2429187780754,87.43233127750543,8830.665459028047,win,-0.0485400000000098,-1169.3345409719454
2025-07-08 16:20:00+00:00,2025-07-08 16:30:00+00:00,sell,54.31145,54.389230000000005,54.23367,54.23367,1135.338835051115,88.30665459028047,8918.972113618327,win,-0.07778000000000418,-1081.027886381665
2025-07-08 17:05:00+00:00,2025-07-08 18:15:00+00:00,sell,54.228289999999994,54.327960000000004,54.128619999999984,54.327960000000004,894.8502170780977,-89.18972113618327,8829.782392482144,loss,0.09967000000001036,-1170.2176075178481
2025-07-08 19:35:00+00:00,2025-07-08 20:00:00+00:00,sell,54.31765,54.37031,54.26499,54.37031,1676.7532078392774,-88.29782392482144,8741.484568557322,loss,0.05266000000000304,-1258.5154314426695
2025-07-08 23:30:00+00:00,2025-07-08 23:35:00+00:00,sell,54.393539999999994,54.412940000000006,54.37413999999998,54.412940000000006,4505.91988069695,-87.41484568557323,8654.069722871749,loss,0.01940000000001163,-1345.9302771282428
2025-07-09 00:45:00+00:00,2025-07-09 00:50:00+00:00,sell,54.367459999999994,54.44254,54.29237999999999,54.44254,1152.6464734777505,-86.54069722871749,8567.52902564303,loss,0.07508000000000692,-1432.4709743569604
2025-07-09 03:05:00+00:00,2025-07-09 09:35:00+00:00,sell,54.35151,54.45871,54.24430999999999,54.45871,799.2097971681488,-85.67529025643032,8481.853735386601,loss,0.10720000000000596,-1518.1462646133907
2025-07-09 11:30:00+00:00,2025-07-09 14:00:00+00:00,buy,54.48514,54.410619999999994,54.55966000000001,54.410619999999994,1138.1983005080283,-84.818537353866,8397.035198032736,loss,-0.0745200000000068,-1602.9648019672568
2025-07-09 15:15:00+00:00,2025-07-09 15:50:00+00:00,buy,54.44867,54.39236,54.50498,54.50498,1491.2156274253646,83.97035198032737,8481.005550013064,win,0.05631000000000341,-1518.9944499869293
2025-07-09 16:10:00+00:00,2025-07-09 16:45:00+00:00,buy,54.54804,54.439789999999995,54.656290000000006,54.439789999999995,783.4647159365035,-84.81005550013064,8396.195494512933,loss,-0.10825000000000529,-1603.80450548706
2025-07-09 17:10:00+00:00,2025-07-09 17:55:00+00:00,buy,54.52826,54.43492,54.62160000000001,54.43492,899.52812240331,-83.96195494512934,8312.233539567804,loss,-0.09334000000000486,-1687.7664604321892
2025-07-09 23:05:00+00:00,2025-07-09 23:20:00+00:00,sell,54.429579999999994,54.467940000000006,54.39121999999998,54.39121999999998,2166.901339824117,83.12233539567804,8395.355874963481,win,-0.038360000000011496,-1604.6441250365112
2025-07-09 23:30:00+00:00,2025-07-09 23:50:00+00:00,sell,54.384029999999996,54.446490000000004,54.32156999999999,54.446490000000004,1344.1171749859625,-83.95355874963481,8311.402316213846,loss,0.06246000000000862,-1688.597683786146
2025-07-10 04:00:00+00:00,2025-07-10 17:20:00+00:00,buy,54.540090000000006,54.363209999999995,54.71697000000002,54.363209999999995,469.88932135986636,-83.11402316213845,8228.288293051706,loss,-0.17688000000001125,-1771.7117069482845
2025-07-10 23:25:00+00:00,2025-07-10 23:35:00+00:00,buy,54.522380000000005,54.484109999999994,54.56065000000002,54.484109999999994,2150.062266278878,-82.28288293051706,8146.005410121189,loss,-0.03827000000001135,-1853.9945898788014
2025-07-10 23:50:00+00:00,2025-07-10 23:55:00+00:00,buy,54.54739,54.4602,54.63458,54.4602,934.282074793121,-81.4600541012119,8064.545356019977,loss,-0.08718999999999966,-1935.4546439800133
2025-07-11 00:55:00+00:00,2025-07-11 03:05:00+00:00,buy,54.6375,54.44585,54.829150000000006,54.44585,420.7954790513885,-80.64545356019977,7983.899902459777,loss,-0.19165000000000276,-2016.100097540213
2025-07-11 05:10:00+00:00,2025-07-11 06:35:00+00:00,sell,54.38301,54.509280000000004,54.25673999999999,54.509280000000004,632.2879466587034,-79.83899902459777,7904.060903435179,loss,0.1262700000000052,-2095.939096564811
2025-07-11 07:25:00+00:00,2025-07-11 07:55:00+00:00,sell,54.375949999999996,54.51184,54.24005999999999,54.51184,581.6514021219355,-79.04060903435179,7825.020294400827,loss,0.1358900000000034,-2174.9797055991626
2025-07-11 09:00:00+00:00,2025-07-11 10:35:00+00:00,sell,54.369159999999994,54.525420000000004,54.21289999999998,54.525420000000004,500.76924960964493,-78.25020294400827,7746.770091456819,loss,0.15626000000001028,-2253.229908543171
2025-07-11 11:05:00+00:00,2025-07-11 14:25:00+00:00,sell,54.46373,54.54711,54.38034999999999,54.38034999999999,929.0921193879014,77.46770091456818,7824.237792371387,win,-0.08338000000000534,-2175.762207628603
2025-07-11 14:35:00+00:00,2025-07-11 16:50:00+00:00,sell,54.377539999999996,54.46618,54.28889999999999,54.28889999999999,882.6983069010528,78.24237792371387,7902.480170295101,win,-0.08864000000000516,-2097.519829704889
2025-07-11 17:00:00+00:00,2025-07-14 01:00:00+00:00,sell,54.27592,54.391020000000005,54.160819999999994,54.160819999999994,686.5751668370752,79.02480170295101,7981.504971998052,win,-0.11510000000000531,-2018.4950280019382
2025-07-14 01:10:00+00:00,2025-07-14 03:55:00+00:00,sell,54.14039,54.234230000000004,54.04654999999999,54.234230000000004,850.5440080986184,-79.81504971998052,7901.689922278071,loss,0.09384000000000725,-2098.310077721919
2025-07-14 04:20:00+00:00,2025-07-14 05:35:00+00:00,sell,54.198,54.271860000000004,54.12414,54.12414,1069.8199190736136,79.01689922278071,7980.706821500852,win,-0.07386000000000337,-2019.293178499138
2025-07-14 05:45:00+00:00,2025-07-14 07:35:00+00:00,sell,54.120999999999995,54.189870000000006,54.052129999999984,54.189870000000006,1158.8074374182615,-79.80706821500853,7900.899753285844,loss,0.06887000000001109,-2099.1002467141466
2025-07-14 07:55:00+00:00,2025-07-14 10:25:00+00:00,sell,54.11541,54.193450000000006,54.03736999999999,54.193450000000006,1012.4166777658866,-79.00899753285844,7821.890755752986,loss,0.07804000000000855,-2178.109244247005
2025-07-14 11:50:00+00:00,2025-07-14 12:55:00+00:00,sell,54.19354,54.228880000000004,54.158199999999994,54.228880000000004,2213.325058220677,-78.21890755752986,7743.671848195456,loss,0.035340000000005034,-2256.3281518045346
2025-07-14 14:15:00+00:00,2025-07-14 15:15:00+00:00,sell,54.20672,54.24092,54.17251999999999,54.24092,2264.2315345597067,-77.43671848195456,7666.235129713501,loss,0.03420000000000556,-2333.764870286489
2025-07-14 15:30:00+00:00,2025-07-14 17:35:00+00:00,sell,54.1887,54.243570000000005,54.13382999999999,54.13382999999999,1397.1633187009945,76.66235129713502,7742.897481010636,win,-0.05487000000000819,-2257.102518989354
2025-07-14 17:45:00+00:00,2025-07-14 18:05:00+00:00,sell,54.13102,54.203920000000004,54.058119999999995,54.058119999999995,1062.1258547339082,77.42897481010635,7820.326455820742,win,-0.07290000000000418,-2179.6735441792475
2025-07-14 18:50:00+00:00,2025-07-14 19:50:00+00:00,sell,54.044709999999995,54.14327,53.94614999999999,53.94614999999999,793.4584472220222,78.20326455820742,7898.52972037895,win,-0.0985600000000062,-2101.47027962104
2025-07-14 20:35:00+00:00,2025-07-15 00:00:00+00:00,sell,53.91122,54.048100000000005,53.774339999999995,54.048100000000005,577.0404529791541,-78.9852972037895,7819.54442317516,loss,0.136880000000005,-2180.455576824829
2025-07-15 01:15:00+00:00,2025-07-15 01:40:00+00:00,sell,54.015209999999996,54.058440000000004,53.97197999999999,53.97197999999999,1808.8236000864342,78.1954442317516,7897.739867406912,win,-0.04323000000000832,-2102.2601325930777
2025-07-15 04:05:00+00:00,2025-07-15 04:20:00+00:00,sell,53.98244,54.040060000000004,53.92481999999999,54.040060000000004,1370.6594702197046,-78.97739867406912,7818.7624687328425,loss,0.05762000000000711,-2181.237531267147
2025-07-15 04:30:00+00:00,2025-07-15 08:10:00+00:00,sell,53.958009999999994,54.042260000000006,53.87375999999998,54.042260000000006,928.0430229948696,-78.18762468732842,7740.5748440455145,loss,0.08425000000001148,-2259.4251559544755
2025-07-15 13:10:00+00:00,2025-07-15 13:15:00+00:00,buy,54.15424,54.125859999999996,54.18262000000001,54.125859999999996,2727.475279789986,-77.40574844045514,7663.16909560506,loss,-0.028380000000005623,-2336.8309043949307
2025-07-15 15:35:00+00:00,2025-07-15 15:40:00+00:00,buy,54.140530000000005,54.0704,54.21066000000001,54.0704,1092.7091252822477,-76.6316909560506,7586.537404649009,loss,-0.07013000000000602,-2413.4625953509812
2025-07-15 17:05:00+00:00,2025-07-15 19:50:00+00:00,sell,53.90853,54.00751,53.809549999999994,53.809549999999994,766.4717523387213,75.86537404649009,7662.4027786954985,win,-0.09898000000000451,-2337.597221304491
2025-07-15 22:10:00+00:00,2025-07-15 23:25:00+00:00,sell,53.866609999999994,53.889990000000004,53.843229999999984,53.843229999999984,3277.33224067244,76.62402778695498,7739.026806482453,win,-0.02338000000001017,-2260.973193517536
2025-07-15 23:35:00+00:00,2025-07-15 23:40:00+00:00,sell,53.84269,53.866710000000005,53.81866999999999,53.81866999999999,3221.909578051672,77.39026806482454,7816.4170745472775,win,-0.024020000000007258,-2183.5829254527116
2025-07-15 23:50:00+00:00,2025-07-16 00:15:00+00:00,sell,53.800129999999996,53.85992,53.74033999999999,53.85992,1307.3117702870722,-78.16417074547277,7738.252903801805,loss,0.05979000000000667,-2261.7470961981844
2025-07-16 00:55:00+00:00,2025-07-16 01:55:00+00:00,sell,53.768229999999996,53.913830000000004,53.62262999999999,53.62262999999999,531.4734137226192,77.38252903801805,7815.635432839823,win,-0.14560000000000883,-2184.364567160166
2025-07-16 03:10:00+00:00,2025-07-16 04:20:00+00:00,sell,53.84623,53.91492,53.777539999999995,53.91492,1137.8126994962008,-78.15635432839824,7737.479078511425,loss,0.06869000000000369,-2262.5209214885645
2025-07-16 05:05:00+00:00,2025-07-16 09:05:00+00:00,sell,53.85279,53.953610000000005,53.75196999999999,53.953610000000005,767.4547786660356,-77.37479078511424,7660.104287726311,loss,0.1008200000000059,-2339.895712273679
2025-07-16 13:05:00+00:00,2025-07-16 14:00:00+00:00,buy,53.960710000000006,53.911629999999995,54.00979000000002,54.00979000000002,1560.738444931672,76.60104287726311,7736.705330603574,win,0.04908000000001067,-2263.294669396416
2025-07-16 15:30:00+00:00,2025-07-16 15:55:00+00:00,buy,53.99559,53.9578,54.03338,53.9578,2047.2890528190921,-77.36705330603574,7659.338277297538,loss,-0.0377900000000011,-2340.6617227024517
2025-07-16 18:05:00+00:00,2025-07-16 18:15:00+00:00,buy,53.97395,53.83305,54.114850000000004,54.114850000000004,543.6010132929332,76.59338277297539,7735.931660070513,win,0.14090000000000202,-2264.068339929476
2025-07-16 18:30:00+00:00,2025-07-17 00:25:00+00:00,buy,54.222100000000005,53.88691,54.55729000000001,53.88691,230.79243593396023,-77.35931660070513,7658.572343469808,loss,-0.3351900000000043,-2341.427656530181
2025-07-17 00:50:00+00:00,2025-07-17 12:00:00+00:00,sell,53.6371,54.15865,53.11554999999999,54.15865,146.8425336682914,-76.58572343469808,7581.986620035111,loss,0.5215500000000048,-2418.0133799648793
2025-07-17 13:25:00+00:00,2025-07-17 14:25:00+00:00,buy,54.11972,54.078979999999994,54.16046000000001,54.078979999999994,1861.0669170431693,-75.81986620035111,7506.166753834759,loss,-0.04074000000000666,-2493.8332461652303
2025-07-17 15:20:00+00:00,2025-07-17 15:25:00+00:00,buy,54.11431,54.07161,54.15701000000001,54.07161,1757.884485675443,-75.06166753834759,7431.105086296411,loss,-0.04270000000000351,-2568.894913703578
2025-07-17 15:40:00+00:00,2025-07-17 18:40:00+00:00,buy,54.11563,54.05934,54.17192000000001,54.17192000000001,1320.1465777750684,74.31105086296411,7505.4161371593755,win,0.05629000000000417,-2494.5838628406136
2025-07-17 21:35:00+00:00,2025-07-17 21:50:00+00:00,buy,54.12366,54.10315,54.14417,54.10315,3659.3935334757657,-75.05416137159375,7430.361975787781,loss,-0.020510000000001583,-2569.6380242122073
2025-07-17 22:15:00+00:00,2025-07-17 22:20:00+00:00,buy,54.12749,54.100109999999994,54.15487000000001,54.100109999999994,2713.791810002054,-74.30361975787781,7356.058356029904,loss,-0.027380000000007954,-2643.941643970085
2025-07-17 22:35:00+00:00,2025-07-17 23:40:00+00:00,buy,54.13306,54.06055,54.20557,54.06055,1014.4888092717947,-73.56058356029904,7282.497772469605,loss,-0.07251000000000118,-2717.502227530384
2025-07-18 00:00:00+00:00,2025-07-18 00:35:00+00:00,buy,54.17685,54.0505,54.303200000000004,54.0505,576.3749720988902,-72.82497772469604,7209.672794744909,loss,-0.12635000000000218,-2790.32720525508
2025-07-18 02:05:00+00:00,2025-07-21 17:35:00+00:00,buy,54.16624,53.80656,54.525920000000006,54.525920000000006,200.44686373289647,72.0967279474491,7281.769522692358,win,0.35968000000000444,-2718.230477307631
2025-07-21 18:00:00+00:00,2025-07-21 18:20:00+00:00,buy,54.536530000000006,54.48339,54.58967000000001,54.58967000000001,1370.299119813984,72.81769522692358,7354.587217919281,win,0.05314000000000618,-2645.4127820807075
2025-07-21 19:35:00+00:00,2025-07-21 20:05:00+00:00,buy,54.53857,54.50432,54.57282,54.50432,2147.324735158907,-73.54587217919281,7281.041345740088,loss,-0.034250000000000114,-2718.9586542599004
2025-07-21 21:20:00+00:00,2025-07-21 21:45:00+00:00,buy,54.506820000000005,54.48413,54.52951000000001,54.48413,3208.920822273558,-72.81041345740088,7208.230932282688,loss,-0.022690000000004318,-2791.7690677173014
2025-07-21 23:50:00+00:00,2025-07-21 23:55:00+00:00,buy,54.49817,54.482139999999994,54.51420000000001,54.482139999999994,4496.71299580736,-72.08230932282687,7136.14862295986,loss,-0.01603000000000776,-2863.851377040128
2025-07-22 03:45:00+00:00,2025-07-22 03:50:00+00:00,buy,54.497510000000005,54.414699999999996,54.580320000000015,54.414699999999996,861.749622383658,-71.36148622959861,7064.787136730261,loss,-0.08281000000000915,-2935.2128632697268
2025-07-22 05:05:00+00:00,2025-07-22 07:00:00+00:00,buy,54.47354,54.39049,54.55659,54.39049,850.6667232667376,-70.64787136730261,6994.139265362959,loss,-0.08305000000000007,-3005.8607346370295
2025-07-22 07:30:00+00:00,2025-07-22 08:15:00+00:00,buy,54.4759,54.38341,54.56839000000001,54.38341,756.2049157057602,-69.94139265362959,6924.197872709329,loss,-0.09249000000000507,-3075.802127290659
2025-07-22 09:05:00+00:00,2025-07-22 11:30:00+00:00,buy,54.45313,54.36911,54.537150000000004,54.537150000000004,824.1130531669995,69.2419787270933,6993.439851436423,win,0.08402000000000243,-3006.5601485635657
2025-07-22 11:40:00+00:00,2025-07-22 17:50:00+00:00,buy,54.54856,54.481249999999996,54.61587000000001,54.61587000000001,1038.9897268512523,69.93439851436423,7063.374249950787,win,0.0673100000000062,-2936.6257500492015
2025-07-22 18:10:00+00:00,2025-07-22 23:55:00+00:00,buy,54.62473,54.516529999999996,54.73293,54.73293,652.8072319732487,70.63374249950787,7134.007992450295,win,0.10820000000000363,-2865.992007549694
2025-07-23 03:25:00+00:00,2025-07-23 04:45:00+00:00,buy,54.671670000000006,54.5976,54.74574000000001,54.5976,963.1440519035657,-71.34007992450296,7062.667912525792,loss,-0.07407000000000608,-2937.3320874741967
2025-07-23 05:05:00+00:00,2025-07-23 10:00:00+00:00,buy,54.68788,54.59619,54.77957,54.77957,770.2767927283024,70.62667912525792,7133.294591651051,win,0.09168999999999983,-2866.705408348939
2025-07-23 10:10:00+00:00,2025-07-23 12:55:00+00:00,buy,54.78772,54.73253,54.84291,54.84291,1292.4976611072007,71.33294591651051,7204.627537567561,win,0.05519000000000318,-2795.372462432428
2025-07-23 15:45:00+00:00,2025-07-23 16:05:00+00:00,buy,54.82547,54.784,54.86694000000001,54.784,1737.3107155936545,-72.04627537567562,7132.581262191886,loss,-0.04147000000000389,-2867.4187378081037
2025-07-23 17:00:00+00:00,2025-07-23 18:10:00+00:00,buy,54.841730000000005,54.776689999999995,54.906770000000016,54.906770000000016,1096.6453355151818,71.32581262191886,7203.907074813805,win,0.06504000000001042,-2796.092925186185
2025-07-23 18:20:00+00:00,2025-07-24 00:00:00+00:00,buy,54.93974,54.837959999999995,55.041520000000006,55.041520000000006,707.7920097085325,72.03907074813804,7275.946145561943,win,0.10178000000000509,-2724.053854438047
2025-07-24 00:15:00+00:00,2025-07-24 01:00:00+00:00,buy,55.06721,54.8842,55.250220000000006,54.8842,397.5709603607357,-72.75946145561943,7203.186684106324,loss,-0.183010000000003,-2796.813315893666
2025-07-24 03:20:00+00:00,2025-07-24 06:55:00+00:00,buy,54.99672,54.913129999999995,55.08031000000001,54.913129999999995,861.728278993376,-72.03186684106323,7131.15481726526,loss,-0.08359000000000805,-2868.8451827347294
2025-07-24 07:25:00+00:00,2025-07-24 07:30:00+00:00,buy,55.014570000000006,54.90761,55.121530000000014,54.90761,666.7123052790512,-71.3115481726526,7059.843269092607,loss,-0.10696000000000794,-2940.156730907382
2025-07-24 08:55:00+00:00,2025-07-24 09:00:00+00:00,buy,54.948930000000004,54.917669999999994,54.980190000000015,54.980190000000015,2258.4271494210766,70.59843269092607,7130.441701783533,win,0.03126000000001028,-2869.558298216456
2025-07-24 09:10:00+00:00,2025-07-24 13:30:00+00:00,buy,54.99857,54.920629999999996,55.076510000000006,54.920629999999996,914.8629332541769,-71.30441701783533,7059.137284765698,loss,-0.07794000000000523,-2940.8627152342915
2025-07-24 14:05:00+00:00,2025-07-24 14:55:00+00:00,buy,54.92298,54.882949999999994,54.96301000000001,54.96301000000001,1763.4617248973693,70.59137284765698,7129.728657613355,win,0.04003000000000867,-2870.2713423866344
2025-07-24 16:05:00+00:00,2025-07-24 16:30:00+00:00,buy,54.91709,54.87739,54.956790000000005,54.956790000000005,1795.9014250913713,71.29728657613354,7201.025944189489,win,0.0397000000000034,-2798.974055810501
2025-07-24 16:50:00+00:00,2025-07-24 17:55:00+00:00,buy,54.96687,54.89275,55.04099,54.89275,971.5361500525402,-72.01025944189489,7129.015684747594,loss,-0.07412000000000063,-2870.984315252396
2025-07-24 21:10:00+00:00,2025-07-24 23:30:00+00:00,sell,54.82116,54.86383,54.77849,54.77849,1670.7325251341483,71.29015684747594,7200.30584159507,win,-0.042670000000001096,-2799.69415840492
2025-07-25 01:00:00+00:00,2025-07-25 01:05:00+00:00,sell,54.72985,55.008340000000004,54.451359999999994,54.451359999999994,258.5480929869992,72.0030584159507,7272.30890001102,win,-0.278490000000005,-2727.691099988969
2025-07-25 02:25:00+00:00,2025-07-25 03:55:00+00:00,sell,54.6753,54.776650000000004,54.573949999999996,54.573949999999996,717.5440453883338,72.7230890001102,7345.0319890111305,win,-0.1013500000000036,-2654.968010988859
2025-07-25 04:10:00+00:00,2025-07-25 08:35:00+00:00,sell,54.54016,54.721880000000006,54.358439999999995,54.721880000000006,404.1950247089424,-73.4503198901113,7271.581669121019,loss,0.18172000000000565,-2728.41833087897
2025-07-25 10:45:00+00:00,2025-07-25 14:20:00+00:00,sell,54.65961,54.769540000000006,54.549679999999995,54.549679999999995,661.4738168944461,72.7158166912102,7344.29748581223,win,-0.10993000000000563,-2655.7025141877602
2025-07-25 15:35:00+00:00,2025-07-25 15:40:00+00:00,sell,54.544259999999994,54.592600000000004,54.495919999999984,54.495919999999984,1519.300265993105,73.4429748581223,7417.740460670352,win,-0.048340000000010264,-2582.259539329638
2025-07-25 15:50:00+00:00,2025-07-28 01:10:00+00:00,sell,54.476099999999995,54.59089,54.36130999999999,54.36130999999999,646.2009287106838,74.17740460670352,7491.917865277056,win,-0.11479000000000639,-2508.0821347229344
2025-07-28 03:35:00+00:00,2025-07-28 03:55:00+00:00,sell,54.423289999999994,54.508810000000004,54.337769999999985,54.508810000000004,876.0427812530656,-74.91917865277057,7416.998686624285,loss,0.08552000000000959,-2583.0013133757047
2025-07-28 04:35:00+00:00,2025-07-28 06:15:00+00:00,sell,54.41647,54.5163,54.31663999999999,54.5163,742.9629056019198,-74.16998686624285,7342.828699758043,loss,0.0998300000000043,-2657.1713002419474
2025-07-28 06:30:00+00:00,2025-07-28 06:40:00+00:00,sell,54.41516,54.52252,54.3078,54.52252,683.9445510206828,-73.42828699758043,7269.400412760462,loss,0.1073599999999999,-2730.599587239528
2025-07-28 07:35:00+00:00,2025-07-28 16:05:00+00:00,sell,54.41095,54.525220000000004,54.296679999999995,54.525220000000004,636.1600081176302,-72.69400412760463,7196.706408632857,loss,0.11427000000000476,-2803.2935913671326
2025-07-28 16:40:00+00:00,2025-07-28 18:35:00+00:00,sell,54.45202,54.526410000000006,54.37762999999999,54.37762999999999,967.4292792891608,71.96706408632858,7268.673472719186,win,-0.07439000000000817,-2731.326527280804
2025-07-28 18:45:00+00:00,2025-07-28 19:00:00+00:00,sell,54.371469999999995,54.408710000000006,54.334229999999984,54.334229999999984,1951.8457230711567,72.68673472719186,7341.360207446378,win,-0.037240000000011264,-2658.639792553612
2025-07-28 19:10:00+00:00,2025-07-28 20:40:00+00:00,sell,54.30482,54.375440000000005,54.234199999999994,54.234199999999994,1039.5582281854763,73.41360207446378,7414.7738095208415,win,-0.07062000000000523,-2585.2261904791485
2025-07-28 20:50:00+00:00,2025-07-28 23:30:00+00:00,sell,54.218109999999996,54.274530000000006,54.161689999999986,54.161689999999986,1314.2101753845336,74.14773809520841,7488.92154761605,win,-0.05642000000000991,-2511.07845238394
2025-07-28 23:45:00+00:00,2025-07-29 00:00:00+00:00,sell,54.1241,54.20924,54.038959999999996,54.20924,879.6008395132507,-74.8892154761605,7414.032332139889,loss,0.08514000000000266,-2585.967667860101
2025-07-29 00:15:00+00:00,2025-07-29 00:25:00+00:00,sell,54.080189999999995,54.22171,53.93866999999999,53.93866999999999,523.885834662205,74.1403233213989,7488.172655461288,win,-0.14152000000000697,-2511.827344538702
2025-07-29 03:05:00+00:00,2025-07-29 07:15:00+00:00,sell,54.12524,54.20799,54.042489999999994,54.042489999999994,904.9151245269967,74.88172655461288,7563.054382015901,win,-0.08275000000000432,-2436.9456179840895
2025-07-29 09:35:00+00:00,2025-07-29 09:40:00+00:00,sell,54.16009,54.19981,54.120369999999994,54.120369999999994,1904.0922411921947,75.630543820159,7638.68492583606,win,-0.03972000000000264,-2361.3150741639306
2025-07-29 09:50:00+00:00,2025-07-29 12:25:00+00:00,sell,54.098819999999996,54.19981,53.99782999999999,54.19981,756.3803273428886,-76.3868492583606,7562.298076577699,loss,0.10099000000000302,-2437.701923422291
2025-07-29 13:55:00+00:00,2025-07-29 14:30:00+00:00,sell,54.19891,54.24221,54.155609999999996,54.155609999999996,1746.4891631818316,75.622980765777,7637.921057343477,win,-0.043300000000002115,-2362.0789426565143
2025-07-29 14:40:00+00:00,2025-07-29 15:30:00+00:00,sell,54.155249999999995,54.20438,54.10611999999999,54.10611999999999,1554.6348579976927,76.37921057343476,7714.300267916911,win,-0.049130000000005225,-2285.6997320830797
2025-07-29 15:40:00+00:00,2025-07-29 16:10:00+00:00,sell,54.09984,54.16241,54.03727,54.03727,1232.9071868174524,77.14300267916911,7791.443270596081,win,-0.0625700000000009,-2208.5567294039106
2025-07-29 19:35:00+00:00,2025-07-29 20:15:00+00:00,sell,54.13359,54.161260000000006,54.10591999999999,54.161260000000006,2815.8450562319954,-77.9144327059608,7713.52883789012,loss,0.027670000000007633,-2286.4711621098713
2025-07-29 20:55:00+00:00,2025-07-29 22:00:00+00:00,sell,54.1194,54.18636,54.05244,54.18636,1151.9606986096064,-77.1352883789012,7636.393549511218,loss,0.06696000000000168,-2363.6064504887727
2025-07-30 06:10:00+00:00,2025-07-30 07:00:00+00:00,buy,54.208740000000006,54.13144,54.286040000000014,54.13144,987.8904979961726,-76.36393549511219,7560.029614016106,loss,-0.07730000000000814,-2439.970385983885
2025-07-30 08:55:00+00:00,2025-07-30 09:00:00+00:00,sell,54.11017,54.13212,54.08821999999999,54.08821999999999,3444.2048355420316,75.60029614016106,7635.629910156267,win,-0.02195000000000391,-2364.370089843724
2025-07-30 10:05:00+00:00,2025-07-30 12:25:00+00:00,buy,54.27127,54.217549999999996,54.32499000000001,54.32499000000001,1421.375634801839,76.35629910156267,7711.98620925783,win,0.05372000000000554,-2288.0137907421613
2025-07-30 12:55:00+00:00,2025-07-30 13:30:00+00:00,buy,54.326440000000005,54.27742,54.37546000000001,54.27742,1573.2326008276034,-77.1198620925783,7634.866347165252,loss,-0.04902000000000584,-2365.1336528347397
2025-07-30 14:45:00+00:00,2025-07-30 14:55:00+00:00,buy,54.25864,54.231669999999994,54.285610000000005,54.285610000000005,2830.873691940539,76.34866347165251,7711.2150106369045,win,0.02697000000000571,-2288.7849893630873
2025-07-30 16:05:00+00:00,2025-07-30 18:50:00+00:00,sell,54.03391,54.16832,53.899499999999996,53.899499999999996,573.7084302237004,77.11215010636904,7788.327160743273,win,-0.13441000000000258,-2211.6728392567184
2025-07-30 19:00:00+00:00,2025-07-30 21:00:00+00:00,sell,53.88773,53.946200000000005,53.82925999999999,53.946200000000005,1332.0210639203615,-77.88327160743273,7710.44388913584,loss,0.058470000000006905,-2289.556110864151
2025-07-30 21:45:00+00:00,2025-07-30 22:25:00+00:00,sell,53.839859999999994,53.98505,53.69466999999999,53.69466999999999,531.0588807173698,77.10443889135843,7787.548328027199,win,-0.1451900000000066,-2212.4516719727926
2025-07-30 23:40:00+00:00,2025-07-31 00:00:00+00:00,sell,53.718619999999994,53.789060000000006,53.64817999999998,53.789060000000006,1105.557684273973,-77.875483280272,7709.672844746927,loss,0.07044000000001205,-2290.3271552530646
2025-07-31 00:40:00+00:00,2025-07-31 00:45:00+00:00,sell,53.683429999999994,53.885650000000005,53.48120999999998,53.48120999999998,381.2517478363417,77.09672844746927,7786.769573194396,win,-0.20222000000001117,-2213.2304268055955
2025-07-31 03:15:00+00:00,2025-07-31 05:25:00+00:00,sell,53.81032,53.888850000000005,53.73178999999999,53.888850000000005,991.5662260529258,-77.86769573194395,7708.901877462452,loss,0.07853000000000776,-2291.0981225375394
2025-07-31 05:35:00+00:00,2025-07-31 07:00:00+00:00,sell,53.83016,53.89045,53.76987,53.89045,1278.6369012211317,-77.08901877462452,7631.812858687827,loss,0.06029000000000195,-2368.187141312164
2025-07-31 10:30:00+00:00,2025-07-31 10:35:00+00:00,sell,53.961969999999994,54.021730000000005,53.90220999999998,53.90220999999998,1277.077118254079,76.31812858687827,7708.130987274706,win,-0.05976000000001136,-2291.8690127252858
2025-07-31 10:45:00+00:00,2025-07-31 16:40:00+00:00,sell,53.78042,54.006220000000006,53.55461999999999,53.55461999999999,341.3698400032984,77.08130987274706,7785.212297147453,win,-0.22580000000000666,-2214.7877028525386
2025-07-31 16:50:00+00:00,2025-07-31 17:20:00+00:00,sell,53.5443,53.594120000000004,53.494479999999996,53.594120000000004,1562.6680644614275,-77.85212297147453,7707.3601741759785,loss,0.04982000000000397,-2292.6398258240133
2025-07-31 18:40:00+00:00,2025-07-31 19:15:00+00:00,sell,53.67178,53.721630000000005,53.62192999999999,53.721630000000005,1546.1103659327966,-77.07360174175979,7630.286572434219,loss,0.04985000000000639,-2369.713427565773
2025-07-31 20:30:00+00:00,2025-07-31 21:40:00+00:00,sell,53.70852,53.75706,53.65998,53.75706,1571.9585027675723,-76.3028657243422,7553.983706709877,loss,0.04854000000000269,-2446.0162932901153
2025-07-31 22:55:00+00:00,2025-07-31 23:00:00+00:00,sell,53.751819999999995,53.788320000000006,53.715319999999984,53.715319999999984,2069.584577180173,75.53983706709877,7629.523543776976,win,-0.03650000000001086,-2370.4764562230166
2025-07-31 23:30:00+00:00,2025-08-01 11:40:00+00:00,sell,53.67988,53.77508,53.58467999999999,53.58467999999999,801.4205403126613,76.29523543776976,7705.8187792147455,win,-0.0952000000000055,-2294.1812207852468
2025-08-01 11:50:00+00:00,2025-08-01 12:50:00+00:00,sell,53.55997,53.645050000000005,53.474889999999995,53.474889999999995,905.7144780458743,77.05818779214745,7782.876967006893,win,-0.08508000000000493,-2217.1230329930995
2025-08-01 14:45:00+00:00,2025-08-01 15:20:00+00:00,sell,53.538019999999996,53.56499,53.51104999999999,53.51104999999999,2885.753417502872,77.82876967006894,7860.705736676962,win,-0.02697000000000571,-2139.2942633230305
2025-08-01 16:35:00+00:00,2025-08-01 18:25:00+00:00,buy,54.110910000000004,53.89595,54.32587000000001,53.89595,365.68225421830954,-78.60705736676962,7782.098679310193,loss,-0.21496000000000492,-2217.9013206898003
2025-08-01 21:15:00+00:00,2025-08-01 21:35:00+00:00,buy,53.79514,53.734739999999995,53.85554000000001,53.85554000000001,1288.426933660448,77.82098679310194,7859.919666103295,win,0.06040000000000845,-2140.0803338966984
2025-08-01 21:45:00+00:00,2025-08-01 22:00:00+00:00,buy,53.86903,53.7731,53.964960000000005,53.7731,819.3390666218149,-78.59919666103295,7781.320469442262,loss,-0.09593000000000274,-2218.6795305577316
2025-08-01 22:30:00+00:00,2025-08-04 00:05:00+00:00,buy,53.88505,53.77063,53.99947,53.99947,680.0664629821782,77.81320469442262,7859.133674136685,win,0.11442000000000263,-2140.866325863309
2025-08-04 00:50:00+00:00,2025-08-04 17:20:00+00:00,buy,54.00092,53.79201,54.209830000000004,54.209830000000004,376.1971027780657,78.59133674136685,7937.725010878052,win,0.20891000000000304,-2062.2749891219423
2025-08-04 17:30:00+00:00,2025-08-04 18:20:00+00:00,buy,54.21226,54.05088,54.37364,54.05088,491.86547347118557,-79.37725010878052,7858.347760769271,loss,-0.1613800000000012,-2141.652239230723
2025-08-04 19:45:00+00:00,2025-08-04 20:10:00+00:00,buy,54.04319,53.9985,54.087880000000006,53.9985,1758.413014269139,-78.58347760769271,7779.7642831615785,loss,-0.04469000000000278,-2220.2357168384156
2025-08-04 22:05:00+00:00,2025-08-04 22:55:00+00:00,buy,54.026650000000004,53.95804,54.09526000000001,53.95804,1133.9111329486689,-77.79764283161579,7701.9666403299625,loss,-0.06861000000000672,-2298.033359670031
2025-08-05 01:45:00+00:00,2025-08-05 02:00:00+00:00,buy,54.07143,54.05759,54.08527,54.05759,5565.00479792553,-77.01966640329962,7624.946973926663,loss,-0.01384000000000185,-2375.053026073331
2025-08-05 02:25:00+00:00,2025-08-06 00:15:00+00:00,buy,54.08362,53.732479999999995,54.43476000000001,53.732479999999995,217.1483446467645,-76.24946973926663,7548.697504187397,loss,-0.351140000000008,-2451.3024958125975
2025-08-06 00:25:00+00:00,2025-08-06 03:05:00+00:00,sell,53.67632,54.118520000000004,53.23411999999999,54.118520000000004,170.70776807298236,-75.48697504187396,7473.210529145523,loss,0.4422000000000068,-2526.7894708544713
2025-08-06 05:20:00+00:00,2025-08-06 05:35:00+00:00,buy,54.029810000000005,54.01428,54.04534000000001,54.04534000000001,4812.112381933636,74.73210529145523,7547.942634436978,win,0.015530000000005373,-2452.057365563016
2025-08-06 05:55:00+00:00,2025-08-06 06:15:00+00:00,buy,54.04878,54.022079999999995,54.075480000000006,54.075480000000006,2826.944806904677,75.47942634436978,7623.422060781348,win,0.026700000000005275,-2376.5779392186464
2025-08-06 06:25:00+00:00,2025-08-06 18:05:00+00:00,buy,54.1315,54.02242,54.24058000000001,54.24058000000001,698.8835772626458,76.23422060781348,7699.656281389161,win,0.10908000000000584,-2300.343718610833
2025-08-06 18:15:00+00:00,2025-08-06 18:50:00+00:00,buy,54.25302,54.1981,54.30794,54.30794,1401.9767446082988,76.99656281389161,7776.652844203053,win,0.054920000000002744,-2223.3471557969415
2025-08-06 19:00:00+00:00,2025-08-06 23:35:00+00:00,buy,54.309290000000004,54.21991,54.39867000000001,54.21991,870.0663285077835,-77.76652844203053,7698.886315761022,loss,-0.08938000000000557,-2301.113684238972
2025-08-07 00:00:00+00:00,2025-08-07 00:10:00+00:00,buy,54.32331,54.21315,54.43347,54.43347,698.8822000509249,76.98886315761023,7775.875178918633,win,0.11016000000000048,-2224.124821081362
2025-08-07 01:20:00+00:00,2025-08-11 07:00:00+00:00,buy,54.434470000000005,54.001439999999995,54.867500000000014,54.867500000000014,179.56897163980477,77.75875178918633,7853.633930707819,win,0.43303000000000935,-2146.366069292176
2025-08-11 07:20:00+00:00,2025-08-11 14:00:00+00:00,buy,54.86997,54.749159999999996,54.99078000000001,54.749159999999996,650.0814444754109,-78.5363393070782,7775.09759140074,loss,-0.12081000000000586,-2224.902408599254
2025-08-11 17:05:00+00:00,2025-08-11 17:30:00+00:00,sell,54.637049999999995,54.67438,54.59971999999999,54.59971999999999,2082.8013906776973,77.75097591400741,7852.848567314748,win,-0.037330000000004304,-2147.1514326852466
2025-08-11 17:40:00+00:00,2025-08-11 18:40:00+00:00,sell,54.59014,54.62332,54.55696,54.62332,2366.741581469073,-78.52848567314749,7774.3200816416,loss,0.03318000000000154,-2225.679918358394
2025-08-11 22:15:00+00:00,2025-08-11 23:50:00+00:00,sell,54.682269999999995,54.71303,54.65150999999999,54.65150999999999,2527.4122502079344,77.743200816416,7852.063282458016,win,-0.030760000000007892,-2147.936717541978
2025-08-12 00:40:00+00:00,2025-08-12 00:45:00+00:00,sell,54.6432,54.712700000000005,54.573699999999995,54.712700000000005,1129.7932780514318,-78.52063282458016,7773.542649633436,loss,0.069500000000005,-2226.457350366558
2025-08-12 03:10:00+00:00,2025-08-12 08:10:00+00:00,sell,54.634139999999995,54.72641,54.54186999999999,54.72641,842.4777988114128,-77.73542649633436,7695.807223137102,loss,0.09227000000000629,-2304.192776862892
2025-08-12 08:20:00+00:00,2025-08-12 09:05:00+00:00,sell,54.64013,54.72854,54.551719999999996,54.72854,870.4679587305534,-76.95807223137102,7618.84915090573,loss,0.08841000000000321,-2381.150849094263
2025-08-12 10:05:00+00:00,2025-08-12 10:25:00+00:00,buy,54.73988,54.702209999999994,54.777550000000005,54.777550000000005,2022.5243299454708,76.1884915090573,7695.037642414788,win,0.03767000000000564,-2304.9623575852056
2025-08-12 10:35:00+00:00,2025-08-12 10:45:00+00:00,buy,54.780750000000005,54.742619999999995,54.818880000000014,54.818880000000014,2018.105859536549,76.95037642414788,7771.988018838936,win,0.038130000000009545,-2228.0119811610575
2025-08-12 10:55:00+00:00,2025-08-12 15:30:00+00:00,buy,54.8203,54.752069999999996,54.88853000000001,54.88853000000001,1139.0866215503665,77.71988018838937,7849.707899027326,win,0.0682300000000069,-2150.2921009726683
2025-08-12 15:40:00+00:00,2025-08-13 00:25:00+00:00,buy,55.01755,54.79667,55.23843,54.79667,355.38337101717167,-78.49707899027327,7771.210820037052,loss,-0.22088000000000108,-2228.7891799629415
2025-08-13 05:30:00+00:00,2025-08-13 10:05:00+00:00,buy,54.99936,54.89861,55.10011000000001,55.10011000000001,771.3360615421009,77.71210820037052,7848.922928237423,win,0.100750000000005,-2151.077071762571
2025-08-13 10:15:00+00:00,2025-08-13 10:35:00+00:00,buy,55.136410000000005,55.06852,55.20430000000001,55.20430000000001,1156.1235716949154,78.48922928237424,7927.412157519797,win,0.06789000000000556,-2072.5878424801967
2025-08-13 10:50:00+00:00,2025-08-13 11:20:00+00:00,buy,55.2192,55.166019999999996,55.272380000000005,55.272380000000005,1490.6754715154382,79.27412157519797,8006.6862790949945,win,0.05318000000000467,-1993.3137209049987
2025-08-13 12:00:00+00:00,2025-08-13 17:20:00+00:00,buy,55.28495,55.203019999999995,55.36688000000001,55.36688000000001,977.2594018179318,80.06686279094994,8086.753141885944,win,0.08193000000000694,-1913.2468581140488
2025-08-13 17:30:00+00:00,2025-08-13 17:45:00+00:00,buy,55.368010000000005,55.329519999999995,55.406500000000015,55.329519999999995,2101.0010760934833,-80.86753141885946,8005.885610467085,loss,-0.03849000000001013,-1994.1143895329083
2025-08-13 19:00:00+00:00,2025-08-13 19:20:00+00:00,buy,55.3521,55.324349999999995,55.379850000000005,55.324349999999995,2885.003823591264,-80.05885610467085,7925.826754362414,loss,-0.027750000000004604,-2074.173245637579
2025-08-13 19:55:00+00:00,2025-08-13 20:30:00+00:00,buy,55.35916,55.31296,55.40536000000001,55.31296,1715.5469165284378,-79.25826754362414,7846.56848681879,loss,-0.046200000000006014,-2153.431513181203
2025-08-13 21:05:00+00:00,2025-08-13 21:15:00+00:00,buy,55.34595,55.30148,55.390420000000006,55.30148,1764.4633431117795,-78.4656848681879,7768.102801950602,loss,-0.044470000000004006,-2231.897198049391
2025-08-13 22:55:00+00:00,2025-08-13 23:50:00+00:00,buy,55.326440000000005,55.293679999999995,55.359200000000016,55.359200000000016,2371.2157515104245,77.68102801950602,7845.783829970108,win,0.032760000000010336,-2154.2161700298852
2025-08-14 00:05:00+00:00,2025-08-14 00:10:00+00:00,buy,55.39417,55.30952,55.478820000000006,55.478820000000006,926.849832246874,78.45783829970108,7924.241668269809,win,0.08465000000000344,-2075.758331730184
2025-08-14 02:30:00+00:00,2025-08-14 02:45:00+00:00,buy,55.48959,55.46214,55.51704,55.46214,2886.7911359815316,-79.24241668269809,7844.999251587112,loss,-0.02745000000000175,-2155.0007484128823
2025-08-14 05:15:00+00:00,2025-08-14 05:20:00+00:00,buy,55.403490000000005,55.35668,55.45030000000001,55.35668,1675.923787990986,-78.44999251587112,7766.549259071241,loss,-0.04681000000000779,-2233.4507409287535
2025-08-14 06:35:00+00:00,2025-08-14 06:50:00+00:00,buy,55.33981,55.325849999999996,55.353770000000004,55.353770000000004,5563.430701338672,77.66549259071242,7844.214751661953,win,0.013960000000004413,-2155.785248338041
2025-08-14 07:25:00+00:00,2025-08-14 08:45:00+00:00,buy,55.41872,55.32736,55.51008,55.32736,858.6049421696379,-78.44214751661954,7765.772604145334,loss,-0.09136000000000166,-2234.2273958546607
2025-08-14 09:05:00+00:00,2025-08-14 09:25:00+00:00,buy,55.4132,55.3236,55.50280000000001,55.50280000000001,866.7156924268926,77.65772604145334,7843.430330186788,win,0.08960000000000434,-2156.5696698132074
2025-08-14 09:35:00+00:00,2025-08-14 09:50:00+00:00,buy,55.5101,55.46292,55.557280000000006,55.46292,1662.448141200943,-78.43430330186787,7764.99602688492,loss,-0.04718000000000444,-2235.003973115075
2025-08-14 10:00:00+00:00,2025-08-14 10:45:00+00:00,buy,55.518190000000004,55.46078,55.57560000000001,55.46078,1352.551128180513,-77.6499602688492,7687.346066616071,loss,-0.0574100000000044,-2312.653933383924
2025-08-14 12:10:00+00:00,2025-08-14 15:30:00+00:00,buy,55.50695,55.45397,55.55993000000001,55.45397,1450.9901975491366,-76.87346066616071,7610.47260594991,loss,-0.052980000000005134,-2389.5273940500847
2025-08-14 17:25:00+00:00,2025-08-14 18:35:00+00:00,buy,55.36157,55.308749999999996,55.414390000000004,55.308749999999996,1440.8316179381525,-76.1047260594991,7534.367879890411,loss,-0.052820000000004086,-2465.632120109584
2025-08-14 23:10:00+00:00,2025-08-14 23:15:00+00:00,sell,55.28798,55.30037,55.275589999999994,55.275589999999994,6081.007166980073,75.34367879890411,7609.711558689315,win,-0.012390000000003454,-2390.28844131068
2025-08-14 23:30:00+00:00,2025-08-15 00:10:00+00:00,sell,55.24849,55.297180000000004,55.19979999999999,55.297180000000004,1562.8900305377113,-76.09711558689315,7533.614443102422,loss,0.04869000000000767,-2466.385556897573
2025-08-15 00:50:00+00:00,2025-08-15 01:10:00+00:00,sell,55.202769999999994,55.31036,55.095179999999985,55.095179999999985,700.2151169348263,75.33614443102422,7608.950587533446,win,-0.10759000000000896,-2391.049412466549
2025-08-15 09:05:00+00:00,2025-08-15 10:05:00+00:00,buy,55.3729,55.285869999999996,55.45993000000001,55.45993000000001,874.2905420582497,76.08950587533447,7685.040093408781,win,0.08703000000000571,-2314.9599065912143
2025-08-15 11:20:00+00:00,2025-08-15 11:40:00+00:00,buy,55.45342,55.42626,55.48058,55.42626,2829.543480636302,-76.85040093408782,7608.189692474693,loss,-0.02716000000000207,-2391.810307525302
2025-08-15 12:30:00+00:00,2025-08-15 15:30:00+00:00,buy,55.466280000000005,55.42337,55.50919000000001,55.42337,1773.0574906720092,-76.08189692474694,7532.107795549947,loss,-0.04291000000000622,-2467.892204450049
2025-08-15 15:40:00+00:00,2025-08-15 20:00:00+00:00,buy,55.49287,55.41307,55.57267000000001,55.41307,943.8731573370168,-75.32107795549948,7456.7867175944475,loss,-0.07980000000000587,-2543.2132824055484
2025-08-15 23:15:00+00:00,2025-08-15 23:50:00+00:00,buy,55.424400000000006,55.311989999999994,55.53681000000002,55.311989999999994,663.3561709450852,-74.56786717594447,7382.218850418503,loss,-0.11241000000001122,-2617.781149581493
2025-08-18 00:30:00+00:00,2025-08-18 21:35:00+00:00,buy,55.427350000000004,55.22051,55.63419000000001,55.22051,356.9047984151161,-73.82218850418504,7308.396661914318,loss,-0.2068400000000068,-2691.603338085678
2025-08-18 21:50:00+00:00,2025-08-18 22:25:00+00:00,sell,55.21724,55.248400000000004,55.18607999999999,55.248400000000004,2345.441804208179,-73.08396661914318,7235.312695295175,loss,0.03116000000000696,-2764.687304704821
2025-08-18 22:50:00+00:00,2025-08-18 23:20:00+00:00,sell,55.23173,55.25475,55.208709999999996,55.208709999999996,3143.0550370523,72.35312695295175,7307.665822248127,win,-0.023020000000002483,-2692.3341777518694
2025-08-18 23:40:00+00:00,2025-08-18 23:55:00+00:00,sell,55.20444,55.240500000000004,55.16837999999999,55.16837999999999,2026.5296234738967,73.07665822248127,7380.742480470609,win,-0.0360600000000062,-2619.257519529388
2025-08-19 00:25:00+00:00,2025-08-19 00:30:00+00:00,sell,55.1669,55.22787,55.105929999999994,55.22787,1210.553137685755,-73.80742480470609,7306.935055665903,loss,0.06097000000000463,-2693.064944334094
2025-08-19 04:15:00+00:00,2025-08-19 08:20:00+00:00,sell,55.142019999999995,55.206700000000005,55.077339999999985,55.206700000000005,1129.7054817045132,-73.06935055665903,7233.865705109244,loss,0.06468000000000984,-2766.134294890753
2025-08-19 09:00:00+00:00,2025-08-19 09:05:00+00:00,sell,55.155089999999994,55.23754,55.072639999999986,55.23754,877.3639424024853,-72.33865705109244,7161.527048058152,loss,0.08245000000000857,-2838.4729519418456
2025-08-19 15:15:00+00:00,2025-08-19 15:30:00+00:00,buy,55.32932,55.29991,55.35873000000001,55.29991,2435.065300257315,-71.61527048058153,7089.91177757757,loss,-0.02941000000000571,-2910.088222422427
2025-08-19 16:45:00+00:00,2025-08-19 17:50:00+00:00,buy,55.271910000000005,55.218599999999995,55.325220000000016,55.218599999999995,1329.9403071799263,-70.89911777577571,7019.012659801795,loss,-0.053310000000010405,-2980.9873401982027
2025-08-19 19:05:00+00:00,2025-08-19 21:20:00+00:00,sell,55.188199999999995,55.233250000000005,55.143149999999984,55.143149999999984,1558.0494250388822,70.19012659801795,7089.202786399813,win,-0.04505000000001047,-2910.797213600185
2025-08-19 21:40:00+00:00,2025-08-19 22:35:00+00:00,sell,55.138099999999994,55.17654,55.099659999999986,55.17654,1844.2254907383588,-70.89202786399812,7018.310758535815,loss,0.03844000000000847,-2981.689241464183
2025-08-19 23:40:00+00:00,2025-08-19 23:55:00+00:00,sell,55.147619999999996,55.179770000000005,55.11546999999999,55.179770000000005,2182.989349466235,-70.18310758535814,6948.127650950457,loss,0.03215000000000856,-3051.8723490495413
2025-08-20 00:50:00+00:00,2025-08-20 00:55:00+00:00,sell,55.136919999999996,55.19304,55.08079999999999,55.08079999999999,1238.0840432910875,69.48127650950457,7017.608927459962,win,-0.05612000000000705,-2982.391072540037
2025-08-20 03:10:00+00:00,2025-08-20 08:45:00+00:00,sell,55.074709999999996,55.171670000000006,54.977749999999986,55.171670000000006,723.7632969739319,-70.17608927459962,6947.432838185362,loss,0.09696000000000993,-3052.5671618146366
2025-08-20 12:10:00+00:00,2025-08-20 14:00:00+00:00,buy,55.287850000000006,55.234359999999995,55.34134000000002,55.234359999999995,1298.8283488846464,-69.47432838185362,6877.958509803509,loss,-0.053490000000010696,-3122.04149019649
2025-08-20 15:30:00+00:00,2025-08-20 17:15:00+00:00,buy,55.22968,55.15295,55.30641000000001,55.15295,896.3845314483349,-68.77958509803508,6809.178924705474,loss,-0.07673000000000485,-3190.821075294525
2025-08-20 18:10:00+00:00,2025-08-20 18:50:00+00:00,sell,55.13317,55.181340000000006,55.084999999999994,55.084999999999994,1413.572539901312,68.09178924705473,6877.270713952528,win,-0.04817000000000604,-3122.7292860474704
2025-08-20 21:15:00+00:00,2025-08-20 23:30:00+00:00,sell,55.088879999999996,55.140260000000005,55.03749999999999,55.03749999999999,1338.5112327659288,68.77270713952528,6946.043421092054,win,-0.05138000000000886,-3053.956578907945
2025-08-21 00:25:00+00:00,2025-08-21 00:30:00+00:00,sell,55.03481,55.0704,54.99922,55.0704,1951.6840182894705,-69.46043421092054,6876.582986881133,loss,0.03558999999999912,-3123.4170131188657
2025-08-21 03:05:00+00:00,2025-08-21 03:40:00+00:00,sell,55.120369999999994,55.20159,55.039149999999985,55.20159,846.6612887072613,-68.76582986881134,6807.817157012322,loss,0.08122000000000895,-3192.182842987677
2025-08-21 03:50:00+00:00,2025-08-21 04:00:00+00:00,sell,55.106539999999995,55.21181,55.00126999999999,55.21181,646.7005943775089,-68.07817157012322,6739.738985442199,loss,0.10527000000000442,-3260.2610145578
2025-08-21 05:20:00+00:00,2025-08-21 09:10:00+00:00,sell,55.11275,55.20626,55.019239999999996,55.20626,720.7506133506637,-67.39738985442199,6672.341595587777,loss,0.09351000000000198,-3327.658404412222
2025-08-21 10:30:00+00:00,2025-08-21 11:30:00+00:00,buy,55.209210000000006,55.16636,55.252060000000014,55.252060000000014,1557.1392288416464,66.72341595587777,6739.065011543655,win,0.04285000000000849,-3260.934988456344
2025-08-21 12:10:00+00:00,2025-08-21 15:00:00+00:00,buy,55.301790000000004,55.21817,55.38541000000001,55.21817,805.9154522295364,-67.39065011543654,6671.674361428218,loss,-0.08362000000000336,-3328.3256385717805
2025-08-21 15:25:00+00:00,2025-08-21 15:30:00+00:00,buy,55.252860000000005,55.204319999999996,55.301400000000015,55.301400000000015,1374.469378126673,66.71674361428218,6738.3911050424995,win,0.0485400000000098,-3261.6088949574983
2025-08-21 18:05:00+00:00,2025-08-21 18:15:00+00:00,sell,55.084979999999995,55.139190000000006,55.03076999999998,55.03076999999998,1243.0162525440003,67.383911050425,6805.7750160929245,win,-0.05421000000001186,-3194.2249839070732
2025-08-21 19:00:00+00:00,2025-08-21 20:50:00+00:00,sell,55.03013,55.10953,54.95073,55.10953,857.1505058051575,-68.05775016092925,6737.717265931995,loss,0.07939999999999969,-3262.2827340680024
2025-08-21 21:10:00+00:00,2025-08-21 23:40:00+00:00,sell,55.077909999999996,55.11063,55.04518999999999,55.04518999999999,2059.2045433774506,67.37717265931995,6805.094438591314,win,-0.032720000000004745,-3194.9055614086824
2025-08-21 23:55:00+00:00,2025-08-22 00:05:00+00:00,sell,55.01752,55.062250000000006,54.97278999999999,55.062250000000006,1521.371437198757,-68.05094438591314,6737.043494205402,loss,0.044730000000008374,-3262.9565057945956
2025-08-22 00:45:00+00:00,2025-08-22 00:50:00+00:00,sell,54.99655,55.067530000000005,54.92556999999999,55.067530000000005,949.1467306572063,-67.37043494205402,6669.673059263348,loss,0.07098000000000582,-3330.3269407366497
2025-08-22 02:10:00+00:00,2025-08-22 02:15:00+00:00,sell,55.04262,55.067980000000006,55.01725999999999,55.01725999999999,2629.997263115812,66.69673059263347,6736.369789855981,win,-0.025360000000006266,-3263.630210144016
2025-08-22 03:15:00+00:00,2025-08-22 03:35:00+00:00,sell,54.98377,55.06474,54.9028,55.06474,831.9587242010532,-67.36369789855982,6669.006091957422,loss,0.08097000000000065,-3330.9939080425756
2025-08-22 04:50:00+00:00,2025-08-22 11:10:00+00:00,sell,54.98412,55.07117,54.89706999999999,55.07117,766.112130035272,-66.69006091957422,6602.316031037847,loss,0.08705000000000496,-3397.6839689621497
2025-08-22 17:05:00+00:00,2025-08-22 17:10:00+00:00,buy,55.154590000000006,55.10973,55.19945000000001,55.19945000000001,1471.760149584667,66.02316031037847,6668.3391913482255,win,0.044860000000007005,-3331.6608086517713
2025-08-22 17:20:00+00:00,2025-08-25 23:50:00+00:00,buy,55.41817,55.10973,55.72661000000001,55.10973,216.19566824497886,-66.68339191348225,6601.655799434743,loss,-0.3084400000000045,-3398.3442005652537
2025-08-26 00:25:00+00:00,2025-08-26 00:30:00+00:00,sell,55.10185,55.18605,55.017649999999996,55.18605,784.0446317618207,-66.01655799434744,6535.639241440395,loss,0.08420000000000272,-3464.360758559601
2025-08-26 03:00:00+00:00,2025-08-26 03:15:00+00:00,sell,55.07769,55.193290000000005,54.96208999999999,55.193290000000005,565.3667163875398,-65.35639241440396,6470.282849025992,loss,0.1156000000000077,-3529.717150974005
2025-08-26 04:30:00+00:00,2025-08-26 04:45:00+00:00,sell,55.162589999999994,55.21018,55.11499999999999,55.21018,1359.5887474312005,-64.70282849025992,6405.580020535732,loss,0.04759000000000668,-3594.419979464265
2025-08-26 06:00:00+00:00,2025-08-26 06:55:00+00:00,sell,55.162389999999995,55.212790000000005,55.111989999999984,55.111989999999984,1270.9484167726994,64.05580020535731,6469.635820741089,win,-0.050400000000010436,-3530.364179258908
2025-08-26 10:05:00+00:00,2025-08-26 10:10:00+00:00,sell,55.21749,55.25274,55.18223999999999,55.18223999999999,1835.3576796426078,64.6963582074109,6534.332178948501,win,-0.03525000000000489,-3465.667821051497
2025-08-26 10:20:00+00:00,2025-08-26 10:30:00+00:00,sell,55.158289999999994,55.25274,55.063839999999985,55.25274,691.829770137414,-65.343321789485,6468.988857159015,loss,0.09445000000000903,-3531.011142840982
2025-08-26 14:05:00+00:00,2025-08-26 14:35:00+00:00,buy,55.329800000000006,55.295809999999996,55.363790000000016,55.363790000000016,1903.2035472659961,64.68988857159016,6533.678745730605,win,0.03399000000000996,-3466.321254269392
2025-08-26 14:50:00+00:00,2025-08-26 15:30:00+00:00,buy,55.370180000000005,55.325269999999996,55.41509000000001,55.325269999999996,1454.8382867355479,-65.33678745730606,6468.3419582732995,loss,-0.044910000000008665,-3531.658041726698
2025-08-26 16:45:00+00:00,2025-08-26 17:10:00+00:00,buy,55.325030000000005,55.286719999999995,55.363340000000015,55.286719999999995,1688.4212890294018,-64.683419582733,6403.658538690566,loss,-0.038310000000009836,-3596.341461309431
2025-08-26 17:20:00+00:00,2025-08-26 21:05:00+00:00,buy,55.34561,55.286199999999994,55.40502000000001,55.286199999999994,1077.875532518066,-64.03658538690567,6339.621953303661,loss,-0.059410000000006846,-3660.3780466963367
2025-08-26 21:45:00+00:00,2025-08-26 22:25:00+00:00,buy,55.31788,55.28397,55.35179000000001,55.35179000000001,1869.5434837223715,63.396219533036614,6403.018172836698,win,0.03391000000000588,-3596.9818271633003
2025-08-26 23:50:00+00:00,2025-08-26 23:55:00+00:00,buy,55.309340000000006,55.297549999999994,55.32113000000002,55.297549999999994,5430.889035479393,-64.03018172836698,6338.987991108331,loss,-0.011790000000011958,-3661.0120088916674
2025-08-27 00:20:00+00:00,2025-08-27 00:25:00+00:00,sell,55.260389999999994,55.34897,55.17180999999999,55.34897,715.6229387116505,-63.38987991108332,6275.598111197248,loss,0.08858000000000743,-3724.401888802751
2025-08-27 00:55:00+00:00,2025-08-27 19:30:00+00:00,sell,54.94336,55.35604,54.53068,55.35604,152.06935425019924,-62.75598111197248,6212.842130085275,loss,0.4126800000000017,-3787.1578699147235
2025-08-27 19:40:00+00:00,2025-08-27 19:45:00+00:00,buy,55.358630000000005,55.315009999999994,55.402250000000016,55.402250000000016,1424.3104378917155,62.12842130085275,6274.970551386128,win,0.043620000000011316,-3725.029448613871
2025-08-27 19:55:00+00:00,2025-08-28 00:00:00+00:00,buy,55.406040000000004,55.333749999999995,55.478330000000014,55.478330000000014,868.0274659545306,62.74970551386127,6337.720256899989,win,0.07229000000000951,-3662.27974310001
2025-08-28 01:30:00+00:00,2025-08-29 14:10:00+00:00,buy,55.555080000000004,55.340039999999995,55.77012000000001,55.340039999999995,294.7228542085065,-63.377202568999884,6274.34305433099,loss,-0.215040000000009,-3725.65694566901
2025-08-29 15:05:00+00:00,2025-08-29 16:30:00+00:00,sell,55.337939999999996,55.39788,55.27799999999999,55.39788,1046.7706130014205,-62.743430543309906,6211.59962378768,loss,0.059940000000004545,-3788.4003762123198
2025-08-29 21:45:00+00:00,2025-08-29 21:55:00+00:00,buy,55.559250000000006,55.54206,55.57644000000001,55.57644000000001,3613.4959998751247,62.1159962378768,6273.715620025557,win,0.017190000000006478,-3726.284379974443
2025-08-29 22:35:00+00:00,2025-08-29 23:30:00+00:00,buy,55.579130000000006,55.53913,55.61913000000001,55.53913,1568.428905006144,-62.73715620025557,6210.978463825301,loss,-0.04000000000000625,-3789.021536174698
2025-09-01 00:05:00+00:00,2025-09-01 04:30:00+00:00,buy,55.5885,55.51929,55.65771000000001,55.51929,897.4105568306348,-62.10978463825302,6148.868679187049,loss,-0.06921000000000532,-3851.1313208129513
2025-09-01 05:45:00+00:00,2025-09-01 05:55:00+00:00,buy,55.57838,55.554019999999994,55.60274000000001,55.60274000000001,2524.166124460131,61.48868679187049,6210.357365978919,win,0.024360000000008597,-3789.642634021081
2025-09-01 06:15:00+00:00,2025-09-01 06:55:00+00:00,buy,55.631530000000005,55.566889999999994,55.696170000000016,55.566889999999994,960.7607311228076,-62.10357365978919,6148.253792319129,loss,-0.06464000000001136,-3851.74620768087
2025-09-01 08:10:00+00:00,2025-09-01 09:05:00+00:00,buy,55.622370000000004,55.566109999999995,55.67863000000001,55.67863000000001,1092.8286157693142,61.482537923191295,6209.736330242321,win,0.05626000000000886,-3790.263669757679
2025-09-01 09:35:00+00:00,2025-09-02 00:40:00+00:00,buy,55.69326,55.588049999999996,55.79847000000001,55.588049999999996,590.2230139950506,-62.09736330242322,6147.638966939898,loss,-0.10521000000000669,-3852.3610330601023
2025-09-02 01:10:00+00:00,2025-09-02 10:30:00+00:00,buy,55.73539,55.30406,56.166720000000005,55.30406,142.5275071740862,-61.476389669398976,6086.162577270498,loss,-0.43133000000000266,-3913.837422729501
2025-09-02 10:40:00+00:00,2025-09-02 15:20:00+00:00,sell,55.301649999999995,55.58731,55.01598999999999,55.01598999999999,213.05617087692875,60.86162577270498,6147.024203043204,win,-0.28566000000000713,-3852.9757969567963
2025-09-02 15:30:00+00:00,2025-09-02 17:00:00+00:00,sell,55.0081,55.172540000000005,54.84365999999999,55.172540000000005,373.81562898582916,-61.47024203043204,6085.553961012772,loss,0.16444000000000614,-3914.4460389872283
2025-09-02 18:15:00+00:00,2025-09-02 23:55:00+00:00,sell,55.13549,55.21255,55.058429999999994,55.058429999999994,789.7163198822391,60.85553961012772,6146.409500622899,win,-0.07706000000000301,-3853.5904993771005
2025-09-03 00:45:00+00:00,2025-09-03 00:50:00+00:00,sell,55.05056,55.143170000000005,54.95794999999999,55.143170000000005,663.6874528260871,-61.464095006228995,6084.94540561667,loss,0.09261000000000763,-3915.0545943833295
2025-09-03 03:25:00+00:00,2025-09-03 03:30:00+00:00,sell,55.016009999999994,55.05268,54.979339999999986,55.05268,1659.3797124666885,-60.8494540561667,6024.095951560503,loss,0.036670000000007974,-3975.9040484394964
2025-09-03 03:45:00+00:00,2025-09-03 05:40:00+00:00,sell,55.01491,55.0587,54.97112,54.97112,1375.6784543412468,60.24095951560503,6084.336911076108,win,-0.04379000000000133,-3915.6630889238913
2025-09-03 06:25:00+00:00,2025-09-03 08:10:00+00:00,sell,54.96789,55.01449,54.92128999999999,55.01449,1305.6516976556748,-60.84336911076108,6023.493541965347,loss,0.04660000000000508,-3976.5064580346525
2025-09-03 08:30:00+00:00,2025-09-03 09:00:00+00:00,sell,54.98471,55.019360000000006,54.95005999999999,55.019360000000006,1738.3819745928583,-60.23493541965347,5963.2586065456935,loss,0.03465000000000629,-4036.741393454306
2025-09-03 10:15:00+00:00,2025-09-03 10:20:00+00:00,sell,55.063559999999995,55.14638,54.98073999999999,54.98073999999999,720.0263953809849,59.632586065456934,6022.8911926111505,win,-0.08282000000000522,-3977.108807388849
2025-09-03 16:30:00+00:00,2025-09-03 16:45:00+00:00,buy,55.316610000000004,55.22935,55.40387000000001,55.22935,690.22360676262,-60.22891192611151,5962.662280685039,loss,-0.08726000000000766,-4037.3377193149604
2025-09-03 17:00:00+00:00,2025-09-04 00:00:00+00:00,buy,55.334390000000006,55.226969999999994,55.44181000000002,55.44181000000002,555.0793409685702,59.626622806850385,6022.28890349189,win,0.10742000000001184,-3977.71109650811
2025-09-04 00:10:00+00:00,2025-09-04 00:50:00+00:00,buy,55.453970000000005,55.30616,55.60178000000001,55.30616,407.4344701638326,-60.2228890349189,5962.066014456971,loss,-0.14781000000000688,-4037.933985543029
2025-09-04 03:10:00+00:00,2025-09-04 05:05:00+00:00,buy,55.351380000000006,55.301959999999994,55.40080000000002,55.301959999999994,1206.4075302419105,-59.620660144569705,5902.445354312401,loss,-0.04942000000001201,-4097.554645687599
2025-09-04 07:00:00+00:00,2025-09-04 07:25:00+00:00,buy,55.32215,55.29972,55.34458,55.34458,2631.4959225646076,59.02445354312402,5961.469807855525,win,0.02242999999999995,-4038.530192144475
2025-09-04 07:40:00+00:00,2025-09-04 07:55:00+00:00,buy,55.35508,55.31115,55.399010000000004,55.31115,1357.0384265547689,-59.61469807855525,5901.85510977697,loss,-0.04393000000000313,-4098.14489022303
2025-09-04 09:10:00+00:00,2025-09-04 09:15:00+00:00,buy,55.332460000000005,55.311859999999996,55.35306000000001,55.35306000000001,2864.9782086283685,59.0185510977697,5960.8736608747395,win,0.020600000000008833,-4039.1263391252605
2025-09-04 09:45:00+00:00,2025-09-04 12:00:00+00:00,buy,55.41823,55.3123,55.52416,55.52416,562.7181781246765,59.6087366087474,6020.482397483487,win,0.10593000000000075,-3979.5176025165133
2025-09-04 13:15:00+00:00,2025-09-04 13:20:00+00:00,buy,55.451550000000005,55.430719999999994,55.472380000000015,55.472380000000015,2890.2939978302306,60.20482397483487,6080.687221458322,win,0.020830000000010784,-3919.3127785416787
2025-09-04 13:30:00+00:00,2025-09-04 14:20:00+00:00,buy,55.49018,55.433009999999996,55.54735000000001,55.433009999999996,1063.615046607949,-60.80687221458323,6019.880349243738,loss,-0.05717000000000638,-3980.1196507562618
2025-09-04 15:10:00+00:00,2025-09-04 15:20:00+00:00,buy,55.478460000000005,55.4278,55.52912000000001,55.4278,1188.2906334865424,-60.19880349243739,5959.681545751301,loss,-0.0506600000000077,-4040.3184542486993
2025-09-04 16:40:00+00:00,2025-09-04 17:00:00+00:00,buy,55.475640000000006,55.39859,55.55269000000001,55.39859,773.4823550617474,-59.59681545751301,5900.084730293788,loss,-0.07705000000000695,-4099.915269706213
2025-09-04 18:05:00+00:00,2025-09-04 18:45:00+00:00,buy,55.38105,55.33947,55.422630000000005,55.422630000000005,1418.9717966073408,59.000847302937885,5959.085577596726,win,0.04158000000000328,-4040.914422403275
2025-09-04 19:00:00+00:00,2025-09-04 19:05:00+00:00,buy,55.43065,55.389089999999996,55.472210000000004,55.389089999999996,1433.8511976891593,-59.59085577596725,5899.494721820758,loss,-0.04156000000000404,-4100.505278179242
2025-09-04 22:10:00+00:00,2025-09-04 23:35:00+00:00,buy,55.39961,55.376979999999996,55.42224000000001,55.376979999999996,2606.9353609452237,-58.99494721820759,5840.49977460255,loss,-0.02263000000000659,-4159.50022539745
2025-09-05 00:05:00+00:00,2025-09-05 01:10:00+00:00,buy,55.422070000000005,55.37014,55.47400000000001,55.37014,1124.6870353556512,-58.404997746025494,5782.094776856525,loss,-0.051930000000005805,-4217.905223143475
2025-09-05 02:05:00+00:00,2025-09-05 15:30:00+00:00,buy,55.38609,55.09209,55.68009000000001,55.68009000000001,196.66989036926685,57.82094776856525,5839.91572462509,win,0.29400000000000404,-4160.08427537491
2025-09-05 16:10:00+00:00,2025-09-08 01:05:00+00:00,buy,55.855610000000006,55.586819999999996,56.124400000000016,55.586819999999996,217.26685236150436,-58.3991572462509,5781.516567378839,loss,-0.26879000000000985,-4218.483432621161
2025-09-08 09:05:00+00:00,2025-09-08 09:10:00+00:00,buy,55.687400000000004,55.63802,55.73678000000001,55.73678000000001,1170.8215000765667,57.81516567378838,5839.331733052627,win,0.04938000000000642,-4160.668266947373
2025-09-08 09:30:00+00:00,2025-09-08 13:55:00+00:00,buy,55.75177,55.63554,55.868,55.868,502.3945395382041,58.39331733052627,5897.725050383153,win,0.11623000000000161,-4102.274949616847
2025-09-08 14:35:00+00:00,2025-09-08 16:10:00+00:00,buy,55.87225,55.800529999999995,55.94397000000001,55.94397000000001,822.3264152792304,58.97725050383153,5956.702300886985,win,0.07172000000000622,-4043.297699113016
2025-09-08 16:30:00+00:00,2025-09-08 17:00:00+00:00,buy,55.9448,55.903459999999995,55.986140000000006,55.903459999999995,1440.9052493677375,-59.567023008869846,5897.135277878115,loss,-0.04134000000000526,-4102.864722121885
2025-09-08 18:15:00+00:00,2025-09-08 19:35:00+00:00,buy,55.907270000000004,55.86347,55.95107000000001,55.86347,1346.3779173236321,-58.971352778781146,5838.163925099334,loss,-0.0438000000000045,-4161.836074900666
2025-09-08 21:25:00+00:00,2025-09-08 21:55:00+00:00,buy,55.89611,55.86504,55.92718,55.92718,1879.0357016734433,58.38163925099334,5896.545564350327,win,0.03106999999999971,-4103.454435649673
2025-09-08 22:10:00+00:00,2025-09-08 23:30:00+00:00,buy,55.932860000000005,55.89376,55.97196000000001,55.89376,1508.0679192709986,-58.965455643503276,5837.580108706824,loss,-0.0391000000000048,-4162.419891293176
2025-09-09 00:00:00+00:00,2025-09-09 01:00:00+00:00,buy,55.92739,55.861459999999994,55.99332000000001,55.861459999999994,885.4209174436604,-58.37580108706824,5779.204307619756,loss,-0.0659300000000087,-4220.795692380244
2025-09-09 01:40:00+00:00,2025-09-10 00:25:00+00:00,buy,55.94117,55.5836,56.29874,55.5836,161.62441780965165,-57.79204307619756,5721.412264543558,loss,-0.3575700000000026,-4278.587735456442
2025-09-10 03:00:00+00:00,2025-09-10 06:15:00+00:00,sell,55.70793,55.8307,55.585159999999995,55.8307,466.0269010787189,-57.21412264543558,5664.198141898122,loss,0.12277000000000271,-4335.801858101878
2025-09-10 12:05:00+00:00,2025-09-10 12:20:00+00:00,buy,55.88141,55.848969999999994,55.91385000000001,55.91385000000001,1746.053681225858,56.641981418981224,5720.8401233171035,win,0.03244000000000824,-4279.1598766828965
2025-09-10 12:30:00+00:00,2025-09-10 15:25:00+00:00,buy,55.915090000000006,55.871849999999995,55.95833000000002,55.871849999999995,1323.043506779737,-57.20840123317103,5663.631722083933,loss,-0.04324000000001149,-4336.368277916067
2025-09-10 15:35:00+00:00,2025-09-10 15:50:00+00:00,buy,55.920770000000005,55.87134,55.97020000000001,55.87134,1145.7883313944988,-56.63631722083933,5606.995404863093,loss,-0.04943000000000808,-4393.004595136907
2025-09-10 17:05:00+00:00,2025-09-10 17:25:00+00:00,buy,56.007450000000006,55.96725,56.04765000000001,55.96725,1394.774976333902,-56.06995404863093,5550.925450814462,loss,-0.04020000000000579,-4449.074549185538
2025-09-10 18:45:00+00:00,2025-09-10 19:10:00+00:00,buy,55.983430000000006,55.94132,56.025540000000014,55.94132,1318.1964974622172,-55.50925450814462,5495.416196306318,loss,-0.042110000000008085,-4504.583803693682
2025-09-11 00:05:00+00:00,2025-09-11 00:10:00+00:00,buy,55.86007,55.801289999999995,55.918850000000006,55.918850000000006,934.9125886876102,54.95416196306318,5550.3703582693815,win,0.05878000000000583,-4449.6296417306185
2025-09-11 07:05:00+00:00,2025-09-11 07:20:00+00:00,buy,55.901210000000006,55.857049999999994,55.94537000000002,55.857049999999994,1256.8773456222486,-55.503703582693824,5494.866654686688,loss,-0.04416000000001219,-4505.133345313312
2025-09-11 08:55:00+00:00,2025-09-11 09:05:00+00:00,sell,55.85375,55.88899,55.818509999999996,55.88899,1559.269765802049,-54.94866654686688,5439.917988139821,loss,0.035240000000001714,-4560.082011860179
2025-09-11 11:20:00+00:00,2025-09-11 12:00:00+00:00,buy,55.9328,55.90727,55.958330000000004,55.90727,2130.7943549311008,-54.39917988139821,5385.518808258423,loss,-0.025530000000003383,-4614.481191741577
2025-09-11 14:55:00+00:00,2025-09-11 15:15:00+00:00,sell,55.845409999999994,55.89058,55.80023999999999,55.89058,1192.2777968248208,-53.85518808258423,5331.663620175838,loss,0.04517000000000593,-4668.336379824162
2025-09-11 15:30:00+00:00,2025-09-11 15:35:00+00:00,buy,55.915620000000004,55.84489,55.98635000000001,55.98635000000001,753.8051209070395,53.31663620175839,5384.980256377597,win,0.07073000000000462,-4615.019743622403
2025-09-11 16:00:00+00:00,2025-09-16 09:05:00+00:00,buy,56.020590000000006,55.74769,56.29349000000001,56.29349000000001,197.3243040079684,53.84980256377597,5438.830058941373,win,0.272900000000007,-4561.169941058627
2025-09-16 09:15:00+00:00,2025-09-16 17:15:00+00:00,buy,56.32267,56.20346,56.441880000000005,56.441880000000005,456.2394143898381,54.38830058941373,5493.218359530787,win,0.11921000000000248,-4506.781640469213
2025-09-16 19:25:00+00:00,2025-09-16 23:30:00+00:00,buy,56.40952,56.34547,56.47357,56.34547,857.645333260053,-54.93218359530787,5438.286175935479,loss,-0.06405000000000172,-4561.713824064521
2025-09-17 00:05:00+00:00,2025-09-17 00:55:00+00:00,buy,56.31861,56.173849999999995,56.463370000000005,56.173849999999995,375.6760276274722,-54.382861759354796,5383.903314176125,loss,-0.1447600000000051,-4616.096685823875
2025-09-17 01:15:00+00:00,2025-09-19 00:40:00+00:00,buy,56.356100000000005,55.954589999999996,56.757610000000014,55.954589999999996,134.09138786520896,-53.83903314176124,5330.064281034363,loss,-0.4015100000000089,-4669.935718965637
2025-09-19 03:10:00+00:00,2025-09-19 04:15:00+00:00,sell,56.017579999999995,56.08923,55.94592999999999,56.08923,743.9029003536591,-53.30064281034363,5276.76363822402,loss,0.07165000000000532,-4723.23636177598
2025-09-19 04:45:00+00:00,2025-09-19 06:10:00+00:00,sell,55.992059999999995,56.109570000000005,55.874549999999985,56.109570000000005,449.0480502275186,-52.7676363822402,5223.99600184178,loss,0.11751000000001,-4776.00399815822
2025-09-19 07:25:00+00:00,2025-09-19 07:55:00+00:00,sell,56.00823,56.043870000000005,55.97258999999999,56.043870000000005,1465.7676772841255,-52.2399600184178,5171.756041823362,loss,0.03564000000000789,-4828.243958176638
2025-09-19 09:00:00+00:00,2025-09-19 09:30:00+00:00,sell,55.97298,56.045320000000004,55.900639999999996,55.900639999999996,714.9234229780303,51.717560418233624,5223.4736022415955,win,-0.07234000000000407,-4776.5263977584045
2025-09-19 10:00:00+00:00,2025-09-19 15:55:00+00:00,sell,55.88706,56.013180000000006,55.76093999999999,55.76093999999999,414.1669522868135,52.23473602241596,5275.708338264011,win,-0.12612000000000734,-4724.291661735989
2025-09-19 17:45:00+00:00,2025-09-19 18:00:00+00:00,sell,55.82483,55.8624,55.787259999999996,55.787259999999996,1404.2343194739647,52.75708338264012,5328.4654216466515,win,-0.037570000000002324,-4671.5345783533485
2025-09-19 18:10:00+00:00,2025-09-19 23:35:00+00:00,sell,55.784119999999994,55.8714,55.69683999999999,55.69683999999999,610.5024543591005,53.28465421646651,5381.750075863118,win,-0.08728000000000691,-4618.249924136882
2025-09-19 23:50:00+00:00,2025-09-22 00:00:00+00:00,sell,55.69647,55.78351,55.609429999999996,55.78351,618.3076833482315,-53.817500758631176,5327.932575104486,loss,0.08704000000000178,-4672.067424895514
2025-09-22 01:20:00+00:00,2025-09-22 09:25:00+00:00,sell,55.69647,55.804140000000004,55.58879999999999,55.804140000000004,494.83909864439426,-53.279325751044865,5274.653249353441,loss,0.10767000000000593,-4725.346750646559
2025-09-22 09:55:00+00:00,2025-09-22 11:00:00+00:00,sell,55.774849999999994,55.814750000000004,55.734949999999984,55.814750000000004,1321.9682329203295,-52.74653249353442,5221.906716859907,loss,0.03990000000001004,-4778.093283140093
2025-09-22 15:35:00+00:00,2025-09-22 15:55:00+00:00,buy,55.902440000000006,55.87255,55.932330000000015,55.932330000000015,1747.0413907187553,52.21906716859907,5274.125784028506,win,0.029890000000008854,-4725.874215971494
2025-09-22 18:25:00+00:00,2025-09-22 19:20:00+00:00,buy,55.89435,55.846529999999994,55.94217000000001,55.94217000000001,1102.9121254762765,52.741257840285066,5326.867041868792,win,0.04782000000000863,-4673.132958131208
2025-09-22 20:35:00+00:00,2025-09-22 20:50:00+00:00,buy,55.917680000000004,55.897479999999995,55.937880000000014,55.937880000000014,2637.0628920129784,53.26867041868792,5380.13571228748,win,0.020200000000009766,-4619.86428771252
2025-09-23 00:00:00+00:00,2025-09-23 00:05:00+00:00,buy,55.93551,55.91562,55.955400000000004,55.955400000000004,2704.945053939904,53.801357122874805,5433.9370694103545,win,0.019890000000003738,-4566.0629305896455
2025-09-23 02:25:00+00:00,2025-09-23 03:00:00+00:00,buy,55.949630000000006,55.836,56.063260000000014,55.836,478.21324204963366,-54.33937069410354,5379.597698716251,loss,-0.11363000000000767,-4620.402301283749
2025-09-23 03:30:00+00:00,2025-09-23 16:00:00+00:00,buy,55.946310000000004,55.82042,56.07220000000001,56.07220000000001,427.3252600457559,53.79597698716251,5433.3936757034135,win,0.1258900000000054,-4566.6063242965865
2025-09-23 17:55:00+00:00,2025-09-23 19:35:00+00:00,buy,56.02053,55.941629999999996,56.099430000000005,55.941629999999996,688.6430514199126,-54.33393675703414,5379.059738946379,loss,-0.07890000000000441,-4620.940261053621
2025-09-23 19:50:00+00:00,2025-09-23 21:00:00+00:00,buy,56.01577,55.934839999999994,56.09670000000001,55.934839999999994,664.6558431911235,-53.790597389463784,5325.269141556915,loss,-0.08093000000000927,-4674.730858443085
2025-09-23 22:25:00+00:00,2025-09-23 23:50:00+00:00,buy,55.984280000000005,55.927029999999995,56.041530000000016,55.927029999999995,930.1780159923044,-53.25269141556915,5272.0164501413465,loss,-0.05725000000001046,-4727.9835498586535
2025-09-24 00:00:00+00:00,2025-09-24 00:30:00+00:00,buy,55.99747,55.914249999999996,56.080690000000004,55.914249999999996,633.5035388297374,-52.720164501413464,5219.296285639933,loss,-0.08322000000000429,-4780.703714360067
2025-09-24 01:10:00+00:00,2025-09-24 15:50:00+00:00,buy,56.03858,55.75819,56.31897000000001,55.75819,186.14416654088433,-52.192962856399326,5167.103322783533,loss,-0.28039000000000414,-4832.896677216467
2025-09-24 16:10:00+00:00,2025-09-25 00:00:00+00:00,sell,55.74155,55.850260000000006,55.63283999999999,55.850260000000006,475.31076467510775,-51.67103322783533,5115.432289555698,loss,0.10871000000000919,-4884.567710444302
2025-09-25 00:40:00+00:00,2025-09-25 07:10:00+00:00,sell,55.712399999999995,55.88094,55.54385999999999,55.88094,303.5144351225512,-51.15432289555698,5064.277966660141,loss,0.16854000000000724,-4935.722033339859
2025-09-25 09:05:00+00:00,2025-09-25 14:10:00+00:00,buy,55.89054,55.813469999999995,55.96761000000001,55.813469999999995,657.1010726170668,-50.642779666601406,5013.63518699354,loss,-0.07707000000000619,-4986.36481300646
2025-09-25 15:10:00+00:00,2025-09-25 15:30:00+00:00,sell,55.73914,55.790310000000005,55.68796999999999,55.68796999999999,979.7997238602572,50.136351869935396,5063.771538863475,win,-0.051170000000006155,-4936.228461136525
2025-09-25 15:40:00+00:00,2025-09-25 17:35:00+00:00,sell,55.621599999999994,55.74456,55.49863999999999,55.49863999999999,411.8226690682515,50.63771538863475,5114.40925425211,win,-0.12296000000000618,-4885.59074574789
2025-09-25 17:50:00+00:00,2025-09-25 20:20:00+00:00,sell,55.482369999999996,55.59295,55.37178999999999,55.37178999999999,462.5076193029334,51.1440925425211,5165.553346794632,win,-0.1105800000000059,-4834.446653205368
2025-09-25 20:30:00+00:00,2025-09-25 23:55:00+00:00,sell,55.369989999999994,55.42398,55.31599999999999,55.42398,956.7611310972513,-51.65553346794632,5113.8978133266855,loss,0.05399000000000598,-4886.1021866733145
2025-09-26 00:40:00+00:00,2025-09-26 00:45:00+00:00,sell,55.37508,55.45844,55.29171999999999,55.29171999999999,613.4714267425998,51.13897813326685,5165.036791459953,win,-0.0833600000000061,-4834.963208540047
2025-09-26 00:55:00+00:00,2025-09-26 07:20:00+00:00,sell,55.219249999999995,55.502480000000006,54.936019999999985,55.502480000000006,182.36192463580005,-51.65036791459953,5113.386423545353,loss,0.2832300000000103,-4886.613576454647
2025-09-26 16:05:00+00:00,2025-09-26 17:05:00+00:00,buy,55.63452,55.569919999999996,55.69912000000001,55.69912000000001,791.545885997662,51.13386423545353,5164.520287780806,win,0.06460000000000576,-4835.479712219194
2025-09-26 17:15:00+00:00,2025-09-29 01:05:00+00:00,buy,55.708110000000005,55.631069999999994,55.785150000000016,55.631069999999994,670.368677022336,-51.64520287780805,5112.875084902998,loss,-0.07704000000001088,-4887.124915097002
2025-09-29 02:00:00+00:00,2025-09-29 09:05:00+00:00,buy,55.74629,55.617239999999995,55.87534000000001,55.87534000000001,396.19334249536917,51.128750849029984,5164.003835752028,win,0.12905000000000655,-4835.996164247972
2025-09-29 09:15:00+00:00,2025-09-29 15:50:00+00:00,buy,55.882740000000005,55.795449999999995,55.970030000000015,55.970030000000015,591.5916869918011,51.64003835752028,5215.643874109548,win,0.08729000000001008,-4784.356125890452
2025-09-29 18:15:00+00:00,2025-09-29 20:40:00+00:00,buy,55.846720000000005,55.796459999999996,55.89698000000001,55.796459999999996,1037.7325654812282,-52.156438741095485,5163.487435368453,loss,-0.05026000000000863,-4836.512564631547
2025-09-29 21:15:00+00:00,2025-09-29 21:35:00+00:00,buy,55.824650000000005,55.793099999999995,55.856200000000015,55.856200000000015,1636.6045753936048,51.63487435368453,5215.122309722137,win,0.03155000000000996,-4784.877690277863
2025-09-29 21:45:00+00:00,2025-09-29 22:05:00+00:00,buy,55.85716,55.81874,55.89558,55.81874,1357.3977901410333,-52.151223097221376,5162.971086624916,loss,-0.03842000000000212,-4837.028913375084
2025-09-29 23:55:00+00:00,2025-09-30 02:50:00+00:00,buy,55.859260000000006,55.834529999999994,55.88399000000002,55.834529999999994,2087.735983268232,-51.62971086624916,5111.341375758667,loss,-0.024730000000012353,-4888.658624241333
2025-09-30 09:05:00+00:00,2025-09-30 09:10:00+00:00,buy,55.83887,55.81081,55.86693,55.86693,1821.57568630008,51.11341375758667,5162.454789516253,win,0.028060000000003527,-4837.545210483747
2025-09-30 09:20:00+00:00,2025-09-30 16:25:00+00:00,buy,55.900420000000004,55.806529999999995,55.99431000000001,55.806529999999995,549.8407486969606,-51.624547895162536,5110.830241621091,loss,-0.09389000000000891,-4889.169758378909
2025-09-30 16:45:00+00:00,2025-09-30 17:50:00+00:00,buy,55.902680000000004,55.80285,56.00251000000001,56.00251000000001,511.9533448483292,51.10830241621091,5161.938544037302,win,0.0998300000000043,-4838.061455962698
2025-09-30 19:05:00+00:00,2025-09-30 19:55:00+00:00,buy,55.93234,55.8859,55.97878000000001,55.97878000000001,1111.5285409209416,51.619385440373016,5213.557929477674,win,0.046440000000004034,-4786.442070522326
2025-09-30 22:15:00+00:00,2025-09-30 23:00:00+00:00,buy,55.94151,55.90909,55.97393,55.90909,1608.1301448110335,-52.13557929477675,5161.422350182897,loss,-0.03242000000000189,-4838.577649817103
2025-10-01 00:05:00+00:00,2025-10-01 00:40:00+00:00,buy,55.90963,55.85528,55.96398,55.85528,949.6637258846273,-51.614223501828974,5109.808126681069,loss,-0.054349999999999454,-4890.191873318931
2025-10-01 04:05:00+00:00,2025-10-01 05:55:00+00:00,sell,55.826789999999995,55.890190000000004,55.76338999999999,55.890190000000004,805.9634269211954,-51.09808126681069,5058.710045414258,loss,0.06340000000000856,-4941.289954585742
2025-10-01 08:20:00+00:00,2025-10-01 09:30:00+00:00,buy,55.96163,55.877759999999995,56.045500000000004,56.045500000000004,603.1608495783933,50.587100454142586,5109.297145868401,win,0.08387000000000455,-4890.702854131599
2025-10-01 09:40:00+00:00,2025-10-01 10:25:00+00:00,buy,56.04833,56.002199999999995,56.094460000000005,56.002199999999995,1107.586634699292,-51.092971458684005,5058.204174409717,loss,-0.04613000000000511,-4941.795825590283
2025-10-01 11:30:00+00:00,2025-10-01 15:15:00+00:00,buy,56.083830000000006,55.993469999999995,56.17419000000002,56.17419000000002,559.7835518381027,50.58204174409717,5108.786216153814,win,0.0903600000000111,-4891.213783846186
2025-10-01 15:45:00+00:00,2025-10-01 18:55:00+00:00,buy,56.25265,56.043519999999994,56.46178000000001,56.043519999999994,244.28758265928352,-51.08786216153814,5057.698353992276,loss,-0.20913000000000892,-4942.301646007724
2025-10-01 20:20:00+00:00,2025-10-01 23:30:00+00:00,buy,56.06577,56.010529999999996,56.121010000000005,56.010529999999996,915.5862335249516,-50.57698353992276,5007.121370452353,loss,-0.05524000000000484,-4992.878629547647
2025-10-02 00:05:00+00:00,2025-10-02 00:45:00+00:00,buy,56.053070000000005,55.92762,56.17852000000001,55.92762,399.1328314429686,-50.07121370452354,4957.0501567478295,loss,-0.12545000000000783,-5042.9498432521705
2025-10-02 01:05:00+00:00,2025-10-09 17:45:00+00:00,buy,56.119530000000005,55.76036,56.47870000000001,55.76036,138.01403671653387,-49.570501567478296,4907.479655180351,loss,-0.359170000000006,-5092.520344819649
2025-10-09 18:00:00+00:00,2025-10-09 18:20:00+00:00,sell,55.744659999999996,55.823,55.66631999999999,55.66631999999999,626.4334510058823,49.07479655180351,4956.554451732155,win,-0.0783400000000043,-5043.445548267845
2025-10-09 18:30:00+00:00,2025-10-09 23:30:00+00:00,sell,55.65277,55.776830000000004,55.52870999999999,55.52870999999999,399.52881281088736,49.56554451732155,5006.119996249477,win,-0.12406000000000716,-4993.880003750523
2025-10-10 00:50:00+00:00,2025-10-10 00:55:00+00:00,sell,55.570969999999996,55.62023,55.52170999999999,55.62023,1016.2647170623396,-50.06119996249477,4956.058796286982,loss,0.049260000000003856,-5043.941203713018
2025-10-10 02:10:00+00:00,2025-10-10 02:45:00+00:00,sell,55.585989999999995,55.61558,55.55639999999999,55.61558,1674.9100359195597,-49.560587962869825,4906.498208324112,loss,0.029590000000006,-5093.501791675888
2025-10-10 03:05:00+00:00,2025-10-10 03:50:00+00:00,sell,55.58998,55.616580000000006,55.56337999999999,55.616580000000006,1844.5481986174589,-49.06498208324112,4857.433226240871,loss,0.02660000000000906,-5142.566773759129
2025-10-10 07:15:00+00:00,2025-10-10 09:45:00+00:00,sell,55.63675,55.66727,55.60623,55.60623,1591.5574135781228,48.57433226240871,4906.007558503279,win,-0.030520000000002767,-5093.992441496721
2025-10-10 10:05:00+00:00,2025-10-10 11:10:00+00:00,sell,55.57076,55.66572,55.4758,55.66572,516.6393806342944,-49.06007558503279,4856.947482918246,loss,0.09496000000000038,-5143.052517081754
2025-10-10 12:30:00+00:00,2025-10-10 13:50:00+00:00,sell,55.58839,55.668060000000004,55.50871999999999,55.50871999999999,609.6331722000509,48.56947482918247,4905.516957747429,win,-0.07967000000000724,-5094.483042252571
2025-10-10 14:00:00+00:00,2025-10-10 17:40:00+00:00,sell,55.493179999999995,55.579660000000004,55.40669999999999,55.579660000000004,567.2429414600985,-49.05516957747429,4856.461788169955,loss,0.08648000000000877,-5143.538211830045
2025-10-10 21:20:00+00:00,2025-10-10 21:30:00+00:00,buy,55.813370000000006,55.790769999999995,55.83597000000002,55.83597000000002,2148.876897419262,48.56461788169956,4905.026406051655,win,0.022600000000011278,-5094.973593948345
2025-10-10 22:45:00+00:00,2025-10-10 23:10:00+00:00,buy,55.838390000000004,55.810559999999995,55.86622000000001,55.810559999999995,1762.496013672341,-49.05026406051655,4855.976141991138,loss,-0.02783000000000868,-5144.023858008862
2025-10-13 00:35:00+00:00,2025-10-14 01:00:00+00:00,buy,55.808440000000004,55.666259999999994,55.950620000000015,55.666259999999994,341.5372163448293,-48.55976141991138,4807.416380571227,loss,-0.1421800000000104,-5192.583619428773
2025-10-14 02:05:00+00:00,2025-10-14 02:10:00+00:00,sell,55.740399999999994,55.750640000000004,55.730159999999984,55.730159999999984,4694.742559146894,48.07416380571227,4855.490544376939,win,-0.010240000000010241,-5144.509455623061
2025-10-14 03:00:00+00:00,2025-10-14 04:20:00+00:00,sell,55.66845,55.74591,55.59099,55.74591,626.8384384684751,-48.55490544376939,4806.93563893317,loss,0.07746000000000208,-5193.06436106683
2025-10-14 05:25:00+00:00,2025-10-14 07:05:00+00:00,sell,55.733349999999994,55.79885,55.66784999999999,55.79885,733.8833036538381,-48.069356389331695,4758.866282543838,loss,0.06550000000000722,-5241.133717456162
2025-10-14 07:15:00+00:00,2025-10-14 09:00:00+00:00,buy,55.80275,55.71608,55.88942000000001,55.71608,549.0788372612849,-47.58866282543838,4711.277619718399,loss,-0.08667000000000513,-5288.722380281601
2025-10-14 09:15:00+00:00,2025-10-14 10:25:00+00:00,sell,55.658469999999994,55.80379,55.51314999999999,55.51314999999999,324.2002215605719,47.112776197184,4758.390395915583,win,-0.14532000000000522,-5241.609604084417
2025-10-14 10:35:00+00:00,2025-10-14 16:10:00+00:00,sell,55.489549999999994,55.594,55.38509999999999,55.594,455.5663375696757,-47.58390395915583,4710.806491956428,loss,0.10445000000000704,-5289.193508043572
2025-10-15 00:05:00+00:00,2025-10-15 00:35:00+00:00,buy,55.728260000000006,55.669669999999996,55.786850000000015,55.669669999999996,804.029099156113,-47.10806491956428,4663.698427036863,loss,-0.05859000000000947,-5336.301572963137
2025-10-15 02:20:00+00:00,2025-10-15 09:10:00+00:00,buy,55.725120000000004,55.52543,55.92481000000001,55.92481000000001,233.546919076407,46.63698427036863,4710.335411307232,win,0.19969000000000392,-5289.664588692768
2025-10-15 09:20:00+00:00,2025-10-15 16:25:00+00:00,buy,55.95203,55.82208,56.08198,55.82208,362.4729058335667,-47.10335411307232,4663.23205719416,loss,-0.1299500000000009,-5336.76794280584
2025-10-15 16:45:00+00:00,2025-10-15 17:15:00+00:00,buy,55.87879,55.820699999999995,55.93688000000001,55.93688000000001,802.7598652424844,46.6323205719416,4709.864377766102,win,0.05809000000000708,-5290.135622233898
2025-10-15 17:25:00+00:00,2025-10-15 18:15:00+00:00,buy,55.940850000000005,55.87117,56.01053000000001,56.01053000000001,675.9277235599518,47.09864377766102,4756.963021543763,win,0.0696800000000053,-5243.036978456237
2025-10-15 18:25:00+00:00,2025-10-16 00:00:00+00:00,buy,56.032680000000006,55.937419999999996,56.12794000000002,56.12794000000002,499.36626302154593,47.56963021543763,4804.5326517592,win,0.09526000000001034,-5195.4673482408
2025-10-16 03:20:00+00:00,2025-10-16 03:35:00+00:00,buy,56.149300000000004,56.099419999999995,56.19918000000001,56.19918000000001,963.2182541616584,48.045326517592,4852.577978276792,win,0.049880000000008806,-5147.422021723208
2025-10-16 03:45:00+00:00,2025-10-16 04:50:00+00:00,buy,56.207040000000006,56.12115,56.29293000000001,56.29293000000001,564.9758968769869,48.52577978276793,4901.10375805956,win,0.08589000000000624,-5098.89624194044
2025-10-16 06:15:00+00:00,2025-10-16 06:20:00+00:00,buy,56.282720000000005,56.21874,56.34670000000001,56.21874,766.036848711934,-49.011037580595605,4852.092720478965,loss,-0.06398000000000792,-5147.907279521035
2025-10-16 08:45:00+00:00,2025-10-16 09:00:00+00:00,buy,56.21347,56.153259999999996,56.273680000000006,56.153259999999996,805.8616044641361,-48.52092720478965,4803.571793274175,loss,-0.06021000000000498,-5196.428206725825
2025-10-16 09:10:00+00:00,2025-10-16 10:40:00+00:00,buy,56.21983,56.145779999999995,56.29388000000001,56.29388000000001,648.6930173225837,48.035717932741754,4851.6075112069175,win,0.07405000000000683,-5148.3924887930825
2025-10-16 10:50:00+00:00,2025-10-16 13:20:00+00:00,buy,56.30516,56.22625,56.38407,56.38407,614.8279699920021,48.51607511206918,4900.123586318987,win,0.07891000000000048,-5099.876413681013
2025-10-16 14:40:00+00:00,2025-10-16 14:55:00+00:00,buy,56.332330000000006,56.29342,56.371240000000014,56.371240000000014,1259.3481332094382,49.00123586318986,4949.124822182177,win,0.03891000000000844,-5050.875177817823
2025-10-16 15:55:00+00:00,2025-10-16 16:55:00+00:00,buy,56.3885,56.29318,56.48382,56.29318,519.2115843665681,-49.49124822182177,4899.6335739603555,loss,-0.09532000000000096,-5100.3664260396445
2025-10-16 19:15:00+00:00,2025-10-16 19:25:00+00:00,buy,56.31486,56.26443,56.36529000000001,56.26443,971.5712024508819,-48.99633573960356,4850.637238220752,loss,-0.05043000000000575,-5149.362761779248
2025-10-16 20:05:00+00:00,2025-10-17 00:05:00+00:00,buy,56.32106,56.25852,56.38360000000001,56.38360000000001,775.605570550099,48.50637238220752,4899.14361060296,win,0.06254000000000559,-5100.85638939704
2025-10-17 06:15:00+00:00,2025-10-17 07:00:00+00:00,buy,56.346650000000004,56.301939999999995,56.39136000000001,56.39136000000001,1095.7601455159827,48.99143610602959,4948.135046708989,win,0.04471000000000913,-5051.864953291011
2025-10-17 08:15:00+00:00,2025-10-17 08:40:00+00:00,buy,56.406940000000006,56.36804,56.44584000000001,56.44584000000001,1272.0141508247607,49.48135046708989,4997.616397176079,win,0.038900000000005264,-5002.383602823921
2025-10-17 08:55:00+00:00,2025-10-17 09:05:00+00:00,buy,56.45638,56.39823,56.51453000000001,56.51453000000001,859.4353219562623,49.97616397176079,5047.59256114784,win,0.05815000000000481,-4952.40743885216
2025-10-17 09:15:00+00:00,2025-10-17 10:05:00+00:00,buy,56.524800000000006,56.422129999999996,56.62747000000002,56.422129999999996,491.63266398629827,-50.475925611478395,4997.116635536361,loss,-0.10267000000001048,-5002.883364463639
2025-10-17 12:45:00+00:00,2025-10-17 15:25:00+00:00,buy,56.40023,56.33145,56.469010000000004,56.33145,726.5362947857055,-49.971166355363614,4947.145469180998,loss,-0.06878000000000384,-5052.854530819002
2025-10-17 23:10:00+00:00,2025-10-17 23:35:00+00:00,sell,56.335699999999996,56.37304,56.29835999999999,56.29835999999999,1324.891662876274,49.47145469180998,4996.616923872808,win,-0.03734000000000748,-5003.383076127192
2025-10-17 23:45:00+00:00,2025-10-17 23:50:00+00:00,sell,56.25562,56.352540000000005,56.158699999999996,56.158699999999996,515.5403346958919,49.966169238728085,5046.583093111536,win,-0.09692000000000434,-4953.416906888464
2025-10-20 01:05:00+00:00,2025-10-20 01:15:00+00:00,sell,56.294909999999994,56.34085,56.248969999999986,56.248969999999986,1098.516128234779,50.46583093111536,5097.048924042651,win,-0.04594000000000875,-4902.951075957349
2025-10-20 01:25:00+00:00,2025-10-20 03:45:00+00:00,sell,56.240919999999996,56.33953,56.14230999999999,56.33953,516.8896586595929,-50.97048924042652,5046.078434802225,loss,0.09861000000000786,-4953.921565197775
2025-10-20 08:20:00+00:00,2025-10-20 08:35:00+00:00,buy,56.331010000000006,56.29996,56.362060000000014,56.362060000000014,1625.1460337523333,50.46078434802225,5096.539219150248,win,0.03105000000000757,-4903.460780849752
2025-10-20 08:45:00+00:00,2025-10-20 09:00:00+00:00,buy,56.37292,56.30204,56.4438,56.30204,719.0377002186891,-50.96539219150248,5045.5738269587455,loss,-0.0708800000000025,-4954.4261730412545
2025-10-20 10:30:00+00:00,2025-10-20 14:30:00+00:00,buy,56.35656,56.27269,56.440430000000006,56.27269,601.594590074934,-50.45573826958745,4995.118088689158,loss,-0.08387000000000455,-5004.881911310842
2025-10-20 15:05:00+00:00,2025-10-20 15:40:00+00:00,buy,56.30765,56.26097,56.354330000000004,56.354330000000004,1070.0767113729516,49.95118088689158,5045.06926957605,win,0.04668000000000205,-4954.93073042395
2025-10-20 15:50:00+00:00,2025-10-20 16:35:00+00:00,buy,56.35779,56.302859999999995,56.41272000000001,56.302859999999995,918.4542635309497,-50.4506926957605,4994.61857688029,loss,-0.05493000000000592,-5005.38142311971
2025-10-20 17:10:00+00:00,2025-10-20 20:40:00+00:00,buy,56.32039,56.266569999999994,56.37421000000001,56.266569999999994,928.0227753399233,-49.9461857688029,4944.672391111487,loss,-0.05382000000000886,-5055.327608888513
2025-10-20 20:50:00+00:00,2025-10-20 22:50:00+00:00,sell,56.23498,56.28923,56.18073,56.18073,911.4603485919248,49.44672391111487,4994.119115022601,win,-0.05425000000000324,-5005.880884977399
2025-10-20 23:05:00+00:00,2025-10-20 23:10:00+00:00,sell,56.031929999999996,56.24266,55.82119999999999,56.24266,236.99136881423996,-49.94119115022602,4944.177923872376,loss,0.2107300000000052,-5055.822076127624
2025-10-21 01:05:00+00:00,2025-10-21 01:10:00+00:00,sell,56.279869999999995,56.291880000000006,56.267859999999985,56.267859999999985,4116.717671830106,49.44177923872377,4993.6197031111,win,-0.012010000000010734,-5006.3802968889
2025-10-21 01:25:00+00:00,2025-10-21 01:55:00+00:00,sell,56.23744,56.28866,56.18622,56.18622,974.9355140786862,49.936197031111,5043.555900142211,win,-0.05122000000000071,-4956.444099857789
2025-10-21 02:45:00+00:00,2025-10-21 03:45:00+00:00,sell,56.156769999999995,56.22798,56.08555999999999,56.22798,708.2651172787054,-50.43555900142211,4993.120341140789,loss,0.07121000000000777,-5006.879658859211
2025-10-21 05:00:00+00:00,2025-10-21 05:25:00+00:00,sell,56.163489999999996,56.19585,56.13112999999999,56.19585,1542.9914527627152,-49.931203411407886,4943.1891377293805,loss,0.03236000000000416,-5056.8108622706195
2025-10-21 05:35:00+00:00,2025-10-21 06:10:00+00:00,sell,56.145489999999995,56.212860000000006,56.078119999999984,56.078119999999984,733.7374406603193,49.43189137729381,4992.6210291066745,win,-0.06737000000001103,-5007.3789708933255
2025-10-21 07:25:00+00:00,2025-10-21 08:50:00+00:00,sell,56.119629999999994,56.187940000000005,56.05131999999998,56.05131999999998,730.87703544223,49.926210291066745,5042.547239397742,win,-0.06831000000001097,-4957.452760602258
2025-10-21 11:10:00+00:00,2025-10-21 16:45:00+00:00,sell,56.185089999999995,56.25132,56.11885999999999,56.11885999999999,761.3690532081235,50.425472393977415,5092.972711791719,win,-0.06623000000000445,-4907.027288208281
2025-10-21 19:10:00+00:00,2025-10-21 19:25:00+00:00,sell,56.16498,56.22905,56.10091,56.10091,794.9075560779839,50.929727117917196,5143.902438909637,win,-0.06407000000000096,-4856.097561090363
2025-10-21 21:50:00+00:00,2025-10-21 23:05:00+00:00,sell,56.13724,56.15847,56.116009999999996,56.116009999999996,2422.9403857319694,51.43902438909637,5195.341463298733,win,-0.021230000000002747,-4804.658536701267
2025-10-21 23:15:00+00:00,2025-10-21 23:40:00+00:00,sell,56.11317,56.144650000000006,56.08168999999999,56.08168999999999,1650.3625995226298,51.95341463298733,5247.29487793172,win,-0.031480000000009056,-4752.70512206828
2025-10-21 23:55:00+00:00,2025-10-22 00:05:00+00:00,sell,56.074349999999995,56.117830000000005,56.030869999999986,56.117830000000005,1206.8295487420821,-52.47294877931721,5194.821929152403,loss,0.04348000000000951,-4805.178070847597
2025-10-22 01:05:00+00:00,2025-10-22 08:40:00+00:00,sell,56.07254,56.16729,55.97778999999999,56.16729,548.2661666651336,-51.948219291524026,5142.873709860879,loss,0.09475000000000477,-4857.126290139121
2025-10-22 09:05:00+00:00,2025-10-22 09:10:00+00:00,sell,56.12744,56.184290000000004,56.070589999999996,56.070589999999996,904.639174997448,51.42873709860879,5194.3024469594875,win,-0.056850000000004286,-4805.6975530405125
2025-10-22 10:10:00+00:00,2025-10-23 00:10:00+00:00,sell,55.96306,56.184290000000004,55.74182999999999,56.184290000000004,234.7919561975933,-51.943024469594874,5142.3594224898925,loss,0.2212300000000056,-4857.6405775101075
2025-10-23 03:05:00+00:00,2025-10-23 03:35:00+00:00,sell,55.991589999999995,56.05118,55.93199999999999,56.05118,862.9567750443492,-51.42359422489893,5090.935828264994,loss,0.05959000000000714,-4909.064171735006
2025-10-23 04:55:00+00:00,2025-10-23 05:20:00+00:00,sell,55.96362,56.028400000000005,55.89883999999999,56.028400000000005,785.8808009052976,-50.90935828264994,5040.026469982344,loss,0.06478000000000605,-4959.973530017656
2025-10-23 05:30:00+00:00,2025-10-23 06:00:00+00:00,sell,55.956689999999995,56.060300000000005,55.853079999999984,56.060300000000005,486.44208763457556,-50.40026469982344,4989.6262052825205,loss,0.10361000000001042,-5010.3737947174795
2025-10-23 06:40:00+00:00,2025-10-23 06:45:00+00:00,sell,55.9486,56.061640000000004,55.835559999999994,56.061640000000004,441.40359211626804,-49.89626205282521,4939.729943229695,loss,0.11304000000000514,-5060.270056770305
2025-10-23 06:55:00+00:00,2025-10-23 08:20:00+00:00,sell,55.94696,56.06358,55.83033999999999,56.06358,423.5748536468445,-49.397299432296954,4890.332643797398,loss,0.11662000000000461,-5109.667356202602
2025-10-23 10:05:00+00:00,2025-10-23 13:45:00+00:00,buy,56.178110000000004,56.1342,56.22202000000001,56.1342,1113.7172953306685,-48.90332643797399,4841.429317359424,loss,-0.04391000000000389,-5158.570682640576
2025-10-23 15:30:00+00:00,2025-10-23 15:50:00+00:00,buy,56.13808,56.11513,56.161030000000004,56.161030000000004,2109.5552581085362,48.41429317359424,4889.843610533018,win,0.02295000000000158,-5110.156389466982
2025-10-23 19:45:00+00:00,2025-10-23 19:55:00+00:00,sell,56.01154,56.04746,55.97561999999999,55.97561999999999,1361.3150363397606,48.89843610533018,4938.742046638348,win,-0.03592000000000439,-5061.257953361652
2025-10-23 20:05:00+00:00,2025-10-23 23:50:00+00:00,sell,55.95207,56.04323,55.86091,56.04323,541.766350004194,-49.38742046638348,4889.354626171965,loss,0.09116000000000213,-5110.645373828035
2025-10-24 02:25:00+00:00,2025-10-24 09:25:00+00:00,sell,55.972289999999994,56.078250000000004,55.866329999999984,56.078250000000004,461.43399642992557,-48.89354626171965,4840.461079910245,loss,0.10596000000001027,-5159.538920089755
2025-10-24 11:05:00+00:00,2025-10-24 11:10:00+00:00,sell,56.021269999999994,56.09395,55.94858999999999,55.94858999999999,665.9962960800613,48.40461079910245,4888.865690709347,win,-0.07268000000000541,-5111.134309290653
2025-10-24 11:20:00+00:00,2025-10-24 15:30:00+00:00,sell,55.861599999999996,56.03862,55.68457999999999,56.03862,276.1758948542076,-48.88865690709348,4839.977033802254,loss,0.17702000000000595,-5160.022966197746
2025-10-24 16:35:00+00:00,2025-10-24 17:45:00+00:00,sell,55.9738,56.0953,55.85229999999999,55.85229999999999,398.3520192429687,48.399770338022535,4888.376804140276,win,-0.1215000000000046,-5111.623195859724
2025-10-24 17:55:00+00:00,2025-10-27 00:00:00+00:00,sell,55.82953,55.919760000000004,55.73929999999999,55.919760000000004,541.7684588429554,-48.88376804140277,4839.493036098874,loss,0.09023000000000536,-5160.506963901126
2025-10-27 00:15:00+00:00,2025-10-27 01:35:00+00:00,sell,55.79535,56.021910000000005,55.56878999999999,56.021910000000005,213.60756691819998,-48.39493036098874,4791.098105737885,loss,0.2265600000000063,-5208.901894262115
2025-10-27 08:55:00+00:00,2025-10-27 10:15:00+00:00,sell,55.86389,55.967650000000006,55.76012999999999,55.967650000000006,461.7480826655264,-47.91098105737885,4743.187124680506,loss,0.10376000000000829,-5256.812875319494
2025-10-27 11:20:00+00:00,2025-10-27 17:05:00+00:00,buy,56.021950000000004,55.883739999999996,56.16016000000001,55.883739999999996,343.18697089069053,-47.43187124680506,4695.755253433701,loss,-0.13821000000000794,-5304.244746566299
2025-10-27 18:30:00+00:00,2025-10-27 20:25:00+00:00,buy,55.959010000000006,55.91178,56.00624000000001,55.91178,994.2314743665244,-46.95755253433701,4648.797700899364,loss,-0.0472300000000061,-5351.202299100636
2025-10-27 20:45:00+00:00,2025-10-27 22:35:00+00:00,buy,55.95228,55.91008,55.99448,55.99448,1101.6108295969764,46.487977008993646,4695.285677908358,win,0.042200000000001125,-5304.714322091642
2025-10-28 02:15:00+00:00,2025-10-28 02:25:00+00:00,buy,55.96517,55.946149999999996,55.984190000000005,55.984190000000005,2468.604457364457,46.952856779083575,4742.238534687442,win,0.0190200000000047,-5257.761465312558
2025-10-28 02:35:00+00:00,2025-10-28 06:05:00+00:00,buy,55.98641,55.93246,56.04036,56.04036,879.0062158827446,47.422385346874414,4789.660920034316,win,0.05395000000000039,-5210.339079965684
2025-10-28 06:15:00+00:00,2025-10-28 07:00:00+00:00,buy,56.041070000000005,56.007459999999995,56.074680000000015,56.074680000000015,1425.0701934046035,47.896609200343164,4837.557529234659,win,0.03361000000001013,-5162.442470765341
2025-10-28 07:10:00+00:00,2025-10-28 07:20:00+00:00,buy,56.077070000000006,56.053219999999996,56.100920000000016,56.053219999999996,2028.3260080639843,-48.375575292346596,4789.181953942313,loss,-0.02385000000001014,-5210.818046057687
2025-10-28 13:15:00+00:00,2025-10-28 14:10:00+00:00,sell,55.8683,55.92492,55.811679999999996,55.811679999999996,845.8463359134786,47.89181953942313,4837.073773481737,win,-0.056620000000002335,-5162.926226518263
2025-10-28 14:20:00+00:00,2025-10-28 14:55:00+00:00,sell,55.79747,55.85786,55.73707999999999,55.73707999999999,800.9726400863246,48.37073773481737,4885.444511216554,win,-0.06039000000000527,-5114.555488783446
2025-10-28 15:05:00+00:00,2025-10-28 15:40:00+00:00,sell,55.71525,55.81311,55.61738999999999,55.61738999999999,499.2279287979093,48.85444511216554,4934.298956328719,win,-0.09786000000000428,-5065.701043671281
2025-10-28 15:50:00+00:00,2025-10-28 16:20:00+00:00,sell,55.60998,55.676730000000006,55.543229999999994,55.676730000000006,739.220817427456,-49.34298956328718,4884.955966765432,loss,0.06675000000000608,-5115.044033234568
2025-10-28 18:40:00+00:00,2025-10-28 18:50:00+00:00,sell,55.69468,55.736050000000006,55.65330999999999,55.736050000000006,1180.796704559953,-48.849559667654326,4836.106407097778,loss,0.04137000000000768,-5163.893592902222
2025-10-28 19:55:00+00:00,2025-10-28 21:45:00+00:00,sell,55.689629999999994,55.75027,55.62898999999999,55.62898999999999,797.5109510384668,48.36106407097778,4884.467471168756,win,-0.060640000000006467,-5115.532528831244
2025-10-28 21:55:00+00:00,2025-10-28 22:55:00+00:00,sell,55.6279,55.683020000000006,55.57277999999999,55.57277999999999,886.1515731436727,48.84467471168756,4933.3121458804435,win,-0.055120000000009384,-5066.6878541195565
2025-10-28 23:30:00+00:00,2025-10-28 23:35:00+00:00,sell,55.558809999999994,55.6648,55.45281999999999,55.6648,465.4507166600796,-49.333121458804435,4883.979024421639,loss,0.10599000000000558,-5116.020975578361
2025-10-29 01:00:00+00:00,2025-10-29 01:10:00+00:00,sell,55.681259999999995,55.697590000000005,55.664929999999984,55.664929999999984,2990.801607114798,48.839790244216395,4932.818814665856,win,-0.016330000000010614,-5067.181185334144
2025-10-29 01:35:00+00:00,2025-10-29 02:00:00+00:00,sell,55.62833,55.68488,55.57178,55.68488,872.2933359267429,-49.32818814665856,4883.490626519198,loss,0.05655000000000143,-5116.509373480802
2025-10-29 03:15:00+00:00,2025-10-29 03:55:00+00:00,sell,55.62249,55.66118,55.5838,55.66118,1262.2100352853126,-48.834906265191975,4834.655720254005,loss,0.038690000000002556,-5165.344279745995
2025-10-29 04:20:00+00:00,2025-10-29 07:10:00+00:00,sell,55.60131,55.66431,55.538309999999996,55.538309999999996,767.4056698815591,48.346557202540055,4883.002277456545,win,-0.06300000000000239,-5116.997722543455
2025-10-29 07:20:00+00:00,2025-10-29 11:00:00+00:00,sell,55.513709999999996,55.607380000000006,55.420039999999986,55.420039999999986,521.2984175783087,48.83002277456546,4931.832300231111,win,-0.09367000000001013,-5068.167699768889
2025-10-29 11:10:00+00:00,2025-10-29 11:35:00+00:00,sell,55.408069999999995,55.454190000000004,55.361949999999986,55.454190000000004,1069.3478534757467,-49.318323002311104,4882.513977228799,loss,0.04612000000000904,-5117.486022771201
2025-10-29 14:20:00+00:00,2025-10-29 14:25:00+00:00,sell,55.46875,55.51391,55.42359,55.42359,1081.1589852144602,48.825139772288004,4931.339117001087,win,-0.045160000000002753,-5068.660882998913
2025-10-29 14:45:00+00:00,2025-10-29 15:20:00+00:00,sell,55.402469999999994,55.48743,55.317509999999984,55.48743,580.4306870292535,-49.313391170010874,4882.025725831077,loss,0.08496000000000947,-5117.974274168923
2025-10-29 15:45:00+00:00,2025-10-29 16:25:00+00:00,sell,55.40286,55.487750000000005,55.31796999999999,55.487750000000005,575.1002150819395,-48.820257258310775,4833.205468572766,loss,0.08489000000000857,-5166.794531427234
2025-10-29 18:15:00+00:00,2025-10-29 19:05:00+00:00,sell,55.53944,55.600860000000004,55.478019999999994,55.478019999999994,786.9106917245758,48.33205468572766,4881.537523258494,win,-0.06142000000000536,-5118.462476741506
2025-10-29 19:15:00+00:00,2025-10-29 19:35:00+00:00,sell,55.476929999999996,55.52729,55.42656999999999,55.42656999999999,969.32834059929,48.81537523258494,4930.352898491079,win,-0.050360000000004845,-5069.647101508921
2025-10-29 19:45:00+00:00,2025-10-29 20:00:00+00:00,sell,55.421429999999994,55.49199,55.350869999999986,55.350869999999986,698.7461590831285,49.30352898491079,4979.656427475989,win,-0.0705600000000075,-5020.343572524011
2025-10-29 20:35:00+00:00,2025-10-29 20:40:00+00:00,sell,55.343799999999995,55.43958,55.24801999999999,55.24801999999999,519.9056616700498,49.796564274759895,5029.452991750749,win,-0.09578000000000486,-4970.547008249251
2025-10-29 23:45:00+00:00,2025-10-29 23:50:00+00:00,sell,55.27008,55.30521,55.23495,55.30521,1431.6689415742715,-50.29452991750749,4979.158461833242,loss,0.035130000000002326,-5020.841538166758
2025-10-30 02:05:00+00:00,2025-10-30 02:25:00+00:00,sell,55.313959999999994,55.46885,55.159069999999986,55.46885,321.4641656551719,-49.79158461833242,4929.366877214909,loss,0.15489000000000885,-5070.633122785091
2025-10-30 08:25:00+00:00,2025-10-30 08:35:00+00:00,sell,55.374649999999995,55.409490000000005,55.339809999999986,55.339809999999986,1414.858460738671,49.2936687721491,4978.660545987059,win,-0.03484000000000975,-5021.339454012941
2025-10-30 14:10:00+00:00,2025-10-30 14:25:00+00:00,sell,55.42346,55.486230000000006,55.36068999999999,55.36068999999999,793.1592394434381,49.78660545987059,5028.44715144693,win,-0.06277000000000754,-4971.55284855307
2025-10-30 14:35:00+00:00,2025-10-30 15:00:00+00:00,sell,55.34984,55.460800000000006,55.238879999999995,55.238879999999995,453.17656375690973,50.284471514469296,5078.731622961399,win,-0.11096000000000572,-4921.268377038601
2025-10-30 15:10:00+00:00,2025-10-30 15:50:00+00:00,sell,55.222199999999994,55.35298,55.091419999999985,55.35298,388.3416136229597,-50.78731622961399,5027.944306731785,loss,0.13078000000000856,-4972.055693268215
2025-10-30 17:35:00+00:00,2025-10-30 20:50:00+00:00,sell,55.31782,55.39574,55.23989999999999,55.23989999999999,645.2700598987935,50.27944306731786,5078.223749799103,win,-0.07792000000000598,-4921.776250200897
2025-10-30 21:00:00+00:00,2025-10-30 22:15:00+00:00,sell,55.233599999999996,55.297880000000006,55.169319999999985,55.297880000000006,790.0161402921984,-50.78223749799103,5027.441512301111,loss,0.06428000000001077,-4972.558487698889
2025-10-30 22:35:00+00:00,2025-10-30 23:05:00+00:00,sell,55.244159999999994,55.30304,55.185279999999985,55.30304,853.8453655401377,-50.27441512301112,4977.1670971781,loss,0.05888000000000915,-5022.8329028219
2025-10-30 23:50:00+00:00,2025-10-30 23:55:00+00:00,sell,55.20807,55.305550000000004,55.110589999999995,55.305550000000004,510.58341169243675,-49.771670971781006,4927.39542620632,loss,0.09748000000000445,-5072.60457379368
2025-10-31 01:15:00+00:00,2025-10-31 01:25:00+00:00,sell,55.2538,55.2854,55.222199999999994,55.222199999999994,1559.3023500650684,49.2739542620632,4976.669380468383,win,-0.03160000000000451,-5023.330619531617
2025-10-31 03:55:00+00:00,2025-10-31 09:30:00+00:00,sell,55.1213,55.28931,54.953289999999996,55.28931,296.2126885583186,-49.766693804683825,4926.902686663699,loss,0.16801000000000244,-5073.097313336301
2025-10-31 12:35:00+00:00,2025-10-31 13:35:00+00:00,sell,55.25225,55.300790000000006,55.20370999999999,55.20370999999999,1015.0190949037298,49.269026866636985,4976.171713530336,win,-0.0485400000000098,-5023.828286469664
2025-10-31 14:05:00+00:00,2025-10-31 15:40:00+00:00,sell,55.196999999999996,55.28036,55.11363999999999,55.11363999999999,596.9495817574343,49.761717135303364,5025.933430665639,win,-0.0833600000000061,-4974.066569334361
2025-10-31 19:20:00+00:00,2025-10-31 19:50:00+00:00,sell,55.207449999999994,55.25789,55.157009999999985,55.25789,996.4182059208466,-50.25933430665639,4975.674096358983,loss,0.05044000000000892,-5024.325903641017
2025-11-03 10:05:00+00:00,2025-11-03 10:45:00+00:00,sell,55.27258,55.32533,55.219829999999995,55.219829999999995,943.2557528642052,49.75674096358983,5025.430837322572,win,-0.05275000000000318,-4974.569162677428
2025-11-03 10:55:00+00:00,2025-11-03 11:30:00+00:00,sell,55.20634,55.268260000000005,55.14441999999999,55.268260000000005,811.6005874227945,-50.254308373225726,4975.176528949347,loss,0.06192000000000775,-5024.823471050653
2025-11-03 12:55:00+00:00,2025-11-03 13:20:00+00:00,sell,55.236639999999994,55.28605,55.187229999999985,55.28605,1006.916925510718,-49.75176528949347,4925.424763659854,loss,0.049410000000008836,-5074.575236340146
2025-11-03 13:40:00+00:00,2025-11-03 14:40:00+00:00,sell,55.242039999999996,55.289300000000004,55.19477999999999,55.289300000000004,1042.197368527077,-49.25424763659854,4876.170516023255,loss,0.04726000000000852,-5123.829483976745
2025-11-03 15:05:00+00:00,2025-11-03 15:25:00+00:00,sell,55.26163,55.31801,55.20524999999999,55.20524999999999,864.8759340232142,48.76170516023255,4924.932221183488,win,-0.056380000000004316,-5075.067778816512
2025-11-03 15:45:00+00:00,2025-11-03 17:50:00+00:00,sell,55.19124,55.264160000000004,55.11832,55.264160000000004,675.3884011496511,-49.24932221183487,4875.682898971653,loss,0.07292000000000343,-5124.317101028347
2025-11-03 18:05:00+00:00,2025-11-04 01:00:00+00:00,buy,55.30125,55.176309999999994,55.42619000000001,55.176309999999994,390.2419480527683,-48.75682898971653,4826.926069981937,loss,-0.12494000000000938,-5173.073930018063
2025-11-04 02:15:00+00:00,2025-11-04 09:10:00+00:00,sell,55.086439999999996,55.26955,54.90332999999999,55.26955,263.60799901598875,-48.26926069981937,4778.656809282118,loss,0.18311000000000632,-5221.343190717882
2025-11-04 10:05:00+00:00,2025-11-04 10:10:00+00:00,sell,55.229119999999995,55.29106,55.16717999999999,55.16717999999999,771.4977089573101,47.786568092821184,4826.443377374939,win,-0.06194000000000699,-5173.556622625061
2025-11-04 10:20:00+00:00,2025-11-04 11:20:00+00:00,sell,55.161269999999995,55.262980000000006,55.05955999999998,55.05955999999998,474.52987684341787,48.26443377374939,4874.707811148688,win,-0.10171000000001129,-5125.292188851312
2025-11-04 11:30:00+00:00,2025-11-04 16:25:00+00:00,sell,55.038149999999995,55.147270000000006,54.92902999999998,54.92902999999998,446.72908826504556,48.74707811148688,4923.454889260175,win,-0.10912000000001143,-5076.545110739825
2025-11-04 16:35:00+00:00,2025-11-04 19:45:00+00:00,sell,54.913979999999995,54.99542,54.83253999999999,54.83253999999999,604.5499618442667,49.23454889260175,4972.689438152777,win,-0.08144000000000773,-5027.310561847223
2025-11-04 20:00:00+00:00,2025-11-04 21:30:00+00:00,sell,54.83222,54.86952,54.79492,54.79492,1333.1607072794975,49.72689438152777,5022.416332534305,win,-0.03730000000000189,-4977.583667465695
2025-11-04 21:45:00+00:00,2025-11-04 22:40:00+00:00,sell,54.783989999999996,54.83223,54.73574999999999,54.83223,1041.1310805417875,-50.224163325343056,4972.192169208962,loss,0.048240000000006944,-5027.807830791038
2025-11-04 22:55:00+00:00,2025-11-04 23:30:00+00:00,sell,54.81122,54.838910000000006,54.78352999999999,54.78352999999999,1795.6634775036935,49.721921692089616,5021.914090901051,win,-0.027690000000006876,-4978.085909098949
2025-11-04 23:50:00+00:00,2025-11-04 23:55:00+00:00,sell,54.776779999999995,54.81105,54.74250999999999,54.74250999999999,1465.396583279867,50.21914090901051,5072.133231810061,win,-0.03427000000000646,-4927.866768189939
2025-11-05 00:55:00+00:00,2025-11-05 01:00:00+00:00,sell,54.72519,54.810370000000006,54.64000999999999,54.810370000000006,595.4605813347699,-50.721332318100615,5021.411899491961,loss,0.08518000000000825,-4978.588100508039
2025-11-05 05:45:00+00:00,2025-11-05 06:05:00+00:00,sell,54.66659,54.807570000000005,54.52560999999999,54.807570000000005,356.1790253576212,-50.21411899491961,4971.197780497041,loss,0.1409800000000061,-5028.802219502959
2025-11-05 08:05:00+00:00,2025-11-05 09:05:00+00:00,sell,54.718759999999996,54.84685,54.59066999999999,54.84685,388.1019424230428,-49.71197780497041,4921.485802692071,loss,0.12809000000000736,-5078.514197307929
2025-11-05 18:50:00+00:00,2025-11-05 19:30:00+00:00,buy,54.93986,54.90474,54.97498000000001,54.90474,1401.3342262788137,-49.21485802692071,4872.270944665151,loss,-0.03512000000000626,-5127.729055334849
2025-11-05 20:55:00+00:00,2025-11-05 21:30:00+00:00,buy,54.91315,54.89559,54.930710000000005,54.930710000000005,2774.6417680320515,48.72270944665151,4920.993654111802,win,0.01756000000000313,-5079.006345888198
2025-11-05 22:00:00+00:00,2025-11-05 23:30:00+00:00,buy,54.931740000000005,54.907129999999995,54.956350000000015,54.956350000000015,1999.5910825314281,49.209936541118026,4970.20359065292,win,0.02461000000000979,-5029.79640934708
2025-11-05 23:50:00+00:00,2025-11-05 23:55:00+00:00,buy,54.95781,54.94121,54.974410000000006,54.94121,2994.0985485853853,-49.702035906529204,4920.501554746391,loss,-0.016600000000003945,-5079.498445253609
2025-11-06 00:05:00+00:00,2025-11-06 00:10:00+00:00,buy,54.974050000000005,54.90663,55.04147000000001,55.04147000000001,729.8281748362479,49.20501554746391,4969.706570293854,win,0.06742000000000559,-5030.293429706146
2025-11-06 00:20:00+00:00,2025-11-06 11:40:00+00:00,buy,55.06152,54.90663,55.21641,55.21641,320.8539331327909,49.697065702938545,5019.403635996793,win,0.15489000000000175,-4980.596364003207
2025-11-06 12:10:00+00:00,2025-11-06 14:00:00+00:00,buy,55.219730000000006,55.16361,55.27585000000001,55.16361,894.4054946536284,-50.19403635996793,4969.209599636825,loss,-0.05612000000000705,-5030.790400363175
2025-11-06 14:50:00+00:00,2025-11-06 20:35:00+00:00,buy,55.260630000000006,55.11597,55.405290000000015,55.405290000000015,343.5095810615595,49.69209599636825,5018.901695633193,win,0.1446600000000089,-4981.098304366807
2025-11-06 20:45:00+00:00,2025-11-06 23:40:00+00:00,buy,55.419160000000005,55.35998,55.47834000000001,55.35998,848.0739600596111,-50.18901695633193,4968.712678676861,loss,-0.059180000000004895,-5031.287321323139
2025-11-06 23:50:00+00:00,2025-11-07 01:00:00+00:00,buy,55.419990000000006,55.353539999999995,55.486440000000016,55.486440000000016,747.737047204829,49.687126786768616,5018.3998054636295,win,0.06645000000001033,-4981.6001945363705
2025-11-07 03:55:00+00:00,2025-11-07 04:45:00+00:00,buy,55.39936,55.29235,55.506370000000004,55.29235,468.9654990620982,-50.1839980546363,4968.215807408993,loss,-0.10701000000000249,-5031.784192591007
2025-11-07 06:00:00+00:00,2025-11-07 06:20:00+00:00,buy,55.368930000000006,55.268539999999994,55.46932000000002,55.268539999999994,494.891503875727,-49.682158074089934,4918.533649334903,loss,-0.10039000000001153,-5081.466350665097
2025-11-07 06:35:00+00:00,2025-11-07 15:20:00+00:00,buy,55.37608,55.267779999999995,55.48438000000001,55.48438000000001,454.158231702178,49.185336493349034,4967.718985828252,win,0.10830000000000695,-5032.281014171748
2025-11-07 15:30:00+00:00,2025-11-07 16:55:00+00:00,buy,55.49421,55.424809999999994,55.56361000000001,55.56361000000001,715.8096521365451,49.67718985828252,5017.396175686535,win,0.06940000000000879,-4982.603824313465
2025-11-07 17:05:00+00:00,2025-11-07 17:10:00+00:00,buy,55.56533,55.50085,55.629810000000006,55.629810000000006,778.1321612416696,50.173961756865346,5067.5701374434,win,0.0644800000000032,-4932.4298625566
2025-11-07 18:25:00+00:00,2025-11-07 23:35:00+00:00,buy,55.63109,55.549339999999994,55.71284000000001,55.549339999999994,619.886255344708,-50.675701374434006,5016.894436068967,loss,-0.08175000000000665,-4983.105563931033
2025-11-10 02:25:00+00:00,2025-11-10 03:20:00+00:00,buy,55.492990000000006,55.463319999999996,55.522660000000016,55.522660000000016,1690.8980236155248,50.168944360689665,5067.063380429656,win,0.029670000000010077,-4932.936619570344
2025-11-10 04:45:00+00:00,2025-11-10 05:30:00+00:00,buy,55.513630000000006,55.48878,55.538480000000014,55.48878,2039.0597104338283,-50.67063380429656,5016.392746625359,loss,-0.02485000000000781,-4983.607253374641
2025-11-10 06:00:00+00:00,2025-11-10 07:20:00+00:00,buy,55.511390000000006,55.479929999999996,55.542850000000016,55.542850000000016,1594.5304344004433,50.16392746625359,5066.556674091613,win,0.03146000000000981,-4933.443325908387
2025-11-10 07:30:00+00:00,2025-11-10 08:35:00+00:00,buy,55.54977,55.519969999999994,55.57957000000001,55.519969999999994,1700.1868033859503,-50.66556674091613,5015.891107350697,loss,-0.02980000000000871,-4984.108892649303
2025-11-10 09:25:00+00:00,2025-11-10 10:20:00+00:00,buy,55.53255,55.460559999999994,55.60454000000001,55.60454000000001,696.7483132865999,50.15891107350697,5066.050018424204,win,0.07199000000000666,-4933.949981575796
2025-11-10 10:30:00+00:00,2025-11-10 13:05:00+00:00,buy,55.622640000000004,55.54307,55.70221000000001,55.54307,636.6783986959853,-50.66050018424204,5015.389518239962,loss,-0.07957000000000392,-4984.610481760038
2025-11-10 13:25:00+00:00,2025-11-10 13:45:00+00:00,buy,55.568450000000006,55.53008,55.60682000000001,55.60682000000001,1307.1122017823752,50.15389518239962,5065.5434134223615,win,0.038370000000007565,-4934.4565865776385
2025-11-10 13:55:00+00:00,2025-11-10 14:20:00+00:00,buy,55.61692,55.55545,55.67839,55.67839,824.0675798637334,50.65543413422362,5116.198847556585,win,0.061469999999999914,-4883.801152443415
2025-11-10 15:20:00+00:00,2025-11-10 15:35:00+00:00,buy,55.68345,55.63137,55.735530000000004,55.63137,982.3730506060336,-51.16198847556585,5065.036859081019,loss,-0.05208000000000368,-4934.963140918981
2025-11-10 19:05:00+00:00,2025-11-10 19:35:00+00:00,buy,55.573080000000004,55.534639999999996,55.61152000000001,55.61152000000001,1317.6474659417024,50.650368590810196,5115.6872276718295,win,0.03844000000000847,-4884.3127723281705
2025-11-10 19:45:00+00:00,2025-11-11 00:35:00+00:00,buy,55.62924,55.560019999999994,55.69846000000001,55.560019999999994,739.0475625066746,-51.156872276718296,5064.530355395112,loss,-0.0692200000000085,-4935.469644604888
2025-11-11 08:45:00+00:00,2025-11-11 08:55:00+00:00,sell,55.56185,55.616420000000005,55.507279999999994,55.507279999999994,928.0795960041445,50.645303553951116,5115.175658949062,win,-0.054570000000005336,-4884.824341050938
2025-11-11 09:05:00+00:00,2025-11-11 15:25:00+00:00,sell,55.498889999999996,55.622710000000005,55.37506999999999,55.622710000000005,413.11384743568766,-51.151756589490624,5064.023902359571,loss,0.12382000000000914,-4935.976097640429
2025-11-11 16:35:00+00:00,2025-11-11 17:05:00+00:00,buy,55.67222,55.62981,55.71463000000001,55.62981,1194.0636412070535,-50.64023902359572,5013.383663335976,loss,-0.042410000000003834,-4986.616336664024
2025-11-11 19:25:00+00:00,2025-11-11 21:50:00+00:00,buy,55.64669,55.61358,55.6798,55.61358,1514.1599708051585,-50.13383663335976,4963.249826702617,loss,-0.03311000000000064,-5036.750173297383
2025-11-12 00:20:00+00:00,2025-11-12 00:55:00+00:00,sell,55.489599999999996,55.56954,55.40965999999999,55.40965999999999,620.8718822494546,49.632498267026165,5012.8823249696425,win,-0.07994000000000767,-4987.1176750303575
2025-11-12 03:25:00+00:00,2025-11-12 04:25:00+00:00,sell,55.447289999999995,55.515440000000005,55.379139999999985,55.515440000000005,735.5660051311684,-50.128823249696424,4962.753501719946,loss,0.06815000000000992,-5037.246498280054
2025-11-12 04:45:00+00:00,2025-11-12 09:05:00+00:00,sell,55.44361,55.51977,55.36745,55.51977,651.6220459190972,-49.62753501719946,4913.125966702747,loss,0.07616000000000156,-5086.874033297253
2025-11-12 10:50:00+00:00,2025-11-12 10:55:00+00:00,sell,55.51911,55.559740000000005,55.47847999999999,55.47847999999999,1209.2360242928546,49.13125966702748,4962.257226369775,win,-0.04063000000000727,-5037.742773630225
2025-11-12 11:10:00+00:00,2025-11-12 23:55:00+00:00,sell,55.42736,55.58372,55.271,55.271,317.36104031528487,49.62257226369775,5011.879798633472,win,-0.1563599999999994,-4988.120201366528
2025-11-13 08:10:00+00:00,2025-11-13 08:35:00+00:00,buy,55.486230000000006,55.459509999999995,55.51295000000002,55.459509999999995,1875.7035174518307,-50.11879798633472,4961.761000647138,loss,-0.026720000000011623,-5038.238999352862
2025-11-13 08:55:00+00:00,2025-11-13 09:00:00+00:00,buy,55.501760000000004,55.45643,55.54709000000001,55.45643,1094.5865873916555,-49.61761000647138,4912.143390640666,loss,-0.045330000000006976,-5087.856609359334
2025-11-13 09:15:00+00:00,2025-11-13 09:40:00+00:00,buy,55.50656,55.40448,55.60864,55.60864,481.205269459309,49.121433906406665,4961.264824547073,win,0.10208000000000084,-5038.735175452927
2025-11-13 09:50:00+00:00,2025-11-13 10:55:00+00:00,buy,55.609100000000005,55.50626,55.71194000000001,55.71194000000001,482.4255955412978,49.61264824547073,5010.877472792544,win,0.10284000000000759,-4989.122527207456
2025-11-13 11:05:00+00:00,2025-11-13 19:00:00+00:00,buy,55.746320000000004,55.58394,55.90870000000001,55.90870000000001,308.5895721635891,50.108774727925436,5060.986247520469,win,0.16238000000000596,-4939.013752479531
2025-11-13 19:10:00+00:00,2025-11-14 00:35:00+00:00,buy,55.916430000000005,55.76088,56.07198000000001,55.76088,325.3607359383028,-50.609862475204686,5010.376385045264,loss,-0.15555000000000518,-4989.623614954736
2025-11-14 06:35:00+00:00,2025-11-14 09:05:00+00:00,sell,55.56766,55.66982,55.46549999999999,55.66982,490.4440470874142,-50.103763850452644,4960.272621194812,loss,0.10216000000000491,-5039.727378805188
2025-11-14 13:05:00+00:00,2025-11-14 13:10:00+00:00,sell,55.63312,55.661010000000005,55.60522999999999,55.60522999999999,1778.512951306444,49.602726211948124,5009.87534740676,win,-0.02789000000000641,-4990.12465259324
2025-11-14 13:20:00+00:00,2025-11-14 14:10:00+00:00,sell,55.57145,55.661010000000005,55.48188999999999,55.661010000000005,559.3876002017008,-50.0987534740676,4959.776593932692,loss,0.08956000000000586,-5040.223406067308
2025-11-14 14:20:00+00:00,2025-11-14 14:40:00+00:00,buy,55.666450000000005,55.587619999999994,55.745280000000015,55.745280000000015,629.1737401918082,49.59776593932692,5009.374359872018,win,0.07883000000001061,-4990.625640127982
2025-11-14 14:50:00+00:00,2025-11-14 17:05:00+00:00,buy,55.76062,55.649159999999995,55.87208000000001,55.649159999999995,449.43247441877395,-50.09374359872019,4959.280616273299,loss,-0.11146000000000811,-5040.719383726701
2025-11-14 18:05:00+00:00,2025-11-14 18:10:00+00:00,buy,55.63228,55.55941,55.70515,55.70515,680.5654749928884,49.592806162732984,5008.873422436031,win,0.07287000000000177,-4991.126577563969
2025-11-14 18:20:00+00:00,2025-11-14 22:50:00+00:00,buy,55.70812,55.576609999999995,55.83963000000001,55.576609999999995,380.8739580591446,-50.088734224360316,4958.784688211671,loss,-0.1315100000000058,-5041.215311788329
2025-11-14 23:20:00+00:00,2025-11-18 00:45:00+00:00,buy,55.72337,55.54338,55.903360000000006,55.54338,275.5033439753081,-49.58784688211671,4909.196841329554,loss,-0.17999000000000365,-5090.803158670446
2025-11-18 00:55:00+00:00,2025-11-18 07:00:00+00:00,sell,55.4458,55.71251,55.179089999999995,55.71251,184.0649709920698,-49.09196841329555,4860.1048729162585,loss,0.26671000000000333,-5139.8951270837415
2025-11-18 14:05:00+00:00,2025-11-18 14:55:00+00:00,buy,55.69106,55.65709,55.725030000000004,55.725030000000004,1430.7049964426676,48.60104872916258,4908.705921645421,win,0.03397000000000361,-5091.294078354579
2025-11-18 15:05:00+00:00,2025-11-18 15:10:00+00:00,buy,55.72815,55.69294,55.76336,55.69294,1394.1226701634532,-49.08705921645421,4859.618862428967,loss,-0.0352099999999993,-5140.381137571033
2025-11-18 15:50:00+00:00,2025-11-18 20:05:00+00:00,buy,55.739990000000006,55.640879999999996,55.839100000000016,55.640879999999996,490.325785735896,-48.596188624289674,4811.022673804678,loss,-0.09911000000001025,-5188.977326195322
2025-11-18 20:15:00+00:00,2025-11-18 20:25:00+00:00,buy,55.663120000000006,55.63988,55.686360000000015,55.686360000000015,2070.1474500012678,48.11022673804678,4859.132900542724,win,0.023240000000008365,-5140.867099457276
2025-11-18 20:35:00+00:00,2025-11-18 23:30:00+00:00,buy,55.691430000000004,55.63988,55.74298000000001,55.63988,942.6058002991582,-48.59132900542724,4810.541571537297,loss,-0.05155000000000598,-5189.458428462703
2025-11-18 23:40:00+00:00,2025-11-19 00:00:00+00:00,sell,55.6265,55.687000000000005,55.565999999999995,55.687000000000005,795.1308382705664,-48.10541571537298,4762.436155821924,loss,0.06050000000000466,-5237.563844178076
2025-11-19 00:35:00+00:00,2025-11-19 01:15:00+00:00,sell,55.62361,55.72572,55.521499999999996,55.521499999999996,466.4025223603734,47.62436155821924,4810.060517380143,win,-0.10211000000000325,-5189.939482619857
2025-11-19 03:50:00+00:00,2025-11-19 07:45:00+00:00,sell,55.59054,55.67119,55.50988999999999,55.67119,596.4117194519288,-48.10060517380143,4761.959912206342,loss,0.08065000000000566,-5238.040087793658
2025-11-19 10:10:00+00:00,2025-11-19 10:55:00+00:00,sell,55.673019999999994,55.72872,55.617319999999985,55.617319999999985,854.9299662846669,47.61959912206342,4809.579511328406,win,-0.05570000000000874,-5190.420488671594
2025-11-19 11:40:00+00:00,2025-11-19 12:05:00+00:00,sell,55.614279999999994,55.6608,55.567759999999986,55.567759999999986,1033.8734977058398,48.095795113284055,4857.67530644169,win,-0.04652000000000811,-5142.32469355831
2025-11-19 12:45:00+00:00,2025-11-19 17:35:00+00:00,sell,55.562889999999996,55.64312,55.48265999999999,55.48265999999999,605.4686908190508,48.5767530644169,4906.252059506107,win,-0.08023000000000735,-5093.747940493893
2025-11-19 17:45:00+00:00,2025-11-19 21:35:00+00:00,sell,55.4345,55.583470000000005,55.285529999999994,55.285529999999994,329.3449727801519,49.06252059506107,4955.314580101168,win,-0.1489700000000056,-5044.685419898832
2025-11-19 21:45:00+00:00,2025-11-19 23:35:00+00:00,sell,55.28505,55.31898,55.25111999999999,55.31898,1460.4522782494607,-49.55314580101168,4905.761434300156,loss,0.03393000000000512,-5094.238565699844
2025-11-20 00:10:00+00:00,2025-11-20 00:15:00+00:00,sell,55.26005,55.32307,55.19703,55.32307,778.4451657093033,-49.05761434300156,4856.703819957154,loss,0.06302000000000163,-5143.296180042846
2025-11-20 00:40:00+00:00,2025-11-20 00:45:00+00:00,sell,55.178349999999995,55.40129,54.955409999999986,55.40129,217.84802278446992,-48.56703819957154,4808.136781757583,loss,0.22294000000000835,-5191.863218242417
2025-11-20 04:15:00+00:00,2025-11-20 06:50:00+00:00,sell,55.21621,55.381800000000005,55.05061999999999,55.381800000000005,290.3639580746016,-48.08136781757583,4760.055413940007,loss,0.16559000000000879,-5239.944586059993
2025-11-20 15:05:00+00:00,2025-11-20 15:30:00+00:00,buy,55.46276,55.4274,55.49812000000001,55.4274,1346.1695175168077,-47.600554139400074,4712.454859800608,loss,-0.03536000000000428,-5287.545140199392
2025-11-20 15:40:00+00:00,2025-11-20 16:30:00+00:00,buy,55.53773,55.42558,55.64988000000001,55.64988000000001,420.19214086494156,47.12454859800608,4759.579408398614,win,0.11215000000000686,-5240.420591601386
2025-11-20 20:05:00+00:00,2025-11-20 20:20:00+00:00,buy,55.470000000000006,55.438449999999996,55.501550000000016,55.501550000000016,1508.5830137550274,47.59579408398614,4807.1752024826,win,0.03155000000000996,-5192.8247975174
2025-11-20 21:10:00+00:00,2025-11-20 23:30:00+00:00,buy,55.503780000000006,55.44378,55.563780000000015,55.44378,801.1958670803082,-48.071752024826004,4759.103450457774,loss,-0.06000000000000938,-5240.896549542226
2025-11-21 00:05:00+00:00,2025-11-21 01:00:00+00:00,buy,55.49331,55.42601,55.560610000000004,55.42601,707.147615224006,-47.59103450457774,4711.512415953196,loss,-0.06730000000000302,-5288.487584046804
2025-11-21 01:55:00+00:00,2025-11-25 03:35:00+00:00,buy,55.506130000000006,55.29696,55.71530000000001,55.71530000000001,225.24799999775442,47.11512415953196,4758.627540112728,win,0.2091700000000074,-5241.372459887272
2025-11-25 07:15:00+00:00,2025-11-25 08:10:00+00:00,sell,55.54918,55.656310000000005,55.442049999999995,55.656310000000005,444.1918734353126,-47.58627540112728,4711.041264711601,loss,0.10713000000000505,-5288.958735288399
2025-11-25 09:05:00+00:00,2025-11-25 11:40:00+00:00,buy,55.691790000000005,55.56827,55.81531000000001,55.81531000000001,381.3990661197669,47.11041264711601,4758.151677358717,win,0.12352000000000629,-5241.848322641283
2025-11-25 12:10:00+00:00,2025-11-25 12:35:00+00:00,buy,55.82213,55.761329999999994,55.88293000000001,55.761329999999994,782.5907364075871,-47.581516773587175,4710.57016058513,loss,-0.060800000000007515,-5289.42983941487
2025-11-25 14:30:00+00:00,2025-11-25 14:40:00+00:00,buy,55.75126,55.71227,55.79025000000001,55.79025000000001,1208.1482843253339,47.1057016058513,4757.675862190981,win,0.03899000000000541,-5242.324137809019
2025-11-25 15:05:00+00:00,2025-11-25 16:05:00+00:00,buy,55.82291,55.709649999999996,55.936170000000004,55.936170000000004,420.0667369054226,47.57675862190981,4805.252620812891,win,0.11326000000000391,-5194.747379187109
2025-11-25 16:30:00+00:00,2025-11-25 17:35:00+00:00,buy,55.9376,55.834239999999994,56.04096000000001,56.04096000000001,464.9044718278311,48.05252620812891,4853.30514702102,win,0.10336000000000922,-5146.69485297898
2025-11-25 19:00:00+00:00,2025-11-25 19:20:00+00:00,buy,55.99405,55.954319999999996,56.03378000000001,56.03378000000001,1221.571897060234,48.533051470210204,4901.83819849123,win,0.039730000000005816,-5098.16180150877
2025-11-25 19:40:00+00:00,2025-11-25 22:30:00+00:00,buy,56.052600000000005,55.922489999999996,56.182710000000014,55.922489999999996,376.7456919906917,-49.0183819849123,4852.819816506318,loss,-0.13011000000000905,-5147.180183493682
2025-11-26 02:05:00+00:00,2025-11-26 03:30:00+00:00,buy,55.88055,55.838969999999996,55.92213,55.92213,1167.1043329740103,48.52819816506317,4901.348014671381,win,0.04158000000000328,-5098.651985328619
2025-11-26 03:40:00+00:00,2025-11-26 05:45:00+00:00,buy,55.941140000000004,55.872879999999995,56.009400000000014,56.009400000000014,718.0410217800634,49.01348014671381,4950.361494818095,win,0.06826000000000931,-5049.638505181905
2025-11-26 07:10:00+00:00,2025-11-26 08:10:00+00:00,buy,55.989720000000005,55.96901,56.010430000000014,56.010430000000014,2390.324236994751,49.503614948180946,4999.865109766276,win,0.020710000000008222,-5000.134890233724
2025-11-26 08:20:00+00:00,2025-11-26 08:55:00+00:00,buy,56.01088,55.977419999999995,56.044340000000005,55.977419999999995,1494.2812641259732,-49.99865109766276,4949.866458668614,loss,-0.03346000000000515,-5050.133541331386
2025-11-26 10:10:00+00:00,2025-11-26 11:30:00+00:00,buy,55.95879,55.89386,56.023720000000004,55.89386,762.3388970688918,-49.49866458668614,4900.367794081927,loss,-0.06493000000000393,-5099.632205918073
2025-11-26 15:10:00+00:00,2025-11-26 17:15:00+00:00,buy,55.982310000000005,55.80103,56.16359000000001,56.16359000000001,270.3203769903855,49.00367794081927,4949.371472022746,win,0.1812800000000081,-5050.628527977254
2025-11-26 18:05:00+00:00,2025-11-27 00:40:00+00:00,buy,56.1683,56.00252,56.33408000000001,56.00252,298.5505773930868,-49.49371472022747,4899.877757302519,loss,-0.16578000000000515,-5100.122242697481
2025-11-27 02:05:00+00:00,2025-11-27 02:10:00+00:00,buy,56.304080000000006,56.28922,56.31894000000001,56.28922,3297.3605365414433,-48.998777573025194,4850.878979729494,loss,-0.014860000000005869,-5149.121020270506
2025-11-27 02:30:00+00:00,2025-11-27 10:40:00+00:00,buy,56.30706,56.207499999999996,56.406620000000004,56.207499999999996,487.23171753006284,-48.50878979729494,4802.370189932199,loss,-0.09956000000000387,-5197.629810067801
2025-11-27 11:55:00+00:00,2025-11-27 12:35:00+00:00,buy,56.183890000000005,56.15456,56.213220000000014,56.213220000000014,1637.3577190353794,48.023701899321985,4850.393891831521,win,0.029330000000008738,-5149.606108168479
2025-11-27 13:05:00+00:00,2025-11-27 15:25:00+00:00,buy,56.236830000000005,56.18008,56.29358000000001,56.29358000000001,854.6949589129217,48.50393891831521,4898.8978307498355,win,0.05675000000000807,-5101.1021692501645
2025-11-27 15:35:00+00:00,2025-11-27 19:20:00+00:00,buy,56.29431,56.221999999999994,56.36662000000001,56.221999999999994,677.4855249272912,-48.98897830749836,4849.908852442337,loss,-0.07231000000000876,-5150.091147557663
2025-11-27 20:40:00+00:00,2025-11-27 23:45:00+00:00,buy,56.267720000000004,56.24142,56.29402000000001,56.24142,1844.0718070118603,-48.49908852442337,4801.409763917914,loss,-0.026300000000006207,-5198.590236082086
2025-11-28 03:30:00+00:00,2025-11-28 05:30:00+00:00,sell,56.13534,56.196870000000004,56.073809999999995,56.196870000000004,780.336382889248,-48.014097639179134,4753.395666278734,loss,0.06153000000000475,-5246.604333721266
2025-11-28 05:50:00+00:00,2025-11-28 08:10:00+00:00,sell,56.10451,56.239540000000005,55.96947999999999,56.239540000000005,352.02515487509953,-47.53395666278734,4705.861709615947,loss,0.13503000000000753,-5294.138290384053
2025-11-28 08:40:00+00:00,2025-11-28 17:55:00+00:00,sell,56.168,56.281240000000004,56.054759999999995,56.281240000000004,415.56532229033496,-47.05861709615947,4658.803092519787,loss,0.11324000000000467,-5341.196907480213
2025-11-28 20:15:00+00:00,2025-11-28 20:40:00+00:00,buy,56.25764,56.22707,56.28821000000001,56.22707,1523.9787675888492,-46.58803092519787,4612.215061594589,loss,-0.030570000000004427,-5387.784938405411
2025-11-28 21:00:00+00:00,2025-11-28 23:30:00+00:00,buy,56.283190000000005,56.21409,56.35229000000001,56.21409,667.4696181757154,-46.12215061594589,4566.092910978643,loss,-0.06910000000000593,-5433.907089021357
2025-11-28 23:50:00+00:00,2025-12-01 01:00:00+00:00,buy,56.287620000000004,56.185979999999994,56.389260000000014,56.185979999999994,449.24172677864783,-45.66092910978643,4520.431981868856,loss,-0.10164000000001039,-5479.568018131144
2025-12-01 05:05:00+00:00,2025-12-01 05:50:00+00:00,sell,56.14308,56.23395,56.052209999999995,56.23395,497.46142641892095,-45.20431981868857,4475.227662050168,loss,0.09087000000000245,-5524.772337949832
2025-12-01 07:35:00+00:00,2025-12-01 09:20:00+00:00,sell,56.164019999999994,56.240790000000004,56.08724999999998,56.240790000000004,582.939645961907,-44.75227662050169,4430.475385429666,loss,0.07677000000001044,-5569.524614570334
2025-12-01 10:05:00+00:00,2025-12-01 10:35:00+00:00,sell,56.22768,56.30789,56.14747,56.14747,552.359479544896,44.30475385429666,4474.780139283963,win,-0.080210000000001,-5525.219860716037
2025-12-01 14:05:00+00:00,2025-12-01 14:20:00+00:00,buy,56.23702,56.20397,56.270070000000004,56.270070000000004,1353.9425534897334,44.747801392839634,4519.527940676802,win,0.03305000000000291,-5480.472059323198
2025-12-01 14:30:00+00:00,2025-12-01 14:50:00+00:00,buy,56.279270000000004,56.217369999999995,56.34117000000001,56.34117000000001,730.1337545518871,45.19527940676802,4564.723220083571,win,0.061900000000008504,-5435.276779916429
2025-12-01 15:00:00+00:00,2025-12-01 16:05:00+00:00,buy,56.351890000000004,56.26229,56.44149000000001,56.26229,509.45571652715955,-45.64723220083571,4519.075987882735,loss,-0.08960000000000434,-5480.924012117265
2025-12-01 19:10:00+00:00,2025-12-01 19:45:00+00:00,sell,56.14013,56.17794,56.10232,56.10232,1195.2065559065575,45.19075987882735,4564.266747761562,win,-0.03781000000000034,-5435.733252238438
2025-12-01 20:15:00+00:00,2025-12-01 23:55:00+00:00,sell,56.072489999999995,56.167970000000004,55.977009999999986,55.977009999999986,478.03380265617164,45.642667477615625,4609.909415239178,win,-0.09548000000000911,-5390.090584760822
2025-12-02 01:00:00+00:00,2025-12-02 01:10:00+00:00,sell,55.94121,56.07137,55.811049999999994,56.07137,354.1725119267863,-46.09909415239178,4563.810321086787,loss,0.1301600000000036,-5436.189678913213
2025-12-02 01:45:00+00:00,2025-12-02 02:05:00+00:00,sell,55.88272,56.09214,55.6733,56.09214,217.92619239264417,-45.63810321086787,4518.172217875919,loss,0.2094200000000015,-5481.827782124081
2025-12-02 03:20:00+00:00,2025-12-02 03:50:00+00:00,sell,56.00465,56.07981,55.929489999999994,56.07981,601.1405292543488,-45.181722178759195,4472.9904956971595,loss,0.07516000000000389,-5527.0095043028405
2025-12-02 05:05:00+00:00,2025-12-02 05:10:00+00:00,sell,56.038419999999995,56.11515,55.96168999999999,56.11515,582.9519738950706,-44.729904956971595,4428.260590740188,loss,0.07673000000000485,-5571.739409259812
2025-12-02 07:35:00+00:00,2025-12-02 12:15:00+00:00,sell,56.05799,56.14,55.97597999999999,55.97597999999999,539.9659298548929,44.28260590740188,4472.54319664759,win,-0.08201000000000391,-5527.45680335241
2025-12-02 12:25:00+00:00,2025-12-02 16:50:00+00:00,sell,55.96236,56.0882,55.83651999999999,56.0882,355.4150664850173,-44.7254319664759,4427.817764681114,loss,0.12584000000000373,-5572.182235318886
2025-12-02 17:20:00+00:00,2025-12-02 17:35:00+00:00,sell,56.035199999999996,56.09548,55.97491999999999,56.09548,734.5417658727076,-44.27817764681114,4383.539587034303,loss,0.060280000000005884,-5616.460412965697
2025-12-02 18:40:00+00:00,2025-12-02 23:00:00+00:00,sell,55.99673,56.114000000000004,55.879459999999995,55.879459999999995,373.7988903414446,43.83539587034303,4427.374982904646,win,-0.11727000000000487,-5572.625017095354
2025-12-02 23:55:00+00:00,2025-12-03 00:05:00+00:00,sell,55.87737,56.08205,55.672689999999996,56.08205,216.30716156461668,-44.27374982904646,4383.101233075599,loss,0.2046800000000033,-5616.898766924401
2025-12-03 04:15:00+00:00,2025-12-03 09:05:00+00:00,buy,56.18524,56.117079999999994,56.253400000000006,56.253400000000006,643.060626918312,43.831012330755996,4426.932245406355,win,0.068160000000006,-5573.067754593645
2025-12-03 09:15:00+00:00,2025-12-03 11:35:00+00:00,buy,56.2697,56.129999999999995,56.409400000000005,56.409400000000005,316.8884928708806,44.26932245406355,4471.201567860418,win,0.13970000000000482,-5528.798432139582
2025-12-03 11:45:00+00:00,2025-12-03 15:05:00+00:00,buy,56.41001,56.30329,56.51673,56.51673,418.96566415482573,44.71201567860418,4515.9135835390225,win,0.10672000000000281,-5484.0864164609775
2025-12-03 15:15:00+00:00,2025-12-03 15:55:00+00:00,buy,56.527060000000006,56.466899999999995,56.587220000000016,56.466899999999995,750.6505291785637,-45.159135835390224,4470.754447703633,loss,-0.06016000000001043,-5529.245552296367
2025-12-03 16:40:00+00:00,2025-12-03 17:25:00+00:00,buy,56.52179,56.461589999999994,56.58199000000001,56.58199000000001,742.6502404822211,44.70754447703633,4515.461992180669,win,0.06020000000000891,-5484.538007819331
2025-12-03 17:50:00+00:00,2025-12-03 20:40:00+00:00,buy,56.58749,56.49048,56.68450000000001,56.68450000000001,465.4635596516298,45.15461992180669,4560.616612102475,win,0.09701000000000448,-5439.383387897525
2025-12-03 21:55:00+00:00,2025-12-03 23:30:00+00:00,buy,56.68889,56.67055,56.70723,56.67055,2486.704804853857,-45.606166121024756,4515.01044598145,loss,-0.01834000000000202,-5484.98955401855
2025-12-03 23:50:00+00:00,2025-12-03 23:55:00+00:00,buy,56.6862,56.647969999999994,56.724430000000005,56.647969999999994,1181.0124106672167,-45.1501044598145,4469.860341521636,loss,-0.03823000000000576,-5530.139658478364
2025-12-04 04:15:00+00:00,2025-12-04 05:25:00+00:00,buy,56.72227,56.577079999999995,56.86746000000001,56.577079999999995,307.86282399073167,-44.69860341521636,4425.16173810642,loss,-0.1451900000000066,-5574.83826189358
2025-12-04 07:55:00+00:00,2025-12-04 16:40:00+00:00,buy,56.71453,56.58896,56.84010000000001,56.84010000000001,352.40596783517594,44.2516173810642,4469.413355487484,win,0.1255700000000033,-5530.586644512516
2025-12-04 17:15:00+00:00,2025-12-04 18:10:00+00:00,buy,56.85488,56.79591,56.913850000000004,56.79591,757.9130668962724,-44.694133554874846,4424.71922193261,loss,-0.05897000000000219,-5575.28077806739
2025-12-05 04:15:00+00:00,2025-12-05 05:10:00+00:00,sell,56.51923,56.613350000000004,56.42511,56.613350000000004,470.11466446370946,-44.2471922193261,4380.4720297132835,loss,0.09412000000000376,-5619.5279702867165
2025-12-05 05:25:00+00:00,2025-12-05 06:10:00+00:00,sell,56.514689999999995,56.61428,56.41509999999999,56.61428,439.8505903919076,-43.80472029713284,4336.667309416151,loss,0.09959000000000628,-5663.332690583849
2025-12-05 09:05:00+00:00,2025-12-05 09:10:00+00:00,buy,56.75112,56.727979999999995,56.774260000000005,56.774260000000005,1874.099960853589,43.366673094161506,4380.033982510312,win,0.023140000000005045,-5619.966017489688
2025-12-05 09:25:00+00:00,2025-12-05 12:25:00+00:00,buy,56.80084,56.727979999999995,56.87370000000001,56.727979999999995,601.1575600480331,-43.80033982510312,4336.233642685209,loss,-0.0728600000000057,-5663.766357314791
2025-12-05 13:50:00+00:00,2025-12-05 14:05:00+00:00,buy,56.71849,56.677789999999995,56.75919000000001,56.75919000000001,1065.4136714212132,43.36233642685208,4379.595979112061,win,0.040700000000008174,-5620.404020887939
2025-12-05 14:15:00+00:00,2025-12-05 16:05:00+00:00,buy,56.76068,56.69538,56.82598,56.82598,670.6885113494675,43.795959791120616,4423.391938903182,win,0.06530000000000058,-5576.608061096818
2025-12-05 17:20:00+00:00,2025-12-05 17:55:00+00:00,buy,56.780150000000006,56.72446,56.83584000000001,56.72446,794.2883711443238,-44.23391938903182,4379.15801951415,loss,-0.05569000000000557,-5620.84198048585
2025-12-05 21:30:00+00:00,2025-12-05 21:35:00+00:00,buy,56.716390000000004,56.69526,56.73752000000001,56.73752000000001,2072.48368173819,43.7915801951415,4422.949599709291,win,0.021130000000006532,-5577.050400290709
2025-12-05 22:55:00+00:00,2025-12-05 23:00:00+00:00,buy,56.706410000000005,56.6887,56.72412000000001,56.72412000000001,2497.4306040131373,44.22949599709291,4467.179095706384,win,0.017710000000008108,-5532.820904293616
2025-12-05 23:20:00+00:00,2025-12-05 23:30:00+00:00,buy,56.72811,56.686069999999994,56.77015000000001,56.686069999999994,1062.602068436161,-44.67179095706384,4422.507304749321,loss,-0.04204000000000718,-5577.492695250679
2025-12-08 00:00:00+00:00,2025-12-08 01:05:00+00:00,buy,56.742000000000004,56.67252,56.81148000000001,56.67252,636.5151561239139,-44.225073047493204,4378.282231701827,loss,-0.06948000000000576,-5621.717768298173
2025-12-08 04:05:00+00:00,2025-12-08 04:10:00+00:00,buy,56.732400000000005,56.712039999999995,56.752760000000016,56.752760000000016,2150.4333161588906,43.782822317018265,4422.065054018845,win,0.020360000000010814,-5577.934945981155
2025-12-08 05:00:00+00:00,2025-12-08 08:15:00+00:00,buy,56.800670000000004,56.71819,56.88315000000001,56.71819,536.1378581496892,-44.22065054018845,4377.844403478657,loss,-0.08248000000000388,-5622.155596521343
2025-12-08 10:05:00+00:00,2025-12-08 10:20:00+00:00,buy,56.740570000000005,56.70657,56.77457000000001,56.70657,1287.6012951405535,-43.778444034786574,4334.06595944387,loss,-0.034000000000006025,-5665.93404055613
2025-12-08 16:05:00+00:00,2025-12-08 16:50:00+00:00,buy,56.742230000000006,56.69605,56.78841000000001,56.69605,938.5157989266424,-43.340659594438705,4290.725299849431,loss,-0.04618000000000677,-5709.274700150569
2025-12-08 21:20:00+00:00,2025-12-08 23:45:00+00:00,buy,56.74107,56.688269999999996,56.793870000000005,56.688269999999996,812.6373673956512,-42.907252998494315,4247.818046850937,loss,-0.05280000000000484,-5752.181953149063
2025-12-09 01:05:00+00:00,2025-12-09 01:10:00+00:00,sell,56.713519999999995,56.728880000000004,56.69815999999999,56.69815999999999,2765.5065409170925,42.47818046850937,4290.296227319446,win,-0.015360000000008256,-5709.703772680554
2025-12-09 02:20:00+00:00,2025-12-09 02:25:00+00:00,sell,56.67677,56.7252,56.628339999999994,56.628339999999994,885.8757438197715,42.90296227319446,4333.19918959264,win,-0.048430000000003304,-5666.80081040736
2025-12-09 02:40:00+00:00,2025-12-09 04:30:00+00:00,sell,56.59316,56.70073,56.485589999999995,56.70073,402.82599140955057,-43.33199189592641,4289.867197696714,loss,0.10757000000000261,-5710.132802303286
2025-12-09 09:05:00+00:00,2025-12-09 10:30:00+00:00,buy,56.758030000000005,56.69266,56.823400000000014,56.823400000000014,656.2440259593316,42.89867197696714,4332.765869673682,win,0.06537000000000859,-5667.234130326318
2025-12-09 10:40:00+00:00,2025-12-09 13:10:00+00:00,buy,56.83319,56.769299999999994,56.89708000000001,56.769299999999994,678.1602550748403,-43.32765869673682,4289.438210976945,loss,-0.06389000000000777,-5710.561789023055
2025-12-09 13:30:00+00:00,2025-12-09 14:05:00+00:00,buy,56.81316,56.765589999999996,56.86073000000001,56.765589999999996,901.7107864150252,-42.89438210976945,4246.543828867176,loss,-0.04757000000000744,-5753.456171132824
2025-12-09 16:05:00+00:00,2025-12-09 16:15:00+00:00,buy,56.759910000000005,56.717499999999994,56.802320000000016,56.717499999999994,1001.3071985065033,-42.465438288671756,4204.078390578504,loss,-0.04241000000001094,-5795.921609421496
2025-12-09 19:05:00+00:00,2025-12-09 19:20:00+00:00,sell,56.707139999999995,56.74033,56.67394999999999,56.67394999999999,1266.6701990291976,42.04078390578504,4246.119174484289,win,-0.033190000000004716,-5753.880825515711
2025-12-09 19:30:00+00:00,2025-12-10 00:25:00+00:00,sell,56.67279,56.740680000000005,56.604899999999994,56.604899999999994,625.4410332131304,42.4611917448429,4288.580366229132,win,-0.06789000000000556,-5711.419633770868
2025-12-10 10:05:00+00:00,2025-12-10 10:10:00+00:00,buy,56.79298,56.755399999999995,56.830560000000006,56.755399999999995,1141.186898943189,-42.885803662291316,4245.69456256684,loss,-0.0375800000000055,-5754.30543743316
2025-12-10 10:35:00+00:00,2025-12-10 11:00:00+00:00,buy,56.79789,56.75004,56.845740000000006,56.75004,887.2924895645748,-42.4569456256684,4203.237616941172,loss,-0.047850000000003945,-5796.762383058828
2025-12-10 12:55:00+00:00,2025-12-10 13:00:00+00:00,buy,56.75072,56.720009999999995,56.78143000000001,56.720009999999995,1368.6869478802732,-42.03237616941172,4161.20524077176,loss,-0.030710000000006232,-5838.79475922824
2025-12-10 14:30:00+00:00,2025-12-10 15:45:00+00:00,buy,56.746370000000006,56.6917,56.801040000000015,56.801040000000015,761.1496690636733,41.612052407717606,4202.817293179478,win,0.054670000000008656,-5797.182706820522
2025-12-10 15:55:00+00:00,2025-12-10 21:05:00+00:00,buy,56.810610000000004,56.725269999999995,56.89595000000001,56.89595000000001,492.47917660874384,42.02817293179478,4244.845466111273,win,0.0853400000000093,-5755.154533888727
2025-12-10 21:15:00+00:00,2025-12-10 21:40:00+00:00,buy,56.91517,56.78339,57.04695000000001,56.78339,322.1160620815808,-42.44845466111273,4202.39701145016,loss,-0.13178000000000623,-5797.60298854984
2025-12-10 21:55:00+00:00,2025-12-11 00:00:00+00:00,buy,56.93525,56.7759,57.09460000000001,57.09460000000001,263.72118051145713,42.0239701145016,4244.420981564662,win,0.15935000000000343,-5755.579018435338
2025-12-11 07:00:00+00:00,2025-12-11 07:30:00+00:00,buy,57.036970000000004,56.92509,57.14885000000001,56.92509,379.37262974297624,-42.444209815646616,4201.976771749015,loss,-0.11188000000000642,-5798.023228250985
2025-12-11 09:00:00+00:00,2025-12-11 13:45:00+00:00,buy,57.02803,56.905849999999994,57.15021000000001,57.15021000000001,343.9169071655561,42.01976771749015,4243.996539466505,win,0.12218000000000728,-5756.003460533495
2025-12-11 13:55:00+00:00,2025-12-11 15:40:00+00:00,buy,57.15466,57.10297,57.20635,57.20635,821.0478892370767,42.43996539466505,4286.43650486117,win,0.05169000000000068,-5713.56349513883
2025-12-11 15:50:00+00:00,2025-12-11 16:05:00+00:00,buy,57.225500000000004,57.161109999999994,57.289890000000014,57.289890000000014,665.6990999938646,42.8643650486117,4329.300869909782,win,0.06439000000001016,-5670.699130090218
2025-12-11 16:15:00+00:00,2025-12-11 21:00:00+00:00,buy,57.293510000000005,57.21471,57.37231000000001,57.21471,549.4036636940776,-43.29300869909782,4286.007861210684,loss,-0.0788000000000082,-5713.992138789316
2025-12-12 00:05:00+00:00,2025-12-12 00:35:00+00:00,buy,57.150150000000004,57.049929999999996,57.25037000000001,57.049929999999996,427.65993426565274,-42.86007861210684,4243.147782598577,loss,-0.1002200000000073,-5756.852217401423
2025-12-12 00:45:00+00:00,2025-12-22 19:00:00+00:00,buy,57.132220000000004,56.611239999999995,57.65320000000001,57.65320000000001,81.44550237242325,42.431477825985766,4285.579260424563,win,0.5209800000000087,-5714.420739575437
2025-12-22 19:30:00+00:00,2025-12-23 00:30:00+00:00,buy,57.69539,57.598969999999994,57.79181000000001,57.598969999999994,444.4699502617881,-42.85579260424563,4242.723467820317,loss,-0.09642000000000905,-5757.276532179683
2025-12-23 00:40:00+00:00,2025-12-26 23:50:00+00:00,buy,57.84198,57.45587,58.22809,57.45587,109.88380170988302,-42.42723467820317,4200.296233142113,loss,-0.3861100000000022,-5799.703766857887
2025-12-29 01:05:00+00:00,2025-12-29 01:10:00+00:00,sell,57.91233,57.95431,57.870349999999995,57.870349999999995,1000.5469826445636,42.00296233142113,4242.299195473534,win,-0.04198000000000235,-5757.700804526466
2025-12-29 06:05:00+00:00,2025-12-29 06:45:00+00:00,sell,57.92548,57.95944,57.89152,57.89152,1249.2047100923087,42.422991954735345,4284.7221874282695,win,-0.033960000000000434,-5715.2778125717305
2025-12-29 06:55:00+00:00,2025-12-29 09:05:00+00:00,sell,57.8837,57.934180000000005,57.83321999999999,57.934180000000005,848.7959959246515,-42.847221874282695,4241.874965553987,loss,0.05048000000000741,-5758.125034446013
2025-12-29 11:30:00+00:00,2025-12-29 14:05:00+00:00,buy,57.979470000000006,57.9011,58.05784000000001,57.9011,541.262596089527,-42.41874965553987,4199.456215898447,loss,-0.07837000000000671,-5800.543784101553
2025-12-29 15:05:00+00:00,2025-12-29 16:30:00+00:00,buy,57.925900000000006,57.862959999999994,57.98884000000002,57.98884000000002,667.2157953444014,41.99456215898447,4241.450778057431,win,0.06294000000001176,-5758.549221942569
2025-12-29 16:40:00+00:00,2025-12-29 17:20:00+00:00,buy,57.9926,57.92955,58.05565000000001,57.92955,672.7122566307944,-42.41450778057431,4199.036270276857,loss,-0.06305000000000405,-5800.963729723143
2025-12-29 17:45:00+00:00,2025-12-29 18:30:00+00:00,buy,58.00323,57.919239999999995,58.08722000000001,57.919239999999995,499.9447875076201,-41.99036270276857,4157.045907574088,loss,-0.08399000000000711,-5842.954092425912
2025-12-29 20:10:00+00:00,2025-12-29 21:35:00+00:00,buy,57.937810000000006,57.897079999999995,57.97854000000002,57.97854000000002,1020.63489014805,41.570459075740885,4198.616366649829,win,0.04073000000001059,-5801.383633350171
2025-12-29 21:45:00+00:00,2025-12-29 23:15:00+00:00,buy,57.98496,57.938559999999995,58.03136000000001,58.03136000000001,904.8742169502859,41.986163666498285,4240.602530316327,win,0.04640000000000555,-5759.397469683673
2025-12-30 00:00:00+00:00,2025-12-30 00:45:00+00:00,buy,58.03922,57.980619999999995,58.097820000000006,57.980619999999995,723.6523089276325,-42.40602530316327,4198.196505013164,loss,-0.05860000000000554,-5801.803494986836
2025-12-30 03:55:00+00:00,2025-12-30 04:45:00+00:00,buy,57.9829,57.934079999999994,58.03172000000001,57.934079999999994,859.9337372004552,-41.98196505013164,4156.214539963033,loss,-0.0488200000000063,-5843.785460036967
2025-12-30 04:55:00+00:00,2025-12-30 06:50:00+00:00,buy,57.96649,57.933159999999994,57.99982000000001,57.933159999999994,1246.9890608947553,-41.562145399630325,4114.652394563403,loss,-0.03333000000000652,-5885.347605436597
2025-12-30 07:05:00+00:00,2025-12-30 08:15:00+00:00,buy,57.99569,57.9283,58.06308000000001,58.06308000000001,610.5731406088752,41.14652394563404,4155.798918509036,win,0.06739000000000317,-5844.201081490964
2025-12-30 10:25:00+00:00,2025-12-30 12:35:00+00:00,buy,58.03304,57.958119999999994,58.107960000000006,58.107960000000006,554.6982005484131,41.55798918509036,4197.356907694127,win,0.07492000000000587,-5802.643092305873
2025-12-30 17:05:00+00:00,2025-12-30 17:15:00+00:00,sell,57.869159999999994,57.92683,57.811489999999985,57.811489999999985,727.8232890052867,41.97356907694127,4239.330476771068,win,-0.05767000000000877,-5760.669523228932
2025-12-30 17:25:00+00:00,2025-12-30 18:35:00+00:00,sell,57.804899999999996,57.89922,57.71057999999999,57.89922,449.4625187416158,-42.39330476771068,4196.937172003357,loss,0.09432000000000329,-5803.062827996643
2025-12-30 19:15:00+00:00,2025-12-30 23:50:00+00:00,sell,57.837199999999996,57.89963,57.77476999999999,57.77476999999999,672.2628819482525,41.96937172003357,4238.90654372339,win,-0.0624300000000062,-5761.09345627661
2025-12-31 00:45:00+00:00,2025-12-31 00:50:00+00:00,sell,57.76018,57.82947,57.690889999999996,57.690889999999996,611.7631034381945,42.3890654372339,4281.295609160624,win,-0.0692900000000023,-5718.704390839376
2025-12-31 02:15:00+00:00,2025-12-31 02:25:00+00:00,sell,57.87276,57.899730000000005,57.845789999999994,57.845789999999994,1587.4288502631507,42.81295609160624,4324.10856525223,win,-0.02697000000000571,-5675.89143474777
2025-12-31 02:50:00+00:00,2025-12-31 03:35:00+00:00,sell,57.83454,57.882200000000005,57.78687999999999,57.882200000000005,907.2825357221028,-43.2410856525223,4280.867479599708,loss,0.047660000000007585,-5719.132520400292
2025-12-31 04:10:00+00:00,2025-12-31 07:45:00+00:00,sell,57.82949,57.88297,57.77601,57.88297,800.461383619984,-42.80867479599708,4238.058804803711,loss,0.053480000000000416,-5761.941195196289
2025-12-31 08:10:00+00:00,2025-12-31 09:00:00+00:00,sell,57.856579999999994,57.883280000000006,57.82987999999998,57.82987999999998,1587.2879418733128,42.380588048037104,4280.4393928517475,win,-0.02670000000001238,-5719.5606071482525
2025-12-31 10:20:00+00:00,2025-12-31 10:25:00+00:00,sell,57.859869999999994,57.89416,57.82557999999999,57.82557999999999,1248.3054514001271,42.804393928517484,4323.243786780265,win,-0.034290000000005705,-5676.756213219735
2025-12-31 10:35:00+00:00,2025-12-31 13:25:00+00:00,sell,57.811139999999995,57.8874,57.73487999999999,57.8874,566.9084430605807,-43.23243786780265,4280.011348912462,loss,0.07626000000000488,-5719.988651087538
2025-12-31 16:05:00+00:00,2025-12-31 17:00:00+00:00,sell,57.838989999999995,57.907050000000005,57.770929999999986,57.770929999999986,628.8585584648615,42.80011348912463,4322.811462401587,win,-0.06806000000000978,-5677.188537598413
2025-12-31 17:10:00+00:00,2025-12-31 17:55:00+00:00,sell,57.715799999999994,57.814460000000004,57.617139999999985,57.814460000000004,438.15238824256744,-43.22811462401587,4279.583347777571,loss,0.09866000000000952,-5720.416652222429
2025-12-31 23:05:00+00:00,2026-01-02 00:40:00+00:00,buy,57.92418,57.826969999999996,58.021390000000004,57.826969999999996,440.2410603618347,-42.795833477775716,4236.7875142997955,loss,-0.09721000000000402,-5763.2124857002045
2026-01-02 01:00:00+00:00,2026-01-05 19:05:00+00:00,buy,57.8915,57.54007,58.24293,58.24293,120.5585042341231,42.36787514299795,4279.155389442793,win,0.3514300000000006,-5720.844610557207
2026-01-05 19:15:00+00:00,2026-01-06 00:00:00+00:00,buy,58.24683,58.18859,58.30507000000001,58.30507000000001,734.7450874729446,42.791553894427935,4321.9469433372215,win,0.058240000000004954,-5678.0530566627785
2026-01-06 00:10:00+00:00,2026-01-06 00:40:00+00:00,buy,58.30747,58.22425,58.390690000000006,58.22425,519.3399355127372,-43.21946943337221,4278.727473903849,loss,-0.08322000000000429,-5721.272526096151
2026-01-06 03:05:00+00:00,2026-01-06 03:40:00+00:00,buy,58.239900000000006,58.20829,58.27151000000001,58.27151000000001,1353.5993273972822,42.787274739038494,4321.514748642888,win,0.03161000000000769,-5678.485251357112
2026-01-06 03:55:00+00:00,2026-01-06 04:45:00+00:00,buy,58.277710000000006,58.230489999999996,58.324930000000016,58.324930000000016,915.1873673532336,43.215147486428876,4364.729896129316,win,0.04722000000001003,-5635.270103870684
2026-01-06 04:55:00+00:00,2026-01-06 14:25:00+00:00,buy,58.32549,58.271229999999996,58.37975000000001,58.271229999999996,804.4102278158498,-43.64729896129317,4321.082597168023,loss,-0.054260000000006414,-5678.917402831977
2026-01-06 15:35:00+00:00,2026-01-06 17:15:00+00:00,buy,58.2291,58.16618,58.29202000000001,58.16618,686.7582004398683,-43.21082597168024,4277.871771196343,loss,-0.06292000000000542,-5722.128228803657
2026-01-06 23:05:00+00:00,2026-01-07 00:00:00+00:00,sell,58.093959999999996,58.1276,58.06031999999999,58.1276,1271.6622387620841,-42.77871771196343,4235.093053484379,loss,0.03364000000000544,-5764.906946515621
2026-01-07 01:15:00+00:00,2026-01-07 01:30:00+00:00,sell,58.11354,58.14321,58.08387,58.08387,1427.3990743120846,42.35093053484379,4277.443984019223,win,-0.029670000000002972,-5722.556015980777
2026-01-07 01:55:00+00:00,2026-01-07 02:50:00+00:00,sell,58.0197,58.14087,57.89853,58.14087,353.0118002821859,-42.77443984019223,4234.669544179031,loss,0.12116999999999933,-5765.330455820969
2026-01-07 04:35:00+00:00,2026-01-07 05:40:00+00:00,sell,58.131989999999995,58.1571,58.10687999999999,58.1571,1686.4474488961273,-42.34669544179031,4192.322848737241,loss,0.025110000000005073,-5807.677151262759
2026-01-07 06:10:00+00:00,2026-01-07 06:30:00+00:00,sell,58.133959999999995,58.16619,58.10172999999999,58.10172999999999,1300.7517371196157,41.923228487372405,4234.246077224613,win,-0.03223000000000553,-5765.753922775387
2026-01-07 06:45:00+00:00,2026-01-07 08:00:00+00:00,sell,58.099509999999995,58.146370000000005,58.052649999999986,58.146370000000005,903.5949802013998,-42.342460772246135,4191.903616452367,loss,0.04686000000000945,-5808.096383547633
2026-01-07 09:35:00+00:00,2026-01-07 14:25:00+00:00,sell,58.14,58.19037,58.08963,58.08963,832.2222784300756,41.91903616452367,4233.82265261689,win,-0.050370000000000914,-5766.17734738311
2026-01-07 14:40:00+00:00,2026-01-07 17:55:00+00:00,sell,58.08078,58.151140000000005,58.01041999999999,58.01041999999999,601.7371592689611,42.3382265261689,4276.160879143059,win,-0.07036000000000797,-5723.839120856941
2026-01-07 18:10:00+00:00,2026-01-07 23:30:00+00:00,sell,58.00571,58.11184,57.89958,57.89958,402.91725988344933,42.76160879143059,4318.922487934489,win,-0.10613000000000028,-5681.077512065511
2026-01-07 23:55:00+00:00,2026-01-08 00:00:00+00:00,sell,57.89732,57.960800000000006,57.833839999999995,57.960800000000006,680.3595601660543,-43.18922487934489,4275.733263055145,loss,0.06348000000000553,-5724.266736944855
2026-01-08 01:35:00+00:00,2026-01-08 04:15:00+00:00,sell,57.99673,58.05993,57.93353,57.93353,676.5400732681985,42.757332630551446,4318.4905956856965,win,-0.06320000000000192,-5681.5094043143035
2026-01-08 06:35:00+00:00,2026-01-08 06:45:00+00:00,sell,57.96866,58.005430000000004,57.931889999999996,58.005430000000004,1174.460319740333,-43.184905956856966,4275.30568972884,loss,0.03677000000000419,-5724.69431027116
2026-01-08 07:00:00+00:00,2026-01-08 08:40:00+00:00,sell,57.96091,58.01225,57.909569999999995,58.01225,832.7436092186535,-42.753056897288396,4232.552632831551,loss,0.05134000000000327,-5767.447367168449
2026-01-08 09:55:00+00:00,2026-01-08 10:00:00+00:00,sell,58.00978,58.04364,57.975919999999995,57.975919999999995,1250.0155442501546,42.32552632831551,4274.878159159866,win,-0.03386000000000422,-5725.121840840134
2026-01-08 10:20:00+00:00,2026-01-08 11:35:00+00:00,sell,57.957359999999994,58.030060000000006,57.88465999999998,57.88465999999998,588.0162529792539,42.74878159159867,4317.626940751465,win,-0.07270000000001176,-5682.373059248535
2026-01-08 11:45:00+00:00,2026-01-08 12:15:00+00:00,sell,57.87305,57.965140000000005,57.78095999999999,57.965140000000005,468.8486199099993,-43.176269407514646,4274.45067134395,loss,0.092090000000006,-5725.54932865605
2026-01-08 14:10:00+00:00,2026-01-08 15:30:00+00:00,sell,57.97521,58.003510000000006,57.94690999999999,57.94690999999999,1510.406597647577,42.7445067134395,4317.195178057389,win,-0.02830000000000865,-5682.804821942611
2026-01-08 15:40:00+00:00,2026-01-08 15:50:00+00:00,sell,57.934059999999995,58.002430000000004,57.86568999999999,57.86568999999999,631.4458356087231,43.17195178057389,4360.367129837963,win,-0.0683700000000087,-5639.632870162037
2026-01-08 18:10:00+00:00,2026-01-08 19:00:00+00:00,sell,57.93806,57.98236,57.89376,57.89376,984.2815191507865,43.60367129837963,4403.970801136343,win,-0.044299999999999784,-5596.029198863657
2026-01-08 19:25:00+00:00,2026-01-08 19:55:00+00:00,sell,57.8895,57.939420000000005,57.83957999999999,57.939420000000005,882.205689330068,-44.03970801136343,4359.931093124979,loss,0.04992000000000729,-5640.068906875021
2026-01-08 20:55:00+00:00,2026-01-09 00:00:00+00:00,sell,57.87119,57.94456,57.797819999999994,57.94456,594.2389386840306,-43.59931093124979,4316.33178219373,loss,0.07337000000000415,-5683.66821780627
2026-01-09 01:10:00+00:00,2026-01-09 01:15:00+00:00,sell,57.95531,57.97012,57.94049999999999,57.94049999999999,2914.471156105674,43.1633178219373,4359.495100015667,win,-0.014810000000004209,-5640.504899984333
2026-01-09 01:30:00+00:00,2026-01-09 06:30:00+00:00,sell,57.854749999999996,57.97012,57.73937999999999,57.97012,377.87077229916355,-43.59495100015667,4315.900149015511,loss,0.11537000000000575,-5684.099850984489
2026-01-09 10:35:00+00:00,2026-01-09 15:15:00+00:00,sell,57.90112,57.96175,57.840489999999996,57.96175,711.8423468605107,-43.159001490155106,4272.741147525356,loss,0.06063000000000329,-5727.258852474644
2026-01-09 16:05:00+00:00,2026-01-09 16:45:00+00:00,sell,57.97053,58.0632,57.87785999999999,57.87785999999999,461.07058892037435,42.72741147525356,4315.468559000609,win,-0.09267000000000536,-5684.531440999391
2026-01-09 17:05:00+00:00,2026-01-09 20:00:00+00:00,sell,57.871249999999996,57.9557,57.78679999999999,57.78679999999999,511.00871036120895,43.154685590006096,4358.623244590615,win,-0.08445000000000391,-5641.376755409385
2026-01-09 22:25:00+00:00,2026-01-09 23:35:00+00:00,sell,57.818979999999996,57.86075,57.77720999999999,57.77720999999999,1043.481743976517,43.586232445906155,4402.209477036521,win,-0.041770000000006746,-5597.790522963479
2026-01-09 23:45:00+00:00,2026-01-12 02:30:00+00:00,sell,57.76972,57.85257,57.68687,57.85257,531.3469495517795,-44.022094770365214,4358.1873822661555,loss,0.08285000000000053,-5641.8126177338445
2026-01-12 05:40:00+00:00,2026-01-12 05:55:00+00:00,sell,57.880849999999995,57.91378,57.84791999999999,57.84791999999999,1323.4702041497628,43.58187382266156,4401.769256088817,win,-0.03293000000000745,-5598.230743911183
2026-01-12 08:10:00+00:00,2026-01-12 08:50:00+00:00,buy,57.945460000000004,57.91446,57.97646000000001,57.97646000000001,1419.9255664799928,44.01769256088817,4445.786948649706,win,0.03100000000000591,-5554.213051350294
2026-01-12 09:05:00+00:00,2026-01-12 09:15:00+00:00,buy,57.98196,57.94078,58.023140000000005,58.023140000000005,1079.5985790794684,44.45786948649706,4490.244818136202,win,0.04118000000000421,-5509.755181863798
2026-01-12 09:25:00+00:00,2026-01-12 11:15:00+00:00,buy,58.030240000000006,57.949529999999996,58.11095000000002,58.11095000000002,556.3430576304818,44.902448181362026,4535.147266317565,win,0.0807100000000105,-5464.852733682435
2026-01-12 11:25:00+00:00,2026-01-12 12:20:00+00:00,buy,58.11845,58.042649999999995,58.19425000000001,58.042649999999995,598.3043886961849,-45.35147266317565,4489.795793654389,loss,-0.07580000000000808,-5510.204206345611
2026-01-12 12:30:00+00:00,2026-01-12 12:55:00+00:00,buy,58.08767,58.037929999999996,58.13741000000001,58.13741000000001,902.65295409203,44.89795793654389,4534.693751590933,win,0.049740000000007,-5465.306248409067
2026-01-12 13:05:00+00:00,2026-01-12 13:50:00+00:00,buy,58.139250000000004,58.07841,58.20009000000001,58.07841,745.3474279405796,-45.34693751590933,4489.346814075024,loss,-0.060840000000006,-5510.653185924976
2026-01-12 14:10:00+00:00,2026-01-12 15:45:00+00:00,buy,58.13353,58.07149,58.195570000000004,58.195570000000004,723.6213433389413,44.89346814075024,4534.240282215774,win,0.062040000000003204,-5465.759717784226
2026-01-12 17:00:00+00:00,2026-01-12 17:05:00+00:00,buy,58.13421,58.09487,58.173550000000006,58.09487,1152.577600969865,-45.34240282215774,4488.897879393616,loss,-0.03934000000000282,-5511.102120606384
2026-01-12 21:35:00+00:00,2026-01-12 23:55:00+00:00,buy,58.05438,58.01992,58.088840000000005,58.01992,1302.6401275081976,-44.88897879393616,4444.00890059968,loss,-0.03446000000000282,-5555.99109940032
2026-01-13 00:05:00+00:00,2026-01-13 01:00:00+00:00,buy,58.089890000000004,58.01575,58.16403000000001,58.01575,599.4077287023551,-44.440089005996796,4399.568811593683,loss,-0.07414000000000698,-5600.431188406317
2026-01-13 02:05:00+00:00,2026-01-13 11:00:00+00:00,buy,58.10074,58.006829999999994,58.19465000000001,58.19465000000001,468.48778741276766,43.99568811593683,4443.56449970962,win,0.09391000000000815,-5556.43550029038
2026-01-13 11:30:00+00:00,2026-01-13 14:35:00+00:00,buy,58.19999,58.137,58.26298,58.137,705.4396729178719,-44.4356449970962,4399.128854712523,loss,-0.06298999999999921,-5600.871145287477
2026-01-13 15:30:00+00:00,2026-01-13 15:35:00+00:00,buy,58.152550000000005,58.1016,58.20350000000001,58.20350000000001,863.4207761946783,43.99128854712523,4443.120143259648,win,0.05095000000000738,-5556.879856740352
2026-01-13 19:05:00+00:00,2026-01-13 20:10:00+00:00,sell,57.98113,58.011140000000005,57.951119999999996,57.951119999999996,1480.5465322422558,44.43120143259648,4487.551344692245,win,-0.03001000000000431,-5512.448655307755
2026-01-13 21:25:00+00:00,2026-01-13 23:35:00+00:00,sell,57.97479,58.02067,57.928909999999995,57.928909999999995,978.1062215980519,44.875513446922454,4532.426858139167,win,-0.04588000000000392,-5467.573141860833
2026-01-13 23:50:00+00:00,2026-01-14 00:00:00+00:00,sell,57.91984,57.970270000000006,57.869409999999995,57.970270000000006,898.7560694306267,-45.32426858139167,4487.102589557775,loss,0.05043000000000575,-5512.897410442225
2026-01-14 01:30:00+00:00,2026-01-14 01:40:00+00:00,sell,57.92653,57.96313,57.88993,57.88993,1225.984314086825,44.87102589557775,4531.973615453353,win,-0.036599999999999966,-5468.026384546647
2026-01-14 01:55:00+00:00,2026-01-14 04:35:00+00:00,sell,57.846059999999994,57.945690000000006,57.74642999999998,57.945690000000006,454.88041909593625,-45.31973615453353,4486.653879298819,loss,0.09963000000001188,-5513.346120701181
2026-01-14 06:55:00+00:00,2026-01-14 07:15:00+00:00,sell,58.004799999999996,58.02167,57.98792999999999,57.98792999999999,2659.5458679891253,44.866538792988194,4531.520418091808,win,-0.01687000000000438,-5468.479581908192
2026-01-14 11:05:00+00:00,2026-01-14 15:30:00+00:00,buy,58.09727,58.05047,58.144070000000006,58.05047,968.2735936092652,-45.31520418091808,4486.20521391089,loss,-0.046800000000004616,-5513.79478608911
2026-01-14 15:40:00+00:00,2026-01-14 16:00:00+00:00,buy,58.080220000000004,58.046969999999995,58.113470000000014,58.113470000000014,1349.2346507998802,44.862052139108904,4531.067266049999,win,0.03325000000000955,-5468.932733950001
2026-01-14 16:10:00+00:00,2026-01-14 18:50:00+00:00,buy,58.12178,58.067359999999994,58.17620000000001,58.067359999999994,832.6106699833476,-45.31067266049999,4485.756593389498,loss,-0.05442000000000746,-5514.243406610502
2026-01-14 23:30:00+00:00,2026-01-15 00:00:00+00:00,sell,57.99465,58.048100000000005,57.941199999999995,58.048100000000005,839.2435160690495,-44.85756593389498,4440.899027455604,loss,0.053450000000005105,-5559.100972544396
2026-01-15 00:10:00+00:00,2026-01-15 15:05:00+00:00,buy,58.20483,57.99247,58.417190000000005,57.99247,209.1212576500058,-44.40899027455604,4396.490037181047,loss,-0.21236000000000388,-5603.509962818953
2026-01-15 15:15:00+00:00,2026-01-15 15:35:00+00:00,sell,57.99001,58.06456,57.915459999999996,57.915459999999996,589.7370941892585,43.96490037181047,4440.454937552858,win,-0.07455000000000211,-5559.545062447142
2026-01-15 15:45:00+00:00,2026-01-16 00:15:00+00:00,sell,57.90703,58.00211,57.811949999999996,57.811949999999996,467.0230266673033,44.404549375528575,4484.859486928386,win,-0.09508000000000294,-5515.140513071614
2026-01-16 00:25:00+00:00,2026-01-16 00:50:00+00:00,sell,57.80348,57.88635,57.72061,57.88635,541.1921668792564,-44.84859486928386,4440.010892059102,loss,0.08286999999999978,-5559.989107940898
2026-01-16 01:00:00+00:00,2026-01-16 01:05:00+00:00,sell,57.88008,57.887330000000006,57.87282999999999,57.87282999999999,6124.152954559046,44.40010892059102,4484.411000979693,win,-0.007250000000006196,-5515.588999020307
2026-01-16 02:30:00+00:00,2026-01-16 02:55:00+00:00,sell,57.868399999999994,57.8913,57.84549999999999,57.84549999999999,1958.258079029833,44.844110009796935,4529.25511098949,win,-0.022900000000007026,-5470.74488901051
2026-01-16 06:50:00+00:00,2026-01-16 07:00:00+00:00,sell,57.905739999999994,57.924760000000006,57.88671999999998,57.924760000000006,2381.3118354293792,-45.2925511098949,4483.962559879596,loss,0.019020000000011805,-5516.037440120404
2026-01-16 07:45:00+00:00,2026-01-16 08:55:00+00:00,sell,57.90096,57.928760000000004,57.87315999999999,57.87315999999999,1612.936172618196,44.839625598795955,4528.802185478392,win,-0.027800000000006264,-5471.197814521608
2026-01-16 15:45:00+00:00,2026-01-16 17:15:00+00:00,buy,58.010920000000006,57.952769999999994,58.06907000000002,57.952769999999994,778.8137894200282,-45.28802185478392,4483.514163623608,loss,-0.058150000000011914,-5516.485836376392
2026-01-16 19:50:00+00:00,2026-01-19 00:00:00+00:00,sell,57.88003,57.93657,57.82348999999999,57.82348999999999,792.9809274183201,44.835141636236074,4528.349305259843,win,-0.056540000000005364,-5471.650694740157
2026-01-19 00:10:00+00:00,2026-01-19 01:05:00+00:00,sell,57.79409,57.87731,57.71086999999999,57.87731,544.1419496827217,-45.28349305259844,4483.065812207245,loss,0.08322000000000429,-5516.934187792755
2026-01-19 03:05:00+00:00,2026-01-19 04:00:00+00:00,sell,57.95939,58.00556,57.913219999999995,57.913219999999995,970.9910791004755,44.83065812207245,4527.896470329317,win,-0.0461700000000036,-5472.103529670683
2026-01-19 04:15:00+00:00,2026-01-19 07:10:00+00:00,sell,57.90848,57.96009,57.856869999999994,57.96009,877.3292908988552,-45.27896470329317,4482.617505626024,loss,0.05161000000000371,-5517.382494373976
2026-01-19 08:20:00+00:00,2026-01-19 09:05:00+00:00,buy,57.9743,57.925279999999994,58.023320000000005,58.023320000000005,914.4466555743553,44.82617505626023,4527.443680682284,win,0.04902000000000584,-5472.556319317716
2026-01-19 09:15:00+00:00,2026-01-19 09:35:00+00:00,buy,58.043910000000004,57.959379999999996,58.12844000000001,57.959379999999996,535.6019970048334,-45.27443680682284,4482.169243875462,loss,-0.08453000000000799,-5517.830756124538
2026-01-19 10:50:00+00:00,2026-01-19 11:00:00+00:00,buy,58.01469,57.96991,58.059470000000005,58.059470000000005,1000.9310504410828,44.82169243875462,4526.990936314216,win,0.04478000000000293,-5473.009063685784
2026-01-19 12:15:00+00:00,2026-01-19 14:40:00+00:00,buy,58.04968,58.018719999999995,58.08064000000001,58.08064000000001,1462.2063747781428,45.26990936314216,4572.260845677358,win,0.030960000000007426,-5427.739154322642
2026-01-19 15:35:00+00:00,2026-01-19 17:20:00+00:00,buy,58.082080000000005,58.049209999999995,58.114950000000015,58.114950000000015,1391.0133391165211,45.72260845677358,4617.9834541341315,win,0.032870000000009725,-5382.0165458658685
2026-01-19 17:30:00+00:00,2026-01-19 17:55:00+00:00,buy,58.11594,58.083749999999995,58.14813000000001,58.083749999999995,1434.6018807496491,-46.179834541341314,4571.80361959279,loss,-0.032190000000007046,-5428.19638040721
2026-01-19 18:30:00+00:00,2026-01-19 23:30:00+00:00,buy,58.124280000000006,58.081529999999994,58.16703000000002,58.081529999999994,1069.4277472728602,-45.7180361959279,4526.085583396862,loss,-0.04275000000001228,-5473.914416603138
2026-01-19 23:50:00+00:00,2026-01-19 23:55:00+00:00,buy,58.11131,58.04579,58.17683000000001,58.04579,690.7945029603809,-45.26085583396862,4480.824727562893,loss,-0.06552000000000646,-5519.175272437107
2026-01-20 00:05:00+00:00,2026-01-20 01:30:00+00:00,buy,58.11464,58.04526,58.184020000000004,58.04526,645.8380985244646,-44.80824727562893,4436.016480287264,loss,-0.06938000000000244,-5563.983519712736
2026-01-20 02:55:00+00:00,2026-01-20 03:10:00+00:00,buy,58.049220000000005,58.026019999999995,58.072420000000015,58.072420000000015,1912.0760690885236,44.36016480287264,4480.376645090137,win,0.02320000000000988,-5519.623354909863
2026-01-20 04:30:00+00:00,2026-01-20 04:40:00+00:00,buy,58.072720000000004,58.049,58.09644000000001,58.09644000000001,1888.8603056868908,44.80376645090137,4525.180411541038,win,0.023720000000004404,-5474.819588458962
2026-01-20 05:15:00+00:00,2026-01-20 06:20:00+00:00,buy,58.09982,58.05059,58.14905,58.14905,919.1916334635193,45.25180411541038,4570.4322156564485,win,0.04923000000000144,-5429.5677843435515
2026-01-20 06:35:00+00:00,2026-01-20 07:10:00+00:00,buy,58.1496,58.11506,58.18414,58.18414,1323.2287827609948,45.70432215656449,4616.136537813013,win,0.03453999999999979,-5383.863462186987
2026-01-20 07:25:00+00:00,2026-01-20 08:30:00+00:00,buy,58.184450000000005,58.129979999999996,58.238920000000014,58.129979999999996,847.4640238318782,-46.161365378130135,4569.975172434883,loss,-0.05447000000000912,-5430.024827565117
2026-01-20 09:15:00+00:00,2026-01-20 09:30:00+00:00,buy,58.185590000000005,58.12424,58.24694000000001,58.24694000000001,744.9022285956888,45.69975172434883,4615.6749241592315,win,0.061350000000004457,-5384.3250758407685
2026-01-20 09:40:00+00:00,2026-01-20 21:35:00+00:00,buy,58.317280000000004,58.154819999999994,58.479740000000014,58.154819999999994,284.11146892520907,-46.156749241592316,4569.518174917639,loss,-0.16246000000001004,-5430.481825082361
2026-01-21 05:15:00+00:00,2026-01-21 05:20:00+00:00,sell,58.18702,58.222590000000004,58.15144999999999,58.15144999999999,1284.6550955627613,45.69518174917639,4615.213356666815,win,-0.035570000000006985,-5384.786643333185
2026-01-21 05:30:00+00:00,2026-01-21 09:15:00+00:00,sell,58.14543,58.22487,58.06598999999999,58.22487,580.9684487243843,-46.15213356666816,4569.061223100147,loss,0.07944000000000528,-5430.938776899853
2026-01-21 10:15:00+00:00,2026-01-21 11:05:00+00:00,buy,58.241220000000006,58.1904,58.292040000000014,58.1904,899.0675370128612,-45.69061223100147,4523.370610869146,loss,-0.05082000000000875,-5476.629389130854
2026-01-21 11:15:00+00:00,2026-01-21 11:30:00+00:00,sell,58.188599999999994,58.234840000000005,58.14235999999998,58.14235999999998,978.2375888555385,45.23370610869146,4568.604316977838,win,-0.046240000000011605,-5431.395683022162
2026-01-21 11:40:00+00:00,2026-01-21 11:55:00+00:00,sell,58.138479999999994,58.195550000000004,58.081409999999984,58.081409999999984,800.5264266649771,45.68604316977838,4614.290360147616,win,-0.05707000000001017,-5385.709639852384
2026-01-21 12:20:00+00:00,2026-01-21 14:40:00+00:00,sell,58.07666,58.14923,58.00408999999999,58.14923,635.8399283653347,-46.14290360147616,4568.14745654614,loss,0.07257000000000602,-5431.85254345386
2026-01-21 15:20:00+00:00,2026-01-21 15:35:00+00:00,sell,58.09383,58.150870000000005,58.03678999999999,58.150870000000005,800.8673661545441,-45.68147456546141,4522.465981980679,loss,0.05704000000000775,-5477.534018019321
2026-01-21 18:20:00+00:00,2026-01-22 00:00:00+00:00,sell,58.13653,58.23241,58.04065,58.23241,471.6798062140831,-45.224659819806796,4477.241322160872,loss,0.09588000000000108,-5522.758677839128
2026-01-22 02:45:00+00:00,2026-01-22 23:30:00+00:00,buy,58.194190000000006,57.879909999999995,58.50847000000002,58.50847000000002,142.46026861908868,44.77241322160872,4522.013735382481,win,0.3142800000000108,-5477.986264617519
2026-01-23 00:05:00+00:00,2026-01-23 00:15:00+00:00,buy,58.517,58.475939999999994,58.55806000000001,58.475939999999994,1101.31849376072,-45.2201373538248,4476.793598028657,loss,-0.041060000000008756,-5523.206401971343
2026-01-23 00:55:00+00:00,2026-01-23 18:40:00+00:00,buy,58.533190000000005,58.10059,58.96579000000001,58.96579000000001,103.4857512258108,44.767935980286566,4521.561534008943,win,0.43260000000000787,-5478.438465991057
2026-01-23 18:50:00+00:00,2026-01-23 22:25:00+00:00,buy,58.97695,58.84133,59.112570000000005,59.112570000000005,333.3993167680906,45.215615340089435,4566.777149349033,win,0.13562000000000296,-5433.222850650967
2026-01-23 22:55:00+00:00,2026-01-23 23:25:00+00:00,buy,59.12333,59.05949,59.18717000000001,59.18717000000001,715.3472978302938,45.66777149349033,4612.444920842523,win,0.06384000000000611,-5387.555079157477
2026-01-26 00:00:00+00:00,2026-01-26 00:05:00+00:00,buy,59.19319,59.11736,59.269020000000005,59.269020000000005,608.2612318135721,46.12444920842523,4658.569370050948,win,0.0758300000000034,-5341.430629949052
2026-01-26 00:40:00+00:00,2026-01-27 14:25:00+00:00,buy,59.3066,58.944759999999995,59.66844000000001,59.66844000000001,128.74666620746314,46.58569370050948,4705.155063751457,win,0.36184000000000793,-5294.844936248543
2026-01-27 14:50:00+00:00,2026-01-27 16:55:00+00:00,buy,59.6726,59.536269999999995,59.80893000000001,59.80893000000001,345.12983670147287,47.05155063751457,4752.206614388972,win,0.13633000000000806,-5247.793385611028
2026-01-27 17:05:00+00:00,2026-01-27 17:40:00+00:00,buy,59.82276,59.747659999999996,59.89786000000001,59.747659999999996,632.7838368027407,-47.522066143889724,4704.684548245083,loss,-0.07510000000000616,-5295.315451754917
2026-01-27 20:00:00+00:00,2026-01-27 22:45:00+00:00,buy,59.854490000000006,59.751459999999994,59.95752000000002,59.95752000000002,456.63249036635716,47.04684548245083,4751.731393727533,win,0.10303000000001106,-5248.268606272467
2026-01-28 00:00:00+00:00,2026-01-28 01:00:00+00:00,buy,60.059540000000005,59.98415,60.13493000000001,59.98415,630.2866950162044,-47.517313937275325,4704.2140797902575,loss,-0.07539000000000584,-5295.7859202097425
2026-01-28 03:10:00+00:00,2026-01-28 03:15:00+00:00,buy,59.971210000000006,59.91213,60.030290000000015,59.91213,796.2447663827973,-47.042140797902576,4657.171938992355,loss,-0.05908000000000868,-5342.828061007645
2026-01-28 04:35:00+00:00,2026-01-28 04:50:00+00:00,buy,59.87292,59.819129999999994,59.92671000000001,59.92671000000001,865.8062723539313,46.571719389923544,4703.743658382278,win,0.053790000000006444,-5296.256341617722
2026-01-28 05:05:00+00:00,2026-01-28 05:55:00+00:00,buy,59.92958,59.851279999999996,60.00788000000001,59.851279999999996,600.7335451317917,-47.03743658382278,4656.706221798456,loss,-0.07830000000000581,-5343.293778201544
2026-01-28 07:45:00+00:00,2026-01-28 09:10:00+00:00,buy,59.9029,59.8223,59.98350000000001,59.98350000000001,577.7551143670254,46.56706221798456,4703.27328401644,win,0.080600000000004,-5296.72671598356
2026-01-28 10:25:00+00:00,2026-01-28 10:45:00+00:00,buy,59.96025,59.905609999999996,60.01489000000001,59.905609999999996,860.7747591537158,-47.0327328401644,4656.240551176275,loss,-0.05464000000000624,-5343.759448823725
2026-01-28 12:35:00+00:00,2026-01-28 13:00:00+00:00,buy,59.903690000000005,59.851569999999995,59.955810000000014,59.851569999999995,893.3692538709607,-46.562405511762755,4609.678145664513,loss,-0.05212000000000927,-5390.321854335487
2026-01-28 14:10:00+00:00,2026-01-28 15:20:00+00:00,buy,59.868640000000006,59.798379999999995,59.93890000000002,59.798379999999995,656.0885490554714,-46.09678145664513,4563.581364207868,loss,-0.07026000000001176,-5436.418635792132
2026-01-28 16:20:00+00:00,2026-01-28 17:05:00+00:00,buy,59.86522,59.78584,59.9446,59.78584,574.9031700942104,-45.63581364207868,4517.94555056579,loss,-0.07938000000000045,-5482.05444943421
2026-01-28 19:55:00+00:00,2026-01-28 20:35:00+00:00,buy,59.86923,59.80041,59.938050000000004,59.80041,656.4872930202902,-45.17945550565789,4472.766095060132,loss,-0.06882000000000232,-5527.233904939868
2026-01-28 22:05:00+00:00,2026-01-29 00:00:00+00:00,buy,59.89826,59.775059999999996,60.021460000000005,60.021460000000005,363.04919602759577,44.72766095060132,4517.493756010734,win,0.1232000000000042,-5482.506243989266
2026-01-29 02:25:00+00:00,2026-01-30 03:55:00+00:00,buy,60.097390000000004,59.74211,60.45267000000001,59.74211,127.15305550581618,-45.17493756010734,4472.318818450626,loss,-0.3552800000000076,-5527.681181549374
2026-01-30 04:05:00+00:00,2026-01-30 04:20:00+00:00,sell,59.74053,59.8292,59.65186,59.65186,504.3778976486526,44.72318818450626,4517.042006635133,win,-0.08867000000000047,-5482.957993364867
2026-01-30 05:40:00+00:00,2026-01-30 05:55:00+00:00,sell,59.72761,59.75694,59.69828,59.75694,1540.0756926815143,-45.170420066351326,4471.871586568781,loss,0.029330000000001633,-5528.128413431219
2026-01-30 07:50:00+00:00,2026-01-30 07:55:00+00:00,sell,59.77523,59.82598,59.72448,59.82598,881.156962870683,-44.71871586568781,4427.152870703093,loss,0.05075000000000074,-5572.847129296907
2026-01-30 11:05:00+00:00,2026-01-30 11:40:00+00:00,sell,59.883649999999996,59.946760000000005,59.82053999999999,59.82053999999999,701.497840390187,44.27152870703093,4471.424399410123,win,-0.06311000000000888,-5528.575600589877
2026-01-30 11:50:00+00:00,2026-01-30 13:05:00+00:00,sell,59.794799999999995,59.85439,59.73520999999999,59.85439,750.3648933394174,-44.71424399410124,4426.710155416023,loss,0.05959000000000714,-5573.289844583977
2026-01-30 15:15:00+00:00,2026-01-30 17:00:00+00:00,sell,59.871379999999995,59.97552,59.76723999999999,59.76723999999999,425.07299360626826,44.26710155416023,4470.977256970183,win,-0.10414000000000811,-5529.022743029817
2026-01-30 17:30:00+00:00,2026-01-30 20:25:00+00:00,sell,59.70834,59.87445,59.542229999999996,59.542229999999996,269.157621875269,44.709772569701826,4515.687029539885,win,-0.1661100000000033,-5484.312970460115
2026-01-30 21:45:00+00:00,2026-01-30 22:55:00+00:00,sell,59.60707,59.68365,59.53049,59.53049,589.6692386445407,45.156870295398846,4560.843899835284,win,-0.07657999999999987,-5439.156100164716
2026-01-30 23:05:00+00:00,2026-01-30 23:35:00+00:00,sell,59.5141,59.56222,59.465979999999995,59.465979999999995,947.8062967237881,45.60843899835284,4606.4523388336365,win,-0.04812000000000438,-5393.5476611663635
2026-01-30 23:45:00+00:00,2026-02-02 00:00:00+00:00,sell,59.4597,59.530210000000004,59.38918999999999,59.530210000000004,653.3048275185441,-46.06452338833637,4560.3878154453005,loss,0.07051000000000585,-5439.6121845546995
2026-02-02 01:05:00+00:00,2026-02-02 02:40:00+00:00,sell,59.42565,59.601400000000005,59.24989999999999,59.601400000000005,259.481525772125,-45.60387815445301,4514.7839372908475,loss,0.17575000000000784,-5485.2160627091525
2026-02-02 02:50:00+00:00,2026-02-02 03:05:00+00:00,sell,59.57216,59.604820000000004,59.53949999999999,59.53949999999999,1382.358829543747,45.14783937290848,4559.931776663756,win,-0.03266000000000702,-5440.068223336244
2026-02-02 03:15:00+00:00,2026-02-02 07:40:00+00:00,sell,59.51293,59.58905,59.436809999999994,59.436809999999994,599.0451624623715,45.59931776663756,4605.531094430394,win,-0.07612000000000307,-5394.468905569606
2026-02-02 07:50:00+00:00,2026-02-02 08:00:00+00:00,sell,59.432849999999995,59.47843,59.38726999999999,59.47843,1010.4280593307523,-46.05531094430394,4559.47578348609,loss,0.04558000000000817,-5440.52421651391
2026-02-02 14:10:00+00:00,2026-02-02 15:00:00+00:00,sell,59.58654,59.658280000000005,59.514799999999994,59.514799999999994,635.5555873272572,45.5947578348609,4605.070541320951,win,-0.07174000000000547,-5394.929458679049
2026-02-02 15:15:00+00:00,2026-02-02 15:55:00+00:00,sell,59.48242,59.58086,59.383979999999994,59.383979999999994,467.80480915489443,46.050705413209506,4651.12124673416,win,-0.09844000000000364,-5348.87875326584
2026-02-02 16:05:00+00:00,2026-02-02 16:15:00+00:00,sell,59.381339999999994,59.43657,59.326109999999986,59.326109999999986,842.1367457420644,46.5112124673416,4697.632459201502,win,-0.05523000000000877,-5302.367540798498
2026-02-02 17:40:00+00:00,2026-02-03 00:05:00+00:00,sell,59.333679999999994,59.43544,59.23191999999999,59.43544,461.63840990578143,-46.97632459201502,4650.656134609487,loss,0.10176000000000585,-5349.343865390513
2026-02-03 01:00:00+00:00,2026-02-03 02:40:00+00:00,sell,59.31059,59.440720000000006,59.18045999999999,59.440720000000006,357.38539419113124,-46.50656134609487,4604.149573263392,loss,0.1301300000000083,-5395.850426736608
2026-02-03 03:00:00+00:00,2026-02-03 03:15:00+00:00,sell,59.417629999999996,59.441140000000004,59.39411999999999,59.441140000000004,1958.3792315021983,-46.04149573263392,4558.108077530758,loss,0.0235100000000088,-5441.891922469242
2026-02-03 04:10:00+00:00,2026-02-03 04:20:00+00:00,sell,59.44614,59.465970000000006,59.426309999999994,59.465970000000006,2298.592071371345,-45.58108077530758,4512.52699675545,loss,0.01983000000000601,-5487.47300324455
2026-02-03 04:30:00+00:00,2026-02-03 04:50:00+00:00,sell,59.437079999999995,59.468250000000005,59.405909999999984,59.405909999999984,1447.7147888206557,45.12526996755451,4557.652266723005,win,-0.031170000000010134,-5442.347733276995
2026-02-03 05:00:00+00:00,2026-02-03 05:35:00+00:00,sell,59.403169999999996,59.45982,59.34651999999999,59.45982,804.5282024223517,-45.576522667230044,4512.0757440557745,loss,0.05665000000000475,-5487.9242559442255
2026-02-03 09:05:00+00:00,2026-02-03 09:35:00+00:00,buy,59.567980000000006,59.51334,59.62262000000001,59.62262000000001,825.7825300247547,45.120757440557746,4557.1965014963325,win,0.05464000000000624,-5442.8034985036675
2026-02-03 09:45:00+00:00,2026-02-03 10:20:00+00:00,buy,59.62605,59.52865,59.72345,59.52865,467.8846510776504,-45.571965014963325,4511.624536481369,loss,-0.09740000000000038,-5488.375463518631
2026-02-03 13:55:00+00:00,2026-02-03 14:05:00+00:00,sell,59.411579999999994,59.450030000000005,59.37312999999998,59.450030000000005,1173.3743918023415,-45.11624536481369,4466.5082911165555,loss,0.03845000000001164,-5533.4917088834445
2026-02-03 17:20:00+00:00,2026-02-03 17:50:00+00:00,buy,59.53345,59.46205,59.604850000000006,59.604850000000006,625.5613853104057,44.66508291116555,4511.173374027721,win,0.07140000000000413,-5488.826625972279
2026-02-03 18:00:00+00:00,2026-02-03 18:45:00+00:00,buy,59.60748,59.547149999999995,59.66781000000001,59.547149999999995,747.749606170588,-45.11173374027722,4466.061640287444,loss,-0.060330000000007544,-5533.938359712556
2026-02-03 19:20:00+00:00,2026-02-03 20:10:00+00:00,buy,59.59978,59.53172,59.667840000000005,59.53172,656.1947752405625,-44.66061640287444,4421.401023884569,loss,-0.06806000000000267,-5578.598976115431
2026-02-03 21:10:00+00:00,2026-02-03 23:05:00+00:00,buy,59.52532,59.47551,59.57513,59.57513,887.6532872685201,44.214010238845695,4465.615034123415,win,0.0498100000000008,-5534.384965876585
2026-02-03 23:20:00+00:00,2026-02-03 23:40:00+00:00,buy,59.588330000000006,59.54074,59.63592000000001,59.54074,938.351551612269,-44.65615034123415,4420.958883782181,loss,-0.04759000000000668,-5579.041116217819
2026-02-04 00:35:00+00:00,2026-02-04 01:25:00+00:00,buy,59.60181,59.53512,59.6685,59.53512,662.9118134326134,-44.20958883782181,4376.7492949443595,loss,-0.06669000000000125,-5623.2507050556405
2026-02-04 02:05:00+00:00,2026-02-04 02:10:00+00:00,buy,59.422810000000005,59.40014,59.44548000000001,59.44548000000001,1930.6348896971238,43.76749294944359,4420.516787893803,win,0.022670000000005075,-5579.483212106197
2026-02-04 03:10:00+00:00,2026-02-04 10:05:00+00:00,buy,59.5672,59.41558,59.71882,59.71882,291.5523537721783,44.20516787893803,4464.72195577274,win,0.1516200000000012,-5535.27804422726
2026-02-04 11:10:00+00:00,2026-02-04 11:30:00+00:00,buy,59.76393,59.69043,59.837430000000005,59.69043,607.44516405069,-44.647219557727404,4420.074736215013,loss,-0.07350000000000279,-5579.925263784987
2026-02-04 12:45:00+00:00,2026-02-04 14:30:00+00:00,buy,59.66368,59.60022,59.72714,59.72714,696.5135102765632,44.20074736215013,4464.275483577163,win,0.06345999999999918,-5535.724516422837
2026-02-04 14:40:00+00:00,2026-02-04 15:35:00+00:00,buy,59.72845,59.659569999999995,59.79733000000001,59.659569999999995,648.1236184054442,-44.64275483577163,4419.6327287413915,loss,-0.06888000000000716,-5580.3672712586085
2026-02-04 20:10:00+00:00,2026-02-04 21:45:00+00:00,sell,59.385189999999994,59.438300000000005,59.33207999999998,59.438300000000005,832.16583105639,-44.196327287413915,4375.436401453978,loss,0.05311000000001087,-5624.563598546022
2026-02-04 23:30:00+00:00,2026-02-04 23:35:00+00:00,sell,59.392559999999996,59.42763,59.35748999999999,59.35748999999999,1247.6294272749942,43.75436401453978,4419.190765468517,win,-0.0350700000000046,-5580.809234531483
2026-02-04 23:45:00+00:00,2026-02-05 00:00:00+00:00,sell,59.28452,59.442,59.12704,59.442,280.6191748456012,-44.191907654685174,4374.998857813832,loss,0.15747999999999962,-5625.001142186168
2026-02-05 01:05:00+00:00,2026-02-05 01:20:00+00:00,sell,59.511829999999996,59.53222,59.49143999999999,59.49143999999999,2145.6590769065806,43.74998857813832,4418.74884639197,win,-0.020390000000006125,-5581.25115360803
2026-02-05 03:20:00+00:00,2026-02-05 03:30:00+00:00,sell,59.428259999999995,59.453950000000006,59.40256999999998,59.453950000000006,1720.0267989061836,-44.1874884639197,4374.56135792805,loss,0.025690000000011537,-5625.43864207195
2026-02-05 04:05:00+00:00,2026-02-05 04:15:00+00:00,sell,59.42361,59.482150000000004,59.36506999999999,59.36506999999999,747.2773074696731,43.7456135792805,4418.306971507331,win,-0.05854000000000781,-5581.693028492669
2026-02-05 04:50:00+00:00,2026-02-05 11:10:00+00:00,sell,59.35498,59.467740000000006,59.24221999999999,59.24221999999999,391.8328282641888,44.18306971507331,4462.490041222404,win,-0.11276000000000863,-5537.509958777596
2026-02-05 11:25:00+00:00,2026-02-05 13:20:00+00:00,sell,59.215489999999996,59.339270000000006,59.091709999999985,59.339270000000006,360.5178575878187,-44.624900412224044,4417.8651408101805,loss,0.12378000000001066,-5582.1348591898195
2026-02-05 13:55:00+00:00,2026-02-05 14:00:00+00:00,sell,59.23039,59.352230000000006,59.108549999999994,59.108549999999994,362.59562875984614,44.17865140810181,4462.043792218282,win,-0.12184000000000594,-5537.956207781718
2026-02-05 14:20:00+00:00,2026-02-06 16:50:00+00:00,sell,59.07604,59.3798,58.772279999999995,59.3798,146.89372505327307,-44.62043792218282,4417.423354296099,loss,0.303760000000004,-5582.576645703901
2026-02-06 17:00:00+00:00,2026-02-06 23:40:00+00:00,buy,59.38897,59.30589,59.47205,59.30589,531.7071923803524,-44.174233542961,4373.249120753138,loss,-0.08308000000000249,-5626.750879246862
2026-02-09 02:05:00+00:00,2026-02-09 02:45:00+00:00,buy,59.19328,59.1401,59.246460000000006,59.246460000000006,822.3484619693032,43.73249120753138,4416.981611960669,win,0.05318000000000467,-5583.018388039331
2026-02-09 02:55:00+00:00,2026-02-09 03:05:00+00:00,buy,59.27481,59.17144,59.37818000000001,59.17144,427.29821146952145,-44.16981611960669,4372.811795841063,loss,-0.10337000000000529,-5627.188204158937
2026-02-09 05:55:00+00:00,2026-02-09 07:10:00+00:00,sell,59.00619,59.25647,58.75590999999999,59.25647,174.71678902992647,-43.72811795841063,4329.083677882652,loss,0.2502800000000036,-5670.916322117348
2026-02-09 08:05:00+00:00,2026-02-09 09:20:00+00:00,buy,59.37283,59.27534,59.47032,59.27534,444.0541263598963,-43.290836778826524,4285.792841103826,loss,-0.09749000000000052,-5714.207158896174
2026-02-09 11:00:00+00:00,2026-02-09 13:35:00+00:00,buy,59.35201,59.275029999999994,59.428990000000006,59.428990000000006,556.7410809435554,42.85792841103826,4328.650769514864,win,0.07698000000000604,-5671.349230485136
2026-02-09 13:45:00+00:00,2026-02-09 14:45:00+00:00,buy,59.443360000000006,59.35344,59.53328000000001,59.53328000000001,481.38909803320223,43.28650769514864,4371.937277210012,win,0.08992000000000644,-5628.062722789988
2026-02-09 14:55:00+00:00,2026-02-09 15:05:00+00:00,buy,59.54251,59.49297,59.59205,59.59205,882.5065153835245,43.71937277210012,4415.656649982113,win,0.04954000000000036,-5584.343350017887
2026-02-09 17:00:00+00:00,2026-02-09 18:10:00+00:00,buy,59.55422,59.407939999999996,59.700500000000005,59.700500000000005,301.86332034331286,44.15656649982114,4459.813216481934,win,0.1462800000000044,-5540.186783518066
2026-02-09 19:45:00+00:00,2026-02-09 20:25:00+00:00,buy,59.602380000000004,59.57065,59.63411000000001,59.63411000000001,1405.5509664297172,44.59813216481935,4504.411348646754,win,0.031730000000003145,-5495.588651353246
2026-02-09 20:35:00+00:00,2026-02-09 21:35:00+00:00,buy,59.649390000000004,59.57657,59.72221000000001,59.72221000000001,618.5678863837281,45.044113486467545,4549.455462133222,win,0.07282000000000721,-5450.544537866778
2026-02-09 21:45:00+00:00,2026-02-09 23:55:00+00:00,buy,59.725550000000005,59.67483,59.77627000000001,59.67483,896.974657360555,-45.49455462133222,4503.96090751189,loss,-0.05072000000000543,-5496.03909248811
2026-02-10 03:40:00+00:00,2026-02-10 11:05:00+00:00,buy,59.62539,59.549459999999996,59.70132000000001,59.70132000000001,593.1727785475426,45.039609075118896,4549.000516587009,win,0.07593000000000671,-5450.999483412991
2026-02-10 14:00:00+00:00,2026-02-10 14:10:00+00:00,buy,59.656650000000006,59.628859999999996,59.684440000000016,59.684440000000016,1636.9199411965958,45.49000516587009,4594.4905217528785,win,0.027790000000010195,-5405.5094782471215
2026-02-10 14:20:00+00:00,2026-02-10 14:55:00+00:00,buy,59.68974,59.630829999999996,59.748650000000005,59.748650000000005,779.9169108389968,45.944905217528785,4640.435426970407,win,0.05891000000000446,-5359.564573029593
2026-02-10 16:15:00+00:00,2026-02-10 16:30:00+00:00,buy,59.73879,59.691979999999994,59.78560000000001,59.78560000000001,991.3342078550812,46.40435426970407,4686.839781240111,win,0.04681000000000779,-5313.160218759889
2026-02-10 17:45:00+00:00,2026-02-10 17:50:00+00:00,buy,59.640930000000004,59.59628,59.68558000000001,59.68558000000001,1049.6841615318388,46.86839781240111,4733.708179052512,win,0.0446500000000043,-5266.291820947488
2026-02-10 23:05:00+00:00,2026-02-11 00:00:00+00:00,sell,59.52673,59.57533,59.47813,59.57533,974.0140286116196,-47.33708179052512,4686.3710972619865,loss,0.04860000000000042,-5313.6289027380135
2026-02-11 00:55:00+00:00,2026-02-11 01:00:00+00:00,sell,59.47794,59.5978,59.358079999999994,59.358079999999994,390.987076360911,46.86371097261986,4733.234808234606,win,-0.11986000000000274,-5266.765191765394
2026-02-11 08:05:00+00:00,2026-02-11 08:10:00+00:00,buy,59.64603,59.627179999999996,59.66488000000001,59.66488000000001,2510.9998982666857,47.332348082346066,4780.567156316953,win,0.018850000000007583,-5219.432843683047
2026-02-11 09:25:00+00:00,2026-02-11 10:20:00+00:00,buy,59.677530000000004,59.62775,59.72731000000001,59.72731000000001,960.3389225223837,47.805671563169525,4828.372827880122,win,0.049780000000005487,-5171.627172119878
2026-02-11 10:30:00+00:00,2026-02-11 10:55:00+00:00,buy,59.730970000000006,59.682779999999994,59.77916000000002,59.77916000000002,1001.944973620851,48.28372827880122,4876.656556158923,win,0.04819000000001239,-5123.343443841077
2026-02-11 11:25:00+00:00,2026-02-11 12:40:00+00:00,buy,59.789640000000006,59.7286,59.85068000000001,59.85068000000001,798.9280072343514,48.76656556158923,4925.423121720512,win,0.061040000000005534,-5074.576878279488
2026-02-11 12:55:00+00:00,2026-02-11 14:05:00+00:00,buy,59.86193,59.756499999999996,59.967360000000006,59.756499999999996,467.174724624894,-49.254231217205124,4876.168890503307,loss,-0.10543000000000546,-5123.831109496693
2026-02-11 20:05:00+00:00,2026-02-11 20:10:00+00:00,sell,59.59757,59.62857,59.56656999999999,59.56656999999999,1572.95770661367,48.76168890503307,4924.93057940834,win,-0.03100000000000591,-5075.06942059166
2026-02-11 20:55:00+00:00,2026-02-11 22:55:00+00:00,sell,59.54193,59.62514,59.45872,59.45872,591.8676336267605,49.249305794083405,4974.179885202424,win,-0.08321000000000112,-5025.820114797576
2026-02-11 23:05:00+00:00,2026-02-11 23:40:00+00:00,sell,59.445,59.478390000000005,59.411609999999996,59.411609999999996,1489.7214391140433,49.74179885202424,5023.921684054449,win,-0.03339000000000425,-4976.078315945551
2026-02-12 01:05:00+00:00,2026-02-12 01:15:00+00:00,sell,59.604139999999994,59.624,59.584279999999985,59.584279999999985,2529.6685216779038,50.239216840544486,5074.160900894993,win,-0.019860000000008426,-4925.839099105007
2026-02-12 01:45:00+00:00,2026-02-12 10:05:00+00:00,sell,59.23726,59.624,58.850519999999996,59.624,131.2034157546401,-50.741609008949936,5023.419291886043,loss,0.3867400000000032,-4976.580708113957
2026-02-12 11:05:00+00:00,2026-02-12 11:20:00+00:00,buy,59.658730000000006,59.603719999999996,59.713740000000016,59.713740000000016,913.1829289011325,50.23419291886043,5073.653484804903,win,0.055010000000009995,-4926.346515195097
2026-02-12 13:15:00+00:00,2026-02-12 13:40:00+00:00,buy,59.68966,59.65533,59.72399000000001,59.65533,1477.9066369951308,-50.73653484804903,5022.916949956854,loss,-0.03433000000000419,-4977.083050043146
2026-02-12 13:55:00+00:00,2026-02-12 14:40:00+00:00,buy,59.70132,59.64212,59.76052000000001,59.64212,848.4657010061661,-50.22916949956854,4972.687780457286,loss,-0.05920000000000414,-5027.312219542714
2026-02-12 15:35:00+00:00,2026-02-12 16:30:00+00:00,buy,59.69561,59.6263,59.764920000000004,59.764920000000004,717.4560352701162,49.72687780457286,5022.414658261859,win,0.06931000000000154,-4977.585341738141
2026-02-12 16:40:00+00:00,2026-02-12 18:05:00+00:00,buy,59.774680000000004,59.675959999999996,59.87340000000001,59.675959999999996,508.7535107639273,-50.22414658261859,4972.19051167924,loss,-0.09872000000000725,-5027.80948832076
2026-02-12 22:20:00+00:00,2026-02-12 23:10:00+00:00,sell,59.54692,59.57191,59.52193,59.57191,1989.6720735008969,-49.721905116792406,4922.468606562448,loss,0.02499000000000251,-5077.531393437552
2026-02-12 23:30:00+00:00,2026-02-12 23:35:00+00:00,sell,59.536539999999995,59.57414,59.49893999999999,59.49893999999999,1309.1671825962308,49.22468606562448,4971.693292628072,win,-0.03760000000000474,-5028.306707371928
2026-02-13 00:15:00+00:00,2026-02-13 10:30:00+00:00,sell,59.49017,59.56427,59.41607,59.56427,670.9437641873117,-49.71693292628073,4921.976359701792,loss,0.07410000000000139,-5078.023640298208
2026-02-13 13:05:00+00:00,2026-02-13 13:30:00+00:00,sell,59.541219999999996,59.5797,59.50273999999999,59.50273999999999,1279.0998855771575,49.219763597017916,4971.19612329881,win,-0.03848000000000695,-5028.80387670119
2026-02-13 13:45:00+00:00,2026-02-13 15:25:00+00:00,sell,59.501889999999996,59.537530000000004,59.46624999999999,59.537530000000004,1394.8361737647895,-49.711961232988095,4921.484162065822,loss,0.03564000000000789,-5078.515837934178
2026-02-13 18:30:00+00:00,2026-02-13 23:40:00+00:00,buy,59.630610000000004,59.52016,59.74106000000001,59.52016,445.5848041707106,-49.21484162065822,4872.269320445163,loss,-0.11045000000000726,-5127.730679554837
2026-02-16 04:05:00+00:00,2026-02-16 06:25:00+00:00,buy,59.596650000000004,59.56767,59.62563000000001,59.62563000000001,1681.2523535005016,48.72269320445164,4920.992013649615,win,0.028980000000004225,-5079.007986350385
2026-02-16 08:05:00+00:00,2026-02-16 08:10:00+00:00,buy,59.61126,59.57295,59.649570000000004,59.649570000000004,1284.5189281256237,49.20992013649615,4970.201933786111,win,0.03831000000000273,-5029.798066213889
2026-02-16 08:30:00+00:00,2026-02-16 10:05:00+00:00,buy,59.65366,59.575919999999996,59.73140000000001,59.73140000000001,639.3364977856634,49.70201933786111,5019.903953123972,win,0.0777400000000057,-4980.096046876028
2026-02-16 11:05:00+00:00,2026-02-16 14:45:00+00:00,buy,59.740750000000006,59.6523,59.829200000000014,59.6523,567.5414305396804,-50.19903953123973,4969.704913592733,loss,-0.0884500000000088,-5030.295086407267
2026-02-16 19:40:00+00:00,2026-02-16 23:40:00+00:00,sell,59.571459999999995,59.60886,59.53405999999999,59.53405999999999,1328.7981052385137,49.69704913592733,5019.40196272866,win,-0.03740000000000521,-4980.59803727134
2026-02-17 00:25:00+00:00,2026-02-17 00:30:00+00:00,sell,59.49436,59.58706,59.40166,59.58706,541.4673098952129,-50.1940196272866,4969.2079431013735,loss,0.09270000000000067,-5030.7920568986265
2026-02-17 01:05:00+00:00,2026-02-17 01:15:00+00:00,sell,59.62311,59.634800000000006,59.61141999999999,59.61141999999999,4250.819455173398,49.69207943101374,5018.900022532387,win,-0.011690000000008638,-4981.099977467613
2026-02-17 02:40:00+00:00,2026-02-17 03:00:00+00:00,sell,59.544579999999996,59.581320000000005,59.50783999999999,59.50783999999999,1366.058797640494,50.18900022532388,5069.089022757711,win,-0.03674000000000888,-4930.910977242289
2026-02-17 03:55:00+00:00,2026-02-17 09:00:00+00:00,sell,59.49623,59.54759,59.444869999999995,59.444869999999995,986.9721617518426,50.690890227577114,5119.779912985288,win,-0.051360000000002515,-4880.220087014712
2026-02-17 09:15:00+00:00,2026-02-17 12:35:00+00:00,sell,59.378989999999995,59.51888,59.239099999999986,59.51888,365.9861257405808,-51.19779912985288,5068.582113855436,loss,0.13989000000000829,-4931.417886144564
2026-02-17 13:10:00+00:00,2026-02-17 13:45:00+00:00,sell,59.46252,59.53331,59.391729999999995,59.391729999999995,716.0025588155485,50.68582113855436,5119.26793499399,win,-0.07079000000000235,-4880.73206500601
2026-02-17 13:55:00+00:00,2026-02-17 14:45:00+00:00,sell,59.369809999999994,59.45609,59.283529999999985,59.283529999999985,593.3319349783776,51.1926793499399,5170.46061434393,win,-0.08628000000000924,-4829.53938565607
2026-02-17 14:55:00+00:00,2026-02-17 15:15:00+00:00,sell,59.27075,59.33099,59.21051,59.21051,858.3101949442073,51.7046061434393,5222.165220487369,win,-0.06024000000000029,-4777.834779512631
2026-02-17 15:40:00+00:00,2026-02-17 17:25:00+00:00,sell,59.19246,59.29059,59.09432999999999,59.09432999999999,532.1680648616242,52.22165220487369,5274.386872692243,win,-0.09813000000000471,-4725.613127307757
2026-02-17 17:35:00+00:00,2026-02-17 18:20:00+00:00,sell,59.08398,59.17031,58.99764999999999,59.17031,610.9564314481653,-52.74386872692243,5221.6430039653205,loss,0.08633000000000379,-4778.3569960346795
2026-02-17 23:05:00+00:00,2026-02-17 23:10:00+00:00,sell,59.294,59.31154,59.27645999999999,59.31154,2976.9914503786567,-52.216430039653204,5169.426573925667,loss,0.017540000000003886,-4830.573426074333
2026-02-17 23:45:00+00:00,2026-02-17 23:50:00+00:00,sell,59.280289999999994,59.318000000000005,59.24257999999998,59.318000000000005,1370.8370654797473,-51.69426573925667,5117.732308186411,loss,0.037710000000011235,-4882.267691813589
2026-02-18 00:20:00+00:00,2026-02-18 00:30:00+00:00,sell,59.269839999999995,59.349140000000006,59.190539999999984,59.349140000000006,645.3634688758799,-51.17732308186411,5066.554985104546,loss,0.07930000000001058,-4933.445014895454
2026-02-18 01:15:00+00:00,2026-02-18 01:20:00+00:00,sell,59.34205,59.352720000000005,59.331379999999996,59.331379999999996,4748.4114199647165,50.66554985104546,5117.220534955592,win,-0.01067000000000462,-4882.779465044408
2026-02-18 01:35:00+00:00,2026-02-18 09:00:00+00:00,sell,59.177949999999996,59.37062,58.98527999999999,59.37062,265.59508667438683,-51.17220534955591,5066.048329606036,loss,0.19267000000000678,-4933.951670393964
2026-02-18 12:05:00+00:00,2026-02-18 12:55:00+00:00,buy,59.44503,59.38615,59.503910000000005,59.38615,860.4022298922996,-50.660483296060356,5015.387846309975,loss,-0.05888000000000204,-4984.612153690025
2026-02-18 13:50:00+00:00,2026-02-18 15:40:00+00:00,buy,59.42061,59.37508,59.46614000000001,59.37508,1101.5567419963231,-50.153878463099765,4965.233967846876,loss,-0.04553000000000651,-5034.766032153124
2026-02-18 18:50:00+00:00,2026-02-18 19:35:00+00:00,sell,59.269389999999994,59.33894,59.19983999999999,59.19983999999999,713.9085503733143,49.65233967846876,5014.886307525345,win,-0.06955000000000666,-4985.113692474655
2026-02-18 19:45:00+00:00,2026-02-18 21:40:00+00:00,sell,59.165139999999994,59.24148,59.088799999999985,59.088799999999985,656.9146328955668,50.14886307525345,5065.035170600599,win,-0.07634000000000896,-4934.964829399401
2026-02-18 21:50:00+00:00,2026-02-18 23:50:00+00:00,sell,59.08551,59.125600000000006,59.04541999999999,59.04541999999999,1263.4161064105238,50.65035170600598,5115.685522306605,win,-0.0400900000000064,-4884.314477693395
2026-02-19 00:50:00+00:00,2026-02-19 00:55:00+00:00,sell,59.038979999999995,59.08498,58.99297999999999,59.08498,1112.1055483273663,-51.15685522306605,5064.5286670835385,loss,0.04600000000000648,-4935.4713329164615
2026-02-19 02:10:00+00:00,2026-02-19 08:35:00+00:00,sell,59.0849,59.15104,59.01875999999999,59.15104,765.7285556521332,-50.64528667083539,5013.883380412703,loss,0.0661400000000043,-4986.116619587297
2026-02-19 13:15:00+00:00,2026-02-19 13:25:00+00:00,sell,59.12444,59.1632,59.085679999999996,59.085679999999996,1293.5715635738536,50.13883380412704,5064.02221421683,win,-0.03876000000000346,-4935.97778578317
2026-02-19 13:35:00+00:00,2026-02-19 15:00:00+00:00,sell,59.07487,59.154630000000004,58.99510999999999,58.99510999999999,634.9074992748699,50.64022214216831,5114.662436358999,win,-0.07976000000000738,-4885.337563641001
2026-02-19 15:10:00+00:00,2026-02-19 15:50:00+00:00,sell,58.98994,59.054410000000004,58.92546999999999,59.054410000000004,793.339915675265,-51.14662436358999,5063.515811995409,loss,0.06447000000000713,-4936.484188004591
2026-02-19 16:00:00+00:00,2026-02-19 16:20:00+00:00,sell,58.9847,59.0553,58.91409999999999,58.91409999999999,717.2118713873909,50.6351581199541,5114.150970115364,win,-0.07060000000000599,-4885.849029884636
2026-02-19 17:50:00+00:00,2026-02-19 18:05:00+00:00,sell,58.99404,59.06385,58.924229999999994,58.924229999999994,732.5814310435577,51.14150970115364,5165.292479816518,win,-0.06981000000000392,-4834.707520183482
2026-02-19 18:50:00+00:00,2026-02-20 00:35:00+00:00,sell,58.92037,59.06758,58.77316,58.77316,350.8791848255198,51.65292479816518,5216.945404614683,win,-0.14721000000000117,-4783.054595385317
2026-02-20 02:00:00+00:00,2026-02-20 02:05:00+00:00,sell,59.012629999999994,59.03954,58.985719999999986,58.985719999999986,1938.6642157611057,52.16945404614683,5269.11485866083,win,-0.026910000000007983,-4730.88514133917
2026-02-20 03:20:00+00:00,2026-02-20 03:30:00+00:00,sell,58.94735,58.9767,58.918,58.918,1795.2691170905189,52.6911485866083,5321.806007247438,win,-0.029350000000000875,-4678.193992752562
2026-02-20 03:40:00+00:00,2026-02-20 04:15:00+00:00,sell,58.91347,58.961220000000004,58.86571999999999,58.86571999999999,1114.5143470673459,53.21806007247438,5375.024067319912,win,-0.04775000000000773,-4624.975932680088
2026-02-20 04:30:00+00:00,2026-02-20 07:20:00+00:00,sell,58.86322,58.904770000000006,58.82166999999999,58.904770000000006,1293.6279343727754,-53.75024067319912,5321.273826646713,loss,0.04155000000000797,-4678.726173353287
2026-02-20 14:15:00+00:00,2026-02-20 15:25:00+00:00,buy,59.11896,59.07561,59.162310000000005,59.162310000000005,1227.5141468618801,53.212738266467134,5374.486564913181,win,0.043350000000003774,-4625.513435086819
2026-02-20 16:50:00+00:00,2026-02-20 17:00:00+00:00,buy,59.128170000000004,59.087199999999996,59.16914000000001,59.087199999999996,1311.8102428391633,-53.74486564913182,5320.741699264049,loss,-0.04097000000000861,-4679.258300735951
2026-02-20 17:10:00+00:00,2026-02-20 23:45:00+00:00,buy,59.2267,59.06959,59.383810000000004,59.06959,338.6634650413054,-53.207416992640496,5267.534282271408,loss,-0.15711000000000297,-4732.465717728592
2026-02-23 00:05:00+00:00,2026-02-23 09:05:00+00:00,buy,59.16572,59.03624,59.2952,59.2952,406.82223372500545,52.675342822714086,5320.209625094122,win,0.12948000000000093,-4679.790374905878
2026-02-23 09:35:00+00:00,2026-02-23 10:30:00+00:00,buy,59.333850000000005,59.250629999999994,59.41707000000002,59.250629999999994,639.2945956613066,-53.202096250941224,5267.007528843181,loss,-0.0832200000000114,-4732.992471156819
2026-02-23 11:45:00+00:00,2026-02-23 12:15:00+00:00,buy,59.261340000000004,59.22112,59.30156000000001,59.22112,1309.5493607266342,-52.67007528843181,5214.337453554749,loss,-0.04022000000000503,-4785.662546445251
2026-02-23 15:05:00+00:00,2026-02-23 15:20:00+00:00,buy,59.15749,59.112179999999995,59.20280000000001,59.20280000000001,1150.8138277541073,52.1433745355475,5266.480828090296,win,0.04531000000000773,-4733.519171909704
2026-02-23 15:30:00+00:00,2026-02-23 16:40:00+00:00,buy,59.204860000000004,59.133329999999994,59.27639000000001,59.27639000000001,736.2618241422578,52.66480828090296,5319.1456363711995,win,0.07153000000000986,-4680.8543636288005
2026-02-23 16:50:00+00:00,2026-02-23 17:45:00+00:00,buy,59.28829,59.224079999999994,59.35250000000001,59.224079999999994,828.3983236832864,-53.191456363712,5265.954180007488,loss,-0.06421000000000987,-4734.045819992512
2026-02-23 23:35:00+00:00,2026-02-23 23:40:00+00:00,sell,59.13738,59.1674,59.10736,59.1674,1754.1486275840844,-52.65954180007488,5213.294638207412,loss,0.03002000000000038,-4786.705361792588
2026-02-23 23:50:00+00:00,2026-02-24 00:00:00+00:00,sell,59.134299999999996,59.176550000000006,59.092049999999986,59.176550000000006,1233.9158906996904,-52.132946382074124,5161.1616918253385,loss,0.04225000000000989,-4838.8383081746615
2026-02-24 00:15:00+00:00,2026-02-24 00:20:00+00:00,sell,59.098319999999994,59.19295,59.003689999999985,59.003689999999985,545.4043846375178,51.61161691825339,5212.773308743592,win,-0.09463000000000932,-4787.226691256408
2026-02-24 02:00:00+00:00,2026-02-24 02:05:00+00:00,sell,59.164199999999994,59.204060000000005,59.12433999999998,59.12433999999998,1307.770524019589,52.12773308743592,5264.901041831028,win,-0.03986000000001155,-4735.098958168972
2026-02-24 02:25:00+00:00,2026-02-24 11:10:00+00:00,sell,59.11844,59.206520000000005,59.030359999999995,59.206520000000005,597.7408085638882,-52.64901041831029,5212.252031412718,loss,0.08808000000000504,-4787.747968587282
2026-02-24 14:55:00+00:00,2026-02-24 15:30:00+00:00,buy,59.18985,59.160439999999994,59.219260000000006,59.160439999999994,1772.2720270016002,-52.12252031412718,5160.12951109859,loss,-0.02941000000000571,-4839.87048890141
2026-02-24 16:00:00+00:00,2026-02-24 16:10:00+00:00,buy,59.19163,59.155139999999996,59.22812000000001,59.155139999999996,1414.121543189231,-51.6012951109859,5108.528215987604,loss,-0.03649000000000768,-4891.471784012396
2026-02-24 16:55:00+00:00,2026-02-24 17:30:00+00:00,buy,59.21108,59.130759999999995,59.29140000000001,59.29140000000001,636.0219392414252,51.085282159876044,5159.613498147481,win,0.0803200000000075,-4840.386501852519
2026-02-24 17:45:00+00:00,2026-02-24 21:20:00+00:00,buy,59.321340000000006,59.221019999999996,59.42166000000002,59.221019999999996,514.3155400864168,-51.5961349814748,5108.017363166005,loss,-0.10032000000001062,-4891.982636833995
2026-02-25 00:40:00+00:00,2026-02-25 00:45:00+00:00,sell,59.096959999999996,59.18084,59.01307999999999,59.18084,608.9672583649898,-51.080173631660045,5056.937189534346,loss,0.08388000000000773,-4943.062810465654
2026-02-25 00:55:00+00:00,2026-02-25 04:35:00+00:00,sell,58.794549999999994,59.22502,58.36407999999999,59.22502,117.4747877792707,-50.56937189534346,5006.367817639002,loss,0.4304700000000068,-4993.632182360998
2026-02-25 06:05:00+00:00,2026-02-25 06:15:00+00:00,buy,59.215590000000006,59.194329999999994,59.23685000000002,59.194329999999994,2354.8296414092724,-50.06367817639002,4956.3041394626125,loss,-0.02126000000001227,-5043.6958605373875
2026-02-25 06:35:00+00:00,2026-02-25 08:40:00+00:00,buy,59.26012,59.189319999999995,59.330920000000006,59.330920000000006,700.0429575511619,49.563041394626126,5005.867180857239,win,0.07080000000000553,-4994.132819142761
2026-02-25 09:05:00+00:00,2026-02-25 13:15:00+00:00,buy,59.340140000000005,59.26352,59.41676000000001,59.26352,653.3368808218328,-50.0586718085724,4955.808509048667,loss,-0.07662000000000546,-5044.191490951333
2026-02-25 14:30:00+00:00,2026-02-25 14:45:00+00:00,buy,59.30353,59.265299999999996,59.34176000000001,59.34176000000001,1296.3140227695317,49.558085090486664,5005.366594139154,win,0.03823000000000576,-4994.633405860846
2026-02-25 14:55:00+00:00,2026-02-25 15:15:00+00:00,buy,59.34331,59.28283,59.40379000000001,59.40379000000001,827.6069104065319,50.053665941391536,5055.420260080546,win,0.06048000000000542,-4944.579739919454
2026-02-25 16:45:00+00:00,2026-02-25 17:10:00+00:00,buy,59.33724,59.28008,59.394400000000005,59.394400000000005,884.4332155493811,50.55420260080546,5105.974462681351,win,0.05716000000000321,-4894.025537318649
2026-02-25 18:00:00+00:00,2026-02-25 19:00:00+00:00,buy,59.395920000000004,59.33036,59.46148000000001,59.46148000000001,778.8246587371821,51.05974462681351,5157.034207308165,win,0.06556000000000495,-4842.965792691835
2026-02-25 19:10:00+00:00,2026-02-26 00:00:00+00:00,buy,59.47908,59.39245,59.56571000000001,59.56571000000001,595.2942638009661,51.57034207308165,5208.604549381246,win,0.08663000000000665,-4791.395450618754
2026-02-26 00:55:00+00:00,2026-02-26 01:00:00+00:00,buy,59.5827,59.425,59.74040000000001,59.425,330.28564041731545,-52.08604549381246,5156.518503887433,loss,-0.1577000000000055,-4843.481496112567
2026-02-26 03:10:00+00:00,2026-02-26 19:25:00+00:00,buy,59.565200000000004,59.227979999999995,59.90242000000001,59.227979999999995,152.9125942674602,-51.56518503887433,5104.953318848559,loss,-0.3372200000000092,-4895.046681151441
2026-02-26 19:35:00+00:00,2026-02-27 00:30:00+00:00,sell,59.204049999999995,59.338910000000006,59.069189999999985,59.069189999999985,378.53724743053283,51.0495331884856,5156.002852037045,win,-0.13486000000001042,-4843.997147962955
2026-02-27 02:00:00+00:00,2026-02-27 02:05:00+00:00,sell,59.275079999999996,59.30042,59.24973999999999,59.24973999999999,2034.728828743337,51.56002852037045,5207.562880557416,win,-0.025340000000007024,-4792.437119442584
2026-02-27 02:30:00+00:00,2026-02-27 06:45:00+00:00,sell,59.238,59.30928,59.16672,59.30928,730.5784063632578,-52.07562880557416,5155.4872517518415,loss,0.07128000000000156,-4844.5127482481585
2026-02-27 07:05:00+00:00,2026-02-27 07:25:00+00:00,sell,59.264979999999994,59.310880000000004,59.219079999999984,59.310880000000004,1123.1998369827209,-51.55487251751842,5103.932379234323,loss,0.045900000000010266,-4896.067620765677
2026-02-27 08:05:00+00:00,2026-02-27 08:20:00+00:00,sell,59.25492,59.32108,59.188759999999995,59.188759999999995,771.4528989168757,51.03932379234323,5154.971703026667,win,-0.06616000000000355,-4845.028296973333
2026-02-27 08:30:00+00:00,2026-02-27 09:50:00+00:00,sell,59.18342,59.313520000000004,59.05331999999999,59.313520000000004,396.23149139326927,-51.54971703026666,5103.4219859964,loss,0.13010000000000588,-4896.5780140036
2026-02-27 11:40:00+00:00,2026-02-27 12:50:00+00:00,sell,59.30352,59.363640000000004,59.243399999999994,59.243399999999994,848.8725858276762,51.034219859964,5154.456205856363,win,-0.060120000000004836,-4845.543794143637
2026-02-27 13:00:00+00:00,2026-02-27 15:05:00+00:00,sell,59.24221,59.28255,59.20187,59.20187,1277.7531496916959,51.544562058563635,5206.000767914927,win,-0.04034000000000049,-4793.999232085073
2026-02-27 15:25:00+00:00,2026-02-27 15:30:00+00:00,sell,59.19101,59.238040000000005,59.14397999999999,59.14397999999999,1106.953171999617,52.06000767914926,5258.0607755940755,win,-0.04703000000000657,-4741.9392244059245
2026-02-27 15:40:00+00:00,2026-02-27 16:35:00+00:00,sell,59.1395,59.24206,59.036939999999994,59.24206,512.6814328777176,-52.58060775594076,5205.480167838135,loss,0.10256000000000398,-4794.519832161865
2026-02-27 16:55:00+00:00,2026-02-27 22:00:00+00:00,sell,59.163689999999995,59.255840000000006,59.071539999999985,59.255840000000006,564.8920420876314,-52.05480167838135,5153.425366159753,loss,0.09215000000001083,-4846.574633840247
2026-02-27 22:55:00+00:00,2026-02-27 23:35:00+00:00,sell,59.208929999999995,59.260200000000005,59.157659999999986,59.260200000000005,1005.1541576280088,-51.53425366159753,5101.891112498156,loss,0.051270000000009475,-4898.108887501844
2026-02-27 23:45:00+00:00,2026-02-27 23:50:00+00:00,sell,59.17462,59.261700000000005,59.08753999999999,59.08753999999999,585.885520498131,51.018911124981564,5152.910023623138,win,-0.08708000000000737,-4847.089976376862
2026-03-02 00:05:00+00:00,2026-03-02 08:55:00+00:00,sell,58.98124,59.261700000000005,58.700779999999995,58.700779999999995,183.7306576204466,51.52910023623138,5204.439123859369,win,-0.28046000000000504,-4795.560876140631
2026-03-02 10:15:00+00:00,2026-03-02 10:35:00+00:00,sell,58.68571,58.798860000000005,58.572559999999996,58.572559999999996,459.9592685690818,52.04439123859369,5256.4835150979625,win,-0.11315000000000452,-4743.5164849020375
2026-03-02 14:05:00+00:00,2026-03-02 15:05:00+00:00,sell,58.957249999999995,59.04184,58.87265999999999,58.87265999999999,621.4072012173551,52.56483515097962,5309.048350248942,win,-0.08459000000000572,-4690.951649751058
2026-03-02 15:55:00+00:00,2026-03-02 16:05:00+00:00,sell,58.86134,58.947720000000004,58.77495999999999,58.947720000000004,614.615460783585,-53.09048350248943,5255.957866746453,loss,0.08638000000000545,-4744.042133253547
2026-03-02 17:15:00+00:00,2026-03-02 17:35:00+00:00,sell,58.919869999999996,59.037600000000005,58.80213999999999,58.80213999999999,446.4416772909251,52.55957866746453,5308.517445413918,win,-0.11773000000000877,-4691.482554586082
2026-03-02 17:45:00+00:00,2026-03-02 19:20:00+00:00,sell,58.79745,58.949180000000005,58.64571999999999,58.949180000000005,349.86604135066557,-53.08517445413918,5255.432270959778,loss,0.1517300000000077,-4744.567729040222
2026-03-03 04:10:00+00:00,2026-03-03 07:50:00+00:00,sell,58.811049999999994,58.97028,58.65181999999999,58.65181999999999,330.05289649937293,52.554322709597784,5307.986593669376,win,-0.15923000000000798,-4692.013406330624
2026-03-03 08:00:00+00:00,2026-03-03 08:15:00+00:00,sell,58.65029,58.74476,58.55582,58.74476,561.8700744860072,-53.07986593669375,5254.906727732682,loss,0.09447000000000116,-4745.093272267318
2026-03-03 08:45:00+00:00,2026-03-03 09:05:00+00:00,sell,58.61364,58.74804,58.47923999999999,58.74804,390.99008390866277,-52.54906727732682,5202.3576604553555,loss,0.13440000000000651,-4797.6423395446445
2026-03-03 10:20:00+00:00,2026-03-03 13:10:00+00:00,sell,58.55889,58.689,58.428779999999996,58.428779999999996,399.84302977905446,52.023576604553554,5254.381237059909,win,-0.13011000000000195,-4745.618762940091
2026-03-03 13:20:00+00:00,2026-03-03 14:05:00+00:00,sell,58.39689,58.519040000000004,58.274739999999994,58.519040000000004,430.15810372981576,-52.54381237059909,5201.83742468931,loss,0.12215000000000487,-4798.16257531069
2026-03-03 15:25:00+00:00,2026-03-03 16:40:00+00:00,sell,58.557379999999995,58.632780000000004,58.481979999999986,58.481979999999986,689.8988626908075,52.0183742468931,5253.855798936203,win,-0.07540000000000902,-4746.144201063797
2026-03-03 16:55:00+00:00,2026-03-03 18:15:00+00:00,sell,58.44336,58.57764,58.309079999999994,58.57764,391.2612301858839,-52.53855798936204,5201.317240946842,loss,0.13428000000000395,-4798.682759053158
2026-03-03 18:35:00+00:00,2026-03-03 18:40:00+00:00,sell,58.48171,58.586800000000004,58.376619999999996,58.586800000000004,494.9393130599141,-52.01317240946842,5149.3040685373735,loss,0.10509000000000412,-4850.6959314626265
2026-03-04 03:10:00+00:00,2026-03-04 03:15:00+00:00,sell,58.50552,58.54321,58.46782999999999,58.46782999999999,1366.225542195995,51.49304068537373,5200.797109222747,win,-0.037690000000004886,-4799.202890777253
2026-03-04 03:25:00+00:00,2026-03-04 04:00:00+00:00,sell,58.4612,58.54321,58.379189999999994,58.54321,634.1662125621874,-52.00797109222747,5148.78913813052,loss,0.08201000000000391,-4851.21086186948
2026-03-04 05:30:00+00:00,2026-03-04 05:50:00+00:00,sell,58.49811,58.616780000000006,58.37943999999999,58.616780000000006,433.8745376363143,-51.4878913813052,5097.301246749214,loss,0.11867000000000871,-4902.698753250786
2026-03-04 06:40:00+00:00,2026-03-04 08:55:00+00:00,sell,58.48242,58.620760000000004,58.34407999999999,58.620760000000004,368.4618510010823,-50.97301246749215,5046.328234281722,loss,0.13834000000000657,-4953.671765718278
2026-03-04 11:10:00+00:00,2026-03-04 11:15:00+00:00,buy,58.739110000000004,58.6725,58.80572000000001,58.80572000000001,757.5931893531599,50.46328234281722,5096.791516624539,win,0.06661000000000428,-4903.208483375461
2026-03-04 11:25:00+00:00,2026-03-04 13:25:00+00:00,buy,58.80749,58.670289999999994,58.94469000000001,58.94469000000001,371.48626214462655,50.9679151662454,5147.759431790785,win,0.1372000000000071,-4852.240568209215
2026-03-04 16:20:00+00:00,2026-03-04 16:35:00+00:00,buy,58.86757,58.80021,58.93493,58.80021,764.2160676648942,-51.47759431790785,5096.281837472878,loss,-0.06736000000000075,-4903.718162527122
2026-03-04 21:05:00+00:00,2026-03-04 21:15:00+00:00,buy,58.70042,58.67337,58.727470000000004,58.727470000000004,1884.0228604334093,50.962818374728776,5147.244655847607,win,0.027050000000002683,-4852.755344152393
2026-03-04 21:25:00+00:00,2026-03-04 22:30:00+00:00,buy,58.75184,58.67337,58.830310000000004,58.830310000000004,655.9506379313642,51.47244655847607,5198.717102406083,win,0.07847000000000293,-4801.282897593917
2026-03-04 23:20:00+00:00,2026-03-04 23:30:00+00:00,buy,58.831570000000006,58.78812,58.87502000000001,58.78812,1196.482647273932,-51.98717102406083,5146.729931382022,loss,-0.043450000000007094,-4853.270068617978
2026-03-05 00:00:00+00:00,2026-03-05 00:05:00+00:00,buy,58.8354,58.750769999999996,58.920030000000004,58.920030000000004,608.1448577787743,51.46729931382022,5198.197230695842,win,0.0846300000000042,-4801.802769304158
2026-03-05 02:20:00+00:00,2026-03-06 01:40:00+00:00,buy,58.906470000000006,58.49433,59.318610000000014,58.49433,126.12697701498865,-51.981972306958426,5146.215258388884,loss,-0.41214000000000794,-4853.784741611116
2026-03-06 03:05:00+00:00,2026-03-06 04:05:00+00:00,buy,58.754960000000004,58.651039999999995,58.85888000000001,58.85888000000001,495.209320476176,51.46215258388884,5197.677410972772,win,0.10392000000000934,-4802.322589027228
2026-03-06 04:50:00+00:00,2026-03-06 07:50:00+00:00,buy,58.89191,58.771209999999996,59.01261000000001,58.771209999999996,430.6277888129655,-51.97677410972772,5145.700636863045,loss,-0.12070000000000647,-4854.299363136955
2026-03-06 08:55:00+00:00,2026-03-06 11:35:00+00:00,buy,58.916470000000004,58.751599999999996,59.08134000000001,58.751599999999996,312.1065467861228,-51.457006368630445,5094.243630494414,loss,-0.16487000000000762,-4905.756369505586
2026-03-06 12:05:00+00:00,2026-03-06 13:55:00+00:00,buy,58.78504,58.723659999999995,58.84642000000001,58.723659999999995,829.9517156229787,-50.94243630494414,5043.30119418947,loss,-0.061380000000006874,-4956.69880581053
2026-03-06 17:05:00+00:00,2026-03-06 17:10:00+00:00,buy,58.87326,58.77617,58.97035,58.97035,519.4459979595628,50.433011941894705,5093.734206131365,win,0.09709000000000145,-4906.265793868635
2026-03-06 18:00:00+00:00,2026-03-06 23:40:00+00:00,buy,58.98183,58.798849999999995,59.16481000000001,58.798849999999995,278.37655514980605,-50.93734206131365,5042.796864070051,loss,-0.1829800000000077,-4957.203135929949
2026-03-09 01:10:00+00:00,2026-03-09 01:15:00+00:00,sell,58.71384,58.775760000000005,58.65191999999999,58.65191999999999,814.405178305785,50.42796864070051,5093.224832710752,win,-0.06192000000000775,-4906.775167289248
2026-03-09 01:25:00+00:00,2026-03-09 09:25:00+00:00,sell,58.525729999999996,58.752190000000006,58.299269999999986,58.752190000000006,224.90615705689854,-50.932248327107516,5042.292584383645,loss,0.2264600000000101,-4957.707415616355
2026-03-09 10:10:00+00:00,2026-03-09 10:25:00+00:00,sell,58.73995,58.792530000000006,58.687369999999994,58.687369999999994,958.9753869119556,50.422925843836445,5092.715510227481,win,-0.052580000000006066,-4907.284489772519
2026-03-09 10:35:00+00:00,2026-03-09 11:25:00+00:00,sell,58.639619999999994,58.785500000000006,58.49373999999998,58.785500000000006,349.1030648633841,-50.92715510227481,5041.788355125206,loss,0.14588000000001244,-4958.211644874794
2026-03-09 14:05:00+00:00,2026-03-09 15:10:00+00:00,buy,58.875240000000005,58.813649999999996,58.936830000000015,58.936830000000015,818.6050259984448,50.41788355125206,5092.206238676458,win,0.06159000000000958,-4907.793761323542
2026-03-09 15:20:00+00:00,2026-03-09 16:05:00+00:00,buy,58.97357,58.869589999999995,59.07755000000001,58.869589999999995,489.72939398693137,-50.92206238676459,5041.284176289693,loss,-0.10398000000000707,-4958.715823710307
2026-03-09 16:50:00+00:00,2026-03-09 21:20:00+00:00,buy,59.00132,58.864489999999996,59.13815,59.13815,368.4341282094256,50.41284176289693,5091.6970180525905,win,0.13683000000000334,-4908.3029819474095
2026-03-09 21:35:00+00:00,2026-03-09 22:40:00+00:00,buy,59.19236,58.984579999999994,59.40014000000001,58.984579999999994,245.05231581732727,-50.91697018052591,5040.780047872065,loss,-0.20778000000000674,-4959.219952127935
2026-03-09 23:00:00+00:00,2026-03-09 23:30:00+00:00,buy,59.13463,58.95753,59.311730000000004,59.311730000000004,284.62902585386684,50.407800478720645,5091.187848350785,win,0.17710000000000292,-4908.812151649215
2026-03-10 00:00:00+00:00,2026-03-10 00:05:00+00:00,buy,59.312110000000004,59.245129999999996,59.37909000000001,59.245129999999996,760.1056805539228,-50.91187848350785,5040.275969867277,loss,-0.06698000000000803,-4959.724030132723
2026-03-10 01:20:00+00:00,2026-03-10 01:30:00+00:00,buy,59.270450000000004,59.20487,59.33603000000001,59.20487,768.5690713429332,-50.40275969867278,4989.873210168605,loss,-0.06558000000000419,-5010.126789831395
2026-03-10 02:50:00+00:00,2026-03-10 03:25:00+00:00,buy,59.07853,58.985929999999996,59.171130000000005,58.985929999999996,538.863197642372,-49.89873210168605,4939.974478066919,loss,-0.09260000000000446,-5060.025521933081
2026-03-10 06:05:00+00:00,2026-03-10 08:35:00+00:00,buy,59.115660000000005,58.942359999999994,59.28896000000002,59.28896000000002,285.0533455318282,49.39974478066918,4989.3742228475885,win,0.17330000000001178,-5010.6257771524115
2026-03-10 08:45:00+00:00,2026-03-10 22:50:00+00:00,buy,59.32759,59.059059999999995,59.596120000000006,59.059059999999995,185.80323326434615,-49.893742228475894,4939.480480619112,loss,-0.2685300000000055,-5060.519519380888
2026-03-11 06:50:00+00:00,2026-03-11 07:50:00+00:00,buy,59.273270000000004,59.10559,59.44095000000001,59.10559,294.5777958384415,-49.394804806191125,4890.085675812921,loss,-0.16768000000000427,-5109.914324187079
2026-03-11 11:15:00+00:00,2026-03-11 14:50:00+00:00,buy,59.21466,59.101049999999994,59.32827000000001,59.101049999999994,430.42739862798686,-48.900856758129216,4841.184819054792,loss,-0.11361000000000843,-5158.815180945208
2026-03-11 16:05:00+00:00,2026-03-11 16:15:00+00:00,buy,59.17998,59.10805,59.25191,59.25191,673.0411259633906,48.411848190547914,4889.59666724534,win,0.07193000000000183,-5110.40333275466
2026-03-11 17:30:00+00:00,2026-03-11 17:45:00+00:00,sell,59.147099999999995,59.210770000000004,59.083429999999986,59.083429999999986,767.9592692389899,48.8959666724534,4938.492633917793,win,-0.063670000000009,-5061.507366082207
2026-03-11 18:00:00+00:00,2026-03-11 19:25:00+00:00,sell,59.07989,59.172340000000005,58.98743999999999,59.172340000000005,534.1798414188687,-49.38492633917793,4889.107707578615,loss,0.09245000000000658,-5110.892292421385
2026-03-11 19:35:00+00:00,2026-03-11 21:50:00+00:00,sell,59.13514,59.18036,59.08992,59.18036,1081.182597872305,-48.89107707578615,4840.216630502829,loss,0.04522000000000048,-5159.783369497171
2026-03-11 22:00:00+00:00,2026-03-11 22:35:00+00:00,sell,59.141529999999996,59.18659,59.09646999999999,59.09646999999999,1074.1714670444132,48.40216630502829,4888.618796807857,win,-0.04506000000000654,-5111.381203192143
2026-03-11 22:45:00+00:00,2026-03-11 23:00:00+00:00,sell,59.08876,59.16771,59.00981,59.16771,619.204407448755,-48.886187968078566,4839.732608839778,loss,0.07894999999999897,-5160.267391160222
2026-03-12 01:05:00+00:00,2026-03-12 01:10:00+00:00,sell,59.14371,59.188370000000006,59.09904999999999,59.09904999999999,1083.6839697355504,48.397326088397776,4888.129934928175,win,-0.04466000000000747,-5111.870065071825
2026-03-12 01:20:00+00:00,2026-03-12 08:40:00+00:00,sell,58.96024,59.15923,58.76125,58.76125,245.6470141679545,48.881299349281754,4937.011234277457,win,-0.198990000000002,-5062.988765722543
2026-03-12 13:05:00+00:00,2026-03-12 13:15:00+00:00,buy,59.18191,59.149089999999994,59.21473000000001,59.21473000000001,1504.2691146484597,49.370112342774576,4986.381346620232,win,0.032820000000008065,-5013.618653379768
2026-03-12 13:35:00+00:00,2026-03-12 14:05:00+00:00,buy,59.22489,59.16193,59.287850000000006,59.16193,791.9919546727958,-49.863813466202316,4936.5175331540295,loss,-0.0629600000000039,-5063.4824668459705
2026-03-12 17:05:00+00:00,2026-03-12 23:00:00+00:00,sell,59.001479999999994,59.088190000000004,58.91476999999998,58.91476999999998,569.3135201422464,49.365175331540286,4985.882708485569,win,-0.08671000000001072,-5014.117291514431
2026-03-13 01:10:00+00:00,2026-03-13 01:15:00+00:00,sell,58.94159,59.044450000000005,58.83872999999999,58.83872999999999,484.7251320712851,49.8588270848557,5035.741535570425,win,-0.10286000000000683,-4964.258464429575
2026-03-13 04:05:00+00:00,2026-03-13 08:35:00+00:00,sell,58.866189999999996,59.051790000000004,58.68058999999999,58.68058999999999,271.3222810113259,50.357415355704255,5086.09895092613,win,-0.18560000000000798,-4913.90104907387
2026-03-13 08:55:00+00:00,2026-03-13 09:00:00+00:00,sell,58.67558,58.725860000000004,58.62529999999999,58.62529999999999,1011.5550817273934,50.8609895092613,5136.959940435391,win,-0.050280000000007874,-4863.040059564609
2026-03-13 10:15:00+00:00,2026-03-13 15:50:00+00:00,sell,58.663909999999994,58.75974,58.56807999999999,58.75974,536.0492476714016,-51.36959940435391,5085.5903410310375,loss,0.09583000000000652,-4914.4096589689625
2026-03-13 16:15:00+00:00,2026-03-13 17:20:00+00:00,sell,58.67115,58.765370000000004,58.57692999999999,58.57692999999999,539.7569880100463,50.855903410310376,5136.4462444413475,win,-0.09422000000000708,-4863.5537555586525
2026-03-13 17:35:00+00:00,2026-03-13 21:10:00+00:00,sell,58.560649999999995,58.64535,58.47594999999999,58.47594999999999,606.4281280331804,51.364462444413476,5187.810706885761,win,-0.0847000000000051,-4812.189293114239
2026-03-13 21:20:00+00:00,2026-03-13 22:30:00+00:00,sell,58.46933,58.52629,58.412369999999996,58.412369999999996,910.7813741020763,51.87810706885761,5239.688813954618,win,-0.056960000000003674,-4760.311186045382
2026-03-13 22:40:00+00:00,2026-03-13 22:45:00+00:00,sell,58.35463,58.45617,58.25309,58.45617,516.022140432797,-52.396888139546185,5187.291925815072,loss,0.10153999999999996,-4812.708074184928
2026-03-16 00:10:00+00:00,2026-03-16 02:05:00+00:00,sell,58.491189999999996,58.56882,58.41355999999999,58.41355999999999,668.2071268600607,51.87291925815073,5239.164845073223,win,-0.0776300000000063,-4760.835154926777
2026-03-16 03:25:00+00:00,2026-03-16 04:30:00+00:00,sell,58.40179,58.444790000000005,58.35878999999999,58.35878999999999,1218.4104290866155,52.39164845073223,5291.556493523955,win,-0.043000000000006366,-4708.443506476045
2026-03-16 05:00:00+00:00,2026-03-16 05:10:00+00:00,sell,58.355459999999994,58.418440000000004,58.29247999999998,58.418440000000004,840.1963311405358,-52.91556493523956,5238.640928588716,loss,0.06298000000001025,-4761.359071411284
2026-03-16 06:55:00+00:00,2026-03-16 08:20:00+00:00,sell,58.40103,58.589310000000005,58.21274999999999,58.21274999999999,278.2367181107154,52.38640928588716,5291.027337874603,win,-0.188280000000006,-4708.972662125397
2026-03-16 08:30:00+00:00,2026-03-16 08:40:00+00:00,sell,58.160439999999994,58.40901,57.911869999999986,58.40901,212.85864496417244,-52.910273378746034,5238.117064495857,loss,0.24857000000000795,-4761.882935504143
2026-03-16 15:30:00+00:00,2026-03-16 15:45:00+00:00,buy,58.749300000000005,58.695229999999995,58.803370000000015,58.803370000000015,968.7658709996085,52.38117064495857,5290.498235140816,win,0.054070000000010054,-4709.501764859184
2026-03-16 15:55:00+00:00,2026-03-16 18:30:00+00:00,buy,58.812940000000005,58.73263,58.89325000000001,58.73263,658.7595859968287,-52.904982351408165,5237.593252789408,loss,-0.08031000000000432,-4762.406747210592
2026-03-16 19:00:00+00:00,2026-03-16 20:30:00+00:00,buy,58.81447,58.72258,58.90636,58.90636,569.9851183795239,52.375932527894086,5289.969185317303,win,0.09188999999999936,-4710.030814682697
2026-03-16 20:40:00+00:00,2026-03-16 22:35:00+00:00,buy,58.907160000000005,58.83033,58.98399000000001,58.83033,688.5291143195028,-52.899691853173024,5237.06949346413,loss,-0.07683000000000817,-4762.93050653587
2026-03-16 23:00:00+00:00,2026-03-17 01:20:00+00:00,buy,58.876090000000005,58.821079999999995,58.931100000000015,58.821079999999995,952.0213585644752,-52.3706949346413,5184.698798529488,loss,-0.055010000000009995,-4815.301201470512
2026-03-17 07:45:00+00:00,2026-03-17 08:35:00+00:00,sell,58.610459999999996,58.79484,58.42607999999999,58.42607999999999,281.19637696764096,51.84698798529489,5236.545786514783,win,-0.18438000000000443,-4763.454213485217
2026-03-17 08:45:00+00:00,2026-03-17 09:05:00+00:00,sell,58.350559999999994,58.54594,58.15517999999999,58.54594,268.0185170700476,-52.36545786514783,5184.180328649635,loss,0.19538000000000721,-4815.819671350365
2026-03-17 10:25:00+00:00,2026-03-17 10:40:00+00:00,buy,58.87802,58.82743,58.92861,58.92861,1024.744085520788,51.84180328649635,5236.022131936132,win,0.05058999999999969,-4763.977868063868
2026-03-17 10:50:00+00:00,2026-03-17 15:20:00+00:00,buy,58.93695,58.823919999999994,59.04998000000001,59.04998000000001,463.24180588655327,52.360221319361315,5288.382353255493,win,0.11303000000000907,-4711.617646744507
2026-03-17 15:30:00+00:00,2026-03-17 23:00:00+00:00,buy,59.05416,58.9606,59.14772000000001,59.14772000000001,565.2396700785899,52.883823532554935,5341.266176788048,win,0.09356000000000364,-4658.733823211952
2026-03-17 23:10:00+00:00,2026-03-18 09:00:00+00:00,buy,59.22834,58.96662,59.49006000000001,58.96662,204.0832254618664,-53.41266176788048,5287.853515020168,loss,-0.26172000000000395,-4712.146484979832
2026-03-18 11:25:00+00:00,2026-03-18 11:30:00+00:00,buy,59.147760000000005,59.1038,59.19172000000001,59.19172000000001,1202.8784156095314,52.87853515020168,5340.73205017037,win,0.04396000000000555,-4659.26794982963
2026-03-18 12:05:00+00:00,2026-03-18 14:25:00+00:00,buy,59.21965,59.1038,59.3355,59.1038,461.00406130084485,-53.4073205017037,5287.324729668666,loss,-0.11585000000000178,-4712.675270331334
2026-03-18 15:55:00+00:00,2026-03-18 16:10:00+00:00,buy,59.0959,59.00293,59.18887,59.00293,568.7129966299455,-52.87324729668666,5234.451482371979,loss,-0.09297000000000111,-4765.548517628021
2026-03-18 21:05:00+00:00,2026-03-18 22:20:00+00:00,sell,58.89413,59.076260000000005,58.71199999999999,58.71199999999999,287.4019372081344,52.34451482371979,5286.795997195699,win,-0.1821300000000079,-4713.204002804301
2026-03-18 22:30:00+00:00,2026-03-19 02:55:00+00:00,sell,58.709179999999996,58.833490000000005,58.58486999999999,58.833490000000005,425.2912876836412,-52.86795997195699,5233.928037223742,loss,0.12431000000000836,-4766.071962776258
2026-03-19 05:30:00+00:00,2026-03-19 06:05:00+00:00,sell,58.864419999999996,58.90269,58.82614999999999,58.82614999999999,1367.63209752369,52.33928037223742,5286.267317595979,win,-0.038270000000004245,-4713.732682404021
2026-03-19 06:15:00+00:00,2026-03-19 07:40:00+00:00,sell,58.82523,58.869820000000004,58.78063999999999,58.78063999999999,1185.5275437531286,52.86267317595979,5339.1299907719385,win,-0.04459000000000657,-4660.8700092280615
2026-03-19 07:55:00+00:00,2026-03-19 08:15:00+00:00,sell,58.76708,58.8164,58.71776,58.8164,1082.5486599293931,-53.391299907719386,5285.738690864219,loss,0.049320000000001585,-4714.261309135781
2026-03-19 09:00:00+00:00,2026-03-19 11:20:00+00:00,sell,58.757079999999995,58.82889,58.68526999999999,58.82889,736.0727880328297,-52.85738690864219,5232.881303955577,loss,0.07181000000000637,-4767.118696044423
2026-03-19 16:05:00+00:00,2026-03-19 21:00:00+00:00,buy,59.195280000000004,58.90045,59.49011000000001,59.49011000000001,177.488088184903,52.32881303955577,5285.210116995133,win,0.2948300000000046,-4714.789883004867
2026-03-19 21:10:00+00:00,2026-03-20 02:05:00+00:00,buy,59.53094,59.32111,59.740770000000005,59.32111,251.88057556093213,-52.85210116995133,5232.358015825182,loss,-0.20983000000000374,-4767.641984174818
2026-03-20 03:25:00+00:00,2026-03-20 03:30:00+00:00,buy,59.317080000000004,59.278589999999994,59.355570000000014,59.355570000000014,1359.4071228432852,52.323580158251815,5284.681595983433,win,0.03849000000001013,-4715.318404016567
2026-03-20 04:45:00+00:00,2026-03-20 04:55:00+00:00,buy,59.25838,59.233079999999994,59.28368000000001,59.28368000000001,2088.806954933458,52.84681595983432,5337.528411943267,win,0.025300000000008538,-4662.471588056733
2026-03-20 07:05:00+00:00,2026-03-20 07:45:00+00:00,buy,59.40068,59.205369999999995,59.59599000000001,59.205369999999995,273.2849527388815,-53.37528411943267,5284.153127823834,loss,-0.1953100000000063,-4715.846872176166
2026-03-20 08:05:00+00:00,2026-03-20 08:45:00+00:00,buy,59.387480000000004,59.204739999999994,59.57022000000001,59.204739999999994,289.1623688203762,-52.841531278238335,5231.311596545596,loss,-0.18274000000000967,-4768.688403454404
2026-03-20 09:05:00+00:00,2026-03-20 09:45:00+00:00,buy,59.2533,58.999559999999995,59.50704000000001,59.50704000000001,206.1681877727374,52.313115965455964,5283.624712511052,win,0.2537400000000076,-4716.375287488948
2026-03-20 10:00:00+00:00,2026-03-20 11:00:00+00:00,buy,59.512420000000006,59.44475,59.58009000000001,59.44475,780.7927756037421,-52.836247125110525,5230.788465385942,loss,-0.06767000000000678,-4769.211534614058
2026-03-20 13:10:00+00:00,2026-03-20 14:05:00+00:00,buy,59.3175,59.24746,59.38754000000001,59.38754000000001,746.8287357774847,52.30788465385941,5283.096350039801,win,0.07004000000000588,-4716.903649960199
2026-03-20 17:55:00+00:00,2026-03-20 18:15:00+00:00,sell,59.00009,59.053810000000006,58.946369999999995,59.053810000000006,983.4505491510157,-52.83096350039801,5230.265386539403,loss,0.05372000000000554,-4769.734613460597
2026-03-20 20:50:00+00:00,2026-03-23 00:10:00+00:00,sell,59.06762,59.159800000000004,58.97543999999999,58.97543999999999,567.3969827011342,52.30265386539404,5282.568040404797,win,-0.09218000000000615,-4717.431959595203
2026-03-23 02:05:00+00:00,2026-03-23 02:10:00+00:00,sell,59.046029999999995,59.11424,58.97781999999999,58.97781999999999,774.4565372238975,52.82568040404797,5335.3937208088455,win,-0.06821000000000765,-4664.6062791911545
2026-03-23 02:35:00+00:00,2026-03-23 13:05:00+00:00,sell,58.88068,59.12585,58.63551,59.12585,217.6201705269327,-53.35393720808845,5282.039783600757,loss,0.24517000000000166,-4717.960216399243
2026-03-23 14:40:00+00:00,2026-03-23 16:20:00+00:00,buy,59.387060000000005,59.16629,59.607830000000014,59.607830000000014,239.25532380307772,52.82039783600757,5334.860181436765,win,0.2207700000000088,-4665.139818563235
2026-03-23 16:30:00+00:00,2026-03-23 17:35:00+00:00,buy,59.67857,59.46263,59.894510000000004,59.46263,247.05289346284533,-53.34860181436765,5281.511579622397,loss,-0.21594000000000335,-4718.488420377603
2026-03-23 18:50:00+00:00,2026-03-23 20:30:00+00:00,buy,59.42568,59.299229999999994,59.552130000000005,59.552130000000005,417.6758860911164,52.81511579622397,5334.326695418621,win,0.1264500000000055,-4665.673304581379
2026-03-23 20:45:00+00:00,2026-03-23 22:30:00+00:00,buy,59.60976,59.46282,59.7567,59.46282,363.0275415420304,-53.34326695418621,5280.983428464435,loss,-0.14694000000000074,-4719.016571535565
2026-03-23 23:00:00+00:00,2026-03-24 00:40:00+00:00,buy,59.533460000000005,59.39724,59.669680000000014,59.39724,387.68047485421374,-52.80983428464435,5228.173594179791,loss,-0.13622000000000867,-4771.826405820209
2026-03-24 06:05:00+00:00,2026-03-24 06:10:00+00:00,buy,59.320240000000005,59.293279999999996,59.347200000000015,59.293279999999996,1939.233528997745,-52.281735941797905,5175.891858237993,loss,-0.026960000000009643,-4824.108141762007
2026-03-24 06:45:00+00:00,2026-03-24 06:55:00+00:00,buy,59.375870000000006,59.27383,59.477910000000016,59.27383,507.2414600389566,-51.75891858237993,5124.132939655613,loss,-0.10204000000000946,-4875.867060344387
2026-03-24 09:05:00+00:00,2026-03-24 09:10:00+00:00,buy,59.24851,59.183499999999995,59.31352000000001,59.31352000000001,788.2068819650796,51.24132939655613,5175.374269052169,win,0.065010000000008,-4824.625730947831
2026-03-24 11:40:00+00:00,2026-03-24 13:05:00+00:00,buy,59.43878,59.387179999999994,59.49038000000001,59.49038000000001,1002.979509506086,51.7537426905217,5227.128011742691,win,0.05160000000000764,-4772.871988257309
2026-03-24 13:30:00+00:00,2026-03-24 13:50:00+00:00,buy,59.51066,59.424859999999995,59.59646000000001,59.424859999999995,609.2223789909464,-52.27128011742691,5174.856731625265,loss,-0.0858000000000061,-4825.143268374735
2026-03-24 16:05:00+00:00,2026-03-24 16:15:00+00:00,buy,59.38669,59.31202,59.461360000000006,59.461360000000006,693.0302305644758,51.74856731625265,5226.6052989415175,win,0.07467000000000468,-4773.3947010584825
2026-03-24 16:25:00+00:00,2026-03-24 19:00:00+00:00,buy,59.462340000000005,59.34363,59.58105000000001,59.34363,440.2834890861091,-52.26605298941518,5174.339245952102,loss,-0.1187100000000072,-4825.660754047898
2026-03-24 23:05:00+00:00,2026-03-24 23:35:00+00:00,buy,59.459500000000006,59.37361,59.54539000000001,59.54539000000001,602.4379143033794,51.74339245952102,5226.082638411623,win,0.08589000000000624,-4773.917361588377
2026-03-24 23:45:00+00:00,2026-03-25 00:10:00+00:00,buy,59.551190000000005,59.49084,59.61154000000001,59.49084,865.9623261658716,-52.26082638411623,5173.821812027506,loss,-0.06035000000000679,-4826.178187972494
2026-03-25 01:40:00+00:00,2026-03-26 01:05:00+00:00,buy,59.4987,59.08835,59.90905,59.08835,126.08314395095631,-51.738218120275064,5122.083593907231,loss,-0.4103500000000011,-4877.916406092769
2026-03-26 01:45:00+00:00,2026-03-26 16:30:00+00:00,sell,58.98733,59.43439,58.54027,59.43439,114.57262098839588,-51.220835939072316,5070.862757968159,loss,0.44706000000000046,-4929.137242031841
2026-03-26 18:15:00+00:00,2026-03-26 19:45:00+00:00,sell,59.282869999999996,59.34239,59.22334999999999,59.22334999999999,851.9594687445611,50.70862757968159,5121.571385547841,win,-0.059520000000006235,-4878.428614452159
2026-03-26 19:55:00+00:00,2026-03-26 22:00:00+00:00,sell,59.21704,59.301500000000004,59.13257999999999,59.13257999999999,606.390171151718,51.215713855478405,5172.787099403319,win,-0.08446000000000708,-4827.212900596681
2026-03-27 04:40:00+00:00,2026-03-27 05:05:00+00:00,buy,59.432900000000004,59.19609,59.66971000000001,59.19609,218.4361766565263,-51.727870994033196,5121.059228409286,loss,-0.23681000000000552,-4878.940771590714
2026-03-27 08:35:00+00:00,2026-03-27 08:45:00+00:00,sell,59.2005,59.33677,59.064229999999995,59.064229999999995,375.80239439415607,51.21059228409286,5172.269820693379,win,-0.13627000000000322,-4827.730179306621
2026-03-27 08:55:00+00:00,2026-03-27 22:45:00+00:00,sell,59.055899999999994,59.3117,58.800099999999986,58.800099999999986,202.19975843210403,51.72269820693379,5223.992518900313,win,-0.2558000000000078,-4776.007481099687
2026-03-30 01:05:00+00:00,2026-03-30 01:10:00+00:00,sell,58.98746,59.027660000000004,58.94725999999999,58.94725999999999,1299.5006265919308,52.23992518900314,5276.232444089316,win,-0.04020000000000579,-4723.767555910684
2026-03-30 01:50:00+00:00,2026-03-30 01:55:00+00:00,sell,58.86326,59.027660000000004,58.69885999999999,58.69885999999999,320.9387131441041,52.76232444089317,5328.9947685302095,win,-0.16440000000000765,-4671.0052314697905
2026-03-30 04:20:00+00:00,2026-03-30 04:55:00+00:00,sell,58.79325,58.835750000000004,58.75075,58.835750000000004,1253.8811220069908,-53.2899476853021,5275.704820844908,loss,0.04250000000000398,-4724.295179155092
2026-03-30 05:05:00+00:00,2026-03-30 05:25:00+00:00,sell,58.79383,58.901450000000004,58.686209999999996,58.901450000000004,490.2160212641422,-52.75704820844908,5222.9477726364585,loss,0.10762000000000427,-4777.0522273635415
2026-03-30 07:50:00+00:00,2026-03-30 08:10:00+00:00,sell,58.91081,59.03495,58.786669999999994,59.03495,420.7304472882459,-52.229477726364586,5170.718294910094,loss,0.12414000000000414,-4829.281705089906
2026-03-30 08:35:00+00:00,2026-03-30 09:00:00+00:00,sell,58.897459999999995,59.038560000000004,58.75635999999999,59.038560000000004,366.45771048262066,-51.70718294910095,5119.011111960994,loss,0.14110000000000866,-4880.988888039006
2026-03-30 10:05:00+00:00,2026-03-30 10:15:00+00:00,sell,59.01533,59.07083,58.95983,58.95983,922.3443444974414,51.19011111960994,5170.201223080604,win,-0.0555000000000021,-4829.798776919396
2026-03-30 10:25:00+00:00,2026-03-30 12:10:00+00:00,sell,58.94623,59.03157,58.86089,58.86089,605.8356249215458,51.70201223080605,5221.90323531141,win,-0.08534000000000219,-4778.09676468859
2026-03-30 13:30:00+00:00,2026-03-30 14:25:00+00:00,sell,58.87462,58.925990000000006,58.823249999999994,58.925990000000006,1016.52778573308,-52.2190323531141,5169.684202958296,loss,0.05137000000000569,-4830.315797041704
2026-03-30 15:00:00+00:00,2026-03-30 16:35:00+00:00,sell,58.86322,58.97061,58.755829999999996,58.755829999999996,481.3934447302528,51.69684202958296,5221.381044987878,win,-0.10739000000000232,-4778.618955012122
2026-03-30 16:45:00+00:00,2026-03-31 02:05:00+00:00,sell,58.72069,58.89007,58.551309999999994,58.551309999999994,308.26431957655916,52.21381044987878,5273.594855437757,win,-0.16938000000000386,-4726.405144562243
2026-03-31 02:45:00+00:00,2026-03-31 04:00:00+00:00,sell,58.208279999999995,58.657180000000004,57.759379999999986,58.657180000000004,117.47816563683787,-52.73594855437757,5220.85890688338,loss,0.44890000000000896,-4779.14109311662
2026-03-31 05:30:00+00:00,2026-03-31 06:05:00+00:00,sell,58.62294,58.65814,58.58774,58.65814,1483.1985530917334,-52.2085890688338,5168.650317814546,loss,0.03520000000000323,-4831.349682185454
2026-03-31 07:45:00+00:00,2026-03-31 08:05:00+00:00,sell,58.5976,58.72762,58.46758,58.72762,397.5273279352772,-51.68650317814546,5116.9638146364005,loss,0.1300200000000018,-4883.0361853635995
2026-03-31 14:10:00+00:00,2026-03-31 14:15:00+00:00,buy,58.765190000000004,58.720879999999994,58.809500000000014,58.720879999999994,1154.8101590239762,-51.16963814636401,5065.794176490036,loss,-0.044310000000010064,-4934.205823509964
2026-03-31 14:25:00+00:00,2026-03-31 14:40:00+00:00,buy,58.77291,58.69851,58.84731000000001,58.84731000000001,680.8863140443209,50.657941764900364,5116.452118254936,win,0.07440000000000424,-4883.547881745064
2026-03-31 14:55:00+00:00,2026-03-31 16:50:00+00:00,buy,58.862410000000004,58.742439999999995,58.98238000000001,58.98238000000001,426.47762926186067,51.164521182549365,5167.616639437485,win,0.11997000000000924,-4832.383360562515
2026-03-31 17:00:00+00:00,2026-03-31 17:35:00+00:00,buy,59.00701,58.90846,59.105560000000004,58.90846,524.3649558028743,-51.676166394374846,5115.94047304311,loss,-0.09855000000000302,-4884.05952695689
2026-03-31 19:40:00+00:00,2026-03-31 20:00:00+00:00,buy,58.76234,58.643679999999996,58.88100000000001,58.88100000000001,431.142800694663,51.1594047304311,5167.09987777354,win,0.11866000000000554,-4832.90012222646
2026-03-31 20:15:00+00:00,2026-03-31 23:10:00+00:00,buy,58.891890000000004,58.73889,59.04489000000001,58.73889,337.7189462596957,-51.6709987777354,5115.428878995805,loss,-0.1530000000000058,-4884.571121004195
2026-04-01 00:05:00+00:00,2026-04-01 00:10:00+00:00,buy,58.76382,58.739529999999995,58.78811000000001,58.78811000000001,2105.9814240404216,51.154288789958045,5166.583167785762,win,0.024290000000007694,-4833.416832214238
2026-04-01 01:00:00+00:00,2026-04-01 02:15:00+00:00,buy,59.151070000000004,58.739529999999995,59.562610000000014,58.739529999999995,125.54267307638736,-51.665831677857625,5114.917336107905,loss,-0.41154000000000934,-4885.082663892095
2026-04-01 03:05:00+00:00,2026-04-08 02:10:00+00:00,buy,59.129650000000005,58.57544,59.68386000000001,59.68386000000001,92.29204337900545,51.14917336107905,5166.066509468984,win,0.5542100000000048,-4833.933490531016
2026-04-08 03:00:00+00:00,2026-04-08 03:20:00+00:00,buy,59.698910000000005,59.53839,59.85943000000001,59.53839,321.8331989452288,-51.66066509468984,5114.405844374294,loss,-0.16052000000000533,-4885.594155625706
2026-04-08 04:15:00+00:00,2026-04-08 04:25:00+00:00,buy,59.74918,59.530069999999995,59.96829000000001,59.530069999999995,233.4172718896497,-51.14405844374294,5063.261785930551,loss,-0.2191100000000077,-4936.738214069449
2026-04-08 07:00:00+00:00,2026-04-08 07:05:00+00:00,buy,59.56792,59.530429999999996,59.605410000000006,59.605410000000006,1350.5632931261212,50.63261785930551,5113.894403789856,win,0.03749000000000535,-4886.105596210144
2026-04-08 07:35:00+00:00,2026-04-08 09:25:00+00:00,buy,59.707530000000006,59.54622,59.86884000000001,59.86884000000001,317.02277625625334,51.13894403789857,5165.033347827755,win,0.1613100000000074,-4834.966652172245
2026-04-08 10:40:00+00:00,2026-04-08 11:40:00+00:00,buy,59.830650000000006,59.756809999999994,59.90449000000002,59.756809999999994,699.4898900090695,-51.65033347827755,5113.383014349478,loss,-0.07384000000001123,-4886.616985650522
2026-04-08 12:05:00+00:00,2026-04-08 14:25:00+00:00,buy,59.832950000000004,59.7217,59.94420000000001,59.94420000000001,459.62993387408807,51.13383014349478,5164.516844492972,win,0.1112500000000054,-4835.483155507028
2026-04-08 15:05:00+00:00,2026-04-08 16:40:00+00:00,buy,59.969440000000006,59.8595,60.079380000000015,59.8595,469.7577628245005,-51.64516844492972,5112.871676048043,loss,-0.10994000000000881,-4887.128323951957
2026-04-09 07:00:00+00:00,2026-04-09 07:10:00+00:00,sell,59.542179999999995,59.6563,59.42805999999999,59.6563,448.0259092225495,-51.12871676048043,5061.742959287562,loss,0.11412000000000688,-4938.257040712438
2026-04-09 07:20:00+00:00,2026-04-09 10:00:00+00:00,sell,59.535959999999996,59.76368,59.30823999999999,59.76368,222.27924465516645,-50.617429592875624,5011.1255296946865,loss,0.22772000000000503,-4988.8744703053135
2026-04-09 10:10:00+00:00,2026-04-09 12:20:00+00:00,buy,59.77026,59.68824,59.85228,59.85228,610.9638539008397,50.11125529694686,5061.236784991634,win,0.08201999999999998,-4938.763215008366
2026-04-09 12:35:00+00:00,2026-04-09 13:55:00+00:00,buy,59.855000000000004,59.79691,59.91309000000001,59.79691,871.275053363921,-50.61236784991634,5010.6244171417175,loss,-0.05809000000000708,-4989.3755828582825
2026-04-09 14:15:00+00:00,2026-04-09 14:30:00+00:00,buy,59.82649,59.79174,59.86124,59.86124,1441.906307091038,50.106244171417174,5060.730661313135,win,0.0347500000000025,-4939.269338686865
2026-04-09 14:40:00+00:00,2026-04-09 15:40:00+00:00,buy,59.876650000000005,59.815709999999996,59.937590000000014,59.815709999999996,830.4448082232295,-50.60730661313135,5010.123354700004,loss,-0.06094000000000932,-4989.876645299996
2026-04-09 16:15:00+00:00,2026-04-09 17:50:00+00:00,buy,59.8646,59.81104,59.91816000000001,59.81104,935.4225830283017,-50.10123354700004,4960.022121153003,loss,-0.05356000000000449,-5039.977878846997
2026-04-09 18:20:00+00:00,2026-04-09 19:20:00+00:00,buy,59.88908,59.80197,59.97619,59.97619,569.3975572440421,49.600221211530034,5009.622342364533,win,0.08711000000000269,-4990.377657635467
2026-04-09 19:30:00+00:00,2026-04-09 21:00:00+00:00,buy,59.98344,59.92046,60.046420000000005,59.92046,795.4306672537763,-50.096223423645334,4959.526118940888,loss,-0.06298000000000314,-5040.473881059112
2026-04-09 22:15:00+00:00,2026-04-09 23:35:00+00:00,buy,59.954750000000004,59.901959999999995,60.00754000000001,59.901959999999995,939.4821214131587,-49.59526118940889,4909.930857751479,loss,-0.052790000000008774,-5090.069142248521
2026-04-10 00:00:00+00:00,2026-04-10 03:15:00+00:00,buy,59.96298,59.85657,60.069390000000006,59.85657,461.41630088819664,-49.0993085775148,4860.831549173965,loss,-0.10641000000000389,-5139.168450826035
2026-04-10 04:40:00+00:00,2026-04-10 05:25:00+00:00,buy,59.919450000000005,59.741479999999996,60.097420000000014,59.741479999999996,273.1264566597583,-48.60831549173966,4812.223233682225,loss,-0.17797000000000907,-5187.776766317775
2026-04-10 10:05:00+00:00,2026-04-10 10:20:00+00:00,buy,59.97861,59.948409999999996,60.00881000000001,60.00881000000001,1593.4514018811215,48.12223233682226,4860.345466019047,win,0.030200000000007776,-5139.654533980953
2026-04-10 11:35:00+00:00,2026-04-10 12:15:00+00:00,buy,60.00048,59.95306,60.047900000000006,60.047900000000006,1024.9568675703913,48.60345466019048,4908.948920679238,win,0.04742000000000246,-5091.051079320762
2026-04-10 12:40:00+00:00,2026-04-10 15:30:00+00:00,buy,60.05744,59.975989999999996,60.13889,60.13889,602.6947723362811,49.08948920679238,4958.03840988603,win,0.0814500000000038,-5041.96159011397
2026-04-10 16:00:00+00:00,2026-04-10 19:00:00+00:00,buy,60.167750000000005,60.08642,60.24908000000001,60.08642,609.6198708822725,-49.58038409886031,4908.45802578717,loss,-0.08133000000000834,-5091.54197421283
2026-04-10 20:40:00+00:00,2026-04-10 23:35:00+00:00,buy,60.101330000000004,59.99006,60.21260000000001,59.99006,441.1304058404751,-49.08458025787171,4859.373445529299,loss,-0.11127000000000464,-5140.626554470701
2026-04-13 01:15:00+00:00,2026-04-13 01:25:00+00:00,sell,59.90627,60.060880000000004,59.751659999999994,59.751659999999994,314.298780514141,48.59373445529299,4907.967179984592,win,-0.15461000000000524,-5092.032820015408
2026-04-13 01:35:00+00:00,2026-04-13 07:10:00+00:00,sell,59.41104,59.91648,58.9056,59.91648,97.1028644346429,-49.07967179984592,4858.887508184746,loss,0.5054400000000001,-5141.112491815254
2026-04-13 08:40:00+00:00,2026-04-13 08:45:00+00:00,sell,59.776379999999996,59.90974,59.64301999999999,59.64301999999999,364.3436943749721,48.58887508184746,4907.476383266594,win,-0.13336000000000325,-5092.523616733406
2026-04-13 08:55:00+00:00,2026-04-13 09:10:00+00:00,sell,59.53738,59.905390000000004,59.169369999999994,59.905390000000004,133.35171281395952,-49.07476383266595,4858.401619433928,loss,0.3680100000000053,-5141.598380566072
2026-04-13 12:00:00+00:00,2026-04-13 13:20:00+00:00,buy,60.09275,60.04813,60.137370000000004,60.04813,1088.8394485508122,-48.58401619433929,4809.817603239589,loss,-0.04462000000000188,-5190.182396760411
2026-04-13 13:45:00+00:00,2026-04-13 14:00:00+00:00,buy,60.07869,60.04579,60.11159000000001,60.11159000000001,1461.950639282326,48.098176032395884,4857.915779271984,win,0.032900000000005036,-5142.084220728016
2026-04-13 14:30:00+00:00,2026-04-13 14:50:00+00:00,buy,60.123830000000005,60.066559999999996,60.181100000000015,60.066559999999996,848.2479097732079,-48.57915779271985,4809.336621479264,loss,-0.0572700000000097,-5190.663378520736
2026-04-13 16:15:00+00:00,2026-04-13 16:45:00+00:00,buy,60.118500000000004,60.04358,60.19342000000001,60.19342000000001,641.9296077788157,48.09336621479264,4857.429987694057,win,0.07492000000000587,-5142.570012305943
2026-04-13 17:20:00+00:00,2026-04-13 20:15:00+00:00,buy,60.212880000000006,60.126949999999994,60.29881000000002,60.29881000000002,565.2775500632362,48.57429987694057,4906.004287570997,win,0.08593000000001183,-5093.995712429003
2026-04-13 20:30:00+00:00,2026-04-13 22:20:00+00:00,buy,60.32143,60.2495,60.39336,60.39336,682.0525910706065,49.06004287570997,4955.064330446707,win,0.07193000000000183,-5044.935669553293
2026-04-13 23:00:00+00:00,2026-04-13 23:15:00+00:00,buy,60.39759,60.35783,60.43735,60.35783,1246.2435438748907,-49.55064330446706,4905.513687142239,loss,-0.03976000000000113,-5094.486312857761
2026-04-14 00:05:00+00:00,2026-04-14 02:10:00+00:00,buy,60.40124,60.343819999999994,60.45866000000001,60.343819999999994,854.3214362838021,-49.05513687142239,4856.458550270817,loss,-0.057420000000007576,-5143.541449729183
2026-04-14 02:20:00+00:00,2026-04-17 15:45:00+00:00,buy,60.442460000000004,59.98469,60.90023000000001,60.90023000000001,106.08948926908228,48.56458550270817,4905.023135773525,win,0.45777000000000356,-5094.976864226475
2026-04-17 15:55:00+00:00,2026-04-17 20:05:00+00:00,buy,60.92063,60.76195,61.07931000000001,60.76195,309.1141376212127,-49.05023135773525,4855.972904415789,loss,-0.15868000000000393,-5144.027095584211
2026-04-20 01:10:00+00:00,2026-04-20 01:15:00+00:00,sell,60.55162,60.66212,60.44112,60.44112,439.4545614855846,48.5597290441579,4904.532633459948,win,-0.11050000000000182,-5095.467366540052
2026-04-20 02:30:00+00:00,2026-04-20 03:00:00+00:00,sell,60.48459,60.511430000000004,60.45774999999999,60.45774999999999,1827.3221436135075,49.04532633459948,4953.5779597945475,win,-0.02684000000000708,-5046.4220402054525
2026-04-20 03:10:00+00:00,2026-04-20 03:15:00+00:00,sell,60.453239999999994,60.49813,60.408349999999984,60.408349999999984,1103.4925283567627,49.53577959794548,5003.113739392493,win,-0.04489000000000942,-4996.886260607507
2026-04-20 05:55:00+00:00,2026-04-20 06:15:00+00:00,sell,60.444109999999995,60.549040000000005,60.339179999999985,60.549040000000005,476.80489272772394,-50.03113739392493,4953.082601998568,loss,0.10493000000001018,-5046.917398001432
2026-04-20 08:05:00+00:00,2026-04-20 08:35:00+00:00,sell,60.466849999999994,60.596230000000006,60.33746999999998,60.33746999999998,382.83216895950807,49.53082601998568,5002.613428018553,win,-0.12938000000001182,-4997.386571981447
2026-04-20 08:45:00+00:00,2026-04-20 09:30:00+00:00,sell,60.146119999999996,60.57479,59.71744999999999,60.57479,116.70080546850744,-50.02613428018554,4952.587293738367,loss,0.4286700000000039,-5047.412706261633
2026-04-20 16:10:00+00:00,2026-04-20 16:25:00+00:00,buy,60.6944,60.65338,60.735420000000005,60.735420000000005,1207.3591647337848,49.525872937383674,5002.113166675751,win,0.041020000000003165,-4997.886833324249
2026-04-20 16:35:00+00:00,2026-04-20 17:50:00+00:00,buy,60.73859,60.66684,60.810340000000004,60.66684,697.1586295018319,-50.02113166675751,4952.092035008994,loss,-0.07175000000000153,-5047.907964991006
2026-04-20 18:20:00+00:00,2026-04-21 02:15:00+00:00,buy,60.74315,60.63478,60.85152,60.63478,456.9615239465682,-49.52092035008994,4902.571114658904,loss,-0.10837000000000074,-5097.428885341096
2026-04-21 04:30:00+00:00,2026-04-21 05:35:00+00:00,buy,60.756260000000005,60.622629999999994,60.889890000000015,60.622629999999994,366.8765333127672,-49.025711146589046,4853.545403512315,loss,-0.1336300000000108,-5146.454596487685
2026-04-21 08:50:00+00:00,2026-04-21 09:05:00+00:00,sell,60.592099999999995,60.7321,60.45209999999999,60.7321,346.68181453657496,-48.53545403512315,4805.009949477192,loss,0.14000000000000767,-5194.990050522808
2026-04-21 13:05:00+00:00,2026-04-21 14:20:00+00:00,buy,60.709590000000006,60.67369,60.74549000000001,60.74549000000001,1338.4428828625355,48.05009949477192,4853.060048971964,win,0.03590000000000515,-5146.939951028036
2026-04-21 14:30:00+00:00,2026-04-21 15:35:00+00:00,buy,60.75638,60.70142,60.81134,60.70142,883.0167483573244,-48.53060048971964,4804.529448482244,loss,-0.05496000000000123,-5195.470551517756
2026-04-21 16:20:00+00:00,2026-04-21 17:40:00+00:00,buy,60.769510000000004,60.70084,60.83818000000001,60.83818000000001,699.6547908084947,48.04529448482244,4852.574742967066,win,0.06867000000000445,-5147.425257032934
2026-04-21 21:15:00+00:00,2026-04-22 08:15:00+00:00,sell,60.613479999999996,60.744080000000004,60.48287999999999,60.744080000000004,371.5600875165972,-48.525747429670666,4804.048995537396,loss,0.13060000000000827,-5195.951004462604
2026-04-22 10:40:00+00:00,2026-04-22 10:55:00+00:00,buy,60.73207,60.70393,60.76021,60.76021,1707.1958050949934,48.040489955373964,4852.08948549277,win,0.028140000000000498,-5147.91051450723
2026-04-22 11:05:00+00:00,2026-04-22 13:00:00+00:00,buy,60.763040000000004,60.707679999999996,60.81840000000001,60.707679999999996,876.4612509920739,-48.520894854927704,4803.568590637842,loss,-0.0553600000000074,-5196.431409362158
2026-04-22 16:05:00+00:00,2026-04-22 16:15:00+00:00,buy,60.62632,60.59753,60.65511,60.65511,1668.4850957407837,48.035685906378426,4851.604276544221,win,0.02879000000000076,-5148.395723455779
2026-04-22 16:25:00+00:00,2026-04-22 16:45:00+00:00,buy,60.66872,60.59632,60.74112,60.74112,670.1110879204558,48.51604276544221,4900.120319309663,win,0.0724000000000018,-5099.879680690337
2026-04-22 17:20:00+00:00,2026-04-22 17:55:00+00:00,buy,60.74691,60.66074,60.83308,60.66074,568.6573423824425,-49.00120319309663,4851.119116116566,loss,-0.08617000000000274,-5148.880883883434
2026-04-22 18:05:00+00:00,2026-04-23 00:00:00+00:00,sell,60.63016,60.71547,60.54484999999999,60.71547,568.6460105633777,-48.51119116116566,4802.6079249554,loss,0.08531000000000688,-5197.3920750446
2026-04-23 03:35:00+00:00,2026-04-24 00:35:00+00:00,buy,60.743230000000004,60.34003,61.14643000000001,60.34003,119.11229972607484,-48.02607924955401,4754.581845705847,loss,-0.40320000000000533,-5245.418154294153
2026-04-24 02:05:00+00:00,2026-04-24 03:05:00+00:00,sell,60.5368,60.56199,60.51161,60.51161,1887.4878307683448,47.545818457058466,4802.127664162906,win,-0.025190000000002044,-5197.872335837094
2026-04-24 04:30:00+00:00,2026-04-24 08:10:00+00:00,sell,60.47819,60.59686,60.359519999999996,60.59686,404.6623126453898,-48.02127664162906,4754.106387521277,loss,0.11867000000000161,-5245.893612478723
2026-04-24 09:00:00+00:00,2026-04-24 09:05:00+00:00,sell,60.482209999999995,60.607130000000005,60.357289999999985,60.607130000000005,380.5720771310352,-47.54106387521277,4706.565323646064,loss,0.12492000000001013,-5293.434676353936
2026-04-24 13:10:00+00:00,2026-04-24 13:25:00+00:00,buy,60.74298,60.71517,60.770790000000005,60.770790000000005,1692.4003321271734,47.06565323646064,4753.630976882525,win,0.027810000000002333,-5246.369023117475
2026-04-24 13:40:00+00:00,2026-04-24 17:10:00+00:00,buy,60.773520000000005,60.72179,60.82525000000001,60.82525000000001,918.9311766638215,47.53630976882525,4801.16728665135,win,0.05173000000000627,-5198.83271334865
2026-04-24 17:20:00+00:00,2026-04-24 21:35:00+00:00,buy,60.83861,60.75573,60.921490000000006,60.921490000000006,579.291419721426,48.01167286651349,4849.178959517863,win,0.08288000000000295,-5150.821040482137
2026-04-24 21:55:00+00:00,2026-04-24 23:25:00+00:00,buy,60.923140000000004,60.895939999999996,60.95034000000001,60.95034000000001,1782.786382175183,48.49178959517864,4897.670749113042,win,0.027200000000007662,-5102.329250886958
2026-04-24 23:50:00+00:00,2026-04-27 00:05:00+00:00,buy,60.95078,60.90775,60.99381,60.90775,1138.1991050692193,-48.97670749113042,4848.694041621911,loss,-0.04303000000000168,-5151.305958378089
2026-04-27 05:30:00+00:00,2026-04-27 08:40:00+00:00,buy,60.90937,60.77876,61.03998000000001,60.77876,371.23451815494604,-48.48694041621911,4800.207101205692,loss,-0.13061000000000433,-5199.792898794308
2026-04-27 09:35:00+00:00,2026-04-28 02:45:00+00:00,buy,60.9572,60.69719,61.21721,60.69719,184.6162494213942,-48.00207101205692,4752.205030193635,loss,-0.2600100000000012,-5247.794969806365
2026-04-28 04:05:00+00:00,2026-04-28 06:40:00+00:00,sell,60.81088,60.93719,60.684569999999994,60.93719,376.233475591283,-47.522050301936346,4704.682979891699,loss,0.1263100000000037,-5295.317020108301
2026-04-28 07:10:00+00:00,2026-04-28 07:45:00+00:00,sell,60.80714,60.951550000000005,60.66272999999999,60.951550000000005,325.78650923699524,-47.04682979891699,4657.6361500927815,loss,0.1444100000000077,-5342.3638499072185
2026-04-28 08:05:00+00:00,2026-04-28 08:40:00+00:00,sell,60.81624,60.974740000000004,60.65774,60.65774,293.8571703528501,46.57636150092781,4704.21251159371,win,-0.15850000000000364,-5295.78748840629
2026-04-28 10:00:00+00:00,2026-04-28 11:30:00+00:00,sell,60.853739999999995,60.917770000000004,60.789709999999985,60.917770000000004,734.6888195522421,-47.0421251159371,4657.170386477773,loss,0.06403000000000958,-5342.829613522227
2026-04-28 12:10:00+00:00,2026-04-28 13:45:00+00:00,sell,60.85773,60.921510000000005,60.79394999999999,60.79394999999999,730.192911018683,46.571703864777724,4703.742090342551,win,-0.06378000000000839,-5296.257909657449
2026-04-28 13:55:00+00:00,2026-04-28 14:30:00+00:00,sell,60.791959999999996,60.819700000000005,60.76421999999999,60.76421999999999,1695.6532409304627,47.03742090342551,4750.779511245976,win,-0.027740000000008536,-5249.220488754024
2026-04-28 14:40:00+00:00,2026-04-28 15:45:00+00:00,sell,60.750159999999994,60.81521,60.68510999999999,60.81521,730.3273652952347,-47.50779511245976,4703.271716133517,loss,0.06505000000000649,-5296.728283866483
2026-04-28 17:00:00+00:00,2026-04-28 17:30:00+00:00,sell,60.79631,60.86231,60.730309999999996,60.86231,712.6169266868695,-47.03271716133517,4656.238998972181,loss,0.0660000000000025,-5343.761001027819
2026-04-28 17:45:00+00:00,2026-04-28 18:25:00+00:00,sell,60.821239999999996,60.88,60.76247999999999,60.88,792.4164395799285,-46.562389989721815,4609.67660898246,loss,0.058760000000006585,-5390.32339101754
2026-04-29 00:05:00+00:00,2026-04-29 00:10:00+00:00,buy,60.92855,60.843689999999995,61.01341000000001,61.01341000000001,543.2095933280846,46.0967660898246,4655.773375072285,win,0.08486000000000615,-5344.226624927715
2026-04-29 01:00:00+00:00,2026-04-29 08:40:00+00:00,buy,61.16498,60.843689999999995,61.486270000000005,60.843689999999995,144.90875455421008,-46.55773375072284,4609.215641321562,loss,-0.32129000000000474,-5390.784358678438
2026-04-29 09:45:00+00:00,2026-04-30 00:35:00+00:00,buy,61.067370000000004,60.73663,61.39811000000001,60.73663,139.36069545024736,-46.09215641321562,4563.123484908346,loss,-0.3307400000000058,-5436.876515091654
2026-04-30 00:50:00+00:00,2026-04-30 02:05:00+00:00,sell,60.459759999999996,60.9453,59.97421999999999,60.9453,93.98038235589809,-45.631234849083455,4517.492250059262,loss,0.4855400000000074,-5482.507749940738
2026-04-30 03:35:00+00:00,2026-04-30 03:45:00+00:00,sell,60.82065,60.95834,60.68296,60.95834,328.0915280746088,-45.17492250059262,4472.31732755867,loss,0.1376899999999992,-5527.68267244133
2026-04-30 04:00:00+00:00,2026-04-30 08:30:00+00:00,sell,60.812189999999994,60.968360000000004,60.656019999999984,60.656019999999984,286.37493292939615,44.723173275586696,4517.040500834256,win,-0.15617000000001013,-5482.959499165744
2026-04-30 08:40:00+00:00,2026-04-30 08:55:00+00:00,sell,60.602909999999994,60.745940000000004,60.459879999999984,60.745940000000004,315.8107041064066,-45.17040500834256,4471.870095825913,loss,0.1430300000000102,-5528.129904174087
2026-04-30 13:25:00+00:00,2026-04-30 13:40:00+00:00,buy,61.05807,61.00082,61.115320000000004,61.115320000000004,781.1126804935636,44.718700958259134,4516.588796784173,win,0.057250000000003354,-5483.411203215827
2026-04-30 13:50:00+00:00,2026-04-30 15:15:00+00:00,buy,61.11784,61.037279999999996,61.19840000000001,61.037279999999996,560.649056204551,-45.16588796784172,4471.422908816331,loss,-0.08056000000000552,-5528.577091183669
2026-04-30 15:50:00+00:00,2026-04-30 17:15:00+00:00,buy,61.11697,61.02673,61.20721,61.20721,495.5034251791069,44.714229088163314,4516.137137904494,win,0.09024000000000143,-5483.862862095506
2026-04-30 17:25:00+00:00,2026-04-30 17:55:00+00:00,buy,61.258140000000004,61.09052,61.42576000000001,61.42576000000001,269.4271052323302,45.161371379044944,4561.298509283539,win,0.16762000000000654,-5438.701490716461
2026-04-30 20:00:00+00:00,2026-04-30 21:40:00+00:00,buy,61.41366,61.35017,61.47715,61.47715,718.4278641177231,45.61298509283539,4606.911494376374,win,0.0634900000000016,-5393.088505623626
2026-04-30 21:50:00+00:00,2026-04-30 23:55:00+00:00,buy,61.48628,61.43407,61.53849,61.43407,882.3810561915668,-46.06911494376374,4560.842379432611,loss,-0.05221000000000231,-5439.157620567389
2026-05-01 00:10:00+00:00,2026-05-01 00:15:00+00:00,buy,61.462700000000005,61.43002,61.49538000000001,61.49538000000001,1395.6066032532856,45.60842379432611,4606.450803226937,win,0.03268000000000626,-5393.549196773063
2026-05-01 00:50:00+00:00,2026-05-01 02:15:00+00:00,buy,61.513020000000004,61.43002,61.59602000000001,61.43002,554.9940726779073,-46.064508032269366,4560.386295194668,loss,-0.08300000000000551,-5439.613704805332
2026-05-01 02:30:00+00:00,2026-05-01 02:50:00+00:00,buy,61.49015,60.99868,61.98162,60.99868,92.79073585762448,-45.603862951946674,4514.7824322427205,loss,-0.49146999999999963,-5485.2175677572795
2026-05-01 04:05:00+00:00,2026-05-01 04:20:00+00:00,buy,61.29943,61.27339,61.32547,61.27339,1733.7874163757303,-45.147824322427205,4469.634607920293,loss,-0.02604000000000184,-5530.365392079707
2026-05-01 04:35:00+00:00,2026-05-01 06:50:00+00:00,buy,61.46157,61.27108,61.652060000000006,61.27108,234.63880560240423,-44.69634607920293,4424.93826184109,loss,-0.19049000000000404,-5575.06173815891
2026-05-01 09:10:00+00:00,2026-05-01 09:15:00+00:00,buy,61.316340000000004,61.29219,61.34049000000001,61.34049000000001,1832.2725721904806,44.2493826184109,4469.187644459501,win,0.02415000000000589,-5530.812355540499
2026-05-01 09:25:00+00:00,2026-05-01 15:15:00+00:00,buy,61.48342,61.29219,61.67465000000001,61.67465000000001,233.70745408457861,44.69187644459501,4513.879520904096,win,0.19123000000000445,-5486.120479095904
2026-05-01 16:55:00+00:00,2026-05-01 17:10:00+00:00,buy,61.678250000000006,61.635439999999996,61.721060000000016,61.721060000000016,1054.398393109797,45.138795209040964,4559.018316113137,win,0.04281000000001001,-5440.981683886863
2026-05-01 17:20:00+00:00,2026-05-01 18:50:00+00:00,buy,61.74663,61.582209999999996,61.91105000000001,61.582209999999996,277.27881742567484,-45.59018316113137,4513.428132952005,loss,-0.1644200000000069,-5486.571867047995
2026-05-04 05:30:00+00:00,2026-05-04 07:05:00+00:00,sell,61.266859999999994,61.41971,61.114009999999986,61.41971,295.28479770701813,-45.134281329520064,4468.293851622485,loss,0.15285000000000792,-5531.706148377515
2026-05-04 07:20:00+00:00,2026-05-04 09:05:00+00:00,sell,61.289699999999996,61.43251,61.14688999999999,61.43251,312.8838212745851,-44.68293851622485,4423.61091310626,loss,0.14281000000000432,-5576.38908689374
2026-05-04 10:05:00+00:00,2026-05-04 13:00:00+00:00,sell,61.38314,61.46697,61.29930999999999,61.29930999999999,527.6882873799285,44.236109131062605,4467.847022237323,win,-0.08383000000000607,-5532.152977762677
2026-05-04 13:10:00+00:00,2026-05-04 15:35:00+00:00,sell,61.23265,61.33422,61.13108,61.33422,439.87860807691425,-44.67847022237323,4423.1685520149495,loss,0.10157000000000238,-5576.8314479850505
2026-05-04 16:00:00+00:00,2026-05-04 16:10:00+00:00,sell,61.270509999999994,61.3389,61.20211999999999,61.3389,646.756624069957,-44.2316855201495,4378.9368664948,loss,0.06839000000000794,-5621.0631335052
2026-05-04 18:00:00+00:00,2026-05-04 18:20:00+00:00,sell,61.28089,61.35219,61.20959,61.20959,614.1566432671459,43.789368664948,4422.726235159747,win,-0.07130000000000081,-5577.273764840253
2026-05-04 18:40:00+00:00,2026-05-05 02:10:00+00:00,sell,61.19607,61.32392,61.06822,61.06822,345.9308748658326,44.227262351597474,4466.953497511345,win,-0.12785000000000224,-5533.046502488655
2026-05-05 03:35:00+00:00,2026-05-05 08:35:00+00:00,sell,61.05298,61.197340000000004,60.90861999999999,60.90861999999999,309.4315251808782,44.66953497511345,4511.623032486458,win,-0.14436000000000604,-5488.376967513542
2026-05-05 08:50:00+00:00,2026-05-05 09:05:00+00:00,sell,60.90022,61.16557,60.63486999999999,61.16557,170.02536395275567,-45.11623032486458,4466.506802161593,loss,0.2653500000000051,-5533.493197838407
2026-05-05 15:10:00+00:00,2026-05-05 16:05:00+00:00,buy,61.281040000000004,61.23667,61.32541000000001,61.32541000000001,1006.6501695201283,44.66506802161594,4511.17187018321,win,0.04437000000000779,-5488.82812981679
2026-05-05 16:15:00+00:00,2026-05-05 18:35:00+00:00,buy,61.32786,61.25853,61.39719,61.39719,650.6810717125571,45.111718701832096,4556.283588885041,win,0.06933000000000078,-5443.716411114959
2026-05-05 18:45:00+00:00,2026-05-05 19:25:00+00:00,buy,61.405840000000005,61.35284,61.45884000000001,61.35284,859.6761488461633,-45.562835888850415,4510.720752996191,loss,-0.05300000000000438,-5489.279247003809
2026-05-06 00:55:00+00:00,2026-05-06 01:00:00+00:00,sell,61.196389999999994,61.2578,61.134979999999985,61.134979999999985,734.5254442265931,45.107207529961904,4555.827960526152,win,-0.06141000000000929,-5444.172039473848
2026-05-06 06:05:00+00:00,2026-05-06 06:30:00+00:00,buy,61.26514,61.23665,61.29363000000001,61.23665,1599.0972132416116,-45.558279605261525,4510.269680920891,loss,-0.02849000000000501,-5489.730319079109
2026-05-06 07:10:00+00:00,2026-05-06 07:20:00+00:00,buy,61.26556,61.234049999999996,61.297070000000005,61.234049999999996,1431.37723926381,-45.10269680920891,4465.166984111682,loss,-0.03151000000000437,-5534.833015888318
2026-05-06 07:50:00+00:00,2026-05-06 09:05:00+00:00,buy,61.35441,61.22897,61.479850000000006,61.479850000000006,355.96037819766553,44.65166984111682,4509.818653952799,win,0.12544000000000466,-5490.181346047201
2026-05-06 09:15:00+00:00,2026-05-06 11:50:00+00:00,buy,61.484,61.32582,61.64218,61.64218,285.1067552125904,45.09818653952799,4554.916840492327,win,0.15818000000000154,-5445.083159507673
2026-05-06 13:45:00+00:00,2026-05-06 13:50:00+00:00,buy,61.66756,61.63086,61.704260000000005,61.704260000000005,1241.1217549024302,45.549168404923265,4600.46600889725,win,0.036700000000003286,-5399.53399110275
2026-05-06 17:35:00+00:00,2026-05-06 17:45:00+00:00,buy,61.567350000000005,61.5299,61.60480000000001,61.60480000000001,1228.4288408268108,46.0046600889725,4646.470668986222,win,0.03745000000000687,-5353.529331013778
2026-05-06 20:05:00+00:00,2026-05-07 00:00:00+00:00,buy,61.488530000000004,61.410309999999996,61.56675000000001,61.56675000000001,594.0259101234592,46.464706689862226,4692.935375676085,win,0.07822000000000884,-5307.064624323915
2026-05-07 00:10:00+00:00,2026-05-07 01:35:00+00:00,buy,61.6359,61.43212,61.83968,61.43212,230.2942082479165,-46.92935375676085,4646.006021919324,loss,-0.20378000000000185,-5353.993978080676
2026-05-07 05:30:00+00:00,2026-05-07 05:35:00+00:00,buy,61.541230000000006,61.48583,61.59663000000001,61.48583,838.6292458337239,-46.46006021919324,4599.545961700131,loss,-0.05540000000000589,-5400.454038299869
2026-05-07 06:35:00+00:00,2026-05-07 06:45:00+00:00,buy,61.57421,61.480459999999994,61.66796000000001,61.480459999999994,490.61823591464344,-45.99545961700131,4553.55050208313,loss,-0.0937500000000071,-5446.44949791687
2026-05-07 07:20:00+00:00,2026-05-07 08:45:00+00:00,buy,61.586310000000005,61.44368,61.72894000000001,61.44368,319.2561524281708,-45.535505020831295,4508.014997062299,loss,-0.14263000000000403,-5491.985002937701
2026-05-07 09:10:00+00:00,2026-05-08 01:40:00+00:00,buy,61.60459,61.3563,61.852880000000006,61.3563,181.56248729559064,-45.08014997062299,4462.934847091676,loss,-0.24829000000000434,-5537.065152908324
2026-05-08 02:00:00+00:00,2026-05-08 02:10:00+00:00,sell,60.94101,61.40661,60.47541,61.40661,95.8534116643397,-44.62934847091676,4418.305498620759,loss,0.465600000000002,-5581.694501379241
2026-05-08 02:40:00+00:00,2026-05-08 07:30:00+00:00,sell,60.9315,61.49786,60.36514,61.49786,78.01231546402879,-44.18305498620759,4374.122443634551,loss,0.5663600000000031,-5625.877556365449
2026-05-08 08:45:00+00:00,2026-05-08 08:50:00+00:00,sell,61.42031,61.461830000000006,61.378789999999995,61.378789999999995,1053.4976983704157,43.74122443634551,4417.863668070897,win,-0.04152000000000555,-5582.136331929103
2026-05-08 11:15:00+00:00,2026-05-08 11:20:00+00:00,buy,61.670100000000005,61.64237,61.69783000000001,61.69783000000001,1593.1711749260883,44.17863668070897,4462.042304751606,win,0.02773000000000536,-5537.957695248394
2026-05-08 11:30:00+00:00,2026-05-08 11:45:00+00:00,buy,61.70788,61.629239999999996,61.78652000000001,61.78652000000001,567.4011069113938,44.62042304751606,4506.662727799122,win,0.07864000000000715,-5493.337272200878
2026-05-08 12:00:00+00:00,2026-05-08 23:50:00+00:00,buy,61.79294,61.70184,61.884040000000006,61.70184,494.6940425684857,-45.06662727799122,4461.596100521131,loss,-0.0911000000000044,-5538.403899478869
