entry_time,exit_time,side,entry,sl,tp,exit,qty,pnl,balance_after,result,exit_minus_entry,cumulative_pnl
2025-01-24 11:35:00+00:00,2025-01-24 12:10:00+00:00,buy,108.491,108.229,108.753,108.753,381.6793893129764,100.0,10100.0,win,0.26200000000000045,100.0
2025-01-24 12:20:00+00:00,2025-01-24 14:50:00+00:00,buy,108.785,108.526,109.044,109.044,389.96138996138944,101.0,10201.0,win,0.25900000000000034,201.0
2025-01-24 15:00:00+00:00,2025-01-24 17:20:00+00:00,buy,109.074,108.801,109.347,108.801,373.66300366300896,-102.01,10098.99,loss,-0.27299999999999613,98.99
2025-01-24 20:25:00+00:00,2025-01-27 00:00:00+00:00,buy,108.682,108.559,108.805,108.559,821.0560975609445,-100.9899,9998.0001,loss,-0.12300000000000466,-1.999900000000011
2025-01-27 01:05:00+00:00,2025-01-27 01:20:00+00:00,sell,108.309,108.417,108.201,108.201,925.7407499999649,99.980001,10097.980101,win,-0.10800000000000409,97.98010099999999
2025-01-27 02:45:00+00:00,2025-01-27 06:00:00+00:00,sell,108.143,108.379,107.907,108.379,427.8805127542296,-100.97980100999999,9997.000299989999,loss,0.2360000000000042,-2.999700009999998
2025-01-27 09:00:00+00:00,2025-01-27 10:05:00+00:00,sell,108.35,108.521,108.17899999999999,108.17899999999999,584.6199005841883,99.97000299989998,10096.9703029899,win,-0.17100000000000648,96.97030298989998
2025-01-27 10:15:00+00:00,2025-01-27 11:05:00+00:00,sell,108.047,108.33500000000001,107.75899999999999,107.75899999999999,350.58924663158047,100.969703029899,10197.940006019799,win,-0.2880000000000109,197.94000601979897
2025-01-27 11:15:00+00:00,2025-01-27 12:00:00+00:00,sell,107.691,107.95,107.432,107.432,393.7428573752813,101.97940006019799,10299.919406079996,win,-0.25900000000000034,299.919406079997
2025-01-27 12:10:00+00:00,2025-01-28 02:30:00+00:00,sell,107.388,107.744,107.03200000000001,107.744,289.32357882247624,-102.99919406079997,10196.920212019197,loss,0.35599999999999454,196.920212019197
2025-01-28 06:05:00+00:00,2025-01-28 10:15:00+00:00,buy,108.188,107.981,108.39500000000001,107.981,492.604841160329,-101.96920212019197,10094.951009899005,loss,-0.20700000000000784,94.95100989900504
2025-01-28 15:10:00+00:00,2025-01-28 15:45:00+00:00,buy,107.8,107.66,107.94,107.94,721.0679292784974,100.94951009899005,10195.900519997995,win,0.14000000000000057,195.9005199979951
2025-01-28 16:00:00+00:00,2025-01-29 07:35:00+00:00,buy,108.022,107.724,108.32000000000001,107.724,342.1443127516085,-101.95900519997996,10093.941514798014,loss,-0.2980000000000018,93.94151479801515
2025-01-29 07:55:00+00:00,2025-01-29 15:40:00+00:00,sell,107.66799999999999,107.895,107.44099999999999,107.44099999999999,444.6670270836054,100.93941514798014,10194.880929945995,win,-0.22700000000000387,194.8809299459953
2025-01-29 15:50:00+00:00,2025-01-29 16:35:00+00:00,sell,107.404,107.607,107.201,107.607,502.2108832485639,-101.94880929945995,10092.932120646536,loss,0.20300000000000296,92.93212064653534
2025-01-29 17:15:00+00:00,2025-01-29 19:00:00+00:00,sell,107.407,107.654,107.16,107.654,408.6207336294146,-100.92932120646536,9992.00279944007,loss,0.2469999999999999,-7.997200559930022
2025-01-29 20:15:00+00:00,2025-01-29 21:00:00+00:00,sell,107.442,107.58,107.30399999999999,107.58,724.0581738724414,-99.92002799440071,9892.082771445668,loss,0.13800000000000523,-107.91722855433073
2025-01-30 02:20:00+00:00,2025-01-30 03:00:00+00:00,sell,107.54899999999999,107.82300000000001,107.27499999999998,107.27499999999998,361.02491866588036,98.92082771445668,9991.003599160125,win,-0.2740000000000151,-8.996400839874056
2025-01-30 03:10:00+00:00,2025-01-30 15:20:00+00:00,sell,107.206,107.596,106.816,106.816,256.1795794656439,99.91003599160126,10090.913635151726,win,-0.39000000000000057,90.9136351517272
2025-01-30 15:55:00+00:00,2025-01-30 16:35:00+00:00,sell,106.765,107.008,106.522,107.008,415.26393560296026,-100.90913635151726,9990.004498800208,loss,0.242999999999995,-9.995501199790056
2025-01-30 17:00:00+00:00,2025-01-30 18:20:00+00:00,sell,106.812,107.06700000000001,106.55699999999999,107.06700000000001,391.7648823058757,-99.90004498800208,9890.104453812206,loss,0.25500000000000966,-109.89554618779214
2025-01-30 21:05:00+00:00,2025-01-30 21:45:00+00:00,sell,107.129,107.296,106.962,106.962,592.2218235815636,98.90104453812206,9989.005498350329,win,-0.1670000000000016,-10.99450164967007
2025-01-30 22:15:00+00:00,2025-01-30 22:35:00+00:00,sell,106.911,107.137,106.685,106.685,441.99139373231725,99.89005498350329,10088.895553333832,win,-0.2259999999999991,88.89555333383322
2025-01-31 02:00:00+00:00,2025-01-31 04:55:00+00:00,sell,106.332,106.508,106.15599999999999,106.508,573.2327018939615,-100.88895553333832,9988.006597800493,loss,0.17600000000000193,-11.993402199505098
2025-01-31 16:05:00+00:00,2025-01-31 16:35:00+00:00,sell,106.78,107.103,106.45700000000001,106.45700000000001,309.22621045822603,99.88006597800494,10087.886663778498,win,-0.3229999999999933,87.88666377849984
2025-01-31 19:05:00+00:00,2025-01-31 19:10:00+00:00,buy,107.261,107.05499999999999,107.467,107.467,489.703236105745,100.87886663778498,10188.765530416282,win,0.20600000000000307,188.76553041628483
2025-01-31 22:10:00+00:00,2025-01-31 22:50:00+00:00,buy,106.974,106.708,107.24000000000001,106.708,383.03629813594273,-101.8876553041628,10086.877875112119,loss,-0.26600000000000534,86.87787511212203
2025-02-03 00:00:00+00:00,2025-02-03 00:05:00+00:00,sell,106.554,107.069,106.039,106.039,195.86170631285648,100.8687787511212,10187.74665386324,win,-0.5150000000000006,187.74665386324324
2025-02-03 04:10:00+00:00,2025-02-03 09:50:00+00:00,sell,105.499,105.874,105.124,105.874,271.6732441030197,-101.8774665386324,10085.869187324608,loss,0.375,85.86918732461083
2025-02-03 10:15:00+00:00,2025-02-03 10:20:00+00:00,sell,105.71,105.935,105.48499999999999,105.935,448.2608527699656,-100.85869187324609,9985.010495451363,loss,0.22500000000000853,-14.989504548635253
2025-02-03 11:05:00+00:00,2025-02-03 13:15:00+00:00,sell,105.67999999999999,105.991,105.36899999999999,105.36899999999999,321.0614307219015,99.85010495451363,10084.860600405877,win,-0.31100000000000705,84.86060040587837
2025-02-03 13:25:00+00:00,2025-02-03 15:00:00+00:00,sell,105.338,105.653,105.02299999999998,105.653,320.1543047747776,-100.84860600405877,9984.011994401817,loss,0.31500000000001194,-15.988005598180393
2025-02-03 16:30:00+00:00,2025-02-03 17:10:00+00:00,sell,105.28399999999999,105.618,104.94999999999999,104.94999999999999,298.92251480244676,99.84011994401817,10083.852114345835,win,-0.3340000000000032,83.85211434583778
2025-02-03 23:15:00+00:00,2025-02-03 23:20:00+00:00,buy,106.303,106.111,106.49499999999999,106.49499999999999,525.2006309555312,100.83852114345835,10184.690635489293,win,0.19199999999999307,184.69063548929614
2025-02-03 23:35:00+00:00,2025-02-03 23:40:00+00:00,buy,106.70700000000001,106.111,107.30300000000001,107.30300000000001,170.88407106525554,101.84690635489292,10286.537541844185,win,0.5960000000000036,286.53754184418904
2025-02-04 00:55:00+00:00,2025-02-04 01:10:00+00:00,buy,107.405,107.2,107.61,107.61,501.7823191143547,102.86537541844186,10389.402917262627,win,0.2049999999999983,389.4029172626309
2025-02-04 07:50:00+00:00,2025-02-04 09:05:00+00:00,buy,107.137,106.892,107.382,107.382,424.05726192907895,103.89402917262628,10493.296946435254,win,0.24500000000000455,493.2969464352572
2025-02-04 09:15:00+00:00,2025-02-04 12:15:00+00:00,buy,107.436,107.155,107.71700000000001,107.71700000000001,373.4269375955528,104.93296946435254,10598.229915899607,win,0.2810000000000059,598.2299158996098
2025-02-04 14:55:00+00:00,2025-02-04 15:25:00+00:00,buy,107.679,107.532,107.82600000000001,107.82600000000001,720.9680214897419,105.98229915899607,10704.212215058602,win,0.14700000000000557,704.2122150586058
2025-02-04 15:50:00+00:00,2025-02-04 17:10:00+00:00,buy,107.949,107.649,108.249,107.649,356.8070738352901,-107.04212215058602,10597.170092908016,loss,-0.29999999999999716,597.1700929080198
2025-02-04 18:05:00+00:00,2025-02-04 19:30:00+00:00,buy,107.967,107.596,108.338,107.596,285.63800789509855,-105.97170092908017,10491.198391978936,loss,-0.3709999999999951,491.19839197893964
2025-02-04 20:55:00+00:00,2025-02-05 02:40:00+00:00,buy,107.662,107.444,107.88000000000001,107.444,481.2476326595765,-104.91198391978936,10386.286408059146,loss,-0.21800000000000352,386.2864080591503
2025-02-05 08:45:00+00:00,2025-02-05 09:45:00+00:00,sell,106.903,107.089,106.71700000000001,107.089,558.4024950569649,-103.86286408059146,10282.423543978555,loss,0.18599999999999284,282.4235439785588
2025-02-05 11:15:00+00:00,2025-02-05 17:00:00+00:00,sell,107.018,107.373,106.663,106.663,289.6457336331955,102.82423543978555,10385.247779418341,win,-0.355000000000004,385.2477794183444
2025-02-05 17:15:00+00:00,2025-02-06 17:35:00+00:00,sell,106.57,107.2,105.93999999999998,105.93999999999998,164.84520284790764,103.85247779418341,10489.100257212525,win,-0.6300000000000097,489.1002572125278
2025-02-06 17:45:00+00:00,2025-02-06 18:35:00+00:00,sell,105.869,106.167,105.571,106.167,351.98323010780075,-104.89100257212526,10384.2092546404,loss,0.2980000000000018,384.20925464040255
2025-02-06 20:10:00+00:00,2025-02-06 20:30:00+00:00,sell,106.075,106.27,105.88000000000001,105.88000000000001,532.5235515200392,103.842092546404,10488.051347186803,win,-0.19499999999999318,488.05134718680654
2025-02-06 20:40:00+00:00,2025-02-07 02:25:00+00:00,sell,105.833,106.159,105.50699999999999,105.50699999999999,321.7193664781153,104.88051347186804,10592.931860658671,win,-0.3260000000000076,592.9318606586746
2025-02-07 04:55:00+00:00,2025-02-07 09:15:00+00:00,sell,105.923,106.124,105.72200000000001,106.124,527.0115353561702,-105.92931860658673,10487.002542052085,loss,0.2009999999999934,487.0025420520879
2025-02-07 15:20:00+00:00,2025-02-07 15:30:00+00:00,buy,106.156,105.939,106.37300000000002,105.939,483.2720065461502,-104.87002542052085,10382.132516631564,loss,-0.21700000000001296,382.13251663156706
2025-02-07 18:35:00+00:00,2025-02-10 10:20:00+00:00,sell,105.53399999999999,106.255,104.81299999999999,106.255,143.9962901058462,-103.82132516631565,10278.311191465247,loss,0.7210000000000036,278.3111914652514
2025-02-10 10:30:00+00:00,2025-02-10 14:00:00+00:00,buy,106.378,106.02,106.736,106.02,287.1036645660651,-102.78311191465248,10175.528079550595,loss,-0.3580000000000041,175.52807955059893
2025-02-10 16:15:00+00:00,2025-02-10 18:40:00+00:00,sell,105.823,105.987,105.65899999999999,105.987,620.4590292408843,-101.75528079550594,10073.77279875509,loss,0.16400000000000148,73.77279875509299
2025-02-10 20:25:00+00:00,2025-02-11 00:45:00+00:00,buy,106.125,105.967,106.283,105.967,637.5805568832285,-100.7377279875509,9973.035070767539,loss,-0.15800000000000125,-26.964929232457905
2025-02-11 02:05:00+00:00,2025-02-11 03:00:00+00:00,sell,105.803,105.983,105.62299999999999,105.983,554.0575039315089,-99.73035070767538,9873.304720059863,loss,0.18000000000000682,-126.69527994013329
2025-02-11 04:30:00+00:00,2025-02-11 09:50:00+00:00,sell,105.968,106.08500000000001,105.851,106.08500000000001,843.8721982956829,-98.73304720059863,9774.571672859265,loss,0.11700000000000443,-225.42832714073194
2025-02-11 10:25:00+00:00,2025-02-11 12:30:00+00:00,sell,105.937,106.132,105.74199999999999,106.132,501.26008578763566,-97.74571672859265,9676.825956130673,loss,0.1950000000000074,-323.1740438693246
2025-02-11 13:15:00+00:00,2025-02-11 13:50:00+00:00,buy,106.133,105.994,106.27199999999999,106.27199999999999,696.1745292180551,96.76825956130673,9773.59421569198,win,0.1389999999999958,-226.40578430801784
2025-02-11 14:25:00+00:00,2025-02-11 17:20:00+00:00,buy,106.339,106.128,106.55,106.55,463.20351733137664,97.73594215691979,9871.330157848899,win,0.21099999999999852,-128.66984215109807
2025-02-11 17:35:00+00:00,2025-02-12 01:40:00+00:00,buy,106.607,106.268,106.946,106.946,291.1896801725351,98.713301578489,9970.043459427388,win,0.33899999999999864,-29.95654057260907
2025-02-12 02:00:00+00:00,2025-02-12 02:50:00+00:00,buy,106.98,106.763,107.197,107.197,459.4490073468869,99.70043459427389,10069.743894021662,win,0.21699999999999875,69.74389402166481
2025-02-12 03:10:00+00:00,2025-02-12 05:10:00+00:00,buy,107.237,106.97,107.50399999999999,107.50399999999999,377.14396606823277,100.6974389402166,10170.441332961878,win,0.2669999999999959,170.44133296188141
2025-02-12 06:15:00+00:00,2025-02-12 08:05:00+00:00,buy,107.574,107.378,107.77,107.378,518.9000680082645,-101.70441332961877,10068.73691963226,loss,-0.19599999999999795,68.73691963226264
2025-02-12 08:40:00+00:00,2025-02-12 09:35:00+00:00,buy,107.495,107.337,107.653,107.337,637.2618303564672,-100.6873691963226,9968.049550435937,loss,-0.15800000000000125,-31.950449564059966
2025-02-12 10:00:00+00:00,2025-02-12 11:05:00+00:00,buy,107.54,107.278,107.802,107.278,380.4599065051878,-99.68049550435937,9868.369054931578,loss,-0.26200000000000045,-131.63094506841935
2025-02-12 12:25:00+00:00,2025-02-12 15:30:00+00:00,buy,107.373,107.21,107.53600000000002,107.21,605.4214144129397,-98.68369054931578,9769.685364382261,loss,-0.16300000000001091,-230.31463561773512
2025-02-12 15:40:00+00:00,2025-02-17 02:45:00+00:00,buy,107.751,107.129,108.373,107.129,157.0688965334769,-97.69685364382262,9671.988510738438,loss,-0.6219999999999999,-328.01148926155776
2025-02-17 02:55:00+00:00,2025-02-17 07:55:00+00:00,sell,107.098,107.295,106.901,106.901,490.96388379382256,96.71988510738439,9768.708395845822,win,-0.19700000000000273,-231.29160415417337
2025-02-17 09:25:00+00:00,2025-02-17 13:55:00+00:00,sell,106.947,107.113,106.781,106.781,588.4764093883139,97.68708395845823,9866.395479804281,win,-0.16599999999999682,-133.60452019571514
2025-02-17 14:25:00+00:00,2025-02-18 04:20:00+00:00,sell,106.732,106.926,106.538,106.926,508.57708658784276,-98.66395479804282,9767.731525006238,loss,0.19400000000000261,-232.26847499375796
2025-02-18 09:05:00+00:00,2025-02-18 12:15:00+00:00,buy,107.046,106.9,107.19200000000001,106.9,669.0227071922045,-97.67731525006239,9670.054209756176,loss,-0.1460000000000008,-329.94579024382034
2025-02-18 13:15:00+00:00,2025-02-18 14:45:00+00:00,buy,106.984,106.869,107.09899999999999,106.869,840.8742791092701,-96.70054209756177,9573.353667658614,loss,-0.11499999999999488,-426.6463323413821
2025-02-18 15:05:00+00:00,2025-02-18 16:55:00+00:00,sell,106.79299999999999,106.962,106.62399999999998,106.962,566.4706312223659,-95.73353667658616,9477.620130982028,loss,0.16900000000001114,-522.3798690179683
2025-02-18 19:25:00+00:00,2025-02-18 23:25:00+00:00,buy,107.046,106.873,107.21900000000001,107.21900000000001,547.8393139295912,94.77620130982027,9572.396332291848,win,0.17300000000000182,-427.603667708148
2025-02-19 00:45:00+00:00,2025-02-19 02:00:00+00:00,buy,107.099,107.004,107.194,107.004,1007.6206665570487,-95.72396332291848,9476.67236896893,loss,-0.09499999999999886,-523.3276310310665
2025-02-19 03:00:00+00:00,2025-02-19 03:30:00+00:00,buy,107.16,106.952,107.368,106.952,455.6092485081251,-94.7667236896893,9381.905645279241,loss,-0.2079999999999984,-618.0943547207559
2025-02-19 03:50:00+00:00,2025-02-19 11:30:00+00:00,buy,107.126,106.848,107.40400000000001,106.848,337.4786203337786,-93.81905645279241,9288.086588826449,loss,-0.2780000000000058,-711.9134111735483
2025-02-19 11:55:00+00:00,2025-02-19 13:40:00+00:00,sell,106.76,106.953,106.56700000000001,106.953,481.24800978375924,-92.8808658882645,9195.205722938184,loss,0.19299999999999784,-804.7942770618127
2025-02-19 14:10:00+00:00,2025-02-19 16:30:00+00:00,sell,106.836,106.985,106.687,106.687,617.1279008683308,91.95205722938185,9287.157780167567,win,-0.1490000000000009,-712.8422198324309
2025-02-19 16:40:00+00:00,2025-02-20 00:15:00+00:00,sell,106.612,106.882,106.34199999999998,106.34199999999998,343.96880667285984,92.87157780167567,9380.029357969242,win,-0.27000000000001023,-619.9706420307552
2025-02-20 00:55:00+00:00,2025-02-20 01:40:00+00:00,sell,106.30199999999999,106.458,106.14599999999999,106.14599999999999,601.2839332031338,93.80029357969242,9473.829651548935,win,-0.1560000000000059,-526.1703484510629
2025-02-20 02:35:00+00:00,2025-02-20 03:30:00+00:00,sell,106.113,106.366,105.86,105.86,374.45967002169687,94.73829651548935,9568.567948064425,win,-0.2530000000000001,-431.4320519355735
2025-02-20 03:40:00+00:00,2025-02-20 08:10:00+00:00,sell,105.804,106.04,105.568,105.568,405.4477944095023,95.68567948064425,9664.25362754507,win,-0.2360000000000042,-335.74637245492926
2025-02-20 08:40:00+00:00,2025-02-20 10:25:00+00:00,sell,105.538,105.767,105.309,105.767,422.01980906310496,-96.6425362754507,9567.611091269619,loss,0.2289999999999992,-432.38890873037997
2025-02-20 12:35:00+00:00,2025-02-20 14:40:00+00:00,sell,105.653,105.811,105.495,105.495,605.5450057765534,95.67611091269619,9663.287202182315,win,-0.15800000000000125,-336.7127978176838
2025-02-20 15:30:00+00:00,2025-02-20 15:35:00+00:00,sell,105.445,105.633,105.25699999999999,105.633,514.0046384139464,-96.63287202182315,9566.654330160492,loss,0.1880000000000024,-433.34566983950697
2025-02-20 16:50:00+00:00,2025-02-20 17:00:00+00:00,sell,105.577,105.755,105.399,105.399,537.4524904584629,95.66654330160493,9662.320873462097,win,-0.17799999999999727,-337.67912653790205
2025-02-20 18:35:00+00:00,2025-02-20 20:15:00+00:00,sell,105.315,105.494,105.136,105.494,539.7944622045803,-96.62320873462099,9565.697664727475,loss,0.17900000000000205,-434.302335272523
2025-02-20 22:35:00+00:00,2025-02-21 00:15:00+00:00,sell,105.594,105.725,105.463,105.463,730.2059286051494,95.65697664727475,9661.35464137475,win,-0.13100000000000023,-338.64535862524826
2025-02-21 00:55:00+00:00,2025-02-21 02:05:00+00:00,sell,105.43299999999999,105.598,105.26799999999999,105.598,585.5366449317809,-96.6135464137475,9564.741094961002,loss,0.16500000000000625,-435.25890503899575
2025-02-21 07:30:00+00:00,2025-02-21 11:10:00+00:00,buy,106.11,105.941,106.279,105.941,565.9610115361643,-95.64741094961002,9469.093684011392,loss,-0.16899999999999693,-530.9063159886058
2025-02-21 14:10:00+00:00,2025-02-21 15:30:00+00:00,buy,105.923,105.806,106.04,106.04,809.3242464966695,94.69093684011392,9563.784620851506,win,0.11700000000000443,-436.2153791484919
2025-02-21 15:40:00+00:00,2025-02-21 16:30:00+00:00,buy,106.08800000000001,105.877,106.29900000000002,105.877,453.2599346374848,-95.63784620851506,9468.14677464299,loss,-0.21100000000001273,-531.853225357007
2025-02-21 17:05:00+00:00,2025-02-21 18:25:00+00:00,sell,105.565,105.962,105.16799999999999,105.16799999999999,238.49236208168406,94.6814677464299,9562.82824238942,win,-0.39700000000000557,-437.17175761057706
2025-02-21 19:30:00+00:00,2025-02-21 20:00:00+00:00,sell,105.133,105.385,104.88099999999999,104.88099999999999,379.477311205915,95.6282824238942,9658.456524813313,win,-0.25200000000000955,-341.5434751866828
2025-02-21 20:10:00+00:00,2025-02-24 04:00:00+00:00,sell,104.804,105.167,104.441,105.167,266.0731825017445,-96.58456524813313,9561.87195956518,loss,0.36299999999999955,-438.12804043481594
2025-02-24 05:40:00+00:00,2025-02-24 07:45:00+00:00,sell,105.148,105.294,105.002,105.294,654.9227369565156,-95.6187195956518,9466.253239969528,loss,0.1460000000000008,-533.7467600304677
2025-02-24 10:15:00+00:00,2025-02-24 13:45:00+00:00,sell,105.14,105.397,104.883,105.397,368.33670194433245,-94.66253239969528,9371.590707569832,loss,0.257000000000005,-628.409292430163
2025-02-24 16:30:00+00:00,2025-02-24 16:45:00+00:00,sell,105.205,105.48,104.92999999999999,104.92999999999999,340.78511663889594,93.71590707569833,9465.306614645531,win,-0.2750000000000057,-534.6933853544647
2025-02-24 16:55:00+00:00,2025-02-25 17:00:00+00:00,sell,104.891,105.381,104.40100000000001,104.40100000000001,193.16952274787002,94.65306614645532,9559.959680791986,win,-0.4899999999999949,-440.04031920800935
2025-02-25 17:10:00+00:00,2025-02-27 02:25:00+00:00,sell,104.306,104.867,103.74499999999999,103.74499999999999,170.40926347222577,95.59959680791987,9655.559277599907,win,-0.561000000000007,-344.4407224000895
2025-02-27 06:00:00+00:00,2025-02-27 07:55:00+00:00,sell,103.914,104.056,103.772,104.056,679.9689632112807,-96.55559277599907,9559.003684823907,loss,0.1419999999999959,-440.99631517608856
2025-02-27 11:05:00+00:00,2025-02-27 14:10:00+00:00,buy,104.536,104.329,104.74300000000001,104.329,461.78761762432583,-95.59003684823907,9463.413647975667,loss,-0.20700000000000784,-536.5863520243277
2025-02-27 21:10:00+00:00,2025-02-27 21:30:00+00:00,sell,104.005,104.142,103.868,103.868,690.7601202901924,94.63413647975668,9558.047784455424,win,-0.13700000000000045,-441.952215544571
2025-02-27 21:40:00+00:00,2025-02-28 02:55:00+00:00,sell,103.788,104.11,103.466,103.466,296.8337821259424,95.58047784455425,9653.628262299979,win,-0.32200000000000273,-346.37173770001675
2025-02-28 03:30:00+00:00,2025-02-28 07:15:00+00:00,sell,103.401,103.691,103.11099999999999,103.691,332.88373318275075,-96.53628262299979,9557.09197967698,loss,0.29000000000000625,-442.90802032301656
2025-02-28 13:30:00+00:00,2025-02-28 14:55:00+00:00,buy,104.206,104.054,104.358,104.358,628.7560512945339,95.5709197967698,9652.66289947375,win,0.15200000000000102,-347.3371005262468
2025-02-28 15:05:00+00:00,2025-02-28 15:30:00+00:00,buy,104.414,104.131,104.697,104.697,341.08349468104973,96.5266289947375,9749.189528468487,win,0.28300000000000125,-250.81047153150928
2025-02-28 17:50:00+00:00,2025-02-28 18:05:00+00:00,buy,104.574,104.373,104.77499999999999,104.373,485.0343048989456,-97.49189528468487,9651.697633183801,loss,-0.2009999999999934,-348.30236681619414
2025-03-03 00:00:00+00:00,2025-03-03 01:00:00+00:00,buy,104.165,103.952,104.37800000000001,104.37800000000001,453.13134428091246,96.51697633183801,9748.214609515639,win,0.21300000000000807,-251.78539048435613
2025-03-03 01:10:00+00:00,2025-03-03 02:50:00+00:00,buy,104.45,104.222,104.67800000000001,104.222,427.55327234716094,-97.4821460951564,9650.732463420482,loss,-0.22800000000000864,-349.2675365795125
2025-03-03 10:05:00+00:00,2025-03-03 12:00:00+00:00,sell,103.949,104.237,103.661,104.237,335.09487720210393,-96.50732463420482,9554.225138786276,loss,0.2879999999999967,-445.7748612137174
2025-03-03 12:20:00+00:00,2025-03-03 13:10:00+00:00,buy,104.32000000000001,104.027,104.61300000000001,104.61300000000001,326.08276924184537,95.54225138786276,9649.767390174138,win,0.29300000000000637,-350.23260982585464
2025-03-03 13:50:00+00:00,2025-03-03 14:00:00+00:00,buy,104.653,104.48,104.82600000000001,104.82600000000001,557.7900225534125,96.49767390174138,9746.26506407588,win,0.17300000000000182,-253.73493592411324
2025-03-03 14:10:00+00:00,2025-03-03 16:50:00+00:00,buy,104.857,104.54599999999999,105.168,104.54599999999999,313.3847287484135,-97.46265064075881,9648.802413435122,loss,-0.31100000000000705,-351.19758656487204
2025-03-03 21:50:00+00:00,2025-03-03 22:00:00+00:00,sell,103.818,104.221,103.41499999999999,103.41499999999999,239.42437750459015,96.48802413435122,9745.290437569472,win,-0.4030000000000058,-254.7095624305208
2025-03-03 22:10:00+00:00,2025-03-04 17:00:00+00:00,sell,103.309,104.182,102.43599999999999,102.43599999999999,111.62990191946645,97.45290437569473,9842.743341945166,win,-0.8730000000000047,-157.25665805482606
2025-03-04 17:15:00+00:00,2025-03-04 21:00:00+00:00,sell,102.309,102.842,101.776,102.842,184.66685444549987,-98.42743341945166,9744.315908525714,loss,0.5330000000000013,-255.68409147427772
2025-03-05 01:00:00+00:00,2025-03-05 01:20:00+00:00,buy,104.142,103.896,104.38799999999999,103.896,396.11040278560597,-97.44315908525714,9646.872749440457,loss,-0.2459999999999951,-353.12725055953484
2025-03-05 03:00:00+00:00,2025-03-05 04:10:00+00:00,buy,104.032,103.774,104.28999999999999,103.774,373.90979648994664,-96.46872749440458,9550.404021946053,loss,-0.25799999999999557,-449.5959780539394
2025-03-05 05:30:00+00:00,2025-03-05 15:30:00+00:00,buy,103.983,103.587,104.379,103.587,241.17181873601098,-95.50404021946053,9454.899981726592,loss,-0.3960000000000008,-545.1000182733999
2025-03-05 21:05:00+00:00,2025-03-06 03:50:00+00:00,buy,103.83200000000001,103.56,104.10400000000001,104.10400000000001,347.6066169752352,94.54899981726592,9549.448981543857,win,0.27200000000000557,-450.551018456134
2025-03-06 04:55:00+00:00,2025-03-06 07:40:00+00:00,buy,104.17,103.957,104.38300000000001,103.957,448.33093810063355,-95.49448981543857,9453.954491728418,loss,-0.21300000000000807,-546.0455082715725
2025-03-06 11:05:00+00:00,2025-03-06 13:00:00+00:00,sell,103.156,103.395,102.91700000000002,102.91700000000002,395.5629494447201,94.53954491728419,9548.494036645703,win,-0.2389999999999901,-451.5059633542884
2025-03-06 14:05:00+00:00,2025-03-06 17:05:00+00:00,sell,102.865,103.209,102.52099999999999,103.209,277.5725010652754,-95.48494036645704,9453.009096279246,loss,0.3440000000000083,-546.9909037207455
2025-03-06 19:05:00+00:00,2025-03-07 07:50:00+00:00,sell,103.53999999999999,104.005,103.07499999999999,103.07499999999999,203.29051819955217,94.53009096279246,9547.539187242039,win,-0.4650000000000034,-452.460812757953
2025-03-07 08:00:00+00:00,2025-03-07 09:35:00+00:00,sell,103.019,103.289,102.74900000000001,103.289,353.61256249045107,-95.47539187242039,9452.063795369619,loss,0.269999999999996,-547.9362046303734
2025-03-07 10:50:00+00:00,2025-03-07 15:30:00+00:00,sell,103.066,103.405,102.727,102.727,278.82194086636156,94.5206379536962,9546.584433323314,win,-0.33899999999999864,-453.41556667667714
2025-03-07 15:40:00+00:00,2025-03-07 18:50:00+00:00,sell,102.663,103.177,102.14899999999999,102.14899999999999,185.73121465609202,95.46584433323315,9642.050277656548,win,-0.51400000000001,-357.949722343444
2025-03-07 19:05:00+00:00,2025-03-07 19:45:00+00:00,sell,102.079,102.503,101.65499999999999,102.503,227.40684617114147,-96.42050277656548,9545.629774879983,loss,0.4240000000000066,-454.37022512000954
2025-03-07 22:35:00+00:00,2025-03-09 23:25:00+00:00,sell,102.973,103.161,102.785,102.785,507.74626462126923,95.45629774879983,9641.086072628783,win,-0.1880000000000024,-358.9139273712097
2025-03-09 23:55:00+00:00,2025-03-10 03:20:00+00:00,sell,102.727,103.005,102.44900000000001,102.44900000000001,346.80165728881565,96.41086072628784,9737.49693335507,win,-0.2779999999999916,-262.5030666449219
2025-03-10 07:55:00+00:00,2025-03-10 10:05:00+00:00,sell,102.777,102.92,102.634,102.634,680.9438414933584,97.37496933355071,9834.871902688621,win,-0.14300000000000068,-165.12809731137116
2025-03-10 10:15:00+00:00,2025-03-10 10:55:00+00:00,sell,102.583,102.84100000000001,102.32499999999999,102.32499999999999,381.1965853755135,98.34871902688622,9933.220621715507,win,-0.2580000000000098,-66.77937828448495
2025-03-10 12:10:00+00:00,2025-03-10 12:20:00+00:00,sell,102.459,102.669,102.24900000000001,102.24900000000001,473.01050579599064,99.33220621715508,10032.552827932663,win,-0.20999999999999375,32.55282793267013
2025-03-10 12:30:00+00:00,2025-03-10 14:30:00+00:00,sell,102.217,102.631,101.803,101.803,242.3321939114161,100.32552827932663,10132.87835621199,win,-0.4140000000000015,132.87835621199676
2025-03-10 15:30:00+00:00,2025-03-10 17:30:00+00:00,sell,101.759,102.111,101.407,102.111,287.8658623923829,-101.3287835621199,10031.54957264987,loss,0.35200000000000387,31.549572649876865
2025-03-10 20:05:00+00:00,2025-03-10 21:30:00+00:00,sell,101.817,102.06700000000001,101.56699999999998,102.06700000000001,401.26198290597205,-100.31549572649871,9931.234076923372,loss,0.2500000000000142,-68.76592307662185
2025-03-10 23:20:00+00:00,2025-03-11 01:05:00+00:00,sell,101.913,102.075,101.75099999999999,101.75099999999999,613.0391405508022,99.31234076923373,10030.546417692605,win,-0.16200000000000614,30.546417692611882
2025-03-11 01:15:00+00:00,2025-03-11 01:55:00+00:00,sell,101.693,101.913,101.473,101.913,455.93392807693897,-100.30546417692605,9930.240953515678,loss,0.21999999999999886,-69.75904648431417
2025-03-11 02:35:00+00:00,2025-03-11 04:10:00+00:00,sell,101.669,101.975,101.363,101.975,324.51767821946936,-99.30240953515677,9830.938543980521,loss,0.3059999999999974,-169.06145601947094
2025-03-11 06:40:00+00:00,2025-03-11 08:20:00+00:00,sell,101.871,102.047,101.695,102.047,558.5760536352508,-98.30938543980521,9732.629158540716,loss,0.17600000000000193,-267.37084145927616
2025-03-11 09:35:00+00:00,2025-03-11 10:10:00+00:00,sell,101.908,102.053,101.763,102.053,671.2158040373092,-97.32629158540716,9635.30286695531,loss,0.14499999999999602,-364.6971330446833
2025-03-11 13:25:00+00:00,2025-03-11 14:30:00+00:00,buy,102.478,102.312,102.64399999999999,102.312,580.4399317443069,-96.3530286695531,9538.949838285756,loss,-0.16599999999999682,-461.0501617142364
2025-03-11 14:55:00+00:00,2025-03-11 15:05:00+00:00,buy,102.497,102.272,102.722,102.722,423.95332614604433,95.38949838285757,9634.339336668614,win,0.22499999999999432,-365.6606633313788
2025-03-11 16:00:00+00:00,2025-03-11 16:05:00+00:00,buy,102.763,102.231,103.29500000000002,102.231,181.09660407271468,-96.34339336668614,9537.995943301928,loss,-0.5320000000000107,-462.00405669806497
2025-03-11 18:05:00+00:00,2025-03-11 19:05:00+00:00,sell,101.847,102.136,101.55799999999999,101.55799999999999,330.03446170594736,95.37995943301928,9633.375902734948,win,-0.2890000000000015,-366.6240972650457
2025-03-11 19:20:00+00:00,2025-03-11 20:05:00+00:00,sell,101.466,101.786,101.14599999999999,101.786,301.0429969604602,-96.33375902734949,9537.042143707598,loss,0.3200000000000074,-462.95785629239515
2025-03-11 21:05:00+00:00,2025-03-12 14:50:00+00:00,buy,102.729,102.013,103.445,103.445,133.19891262161562,95.37042143707598,9632.412565144674,win,0.715999999999994,-367.5874348553192
2025-03-12 15:00:00+00:00,2025-03-12 16:30:00+00:00,buy,103.563,102.925,104.20100000000001,102.925,150.97825337217233,-96.32412565144674,9536.088439493227,loss,-0.6380000000000052,-463.9115605067659
2025-03-12 18:10:00+00:00,2025-03-13 06:15:00+00:00,buy,103.158,102.871,103.44500000000001,102.871,332.26788987780566,-95.36088439493227,9440.727555098296,loss,-0.28700000000000614,-559.2724449016982
2025-03-13 16:45:00+00:00,2025-03-13 18:20:00+00:00,sell,102.79299999999999,103.112,102.47399999999999,102.47399999999999,295.94757226013223,94.40727555098296,9535.134830649278,win,-0.3190000000000026,-464.8651693507153
2025-03-13 18:45:00+00:00,2025-03-13 19:15:00+00:00,sell,102.378,102.696,102.06,102.06,299.847007253124,95.35134830649278,9630.48617895577,win,-0.31799999999999784,-369.5138210442225
2025-03-13 21:55:00+00:00,2025-03-14 00:10:00+00:00,sell,102.312,102.443,102.181,102.443,735.1516167141797,-96.3048617895577,9534.181317166212,loss,0.13100000000000023,-465.8186828337802
2025-03-14 07:05:00+00:00,2025-03-14 09:00:00+00:00,buy,102.96000000000001,102.803,103.11700000000002,103.11700000000002,607.272695360864,95.34181317166214,9629.523130337875,win,0.1570000000000107,-370.4768696621181
2025-03-14 09:15:00+00:00,2025-03-14 11:00:00+00:00,buy,103.168,103.002,103.33400000000002,103.33400000000002,580.0917548395926,96.29523130337877,9725.818361641253,win,0.16600000000001103,-274.1816383587393
2025-03-14 14:25:00+00:00,2025-03-14 15:50:00+00:00,buy,103.181,102.99,103.372,103.372,509.2051498241427,97.25818361641254,9823.076545257665,win,0.1910000000000025,-176.92345474232675
2025-03-14 16:00:00+00:00,2025-03-14 18:25:00+00:00,buy,103.456,103.027,103.885,103.027,228.97614324609833,-98.23076545257665,9724.845779805088,loss,-0.42900000000000205,-275.1542201949034
2025-03-14 20:25:00+00:00,2025-03-14 21:50:00+00:00,buy,103.3,103.145,103.455,103.455,627.4094051487108,97.24845779805088,9822.094237603138,win,0.15500000000000114,-177.90576239685254
2025-03-14 22:30:00+00:00,2025-03-17 02:00:00+00:00,buy,103.509,103.297,103.721,103.297,463.306331962405,-98.22094237603139,9723.873295227108,loss,-0.2120000000000033,-276.12670477288395
2025-03-17 02:25:00+00:00,2025-03-17 14:40:00+00:00,buy,103.533,103.257,103.809,103.809,352.3142498270739,97.23873295227108,9821.11202817938,win,0.27599999999999625,-178.88797182061288
2025-03-17 14:50:00+00:00,2025-03-17 20:10:00+00:00,buy,103.847,103.29899999999999,104.395,104.395,179.21737277699538,98.2111202817938,9919.323148461173,win,0.5480000000000018,-80.67685153881908
2025-03-17 20:45:00+00:00,2025-03-18 03:35:00+00:00,buy,104.426,104.233,104.619,104.619,513.9545672777867,99.19323148461173,10018.516379945786,win,0.19299999999999784,18.51637994579265
2025-03-18 04:50:00+00:00,2025-03-18 08:25:00+00:00,buy,104.615,104.483,104.74699999999999,104.74699999999999,758.9785136323095,100.18516379945787,10118.701543745245,win,0.1319999999999908,118.70154374525052
2025-03-18 08:40:00+00:00,2025-03-18 10:15:00+00:00,buy,104.791,104.637,104.945,104.945,657.0585418016548,101.18701543745244,10219.888559182697,win,0.15399999999999636,219.88855918270298
2025-03-18 13:55:00+00:00,2025-03-18 15:30:00+00:00,buy,104.821,104.63,105.012,105.012,535.072699433642,102.19888559182696,10322.087444774523,win,0.1910000000000025,322.08744477452996
2025-03-19 07:10:00+00:00,2025-03-19 07:30:00+00:00,buy,104.552,104.447,104.65700000000001,104.65700000000001,983.0559471213459,103.22087444774523,10425.308319222268,win,0.10500000000000398,425.3083192222752
2025-03-19 08:00:00+00:00,2025-03-19 09:00:00+00:00,buy,104.68900000000001,104.503,104.87500000000001,104.503,560.5004472699932,-104.25308319222268,10321.055236030044,loss,-0.18600000000000705,321.0552360300525
2025-03-19 09:30:00+00:00,2025-03-19 15:40:00+00:00,sell,104.322,104.839,103.805,104.839,199.6335635595769,-103.21055236030045,10217.844683669744,loss,0.5169999999999959,217.84468366975207
2025-03-19 16:00:00+00:00,2025-03-19 17:15:00+00:00,buy,104.898,104.58,105.216,104.58,321.31587055565456,-102.17844683669746,10115.666236833047,loss,-0.31799999999999784,115.66623683305461
2025-03-19 17:50:00+00:00,2025-03-19 19:30:00+00:00,buy,104.702,104.525,104.87899999999999,104.525,571.5065670527388,-101.15666236833047,10014.509574464717,loss,-0.1769999999999925,14.509574464724139
2025-03-19 20:05:00+00:00,2025-03-19 20:10:00+00:00,sell,104.456,104.634,104.278,104.278,562.6128974418466,100.14509574464716,10114.654670209364,win,-0.17799999999999727,114.6546702093713
2025-03-19 20:20:00+00:00,2025-03-19 22:45:00+00:00,sell,104.192,104.612,103.77199999999999,103.77199999999999,240.82511119546007,101.14654670209364,10215.801216911457,win,-0.4200000000000017,215.80121691146496
2025-03-19 22:55:00+00:00,2025-03-19 23:50:00+00:00,sell,103.731,103.89,103.57199999999999,103.89,642.5032211893755,-102.15801216911457,10113.643204742342,loss,0.15900000000000603,113.64320474235039
2025-03-20 00:40:00+00:00,2025-03-20 02:45:00+00:00,sell,103.761,103.933,103.58899999999998,103.58899999999998,588.0025119035861,101.13643204742343,10214.779636789766,win,-0.17200000000001125,214.7796367897738
2025-03-20 02:55:00+00:00,2025-03-20 12:10:00+00:00,sell,103.55,103.736,103.36399999999999,103.36399999999999,549.1817009026548,102.14779636789767,10316.927433157663,win,-0.18600000000000705,316.9274331576715
2025-03-20 12:20:00+00:00,2025-03-20 16:00:00+00:00,sell,103.291,103.571,103.011,103.571,368.4616940413436,-103.16927433157663,10213.758158826087,loss,0.28000000000000114,213.75815882609487
2025-03-21 02:05:00+00:00,2025-03-21 02:20:00+00:00,buy,103.831,103.702,103.96000000000001,103.96000000000001,791.7641983585814,102.13758158826087,10315.895740414348,win,0.1290000000000049,315.8957404143557
2025-03-21 02:55:00+00:00,2025-03-21 08:55:00+00:00,buy,104.053,103.698,104.408,104.408,290.5886124060347,103.15895740414348,10419.05469781849,win,0.355000000000004,419.0546978184992
2025-03-21 17:30:00+00:00,2025-03-21 18:15:00+00:00,sell,103.658,103.874,103.44200000000001,103.874,482.36364341753614,-104.1905469781849,10314.864150840305,loss,0.21599999999999397,314.8641508403143
2025-03-21 21:55:00+00:00,2025-03-24 00:00:00+00:00,buy,104.101,103.946,104.256,104.256,665.4751065058213,103.14864150840305,10418.012792348709,win,0.15500000000000114,418.01279234871737
2025-03-24 00:10:00+00:00,2025-03-24 15:40:00+00:00,buy,104.349,104.044,104.65400000000001,104.65400000000001,341.5741899130648,104.18012792348709,10522.192920272197,win,0.3050000000000068,522.1929202722044
2025-03-24 15:50:00+00:00,2025-03-24 16:20:00+00:00,buy,104.68900000000001,104.40899999999999,104.96900000000002,104.96900000000002,375.792604295415,105.22192920272197,10627.414849474919,win,0.28000000000001535,627.4148494749264
2025-03-24 16:30:00+00:00,2025-03-24 17:30:00+00:00,buy,105.057,104.78999999999999,105.32400000000001,105.32400000000001,398.0305187069107,106.27414849474918,10733.688997969668,win,0.2670000000000101,733.6889979696756
2025-03-24 17:40:00+00:00,2025-03-24 19:00:00+00:00,buy,105.4,105.083,105.71700000000001,105.083,338.6021765920953,-107.33688997969668,10626.352107989971,loss,-0.3170000000000073,626.3521079899789
2025-03-24 22:00:00+00:00,2025-03-25 02:55:00+00:00,buy,105.245,105.104,105.38600000000001,105.38600000000001,753.6419934744375,106.26352107989972,10732.615629069871,win,0.14100000000000534,732.6156290698787
2025-03-25 09:05:00+00:00,2025-03-25 14:40:00+00:00,buy,105.131,104.988,105.274,104.988,750.5325614734139,-107.3261562906987,10625.289472779172,loss,-0.14300000000000068,625.28947277918
2025-03-25 17:15:00+00:00,2025-03-25 21:00:00+00:00,sell,104.639,104.84,104.43799999999999,104.84,528.6213668049139,-106.25289472779173,10519.03657805138,loss,0.20100000000000762,519.0365780513882
2025-03-26 02:35:00+00:00,2025-03-26 03:05:00+00:00,buy,105.114,105.003,105.22500000000001,105.003,947.6609529775659,-105.1903657805138,10413.846212270866,loss,-0.1110000000000042,413.84621227087445
2025-03-26 03:20:00+00:00,2025-03-26 05:25:00+00:00,buy,105.172,104.965,105.37899999999999,105.37899999999999,503.08435808073364,104.13846212270866,10517.984674393574,win,0.20699999999999363,517.9846743935831
2025-03-26 05:50:00+00:00,2025-03-26 09:15:00+00:00,buy,105.414,105.263,105.565,105.565,696.5552764499229,105.17984674393574,10623.16452113751,win,0.15099999999999625,623.1645211375188
2025-03-26 11:35:00+00:00,2025-03-26 14:25:00+00:00,buy,105.381,105.237,105.525,105.237,737.7197584122991,-106.2316452113751,10516.932875926135,loss,-0.14400000000000546,516.9328759261438
2025-03-26 14:55:00+00:00,2025-03-26 17:00:00+00:00,buy,105.46300000000001,105.201,105.72500000000002,105.72500000000002,401.40965175288346,105.16932875926135,10622.102204685396,win,0.26200000000001467,622.1022046854051
2025-03-26 17:10:00+00:00,2025-03-26 18:00:00+00:00,buy,105.776,105.519,106.03299999999999,105.519,413.3113698321314,-106.22102204685396,10515.881182638543,loss,-0.2569999999999908,515.8811826385512
2025-03-26 22:40:00+00:00,2025-03-26 23:30:00+00:00,buy,105.46000000000001,105.327,105.59300000000002,105.327,790.6677580930655,-105.15881182638543,10410.722370812156,loss,-0.13300000000000978,410.72237081216576
2025-03-27 03:20:00+00:00,2025-03-27 08:30:00+00:00,sell,105.247,105.407,105.087,105.407,650.6701481757736,-104.10722370812157,10306.615147104036,loss,0.1599999999999966,306.6151471040442
2025-03-27 09:05:00+00:00,2025-03-27 09:35:00+00:00,sell,105.332,105.48,105.18399999999998,105.18399999999998,696.3929153448186,103.06615147104036,10409.681298575077,win,-0.14800000000001035,409.68129857508455
2025-03-27 10:55:00+00:00,2025-03-27 11:30:00+00:00,buy,105.435,105.265,105.605,105.605,612.334194033822,104.09681298575077,10513.778111560827,win,0.1700000000000017,513.7781115608353
2025-03-27 11:55:00+00:00,2025-03-27 14:45:00+00:00,buy,105.643,105.432,105.854,105.432,498.28332282279155,-105.13778111560828,10408.640330445218,loss,-0.21099999999999852,408.64033044522705
2025-03-27 16:35:00+00:00,2025-03-28 09:10:00+00:00,buy,105.495,105.08,105.91000000000001,105.08,250.81061037217015,-104.08640330445218,10304.553927140765,loss,-0.41500000000000625,304.5539271407749
2025-03-28 09:30:00+00:00,2025-03-28 13:20:00+00:00,sell,105.03699999999999,105.266,104.80799999999998,105.266,449.9805208358149,-103.04553927140765,10201.508387869357,loss,0.22900000000001342,201.50838786936723
2025-03-28 14:35:00+00:00,2025-03-28 15:05:00+00:00,sell,105.212,105.388,105.036,105.388,579.6311584016617,-102.01508387869357,10099.493303990663,loss,0.17600000000000193,99.49330399067365
2025-03-28 15:55:00+00:00,2025-03-28 16:30:00+00:00,sell,105.096,105.462,104.73,104.73,275.94243999974515,100.99493303990663,10200.48823703057,win,-0.36599999999999966,200.48823703058028
2025-03-28 18:15:00+00:00,2025-03-28 19:30:00+00:00,sell,104.994,105.283,104.705,104.705,352.95807048548505,102.00488237030571,10302.493119400875,win,-0.2890000000000015,302.493119400886
2025-03-28 20:45:00+00:00,2025-03-31 01:00:00+00:00,sell,104.712,104.923,104.501,104.501,488.269816085353,103.02493119400876,10405.518050594883,win,-0.21099999999999852,405.5180505948947
2025-03-31 02:05:00+00:00,2025-03-31 05:25:00+00:00,sell,104.323,104.635,104.01099999999998,104.01099999999998,333.5101939293105,104.05518050594883,10509.573231100832,win,-0.3120000000000118,509.57323110084354
2025-03-31 06:10:00+00:00,2025-03-31 08:10:00+00:00,sell,103.955,104.22,103.69,104.22,396.58766909814375,-105.09573231100832,10404.477498789824,loss,0.26500000000000057,404.47749878983524
2025-03-31 08:35:00+00:00,2025-03-31 10:05:00+00:00,sell,104.064,104.295,103.83299999999998,103.83299999999998,450.41028133287574,104.04477498789824,10508.522273777722,win,-0.23100000000000875,508.52227377773346
2025-03-31 10:15:00+00:00,2025-03-31 11:15:00+00:00,sell,103.775,104.1,103.45000000000002,104.1,323.3391468854797,-105.08522273777723,10403.437051039946,loss,0.32499999999998863,403.43705103995626
2025-03-31 11:35:00+00:00,2025-03-31 16:05:00+00:00,sell,103.906,104.151,103.66100000000002,104.151,424.63008371593287,-104.03437051039946,10299.402680529547,loss,0.24499999999999034,299.4026805295568
2025-03-31 16:30:00+00:00,2025-03-31 17:05:00+00:00,sell,103.956,104.21000000000001,103.702,104.21000000000001,405.4882945090295,-102.99402680529548,10196.408653724251,loss,0.2540000000000049,196.4086537242613
2025-04-01 03:05:00+00:00,2025-04-01 04:00:00+00:00,sell,104.113,104.295,103.931,103.931,560.242233721106,101.96408653724251,10298.372740261493,win,-0.18200000000000216,298.37274026150385
2025-04-01 06:25:00+00:00,2025-04-01 07:05:00+00:00,sell,104.124,104.258,103.99,103.99,768.5352791239901,102.98372740261493,10401.356467664107,win,-0.13400000000000034,401.3564676641188
2025-04-01 10:10:00+00:00,2025-04-01 14:10:00+00:00,sell,104.047,104.297,103.797,103.797,416.05425870656427,104.01356467664107,10505.370032340748,win,-0.25,505.37003234075985
2025-04-01 14:20:00+00:00,2025-04-01 17:40:00+00:00,sell,103.691,103.969,103.41300000000001,103.969,377.8910083575923,-105.05370032340747,10400.31633201734,loss,0.2779999999999916,400.31633201735235
2025-04-01 22:20:00+00:00,2025-04-02 01:00:00+00:00,buy,104.375,104.096,104.654,104.654,372.7711946959669,104.00316332017341,10504.319495337515,win,0.27899999999999636,504.3194953375258
2025-04-02 01:10:00+00:00,2025-04-02 01:15:00+00:00,buy,104.703,104.547,104.85900000000001,104.85900000000001,673.3538138036613,105.04319495337515,10609.36269029089,win,0.1560000000000059,609.3626902909009
2025-04-02 07:40:00+00:00,2025-04-02 09:25:00+00:00,buy,104.773,104.65899999999999,104.887,104.887,930.6458500254814,106.09362690290891,10715.456317193799,win,0.11400000000000432,715.4563171938098
2025-04-02 11:45:00+00:00,2025-04-02 12:50:00+00:00,buy,104.601,104.478,104.724,104.478,871.1753103409263,-107.154563171938,10608.30175402186,loss,-0.12300000000000466,608.3017540218718
2025-04-02 18:20:00+00:00,2025-04-02 23:10:00+00:00,buy,104.784,104.405,105.16300000000001,105.16300000000001,279.90242095044124,106.08301754021859,10714.38477156208,win,0.3790000000000049,714.3847715620905
2025-04-03 01:05:00+00:00,2025-04-03 01:15:00+00:00,sell,104.208,104.732,103.684,103.684,204.47299182370344,107.1438477156208,10821.5286192777,win,-0.5240000000000009,821.5286192777113
2025-04-03 01:30:00+00:00,2025-04-04 13:15:00+00:00,sell,103.636,104.414,102.85799999999999,102.85799999999999,139.09419819122905,108.21528619277701,10929.743905470477,win,-0.7780000000000058,929.7439054704884
2025-04-04 13:25:00+00:00,2025-04-04 14:10:00+00:00,sell,102.81099999999999,103.474,102.14799999999998,102.14799999999998,164.85284925294567,109.29743905470478,11039.041344525182,win,-0.6630000000000109,1039.0413445251932
2025-04-04 14:25:00+00:00,2025-04-04 18:00:00+00:00,sell,101.944,102.69,101.19800000000001,102.69,147.97642552982916,-110.39041344525182,10928.65093107993,loss,0.7459999999999951,928.6509310799413
2025-04-04 21:35:00+00:00,2025-04-07 00:00:00+00:00,sell,103.132,103.71600000000001,102.548,102.548,187.13443375136765,109.2865093107993,11037.93744039073,win,-0.5840000000000032,1037.9374403907407
2025-04-07 01:00:00+00:00,2025-04-07 16:55:00+00:00,sell,101.902,103.325,100.479,103.325,77.56807758531774,-110.37937440390728,10927.558065986823,loss,1.4230000000000018,927.5580659868334
2025-04-07 17:10:00+00:00,2025-04-07 17:15:00+00:00,buy,103.404,102.781,104.02699999999999,104.02699999999999,175.40221614746372,109.27558065986823,11036.833646646692,win,0.6229999999999905,1036.8336466467017
2025-04-07 18:40:00+00:00,2025-04-08 18:50:00+00:00,buy,104.05,103.323,104.777,103.323,151.81339266364006,-110.36833646646691,10926.465310180225,loss,-0.7270000000000039,926.4653101802348
2025-04-08 19:40:00+00:00,2025-04-08 20:10:00+00:00,sell,103.268,103.58800000000001,102.948,102.948,341.45204094312413,109.26465310180224,11035.729963282027,win,-0.3200000000000074,1035.729963282037
2025-04-08 21:25:00+00:00,2025-04-08 22:15:00+00:00,sell,102.903,103.25,102.55600000000001,102.55600000000001,318.032563783349,110.35729963282027,11146.087262914847,win,-0.3469999999999942,1146.0872629148573
2025-04-08 22:35:00+00:00,2025-04-09 03:05:00+00:00,sell,102.507,102.946,102.06800000000001,102.06800000000001,253.89720416662928,111.46087262914847,11257.548135543995,win,-0.43899999999999295,1257.5481355440058
2025-04-09 03:15:00+00:00,2025-04-09 04:15:00+00:00,sell,102.017,102.388,101.64599999999999,102.388,303.4379551359491,-112.57548135543995,11144.972654188556,loss,0.3710000000000093,1144.972654188566
2025-04-09 06:15:00+00:00,2025-04-09 07:00:00+00:00,sell,102.278,102.63,101.92600000000002,101.92600000000002,316.61854131218416,111.44972654188555,11256.42238073044,win,-0.35199999999998965,1256.4223807304516
2025-04-09 07:10:00+00:00,2025-04-09 09:00:00+00:00,sell,101.833,102.168,101.49799999999999,102.168,336.0126083800052,-112.56422380730442,11143.858156923136,loss,0.33500000000000796,1143.8581569231471
2025-04-09 09:50:00+00:00,2025-04-09 10:00:00+00:00,sell,101.894,102.20700000000001,101.581,102.20700000000001,356.0338069304489,-111.43858156923136,11032.419575353904,loss,0.3130000000000024,1032.4195753539157
2025-04-09 11:30:00+00:00,2025-04-09 15:15:00+00:00,sell,102.206,102.673,101.739,101.739,236.24024786625125,110.32419575353904,11142.743771107444,win,-0.46699999999999875,1142.7437711074547
2025-04-09 15:35:00+00:00,2025-04-09 16:10:00+00:00,sell,101.706,102.09100000000001,101.321,102.09100000000001,289.42191613265703,-111.42743771107443,11031.31633339637,loss,0.3850000000000051,1031.3163333963803
2025-04-09 17:50:00+00:00,2025-04-09 20:15:00+00:00,sell,101.908,102.581,101.235,102.581,163.912575533378,-110.3131633339637,10921.003170062406,loss,0.6730000000000018,921.0031700624165
2025-04-09 21:05:00+00:00,2025-04-10 11:35:00+00:00,buy,104.547,103.762,105.332,103.762,139.12105949124145,-109.21003170062407,10811.793138361782,loss,-0.7849999999999966,811.7931383617924
2025-04-10 11:50:00+00:00,2025-04-10 13:00:00+00:00,buy,103.982,103.699,104.265,103.699,382.042160366139,-108.11793138361782,10703.675206978163,loss,-0.28300000000000125,703.6752069781746
2025-04-10 18:15:00+00:00,2025-04-10 18:25:00+00:00,sell,103.201,103.423,102.97899999999998,102.97899999999998,482.147531845845,107.03675206978164,10810.711959047945,win,-0.2220000000000084,810.7119590479563
2025-04-10 18:50:00+00:00,2025-04-10 20:00:00+00:00,sell,102.907,103.388,102.42599999999999,103.388,224.7549263835291,-108.10711959047946,10702.604839457466,loss,0.48100000000000875,702.6048394574768
2025-04-10 22:40:00+00:00,2025-04-10 23:00:00+00:00,sell,103.29599999999999,103.553,103.03899999999999,103.553,416.4437680722669,-107.02604839457467,10595.578791062891,loss,0.257000000000005,595.5787910629022
2025-04-10 23:55:00+00:00,2025-04-11 03:10:00+00:00,sell,103.263,103.731,102.79500000000002,102.79500000000002,226.40125621929772,105.95578791062891,10701.53457897352,win,-0.4679999999999893,701.5345789735311
2025-04-11 03:25:00+00:00,2025-04-11 05:35:00+00:00,sell,102.732,103.131,102.333,103.131,268.20888669106506,-107.0153457897352,10594.519233183784,loss,0.3990000000000009,594.5192331837959
2025-04-11 06:30:00+00:00,2025-04-11 07:35:00+00:00,sell,102.819,103.18,102.458,102.458,293.4769870687995,105.94519233183784,10700.464425515622,win,-0.3610000000000042,700.4644255156337
2025-04-11 07:50:00+00:00,2025-04-11 08:30:00+00:00,sell,102.345,102.655,102.035,102.655,345.176271790824,-107.00464425515622,10593.459781260466,loss,0.3100000000000023,593.4597812604775
2025-04-11 10:05:00+00:00,2025-04-11 10:25:00+00:00,sell,102.902,103.171,102.633,102.633,393.8089138014963,105.93459781260466,10699.39437907307,win,-0.26900000000000546,699.3943790730822
2025-04-11 11:00:00+00:00,2025-04-11 15:05:00+00:00,sell,102.603,103.001,102.20499999999998,103.001,268.8290044993164,-106.99394379073071,10592.40043528234,loss,0.39800000000001035,592.4004352823515
2025-04-11 20:40:00+00:00,2025-04-11 22:55:00+00:00,buy,103.554,103.335,103.77300000000001,103.335,483.67125275259997,-105.9240043528234,10486.476430929517,loss,-0.2190000000000083,486.4764309295281
2025-04-14 00:00:00+00:00,2025-04-14 00:05:00+00:00,buy,103.521,103.292,103.75,103.75,457.9247349750897,104.86476430929517,10591.341195238812,win,0.2289999999999992,591.3411952388233
2025-04-14 02:25:00+00:00,2025-04-14 03:00:00+00:00,buy,103.609,103.425,103.79299999999999,103.425,575.616369306465,-105.91341195238812,10485.427783286425,loss,-0.1839999999999975,485.42778328643516
2025-04-14 08:40:00+00:00,2025-04-14 09:15:00+00:00,sell,103.066,103.268,102.864,102.864,519.0805833310158,104.85427783286424,10590.28206111929,win,-0.20199999999999818,590.2820611192994
2025-04-14 09:25:00+00:00,2025-04-14 10:35:00+00:00,sell,102.782,103.129,102.43499999999999,103.129,305.19544844723436,-105.9028206111929,10484.379240508097,loss,0.3470000000000084,484.37924050810653
2025-04-14 14:15:00+00:00,2025-04-14 15:55:00+00:00,buy,103.319,103.15899999999999,103.47900000000001,103.47900000000001,655.2737025317118,104.84379240508096,10589.223032913178,win,0.1600000000000108,589.2230329131875
2025-04-14 16:05:00+00:00,2025-04-14 17:20:00+00:00,buy,103.551,103.278,103.824,103.278,387.8836275792428,-105.89223032913178,10483.330802584047,loss,-0.27299999999999613,483.3308025840557
2025-04-14 19:05:00+00:00,2025-04-15 03:20:00+00:00,sell,102.851,103.2,102.502,103.2,300.38197142074307,-104.83330802584045,10378.497494558207,loss,0.34900000000000375,378.49749455821524
2025-04-15 05:05:00+00:00,2025-04-15 09:00:00+00:00,sell,103.187,103.405,102.969,102.969,476.0778667228459,103.78497494558208,10482.282469503789,win,-0.21800000000000352,482.2824695037973
2025-04-15 09:40:00+00:00,2025-04-15 15:15:00+00:00,buy,103.321,102.91199999999999,103.73,102.91199999999999,256.29052492673924,-104.8228246950379,10377.45964480875,loss,-0.409000000000006,377.45964480875944
2025-04-15 15:25:00+00:00,2025-04-15 15:30:00+00:00,sell,102.827,103.08800000000001,102.56599999999999,102.56599999999999,397.60381780874934,103.77459644808751,10481.234241256838,win,-0.2610000000000099,481.23424125684693
2025-04-15 17:20:00+00:00,2025-04-15 18:20:00+00:00,sell,102.80199999999999,103.086,102.51799999999999,102.51799999999999,369.0575437062189,104.81234241256838,10586.046583669406,win,-0.284000000000006,586.0465836694153
2025-04-15 18:45:00+00:00,2025-04-16 05:20:00+00:00,sell,102.487,102.69800000000001,102.27599999999998,102.27599999999998,501.70836889425436,105.86046583669406,10691.9070495061,win,-0.21100000000001273,691.9070495061094
2025-04-16 06:40:00+00:00,2025-04-16 08:25:00+00:00,sell,102.232,102.357,102.107,102.107,855.352563960488,106.919070495061,10798.826120001162,win,-0.125,798.8261200011704
2025-04-16 08:35:00+00:00,2025-04-16 11:25:00+00:00,sell,102.074,102.374,101.774,102.374,359.9608706667088,-107.9882612000116,10690.837858801151,loss,0.29999999999999716,690.8378588011587
2025-04-16 14:20:00+00:00,2025-04-16 15:30:00+00:00,sell,102.489,102.646,102.33200000000001,102.33200000000001,680.9450865478593,106.90837858801152,10797.746237389163,win,-0.15699999999999648,797.7462373891702
2025-04-17 00:10:00+00:00,2025-04-17 03:00:00+00:00,sell,102.25,102.471,102.029,102.471,488.58580259678666,-107.97746237389163,10689.76877501527,loss,0.22100000000000364,689.7687750152786
2025-04-17 04:25:00+00:00,2025-04-17 13:15:00+00:00,buy,102.856,102.59,103.12199999999999,102.59,401.8710065795349,-106.89768775015271,10582.871087265119,loss,-0.26599999999999113,582.8710872651259
2025-04-17 19:05:00+00:00,2025-04-17 20:50:00+00:00,buy,102.745,102.512,102.97800000000001,102.97800000000001,454.20047584828035,105.82871087265119,10688.69979813777,win,0.2330000000000041,688.6997981377771
2025-04-17 21:00:00+00:00,2025-04-17 22:50:00+00:00,buy,103.038,102.81,103.26599999999999,102.81,468.80262272535225,-106.8869979813777,10581.812800156393,loss,-0.22799999999999443,581.8128001563994
2025-04-17 23:00:00+00:00,2025-04-18 03:00:00+00:00,buy,102.902,102.777,103.027,102.777,846.5450240125115,-105.81812800156393,10475.99467215483,loss,-0.125,475.9946721548354
2025-04-18 14:05:00+00:00,2025-04-21 00:05:00+00:00,sell,102.658,102.801,102.515,102.515,732.5870400108238,104.7599467215483,10580.754618876377,win,-0.14300000000000068,580.7546188763837
2025-04-21 00:15:00+00:00,2025-04-21 04:10:00+00:00,sell,102.42699999999999,102.769,102.08499999999998,102.08499999999998,309.37879002561334,105.80754618876377,10686.562165065141,win,-0.34200000000001296,686.5621650651475
2025-04-21 04:20:00+00:00,2025-04-21 19:55:00+00:00,sell,102.041,102.34100000000001,101.74099999999999,101.74099999999999,356.2187388354912,106.8656216506514,10793.427786715793,win,-0.30000000000001137,793.4277867157989
2025-04-21 20:40:00+00:00,2025-04-22 03:10:00+00:00,sell,101.71,102.006,101.41399999999999,102.006,364.6428306322823,-107.93427786715793,10685.493508848635,loss,0.2960000000000065,685.493508848641
2025-04-22 05:30:00+00:00,2025-04-22 06:00:00+00:00,sell,101.707,101.851,101.56299999999999,101.56299999999999,742.0481603366826,106.85493508848634,10792.34844393712,win,-0.14400000000000546,792.3484439371273
2025-04-22 06:10:00+00:00,2025-04-22 11:35:00+00:00,sell,101.432,101.741,101.123,101.741,349.266939933243,-107.92348443937122,10684.42495949775,loss,0.3089999999999975,684.424959497756
2025-04-22 12:25:00+00:00,2025-04-22 14:15:00+00:00,sell,101.527,101.799,101.255,101.255,392.80974115799745,106.8442495949775,10791.269209092727,win,-0.27200000000000557,791.2692090927335
2025-04-22 19:20:00+00:00,2025-04-22 22:00:00+00:00,buy,102.126,101.792,102.46000000000001,102.46000000000001,323.0918924878031,107.91269209092725,10899.181901183654,win,0.3340000000000032,899.1819011836608
2025-04-22 22:10:00+00:00,2025-04-23 00:30:00+00:00,buy,102.491,102.26,102.722,102.722,471.82605632830786,108.99181901183654,11008.173720195491,win,0.23099999999999454,1008.1737201954974
2025-04-23 00:40:00+00:00,2025-04-23 23:30:00+00:00,buy,102.875,102.361,103.389,103.389,214.16680389485566,110.08173720195491,11118.255457397447,win,0.5139999999999958,1118.2554573974523
2025-04-24 02:00:00+00:00,2025-04-24 03:05:00+00:00,buy,103.142,103.0,103.28399999999999,103.28399999999999,782.9757364364625,111.18255457397447,11229.43801197142,win,0.1419999999999959,1229.438011971427
2025-04-24 05:55:00+00:00,2025-04-24 13:05:00+00:00,buy,102.989,102.83,103.14800000000001,102.83,706.2539630170437,-112.2943801197142,11117.143631851706,loss,-0.15900000000000603,1117.1436318517128
2025-04-24 17:45:00+00:00,2025-04-24 20:25:00+00:00,sell,102.613,102.864,102.362,102.864,442.91408891838626,-111.17143631851707,11005.97219553319,loss,0.2510000000000048,1005.9721955331958
2025-04-25 00:30:00+00:00,2025-04-25 03:20:00+00:00,buy,103.03,102.879,103.181,103.181,728.8723308300307,110.0597219553319,11116.03191748852,win,0.15099999999999625,1116.0319174885276
2025-04-25 03:30:00+00:00,2025-04-25 05:00:00+00:00,buy,103.223,103.04299999999999,103.403,103.04299999999999,617.5573287493389,-111.16031917488522,11004.871598313635,loss,-0.18000000000000682,1004.8715983136424
2025-04-25 06:20:00+00:00,2025-04-25 06:25:00+00:00,buy,103.142,103.01,103.27399999999999,103.27399999999999,833.7023938116972,110.04871598313636,11114.92031429677,win,0.1319999999999908,1114.9203142967788
2025-04-25 06:35:00+00:00,2025-04-25 07:00:00+00:00,buy,103.32900000000001,103.035,103.62300000000002,103.62300000000002,378.0585140917126,111.14920314296772,11226.069517439739,win,0.29400000000001114,1226.0695174397465
2025-04-25 10:05:00+00:00,2025-04-25 10:10:00+00:00,buy,103.645,103.406,103.88399999999999,103.406,469.7100216502177,-112.26069517439738,11113.80882226534,loss,-0.2389999999999901,1113.8088222653491
2025-04-25 12:55:00+00:00,2025-04-25 16:05:00+00:00,buy,103.32600000000001,103.124,103.52800000000002,103.52800000000002,550.1885555576564,111.13808822265341,11224.946910487994,win,0.2020000000000124,1224.9469104880025
2025-04-25 16:25:00+00:00,2025-04-25 16:55:00+00:00,buy,103.563,103.313,103.813,103.813,448.99787641951974,112.24946910487994,11337.196379592873,win,0.25,1337.1963795928823
2025-04-25 17:10:00+00:00,2025-04-25 17:20:00+00:00,buy,103.864,103.66,104.06800000000001,103.66,555.744920568257,-113.37196379592874,11223.824415796944,loss,-0.20400000000000773,1223.8244157969536
2025-04-25 18:00:00+00:00,2025-04-25 20:35:00+00:00,buy,103.9,103.583,104.21700000000001,103.583,354.0638616970564,-112.23824415796945,11111.586171638974,loss,-0.3170000000000073,1111.5861716389843
2025-04-25 22:55:00+00:00,2025-04-25 23:30:00+00:00,buy,103.61,103.496,103.724,103.724,974.700541371803,111.11586171638974,11222.702033355363,win,0.11400000000000432,1222.702033355374
2025-04-25 23:40:00+00:00,2025-04-28 00:00:00+00:00,buy,103.755,103.605,103.90499999999999,103.605,748.1801355570667,-112.22702033355363,11110.475013021809,loss,-0.14999999999999147,1110.4750130218204
2025-04-28 05:00:00+00:00,2025-04-28 07:45:00+00:00,buy,103.562,103.381,103.743,103.381,613.8383985095011,-111.1047501302181,10999.37026289159,loss,-0.18099999999999739,999.3702628916022
2025-04-28 15:25:00+00:00,2025-04-28 17:40:00+00:00,sell,103.322,103.474,103.17,103.17,723.6427804533893,109.99370262891591,11109.363965520506,win,-0.15200000000000102,1109.3639655205181
2025-04-28 18:25:00+00:00,2025-04-28 19:40:00+00:00,sell,103.067,103.33200000000001,102.80199999999998,102.80199999999998,419.2212817177316,111.09363965520507,11220.45760517571,win,-0.2650000000000148,1220.4576051757233
2025-04-28 19:55:00+00:00,2025-04-29 10:20:00+00:00,sell,102.77,103.004,102.53599999999999,103.004,479.5067352639011,-112.2045760517571,11108.253029123953,loss,0.23400000000000887,1108.2530291239661
2025-04-29 16:05:00+00:00,2025-04-29 17:00:00+00:00,sell,102.829,103.024,102.63399999999999,102.63399999999999,569.6540014935144,111.08253029123952,11219.335559415193,win,-0.1950000000000074,1219.3355594152056
2025-04-29 17:25:00+00:00,2025-04-29 22:15:00+00:00,sell,102.53399999999999,102.822,102.24599999999998,102.822,389.5602624796794,-112.19335559415192,11107.14220382104,loss,0.2880000000000109,1107.1422038210537
2025-04-30 07:10:00+00:00,2025-04-30 09:05:00+00:00,buy,102.995,102.875,103.11500000000001,103.11500000000001,925.5951836517182,111.0714220382104,11218.21362585925,win,0.12000000000000455,1218.213625859264
2025-04-30 10:20:00+00:00,2025-04-30 12:30:00+00:00,buy,103.209,103.04899999999999,103.36900000000001,103.36900000000001,701.1383516161559,112.18213625859252,11330.395762117843,win,0.1600000000000108,1330.3957621178565
2025-04-30 12:45:00+00:00,2025-04-30 15:25:00+00:00,buy,103.44800000000001,103.249,103.64700000000002,103.249,569.3666212119168,-113.30395762117844,11217.091804496666,loss,-0.19900000000001228,1217.0918044966782
2025-04-30 17:20:00+00:00,2025-04-30 21:05:00+00:00,buy,103.315,103.03,103.6,103.6,393.5821685788351,112.17091804496665,11329.262722541633,win,0.2849999999999966,1329.2627225416447
2025-04-30 22:40:00+00:00,2025-04-30 23:35:00+00:00,buy,103.676,103.524,103.828,103.828,745.346231746155,113.29262722541633,11442.55534976705,win,0.15200000000000102,1442.555349767061
2025-05-01 01:30:00+00:00,2025-05-01 04:50:00+00:00,buy,103.721,103.608,103.834,103.834,1012.6155176785041,114.4255534976705,11556.98090326472,win,0.11299999999999955,1556.9809032647315
2025-05-01 06:05:00+00:00,2025-05-01 06:10:00+00:00,buy,103.875,103.765,103.985,103.985,1050.6346275695255,115.5698090326472,11672.550712297369,win,0.10999999999999943,1672.5507122973788
2025-05-01 06:35:00+00:00,2025-05-01 08:20:00+00:00,buy,104.075,103.691,104.459,104.459,303.97267479941036,116.72550712297368,11789.276219420342,win,0.38400000000000034,1789.2762194203524
2025-05-01 08:30:00+00:00,2025-05-01 09:45:00+00:00,buy,104.517,104.283,104.75099999999999,104.75099999999999,503.8152230521629,117.89276219420343,11907.168981614546,win,0.23399999999999466,1907.1689816145558
2025-05-01 10:00:00+00:00,2025-05-01 11:20:00+00:00,buy,104.791,104.465,105.11699999999999,104.465,365.25058225812234,-119.07168981614548,11788.0972917984,loss,-0.3259999999999934,1788.0972917984104
2025-05-01 12:55:00+00:00,2025-05-01 15:15:00+00:00,buy,104.492,104.344,104.64000000000001,104.64000000000001,796.4930602565929,117.880972917984,11905.978264716385,win,0.14800000000001035,1905.9782647163945
2025-05-01 15:50:00+00:00,2025-05-01 17:00:00+00:00,buy,104.71300000000001,104.455,104.97100000000002,104.97100000000002,461.47202576418346,119.05978264716384,12025.038047363549,win,0.2580000000000098,2025.0380473635582
2025-05-01 17:10:00+00:00,2025-05-02 03:20:00+00:00,buy,105.035,104.736,105.33399999999999,105.33399999999999,402.17518553056374,120.25038047363549,12145.288427837184,win,0.2989999999999924,2145.288427837194
2025-05-02 03:30:00+00:00,2025-05-02 11:20:00+00:00,buy,105.381,104.94,105.822,104.94,275.4033657105922,-121.45288427837185,12023.835543558813,loss,-0.4410000000000025,2023.835543558822
2025-05-02 16:20:00+00:00,2025-05-02 18:45:00+00:00,sell,104.449,104.768,104.13,104.768,376.92274431218544,-120.23835543558815,11903.597188123225,loss,0.3190000000000026,1903.597188123234
2025-05-02 21:25:00+00:00,2025-05-05 01:00:00+00:00,buy,104.923,104.774,105.072,104.774,798.8991401424935,-119.03597188123226,11784.561216241993,loss,-0.1490000000000009,1784.5612162420018
2025-05-05 02:40:00+00:00,2025-05-05 04:20:00+00:00,sell,104.67699999999999,104.834,104.51999999999998,104.51999999999998,750.608994665044,117.84561216241993,11902.406828404413,win,-0.1570000000000107,1902.4068284044217
2025-05-05 05:00:00+00:00,2025-05-05 12:15:00+00:00,sell,104.46,104.69500000000001,104.22499999999998,104.22499999999998,506.4853969533499,119.02406828404413,12021.430896688458,win,-0.23500000000001364,2021.430896688466
2025-05-05 14:20:00+00:00,2025-05-05 15:50:00+00:00,sell,104.237,104.378,104.09599999999999,104.09599999999999,852.5837515381562,120.21430896688459,12141.645205655343,win,-0.14100000000000534,2141.6452056553508
2025-05-05 16:45:00+00:00,2025-05-05 19:00:00+00:00,sell,103.954,104.27,103.63799999999999,104.27,384.22927865997616,-121.41645205655342,12020.228753598789,loss,0.3160000000000025,2020.2287535987973
2025-05-05 20:15:00+00:00,2025-05-05 22:00:00+00:00,sell,104.28999999999999,104.437,104.14299999999999,104.14299999999999,817.7026362992063,120.20228753598789,12140.431041134776,win,-0.14700000000000557,2140.431041134785
2025-05-05 22:35:00+00:00,2025-05-06 10:25:00+00:00,sell,104.104,104.365,103.843,103.843,465.1506146028727,121.40431041134777,12261.835351546124,win,-0.2609999999999957,2261.835351546133
2025-05-06 10:35:00+00:00,2025-05-06 11:10:00+00:00,sell,103.803,104.023,103.583,103.583,557.3561523430085,122.61835351546124,12384.453705061585,win,-0.21999999999999886,2384.4537050615945
2025-05-06 11:20:00+00:00,2025-05-06 15:50:00+00:00,sell,103.551,103.807,103.295,103.295,483.76772285396777,123.84453705061586,12508.298242112201,win,-0.2560000000000002,2508.2982421122106
2025-05-06 16:00:00+00:00,2025-05-06 16:30:00+00:00,sell,103.256,103.502,103.01,103.502,508.46740821595324,-125.08298242112201,12383.21525969108,loss,0.2459999999999951,2383.2152596910887
2025-05-06 16:45:00+00:00,2025-05-06 17:40:00+00:00,sell,103.28999999999999,103.548,103.03199999999998,103.548,479.9695837089384,-123.8321525969108,12259.383107094169,loss,0.2580000000000098,2259.383107094178
2025-05-06 19:00:00+00:00,2025-05-06 19:15:00+00:00,sell,103.608,103.751,103.465,103.751,857.2995179786092,-122.59383107094169,12136.789276023226,loss,0.14300000000000068,2136.789276023236
2025-05-06 20:35:00+00:00,2025-05-07 01:00:00+00:00,sell,103.475,103.693,103.25699999999999,103.693,556.7334530285793,-121.36789276023225,12015.421383262994,loss,0.21800000000000352,2015.421383263004
2025-05-07 11:10:00+00:00,2025-05-07 13:10:00+00:00,buy,103.96300000000001,103.79299999999999,104.13300000000002,103.79299999999999,706.7894931330511,-120.15421383262994,11895.267169430364,loss,-0.17000000000001592,1895.267169430374
2025-05-07 14:00:00+00:00,2025-05-07 18:20:00+00:00,buy,103.89,103.759,104.021,104.021,908.0356617885759,118.95267169430365,12014.219841124668,win,0.13100000000000023,2014.2198411246777
2025-05-07 18:30:00+00:00,2025-05-07 20:50:00+00:00,buy,104.092,103.893,104.291,103.893,603.7296402575269,-120.14219841124668,11894.077642713422,loss,-0.19899999999999807,1894.077642713431
2025-05-07 21:40:00+00:00,2025-05-08 11:15:00+00:00,buy,104.052,103.77,104.33400000000002,104.33400000000002,421.7758029330841,118.94077642713422,12013.018419140557,win,0.2820000000000107,2013.0184191405654
2025-05-08 11:30:00+00:00,2025-05-08 19:15:00+00:00,buy,104.378,104.06,104.696,104.696,377.76787481574337,120.13018419140558,12133.148603331963,win,0.31799999999999784,2133.148603331971
2025-05-08 20:20:00+00:00,2025-05-09 09:10:00+00:00,buy,104.727,104.459,104.995,104.459,452.72942549746017,-121.33148603331963,12011.817117298644,loss,-0.2680000000000007,2011.8171172986515
2025-05-09 16:10:00+00:00,2025-05-09 16:35:00+00:00,sell,104.329,104.482,104.17599999999999,104.17599999999999,785.0860860979208,120.11817117298644,12131.93528847163,win,-0.1530000000000058,2131.935288471638
2025-05-09 17:20:00+00:00,2025-05-12 00:00:00+00:00,sell,104.132,104.346,103.918,104.346,566.912863947276,-121.3193528847163,12010.615935586913,loss,0.21399999999999864,2010.6159355869218
2025-05-12 02:45:00+00:00,2025-05-12 04:25:00+00:00,buy,104.767,104.607,104.92699999999999,104.92699999999999,750.6634959741981,120.10615935586914,12130.722094942783,win,0.1599999999999966,2130.722094942791
2025-05-12 07:40:00+00:00,2025-05-12 08:50:00+00:00,buy,104.764,104.63,104.898,104.898,905.2777682793098,121.30722094942783,12252.02931589221,win,0.13400000000000034,2252.029315892219
2025-05-12 09:30:00+00:00,2025-05-12 10:00:00+00:00,buy,104.935,104.80499999999999,105.06500000000001,105.06500000000001,942.4637935300999,122.5202931589221,12374.549609051133,win,0.13000000000000966,2374.549609051141
2025-05-12 10:20:00+00:00,2025-05-12 11:15:00+00:00,buy,105.44,104.843,106.03699999999999,106.03699999999999,207.2788879238066,123.74549609051134,12498.295105141644,win,0.5969999999999942,2498.2951051416526
2025-05-12 12:40:00+00:00,2025-05-12 13:20:00+00:00,buy,105.926,105.729,106.123,106.123,634.4312236112421,124.98295105141642,12623.27805619306,win,0.19700000000000273,2623.278056193069
2025-05-12 13:30:00+00:00,2025-05-12 14:35:00+00:00,buy,106.169,105.913,106.425,105.913,493.09679907004096,-126.2327805619306,12497.04527563113,loss,-0.2560000000000002,2497.0452756311383
2025-05-12 16:55:00+00:00,2025-05-12 19:55:00+00:00,buy,105.859,105.652,106.06599999999999,106.06599999999999,603.7219939918606,124.9704527563113,12622.015728387441,win,0.20699999999999363,2622.0157283874496
2025-05-12 22:40:00+00:00,2025-05-12 23:30:00+00:00,buy,106.07300000000001,105.93299999999999,106.21300000000002,106.21300000000002,901.5725520275793,126.22015728387443,12748.235885671316,win,0.14000000000001478,2748.235885671324
2025-05-13 02:05:00+00:00,2025-05-13 02:45:00+00:00,buy,106.196,106.088,106.304,106.088,1180.3922116361882,-127.48235885671316,12620.753526814604,loss,-0.10800000000000409,2620.7535268146107
2025-05-13 05:50:00+00:00,2025-05-13 11:05:00+00:00,buy,105.868,105.694,106.04199999999999,105.694,725.3306624606412,-126.20753526814605,12494.545991546458,loss,-0.17399999999999238,2494.545991546465
2025-05-14 02:05:00+00:00,2025-05-14 03:50:00+00:00,buy,105.845,105.734,105.956,105.734,1125.6347740131519,-124.9454599154646,12369.600531630993,loss,-0.1110000000000042,2369.600531631
2025-05-14 06:30:00+00:00,2025-05-14 07:40:00+00:00,sell,105.635,105.772,105.498,105.498,902.8905497540841,123.69600531630994,12493.296536947302,win,-0.13700000000000045,2493.29653694731
2025-05-14 08:00:00+00:00,2025-05-14 11:05:00+00:00,sell,105.462,105.693,105.23100000000001,105.23100000000001,540.8353479198095,124.93296536947304,12618.229502316775,win,-0.23099999999999454,2618.229502316783
2025-05-14 12:10:00+00:00,2025-05-15 09:20:00+00:00,sell,105.027,105.663,104.391,104.391,198.399834942089,126.18229502316775,12744.411797339942,win,-0.6359999999999957,2744.4117973399507
2025-05-15 09:35:00+00:00,2025-05-15 17:10:00+00:00,sell,104.269,104.533,104.00500000000001,104.00500000000001,482.74287111136914,127.44411797339943,12871.855915313341,win,-0.2639999999999958,2871.85591531335
2025-05-15 19:00:00+00:00,2025-05-15 20:50:00+00:00,sell,104.062,104.288,103.836,104.288,569.5511466952829,-128.7185591531334,12743.137356160207,loss,0.2259999999999991,2743.1373561602168
2025-05-16 01:50:00+00:00,2025-05-16 02:50:00+00:00,sell,104.218,104.359,104.07700000000001,104.359,903.7686068199297,-127.43137356160207,12615.705982598605,loss,0.14099999999999113,2615.705982598615
2025-05-16 03:00:00+00:00,2025-05-16 03:25:00+00:00,sell,104.244,104.402,104.086,104.086,798.4624039619307,126.15705982598605,12741.863042424591,win,-0.15800000000000125,2741.8630424246007
2025-05-16 03:35:00+00:00,2025-05-16 05:40:00+00:00,sell,104.053,104.22,103.886,104.22,762.985810923621,-127.41863042424592,12614.444412000345,loss,0.1670000000000016,2614.444412000355
2025-05-16 07:00:00+00:00,2025-05-16 07:15:00+00:00,sell,104.127,104.238,104.01599999999999,104.238,1136.4364335135015,-126.14444412000344,12488.29996788034,loss,0.1110000000000042,2488.2999678803517
2025-05-16 09:35:00+00:00,2025-05-16 10:05:00+00:00,sell,104.114,104.308,103.92,103.92,643.7268024680502,124.88299967880343,12613.182967559143,win,-0.19400000000000261,2613.1829675591553
2025-05-16 22:45:00+00:00,2025-05-19 00:00:00+00:00,buy,104.364,104.23,104.498,104.23,941.282311011874,-126.13182967559143,12487.051137883553,loss,-0.13400000000000034,2487.051137883564
2025-05-19 01:15:00+00:00,2025-05-19 02:35:00+00:00,sell,103.951,104.168,103.73399999999998,104.168,575.4401446028943,-124.87051137883552,12362.180626504718,loss,0.21700000000001296,2362.1806265047285
2025-05-19 03:00:00+00:00,2025-05-19 04:00:00+00:00,sell,103.988,104.19800000000001,103.77799999999999,103.77799999999999,588.6752679287738,123.62180626504718,12485.802432769766,win,-0.21000000000000796,2485.802432769776
2025-05-19 08:20:00+00:00,2025-05-19 10:30:00+00:00,sell,103.92,104.06,103.78,103.78,891.8430309121226,124.85802432769766,12610.660457097463,win,-0.14000000000000057,2610.6604570974737
2025-05-19 10:40:00+00:00,2025-05-19 14:35:00+00:00,sell,103.704,104.003,103.40499999999999,104.003,421.7612193009092,-126.10660457097464,12484.55385252649,loss,0.2990000000000066,2484.553852526499
2025-05-19 18:55:00+00:00,2025-05-19 23:05:00+00:00,sell,103.95,104.145,103.75500000000001,103.75500000000001,640.2335308988168,124.8455385252649,12609.399391051755,win,-0.19499999999999318,2609.3993910517643
2025-05-20 04:05:00+00:00,2025-05-20 04:10:00+00:00,sell,103.989,104.177,103.801,103.801,670.7127335665742,126.09399391051755,12735.493384962272,win,-0.1880000000000024,2735.4933849622817
2025-05-20 04:20:00+00:00,2025-05-21 09:40:00+00:00,sell,103.741,104.134,103.348,103.348,324.0583558514568,127.35493384962274,12862.848318811895,win,-0.3930000000000007,2862.8483188119044
2025-05-21 13:15:00+00:00,2025-05-21 13:35:00+00:00,sell,103.623,103.801,103.44500000000001,103.44500000000001,722.6319280231513,128.62848318811896,12991.476802000014,win,-0.17799999999999727,2991.4768020000233
2025-05-21 17:00:00+00:00,2025-05-21 17:55:00+00:00,sell,103.622,103.785,103.459,103.785,797.0231166871336,-129.91476802000014,12861.562033980013,loss,0.1629999999999967,2861.562033980023
2025-05-21 19:05:00+00:00,2025-05-21 20:15:00+00:00,buy,103.985,103.794,104.176,103.794,673.3802112031333,-128.61562033980013,12732.946413640213,loss,-0.1910000000000025,2732.946413640223
2025-05-21 21:45:00+00:00,2025-05-21 22:50:00+00:00,buy,103.778,103.629,103.927,103.629,854.5601619892709,-127.32946413640214,12605.61694950381,loss,-0.1490000000000009,2605.6169495038207
2025-05-22 01:05:00+00:00,2025-05-22 01:10:00+00:00,buy,103.688,103.525,103.851,103.851,773.3507330984089,126.0561694950381,12731.673118998848,win,0.1629999999999967,2731.6731189988586
2025-05-22 01:20:00+00:00,2025-05-22 03:10:00+00:00,buy,103.983,103.529,104.43700000000001,103.529,280.43332861230465,-127.31673118998847,12604.356387808859,loss,-0.45400000000000773,2604.3563878088703
2025-05-22 03:40:00+00:00,2025-05-22 18:05:00+00:00,sell,103.425,103.772,103.07799999999999,103.772,363.23793624808513,-126.04356387808859,12478.31282393077,loss,0.3470000000000084,2478.3128239307816
2025-05-22 19:15:00+00:00,2025-05-23 06:35:00+00:00,buy,103.893,103.68599999999999,104.10000000000001,103.68599999999999,602.8170446343139,-124.7831282393077,12353.529695691463,loss,-0.20700000000000784,2353.529695691474
2025-05-23 08:00:00+00:00,2025-05-23 12:30:00+00:00,buy,103.755,103.651,103.859,103.651,1187.8393938164959,-123.53529695691462,12229.994398734549,loss,-0.1039999999999992,2229.9943987345596
2025-05-23 13:20:00+00:00,2025-05-23 14:15:00+00:00,buy,103.839,103.649,104.029,103.649,643.6839157228787,-122.2999439873455,12107.694454747203,loss,-0.18999999999999773,2107.694454747214
2025-05-23 14:25:00+00:00,2025-05-23 14:40:00+00:00,sell,103.618,103.868,103.368,103.368,484.30777818988815,121.07694454747204,12228.771399294676,win,-0.25,2228.771399294686
2025-05-23 14:50:00+00:00,2025-05-23 17:05:00+00:00,sell,103.316,103.71300000000001,102.919,103.71300000000001,308.02950627945853,-122.28771399294675,12106.48368530173,loss,0.39700000000000557,2106.483685301739
2025-05-23 20:10:00+00:00,2025-05-26 00:00:00+00:00,buy,103.907,103.705,104.109,103.705,599.330875509992,-121.0648368530173,11985.418848448713,loss,-0.20199999999999818,1985.4188484487217
2025-05-26 01:00:00+00:00,2025-05-26 01:20:00+00:00,buy,103.879,103.601,104.15700000000001,104.15700000000001,431.130174404621,119.85418848448714,12105.2730369332,win,0.2780000000000058,2105.273036933209
2025-05-26 04:45:00+00:00,2025-05-26 09:25:00+00:00,buy,104.029,103.825,104.23299999999999,104.23299999999999,593.3957371045875,121.05273036933201,12226.325767302533,win,0.20399999999999352,2226.325767302541
2025-05-27 01:30:00+00:00,2025-05-27 03:05:00+00:00,sell,103.867,103.982,103.75200000000001,103.75200000000001,1063.1587623741807,122.26325767302534,12348.589024975558,win,-0.11499999999999488,2348.589024975566
2025-05-27 03:20:00+00:00,2025-05-27 07:45:00+00:00,sell,103.673,103.89,103.456,103.89,569.0594020726097,-123.4858902497556,12225.103134725801,loss,0.21699999999999875,2225.1031347258104
2025-05-27 09:50:00+00:00,2025-05-27 10:45:00+00:00,buy,104.331,104.191,104.471,104.471,873.2216524804109,122.25103134725802,12347.354166073059,win,0.14000000000000057,2347.3541660730684
2025-05-27 12:00:00+00:00,2025-05-27 13:45:00+00:00,buy,104.554,104.352,104.756,104.756,611.2551567362956,123.4735416607306,12470.82770773379,win,0.20199999999999818,2470.827707733799
2025-05-27 17:00:00+00:00,2025-05-27 17:20:00+00:00,buy,104.754,104.602,104.906,104.906,820.4491912982701,124.7082770773379,12595.535984811127,win,0.15200000000000102,2595.5359848111366
2025-05-27 17:55:00+00:00,2025-05-27 20:35:00+00:00,buy,104.95100000000001,104.713,105.18900000000002,104.713,529.2242010424537,-125.95535984811127,12469.580624963017,loss,-0.23800000000001376,2469.5806249630255
2025-05-28 11:05:00+00:00,2025-05-28 12:40:00+00:00,sell,104.248,104.376,104.12,104.376,974.1859863252348,-124.69580624963017,12344.884818713386,loss,0.1280000000000001,2344.8848187133954
2025-05-28 16:05:00+00:00,2025-05-28 16:30:00+00:00,buy,104.527,104.369,104.685,104.685,781.3218239691955,123.44884818713388,12468.33366690052,win,0.15800000000000125,2468.3336669005294
2025-05-28 16:40:00+00:00,2025-05-28 18:15:00+00:00,buy,104.726,104.505,104.947,104.947,564.1779939773899,124.68333666900521,12593.017003569525,win,0.22100000000000364,2593.0170035695346
2025-05-29 01:00:00+00:00,2025-05-29 01:55:00+00:00,buy,104.665,104.586,104.74400000000001,104.74400000000001,1594.0527852618093,125.93017003569526,12718.94717360522,win,0.07900000000000773,2718.94717360523
2025-05-29 02:05:00+00:00,2025-05-29 02:10:00+00:00,buy,104.805,104.643,104.96700000000001,104.96700000000001,785.120195901527,127.1894717360522,12846.136645341272,win,0.16200000000000614,2846.1366453412825
2025-05-29 02:20:00+00:00,2025-05-29 03:15:00+00:00,buy,105.045,104.681,105.409,105.409,352.9158419049758,128.46136645341272,12974.598011794686,win,0.3640000000000043,2974.598011794695
2025-05-29 04:00:00+00:00,2025-05-29 10:40:00+00:00,buy,105.47,105.139,105.801,105.139,391.98181304515305,-129.74598011794686,12844.852031676739,loss,-0.33100000000000307,2844.852031676748
2025-05-29 17:20:00+00:00,2025-05-30 02:35:00+00:00,sell,104.42,104.688,104.152,104.152,479.2855235700264,128.4485203167674,12973.300551993507,win,-0.2680000000000007,2973.3005519935155
2025-05-30 03:00:00+00:00,2025-05-30 16:25:00+00:00,sell,104.093,104.373,103.813,104.373,463.3321625711948,-129.73300551993506,12843.567546473572,loss,0.28000000000000114,2843.5675464735805
2025-05-30 20:30:00+00:00,2025-05-30 21:20:00+00:00,buy,104.71000000000001,104.54299999999999,104.87700000000002,104.87700000000002,769.0759009863688,128.43567546473574,12972.003221938308,win,0.1670000000000158,2972.003221938316
2025-05-30 22:00:00+00:00,2025-06-02 00:00:00+00:00,buy,104.909,104.679,105.13900000000001,104.679,564.0001400842646,-129.72003221938309,12842.283189718924,loss,-0.23000000000000398,2842.283189718933
2025-06-02 01:30:00+00:00,2025-06-02 04:00:00+00:00,buy,104.853,104.601,105.10499999999999,104.601,509.61441229044294,-128.42283189718924,12713.860357821735,loss,-0.25199999999999534,2713.860357821744
2025-06-02 05:10:00+00:00,2025-06-02 08:55:00+00:00,buy,104.63,104.489,104.77099999999999,104.489,901.692223959045,-127.13860357821736,12586.721754243517,loss,-0.14099999999999113,2586.7217542435264
2025-06-02 11:20:00+00:00,2025-06-02 14:10:00+00:00,sell,104.401,104.593,104.20899999999999,104.20899999999999,655.5584247001583,125.86721754243516,12712.588971785952,win,-0.19200000000000728,2712.588971785962
2025-06-02 14:20:00+00:00,2025-06-02 15:55:00+00:00,sell,104.146,104.333,103.959,104.333,679.8175920741238,-127.12588971785954,12585.463082068092,loss,0.1869999999999976,2585.4630820681023
2025-06-02 17:00:00+00:00,2025-06-03 02:10:00+00:00,sell,104.134,104.368,103.9,103.9,537.8403026524949,125.85463082068092,12711.317712888773,win,-0.23399999999999466,2711.3177128887833
2025-06-03 02:35:00+00:00,2025-06-03 03:00:00+00:00,sell,103.87,103.973,103.76700000000001,103.973,1234.1085158145106,-127.11317712888771,12584.204535759885,loss,0.10299999999999443,2584.2045357598954
2025-06-03 07:30:00+00:00,2025-06-03 10:15:00+00:00,sell,104.152,104.33800000000001,103.966,103.966,676.570136331151,125.84204535759886,12710.046581117484,win,-0.18600000000000705,2710.0465811174945
2025-06-03 10:25:00+00:00,2025-06-03 14:10:00+00:00,sell,103.907,104.179,103.63499999999999,104.179,467.2811243057803,-127.10046581117484,12582.94611530631,loss,0.27200000000000557,2582.94611530632
2025-06-03 16:25:00+00:00,2025-06-03 17:00:00+00:00,buy,104.511,104.294,104.728,104.728,579.8592679864693,125.82946115306311,12708.775576459373,win,0.21699999999999875,2708.775576459383
2025-06-03 17:10:00+00:00,2025-06-04 04:00:00+00:00,buy,104.765,104.484,105.046,105.046,452.2695934682956,127.08775576459374,12835.863332223968,win,0.2810000000000059,2835.8633322239766
2025-06-04 05:20:00+00:00,2025-06-04 07:50:00+00:00,buy,104.94,104.774,105.106,105.106,773.2447790496515,128.35863332223968,12964.221965546207,win,0.16599999999999682,2964.2219655462163
2025-06-04 08:30:00+00:00,2025-06-04 09:15:00+00:00,buy,105.152,104.981,105.32300000000001,104.981,758.1416354120302,-129.64221965546207,12834.579745890745,loss,-0.17100000000000648,2834.579745890754
2025-06-04 10:45:00+00:00,2025-06-04 13:00:00+00:00,buy,104.97,104.79599999999999,105.144,105.144,737.619525625877,128.34579745890747,12962.925543349653,win,0.1740000000000066,2962.9255433496614
2025-06-04 13:50:00+00:00,2025-06-04 15:15:00+00:00,buy,105.21600000000001,104.978,105.45400000000002,104.978,544.6607371155002,-129.62925543349652,12833.296287916157,loss,-0.23800000000001376,2833.296287916165
2025-06-04 22:55:00+00:00,2025-06-05 02:15:00+00:00,sell,104.445,104.581,104.30899999999998,104.30899999999998,943.6247270525901,128.33296287916158,12961.629250795319,win,-0.1360000000000099,2961.6292507953267
2025-06-05 02:25:00+00:00,2025-06-05 03:40:00+00:00,sell,104.274,104.459,104.089,104.459,700.6286081510897,-129.61629250795318,12832.012958287365,loss,0.18500000000000227,2832.0129582873733
2025-06-05 05:05:00+00:00,2025-06-05 07:20:00+00:00,sell,104.429,104.56700000000001,104.291,104.56700000000001,929.8560114700637,-128.32012958287365,12703.692828704492,loss,0.13800000000000523,2703.6928287045
2025-06-05 14:30:00+00:00,2025-06-05 15:30:00+00:00,buy,104.876,104.73,105.022,104.73,870.1159471715358,-127.03692828704492,12576.655900417447,loss,-0.1460000000000008,2576.655900417455
2025-06-05 15:45:00+00:00,2025-06-06 09:20:00+00:00,buy,104.972,104.56,105.38399999999999,105.38399999999999,305.25863835965276,125.76655900417447,12702.422459421621,win,0.41199999999999193,2702.4224594216294
2025-06-06 09:30:00+00:00,2025-06-06 15:35:00+00:00,buy,105.425,105.206,105.64399999999999,105.64399999999999,580.0192903845647,127.02422459421624,12829.446684015837,win,0.2189999999999941,2829.4466840158457
2025-06-06 16:00:00+00:00,2025-06-09 12:10:00+00:00,buy,105.753,105.29299999999999,106.21300000000001,105.29299999999999,278.9010148699047,-128.29446684015838,12701.152217175679,loss,-0.46000000000000796,2701.1522171756874
2025-06-09 17:50:00+00:00,2025-06-09 23:55:00+00:00,buy,105.688,105.514,105.86200000000001,105.514,729.9512768491493,-127.0115221717568,12574.140695003922,loss,-0.1740000000000066,2574.1406950039304
2025-06-10 03:05:00+00:00,2025-06-10 04:25:00+00:00,sell,105.471,105.599,105.343,105.599,982.3547417971805,-125.74140695003922,12448.399288053883,loss,0.1280000000000001,2448.3992880538913
2025-06-10 04:35:00+00:00,2025-06-10 05:05:00+00:00,buy,105.678,105.42699999999999,105.929,105.929,495.95216287066324,124.48399288053884,12572.883280934422,win,0.2510000000000048,2572.8832809344303
2025-06-10 13:50:00+00:00,2025-06-10 16:45:00+00:00,sell,105.527,105.667,105.387,105.667,898.0630914953123,-125.72883280934423,12447.154448125078,loss,0.14000000000000057,2447.154448125086
2025-06-10 16:55:00+00:00,2025-06-10 18:20:00+00:00,buy,105.725,105.507,105.94299999999998,105.94299999999998,570.9703875287013,124.47154448125077,12571.625992606329,win,0.2179999999999893,2571.625992606337
2025-06-10 19:15:00+00:00,2025-06-10 22:40:00+00:00,buy,105.979,105.825,106.133,105.825,816.3393501692614,-125.71625992606329,12445.909732680266,loss,-0.15399999999999636,2445.909732680274
2025-06-10 22:55:00+00:00,2025-06-11 01:50:00+00:00,buy,105.894,105.772,106.016,106.016,1020.1565354655966,124.45909732680266,12570.368830007068,win,0.12199999999999989,2570.3688300070767
2025-06-11 02:00:00+00:00,2025-06-11 03:15:00+00:00,buy,106.061,105.913,106.20900000000002,105.913,849.3492452706885,-125.70368830007068,12444.665141706997,loss,-0.14800000000001035,2444.665141707006
2025-06-11 05:05:00+00:00,2025-06-11 05:40:00+00:00,buy,106.071,105.911,106.231,105.911,777.7915713567039,-124.44665141706997,12320.218490289926,loss,-0.1599999999999966,2320.218490289936
2025-06-11 07:00:00+00:00,2025-06-11 10:25:00+00:00,buy,106.041,105.903,106.17899999999999,106.17899999999999,892.7694558181687,123.20218490289926,12443.420675192825,win,0.13799999999999102,2443.4206751928355
2025-06-11 12:55:00+00:00,2025-06-11 14:50:00+00:00,buy,106.024,105.887,106.161,106.161,908.2788814009332,124.43420675192826,12567.854881944753,win,0.13700000000000045,2567.8548819447637
2025-06-11 15:00:00+00:00,2025-06-11 15:30:00+00:00,buy,106.243,106.04899999999999,106.437,106.04899999999999,647.827571234257,-125.67854881944756,12442.176333125306,loss,-0.19400000000000261,2442.176333125316
2025-06-11 16:25:00+00:00,2025-06-11 19:00:00+00:00,buy,105.968,105.698,106.23800000000001,105.698,460.82134567129015,-124.42176333125306,12317.754569794053,loss,-0.27000000000001023,2317.7545697940627
2025-06-11 21:05:00+00:00,2025-06-11 21:15:00+00:00,sell,105.777,105.96300000000001,105.591,105.591,662.2448693437412,123.17754569794054,12440.932115491994,win,-0.18600000000000705,2440.932115492003
2025-06-11 23:40:00+00:00,2025-06-12 01:50:00+00:00,sell,105.729,105.878,105.58,105.58,834.9618869457664,124.40932115491995,12565.341436646915,win,-0.1490000000000009,2565.341436646923
2025-06-12 02:00:00+00:00,2025-06-12 03:45:00+00:00,sell,105.55,105.709,105.39099999999999,105.39099999999999,790.2730463299647,125.65341436646915,12690.994851013384,win,-0.15900000000000603,2690.994851013392
2025-06-12 04:10:00+00:00,2025-06-12 15:35:00+00:00,sell,105.355,105.55,105.16000000000001,105.16000000000001,650.8202487699399,126.90994851013384,12817.904799523518,win,-0.19499999999999318,2817.9047995235255
2025-06-13 02:30:00+00:00,2025-06-13 02:55:00+00:00,sell,105.398,105.525,105.27099999999999,105.27099999999999,1009.2838424820909,128.17904799523518,12946.083847518754,win,-0.12700000000000955,2946.0838475187606
2025-06-13 03:05:00+00:00,2025-06-13 03:25:00+00:00,sell,105.201,105.456,104.94599999999998,104.94599999999998,507.689562647775,129.46083847518753,13075.544685993942,win,-0.25500000000000966,3075.5446859939484
2025-06-13 03:35:00+00:00,2025-06-13 06:15:00+00:00,sell,104.91499999999999,105.205,104.62499999999999,105.205,450.88085124116066,-130.7554468599394,12944.789239134003,loss,0.29000000000000625,2944.789239134009
2025-06-13 09:00:00+00:00,2025-06-13 10:00:00+00:00,sell,105.181,105.441,104.92099999999999,105.441,497.8765091974518,-129.44789239134002,12815.341346742664,loss,0.2600000000000051,2815.341346742669
2025-06-13 12:30:00+00:00,2025-06-13 15:50:00+00:00,buy,105.696,105.502,105.89,105.89,660.5846055021902,128.15341346742665,12943.494760210091,win,0.19400000000000261,2943.4947602100956
2025-06-13 16:00:00+00:00,2025-06-16 01:05:00+00:00,buy,105.997,105.735,106.259,106.259,494.02651756526984,129.43494760210092,13072.929707812193,win,0.26200000000000045,3072.9297078121963
2025-06-16 01:15:00+00:00,2025-06-16 04:15:00+00:00,buy,106.33800000000001,106.097,106.57900000000002,106.097,542.445216091761,-130.72929707812193,12942.20041073407,loss,-0.24100000000001387,2942.2004107340745
2025-06-16 05:30:00+00:00,2025-06-16 07:30:00+00:00,buy,106.226,106.106,106.346,106.106,1078.516700894465,-129.4220041073407,12812.77840662673,loss,-0.12000000000000455,2812.7784066267336
2025-06-16 09:00:00+00:00,2025-06-16 10:00:00+00:00,buy,106.099,105.977,106.221,106.221,1050.2277382480936,128.1277840662673,12940.906190692998,win,0.12199999999999989,2940.906190693001
2025-06-16 10:15:00+00:00,2025-06-16 17:00:00+00:00,buy,106.303,106.03999999999999,106.566,106.03999999999999,492.0496650453514,-129.40906190693,12811.497128786068,loss,-0.26300000000000523,2811.497128786071
2025-06-16 18:45:00+00:00,2025-06-16 20:35:00+00:00,buy,106.315,106.148,106.482,106.482,767.1555166937692,128.11497128786067,12939.61210007393,win,0.1670000000000016,2939.6121000739313
2025-06-16 20:45:00+00:00,2025-06-16 22:00:00+00:00,buy,106.52,106.372,106.66799999999999,106.66799999999999,874.298114869883,129.3961210007393,13069.00822107467,win,0.14799999999999613,3069.0082210746705
2025-06-16 22:50:00+00:00,2025-06-17 03:55:00+00:00,buy,106.69800000000001,106.531,106.86500000000001,106.86500000000001,782.5753425793141,130.6900822107467,13199.698303285417,win,0.1670000000000016,3199.6983032854173
2025-06-17 05:35:00+00:00,2025-06-17 06:30:00+00:00,buy,106.77,106.633,106.907,106.633,963.4816279770345,-131.99698303285416,13067.701320252563,loss,-0.13700000000000045,3067.701320252563
2025-06-17 08:40:00+00:00,2025-06-17 10:00:00+00:00,buy,106.57300000000001,106.372,106.77400000000002,106.77400000000002,650.1343940423915,130.67701320252564,13198.378333455088,win,0.20100000000000762,3198.378333455089
2025-06-17 11:20:00+00:00,2025-06-17 23:00:00+00:00,buy,106.67,106.405,106.935,106.405,498.0520125832098,-131.98378333455088,13066.394550120538,loss,-0.26500000000000057,3066.394550120538
2025-06-17 23:10:00+00:00,2025-06-17 23:40:00+00:00,sell,106.375,106.547,106.203,106.203,759.6741017512071,130.66394550120538,13197.058495621743,win,-0.17199999999999704,3197.0584956217435
2025-06-18 04:55:00+00:00,2025-06-18 12:35:00+00:00,sell,106.17099999999999,106.33,106.01199999999999,106.01199999999999,830.0036789698895,131.97058495621744,13329.02908057796,win,-0.15900000000000603,3329.029080577961
2025-06-18 13:50:00+00:00,2025-06-18 15:15:00+00:00,sell,105.952,106.105,105.79899999999999,106.105,871.1783712795724,-133.29029080577962,13195.73878977218,loss,0.1530000000000058,3195.7387897721815
2025-06-18 16:30:00+00:00,2025-06-18 17:35:00+00:00,sell,106.018,106.211,105.825,105.825,683.7170357394989,131.95738789772182,13327.696177669903,win,-0.19299999999999784,3327.696177669903
2025-06-18 17:45:00+00:00,2025-06-19 12:50:00+00:00,sell,105.792,106.061,105.523,106.061,495.45338950444733,-133.27696177669904,13194.419215893204,loss,0.26900000000000546,3194.419215893204
2025-06-19 13:10:00+00:00,2025-06-19 13:50:00+00:00,buy,106.111,105.974,106.248,106.248,963.0962931308875,131.94419215893203,13326.363408052135,win,0.13700000000000045,3326.363408052136
2025-06-19 14:00:00+00:00,2025-06-19 16:05:00+00:00,buy,106.292,106.06,106.524,106.06,574.4122158643178,-133.26363408052134,13193.099773971613,loss,-0.23199999999999932,3193.099773971615
2025-06-19 18:25:00+00:00,2025-06-20 16:35:00+00:00,buy,106.113,105.967,106.259,106.259,903.6369708199686,131.93099773971613,13325.03077171133,win,0.1460000000000008,3325.030771711331
2025-06-20 17:55:00+00:00,2025-06-23 00:00:00+00:00,buy,106.296,106.101,106.49100000000001,106.49100000000001,683.334911369786,133.25030771711332,13458.281079428443,win,0.1950000000000074,3458.281079428444
2025-06-23 03:55:00+00:00,2025-06-23 07:05:00+00:00,buy,106.506,106.316,106.696,106.696,708.3305831278212,134.58281079428443,13592.863890222729,win,0.18999999999999773,3592.8638902227285
2025-06-23 07:25:00+00:00,2025-06-23 08:45:00+00:00,buy,106.754,106.491,107.01700000000001,107.01700000000001,516.8389311871657,135.92863890222728,13728.792529124956,win,0.26300000000000523,3728.7925291249558
2025-06-23 09:25:00+00:00,2025-06-23 13:45:00+00:00,buy,107.06,106.824,107.296,107.296,581.7284969968098,137.28792529124956,13866.080454416206,win,0.2360000000000042,3866.080454416205
2025-06-23 14:05:00+00:00,2025-06-23 14:35:00+00:00,buy,107.331,107.178,107.48400000000001,107.178,906.2797682624628,-138.66080454416206,13727.419649872043,loss,-0.1530000000000058,3727.419649872043
2025-06-23 16:40:00+00:00,2025-06-23 17:00:00+00:00,buy,107.08800000000001,106.92,107.25600000000001,106.92,817.1083124923526,-137.27419649872044,13590.145453373323,loss,-0.16800000000000637,3590.1454533733227
2025-06-24 01:05:00+00:00,2025-06-24 01:20:00+00:00,sell,106.309,106.44800000000001,106.16999999999999,106.16999999999999,977.7083059980105,135.90145453373324,13726.046907907057,win,-0.13900000000001,3726.046907907056
2025-06-24 03:10:00+00:00,2025-06-24 05:50:00+00:00,sell,106.156,106.36,105.95200000000001,105.95200000000001,672.8454366621321,137.2604690790706,13863.307376986128,win,-0.20399999999999352,3863.307376986126
2025-06-24 06:40:00+00:00,2025-06-24 09:25:00+00:00,sell,105.916,106.063,105.76899999999999,105.76899999999999,943.0821344888166,138.63307376986128,14001.940450755988,win,-0.14700000000000557,4001.9404507559875
2025-06-24 10:20:00+00:00,2025-06-24 10:55:00+00:00,sell,105.736,105.913,105.55900000000001,105.913,791.0700819636488,-140.0194045075599,13861.921046248428,loss,0.1769999999999925,3861.9210462484275
2025-06-24 11:15:00+00:00,2025-06-24 20:05:00+00:00,sell,105.716,105.949,105.48299999999999,105.48299999999999,594.9322337445573,138.6192104624843,14000.540256710912,win,-0.2330000000000041,4000.5402567109118
2025-06-24 21:30:00+00:00,2025-06-25 00:00:00+00:00,sell,105.468,105.618,105.31800000000001,105.618,933.3693504474471,-140.00540256710912,13860.534854143803,loss,0.14999999999999147,3860.5348541438025
2025-06-25 00:55:00+00:00,2025-06-25 03:40:00+00:00,sell,105.508,105.656,105.35999999999999,105.656,936.5226252799214,-138.60534854143805,13721.929505602366,loss,0.14800000000001035,3721.9295056023643
2025-06-25 04:00:00+00:00,2025-06-25 05:00:00+00:00,sell,105.53999999999999,105.69500000000001,105.38499999999998,105.38499999999998,885.2857745549037,137.21929505602367,13859.14880065839,win,-0.15500000000001535,3859.148800658388
2025-06-25 07:30:00+00:00,2025-06-25 08:15:00+00:00,sell,105.528,105.625,105.43100000000001,105.625,1428.7782268720841,-138.5914880065839,13720.557312651805,loss,0.0969999999999942,3720.5573126518043
2025-06-25 12:10:00+00:00,2025-06-25 14:30:00+00:00,buy,106.047,105.934,106.16,106.16,1214.2086117391027,137.20557312651806,13857.762885778322,win,0.11299999999999955,3857.7628857783225
2025-06-25 16:00:00+00:00,2025-06-25 17:05:00+00:00,buy,106.185,106.018,106.352,106.018,829.8061608250414,-138.57762885778322,13719.185256920538,loss,-0.1670000000000016,3719.1852569205394
2025-06-26 02:05:00+00:00,2025-06-26 02:50:00+00:00,sell,105.775,105.876,105.674,105.674,1358.3351739525408,137.1918525692054,13856.377109489744,win,-0.10099999999999909,3856.3771094897447
2025-06-26 03:25:00+00:00,2025-06-26 04:00:00+00:00,sell,105.63,105.761,105.499,105.499,1057.7387106480703,138.56377109489745,13994.940880584641,win,-0.13100000000000023,3994.9408805846424
2025-06-26 07:35:00+00:00,2025-06-26 09:10:00+00:00,sell,105.545,105.68900000000001,105.401,105.401,971.8708944850077,139.94940880584642,14134.890289390489,win,-0.14400000000000546,4134.890289390489
2025-06-26 09:40:00+00:00,2025-06-26 15:35:00+00:00,sell,105.234,105.596,104.87199999999999,105.596,390.4665825798381,-141.3489028939049,13993.541386496583,loss,0.362000000000009,3993.541386496584
2025-06-27 01:05:00+00:00,2025-06-27 02:55:00+00:00,buy,105.873,105.714,106.03200000000001,106.03200000000001,880.0969425469215,139.93541386496582,14133.476800361548,win,0.15900000000000603,4133.47680036155
2025-06-27 03:05:00+00:00,2025-06-27 04:50:00+00:00,buy,106.105,105.86,106.35000000000001,105.86,576.8766040963791,-141.3347680036155,13992.142032357933,loss,-0.24500000000000455,3992.1420323579346
2025-06-27 06:40:00+00:00,2025-06-27 16:40:00+00:00,buy,105.88,105.714,106.04599999999999,106.04599999999999,842.9001224312169,139.92142032357933,14132.063452681512,win,0.16599999999999682,4132.063452681514
2025-06-27 17:35:00+00:00,2025-06-27 18:50:00+00:00,buy,106.095,105.868,106.322,105.868,622.5578613515979,-141.32063452681513,13990.742818154697,loss,-0.22700000000000387,3990.742818154699
2025-06-27 20:45:00+00:00,2025-06-27 20:50:00+00:00,sell,105.69,105.83500000000001,105.54499999999999,105.54499999999999,964.8788150450835,139.90742818154698,14130.650246336243,win,-0.14500000000001023,4130.650246336246
2025-06-30 00:00:00+00:00,2025-06-30 07:50:00+00:00,sell,105.489,105.703,105.275,105.275,660.310759174595,141.30650246336242,14271.956748799605,win,-0.21399999999999864,4271.956748799608
2025-06-30 10:10:00+00:00,2025-06-30 11:25:00+00:00,sell,105.28399999999999,105.438,105.12999999999998,105.438,926.750438233677,-142.71956748799604,14129.237181311608,loss,0.15400000000001057,4129.237181311612
2025-06-30 21:20:00+00:00,2025-07-01 03:00:00+00:00,buy,105.81400000000001,105.654,105.97400000000002,105.654,883.0773238319159,-141.2923718131161,13987.944809498491,loss,-0.1600000000000108,3987.9448094984964
2025-07-01 08:10:00+00:00,2025-07-01 10:10:00+00:00,sell,105.612,105.756,105.46799999999999,105.46799999999999,971.3850562151363,139.87944809498492,14127.824257593476,win,-0.14400000000000546,4127.824257593481
2025-07-01 10:20:00+00:00,2025-07-01 11:50:00+00:00,sell,105.384,105.657,105.111,105.111,517.5027200583764,141.27824257593477,14269.10250016941,win,-0.27299999999999613,4269.102500169416
2025-07-01 12:30:00+00:00,2025-07-01 14:55:00+00:00,sell,105.077,105.242,104.91199999999999,104.91199999999999,864.7940909193254,142.6910250016941,14411.793525171104,win,-0.16500000000000625,4411.793525171111
2025-07-01 16:45:00+00:00,2025-07-01 17:00:00+00:00,sell,104.91499999999999,105.068,104.76199999999999,105.068,941.9472892268338,-144.11793525171103,14267.675589919394,loss,0.1530000000000058,4267.6755899193995
2025-07-01 22:05:00+00:00,2025-07-01 22:25:00+00:00,sell,105.192,105.308,105.07599999999998,105.308,1229.9720336135938,-142.67675589919395,14124.9988340202,loss,0.11600000000001387,4124.998834020205
2025-07-01 23:10:00+00:00,2025-07-01 23:30:00+00:00,sell,105.28,105.385,105.175,105.175,1345.2379841923491,141.249988340202,14266.248822360401,win,-0.10500000000000398,4266.248822360408
2025-07-01 23:40:00+00:00,2025-07-02 08:50:00+00:00,sell,105.13,105.342,104.91799999999999,105.342,672.9362652056689,-142.66248822360402,14123.586334136797,loss,0.2120000000000033,4123.586334136804
2025-07-02 12:10:00+00:00,2025-07-02 15:15:00+00:00,buy,105.521,105.343,105.699,105.343,793.4599064121918,-141.23586334136797,13982.350470795429,loss,-0.17799999999999727,3982.350470795436
2025-07-02 16:30:00+00:00,2025-07-03 14:25:00+00:00,buy,105.624,105.324,105.92399999999999,105.92399999999999,466.07834902651877,139.8235047079543,14122.173975503383,win,0.29999999999999716,4122.1739755033905
2025-07-03 15:30:00+00:00,2025-07-03 15:35:00+00:00,buy,105.961,105.832,106.09,106.09,1094.7421686436317,141.22173975503384,14263.395715258417,win,0.1290000000000049,4263.395715258424
2025-07-03 15:45:00+00:00,2025-07-08 14:25:00+00:00,buy,106.548,105.767,107.32900000000001,107.32900000000001,182.6299067254585,142.63395715258417,14406.029672411001,win,0.7810000000000059,4406.0296724110085
2025-07-08 14:45:00+00:00,2025-07-08 20:35:00+00:00,buy,107.389,107.179,107.59899999999999,107.179,686.0014129719729,-144.06029672411,14261.969375686891,loss,-0.20999999999999375,4261.969375686898
2025-07-08 23:35:00+00:00,2025-07-09 02:10:00+00:00,buy,107.253,107.15,107.356,107.356,1384.6572209405497,142.6196937568689,14404.58906944376,win,0.10299999999999443,4404.589069443768
2025-07-09 02:25:00+00:00,2025-07-09 11:00:00+00:00,buy,107.395,107.216,107.574,107.216,804.7256463376311,-144.04589069443762,14260.543178749323,loss,-0.17900000000000205,4260.54317874933
2025-07-09 15:15:00+00:00,2025-07-09 17:05:00+00:00,sell,107.025,107.152,106.89800000000001,106.89800000000001,1122.8774156495942,142.60543178749325,14403.148610536817,win,-0.12699999999999534,4403.148610536823
2025-07-09 19:10:00+00:00,2025-07-10 03:00:00+00:00,sell,106.88,107.023,106.737,106.737,1007.2131895480244,144.03148610536817,14547.180096642185,win,-0.14300000000000068,4547.1800966421915
2025-07-10 03:10:00+00:00,2025-07-10 06:10:00+00:00,sell,106.684,106.846,106.52199999999999,106.846,897.9740800396071,-145.47180096642185,14401.708295675764,loss,0.16200000000000614,4401.7082956757695
2025-07-10 08:00:00+00:00,2025-07-10 08:10:00+00:00,sell,106.855,106.944,106.766,106.944,1618.1694714242678,-144.01708295675763,14257.691212719006,loss,0.08899999999999864,4257.691212719012
2025-07-10 23:30:00+00:00,2025-07-11 00:15:00+00:00,buy,107.081,106.973,107.18900000000001,106.973,1320.1565937702285,-142.57691212719007,14115.114300591817,loss,-0.10800000000000409,4115.114300591822
2025-07-11 02:50:00+00:00,2025-07-11 03:15:00+00:00,buy,107.092,106.99,107.194,106.99,1383.8347353520865,-141.15114300591816,13973.963157585898,loss,-0.10200000000000387,3973.963157585904
2025-07-11 03:55:00+00:00,2025-07-11 17:20:00+00:00,buy,107.183,106.727,107.63900000000001,107.63900000000001,306.4465604733729,139.739631575859,14113.702789161758,win,0.45600000000000307,4113.702789161763
2025-07-11 19:30:00+00:00,2025-07-14 00:00:00+00:00,buy,107.71600000000001,107.564,107.86800000000002,107.564,928.5330782342331,-141.13702789161758,13972.56576127014,loss,-0.15200000000001523,3972.5657612701452
2025-07-14 01:05:00+00:00,2025-07-14 01:50:00+00:00,buy,107.487,107.327,107.64699999999999,107.64699999999999,873.2853600794024,139.7256576127014,14112.291418882842,win,0.1599999999999966,4112.291418882846
2025-07-14 02:00:00+00:00,2025-07-14 03:40:00+00:00,buy,107.70100000000001,107.475,107.92700000000002,107.475,624.4376734018589,-141.12291418882842,13971.168504694013,loss,-0.2260000000000133,3971.168504694018
2025-07-14 05:40:00+00:00,2025-07-14 10:35:00+00:00,buy,107.495,107.335,107.65500000000002,107.65500000000002,873.1980315433168,139.71168504694012,14110.880189740952,win,0.1600000000000108,4110.880189740958
2025-07-14 10:50:00+00:00,2025-07-15 11:00:00+00:00,buy,107.71600000000001,107.5,107.93200000000002,107.93200000000002,653.2814902657601,141.10880189740953,14251.988991638362,win,0.21600000000000819,4251.988991638367
2025-07-15 13:45:00+00:00,2025-07-15 15:35:00+00:00,buy,107.967,107.838,108.096,108.096,1104.8053481889785,142.51988991638362,14394.508881554746,win,0.1290000000000049,4394.508881554751
2025-07-15 15:45:00+00:00,2025-07-15 17:00:00+00:00,buy,108.226,107.879,108.573,108.573,414.827345289769,143.94508881554745,14538.453970370294,win,0.3469999999999942,4538.453970370298
2025-07-15 18:30:00+00:00,2025-07-16 03:00:00+00:00,buy,108.574,108.41499999999999,108.733,108.41499999999999,914.3681742370909,-145.38453970370296,14393.069430666592,loss,-0.15900000000000603,4393.069430666595
2025-07-16 03:20:00+00:00,2025-07-16 03:55:00+00:00,buy,108.519,108.375,108.66300000000001,108.66300000000001,999.5187104629199,143.9306943066659,14537.000124973258,win,0.14400000000000546,4537.00012497326
2025-07-16 05:25:00+00:00,2025-07-16 07:10:00+00:00,buy,108.563,108.447,108.679,108.679,1253.1896659459742,145.37000124973258,14682.37012622299,win,0.11599999999999966,4682.370126222993
2025-07-16 07:20:00+00:00,2025-07-16 07:50:00+00:00,buy,108.718,108.579,108.85700000000001,108.579,1056.285620591506,-146.8237012622299,14535.54642496076,loss,-0.13900000000001,4535.546424960763
2025-07-16 10:25:00+00:00,2025-07-16 12:30:00+00:00,buy,108.491,108.357,108.625,108.357,1084.742270519457,-145.3554642496076,14390.190960711152,loss,-0.13400000000000034,4390.190960711156
2025-07-16 17:20:00+00:00,2025-07-16 17:50:00+00:00,sell,108.209,108.399,108.019,108.019,757.3784716163855,143.90190960711152,14534.092870318264,win,-0.18999999999999773,4534.092870318267
2025-07-16 18:15:00+00:00,2025-07-16 18:20:00+00:00,sell,107.907,108.209,107.60499999999999,107.60499999999999,481.26135332178615,145.34092870318264,14679.433799021446,win,-0.3020000000000067,4679.43379902145
2025-07-16 20:20:00+00:00,2025-07-17 03:15:00+00:00,sell,107.95,108.21300000000001,107.687,108.21300000000001,558.1533763886371,-146.79433799021447,14532.63946103123,loss,0.26300000000000523,4532.639461031235
2025-07-17 09:05:00+00:00,2025-07-17 10:25:00+00:00,buy,108.316,108.192,108.44000000000001,108.192,1171.987053308881,-145.32639461031232,14387.313066420918,loss,-0.12400000000000944,4387.313066420923
2025-07-17 13:25:00+00:00,2025-07-17 13:55:00+00:00,sell,108.13,108.267,107.993,107.993,1050.1688369650271,143.87313066420919,14531.186197085128,win,-0.13700000000000045,4531.186197085132
2025-07-17 14:05:00+00:00,2025-07-17 15:30:00+00:00,sell,107.956,108.162,107.75,108.162,705.3973882080054,-145.31186197085128,14385.874335114277,loss,0.20600000000000307,4385.874335114281
2025-07-17 15:50:00+00:00,2025-07-18 09:40:00+00:00,sell,108.028,108.312,107.74400000000001,108.312,506.5448709547427,-143.85874335114278,14242.015591763135,loss,0.2839999999999918,4242.015591763138
2025-07-18 10:40:00+00:00,2025-07-18 11:45:00+00:00,buy,108.366,108.215,108.517,108.215,943.1798405141383,-142.42015591763135,14099.595435845504,loss,-0.15099999999999625,4099.5954358455065
2025-07-18 12:30:00+00:00,2025-07-18 17:00:00+00:00,buy,108.322,108.169,108.47500000000001,108.169,921.5421853493444,-140.99595435845504,13958.599481487048,loss,-0.1530000000000058,3958.5994814870514
2025-07-18 17:15:00+00:00,2025-07-21 00:00:00+00:00,buy,108.288,108.116,108.46,108.116,811.546481481819,-139.58599481487047,13819.013486672178,loss,-0.17199999999999704,3819.013486672181
2025-07-21 03:05:00+00:00,2025-07-21 09:15:00+00:00,sell,108.097,108.253,107.94099999999999,107.94099999999999,885.8341978635676,138.1901348667218,13957.2036215389,win,-0.1560000000000059,3957.2036215389026
2025-07-21 09:25:00+00:00,2025-07-21 14:05:00+00:00,sell,107.896,108.143,107.649,107.649,565.0689725319396,139.572036215389,14096.77565775429,win,-0.2469999999999999,4096.775657754291
2025-07-21 14:55:00+00:00,2025-07-21 19:25:00+00:00,sell,107.619,107.768,107.47,107.47,946.0923260237721,140.9677565775429,14237.743414331833,win,-0.1490000000000009,4237.743414331834
2025-07-22 00:00:00+00:00,2025-07-22 02:45:00+00:00,sell,107.667,107.798,107.536,107.798,1086.8506423154054,-142.37743414331834,14095.365980188515,loss,0.13100000000000023,4095.365980188516
2025-07-22 03:50:00+00:00,2025-07-22 07:40:00+00:00,sell,107.716,107.863,107.56899999999999,107.863,958.8684340263933,-140.95365980188515,13954.41232038663,loss,0.14700000000000557,3954.4123203866307
2025-07-22 10:10:00+00:00,2025-07-22 10:55:00+00:00,buy,108.06,107.904,108.21600000000001,107.904,894.5136102811603,-139.5441232038663,13814.868197182763,loss,-0.1560000000000059,3814.8681971827646
2025-07-22 14:30:00+00:00,2025-07-22 14:40:00+00:00,sell,107.786,107.908,107.664,107.664,1132.3662456707195,138.14868197182764,13953.016879154591,win,-0.12199999999999989,3953.016879154592
2025-07-22 15:10:00+00:00,2025-07-22 15:50:00+00:00,sell,107.589,107.881,107.297,107.297,477.8430438066615,139.53016879154592,14092.547047946136,win,-0.2920000000000016,4092.547047946138
2025-07-22 16:50:00+00:00,2025-07-22 20:45:00+00:00,sell,107.257,107.646,106.86800000000001,107.646,362.27627372612574,-140.92547047946138,13951.621577466674,loss,0.3889999999999958,3951.6215774666766
2025-07-23 02:20:00+00:00,2025-07-23 03:15:00+00:00,buy,107.886,107.732,108.03999999999999,107.732,905.949453082273,-139.51621577466673,13812.105361692007,loss,-0.15399999999999636,3812.10536169201
2025-07-23 05:15:00+00:00,2025-07-23 05:30:00+00:00,buy,107.923,107.642,108.20400000000001,108.20400000000001,491.5339986367159,138.12105361692008,13950.226415308927,win,0.2810000000000059,3950.22641530893
2025-07-23 06:55:00+00:00,2025-07-23 09:30:00+00:00,buy,108.069,107.91499999999999,108.22300000000001,107.91499999999999,905.8588581368812,-139.50226415308927,13810.724151155839,loss,-0.15400000000001057,3810.724151155841
2025-07-23 10:45:00+00:00,2025-07-23 12:45:00+00:00,buy,107.981,107.829,108.133,107.829,908.6002731023517,-138.10724151155839,13672.61690964428,loss,-0.15200000000000102,3672.6169096442827
2025-07-23 16:50:00+00:00,2025-07-23 17:45:00+00:00,sell,107.596,107.803,107.38900000000001,107.38900000000001,660.5128941857344,136.72616909644282,13809.343078740723,win,-0.20699999999999363,3809.3430787407256
2025-07-24 00:35:00+00:00,2025-07-24 04:00:00+00:00,sell,107.658,107.795,107.521,107.521,1007.9812466234072,138.09343078740724,13947.43650952813,win,-0.13700000000000045,3947.436509528133
2025-07-24 04:10:00+00:00,2025-07-24 04:50:00+00:00,sell,107.478,107.706,107.24999999999999,107.24999999999999,611.729671470509,139.4743650952813,14086.91087462341,win,-0.22800000000000864,4086.910874623414
2025-07-24 06:45:00+00:00,2025-07-24 09:10:00+00:00,sell,107.298,107.44800000000001,107.148,107.44800000000001,939.1273916415252,-140.8691087462341,13946.041765877177,loss,0.15000000000000568,3946.0417658771803
2025-07-24 17:55:00+00:00,2025-07-25 04:40:00+00:00,buy,107.756,107.499,108.013,108.013,542.6475395282843,139.46041765877177,14085.502183535948,win,0.257000000000005,4085.502183535952
2025-07-25 11:05:00+00:00,2025-07-25 11:10:00+00:00,buy,107.836,107.67699999999999,107.995,107.995,885.8806404739254,140.85502183535948,14226.357205371307,win,0.15900000000000603,4226.3572053713115
2025-07-25 11:35:00+00:00,2025-07-25 16:55:00+00:00,buy,108.065,107.726,108.404,107.726,419.6565547307187,-142.26357205371306,14084.093633317594,loss,-0.33899999999999864,4084.0936333175982
2025-07-25 21:50:00+00:00,2025-07-25 23:20:00+00:00,sell,107.654,107.753,107.55499999999999,107.753,1422.6357205370766,-140.84093633317593,13943.252696984418,loss,0.09900000000000375,3943.252696984422
2025-07-28 05:10:00+00:00,2025-07-28 10:15:00+00:00,buy,107.958,107.81,108.106,107.81,942.1116687151881,-139.4325269698442,13803.820170014575,loss,-0.14799999999999613,3803.820170014578
2025-07-28 11:50:00+00:00,2025-07-28 14:00:00+00:00,buy,107.995,107.851,108.13900000000001,108.13900000000001,958.5986229176425,138.03820170014575,13941.858371714721,win,0.14400000000000546,3941.8583717147235
2025-07-28 16:50:00+00:00,2025-07-28 18:15:00+00:00,buy,108.01,107.837,108.183,108.183,805.8877671511315,139.41858371714721,14081.27695543187,win,0.17300000000000182,4081.2769554318706
2025-07-28 18:25:00+00:00,2025-07-29 05:25:00+00:00,buy,108.217,108.04899999999999,108.385,108.04899999999999,838.1712473471033,-140.8127695543187,13940.46418587755,loss,-0.16800000000000637,3940.464185877552
2025-07-29 13:20:00+00:00,2025-07-29 17:50:00+00:00,sell,107.976,108.104,107.848,107.848,1089.0987645216826,139.4046418587755,14079.868827736325,win,-0.1280000000000001,4079.8688277363276
2025-07-29 18:00:00+00:00,2025-07-30 06:10:00+00:00,sell,107.766,108.049,107.483,107.483,497.5218667044616,140.79868827736325,14220.66751601369,win,-0.28300000000000125,4220.667516013691
2025-07-30 08:20:00+00:00,2025-07-30 15:30:00+00:00,sell,107.473,107.634,107.312,107.634,883.271274286557,-142.20667516013688,14078.460840853553,loss,0.16100000000000136,4078.460840853554
2025-07-30 21:40:00+00:00,2025-07-31 05:00:00+00:00,buy,107.896,107.672,108.12,107.672,628.5027161095231,-140.78460840853555,13937.676232445017,loss,-0.22400000000000375,3937.6762324450187
2025-07-31 09:30:00+00:00,2025-07-31 09:35:00+00:00,sell,107.617,107.753,107.48100000000001,107.753,1024.8291347386366,-139.37676232445017,13798.299470120568,loss,0.13599999999999568,3798.2994701205685
2025-07-31 12:10:00+00:00,2025-07-31 14:20:00+00:00,buy,108.203,108.038,108.36800000000001,108.36800000000001,836.2605739466694,137.98299470120568,13936.282464821774,win,0.16500000000000625,3936.2824648217743
2025-07-31 15:35:00+00:00,2025-07-31 15:50:00+00:00,buy,108.398,108.229,108.567,108.567,824.6320985101792,139.36282464821775,14075.645289469992,win,0.16899999999999693,4075.645289469992
2025-07-31 16:00:00+00:00,2025-08-01 04:05:00+00:00,buy,108.628,108.312,108.944,108.944,445.4318129579076,140.75645289469992,14216.401742364693,win,0.3160000000000025,4216.401742364692
2025-08-01 15:30:00+00:00,2025-08-01 15:35:00+00:00,sell,108.369,108.542,108.196,108.196,821.7573261482395,142.16401742364692,14358.56575978834,win,-0.17300000000000182,4358.565759788339
2025-08-01 15:45:00+00:00,2025-08-01 20:05:00+00:00,sell,107.838,108.578,107.09799999999998,107.09799999999998,194.03467242956978,143.5856575978834,14502.151417386223,win,-0.7400000000000091,4502.151417386222
2025-08-01 20:15:00+00:00,2025-08-04 00:30:00+00:00,sell,107.047,107.321,106.773,106.773,529.275599174678,145.02151417386224,14647.172931560086,win,-0.2740000000000009,4647.172931560085
2025-08-04 00:55:00+00:00,2025-08-04 02:25:00+00:00,sell,106.742,106.908,106.57600000000001,106.908,882.3598151542391,-146.47172931560087,14500.701202244485,loss,0.16599999999999682,4500.701202244484
2025-08-04 02:45:00+00:00,2025-08-04 03:00:00+00:00,sell,106.783,106.95400000000001,106.612,106.95400000000001,847.9942223534465,-145.00701202244485,14355.69419022204,loss,0.17100000000000648,4355.69419022204
2025-08-04 09:30:00+00:00,2025-08-04 10:05:00+00:00,sell,107.192,107.33200000000001,107.05199999999998,107.33200000000001,1025.4067278728946,-143.55694190222042,14212.13724831982,loss,0.14000000000001478,4212.137248319819
2025-08-04 12:30:00+00:00,2025-08-04 13:50:00+00:00,sell,107.23,107.344,107.11600000000001,107.11600000000001,1246.6787059930748,142.1213724831982,14354.258620803017,win,-0.11399999999999011,4354.258620803017
2025-08-04 14:00:00+00:00,2025-08-04 15:00:00+00:00,sell,107.084,107.241,106.927,106.927,914.2839885861999,143.54258620803017,14497.801207011047,win,-0.15699999999999648,4497.801207011047
2025-08-04 15:20:00+00:00,2025-08-04 20:45:00+00:00,sell,106.897,107.116,106.67800000000001,106.67800000000001,662.0000551146776,144.97801207011048,14642.779219081158,win,-0.2189999999999941,4642.779219081158
2025-08-04 21:35:00+00:00,2025-08-05 03:45:00+00:00,sell,106.632,106.772,106.492,106.772,1045.9128013629356,-146.42779219081157,14496.351426890345,loss,0.14000000000000057,4496.351426890346
2025-08-05 07:35:00+00:00,2025-08-05 09:35:00+00:00,sell,106.682,106.81,106.554,106.81,1132.5274552258072,-144.96351426890345,14351.387912621442,loss,0.1280000000000001,4351.387912621443
2025-08-05 16:45:00+00:00,2025-08-05 17:05:00+00:00,buy,107.11,106.975,107.245,106.975,1063.0657713052517,-143.51387912621442,14207.874033495227,loss,-0.13500000000000512,4207.874033495229
2025-08-05 18:45:00+00:00,2025-08-06 02:40:00+00:00,buy,107.027,106.847,107.20700000000001,107.20700000000001,789.3263351941494,142.07874033495227,14349.95277383018,win,0.18000000000000682,4349.952773830181
2025-08-06 04:00:00+00:00,2025-08-06 06:20:00+00:00,buy,107.193,107.04299999999999,107.343,107.04299999999999,956.663518255309,-143.4995277383018,14206.453246091878,loss,-0.15000000000000568,4206.45324609188
2025-08-06 09:35:00+00:00,2025-08-06 11:20:00+00:00,buy,107.147,107.021,107.27300000000001,107.27300000000001,1127.4962893723286,142.0645324609188,14348.517778552798,win,0.12600000000000477,4348.5177785527985
2025-08-06 11:30:00+00:00,2025-08-06 16:45:00+00:00,buy,107.31,107.148,107.47200000000001,107.148,885.710973984707,-143.48517778552798,14205.03260076727,loss,-0.16200000000000614,4205.03260076727
2025-08-06 18:30:00+00:00,2025-08-06 21:20:00+00:00,buy,107.243,107.071,107.41499999999999,107.071,825.873988416716,-142.0503260076727,14062.982274759597,loss,-0.17199999999999704,4062.9822747595977
2025-08-07 03:05:00+00:00,2025-08-07 03:45:00+00:00,buy,107.20700000000001,107.089,107.32500000000002,107.32500000000002,1191.778158877839,140.62982274759597,14203.612097507194,win,0.11800000000000921,4203.6120975071935
2025-08-07 03:55:00+00:00,2025-08-07 09:15:00+00:00,buy,107.38,107.204,107.556,107.204,807.0234146310818,-142.03612097507195,14061.575976532122,loss,-0.17600000000000193,4061.575976532122
2025-08-07 13:45:00+00:00,2025-08-07 14:55:00+00:00,buy,107.349,107.211,107.48700000000001,107.211,1018.9547809080863,-140.61575976532123,13920.9602167668,loss,-0.13800000000000523,3920.9602167668004
2025-08-07 22:30:00+00:00,2025-08-07 22:35:00+00:00,sell,107.133,107.258,107.008,107.008,1113.676817341344,139.209602167668,14060.169818934468,win,-0.125,4060.1698189344684
2025-08-07 22:45:00+00:00,2025-08-08 08:55:00+00:00,sell,106.949,107.211,106.687,107.211,536.6477030127651,-140.6016981893447,13919.568120745123,loss,0.26200000000000045,3919.5681207451235
2025-08-08 10:40:00+00:00,2025-08-08 11:55:00+00:00,buy,107.31400000000001,107.156,107.47200000000001,107.47200000000001,880.9853240977857,139.19568120745123,14058.763801952575,win,0.15800000000000125,4058.763801952575
2025-08-08 12:40:00+00:00,2025-08-11 00:00:00+00:00,buy,107.546,107.312,107.78000000000002,107.312,600.8018718782923,-140.58763801952574,13918.176163933049,loss,-0.23400000000000887,3918.176163933049
2025-08-11 01:25:00+00:00,2025-08-11 10:00:00+00:00,buy,107.4,107.225,107.57500000000002,107.225,795.3243522246939,-139.1817616393305,13778.994402293718,loss,-0.17500000000001137,3778.9944022937184
2025-08-11 10:30:00+00:00,2025-08-11 10:40:00+00:00,sell,107.187,107.321,107.053,107.053,1028.283164350275,137.7899440229372,13916.784346316656,win,-0.13400000000000034,3916.7843463166555
2025-08-11 10:50:00+00:00,2025-08-11 13:05:00+00:00,sell,107.022,107.271,106.77300000000001,107.271,558.9070018601174,-139.16784346316655,13777.616502853489,loss,0.24899999999999523,3777.616502853489
2025-08-11 15:20:00+00:00,2025-08-11 19:50:00+00:00,sell,107.219,107.387,107.05099999999999,107.387,820.0962204079148,-137.7761650285349,13639.840337824953,loss,0.16800000000000637,3639.840337824954
2025-08-11 20:30:00+00:00,2025-08-11 22:55:00+00:00,buy,107.417,107.288,107.546,107.546,1057.351964172437,136.39840337824953,13776.238741203202,win,0.1290000000000049,3776.2387412032035
2025-08-12 01:40:00+00:00,2025-08-12 03:20:00+00:00,buy,107.556,107.42699999999999,107.685,107.685,1067.9254838141612,137.762387412032,13914.001128615235,win,0.1290000000000049,3914.0011286152358
2025-08-12 06:20:00+00:00,2025-08-12 08:15:00+00:00,buy,107.72,107.621,107.819,107.621,1405.454659456031,-139.14001128615234,13774.861117329083,loss,-0.09900000000000375,3774.8611173290833
2025-08-12 11:50:00+00:00,2025-08-12 15:30:00+00:00,buy,107.652,107.498,107.806,107.498,894.4715011252863,-137.74861117329084,13637.112506155792,loss,-0.15399999999999636,3637.1125061557923
2025-08-12 20:10:00+00:00,2025-08-13 04:45:00+00:00,sell,107.266,107.426,107.10600000000001,107.426,852.3195316347552,-136.37112506155793,13500.741381094234,loss,0.1599999999999966,3500.7413810942344
2025-08-13 07:55:00+00:00,2025-08-13 10:10:00+00:00,sell,107.383,107.499,107.267,107.267,1163.8570156115754,135.00741381094235,13635.748794905177,win,-0.11599999999999966,3635.7487949051765
2025-08-13 10:20:00+00:00,2025-08-13 11:30:00+00:00,sell,107.214,107.378,107.05,107.05,831.4480972503083,136.35748794905177,13772.106282854229,win,-0.16400000000000148,3772.106282854228
2025-08-13 11:45:00+00:00,2025-08-13 14:30:00+00:00,sell,106.996,107.214,106.77799999999999,107.214,631.7479946263306,-137.7210628285423,13634.385220025686,loss,0.21800000000000352,3634.3852200256856
2025-08-13 14:50:00+00:00,2025-08-13 15:00:00+00:00,sell,107.124,107.249,106.999,106.999,1090.750817602055,136.34385220025686,13770.729072225942,win,-0.125,3770.7290722259427
2025-08-13 17:00:00+00:00,2025-08-13 22:55:00+00:00,sell,106.937,107.129,106.74499999999999,107.129,717.2254725117406,-137.70729072225942,13633.021781503683,loss,0.19200000000000728,3633.021781503683
2025-08-14 02:55:00+00:00,2025-08-14 03:00:00+00:00,sell,107.001,107.107,106.89500000000001,106.89500000000001,1286.1341303306024,136.33021781503683,13769.35199931872,win,-0.10599999999999454,3769.35199931872
2025-08-14 03:10:00+00:00,2025-08-14 04:00:00+00:00,sell,106.821,107.063,106.579,106.579,568.9814875751433,137.6935199931872,13907.045519311907,win,-0.24200000000000443,3907.0455193119074
2025-08-14 04:10:00+00:00,2025-08-14 09:20:00+00:00,sell,106.532,106.765,106.29899999999999,106.29899999999999,596.8689064082259,139.07045519311907,14046.115974505026,win,-0.2330000000000041,4046.1159745050263
2025-08-14 10:35:00+00:00,2025-08-14 11:10:00+00:00,sell,106.271,106.429,106.113,106.429,888.9946819306907,-140.46115974505025,13905.654814759977,loss,0.15800000000000125,3905.654814759976
2025-08-14 13:30:00+00:00,2025-08-14 15:25:00+00:00,sell,106.37,106.497,106.24300000000001,106.24300000000001,1094.933449981141,139.05654814759978,14044.711362907577,win,-0.12699999999999534,4044.7113629075757
2025-08-14 21:00:00+00:00,2025-08-14 23:00:00+00:00,buy,107.08,106.965,107.195,106.965,1221.2792489485394,-140.44711362907577,13904.264249278502,loss,-0.11499999999999488,3904.2642492785
2025-08-15 02:10:00+00:00,2025-08-15 02:50:00+00:00,buy,106.999,106.901,107.097,106.901,1418.8024744161883,-139.042642492785,13765.221606785717,loss,-0.09799999999999898,3765.221606785715
2025-08-15 07:25:00+00:00,2025-08-15 10:25:00+00:00,sell,106.594,106.699,106.48899999999999,106.699,1310.973486360495,-137.65221606785718,13627.56939071786,loss,0.10500000000000398,3627.5693907178575
2025-08-15 10:55:00+00:00,2025-08-15 17:40:00+00:00,sell,106.55,106.729,106.371,106.371,761.3167257384192,136.2756939071786,13763.845084625038,win,-0.17900000000000205,3763.845084625036
2025-08-15 23:45:00+00:00,2025-08-18 02:15:00+00:00,sell,106.538,106.643,106.43299999999999,106.643,1310.8423890118586,-137.63845084625038,13626.206633778787,loss,0.10500000000000398,3626.206633778786
2025-08-18 07:15:00+00:00,2025-08-18 10:05:00+00:00,buy,106.84100000000001,106.71,106.97200000000002,106.71,1040.1684453265104,-136.26206633778787,13489.944567441,loss,-0.13100000000001444,3489.944567440998
2025-08-18 10:55:00+00:00,2025-08-18 15:05:00+00:00,buy,106.834,106.66199999999999,107.00600000000001,107.00600000000001,784.2991027581463,134.89944567441,13624.84401311541,win,0.17200000000001125,3624.844013115408
2025-08-18 15:15:00+00:00,2025-08-18 18:45:00+00:00,buy,107.04,106.887,107.19300000000001,106.887,890.5126805957447,-136.2484401311541,13488.595572984255,loss,-0.1530000000000058,3488.595572984254
2025-08-18 20:30:00+00:00,2025-08-18 22:50:00+00:00,buy,107.02,106.911,107.12899999999999,107.12899999999999,1237.4858323839373,134.88595572984255,13623.481528714097,win,0.10899999999999466,3623.4815287140964
2025-08-19 01:10:00+00:00,2025-08-19 03:50:00+00:00,buy,107.128,107.041,107.215,107.041,1565.917417093515,-136.23481528714098,13487.246713426955,loss,-0.0870000000000033,3487.2467134269555
2025-08-19 04:30:00+00:00,2025-08-19 04:35:00+00:00,buy,107.129,107.0,107.25800000000001,107.0,1045.5230010408097,-134.87246713426956,13352.374246292686,loss,-0.1290000000000049,3352.3742462926857
2025-08-19 15:30:00+00:00,2025-08-19 16:40:00+00:00,sell,106.919,107.06700000000001,106.77099999999999,106.77099999999999,902.1874490737671,133.52374246292686,13485.897988755612,win,-0.14800000000001035,3485.8979887556125
2025-08-19 16:50:00+00:00,2025-08-19 18:10:00+00:00,sell,106.724,106.879,106.569,106.569,870.0579347584203,134.85897988755613,13620.756968643169,win,-0.15500000000000114,3620.7569686431684
2025-08-19 19:00:00+00:00,2025-08-20 04:30:00+00:00,sell,106.527,106.722,106.33200000000001,106.33200000000001,698.5003573663408,136.2075696864317,13756.964538329601,win,-0.19499999999999318,3756.9645383296
2025-08-20 04:40:00+00:00,2025-08-20 09:15:00+00:00,sell,106.279,106.472,106.086,106.086,712.7960900688992,137.569645383296,13894.534183712896,win,-0.19299999999999784,3894.5341837128963
2025-08-20 12:15:00+00:00,2025-08-20 16:50:00+00:00,sell,106.275,106.435,106.11500000000001,106.11500000000001,868.4083864820747,138.94534183712898,14033.479525550025,win,-0.1599999999999966,4033.4795255500253
2025-08-20 17:50:00+00:00,2025-08-21 11:25:00+00:00,sell,106.029,106.356,105.702,106.356,429.15839527676155,-140.33479525550024,13893.144730294525,loss,0.3269999999999982,3893.1447302945253
2025-08-21 12:35:00+00:00,2025-08-21 13:30:00+00:00,buy,106.402,106.295,106.509,106.509,1298.4247411490294,138.93144730294526,14032.07617759747,win,0.10699999999999932,4032.0761775974706
2025-08-21 17:05:00+00:00,2025-08-21 18:05:00+00:00,buy,106.458,106.192,106.724,106.724,527.5216608119243,140.3207617759747,14172.396939373444,win,0.26600000000000534,4172.396939373445
2025-08-22 00:55:00+00:00,2025-08-22 03:00:00+00:00,buy,106.657,106.553,106.761,106.761,1362.7304749397647,141.72396939373445,14314.120908767178,win,0.1039999999999992,4314.12090876718
2025-08-22 04:50:00+00:00,2025-08-22 09:40:00+00:00,buy,106.806,106.667,106.945,106.667,1029.7928711343604,-143.14120908767177,14170.979699679507,loss,-0.1389999999999958,4170.979699679508
2025-08-22 10:40:00+00:00,2025-08-22 17:00:00+00:00,buy,106.793,106.635,106.95100000000001,106.635,896.8974493467971,-141.70979699679506,14029.269902682712,loss,-0.15800000000000125,4029.2699026827127
2025-08-22 18:10:00+00:00,2025-08-22 21:40:00+00:00,sell,106.018,106.226,105.81,106.226,674.4841299366741,-140.29269902682714,13888.977203655884,loss,0.2079999999999984,3888.9772036558857
2025-08-25 00:05:00+00:00,2025-08-25 01:55:00+00:00,sell,106.218,106.33800000000001,106.098,106.33800000000001,1157.4147669712797,-138.88977203655884,13750.087431619326,loss,0.12000000000000455,3750.0874316193267
2025-08-25 13:40:00+00:00,2025-08-25 15:35:00+00:00,buy,106.57600000000001,106.483,106.66900000000001,106.66900000000001,1478.504024905248,137.50087431619326,13887.588305935518,win,0.09300000000000352,3887.58830593552
2025-08-25 16:15:00+00:00,2025-08-25 17:00:00+00:00,buy,106.7,106.551,106.849,106.551,932.0529064386196,-138.87588305935517,13748.712422876162,loss,-0.1490000000000009,3748.712422876165
2025-08-25 18:40:00+00:00,2025-08-25 23:35:00+00:00,buy,106.72,106.584,106.856,106.584,1010.9347369762205,-137.48712422876162,13611.225298647401,loss,-0.13599999999999568,3611.225298647403
2025-08-26 01:15:00+00:00,2025-08-26 03:00:00+00:00,buy,106.635,106.513,106.757,106.513,1115.674204807165,-136.112252986474,13475.113045660928,loss,-0.12199999999999989,3475.113045660929
2025-08-26 08:10:00+00:00,2025-08-26 09:15:00+00:00,buy,106.69800000000001,106.579,106.81700000000002,106.579,1132.3624408117096,-134.75113045660927,13340.36191520432,loss,-0.11900000000001398,3340.3619152043198
2025-08-26 14:35:00+00:00,2025-08-26 16:00:00+00:00,sell,106.501,106.639,106.36300000000001,106.639,966.6928924061731,-133.4036191520432,13206.958296052277,loss,0.13799999999999102,3206.9582960522766
2025-08-26 17:15:00+00:00,2025-08-26 19:10:00+00:00,buy,106.683,106.493,106.87300000000002,106.493,695.1030682132341,-132.06958296052278,13074.888713091754,loss,-0.19000000000001194,3074.8887130917537
2025-08-27 00:00:00+00:00,2025-08-27 02:40:00+00:00,sell,106.482,106.604,106.36,106.604,1071.712189597686,-130.74888713091755,12944.139825960836,loss,0.12199999999999989,2944.1398259608363
2025-08-27 03:05:00+00:00,2025-08-27 05:15:00+00:00,buy,106.644,106.53699999999999,106.75100000000002,106.75100000000002,1209.7326940148782,129.44139825960835,13073.581224220445,win,0.10700000000001353,3073.5812242204447
2025-08-27 06:10:00+00:00,2025-08-27 13:20:00+00:00,buy,106.784,106.67399999999999,106.89400000000002,106.89400000000002,1188.507384019893,130.73581224220445,13204.31703646265,win,0.11000000000001364,3204.317036462649
2025-08-27 13:45:00+00:00,2025-08-27 16:15:00+00:00,buy,106.935,106.79899999999999,107.07100000000001,106.79899999999999,970.9056644457124,-132.0431703646265,13072.273866098023,loss,-0.1360000000000099,3072.2738660980226
2025-08-27 16:30:00+00:00,2025-08-27 19:50:00+00:00,buy,106.935,106.76,107.11,106.76,746.9870780627564,-130.72273866098024,12941.551127437042,loss,-0.17499999999999716,2941.5511274370424
2025-08-27 20:45:00+00:00,2025-08-28 08:20:00+00:00,buy,106.904,106.727,107.08099999999999,106.727,731.1610806461916,-129.41551127437043,12812.135616162672,loss,-0.1769999999999925,2812.135616162672
2025-08-28 14:05:00+00:00,2025-08-28 15:30:00+00:00,sell,106.728,106.874,106.582,106.874,877.5435353536029,-128.12135616162672,12684.014260001046,loss,0.1460000000000008,2684.014260001045
2025-08-28 18:45:00+00:00,2025-08-28 20:05:00+00:00,buy,106.885,106.733,107.037,106.733,834.4746223684843,-126.84014260001048,12557.174117401035,loss,-0.15200000000000102,2557.1741174010344
2025-08-28 23:20:00+00:00,2025-08-29 00:10:00+00:00,buy,106.891,106.797,106.98500000000001,106.797,1335.869586957439,-125.57174117401036,12431.602376227025,loss,-0.0940000000000083,2431.6023762270243
2025-08-29 01:20:00+00:00,2025-08-29 10:00:00+00:00,buy,106.866,106.741,106.991,106.991,994.528190098162,124.31602376227025,12555.918399989296,win,0.125,2555.9183999892944
2025-08-29 13:10:00+00:00,2025-08-29 14:05:00+00:00,buy,106.978,106.876,107.07999999999998,107.07999999999998,1230.9723921559382,125.55918399989297,12681.477583989188,win,0.10199999999998965,2681.477583989187
2025-08-29 17:25:00+00:00,2025-09-01 03:50:00+00:00,buy,107.024,106.847,107.20100000000001,107.20100000000001,716.4676601123564,126.81477583989188,12808.29235982908,win,0.1770000000000067,2808.292359829079
2025-09-01 07:30:00+00:00,2025-09-01 09:05:00+00:00,buy,106.994,106.892,107.096,106.892,1255.7149372380975,-128.0829235982908,12680.209436230789,loss,-0.10200000000000387,2680.209436230788
2025-09-01 13:45:00+00:00,2025-09-02 02:15:00+00:00,buy,107.107,106.967,107.247,106.967,905.7292454450527,-126.8020943623079,12553.40734186848,loss,-0.14000000000000057,2553.40734186848
2025-09-02 03:05:00+00:00,2025-09-02 03:15:00+00:00,buy,107.023,106.92699999999999,107.119,107.119,1307.6465981112503,125.53407341868478,12678.941415287165,win,0.09600000000000364,2678.941415287165
2025-09-02 03:30:00+00:00,2025-09-02 06:35:00+00:00,buy,107.163,106.935,107.39099999999999,107.39099999999999,556.0939217231349,126.78941415287167,12805.730829440037,win,0.22799999999999443,2805.730829440037
2025-09-02 07:15:00+00:00,2025-09-02 09:00:00+00:00,buy,107.423,107.277,107.569,107.569,877.1048513315046,128.05730829440037,12933.788137734438,win,0.1460000000000008,2933.788137734437
2025-09-02 09:15:00+00:00,2025-09-02 10:25:00+00:00,buy,107.607,107.42699999999999,107.787,107.787,718.5437854296638,129.3378813773444,13063.126019111784,win,0.18000000000000682,3063.1260191117813
2025-09-02 10:35:00+00:00,2025-09-02 16:30:00+00:00,buy,107.851,107.613,108.089,107.613,548.8708411391516,-130.63126019111783,12932.494758920666,loss,-0.23799999999999955,2932.4947589206636
2025-09-02 18:15:00+00:00,2025-09-02 19:40:00+00:00,buy,107.437,107.251,107.62299999999999,107.62299999999999,695.2954171462991,129.32494758920666,13061.819706509872,win,0.18599999999999284,3061.8197065098702
2025-09-02 19:50:00+00:00,2025-09-03 03:00:00+00:00,buy,107.658,107.512,107.804,107.804,894.6451853773835,130.6181970650987,13192.437903574972,win,0.1460000000000008,3192.437903574969
2025-09-03 03:50:00+00:00,2025-09-03 08:20:00+00:00,buy,107.843,107.696,107.99000000000001,107.696,897.4447553452022,-131.92437903574972,13060.513524539221,loss,-0.14700000000000557,3060.5135245392194
2025-09-03 10:00:00+00:00,2025-09-03 10:15:00+00:00,buy,107.76,107.62,107.9,107.9,932.8938231813692,130.6051352453922,13191.118659784614,win,0.14000000000000057,3191.1186597846117
2025-09-03 10:25:00+00:00,2025-09-03 11:55:00+00:00,buy,107.946,107.644,108.24799999999999,107.644,436.79200860215036,-131.91118659784613,13059.207473186767,loss,-0.3019999999999925,3059.2074731867656
2025-09-03 15:45:00+00:00,2025-09-03 17:00:00+00:00,buy,107.772,107.654,107.89000000000001,107.654,1106.7124977276058,-130.59207473186768,12928.6153984549,loss,-0.11800000000000921,2928.615398454898
2025-09-03 18:25:00+00:00,2025-09-04 04:35:00+00:00,sell,107.35,107.539,107.16099999999999,107.16099999999999,684.0537247859477,129.286153984549,13057.901552439449,win,-0.18900000000000716,3057.9015524394467
2025-09-04 09:45:00+00:00,2025-09-04 10:20:00+00:00,sell,107.274,107.397,107.151,107.397,1061.618012393411,-130.5790155243945,12927.322536915055,loss,0.12300000000000466,2927.3225369150523
2025-09-04 11:40:00+00:00,2025-09-04 16:05:00+00:00,sell,107.316,107.478,107.15400000000001,107.478,797.9828726491173,-129.27322536915057,12798.049311545905,loss,0.16199999999999193,2798.0493115459017
2025-09-05 01:05:00+00:00,2025-09-05 03:15:00+00:00,buy,107.421,107.347,107.49500000000002,107.347,1729.4661231815921,-127.98049311545905,12670.068818430445,loss,-0.07400000000001228,2670.0688184304427
2025-09-05 03:50:00+00:00,2025-09-05 15:30:00+00:00,sell,107.309,107.477,107.14099999999999,107.14099999999999,754.1707630017836,126.70068818430444,12796.76950661475,win,-0.16800000000000637,2796.769506614747
2025-09-05 15:40:00+00:00,2025-09-09 12:30:00+00:00,sell,106.732,107.383,106.081,106.081,196.57096016305414,127.96769506614751,12924.737201680897,win,-0.6509999999999962,2924.7372016808945
2025-09-09 12:50:00+00:00,2025-09-09 14:50:00+00:00,sell,106.029,106.239,105.81899999999999,106.239,615.4636762704956,-129.24737201680898,12795.489829664088,loss,0.21000000000000796,2795.4898296640854
2025-09-09 16:15:00+00:00,2025-09-09 17:00:00+00:00,sell,106.195,106.363,106.02699999999999,106.363,761.6362993847382,-127.95489829664086,12667.534931367447,loss,0.16800000000000637,2667.5349313674446
2025-09-09 22:50:00+00:00,2025-09-10 05:25:00+00:00,sell,106.414,106.511,106.31700000000001,106.31700000000001,1305.9314362235261,126.67534931367446,12794.210280681122,win,-0.0969999999999942,2794.210280681119
2025-09-10 19:25:00+00:00,2025-09-11 09:25:00+00:00,sell,106.334,106.473,106.19500000000001,106.473,920.4467827828424,-127.94210280681122,12666.26817787431,loss,0.1389999999999958,2666.2681778743076
2025-09-11 12:50:00+00:00,2025-09-11 15:30:00+00:00,buy,106.57600000000001,106.46,106.69200000000002,106.46,1091.9196705062755,-126.66268177874309,12539.605496095566,loss,-0.11600000000001387,2539.6054960955644
2025-09-11 22:05:00+00:00,2025-09-12 05:05:00+00:00,sell,106.341,106.487,106.195,106.487,858.8770887736642,-125.39605496095567,12414.20944113461,loss,0.1460000000000008,2414.209441134609
2025-09-12 05:25:00+00:00,2025-09-12 11:05:00+00:00,buy,106.536,106.41799999999999,106.65400000000001,106.65400000000001,1052.0516475536983,124.1420944113461,12538.351535545957,win,0.11800000000000921,2538.351535545955
2025-09-12 11:15:00+00:00,2025-09-12 12:35:00+00:00,buy,106.7,106.501,106.899,106.899,630.0679163590994,125.38351535545956,12663.735050901416,win,0.19899999999999807,2663.7350509014145
2025-09-12 14:55:00+00:00,2025-09-12 16:20:00+00:00,buy,106.805,106.71,106.90000000000002,106.71,1333.0247421999657,-126.63735050901417,12537.097700392402,loss,-0.09500000000001307,2537.0977003924004
2025-09-12 23:10:00+00:00,2025-09-15 01:00:00+00:00,buy,106.648,106.538,106.758,106.758,1139.7361545811334,125.37097700392403,12662.468677396326,win,0.10999999999999943,2662.4686773963244
2025-09-15 07:20:00+00:00,2025-09-15 08:55:00+00:00,sell,106.506,106.594,106.418,106.594,1438.9168951587737,-126.62468677396326,12535.843990622363,loss,0.08799999999999386,2535.843990622361
2025-09-15 10:20:00+00:00,2025-09-15 17:50:00+00:00,sell,106.576,106.702,106.44999999999999,106.702,994.9082532239594,-125.35843990622364,12410.48555071614,loss,0.12600000000000477,2410.4855507161374
2025-09-15 20:40:00+00:00,2025-09-15 21:30:00+00:00,buy,106.819,106.72,106.918,106.918,1253.5843990621888,124.1048555071614,12534.5904062233,win,0.09900000000000375,2534.590406223299
2025-09-15 22:20:00+00:00,2025-09-16 06:35:00+00:00,buy,106.975,106.816,107.13399999999999,106.816,788.3390192593677,-125.345904062233,12409.244502161067,loss,-0.15899999999999181,2409.244502161066
2025-09-16 15:10:00+00:00,2025-09-16 16:45:00+00:00,buy,106.946,106.797,107.095,106.797,832.8352014873149,-124.09244502161067,12285.152057139458,loss,-0.1490000000000009,2285.1520571394553
2025-09-16 17:05:00+00:00,2025-09-16 21:45:00+00:00,sell,106.696,106.95100000000001,106.44099999999999,106.44099999999999,481.77066890741145,122.85152057139457,12408.003577710851,win,-0.25500000000000966,2408.00357771085
2025-09-17 00:30:00+00:00,2025-09-17 03:10:00+00:00,sell,106.562,106.676,106.448,106.448,1088.421366465823,124.08003577710852,12532.08361348796,win,-0.11400000000000432,2532.0836134879587
2025-09-17 06:35:00+00:00,2025-09-17 12:05:00+00:00,sell,106.502,106.608,106.39599999999999,106.39599999999999,1182.2720390082004,125.3208361348796,12657.404449622838,win,-0.10600000000000875,2657.4044496228385
2025-09-17 13:00:00+00:00,2025-09-17 21:00:00+00:00,sell,106.352,106.497,106.20700000000001,106.20700000000001,872.924444801599,126.57404449622838,12783.978494119066,win,-0.14499999999999602,2783.978494119067
2025-09-18 01:05:00+00:00,2025-09-18 02:10:00+00:00,buy,106.705,106.585,106.825,106.585,1065.3315411765486,-127.83978494119069,12656.138709177876,loss,-0.12000000000000455,2656.138709177876
2025-09-18 03:00:00+00:00,2025-09-18 08:55:00+00:00,buy,106.69500000000001,106.55499999999999,106.83500000000002,106.83500000000002,904.0099077983243,126.56138709177877,12782.700096269655,win,0.14000000000001478,2782.7000962696548
2025-09-18 09:05:00+00:00,2025-09-18 10:15:00+00:00,buy,106.912,106.739,107.08500000000001,106.739,738.8843986282959,-127.82700096269653,12654.873095306959,loss,-0.17300000000000182,2654.873095306958
2025-09-18 11:20:00+00:00,2025-09-18 15:40:00+00:00,buy,106.908,106.703,107.113,107.113,617.3108826979056,126.54873095306961,12781.421826260028,win,0.2049999999999983,2781.4218262600275
2025-09-18 15:50:00+00:00,2025-09-19 06:45:00+00:00,buy,107.163,106.882,107.44399999999999,106.882,454.85486926193613,-127.81421826260028,12653.607607997428,loss,-0.2809999999999917,2653.6076079974273
2025-09-19 14:25:00+00:00,2025-09-19 16:15:00+00:00,buy,107.202,107.099,107.30499999999999,107.099,1228.5055930095255,-126.53607607997428,12527.071531917454,loss,-0.10299999999999443,2527.071531917453
2025-09-19 17:05:00+00:00,2025-09-19 17:55:00+00:00,buy,107.152,106.984,107.32000000000001,107.32000000000001,745.6590197569631,125.27071531917454,12652.34224723663,win,0.16800000000000637,2652.3422472366274
2025-09-19 20:40:00+00:00,2025-09-19 23:00:00+00:00,buy,107.384,107.285,107.483,107.285,1278.0143684076918,-126.52342247236628,12525.818824764263,loss,-0.09900000000000375,2525.818824764261
2025-09-22 01:55:00+00:00,2025-09-22 06:00:00+00:00,buy,107.383,107.221,107.54499999999999,107.54499999999999,773.1986928867215,125.25818824764264,12651.077013011905,win,0.16199999999999193,2651.0770130119035
2025-09-22 14:50:00+00:00,2025-09-22 16:00:00+00:00,sell,107.04299999999999,107.183,106.90299999999998,107.183,903.6483580721836,-126.51077013011906,12524.566242881787,loss,0.14000000000001478,2524.5662428817845
2025-09-22 18:55:00+00:00,2025-09-22 19:55:00+00:00,sell,106.99,107.139,106.841,106.841,840.5749156296449,125.24566242881785,12649.811905310604,win,-0.1490000000000009,2649.8119053106025
2025-09-23 03:30:00+00:00,2025-09-23 06:05:00+00:00,sell,106.795,106.897,106.693,106.897,1240.1776377755025,-126.49811905310605,12523.313786257499,loss,0.10200000000000387,2523.3137862574963
2025-09-23 09:45:00+00:00,2025-09-23 11:40:00+00:00,sell,106.814,106.934,106.69399999999999,106.69399999999999,1043.6094821880854,125.23313786257499,12648.546924120074,win,-0.12000000000000455,2648.5469241200713
2025-09-23 11:50:00+00:00,2025-09-23 13:20:00+00:00,sell,106.66199999999999,106.78,106.54399999999998,106.78,1071.9107562812785,-126.48546924120073,12522.061454878873,loss,0.11800000000000921,2522.0614548788703
2025-09-23 16:30:00+00:00,2025-09-23 20:30:00+00:00,sell,106.89,107.022,106.758,106.758,948.6410193089696,125.22061454878873,12647.282069427662,win,-0.132000000000005,2647.2820694276593
2025-09-23 20:40:00+00:00,2025-09-23 20:50:00+00:00,sell,106.717,106.865,106.569,106.569,854.5460857721616,126.47282069427662,12773.754890121938,win,-0.14799999999999613,2773.754890121936
2025-09-23 21:15:00+00:00,2025-09-24 07:00:00+00:00,sell,106.53699999999999,106.81,106.26399999999998,106.81,467.9031095282584,-127.7375489012194,12646.017341220719,loss,0.27300000000001035,2646.017341220717
2025-09-24 11:40:00+00:00,2025-09-24 15:00:00+00:00,buy,106.936,106.804,107.06800000000001,107.06800000000001,958.031616759109,126.46017341220718,12772.477514632927,win,0.132000000000005,2772.477514632924
2025-09-24 15:25:00+00:00,2025-09-25 15:30:00+00:00,buy,107.109,106.928,107.28999999999999,107.28999999999999,705.6617411399509,127.72477514632926,12900.202289779256,win,0.18099999999999739,2900.202289779253
2025-09-25 15:50:00+00:00,2025-09-25 18:40:00+00:00,buy,107.328,107.06099999999999,107.59500000000001,107.59500000000001,483.1536438119388,129.00202289779256,13029.204312677048,win,0.2670000000000101,3029.2043126770454
2025-09-25 23:30:00+00:00,2025-09-26 03:55:00+00:00,buy,107.483,107.383,107.58300000000001,107.383,1302.9204312675936,-130.29204312677047,12898.912269550277,loss,-0.10000000000000853,2898.912269550275
2025-09-26 10:10:00+00:00,2025-09-26 13:05:00+00:00,buy,107.441,107.33,107.552,107.33,1162.064168427909,-128.98912269550277,12769.923146854775,loss,-0.1110000000000042,2769.9231468547723
2025-09-26 18:10:00+00:00,2025-09-29 04:25:00+00:00,sell,107.185,107.32900000000001,107.041,107.041,886.800218531548,127.69923146854775,12897.622378323324,win,-0.14400000000000546,2897.62237832332
2025-09-29 04:35:00+00:00,2025-09-29 08:55:00+00:00,sell,107.003,107.16,106.846,106.846,821.5046100843067,128.97622378323325,13026.598602106556,win,-0.15699999999999648,3026.5986021065532
2025-09-29 09:10:00+00:00,2025-09-29 11:15:00+00:00,sell,106.814,106.96300000000001,106.66499999999998,106.66499999999998,874.2683625573983,130.26598602106557,13156.864588127622,win,-0.14900000000001512,3156.864588127619
2025-09-29 14:55:00+00:00,2025-09-29 16:55:00+00:00,sell,106.703,106.82000000000001,106.586,106.586,1124.5183408655662,131.56864588127624,13288.433234008899,win,-0.11700000000000443,3288.433234008895
2025-09-29 20:45:00+00:00,2025-09-30 03:50:00+00:00,sell,106.735,106.879,106.591,106.879,922.8078634728051,-132.88433234008897,13155.54890166881,loss,0.14400000000000546,3155.548901668806
2025-09-30 06:50:00+00:00,2025-09-30 08:15:00+00:00,sell,106.766,106.92,106.61200000000001,106.61200000000001,854.2564221863066,131.5554890166881,13287.104390685497,win,-0.15399999999999636,3287.1043906854943
2025-09-30 08:25:00+00:00,2025-09-30 09:55:00+00:00,sell,106.56099999999999,106.703,106.41899999999998,106.41899999999998,935.7115768087712,132.87104390685496,13419.975434592352,win,-0.14200000000001012,3419.9754345923493
2025-09-30 10:30:00+00:00,2025-09-30 17:05:00+00:00,sell,106.386,106.547,106.225,106.225,833.538846869083,134.1997543459235,13554.175188938276,win,-0.16100000000000136,3554.1751889382726
2025-09-30 17:55:00+00:00,2025-10-01 03:40:00+00:00,sell,106.18599999999999,106.392,105.97999999999999,106.392,657.9696693659259,-135.54175188938277,13418.633437048893,loss,0.20600000000000307,3418.63343704889
2025-10-01 04:30:00+00:00,2025-10-01 07:50:00+00:00,sell,106.27,106.43,106.10999999999999,106.10999999999999,838.6645898154992,134.18633437048894,13552.819771419381,win,-0.1600000000000108,3552.819771419379
2025-10-01 08:00:00+00:00,2025-10-01 09:35:00+00:00,sell,106.042,106.237,105.84700000000001,105.84700000000001,695.0163985343517,135.52819771419382,13688.347969133574,win,-0.19499999999999318,3688.347969133573
2025-10-01 09:45:00+00:00,2025-10-01 10:20:00+00:00,sell,105.812,105.965,105.65899999999999,105.65899999999999,894.6632659564088,136.88347969133574,13825.23144882491,win,-0.1530000000000058,3825.2314488249085
2025-10-01 11:35:00+00:00,2025-10-01 15:15:00+00:00,sell,105.598,105.756,105.44,105.44,875.0146486597976,138.2523144882491,13963.48376331316,win,-0.15800000000000125,3963.4837633131574
2025-10-01 17:35:00+00:00,2025-10-02 03:00:00+00:00,sell,105.355,105.57000000000001,105.14,105.57000000000001,649.4643610843226,-139.63483763313158,13823.848925680028,loss,0.2150000000000034,3823.848925680026
2025-10-02 04:35:00+00:00,2025-10-02 09:40:00+00:00,sell,105.47,105.659,105.28099999999999,105.659,731.4205780782806,-138.23848925680028,13685.610436423227,loss,0.18900000000000716,3685.6104364232256
2025-10-02 11:05:00+00:00,2025-10-02 12:00:00+00:00,sell,105.474,105.661,105.287,105.287,731.8508254771872,136.85610436423227,13822.46654078746,win,-0.1869999999999976,3822.4665407874577
2025-10-02 12:25:00+00:00,2025-10-02 15:45:00+00:00,sell,105.249,105.474,105.02399999999999,105.474,614.3318462571972,-138.2246654078746,13684.241875379585,loss,0.22500000000000853,3684.2418753795832
2025-10-02 17:35:00+00:00,2025-10-03 04:05:00+00:00,sell,105.408,105.554,105.262,105.554,937.2768407794184,-136.84241875379584,13547.399456625788,loss,0.1460000000000008,3547.3994566257875
2025-10-03 06:10:00+00:00,2025-10-03 10:25:00+00:00,buy,105.755,105.652,105.85799999999999,105.652,1315.2815006433516,-135.4739945662579,13411.92546205953,loss,-0.10299999999999443,3411.9254620595298
2025-10-03 17:05:00+00:00,2025-10-06 00:00:00+00:00,buy,105.617,105.437,105.79700000000001,105.79700000000001,745.10697011439,134.11925462059529,13546.044716680124,win,0.18000000000000682,3546.044716680125
2025-10-06 01:55:00+00:00,2025-10-06 03:00:00+00:00,buy,106.95400000000001,106.692,107.21600000000002,107.21600000000002,517.024607506846,135.46044716680123,13681.505163846925,win,0.26200000000001467,3681.5051638469263
2025-10-06 03:30:00+00:00,2025-10-06 06:10:00+00:00,buy,107.248,107.002,107.49400000000001,107.49400000000001,556.1587464978214,136.81505163846924,13818.320215485393,win,0.24600000000000932,3818.3202154853957
2025-10-06 06:40:00+00:00,2025-10-06 07:35:00+00:00,buy,107.533,107.384,107.682,107.682,927.4040413077389,138.18320215485394,13956.503417640248,win,0.1490000000000009,3956.5034176402496
2025-10-06 07:45:00+00:00,2025-10-06 10:00:00+00:00,buy,107.723,107.521,107.925,107.521,690.916010774276,-139.5650341764025,13816.938383463845,loss,-0.20199999999999818,3816.938383463847
2025-10-06 11:20:00+00:00,2025-10-06 15:00:00+00:00,buy,107.691,107.472,107.91000000000001,107.472,630.9104284686448,-138.16938383463844,13678.768999629207,loss,-0.2190000000000083,3678.7689996292083
2025-10-06 16:30:00+00:00,2025-10-06 19:45:00+00:00,buy,107.418,107.209,107.62700000000001,107.62700000000001,654.4865550061722,136.78768999629207,13815.556689625499,win,0.20900000000000318,3815.5566896255004
2025-10-06 20:45:00+00:00,2025-10-06 23:10:00+00:00,buy,107.661,107.55,107.772,107.772,1244.6447468130607,138.15556689625498,13953.712256521754,win,0.1110000000000042,3953.7122565217555
2025-10-06 23:30:00+00:00,2025-10-07 03:10:00+00:00,buy,107.805,107.689,107.92100000000002,107.92100000000002,1202.9062290103523,139.53712256521754,14093.249379086972,win,0.11600000000001387,4093.249379086973
2025-10-07 07:45:00+00:00,2025-10-07 11:15:00+00:00,buy,107.837,107.71,107.96400000000001,107.96400000000001,1109.7046755185759,140.93249379086973,14234.181872877842,win,0.12700000000000955,4234.181872877843
2025-10-07 11:35:00+00:00,2025-10-07 16:50:00+00:00,buy,108.009,107.839,108.179,108.179,837.3048160516292,142.3418187287784,14376.52369160662,win,0.1700000000000017,4376.523691606621
2025-10-07 17:00:00+00:00,2025-10-07 19:40:00+00:00,buy,108.247,108.028,108.466,108.466,656.4622690231511,143.76523691606621,14520.288928522687,win,0.2189999999999941,4520.288928522687
2025-10-07 20:15:00+00:00,2025-10-07 21:20:00+00:00,buy,108.521,108.316,108.726,108.726,708.3067770011126,145.20288928522686,14665.491817807913,win,0.2049999999999983,4665.491817807913
2025-10-07 21:30:00+00:00,2025-10-08 03:00:00+00:00,buy,108.819,108.566,109.072,109.072,579.6637082137512,146.65491817807913,14812.146735985993,win,0.2530000000000001,4812.146735985993
2025-10-08 03:10:00+00:00,2025-10-08 11:50:00+00:00,buy,109.117,108.875,109.35900000000001,109.35900000000001,612.0721791729637,148.12146735985993,14960.268203345853,win,0.24200000000000443,4960.268203345852
2025-10-08 12:00:00+00:00,2025-10-09 09:15:00+00:00,buy,109.425,109.17699999999999,109.673,109.673,603.236621102644,149.60268203345854,15109.870885379312,win,0.24800000000000466,5109.8708853793105
2025-10-09 09:40:00+00:00,2025-10-09 12:00:00+00:00,buy,109.70700000000001,109.446,109.96800000000002,109.446,578.9222561447792,-151.0987088537931,14958.77217652552,loss,-0.2610000000000099,4958.772176525517
2025-10-09 13:45:00+00:00,2025-10-09 16:05:00+00:00,buy,109.494,109.319,109.669,109.319,854.7869815157578,-149.5877217652552,14809.184454760263,loss,-0.17499999999999716,4809.184454760262
2025-10-09 19:50:00+00:00,2025-10-10 06:35:00+00:00,sell,109.158,109.339,108.977,108.977,818.1869864508552,148.09184454760265,14957.276299307865,win,-0.18099999999999739,4957.276299307865
2025-10-10 06:45:00+00:00,2025-10-10 09:35:00+00:00,sell,108.931,109.09,108.77199999999999,108.77199999999999,940.7092012142954,149.57276299307864,15106.849062300944,win,-0.15900000000000603,5106.849062300944
2025-10-10 11:20:00+00:00,2025-10-10 15:30:00+00:00,sell,108.873,109.07600000000001,108.67,109.07600000000001,744.1797567635824,-151.06849062300944,14955.780571677935,loss,0.20300000000000296,4955.780571677935
2025-10-10 17:15:00+00:00,2025-10-10 18:00:00+00:00,sell,109.012,109.17,108.854,108.854,946.56839061252,149.55780571677934,15105.338377394713,win,-0.15800000000000125,5105.338377394714
2025-10-10 18:10:00+00:00,2025-10-10 18:30:00+00:00,sell,108.66199999999999,109.104,108.21999999999998,108.21999999999998,341.74973704512365,151.05338377394713,15256.391761168661,win,-0.4420000000000073,5256.391761168661
2025-10-10 19:50:00+00:00,2025-10-10 23:50:00+00:00,sell,108.469,108.71600000000001,108.22199999999998,108.22199999999998,617.6676826383721,152.5639176116866,15408.955678780349,win,-0.2470000000000141,5408.955678780348
2025-10-13 02:00:00+00:00,2025-10-13 10:10:00+00:00,sell,108.408,108.73,108.086,108.73,478.53899623541054,-154.0895567878035,15254.866121992545,loss,0.32200000000000273,5254.866121992544
2025-10-13 18:55:00+00:00,2025-10-14 06:40:00+00:00,sell,108.53999999999999,108.74,108.33999999999999,108.33999999999999,762.7433060996165,152.54866121992546,15407.41478321247,win,-0.20000000000000284,5407.41478321247
2025-10-14 06:50:00+00:00,2025-10-14 07:15:00+00:00,sell,108.303,108.501,108.10499999999999,108.10499999999999,778.1522617783781,154.0741478321247,15561.488931044596,win,-0.1980000000000075,5561.488931044594
2025-10-14 08:35:00+00:00,2025-10-14 17:00:00+00:00,sell,108.06,108.237,107.88300000000001,108.237,879.1801655957771,-155.61488931044596,15405.87404173415,loss,0.1769999999999925,5405.874041734149
2025-10-14 18:15:00+00:00,2025-10-15 04:15:00+00:00,sell,108.076,108.357,107.79499999999999,107.79499999999999,548.2517452574316,154.0587404173415,15559.932782151493,win,-0.2810000000000059,5559.93278215149
2025-10-15 05:00:00+00:00,2025-10-15 15:15:00+00:00,sell,107.751,107.985,107.51700000000001,107.985,664.9543923996516,-155.59932782151492,15404.333454329977,loss,0.23399999999999466,5404.333454329975
2025-10-15 16:50:00+00:00,2025-10-15 18:45:00+00:00,sell,107.825,107.99,107.66000000000001,107.66000000000001,933.5959669291346,154.04333454329978,15558.376788873276,win,-0.16499999999999204,5558.376788873275
2025-10-15 20:00:00+00:00,2025-10-15 20:10:00+00:00,sell,107.68299999999999,107.798,107.56799999999998,107.56799999999998,1352.9023294671347,155.58376788873278,15713.96055676201,win,-0.1150000000000091,5713.960556762007
2025-10-15 21:25:00+00:00,2025-10-16 01:40:00+00:00,sell,107.599,107.738,107.46000000000001,107.46000000000001,1130.5007594793155,157.1396055676201,15871.100162329629,win,-0.1389999999999958,5871.100162329628
2025-10-16 03:10:00+00:00,2025-10-16 03:30:00+00:00,sell,107.408,107.57000000000001,107.246,107.246,979.6975408845078,158.71100162329628,16029.811163952925,win,-0.16200000000000614,6029.811163952924
2025-10-16 17:10:00+00:00,2025-10-16 18:25:00+00:00,sell,107.487,107.638,107.33599999999998,107.33599999999998,1061.5768982749546,160.29811163952925,16190.109275592455,win,-0.15100000000001046,6190.109275592454
2025-10-16 18:45:00+00:00,2025-10-16 19:30:00+00:00,sell,107.298,107.499,107.09700000000001,107.09700000000001,805.4780734125864,161.90109275592454,16352.01036834838,win,-0.2009999999999934,6352.0103683483785
2025-10-16 21:05:00+00:00,2025-10-17 06:40:00+00:00,sell,106.997,107.21000000000001,106.78399999999999,106.78399999999999,767.700017293322,163.5201036834838,16515.530472031864,win,-0.21300000000000807,6515.530472031863
2025-10-17 06:50:00+00:00,2025-10-17 09:55:00+00:00,sell,106.72,106.938,106.502,106.502,757.5931409188806,165.15530472031864,16680.685776752183,win,-0.21800000000000352,6680.6857767521815
2025-10-17 10:05:00+00:00,2025-10-17 13:50:00+00:00,sell,106.455,106.775,106.13499999999999,106.775,521.2714305234938,-166.80685776752188,16513.87891898466,loss,0.3200000000000074,6513.878918984659
2025-10-17 21:05:00+00:00,2025-10-17 22:45:00+00:00,buy,107.286,107.146,107.426,107.426,1179.562779927471,165.1387891898466,16679.017708174506,win,0.14000000000000057,6679.017708174506
2025-10-17 23:25:00+00:00,2025-10-20 00:00:00+00:00,buy,107.465,107.332,107.59800000000001,107.332,1254.06148181754,-166.79017708174507,16512.22753109276,loss,-0.13300000000000978,6512.227531092761
2025-10-20 01:00:00+00:00,2025-10-20 02:05:00+00:00,buy,107.471,107.264,107.67800000000001,107.67800000000001,797.6921512604897,165.12227531092762,16677.34980640369,win,0.20700000000000784,6677.3498064036885
2025-10-20 04:05:00+00:00,2025-10-20 04:20:00+00:00,buy,107.74,107.56099999999999,107.919,107.919,931.69551991081,166.77349806403691,16844.12330446773,win,0.17900000000000205,6844.123304467726
2025-10-20 10:10:00+00:00,2025-10-20 11:55:00+00:00,buy,107.479,107.327,107.631,107.327,1108.1660068728695,-168.4412330446773,16675.682071423053,loss,-0.15200000000000102,6675.682071423048
2025-10-21 02:10:00+00:00,2025-10-21 03:00:00+00:00,buy,107.458,107.369,107.547,107.369,1873.6721428565518,-166.75682071423054,16508.92525070882,loss,-0.08899999999999864,6508.925250708818
2025-10-21 04:35:00+00:00,2025-10-21 05:05:00+00:00,buy,107.401,107.212,107.58999999999999,107.58999999999999,873.4881085031449,165.08925250708822,16674.01450321591,win,0.18899999999999295,6674.014503215906
2025-10-21 07:25:00+00:00,2025-10-21 07:55:00+00:00,buy,107.545,107.451,107.63900000000001,107.451,1773.8313301291955,-166.7401450321591,16507.27435818375,loss,-0.0940000000000083,6507.274358183747
2025-10-21 08:10:00+00:00,2025-10-21 12:30:00+00:00,buy,107.651,107.355,107.94699999999999,107.94699999999999,557.6781877764926,165.0727435818375,16672.347101765587,win,0.29599999999999227,6672.347101765584
2025-10-21 13:00:00+00:00,2025-10-21 14:50:00+00:00,buy,108.011,107.83,108.192,108.192,921.1241492688303,166.72347101765587,16839.070572783243,win,0.18099999999999739,6839.07057278324
2025-10-21 15:05:00+00:00,2025-10-21 15:30:00+00:00,buy,108.222,108.079,108.365,108.365,1177.5573827121093,168.39070572783243,17007.461278511077,win,0.14300000000000068,7007.461278511072
2025-10-21 17:50:00+00:00,2025-10-22 08:55:00+00:00,buy,108.255,108.047,108.463,108.463,817.6664076207311,170.07461278511076,17177.53589129619,win,0.2079999999999984,7177.535891296183
2025-10-22 09:05:00+00:00,2025-10-22 10:00:00+00:00,buy,108.511,108.364,108.65799999999999,108.364,1168.5398565508299,-171.7753589129619,17005.76053238323,loss,-0.14699999999999136,7005.760532383221
2025-10-22 12:50:00+00:00,2025-10-22 14:05:00+00:00,buy,108.344,108.223,108.46499999999999,108.223,1405.4347547424725,-170.0576053238323,16835.702927059396,loss,-0.12099999999999511,6835.702927059389
2025-10-22 15:45:00+00:00,2025-10-22 16:45:00+00:00,buy,108.299,108.104,108.49400000000001,108.49400000000001,863.369380874808,168.35702927059396,17004.05995632999,win,0.1950000000000074,7004.059956329983
2025-10-22 17:05:00+00:00,2025-10-22 19:30:00+00:00,buy,108.536,108.333,108.739,108.333,837.638421494076,-170.0405995632999,16834.01935676669,loss,-0.20300000000000296,6834.019356766683
2025-10-22 21:35:00+00:00,2025-10-22 22:35:00+00:00,buy,108.508,108.345,108.67099999999999,108.67099999999999,1032.7619237280387,168.34019356766692,17002.359550334357,win,0.1629999999999967,7002.3595503343495
2025-10-23 01:45:00+00:00,2025-10-23 03:00:00+00:00,buy,108.593,108.519,108.667,108.667,2297.6161554506484,170.02359550334353,17172.3831458377,win,0.07399999999999807,7172.383145837693
2025-10-23 03:10:00+00:00,2025-10-23 04:15:00+00:00,buy,108.74,108.587,108.89299999999999,108.89299999999999,1122.3779833881467,171.72383145837702,17344.106977296076,win,0.1529999999999916,7344.10697729607
2025-10-23 04:30:00+00:00,2025-10-23 13:55:00+00:00,buy,108.936,108.716,109.15600000000002,109.15600000000002,788.3684989679566,173.44106977296076,17517.548047069038,win,0.22000000000001307,7517.548047069031
2025-10-23 16:20:00+00:00,2025-10-24 04:20:00+00:00,buy,109.089,108.94,109.238,109.238,1175.674365575096,175.1754804706904,17692.72352753973,win,0.1490000000000009,7692.7235275397215
2025-10-24 05:00:00+00:00,2025-10-24 05:40:00+00:00,buy,109.27,109.091,109.449,109.091,988.4203088010909,-176.9272352753973,17515.79629226433,loss,-0.17900000000000205,7515.796292264325
2025-10-24 08:05:00+00:00,2025-10-24 10:05:00+00:00,buy,109.165,109.073,109.25700000000002,109.073,1903.8909013328114,-175.15796292264332,17340.638329341687,loss,-0.09200000000001296,7340.638329341681
2025-10-24 17:10:00+00:00,2025-10-24 18:45:00+00:00,sell,108.851,109.074,108.628,109.074,777.6070999704827,-173.40638329341687,17167.231946048272,loss,0.22299999999999898,7167.231946048264
2025-10-24 21:10:00+00:00,2025-10-27 00:00:00+00:00,buy,109.119,109.025,109.213,109.213,1826.301270856314,171.67231946048273,17338.904265508754,win,0.09399999999999409,7338.904265508747
2025-10-27 00:15:00+00:00,2025-10-28 01:55:00+00:00,buy,109.351,109.135,109.567,109.135,802.7270493291313,-173.38904265508754,17165.515222853668,loss,-0.21599999999999397,7165.515222853659
2025-10-28 02:05:00+00:00,2025-10-28 03:05:00+00:00,sell,109.099,109.258,108.94000000000001,108.94000000000001,1079.5921523807895,171.65515222853668,17337.170375082205,win,-0.15899999999999181,7337.170375082195
2025-10-28 05:45:00+00:00,2025-10-28 06:35:00+00:00,sell,108.886,109.014,108.758,108.758,1354.4664355532962,173.37170375082206,17510.542078833027,win,-0.1280000000000001,7510.5420788330175
2025-10-28 06:45:00+00:00,2025-10-28 10:40:00+00:00,sell,108.701,108.919,108.48299999999999,108.48299999999999,803.2358751758139,175.10542078833026,17685.64749962136,win,-0.21800000000000352,7685.647499621347
2025-10-29 03:40:00+00:00,2025-10-29 07:25:00+00:00,buy,109.002,108.713,109.291,109.291,611.9601210941615,176.8564749962136,17862.50397461757,win,0.2890000000000015,7862.503974617561
2025-10-29 07:35:00+00:00,2025-10-29 15:35:00+00:00,buy,109.372,109.04899999999999,109.69500000000001,109.04899999999999,553.018698904556,-178.62503974617573,17683.878934871394,loss,-0.3230000000000075,7683.878934871385
2025-10-29 15:45:00+00:00,2025-10-29 16:30:00+00:00,buy,109.194,108.998,109.39,109.39,902.2387211669173,176.83878934871396,17860.717724220107,win,0.19599999999999795,7860.7177242201
2025-10-29 17:20:00+00:00,2025-10-29 20:00:00+00:00,buy,109.421,109.203,109.63900000000001,109.63900000000001,819.298978175221,178.60717724220106,18039.324901462307,win,0.21800000000000352,8039.324901462301
2025-10-29 20:35:00+00:00,2025-10-29 22:35:00+00:00,buy,109.679,109.45,109.908,109.45,787.7434454787061,-180.39324901462308,17858.931652447685,loss,-0.2289999999999992,7858.931652447677
2025-10-30 00:25:00+00:00,2025-10-30 02:00:00+00:00,buy,109.546,109.416,109.67600000000002,109.67600000000002,1373.7639732651044,178.58931652447686,18037.520968972163,win,0.13000000000000966,8037.520968972154
2025-10-30 05:15:00+00:00,2025-10-30 05:20:00+00:00,buy,109.468,109.265,109.671,109.671,888.5478309838375,180.37520968972163,18217.896178661886,win,0.20300000000000296,8217.896178661877
2025-10-30 05:30:00+00:00,2025-10-30 17:00:00+00:00,buy,109.773,109.17999999999999,110.366,110.366,307.2157871612441,182.17896178661886,18400.075140448505,win,0.5930000000000035,8400.075140448494
2025-10-31 01:00:00+00:00,2025-10-31 01:35:00+00:00,buy,110.222,110.121,110.323,110.121,1821.789617866205,-184.00075140448504,18216.07438904402,loss,-0.10099999999999909,8216.07438904401
2025-10-31 02:50:00+00:00,2025-10-31 03:00:00+00:00,buy,110.149,110.016,110.282,110.016,1369.6296533116263,-182.16074389044022,18033.91364515358,loss,-0.13299999999999557,8033.91364515357
2025-10-31 09:05:00+00:00,2025-10-31 11:45:00+00:00,buy,110.186,110.028,110.34400000000001,110.028,1141.3869395666734,-180.33913645153584,17853.574508702044,loss,-0.15800000000000125,7853.574508702034
2025-10-31 14:30:00+00:00,2025-10-31 14:35:00+00:00,sell,109.91199999999999,110.046,109.77799999999998,109.77799999999998,1332.3563066194108,178.53574508702044,18032.110253789066,win,-0.13400000000001455,8032.110253789055
2025-10-31 17:45:00+00:00,2025-10-31 18:20:00+00:00,sell,109.841,109.978,109.704,109.978,1316.212427283869,-180.32110253789065,17851.789151251174,loss,0.13700000000000045,7851.789151251164
2025-10-31 21:55:00+00:00,2025-11-03 01:15:00+00:00,sell,109.877,110.002,109.752,110.002,1428.143132100094,-178.51789151251174,17673.271259738664,loss,0.125,7673.271259738653
2025-11-03 02:20:00+00:00,2025-11-03 09:20:00+00:00,sell,109.968,110.098,109.83800000000001,110.098,1359.4824045953294,-176.73271259738664,17496.538547141277,loss,0.12999999999999545,7496.538547141266
2025-11-03 10:30:00+00:00,2025-11-03 13:10:00+00:00,sell,109.896,110.048,109.744,109.744,1151.0880623119185,174.9653854714128,17671.50393261269,win,-0.15200000000000102,7671.503932612678
2025-11-03 15:40:00+00:00,2025-11-03 16:35:00+00:00,sell,109.762,109.874,109.65,109.65,1577.8128511262069,176.7150393261269,17848.218971938815,win,-0.11199999999999477,7848.218971938805
2025-11-03 16:45:00+00:00,2025-11-03 17:00:00+00:00,sell,109.61,109.754,109.466,109.466,1239.4596508290374,178.48218971938815,18026.701161658202,win,-0.14400000000000546,8026.701161658193
2025-11-04 04:15:00+00:00,2025-11-04 06:25:00+00:00,sell,109.658,109.818,109.498,109.498,1126.6688226036617,180.26701161658204,18206.968173274785,win,-0.1599999999999966,8206.968173274776
2025-11-04 06:35:00+00:00,2025-11-04 07:30:00+00:00,sell,109.451,109.601,109.30099999999999,109.30099999999999,1213.7978782182731,182.06968173274788,18389.037855007533,win,-0.15000000000000568,8389.037855007524
2025-11-04 07:40:00+00:00,2025-11-04 12:00:00+00:00,sell,109.268,109.507,109.029,109.029,769.4158098329373,183.89037855007533,18572.92823355761,win,-0.23900000000000432,8572.928233557599
2025-11-04 13:15:00+00:00,2025-11-04 15:35:00+00:00,sell,109.063,109.186,108.94,108.94,1509.9941653298297,185.7292823355761,18758.657515893185,win,-0.12300000000000466,8758.657515893176
2025-11-04 15:50:00+00:00,2025-11-05 02:55:00+00:00,sell,108.88,109.056,108.704,108.704,1065.8328134030103,187.58657515893188,18946.244091052118,win,-0.17600000000000193,8946.244091052107
2025-11-05 03:05:00+00:00,2025-11-05 08:15:00+00:00,sell,108.612,108.867,108.35699999999999,108.867,742.9899643549569,-189.4624409105212,18756.7816501416,loss,0.25500000000000966,8756.781650141585
2025-11-05 09:35:00+00:00,2025-11-05 10:10:00+00:00,sell,108.696,108.913,108.479,108.913,864.3678179788806,-187.567816501416,18569.213833640184,loss,0.21699999999999875,8569.21383364017
2025-11-05 10:45:00+00:00,2025-11-05 15:55:00+00:00,sell,108.72,108.946,108.494,108.946,821.6466298070911,-185.69213833640185,18383.52169530378,loss,0.2259999999999991,8383.521695303767
2025-11-05 18:45:00+00:00,2025-11-06 02:20:00+00:00,buy,109.275,109.101,109.44900000000001,109.101,1056.5242353622461,-183.8352169530378,18199.686478350744,loss,-0.1740000000000066,8199.68647835073
2025-11-06 04:30:00+00:00,2025-11-06 10:00:00+00:00,buy,109.158,109.019,109.297,109.019,1309.3299624713163,-181.99686478350745,18017.689613567236,loss,-0.1389999999999958,8017.689613567222
2025-11-06 15:30:00+00:00,2025-11-06 16:05:00+00:00,sell,108.938,109.051,108.825,108.825,1594.4858065103813,180.17689613567237,18197.866509702908,win,-0.11299999999999955,8197.866509702895
2025-11-06 16:40:00+00:00,2025-11-06 17:00:00+00:00,sell,108.76,108.944,108.57600000000001,108.57600000000001,989.0144842229976,181.97866509702908,18379.845174799935,win,-0.1839999999999975,8379.845174799924
2025-11-06 17:35:00+00:00,2025-11-07 15:30:00+00:00,sell,108.43299999999999,108.855,108.01099999999998,108.855,435.54135485306745,-183.79845174799937,18196.046723051935,loss,0.42200000000001125,8196.046723051924
2025-11-07 15:45:00+00:00,2025-11-10 01:05:00+00:00,buy,109.005,108.489,109.52099999999999,109.52099999999999,352.6365644002374,181.96046723051936,18378.007190282453,win,0.5159999999999911,8378.007190282444
2025-11-10 02:20:00+00:00,2025-11-10 10:00:00+00:00,buy,109.575,109.212,109.938,109.938,506.2811898149443,183.78007190282455,18561.787262185277,win,0.36299999999999955,8561.787262185268
2025-11-10 10:30:00+00:00,2025-11-10 16:40:00+00:00,buy,109.989,109.828,110.15,109.828,1152.9060411295106,-185.6178726218528,18376.169389563423,loss,-0.16100000000000136,8376.169389563414
2025-11-10 16:50:00+00:00,2025-11-10 17:50:00+00:00,buy,109.925,109.792,110.05799999999999,109.792,1381.6668713957922,-183.76169389563424,18192.40769566779,loss,-0.13299999999999557,8192.40769566778
2025-11-10 19:40:00+00:00,2025-11-10 23:30:00+00:00,buy,109.797,109.657,109.937,109.937,1299.457692547694,181.9240769566779,18374.331772624468,win,0.14000000000000057,8374.331772624459
2025-11-11 02:00:00+00:00,2025-11-11 03:00:00+00:00,buy,109.943,109.843,110.04299999999999,110.04299999999999,1837.4331772625512,183.74331772624467,18558.075090350714,win,0.09999999999999432,8558.075090350703
2025-11-11 03:25:00+00:00,2025-11-11 05:20:00+00:00,buy,110.078,109.916,110.24000000000001,109.916,1145.5601907623463,-185.58075090350715,18372.494339447207,loss,-0.16200000000000614,8372.494339447196
2025-11-11 10:00:00+00:00,2025-11-11 15:25:00+00:00,buy,109.946,109.795,110.097,109.795,1216.72147943362,-183.72494339447206,18188.769396052736,loss,-0.15099999999999625,8188.769396052724
2025-11-11 16:10:00+00:00,2025-11-11 17:00:00+00:00,buy,109.825,109.661,109.989,109.989,1109.0713046373521,181.88769396052737,18370.657090013265,win,0.16400000000000148,8370.657090013252
2025-11-11 17:10:00+00:00,2025-11-12 06:40:00+00:00,buy,110.043,109.775,110.311,110.311,685.4722794781052,183.70657090013265,18554.363660913397,win,0.2680000000000007,8554.363660913385
2025-11-12 06:50:00+00:00,2025-11-12 15:35:00+00:00,buy,110.36,110.136,110.584,110.584,828.3198062907628,185.54363660913398,18739.90729752253,win,0.22400000000000375,8739.907297522519
2025-11-12 17:55:00+00:00,2025-11-12 19:00:00+00:00,buy,110.561,110.417,110.70500000000001,110.417,1301.3824512167932,-187.39907297522532,18552.508224547306,loss,-0.14400000000000546,8552.508224547293
2025-11-12 20:40:00+00:00,2025-11-13 03:05:00+00:00,buy,110.506,110.392,110.62,110.62,1627.413002153211,185.52508224547307,18738.03330679278,win,0.11400000000000432,8738.033306792766
2025-11-13 06:20:00+00:00,2025-11-13 07:40:00+00:00,buy,110.505,110.394,110.61599999999999,110.61599999999999,1688.1111087202223,187.38033306792778,18925.413639860708,win,0.11099999999999,8925.413639860693
2025-11-13 12:30:00+00:00,2025-11-13 16:35:00+00:00,buy,110.49,110.325,110.65499999999999,110.325,1146.9947660522193,-189.25413639860707,18736.159503462102,loss,-0.16499999999999204,8736.159503462086
2025-11-13 16:45:00+00:00,2025-11-13 17:45:00+00:00,sell,110.261,110.474,110.04799999999999,110.04799999999999,879.6319015709573,187.36159503462102,18923.521098496723,win,-0.21300000000000807,8923.521098496707
2025-11-13 17:55:00+00:00,2025-11-14 15:00:00+00:00,sell,110.009,110.321,109.697,109.697,606.5231121313099,189.23521098496724,19112.75630948169,win,-0.3119999999999976,9112.756309481674
2025-11-14 15:15:00+00:00,2025-11-14 16:05:00+00:00,sell,109.657,109.94800000000001,109.36599999999999,109.94800000000001,656.7957494666999,-191.12756309481694,18921.628746386872,loss,0.291000000000011,8921.628746386858
2025-11-17 01:20:00+00:00,2025-11-17 02:20:00+00:00,buy,110.21300000000001,110.104,110.32200000000002,110.104,1735.9292427876453,-189.21628746386872,18732.412458923005,loss,-0.10900000000000887,8732.412458922989
2025-11-17 04:55:00+00:00,2025-11-17 10:00:00+00:00,buy,110.234,110.099,110.36899999999999,110.36899999999999,1387.5861080684642,187.32412458923005,18919.736583512236,win,0.1349999999999909,8919.736583512218
2025-11-17 10:35:00+00:00,2025-11-17 11:35:00+00:00,buy,110.407,110.278,110.53599999999999,110.278,1466.6462467840001,-189.19736583512235,18730.539217677113,loss,-0.12899999999999068,8730.539217677097
2025-11-17 12:40:00+00:00,2025-11-17 17:00:00+00:00,buy,110.374,110.242,110.50599999999999,110.50599999999999,1418.9802437635167,187.30539217677114,18917.844609853884,win,0.1319999999999908,8917.844609853868
2025-11-17 17:10:00+00:00,2025-11-18 06:15:00+00:00,buy,110.58800000000001,110.307,110.86900000000001,110.307,673.2329042652486,-189.17844609853884,18728.666163755344,loss,-0.2810000000000059,8728.66616375533
2025-11-18 11:30:00+00:00,2025-11-18 13:45:00+00:00,buy,110.58800000000001,110.407,110.76900000000002,110.76900000000002,1034.7329372239858,187.28666163755344,18915.9528253929,win,0.1810000000000116,8915.952825392884
2025-11-18 15:50:00+00:00,2025-11-18 17:05:00+00:00,buy,110.778,110.621,110.93500000000002,110.621,1204.8377595790835,-189.15952825392898,18726.79329713897,loss,-0.1570000000000107,8726.793297138955
2025-11-18 18:10:00+00:00,2025-11-18 19:45:00+00:00,buy,110.917,110.573,111.26100000000001,111.26100000000001,544.3835260796081,187.2679329713897,18914.06123011036,win,0.3440000000000083,8914.061230110345
2025-11-18 19:55:00+00:00,2025-11-19 04:15:00+00:00,buy,111.31700000000001,111.03999999999999,111.59400000000002,111.03999999999999,682.818094949795,-189.1406123011036,18724.920617809257,loss,-0.27700000000001523,8724.92061780924
2025-11-19 06:15:00+00:00,2025-11-19 10:25:00+00:00,buy,111.018,110.877,111.159,111.159,1328.008554454507,187.24920617809258,18912.16982398735,win,0.14100000000000534,8912.169823987333
2025-11-19 11:40:00+00:00,2025-11-19 11:45:00+00:00,buy,111.217,111.066,111.368,111.368,1252.4615777475378,189.12169823987352,19101.291522227224,win,0.15099999999999625,9101.291522227206
2025-11-19 12:05:00+00:00,2025-11-19 16:45:00+00:00,buy,111.406,111.069,111.74300000000001,111.74300000000001,566.8039027367074,191.01291522227226,19292.304437449497,win,0.3370000000000033,9292.304437449478
2025-11-19 16:55:00+00:00,2025-11-19 17:55:00+00:00,buy,111.781,111.495,112.06700000000001,111.495,674.5560992115177,-192.92304437449496,19099.381393075,loss,-0.28600000000000136,9099.381393074984
2025-11-19 19:45:00+00:00,2025-11-19 23:20:00+00:00,buy,111.571,111.411,111.731,111.731,1193.711337067213,190.99381393075,19290.37520700575,win,0.1599999999999966,9290.375207005734
2025-11-19 23:30:00+00:00,2025-11-20 03:55:00+00:00,buy,111.819,111.613,112.025,112.025,936.4259809225953,192.9037520700575,19483.278959075808,win,0.20600000000000307,9483.278959075791
2025-11-20 07:00:00+00:00,2025-11-20 08:40:00+00:00,buy,112.021,111.883,112.159,112.159,1411.831808628628,194.83278959075807,19678.111748666564,win,0.13800000000000523,9678.11174866655
2025-11-20 08:55:00+00:00,2025-11-20 09:45:00+00:00,buy,112.225,112.03699999999999,112.413,112.03699999999999,1046.70807173757,-196.78111748666566,19481.3306311799,loss,-0.1880000000000024,9481.330631179884
2025-11-20 12:05:00+00:00,2025-11-20 14:05:00+00:00,buy,111.912,111.772,112.052,112.052,1391.5236165128442,194.81330631179898,19676.1439374917,win,0.14000000000000057,9676.143937491683
2025-11-20 14:40:00+00:00,2025-11-20 15:30:00+00:00,buy,112.114,111.966,112.26200000000001,111.966,1329.4691849655624,-196.761439374917,19479.38249811678,loss,-0.14800000000001035,9479.382498116765
2025-11-20 16:10:00+00:00,2025-11-20 18:10:00+00:00,buy,112.26,111.875,112.64500000000001,111.875,505.9579869640656,-194.79382498116783,19284.588673135615,loss,-0.3850000000000051,9284.588673135597
2025-11-21 00:20:00+00:00,2025-11-21 02:20:00+00:00,sell,111.656,111.782,111.53000000000002,111.782,1530.5229105664334,-192.84588673135616,19091.74278640426,loss,0.12599999999999056,9091.74278640424
2025-11-21 02:45:00+00:00,2025-11-21 08:05:00+00:00,sell,111.652,111.82300000000001,111.481,111.481,1116.476186339388,190.9174278640426,19282.6602142683,win,-0.17100000000000648,9282.660214268282
2025-11-21 09:20:00+00:00,2025-11-21 09:40:00+00:00,sell,111.447,111.624,111.27000000000001,111.27000000000001,1089.4158313146395,192.82660214268302,19475.486816410983,win,-0.1769999999999925,9475.486816410965
2025-11-21 09:50:00+00:00,2025-11-21 17:00:00+00:00,sell,111.191,111.521,110.861,110.861,590.1662671639723,194.75486816410984,19670.241684575092,win,-0.3299999999999983,9670.241684575074
2025-11-21 17:35:00+00:00,2025-11-24 15:05:00+00:00,sell,110.73,111.318,110.14200000000001,111.318,334.5279198057023,-196.70241684575092,19473.539267729342,loss,0.5879999999999939,9473.539267729324
2025-11-24 21:55:00+00:00,2025-11-24 23:10:00+00:00,sell,111.105,111.211,110.99900000000001,111.211,1837.1263460122966,-194.73539267729342,19278.80387505205,loss,0.10599999999999454,9278.80387505203
2025-11-25 02:05:00+00:00,2025-11-25 02:55:00+00:00,sell,111.172,111.279,111.065,111.065,1801.7573715002031,192.7880387505205,19471.59191380257,win,-0.10699999999999932,9471.591913802551
2025-11-25 03:15:00+00:00,2025-11-25 11:00:00+00:00,sell,111.007,111.255,110.75900000000001,110.75900000000001,785.144835234005,194.71591913802573,19666.307832940598,win,-0.24799999999999045,9666.307832940576
2025-11-25 11:30:00+00:00,2025-11-25 16:50:00+00:00,sell,110.688,110.937,110.43900000000001,110.43900000000001,789.8115595558625,196.66307832940598,19862.970911270004,win,-0.24899999999999523,9862.970911269982
2025-11-25 19:15:00+00:00,2025-11-26 02:15:00+00:00,sell,110.566,110.779,110.35300000000001,110.779,932.5338455995577,-198.62970911270006,19664.341202157302,loss,0.21299999999999386,9664.341202157282
2025-11-26 03:35:00+00:00,2025-11-26 06:25:00+00:00,sell,110.696,110.892,110.5,110.892,1003.2827143957912,-196.64341202157303,19467.697790135728,loss,0.19599999999999795,9467.69779013571
2025-11-26 09:20:00+00:00,2025-11-26 17:30:00+00:00,buy,111.081,110.903,111.259,111.259,1093.6908870862935,194.67697790135725,19662.374768037083,win,0.17799999999999727,9662.374768037067
2025-11-26 17:50:00+00:00,2025-11-27 02:50:00+00:00,buy,111.304,111.114,111.494,111.114,1034.861829896701,-196.62374768037083,19465.75102035671,loss,-0.18999999999999773,9465.751020356696
2025-11-27 03:40:00+00:00,2025-11-28 02:45:00+00:00,buy,111.255,111.015,111.49499999999999,111.49499999999999,811.0729591815469,194.6575102035671,19660.40853056028,win,0.23999999999999488,9660.408530560264
2025-11-28 02:55:00+00:00,2025-11-28 04:30:00+00:00,buy,111.54,111.359,111.72100000000002,111.359,1086.2104160529846,-196.6040853056028,19463.804445254675,loss,-0.1810000000000116,9463.804445254662
2025-11-28 12:30:00+00:00,2025-11-28 15:05:00+00:00,sell,111.258,111.399,111.11699999999999,111.399,1380.4116627839671,-194.63804445254675,19269.16640080213,loss,0.14100000000000534,9269.166400802114
2025-11-28 15:25:00+00:00,2025-11-28 16:15:00+00:00,buy,111.431,111.274,111.588,111.588,1227.3354395415645,192.6916640080213,19461.85806481015,win,0.15699999999999648,9461.858064810136
2025-11-28 16:25:00+00:00,2025-11-28 17:10:00+00:00,buy,111.627,111.414,111.83999999999999,111.83999999999999,913.7022565638831,194.6185806481015,19656.47664545825,win,0.21299999999999386,9656.476645458237
2025-11-28 17:30:00+00:00,2025-11-28 19:15:00+00:00,buy,111.906,111.714,112.09800000000001,111.714,1023.774825284245,-196.5647664545825,19459.911879003666,loss,-0.19200000000000728,9459.911879003654
2025-11-28 23:00:00+00:00,2025-12-01 00:00:00+00:00,buy,111.757,111.649,111.86500000000001,111.649,1801.8436925002713,-194.59911879003667,19265.31276021363,loss,-0.10800000000000409,9265.312760213617
2025-12-01 01:15:00+00:00,2025-12-01 01:50:00+00:00,buy,111.737,111.595,111.87899999999999,111.595,1356.7121662122665,-192.6531276021363,19072.659632611492,loss,-0.1419999999999959,9072.659632611481
2025-12-01 07:15:00+00:00,2025-12-01 12:25:00+00:00,sell,111.155,111.324,110.986,110.986,1128.559741574665,190.7265963261149,19263.38622893761,win,-0.16899999999999693,9263.386228937596
2025-12-01 14:45:00+00:00,2025-12-01 15:40:00+00:00,sell,110.939,111.046,110.83199999999998,110.83199999999998,1800.3164699939414,192.63386228937608,19456.020091226983,win,-0.10700000000001353,9456.020091226972
2025-12-01 21:25:00+00:00,2025-12-02 02:50:00+00:00,sell,111.07,111.175,110.96499999999999,111.175,1852.9542944024997,-194.56020091226983,19261.459890314713,loss,0.10500000000000398,9261.459890314702
2025-12-02 09:15:00+00:00,2025-12-02 10:25:00+00:00,buy,111.32000000000001,111.206,111.43400000000001,111.43400000000001,1689.6017447643846,192.61459890314714,19454.07448921786,win,0.11400000000000432,9454.074489217848
2025-12-02 14:55:00+00:00,2025-12-02 16:05:00+00:00,buy,111.407,111.281,111.53299999999999,111.53299999999999,1543.9741658110568,194.5407448921786,19648.61523411004,win,0.12599999999999056,9648.615234110026
2025-12-02 17:00:00+00:00,2025-12-02 18:15:00+00:00,buy,111.566,111.377,111.75500000000001,111.377,1039.6092716459943,-196.48615234110036,19452.129081768937,loss,-0.18900000000000716,9452.129081768926
2025-12-02 19:15:00+00:00,2025-12-03 08:25:00+00:00,buy,111.57300000000001,111.343,111.80300000000001,111.343,845.7447426855913,-194.52129081768936,19257.607790951246,loss,-0.23000000000000398,9257.607790951237
2025-12-03 10:05:00+00:00,2025-12-03 15:15:00+00:00,buy,111.49,111.353,111.627,111.353,1405.6648022592103,-192.57607790951246,19065.031713041735,loss,-0.13700000000000045,9065.031713041724
2025-12-03 16:00:00+00:00,2025-12-03 16:05:00+00:00,buy,111.506,111.28999999999999,111.72200000000001,111.28999999999999,882.6403570852322,-190.65031713041736,18874.381395911318,loss,-0.21600000000000819,8874.381395911307
2025-12-03 17:10:00+00:00,2025-12-04 10:10:00+00:00,sell,111.232,111.492,110.972,110.972,725.9377459965748,188.74381395911317,19063.12520987043,win,-0.2600000000000051,9063.12520987042
2025-12-04 10:20:00+00:00,2025-12-05 12:55:00+00:00,sell,110.907,111.259,110.55499999999999,111.259,541.5660570985859,-190.63125209870435,18872.493957771727,loss,0.35200000000000387,8872.493957771716
2025-12-05 14:20:00+00:00,2025-12-05 15:30:00+00:00,buy,111.321,111.212,111.42999999999999,111.42999999999999,1731.4214640158395,188.72493957771727,19061.218897349445,win,0.10899999999999466,9061.218897349434
2025-12-05 15:40:00+00:00,2025-12-05 17:30:00+00:00,buy,111.629,111.272,111.986,111.986,533.9277002058678,190.61218897349445,19251.831086322938,win,0.3569999999999993,9251.831086322929
2025-12-05 17:50:00+00:00,2025-12-05 22:55:00+00:00,buy,112.035,111.777,112.29299999999999,112.29299999999999,746.1950033458631,192.51831086322937,19444.349397186168,win,0.25799999999999557,9444.349397186159
2025-12-05 23:50:00+00:00,2025-12-08 00:00:00+00:00,buy,112.363,112.193,112.533,112.193,1143.7852586579986,-194.44349397186173,19249.905903214305,loss,-0.1700000000000017,9249.905903214298
2025-12-08 06:10:00+00:00,2025-12-08 07:25:00+00:00,buy,112.194,112.107,112.281,112.281,2212.6328624383423,192.49905903214307,19442.404962246448,win,0.0870000000000033,9442.40496224644
2025-12-08 07:50:00+00:00,2025-12-08 10:25:00+00:00,buy,112.324,112.17099999999999,112.477,112.477,1270.7454223690008,194.4240496224645,19636.82901186891,win,0.1530000000000058,9636.829011868906
2025-12-08 12:55:00+00:00,2025-12-08 14:00:00+00:00,buy,112.52,112.406,112.63399999999999,112.63399999999999,1722.5288606904048,196.36829011868912,19833.1973019876,win,0.11399999999999011,9833.197301987595
2025-12-08 14:10:00+00:00,2025-12-08 19:30:00+00:00,buy,112.682,112.479,112.885,112.479,977.0047932013454,-198.331973019876,19634.865328967724,loss,-0.20300000000000296,9634.865328967719
2025-12-08 21:55:00+00:00,2025-12-09 10:00:00+00:00,buy,112.563,112.38,112.74600000000001,112.74600000000001,1072.9434605992885,196.34865328967723,19831.213982257403,win,0.18300000000000693,9831.213982257395
2025-12-09 10:20:00+00:00,2025-12-09 15:20:00+00:00,buy,112.82300000000001,112.607,113.03900000000002,113.03900000000002,918.111758437808,198.31213982257404,20029.526122079977,win,0.21600000000000819,10029.52612207997
2025-12-09 16:25:00+00:00,2025-12-09 17:35:00+00:00,buy,113.075,112.854,113.296,113.296,906.3133991891243,200.29526122079977,20229.821383300776,win,0.22100000000000364,10229.821383300769
2025-12-09 17:55:00+00:00,2025-12-10 00:05:00+00:00,buy,113.344,113.187,113.50099999999999,113.187,1288.5236549873396,-202.29821383300776,20027.523169467768,loss,-0.15699999999999648,10027.52316946776
2025-12-10 04:50:00+00:00,2025-12-10 05:30:00+00:00,buy,113.115,113.008,113.222,113.008,1871.731137333448,-200.27523169467767,19827.24793777309,loss,-0.10699999999999932,9827.247937773083
2025-12-10 07:45:00+00:00,2025-12-10 11:45:00+00:00,buy,113.096,112.991,113.20100000000001,113.20100000000001,1888.3093274068892,198.2724793777309,20025.52041715082,win,0.10500000000000398,10025.520417150814
2025-12-10 13:50:00+00:00,2025-12-10 15:30:00+00:00,buy,113.197,113.091,113.30300000000001,113.091,1889.200039353695,-200.2552041715082,19825.26521297931,loss,-0.10600000000000875,9825.265212979306
2025-12-11 01:15:00+00:00,2025-12-11 01:35:00+00:00,sell,113.022,113.127,112.91700000000002,112.91700000000002,1888.1204964744038,198.2526521297931,20023.5178651091,win,-0.10499999999998977,10023.5178651091
2025-12-11 02:30:00+00:00,2025-12-11 16:00:00+00:00,sell,112.842,113.063,112.621,112.621,906.041532357863,200.23517865109102,20223.753043760193,win,-0.22100000000000364,10223.75304376019
2025-12-11 16:50:00+00:00,2025-12-11 17:55:00+00:00,sell,112.559,112.753,112.365,112.753,1042.4614971010267,-202.2375304376019,20021.515513322593,loss,0.19400000000000261,10021.515513322589
2025-12-12 02:15:00+00:00,2025-12-12 10:05:00+00:00,buy,112.996,112.84,113.15199999999999,113.15199999999999,1283.4304816233114,200.21515513322592,20221.730668455817,win,0.1559999999999917,10221.730668455815
2025-12-12 10:15:00+00:00,2025-12-12 14:50:00+00:00,buy,113.182,112.956,113.408,113.408,894.7668437369866,202.21730668455817,20423.947975140374,win,0.2259999999999991,10423.947975140374
2025-12-12 16:15:00+00:00,2025-12-12 17:00:00+00:00,buy,113.426,113.268,113.584,113.268,1292.6549351354565,-204.23947975140374,20219.70849538897,loss,-0.15800000000000125,10219.70849538897
2025-12-12 19:05:00+00:00,2025-12-15 02:00:00+00:00,buy,113.07900000000001,112.896,113.26200000000001,113.26200000000001,1104.902103573126,202.1970849538897,20421.90558034286,win,0.18300000000000693,10421.90558034286
2025-12-15 05:05:00+00:00,2025-12-15 07:45:00+00:00,sell,112.85,113.049,112.65099999999998,112.65099999999998,1026.2264110724423,204.2190558034286,20626.124636146287,win,-0.19900000000001228,10626.124636146289
2025-12-15 08:00:00+00:00,2025-12-15 09:15:00+00:00,sell,112.619,112.771,112.467,112.771,1356.9818839569834,-206.26124636146287,20419.863389784823,loss,0.15200000000000102,10419.863389784827
2025-12-15 11:05:00+00:00,2025-12-15 17:25:00+00:00,sell,112.67,112.854,112.486,112.486,1109.775184227451,204.19863389784823,20624.062023682673,win,-0.1839999999999975,10624.062023682674
2025-12-15 20:05:00+00:00,2025-12-16 01:35:00+00:00,sell,112.716,112.83,112.60199999999999,112.60199999999999,1809.128247691394,206.24062023682674,20830.3026439195,win,-0.11400000000000432,10830.302643919502
2025-12-16 01:50:00+00:00,2025-12-16 02:05:00+00:00,sell,112.568,112.703,112.43299999999999,112.43299999999999,1542.9853810310155,208.30302643919498,21038.605670358695,win,-0.13500000000000512,11038.605670358696
2025-12-16 03:35:00+00:00,2025-12-16 16:05:00+00:00,sell,112.40899999999999,112.613,112.20499999999998,112.613,1031.304199527348,-210.38605670358695,20828.219613655107,loss,0.20400000000000773,10828.21961365511
2025-12-17 00:05:00+00:00,2025-12-17 02:55:00+00:00,sell,112.437,112.574,112.3,112.3,1520.3080009967182,208.28219613655108,21036.501809791658,win,-0.13700000000000045,11036.501809791662
2025-12-17 08:10:00+00:00,2025-12-17 09:05:00+00:00,buy,112.679,112.548,112.81,112.81,1605.839832808521,210.3650180979166,21246.866827889575,win,0.13100000000000023,11246.866827889578
2025-12-17 09:45:00+00:00,2025-12-17 22:40:00+00:00,buy,112.844,112.699,112.98899999999999,112.98899999999999,1465.3011605441488,212.46866827889576,21459.33549616847,win,0.14499999999999602,11459.335496168474
2025-12-17 22:50:00+00:00,2025-12-17 23:45:00+00:00,buy,113.03,112.901,113.159,112.901,1663.5143795478805,-214.59335496168472,21244.742141206785,loss,-0.1290000000000049,11244.74214120679
2025-12-18 03:15:00+00:00,2025-12-18 06:55:00+00:00,buy,112.899,112.762,113.036,113.036,1550.7111051975705,212.44742141206785,21457.189562618853,win,0.13700000000000045,11457.189562618858
2025-12-18 07:30:00+00:00,2025-12-18 08:40:00+00:00,buy,113.069,112.954,113.18400000000001,113.18400000000001,1865.8425706623614,214.57189562618854,21671.76145824504,win,0.1150000000000091,11671.761458245046
2025-12-18 09:00:00+00:00,2025-12-18 10:20:00+00:00,buy,113.219,113.095,113.34299999999999,113.095,1747.722698245635,-216.7176145824504,21455.043843662592,loss,-0.12399999999999523,11455.043843662595
2025-12-19 00:05:00+00:00,2025-12-19 01:15:00+00:00,sell,112.841,112.959,112.72299999999998,112.959,1818.2240545475354,-214.5504384366259,21240.493405225967,loss,0.11800000000000921,11240.493405225969
2025-12-19 05:20:00+00:00,2025-12-19 05:25:00+00:00,buy,113.113,112.968,113.258,113.258,1464.8616141535551,212.40493405225968,21452.898339278225,win,0.14499999999999602,11452.898339278228
2025-12-19 06:45:00+00:00,2025-12-19 08:30:00+00:00,buy,113.185,113.027,113.343,113.027,1357.7783759036745,-214.52898339278227,21238.369355885443,loss,-0.15800000000000125,11238.369355885447
2025-12-19 08:40:00+00:00,2025-12-19 09:15:00+00:00,buy,113.186,112.976,113.39600000000002,113.39600000000002,1011.3509217087924,212.38369355885445,21450.753049444298,win,0.21000000000000796,11450.753049444302
2025-12-19 09:40:00+00:00,2025-12-19 10:55:00+00:00,buy,113.446,113.064,113.828,113.828,561.5380379435607,214.507530494443,21665.260579938742,win,0.382000000000005,11665.260579938744
2025-12-19 11:30:00+00:00,2025-12-19 12:30:00+00:00,buy,113.859,113.643,114.07499999999999,114.07499999999999,1003.0213231453401,216.65260579938743,21881.91318573813,win,0.21599999999999397,11881.91318573813
2025-12-19 15:20:00+00:00,2025-12-19 16:10:00+00:00,buy,114.08200000000001,113.959,114.20500000000001,113.959,1779.0173321737643,-218.8191318573813,21663.094053880748,loss,-0.12300000000000466,11663.09405388075
2025-12-19 16:30:00+00:00,2025-12-23 03:10:00+00:00,buy,114.19,113.9,114.47999999999999,113.9,747.0032432372877,-216.6309405388075,21446.46311334194,loss,-0.28999999999999204,11446.463113341943
2025-12-23 03:40:00+00:00,2025-12-23 06:00:00+00:00,sell,113.869,114.06700000000001,113.67099999999999,113.67099999999999,1083.1547026939963,214.4646311334194,21660.927744475357,win,-0.1980000000000075,11660.927744475362
2025-12-23 06:10:00+00:00,2025-12-23 12:00:00+00:00,sell,113.604,113.825,113.383,113.825,980.1324771255657,-216.6092774447536,21444.318467030604,loss,0.22100000000000364,11444.31846703061
2025-12-23 20:30:00+00:00,2025-12-24 03:20:00+00:00,buy,114.049,113.92099999999999,114.17700000000002,113.92099999999999,1675.3373802365784,-214.44318467030604,21229.8752823603,loss,-0.12800000000001432,11229.875282360303
2025-12-24 06:35:00+00:00,2025-12-24 12:45:00+00:00,sell,113.876,114.016,113.736,114.016,1516.4196630257295,-212.298752823603,21017.576529536695,loss,0.14000000000000057,11017.5765295367
2025-12-24 16:05:00+00:00,2025-12-24 16:45:00+00:00,buy,114.069,113.91499999999999,114.22300000000001,113.91499999999999,1364.7776967230682,-210.17576529536692,20807.400764241327,loss,-0.15400000000001057,10807.400764241333
2025-12-24 19:30:00+00:00,2025-12-26 00:00:00+00:00,buy,113.98,113.838,114.12200000000001,113.838,1465.309912974637,-208.07400764241328,20599.326756598915,loss,-0.14200000000001012,10599.326756598919
2025-12-26 00:30:00+00:00,2025-12-26 02:00:00+00:00,buy,113.996,113.773,114.219,114.219,923.7366258564579,205.99326756598916,20805.320024164903,win,0.22299999999999898,10805.320024164908
2025-12-26 02:35:00+00:00,2025-12-26 16:30:00+00:00,buy,114.273,113.98,114.56599999999999,114.56599999999999,710.0791817121317,208.05320024164902,21013.37322440655,win,0.29299999999999216,11013.373224406558
2025-12-26 16:45:00+00:00,2025-12-26 20:35:00+00:00,buy,114.598,114.471,114.725,114.471,1654.5963168824662,-210.1337322440655,20803.239492162484,loss,-0.12699999999999534,10803.239492162493
2025-12-26 23:40:00+00:00,2025-12-29 00:35:00+00:00,buy,114.53,114.442,114.61800000000001,114.442,2364.00448774552,-208.0323949216248,20595.20709724086,loss,-0.08800000000000807,10595.207097240867
2025-12-29 03:50:00+00:00,2025-12-29 08:55:00+00:00,buy,114.434,114.198,114.67,114.198,872.6782668322243,-205.9520709724086,20389.25502626845,loss,-0.2360000000000042,10389.255026268458
2025-12-29 09:05:00+00:00,2025-12-29 22:50:00+00:00,sell,114.155,114.319,113.991,113.991,1243.2472576992845,203.8925502626845,20593.147576531133,win,-0.16400000000000148,10593.147576531142
2025-12-30 01:00:00+00:00,2025-12-30 01:25:00+00:00,sell,113.943,114.057,113.829,114.057,1806.41645408161,-205.93147576531135,20387.21610076582,loss,0.11400000000000432,10387.21610076583
2025-12-30 06:35:00+00:00,2025-12-30 07:00:00+00:00,sell,114.141,114.244,114.03800000000001,114.03800000000001,1979.3413690064974,203.8721610076582,20591.08826177348,win,-0.10299999999999443,10591.08826177349
2025-12-30 09:45:00+00:00,2025-12-30 12:35:00+00:00,sell,113.987,114.111,113.86299999999999,113.86299999999999,1660.5716340138638,205.91088261773479,20796.999144391215,win,-0.12400000000000944,10796.999144391224
2025-12-30 13:25:00+00:00,2025-12-30 15:10:00+00:00,sell,113.828,113.958,113.69800000000001,113.958,1599.7691649532264,-207.96999144391216,20589.029152947303,loss,0.12999999999999545,10589.029152947312
2025-12-30 19:05:00+00:00,2025-12-31 00:00:00+00:00,buy,114.28,114.173,114.387,114.173,1924.2083320511622,-205.89029152947305,20383.13886141783,loss,-0.10699999999999932,10383.13886141784
2025-12-31 01:25:00+00:00,2025-12-31 06:15:00+00:00,buy,114.21300000000001,114.125,114.30100000000002,114.30100000000002,2316.265779706359,203.83138861417828,20586.970250032005,win,0.08800000000000807,10586.970250032018
2025-12-31 06:50:00+00:00,2025-12-31 10:10:00+00:00,buy,114.342,114.223,114.461,114.223,1729.9975000026927,-205.86970250032005,20381.100547531685,loss,-0.11899999999999977,10381.100547531698
2025-12-31 11:05:00+00:00,2025-12-31 15:05:00+00:00,buy,114.303,114.16199999999999,114.444,114.444,1445.4681239383626,203.81100547531685,20584.911553007,win,0.14100000000000534,10584.911553007014
2025-12-31 15:45:00+00:00,2025-12-31 17:40:00+00:00,buy,114.487,114.32,114.654,114.32,1232.6294343117847,-205.84911553007,20379.062437476932,loss,-0.1670000000000016,10379.062437476943
2026-01-02 02:10:00+00:00,2026-01-02 06:20:00+00:00,sell,114.215,114.349,114.081,114.349,1520.8255550355882,-203.79062437476935,20175.27181310216,loss,0.13400000000000034,10175.271813102174
2026-01-02 07:55:00+00:00,2026-01-02 09:00:00+00:00,buy,114.398,114.29899999999999,114.497,114.497,2037.906243747616,201.75271813102162,20377.024531233183,win,0.09900000000000375,10377.024531233195
2026-01-02 10:15:00+00:00,2026-01-02 10:40:00+00:00,buy,114.532,114.41,114.654,114.41,1670.247912396164,-203.77024531233184,20173.25428592085,loss,-0.12199999999999989,10173.254285920864
2026-01-02 16:05:00+00:00,2026-01-05 02:15:00+00:00,sell,114.15,114.305,113.995,114.305,1301.500276511013,-201.7325428592085,19971.521743061643,loss,0.15500000000000114,9971.521743061656
2026-01-05 03:15:00+00:00,2026-01-05 04:15:00+00:00,sell,114.273,114.409,114.13699999999999,114.13699999999999,1468.4942458132493,199.71521743061643,20171.23696049226,win,-0.1360000000000099,10171.236960492271
2026-01-05 07:40:00+00:00,2026-01-05 09:10:00+00:00,sell,114.12,114.244,113.99600000000001,113.99600000000001,1626.7126581042771,201.7123696049226,20372.949330097184,win,-0.12399999999999523,10372.949330097194
2026-01-05 09:35:00+00:00,2026-01-05 10:25:00+00:00,sell,113.965,114.137,113.793,113.793,1184.4737982614847,203.72949330097188,20576.678823398157,win,-0.17199999999999704,10576.678823398166
2026-01-05 11:10:00+00:00,2026-01-05 21:00:00+00:00,sell,113.743,114.012,113.47399999999999,113.47399999999999,764.932298267574,205.76678823398157,20782.445611632138,win,-0.26900000000000546,10782.445611632147
2026-01-06 00:00:00+00:00,2026-01-06 01:00:00+00:00,sell,113.496,113.663,113.329,113.663,1244.4578210558047,-207.8244561163214,20574.621155515815,loss,0.1670000000000016,10574.621155515826
2026-01-06 02:55:00+00:00,2026-01-06 21:20:00+00:00,sell,113.651,113.816,113.48599999999999,113.48599999999999,1246.946736697881,205.74621155515817,20780.367367070972,win,-0.16500000000000625,10780.367367070985
2026-01-06 21:55:00+00:00,2026-01-07 02:35:00+00:00,sell,113.453,113.626,113.28,113.28,1201.1773044549568,207.8036736707097,20988.171040741683,win,-0.17300000000000182,10988.171040741694
2026-01-07 05:00:00+00:00,2026-01-07 07:05:00+00:00,sell,113.373,113.494,113.25200000000001,113.25200000000001,1734.559590144011,209.88171040741685,21198.0527511491,win,-0.12099999999999511,11198.052751149111
2026-01-07 08:00:00+00:00,2026-01-07 12:55:00+00:00,sell,113.197,113.368,113.02600000000001,113.368,1239.652207669594,-211.98052751149098,20986.072223637606,loss,0.17099999999999227,10986.07222363762
2026-01-07 14:10:00+00:00,2026-01-07 16:10:00+00:00,sell,113.30799999999999,113.438,113.17799999999998,113.438,1614.3132479720036,-209.86072223637606,20776.21150140123,loss,0.13000000000000966,10776.211501401245
2026-01-07 16:55:00+00:00,2026-01-07 23:50:00+00:00,sell,113.295,113.5,113.09,113.09,1013.4737317756783,207.76211501401232,20983.973616415242,win,-0.2049999999999983,10983.973616415258
2026-01-08 00:35:00+00:00,2026-01-08 03:30:00+00:00,sell,113.06,113.173,112.947,113.173,1856.9888156119757,-209.8397361641524,20774.13388025109,loss,0.11299999999999955,10774.133880251105
2026-01-08 04:55:00+00:00,2026-01-08 05:15:00+00:00,sell,113.138,113.255,113.02100000000002,113.02100000000002,1775.5669983122075,207.7413388025109,20981.875219053603,win,-0.11699999999999022,10981.875219053616
2026-01-08 07:05:00+00:00,2026-01-08 08:10:00+00:00,sell,112.998,113.116,112.88000000000001,112.88000000000001,1778.12501856394,209.81875219053603,21191.693971244138,win,-0.117999999999995,11191.693971244153
2026-01-08 08:20:00+00:00,2026-01-08 13:15:00+00:00,sell,112.81099999999999,113.031,112.59099999999998,113.031,963.2588168746763,-211.91693971244138,20979.777031531696,loss,0.22000000000001307,10979.777031531712
2026-01-08 22:10:00+00:00,2026-01-08 23:55:00+00:00,buy,113.236,113.122,113.35000000000001,113.122,1840.3313185553422,-209.79777031531697,20769.97926121638,loss,-0.11400000000000432,10769.979261216395
2026-01-09 01:05:00+00:00,2026-01-09 03:15:00+00:00,buy,113.143,113.028,113.258,113.258,1806.0851531493308,207.6997926121638,20977.679053828542,win,0.11499999999999488,10977.679053828559
2026-01-09 04:00:00+00:00,2026-01-09 08:05:00+00:00,buy,113.321,113.163,113.479,113.479,1327.701205938505,209.77679053828544,21187.45584436683,win,0.15800000000000125,11187.455844366845
2026-01-09 08:15:00+00:00,2026-01-09 10:55:00+00:00,buy,113.509,113.392,113.626,113.626,1810.8936619116262,211.8745584436683,21399.330402810498,win,0.11700000000000443,11399.330402810512
2026-01-09 12:00:00+00:00,2026-01-09 15:05:00+00:00,buy,113.693,113.524,113.862,113.524,1266.2325682136618,-213.99330402810497,21185.33709878239,loss,-0.16899999999999693,11185.337098782407
2026-01-09 15:30:00+00:00,2026-01-09 15:35:00+00:00,buy,113.638,113.486,113.79,113.486,1393.7721775514638,-211.85337098782392,20973.483727794566,loss,-0.15200000000000102,10973.483727794583
2026-01-09 16:10:00+00:00,2026-01-12 18:10:00+00:00,buy,113.67,113.41,113.93,113.93,806.6724510690059,209.73483727794564,21183.21856507251,win,0.2600000000000051,11183.218565072528
2026-01-12 18:30:00+00:00,2026-01-13 03:35:00+00:00,buy,113.968,113.777,114.159,114.159,1109.0690348205358,211.8321856507251,21395.050750723236,win,0.1910000000000025,11395.050750723252
2026-01-13 04:00:00+00:00,2026-01-13 05:05:00+00:00,buy,114.194,113.996,114.39200000000001,114.39200000000001,1080.558118723355,213.95050750723237,21609.00125823047,win,0.1980000000000075,11609.001258230484
2026-01-13 05:50:00+00:00,2026-01-13 16:10:00+00:00,buy,114.45,114.30799999999999,114.59200000000001,114.59200000000001,1521.7606519879528,216.0900125823047,21825.091270812776,win,0.14200000000001012,11825.091270812789
2026-01-13 20:45:00+00:00,2026-01-14 02:00:00+00:00,buy,114.545,114.419,114.671,114.671,1732.1501008580913,218.25091270812777,22043.342183520905,win,0.12600000000000477,12043.342183520917
2026-01-14 03:15:00+00:00,2026-01-14 10:25:00+00:00,buy,114.717,114.506,114.928,114.506,1044.7081603564484,-220.43342183520906,21822.908761685696,loss,-0.21099999999999852,11822.908761685709
2026-01-14 14:00:00+00:00,2026-01-14 14:05:00+00:00,sell,114.163,114.302,114.02399999999999,114.302,1569.993436092383,-218.22908761685696,21604.67967406884,loss,0.13900000000001,11604.679674068851
2026-01-14 16:00:00+00:00,2026-01-14 16:20:00+00:00,sell,114.212,114.357,114.06700000000001,114.06700000000001,1489.9779085565128,216.04679674068842,21820.726470809528,win,-0.14499999999999602,11820.726470809539
2026-01-14 16:40:00+00:00,2026-01-16 15:50:00+00:00,sell,114.008,114.365,113.651,113.651,611.2248311151141,218.2072647080953,22038.933735517625,win,-0.3569999999999993,12038.933735517634
2026-01-16 16:35:00+00:00,2026-01-19 01:00:00+00:00,sell,113.613,113.831,113.395,113.395,1010.9602630971224,220.38933735517625,22259.3230728728,win,-0.21800000000000352,12259.32307287281
2026-01-19 01:10:00+00:00,2026-01-19 02:10:00+00:00,sell,113.327,113.484,113.17,113.484,1417.791278526962,-222.59323072872806,22036.729842144072,loss,0.15699999999999648,12036.729842144083
2026-01-19 08:50:00+00:00,2026-01-19 09:40:00+00:00,sell,113.589,113.711,113.467,113.711,1806.2893313232862,-220.36729842144072,21816.362543722633,loss,0.12199999999999989,11816.362543722642
2026-01-19 16:50:00+00:00,2026-01-19 17:45:00+00:00,buy,113.822,113.68299999999999,113.96100000000001,113.96100000000001,1569.5224851597886,218.16362543722633,22034.52616915986,win,0.13900000000001,12034.526169159868
2026-01-19 17:55:00+00:00,2026-01-20 02:55:00+00:00,buy,114.002,113.853,114.151,113.853,1478.8272596751494,-220.3452616915986,21814.18090746826,loss,-0.1490000000000009,11814.18090746827
2026-01-20 05:45:00+00:00,2026-01-20 07:30:00+00:00,buy,114.013,113.885,114.141,114.141,1704.2328833959564,218.1418090746826,22032.32271654294,win,0.1280000000000001,12032.322716542953
2026-01-20 08:05:00+00:00,2026-01-20 09:00:00+00:00,buy,114.193,114.03999999999999,114.346,114.346,1440.0210925844515,220.32322716542942,22252.645943708372,win,0.1530000000000058,12252.645943708381
2026-01-20 09:10:00+00:00,2026-01-20 10:30:00+00:00,buy,114.436,114.236,114.63600000000001,114.236,1112.6322971854029,-222.52645943708373,22030.11948427129,loss,-0.20000000000000284,12030.119484271298
2026-01-20 12:05:00+00:00,2026-01-20 17:00:00+00:00,buy,114.099,113.929,114.269,114.269,1295.8893814277098,220.30119484271287,22250.420679114002,win,0.1700000000000017,12250.42067911401
2026-01-20 17:30:00+00:00,2026-01-21 09:45:00+00:00,buy,114.303,114.131,114.475,114.131,1293.6291092508363,-222.50420679114004,22027.91647232286,loss,-0.17199999999999704,12027.91647232287
2026-01-21 14:15:00+00:00,2026-01-21 15:20:00+00:00,buy,114.279,114.151,114.407,114.407,1720.9309744002219,220.2791647232286,22248.19563704609,win,0.1280000000000001,12248.195637046098
2026-01-21 15:40:00+00:00,2026-01-21 16:10:00+00:00,buy,114.443,114.313,114.573,114.573,1711.3996643882208,222.48195637046092,22470.677593416553,win,0.12999999999999545,12470.677593416558
2026-01-21 16:40:00+00:00,2026-01-21 19:15:00+00:00,buy,114.617,114.377,114.85700000000001,114.377,936.2782330589876,-224.70677593416553,22245.970817482386,loss,-0.2400000000000091,12245.970817482392
2026-01-21 21:25:00+00:00,2026-01-21 21:30:00+00:00,buy,114.489,114.369,114.60900000000001,114.60900000000001,1853.8309014567953,222.45970817482387,22468.43052565721,win,0.12000000000000455,12468.430525657215
2026-01-22 01:50:00+00:00,2026-01-22 02:20:00+00:00,buy,114.458,114.368,114.548,114.368,2496.4922806284844,-224.68430525657212,22243.74622040064,loss,-0.09000000000000341,12243.746220400642
2026-01-22 03:50:00+00:00,2026-01-22 05:45:00+00:00,buy,114.532,114.408,114.65599999999999,114.65599999999999,1793.850501645282,222.4374622040064,22466.183682604646,win,0.12399999999999523,12466.18368260465
2026-01-22 05:55:00+00:00,2026-01-22 08:00:00+00:00,buy,114.7,114.547,114.85300000000001,114.85300000000001,1468.3780184708362,224.66183682604645,22690.84551943069,win,0.1530000000000058,12690.845519430695
2026-01-22 08:15:00+00:00,2026-01-22 11:45:00+00:00,buy,114.891,114.742,115.04,114.742,1522.8755382168158,-226.90845519430695,22463.937064236387,loss,-0.1490000000000009,12463.937064236388
2026-01-22 14:20:00+00:00,2026-01-22 14:55:00+00:00,buy,114.805,114.649,114.96100000000001,114.96100000000001,1439.995965656124,224.63937064236387,22688.57643487875,win,0.1560000000000059,12688.576434878752
2026-01-22 16:10:00+00:00,2026-01-22 16:35:00+00:00,buy,114.99,114.873,115.10699999999999,114.873,1939.1945670838159,-226.8857643487875,22461.690670529963,loss,-0.11699999999999022,12461.690670529964
2026-01-22 17:55:00+00:00,2026-01-23 02:45:00+00:00,buy,114.812,114.625,114.999,114.999,1201.159928905361,224.61690670529964,22686.30757723526,win,0.1869999999999976,12686.307577235264
2026-01-23 03:25:00+00:00,2026-01-23 08:45:00+00:00,buy,115.029,114.863,115.195,115.195,1366.6450347732346,226.86307577235257,22913.17065300761,win,0.16599999999999682,12913.170653007617
2026-01-23 09:05:00+00:00,2026-01-23 09:40:00+00:00,buy,115.245,114.953,115.537,114.953,784.6976251029961,-229.13170653007612,22684.038946477536,loss,-0.2920000000000016,12684.038946477542
2026-01-23 16:10:00+00:00,2026-01-23 18:30:00+00:00,buy,115.008,114.85,115.166,114.85,1435.698667498567,-226.84038946477537,22457.19855701276,loss,-0.15800000000000125,12457.198557012767
2026-01-23 19:10:00+00:00,2026-01-23 19:15:00+00:00,sell,114.626,114.872,114.38000000000001,114.38000000000001,912.8942502850898,224.57198557012762,22681.77054258289,win,-0.2459999999999951,12681.770542582895
2026-01-23 19:25:00+00:00,2026-01-23 21:50:00+00:00,sell,114.263,114.867,113.659,113.659,375.5260023606444,226.8177054258289,22908.58824800872,win,-0.6039999999999992,12908.588248008724
2026-01-23 23:10:00+00:00,2026-01-26 00:00:00+00:00,sell,113.632,113.813,113.45100000000001,113.45100000000001,1265.6678590060249,229.08588248008718,23137.67413048881,win,-0.18099999999999739,13137.674130488811
2026-01-26 00:40:00+00:00,2026-01-27 11:50:00+00:00,sell,112.841,113.765,111.91699999999999,111.91699999999999,250.40772868494204,231.3767413048881,23369.050871793697,win,-0.9240000000000066,13369.0508717937
2026-01-27 14:10:00+00:00,2026-01-27 15:40:00+00:00,sell,112.045,112.226,111.864,112.226,1291.1077829720462,-233.69050871793698,23135.36036307576,loss,0.18099999999999739,13135.360363075763
2026-01-27 15:50:00+00:00,2026-01-27 16:40:00+00:00,sell,112.05,112.259,111.841,112.259,1106.955041295474,-231.35360363075762,22904.006759445005,loss,0.20900000000000318,12904.006759445005
2026-01-27 19:40:00+00:00,2026-01-27 19:45:00+00:00,sell,112.449,112.622,112.276,112.276,1323.931026557501,229.04006759445005,23133.046827039456,win,-0.17300000000000182,13133.046827039454
2026-01-27 20:05:00+00:00,2026-01-28 10:50:00+00:00,sell,112.17999999999999,112.54,111.81999999999998,112.54,642.584634084405,-231.33046827039456,22901.716358769063,loss,0.36000000000001364,12901.71635876906
2026-01-28 12:00:00+00:00,2026-01-28 16:50:00+00:00,buy,112.584,112.309,112.85900000000001,112.85900000000001,832.7896857734033,229.01716358769065,23130.733522356753,win,0.2750000000000057,13130.73352235675
2026-01-28 17:05:00+00:00,2026-01-28 17:15:00+00:00,buy,112.902,112.626,113.178,113.178,838.0700551578649,231.30733522356758,23362.04085758032,win,0.27599999999999625,13362.040857580318
2026-01-28 17:25:00+00:00,2026-01-29 17:40:00+00:00,buy,113.218,112.692,113.74400000000001,112.692,444.1452634520885,-233.6204085758032,23128.420449004516,loss,-0.5260000000000105,13128.420449004514
2026-01-29 20:20:00+00:00,2026-01-29 22:50:00+00:00,buy,113.283,113.08,113.486,113.486,1139.3310566011912,231.2842044900452,23359.704653494562,win,0.20300000000000296,13359.704653494558
2026-01-29 23:25:00+00:00,2026-01-30 01:15:00+00:00,buy,113.522,113.347,113.69700000000002,113.347,1334.8402659138883,-233.59704653494563,23126.107606959617,loss,-0.17500000000001137,13126.107606959613
2026-01-30 01:45:00+00:00,2026-01-30 02:50:00+00:00,buy,113.504,113.30799999999999,113.70000000000002,113.70000000000002,1179.903449334601,231.26107606959613,23357.368683029214,win,0.19600000000001216,13357.36868302921
2026-01-30 04:05:00+00:00,2026-01-30 06:10:00+00:00,buy,113.703,113.503,113.903,113.903,1167.868434151444,233.57368683029213,23590.942369859506,win,0.20000000000000284,13590.942369859502
2026-01-30 07:40:00+00:00,2026-01-30 08:15:00+00:00,buy,113.967,113.785,114.149,113.785,1296.2056247175399,-235.90942369859505,23355.03294616091,loss,-0.18200000000000216,13355.032946160907
2026-01-30 09:10:00+00:00,2026-01-30 09:40:00+00:00,buy,113.924,113.754,114.09400000000001,113.754,1373.8254674212164,-233.55032946160915,23121.4826166993,loss,-0.1700000000000017,13121.482616699299
2026-01-30 10:55:00+00:00,2026-01-30 16:30:00+00:00,buy,113.865,113.613,114.11699999999999,114.11699999999999,917.5191514563385,231.21482616699302,23352.697442866294,win,0.25199999999999534,13352.697442866292
2026-01-30 16:45:00+00:00,2026-01-30 17:55:00+00:00,buy,114.214,113.935,114.493,113.935,837.0142452640358,-233.52697442866295,23119.17046843763,loss,-0.27899999999999636,13119.17046843763
2026-02-02 00:05:00+00:00,2026-02-02 00:20:00+00:00,buy,113.708,113.59,113.826,113.826,1959.2517346134416,231.1917046843763,23350.36217312201,win,0.117999999999995,13350.362173122005
2026-02-02 00:30:00+00:00,2026-02-02 02:00:00+00:00,buy,113.917,113.681,114.153,113.681,989.4221259797284,-233.50362173122008,23116.85855139079,loss,-0.2360000000000042,13116.858551390784
2026-02-02 02:35:00+00:00,2026-02-02 05:10:00+00:00,buy,113.888,113.612,114.16400000000002,113.612,837.567338818475,-231.16858551390786,22885.68996587688,loss,-0.27600000000001046,12885.689965876876
2026-02-02 06:05:00+00:00,2026-02-02 07:40:00+00:00,sell,113.507,113.68,113.334,113.334,1322.8722523628117,228.8568996587688,23114.54686553565,win,-0.17300000000000182,13114.546865535645
2026-02-02 08:10:00+00:00,2026-02-02 09:55:00+00:00,sell,113.286,113.474,113.098,113.474,1229.497173698689,-231.14546865535647,22883.401396880294,loss,0.1880000000000024,12883.401396880288
2026-02-02 21:25:00+00:00,2026-02-03 11:50:00+00:00,buy,113.762,113.625,113.899,113.899,1670.3212698452714,228.83401396880294,23112.235410849098,win,0.13700000000000045,13112.23541084909
2026-02-03 12:45:00+00:00,2026-02-03 22:15:00+00:00,buy,113.965,113.723,114.20700000000001,114.20700000000001,955.0510500350692,231.12235410849098,23343.35776495759,win,0.24200000000000443,13343.357764957582
2026-02-04 02:15:00+00:00,2026-02-04 03:05:00+00:00,buy,114.278,114.146,114.41000000000001,114.41000000000001,1768.436194314902,233.4335776495759,23576.791342607165,win,0.132000000000005,13576.791342607157
2026-02-04 03:20:00+00:00,2026-02-04 08:00:00+00:00,buy,114.459,114.264,114.65400000000001,114.65400000000001,1209.0662226977577,235.7679134260717,23812.559256033237,win,0.1950000000000074,13812.55925603323
2026-02-04 08:45:00+00:00,2026-02-04 15:30:00+00:00,buy,114.693,114.556,114.83,114.83,1738.1430113892816,238.12559256033236,24050.68484859357,win,0.13700000000000045,14050.684848593562
2026-02-04 20:25:00+00:00,2026-02-04 22:45:00+00:00,buy,114.641,114.471,114.811,114.811,1414.7461675643135,240.5068484859357,24291.191697079506,win,0.1700000000000017,14291.191697079497
2026-02-04 23:30:00+00:00,2026-02-05 00:45:00+00:00,buy,114.842,114.722,114.962,114.722,2024.2659747565488,-242.91191697079506,24048.27978010871,loss,-0.12000000000000455,14048.279780108702
2026-02-05 01:45:00+00:00,2026-02-05 04:15:00+00:00,buy,114.809,114.664,114.954,114.664,1658.5020538006463,-240.48279780108712,23807.796982307624,loss,-0.14499999999999602,13807.796982307615
2026-02-05 07:50:00+00:00,2026-02-05 09:15:00+00:00,buy,114.688,114.58,114.796,114.796,2204.4256465098815,238.07796982307622,24045.8749521307,win,0.10800000000000409,14045.87495213069
2026-02-05 09:25:00+00:00,2026-02-05 14:45:00+00:00,buy,114.836,114.66,115.012,114.66,1366.242895007411,-240.458749521307,23805.416202609395,loss,-0.17600000000000193,13805.416202609384
2026-02-05 16:05:00+00:00,2026-02-05 16:40:00+00:00,buy,114.677,114.501,114.85300000000001,114.85300000000001,1352.5804660573372,238.05416202609396,24043.47036463549,win,0.17600000000000193,14043.470364635477
2026-02-05 23:40:00+00:00,2026-02-05 23:55:00+00:00,sell,114.627,114.745,114.50899999999999,114.50899999999999,2037.5822342909842,240.4347036463549,24283.905068281845,win,-0.11800000000000921,14283.905068281832
2026-02-06 01:20:00+00:00,2026-02-06 01:50:00+00:00,sell,114.452,114.607,114.297,114.297,1566.7035527923656,242.83905068281845,24526.744118964663,win,-0.15500000000000114,14526.74411896465
2026-02-06 02:00:00+00:00,2026-02-06 08:00:00+00:00,sell,114.249,114.52,113.978,114.52,905.0459084488779,-245.26744118964663,24281.476677775016,loss,0.2710000000000008,14281.476677775005
2026-02-06 13:10:00+00:00,2026-02-06 14:50:00+00:00,buy,114.753,114.591,114.915,114.915,1498.8565850477837,242.81476677775015,24524.291444552764,win,0.16200000000000614,14524.291444552755
2026-02-06 15:05:00+00:00,2026-02-06 17:00:00+00:00,buy,114.95,114.764,115.13600000000001,115.13600000000001,1318.5102927178407,245.24291444552767,24769.53435899829,win,0.18600000000000705,14769.534358998282
2026-02-06 23:10:00+00:00,2026-02-09 00:00:00+00:00,buy,115.084,114.974,115.194,115.194,2251.775850818038,247.6953435899829,25017.229702588273,win,0.10999999999999943,15017.229702588265
2026-02-09 01:05:00+00:00,2026-02-09 01:50:00+00:00,buy,115.251,115.059,115.44300000000001,115.059,1302.9807136764232,-250.17229702588273,24767.05740556239,loss,-0.19200000000000728,14767.057405562382
2026-02-09 08:05:00+00:00,2026-02-09 09:00:00+00:00,sell,114.594,114.732,114.45599999999999,114.732,1794.71430475083,-247.67057405562392,24519.386831506767,loss,0.13800000000000523,14519.386831506758
2026-02-09 11:20:00+00:00,2026-02-09 14:20:00+00:00,sell,114.74,114.907,114.573,114.907,1468.2267563776368,-245.19386831506768,24274.192963191697,loss,0.1670000000000016,14274.19296319169
2026-02-09 15:05:00+00:00,2026-02-09 15:20:00+00:00,sell,114.872,115.031,114.713,114.713,1526.6788027164012,242.74192963191697,24516.934892823614,win,-0.15900000000000603,14516.934892823607
2026-02-09 15:50:00+00:00,2026-02-09 18:35:00+00:00,sell,114.639,114.969,114.309,114.969,742.9374209946587,-245.1693489282361,24271.765543895377,loss,0.3299999999999983,14271.76554389537
2026-02-09 22:35:00+00:00,2026-02-10 00:05:00+00:00,buy,114.916,114.774,115.05799999999999,115.05799999999999,1709.2792636546533,242.71765543895376,24514.483199334332,win,0.1419999999999959,14514.483199334323
2026-02-10 01:25:00+00:00,2026-02-10 03:45:00+00:00,buy,115.052,114.846,115.25800000000001,114.846,1190.023456278348,-245.14483199334333,24269.338367340988,loss,-0.20600000000000307,14269.33836734098
2026-02-10 05:05:00+00:00,2026-02-10 12:15:00+00:00,sell,114.618,114.855,114.38099999999999,114.38099999999999,1024.022715921522,242.6933836734099,24512.031751014398,win,-0.23700000000000898,14512.03175101439
2026-02-10 14:40:00+00:00,2026-02-10 15:35:00+00:00,sell,114.334,114.51,114.158,114.158,1392.7290767621664,245.120317510144,24757.15206852454,win,-0.17600000000000193,14757.152068524534
2026-02-10 16:15:00+00:00,2026-02-10 22:55:00+00:00,sell,114.114,114.395,113.83300000000001,113.83300000000001,881.0374401610418,247.57152068524542,25004.723589209785,win,-0.2809999999999917,15004.72358920978
2026-02-11 00:00:00+00:00,2026-02-11 01:05:00+00:00,sell,113.789,113.96600000000001,113.612,113.96600000000001,1412.6962479779004,-250.04723589209783,24754.67635331769,loss,0.1770000000000067,14754.676353317682
2026-02-11 02:20:00+00:00,2026-02-11 02:40:00+00:00,sell,113.893,114.033,113.753,113.753,1768.1911680941134,247.5467635331769,25002.223116850866,win,-0.14000000000000057,15002.223116850859
2026-02-11 03:00:00+00:00,2026-02-11 06:20:00+00:00,sell,113.692,113.931,113.45299999999999,113.45299999999999,1046.1181220439503,250.02223116850863,25252.245348019376,win,-0.23900000000000432,15252.245348019367
2026-02-11 06:35:00+00:00,2026-02-11 07:35:00+00:00,sell,113.411,113.627,113.19500000000001,113.19500000000001,1169.0854327787074,252.52245348019375,25504.76780149957,win,-0.21599999999999397,15504.767801499562
2026-02-11 08:00:00+00:00,2026-02-11 11:10:00+00:00,sell,113.145,113.393,112.89699999999999,113.393,1028.41805651206,-255.04767801499568,25249.720123484574,loss,0.24800000000000466,15249.720123484565
2026-02-11 13:40:00+00:00,2026-02-11 13:45:00+00:00,sell,113.43599999999999,113.58500000000001,113.28699999999998,113.28699999999998,1694.6120888242963,252.49720123484576,25502.21732471942,win,-0.14900000000001512,15502.217324719411
2026-02-11 15:10:00+00:00,2026-02-11 15:25:00+00:00,sell,113.228,113.407,113.04899999999999,113.407,1424.7048784759288,-255.02217324719416,25247.195151472224,loss,0.17900000000000205,15247.195151472217
2026-02-11 15:35:00+00:00,2026-02-11 17:25:00+00:00,sell,113.109,113.533,112.68499999999999,112.68499999999999,595.4527158365997,252.4719515147222,25499.667102986947,win,-0.4240000000000066,15499.66710298694
2026-02-11 17:35:00+00:00,2026-02-11 17:55:00+00:00,sell,112.644,112.895,112.39300000000001,112.895,1015.9229921509126,-254.99667102986947,25244.670431957078,loss,0.25099999999999056,15244.67043195707
2026-02-11 19:15:00+00:00,2026-02-11 22:55:00+00:00,sell,112.615,112.906,112.32399999999998,112.906,867.5144478335437,-252.44670431957078,24992.22372763751,loss,0.291000000000011,14992.2237276375
2026-02-12 02:55:00+00:00,2026-02-12 04:00:00+00:00,sell,112.782,113.002,112.562,112.562,1136.0101694380744,249.92223727637509,25242.145964913885,win,-0.21999999999999886,15242.145964913874
2026-02-12 04:15:00+00:00,2026-02-12 05:30:00+00:00,sell,112.519,112.784,112.254,112.254,952.5338099967483,252.42145964913885,25494.567424563025,win,-0.26500000000000057,15494.567424563013
2026-02-12 10:05:00+00:00,2026-02-12 12:10:00+00:00,sell,112.575,112.8,112.35000000000001,112.8,1133.091885536163,-254.94567424563024,25239.621750317394,loss,0.22499999999999432,15239.621750317383
2026-02-12 17:05:00+00:00,2026-02-12 17:40:00+00:00,sell,112.58,112.866,112.294,112.294,882.5042570041005,252.39621750317394,25492.017967820568,win,-0.28600000000000136,15492.017967820557
2026-02-12 18:00:00+00:00,2026-02-12 18:20:00+00:00,sell,112.254,112.599,111.909,111.909,738.8990715310333,254.92017967820564,25746.938147498775,win,-0.34499999999999886,15746.938147498762
2026-02-12 22:50:00+00:00,2026-02-13 00:00:00+00:00,sell,112.269,112.377,112.16100000000002,112.16100000000002,2383.9757543982582,257.46938147498776,26004.407528973763,win,-0.10799999999998988,16004.40752897375
2026-02-13 05:20:00+00:00,2026-02-13 07:00:00+00:00,sell,112.385,112.538,112.23200000000001,112.538,1699.6344790179865,-260.04407528973763,25744.363453684025,loss,0.1529999999999916,15744.363453684013
2026-02-13 11:20:00+00:00,2026-02-13 12:50:00+00:00,buy,112.941,112.703,113.179,112.703,1081.695943432104,-257.44363453684025,25486.919819147184,loss,-0.23799999999999955,15486.919819147173
2026-02-13 16:20:00+00:00,2026-02-13 23:05:00+00:00,sell,112.339,112.622,112.056,112.056,900.5978734680943,254.86919819147184,25741.789017338655,win,-0.28300000000000125,15741.789017338646
2026-02-16 09:10:00+00:00,2026-02-16 09:35:00+00:00,buy,112.56,112.459,112.661,112.661,2548.6919819147415,257.4178901733866,25999.20690751204,win,0.10099999999999909,15999.206907512033
2026-02-16 10:00:00+00:00,2026-02-16 12:30:00+00:00,buy,112.69500000000001,112.562,112.82800000000002,112.82800000000002,1954.8275870308369,259.9920690751204,26259.198976587162,win,0.13300000000000978,16259.198976587153
2026-02-16 12:40:00+00:00,2026-02-16 13:00:00+00:00,buy,112.861,112.741,112.98100000000001,112.741,2188.2665813821804,-262.59198976587163,25996.60698682129,loss,-0.12000000000000455,15996.606986821282
2026-02-16 17:50:00+00:00,2026-02-17 01:50:00+00:00,buy,112.57600000000001,112.43599999999999,112.71600000000002,112.71600000000002,1856.9004990584676,259.9660698682129,26256.573056689504,win,0.14000000000001478,16256.573056689494
2026-02-17 03:55:00+00:00,2026-02-17 07:30:00+00:00,sell,112.253,112.453,112.053,112.053,1312.8286528344563,262.565730566895,26519.138787256397,win,-0.20000000000000284,16519.13878725639
2026-02-17 09:05:00+00:00,2026-02-17 09:50:00+00:00,sell,112.028,112.158,111.89800000000001,112.158,2039.933752865948,-265.19138787256395,26253.947399383833,loss,0.12999999999999545,16253.947399383826
2026-02-17 10:35:00+00:00,2026-02-17 12:30:00+00:00,sell,112.003,112.19200000000001,111.814,112.19200000000001,1389.097745999092,-262.5394739938383,25991.407925389994,loss,0.18900000000000716,15991.407925389987
2026-02-17 14:50:00+00:00,2026-02-17 15:35:00+00:00,sell,112.144,112.268,112.02000000000001,112.02000000000001,2096.0812843057256,259.91407925389996,26251.322004643895,win,-0.12399999999999523,16251.322004643887
2026-02-17 23:45:00+00:00,2026-02-18 01:45:00+00:00,buy,112.422,112.312,112.532,112.312,2386.483818604003,-262.51322004643896,25988.808784597455,loss,-0.10999999999999943,15988.808784597448
2026-02-18 03:15:00+00:00,2026-02-18 11:45:00+00:00,buy,112.399,112.194,112.604,112.604,1267.7467699803742,259.88808784597455,26248.69687244343,win,0.2049999999999983,16248.696872443423
2026-02-18 12:30:00+00:00,2026-02-18 16:20:00+00:00,buy,112.635,112.486,112.784,112.784,1761.6575082176691,262.4869687244343,26511.183841167865,win,0.1490000000000009,16511.18384116786
2026-02-18 16:30:00+00:00,2026-02-18 21:00:00+00:00,buy,112.82000000000001,112.585,113.05500000000002,113.05500000000002,1128.1354826028223,265.11183841167866,26776.295679579544,win,0.23500000000001364,16776.295679579536
2026-02-18 22:40:00+00:00,2026-02-19 03:45:00+00:00,buy,113.041,112.891,113.19099999999999,113.19099999999999,1785.0863786387379,267.76295679579545,27044.05863637534,win,0.14999999999999147,17044.058636375332
2026-02-19 04:00:00+00:00,2026-02-19 13:25:00+00:00,buy,113.221,113.005,113.43700000000001,113.005,1252.039751683996,-270.44058636375337,26773.618050011584,loss,-0.21600000000000819,16773.618050011577
2026-02-19 15:15:00+00:00,2026-02-19 16:10:00+00:00,buy,113.099,112.977,113.221,113.221,2194.5588565583284,267.73618050011584,27041.3542305117,win,0.12199999999999989,17041.354230511693
2026-02-19 16:20:00+00:00,2026-02-20 07:45:00+00:00,buy,113.259,113.048,113.47,113.47,1281.5807692185729,270.413542305117,27311.767772816816,win,0.21099999999999852,17311.76777281681
2026-02-20 08:00:00+00:00,2026-02-20 09:00:00+00:00,buy,113.503,113.347,113.659,113.347,1750.7543444112682,-273.1176777281682,27038.650095088648,loss,-0.1560000000000059,17038.65009508864
2026-02-20 09:55:00+00:00,2026-02-20 10:45:00+00:00,buy,113.455,113.306,113.604,113.604,1814.674503026073,270.3865009508865,27309.036596039536,win,0.1490000000000009,17309.03659603953
2026-02-20 11:00:00+00:00,2026-02-20 12:55:00+00:00,buy,113.662,113.408,113.91600000000001,113.408,1075.1589211038981,-273.0903659603954,27035.946230079142,loss,-0.2540000000000049,17035.946230079135
2026-02-20 14:10:00+00:00,2026-02-20 14:40:00+00:00,buy,113.483,113.355,113.611,113.355,2112.1832992249315,-270.35946230079145,26765.58676777835,loss,-0.1280000000000001,16765.586767778343
2026-02-20 15:55:00+00:00,2026-02-20 17:10:00+00:00,buy,113.527,113.257,113.797,113.257,991.3180284362497,-267.6558676777835,26497.930900100568,loss,-0.269999999999996,16497.93090010056
2026-02-23 01:05:00+00:00,2026-02-23 01:15:00+00:00,sell,113.216,113.318,113.11399999999999,113.11399999999999,2597.8363627548592,264.9793090010057,26762.910209101574,win,-0.10200000000000387,16762.910209101567
2026-02-23 01:25:00+00:00,2026-02-23 02:40:00+00:00,sell,113.083,113.307,112.859,112.859,1194.7727771920145,267.62910209101574,27030.539311192588,win,-0.22400000000000375,17030.53931119258
2026-02-23 02:55:00+00:00,2026-02-23 10:00:00+00:00,sell,112.807,113.093,112.521,113.093,945.1237521395964,-270.30539311192587,26760.233918080663,loss,0.28600000000000136,16760.233918080656
2026-02-23 17:10:00+00:00,2026-02-24 04:25:00+00:00,sell,112.905,113.158,112.652,113.158,1057.7167556553616,-267.6023391808066,26492.631578899858,loss,0.2530000000000001,16492.63157889985
2026-02-24 06:05:00+00:00,2026-02-24 07:40:00+00:00,buy,113.208,113.09,113.326,113.326,2245.1382693983883,264.9263157889986,26757.557894688856,win,0.117999999999995,16757.55789468885
2026-02-24 09:05:00+00:00,2026-02-24 09:10:00+00:00,buy,113.256,113.138,113.374,113.374,2267.589652092372,267.5755789468886,27025.133473635746,win,0.117999999999995,17025.13347363574
2026-02-24 09:20:00+00:00,2026-02-25 11:20:00+00:00,buy,113.712,113.074,114.35000000000001,114.35000000000001,423.5914337560427,270.2513347363575,27295.384808372102,win,0.6380000000000052,17295.384808372095
2026-02-25 12:25:00+00:00,2026-02-26 02:20:00+00:00,buy,114.427,114.13,114.72400000000002,114.13,919.0365255343794,-272.953848083721,27022.43096028838,loss,-0.29700000000001125,17022.430960288373
2026-02-26 15:20:00+00:00,2026-02-26 16:45:00+00:00,sell,114.044,114.183,113.90499999999999,113.90499999999999,1944.059781315571,270.2243096028838,27292.655269891264,win,-0.13900000000001,17292.655269891256
2026-02-26 17:00:00+00:00,2026-02-26 18:05:00+00:00,sell,113.854,114.114,113.594,114.114,1049.7175103804127,-272.9265526989127,27019.728717192353,loss,0.2600000000000051,17019.728717192345
2026-02-26 20:45:00+00:00,2026-02-26 22:00:00+00:00,buy,114.245,114.107,114.38300000000001,114.107,1957.951356318212,-270.1972871719235,26749.53143002043,loss,-0.13800000000000523,16749.531430020423
2026-02-27 01:05:00+00:00,2026-02-27 02:30:00+00:00,sell,114.004,114.128,113.88000000000001,113.88000000000001,2157.220276614634,267.4953143002043,27017.026744320636,win,-0.12399999999999523,17017.02674432063
2026-02-27 02:40:00+00:00,2026-02-27 08:30:00+00:00,sell,113.826,114.069,113.58299999999998,114.069,1111.8118001777618,-270.17026744320634,26746.85647687743,loss,0.2430000000000092,16746.856476877423
2026-02-27 15:10:00+00:00,2026-02-27 16:00:00+00:00,buy,114.11,113.974,114.246,114.246,1966.6806232998733,267.4685647687743,27014.325041646203,win,0.13599999999999568,17014.325041646196
2026-02-27 16:50:00+00:00,2026-02-27 19:10:00+00:00,buy,114.286,114.053,114.519,114.519,1159.4130919161257,270.143250416462,27284.468292062666,win,0.2330000000000041,17284.46829206266
2026-02-27 22:55:00+00:00,2026-02-27 23:25:00+00:00,buy,114.496,114.38,114.612,114.38,2352.109335522651,-272.84468292062667,27011.62360914204,loss,-0.11599999999999966,17011.623609142032
2026-03-02 01:05:00+00:00,2026-03-02 02:00:00+00:00,buy,114.491,114.35,114.632,114.632,1915.7179864639018,270.1162360914204,27281.73984523346,win,0.14100000000000534,17281.739845233453
2026-03-02 05:55:00+00:00,2026-03-02 07:05:00+00:00,buy,114.572,114.42999999999999,114.71400000000001,114.71400000000001,1921.249284875459,272.8173984523346,27554.557243685795,win,0.14200000000001012,17554.557243685787
2026-03-02 07:15:00+00:00,2026-03-02 08:10:00+00:00,buy,114.759,114.631,114.887,114.887,2152.699784662951,275.545572436858,27830.102816122653,win,0.1280000000000001,17830.102816122646
2026-03-02 08:20:00+00:00,2026-03-02 14:40:00+00:00,buy,114.923,114.719,115.12700000000001,115.12700000000001,1364.2207262804707,278.30102816122655,28108.40384428388,win,0.20400000000000773,18108.403844283872
2026-03-02 15:00:00+00:00,2026-03-02 18:25:00+00:00,buy,115.188,114.952,115.424,114.952,1191.0340611984482,-281.0840384428388,27827.31980584104,loss,-0.2360000000000042,17827.319805841034
2026-03-02 21:05:00+00:00,2026-03-02 22:15:00+00:00,buy,114.925,114.78,115.07,115.07,1919.1255038511588,278.2731980584104,28105.593003899452,win,0.14499999999999602,18105.593003899445
2026-03-02 23:00:00+00:00,2026-03-03 01:20:00+00:00,buy,115.115,114.951,115.279,114.951,1713.7556709694634,-281.0559300389945,27824.537073860458,loss,-0.16400000000000148,17824.53707386045
2026-03-03 02:25:00+00:00,2026-03-03 03:10:00+00:00,buy,115.094,114.914,115.27399999999999,115.27399999999999,1545.8076152145336,278.2453707386046,28102.782444599063,win,0.1799999999999926,18102.782444599055
2026-03-03 06:50:00+00:00,2026-03-03 08:35:00+00:00,buy,115.129,114.984,115.27400000000002,114.984,1938.1229272135918,-281.02782444599063,27821.75462015307,loss,-0.14500000000001023,17821.754620153064
2026-03-03 09:30:00+00:00,2026-03-03 14:40:00+00:00,buy,115.074,114.934,115.214,115.214,1987.2681871537827,278.2175462015307,28099.9721663546,win,0.14000000000000057,18099.972166354593
2026-03-03 15:10:00+00:00,2026-03-03 16:40:00+00:00,buy,115.26,115.042,115.47800000000001,115.042,1288.989548915328,-280.99972166354604,27818.972444691055,loss,-0.21800000000000352,17818.972444691048
2026-03-03 17:45:00+00:00,2026-03-04 18:35:00+00:00,buy,115.177,114.80799999999999,115.54600000000002,114.80799999999999,753.9016922680216,-278.18972444691053,27540.782720244144,loss,-0.369000000000014,17540.782720244137
2026-03-05 02:05:00+00:00,2026-03-05 02:50:00+00:00,sell,115.027,115.177,114.877,114.877,1836.0521813495402,275.40782720244147,27816.190547446586,win,-0.15000000000000568,17816.19054744658
2026-03-05 03:25:00+00:00,2026-03-05 04:55:00+00:00,sell,114.797,115.038,114.556,115.038,1154.1987779023495,-278.16190547446587,27538.02864197212,loss,0.24099999999999966,17538.028641972112
2026-03-05 09:05:00+00:00,2026-03-05 09:55:00+00:00,buy,115.074,114.911,115.237,115.237,1689.449609936974,275.3802864197212,27813.40892839184,win,0.1629999999999967,17813.408928391833
2026-03-05 12:35:00+00:00,2026-03-05 13:05:00+00:00,buy,115.228,115.116,115.33999999999999,115.33999999999999,2483.3400828922445,278.1340892839184,28091.543017675758,win,0.11199999999999477,18091.54301767575
2026-03-05 13:20:00+00:00,2026-03-05 14:50:00+00:00,buy,115.39,115.211,115.569,115.569,1569.3599451215327,280.9154301767576,28372.458447852514,win,0.17900000000000205,18372.458447852507
2026-03-05 15:00:00+00:00,2026-03-05 16:45:00+00:00,buy,115.609,115.42099999999999,115.797,115.42099999999999,1509.1733216942637,-283.7245844785252,28088.73386337399,loss,-0.1880000000000024,18088.733863373982
2026-03-05 20:15:00+00:00,2026-03-06 03:30:00+00:00,buy,115.174,115.007,115.34100000000001,115.34100000000001,1681.9601115792648,280.8873386337399,28369.62120200773,win,0.1670000000000016,18369.621202007722
2026-03-06 06:05:00+00:00,2026-03-06 07:05:00+00:00,buy,115.339,115.248,115.42999999999999,115.42999999999999,3117.5407914296275,283.6962120200773,28653.317414027806,win,0.09099999999999397,18653.3174140278
2026-03-06 07:15:00+00:00,2026-03-06 13:40:00+00:00,buy,115.489,115.356,115.62200000000001,115.62200000000001,2154.384767971857,286.53317414027805,28939.850588168083,win,0.13300000000000978,18939.850588168076
2026-03-06 14:15:00+00:00,2026-03-06 15:30:00+00:00,buy,115.661,115.526,115.796,115.526,2143.6926361605174,-289.3985058816808,28650.452082286403,loss,-0.13500000000000512,18650.452082286396
2026-03-06 17:15:00+00:00,2026-03-06 19:35:00+00:00,buy,115.74,115.491,115.98899999999999,115.98899999999999,1150.6205655536928,286.50452082286404,28936.95660310927,win,0.24899999999999523,18936.95660310926
2026-03-06 19:50:00+00:00,2026-03-06 22:45:00+00:00,buy,116.028,115.794,116.26200000000001,116.26200000000001,1236.6220770559048,289.3695660310927,29226.32616914036,win,0.23400000000000887,19226.326169140353
2026-03-06 23:20:00+00:00,2026-03-08 23:00:00+00:00,buy,116.315,116.185,116.445,116.185,2248.178936087799,-292.2632616914036,28934.062907448955,loss,-0.12999999999999545,18934.062907448948
2026-03-09 00:05:00+00:00,2026-03-09 00:15:00+00:00,buy,116.358,116.135,116.581,116.581,1297.491610199511,289.3406290744896,29223.403536523445,win,0.22299999999999898,19223.403536523438
2026-03-09 02:35:00+00:00,2026-03-09 02:55:00+00:00,buy,116.529,116.392,116.666,116.666,2133.095148651339,292.23403536523443,29515.63757188868,win,0.13700000000000045,19515.637571888674
2026-03-09 03:10:00+00:00,2026-03-09 04:35:00+00:00,buy,116.70400000000001,116.503,116.90500000000002,116.90500000000002,1468.439680193411,295.1563757188868,29810.793947607566,win,0.20100000000000762,19810.79394760756
2026-03-09 04:45:00+00:00,2026-03-09 05:30:00+00:00,buy,116.94800000000001,116.81099999999999,117.08500000000002,117.08500000000002,2175.9703611390055,298.10793947607567,30108.90188708364,win,0.13700000000001467,20108.901887083633
2026-03-09 05:40:00+00:00,2026-03-09 07:25:00+00:00,buy,117.14,116.903,117.377,116.903,1270.4178011427978,-301.0890188708364,29807.812868212804,loss,-0.23699999999999477,19807.812868212797
2026-03-09 09:00:00+00:00,2026-03-09 10:45:00+00:00,buy,117.061,116.813,117.30900000000001,116.813,1201.9279382343648,-298.07812868212807,29509.734739530675,loss,-0.24800000000000466,19509.734739530668
2026-03-09 12:00:00+00:00,2026-03-09 15:30:00+00:00,buy,116.909,116.673,117.14500000000001,116.673,1250.412488963142,-295.09734739530677,29214.63739213537,loss,-0.2360000000000042,19214.637392135362
2026-03-09 22:35:00+00:00,2026-03-10 14:10:00+00:00,sell,116.031,116.401,115.66100000000002,116.401,789.5847943820577,-292.1463739213537,28922.491018214016,loss,0.36999999999999034,18922.49101821401
2026-03-10 19:05:00+00:00,2026-03-10 20:05:00+00:00,sell,116.05499999999999,116.212,115.89799999999998,116.212,1842.1968801408946,-289.22491018214015,28633.266108031876,loss,0.1570000000000107,18633.26610803187
2026-03-10 23:25:00+00:00,2026-03-11 02:15:00+00:00,buy,116.421,116.301,116.54100000000001,116.301,2386.1055090025657,-286.33266108031876,28346.933446951556,loss,-0.12000000000000455,18346.93344695155
2026-03-11 02:50:00+00:00,2026-03-11 04:25:00+00:00,buy,116.482,116.264,116.7,116.7,1300.3180480252797,283.46933446951556,28630.40278142107,win,0.21800000000000352,18630.402781421064
2026-03-11 04:45:00+00:00,2026-03-11 06:55:00+00:00,buy,116.745,116.596,116.894,116.596,1921.5035423772413,-286.3040278142107,28344.09875360686,loss,-0.1490000000000009,18344.098753606853
2026-03-11 09:25:00+00:00,2026-03-11 10:05:00+00:00,buy,116.535,116.383,116.687,116.687,1864.7433390530705,283.44098753606863,28627.53974114293,win,0.15200000000000102,18627.539741142922
2026-03-11 10:40:00+00:00,2026-03-11 17:00:00+00:00,buy,116.722,116.566,116.87799999999999,116.87799999999999,1835.0987013554138,286.2753974114293,28913.815138554357,win,0.1559999999999917,18913.81513855435
2026-03-11 18:40:00+00:00,2026-03-11 19:05:00+00:00,buy,116.844,116.709,116.97899999999998,116.97899999999998,2141.764084337504,289.13815138554355,29202.953289939902,win,0.1349999999999909,19202.953289939895
2026-03-11 19:20:00+00:00,2026-03-12 12:40:00+00:00,buy,117.013,116.803,117.22300000000001,116.803,1390.616823330419,-292.02953289939904,28910.923757040502,loss,-0.21000000000000796,18910.923757040495
2026-03-12 20:05:00+00:00,2026-03-12 22:30:00+00:00,buy,116.965,116.837,117.093,116.837,2258.6659185187873,-289.109237570405,28621.814519470096,loss,-0.1280000000000001,18621.81451947009
2026-03-13 00:25:00+00:00,2026-03-13 06:35:00+00:00,sell,116.739,116.898,116.58000000000001,116.898,1800.1141207214825,-286.218145194701,28335.596374275396,loss,0.15899999999999181,18335.59637427539
2026-03-13 07:10:00+00:00,2026-03-13 11:00:00+00:00,sell,116.80799999999999,117.042,116.57399999999998,116.57399999999998,1210.922921977535,283.35596374275394,28618.95233801815,win,-0.23400000000000887,18618.95233801814
2026-03-13 12:25:00+00:00,2026-03-13 14:30:00+00:00,sell,116.603,116.72,116.48599999999999,116.72,2446.064302394621,-286.18952338018147,28332.76281463797,loss,0.11700000000000443,18332.76281463796
2026-03-13 14:45:00+00:00,2026-03-17 17:20:00+00:00,sell,116.301,116.75,115.852,115.852,631.0192163616501,283.3276281463797,28616.09044278435,win,-0.44899999999999807,18616.09044278434
2026-03-17 20:15:00+00:00,2026-03-17 20:55:00+00:00,sell,116.014,116.118,115.91,116.118,2751.547157960055,-286.1609044278435,28329.929538356504,loss,0.1039999999999992,18329.929538356497
2026-03-17 23:15:00+00:00,2026-03-18 02:50:00+00:00,sell,116.08,116.187,115.973,116.187,2647.6569662015595,-283.29929538356504,28046.63024297294,loss,0.10699999999999932,18046.630242972933
2026-03-18 04:30:00+00:00,2026-03-18 06:15:00+00:00,sell,116.081,116.181,115.98100000000001,115.98100000000001,2804.6630242974534,280.4663024297294,28327.09654540267,win,-0.09999999999999432,18327.096545402663
2026-03-18 06:35:00+00:00,2026-03-18 08:05:00+00:00,sell,115.942,116.07000000000001,115.81399999999998,115.81399999999998,2213.054417609336,283.2709654540267,28610.367510856697,win,-0.12800000000001432,18610.36751085669
2026-03-18 08:15:00+00:00,2026-03-18 10:05:00+00:00,sell,115.779,115.93,115.62799999999999,115.93,1894.7263252221665,-286.10367510856696,28324.26383574813,loss,0.15100000000001046,18324.263835748123
2026-03-18 16:30:00+00:00,2026-03-19 09:05:00+00:00,buy,116.378,116.197,116.559,116.197,1564.8764550137316,-283.2426383574813,28041.021197390648,loss,-0.18099999999999739,18041.02119739064
2026-03-19 10:05:00+00:00,2026-03-19 15:30:00+00:00,sell,115.88,116.177,115.58299999999998,115.58299999999998,944.1421278582352,280.4102119739065,28321.431409364555,win,-0.29700000000001125,18321.431409364548
2026-03-19 15:45:00+00:00,2026-03-19 18:50:00+00:00,sell,115.5,115.788,115.212,115.212,983.3830350473917,283.21431409364556,28604.6457234582,win,-0.2879999999999967,18604.645723458194
2026-03-19 19:05:00+00:00,2026-03-19 21:00:00+00:00,sell,115.107,115.336,114.878,114.878,1249.1111669632446,286.046457234582,28890.692180692782,win,-0.2289999999999992,18890.692180692775
2026-03-19 21:15:00+00:00,2026-03-20 01:30:00+00:00,sell,114.843,115.015,114.671,115.015,1679.6914058542604,-288.9069218069278,28601.785258885855,loss,0.17199999999999704,18601.785258885848
2026-03-20 02:15:00+00:00,2026-03-20 03:40:00+00:00,sell,114.905,115.049,114.761,115.049,1986.2350874225535,-286.01785258885855,28315.767406296996,loss,0.14400000000000546,18315.76740629699
2026-03-20 07:50:00+00:00,2026-03-20 09:30:00+00:00,sell,115.3,115.396,115.204,115.396,2949.5591048224924,-283.15767406297,28032.609732234025,loss,0.09600000000000364,18032.609732234017
2026-03-20 15:15:00+00:00,2026-03-20 16:15:00+00:00,buy,115.791,115.602,115.97999999999999,115.97999999999999,1483.206864139422,280.3260973223403,28312.935829556365,win,0.18899999999999295,18312.935829556358
2026-03-20 17:30:00+00:00,2026-03-20 17:45:00+00:00,buy,115.93,115.79299999999999,116.06700000000002,115.79299999999999,2066.637651792214,-283.12935829556363,28029.806471260803,loss,-0.13700000000001467,18029.806471260796
2026-03-20 18:05:00+00:00,2026-03-23 03:00:00+00:00,buy,115.985,115.696,116.274,116.274,969.8894972754554,280.29806471260804,28310.104535973413,win,0.2890000000000015,18310.104535973405
2026-03-23 03:10:00+00:00,2026-03-23 09:00:00+00:00,buy,116.328,116.068,116.58800000000001,116.068,1088.8501744604946,-283.10104535973414,28027.00349061368,loss,-0.2600000000000051,18027.00349061367
2026-03-23 09:55:00+00:00,2026-03-23 11:10:00+00:00,buy,116.254,116.022,116.486,116.022,1208.060495285076,-280.2700349061368,27746.73345570754,loss,-0.23199999999999932,17746.733455707534
2026-03-23 17:15:00+00:00,2026-03-23 20:35:00+00:00,sell,115.509,115.821,115.197,115.197,889.318379990633,277.4673345570754,28024.200790264615,win,-0.3119999999999976,18024.200790264607
2026-03-23 23:35:00+00:00,2026-03-24 12:05:00+00:00,sell,115.363,115.51,115.216,115.51,1906.4082170247316,-280.24200790264615,27743.95878236197,loss,0.14700000000000557,17743.958782361962
2026-03-24 22:20:00+00:00,2026-03-24 22:25:00+00:00,sell,115.441,115.55,115.33200000000001,115.33200000000001,2545.3173194828746,277.4395878236197,28021.39837018559,win,-0.10899999999999466,18021.398370185583
2026-03-24 23:25:00+00:00,2026-03-30 10:25:00+00:00,sell,115.21,115.61,114.80999999999999,114.80999999999999,700.5349592546298,280.2139837018559,28301.612353887445,win,-0.4000000000000057,18301.612353887438
2026-03-30 11:45:00+00:00,2026-03-30 14:15:00+00:00,sell,114.749,114.879,114.61899999999999,114.61899999999999,2177.0471041450264,283.01612353887447,28584.62847742632,win,-0.13000000000000966,18584.62847742631
2026-03-30 14:25:00+00:00,2026-03-31 02:00:00+00:00,sell,114.562,114.759,114.365,114.759,1450.9963694124835,-285.8462847742632,28298.782192652056,loss,0.19700000000000273,18298.78219265205
2026-03-31 05:15:00+00:00,2026-03-31 08:05:00+00:00,sell,114.67399999999999,114.795,114.55299999999998,114.55299999999998,2338.742329971064,282.98782192652055,28581.770014578575,win,-0.12100000000000932,18581.770014578567
2026-03-31 08:15:00+00:00,2026-03-31 10:00:00+00:00,sell,114.51,114.639,114.38100000000001,114.639,2215.6410864016,-285.81770014578575,28295.95231443279,loss,0.12899999999999068,18295.952314432783
2026-03-31 11:00:00+00:00,2026-03-31 14:40:00+00:00,sell,114.544,114.678,114.41,114.41,2111.6382324203523,282.95952314432793,28578.911837577118,win,-0.13400000000000034,18578.91183757711
2026-03-31 15:35:00+00:00,2026-03-31 16:45:00+00:00,sell,114.364,114.539,114.18900000000001,114.18900000000001,1633.0806764330048,285.7891183757712,28864.70095595289,win,-0.17499999999999716,18864.70095595288
2026-03-31 17:15:00+00:00,2026-03-31 18:00:00+00:00,sell,114.153,114.408,113.89800000000001,113.89800000000001,1131.9490570962118,288.6470095595289,29153.347965512417,win,-0.25499999999999545,19153.34796551241
2026-03-31 18:10:00+00:00,2026-04-01 04:00:00+00:00,sell,113.867,114.298,113.436,114.298,676.4117857427516,-291.53347965512415,28861.814485857292,loss,0.4309999999999974,18861.814485857285
2026-04-01 06:10:00+00:00,2026-04-01 07:15:00+00:00,sell,114.083,114.231,113.935,114.231,1950.1226003958138,-288.6181448585729,28573.19634099872,loss,0.14799999999999613,18573.19634099871
2026-04-01 08:50:00+00:00,2026-04-01 09:30:00+00:00,sell,114.104,114.267,113.941,113.941,1752.9568307361533,285.7319634099872,28858.928304408706,win,-0.1629999999999967,18858.9283044087
2026-04-01 10:00:00+00:00,2026-04-01 10:55:00+00:00,sell,113.891,114.081,113.70100000000001,114.081,1518.89096338995,-288.58928304408704,28570.33902136462,loss,0.18999999999999773,18570.339021364613
2026-04-01 13:55:00+00:00,2026-04-01 22:00:00+00:00,sell,114.087,114.331,113.843,114.331,1170.9155336624856,-285.70339021364623,28284.635631150973,loss,0.24399999999999977,18284.635631150966
2026-04-01 22:10:00+00:00,2026-04-02 04:50:00+00:00,buy,114.396,114.209,114.583,114.583,1512.547359954617,282.84635631150974,28567.481987462485,win,0.1869999999999976,18567.481987462477
2026-04-02 05:00:00+00:00,2026-04-02 10:25:00+00:00,buy,114.614,114.438,114.79,114.79,1623.1523856512597,285.67481987462486,28853.15680733711,win,0.17600000000000193,18853.1568073371
2026-04-02 14:35:00+00:00,2026-04-02 16:55:00+00:00,buy,114.68900000000001,114.568,114.81000000000002,114.568,2384.5584138293293,-288.5315680733711,28564.62523926374,loss,-0.12100000000000932,18564.625239263733
2026-04-02 19:45:00+00:00,2026-04-02 20:00:00+00:00,buy,114.549,114.42399999999999,114.67400000000002,114.67400000000002,2285.1700191408395,285.6462523926374,28850.27149165638,win,0.1250000000000142,18850.27149165637
2026-04-02 21:35:00+00:00,2026-04-02 22:45:00+00:00,buy,114.745,114.627,114.86300000000001,114.627,2444.938262004587,-288.5027149165638,28561.768776739813,loss,-0.11800000000000921,18561.768776739806
2026-04-02 22:55:00+00:00,2026-04-03 01:05:00+00:00,buy,114.708,114.596,114.82,114.596,2550.1579264947454,-285.61768776739814,28276.151088972416,loss,-0.11199999999999477,18276.15108897241
2026-04-03 03:50:00+00:00,2026-04-03 15:35:00+00:00,buy,114.633,114.502,114.764,114.502,2158.484815952089,-282.76151088972415,27993.389578082693,loss,-0.13100000000000023,17993.389578082686
2026-04-03 16:25:00+00:00,2026-04-06 00:40:00+00:00,sell,114.456,114.568,114.34400000000001,114.568,2499.4097837575005,-279.93389578082696,27713.455682301865,loss,0.11199999999999477,17713.455682301857
2026-04-06 01:00:00+00:00,2026-04-06 10:25:00+00:00,sell,114.364,114.62,114.108,114.62,1082.5568625899157,-277.13455682301867,27436.321125478848,loss,0.2560000000000002,17436.32112547884
2026-04-06 10:55:00+00:00,2026-04-06 16:25:00+00:00,sell,114.49,114.656,114.32399999999998,114.656,1652.790429245604,-274.3632112547885,27161.95791422406,loss,0.16600000000001103,17161.95791422405
2026-04-06 17:45:00+00:00,2026-04-07 03:55:00+00:00,buy,114.691,114.55,114.83200000000001,114.83200000000001,1926.379993916527,271.6195791422406,27433.577493366298,win,0.14100000000000534,17433.57749336629
2026-04-07 10:25:00+00:00,2026-04-07 11:00:00+00:00,buy,114.828,114.737,114.91900000000001,114.737,3014.678845424597,-274.335774933663,27159.241718432633,loss,-0.09100000000000819,17159.241718432626
2026-04-07 14:15:00+00:00,2026-04-07 17:25:00+00:00,buy,114.808,114.634,114.98200000000001,114.98200000000001,1560.8759608294026,271.59241718432634,27430.83413561696,win,0.1740000000000066,17430.83413561695
2026-04-07 17:35:00+00:00,2026-04-07 22:55:00+00:00,buy,115.03,114.846,115.214,114.846,1490.806203022681,-274.3083413561696,27156.52579426079,loss,-0.1839999999999975,17156.525794260782
2026-04-08 03:25:00+00:00,2026-04-08 05:00:00+00:00,sell,114.569,114.744,114.394,114.394,1551.8014739577845,271.5652579426079,27428.0910522034,win,-0.17499999999999716,17428.091052203392
2026-04-08 08:50:00+00:00,2026-04-08 09:15:00+00:00,sell,114.406,114.525,114.287,114.287,2304.8816010255,274.280910522034,27702.371962725432,win,-0.11899999999999977,17702.371962725425
2026-04-08 09:25:00+00:00,2026-04-08 19:40:00+00:00,sell,114.231,114.45700000000001,114.00499999999998,114.45700000000001,1225.7686709169823,-277.0237196272543,27425.34824309818,loss,0.2260000000000133,17425.34824309817
2026-04-09 03:40:00+00:00,2026-04-09 09:10:00+00:00,buy,114.608,114.501,114.715,114.715,2563.1166582334913,274.2534824309818,27699.60172552916,win,0.10699999999999932,17699.60172552915
2026-04-09 10:55:00+00:00,2026-04-09 15:15:00+00:00,buy,114.734,114.572,114.89599999999999,114.89599999999999,1709.8519583660825,276.9960172552916,27976.597742784452,win,0.16199999999999193,17976.597742784445
2026-04-09 15:30:00+00:00,2026-04-09 17:05:00+00:00,buy,114.926,114.77,115.08200000000001,115.08200000000001,1793.3716501784224,279.7659774278445,28256.363720212295,win,0.1560000000000059,18256.363720212288
2026-04-09 17:20:00+00:00,2026-04-09 19:05:00+00:00,buy,115.119,114.98,115.258,114.98,2032.8319223174929,-282.56363720212295,27973.800083010174,loss,-0.1389999999999958,17973.800083010166
2026-04-09 20:55:00+00:00,2026-04-09 21:40:00+00:00,buy,114.953,114.831,115.075,115.075,2292.934433033623,279.7380008301017,28253.538083840274,win,0.12199999999999989,18253.538083840267
2026-04-09 22:10:00+00:00,2026-04-10 17:05:00+00:00,buy,115.113,114.929,115.297,115.297,1535.518374121775,282.5353808384028,28536.073464678677,win,0.1839999999999975,18536.07346467867
2026-04-10 21:10:00+00:00,2026-04-10 23:35:00+00:00,buy,115.185,115.082,115.28800000000001,115.082,2770.4925693860473,-285.3607346467868,28250.71273003189,loss,-0.10300000000000864,18250.712730031883
2026-04-13 01:00:00+00:00,2026-04-13 03:50:00+00:00,buy,115.142,115.017,115.267,115.267,2260.0570184025514,282.5071273003189,28533.21985733221,win,0.125,18533.219857332202
2026-04-13 09:35:00+00:00,2026-04-13 12:00:00+00:00,buy,115.252,115.121,115.383,115.383,2178.10838605589,285.3321985733221,28818.552055905533,win,0.13100000000000023,18818.552055905526
2026-04-13 15:15:00+00:00,2026-04-13 17:25:00+00:00,buy,115.446,115.329,115.563,115.563,2463.1241073422602,288.18552055905536,29106.737576464588,win,0.11700000000000443,19106.73757646458
2026-04-13 18:05:00+00:00,2026-04-14 08:00:00+00:00,buy,115.6,115.353,115.847,115.353,1178.4104281969474,-291.0673757646459,28815.67020069994,loss,-0.2469999999999999,18815.670200699933
2026-04-14 09:10:00+00:00,2026-04-14 11:20:00+00:00,buy,115.473,115.365,115.581,115.581,2668.1176111758195,288.1567020069994,29103.82690270694,win,0.10800000000000409,19103.826902706933
2026-04-14 15:15:00+00:00,2026-04-14 18:30:00+00:00,buy,115.525,115.387,115.66300000000001,115.387,2108.9729639641914,-291.0382690270694,28812.78863367987,loss,-0.13800000000000523,18812.788633679862
2026-04-14 21:05:00+00:00,2026-04-14 23:00:00+00:00,sell,115.281,115.386,115.17600000000002,115.386,2744.075107969779,-288.1278863367987,28524.66074734307,loss,0.10499999999998977,18524.660747343063
2026-04-14 23:55:00+00:00,2026-04-15 04:00:00+00:00,sell,115.312,115.422,115.202,115.422,2593.1509770312014,-285.2466074734307,28239.41413986964,loss,0.10999999999999943,18239.414139869634
2026-04-15 11:05:00+00:00,2026-04-15 11:15:00+00:00,sell,115.391,115.503,115.27900000000001,115.27900000000001,2521.376262488479,282.39414139869643,28521.80828126834,win,-0.11199999999999477,18521.80828126833
2026-04-15 14:25:00+00:00,2026-04-15 15:00:00+00:00,sell,115.31,115.43900000000001,115.181,115.43900000000001,2210.992890020718,-285.2180828126834,28236.590198455655,loss,0.1290000000000049,18236.590198455648
2026-04-15 17:00:00+00:00,2026-04-15 18:05:00+00:00,buy,115.572,115.448,115.69600000000001,115.69600000000001,2277.1443708430247,282.36590198455656,28518.956100440213,win,0.12400000000000944,18518.956100440206
2026-04-15 18:40:00+00:00,2026-04-15 19:20:00+00:00,buy,115.739,115.579,115.89900000000002,115.579,1782.434756277393,-285.18956100440215,28233.766539435812,loss,-0.1600000000000108,18233.766539435805
2026-04-15 20:35:00+00:00,2026-04-16 00:00:00+00:00,buy,115.788,115.647,115.92899999999999,115.647,2002.3947900310345,-282.3376653943581,27951.428874041452,loss,-0.14099999999999113,17951.428874041445
2026-04-16 05:05:00+00:00,2026-04-16 05:55:00+00:00,buy,115.67,115.57,115.77000000000001,115.57,2795.142887403907,-279.51428874041454,27671.914585301038,loss,-0.10000000000000853,17671.91458530103
2026-04-16 08:40:00+00:00,2026-04-16 11:20:00+00:00,buy,115.748,115.652,115.84400000000001,115.84400000000001,2882.4911026354157,276.7191458530104,27948.63373115405,win,0.09600000000000364,17948.63373115404
2026-04-16 14:45:00+00:00,2026-04-16 15:55:00+00:00,buy,115.81400000000001,115.687,115.94100000000002,115.94100000000002,2200.6798213505467,279.48633731154047,28228.12006846559,win,0.12700000000000955,18228.12006846558
2026-04-16 16:40:00+00:00,2026-04-16 19:30:00+00:00,buy,115.99,115.82,116.16,116.16,1660.4776510861946,282.2812006846559,28510.401269150243,win,0.1700000000000017,18510.401269150236
2026-04-16 20:00:00+00:00,2026-04-17 06:25:00+00:00,buy,116.196,116.019,116.37299999999999,116.37299999999999,1610.7571338503644,285.1040126915024,28795.505281841746,win,0.1769999999999925,18795.50528184174
2026-04-17 07:15:00+00:00,2026-04-17 08:00:00+00:00,buy,116.412,116.317,116.50700000000002,116.50700000000002,3031.105819140819,287.95505281841747,29083.460334660165,win,0.09500000000001307,19083.460334660158
2026-04-17 08:10:00+00:00,2026-04-17 10:00:00+00:00,buy,116.56700000000001,116.431,116.70300000000002,116.431,2138.4897304895626,-290.8346033466017,28792.625731313565,loss,-0.1360000000000099,18792.625731313557
2026-04-17 13:50:00+00:00,2026-04-17 14:35:00+00:00,buy,116.318,116.222,116.414,116.414,2999.2318470117157,287.92625731313564,29080.5519886267,win,0.09600000000000364,19080.551988626692
2026-04-17 17:05:00+00:00,2026-04-17 17:35:00+00:00,sell,115.673,115.899,115.447,115.447,1286.750087992337,290.805519886267,29371.357508512967,win,-0.2259999999999991,19371.35750851296
2026-04-17 17:45:00+00:00,2026-04-17 18:35:00+00:00,sell,115.393,115.68900000000001,115.097,115.68900000000001,992.2755915037947,-293.71357508512966,29077.643933427837,loss,0.2960000000000065,19077.64393342783
2026-04-20 04:30:00+00:00,2026-04-20 11:35:00+00:00,sell,115.977,116.159,115.795,116.159,1597.6727435949172,-290.7764393342784,28786.86749409356,loss,0.18200000000000216,18786.867494093553
2026-04-20 14:05:00+00:00,2026-04-20 15:30:00+00:00,buy,116.119,115.99,116.248,115.99,2231.5401158211216,-287.8686749409356,28498.998819152624,loss,-0.1290000000000049,18498.998819152617
2026-04-20 17:05:00+00:00,2026-04-20 17:50:00+00:00,buy,116.034,115.892,116.17600000000002,116.17600000000002,2006.9717478275068,284.98998819152627,28783.98880734415,win,0.14200000000001012,18783.988807344143
2026-04-20 18:05:00+00:00,2026-04-20 21:35:00+00:00,buy,116.223,116.027,116.419,116.419,1468.570857517574,287.8398880734415,29071.828695417593,win,0.19599999999999795,19071.828695417586
2026-04-20 21:55:00+00:00,2026-04-21 00:30:00+00:00,buy,116.464,116.307,116.621,116.307,1851.708834103073,-290.71828695417594,28781.110408463417,loss,-0.15699999999999648,18781.11040846341
2026-04-21 01:55:00+00:00,2026-04-21 03:45:00+00:00,buy,116.414,116.327,116.501,116.501,3308.1736101680835,287.81110408463417,29068.92151254805,win,0.0870000000000033,19068.921512548044
2026-04-21 10:25:00+00:00,2026-04-21 16:55:00+00:00,buy,116.468,116.321,116.61500000000001,116.61500000000001,1977.4776539147585,290.68921512548053,29359.61072767353,win,0.14700000000000557,19359.610727673524
2026-04-21 17:20:00+00:00,2026-04-21 18:55:00+00:00,buy,116.677,116.528,116.82600000000001,116.82600000000001,1970.4436729982117,293.5961072767353,29653.206834950266,win,0.1490000000000009,19653.20683495026
2026-04-21 21:40:00+00:00,2026-04-22 00:00:00+00:00,buy,116.693,116.565,116.821,116.565,2316.6567839804875,-296.53206834950265,29356.674766600765,loss,-0.1280000000000001,19356.674766600758
2026-04-22 05:40:00+00:00,2026-04-22 09:55:00+00:00,buy,116.628,116.532,116.724,116.532,3057.9869548541305,-293.56674766600764,29063.108018934756,loss,-0.09600000000000364,19063.10801893475
2026-04-22 11:05:00+00:00,2026-04-22 12:00:00+00:00,buy,116.678,116.577,116.779,116.779,2877.535447419309,290.6310801893476,29353.739099124105,win,0.10099999999999909,19353.739099124097
2026-04-22 18:20:00+00:00,2026-04-23 09:50:00+00:00,buy,116.67,116.53999999999999,116.80000000000001,116.80000000000001,2257.9799307016865,293.53739099124107,29647.276490115346,win,0.13000000000000966,19647.27649011534
2026-04-23 10:05:00+00:00,2026-04-23 15:05:00+00:00,buy,116.83200000000001,116.698,116.96600000000002,116.698,2212.4833201576216,-296.4727649011535,29350.80372521419,loss,-0.13400000000001455,19350.803725214184
2026-04-23 17:55:00+00:00,2026-04-24 12:00:00+00:00,sell,116.53,116.68900000000001,116.371,116.68900000000001,1845.9624984410743,-293.50803725214195,29057.29568796205,loss,0.15900000000000603,19057.295687962043
2026-04-24 16:05:00+00:00,2026-04-24 21:35:00+00:00,sell,116.54599999999999,116.675,116.41699999999999,116.675,2252.503541702399,-290.5729568796205,28766.72273108243,loss,0.1290000000000049,18766.722731082424
2026-04-27 00:05:00+00:00,2026-04-27 06:40:00+00:00,buy,116.66,116.55199999999999,116.768,116.55199999999999,2663.585438063087,-287.66722731082433,28479.055503771608,loss,-0.10800000000000409,18479.0555037716
2026-04-27 07:15:00+00:00,2026-04-27 08:30:00+00:00,sell,116.494,116.601,116.387,116.601,2661.593972315121,-284.7905550377161,28194.264948733893,loss,0.10699999999999932,18194.264948733886
2026-04-27 09:05:00+00:00,2026-04-27 11:25:00+00:00,buy,116.7,116.544,116.85600000000001,116.85600000000001,1807.324676200822,281.94264948733894,28476.207598221234,win,0.1560000000000059,18476.207598221226
2026-04-27 11:40:00+00:00,2026-04-27 17:20:00+00:00,buy,116.907,116.734,117.08,117.08,1646.0235605908056,284.76207598221237,28760.969674203447,win,0.17300000000000182,18760.96967420344
2026-04-27 18:45:00+00:00,2026-04-28 06:00:00+00:00,buy,116.992,116.884,117.10000000000001,116.884,2663.0527476113293,-287.6096967420345,28473.359977461412,loss,-0.10800000000000409,18473.359977461405
2026-04-28 09:40:00+00:00,2026-04-28 09:45:00+00:00,sell,116.654,116.785,116.523,116.785,2173.5389295772034,-284.73359977461416,28188.626377686796,loss,0.13100000000000023,18188.62637768679
2026-04-28 12:10:00+00:00,2026-04-28 15:45:00+00:00,sell,116.826,116.973,116.67899999999999,116.67899999999999,1917.5936311350836,281.88626377686796,28470.512641463665,win,-0.14700000000000557,18470.512641463658
2026-04-28 15:55:00+00:00,2026-04-29 14:50:00+00:00,sell,116.606,116.855,116.35699999999999,116.855,1143.3940819864492,-284.70512641463665,28185.80751504903,loss,0.24900000000000944,18185.807515049022
2026-04-29 15:20:00+00:00,2026-04-29 17:45:00+00:00,buy,116.894,116.769,117.019,117.019,2254.8646012039226,281.8580751504903,28467.66559019952,win,0.125,18467.66559019951
2026-04-29 17:55:00+00:00,2026-04-29 23:30:00+00:00,buy,117.065,116.856,117.274,117.274,1362.0892626889513,284.67665590199516,28752.342246101514,win,0.20900000000000318,18752.342246101507
2026-04-30 00:55:00+00:00,2026-04-30 07:25:00+00:00,buy,117.219,117.113,117.32499999999999,117.32499999999999,2712.4851175568865,287.5234224610152,29039.86566856253,win,0.10599999999999454,19039.86566856252
2026-04-30 08:25:00+00:00,2026-04-30 10:35:00+00:00,buy,117.357,117.221,117.493,117.493,2135.2842403355476,290.39865668562527,29330.264325248154,win,0.13599999999999568,19330.264325248147
2026-04-30 13:05:00+00:00,2026-04-30 13:25:00+00:00,sell,116.567,116.727,116.40699999999998,116.40699999999998,1833.1415203278862,293.3026432524816,29623.566968500636,win,-0.1600000000000108,19623.56696850063
2026-04-30 13:35:00+00:00,2026-04-30 13:50:00+00:00,sell,115.824,116.638,115.00999999999999,115.00999999999999,363.92588413391127,296.23566968500637,29919.802638185643,win,-0.8140000000000072,19919.802638185636
