entry_time,exit_time,side,entry,exit,sl,tp,R,reason,gross_$,fee_$,net_$,cum_net_$
2023-01-03 17:20:00,2023-01-04 01:20:00,S,0.62534,0.62428,0.62844,0.61914,0.342,time,2.12,0.44,1.68,1.68
2023-01-05 15:15:00,2023-01-05 15:30:00,S,0.62956,0.62687,0.6309,0.62687,2.0,tp,5.37,0.44,4.93,6.61
2023-01-05 16:40:00,2023-01-06 00:40:00,S,0.62319,0.62228,0.62598,0.61761,0.326,time,1.82,0.44,1.38,7.99
2023-01-06 15:10:00,2023-01-06 15:40:00,L,0.62064,0.62395,0.61899,0.62395,2.0,tp,6.61,0.44,6.17,14.16
2023-01-06 15:45:00,2023-01-06 18:35:00,L,0.62421,0.63336,0.61964,0.63336,2.0,tp,18.3,0.44,17.86,32.02
2023-01-06 18:55:00,2023-01-09 03:00:00,L,0.63351,0.63661,0.63081,0.63891,1.149,time,6.2,0.44,5.76,37.78
2023-01-09 15:05:00,2023-01-09 15:25:00,L,0.63839,0.64044,0.63737,0.64044,2.0,tp,4.1,0.44,3.66,41.44
2023-01-09 16:00:00,2023-01-09 16:20:00,L,0.63977,0.63807,0.63807,0.64316,-1.0,sl,-3.39,0.44,-3.83,37.61
2023-01-09 16:50:00,2023-01-09 22:30:00,L,0.63874,0.63732,0.63732,0.64158,-1.0,sl,-2.84,0.44,-3.28,34.33
2023-01-10 16:05:00,2023-01-11 00:05:00,L,0.63757,0.63649,0.63411,0.6445,-0.312,time,-2.16,0.44,-2.6,31.73
2023-01-12 15:05:00,2023-01-12 15:30:00,L,0.63533,0.63406,0.63406,0.63786,-1.0,sl,-2.53,0.44,-2.97,28.76
2023-01-12 15:35:00,2023-01-12 23:35:00,L,0.63836,0.63953,0.63046,0.65415,0.148,time,2.34,0.44,1.9,30.66
2023-01-13 19:05:00,2023-01-13 20:45:00,L,0.63597,0.63796,0.63498,0.63796,2.0,tp,3.98,0.44,3.54,34.2
2023-01-16 17:05:00,2023-01-16 22:20:00,L,0.63859,0.63803,0.63803,0.63971,-1.0,sl,-1.12,0.44,-1.56,32.64
2023-01-17 15:05:00,2023-01-17 15:05:00,L,0.64038,0.63958,0.63958,0.64198,-1.0,sl,-1.6,0.44,-2.04,30.6
2023-01-17 15:35:00,2023-01-17 17:30:00,L,0.64004,0.64256,0.63878,0.64256,2.0,tp,5.04,0.44,4.6,35.2
2023-01-17 17:45:00,2023-01-18 01:45:00,L,0.6421,0.64304,0.64036,0.64558,0.541,time,1.88,0.44,1.44,36.64
2023-01-18 15:05:00,2023-01-18 16:30:00,L,0.64932,0.65289,0.64753,0.65289,2.0,tp,7.15,0.44,6.71,43.35
2023-01-18 16:40:00,2023-01-18 17:35:00,L,0.65096,0.64838,0.64838,0.65613,-1.0,sl,-5.17,0.44,-5.61,37.74
2023-01-18 18:05:00,2023-01-18 18:15:00,L,0.64746,0.64667,0.64667,0.64903,-1.0,sl,-1.57,0.44,-2.01,35.73
2023-01-18 18:50:00,2023-01-18 18:55:00,L,0.64491,0.64605,0.64434,0.64605,2.0,tp,2.27,0.44,1.83,37.56
2023-01-20 16:15:00,2023-01-20 17:15:00,L,0.6416,0.64413,0.64034,0.64413,2.0,tp,5.06,0.44,4.62,42.18
2023-01-20 17:20:00,2023-01-23 01:25:00,L,0.64403,0.64746,0.64123,0.64962,1.226,time,6.86,0.44,6.42,48.6
2023-01-23 17:20:00,2023-01-24 01:20:00,L,0.64569,0.64925,0.6436,0.64987,1.702,time,7.12,0.44,6.68,55.28
2023-01-24 17:10:00,2023-01-24 17:25:00,L,0.64744,0.64996,0.64618,0.64996,2.0,tp,5.04,0.44,4.6,59.88
2023-01-24 17:40:00,2023-01-25 01:40:00,L,0.64899,0.64852,0.64618,0.65461,-0.167,time,-0.94,0.44,-1.38,58.5
2023-01-26 15:15:00,2023-01-26 15:30:00,L,0.64841,0.6478,0.6478,0.64963,-1.0,sl,-1.22,0.44,-1.66,56.84
2023-01-26 15:40:00,2023-01-26 17:50:00,L,0.64887,0.64659,0.64659,0.65342,-1.0,sl,-4.55,0.44,-4.99,51.85
2023-01-27 19:10:00,2023-01-30 03:00:00,L,0.64824,0.65028,0.64722,0.65028,2.0,tp,4.07,0.44,3.63,55.48
2023-02-01 15:20:00,2023-02-01 17:00:00,L,0.645,0.64408,0.64408,0.64684,-1.0,sl,-1.84,0.44,-2.28,53.2
2023-02-02 15:05:00,2023-02-02 16:40:00,L,0.65175,0.65039,0.65039,0.65446,-1.0,sl,-2.71,0.44,-3.15,50.05
2023-02-02 17:35:00,2023-02-03 00:05:00,L,0.64882,0.64611,0.64611,0.65423,-1.0,sl,-5.41,0.44,-5.85,44.2
2023-02-03 15:25:00,2023-02-03 15:30:00,S,0.64699,0.64527,0.64785,0.64527,2.0,tp,3.44,0.44,3.0,47.2
2023-02-03 15:35:00,2023-02-03 23:35:00,S,0.64264,0.63282,0.64792,0.63208,1.86,time,19.64,0.44,19.2,66.4
2023-02-06 15:15:00,2023-02-06 16:15:00,S,0.63095,0.62859,0.63213,0.62859,2.0,tp,4.71,0.44,4.27,70.67
2023-02-06 16:40:00,2023-02-06 17:15:00,S,0.62966,0.628,0.63049,0.628,2.0,tp,3.31,0.44,2.87,73.54
2023-02-06 17:45:00,2023-02-06 20:55:00,S,0.6271,0.62969,0.62969,0.62192,-1.0,sl,-5.18,0.44,-5.62,67.92
2023-02-07 16:30:00,2023-02-07 17:55:00,S,0.62846,0.62952,0.62952,0.62635,-1.0,sl,-2.11,0.44,-2.55,65.37
2023-02-07 18:25:00,2023-02-07 18:30:00,S,0.63015,0.63057,0.63057,0.6293,-1.0,sl,-0.85,0.44,-1.29,64.08
2023-02-07 18:40:00,2023-02-07 18:45:00,S,0.63014,0.63074,0.63074,0.62894,-1.0,sl,-1.2,0.44,-1.64,62.44
2023-02-08 15:55:00,2023-02-08 23:55:00,S,0.63189,0.63047,0.63313,0.6294,1.142,time,2.84,0.44,2.4,64.84
2023-02-10 17:05:00,2023-02-13 01:10:00,S,0.63199,0.63064,0.63397,0.62804,0.683,time,2.7,0.44,2.26,67.1
2023-02-14 16:05:00,2023-02-15 00:05:00,S,0.63439,0.63321,0.63913,0.62492,0.249,time,2.36,0.44,1.92,69.02
2023-02-15 15:15:00,2023-02-15 15:45:00,S,0.62701,0.62789,0.62789,0.62524,-1.0,sl,-1.77,0.44,-2.21,66.81
2023-02-15 15:55:00,2023-02-15 16:05:00,S,0.62756,0.62605,0.62831,0.62605,2.0,tp,3.02,0.44,2.58,69.39
2023-02-15 16:15:00,2023-02-15 21:10:00,S,0.62601,0.62831,0.62831,0.62142,-1.0,sl,-4.59,0.44,-5.03,64.36
2023-02-16 15:05:00,2023-02-16 15:30:00,S,0.62791,0.62638,0.62868,0.62638,2.0,tp,3.06,0.44,2.62,66.98
2023-02-16 15:35:00,2023-02-16 16:45:00,S,0.62727,0.62469,0.62856,0.62469,2.0,tp,5.16,0.44,4.72,71.7
2023-02-16 17:05:00,2023-02-16 18:45:00,S,0.62365,0.62698,0.62698,0.61699,-1.0,sl,-6.66,0.44,-7.1,64.6
2023-02-16 19:20:00,2023-02-16 19:45:00,S,0.62618,0.62757,0.62757,0.62339,-1.0,sl,-2.79,0.44,-3.23,61.37
2023-02-17 15:45:00,2023-02-17 15:45:00,S,0.62073,0.62117,0.62117,0.61986,-1.0,sl,-0.87,0.44,-1.31,60.06
2023-02-17 16:25:00,2023-02-17 17:00:00,S,0.62195,0.62248,0.62248,0.62089,-1.0,sl,-1.06,0.44,-1.5,58.56
2023-02-17 17:40:00,2023-02-17 19:10:00,S,0.62354,0.62457,0.62457,0.62148,-1.0,sl,-2.06,0.44,-2.5,56.06
2023-02-21 15:05:00,2023-02-21 15:45:00,S,0.62373,0.62293,0.62413,0.62293,2.0,tp,1.61,0.44,1.17,57.23
2023-02-21 15:55:00,2023-02-21 17:40:00,S,0.62319,0.62415,0.62415,0.62128,-1.0,sl,-1.91,0.44,-2.35,54.88
2023-02-21 17:45:00,2023-02-21 18:20:00,S,0.62344,0.62168,0.62432,0.62168,2.0,tp,3.52,0.44,3.08,57.96
2023-02-21 18:35:00,2023-02-22 02:35:00,S,0.62186,0.62129,0.62431,0.61697,0.233,time,1.14,0.44,0.7,58.66
2023-02-23 15:05:00,2023-02-23 16:50:00,S,0.62274,0.6242,0.6242,0.61982,-1.0,sl,-2.92,0.44,-3.36,55.3
2023-02-23 17:10:00,2023-02-24 01:10:00,S,0.62272,0.62318,0.62441,0.61934,-0.272,time,-0.92,0.44,-1.36,53.94
2023-02-24 15:15:00,2023-02-24 23:15:00,S,0.61772,0.61633,0.61933,0.6145,0.862,time,2.78,0.44,2.34,56.28
2023-02-27 15:05:00,2023-02-27 15:30:00,S,0.61373,0.61502,0.61502,0.61115,-1.0,sl,-2.58,0.44,-3.02,53.26
2023-02-27 16:00:00,2023-02-27 17:05:00,S,0.61599,0.61663,0.61663,0.61472,-1.0,sl,-1.27,0.44,-1.71,51.55
2023-02-27 17:55:00,2023-02-28 01:55:00,S,0.61639,0.61627,0.61797,0.61323,0.076,time,0.24,0.44,-0.2,51.35
2023-03-02 15:05:00,2023-03-02 23:05:00,S,0.62185,0.62197,0.62339,0.61877,-0.078,time,-0.24,0.44,-0.68,50.67
2023-03-03 16:10:00,2023-03-03 17:00:00,S,0.62217,0.62001,0.62325,0.62001,2.0,tp,4.32,0.44,3.88,54.55
2023-03-03 17:20:00,2023-03-03 21:10:00,S,0.62062,0.62213,0.62213,0.61761,-1.0,sl,-3.01,0.44,-3.45,51.1
2023-03-06 15:35:00,2023-03-06 16:00:00,S,0.6196,0.61858,0.62011,0.61858,2.0,tp,2.04,0.44,1.6,52.7
2023-03-06 16:05:00,2023-03-06 17:15:00,S,0.61873,0.62011,0.62011,0.61597,-1.0,sl,-2.76,0.44,-3.2,49.5
2023-03-06 17:25:00,2023-03-06 20:50:00,S,0.61961,0.61808,0.62037,0.61808,2.0,tp,3.05,0.44,2.61,52.11
2023-03-07 15:05:00,2023-03-07 15:20:00,S,0.61909,0.6194,0.6194,0.61848,-1.0,sl,-0.61,0.44,-1.05,51.06
2023-03-07 15:30:00,2023-03-07 17:00:00,S,0.61888,0.61762,0.61951,0.61762,2.0,tp,2.52,0.44,2.08,53.14
2023-03-07 17:05:00,2023-03-08 01:05:00,S,0.61553,0.61088,0.61937,0.60784,1.21,time,9.3,0.44,8.86,62.0
2023-03-08 15:15:00,2023-03-08 15:40:00,S,0.61154,0.61223,0.61223,0.61016,-1.0,sl,-1.38,0.44,-1.82,60.18
2023-03-08 15:50:00,2023-03-08 16:30:00,S,0.61142,0.61237,0.61237,0.60951,-1.0,sl,-1.91,0.44,-2.35,57.83
2023-03-08 17:05:00,2023-03-08 17:20:00,S,0.61239,0.61314,0.61314,0.61088,-1.0,sl,-1.51,0.44,-1.95,55.88
2023-03-08 17:40:00,2023-03-08 20:45:00,S,0.6125,0.60989,0.61381,0.60989,2.0,tp,5.22,0.44,4.78,60.66
2023-03-15 15:05:00,2023-03-15 23:05:00,S,0.61953,0.61823,0.62166,0.61526,0.609,time,2.6,0.44,2.16,62.82
2023-03-16 15:20:00,2023-03-16 21:20:00,S,0.61705,0.61823,0.61823,0.61469,-1.0,sl,-2.36,0.44,-2.8,60.02
2023-03-17 15:05:00,2023-03-19 23:00:00,L,0.62474,0.62775,0.62323,0.62775,2.0,tp,6.02,0.44,5.58,65.6
2023-03-21 15:05:00,2023-03-21 17:35:00,S,0.61916,0.61716,0.62016,0.61716,2.0,tp,3.99,0.44,3.55,69.15
2023-03-21 17:55:00,2023-03-21 21:10:00,S,0.61692,0.61823,0.61823,0.6143,-1.0,sl,-2.62,0.44,-3.06,66.09
2023-03-24 15:10:00,2023-03-24 15:25:00,S,0.62029,0.62061,0.62061,0.61965,-1.0,sl,-0.64,0.44,-1.08,65.01
2023-03-24 15:45:00,2023-03-24 17:55:00,S,0.62012,0.62101,0.62101,0.61835,-1.0,sl,-1.77,0.44,-2.21,62.8
2023-03-27 15:10:00,2023-03-27 15:40:00,S,0.61924,0.6184,0.61966,0.6184,2.0,tp,1.68,0.44,1.24,64.04
2023-03-27 16:15:00,2023-03-27 16:45:00,S,0.6186,0.61926,0.61926,0.61727,-1.0,sl,-1.33,0.44,-1.77,62.27
2023-03-27 17:05:00,2023-03-27 17:25:00,S,0.61889,0.61944,0.61944,0.6178,-1.0,sl,-1.09,0.44,-1.53,60.74
2023-03-27 17:50:00,2023-03-28 00:05:00,S,0.61891,0.61957,0.61957,0.61759,-1.0,sl,-1.32,0.44,-1.76,58.98
2023-03-28 15:10:00,2023-03-28 17:00:00,L,0.62344,0.62285,0.62285,0.62462,-1.0,sl,-1.18,0.44,-1.62,57.36
2023-03-28 17:25:00,2023-03-28 17:55:00,L,0.62305,0.62449,0.62233,0.62449,2.0,tp,2.87,0.44,2.43,59.79
2023-03-28 18:15:00,2023-03-29 00:10:00,L,0.62446,0.62274,0.62274,0.6279,-1.0,sl,-3.44,0.44,-3.88,55.91
2023-03-29 15:05:00,2023-03-29 16:20:00,S,0.62346,0.62176,0.62431,0.62176,2.0,tp,3.4,0.44,2.96,58.87
2023-03-29 16:35:00,2023-03-29 16:55:00,S,0.62155,0.62292,0.62292,0.61881,-1.0,sl,-2.74,0.44,-3.18,55.69
2023-03-29 17:30:00,2023-03-29 22:00:00,S,0.62344,0.62189,0.62421,0.62189,2.0,tp,3.09,0.44,2.65,58.34
2023-03-30 15:25:00,2023-03-30 16:20:00,L,0.62358,0.62478,0.62298,0.62478,2.0,tp,2.41,0.44,1.97,60.31
2023-03-30 17:15:00,2023-03-30 21:55:00,L,0.62474,0.62617,0.62402,0.62617,2.0,tp,2.87,0.44,2.43,62.74
2023-03-31 15:35:00,2023-03-31 17:50:00,L,0.62628,0.62486,0.62486,0.62912,-1.0,sl,-2.84,0.44,-3.28,59.46
2023-03-31 18:05:00,2023-04-03 01:15:00,L,0.62617,0.62357,0.62357,0.63136,-1.0,sl,-5.19,0.44,-5.63,53.83
2023-04-03 16:00:00,2023-04-03 16:00:00,L,0.62818,0.62806,0.62806,0.62843,-1.0,sl,-0.25,0.44,-0.69,53.14
2023-04-03 16:05:00,2023-04-03 16:15:00,L,0.62812,0.62794,0.62794,0.62848,-1.0,sl,-0.36,0.44,-0.8,52.34
2023-04-03 16:45:00,2023-04-03 17:20:00,L,0.62801,0.62939,0.62732,0.62939,2.0,tp,2.76,0.44,2.32,54.66
2023-04-03 17:40:00,2023-04-04 01:40:00,L,0.62863,0.62973,0.62733,0.63124,0.844,time,2.2,0.44,1.76,56.42
2023-04-04 17:05:00,2023-04-05 01:05:00,L,0.63008,0.63096,0.62729,0.63566,0.315,time,1.76,0.44,1.32,57.74
2023-04-05 15:05:00,2023-04-05 23:05:00,L,0.63036,0.6313,0.6284,0.63428,0.479,time,1.88,0.44,1.44,59.18
2023-04-06 15:10:00,2023-04-06 15:30:00,S,0.62762,0.62806,0.62806,0.62675,-1.0,sl,-0.87,0.44,-1.31,57.87
2023-04-06 15:35:00,2023-04-06 23:35:00,S,0.62674,0.62426,0.62828,0.62366,1.609,time,4.96,0.44,4.52,62.39
2023-04-07 15:25:00,2023-04-07 15:30:00,S,0.62586,0.62515,0.62621,0.62515,2.0,tp,1.41,0.44,0.97,63.36
2023-04-07 15:35:00,2023-04-07 23:35:00,S,0.62287,0.62522,0.62618,0.61626,-0.711,time,-4.7,0.44,-5.14,58.22
2023-04-10 16:20:00,2023-04-10 22:40:00,S,0.61995,0.6219,0.6219,0.61606,-1.0,sl,-3.89,0.44,-4.33,53.89
2023-04-11 15:20:00,2023-04-11 16:05:00,S,0.62069,0.61989,0.62109,0.61989,2.0,tp,1.6,0.44,1.16,55.05
2023-04-11 16:25:00,2023-04-11 19:40:00,S,0.62024,0.61853,0.6211,0.61853,2.0,tp,3.42,0.44,2.98,58.03
2023-04-13 15:05:00,2023-04-13 15:15:00,L,0.62448,0.62521,0.62412,0.62521,2.0,tp,1.45,0.44,1.01,59.04
2023-04-13 15:20:00,2023-04-13 15:45:00,L,0.62521,0.62718,0.62423,0.62718,2.0,tp,3.94,0.44,3.5,62.54
2023-04-13 17:10:00,2023-04-14 01:10:00,L,0.62935,0.62972,0.6275,0.63304,0.201,time,0.74,0.44,0.3,62.84
2023-04-14 16:50:00,2023-04-14 18:00:00,S,0.62552,0.62148,0.62754,0.62148,2.0,tp,8.07,0.44,7.63,70.47
2023-04-14 18:05:00,2023-04-17 02:10:00,S,0.62173,0.62055,0.62501,0.61517,0.36,time,2.36,0.44,1.92,72.39
2023-04-17 15:05:00,2023-04-17 15:30:00,S,0.61951,0.61849,0.62002,0.61849,2.0,tp,2.03,0.44,1.59,73.98
2023-04-17 15:35:00,2023-04-17 23:35:00,S,0.61862,0.61809,0.61992,0.61602,0.408,time,1.06,0.44,0.62,74.6
2023-04-21 15:25:00,2023-04-21 15:30:00,S,0.61293,0.61358,0.61358,0.61163,-1.0,sl,-1.3,0.44,-1.74,72.86
2023-04-21 16:50:00,2023-04-24 00:55:00,S,0.61367,0.61372,0.61549,0.61002,-0.027,time,-0.1,0.44,-0.54,72.32
2023-04-24 18:05:00,2023-04-24 20:25:00,S,0.6148,0.61545,0.61545,0.6135,-1.0,sl,-1.3,0.44,-1.74,70.58
2023-04-25 16:10:00,2023-04-25 17:40:00,S,0.61591,0.6144,0.61666,0.6144,2.0,tp,3.01,0.44,2.57,73.15
2023-04-25 17:55:00,2023-04-26 01:55:00,S,0.61426,0.61452,0.61525,0.61228,-0.262,time,-0.52,0.44,-0.96,72.19
2023-04-26 15:45:00,2023-04-26 16:20:00,S,0.6127,0.6133,0.6133,0.61149,-1.0,sl,-1.21,0.44,-1.65,70.54
2023-04-26 17:15:00,2023-04-27 00:00:00,S,0.61319,0.61085,0.61436,0.61085,2.0,tp,4.68,0.44,4.24,74.78
2023-04-27 15:35:00,2023-04-27 23:35:00,S,0.61432,0.61456,0.61606,0.61084,-0.138,time,-0.48,0.44,-0.92,73.86
2023-05-03 15:10:00,2023-05-03 15:15:00,L,0.62319,0.62248,0.62248,0.62461,-1.0,sl,-1.42,0.44,-1.86,72.0
2023-05-03 16:00:00,2023-05-03 17:00:00,L,0.62193,0.6229,0.62145,0.6229,2.0,tp,1.94,0.44,1.5,73.5
2023-05-03 17:05:00,2023-05-03 21:00:00,L,0.62266,0.6247,0.62164,0.6247,2.0,tp,4.07,0.44,3.63,77.13
2023-05-04 15:15:00,2023-05-04 15:15:00,L,0.62692,0.62607,0.62607,0.62862,-1.0,sl,-1.7,0.44,-2.14,74.99
2023-05-04 15:20:00,2023-05-04 15:30:00,L,0.62651,0.626,0.626,0.62753,-1.0,sl,-1.02,0.44,-1.46,73.53
2023-05-04 15:40:00,2023-05-04 15:55:00,L,0.6262,0.62569,0.62569,0.62722,-1.0,sl,-1.02,0.44,-1.46,72.07
2023-05-04 16:05:00,2023-05-04 16:45:00,L,0.62637,0.62554,0.62554,0.62803,-1.0,sl,-1.66,0.44,-2.1,69.97
2023-05-04 16:55:00,2023-05-04 19:05:00,L,0.62658,0.62898,0.62538,0.62898,2.0,tp,4.8,0.44,4.36,74.33
2023-05-05 16:15:00,2023-05-08 00:20:00,L,0.62762,0.62921,0.62619,0.63048,1.114,time,3.18,0.44,2.74,77.07
2023-05-08 15:05:00,2023-05-08 15:45:00,L,0.63438,0.63503,0.63405,0.63503,2.0,tp,1.31,0.44,0.87,77.94
2023-05-08 16:05:00,2023-05-08 21:05:00,L,0.63502,0.63405,0.63405,0.63695,-1.0,sl,-1.93,0.44,-2.37,75.57
2023-05-10 15:05:00,2023-05-10 15:20:00,L,0.63292,0.63247,0.63247,0.63383,-1.0,sl,-0.91,0.44,-1.35,74.22
2023-05-10 15:30:00,2023-05-10 15:30:00,L,0.63265,0.63341,0.63227,0.63341,2.0,tp,1.53,0.44,1.09,75.31
2023-05-10 15:35:00,2023-05-10 23:35:00,L,0.63534,0.63664,0.63226,0.64149,0.423,time,2.6,0.44,2.16,77.47
2023-05-12 15:45:00,2023-05-12 16:00:00,S,0.62241,0.62292,0.62292,0.62138,-1.0,sl,-1.03,0.44,-1.47,76.0
2023-05-12 16:40:00,2023-05-12 17:30:00,S,0.62244,0.61988,0.62372,0.61988,2.0,tp,5.12,0.44,4.68,80.68
2023-05-12 18:10:00,2023-05-15 02:15:00,S,0.61985,0.61932,0.62178,0.616,0.275,time,1.06,0.44,0.62,81.3
2023-05-15 15:05:00,2023-05-15 15:30:00,S,0.62162,0.62203,0.62203,0.62081,-1.0,sl,-0.81,0.44,-1.25,80.05
2023-05-15 15:45:00,2023-05-15 17:05:00,S,0.62188,0.62116,0.62224,0.62116,2.0,tp,1.44,0.44,1.0,81.05
2023-05-15 17:10:00,2023-05-15 18:05:00,S,0.62094,0.62203,0.62203,0.61875,-1.0,sl,-2.19,0.44,-2.63,78.42
2023-05-16 17:05:00,2023-05-17 01:05:00,S,0.62405,0.62271,0.62537,0.62142,1.018,time,2.68,0.44,2.24,80.66
2023-05-17 15:15:00,2023-05-17 15:30:00,L,0.62559,0.62498,0.62498,0.62681,-1.0,sl,-1.22,0.44,-1.66,79.0
2023-05-17 15:50:00,2023-05-17 17:00:00,L,0.62562,0.6247,0.6247,0.62747,-1.0,sl,-1.85,0.44,-2.29,76.71
2023-05-17 18:15:00,2023-05-17 18:35:00,L,0.62382,0.62471,0.62337,0.62471,2.0,tp,1.79,0.44,1.35,78.06
2023-05-17 18:40:00,2023-05-18 00:00:00,L,0.62468,0.62338,0.62338,0.62728,-1.0,sl,-2.6,0.44,-3.04,75.02
2023-05-18 15:05:00,2023-05-18 15:45:00,S,0.624,0.62252,0.62474,0.62252,2.0,tp,2.96,0.44,2.52,77.54
2023-05-18 15:50:00,2023-05-18 23:50:00,S,0.62244,0.62246,0.62454,0.61824,-0.01,time,-0.04,0.44,-0.48,77.06
2023-05-19 15:20:00,2023-05-19 16:45:00,L,0.6283,0.62722,0.62722,0.63046,-1.0,sl,-2.16,0.44,-2.6,74.46
2023-05-19 17:00:00,2023-05-19 18:15:00,L,0.62774,0.62891,0.62716,0.62891,2.0,tp,2.33,0.44,1.89,76.35
2023-05-19 18:35:00,2023-05-19 23:50:00,L,0.62893,0.62714,0.62714,0.6325,-1.0,sl,-3.57,0.44,-4.01,72.34
2023-05-22 15:20:00,2023-05-22 16:25:00,L,0.6281,0.6273,0.6273,0.62971,-1.0,sl,-1.61,0.44,-2.05,70.29
2023-05-22 16:35:00,2023-05-22 18:10:00,L,0.62805,0.62725,0.62725,0.62966,-1.0,sl,-1.61,0.44,-2.05,68.24
2023-05-22 19:20:00,2023-05-23 03:05:00,L,0.62776,0.62982,0.62673,0.62982,2.0,tp,4.13,0.44,3.69,71.93
2023-05-24 15:35:00,2023-05-24 19:20:00,S,0.61266,0.60956,0.61421,0.60956,2.0,tp,6.19,0.44,5.75,77.68
2023-05-24 19:45:00,2023-05-24 23:40:00,S,0.61015,0.61097,0.61097,0.60852,-1.0,sl,-1.63,0.44,-2.07,75.61
2023-05-25 15:35:00,2023-05-25 23:35:00,S,0.60695,0.60601,0.6087,0.60345,0.537,time,1.88,0.44,1.44,77.05
2023-05-26 15:35:00,2023-05-26 23:35:00,S,0.60712,0.60449,0.60963,0.60209,1.046,time,5.26,0.44,4.82,81.87
2023-05-30 16:15:00,2023-05-31 00:15:00,S,0.60536,0.604,0.60653,0.60301,1.159,time,2.72,0.44,2.28,84.15
2023-05-31 15:50:00,2023-05-31 16:40:00,S,0.60005,0.60069,0.60069,0.59877,-1.0,sl,-1.28,0.44,-1.72,82.43
2023-05-31 17:05:00,2023-05-31 22:40:00,S,0.59916,0.6018,0.6018,0.59388,-1.0,sl,-5.28,0.44,-5.72,76.71
2023-06-05 15:50:00,2023-06-05 15:55:00,S,0.6053,0.60559,0.60559,0.60472,-1.0,sl,-0.58,0.44,-1.02,75.69
2023-06-05 16:45:00,2023-06-05 17:00:00,S,0.60552,0.60635,0.60635,0.60386,-1.0,sl,-1.66,0.44,-2.1,73.59
2023-06-06 15:05:00,2023-06-06 15:25:00,S,0.6077,0.6067,0.6082,0.6067,2.0,tp,2.0,0.44,1.56,75.15
2023-06-06 16:10:00,2023-06-06 18:45:00,S,0.60623,0.60767,0.60767,0.60336,-1.0,sl,-2.87,0.44,-3.31,71.84
2023-06-07 17:25:00,2023-06-08 00:00:00,S,0.60725,0.6024,0.60967,0.6024,2.0,tp,9.69,0.44,9.25,81.09
2023-06-12 19:05:00,2023-06-12 22:35:00,S,0.61142,0.6122,0.6122,0.60985,-1.0,sl,-1.57,0.44,-2.01,79.08
2023-06-14 15:15:00,2023-06-14 15:40:00,L,0.61776,0.61933,0.61698,0.61933,2.0,tp,3.14,0.44,2.7,81.78
2023-06-14 17:00:00,2023-06-14 18:25:00,L,0.62087,0.62332,0.61965,0.62332,2.0,tp,4.9,0.44,4.46,86.24
2023-06-14 18:45:00,2023-06-14 20:50:00,L,0.62328,0.6222,0.6222,0.62543,-1.0,sl,-2.15,0.44,-2.59,83.65
2023-06-15 16:10:00,2023-06-15 17:25:00,L,0.61777,0.62254,0.61538,0.62254,2.0,tp,9.55,0.44,9.11,92.76
2023-06-15 18:00:00,2023-06-15 19:00:00,L,0.62153,0.62275,0.62092,0.62275,2.0,tp,2.43,0.44,1.99,94.75
2023-06-15 19:50:00,2023-06-16 03:50:00,L,0.62309,0.6237,0.62196,0.62535,0.54,time,1.22,0.44,0.78,95.53
2023-06-16 15:05:00,2023-06-16 16:00:00,L,0.62312,0.62238,0.62238,0.62461,-1.0,sl,-1.49,0.44,-1.93,93.6
2023-06-16 16:55:00,2023-06-19 01:00:00,L,0.62232,0.62347,0.62087,0.62522,0.794,time,2.3,0.44,1.86,95.46
2023-06-20 15:20:00,2023-06-20 17:05:00,S,0.61722,0.61463,0.61851,0.61463,2.0,tp,5.18,0.44,4.74,100.2
2023-06-20 17:10:00,2023-06-20 21:55:00,S,0.6148,0.6163,0.6163,0.61179,-1.0,sl,-3.01,0.44,-3.45,96.75
2023-06-21 17:10:00,2023-06-21 19:20:00,L,0.61693,0.61987,0.61546,0.61987,2.0,tp,5.87,0.44,5.43,102.18
2023-06-22 15:15:00,2023-06-22 15:15:00,L,0.62075,0.62053,0.62053,0.62118,-1.0,sl,-0.43,0.44,-0.87,101.31
2023-06-22 15:35:00,2023-06-22 15:45:00,L,0.62148,0.62031,0.62031,0.62381,-1.0,sl,-2.33,0.44,-2.77,98.54
2023-06-23 15:10:00,2023-06-23 16:20:00,S,0.61279,0.6136,0.6136,0.61118,-1.0,sl,-1.61,0.44,-2.05,96.49
2023-06-23 16:25:00,2023-06-23 16:30:00,S,0.61347,0.61277,0.61382,0.61277,2.0,tp,1.41,0.44,0.97,97.46
2023-06-23 16:35:00,2023-06-23 16:45:00,S,0.61273,0.61383,0.61383,0.61053,-1.0,sl,-2.2,0.44,-2.64,94.82
2023-06-23 16:50:00,2023-06-23 17:05:00,S,0.61264,0.61391,0.61391,0.6101,-1.0,sl,-2.54,0.44,-2.98,91.84
2023-06-23 17:20:00,2023-06-23 18:30:00,S,0.61285,0.61408,0.61408,0.61039,-1.0,sl,-2.46,0.44,-2.9,88.94
2023-06-23 19:05:00,2023-06-26 01:35:00,S,0.61412,0.6149,0.6149,0.61257,-1.0,sl,-1.55,0.44,-1.99,86.95
2023-06-26 16:05:00,2023-06-27 00:05:00,S,0.61664,0.61509,0.61765,0.61462,1.537,time,3.1,0.44,2.66,89.61
2023-06-27 18:05:00,2023-06-28 02:05:00,S,0.61687,0.6159,0.61783,0.61496,1.015,time,1.94,0.44,1.5,91.11
2023-06-28 15:05:00,2023-06-28 23:05:00,S,0.60803,0.60745,0.60942,0.60525,0.417,time,1.16,0.44,0.72,91.83
2023-06-29 15:30:00,2023-06-29 15:30:00,S,0.60935,0.60784,0.6101,0.60784,2.0,tp,3.02,0.44,2.58,94.41
2023-06-29 15:35:00,2023-06-29 23:35:00,S,0.60748,0.60693,0.61005,0.60235,0.214,time,1.1,0.44,0.66,95.07
2023-07-04 15:10:00,2023-07-04 15:55:00,L,0.61877,0.61962,0.61835,0.61962,2.0,tp,1.7,0.44,1.26,96.33
2023-07-04 16:20:00,2023-07-04 17:05:00,L,0.61942,0.62105,0.61861,0.62105,2.0,tp,3.25,0.44,2.81,99.14
2023-07-04 17:30:00,2023-07-04 19:25:00,L,0.62024,0.61952,0.61952,0.62168,-1.0,sl,-1.44,0.44,-1.88,97.26
2023-07-05 15:35:00,2023-07-05 16:00:00,L,0.61834,0.61922,0.6179,0.61922,2.0,tp,1.76,0.44,1.32,98.58
2023-07-05 16:45:00,2023-07-05 17:35:00,L,0.61942,0.61868,0.61868,0.6209,-1.0,sl,-1.48,0.44,-1.92,96.66
2023-07-06 15:15:00,2023-07-06 15:15:00,S,0.62112,0.61951,0.62193,0.61951,2.0,tp,3.22,0.44,2.78,99.44
2023-07-06 15:20:00,2023-07-06 23:20:00,S,0.61881,0.61548,0.62193,0.61257,1.067,time,6.66,0.44,6.22,105.66
2023-07-07 16:15:00,2023-07-07 16:40:00,L,0.61695,0.61939,0.61573,0.61939,2.0,tp,4.87,0.44,4.43,110.09
2023-07-07 17:05:00,2023-07-10 01:10:00,L,0.61918,0.62077,0.61574,0.62606,0.462,time,3.18,0.44,2.74,112.83
2023-07-10 16:10:00,2023-07-10 18:25:00,L,0.61764,0.61986,0.61653,0.61986,2.0,tp,4.43,0.44,3.99,116.82
2023-07-10 18:35:00,2023-07-11 02:35:00,L,0.61986,0.62045,0.6182,0.62318,0.356,time,1.18,0.44,0.74,117.56
2023-07-12 15:25:00,2023-07-12 15:30:00,L,0.619,0.62073,0.61813,0.62073,2.0,tp,3.47,0.44,3.03,120.59
2023-07-12 15:35:00,2023-07-12 23:35:00,L,0.62318,0.62949,0.61806,0.63342,1.232,time,12.62,0.44,12.18,132.77
2023-07-13 15:05:00,2023-07-13 15:30:00,L,0.63584,0.63504,0.63504,0.63745,-1.0,sl,-1.61,0.44,-2.05,130.72
2023-07-13 15:45:00,2023-07-13 16:40:00,L,0.63564,0.63862,0.63415,0.63862,2.0,tp,5.96,0.44,5.52,136.24
2023-07-13 17:20:00,2023-07-13 18:40:00,L,0.6379,0.63689,0.63689,0.63991,-1.0,sl,-2.01,0.44,-2.45,133.79
2023-07-13 19:10:00,2023-07-14 00:05:00,L,0.6376,0.6366,0.6366,0.63959,-1.0,sl,-1.99,0.44,-2.43,131.36
2023-07-14 15:30:00,2023-07-14 15:35:00,L,0.63791,0.63721,0.63721,0.63931,-1.0,sl,-1.4,0.44,-1.84,129.52
2023-07-14 15:55:00,2023-07-14 17:00:00,L,0.63796,0.63704,0.63704,0.63979,-1.0,sl,-1.83,0.44,-2.27,127.25
2023-07-14 17:25:00,2023-07-17 00:00:00,L,0.63737,0.6363,0.6363,0.63952,-1.0,sl,-2.15,0.44,-2.59,124.66
2023-07-21 15:10:00,2023-07-21 23:10:00,S,0.61846,0.61684,0.61949,0.61639,1.568,time,3.24,0.44,2.8,127.46
2023-07-24 17:05:00,2023-07-25 01:05:00,L,0.62013,0.62049,0.61866,0.62308,0.244,time,0.72,0.44,0.28,127.74
2023-07-25 16:05:00,2023-07-25 16:20:00,L,0.62165,0.62066,0.62066,0.62363,-1.0,sl,-1.98,0.44,-2.42,125.32
2023-07-25 16:30:00,2023-07-25 16:35:00,L,0.62097,0.62183,0.62054,0.62183,2.0,tp,1.73,0.44,1.29,126.61
2023-07-25 16:40:00,2023-07-25 17:00:00,L,0.62184,0.62054,0.62054,0.62444,-1.0,sl,-2.6,0.44,-3.04,123.57
2023-07-25 17:05:00,2023-07-25 21:55:00,L,0.62096,0.62261,0.62014,0.62261,2.0,tp,3.29,0.44,2.85,126.42
2023-07-27 16:15:00,2023-07-27 21:30:00,S,0.62304,0.61828,0.62542,0.61828,2.0,tp,9.52,0.44,9.08,135.5
2023-07-28 15:10:00,2023-07-28 15:30:00,S,0.61653,0.6173,0.6173,0.61499,-1.0,sl,-1.54,0.44,-1.98,133.52
2023-07-28 15:35:00,2023-07-28 16:05:00,S,0.61698,0.61468,0.61813,0.61468,2.0,tp,4.6,0.44,4.16,137.68
2023-07-28 16:30:00,2023-07-31 00:35:00,S,0.61496,0.61502,0.61813,0.60861,-0.019,time,-0.12,0.44,-0.56,137.12
2023-07-31 15:35:00,2023-07-31 15:40:00,L,0.6204,0.62,0.62,0.62121,-1.0,sl,-0.81,0.44,-1.25,135.87
2023-07-31 15:50:00,2023-07-31 16:05:00,L,0.62041,0.61981,0.61981,0.6216,-1.0,sl,-1.19,0.44,-1.63,134.24
2023-07-31 16:35:00,2023-08-01 00:35:00,L,0.62034,0.62057,0.61915,0.62273,0.193,time,0.46,0.44,0.02,134.26
2023-08-01 15:10:00,2023-08-01 17:00:00,S,0.61503,0.61618,0.61618,0.61273,-1.0,sl,-2.3,0.44,-2.74,131.52
2023-08-01 17:20:00,2023-08-02 01:15:00,S,0.61469,0.61667,0.61667,0.61074,-1.0,sl,-3.95,0.44,-4.39,127.13
2023-08-02 15:15:00,2023-08-02 15:30:00,S,0.61082,0.60936,0.61155,0.60936,2.0,tp,2.92,0.44,2.48,129.61
2023-08-02 15:55:00,2023-08-02 23:55:00,S,0.60926,0.60774,0.61154,0.6047,0.666,time,3.04,0.44,2.6,132.21
2023-08-03 15:10:00,2023-08-03 15:40:00,S,0.60771,0.60882,0.60882,0.60548,-1.0,sl,-2.23,0.44,-2.67,129.54
2023-08-03 16:00:00,2023-08-03 19:35:00,S,0.60768,0.60931,0.60931,0.60442,-1.0,sl,-3.26,0.44,-3.7,125.84
2023-08-07 16:45:00,2023-08-08 00:45:00,S,0.61049,0.61003,0.61166,0.60815,0.393,time,0.92,0.44,0.48,126.32
2023-08-08 15:15:00,2023-08-08 16:10:00,S,0.60395,0.60491,0.60491,0.60203,-1.0,sl,-1.92,0.44,-2.36,123.96
2023-08-08 16:20:00,2023-08-08 16:35:00,S,0.60459,0.60356,0.6051,0.60356,2.0,tp,2.06,0.44,1.62,125.58
2023-08-08 16:45:00,2023-08-08 19:15:00,S,0.60406,0.60511,0.60511,0.60196,-1.0,sl,-2.1,0.44,-2.54,123.04
2023-08-08 19:40:00,2023-08-08 20:35:00,S,0.6051,0.60548,0.60548,0.60434,-1.0,sl,-0.76,0.44,-1.2,121.84
2023-08-09 15:10:00,2023-08-09 17:00:00,S,0.60575,0.60677,0.60677,0.6037,-1.0,sl,-2.05,0.44,-2.49,119.35
2023-08-09 17:25:00,2023-08-10 01:25:00,S,0.60597,0.60512,0.60709,0.60373,0.759,time,1.7,0.44,1.26,120.61
2023-08-10 17:10:00,2023-08-10 17:45:00,S,0.60826,0.60653,0.60912,0.60653,2.0,tp,3.46,0.44,3.02,123.63
2023-08-10 18:15:00,2023-08-11 02:15:00,S,0.60579,0.60146,0.60823,0.60092,1.777,time,8.66,0.44,8.22,131.85
2023-08-11 15:20:00,2023-08-11 15:30:00,S,0.60084,0.59964,0.60144,0.59964,2.0,tp,2.4,0.44,1.96,133.81
2023-08-11 15:35:00,2023-08-11 23:35:00,S,0.59957,0.59823,0.60146,0.59579,0.708,time,2.68,0.44,2.24,136.05
2023-08-14 15:05:00,2023-08-14 16:35:00,S,0.59748,0.59479,0.59883,0.59479,2.0,tp,5.38,0.44,4.94,140.99
2023-08-14 16:50:00,2023-08-14 17:15:00,S,0.59465,0.59674,0.59674,0.59047,-1.0,sl,-4.18,0.44,-4.62,136.37
2023-08-14 17:25:00,2023-08-14 17:30:00,S,0.59646,0.59704,0.59704,0.59531,-1.0,sl,-1.15,0.44,-1.59,134.78
2023-08-15 15:05:00,2023-08-15 15:30:00,S,0.59684,0.59746,0.59746,0.5956,-1.0,sl,-1.24,0.44,-1.68,133.1
2023-08-15 15:35:00,2023-08-15 15:40:00,S,0.59642,0.59755,0.59755,0.59415,-1.0,sl,-2.27,0.44,-2.71,130.39
2023-08-15 15:55:00,2023-08-15 16:10:00,S,0.59718,0.59834,0.59834,0.59487,-1.0,sl,-2.31,0.44,-2.75,127.64
2023-08-15 18:15:00,2023-08-15 19:35:00,S,0.59789,0.59642,0.59862,0.59642,2.0,tp,2.94,0.44,2.5,130.14
2023-08-15 19:45:00,2023-08-16 03:40:00,S,0.59644,0.59388,0.59772,0.59388,2.0,tp,5.13,0.44,4.69,134.83
2023-08-16 15:15:00,2023-08-16 15:35:00,S,0.59667,0.59565,0.59718,0.59565,2.0,tp,2.03,0.44,1.59,136.42
2023-08-16 15:40:00,2023-08-16 22:15:00,S,0.59572,0.59278,0.59719,0.59278,2.0,tp,5.87,0.44,5.43,141.85
2023-08-17 17:20:00,2023-08-18 01:20:00,S,0.59365,0.5924,0.59616,0.58864,0.499,time,2.5,0.44,2.06,143.91
2023-08-18 15:05:00,2023-08-18 15:25:00,S,0.59197,0.59106,0.59243,0.59106,2.0,tp,1.82,0.44,1.38,145.29
2023-08-18 15:55:00,2023-08-18 16:05:00,S,0.5912,0.5922,0.5922,0.5892,-1.0,sl,-2.0,0.44,-2.44,142.85
2023-08-21 15:25:00,2023-08-21 16:50:00,S,0.59214,0.59073,0.59284,0.59073,2.0,tp,2.82,0.44,2.38,145.23
2023-08-21 17:10:00,2023-08-21 21:50:00,S,0.5907,0.59233,0.59233,0.58744,-1.0,sl,-3.26,0.44,-3.7,141.53
2023-08-22 16:30:00,2023-08-23 00:30:00,S,0.594,0.59442,0.59597,0.59006,-0.213,time,-0.84,0.44,-1.28,140.25
2023-08-23 15:05:00,2023-08-23 16:05:00,S,0.5932,0.59358,0.59358,0.59244,-1.0,sl,-0.76,0.44,-1.2,139.05
2023-08-24 15:35:00,2023-08-24 23:35:00,S,0.59317,0.59197,0.59424,0.59104,1.126,time,2.4,0.44,1.96,141.01
2023-08-25 16:15:00,2023-08-25 17:00:00,S,0.59198,0.59265,0.59265,0.59063,-1.0,sl,-1.35,0.44,-1.79,139.22
2023-08-25 17:10:00,2023-08-28 01:15:00,S,0.59185,0.59062,0.59427,0.587,0.508,time,2.46,0.44,2.02,141.24
2023-08-28 17:05:00,2023-08-28 19:45:00,S,0.59058,0.59142,0.59142,0.58889,-1.0,sl,-1.69,0.44,-2.13,139.11
2023-08-29 15:55:00,2023-08-29 17:00:00,S,0.5895,0.59042,0.59042,0.58766,-1.0,sl,-1.84,0.44,-2.28,136.83
2023-08-31 16:05:00,2023-09-01 00:05:00,S,0.59538,0.5962,0.59709,0.59196,-0.479,time,-1.64,0.44,-2.08,134.75
2023-09-01 17:15:00,2023-09-04 01:20:00,S,0.59728,0.59392,0.60039,0.59106,1.08,time,6.72,0.44,6.28,141.03
2023-09-04 17:00:00,2023-09-05 01:00:00,S,0.59378,0.59387,0.59445,0.59245,-0.135,time,-0.18,0.44,-0.62,140.41
2023-09-05 15:05:00,2023-09-05 15:40:00,S,0.5865,0.58695,0.58695,0.5856,-1.0,sl,-0.9,0.44,-1.34,139.07
2023-09-05 16:10:00,2023-09-06 00:10:00,S,0.58794,0.58767,0.58902,0.58577,0.249,time,0.54,0.44,0.1,139.17
2023-09-06 15:05:00,2023-09-06 17:00:00,S,0.58909,0.5877,0.58978,0.5877,2.0,tp,2.78,0.44,2.34,141.51
2023-09-06 17:05:00,2023-09-07 01:05:00,S,0.58643,0.58711,0.58961,0.58007,-0.214,time,-1.36,0.44,-1.8,139.71
2023-09-07 16:35:00,2023-09-08 00:15:00,S,0.58852,0.58677,0.5894,0.58677,2.0,tp,3.51,0.44,3.07,142.78
2023-09-08 19:10:00,2023-09-08 21:55:00,S,0.58936,0.58825,0.58992,0.58825,2.0,tp,2.23,0.44,1.79,144.57
2023-09-12 15:10:00,2023-09-12 15:20:00,S,0.59018,0.58926,0.59064,0.58926,2.0,tp,1.83,0.44,1.39,145.96
2023-09-12 15:35:00,2023-09-12 22:00:00,S,0.58996,0.59065,0.59065,0.58858,-1.0,sl,-1.38,0.44,-1.82,144.14
2023-09-14 18:20:00,2023-09-14 20:45:00,S,0.59189,0.59072,0.59248,0.59072,2.0,tp,2.35,0.44,1.91,146.05
2023-09-15 15:15:00,2023-09-15 15:40:00,S,0.59133,0.59028,0.59186,0.59028,2.0,tp,2.11,0.44,1.67,147.72
2023-09-15 16:10:00,2023-09-18 00:15:00,S,0.59067,0.59023,0.59186,0.58828,0.368,time,0.88,0.44,0.44,148.16
2023-09-18 15:35:00,2023-09-18 16:15:00,S,0.5904,0.59074,0.59074,0.58971,-1.0,sl,-0.69,0.44,-1.13,147.03
2023-09-18 16:35:00,2023-09-18 17:30:00,S,0.59014,0.59079,0.59079,0.58884,-1.0,sl,-1.3,0.44,-1.74,145.29
2023-09-18 17:50:00,2023-09-18 18:30:00,S,0.5906,0.59128,0.59128,0.58924,-1.0,sl,-1.36,0.44,-1.8,143.49
2023-09-21 15:10:00,2023-09-21 16:25:00,S,0.59067,0.59204,0.59204,0.58793,-1.0,sl,-2.74,0.44,-3.18,140.31
2023-09-21 16:35:00,2023-09-21 17:15:00,S,0.59156,0.59224,0.59224,0.59019,-1.0,sl,-1.37,0.44,-1.81,138.5
2023-09-26 18:05:00,2023-09-27 02:05:00,S,0.5957,0.5946,0.59691,0.59328,0.908,time,2.2,0.44,1.76,140.26
2023-09-27 15:10:00,2023-09-27 16:10:00,S,0.59245,0.5932,0.5932,0.59095,-1.0,sl,-1.5,0.44,-1.94,138.32
2023-09-27 16:30:00,2023-09-27 17:25:00,S,0.59272,0.59344,0.59344,0.59128,-1.0,sl,-1.44,0.44,-1.88,136.44
2023-09-27 18:15:00,2023-09-27 18:45:00,S,0.59384,0.59322,0.59415,0.59322,2.0,tp,1.24,0.44,0.8,137.24
2023-09-27 18:50:00,2023-09-27 20:10:00,S,0.59319,0.59127,0.59415,0.59127,2.0,tp,3.83,0.44,3.39,140.63
2023-09-28 15:15:00,2023-09-28 15:30:00,S,0.59528,0.59589,0.59589,0.59407,-1.0,sl,-1.21,0.44,-1.65,138.98
2023-09-28 15:40:00,2023-09-28 17:05:00,S,0.59479,0.596,0.596,0.59237,-1.0,sl,-2.42,0.44,-2.86,136.12
2023-09-29 15:10:00,2023-09-29 15:30:00,L,0.6027,0.60213,0.60213,0.60383,-1.0,sl,-1.13,0.44,-1.57,134.55
2023-09-29 15:40:00,2023-09-29 16:45:00,L,0.60333,0.60207,0.60207,0.60585,-1.0,sl,-2.52,0.44,-2.96,131.59
2023-09-29 16:55:00,2023-09-29 17:00:00,L,0.60193,0.60161,0.60161,0.60257,-1.0,sl,-0.64,0.44,-1.08,130.51
2023-09-29 17:55:00,2023-09-29 20:00:00,L,0.60156,0.60008,0.60008,0.60451,-1.0,sl,-2.95,0.44,-3.39,127.12
2023-10-02 15:35:00,2023-10-02 16:45:00,S,0.59693,0.59593,0.59743,0.59593,2.0,tp,2.0,0.44,1.56,128.68
2023-10-02 16:50:00,2023-10-03 00:50:00,S,0.59602,0.59447,0.59704,0.59398,1.518,time,3.1,0.44,2.66,131.34
2023-10-03 15:45:00,2023-10-03 16:00:00,S,0.58978,0.59038,0.59038,0.58858,-1.0,sl,-1.2,0.44,-1.64,129.7
2023-10-03 16:30:00,2023-10-03 16:35:00,S,0.59006,0.59057,0.59057,0.58903,-1.0,sl,-1.03,0.44,-1.47,128.23
2023-10-03 17:00:00,2023-10-03 17:00:00,S,0.59123,0.59025,0.59172,0.59025,2.0,tp,1.97,0.44,1.53,129.76
2023-10-03 17:05:00,2023-10-04 01:05:00,S,0.58926,0.5909,0.59172,0.58434,-0.666,time,-3.28,0.44,-3.72,126.04
2023-10-04 17:05:00,2023-10-04 19:10:00,S,0.5899,0.59229,0.59229,0.58512,-1.0,sl,-4.78,0.44,-5.22,120.82
2023-10-06 17:05:00,2023-10-06 17:35:00,L,0.59428,0.59655,0.59315,0.59655,2.0,tp,4.54,0.44,4.1,124.92
2023-10-06 18:00:00,2023-10-06 18:30:00,L,0.59541,0.59873,0.59375,0.59873,2.0,tp,6.64,0.44,6.2,131.12
2023-10-06 19:30:00,2023-10-06 21:25:00,L,0.59858,0.59967,0.59804,0.59967,2.0,tp,2.18,0.44,1.74,132.86
2023-10-09 15:10:00,2023-10-09 15:45:00,L,0.59789,0.59735,0.59735,0.59897,-1.0,sl,-1.08,0.44,-1.52,131.34
2023-10-09 15:50:00,2023-10-09 16:05:00,L,0.59789,0.59904,0.59731,0.59904,2.0,tp,2.3,0.44,1.86,133.2
2023-10-09 16:15:00,2023-10-09 21:55:00,L,0.59902,0.60244,0.59731,0.60244,2.0,tp,6.85,0.44,6.41,139.61
2023-10-10 15:10:00,2023-10-10 17:25:00,L,0.60073,0.60268,0.59976,0.60268,2.0,tp,3.9,0.44,3.46,143.07
2023-10-10 17:30:00,2023-10-11 01:30:00,L,0.60249,0.6042,0.60062,0.60623,0.915,time,3.42,0.44,2.98,146.05
2023-10-11 16:05:00,2023-10-12 00:05:00,L,0.60273,0.60171,0.60056,0.60707,-0.47,time,-2.04,0.44,-2.48,143.57
2023-10-12 15:05:00,2023-10-12 15:30:00,S,0.59973,0.59889,0.60015,0.59889,2.0,tp,1.67,0.44,1.23,144.8
2023-10-12 15:35:00,2023-10-12 16:55:00,S,0.59852,0.5952,0.60018,0.5952,2.0,tp,6.64,0.44,6.2,151.0
2023-10-12 17:20:00,2023-10-13 00:15:00,S,0.59562,0.59234,0.59726,0.59234,2.0,tp,6.55,0.44,6.11,157.11
2023-10-13 15:10:00,2023-10-13 15:25:00,S,0.59045,0.59113,0.59113,0.58909,-1.0,sl,-1.36,0.44,-1.8,155.31
2023-10-13 15:45:00,2023-10-13 16:00:00,S,0.59163,0.59205,0.59205,0.5908,-1.0,sl,-0.83,0.44,-1.27,154.04
2023-10-13 16:15:00,2023-10-13 22:25:00,S,0.59092,0.58857,0.5921,0.58857,2.0,tp,4.7,0.44,4.26,158.3
2023-10-16 16:10:00,2023-10-16 20:40:00,S,0.59193,0.59273,0.59273,0.59034,-1.0,sl,-1.59,0.44,-2.03,156.27
2023-10-17 15:25:00,2023-10-17 15:30:00,S,0.58944,0.58761,0.59035,0.58761,2.0,tp,3.66,0.44,3.22,159.49
2023-10-17 16:10:00,2023-10-17 17:20:00,S,0.58797,0.58985,0.58985,0.58421,-1.0,sl,-3.76,0.44,-4.2,155.29
2023-10-17 17:40:00,2023-10-17 18:20:00,S,0.58965,0.59027,0.59027,0.5884,-1.0,sl,-1.25,0.44,-1.69,153.6
2023-10-17 20:00:00,2023-10-18 03:50:00,S,0.58997,0.58825,0.59083,0.58825,2.0,tp,3.45,0.44,3.01,156.61
2023-10-18 15:05:00,2023-10-18 15:35:00,S,0.58929,0.58828,0.58979,0.58828,2.0,tp,2.02,0.44,1.58,158.19
2023-10-18 16:10:00,2023-10-18 17:30:00,S,0.58856,0.58663,0.58952,0.58663,2.0,tp,3.86,0.44,3.42,161.61
2023-10-18 17:50:00,2023-10-19 01:50:00,S,0.58601,0.58531,0.58819,0.58164,0.321,time,1.4,0.44,0.96,162.57
2023-10-19 15:50:00,2023-10-19 16:15:00,S,0.58308,0.58349,0.58349,0.58227,-1.0,sl,-0.81,0.44,-1.25,161.32
2023-10-19 17:00:00,2023-10-19 18:35:00,S,0.5837,0.58408,0.58408,0.58294,-1.0,sl,-0.76,0.44,-1.2,160.12
2023-10-19 18:50:00,2023-10-19 19:00:00,S,0.58405,0.58437,0.58437,0.58341,-1.0,sl,-0.64,0.44,-1.08,159.04
2023-10-20 15:20:00,2023-10-20 16:40:00,S,0.58266,0.58322,0.58322,0.58154,-1.0,sl,-1.12,0.44,-1.56,157.48
2023-10-20 17:10:00,2023-10-23 01:15:00,S,0.58303,0.58298,0.58362,0.58186,0.085,time,0.1,0.44,-0.34,157.14
2023-10-23 15:05:00,2023-10-23 15:20:00,S,0.58174,0.58226,0.58226,0.58071,-1.0,sl,-1.03,0.44,-1.47,155.67
2023-10-23 15:50:00,2023-10-23 17:10:00,S,0.58206,0.58291,0.58291,0.58035,-1.0,sl,-1.71,0.44,-2.15,153.52
2023-10-24 16:05:00,2023-10-24 16:20:00,S,0.58469,0.58399,0.58504,0.58399,2.0,tp,1.4,0.44,0.96,154.48
2023-10-24 16:35:00,2023-10-24 16:45:00,S,0.58456,0.58382,0.58493,0.58382,2.0,tp,1.48,0.44,1.04,155.52
2023-10-24 16:50:00,2023-10-25 00:50:00,S,0.58354,0.5843,0.58488,0.58087,-0.569,time,-1.52,0.44,-1.96,153.56
2023-10-25 15:25:00,2023-10-25 15:30:00,S,0.5819,0.58236,0.58236,0.58098,-1.0,sl,-0.92,0.44,-1.36,152.2
2023-10-25 15:40:00,2023-10-25 16:10:00,S,0.58192,0.58247,0.58247,0.58082,-1.0,sl,-1.1,0.44,-1.54,150.66
2023-10-25 16:20:00,2023-10-25 16:25:00,S,0.58233,0.58186,0.58256,0.58186,2.0,tp,0.94,0.44,0.5,151.16
2023-10-25 16:30:00,2023-10-25 17:35:00,S,0.58179,0.58257,0.58257,0.58024,-1.0,sl,-1.55,0.44,-1.99,149.17
2023-10-25 17:55:00,2023-10-25 18:45:00,S,0.58223,0.58284,0.58284,0.58101,-1.0,sl,-1.22,0.44,-1.66,147.51
2023-10-25 18:50:00,2023-10-25 19:50:00,S,0.58248,0.58152,0.58296,0.58152,2.0,tp,1.93,0.44,1.49,149.0
2023-10-27 19:10:00,2023-10-29 23:40:00,S,0.58208,0.58043,0.5829,0.58043,2.0,tp,3.29,0.44,2.85,151.85
2023-10-31 15:55:00,2023-10-31 23:55:00,S,0.58198,0.58011,0.58345,0.57903,1.268,time,3.74,0.44,3.3,155.15
2023-11-03 16:10:00,2023-11-03 16:15:00,L,0.59693,0.59641,0.59641,0.59797,-1.0,sl,-1.04,0.44,-1.48,153.67
2023-11-03 16:20:00,2023-11-03 17:30:00,L,0.59696,0.59894,0.59597,0.59894,2.0,tp,3.96,0.44,3.52,157.19
2023-11-03 17:45:00,2023-11-06 02:50:00,L,0.59884,0.59887,0.59662,0.60327,0.014,time,0.06,0.44,-0.38,156.81
2023-11-06 16:05:00,2023-11-06 21:55:00,L,0.59737,0.59656,0.59656,0.599,-1.0,sl,-1.63,0.44,-2.07,154.74
2023-11-08 15:05:00,2023-11-08 16:00:00,S,0.59236,0.59276,0.59276,0.59157,-1.0,sl,-0.79,0.44,-1.23,153.51
2023-11-08 16:45:00,2023-11-08 16:50:00,S,0.59279,0.59311,0.59311,0.59215,-1.0,sl,-0.64,0.44,-1.08,152.43
2023-11-08 17:00:00,2023-11-08 17:20:00,S,0.59272,0.59174,0.59321,0.59174,2.0,tp,1.97,0.44,1.53,153.96
2023-11-08 17:55:00,2023-11-09 01:55:00,S,0.59187,0.59113,0.59303,0.58956,0.64,time,1.48,0.44,1.04,155.0
2023-11-10 15:25:00,2023-11-10 15:50:00,S,0.58919,0.58978,0.58978,0.58801,-1.0,sl,-1.18,0.44,-1.62,153.38
2023-11-10 16:20:00,2023-11-13 00:25:00,S,0.58913,0.5886,0.58997,0.58745,0.629,time,1.06,0.44,0.62,154.0
2023-11-13 15:15:00,2023-11-13 15:20:00,S,0.58779,0.58828,0.58828,0.58682,-1.0,sl,-0.97,0.44,-1.41,152.59
2023-11-13 15:30:00,2023-11-13 16:10:00,S,0.58799,0.58724,0.58837,0.58724,2.0,tp,1.51,0.44,1.07,153.66
2023-11-13 16:25:00,2023-11-13 17:05:00,S,0.58744,0.58823,0.58823,0.58586,-1.0,sl,-1.58,0.44,-2.02,151.64
2023-11-13 17:25:00,2023-11-13 18:00:00,S,0.58791,0.58842,0.58842,0.58689,-1.0,sl,-1.02,0.44,-1.46,150.18
2023-11-13 19:30:00,2023-11-13 21:55:00,S,0.58899,0.58828,0.58935,0.58828,2.0,tp,1.42,0.44,0.98,151.16
2023-11-14 15:05:00,2023-11-14 15:30:00,L,0.58669,0.58744,0.58631,0.58744,2.0,tp,1.5,0.44,1.06,152.22
2023-11-14 15:35:00,2023-11-14 23:35:00,L,0.59187,0.60089,0.58621,0.60318,1.595,time,18.04,0.44,17.6,169.82
2023-11-15 15:05:00,2023-11-15 15:30:00,L,0.60414,0.60305,0.60305,0.60632,-1.0,sl,-2.18,0.44,-2.62,167.2
2023-11-15 15:50:00,2023-11-15 16:50:00,L,0.60219,0.60111,0.60111,0.60434,-1.0,sl,-2.15,0.44,-2.59,164.61
2023-11-15 17:15:00,2023-11-16 01:15:00,L,0.60142,0.60241,0.60022,0.60381,0.827,time,1.98,0.44,1.54,166.15
2023-11-16 15:20:00,2023-11-16 15:45:00,L,0.59816,0.60037,0.59706,0.60037,2.0,tp,4.41,0.44,3.97,170.12
2023-11-16 16:20:00,2023-11-16 18:25:00,L,0.5996,0.59806,0.59806,0.60267,-1.0,sl,-3.07,0.44,-3.51,166.61
2023-11-17 19:35:00,2023-11-20 00:00:00,L,0.59753,0.59977,0.59641,0.59977,2.0,tp,4.49,0.44,4.05,170.66
2023-11-20 15:05:00,2023-11-20 16:10:00,L,0.60281,0.60176,0.60176,0.60491,-1.0,sl,-2.1,0.44,-2.54,168.12
2023-11-20 16:40:00,2023-11-20 18:15:00,L,0.60091,0.60204,0.60034,0.60204,2.0,tp,2.26,0.44,1.82,169.94
2023-11-20 18:30:00,2023-11-20 22:30:00,L,0.60182,0.60369,0.60088,0.60369,2.0,tp,3.75,0.44,3.31,173.25
2023-11-21 15:05:00,2023-11-21 15:40:00,L,0.60745,0.6069,0.6069,0.60855,-1.0,sl,-1.1,0.44,-1.54,171.71
2023-11-21 16:15:00,2023-11-21 17:25:00,L,0.60741,0.60615,0.60615,0.60994,-1.0,sl,-2.53,0.44,-2.97,168.74
2023-11-21 18:50:00,2023-11-21 19:20:00,L,0.60608,0.60556,0.60556,0.60712,-1.0,sl,-1.04,0.44,-1.48,167.26
2023-11-21 19:25:00,2023-11-21 19:40:00,L,0.60569,0.60546,0.60546,0.60615,-1.0,sl,-0.46,0.44,-0.9,166.36
2023-11-23 16:40:00,2023-11-24 00:40:00,L,0.60411,0.6046,0.60359,0.60515,0.946,time,0.98,0.44,0.54,166.9
2023-11-24 15:40:00,2023-11-24 17:00:00,L,0.60663,0.60805,0.60592,0.60805,2.0,tp,2.84,0.44,2.4,169.3
2023-11-24 17:35:00,2023-11-27 01:40:00,L,0.60816,0.60774,0.60676,0.61097,-0.299,time,-0.84,0.44,-1.28,168.02
2023-11-27 15:05:00,2023-11-27 15:50:00,L,0.60975,0.60927,0.60927,0.6107,-1.0,sl,-0.95,0.44,-1.39,166.63
2023-11-27 16:30:00,2023-11-27 16:30:00,L,0.6086,0.6082,0.6082,0.6094,-1.0,sl,-0.8,0.44,-1.24,165.39
2023-11-27 17:10:00,2023-11-27 21:15:00,L,0.60853,0.60992,0.60784,0.60992,2.0,tp,2.77,0.44,2.33,167.72
2023-11-28 15:20:00,2023-11-28 15:30:00,L,0.609,0.6099,0.60855,0.6099,2.0,tp,1.79,0.44,1.35,169.07
2023-11-28 15:40:00,2023-11-28 17:00:00,L,0.60955,0.61156,0.60855,0.61156,2.0,tp,4.02,0.44,3.58,172.65
2023-11-28 17:05:00,2023-11-29 01:05:00,L,0.61172,0.61395,0.60991,0.61534,1.231,time,4.46,0.44,4.02,176.67
2023-11-29 16:05:00,2023-11-29 17:00:00,L,0.61488,0.61644,0.6141,0.61644,2.0,tp,3.11,0.44,2.67,179.34
2023-11-29 17:10:00,2023-11-29 17:30:00,L,0.61588,0.61407,0.61407,0.6195,-1.0,sl,-3.62,0.44,-4.06,175.28
2023-11-29 17:55:00,2023-11-29 18:30:00,L,0.61548,0.61383,0.61383,0.61878,-1.0,sl,-3.3,0.44,-3.74,171.54
2023-11-29 19:05:00,2023-11-30 03:05:00,L,0.61495,0.61709,0.61373,0.6174,1.749,time,4.28,0.44,3.84,175.38
2023-11-30 17:05:00,2023-12-01 01:05:00,L,0.61463,0.61551,0.61197,0.61995,0.331,time,1.76,0.44,1.32,176.7
2023-12-01 17:05:00,2023-12-01 19:15:00,L,0.61688,0.61994,0.61535,0.61994,2.0,tp,6.11,0.44,5.67,182.37
2023-12-01 19:35:00,2023-12-04 01:25:00,L,0.6197,0.62138,0.61886,0.62138,2.0,tp,3.36,0.44,2.92,185.29
2023-12-06 15:05:00,2023-12-06 15:55:00,L,0.61554,0.61664,0.61499,0.61664,2.0,tp,2.2,0.44,1.76,187.05
2023-12-06 16:10:00,2023-12-06 18:30:00,L,0.61602,0.61514,0.61514,0.61778,-1.0,sl,-1.76,0.44,-2.2,184.85
2023-12-07 15:30:00,2023-12-07 15:30:00,L,0.61389,0.61312,0.61312,0.61543,-1.0,sl,-1.54,0.44,-1.98,182.87
2023-12-07 15:40:00,2023-12-07 19:40:00,L,0.61434,0.61765,0.61268,0.61765,2.0,tp,6.62,0.44,6.18,189.05
2023-12-13 17:05:00,2023-12-13 17:05:00,L,0.61137,0.61103,0.61103,0.61205,-1.0,sl,-0.68,0.44,-1.12,187.93
2023-12-13 17:20:00,2023-12-13 17:40:00,L,0.61122,0.61176,0.61095,0.61176,2.0,tp,1.07,0.44,0.63,188.56
2023-12-13 17:45:00,2023-12-13 21:00:00,L,0.61233,0.61509,0.61095,0.61509,2.0,tp,5.52,0.44,5.08,193.64
2023-12-14 15:55:00,2023-12-14 17:40:00,L,0.62025,0.61852,0.61852,0.62372,-1.0,sl,-3.47,0.44,-3.91,189.73
2023-12-14 17:50:00,2023-12-14 18:30:00,L,0.6195,0.62164,0.61843,0.62164,2.0,tp,4.28,0.44,3.84,193.57
2023-12-14 19:20:00,2023-12-14 20:05:00,L,0.62215,0.62104,0.62104,0.62437,-1.0,sl,-2.22,0.44,-2.66,190.91
2023-12-15 17:05:00,2023-12-18 00:00:00,L,0.62041,0.61863,0.61863,0.62397,-1.0,sl,-3.56,0.44,-4.0,186.91
2023-12-18 15:05:00,2023-12-18 16:05:00,L,0.62327,0.62276,0.62276,0.62428,-1.0,sl,-1.01,0.44,-1.45,185.46
2023-12-18 17:00:00,2023-12-18 17:05:00,L,0.62266,0.62203,0.62203,0.62392,-1.0,sl,-1.26,0.44,-1.7,183.76
2023-12-19 15:45:00,2023-12-19 16:40:00,L,0.62463,0.62562,0.62413,0.62562,2.0,tp,1.98,0.44,1.54,185.3
2023-12-19 17:40:00,2023-12-20 01:40:00,L,0.6269,0.62688,0.62533,0.63004,-0.013,time,-0.04,0.44,-0.48,184.82
2023-12-20 15:15:00,2023-12-20 17:10:00,L,0.62848,0.62976,0.62784,0.62976,2.0,tp,2.56,0.44,2.12,186.94
2023-12-20 17:35:00,2023-12-20 18:35:00,L,0.62908,0.62827,0.62827,0.63071,-1.0,sl,-1.63,0.44,-2.07,184.87
2023-12-20 19:05:00,2023-12-20 19:20:00,L,0.62813,0.6279,0.6279,0.62858,-1.0,sl,-0.45,0.44,-0.89,183.98
2023-12-20 19:45:00,2023-12-20 19:55:00,L,0.62784,0.62841,0.62756,0.62841,2.0,tp,1.14,0.44,0.7,184.68
2023-12-20 20:00:00,2023-12-20 21:40:00,L,0.62826,0.62755,0.62755,0.62968,-1.0,sl,-1.42,0.44,-1.86,182.82
2023-12-21 15:05:00,2023-12-21 15:30:00,L,0.62625,0.62549,0.62549,0.62777,-1.0,sl,-1.52,0.44,-1.96,180.86
2023-12-21 15:35:00,2023-12-21 23:35:00,L,0.62776,0.62931,0.62527,0.63273,0.623,time,3.1,0.44,2.66,183.52
2023-12-22 15:20:00,2023-12-22 15:30:00,L,0.63008,0.62927,0.62927,0.6317,-1.0,sl,-1.62,0.44,-2.06,181.46
2023-12-22 15:40:00,2023-12-22 23:40:00,L,0.63006,0.6295,0.62842,0.63334,-0.341,time,-1.12,0.44,-1.56,179.9
2023-12-26 15:45:00,2023-12-26 23:45:00,L,0.6319,0.63263,0.63094,0.63383,0.757,time,1.46,0.44,1.02,180.92
2023-12-27 16:20:00,2023-12-27 18:05:00,L,0.6328,0.6342,0.6321,0.6342,2.0,tp,2.8,0.44,2.36,183.28
2023-12-27 18:10:00,2023-12-27 21:10:00,L,0.63421,0.63339,0.63339,0.63586,-1.0,sl,-1.65,0.44,-2.09,181.19
2023-12-28 16:15:00,2023-12-28 17:00:00,L,0.63365,0.63533,0.63281,0.63533,2.0,tp,3.36,0.44,2.92,184.11
2023-12-28 17:20:00,2023-12-28 21:15:00,L,0.63526,0.63299,0.63299,0.63979,-1.0,sl,-4.53,0.44,-4.97,179.14
2023-12-29 18:05:00,2023-12-29 21:10:00,L,0.63291,0.63206,0.63206,0.63461,-1.0,sl,-1.7,0.44,-2.14,177.0
2024-01-05 17:05:00,2024-01-08 01:10:00,L,0.627,0.62437,0.62115,0.6387,-0.45,time,-5.26,0.44,-5.7,171.3
2024-01-08 17:05:00,2024-01-09 01:05:00,L,0.62346,0.62483,0.62154,0.62729,0.715,time,2.74,0.44,2.3,173.6
2024-01-09 15:10:00,2024-01-09 15:20:00,L,0.62414,0.62374,0.62374,0.62494,-1.0,sl,-0.8,0.44,-1.24,172.36
2024-01-09 15:40:00,2024-01-09 17:00:00,L,0.62464,0.62361,0.62361,0.6267,-1.0,sl,-2.06,0.44,-2.5,169.86
2024-01-12 15:10:00,2024-01-12 15:30:00,L,0.62336,0.62399,0.62304,0.62399,2.0,tp,1.27,0.44,0.83,170.69
2024-01-12 15:35:00,2024-01-12 23:35:00,L,0.62571,0.62408,0.623,0.63113,-0.602,time,-3.26,0.44,-3.7,166.99
2024-01-16 15:10:00,2024-01-16 15:30:00,S,0.61538,0.61599,0.61599,0.61416,-1.0,sl,-1.22,0.44,-1.66,165.33
2024-01-16 15:50:00,2024-01-16 20:45:00,S,0.61563,0.61293,0.61698,0.61293,2.0,tp,5.41,0.44,4.97,170.3
2024-01-17 15:55:00,2024-01-17 23:55:00,S,0.61052,0.61157,0.61207,0.60741,-0.676,time,-2.1,0.44,-2.54,167.76
2024-01-18 15:40:00,2024-01-18 23:40:00,S,0.61016,0.61164,0.61207,0.60634,-0.775,time,-2.96,0.44,-3.4,164.36
2024-01-19 15:05:00,2024-01-19 16:25:00,S,0.61146,0.61024,0.61207,0.61024,2.0,tp,2.44,0.44,2.0,166.36
2024-01-19 16:30:00,2024-01-22 00:35:00,S,0.61035,0.61161,0.61176,0.60752,-0.892,time,-2.52,0.44,-2.96,163.4
2024-01-22 17:05:00,2024-01-22 18:40:00,S,0.6111,0.60976,0.61177,0.60976,2.0,tp,2.67,0.44,2.23,165.63
2024-01-22 18:45:00,2024-01-22 22:05:00,S,0.60976,0.60747,0.61091,0.60747,2.0,tp,4.59,0.44,4.15,169.78
2024-01-23 15:25:00,2024-01-23 15:35:00,S,0.60952,0.60986,0.60986,0.60883,-1.0,sl,-0.69,0.44,-1.13,168.65
2024-01-23 15:50:00,2024-01-23 16:05:00,S,0.60962,0.60883,0.61002,0.60883,2.0,tp,1.59,0.44,1.15,169.8
2024-01-23 16:50:00,2024-01-23 23:45:00,S,0.60816,0.60971,0.60971,0.60506,-1.0,sl,-3.1,0.44,-3.54,166.26
2024-01-25 18:20:00,2024-01-26 02:20:00,S,0.61185,0.61022,0.61314,0.60928,1.268,time,3.26,0.44,2.82,169.08
2024-01-26 17:05:00,2024-01-29 01:10:00,S,0.61024,0.60861,0.61169,0.60734,1.124,time,3.26,0.44,2.82,171.9
2024-01-29 16:05:00,2024-01-29 22:00:00,S,0.61101,0.6116,0.6116,0.60983,-1.0,sl,-1.18,0.44,-1.62,170.28
2024-01-30 17:05:00,2024-01-31 01:05:00,S,0.61206,0.61337,0.61369,0.60879,-0.802,time,-2.62,0.44,-3.06,167.22
2024-02-01 17:05:00,2024-02-02 01:00:00,L,0.61054,0.61436,0.60863,0.61436,2.0,tp,7.64,0.44,7.2,174.42
2024-02-02 16:35:00,2024-02-05 00:40:00,S,0.60849,0.60648,0.61146,0.60254,0.676,time,4.02,0.44,3.58,178.0
2024-02-05 15:25:00,2024-02-05 20:45:00,S,0.60519,0.60597,0.60597,0.60363,-1.0,sl,-1.56,0.44,-2.0,176.0
2024-02-06 15:35:00,2024-02-06 17:15:00,S,0.60559,0.60651,0.60651,0.60375,-1.0,sl,-1.84,0.44,-2.28,173.72
2024-02-08 15:10:00,2024-02-08 15:25:00,S,0.60884,0.60932,0.60932,0.60789,-1.0,sl,-0.95,0.44,-1.39,172.33
2024-02-08 15:35:00,2024-02-08 19:15:00,S,0.60846,0.60936,0.60936,0.60667,-1.0,sl,-1.79,0.44,-2.23,170.1
2024-02-08 19:25:00,2024-02-08 19:40:00,S,0.60911,0.60942,0.60942,0.6085,-1.0,sl,-0.61,0.44,-1.05,169.05
2024-02-08 19:50:00,2024-02-08 20:00:00,S,0.60921,0.60944,0.60944,0.60874,-1.0,sl,-0.47,0.44,-0.91,168.14
2024-02-09 15:30:00,2024-02-09 15:30:00,L,0.61365,0.61477,0.61309,0.61477,2.0,tp,2.25,0.44,1.81,169.95
2024-02-09 15:35:00,2024-02-09 23:35:00,L,0.61487,0.61524,0.61309,0.61844,0.207,time,0.74,0.44,0.3,170.25
2024-02-12 15:25:00,2024-02-12 18:25:00,S,0.61262,0.61331,0.61331,0.61125,-1.0,sl,-1.37,0.44,-1.81,168.44
2024-02-13 16:50:00,2024-02-14 00:50:00,S,0.60616,0.606,0.60744,0.60361,0.125,time,0.32,0.44,-0.12,168.32
2024-02-14 15:20:00,2024-02-14 18:50:00,S,0.60813,0.60867,0.60867,0.60706,-1.0,sl,-1.07,0.44,-1.51,166.81
2024-02-16 15:35:00,2024-02-16 17:15:00,S,0.60899,0.61113,0.61113,0.60471,-1.0,sl,-4.28,0.44,-4.72,162.09
2024-02-19 15:05:00,2024-02-19 23:05:00,L,0.61424,0.61479,0.61361,0.6155,0.872,time,1.1,0.44,0.66,162.75
2024-02-20 15:05:00,2024-02-20 16:20:00,L,0.61742,0.61892,0.61667,0.61892,2.0,tp,3.0,0.44,2.56,165.31
2024-02-20 16:50:00,2024-02-20 17:05:00,L,0.6182,0.61785,0.61785,0.6189,-1.0,sl,-0.7,0.44,-1.14,164.17
2024-02-20 17:50:00,2024-02-20 19:15:00,L,0.61751,0.61695,0.61695,0.61864,-1.0,sl,-1.13,0.44,-1.57,162.6
2024-02-20 19:20:00,2024-02-20 20:20:00,L,0.6171,0.61691,0.61691,0.61747,-1.0,sl,-0.37,0.44,-0.81,161.79
2024-02-21 15:10:00,2024-02-21 17:35:00,L,0.61828,0.6176,0.6176,0.61963,-1.0,sl,-1.35,0.44,-1.79,160.0
2024-02-22 19:05:00,2024-02-22 19:25:00,L,0.61843,0.61892,0.61819,0.61892,2.0,tp,0.98,0.44,0.54,160.54
2024-02-22 19:45:00,2024-02-23 03:45:00,L,0.61946,0.6198,0.61826,0.62187,0.282,time,0.68,0.44,0.24,160.78
2024-02-23 15:30:00,2024-02-23 15:30:00,L,0.62031,0.62015,0.62015,0.62063,-1.0,sl,-0.32,0.44,-0.76,160.02
2024-02-23 16:50:00,2024-02-23 17:00:00,L,0.61997,0.61955,0.61955,0.62081,-1.0,sl,-0.84,0.44,-1.28,158.74
2024-02-23 18:35:00,2024-02-26 01:35:00,L,0.61925,0.6185,0.6185,0.62074,-1.0,sl,-1.49,0.44,-1.93,156.81
2024-02-28 15:10:00,2024-02-28 15:20:00,S,0.60954,0.60989,0.60989,0.60884,-1.0,sl,-0.7,0.44,-1.14,155.67
2024-02-28 15:40:00,2024-02-28 17:00:00,S,0.6098,0.60883,0.61029,0.60883,2.0,tp,1.95,0.44,1.51,157.18
2024-02-28 17:10:00,2024-02-28 21:20:00,S,0.609,0.60958,0.60958,0.60784,-1.0,sl,-1.16,0.44,-1.6,155.58
2024-02-29 15:20:00,2024-02-29 15:30:00,S,0.60797,0.60822,0.60822,0.60747,-1.0,sl,-0.5,0.44,-0.94,154.64
2024-02-29 17:30:00,2024-02-29 17:50:00,S,0.61042,0.60894,0.61116,0.60894,2.0,tp,2.96,0.44,2.52,157.16
2024-02-29 18:15:00,2024-03-01 02:15:00,S,0.60872,0.60847,0.61079,0.60457,0.121,time,0.5,0.44,0.06,157.22
2024-03-01 15:20:00,2024-03-01 17:00:00,S,0.60851,0.6095,0.6095,0.60653,-1.0,sl,-1.98,0.44,-2.42,154.8
2024-03-04 15:55:00,2024-03-04 16:50:00,S,0.60945,0.60995,0.60995,0.60844,-1.0,sl,-1.01,0.44,-1.45,153.35
2024-03-04 17:30:00,2024-03-05 01:30:00,S,0.60978,0.60951,0.61054,0.60826,0.355,time,0.54,0.44,0.1,153.45
2024-03-05 15:15:00,2024-03-05 15:30:00,S,0.60772,0.60795,0.60795,0.60726,-1.0,sl,-0.46,0.44,-0.9,152.55
2024-03-05 15:45:00,2024-03-05 16:15:00,S,0.60826,0.60863,0.60863,0.60753,-1.0,sl,-0.73,0.44,-1.17,151.38
2024-03-05 16:30:00,2024-03-05 16:45:00,S,0.60867,0.60826,0.60888,0.60826,2.0,tp,0.82,0.44,0.38,151.76
2024-03-05 16:50:00,2024-03-05 17:00:00,S,0.6085,0.60888,0.60888,0.60775,-1.0,sl,-0.75,0.44,-1.19,150.57
2024-03-07 15:20:00,2024-03-07 17:05:00,L,0.61622,0.61562,0.61562,0.61742,-1.0,sl,-1.2,0.44,-1.64,148.93
2024-03-07 17:30:00,2024-03-08 01:30:00,L,0.61628,0.61759,0.61553,0.61777,1.753,time,2.62,0.44,2.18,151.11
2024-03-08 15:05:00,2024-03-08 15:20:00,L,0.61841,0.61907,0.61808,0.61907,2.0,tp,1.32,0.44,0.88,151.99
2024-03-08 15:35:00,2024-03-08 20:35:00,L,0.62002,0.61714,0.61714,0.62579,-1.0,sl,-5.77,0.44,-6.21,145.78
2024-03-13 16:20:00,2024-03-13 16:45:00,L,0.61559,0.61622,0.61528,0.61622,2.0,tp,1.25,0.44,0.81,146.59
2024-03-13 17:00:00,2024-03-13 23:00:00,L,0.61596,0.61528,0.61528,0.61732,-1.0,sl,-1.36,0.44,-1.8,144.79
2024-03-14 15:20:00,2024-03-14 21:25:00,S,0.6156,0.61215,0.61733,0.61215,2.0,tp,6.91,0.44,6.47,151.26
2024-03-15 15:10:00,2024-03-15 15:15:00,S,0.60976,0.6103,0.6103,0.60867,-1.0,sl,-1.09,0.44,-1.53,149.73
2024-03-15 15:25:00,2024-03-15 17:45:00,S,0.60974,0.60854,0.61034,0.60854,2.0,tp,2.41,0.44,1.97,151.7
2024-03-15 18:05:00,2024-03-18 02:10:00,S,0.6089,0.60841,0.60936,0.60799,1.074,time,0.98,0.44,0.54,152.24
2024-03-18 15:05:00,2024-03-18 18:10:00,S,0.60906,0.60804,0.60957,0.60804,2.0,tp,2.04,0.44,1.6,153.84
2024-03-18 18:15:00,2024-03-19 02:15:00,S,0.60806,0.60791,0.6088,0.60657,0.202,time,0.3,0.44,-0.14,153.7
2024-03-19 15:10:00,2024-03-19 16:45:00,S,0.60503,0.60552,0.60552,0.60406,-1.0,sl,-0.97,0.44,-1.41,152.29
2024-03-19 16:50:00,2024-03-19 16:50:00,S,0.60541,0.60555,0.60555,0.60513,-1.0,sl,-0.28,0.44,-0.72,151.57
2024-03-19 17:05:00,2024-03-19 17:45:00,S,0.60537,0.60485,0.60563,0.60485,2.0,tp,1.05,0.44,0.61,152.18
2024-03-19 17:50:00,2024-03-19 19:00:00,S,0.60497,0.60563,0.60563,0.60365,-1.0,sl,-1.32,0.44,-1.76,150.42
2024-03-19 19:05:00,2024-03-20 02:10:00,S,0.60511,0.60401,0.60566,0.60401,2.0,tp,2.2,0.44,1.76,152.18
2024-03-20 15:05:00,2024-03-20 16:10:00,S,0.60296,0.60334,0.60334,0.6022,-1.0,sl,-0.76,0.44,-1.2,150.98
2024-03-20 17:25:00,2024-03-20 17:55:00,S,0.60373,0.60345,0.60387,0.60345,2.0,tp,0.57,0.44,0.13,151.11
2024-03-21 15:05:00,2024-03-21 17:20:00,S,0.60703,0.60479,0.60815,0.60479,2.0,tp,4.48,0.44,4.04,155.15
2024-03-21 17:45:00,2024-03-22 01:45:00,S,0.60482,0.6046,0.60553,0.60341,0.312,time,0.44,0.44,0.0,155.15
2024-03-22 15:10:00,2024-03-22 16:00:00,S,0.60054,0.60147,0.60147,0.59868,-1.0,sl,-1.86,0.44,-2.3,152.85
2024-03-22 16:10:00,2024-03-22 17:45:00,S,0.60103,0.59982,0.60163,0.59982,2.0,tp,2.41,0.44,1.97,154.82
2024-03-22 19:10:00,2024-03-24 23:00:00,S,0.59946,0.59981,0.59981,0.59875,-1.0,sl,-0.71,0.44,-1.15,153.67
2024-03-25 17:05:00,2024-03-26 01:05:00,S,0.60029,0.60024,0.60103,0.59882,0.068,time,0.1,0.44,-0.34,153.33
2024-03-26 16:10:00,2024-03-26 16:25:00,S,0.60169,0.60099,0.60204,0.60099,2.0,tp,1.4,0.44,0.96,154.29
2024-03-26 17:15:00,2024-03-27 01:15:00,S,0.60082,0.6002,0.60141,0.59963,1.043,time,1.24,0.44,0.8,155.09
2024-03-27 15:15:00,2024-03-27 15:45:00,S,0.59941,0.59994,0.59994,0.59835,-1.0,sl,-1.06,0.44,-1.5,153.59
2024-03-27 17:25:00,2024-03-28 00:10:00,S,0.60024,0.59906,0.60083,0.59906,2.0,tp,2.36,0.44,1.92,155.51
2024-03-28 15:40:00,2024-03-28 15:50:00,S,0.59711,0.59779,0.59779,0.59575,-1.0,sl,-1.36,0.44,-1.8,153.71
2024-03-28 16:10:00,2024-03-28 18:35:00,S,0.59776,0.59843,0.59843,0.59643,-1.0,sl,-1.33,0.44,-1.77,151.94
2024-03-28 18:55:00,2024-03-28 20:50:00,S,0.59825,0.59727,0.59874,0.59727,2.0,tp,1.96,0.44,1.52,153.46
2024-04-01 16:00:00,2024-04-01 17:00:00,S,0.59696,0.59586,0.59751,0.59586,2.0,tp,2.2,0.44,1.76,155.22
2024-04-01 18:05:00,2024-04-02 02:05:00,S,0.59481,0.59486,0.59547,0.59349,-0.076,time,-0.1,0.44,-0.54,154.68
2024-04-02 15:15:00,2024-04-02 16:15:00,S,0.59564,0.59602,0.59602,0.59488,-1.0,sl,-0.76,0.44,-1.2,153.48
2024-04-03 16:10:00,2024-04-03 17:00:00,S,0.59677,0.59725,0.59725,0.59581,-1.0,sl,-0.96,0.44,-1.4,152.08
2024-04-05 15:30:00,2024-04-05 15:30:00,S,0.60226,0.60137,0.6027,0.60137,2.0,tp,1.77,0.44,1.33,153.41
2024-04-05 15:35:00,2024-04-05 23:35:00,S,0.5995,0.6011,0.60271,0.59308,-0.498,time,-3.2,0.44,-3.64,149.77
2024-04-10 16:35:00,2024-04-11 00:35:00,S,0.60054,0.59744,0.60301,0.59559,1.253,time,6.2,0.44,5.76,155.53
2024-04-11 16:25:00,2024-04-11 16:50:00,S,0.60091,0.59977,0.60148,0.59977,2.0,tp,2.29,0.44,1.85,157.38
2024-04-11 16:55:00,2024-04-12 00:55:00,S,0.59974,0.59968,0.60147,0.59628,0.035,time,0.12,0.44,-0.32,157.06
2024-04-12 15:05:00,2024-04-12 15:15:00,S,0.59621,0.59568,0.59647,0.59568,2.0,tp,1.06,0.44,0.62,157.68
2024-04-12 15:20:00,2024-04-12 15:50:00,S,0.59603,0.59513,0.59648,0.59513,2.0,tp,1.79,0.44,1.35,159.03
2024-04-12 16:00:00,2024-04-15 00:05:00,S,0.59519,0.59375,0.59637,0.59283,1.222,time,2.88,0.44,2.44,161.47
2024-04-15 15:20:00,2024-04-15 17:00:00,S,0.59372,0.59203,0.59456,0.59203,2.0,tp,3.38,0.44,2.94,164.41
2024-04-15 17:40:00,2024-04-16 01:40:00,S,0.59157,0.59025,0.59309,0.58853,0.867,time,2.64,0.44,2.2,166.61
2024-04-16 15:10:00,2024-04-16 23:10:00,S,0.5885,0.58821,0.58954,0.58641,0.278,time,0.58,0.44,0.14,166.75
2024-04-17 17:05:00,2024-04-17 20:35:00,S,0.59027,0.5913,0.5913,0.58821,-1.0,sl,-2.06,0.44,-2.5,164.25
2024-04-18 16:20:00,2024-04-18 19:45:00,S,0.59216,0.5909,0.59279,0.5909,2.0,tp,2.52,0.44,2.08,166.33
2024-04-19 15:05:00,2024-04-19 15:10:00,S,0.5884,0.58866,0.58866,0.58787,-1.0,sl,-0.53,0.44,-0.97,165.36
2024-04-19 15:50:00,2024-04-19 16:10:00,S,0.58972,0.58912,0.59002,0.58912,2.0,tp,1.2,0.44,0.76,166.12
2024-04-19 16:50:00,2024-04-19 17:25:00,S,0.58953,0.59016,0.59016,0.58827,-1.0,sl,-1.26,0.44,-1.7,164.42
2024-04-19 18:20:00,2024-04-22 02:25:00,S,0.58968,0.58965,0.59061,0.58783,0.032,time,0.06,0.44,-0.38,164.04
2024-04-22 16:55:00,2024-04-22 18:35:00,S,0.5899,0.59086,0.59086,0.58798,-1.0,sl,-1.92,0.44,-2.36,161.68
2024-04-24 18:05:00,2024-04-24 22:10:00,S,0.59278,0.59352,0.59352,0.59131,-1.0,sl,-1.47,0.44,-1.91,159.77
2024-04-25 15:25:00,2024-04-25 15:30:00,S,0.59548,0.59633,0.59633,0.59378,-1.0,sl,-1.7,0.44,-2.14,157.63
2024-04-25 15:35:00,2024-04-25 23:35:00,S,0.59436,0.59508,0.59684,0.5894,-0.29,time,-1.44,0.44,-1.88,155.75
2024-04-26 17:10:00,2024-04-26 17:55:00,S,0.59533,0.59411,0.59594,0.59411,2.0,tp,2.44,0.44,2.0,157.75
2024-04-26 18:55:00,2024-04-26 21:10:00,S,0.59378,0.5944,0.5944,0.59254,-1.0,sl,-1.24,0.44,-1.68,156.07
2024-04-30 15:05:00,2024-04-30 15:30:00,S,0.59406,0.59255,0.59482,0.59255,2.0,tp,3.02,0.44,2.58,158.65
2024-04-30 15:35:00,2024-04-30 23:35:00,S,0.59257,0.58871,0.59476,0.58818,1.759,time,7.72,0.44,7.28,165.93
2024-05-01 15:35:00,2024-05-01 16:30:00,S,0.58964,0.59008,0.59008,0.58877,-1.0,sl,-0.87,0.44,-1.31,164.62
2024-05-01 16:40:00,2024-05-01 17:00:00,S,0.58986,0.59027,0.59027,0.58905,-1.0,sl,-0.81,0.44,-1.25,163.37
2024-05-01 19:05:00,2024-05-01 21:00:00,S,0.58997,0.59051,0.59051,0.58888,-1.0,sl,-1.09,0.44,-1.53,161.84
2024-05-03 16:40:00,2024-05-03 17:00:00,L,0.60271,0.60211,0.60211,0.60391,-1.0,sl,-1.2,0.44,-1.64,160.2
2024-05-03 17:50:00,2024-05-06 01:55:00,L,0.60176,0.60105,0.60021,0.60487,-0.457,time,-1.42,0.44,-1.86,158.34
2024-05-06 16:05:00,2024-05-06 16:45:00,L,0.60261,0.60208,0.60208,0.60367,-1.0,sl,-1.06,0.44,-1.5,156.84
2024-05-06 17:15:00,2024-05-06 17:40:00,L,0.60213,0.60164,0.60164,0.6031,-1.0,sl,-0.97,0.44,-1.41,155.43
2024-05-08 18:05:00,2024-05-09 02:05:00,L,0.59962,0.60048,0.59908,0.60071,1.583,time,1.72,0.44,1.28,156.71
2024-05-09 15:05:00,2024-05-09 15:30:00,L,0.60014,0.60137,0.59953,0.60137,2.0,tp,2.46,0.44,2.02,158.73
2024-05-09 15:35:00,2024-05-09 23:35:00,L,0.60146,0.60334,0.59958,0.60522,0.999,time,3.76,0.44,3.32,162.05
2024-05-10 16:05:00,2024-05-10 16:20:00,L,0.60163,0.60235,0.60127,0.60235,2.0,tp,1.44,0.44,1.0,163.05
2024-05-10 19:10:00,2024-05-13 03:15:00,L,0.60165,0.60193,0.60095,0.60304,0.402,time,0.56,0.44,0.12,163.17
2024-05-13 15:25:00,2024-05-13 18:00:00,L,0.60226,0.60149,0.60149,0.60379,-1.0,sl,-1.53,0.44,-1.97,161.2
2024-05-13 18:25:00,2024-05-13 20:05:00,L,0.60176,0.6013,0.6013,0.60268,-1.0,sl,-0.92,0.44,-1.36,159.84
2024-05-14 15:05:00,2024-05-14 15:25:00,L,0.60207,0.60176,0.60176,0.60269,-1.0,sl,-0.62,0.44,-1.06,158.78
2024-05-14 15:45:00,2024-05-14 23:45:00,L,0.60205,0.60393,0.59933,0.60749,0.691,time,3.76,0.44,3.32,162.1
2024-05-15 15:05:00,2024-05-15 15:25:00,L,0.60633,0.6057,0.6057,0.60759,-1.0,sl,-1.26,0.44,-1.7,160.4
2024-05-15 15:35:00,2024-05-15 23:35:00,L,0.60901,0.61221,0.60546,0.61611,0.902,time,6.4,0.44,5.96,166.36
2024-05-16 15:10:00,2024-05-16 15:30:00,L,0.61054,0.61112,0.61025,0.61112,2.0,tp,1.16,0.44,0.72,167.08
2024-05-16 15:35:00,2024-05-16 15:35:00,L,0.61104,0.61023,0.61023,0.61266,-1.0,sl,-1.62,0.44,-2.06,165.02
2024-05-16 17:05:00,2024-05-16 18:00:00,L,0.61018,0.61163,0.60945,0.61163,2.0,tp,2.9,0.44,2.46,167.48
2024-05-16 18:45:00,2024-05-17 02:45:00,L,0.61199,0.61246,0.61103,0.61392,0.487,time,0.94,0.44,0.5,167.98
2024-05-17 15:15:00,2024-05-17 16:30:00,L,0.61062,0.61182,0.61002,0.61182,2.0,tp,2.4,0.44,1.96,169.94
2024-05-17 16:35:00,2024-05-17 22:20:00,L,0.61172,0.61388,0.61064,0.61388,2.0,tp,4.31,0.44,3.87,173.81
2024-05-22 15:10:00,2024-05-22 16:40:00,L,0.61092,0.61202,0.61037,0.61202,2.0,tp,2.2,0.44,1.76,175.57
2024-05-23 15:30:00,2024-05-23 15:35:00,L,0.61296,0.61257,0.61257,0.61375,-1.0,sl,-0.79,0.44,-1.23,174.34
2024-05-23 15:55:00,2024-05-23 16:05:00,L,0.61263,0.61325,0.61232,0.61325,2.0,tp,1.23,0.44,0.79,175.13
2024-05-23 17:10:00,2024-05-23 20:35:00,L,0.61128,0.61002,0.61002,0.61381,-1.0,sl,-2.53,0.44,-2.97,172.16
2024-05-24 15:35:00,2024-05-24 17:10:00,L,0.61076,0.61156,0.61036,0.61156,2.0,tp,1.59,0.44,1.15,173.31
2024-05-24 17:20:00,2024-05-27 01:25:00,L,0.61151,0.61249,0.61065,0.61322,1.146,time,1.96,0.44,1.52,174.83
2024-05-27 15:15:00,2024-05-27 15:50:00,L,0.61394,0.61462,0.6136,0.61462,2.0,tp,1.37,0.44,0.93,175.76
2024-05-27 16:40:00,2024-05-28 00:40:00,L,0.61505,0.61493,0.61423,0.6167,-0.146,time,-0.24,0.44,-0.68,175.08
2024-05-28 15:05:00,2024-05-28 16:45:00,L,0.61635,0.61596,0.61596,0.61713,-1.0,sl,-0.78,0.44,-1.22,173.86
2024-05-28 17:10:00,2024-05-28 20:00:00,L,0.61518,0.61463,0.61463,0.61628,-1.0,sl,-1.1,0.44,-1.54,172.32
2024-05-30 16:20:00,2024-05-31 00:20:00,L,0.61154,0.61112,0.61038,0.61386,-0.362,time,-0.84,0.44,-1.28,171.04
2024-05-31 15:35:00,2024-05-31 23:35:00,L,0.61433,0.61444,0.61283,0.61733,0.073,time,0.22,0.44,-0.22,170.82
2024-06-03 16:05:00,2024-06-03 17:00:00,L,0.61603,0.61732,0.61538,0.61732,2.0,tp,2.58,0.44,2.14,172.96
2024-06-03 17:05:00,2024-06-04 01:05:00,L,0.61763,0.61931,0.61568,0.62154,0.86,time,3.36,0.44,2.92,175.88
2024-06-04 15:05:00,2024-06-04 23:05:00,L,0.61665,0.61774,0.61584,0.61827,1.344,time,2.18,0.44,1.74,177.62
2024-06-05 15:10:00,2024-06-05 17:00:00,L,0.61848,0.61753,0.61753,0.62039,-1.0,sl,-1.91,0.44,-2.35,175.27
2024-06-05 18:15:00,2024-06-06 02:15:00,L,0.61807,0.6194,0.61694,0.62033,1.178,time,2.66,0.44,2.22,177.49
2024-06-06 16:25:00,2024-06-06 16:35:00,L,0.61774,0.61869,0.61726,0.61869,2.0,tp,1.9,0.44,1.46,178.95
2024-06-06 16:40:00,2024-06-07 00:40:00,L,0.61899,0.61979,0.61726,0.62244,0.463,time,1.6,0.44,1.16,180.11
2024-06-11 15:05:00,2024-06-11 21:30:00,L,0.61261,0.61447,0.61168,0.61447,2.0,tp,3.73,0.44,3.29,183.4
2024-06-12 15:20:00,2024-06-12 15:30:00,L,0.61457,0.61556,0.61408,0.61556,2.0,tp,1.97,0.44,1.53,184.93
2024-06-12 16:35:00,2024-06-12 21:00:00,L,0.62181,0.61933,0.61933,0.62676,-1.0,sl,-4.95,0.44,-5.39,179.54
2024-06-13 15:10:00,2024-06-13 15:20:00,L,0.61695,0.61763,0.61661,0.61763,2.0,tp,1.37,0.44,0.93,180.47
2024-06-13 15:25:00,2024-06-13 15:30:00,L,0.61759,0.61956,0.6166,0.61956,2.0,tp,3.94,0.44,3.5,183.97
2024-06-13 15:35:00,2024-06-13 17:25:00,L,0.61967,0.61656,0.61656,0.6259,-1.0,sl,-6.23,0.44,-6.67,177.3
2024-06-18 16:35:00,2024-06-18 16:40:00,L,0.61133,0.61213,0.61093,0.61213,2.0,tp,1.6,0.44,1.16,178.46
2024-06-18 16:55:00,2024-06-19 00:55:00,L,0.61263,0.61415,0.61108,0.61573,0.981,time,3.04,0.44,2.6,181.06
2024-06-19 15:55:00,2024-06-19 20:05:00,L,0.6133,0.61293,0.61293,0.61404,-1.0,sl,-0.74,0.44,-1.18,179.88
2024-06-21 15:30:00,2024-06-21 16:15:00,L,0.61301,0.61242,0.61242,0.61418,-1.0,sl,-1.17,0.44,-1.61,178.27
2024-06-24 15:20:00,2024-06-24 15:50:00,L,0.61152,0.61194,0.61131,0.61194,2.0,tp,0.83,0.44,0.39,178.66
2024-06-24 15:55:00,2024-06-24 16:45:00,L,0.61192,0.61314,0.61131,0.61314,2.0,tp,2.44,0.44,2.0,180.66
2024-06-24 17:30:00,2024-06-24 18:40:00,L,0.6131,0.61258,0.61258,0.61414,-1.0,sl,-1.04,0.44,-1.48,179.18
2024-06-24 19:35:00,2024-06-24 20:05:00,L,0.61245,0.61222,0.61222,0.6129,-1.0,sl,-0.45,0.44,-0.89,178.29
2024-06-26 15:10:00,2024-06-26 15:40:00,S,0.60947,0.60884,0.60978,0.60884,2.0,tp,1.26,0.44,0.82,179.11
2024-06-26 15:50:00,2024-06-26 23:50:00,S,0.60871,0.60821,0.60979,0.60655,0.464,time,1.0,0.44,0.56,179.67
2024-06-27 17:10:00,2024-06-27 18:25:00,S,0.60996,0.60873,0.61057,0.60873,2.0,tp,2.46,0.44,2.02,181.69
2024-06-27 18:55:00,2024-06-28 02:55:00,S,0.60854,0.6083,0.60965,0.60633,0.217,time,0.48,0.44,0.04,181.73
2024-07-01 15:05:00,2024-07-01 15:20:00,S,0.6094,0.60876,0.60972,0.60876,2.0,tp,1.28,0.44,0.84,182.57
2024-07-01 15:25:00,2024-07-01 17:00:00,S,0.6087,0.60972,0.60972,0.60665,-1.0,sl,-2.05,0.44,-2.49,180.08
2024-07-01 17:15:00,2024-07-02 01:15:00,S,0.6087,0.60711,0.61044,0.60523,0.916,time,3.18,0.44,2.74,182.82
2024-07-02 15:45:00,2024-07-02 16:00:00,S,0.60634,0.60658,0.60658,0.60585,-1.0,sl,-0.49,0.44,-0.93,181.89
2024-07-03 15:20:00,2024-07-03 15:35:00,L,0.60727,0.60816,0.60683,0.60816,2.0,tp,1.77,0.44,1.33,183.22
2024-07-03 18:15:00,2024-07-03 18:25:00,L,0.61153,0.61116,0.61116,0.61228,-1.0,sl,-0.75,0.44,-1.19,182.03
2024-07-03 18:30:00,2024-07-03 18:30:00,L,0.61115,0.61108,0.61108,0.61129,-1.0,sl,-0.14,0.44,-0.58,181.45
2024-07-03 19:00:00,2024-07-03 20:10:00,L,0.61112,0.6106,0.6106,0.61216,-1.0,sl,-1.04,0.44,-1.48,179.97
2024-07-04 15:05:00,2024-07-04 15:35:00,L,0.61204,0.61183,0.61183,0.61247,-1.0,sl,-0.43,0.44,-0.87,179.1
2024-07-04 16:00:00,2024-07-04 16:45:00,L,0.6117,0.61152,0.61152,0.61205,-1.0,sl,-0.35,0.44,-0.79,178.31
2024-07-04 17:00:00,2024-07-04 17:55:00,L,0.6118,0.61146,0.61146,0.61248,-1.0,sl,-0.68,0.44,-1.12,177.19
2024-07-04 18:05:00,2024-07-04 18:30:00,L,0.61156,0.61185,0.61141,0.61185,2.0,tp,0.59,0.44,0.15,177.34
2024-07-04 18:35:00,2024-07-04 23:55:00,L,0.61184,0.61142,0.61142,0.61269,-1.0,sl,-0.85,0.44,-1.29,176.05
2024-07-05 15:05:00,2024-07-05 15:25:00,L,0.61235,0.61312,0.61196,0.61312,2.0,tp,1.54,0.44,1.1,177.15
2024-07-05 15:35:00,2024-07-05 23:35:00,L,0.61321,0.61469,0.61026,0.61911,0.502,time,2.96,0.44,2.52,179.67
2024-07-08 15:05:00,2024-07-08 19:10:00,L,0.61364,0.61309,0.61309,0.61473,-1.0,sl,-1.09,0.44,-1.53,178.14
2024-07-09 16:10:00,2024-07-09 18:10:00,L,0.61192,0.61127,0.61127,0.61322,-1.0,sl,-1.3,0.44,-1.74,176.4
2024-07-10 15:10:00,2024-07-10 15:20:00,S,0.60789,0.60804,0.60804,0.60759,-1.0,sl,-0.3,0.44,-0.74,175.66
2024-07-10 15:30:00,2024-07-10 16:30:00,S,0.608,0.60822,0.60822,0.60756,-1.0,sl,-0.44,0.44,-0.88,174.78
2024-07-10 16:40:00,2024-07-10 17:00:00,S,0.60808,0.60845,0.60845,0.60735,-1.0,sl,-0.73,0.44,-1.17,173.61
2024-07-10 17:25:00,2024-07-10 17:35:00,S,0.60865,0.60879,0.60879,0.60837,-1.0,sl,-0.28,0.44,-0.72,172.89
2024-07-10 17:40:00,2024-07-10 20:25:00,S,0.60851,0.60778,0.60888,0.60778,2.0,tp,1.46,0.44,1.02,173.91
2024-07-12 15:25:00,2024-07-12 15:30:00,L,0.61149,0.61071,0.61071,0.61306,-1.0,sl,-1.57,0.44,-2.01,171.9
2024-07-12 15:50:00,2024-07-12 23:50:00,L,0.61116,0.61176,0.60967,0.61414,0.403,time,1.2,0.44,0.76,172.66
2024-07-15 15:10:00,2024-07-15 15:30:00,S,0.60917,0.60837,0.60957,0.60837,2.0,tp,1.6,0.44,1.16,173.82
2024-07-15 16:00:00,2024-07-15 16:15:00,S,0.6087,0.60924,0.60924,0.60763,-1.0,sl,-1.07,0.44,-1.51,172.31
2024-07-15 16:45:00,2024-07-15 16:55:00,S,0.60945,0.60974,0.60974,0.60887,-1.0,sl,-0.58,0.44,-1.02,171.29
2024-07-15 17:15:00,2024-07-15 19:40:00,S,0.60927,0.60978,0.60978,0.60826,-1.0,sl,-1.01,0.44,-1.45,169.84
2024-07-15 19:45:00,2024-07-16 03:20:00,S,0.60894,0.60689,0.60996,0.60689,2.0,tp,4.1,0.44,3.66,173.5
2024-07-16 15:35:00,2024-07-16 23:35:00,S,0.60598,0.60509,0.60734,0.60326,0.655,time,1.78,0.44,1.34,174.84
2024-07-17 17:05:00,2024-07-18 01:05:00,S,0.60802,0.60807,0.60891,0.60624,-0.056,time,-0.1,0.44,-0.54,174.3
2024-07-18 15:50:00,2024-07-18 16:00:00,S,0.60707,0.60753,0.60753,0.60615,-1.0,sl,-0.92,0.44,-1.36,172.94
2024-07-18 16:15:00,2024-07-18 19:20:00,S,0.60712,0.60618,0.60759,0.60618,2.0,tp,1.87,0.44,1.43,174.37
2024-07-18 19:30:00,2024-07-18 19:35:00,S,0.60649,0.60662,0.60662,0.60623,-1.0,sl,-0.26,0.44,-0.7,173.67
2024-07-18 19:40:00,2024-07-18 20:35:00,S,0.60644,0.606,0.60666,0.606,2.0,tp,0.89,0.44,0.45,174.12
2024-07-19 15:05:00,2024-07-19 18:25:00,S,0.60222,0.6015,0.60258,0.6015,2.0,tp,1.44,0.44,1.0,175.12
2024-07-19 18:45:00,2024-07-22 01:30:00,S,0.60136,0.60217,0.60217,0.59974,-1.0,sl,-1.62,0.44,-2.06,173.06
2024-07-22 15:05:00,2024-07-22 17:00:00,S,0.59925,0.59763,0.60006,0.59763,2.0,tp,3.23,0.44,2.79,175.85
2024-07-22 17:15:00,2024-07-23 01:15:00,S,0.59741,0.59782,0.59836,0.59552,-0.433,time,-0.82,0.44,-1.26,174.59
2024-07-23 15:15:00,2024-07-23 17:35:00,S,0.59619,0.59531,0.59663,0.59531,2.0,tp,1.76,0.44,1.32,175.91
2024-07-23 17:40:00,2024-07-23 18:40:00,S,0.59534,0.59595,0.59595,0.59413,-1.0,sl,-1.21,0.44,-1.65,174.26
2024-07-23 18:50:00,2024-07-23 19:20:00,S,0.59585,0.5956,0.59598,0.5956,2.0,tp,0.51,0.44,0.07,174.33
2024-07-23 19:45:00,2024-07-24 03:20:00,S,0.59545,0.59443,0.59596,0.59443,2.0,tp,2.03,0.44,1.59,175.92
2024-07-24 16:15:00,2024-07-24 16:55:00,S,0.59452,0.59366,0.59495,0.59366,2.0,tp,1.72,0.44,1.28,177.2
2024-07-24 19:05:00,2024-07-24 21:25:00,S,0.59425,0.59292,0.59491,0.59292,2.0,tp,2.66,0.44,2.22,179.42
2024-07-25 15:20:00,2024-07-25 15:30:00,S,0.58983,0.58897,0.59026,0.58897,2.0,tp,1.71,0.44,1.27,180.69
2024-07-25 15:35:00,2024-07-25 16:20:00,S,0.58877,0.59022,0.59022,0.58588,-1.0,sl,-2.89,0.44,-3.33,177.36
2024-07-25 16:30:00,2024-07-25 16:45:00,S,0.58929,0.59028,0.59028,0.58731,-1.0,sl,-1.98,0.44,-2.42,174.94
2024-07-25 17:05:00,2024-07-25 17:25:00,S,0.58997,0.59062,0.59062,0.58867,-1.0,sl,-1.3,0.44,-1.74,173.2
2024-07-25 18:20:00,2024-07-25 20:50:00,S,0.59034,0.58932,0.59085,0.58932,2.0,tp,2.04,0.44,1.6,174.8
2024-07-26 15:45:00,2024-07-26 16:10:00,S,0.58942,0.58985,0.58985,0.58855,-1.0,sl,-0.87,0.44,-1.31,173.49
2024-07-26 17:05:00,2024-07-29 01:10:00,S,0.58965,0.58943,0.59054,0.58786,0.246,time,0.44,0.44,0.0,173.49
2024-07-29 16:00:00,2024-07-29 19:45:00,S,0.58675,0.58743,0.58743,0.58539,-1.0,sl,-1.36,0.44,-1.8,171.69
2024-08-05 15:30:00,2024-08-05 16:05:00,S,0.59343,0.59436,0.59436,0.59157,-1.0,sl,-1.86,0.44,-2.3,169.39
2024-08-05 17:20:00,2024-08-06 01:20:00,S,0.5948,0.5943,0.5972,0.59001,0.209,time,1.0,0.44,0.56,169.95
2024-08-06 16:00:00,2024-08-06 16:10:00,S,0.59127,0.59253,0.59253,0.58874,-1.0,sl,-2.53,0.44,-2.97,166.98
2024-08-08 15:35:00,2024-08-08 17:30:00,S,0.59891,0.59993,0.59993,0.59687,-1.0,sl,-2.04,0.44,-2.48,164.5
2024-08-13 15:05:00,2024-08-13 15:25:00,L,0.60403,0.6035,0.6035,0.6051,-1.0,sl,-1.07,0.44,-1.51,162.99
2024-08-13 15:35:00,2024-08-13 21:05:00,L,0.60464,0.60715,0.60338,0.60715,2.0,tp,5.02,0.44,4.58,167.57
2024-08-14 15:20:00,2024-08-14 15:25:00,S,0.60147,0.60197,0.60197,0.60047,-1.0,sl,-1.0,0.44,-1.44,166.13
2024-08-14 15:30:00,2024-08-14 15:30:00,S,0.60165,0.6021,0.6021,0.60075,-1.0,sl,-0.9,0.44,-1.34,164.79
2024-08-14 15:35:00,2024-08-14 17:50:00,S,0.60062,0.60281,0.60281,0.59625,-1.0,sl,-4.37,0.44,-4.81,159.98
2024-08-14 18:15:00,2024-08-15 02:15:00,S,0.6018,0.59945,0.60309,0.59922,1.82,time,4.7,0.44,4.26,164.24
2024-08-15 15:35:00,2024-08-15 23:35:00,S,0.59903,0.59863,0.60147,0.59414,0.164,time,0.8,0.44,0.36,164.6
2024-08-16 15:15:00,2024-08-16 17:20:00,L,0.60238,0.60181,0.60181,0.60353,-1.0,sl,-1.15,0.44,-1.59,163.01
2024-08-16 17:40:00,2024-08-16 17:50:00,L,0.60158,0.60194,0.6014,0.60194,2.0,tp,0.72,0.44,0.28,163.29
2024-08-16 18:00:00,2024-08-16 19:20:00,L,0.60213,0.60364,0.60138,0.60364,2.0,tp,3.01,0.44,2.57,165.86
2024-08-16 19:50:00,2024-08-19 03:40:00,L,0.60403,0.6061,0.603,0.6061,2.0,tp,4.13,0.44,3.69,169.55
2024-08-19 16:00:00,2024-08-19 16:05:00,L,0.60727,0.607,0.607,0.60781,-1.0,sl,-0.54,0.44,-0.98,168.57
2024-08-19 16:20:00,2024-08-19 17:00:00,L,0.60719,0.60812,0.60672,0.60812,2.0,tp,1.86,0.44,1.42,169.99
2024-08-19 17:25:00,2024-08-20 01:25:00,L,0.60871,0.61135,0.60689,0.61234,1.453,time,5.28,0.44,4.84,174.83
2024-08-20 15:25:00,2024-08-20 15:35:00,L,0.61434,0.61355,0.61355,0.61593,-1.0,sl,-1.59,0.44,-2.03,172.8
2024-08-20 15:50:00,2024-08-20 21:20:00,L,0.61397,0.61557,0.61317,0.61557,2.0,tp,3.21,0.44,2.77,175.57
2024-08-21 16:05:00,2024-08-21 17:00:00,L,0.61462,0.61389,0.61389,0.61609,-1.0,sl,-1.47,0.44,-1.91,173.66
2024-08-21 17:05:00,2024-08-21 17:05:00,L,0.61473,0.61336,0.61336,0.61747,-1.0,sl,-2.74,0.44,-3.18,170.48
2024-08-21 17:15:00,2024-08-21 21:25:00,L,0.61469,0.61756,0.61326,0.61756,2.0,tp,5.73,0.44,5.29,175.77
2024-08-22 15:40:00,2024-08-22 15:50:00,L,0.61477,0.61586,0.61423,0.61586,2.0,tp,2.18,0.44,1.74,177.51
2024-08-23 15:30:00,2024-08-23 15:50:00,L,0.61538,0.6158,0.61517,0.6158,2.0,tp,0.85,0.44,0.41,177.92
2024-08-23 15:55:00,2024-08-23 17:00:00,L,0.61585,0.61721,0.61517,0.61721,2.0,tp,2.73,0.44,2.29,180.21
2024-08-23 18:05:00,2024-08-26 02:10:00,L,0.62088,0.62229,0.61857,0.6255,0.611,time,2.82,0.44,2.38,182.59
2024-08-26 15:25:00,2024-08-26 17:25:00,L,0.62018,0.62125,0.61964,0.62125,2.0,tp,2.14,0.44,1.7,184.29
2024-08-26 17:55:00,2024-08-26 23:55:00,L,0.62101,0.62005,0.62005,0.62293,-1.0,sl,-1.92,0.44,-2.36,181.93
2024-08-27 15:05:00,2024-08-27 16:10:00,L,0.62302,0.62239,0.62239,0.62429,-1.0,sl,-1.27,0.44,-1.71,180.22
2024-08-27 16:25:00,2024-08-27 16:35:00,L,0.62237,0.62217,0.62217,0.62276,-1.0,sl,-0.39,0.44,-0.83,179.39
2024-08-27 16:50:00,2024-08-27 17:20:00,L,0.62238,0.62308,0.62203,0.62308,2.0,tp,1.4,0.44,0.96,180.35
2024-08-27 17:25:00,2024-08-27 21:05:00,L,0.62301,0.62499,0.62202,0.62499,2.0,tp,3.97,0.44,3.53,183.88
2024-08-28 17:05:00,2024-08-28 17:45:00,L,0.62374,0.62484,0.62319,0.62484,2.0,tp,2.2,0.44,1.76,185.64
2024-08-28 17:50:00,2024-08-28 19:15:00,L,0.62487,0.6233,0.6233,0.62802,-1.0,sl,-3.15,0.44,-3.59,182.05
2024-08-29 18:15:00,2024-08-29 19:25:00,L,0.62544,0.627,0.62466,0.627,2.0,tp,3.11,0.44,2.67,184.72
2024-08-29 19:55:00,2024-08-29 21:35:00,L,0.62637,0.62605,0.62605,0.627,-1.0,sl,-0.63,0.44,-1.07,183.65
2024-09-04 17:05:00,2024-09-05 00:00:00,L,0.62084,0.6189,0.6189,0.62472,-1.0,sl,-3.88,0.44,-4.32,179.33
2024-09-05 15:15:00,2024-09-05 16:15:00,L,0.62093,0.62223,0.62028,0.62223,2.0,tp,2.6,0.44,2.16,181.49
2024-09-05 16:20:00,2024-09-05 17:00:00,L,0.62222,0.62107,0.62107,0.62452,-1.0,sl,-2.3,0.44,-2.74,178.75
2024-09-05 17:50:00,2024-09-05 19:20:00,L,0.62057,0.62152,0.62009,0.62152,2.0,tp,1.91,0.44,1.47,180.22
2024-09-05 19:40:00,2024-09-06 03:40:00,L,0.62175,0.62215,0.62055,0.62414,0.335,time,0.8,0.44,0.36,180.58
2024-09-06 15:35:00,2024-09-06 16:35:00,L,0.62396,0.62029,0.62029,0.63131,-1.0,sl,-7.35,0.44,-7.79,172.79
2024-09-12 17:10:00,2024-09-12 19:50:00,L,0.61411,0.61562,0.61335,0.61562,2.0,tp,3.03,0.44,2.59,175.38
2024-09-13 15:10:00,2024-09-13 15:30:00,L,0.61645,0.617,0.61617,0.617,2.0,tp,1.11,0.44,0.67,176.05
2024-09-13 15:45:00,2024-09-13 18:35:00,L,0.61682,0.61617,0.61617,0.61812,-1.0,sl,-1.3,0.44,-1.74,174.31
2024-09-16 15:15:00,2024-09-16 16:45:00,L,0.61956,0.61828,0.61828,0.62212,-1.0,sl,-2.56,0.44,-3.0,171.31
2024-09-16 17:15:00,2024-09-16 18:00:00,L,0.61852,0.61825,0.61825,0.61907,-1.0,sl,-0.55,0.44,-0.99,170.32
2024-09-16 18:10:00,2024-09-16 18:35:00,L,0.61839,0.61805,0.61805,0.61907,-1.0,sl,-0.68,0.44,-1.12,169.2
2024-09-16 19:00:00,2024-09-16 22:50:00,L,0.61838,0.61925,0.61795,0.61925,2.0,tp,1.74,0.44,1.3,170.5
2024-09-17 17:10:00,2024-09-17 20:10:00,L,0.61852,0.61771,0.61771,0.62014,-1.0,sl,-1.62,0.44,-2.06,168.44
2024-09-18 15:25:00,2024-09-18 15:30:00,L,0.62238,0.62197,0.62197,0.62321,-1.0,sl,-0.83,0.44,-1.27,167.17
2024-09-18 15:35:00,2024-09-18 15:45:00,L,0.62206,0.6218,0.6218,0.62259,-1.0,sl,-0.53,0.44,-0.97,166.2
2024-09-18 16:05:00,2024-09-18 17:15:00,L,0.62258,0.62172,0.62172,0.6243,-1.0,sl,-1.72,0.44,-2.16,164.04
2024-09-18 19:10:00,2024-09-18 19:20:00,L,0.62026,0.62073,0.62002,0.62073,2.0,tp,0.95,0.44,0.51,164.55
2024-09-18 19:25:00,2024-09-18 21:00:00,L,0.62067,0.62196,0.62003,0.62196,2.0,tp,2.57,0.44,2.13,166.68
2024-09-19 16:05:00,2024-09-19 16:40:00,L,0.62361,0.6227,0.6227,0.62542,-1.0,sl,-1.81,0.44,-2.25,164.43
2024-09-19 16:55:00,2024-09-19 17:05:00,L,0.62236,0.62197,0.62197,0.62314,-1.0,sl,-0.78,0.44,-1.22,163.21
2024-09-19 17:40:00,2024-09-20 01:40:00,L,0.62305,0.62377,0.62168,0.62579,0.526,time,1.44,0.44,1.0,164.21
2024-09-23 15:10:00,2024-09-23 15:15:00,L,0.62564,0.62513,0.62513,0.62665,-1.0,sl,-1.01,0.44,-1.45,162.76
2024-09-23 15:30:00,2024-09-23 16:35:00,L,0.62537,0.62647,0.62482,0.62647,2.0,tp,2.2,0.44,1.76,164.52
2024-09-23 16:40:00,2024-09-24 00:40:00,L,0.62647,0.62642,0.62539,0.62863,-0.046,time,-0.1,0.44,-0.54,163.98
2024-09-24 17:40:00,2024-09-24 17:45:00,L,0.63152,0.63193,0.63131,0.63193,2.0,tp,0.82,0.44,0.38,164.36
2024-09-24 18:10:00,2024-09-24 23:25:00,L,0.63226,0.63414,0.63132,0.63414,2.0,tp,3.76,0.44,3.32,167.68
2024-09-26 15:10:00,2024-09-26 15:20:00,L,0.6305,0.63108,0.63021,0.63108,2.0,tp,1.15,0.44,0.71,168.39
2024-09-26 15:45:00,2024-09-26 17:00:00,L,0.63085,0.62969,0.62969,0.63316,-1.0,sl,-2.31,0.44,-2.75,165.64
2024-09-26 17:35:00,2024-09-26 18:20:00,L,0.63029,0.63212,0.62937,0.63212,2.0,tp,3.66,0.44,3.22,168.86
2024-09-26 19:05:00,2024-09-27 03:05:00,L,0.63205,0.63231,0.63113,0.63388,0.284,time,0.52,0.44,0.08,168.94
2024-09-27 15:05:00,2024-09-27 15:30:00,L,0.63203,0.63307,0.63151,0.63307,2.0,tp,2.07,0.44,1.63,170.57
2024-09-27 15:35:00,2024-09-27 17:20:00,L,0.6332,0.6365,0.63155,0.6365,2.0,tp,6.6,0.44,6.16,176.73
2024-09-27 17:45:00,2024-09-27 18:25:00,L,0.63629,0.63482,0.63482,0.63923,-1.0,sl,-2.94,0.44,-3.38,173.35
2024-09-27 18:55:00,2024-09-27 19:00:00,L,0.63421,0.63387,0.63387,0.63489,-1.0,sl,-0.68,0.44,-1.12,172.23
2024-09-27 19:30:00,2024-09-30 00:00:00,L,0.63446,0.63337,0.63337,0.63664,-1.0,sl,-2.18,0.44,-2.62,169.61
2024-09-30 15:45:00,2024-09-30 16:50:00,L,0.6352,0.63652,0.63454,0.63652,2.0,tp,2.64,0.44,2.2,171.81
2024-09-30 17:35:00,2024-09-30 19:55:00,L,0.63579,0.6373,0.63503,0.6373,2.0,tp,3.03,0.44,2.59,174.4
2024-09-30 20:00:00,2024-09-30 21:10:00,L,0.63725,0.63561,0.63561,0.64053,-1.0,sl,-3.28,0.44,-3.72,170.68
2024-10-04 15:15:00,2024-10-04 15:30:00,S,0.62015,0.61871,0.62087,0.61871,2.0,tp,2.87,0.44,2.43,173.11
2024-10-04 16:45:00,2024-10-04 16:55:00,S,0.6164,0.61586,0.61667,0.61586,2.0,tp,1.07,0.44,0.63,173.74
2024-10-04 17:10:00,2024-10-04 17:10:00,S,0.61649,0.61666,0.61666,0.61615,-1.0,sl,-0.34,0.44,-0.78,172.96
2024-10-04 17:15:00,2024-10-04 17:15:00,S,0.61654,0.61685,0.61685,0.61592,-1.0,sl,-0.62,0.44,-1.06,171.9
2024-10-04 17:25:00,2024-10-04 18:25:00,S,0.61651,0.61508,0.61723,0.61508,2.0,tp,2.87,0.44,2.43,174.33
2024-10-04 18:40:00,2024-10-07 01:15:00,S,0.61563,0.6167,0.6167,0.61349,-1.0,sl,-2.14,0.44,-2.58,171.75
2024-10-07 15:15:00,2024-10-07 15:20:00,S,0.61522,0.6148,0.61543,0.6148,2.0,tp,0.84,0.44,0.4,172.15
2024-10-07 15:30:00,2024-10-07 17:30:00,S,0.61452,0.6127,0.61543,0.6127,2.0,tp,3.64,0.44,3.2,175.35
2024-10-07 17:45:00,2024-10-08 01:45:00,S,0.61226,0.61264,0.61451,0.60777,-0.169,time,-0.76,0.44,-1.2,174.15
2024-10-08 15:25:00,2024-10-08 16:05:00,S,0.61204,0.6128,0.6128,0.61052,-1.0,sl,-1.52,0.44,-1.96,172.19
2024-10-08 16:20:00,2024-10-08 22:35:00,S,0.61205,0.61285,0.61285,0.61045,-1.0,sl,-1.6,0.44,-2.04,170.15
2024-10-09 15:55:00,2024-10-09 23:55:00,S,0.6067,0.60623,0.60762,0.60487,0.513,time,0.94,0.44,0.5,170.65
2024-10-10 16:30:00,2024-10-11 00:30:00,S,0.60859,0.60914,0.60978,0.60621,-0.463,time,-1.1,0.44,-1.54,169.11
2024-10-11 15:25:00,2024-10-11 15:30:00,S,0.60931,0.60987,0.60987,0.60819,-1.0,sl,-1.12,0.44,-1.56,167.55
2024-10-11 15:40:00,2024-10-11 18:10:00,S,0.60877,0.61054,0.61054,0.60523,-1.0,sl,-3.54,0.44,-3.98,163.57
2024-10-14 15:15:00,2024-10-14 16:40:00,S,0.60771,0.60825,0.60825,0.60662,-1.0,sl,-1.09,0.44,-1.53,162.04
2024-10-14 18:25:00,2024-10-15 02:25:00,S,0.60868,0.60922,0.60964,0.60676,-0.562,time,-1.08,0.44,-1.52,160.52
2024-10-15 18:35:00,2024-10-16 00:50:00,S,0.60881,0.60717,0.60963,0.60717,2.0,tp,3.27,0.44,2.83,163.35
2024-10-16 15:40:00,2024-10-16 17:05:00,S,0.60734,0.60612,0.60795,0.60612,2.0,tp,2.44,0.44,2.0,165.35
2024-10-16 17:30:00,2024-10-17 01:30:00,S,0.60621,0.60548,0.60723,0.60418,0.718,time,1.46,0.44,1.02,166.37
2024-10-17 16:05:00,2024-10-17 18:30:00,S,0.60599,0.60694,0.60694,0.6041,-1.0,sl,-1.89,0.44,-2.33,164.04
2024-10-17 19:00:00,2024-10-18 03:00:00,S,0.60618,0.60602,0.60702,0.6045,0.19,time,0.32,0.44,-0.12,163.92
2024-10-18 18:05:00,2024-10-18 19:55:00,S,0.60682,0.60736,0.60736,0.60575,-1.0,sl,-1.07,0.44,-1.51,162.41
2024-10-21 15:45:00,2024-10-21 17:25:00,S,0.60606,0.60496,0.60661,0.60496,2.0,tp,2.19,0.44,1.75,164.16
2024-10-21 17:30:00,2024-10-22 01:30:00,S,0.60494,0.60293,0.60617,0.60248,1.633,time,4.02,0.44,3.58,167.74
2024-10-22 17:05:00,2024-10-23 01:05:00,S,0.6047,0.60418,0.6061,0.6019,0.372,time,1.04,0.44,0.6,168.34
2024-10-23 15:50:00,2024-10-23 16:00:00,S,0.60095,0.60119,0.60119,0.60046,-1.0,sl,-0.49,0.44,-0.93,167.41
2024-10-23 16:10:00,2024-10-23 19:20:00,S,0.60083,0.6,0.60125,0.6,2.0,tp,1.66,0.44,1.22,168.63
2024-10-23 19:40:00,2024-10-23 23:30:00,S,0.60011,0.60066,0.60066,0.599,-1.0,sl,-1.11,0.44,-1.55,167.08
2024-10-24 16:05:00,2024-10-24 17:50:00,S,0.60228,0.60059,0.60312,0.60059,2.0,tp,3.37,0.44,2.93,170.01
2024-10-24 18:25:00,2024-10-24 19:05:00,S,0.60108,0.60026,0.60149,0.60026,2.0,tp,1.65,0.44,1.21,171.22
2024-10-24 19:30:00,2024-10-24 19:35:00,S,0.60051,0.60099,0.60099,0.59955,-1.0,sl,-0.96,0.44,-1.4,169.82
2024-10-24 20:00:00,2024-10-24 20:05:00,S,0.60084,0.60108,0.60108,0.60036,-1.0,sl,-0.48,0.44,-0.92,168.9
2024-10-25 16:35:00,2024-10-25 17:35:00,S,0.60091,0.6001,0.60132,0.6001,2.0,tp,1.62,0.44,1.18,170.08
2024-10-25 17:45:00,2024-10-25 19:50:00,S,0.60029,0.59865,0.60111,0.59865,2.0,tp,3.29,0.44,2.85,172.93
2024-10-28 17:05:00,2024-10-28 17:45:00,S,0.59903,0.59802,0.59954,0.59802,2.0,tp,2.02,0.44,1.58,174.51
2024-10-28 19:05:00,2024-10-29 01:35:00,S,0.59767,0.59826,0.59826,0.59649,-1.0,sl,-1.18,0.44,-1.62,172.89
2024-10-29 15:15:00,2024-10-29 16:00:00,S,0.59579,0.59671,0.59671,0.59396,-1.0,sl,-1.83,0.44,-2.27,170.62
2024-10-29 16:15:00,2024-10-30 00:15:00,S,0.59621,0.5971,0.5977,0.59323,-0.598,time,-1.78,0.44,-2.22,168.4
2024-10-31 15:05:00,2024-10-31 15:45:00,S,0.59734,0.59592,0.59805,0.59592,2.0,tp,2.84,0.44,2.4,170.8
2024-10-31 16:35:00,2024-10-31 20:55:00,S,0.59544,0.59687,0.59687,0.59257,-1.0,sl,-2.87,0.44,-3.31,167.49
2024-11-01 19:05:00,2024-11-01 19:40:00,S,0.59754,0.59641,0.5981,0.59641,2.0,tp,2.26,0.44,1.82,169.31
2024-11-04 19:30:00,2024-11-04 23:50:00,S,0.59796,0.597,0.59844,0.597,2.0,tp,1.91,0.44,1.47,170.78
2024-11-06 15:05:00,2024-11-06 17:05:00,S,0.59411,0.59523,0.59523,0.59187,-1.0,sl,-2.24,0.44,-2.68,168.1
2024-11-06 17:25:00,2024-11-06 17:35:00,S,0.59484,0.59568,0.59568,0.59317,-1.0,sl,-1.67,0.44,-2.11,165.99
2024-11-06 17:55:00,2024-11-06 20:20:00,S,0.59476,0.59578,0.59578,0.59272,-1.0,sl,-2.04,0.44,-2.48,163.51
2024-11-08 15:15:00,2024-11-08 18:05:00,S,0.59893,0.59724,0.59978,0.59724,2.0,tp,3.39,0.44,2.95,166.46
2024-11-08 18:35:00,2024-11-11 02:40:00,S,0.59663,0.59675,0.59837,0.59316,-0.069,time,-0.24,0.44,-0.68,165.78
2024-11-11 15:25:00,2024-11-11 23:25:00,S,0.59558,0.59611,0.59685,0.59304,-0.418,time,-1.06,0.44,-1.5,164.28
2024-11-12 15:30:00,2024-11-12 17:30:00,S,0.59473,0.59328,0.59546,0.59328,2.0,tp,2.91,0.44,2.47,166.75
2024-11-12 17:45:00,2024-11-12 19:45:00,S,0.59314,0.59093,0.59425,0.59093,2.0,tp,4.43,0.44,3.99,170.74
2024-11-12 19:50:00,2024-11-12 20:55:00,S,0.59098,0.59211,0.59211,0.58872,-1.0,sl,-2.26,0.44,-2.7,168.04
2024-11-13 16:10:00,2024-11-13 16:50:00,S,0.59324,0.59022,0.59475,0.59022,2.0,tp,6.04,0.44,5.6,173.64
2024-11-13 17:55:00,2024-11-13 19:05:00,S,0.58988,0.5883,0.59067,0.5883,2.0,tp,3.16,0.44,2.72,176.36
2024-11-13 19:20:00,2024-11-14 03:05:00,S,0.58861,0.58709,0.58937,0.58709,2.0,tp,3.04,0.44,2.6,178.96
2024-11-14 15:35:00,2024-11-14 16:25:00,S,0.58605,0.58761,0.58761,0.58294,-1.0,sl,-3.11,0.44,-3.55,175.41
2024-11-14 16:45:00,2024-11-14 22:00:00,S,0.58751,0.5859,0.58831,0.5859,2.0,tp,3.22,0.44,2.78,178.19
2024-11-15 15:35:00,2024-11-15 23:35:00,S,0.58632,0.58599,0.58806,0.58284,0.19,time,0.66,0.44,0.22,178.41
2024-11-18 15:05:00,2024-11-18 15:10:00,S,0.58369,0.58421,0.58421,0.58265,-1.0,sl,-1.04,0.44,-1.48,176.93
2024-11-18 15:15:00,2024-11-18 15:25:00,S,0.58411,0.58435,0.58435,0.58363,-1.0,sl,-0.48,0.44,-0.92,176.01
2024-11-20 15:30:00,2024-11-20 16:20:00,S,0.58804,0.58701,0.58856,0.58701,2.0,tp,2.07,0.44,1.63,177.64
2024-11-20 16:40:00,2024-11-21 00:40:00,S,0.58693,0.58749,0.58813,0.58454,-0.468,time,-1.12,0.44,-1.56,176.08
2024-11-21 17:20:00,2024-11-21 17:45:00,S,0.58793,0.58701,0.58839,0.58701,2.0,tp,1.84,0.44,1.4,177.48
2024-11-21 18:35:00,2024-11-22 02:35:00,S,0.58585,0.58527,0.58766,0.58223,0.32,time,1.16,0.44,0.72,178.2
2024-11-22 15:25:00,2024-11-22 16:15:00,S,0.58418,0.58372,0.58441,0.58372,2.0,tp,0.92,0.44,0.48,178.68
2024-11-22 16:20:00,2024-11-22 17:40:00,S,0.5838,0.58259,0.58441,0.58259,2.0,tp,2.43,0.44,1.99,180.67
2024-11-22 17:50:00,2024-11-25 00:00:00,S,0.58302,0.5838,0.5838,0.58145,-1.0,sl,-1.57,0.44,-2.01,178.66
2024-11-25 17:25:00,2024-11-26 01:25:00,S,0.58526,0.58455,0.58645,0.58288,0.596,time,1.42,0.44,0.98,179.64
2024-11-26 16:50:00,2024-11-27 00:50:00,S,0.58302,0.58321,0.5849,0.57926,-0.101,time,-0.38,0.44,-0.82,178.82
2024-12-02 17:15:00,2024-12-02 21:20:00,S,0.58663,0.58838,0.58838,0.58312,-1.0,sl,-3.51,0.44,-3.95,174.87
2024-12-03 17:05:00,2024-12-04 01:05:00,S,0.58821,0.5879,0.58938,0.58586,0.264,time,0.62,0.44,0.18,175.05
2024-12-04 15:20:00,2024-12-04 15:30:00,S,0.58303,0.58374,0.58374,0.58161,-1.0,sl,-1.42,0.44,-1.86,173.19
2024-12-04 15:35:00,2024-12-04 15:40:00,S,0.58351,0.58402,0.58402,0.5825,-1.0,sl,-1.01,0.44,-1.45,171.74
2024-12-04 16:10:00,2024-12-04 16:25:00,S,0.58327,0.58408,0.58408,0.58164,-1.0,sl,-1.63,0.44,-2.07,169.67
2024-12-04 16:55:00,2024-12-04 17:00:00,S,0.5839,0.58434,0.58434,0.58303,-1.0,sl,-0.87,0.44,-1.31,168.36
2024-12-06 16:20:00,2024-12-09 00:25:00,S,0.58559,0.5833,0.58767,0.58142,1.099,time,4.58,0.44,4.14,172.5
2024-12-10 15:05:00,2024-12-10 15:15:00,S,0.58212,0.58161,0.58238,0.58161,2.0,tp,1.03,0.44,0.59,173.09
2024-12-10 15:20:00,2024-12-10 17:20:00,S,0.5816,0.58013,0.58234,0.58013,2.0,tp,2.94,0.44,2.5,175.59
2024-12-10 17:55:00,2024-12-11 01:55:00,S,0.57967,0.58004,0.5811,0.57682,-0.259,time,-0.74,0.44,-1.18,174.41
2024-12-11 16:10:00,2024-12-12 00:10:00,S,0.579,0.57829,0.58012,0.57676,0.634,time,1.42,0.44,0.98,175.39
2024-12-12 15:20:00,2024-12-12 15:30:00,S,0.57886,0.57951,0.57951,0.57755,-1.0,sl,-1.31,0.44,-1.75,173.64
2024-12-12 15:45:00,2024-12-12 16:20:00,S,0.57969,0.57871,0.58018,0.57871,2.0,tp,1.95,0.44,1.51,175.15
2024-12-12 17:05:00,2024-12-12 21:25:00,S,0.57898,0.5769,0.58002,0.5769,2.0,tp,4.15,0.44,3.71,178.86
2024-12-13 16:10:00,2024-12-13 19:20:00,S,0.57701,0.57537,0.57783,0.57537,2.0,tp,3.27,0.44,2.83,181.69
2024-12-13 19:45:00,2024-12-16 00:00:00,S,0.57563,0.57634,0.57634,0.57421,-1.0,sl,-1.42,0.44,-1.86,179.83
2024-12-16 16:15:00,2024-12-16 16:30:00,S,0.57728,0.57665,0.5776,0.57665,2.0,tp,1.27,0.44,0.83,180.66
2024-12-16 16:45:00,2024-12-16 17:40:00,S,0.57645,0.5776,0.5776,0.57414,-1.0,sl,-2.31,0.44,-2.75,177.91
2024-12-17 15:25:00,2024-12-17 15:30:00,S,0.57576,0.57622,0.57622,0.57484,-1.0,sl,-0.92,0.44,-1.36,176.55
2024-12-17 15:45:00,2024-12-17 15:55:00,S,0.57579,0.57638,0.57638,0.57461,-1.0,sl,-1.18,0.44,-1.62,174.93
2024-12-17 16:15:00,2024-12-17 17:45:00,S,0.57633,0.57542,0.57678,0.57542,2.0,tp,1.81,0.44,1.37,176.3
2024-12-17 17:50:00,2024-12-18 01:50:00,S,0.57539,0.57574,0.57628,0.57361,-0.392,time,-0.7,0.44,-1.14,175.16
2024-12-18 16:15:00,2024-12-18 16:50:00,S,0.57334,0.5736,0.5736,0.57281,-1.0,sl,-0.53,0.44,-0.97,174.19
2024-12-18 17:05:00,2024-12-18 17:45:00,S,0.57316,0.57208,0.5737,0.57208,2.0,tp,2.16,0.44,1.72,175.91
2024-12-18 18:40:00,2024-12-18 21:00:00,S,0.57171,0.56976,0.57268,0.56976,2.0,tp,3.89,0.44,3.45,179.36
2024-12-19 15:05:00,2024-12-19 15:20:00,S,0.56515,0.56579,0.56579,0.56387,-1.0,sl,-1.28,0.44,-1.72,177.64
2024-12-19 15:30:00,2024-12-19 15:30:00,S,0.56555,0.56489,0.56588,0.56489,2.0,tp,1.31,0.44,0.87,178.51
2024-12-19 15:35:00,2024-12-19 16:35:00,S,0.56522,0.56588,0.56588,0.5639,-1.0,sl,-1.32,0.44,-1.76,176.75
2024-12-19 17:05:00,2024-12-19 20:00:00,S,0.56534,0.5636,0.56621,0.5636,2.0,tp,3.49,0.44,3.05,179.8
2024-12-20 16:10:00,2024-12-20 17:10:00,S,0.56373,0.56498,0.56498,0.56123,-1.0,sl,-2.5,0.44,-2.94,176.86
2024-12-23 15:05:00,2024-12-23 17:05:00,S,0.5641,0.56325,0.56453,0.56325,2.0,tp,1.7,0.44,1.26,178.12
2024-12-23 17:25:00,2024-12-23 18:35:00,S,0.5635,0.56422,0.56422,0.56206,-1.0,sl,-1.44,0.44,-1.88,176.24
2024-12-24 16:35:00,2024-12-24 17:55:00,S,0.56444,0.56365,0.56484,0.56365,2.0,tp,1.59,0.44,1.15,177.39
2024-12-24 18:10:00,2024-12-24 21:05:00,S,0.56352,0.56449,0.56449,0.56158,-1.0,sl,-1.94,0.44,-2.38,175.01
2024-12-26 15:40:00,2024-12-26 17:50:00,S,0.56333,0.56222,0.56389,0.56222,2.0,tp,2.22,0.44,1.78,176.79
2024-12-26 18:05:00,2024-12-26 18:55:00,S,0.56244,0.56279,0.56279,0.56175,-1.0,sl,-0.69,0.44,-1.13,175.66
2024-12-26 19:10:00,2024-12-26 19:20:00,S,0.56288,0.56252,0.56306,0.56252,2.0,tp,0.72,0.44,0.28,175.94
2024-12-26 19:25:00,2024-12-26 20:00:00,S,0.56257,0.56307,0.56307,0.56157,-1.0,sl,-1.0,0.44,-1.44,174.5
2024-12-27 18:15:00,2024-12-27 18:50:00,S,0.56365,0.56313,0.56391,0.56313,2.0,tp,1.05,0.44,0.61,175.11
2024-12-27 18:55:00,2024-12-30 01:00:00,S,0.56294,0.56394,0.56394,0.56094,-1.0,sl,-2.0,0.44,-2.44,172.67
2024-12-30 15:05:00,2024-12-30 15:55:00,S,0.56558,0.56397,0.56639,0.56397,2.0,tp,3.22,0.44,2.78,175.45
2024-12-30 17:15:00,2024-12-30 17:45:00,S,0.56413,0.563,0.56469,0.563,2.0,tp,2.26,0.44,1.82,177.27
2024-12-30 18:00:00,2024-12-30 20:40:00,S,0.56366,0.56456,0.56456,0.56185,-1.0,sl,-1.81,0.44,-2.25,175.02
2024-12-31 15:20:00,2024-12-31 23:20:00,S,0.56035,0.55951,0.56181,0.55743,0.575,time,1.68,0.44,1.24,176.26
2025-01-02 15:10:00,2025-01-02 16:20:00,S,0.56078,0.56134,0.56134,0.55966,-1.0,sl,-1.12,0.44,-1.56,174.7
2025-01-02 16:30:00,2025-01-02 18:00:00,S,0.56106,0.56,0.56159,0.56,2.0,tp,2.13,0.44,1.69,176.39
2025-01-02 18:25:00,2025-01-03 02:25:00,S,0.55943,0.55962,0.56137,0.55555,-0.098,time,-0.38,0.44,-0.82,175.57
2025-01-03 17:05:00,2025-01-03 19:05:00,S,0.56062,0.56129,0.56129,0.55928,-1.0,sl,-1.34,0.44,-1.78,173.79
2025-01-07 18:35:00,2025-01-08 02:35:00,S,0.56397,0.56319,0.5653,0.5613,0.585,time,1.56,0.44,1.12,174.91
2025-01-08 15:05:00,2025-01-08 16:00:00,S,0.55952,0.56011,0.56011,0.55834,-1.0,sl,-1.18,0.44,-1.62,173.29
2025-01-08 16:30:00,2025-01-08 17:05:00,S,0.55965,0.56049,0.56049,0.55798,-1.0,sl,-1.67,0.44,-2.11,171.18
2025-01-08 17:30:00,2025-01-08 18:20:00,S,0.56013,0.56084,0.56084,0.55872,-1.0,sl,-1.41,0.44,-1.85,169.33
2025-01-08 19:20:00,2025-01-08 21:25:00,S,0.56039,0.56123,0.56123,0.55871,-1.0,sl,-1.68,0.44,-2.12,167.21
2025-01-09 15:05:00,2025-01-09 15:25:00,S,0.55904,0.55973,0.55973,0.55767,-1.0,sl,-1.37,0.44,-1.81,165.4
2025-01-09 15:50:00,2025-01-09 16:55:00,S,0.5598,0.56013,0.56013,0.55914,-1.0,sl,-0.66,0.44,-1.1,164.3
2025-01-09 17:05:00,2025-01-09 21:50:00,S,0.55964,0.56016,0.56016,0.5586,-1.0,sl,-1.04,0.44,-1.48,162.82
2025-01-10 15:10:00,2025-01-10 15:30:00,S,0.5583,0.5574,0.55875,0.5574,2.0,tp,1.8,0.44,1.36,164.18
2025-01-10 16:10:00,2025-01-13 00:15:00,S,0.55506,0.55576,0.55883,0.54752,-0.186,time,-1.4,0.44,-1.84,162.34
2025-01-13 15:45:00,2025-01-13 17:30:00,S,0.55579,0.55481,0.55628,0.55481,2.0,tp,1.96,0.44,1.52,163.86
2025-01-13 17:40:00,2025-01-13 19:55:00,S,0.55503,0.55581,0.55581,0.55346,-1.0,sl,-1.57,0.44,-2.01,161.85
2025-01-16 15:20:00,2025-01-16 17:05:00,S,0.55847,0.55967,0.55967,0.55607,-1.0,sl,-2.4,0.44,-2.84,159.01
2025-01-17 15:05:00,2025-01-17 17:00:00,S,0.55852,0.55972,0.55972,0.55613,-1.0,sl,-2.39,0.44,-2.83,156.18
2025-01-17 18:10:00,2025-01-20 02:15:00,S,0.5598,0.55933,0.56149,0.55643,0.279,time,0.94,0.44,0.5,156.68
2025-01-27 16:05:00,2025-01-28 00:05:00,S,0.56913,0.5689,0.5704,0.56658,0.181,time,0.46,0.44,0.02,156.7
2025-01-28 15:30:00,2025-01-28 15:30:00,S,0.56518,0.56546,0.56546,0.56463,-1.0,sl,-0.55,0.44,-0.99,155.71
2025-01-28 15:35:00,2025-01-28 16:10:00,S,0.56517,0.5655,0.5655,0.56452,-1.0,sl,-0.65,0.44,-1.09,154.62
2025-01-28 16:30:00,2025-01-28 16:35:00,S,0.56564,0.56596,0.56596,0.565,-1.0,sl,-0.64,0.44,-1.08,153.54
2025-01-28 16:45:00,2025-01-28 17:25:00,S,0.56568,0.56612,0.56612,0.5648,-1.0,sl,-0.88,0.44,-1.32,152.22
2025-01-28 17:55:00,2025-01-28 20:10:00,S,0.56583,0.56654,0.56654,0.56441,-1.0,sl,-1.42,0.44,-1.86,150.36
2025-01-29 15:05:00,2025-01-29 15:15:00,S,0.56447,0.56384,0.56479,0.56384,2.0,tp,1.27,0.44,0.83,151.19
2025-01-29 15:25:00,2025-01-29 17:15:00,S,0.56363,0.56474,0.56474,0.56141,-1.0,sl,-2.22,0.44,-2.66,148.53
2025-01-29 18:25:00,2025-01-29 19:00:00,S,0.56534,0.56568,0.56568,0.56466,-1.0,sl,-0.68,0.44,-1.12,147.41
2025-01-29 19:20:00,2025-01-29 19:20:00,S,0.56558,0.56594,0.56594,0.56485,-1.0,sl,-0.73,0.44,-1.17,146.24
2025-01-29 19:55:00,2025-01-29 21:00:00,S,0.56539,0.5642,0.56599,0.5642,2.0,tp,2.38,0.44,1.94,148.18
2025-01-30 16:10:00,2025-01-30 19:10:00,S,0.56558,0.56468,0.56603,0.56468,2.0,tp,1.8,0.44,1.36,149.54
2025-01-30 19:25:00,2025-01-30 21:05:00,S,0.56473,0.56561,0.56561,0.56298,-1.0,sl,-1.75,0.44,-2.19,147.35
2025-01-31 16:05:00,2025-01-31 17:30:00,S,0.56442,0.56514,0.56514,0.56298,-1.0,sl,-1.44,0.44,-1.88,145.47
2025-02-03 15:10:00,2025-02-03 17:00:00,S,0.55761,0.55562,0.55861,0.55562,2.0,tp,3.98,0.44,3.54,149.01
2025-02-06 15:05:00,2025-02-06 16:40:00,S,0.56552,0.56628,0.56628,0.564,-1.0,sl,-1.52,0.44,-1.96,147.05
2025-02-06 16:50:00,2025-02-06 17:40:00,S,0.56572,0.56641,0.56641,0.56434,-1.0,sl,-1.38,0.44,-1.82,145.23
2025-02-07 15:05:00,2025-02-07 15:30:00,S,0.56722,0.56752,0.56752,0.56662,-1.0,sl,-0.6,0.44,-1.04,144.19
2025-02-07 15:35:00,2025-02-07 23:35:00,S,0.56717,0.56564,0.5694,0.56271,0.686,time,3.06,0.44,2.62,146.81
2025-02-10 16:10:00,2025-02-10 19:40:00,S,0.56544,0.5645,0.56591,0.5645,2.0,tp,1.88,0.44,1.44,148.25
2025-02-10 19:45:00,2025-02-11 01:25:00,S,0.56445,0.56313,0.56511,0.56313,2.0,tp,2.65,0.44,2.21,150.46
2025-02-11 15:05:00,2025-02-11 16:00:00,S,0.56463,0.56498,0.56498,0.56393,-1.0,sl,-0.7,0.44,-1.14,149.32
2025-02-12 15:10:00,2025-02-12 15:30:00,S,0.56379,0.56279,0.56429,0.56279,2.0,tp,2.01,0.44,1.57,150.89
2025-02-12 15:35:00,2025-02-12 19:00:00,S,0.56164,0.56433,0.56433,0.55626,-1.0,sl,-5.38,0.44,-5.82,145.07
2025-02-13 15:10:00,2025-02-13 15:10:00,S,0.56317,0.56332,0.56332,0.56286,-1.0,sl,-0.31,0.44,-0.75,144.32
2025-02-13 15:20:00,2025-02-13 15:30:00,S,0.56312,0.56343,0.56343,0.56249,-1.0,sl,-0.63,0.44,-1.07,143.25
2025-02-13 15:45:00,2025-02-13 16:25:00,S,0.56335,0.56232,0.56386,0.56232,2.0,tp,2.05,0.44,1.61,144.86
2025-02-14 15:50:00,2025-02-14 23:50:00,L,0.57187,0.57313,0.57043,0.57474,0.877,time,2.52,0.44,2.08,146.94
2025-02-18 15:45:00,2025-02-18 17:10:00,S,0.56991,0.57035,0.57035,0.56904,-1.0,sl,-0.87,0.44,-1.31,145.63
2025-02-18 17:25:00,2025-02-18 17:30:00,S,0.57014,0.5705,0.5705,0.56943,-1.0,sl,-0.71,0.44,-1.15,144.48
2025-02-18 18:00:00,2025-02-19 00:10:00,S,0.57014,0.57061,0.57061,0.56921,-1.0,sl,-0.93,0.44,-1.37,143.11
2025-02-20 15:10:00,2025-02-20 16:25:00,L,0.57285,0.57396,0.5723,0.57396,2.0,tp,2.22,0.44,1.78,144.89
2025-02-20 17:05:00,2025-02-20 19:25:00,L,0.57427,0.57665,0.57308,0.57665,2.0,tp,4.75,0.44,4.31,149.2
2025-02-20 19:35:00,2025-02-21 03:35:00,L,0.57652,0.57585,0.57523,0.57909,-0.521,time,-1.34,0.44,-1.78,147.42
2025-02-21 16:30:00,2025-02-21 16:45:00,L,0.57565,0.57648,0.57524,0.57648,2.0,tp,1.66,0.44,1.22,148.64
2025-02-21 16:50:00,2025-02-21 17:15:00,L,0.5763,0.57522,0.57522,0.57845,-1.0,sl,-2.15,0.44,-2.59,146.05
2025-02-26 15:10:00,2025-02-26 15:20:00,S,0.56933,0.56975,0.56975,0.5685,-1.0,sl,-0.83,0.44,-1.27,144.78
2025-02-26 15:35:00,2025-02-26 17:30:00,S,0.56947,0.56988,0.56988,0.56866,-1.0,sl,-0.81,0.44,-1.25,143.53
2025-02-26 17:55:00,2025-02-26 18:00:00,S,0.57031,0.57053,0.57053,0.56987,-1.0,sl,-0.44,0.44,-0.88,142.65
2025-02-26 18:20:00,2025-02-26 19:00:00,S,0.57037,0.57098,0.57098,0.56914,-1.0,sl,-1.23,0.44,-1.67,140.98
2025-02-26 19:15:00,2025-02-26 19:15:00,S,0.57096,0.57052,0.57118,0.57052,2.0,tp,0.88,0.44,0.44,141.42
2025-02-26 19:40:00,2025-02-27 03:40:00,S,0.5707,0.56951,0.57212,0.56786,0.837,time,2.38,0.44,1.94,143.36
2025-02-27 15:10:00,2025-02-27 15:30:00,S,0.56828,0.56874,0.56874,0.56736,-1.0,sl,-0.92,0.44,-1.36,142.0
2025-02-27 15:35:00,2025-02-27 15:45:00,S,0.56806,0.56621,0.56898,0.56621,2.0,tp,3.7,0.44,3.26,145.26
2025-02-27 15:50:00,2025-02-27 23:50:00,S,0.56641,0.56296,0.56901,0.56122,1.329,time,6.9,0.44,6.46,151.72
2025-02-28 15:35:00,2025-02-28 17:30:00,S,0.56023,0.56065,0.56065,0.55938,-1.0,sl,-0.85,0.44,-1.29,150.43
2025-02-28 17:45:00,2025-02-28 20:15:00,S,0.56039,0.5592,0.56098,0.5592,2.0,tp,2.37,0.44,1.93,152.36
2025-03-04 16:05:00,2025-03-04 17:00:00,S,0.56314,0.56133,0.56404,0.56133,2.0,tp,3.62,0.44,3.18,155.54
2025-03-05 15:05:00,2025-03-05 15:55:00,L,0.56788,0.56945,0.56709,0.56945,2.0,tp,3.15,0.44,2.71,158.25
2025-03-05 16:55:00,2025-03-06 00:55:00,L,0.57119,0.57248,0.56904,0.5755,0.599,time,2.58,0.44,2.14,160.39
2025-03-06 15:10:00,2025-03-06 15:45:00,L,0.57388,0.57319,0.57319,0.57526,-1.0,sl,-1.38,0.44,-1.82,158.57
2025-03-06 16:05:00,2025-03-06 18:10:00,L,0.57382,0.57529,0.57309,0.57529,2.0,tp,2.93,0.44,2.49,161.06
2025-03-06 18:20:00,2025-03-06 19:50:00,L,0.57537,0.57398,0.57398,0.57815,-1.0,sl,-2.78,0.44,-3.22,157.84
2025-03-11 15:05:00,2025-03-11 15:05:00,L,0.57057,0.5703,0.5703,0.57111,-1.0,sl,-0.54,0.44,-0.98,156.86
2025-03-11 15:15:00,2025-03-11 15:45:00,L,0.57057,0.57127,0.57022,0.57127,2.0,tp,1.4,0.44,0.96,157.82
2025-03-11 17:10:00,2025-03-11 20:40:00,L,0.57023,0.57229,0.5692,0.57229,2.0,tp,4.12,0.44,3.68,161.5
2025-03-12 16:10:00,2025-03-12 16:35:00,L,0.57059,0.57002,0.57002,0.57174,-1.0,sl,-1.15,0.44,-1.59,159.91
2025-03-12 16:45:00,2025-03-12 17:35:00,L,0.57062,0.57221,0.56983,0.57221,2.0,tp,3.17,0.44,2.73,162.64
2025-03-12 18:50:00,2025-03-13 02:50:00,L,0.57266,0.57369,0.57167,0.57464,1.042,time,2.06,0.44,1.62,164.26
2025-03-13 15:35:00,2025-03-13 16:20:00,S,0.56884,0.56983,0.56983,0.56687,-1.0,sl,-1.97,0.44,-2.41,161.85
2025-03-13 17:55:00,2025-03-13 18:40:00,S,0.5708,0.57138,0.57138,0.56964,-1.0,sl,-1.16,0.44,-1.6,160.25
2025-03-13 19:00:00,2025-03-13 19:55:00,S,0.5708,0.56956,0.57142,0.56956,2.0,tp,2.47,0.44,2.03,162.28
2025-03-14 15:10:00,2025-03-14 17:05:00,L,0.57349,0.57423,0.57312,0.57423,2.0,tp,1.48,0.44,1.04,163.32
2025-03-14 17:15:00,2025-03-17 00:15:00,L,0.57418,0.57609,0.57323,0.57609,2.0,tp,3.82,0.44,3.38,166.7
2025-03-17 15:05:00,2025-03-17 17:20:00,L,0.5791,0.58103,0.57813,0.58103,2.0,tp,3.86,0.44,3.42,170.12
2025-03-17 18:05:00,2025-03-18 01:45:00,L,0.58115,0.5827,0.58038,0.5827,2.0,tp,3.09,0.44,2.65,172.77
2025-03-18 15:05:00,2025-03-18 15:40:00,L,0.58144,0.58084,0.58084,0.58265,-1.0,sl,-1.21,0.44,-1.65,171.12
2025-03-18 15:55:00,2025-03-18 16:00:00,L,0.58096,0.58048,0.58048,0.58192,-1.0,sl,-0.96,0.44,-1.4,169.72
2025-03-18 17:10:00,2025-03-18 17:35:00,L,0.58004,0.5807,0.57971,0.5807,2.0,tp,1.32,0.44,0.88,170.6
2025-03-18 17:40:00,2025-03-19 01:40:00,L,0.58097,0.58192,0.57971,0.58349,0.754,time,1.9,0.44,1.46,172.06
2025-03-25 15:05:00,2025-03-25 15:50:00,L,0.57465,0.57431,0.57431,0.57532,-1.0,sl,-0.67,0.44,-1.11,170.95
2025-03-25 16:00:00,2025-03-25 16:00:00,L,0.57421,0.57407,0.57407,0.57449,-1.0,sl,-0.28,0.44,-0.72,170.23
2025-03-25 16:20:00,2025-03-25 16:40:00,L,0.57339,0.57398,0.5731,0.57398,2.0,tp,1.17,0.44,0.73,170.96
2025-03-25 16:45:00,2025-03-25 20:45:00,L,0.57408,0.5731,0.5731,0.57604,-1.0,sl,-1.96,0.44,-2.4,168.56
2025-03-26 16:15:00,2025-03-26 17:50:00,L,0.57467,0.57406,0.57406,0.5759,-1.0,sl,-1.23,0.44,-1.67,166.89
2025-03-27 16:20:00,2025-03-27 16:40:00,L,0.57361,0.57422,0.57331,0.57422,2.0,tp,1.21,0.44,0.77,167.66
2025-03-27 17:05:00,2025-03-27 23:00:00,L,0.57417,0.57331,0.57331,0.57589,-1.0,sl,-1.72,0.44,-2.16,165.5
2025-03-28 16:30:00,2025-03-28 20:55:00,S,0.57283,0.5713,0.57359,0.5713,2.0,tp,3.06,0.44,2.62,168.12
2025-03-31 15:05:00,2025-03-31 16:35:00,S,0.56829,0.5666,0.56913,0.5666,2.0,tp,3.38,0.44,2.94,171.06
2025-03-31 17:20:00,2025-03-31 19:40:00,S,0.56569,0.56723,0.56723,0.56262,-1.0,sl,-3.07,0.44,-3.51,167.55
2025-04-01 15:45:00,2025-04-01 17:05:00,S,0.56785,0.56833,0.56833,0.56689,-1.0,sl,-0.96,0.44,-1.4,166.15
2025-04-02 15:15:00,2025-04-02 15:15:00,L,0.57416,0.57367,0.57367,0.57514,-1.0,sl,-0.98,0.44,-1.42,164.73
2025-04-02 15:30:00,2025-04-02 17:15:00,L,0.57409,0.57362,0.57362,0.57503,-1.0,sl,-0.94,0.44,-1.38,163.35
2025-04-02 17:45:00,2025-04-02 19:35:00,L,0.57411,0.57328,0.57328,0.57578,-1.0,sl,-1.67,0.44,-2.11,161.24
2025-04-03 15:20:00,2025-04-03 20:25:00,L,0.58185,0.58008,0.58008,0.58538,-1.0,sl,-3.53,0.44,-3.97,157.27
2025-04-04 15:10:00,2025-04-04 15:25:00,S,0.56367,0.56672,0.56672,0.55756,-1.0,sl,-6.11,0.44,-6.55,150.72
2025-04-04 15:30:00,2025-04-04 18:40:00,S,0.5638,0.55755,0.56692,0.55755,2.0,tp,12.49,0.44,12.05,162.77
2025-04-04 18:45:00,2025-04-07 02:50:00,S,0.5578,0.55529,0.56335,0.5467,0.452,time,5.02,0.44,4.58,167.35
2025-04-07 16:05:00,2025-04-07 17:10:00,S,0.56004,0.56174,0.56174,0.55663,-1.0,sl,-3.41,0.44,-3.85,163.5
2025-04-07 17:20:00,2025-04-07 17:55:00,S,0.56113,0.55424,0.56458,0.55424,2.0,tp,13.78,0.44,13.34,176.84
2025-04-07 18:15:00,2025-04-08 02:15:00,S,0.55492,0.55349,0.56295,0.53886,0.178,time,2.86,0.44,2.42,179.26
2025-04-08 17:05:00,2025-04-08 18:05:00,S,0.56103,0.55782,0.56264,0.55782,2.0,tp,6.43,0.44,5.99,185.25
2025-04-08 19:35:00,2025-04-08 22:35:00,S,0.55701,0.55419,0.55842,0.55419,2.0,tp,5.64,0.44,5.2,190.45
2025-04-09 17:05:00,2025-04-09 17:10:00,S,0.55866,0.55728,0.55935,0.55728,2.0,tp,2.77,0.44,2.33,192.78
2025-04-09 17:15:00,2025-04-09 20:15:00,S,0.55726,0.55935,0.55935,0.55307,-1.0,sl,-4.19,0.44,-4.63,188.15
2025-04-10 15:45:00,2025-04-10 17:05:00,L,0.57055,0.56959,0.56959,0.57246,-1.0,sl,-1.91,0.44,-2.35,185.8
2025-04-10 17:20:00,2025-04-10 17:30:00,L,0.56989,0.57127,0.5692,0.57127,2.0,tp,2.77,0.44,2.33,188.13
2025-04-10 17:35:00,2025-04-11 01:35:00,L,0.57172,0.57446,0.56919,0.57677,1.085,time,5.48,0.44,5.04,193.17
2025-04-11 15:15:00,2025-04-11 15:25:00,L,0.57997,0.58118,0.57937,0.58118,2.0,tp,2.41,0.44,1.97,195.14
2025-04-11 15:30:00,2025-04-11 16:45:00,L,0.58071,0.58341,0.57936,0.58341,2.0,tp,5.4,0.44,4.96,200.1
2025-04-11 17:30:00,2025-04-11 18:05:00,L,0.57943,0.57836,0.57836,0.58158,-1.0,sl,-2.15,0.44,-2.59,197.51
2025-04-11 18:35:00,2025-04-11 20:35:00,L,0.5787,0.58102,0.57754,0.58102,2.0,tp,4.64,0.44,4.2,201.71
2025-04-14 16:50:00,2025-04-15 00:50:00,L,0.58558,0.58694,0.58295,0.59085,0.516,time,2.72,0.44,2.28,203.99
2025-04-15 15:50:00,2025-04-15 18:50:00,L,0.59351,0.5913,0.5913,0.59793,-1.0,sl,-4.42,0.44,-4.86,199.13
2025-04-15 19:15:00,2025-04-15 19:25:00,L,0.59147,0.59111,0.59111,0.5922,-1.0,sl,-0.73,0.44,-1.17,197.96
2025-04-15 19:45:00,2025-04-15 20:00:00,L,0.59101,0.59027,0.59027,0.59248,-1.0,sl,-1.47,0.44,-1.91,196.05
2025-04-16 16:10:00,2025-04-16 17:00:00,L,0.59036,0.59137,0.58985,0.59137,2.0,tp,2.02,0.44,1.58,197.63
2025-04-16 17:05:00,2025-04-17 01:05:00,L,0.59156,0.59341,0.59005,0.59457,1.228,time,3.7,0.44,3.26,200.89
2025-04-17 15:05:00,2025-04-17 16:20:00,L,0.59429,0.59614,0.59336,0.59614,2.0,tp,3.7,0.44,3.26,204.15
2025-04-17 16:40:00,2025-04-18 00:40:00,L,0.5965,0.59624,0.59453,0.60045,-0.132,time,-0.52,0.44,-0.96,203.19
2025-04-21 15:05:00,2025-04-21 15:30:00,L,0.6012,0.6002,0.6002,0.60319,-1.0,sl,-1.99,0.44,-2.43,200.76
2025-04-21 15:35:00,2025-04-21 15:45:00,L,0.60056,0.60138,0.60015,0.60138,2.0,tp,1.64,0.44,1.2,201.96
2025-04-21 15:50:00,2025-04-21 18:00:00,L,0.6014,0.60015,0.60015,0.6039,-1.0,sl,-2.5,0.44,-2.94,199.02
2025-04-21 18:20:00,2025-04-21 18:20:00,L,0.60005,0.59963,0.59963,0.60088,-1.0,sl,-0.83,0.44,-1.27,197.75
2025-04-21 18:30:00,2025-04-21 20:00:00,L,0.60028,0.59951,0.59951,0.60181,-1.0,sl,-1.53,0.44,-1.97,195.78
2025-04-23 15:05:00,2025-04-23 16:35:00,L,0.59884,0.60071,0.5979,0.60071,2.0,tp,3.75,0.44,3.31,199.09
2025-04-24 15:05:00,2025-04-24 15:55:00,L,0.59789,0.59724,0.59724,0.59919,-1.0,sl,-1.3,0.44,-1.74,197.35
2025-04-24 16:05:00,2025-04-24 17:30:00,L,0.5977,0.59878,0.59716,0.59878,2.0,tp,2.15,0.44,1.71,199.06
2025-04-24 17:50:00,2025-04-25 01:50:00,L,0.5983,0.59947,0.59726,0.60037,1.129,time,2.34,0.44,1.9,200.96
2025-04-28 17:05:00,2025-04-29 01:05:00,L,0.59604,0.59774,0.59463,0.59887,1.203,time,3.4,0.44,2.96,203.92
2025-05-02 15:10:00,2025-05-02 15:30:00,L,0.5945,0.59377,0.59377,0.59595,-1.0,sl,-1.45,0.44,-1.89,202.03
2025-05-02 15:40:00,2025-05-02 23:40:00,L,0.59556,0.59465,0.59293,0.60081,-0.347,time,-1.82,0.44,-2.26,199.77
2025-05-05 15:10:00,2025-05-05 15:20:00,L,0.5985,0.59916,0.59817,0.59916,2.0,tp,1.33,0.44,0.89,200.66
2025-05-05 15:25:00,2025-05-05 16:55:00,L,0.59926,0.59816,0.59816,0.60145,-1.0,sl,-2.19,0.44,-2.63,198.03
2025-05-05 17:10:00,2025-05-05 17:30:00,L,0.59781,0.59737,0.59737,0.59869,-1.0,sl,-0.88,0.44,-1.32,196.71
2025-05-05 17:55:00,2025-05-05 18:40:00,L,0.59818,0.59721,0.59721,0.60012,-1.0,sl,-1.94,0.44,-2.38,194.33
2025-05-06 15:10:00,2025-05-06 17:10:00,L,0.59833,0.59935,0.59782,0.59935,2.0,tp,2.04,0.44,1.6,195.93
2025-05-06 17:55:00,2025-05-06 19:35:00,L,0.59944,0.60078,0.59877,0.60078,2.0,tp,2.69,0.44,2.25,198.18
2025-05-06 19:50:00,2025-05-07 01:20:00,L,0.60014,0.60153,0.59945,0.60153,2.0,tp,2.78,0.44,2.34,200.52
2025-05-13 15:35:00,2025-05-13 17:40:00,L,0.59002,0.5924,0.58883,0.5924,2.0,tp,4.75,0.44,4.31,204.83
2025-05-13 19:20:00,2025-05-14 03:20:00,L,0.59319,0.59361,0.59266,0.59426,0.787,time,0.84,0.44,0.4,205.23
2025-05-14 15:20:00,2025-05-14 16:05:00,L,0.59421,0.5938,0.5938,0.59504,-1.0,sl,-0.83,0.44,-1.27,203.96
2025-05-14 16:50:00,2025-05-14 16:55:00,L,0.59386,0.59331,0.59331,0.59495,-1.0,sl,-1.09,0.44,-1.53,202.43
2025-05-16 16:20:00,2025-05-16 17:00:00,L,0.58964,0.58892,0.58892,0.59107,-1.0,sl,-1.43,0.44,-1.87,200.56
2025-05-19 15:05:00,2025-05-19 15:10:00,L,0.59132,0.591,0.591,0.59196,-1.0,sl,-0.64,0.44,-1.08,199.48
2025-05-19 15:35:00,2025-05-19 15:50:00,L,0.59099,0.59059,0.59059,0.59179,-1.0,sl,-0.8,0.44,-1.24,198.24
2025-05-19 16:15:00,2025-05-19 17:15:00,L,0.59076,0.59187,0.59021,0.59187,2.0,tp,2.21,0.44,1.77,200.01
2025-05-19 17:40:00,2025-05-20 01:40:00,L,0.59174,0.59283,0.59087,0.59347,1.257,time,2.18,0.44,1.74,201.75
2025-05-21 15:05:00,2025-05-21 15:40:00,L,0.59383,0.59331,0.59331,0.59486,-1.0,sl,-1.03,0.44,-1.47,200.28
2025-05-21 15:50:00,2025-05-21 16:00:00,L,0.59357,0.59422,0.59324,0.59422,2.0,tp,1.3,0.44,0.86,201.14
2025-05-21 16:10:00,2025-05-21 18:05:00,L,0.59418,0.59605,0.59324,0.59605,2.0,tp,3.75,0.44,3.31,204.45
2025-05-21 18:25:00,2025-05-21 21:50:00,L,0.59614,0.59454,0.59454,0.59934,-1.0,sl,-3.2,0.44,-3.64,200.81
2025-05-23 15:15:00,2025-05-23 15:25:00,L,0.5944,0.59519,0.59401,0.59519,2.0,tp,1.58,0.44,1.14,201.95
2025-05-23 15:30:00,2025-05-23 19:50:00,L,0.59541,0.5982,0.59401,0.5982,2.0,tp,5.59,0.44,5.15,207.1
2025-05-29 15:05:00,2025-05-29 15:30:00,L,0.59648,0.59799,0.59573,0.59799,2.0,tp,3.01,0.44,2.57,209.67
2025-05-29 17:15:00,2025-05-29 17:40:00,L,0.59788,0.59677,0.59677,0.6001,-1.0,sl,-2.22,0.44,-2.66,207.01
2025-05-29 17:50:00,2025-05-29 23:55:00,L,0.59742,0.59645,0.59645,0.59936,-1.0,sl,-1.94,0.44,-2.38,204.63
2025-05-30 17:10:00,2025-06-02 01:15:00,L,0.59575,0.59733,0.59468,0.59788,1.481,time,3.16,0.44,2.72,207.35
2025-06-02 15:10:00,2025-06-02 16:15:00,L,0.60182,0.60092,0.60092,0.60361,-1.0,sl,-1.79,0.44,-2.23,205.12
2025-06-02 16:40:00,2025-06-02 17:00:00,L,0.60083,0.60163,0.60043,0.60163,2.0,tp,1.59,0.44,1.15,206.27
2025-06-02 17:05:00,2025-06-03 01:05:00,L,0.60191,0.60317,0.60043,0.60487,0.851,time,2.52,0.44,2.08,208.35
2025-06-04 15:05:00,2025-06-04 17:05:00,L,0.60157,0.60286,0.60092,0.60286,2.0,tp,2.58,0.44,2.14,210.49
2025-06-04 17:30:00,2025-06-05 01:30:00,L,0.60282,0.603,0.6015,0.60546,0.136,time,0.36,0.44,-0.08,210.41
2025-06-05 15:10:00,2025-06-05 15:25:00,L,0.60471,0.60554,0.60429,0.60554,2.0,tp,1.66,0.44,1.22,211.63
2025-06-05 15:45:00,2025-06-05 18:40:00,L,0.60569,0.60428,0.60428,0.60852,-1.0,sl,-2.83,0.44,-3.27,208.36
2025-06-05 19:00:00,2025-06-05 21:10:00,L,0.60427,0.60387,0.60387,0.60507,-1.0,sl,-0.8,0.44,-1.24,207.12
2025-06-09 16:00:00,2025-06-09 16:05:00,L,0.60397,0.60367,0.60367,0.60457,-1.0,sl,-0.6,0.44,-1.04,206.08
2025-06-09 16:20:00,2025-06-09 17:05:00,L,0.60375,0.60427,0.60349,0.60427,2.0,tp,1.03,0.44,0.59,206.67
2025-06-09 17:10:00,2025-06-10 01:10:00,L,0.60433,0.60488,0.60349,0.60602,0.653,time,1.1,0.44,0.66,207.33
2025-06-10 15:05:00,2025-06-10 16:00:00,L,0.60528,0.60455,0.60455,0.60674,-1.0,sl,-1.46,0.44,-1.9,205.43
2025-06-10 16:05:00,2025-06-10 17:55:00,L,0.60511,0.60452,0.60452,0.60629,-1.0,sl,-1.18,0.44,-1.62,203.81
2025-06-11 15:05:00,2025-06-11 15:10:00,L,0.60303,0.60244,0.60244,0.60422,-1.0,sl,-1.19,0.44,-1.63,202.18
2025-06-11 15:35:00,2025-06-11 23:35:00,L,0.60551,0.60286,0.60222,0.6121,-0.805,time,-5.3,0.44,-5.74,196.44
2025-06-12 15:05:00,2025-06-12 15:30:00,L,0.60523,0.60622,0.60473,0.60622,2.0,tp,1.99,0.44,1.55,197.99
2025-06-12 15:35:00,2025-06-12 23:35:00,L,0.60628,0.60666,0.60492,0.609,0.279,time,0.76,0.44,0.32,198.31
2025-06-13 18:35:00,2025-06-13 20:35:00,L,0.60362,0.60253,0.60253,0.60579,-1.0,sl,-2.17,0.44,-2.61,195.7
2025-06-16 15:55:00,2025-06-16 16:30:00,L,0.60561,0.6068,0.60502,0.6068,2.0,tp,2.38,0.44,1.94,197.64
2025-06-16 16:40:00,2025-06-17 00:40:00,L,0.60689,0.60539,0.60518,0.6103,-0.88,time,-3.0,0.44,-3.44,194.2
2025-06-17 15:05:00,2025-06-17 15:35:00,L,0.60739,0.60691,0.60691,0.60835,-1.0,sl,-0.96,0.44,-1.4,192.8
2025-06-17 15:55:00,2025-06-17 16:15:00,L,0.60634,0.60719,0.60591,0.60719,2.0,tp,1.71,0.44,1.27,194.07
2025-06-17 16:20:00,2025-06-17 17:25:00,L,0.60722,0.60589,0.60589,0.60988,-1.0,sl,-2.66,0.44,-3.1,190.97
2025-06-18 17:05:00,2025-06-18 22:00:00,L,0.6043,0.60194,0.60194,0.60902,-1.0,sl,-4.72,0.44,-5.16,185.81
2025-06-24 17:05:00,2025-06-24 17:20:00,L,0.60171,0.6035,0.60082,0.6035,2.0,tp,3.58,0.44,3.14,188.95
2025-06-24 18:05:00,2025-06-24 18:45:00,L,0.60278,0.60166,0.60166,0.60502,-1.0,sl,-2.24,0.44,-2.68,186.27
2025-06-25 17:05:00,2025-06-26 01:05:00,L,0.60204,0.60374,0.6009,0.60432,1.494,time,3.4,0.44,2.96,189.23
2025-06-26 15:15:00,2025-06-26 15:20:00,L,0.605,0.60561,0.6047,0.60561,2.0,tp,1.22,0.44,0.78,190.01
2025-06-26 15:25:00,2025-06-26 23:25:00,L,0.60565,0.60568,0.6047,0.60756,0.031,time,0.06,0.44,-0.38,189.63
2025-06-27 15:15:00,2025-06-27 15:40:00,L,0.60604,0.6068,0.60566,0.6068,2.0,tp,1.51,0.44,1.07,190.7
2025-06-27 15:50:00,2025-06-27 16:30:00,L,0.60704,0.60565,0.60565,0.60982,-1.0,sl,-2.78,0.44,-3.22,187.48
2025-06-27 19:05:00,2025-06-27 20:45:00,L,0.6061,0.60511,0.60511,0.60808,-1.0,sl,-1.98,0.44,-2.42,185.06
2025-06-30 16:25:00,2025-06-30 17:20:00,L,0.60614,0.60719,0.60561,0.60719,2.0,tp,2.1,0.44,1.66,186.72
2025-06-30 17:55:00,2025-06-30 20:20:00,L,0.60695,0.60922,0.60581,0.60922,2.0,tp,4.55,0.44,4.11,190.83
2025-07-01 15:05:00,2025-07-01 15:10:00,L,0.61133,0.6108,0.6108,0.61239,-1.0,sl,-1.06,0.44,-1.5,189.33
2025-07-01 15:50:00,2025-07-01 16:15:00,L,0.61033,0.6099,0.6099,0.61119,-1.0,sl,-0.86,0.44,-1.3,188.03
2025-07-01 16:40:00,2025-07-01 17:00:00,L,0.61029,0.60941,0.60941,0.61205,-1.0,sl,-1.76,0.44,-2.2,185.83
2025-07-10 15:50:00,2025-07-10 15:55:00,L,0.60044,0.6008,0.60026,0.6008,2.0,tp,0.73,0.44,0.29,186.12
2025-07-10 18:05:00,2025-07-10 23:00:00,L,0.60081,0.60331,0.59956,0.60331,2.0,tp,5.01,0.44,4.57,190.69
2025-07-14 15:25:00,2025-07-14 17:35:00,S,0.59893,0.5978,0.5995,0.5978,2.0,tp,2.27,0.44,1.83,192.52
2025-07-14 17:40:00,2025-07-14 18:35:00,S,0.59773,0.59872,0.59872,0.59575,-1.0,sl,-1.98,0.44,-2.42,190.1
2025-07-14 18:50:00,2025-07-15 02:50:00,S,0.59794,0.59714,0.59891,0.596,0.826,time,1.6,0.44,1.16,191.26
2025-07-15 16:05:00,2025-07-15 16:35:00,S,0.59968,0.5979,0.60057,0.5979,2.0,tp,3.56,0.44,3.12,194.38
2025-07-15 17:45:00,2025-07-16 01:45:00,S,0.59552,0.59441,0.59766,0.59124,0.518,time,2.22,0.44,1.78,196.16
2025-07-16 15:05:00,2025-07-16 15:30:00,S,0.594,0.59442,0.59442,0.59315,-1.0,sl,-0.85,0.44,-1.29,194.87
2025-07-16 15:50:00,2025-07-16 16:30:00,S,0.59424,0.59304,0.59484,0.59304,2.0,tp,2.41,0.44,1.97,196.84
2025-07-16 17:10:00,2025-07-16 18:15:00,S,0.59188,0.59381,0.59381,0.58802,-1.0,sl,-3.86,0.44,-4.3,192.54
2025-07-16 19:00:00,2025-07-17 03:00:00,S,0.5938,0.59411,0.59703,0.58735,-0.096,time,-0.62,0.44,-1.06,191.48
2025-07-17 15:10:00,2025-07-17 15:40:00,S,0.59106,0.59163,0.59163,0.58993,-1.0,sl,-1.13,0.44,-1.57,189.91
2025-07-17 16:20:00,2025-07-17 16:55:00,S,0.59139,0.59217,0.59217,0.58983,-1.0,sl,-1.56,0.44,-2.0,187.91
2025-07-17 17:25:00,2025-07-17 18:10:00,S,0.59194,0.59251,0.59251,0.59079,-1.0,sl,-1.15,0.44,-1.59,186.32
2025-07-17 18:20:00,2025-07-17 18:20:00,S,0.59243,0.59257,0.59257,0.59216,-1.0,sl,-0.27,0.44,-0.71,185.61
2025-07-17 19:20:00,2025-07-17 19:35:00,S,0.59291,0.59234,0.59319,0.59234,2.0,tp,1.14,0.44,0.7,186.31
2025-07-17 19:40:00,2025-07-18 00:30:00,S,0.59237,0.5932,0.5932,0.59072,-1.0,sl,-1.65,0.44,-2.09,184.22
2025-07-22 15:15:00,2025-07-22 17:45:00,L,0.59607,0.59836,0.59493,0.59836,2.0,tp,4.58,0.44,4.14,188.36
2025-07-22 19:05:00,2025-07-23 00:00:00,L,0.59991,0.59878,0.59878,0.60218,-1.0,sl,-2.27,0.44,-2.71,185.65
2025-07-23 15:05:00,2025-07-23 15:20:00,L,0.60454,0.60396,0.60396,0.60569,-1.0,sl,-1.15,0.44,-1.59,184.06
2025-07-23 16:10:00,2025-07-23 16:35:00,L,0.6036,0.6031,0.6031,0.6046,-1.0,sl,-1.0,0.44,-1.44,182.62
2025-07-23 17:00:00,2025-07-23 19:20:00,L,0.60364,0.60297,0.60297,0.60498,-1.0,sl,-1.34,0.44,-1.78,180.84
2025-07-24 15:25:00,2025-07-24 15:35:00,L,0.60533,0.60454,0.60454,0.60692,-1.0,sl,-1.59,0.44,-2.03,178.81
2025-07-24 15:45:00,2025-07-24 15:50:00,L,0.60459,0.60431,0.60431,0.60515,-1.0,sl,-0.56,0.44,-1.0,177.81
2025-07-24 16:25:00,2025-07-24 17:00:00,L,0.60427,0.60495,0.60393,0.60495,2.0,tp,1.36,0.44,0.92,178.73
2025-07-24 17:05:00,2025-07-24 18:10:00,L,0.60513,0.60392,0.60392,0.60754,-1.0,sl,-2.41,0.44,-2.85,175.88
2025-07-28 15:10:00,2025-07-28 15:35:00,S,0.59798,0.59842,0.59842,0.59709,-1.0,sl,-0.89,0.44,-1.33,174.55
2025-07-28 15:50:00,2025-07-28 16:00:00,S,0.59798,0.59851,0.59851,0.59692,-1.0,sl,-1.06,0.44,-1.5,173.05
2025-07-28 16:20:00,2025-07-29 00:20:00,S,0.59806,0.59704,0.59883,0.59651,1.317,time,2.04,0.44,1.6,174.65
2025-07-29 15:10:00,2025-07-29 17:35:00,S,0.59447,0.59571,0.59571,0.592,-1.0,sl,-2.47,0.44,-2.91,171.74
2025-07-29 17:55:00,2025-07-29 20:15:00,S,0.59489,0.59583,0.59583,0.593,-1.0,sl,-1.89,0.44,-2.33,169.41
2025-07-30 15:10:00,2025-07-30 15:35:00,S,0.5944,0.59318,0.59501,0.59318,2.0,tp,2.45,0.44,2.01,171.42
2025-07-30 15:50:00,2025-07-30 21:45:00,S,0.59332,0.5906,0.59468,0.5906,2.0,tp,5.43,0.44,4.99,176.41
2025-07-31 15:20:00,2025-07-31 16:15:00,S,0.59047,0.58943,0.59099,0.58943,2.0,tp,2.09,0.44,1.65,178.06
2025-07-31 16:20:00,2025-08-01 00:20:00,S,0.58942,0.58878,0.5908,0.58666,0.464,time,1.28,0.44,0.84,178.9
2025-08-04 18:15:00,2025-08-05 02:15:00,S,0.59112,0.59136,0.59265,0.58807,-0.157,time,-0.48,0.44,-0.92,177.98
2025-08-05 15:35:00,2025-08-05 16:15:00,S,0.58891,0.58962,0.58962,0.58749,-1.0,sl,-1.42,0.44,-1.86,176.12
2025-08-05 16:35:00,2025-08-05 16:45:00,S,0.58985,0.5894,0.59007,0.5894,2.0,tp,0.9,0.44,0.46,176.58
2025-08-05 16:50:00,2025-08-05 17:00:00,S,0.58933,0.59008,0.59008,0.58784,-1.0,sl,-1.49,0.44,-1.93,174.65
2025-08-05 17:15:00,2025-08-05 19:30:00,S,0.58908,0.59032,0.59032,0.58661,-1.0,sl,-2.47,0.44,-2.91,171.74
2025-08-11 15:15:00,2025-08-11 23:15:00,S,0.59279,0.59368,0.59389,0.5906,-0.812,time,-1.78,0.44,-2.22,169.52
2025-08-12 16:20:00,2025-08-12 18:00:00,S,0.59285,0.5946,0.5946,0.58935,-1.0,sl,-3.5,0.44,-3.94,165.58
2025-08-13 15:05:00,2025-08-13 15:30:00,L,0.59866,0.59822,0.59822,0.59955,-1.0,sl,-0.89,0.44,-1.33,164.25
2025-08-13 15:55:00,2025-08-13 17:35:00,L,0.5978,0.5986,0.5974,0.5986,2.0,tp,1.59,0.44,1.15,165.4
2025-08-13 18:00:00,2025-08-13 18:10:00,L,0.59815,0.59767,0.59767,0.59911,-1.0,sl,-0.96,0.44,-1.4,164.0
2025-08-13 18:35:00,2025-08-13 20:10:00,L,0.59794,0.59734,0.59734,0.59913,-1.0,sl,-1.19,0.44,-1.63,162.37
2025-08-14 15:05:00,2025-08-14 15:30:00,S,0.59493,0.59428,0.59525,0.59428,2.0,tp,1.29,0.44,0.85,163.22
2025-08-14 15:35:00,2025-08-14 23:35:00,S,0.59346,0.59167,0.59522,0.58994,1.017,time,3.58,0.44,3.14,166.36
2025-08-15 15:20:00,2025-08-15 15:30:00,S,0.59262,0.59182,0.59302,0.59182,2.0,tp,1.61,0.44,1.17,167.53
2025-08-15 15:50:00,2025-08-15 16:00:00,S,0.59288,0.59333,0.59333,0.59198,-1.0,sl,-0.9,0.44,-1.34,166.19
2025-08-15 16:10:00,2025-08-15 16:15:00,S,0.59322,0.59272,0.59347,0.59272,2.0,tp,0.99,0.44,0.55,166.74
2025-08-15 16:20:00,2025-08-15 17:15:00,S,0.59274,0.59347,0.59347,0.59128,-1.0,sl,-1.46,0.44,-1.9,164.84
2025-08-15 18:15:00,2025-08-18 02:20:00,S,0.59308,0.59248,0.59389,0.59147,0.743,time,1.2,0.44,0.76,165.6
2025-08-18 15:05:00,2025-08-18 15:55:00,S,0.59359,0.59292,0.59392,0.59292,2.0,tp,1.33,0.44,0.89,166.49
2025-08-18 16:05:00,2025-08-18 17:45:00,S,0.59296,0.59146,0.59371,0.59146,2.0,tp,3.0,0.44,2.56,169.05
2025-08-18 18:35:00,2025-08-18 18:35:00,S,0.59163,0.59194,0.59194,0.59102,-1.0,sl,-0.61,0.44,-1.05,168.0
2025-08-18 19:45:00,2025-08-18 23:00:00,S,0.59211,0.59247,0.59247,0.59139,-1.0,sl,-0.72,0.44,-1.16,166.84
2025-08-19 15:10:00,2025-08-19 15:10:00,S,0.59251,0.59269,0.59269,0.59215,-1.0,sl,-0.36,0.44,-0.8,166.04
2025-08-19 15:25:00,2025-08-19 15:30:00,S,0.59266,0.59222,0.59288,0.59222,2.0,tp,0.89,0.44,0.45,166.49
2025-08-19 15:35:00,2025-08-19 18:25:00,S,0.59201,0.59026,0.59289,0.59026,2.0,tp,3.51,0.44,3.07,169.56
2025-08-19 19:20:00,2025-08-19 19:25:00,S,0.59039,0.58993,0.59062,0.58993,2.0,tp,0.93,0.44,0.49,170.05
2025-08-19 19:40:00,2025-08-20 03:40:00,S,0.58987,0.58932,0.59044,0.58873,0.963,time,1.1,0.44,0.66,170.71
2025-08-20 16:15:00,2025-08-21 00:15:00,S,0.58315,0.58188,0.58404,0.58137,1.428,time,2.54,0.44,2.1,172.81
2025-08-21 15:15:00,2025-08-21 15:30:00,S,0.58236,0.583,0.583,0.58108,-1.0,sl,-1.28,0.44,-1.72,171.09
2025-08-21 15:40:00,2025-08-21 23:40:00,S,0.58228,0.58182,0.58316,0.58051,0.521,time,0.92,0.44,0.48,171.57
2025-08-22 16:25:00,2025-08-22 16:50:00,S,0.58131,0.58158,0.58158,0.58077,-1.0,sl,-0.54,0.44,-0.98,170.59
2025-08-22 17:00:00,2025-08-22 17:00:00,S,0.58096,0.58187,0.58187,0.57914,-1.0,sl,-1.82,0.44,-2.26,168.33
2025-08-27 15:30:00,2025-08-27 16:50:00,S,0.58264,0.58298,0.58298,0.58195,-1.0,sl,-0.69,0.44,-1.13,167.2
2025-08-27 17:20:00,2025-08-27 17:50:00,S,0.58276,0.58323,0.58323,0.58182,-1.0,sl,-0.94,0.44,-1.38,165.82
2025-09-02 15:10:00,2025-09-02 15:25:00,S,0.58537,0.58429,0.58591,0.58429,2.0,tp,2.17,0.44,1.73,167.55
2025-09-02 15:50:00,2025-09-02 17:00:00,S,0.58394,0.58592,0.58592,0.57998,-1.0,sl,-3.96,0.44,-4.4,163.15
2025-09-02 17:35:00,2025-09-02 18:35:00,S,0.58663,0.58583,0.58703,0.58583,2.0,tp,1.59,0.44,1.15,164.3
2025-09-02 18:40:00,2025-09-03 02:40:00,S,0.58575,0.58612,0.58701,0.58323,-0.294,time,-0.74,0.44,-1.18,163.12
2025-09-04 15:20:00,2025-09-04 17:15:00,S,0.58563,0.58385,0.58652,0.58385,2.0,tp,3.56,0.44,3.12,166.24
2025-09-04 18:25:00,2025-09-04 21:35:00,S,0.5834,0.58407,0.58407,0.58207,-1.0,sl,-1.33,0.44,-1.77,164.47
2025-09-08 15:15:00,2025-09-08 16:00:00,L,0.59337,0.59418,0.59297,0.59418,2.0,tp,1.61,0.44,1.17,165.64
2025-09-08 16:30:00,2025-09-08 17:15:00,L,0.59409,0.59334,0.59334,0.59558,-1.0,sl,-1.49,0.44,-1.93,163.71
2025-09-08 17:25:00,2025-09-08 18:25:00,L,0.5934,0.59387,0.59316,0.59387,2.0,tp,0.95,0.44,0.51,164.22
2025-09-08 18:30:00,2025-09-08 19:30:00,L,0.59382,0.59336,0.59336,0.59474,-1.0,sl,-0.92,0.44,-1.36,162.86
2025-09-08 19:55:00,2025-09-08 20:00:00,L,0.59319,0.59293,0.59293,0.59371,-1.0,sl,-0.52,0.44,-0.96,161.9
2025-09-09 15:45:00,2025-09-09 16:05:00,L,0.59416,0.59387,0.59387,0.59473,-1.0,sl,-0.57,0.44,-1.01,160.89
2025-09-09 16:30:00,2025-09-09 17:00:00,L,0.59449,0.59378,0.59378,0.59592,-1.0,sl,-1.43,0.44,-1.87,159.02
2025-09-10 15:05:00,2025-09-10 15:30:00,L,0.59414,0.59542,0.5935,0.59542,2.0,tp,2.56,0.44,2.12,161.14
2025-09-10 15:35:00,2025-09-10 23:35:00,L,0.5953,0.59418,0.59347,0.59896,-0.612,time,-2.24,0.44,-2.68,158.46
2025-09-11 15:15:00,2025-09-11 15:20:00,L,0.59274,0.59233,0.59233,0.59356,-1.0,sl,-0.82,0.44,-1.26,157.2
2025-09-11 15:30:00,2025-09-11 15:30:00,L,0.5927,0.5921,0.5921,0.59389,-1.0,sl,-1.19,0.44,-1.63,155.57
2025-09-11 15:35:00,2025-09-11 23:35:00,L,0.59419,0.5977,0.5912,0.60016,1.175,time,7.02,0.44,6.58,162.15
2025-09-15 15:20:00,2025-09-15 17:00:00,L,0.59655,0.59581,0.59581,0.59803,-1.0,sl,-1.48,0.44,-1.92,160.23
2025-09-15 17:30:00,2025-09-15 20:50:00,L,0.59611,0.59716,0.59558,0.59716,2.0,tp,2.11,0.44,1.67,161.9
2025-09-16 15:10:00,2025-09-16 15:30:00,L,0.5975,0.59691,0.59691,0.59869,-1.0,sl,-1.19,0.44,-1.63,160.27
2025-09-16 15:50:00,2025-09-16 19:40:00,L,0.59722,0.59868,0.59649,0.59868,2.0,tp,2.92,0.44,2.48,162.75
2025-09-17 15:25:00,2025-09-17 17:50:00,L,0.59794,0.59732,0.59732,0.59919,-1.0,sl,-1.25,0.44,-1.69,161.06
2025-09-18 15:05:00,2025-09-18 16:05:00,S,0.59022,0.58881,0.59093,0.58881,2.0,tp,2.82,0.44,2.38,163.44
2025-09-18 16:15:00,2025-09-19 00:15:00,S,0.5889,0.58803,0.59028,0.58615,0.633,time,1.74,0.44,1.3,164.74
2025-09-19 15:45:00,2025-09-19 16:15:00,S,0.58565,0.58666,0.58666,0.58363,-1.0,sl,-2.02,0.44,-2.46,162.28
2025-09-19 16:25:00,2025-09-22 00:30:00,S,0.58615,0.58629,0.58673,0.58498,-0.24,time,-0.28,0.44,-0.72,161.56
2025-09-22 16:10:00,2025-09-22 16:45:00,S,0.5862,0.58546,0.58657,0.58546,2.0,tp,1.47,0.44,1.03,162.59
2025-09-22 17:05:00,2025-09-22 19:20:00,S,0.58558,0.5865,0.5865,0.58374,-1.0,sl,-1.84,0.44,-2.28,160.31
2025-09-23 16:20:00,2025-09-23 16:40:00,S,0.58634,0.58533,0.58685,0.58533,2.0,tp,2.02,0.44,1.58,161.89
2025-09-23 17:05:00,2025-09-24 01:05:00,S,0.58527,0.58593,0.58682,0.58218,-0.427,time,-1.32,0.44,-1.76,160.13
2025-09-24 15:35:00,2025-09-24 16:30:00,S,0.58339,0.58186,0.58416,0.58186,2.0,tp,3.06,0.44,2.62,162.75
2025-09-24 17:00:00,2025-09-25 01:00:00,S,0.58187,0.5815,0.58284,0.57994,0.383,time,0.74,0.44,0.3,163.05
2025-09-25 15:35:00,2025-09-25 20:05:00,S,0.57987,0.57687,0.58137,0.57687,2.0,tp,5.99,0.44,5.55,168.6
2025-09-26 15:30:00,2025-09-26 15:30:00,S,0.5763,0.57649,0.57649,0.57592,-1.0,sl,-0.38,0.44,-0.82,167.78
2025-09-26 15:40:00,2025-09-26 16:00:00,S,0.57628,0.57693,0.57693,0.57498,-1.0,sl,-1.3,0.44,-1.74,166.04
2025-09-26 16:25:00,2025-09-26 19:30:00,S,0.57645,0.57726,0.57726,0.57484,-1.0,sl,-1.61,0.44,-2.05,163.99
2025-09-26 19:40:00,2025-09-26 19:45:00,S,0.57714,0.5773,0.5773,0.57682,-1.0,sl,-0.32,0.44,-0.76,163.23
2025-09-29 16:05:00,2025-09-30 00:05:00,S,0.57835,0.5778,0.57904,0.57697,0.799,time,1.1,0.44,0.66,163.89
2025-10-02 16:05:00,2025-10-02 16:35:00,S,0.58241,0.58138,0.58292,0.58138,2.0,tp,2.06,0.44,1.62,165.51
2025-10-02 17:20:00,2025-10-03 01:20:00,S,0.58105,0.58155,0.58252,0.5781,-0.339,time,-1.0,0.44,-1.44,164.07
2025-10-07 15:05:00,2025-10-07 16:10:00,S,0.58058,0.58106,0.58106,0.57962,-1.0,sl,-0.96,0.44,-1.4,162.67
2025-10-07 16:40:00,2025-10-07 21:00:00,S,0.58107,0.57997,0.58162,0.57997,2.0,tp,2.2,0.44,1.76,164.43
2025-10-08 15:45:00,2025-10-08 16:05:00,S,0.5777,0.57809,0.57809,0.57692,-1.0,sl,-0.78,0.44,-1.22,163.21
2025-10-08 16:15:00,2025-10-08 16:15:00,S,0.57831,0.57855,0.57855,0.57784,-1.0,sl,-0.47,0.44,-0.91,162.3
2025-10-08 16:25:00,2025-10-09 00:25:00,S,0.57805,0.57807,0.57871,0.57673,-0.03,time,-0.04,0.44,-0.48,161.82
2025-10-09 15:10:00,2025-10-09 15:30:00,S,0.57766,0.57822,0.57822,0.57654,-1.0,sl,-1.12,0.44,-1.56,160.26
2025-10-09 16:05:00,2025-10-09 16:05:00,S,0.57784,0.57864,0.57864,0.57624,-1.0,sl,-1.6,0.44,-2.04,158.22
2025-10-09 16:10:00,2025-10-09 16:45:00,S,0.57789,0.57629,0.57869,0.57629,2.0,tp,3.21,0.44,2.77,160.99
2025-10-09 17:45:00,2025-10-10 01:45:00,S,0.57504,0.57464,0.57679,0.57154,0.228,time,0.8,0.44,0.36,161.35
2025-10-10 15:50:00,2025-10-10 17:35:00,S,0.57509,0.57416,0.57555,0.57416,2.0,tp,1.85,0.44,1.41,162.76
2025-10-10 17:55:00,2025-10-10 18:30:00,S,0.57425,0.57248,0.57513,0.57248,2.0,tp,3.53,0.44,3.09,165.85
2025-10-10 19:05:00,2025-10-13 00:00:00,S,0.57284,0.57411,0.57411,0.57031,-1.0,sl,-2.53,0.44,-2.97,162.88
2025-10-13 15:15:00,2025-10-13 18:20:00,S,0.57238,0.57327,0.57327,0.5706,-1.0,sl,-1.78,0.44,-2.22,160.66
2025-10-13 18:30:00,2025-10-13 19:20:00,S,0.57312,0.57333,0.57333,0.57271,-1.0,sl,-0.41,0.44,-0.85,159.81
2025-10-14 15:10:00,2025-10-14 15:15:00,S,0.56878,0.56907,0.56907,0.56819,-1.0,sl,-0.59,0.44,-1.03,158.78
2025-10-14 15:45:00,2025-10-14 16:05:00,S,0.56904,0.56935,0.56935,0.56843,-1.0,sl,-0.61,0.44,-1.05,157.73
2025-10-14 16:20:00,2025-10-14 16:25:00,S,0.56968,0.56988,0.56988,0.56929,-1.0,sl,-0.39,0.44,-0.83,156.9
2025-10-14 16:45:00,2025-10-14 17:00:00,S,0.56953,0.57001,0.57001,0.56857,-1.0,sl,-0.96,0.44,-1.4,155.5
2025-10-15 15:35:00,2025-10-15 18:25:00,S,0.57214,0.57276,0.57276,0.57089,-1.0,sl,-1.25,0.44,-1.69,153.81
2025-10-16 16:05:00,2025-10-16 21:15:00,S,0.57343,0.57213,0.57408,0.57213,2.0,tp,2.6,0.44,2.16,155.97
2025-10-17 15:05:00,2025-10-17 23:05:00,S,0.5727,0.57366,0.57427,0.56955,-0.61,time,-1.92,0.44,-2.36,153.61
2025-10-21 15:05:00,2025-10-21 15:55:00,S,0.57208,0.57251,0.57251,0.57122,-1.0,sl,-0.86,0.44,-1.3,152.31
2025-10-21 16:45:00,2025-10-21 17:10:00,S,0.57247,0.57303,0.57303,0.57134,-1.0,sl,-1.13,0.44,-1.57,150.74
2025-10-24 17:05:00,2025-10-27 00:00:00,S,0.57505,0.57621,0.57621,0.57273,-1.0,sl,-2.32,0.44,-2.76,147.98
2025-10-30 15:40:00,2025-10-30 16:00:00,S,0.57312,0.57423,0.57423,0.5709,-1.0,sl,-2.22,0.44,-2.66,145.32
2025-10-30 16:20:00,2025-10-31 00:20:00,S,0.57427,0.57401,0.57483,0.57315,0.465,time,0.52,0.44,0.08,145.4
2025-10-31 15:15:00,2025-10-31 15:50:00,S,0.57175,0.57204,0.57204,0.57116,-1.0,sl,-0.59,0.44,-1.03,144.37
2025-10-31 16:25:00,2025-10-31 16:40:00,S,0.57198,0.57279,0.57279,0.57036,-1.0,sl,-1.62,0.44,-2.06,142.31
2025-10-31 17:30:00,2025-10-31 19:20:00,S,0.57265,0.57151,0.57322,0.57151,2.0,tp,2.28,0.44,1.84,144.15
2025-10-31 19:35:00,2025-10-31 21:00:00,S,0.57175,0.57235,0.57235,0.57055,-1.0,sl,-1.2,0.44,-1.64,142.51
2025-11-03 15:40:00,2025-11-03 16:40:00,S,0.5713,0.56994,0.57198,0.56994,2.0,tp,2.71,0.44,2.27,144.78
2025-11-03 17:05:00,2025-11-03 19:15:00,S,0.5703,0.57106,0.57106,0.56878,-1.0,sl,-1.52,0.44,-1.96,142.82
2025-11-03 19:30:00,2025-11-04 00:00:00,S,0.57092,0.57038,0.57119,0.57038,2.0,tp,1.09,0.44,0.65,143.47
2025-11-04 16:25:00,2025-11-04 16:50:00,S,0.56582,0.56624,0.56624,0.56498,-1.0,sl,-0.84,0.44,-1.28,142.19
2025-11-04 17:35:00,2025-11-04 17:35:00,S,0.56648,0.56664,0.56664,0.56615,-1.0,sl,-0.33,0.44,-0.77,141.42
2025-11-04 18:05:00,2025-11-04 19:15:00,S,0.56638,0.56571,0.56671,0.56571,2.0,tp,1.33,0.44,0.89,142.31
2025-11-04 19:30:00,2025-11-04 23:45:00,S,0.56585,0.56441,0.56657,0.56441,2.0,tp,2.88,0.44,2.44,144.75
2025-11-05 15:20:00,2025-11-05 16:45:00,S,0.5643,0.56496,0.56496,0.56297,-1.0,sl,-1.33,0.44,-1.77,142.98
2025-11-05 17:00:00,2025-11-05 17:00:00,S,0.56494,0.56422,0.5653,0.56422,2.0,tp,1.44,0.44,1.0,143.98
2025-11-05 17:05:00,2025-11-05 17:25:00,S,0.56441,0.5653,0.5653,0.56263,-1.0,sl,-1.78,0.44,-2.22,141.76
2025-11-06 16:20:00,2025-11-07 00:20:00,S,0.56526,0.56345,0.567,0.56179,1.043,time,3.62,0.44,3.18,144.94
2025-11-07 16:00:00,2025-11-07 21:40:00,S,0.56212,0.56284,0.56284,0.56069,-1.0,sl,-1.43,0.44,-1.87,143.07
2025-11-10 17:05:00,2025-11-10 17:10:00,S,0.56379,0.56348,0.56394,0.56348,2.0,tp,0.61,0.44,0.17,143.24
2025-11-10 17:15:00,2025-11-10 19:40:00,S,0.56343,0.56392,0.56392,0.56244,-1.0,sl,-0.99,0.44,-1.43,141.81
2025-11-17 15:10:00,2025-11-17 19:00:00,S,0.56639,0.56731,0.56731,0.56455,-1.0,sl,-1.84,0.44,-2.28,139.53
2025-11-18 16:05:00,2025-11-18 18:00:00,S,0.5667,0.56515,0.56747,0.56515,2.0,tp,3.1,0.44,2.66,142.19
2025-11-18 18:20:00,2025-11-18 18:30:00,S,0.56545,0.56596,0.56596,0.56442,-1.0,sl,-1.03,0.44,-1.47,140.72
2025-11-18 18:50:00,2025-11-18 19:25:00,S,0.56597,0.56529,0.56631,0.56529,2.0,tp,1.36,0.44,0.92,141.64
2025-11-19 15:25:00,2025-11-19 15:55:00,S,0.56279,0.56213,0.56312,0.56213,2.0,tp,1.31,0.44,0.87,142.51
2025-11-19 16:45:00,2025-11-19 17:25:00,S,0.56209,0.56115,0.56256,0.56115,2.0,tp,1.87,0.44,1.43,143.94
2025-11-19 19:05:00,2025-11-20 00:20:00,S,0.55999,0.56057,0.56057,0.55884,-1.0,sl,-1.15,0.44,-1.59,142.35
2025-11-20 17:10:00,2025-11-20 19:35:00,S,0.56227,0.5591,0.56386,0.5591,2.0,tp,6.34,0.44,5.9,148.25
2025-11-20 19:45:00,2025-11-21 03:45:00,S,0.55904,0.55963,0.56052,0.55607,-0.398,time,-1.18,0.44,-1.62,146.63
2025-11-21 16:05:00,2025-11-21 17:35:00,S,0.56005,0.55873,0.56071,0.55873,2.0,tp,2.65,0.44,2.21,148.84
2025-11-21 17:50:00,2025-11-21 18:25:00,S,0.55946,0.56002,0.56002,0.55833,-1.0,sl,-1.13,0.44,-1.57,147.27
2025-11-24 16:05:00,2025-11-25 00:05:00,S,0.56066,0.56109,0.56131,0.55935,-0.657,time,-0.86,0.44,-1.3,145.97
2025-11-28 15:05:00,2025-11-28 16:05:00,L,0.57106,0.57221,0.57048,0.57221,2.0,tp,2.3,0.44,1.86,147.83
2025-11-28 16:10:00,2025-12-01 00:15:00,L,0.57223,0.57278,0.57101,0.57468,0.449,time,1.1,0.44,0.66,148.49
2025-12-01 15:25:00,2025-12-01 16:45:00,L,0.57438,0.57354,0.57354,0.57605,-1.0,sl,-1.67,0.44,-2.11,146.38
2025-12-01 16:55:00,2025-12-01 17:00:00,L,0.57375,0.57425,0.5735,0.57425,2.0,tp,1.0,0.44,0.56,146.94
2025-12-01 17:05:00,2025-12-01 17:30:00,L,0.57427,0.5735,0.5735,0.57581,-1.0,sl,-1.54,0.44,-1.98,144.96
2025-12-01 17:55:00,2025-12-01 20:20:00,L,0.57417,0.57325,0.57325,0.576,-1.0,sl,-1.83,0.44,-2.27,142.69
2025-12-02 15:55:00,2025-12-02 17:45:00,L,0.57281,0.5742,0.57212,0.5742,2.0,tp,2.77,0.44,2.33,145.02
2025-12-02 17:50:00,2025-12-02 18:55:00,L,0.57429,0.57245,0.57245,0.57797,-1.0,sl,-3.68,0.44,-4.12,140.9
2025-12-03 15:10:00,2025-12-03 16:00:00,L,0.5749,0.57428,0.57428,0.57615,-1.0,sl,-1.25,0.44,-1.69,139.21
2025-12-03 16:35:00,2025-12-03 20:00:00,L,0.57469,0.57738,0.57335,0.57738,2.0,tp,5.37,0.44,4.93,144.14
2025-12-04 16:05:00,2025-12-05 00:00:00,L,0.57678,0.57573,0.57573,0.57888,-1.0,sl,-2.1,0.44,-2.54,141.6
2025-12-05 15:55:00,2025-12-05 18:05:00,L,0.5782,0.57751,0.57751,0.57959,-1.0,sl,-1.39,0.44,-1.83,139.77
2025-12-05 19:05:00,2025-12-08 03:00:00,L,0.57699,0.57851,0.57623,0.57851,2.0,tp,3.03,0.44,2.59,142.36
2025-12-08 15:40:00,2025-12-08 16:50:00,L,0.57842,0.57757,0.57757,0.58011,-1.0,sl,-1.69,0.44,-2.13,140.23
2025-12-09 15:55:00,2025-12-09 16:35:00,L,0.57864,0.57792,0.57792,0.58008,-1.0,sl,-1.44,0.44,-1.88,138.35
2025-12-09 16:55:00,2025-12-09 17:00:00,L,0.57845,0.57789,0.57789,0.57958,-1.0,sl,-1.13,0.44,-1.57,136.78
2025-12-09 17:20:00,2025-12-10 00:05:00,L,0.5783,0.57722,0.57722,0.58046,-1.0,sl,-2.16,0.44,-2.6,134.18
2025-12-10 15:45:00,2025-12-10 21:00:00,L,0.57797,0.57915,0.57738,0.57915,2.0,tp,2.35,0.44,1.91,136.09
2025-12-11 15:05:00,2025-12-11 15:20:00,L,0.58123,0.58161,0.58104,0.58161,2.0,tp,0.77,0.44,0.33,136.42
2025-12-11 15:40:00,2025-12-11 21:50:00,L,0.58215,0.58102,0.58102,0.58441,-1.0,sl,-2.26,0.44,-2.7,133.72
2025-12-12 16:05:00,2025-12-12 17:00:00,L,0.58092,0.58059,0.58059,0.58158,-1.0,sl,-0.66,0.44,-1.1,132.62
2025-12-15 16:30:00,2025-12-15 19:35:00,L,0.57959,0.57883,0.57883,0.58111,-1.0,sl,-1.52,0.44,-1.96,130.66
2025-12-16 15:20:00,2025-12-16 15:30:00,L,0.5785,0.57985,0.57782,0.57985,2.0,tp,2.7,0.44,2.26,132.92
2025-12-16 15:35:00,2025-12-16 21:25:00,L,0.57951,0.57779,0.57779,0.58294,-1.0,sl,-3.43,0.44,-3.87,129.05
2025-12-17 16:25:00,2025-12-17 20:50:00,L,0.57793,0.57716,0.57716,0.57946,-1.0,sl,-1.53,0.44,-1.97,127.08
2025-12-18 15:10:00,2025-12-18 15:30:00,L,0.57653,0.57759,0.576,0.57759,2.0,tp,2.13,0.44,1.69,128.77
2025-12-18 15:35:00,2025-12-18 23:35:00,L,0.5775,0.5773,0.57597,0.58056,-0.131,time,-0.4,0.44,-0.84,127.93
2025-12-22 15:35:00,2025-12-22 16:00:00,L,0.57887,0.57855,0.57855,0.57951,-1.0,sl,-0.64,0.44,-1.08,126.85
2025-12-22 16:15:00,2025-12-23 00:15:00,L,0.579,0.57905,0.57844,0.58011,0.09,time,0.1,0.44,-0.34,126.51
2025-12-23 15:15:00,2025-12-23 15:30:00,L,0.58394,0.58365,0.58365,0.58453,-1.0,sl,-0.59,0.44,-1.03,125.48
2025-12-23 15:40:00,2025-12-23 15:50:00,L,0.58377,0.58331,0.58331,0.58469,-1.0,sl,-0.92,0.44,-1.36,124.12
2025-12-23 16:40:00,2025-12-23 21:50:00,L,0.58256,0.58392,0.58188,0.58392,2.0,tp,2.72,0.44,2.28,126.4
2025-12-24 15:15:00,2025-12-24 15:30:00,L,0.58367,0.58345,0.58345,0.58411,-1.0,sl,-0.44,0.44,-0.88,125.52
2025-12-24 15:35:00,2025-12-24 17:55:00,L,0.58367,0.58327,0.58327,0.58448,-1.0,sl,-0.81,0.44,-1.25,124.27
2025-12-26 15:05:00,2025-12-26 15:40:00,L,0.58223,0.58319,0.58175,0.58319,2.0,tp,1.92,0.44,1.48,125.75
2025-12-26 16:35:00,2025-12-26 18:10:00,L,0.58347,0.5829,0.5829,0.58461,-1.0,sl,-1.14,0.44,-1.58,124.17
2025-12-31 15:05:00,2025-12-31 17:00:00,S,0.57676,0.57566,0.57731,0.57566,2.0,tp,2.21,0.44,1.77,125.94
2025-12-31 18:00:00,2026-01-02 00:10:00,S,0.57494,0.57588,0.57588,0.57306,-1.0,sl,-1.88,0.44,-2.32,123.62
2026-01-05 17:10:00,2026-01-06 01:10:00,L,0.57719,0.57866,0.57576,0.58005,1.028,time,2.94,0.44,2.5,126.12
2026-01-06 15:15:00,2026-01-06 17:20:00,L,0.57884,0.57807,0.57807,0.58037,-1.0,sl,-1.53,0.44,-1.97,124.15
2026-01-07 15:25:00,2026-01-07 17:00:00,L,0.57891,0.57827,0.57827,0.58018,-1.0,sl,-1.27,0.44,-1.71,122.44
2026-01-08 15:35:00,2026-01-08 16:20:00,S,0.57474,0.57393,0.57514,0.57393,2.0,tp,1.61,0.44,1.17,123.61
2026-01-08 16:35:00,2026-01-08 17:10:00,S,0.57435,0.57499,0.57499,0.57307,-1.0,sl,-1.28,0.44,-1.72,121.89
2026-01-08 17:30:00,2026-01-08 17:55:00,S,0.57503,0.57535,0.57535,0.57439,-1.0,sl,-0.64,0.44,-1.08,120.81
2026-01-08 18:10:00,2026-01-09 02:10:00,S,0.5748,0.57455,0.57547,0.57346,0.373,time,0.5,0.44,0.06,120.87
2026-01-09 15:05:00,2026-01-09 15:30:00,S,0.57245,0.57286,0.57286,0.57163,-1.0,sl,-0.82,0.44,-1.26,119.61
2026-01-09 15:40:00,2026-01-09 15:40:00,S,0.57332,0.57409,0.57409,0.57179,-1.0,sl,-1.53,0.44,-1.97,117.64
2026-01-09 16:10:00,2026-01-12 00:15:00,S,0.57328,0.5726,0.57455,0.57075,0.537,time,1.36,0.44,0.92,118.56
2026-01-12 15:05:00,2026-01-12 16:30:00,L,0.57617,0.57559,0.57559,0.57733,-1.0,sl,-1.16,0.44,-1.6,116.96
2026-01-12 16:55:00,2026-01-12 17:35:00,L,0.57578,0.57634,0.5755,0.57634,2.0,tp,1.12,0.44,0.68,117.64
2026-01-12 17:40:00,2026-01-13 01:40:00,L,0.57643,0.57721,0.5755,0.57829,0.84,time,1.56,0.44,1.12,118.76
2026-01-13 16:40:00,2026-01-13 17:10:00,S,0.57629,0.57481,0.57703,0.57481,2.0,tp,2.96,0.44,2.52,121.28
2026-01-13 18:00:00,2026-01-14 02:00:00,S,0.57484,0.57361,0.57612,0.57228,0.961,time,2.46,0.44,2.02,123.3
2026-01-14 15:10:00,2026-01-14 16:00:00,S,0.57378,0.57436,0.57436,0.57261,-1.0,sl,-1.17,0.44,-1.61,121.69
2026-01-14 19:05:00,2026-01-15 03:05:00,S,0.57483,0.57417,0.57556,0.57336,0.898,time,1.32,0.44,0.88,122.57
2026-01-15 15:15:00,2026-01-15 23:15:00,S,0.57399,0.57382,0.57483,0.5723,0.202,time,0.34,0.44,-0.1,122.47
2026-01-16 17:05:00,2026-01-16 17:05:00,S,0.57553,0.5758,0.5758,0.575,-1.0,sl,-0.53,0.44,-0.97,121.5
2026-01-16 17:20:00,2026-01-16 17:40:00,S,0.57548,0.57446,0.57599,0.57446,2.0,tp,2.03,0.44,1.59,123.09
2026-01-16 18:05:00,2026-01-19 01:30:00,S,0.57488,0.57599,0.57599,0.57266,-1.0,sl,-2.22,0.44,-2.66,120.43
2026-01-19 15:05:00,2026-01-19 16:10:00,L,0.57853,0.57819,0.57819,0.5792,-1.0,sl,-0.67,0.44,-1.11,119.32
2026-01-19 16:50:00,2026-01-19 23:40:00,L,0.5786,0.58011,0.57785,0.58011,2.0,tp,3.02,0.44,2.58,121.9
2026-01-20 15:10:00,2026-01-20 15:25:00,L,0.58348,0.58317,0.58317,0.58409,-1.0,sl,-0.61,0.44,-1.05,120.85
2026-01-20 15:35:00,2026-01-20 22:00:00,L,0.58364,0.58276,0.58276,0.5854,-1.0,sl,-1.76,0.44,-2.2,118.65
2026-01-21 15:30:00,2026-01-21 15:30:00,L,0.58587,0.58569,0.58569,0.58624,-1.0,sl,-0.37,0.44,-0.81,117.84
2026-01-21 15:35:00,2026-01-21 15:50:00,L,0.58578,0.58625,0.58555,0.58625,2.0,tp,0.94,0.44,0.5,118.34
2026-01-21 16:05:00,2026-01-21 16:20:00,L,0.58603,0.58554,0.58554,0.58702,-1.0,sl,-0.99,0.44,-1.43,116.91
2026-01-21 16:35:00,2026-01-21 17:15:00,L,0.58593,0.58538,0.58538,0.58703,-1.0,sl,-1.1,0.44,-1.54,115.37
2026-01-21 17:35:00,2026-01-21 18:20:00,L,0.58527,0.58472,0.58472,0.58637,-1.0,sl,-1.1,0.44,-1.54,113.83
2026-01-21 19:05:00,2026-01-21 19:30:00,L,0.58468,0.58413,0.58413,0.58579,-1.0,sl,-1.11,0.44,-1.55,112.28
2026-01-21 19:50:00,2026-01-21 21:20:00,L,0.58405,0.58452,0.58382,0.58452,2.0,tp,0.93,0.44,0.49,112.77
2026-01-22 15:30:00,2026-01-22 18:20:00,L,0.5884,0.59018,0.58751,0.59018,2.0,tp,3.55,0.44,3.11,115.88
2026-01-22 19:10:00,2026-01-22 23:05:00,L,0.59002,0.59091,0.58957,0.59091,2.0,tp,1.79,0.44,1.35,117.23
2026-01-23 15:30:00,2026-01-23 15:50:00,L,0.5911,0.59058,0.59058,0.59214,-1.0,sl,-1.04,0.44,-1.48,115.75
2026-01-23 16:10:00,2026-01-23 17:05:00,L,0.5905,0.59145,0.59002,0.59145,2.0,tp,1.9,0.44,1.46,117.21
2026-01-23 17:40:00,2026-01-23 19:10:00,L,0.59153,0.5934,0.59059,0.5934,2.0,tp,3.74,0.44,3.3,120.51
2026-01-23 19:50:00,2026-01-23 20:15:00,L,0.59349,0.59252,0.59252,0.59544,-1.0,sl,-1.95,0.44,-2.39,118.12
2026-01-26 15:20:00,2026-01-26 16:00:00,L,0.59574,0.59656,0.59533,0.59656,2.0,tp,1.63,0.44,1.19,119.31
2026-01-26 16:10:00,2026-01-26 19:20:00,L,0.59678,0.59962,0.59536,0.59962,2.0,tp,5.68,0.44,5.24,124.55
2026-01-26 19:30:00,2026-01-26 21:30:00,L,0.59893,0.59823,0.59823,0.60032,-1.0,sl,-1.39,0.44,-1.83,122.72
2026-01-27 15:15:00,2026-01-27 17:00:00,L,0.59923,0.60065,0.59852,0.60065,2.0,tp,2.84,0.44,2.4,125.12
2026-01-27 18:00:00,2026-01-27 22:45:00,L,0.6008,0.60242,0.59999,0.60242,2.0,tp,3.24,0.44,2.8,127.92
2026-01-28 15:30:00,2026-01-28 16:20:00,L,0.60248,0.60312,0.60216,0.60312,2.0,tp,1.28,0.44,0.84,128.76
2026-01-28 16:25:00,2026-01-28 17:05:00,L,0.60329,0.60226,0.60226,0.60535,-1.0,sl,-2.06,0.44,-2.5,126.26
2026-01-28 17:35:00,2026-01-28 21:00:00,L,0.60329,0.60146,0.60146,0.60695,-1.0,sl,-3.66,0.44,-4.1,122.16
2026-01-29 15:40:00,2026-01-29 16:25:00,L,0.60724,0.60872,0.6065,0.60872,2.0,tp,2.96,0.44,2.52,124.68
2026-01-29 16:40:00,2026-01-29 17:00:00,L,0.60853,0.60669,0.60669,0.61222,-1.0,sl,-3.69,0.44,-4.13,120.55
2026-01-29 19:50:00,2026-01-30 03:10:00,L,0.60626,0.60491,0.60491,0.60896,-1.0,sl,-2.7,0.44,-3.14,117.41
2026-01-30 16:05:00,2026-01-30 17:55:00,L,0.60609,0.60477,0.60477,0.60872,-1.0,sl,-2.63,0.44,-3.07,114.34
2026-02-03 16:20:00,2026-02-03 16:20:00,L,0.60315,0.60291,0.60291,0.60364,-1.0,sl,-0.49,0.44,-0.93,113.41
2026-02-03 16:30:00,2026-02-03 16:55:00,L,0.60325,0.60283,0.60283,0.60408,-1.0,sl,-0.83,0.44,-1.27,112.14
2026-02-03 17:10:00,2026-02-03 17:50:00,L,0.60283,0.60482,0.60184,0.60482,2.0,tp,3.97,0.44,3.53,115.67
2026-02-03 18:35:00,2026-02-03 21:00:00,L,0.60479,0.6035,0.6035,0.60736,-1.0,sl,-2.57,0.44,-3.01,112.66
2026-02-06 15:25:00,2026-02-06 16:35:00,L,0.59965,0.60137,0.59879,0.60137,2.0,tp,3.43,0.44,2.99,115.65
2026-02-06 17:20:00,2026-02-09 01:25:00,L,0.60092,0.60195,0.6,0.60276,1.12,time,2.06,0.44,1.62,117.27
2026-02-09 15:25:00,2026-02-09 23:25:00,L,0.60391,0.60545,0.60259,0.60656,1.164,time,3.08,0.44,2.64,119.91
2026-02-10 15:15:00,2026-02-10 16:15:00,L,0.60429,0.60548,0.60369,0.60548,2.0,tp,2.39,0.44,1.95,121.86
2026-02-10 16:40:00,2026-02-10 16:45:00,L,0.60525,0.60451,0.60451,0.60674,-1.0,sl,-1.49,0.44,-1.93,119.93
2026-02-10 16:55:00,2026-02-10 17:30:00,L,0.60518,0.60443,0.60443,0.60668,-1.0,sl,-1.5,0.44,-1.94,117.99
2026-02-10 17:50:00,2026-02-10 19:00:00,L,0.60514,0.60416,0.60416,0.6071,-1.0,sl,-1.96,0.44,-2.4,115.59
2026-02-10 19:20:00,2026-02-10 20:05:00,L,0.60467,0.60412,0.60412,0.60578,-1.0,sl,-1.11,0.44,-1.55,114.04
2026-02-11 16:05:00,2026-02-12 00:05:00,L,0.60577,0.60418,0.60226,0.6128,-0.453,time,-3.18,0.44,-3.62,110.42
2026-02-12 15:20:00,2026-02-12 16:10:00,L,0.6064,0.60746,0.60587,0.60746,2.0,tp,2.12,0.44,1.68,112.1
2026-02-12 16:15:00,2026-02-12 16:55:00,L,0.607,0.60601,0.60601,0.60898,-1.0,sl,-1.98,0.44,-2.42,109.68
2026-02-12 17:15:00,2026-02-12 18:10:00,L,0.6065,0.60572,0.60572,0.60805,-1.0,sl,-1.55,0.44,-1.99,107.69
