entry_time,exit_time,side,entry,sl,tp,exit,qty,pnl,balance_after,result,exit_minus_entry,cumulative_pnl
2025-06-07 12:10:00+00:00,2025-06-07 15:00:00+00:00,buy,405.72999999999996,403.0,408.4599999999999,408.4599999999999,36.63003663003715,100.0,10100.0,win,2.7299999999999613,100.0
2025-06-07 15:10:00+00:00,2025-06-07 16:30:00+00:00,buy,409.22999999999996,405.81,412.6499999999999,405.81,29.53216374269041,-101.0,9999.0,loss,-3.419999999999959,-1.0
2025-06-07 16:55:00+00:00,2025-06-07 21:45:00+00:00,buy,408.65999999999997,405.57000000000005,411.7499999999999,405.57000000000005,32.359223300971735,-99.99000000000001,9899.01,loss,-3.089999999999918,-100.99000000000001
2025-06-08 00:20:00+00:00,2025-06-08 00:50:00+00:00,buy,406.25,405.40000000000003,407.09999999999997,407.09999999999997,116.45894117647526,98.9901,9998.000100000001,win,0.8499999999999659,-1.999900000000011
2025-06-08 01:00:00+00:00,2025-06-08 03:30:00+00:00,buy,408.25,405.86,410.64,410.64,41.83263640167389,99.98000100000002,10097.980101000001,win,2.3899999999999864,97.980101
2025-06-08 04:55:00+00:00,2025-06-08 06:25:00+00:00,buy,409.34,408.1,410.5799999999999,408.1,81.43532339516445,-100.97980101000002,9997.00029999,loss,-1.2399999999999523,-2.999700010000012
2025-06-08 11:40:00+00:00,2025-06-08 12:25:00+00:00,buy,408.98999999999995,407.58000000000004,410.39999999999986,407.58000000000004,70.90071134745126,-99.97000299989999,9897.0302969901,loss,-1.4099999999999113,-102.9697030099
2025-06-08 12:50:00+00:00,2025-06-08 13:35:00+00:00,buy,409.09999999999997,406.79,411.4099999999999,411.4099999999999,42.84428699995816,98.970302969901,9996.000599960002,win,2.3099999999999454,-3.999400039999003
2025-06-08 14:00:00+00:00,2025-06-08 15:50:00+00:00,buy,411.71,408.27000000000004,415.1499999999999,415.1499999999999,29.058141278953993,99.96000599960001,10095.9606059596,win,3.439999999999941,95.96060595960101
2025-06-08 16:00:00+00:00,2025-06-08 16:20:00+00:00,buy,415.5,412.59000000000003,418.40999999999997,412.59000000000003,34.69402270089248,-100.95960605959601,9995.000999900005,loss,-2.909999999999968,-4.999000099995001
2025-06-08 17:50:00+00:00,2025-06-08 19:45:00+00:00,buy,415.75,412.88000000000005,418.61999999999995,418.61999999999995,34.82578745609821,99.95000999900005,10094.951009899005,win,2.8699999999999477,94.95100989900504
2025-06-09 05:05:00+00:00,2025-06-09 05:10:00+00:00,buy,413.59999999999997,412.17,415.0299999999999,415.0299999999999,70.59406300628922,100.94951009899005,10195.900519997995,win,1.42999999999995,195.9005199979951
2025-06-09 05:20:00+00:00,2025-06-09 06:20:00+00:00,buy,415.7,412.17,419.22999999999996,412.17,28.883570878181512,-101.95900519997996,10093.941514798014,loss,-3.5299999999999727,93.94151479801515
2025-06-09 07:55:00+00:00,2025-06-09 08:00:00+00:00,buy,413.44,412.36,414.52,412.36,93.46242143331632,-100.93941514798014,9993.002099650033,loss,-1.079999999999984,-6.997900349964993
2025-06-09 08:15:00+00:00,2025-06-09 08:30:00+00:00,buy,413.47999999999996,411.75,415.2099999999999,411.75,57.7630179170535,-99.93002099650033,9893.072078653533,loss,-1.7299999999999613,-106.92792134646533
2025-06-09 09:35:00+00:00,2025-06-09 09:50:00+00:00,buy,413.98999999999995,411.32000000000005,416.65999999999985,416.65999999999985,37.05270441443407,98.93072078653533,9992.002799440068,win,2.6699999999999022,-7.997200559929993
2025-06-09 11:05:00+00:00,2025-06-09 11:10:00+00:00,buy,415.44,414.16,416.71999999999997,416.71999999999997,78.0625218706272,99.92002799440068,10091.922827434468,win,1.2799999999999727,91.92282743447069
2025-06-09 12:25:00+00:00,2025-06-09 13:05:00+00:00,buy,417.21999999999997,415.76000000000005,418.6799999999999,418.6799999999999,69.12275909202056,100.91922827434468,10192.842055708812,win,1.4599999999999227,192.84205570881537
2025-06-09 13:15:00+00:00,2025-06-09 13:20:00+00:00,buy,418.95,416.86,421.03999999999996,421.03999999999996,48.76957921391834,101.92842055708812,10294.7704762659,win,2.089999999999975,294.7704762659035
2025-06-09 14:35:00+00:00,2025-06-09 15:00:00+00:00,buy,419.95,418.06,421.84,418.06,54.46968505960833,-102.947704762659,10191.82277150324,loss,-1.8899999999999864,191.8227715032445
2025-06-09 17:20:00+00:00,2025-06-09 19:20:00+00:00,buy,417.53,415.55,419.50999999999993,419.50999999999993,51.47385238133051,101.91822771503242,10293.740999218273,win,1.9799999999999613,293.7409992182769
2025-06-09 19:50:00+00:00,2025-06-09 20:15:00+00:00,buy,420.08,416.89000000000004,423.2699999999999,423.2699999999999,32.268780561813365,102.93740999218272,10396.678409210455,win,3.189999999999941,396.6784092104596
2025-06-09 20:40:00+00:00,2025-06-10 01:00:00+00:00,buy,423.41999999999996,419.6,427.2399999999999,427.2399999999999,27.216435626205836,103.96678409210456,10500.64519330256,win,3.8199999999999363,500.64519330256417
2025-06-10 01:15:00+00:00,2025-06-10 03:00:00+00:00,buy,427.64,422.70000000000005,432.5799999999999,422.70000000000005,21.256366788062117,-105.0064519330256,10395.638741369534,loss,-4.939999999999941,395.6387413695386
2025-06-10 03:35:00+00:00,2025-06-10 06:35:00+00:00,buy,425.41999999999996,422.48,428.3599999999999,422.48,35.35931544683586,-103.95638741369532,10291.682353955839,loss,-2.939999999999941,291.68235395584327
2025-06-10 08:55:00+00:00,2025-06-10 09:00:00+00:00,buy,422.14,420.28000000000003,423.99999999999994,420.28000000000003,55.331625558903646,-102.9168235395584,10188.76553041628,loss,-1.8599999999999568,188.7655304162849
2025-06-10 13:35:00+00:00,2025-06-10 14:15:00+00:00,buy,422.76,420.57000000000005,424.94999999999993,424.94999999999993,46.52404351788382,101.8876553041628,10290.653185720443,win,2.189999999999941,290.6531857204477
2025-06-10 14:25:00+00:00,2025-06-10 14:30:00+00:00,buy,425.4,422.55,428.24999999999994,428.24999999999994,36.107555037616024,102.90653185720444,10393.559717577647,win,2.849999999999966,393.5597175776521
2025-06-10 14:40:00+00:00,2025-06-10 22:05:00+00:00,buy,429.02,422.79,435.24999999999994,435.24999999999994,16.683081408631963,103.9355971757765,10497.495314753423,win,6.229999999999961,497.4953147534286
2025-06-10 22:35:00+00:00,2025-06-11 00:25:00+00:00,buy,435.73999999999995,431.33000000000004,440.14999999999986,440.14999999999986,23.803844251142028,104.97495314753424,10602.470267900957,win,4.409999999999911,602.4702679009629
2025-06-11 01:15:00+00:00,2025-06-11 22:05:00+00:00,buy,442.17999999999995,433.43,450.9299999999999,433.43,12.117108877601174,-106.02470267900958,10496.445565221948,loss,-8.749999999999943,496.4455652219533
2025-06-11 23:05:00+00:00,2025-06-11 23:15:00+00:00,sell,427.83000000000004,430.02,425.6400000000001,430.02,47.92897518366316,-104.9644556522195,10391.481109569728,loss,2.189999999999941,391.4811095697338
2025-06-11 23:50:00+00:00,2025-06-12 00:35:00+00:00,sell,425.73,430.11999999999995,421.3400000000001,421.3400000000001,23.67079979400887,103.91481109569727,10495.395920665425,win,-4.3899999999999295,495.39592066543105
2025-06-12 03:30:00+00:00,2025-06-12 06:40:00+00:00,sell,426.5,428.84,424.16,428.84,44.8521193190835,-104.95395920665426,10390.441961458771,loss,2.339999999999975,390.4419614587768
2025-06-12 09:05:00+00:00,2025-06-12 12:15:00+00:00,sell,429.40000000000003,431.63,427.1700000000001,431.63,46.59391014107153,-103.90441961458771,10286.537541844184,loss,2.2299999999999613,286.5375418441891
2025-06-12 12:25:00+00:00,2025-06-12 12:30:00+00:00,sell,429.96000000000004,432.32,427.6000000000001,427.6000000000001,43.58702348239141,102.86537541844184,10389.402917262625,win,-2.359999999999957,389.4029172626309
2025-06-12 13:15:00+00:00,2025-06-12 19:20:00+00:00,sell,425.34000000000003,435.22999999999996,415.4500000000001,435.22999999999996,10.504957449203943,-103.89402917262625,10285.508888089998,loss,9.88999999999993,285.5088880900047
2025-06-12 20:05:00+00:00,2025-06-12 20:50:00+00:00,buy,437.46,434.54,440.37999999999994,440.37999999999994,35.22434550715802,102.85508888089997,10388.363976970899,win,2.919999999999959,388.3639769709047
2025-06-12 23:10:00+00:00,2025-06-12 23:45:00+00:00,sell,429.49,434.66999999999996,424.31000000000006,424.31000000000006,20.054756712299227,103.88363976970899,10492.247616740608,win,-5.17999999999995,492.2476167406137
2025-06-12 23:55:00+00:00,2025-06-13 00:30:00+00:00,sell,423.35,430.19,416.51000000000005,430.19,15.33954329932843,-104.92247616740607,10387.3251405732,loss,6.839999999999975,387.3251405732076
2025-06-13 00:55:00+00:00,2025-06-13 03:00:00+00:00,sell,425.78000000000003,430.29999999999995,421.2600000000001,421.2600000000001,22.98080783312693,103.873251405732,10491.198391978933,win,-4.519999999999925,491.1983919789396
2025-06-13 03:10:00+00:00,2025-06-13 03:30:00+00:00,sell,415.44000000000005,424.77,406.1100000000001,406.1100000000001,11.244585629130777,104.91198391978932,10596.110375898723,win,-9.329999999999927,596.1103758987289
2025-06-13 04:00:00+00:00,2025-06-13 09:55:00+00:00,sell,404.02000000000004,416.03,392.0100000000001,416.03,8.822739696834956,-105.96110375898725,10490.149272139735,loss,12.009999999999934,490.14927213974164
2025-06-13 11:30:00+00:00,2025-06-13 14:55:00+00:00,sell,412.90000000000003,415.72999999999996,410.0700000000001,415.72999999999996,37.067665272579525,-104.90149272139736,10385.247779418338,loss,2.8299999999999272,385.2477794183443
2025-06-13 19:10:00+00:00,2025-06-13 19:50:00+00:00,buy,423.96999999999997,421.92,426.0199999999999,426.0199999999999,50.659745265456436,103.85247779418339,10489.100257212522,win,2.0499999999999545,489.1002572125277
2025-06-13 20:00:00+00:00,2025-06-14 02:05:00+00:00,buy,430.84999999999997,422.58000000000004,439.1199999999999,439.1199999999999,12.683313491188171,104.89100257212522,10593.991259784647,win,8.269999999999925,593.9912597846529
2025-06-14 02:15:00+00:00,2025-06-14 08:20:00+00:00,buy,448.78999999999996,435.82000000000005,461.7599999999999,435.82000000000005,8.168073446248819,-105.93991259784647,10488.0513471868,loss,-12.969999999999914,488.0513471868064
2025-06-14 20:05:00+00:00,2025-06-14 23:10:00+00:00,sell,424.48,428.67999999999995,420.2800000000001,420.2800000000001,24.971550826635642,104.880513471868,10592.931860658668,win,-4.199999999999932,592.9318606586744
2025-06-15 02:10:00+00:00,2025-06-15 03:05:00+00:00,sell,429.93,431.96,427.90000000000003,431.96,52.18193034807295,-105.92931860658668,10487.002542052081,loss,2.0299999999999727,487.00254205208773
2025-06-15 05:05:00+00:00,2025-06-15 05:10:00+00:00,buy,434.59,432.92,436.25999999999993,436.25999999999993,62.79642240749904,104.87002542052082,10591.872567472603,win,1.669999999999959,591.8725674726086
2025-06-15 06:25:00+00:00,2025-06-15 07:40:00+00:00,buy,436.03999999999996,433.92,438.1599999999999,438.1599999999999,49.96166305411729,105.91872567472603,10697.79129314733,win,2.1199999999999477,697.7912931473346
2025-06-15 07:50:00+00:00,2025-06-15 08:20:00+00:00,buy,438.23999999999995,435.85,440.6299999999999,440.6299999999999,44.76063302572236,106.9779129314733,10804.769206078803,win,2.3899999999999295,804.7692060788079
2025-06-15 08:30:00+00:00,2025-06-15 08:45:00+00:00,buy,442.21999999999997,438.40000000000003,446.0399999999999,446.0399999999999,28.284736141568022,108.04769206078804,10912.816898139592,win,3.8199999999999363,912.8168981395959
2025-06-15 08:55:00+00:00,2025-06-15 09:45:00+00:00,buy,449.29999999999995,441.16,457.4399999999999,441.16,13.40640896577357,-109.12816898139592,10803.688729158195,loss,-8.13999999999993,803.6887291582
2025-06-15 13:10:00+00:00,2025-06-15 13:35:00+00:00,buy,437.9,435.74,440.05999999999995,440.05999999999995,50.017077449807196,108.03688729158195,10911.725616449778,win,2.159999999999968,911.7256164497819
2025-06-15 13:45:00+00:00,2025-06-15 13:50:00+00:00,buy,440.15999999999997,437.5,442.81999999999994,442.81999999999994,41.02152487387183,109.11725616449777,11020.842872614276,win,2.659999999999968,1020.8428726142797
2025-06-15 14:20:00+00:00,2025-06-15 15:45:00+00:00,buy,442.90999999999997,438.16,447.6599999999999,447.6599999999999,23.20177446866191,110.20842872614276,11131.051301340418,win,4.749999999999943,1131.0513013404225
2025-06-15 15:55:00+00:00,2025-06-15 16:25:00+00:00,buy,449.16999999999996,441.04,457.2999999999999,457.2999999999999,13.691330013948956,111.31051301340418,11242.361814353822,win,8.129999999999939,1242.3618143538267
2025-06-15 17:40:00+00:00,2025-06-15 17:45:00+00:00,buy,453.58,450.17,456.98999999999995,456.98999999999995,32.968802974644944,112.4236181435382,11354.785432497361,win,3.409999999999968,1354.785432497365
2025-06-15 17:55:00+00:00,2025-06-15 22:10:00+00:00,buy,458.55999999999995,450.17,466.9499999999999,466.9499999999999,13.533713268769317,113.54785432497361,11468.333286822335,win,8.38999999999993,1468.3332868223386
2025-06-16 00:20:00+00:00,2025-06-16 00:30:00+00:00,buy,461.96,458.75,465.16999999999996,458.75,35.72689497452464,-114.68333286822336,11353.649953954111,loss,-3.2099999999999795,1353.6499539541153
2025-06-16 01:00:00+00:00,2025-06-16 03:30:00+00:00,buy,462.57,457.27000000000004,467.86999999999995,457.27000000000004,21.42198104519662,-113.53649953954111,11240.11345441457,loss,-5.2999999999999545,1240.113454414574
2025-06-16 04:45:00+00:00,2025-06-16 05:00:00+00:00,buy,456.32,452.87,459.77,459.77,32.58003899830321,112.4011345441457,11352.514588958715,win,3.4499999999999886,1352.5145889587197
2025-06-16 05:10:00+00:00,2025-06-16 05:50:00+00:00,buy,460.39,455.21000000000004,465.56999999999994,455.21000000000004,21.916051330036343,-113.52514588958717,11238.989443069127,loss,-5.17999999999995,1238.9894430691327
2025-06-16 08:25:00+00:00,2025-06-16 12:35:00+00:00,buy,454.91999999999996,451.99,457.8499999999999,451.99,38.35832574426389,-112.38989443069127,11126.599548638436,loss,-2.92999999999995,1126.5995486384413
2025-06-16 16:30:00+00:00,2025-06-16 16:35:00+00:00,buy,452.30999999999995,450.53000000000003,454.08999999999986,454.08999999999986,62.50898622830878,111.26599548638437,11237.865544124821,win,1.7799999999999159,1237.8655441248256
2025-06-16 17:35:00+00:00,2025-06-19 22:00:00+00:00,buy,472.75,450.27000000000004,495.22999999999996,495.22999999999996,4.999050508952331,112.37865544124821,11350.24419956607,win,22.47999999999996,1350.2441995660738
2025-06-19 22:30:00+00:00,2025-06-20 00:40:00+00:00,buy,495.59,490.5,500.67999999999995,490.5,22.299104517811642,-113.5024419956607,11236.74175757041,loss,-5.089999999999975,1236.741757570413
2025-06-20 01:15:00+00:00,2025-06-20 01:20:00+00:00,buy,494.57,488.1,501.03999999999996,501.03999999999996,17.367452484652954,112.3674175757041,11349.109175146114,win,6.46999999999997,1349.1091751461172
2025-06-20 04:45:00+00:00,2025-06-20 04:50:00+00:00,buy,495.64,492.68,498.59999999999997,498.59999999999997,38.34158505116957,113.49109175146113,11462.600266897574,win,2.9599999999999795,1462.6002668975784
2025-06-20 07:10:00+00:00,2025-06-20 08:25:00+00:00,buy,492.21,488.38000000000005,496.0399999999999,488.38000000000005,29.928460226887186,-114.62600266897574,11347.974264228598,loss,-3.8299999999999272,1347.9742642286026
2025-06-20 08:35:00+00:00,2025-06-20 10:05:00+00:00,buy,490.71999999999997,488.28000000000003,493.1599999999999,488.28000000000003,46.50809124683965,-113.47974264228598,11234.494521586312,loss,-2.439999999999941,1234.4945215863165
2025-06-20 10:20:00+00:00,2025-06-20 13:45:00+00:00,buy,491.14,485.78000000000003,496.49999999999994,485.78000000000003,20.959877838780603,-112.34494521586312,11122.149576370448,loss,-5.359999999999957,1122.1495763704534
2025-06-20 23:15:00+00:00,2025-06-20 23:25:00+00:00,sell,477.49,479.48999999999995,475.49000000000007,479.48999999999995,55.61074788185382,-111.22149576370448,11010.928080606744,loss,1.9999999999999432,1010.9280806067488
2025-06-21 00:40:00+00:00,2025-06-21 00:55:00+00:00,sell,477.95000000000005,479.92999999999995,475.97000000000014,475.97000000000014,55.61074788185492,110.10928080606743,11121.037361412811,win,-1.9799999999999045,1121.0373614128162
2025-06-21 01:05:00+00:00,2025-06-21 01:40:00+00:00,sell,475.83000000000004,478.77,472.8900000000001,472.8900000000001,37.826657691881074,111.21037361412812,11232.24773502694,win,-2.939999999999941,1232.2477350269442
2025-06-21 03:05:00+00:00,2025-06-21 03:20:00+00:00,sell,471.25,473.71999999999997,468.78000000000003,468.78000000000003,45.47468718634443,112.32247735026941,11344.57021237721,win,-2.4699999999999704,1344.5702123772135
2025-06-21 04:00:00+00:00,2025-06-21 05:30:00+00:00,sell,467.83000000000004,472.34999999999997,463.3100000000001,463.3100000000001,25.098606664551763,113.44570212377208,11458.015914500982,win,-4.519999999999925,1458.0159145009854
2025-06-21 08:55:00+00:00,2025-06-21 09:05:00+00:00,sell,469.27000000000004,471.54999999999995,466.9900000000001,471.54999999999995,50.25445576535704,-114.58015914500982,11343.435755355973,loss,2.279999999999916,1343.4357553559757
2025-06-21 10:20:00+00:00,2025-06-21 11:45:00+00:00,sell,469.58000000000004,473.54999999999995,465.6100000000001,465.6100000000001,28.572886033642874,113.43435755355974,11456.870112909533,win,-3.9699999999999136,1456.8701129095355
2025-06-21 12:00:00+00:00,2025-06-21 13:20:00+00:00,sell,465.13000000000005,468.26,462.0000000000001,468.26,36.60341889108549,-114.56870112909533,11342.301411780438,loss,3.1299999999999386,1342.30141178044
2025-06-21 15:30:00+00:00,2025-06-21 15:55:00+00:00,sell,469.49,471.80999999999995,467.1700000000001,471.80999999999995,48.88923022319289,-113.42301411780439,11228.878397662633,loss,2.3199999999999363,1228.8783976626357
2025-06-21 16:45:00+00:00,2025-06-21 19:30:00+00:00,sell,469.19000000000005,472.88,465.5000000000001,472.88,30.430564763313857,-112.28878397662633,11116.589613686006,loss,3.689999999999941,1116.5896136860094
2025-06-21 22:25:00+00:00,2025-06-22 00:00:00+00:00,sell,469.84000000000003,475.96,463.7200000000001,475.96,18.16436211386618,-111.16589613686007,11005.423717549147,loss,6.119999999999948,1005.4237175491494
2025-06-22 00:20:00+00:00,2025-06-22 00:30:00+00:00,sell,471.68,476.15,467.21000000000004,467.21000000000004,24.620634714875216,110.0542371754915,11115.477954724638,win,-4.46999999999997,1115.4779547246408
2025-06-22 01:00:00+00:00,2025-06-22 17:20:00+00:00,sell,460.90000000000003,474.60999999999996,447.1900000000001,447.1900000000001,8.107569624160977,111.15477954724636,11226.632734271885,win,-13.709999999999923,1226.632734271887
2025-06-22 18:40:00+00:00,2025-06-22 18:55:00+00:00,sell,449.3,454.15999999999997,444.44000000000005,444.44000000000005,23.100067354469104,112.26632734271885,11338.899061614604,win,-4.859999999999957,1338.899061614606
2025-06-22 19:05:00+00:00,2025-06-22 19:55:00+00:00,sell,442.91,451.01,434.81000000000006,451.01,13.998640816808212,-113.38899061614605,11225.510070998458,loss,8.099999999999966,1225.51007099846
2025-06-22 21:10:00+00:00,2025-06-22 21:30:00+00:00,sell,449.72,452.44,447.00000000000006,447.00000000000006,41.27025761396537,112.25510070998459,11337.765171708443,win,-2.7199999999999704,1337.7651717084445
2025-06-22 21:45:00+00:00,2025-06-22 23:05:00+00:00,sell,446.06,450.19,441.93,441.93,27.452215912127013,113.37765171708443,11451.142823425527,win,-4.1299999999999955,1451.142823425529
2025-06-22 23:15:00+00:00,2025-06-23 00:15:00+00:00,sell,437.83000000000004,445.03,430.6300000000001,445.03,15.904365032535607,-114.51142823425528,11336.631395191273,loss,7.199999999999932,1336.631395191274
2025-06-23 02:10:00+00:00,2025-06-23 03:55:00+00:00,sell,453.57000000000005,457.29999999999995,449.84000000000015,449.84000000000015,30.393113660031002,113.36631395191273,11449.997709143185,win,-3.7299999999999045,1449.9977091431865
2025-06-23 04:05:00+00:00,2025-06-23 08:45:00+00:00,sell,449.23,454.38,444.08000000000004,454.38,22.2330052604723,-114.49997709143184,11335.497732051754,loss,5.149999999999977,1335.4977320517546
2025-06-23 09:35:00+00:00,2025-06-23 15:40:00+00:00,sell,452.45000000000005,456.22999999999996,448.67000000000013,456.22999999999996,29.98808923823282,-113.35497732051753,11222.142754731236,loss,3.779999999999916,1222.1427547312371
2025-06-23 17:50:00+00:00,2025-06-23 19:20:00+00:00,sell,447.89000000000004,455.78,440.0000000000001,440.0000000000001,14.223248104855939,112.22142754731236,11334.364182278548,win,-7.8899999999999295,1334.3641822785494
2025-06-23 19:30:00+00:00,2025-06-23 20:10:00+00:00,sell,439.59000000000003,444.17999999999995,435.0000000000001,444.17999999999995,24.69360388296024,-113.34364182278547,11221.020540455764,loss,4.589999999999918,1221.020540455764
2025-06-24 01:05:00+00:00,2025-06-24 01:10:00+00:00,buy,453.41999999999996,451.93,454.9099999999999,454.9099999999999,75.308862687625,112.21020540455764,11333.23074586032,win,1.4899999999999523,1333.2307458603216
2025-06-24 01:20:00+00:00,2025-06-24 18:15:00+00:00,buy,462.64,451.93,473.34999999999997,451.93,10.581914795387808,-113.33230745860321,11219.898438401719,loss,-10.70999999999998,1219.8984384017183
2025-06-24 21:10:00+00:00,2025-06-24 22:20:00+00:00,sell,449.03000000000003,451.80999999999995,446.2500000000001,451.80999999999995,40.359346900726834,-112.19898438401721,11107.699454017702,loss,2.779999999999916,1107.699454017701
2025-06-25 00:55:00+00:00,2025-06-25 03:10:00+00:00,sell,451.97,454.21999999999997,449.7200000000001,454.21999999999997,49.367553128968815,-111.07699454017703,10996.622459477525,loss,2.249999999999943,996.6224594775241
2025-06-25 04:05:00+00:00,2025-06-25 04:10:00+00:00,buy,463.73999999999995,453.96000000000004,473.51999999999987,473.51999999999987,11.243990244864642,109.96622459477526,11106.5886840723,win,9.779999999999916,1106.5886840722994
2025-06-25 07:20:00+00:00,2025-06-25 07:35:00+00:00,buy,472.83,469.8,475.85999999999996,469.8,36.65540819825875,-111.06588684072301,10995.522797231577,loss,-3.0299999999999727,995.5227972315764
2025-06-25 09:05:00+00:00,2025-06-25 09:35:00+00:00,buy,473.09999999999997,467.5,478.69999999999993,478.69999999999993,19.63486213791365,109.95522797231577,11105.478025203893,win,5.599999999999966,1105.4780252038922
2025-06-25 10:05:00+00:00,2025-06-25 12:40:00+00:00,buy,479.32,475.11,483.53,475.11,26.378807660816975,-111.05478025203892,10994.423244951853,loss,-4.2099999999999795,994.4232449518533
2025-06-25 13:55:00+00:00,2025-06-25 14:05:00+00:00,buy,479.28,476.46000000000004,482.0999999999999,476.46000000000004,38.987316471461355,-109.94423244951854,10884.479012502334,loss,-2.8199999999999363,884.4790125023349
2025-06-25 15:05:00+00:00,2025-06-25 15:50:00+00:00,buy,479.4,476.29,482.50999999999993,476.29,34.99832479904336,-108.84479012502334,10775.63422237731,loss,-3.109999999999957,775.6342223773115
2025-06-25 16:20:00+00:00,2025-06-25 17:15:00+00:00,buy,479.21999999999997,476.15000000000003,482.2899999999999,476.15000000000003,35.09978574064343,-107.7563422237731,10667.877880153537,loss,-3.0699999999999363,667.8778801535384
2025-06-25 17:35:00+00:00,2025-06-25 23:10:00+00:00,buy,480.10999999999996,474.34000000000003,485.8799999999999,485.8799999999999,18.488523189174483,106.67877880153537,10774.556658955073,win,5.769999999999925,774.5566589550738
2025-06-25 23:20:00+00:00,2025-06-26 00:00:00+00:00,buy,486.17999999999995,483.41,488.9499999999999,488.9499999999999,38.89731645832262,107.74556658955075,10882.302225544623,win,2.769999999999925,882.3022255446245
2025-06-26 00:10:00+00:00,2025-06-26 00:30:00+00:00,buy,491.27,485.92,496.61999999999995,485.92,20.340751823448024,-108.82302225544623,10773.479203289176,loss,-5.349999999999966,773.4792032891783
2025-06-26 03:05:00+00:00,2025-06-26 03:10:00+00:00,buy,482.39,479.6,485.17999999999995,485.17999999999995,38.61462080032013,107.73479203289176,10881.213995322069,win,2.7899999999999636,881.21399532207
2025-06-26 04:25:00+00:00,2025-06-26 06:55:00+00:00,buy,483.59,480.49,486.68999999999994,486.68999999999994,35.100690307490936,108.81213995322071,10990.02613527529,win,3.099999999999966,990.0261352752907
2025-06-26 07:20:00+00:00,2025-06-26 07:55:00+00:00,buy,489.65,484.61,494.68999999999994,494.68999999999994,21.805607411260652,109.90026135275289,11099.926396628043,win,5.039999999999964,1099.9263966280437
2025-06-26 08:15:00+00:00,2025-06-26 09:05:00+00:00,buy,495.02,489.70000000000005,500.3399999999999,500.3399999999999,20.864523301932664,110.99926396628044,11210.925660594323,win,5.319999999999936,1210.9256605943242
2025-06-26 09:15:00+00:00,2025-06-26 10:40:00+00:00,buy,500.65999999999997,496.55,504.7699999999999,504.7699999999999,27.277191388307642,112.10925660594323,11323.034917200266,win,4.109999999999957,1323.0349172002675
2025-06-26 11:55:00+00:00,2025-06-26 12:05:00+00:00,buy,502.23999999999995,500.0,504.4799999999999,500.0,50.549263023216554,-113.23034917200266,11209.804568028263,loss,-2.2399999999999523,1209.8045680282648
2025-06-26 15:30:00+00:00,2025-06-26 16:10:00+00:00,buy,494.83,492.52000000000004,497.13999999999993,492.52000000000004,48.527292502288006,-112.09804568028265,11097.70652234798,loss,-2.3099999999999454,1097.7065223479822
2025-06-26 17:30:00+00:00,2025-06-26 18:30:00+00:00,buy,491.72999999999996,488.6,494.8599999999999,488.6,35.45593138130415,-110.9770652234798,10986.7294571245,loss,-3.1299999999999386,986.7294571245023
2025-06-26 20:00:00+00:00,2025-06-26 21:30:00+00:00,buy,491.91999999999996,489.27000000000004,494.5699999999999,489.27000000000004,41.45935644198049,-109.867294571245,10876.862162553256,loss,-2.6499999999999204,876.8621625532573
2025-06-26 23:05:00+00:00,2025-06-26 23:10:00+00:00,buy,491.26,489.94000000000005,492.5799999999999,492.5799999999999,82.40047092843773,108.76862162553256,10985.63078417879,win,1.3199999999999363,985.6307841787899
2025-06-26 23:20:00+00:00,2025-06-27 00:20:00+00:00,buy,492.60999999999996,489.94000000000005,495.27999999999986,489.94000000000005,41.14468458494079,-109.8563078417879,10875.774476337001,loss,-2.6699999999999022,875.7744763370019
2025-06-27 06:05:00+00:00,2025-06-27 06:20:00+00:00,buy,491.73999999999995,489.17,494.3099999999999,494.3099999999999,42.31818862388043,108.75774476337001,10984.532221100371,win,2.5699999999999363,984.532221100372
2025-06-27 06:30:00+00:00,2025-06-27 08:00:00+00:00,buy,494.77,491.49,498.04999999999995,491.49,33.489427503355074,-109.84532221100373,10874.686898889368,loss,-3.2799999999999727,874.6868988893683
2025-06-27 09:15:00+00:00,2025-06-27 09:35:00+00:00,buy,492.51,491.03000000000003,493.98999999999995,493.98999999999995,73.47761418168683,108.74686898889367,10983.433767878261,win,1.4799999999999613,983.433767878262
2025-06-27 09:45:00+00:00,2025-06-27 09:55:00+00:00,buy,495.44,492.06,498.82,498.82,32.495366177154665,109.83433767878262,11093.268105557045,win,3.3799999999999955,1093.2681055570447
2025-06-27 10:05:00+00:00,2025-06-27 13:10:00+00:00,buy,500.66999999999996,493.77000000000004,507.5699999999999,493.77000000000004,16.077200152981412,-110.93268105557047,10982.335424501474,loss,-6.89999999999992,982.3354245014742
2025-06-27 18:05:00+00:00,2025-06-27 18:10:00+00:00,buy,491.01,488.79,493.22999999999996,493.22999999999996,49.46997938964694,109.82335424501474,11092.158778746489,win,2.2199999999999704,1092.158778746489
2025-06-27 18:20:00+00:00,2025-06-27 18:40:00+00:00,buy,494.72999999999996,490.15000000000003,499.3099999999999,499.3099999999999,24.21868728983988,110.92158778746489,11203.080366533954,win,4.579999999999927,1203.0803665339538
2025-06-27 19:20:00+00:00,2025-06-27 19:50:00+00:00,buy,499.92999999999995,494.87,504.9899999999999,504.9899999999999,22.140475032676036,112.03080366533953,11315.111170199292,win,5.059999999999945,1315.1111701992934
2025-06-27 20:00:00+00:00,2025-06-27 21:35:00+00:00,buy,505.88,499.59000000000003,512.17,499.59000000000003,17.98904796534079,-113.15111170199292,11201.9600584973,loss,-6.289999999999964,1201.9600584973005
2025-06-27 22:05:00+00:00,2025-06-27 23:00:00+00:00,buy,502.92999999999995,499.53000000000003,506.32999999999987,499.53000000000003,32.94694134852224,-112.01960058497299,11089.940457912326,loss,-3.3999999999999204,1089.9404579123275
2025-06-27 23:20:00+00:00,2025-06-27 23:40:00+00:00,buy,501.03,499.29,502.7699999999999,502.7699999999999,63.73528998800362,110.89940457912326,11200.839862491448,win,1.7399999999999523,1200.8398624914507
2025-06-27 23:50:00+00:00,2025-06-28 01:05:00+00:00,buy,503.42999999999995,499.88000000000005,506.97999999999985,506.97999999999985,31.55166158448386,112.00839862491448,11312.848261116362,win,3.5499999999998977,1312.8482611163652
2025-06-28 05:55:00+00:00,2025-06-28 07:05:00+00:00,buy,500.42999999999995,498.54,502.3199999999999,498.54,59.85634000590891,-113.12848261116362,11199.719778505198,loss,-1.8899999999999295,1199.7197785052015
2025-06-28 13:05:00+00:00,2025-06-28 15:20:00+00:00,sell,494.8,496.84999999999997,492.75000000000006,492.75000000000006,54.63277940734364,111.99719778505198,11311.71697629025,win,-2.0499999999999545,1311.7169762902536
2025-06-28 15:35:00+00:00,2025-06-28 16:25:00+00:00,sell,492.72,493.88,491.56000000000006,491.56000000000006,97.51480151974621,113.1171697629025,11424.834146053154,win,-1.1599999999999682,1424.834146053156
2025-06-28 16:35:00+00:00,2025-06-28 17:20:00+00:00,sell,491.35,493.05999999999995,489.6400000000001,489.6400000000001,66.81189559095714,114.24834146053153,11539.082487513686,win,-1.7099999999999227,1539.0824875136875
2025-06-28 17:30:00+00:00,2025-06-28 19:15:00+00:00,sell,488.81,492.0,485.62,485.62,36.17267237465108,115.39082487513686,11654.473312388824,win,-3.1899999999999977,1654.4733123888243
2025-06-28 21:00:00+00:00,2025-06-29 02:05:00+00:00,sell,487.92,491.35999999999996,484.4800000000001,491.35999999999996,33.87928288485181,-116.54473312388822,11537.928579264935,loss,3.439999999999941,1537.9285792649362
2025-06-29 02:55:00+00:00,2025-06-29 03:05:00+00:00,sell,490.0,491.45,488.55,488.55,79.57192123631053,115.37928579264937,11653.307865057584,win,-1.4499999999999886,1653.3078650575856
2025-06-29 03:15:00+00:00,2025-06-29 04:35:00+00:00,sell,488.45000000000005,491.04999999999995,485.85000000000014,491.04999999999995,44.82041486560766,-116.53307865057585,11536.774786407008,loss,2.599999999999909,1536.7747864070097
2025-06-29 06:25:00+00:00,2025-06-29 10:35:00+00:00,sell,490.90000000000003,493.61999999999995,488.1800000000001,488.1800000000001,42.41461318532123,115.36774786407008,11652.142534271077,win,-2.7199999999999136,1652.1425342710797
2025-06-29 10:45:00+00:00,2025-06-29 11:20:00+00:00,sell,487.67,489.9,485.44000000000005,489.9,52.25176024336896,-116.52142534271077,11535.621108928366,loss,2.2299999999999613,1535.621108928369
2025-06-29 18:05:00+00:00,2025-06-29 18:45:00+00:00,sell,491.75,494.23999999999995,489.26000000000005,489.26000000000005,46.327795618187096,115.35621108928366,11650.97732001765,win,-2.4899999999999523,1650.9773200176528
2025-06-29 19:05:00+00:00,2025-06-29 23:45:00+00:00,sell,488.76000000000005,492.10999999999996,485.41000000000014,492.10999999999996,34.77903677617303,-116.50977320017648,11534.467546817474,loss,3.349999999999909,1534.4675468174764
2025-06-30 01:20:00+00:00,2025-06-30 01:25:00+00:00,buy,492.71999999999997,490.96000000000004,494.4799999999999,494.4799999999999,65.53674742510174,115.34467546817474,11649.81222228565,win,1.759999999999934,1649.8122222856512
2025-06-30 01:50:00+00:00,2025-06-30 12:25:00+00:00,buy,504.69,490.75,518.63,490.75,8.357110632916536,-116.4981222228565,11533.314100062793,loss,-13.939999999999998,1533.3141000627948
2025-06-30 17:05:00+00:00,2025-06-30 18:05:00+00:00,buy,501.34,498.84000000000003,503.8399999999999,503.8399999999999,46.13325640025222,115.33314100062793,11648.647241063421,win,2.499999999999943,1648.6472410634226
2025-06-30 18:25:00+00:00,2025-06-30 18:45:00+00:00,buy,504.52,501.17,507.86999999999995,507.86999999999995,34.77208131660758,116.48647241063422,11765.133713474055,win,3.349999999999966,1765.1337134740568
2025-06-30 20:00:00+00:00,2025-07-01 00:00:00+00:00,buy,517.35,512.53,522.1700000000001,512.53,24.408991106792392,-117.65133713474056,11647.482376339314,loss,-4.82000000000005,1647.4823763393163
2025-07-01 02:05:00+00:00,2025-07-01 04:00:00+00:00,buy,503.96999999999997,501.20000000000005,506.7399999999999,506.7399999999999,42.048672838771225,116.47482376339313,11763.957200102708,win,2.769999999999925,1763.9572001027093
2025-07-01 04:10:00+00:00,2025-07-01 04:15:00+00:00,buy,511.21999999999997,504.69000000000005,517.7499999999999,517.7499999999999,18.015248392194273,117.63957200102709,11881.596772103736,win,6.529999999999916,1881.5967721037364
2025-07-01 05:30:00+00:00,2025-07-01 06:25:00+00:00,buy,521.11,518.61,523.61,523.61,47.52638708841495,118.81596772103737,12000.412739824773,win,2.5,2000.4127398247738
2025-07-01 06:35:00+00:00,2025-07-01 08:05:00+00:00,buy,523.89,519.73,528.05,519.73,28.847146009194386,-120.00412739824773,11880.408612426525,loss,-4.159999999999968,1880.4086124265261
2025-07-01 08:40:00+00:00,2025-07-01 10:10:00+00:00,buy,522.41,519.48,525.3399999999999,525.3399999999999,40.54746966698542,118.80408612426525,11999.21269855079,win,2.92999999999995,1999.2126985507914
2025-07-01 10:50:00+00:00,2025-07-01 11:50:00+00:00,buy,525.5799999999999,521.7,529.4599999999998,521.7,30.925805924100914,-119.9921269855079,11879.220571565282,loss,-3.8799999999998818,1879.2205715652835
2025-07-01 13:05:00+00:00,2025-07-01 13:25:00+00:00,buy,522.37,519.57,525.17,519.57,42.42578775559098,-118.79220571565281,11760.42836584963,loss,-2.7999999999999545,1760.4283658496306
2025-07-01 14:40:00+00:00,2025-07-01 14:55:00+00:00,buy,519.04,517.36,520.7199999999999,520.7199999999999,70.00254979672607,117.6042836584963,11878.032649508126,win,1.67999999999995,1878.032649508127
2025-07-01 18:20:00+00:00,2025-07-01 22:35:00+00:00,buy,515.63,511.74,519.52,511.74,30.534788302077555,-118.78032649508127,11759.252323013045,loss,-3.8899999999999864,1759.2523230130457
2025-07-02 01:05:00+00:00,2025-07-02 02:05:00+00:00,sell,509.25,510.42999999999995,508.07000000000005,508.07000000000005,99.65468070350461,117.59252323013045,11876.844846243175,win,-1.17999999999995,1876.844846243176
2025-07-02 02:15:00+00:00,2025-07-02 20:20:00+00:00,sell,502.51000000000005,509.96999999999997,495.0500000000001,509.96999999999997,15.920703547243027,-118.76844846243175,11758.076397780744,loss,7.459999999999923,1758.0763977807444
2025-07-02 21:35:00+00:00,2025-07-03 00:30:00+00:00,sell,503.3,507.9,498.70000000000005,507.9,25.561035647349634,-117.58076397780745,11640.495633802937,loss,4.599999999999966,1640.495633802937
2025-07-03 02:25:00+00:00,2025-07-03 03:05:00+00:00,buy,509.46,506.45000000000005,512.4699999999999,512.4699999999999,38.67274296944582,116.40495633802936,11756.900590140966,win,3.009999999999934,1756.9005901409664
2025-07-03 03:15:00+00:00,2025-07-03 04:00:00+00:00,buy,512.73,507.58000000000004,517.88,507.58000000000004,22.82893318473984,-117.56900590140965,11639.331584239555,loss,-5.149999999999977,1639.3315842395568
2025-07-03 05:05:00+00:00,2025-07-03 05:10:00+00:00,sell,504.89000000000004,508.35999999999996,501.42000000000013,501.42000000000013,33.54274231769408,116.39331584239555,11755.72490008195,win,-3.4699999999999136,1755.7249000819525
2025-07-03 05:35:00+00:00,2025-07-03 09:25:00+00:00,sell,501.34000000000003,507.88,494.80000000000007,507.88,17.97511452611929,-117.55724900081951,11638.16765108113,loss,6.539999999999964,1638.167651081133
2025-07-03 12:05:00+00:00,2025-07-03 12:45:00+00:00,sell,504.13000000000005,505.34999999999997,502.91000000000014,502.91000000000014,95.39481681214717,116.3816765108113,11754.549327591942,win,-1.2199999999999136,1754.5493275919443
2025-07-03 13:00:00+00:00,2025-07-03 13:15:00+00:00,sell,502.67,504.48999999999995,500.8500000000001,500.8500000000001,64.58543586589205,117.54549327591943,11872.094820867862,win,-1.8199999999999363,1872.0948208678637
2025-07-03 13:45:00+00:00,2025-07-03 14:45:00+00:00,sell,500.79,503.96,497.62000000000006,503.96,37.45140322040383,-118.72094820867862,11753.373872659184,loss,3.169999999999959,1753.373872659185
2025-07-03 15:25:00+00:00,2025-07-03 15:35:00+00:00,sell,502.82000000000005,505.21999999999997,500.42000000000013,500.42000000000013,48.972391136081555,117.53373872659184,11870.907611385775,win,-2.3999999999999204,1870.9076113857768
2025-07-03 15:45:00+00:00,2025-07-03 18:00:00+00:00,sell,499.35,504.61999999999995,494.0800000000001,494.0800000000001,22.52544138782912,118.70907611385776,11989.616687499632,win,-5.269999999999925,1989.6166874996345
2025-07-03 18:10:00+00:00,2025-07-04 05:45:00+00:00,sell,493.67,498.71999999999997,488.62000000000006,488.62000000000006,23.741815222771763,119.89616687499633,12109.512854374629,win,-5.0499999999999545,2109.512854374631
2025-07-04 06:05:00+00:00,2025-07-04 09:45:00+00:00,sell,486.99,492.35999999999996,481.62000000000006,481.62000000000006,22.550303266992078,121.09512854374628,12230.607982918375,win,-5.369999999999948,2230.6079829183773
2025-07-04 09:55:00+00:00,2025-07-04 10:30:00+00:00,sell,481.37,484.82,477.92,477.92,35.45103763164758,122.30607982918374,12352.914062747559,win,-3.4499999999999886,2352.914062747561
2025-07-04 10:40:00+00:00,2025-07-04 11:15:00+00:00,sell,476.14000000000004,482.46999999999997,469.8100000000001,469.8100000000001,19.514872137042182,123.5291406274756,12476.443203375034,win,-6.329999999999927,2476.4432033750363
2025-07-04 14:40:00+00:00,2025-07-04 15:20:00+00:00,sell,480.85,482.52,479.18000000000006,479.18000000000006,74.7092407387745,124.76443203375035,12601.207635408784,win,-1.669999999999959,2601.2076354087867
2025-07-04 17:10:00+00:00,2025-07-04 17:25:00+00:00,sell,482.34000000000003,484.63,480.05000000000007,480.05000000000007,55.02710757820517,126.01207635408784,12727.219711762871,win,-2.2899999999999636,2727.2197117628743
2025-07-04 17:35:00+00:00,2025-07-04 20:35:00+00:00,sell,478.59000000000003,484.86999999999995,472.3100000000001,484.86999999999995,20.266273426374273,-127.27219711762872,12599.947514645242,loss,6.279999999999916,2599.9475146452455
2025-07-05 03:00:00+00:00,2025-07-05 03:05:00+00:00,sell,482.12,483.59,480.65000000000003,483.59,85.7139286710578,-125.99947514645244,12473.94803949879,loss,1.4699999999999704,2473.948039498793
2025-07-05 10:10:00+00:00,2025-07-05 11:15:00+00:00,sell,482.57000000000005,483.65,481.4900000000001,481.4900000000001,115.49951888425583,124.7394803949879,12598.687519893778,win,-1.0799999999999272,2598.687519893781
2025-07-05 11:25:00+00:00,2025-07-05 12:25:00+00:00,sell,481.38000000000005,482.69,480.0700000000001,482.69,96.17318717476567,-125.98687519893778,12472.70064469484,loss,1.3099999999999454,2472.700644694843
2025-07-05 14:45:00+00:00,2025-07-05 15:00:00+00:00,sell,481.61,482.41999999999996,480.80000000000007,480.80000000000007,153.9839585764899,124.72700644694841,12597.427651141788,win,-0.8099999999999454,2597.4276511417916
2025-07-05 15:10:00+00:00,2025-07-05 16:50:00+00:00,sell,480.20000000000005,482.0,478.4000000000001,482.0,69.9857091730117,-125.97427651141787,12471.453374630371,loss,1.7999999999999545,2471.4533746303737
2025-07-05 18:30:00+00:00,2025-07-05 19:55:00+00:00,sell,482.82000000000005,485.9,479.7400000000001,479.7400000000001,40.49173173581385,124.71453374630372,12596.167908376676,win,-3.0799999999999272,2596.1679083766776
2025-07-05 20:05:00+00:00,2025-07-05 20:30:00+00:00,sell,479.69000000000005,481.26,478.1200000000001,481.26,80.23036884316679,-125.96167908376675,12470.20622929291,loss,1.5699999999999363,2470.206229292911
2025-07-06 02:10:00+00:00,2025-07-06 03:00:00+00:00,buy,487.16999999999996,485.86,488.4799999999999,485.86,95.19241396407197,-124.70206229292909,12345.504166999981,loss,-1.3099999999999454,2345.504166999982
2025-07-06 06:55:00+00:00,2025-07-06 08:00:00+00:00,buy,485.48999999999995,484.47,486.5099999999999,486.5099999999999,121.0343545784401,123.45504166999982,12468.959208669981,win,1.019999999999925,2468.9592086699818
2025-07-06 13:05:00+00:00,2025-07-06 13:50:00+00:00,buy,484.45,483.08000000000004,485.81999999999994,485.81999999999994,91.01430079321501,124.6895920866998,12593.64880075668,win,1.3699999999999477,2593.6488007566813
2025-07-06 14:05:00+00:00,2025-07-06 14:10:00+00:00,buy,485.91999999999996,484.70000000000005,487.1399999999999,484.70000000000005,103.22662951440634,-125.93648800756682,12467.712312749114,loss,-1.2199999999999136,2467.7123127491145
2025-07-06 14:35:00+00:00,2025-07-06 16:25:00+00:00,buy,486.19,484.61,487.77,487.77,78.90957159967873,124.67712312749113,12592.389435876605,win,1.579999999999984,2592.3894358766056
2025-07-06 16:40:00+00:00,2025-07-06 18:40:00+00:00,buy,488.32,484.92,491.71999999999997,491.71999999999997,37.03643951728438,125.92389435876605,12718.31333023537,win,3.3999999999999773,2718.3133302353717
2025-07-06 18:50:00+00:00,2025-07-06 20:55:00+00:00,buy,493.16999999999996,489.8,496.5399999999999,496.5399999999999,37.73980216687112,127.18313330235371,12845.496463537724,win,3.3699999999999477,2845.4964635377255
2025-07-06 21:05:00+00:00,2025-07-06 21:25:00+00:00,buy,496.61999999999995,494.28000000000003,498.95999999999987,494.28000000000003,54.89528403221442,-128.45496463537725,12717.041498902347,loss,-2.339999999999918,2717.0414989023484
2025-07-06 22:45:00+00:00,2025-07-07 00:30:00+00:00,buy,495.57,493.75,497.39,497.39,69.8738543895736,127.17041498902347,12844.21191389137,win,1.8199999999999932,2844.2119138913718
2025-07-07 01:45:00+00:00,2025-07-07 02:20:00+00:00,buy,494.34,492.08000000000004,496.5999999999999,492.08000000000004,56.83279607916702,-128.4421191389137,12715.769794752456,loss,-2.259999999999934,2715.769794752458
2025-07-07 03:10:00+00:00,2025-07-07 03:15:00+00:00,buy,492.33,490.06,494.59999999999997,490.06,56.01660702534166,-127.15769794752455,12588.61209680493,loss,-2.269999999999982,2588.6120968049336
2025-07-07 04:30:00+00:00,2025-07-07 04:45:00+00:00,buy,494.82,492.89000000000004,496.74999999999994,496.74999999999994,65.22596941349875,125.88612096804931,12714.49821777298,win,1.92999999999995,2714.498217772983
2025-07-07 05:00:00+00:00,2025-07-07 10:05:00+00:00,buy,498.0,494.08000000000004,501.91999999999996,494.08000000000004,32.43494443309468,-127.14498217772982,12587.35323559525,loss,-3.919999999999959,2587.3532355952534
2025-07-07 11:40:00+00:00,2025-07-07 11:50:00+00:00,buy,494.60999999999996,492.97,496.2499999999999,492.97,76.7521538755841,-125.87353235595252,12461.479703239298,loss,-1.6399999999999295,2461.4797032393008
2025-07-07 13:25:00+00:00,2025-07-07 16:30:00+00:00,buy,494.57,493.17,495.96999999999997,495.96999999999997,89.01056930885358,124.61479703239299,12586.09450027169,win,1.3999999999999773,2586.094500271694
2025-07-07 16:55:00+00:00,2025-07-07 17:25:00+00:00,buy,496.08,493.64000000000004,498.5199999999999,493.64000000000004,51.582354509311465,-125.86094500271692,12460.233555268975,loss,-2.439999999999941,2460.233555268977
2025-07-07 21:15:00+00:00,2025-07-07 22:20:00+00:00,sell,488.34000000000003,491.03,485.6500000000001,491.03,46.32057083743215,-124.60233555268975,12335.631219716284,loss,2.689999999999941,2335.631219716287
2025-07-08 00:55:00+00:00,2025-07-08 02:15:00+00:00,sell,491.47,493.7,489.24000000000007,493.7,55.31673192697981,-123.35631219716285,12212.274907519122,loss,2.2299999999999613,2212.274907519124
2025-07-08 03:05:00+00:00,2025-07-08 03:25:00+00:00,buy,495.29999999999995,493.88000000000005,496.71999999999986,496.71999999999986,86.00193596845044,122.12274907519121,12334.397656594314,win,1.4199999999999022,2334.3976565943153
2025-07-08 03:35:00+00:00,2025-07-08 04:55:00+00:00,buy,497.2,494.44000000000005,499.9599999999999,494.44000000000005,44.68984658186452,-123.34397656594314,12211.053680028372,loss,-2.759999999999934,2211.053680028372
2025-07-08 06:15:00+00:00,2025-07-08 10:50:00+00:00,buy,495.15,493.18,497.11999999999995,497.11999999999995,61.98504406105866,122.11053680028373,12333.164216828656,win,1.9699999999999704,2333.1642168286558
2025-07-08 11:00:00+00:00,2025-07-08 15:05:00+00:00,buy,497.77,495.86,499.67999999999995,499.67999999999995,64.57154040224535,123.33164216828656,12456.495858996943,win,1.9099999999999682,2456.4958589969424
2025-07-08 16:45:00+00:00,2025-07-08 17:00:00+00:00,buy,502.22999999999996,500.37,504.0899999999999,500.37,66.97040784407115,-124.56495858996944,12331.930900406973,loss,-1.8599999999999568,2331.930900406973
2025-07-08 18:45:00+00:00,2025-07-08 19:30:00+00:00,buy,502.97999999999996,501.46000000000004,504.4999999999999,501.46000000000004,81.13112434478673,-123.31930900406974,12208.611591402903,loss,-1.519999999999925,2208.6115914029033
2025-07-08 19:40:00+00:00,2025-07-08 21:15:00+00:00,buy,502.92999999999995,501.17,504.6899999999999,501.17,69.36711131479183,-122.08611591402904,12086.525475488874,loss,-1.759999999999934,2086.5254754888742
2025-07-09 00:40:00+00:00,2025-07-09 02:10:00+00:00,buy,498.30999999999995,496.32000000000005,500.29999999999984,500.29999999999984,60.73630892205784,120.86525475488874,12207.390730243762,win,1.9899999999998954,2207.390730243763
2025-07-09 03:40:00+00:00,2025-07-09 04:50:00+00:00,buy,500.10999999999996,499.13000000000005,501.08999999999986,501.08999999999986,124.56521153311175,122.07390730243762,12329.4646375462,win,0.9799999999999045,2329.4646375462003
2025-07-09 05:00:00+00:00,2025-07-09 05:30:00+00:00,buy,504.35999999999996,499.46000000000004,509.2599999999999,509.2599999999999,25.16217272968653,123.29464637546201,12452.759283921661,win,4.89999999999992,2452.7592839216622
2025-07-09 06:45:00+00:00,2025-07-09 20:25:00+00:00,buy,506.84999999999997,501.79,511.9099999999999,501.79,24.61019621328418,-124.52759283921661,12328.231691082445,loss,-5.059999999999945,2328.2316910824456
2025-07-09 22:10:00+00:00,2025-07-09 22:20:00+00:00,buy,503.90999999999997,502.53000000000003,505.2899999999999,505.2899999999999,89.3350122542246,123.28231691082445,12451.51400799327,win,1.3799999999999386,2451.5140079932703
2025-07-09 22:30:00+00:00,2025-07-09 22:55:00+00:00,buy,506.36999999999995,503.37,509.3699999999999,509.3699999999999,41.50504669331169,124.5151400799327,12576.029148073203,win,2.999999999999943,2576.029148073203
2025-07-10 00:10:00+00:00,2025-07-10 00:45:00+00:00,buy,507.21,505.01000000000005,509.4099999999999,509.4099999999999,57.16376885487997,125.76029148073204,12701.789439553935,win,2.199999999999932,2701.789439553935
2025-07-10 00:55:00+00:00,2025-07-10 01:05:00+00:00,buy,509.57,506.69000000000005,512.4499999999999,512.4499999999999,44.10343555400766,127.01789439553936,12828.807333949475,win,2.8799999999999386,2828.8073339494745
2025-07-10 02:00:00+00:00,2025-07-10 07:10:00+00:00,buy,512.8399999999999,507.96000000000004,517.7199999999998,507.96000000000004,26.288539618749564,-128.28807333949476,12700.51926060998,loss,-4.879999999999882,2700.51926060998
2025-07-10 07:20:00+00:00,2025-07-10 07:45:00+00:00,buy,509.2,507.77000000000004,510.62999999999994,510.62999999999994,88.81482000426871,127.00519260609981,12827.524453216081,win,1.42999999999995,2827.5244532160796
2025-07-10 08:50:00+00:00,2025-07-10 09:10:00+00:00,buy,510.66999999999996,509.65000000000003,511.6899999999999,511.6899999999999,125.76004365899045,128.27524453216083,12955.799697748242,win,1.019999999999925,2955.7996977482403
2025-07-10 09:20:00+00:00,2025-07-10 10:30:00+00:00,buy,511.94,509.93,513.95,513.95,64.45671491417065,129.55799697748608,13085.357694725728,win,2.0100000000000477,3085.3576947257266
2025-07-10 11:00:00+00:00,2025-07-10 11:05:00+00:00,buy,514.4499999999999,512.14,516.7599999999999,516.7599999999999,56.646570107039125,130.8535769472573,13216.211271672984,win,2.3099999999999454,3216.211271672984
2025-07-10 11:15:00+00:00,2025-07-10 14:05:00+00:00,buy,517.27,513.47,521.0699999999999,513.47,34.77950334650827,-132.16211271672984,13084.049158956255,loss,-3.7999999999999545,3084.049158956254
2025-07-10 15:20:00+00:00,2025-07-10 15:35:00+00:00,buy,514.87,513.85,515.89,515.89,128.2749917544754,130.84049158956256,13214.889650545818,win,1.0199999999999818,3214.8896505458165
2025-07-10 21:15:00+00:00,2025-07-10 22:40:00+00:00,sell,507.32000000000005,508.91999999999996,505.72000000000014,508.91999999999996,82.59306031591605,-132.14889650545817,13082.74075404036,loss,1.599999999999909,3082.7407540403583
2025-07-11 00:10:00+00:00,2025-07-11 00:15:00+00:00,buy,509.61999999999995,508.06,511.1799999999999,511.1799999999999,83.86372278231295,130.8274075404036,13213.568161580764,win,1.5599999999999454,3213.568161580762
2025-07-11 00:25:00+00:00,2025-07-11 08:45:00+00:00,buy,517.48,508.41,526.55,526.55,14.5684323721949,132.13568161580682,13345.703843196572,win,9.069999999999936,3345.703843196569
2025-07-11 11:15:00+00:00,2025-07-11 11:35:00+00:00,buy,520.48,517.6600000000001,523.3,523.3,47.32519093332224,133.4570384319657,13479.160881628537,win,2.8199999999999363,3479.1608816285348
2025-07-11 11:45:00+00:00,2025-07-11 15:25:00+00:00,buy,523.4,519.89,526.91,519.89,38.40216775392755,-134.79160881628536,13344.369272812251,loss,-3.509999999999991,3344.3692728122496
2025-07-11 16:00:00+00:00,2025-07-11 16:35:00+00:00,buy,522.3,519.4100000000001,525.1899999999998,525.1899999999998,46.1742881412209,133.44369272812253,13477.812965540374,win,2.8899999999998727,3477.8129655403723
2025-07-11 16:45:00+00:00,2025-07-11 17:20:00+00:00,buy,525.3199999999999,521.15,529.4899999999999,529.4899999999999,32.320894401775796,134.77812965540375,13612.591095195778,win,4.169999999999959,3612.591095195776
2025-07-11 17:30:00+00:00,2025-07-11 18:25:00+00:00,buy,530.4599999999999,524.84,536.0799999999998,536.0799999999998,24.221692340206484,136.1259109519578,13748.717006147735,win,5.619999999999891,3748.7170061477336
2025-07-11 20:25:00+00:00,2025-07-11 21:20:00+00:00,buy,531.27,526.5400000000001,535.9999999999999,535.9999999999999,29.067054981285445,137.48717006147737,13886.204176209212,win,4.7299999999999045,3886.204176209211
2025-07-11 23:15:00+00:00,2025-07-12 00:10:00+00:00,buy,536.6999999999999,532.07,541.3299999999998,532.07,29.99180167647855,-138.86204176209213,13747.34213444712,loss,-4.629999999999882,3747.3421344471185
2025-07-12 02:10:00+00:00,2025-07-12 03:30:00+00:00,buy,531.76,526.9,536.62,526.9,28.286712210796466,-137.4734213444712,13609.868713102649,loss,-4.860000000000014,3609.8687131026472
2025-07-12 04:00:00+00:00,2025-07-12 04:15:00+00:00,buy,529.3199999999999,526.39,532.2499999999999,532.2499999999999,46.450063867245326,136.09868713102648,13745.967400233676,win,2.92999999999995,3745.9674002336737
2025-07-12 05:00:00+00:00,2025-07-12 07:55:00+00:00,buy,532.4499999999999,526.28,538.6199999999999,526.28,22.278715397461536,-137.45967400233675,13608.507726231339,loss,-6.169999999999959,3608.507726231337
2025-07-12 11:50:00+00:00,2025-07-12 12:25:00+00:00,sell,515.0400000000001,517.85,512.2300000000001,517.85,48.42885311826194,-136.0850772623134,13472.422648969026,loss,2.8099999999999454,3472.4226489690236
2025-07-12 14:45:00+00:00,2025-07-12 14:55:00+00:00,sell,519.4100000000001,520.56,518.2600000000002,518.2600000000002,117.15150129539674,134.72422648969027,13607.146875458717,win,-1.1499999999998636,3607.146875458714
2025-07-12 15:05:00+00:00,2025-07-12 15:30:00+00:00,sell,517.1800000000001,520.4,513.9600000000002,513.9600000000002,42.25822011012137,136.07146875458716,13743.218344213305,win,-3.2199999999999136,3743.218344213301
2025-07-12 15:40:00+00:00,2025-07-12 15:45:00+00:00,sell,513.89,517.8,509.98,509.98,35.14889602100618,137.43218344213304,13880.650527655438,win,-3.909999999999968,3880.650527655434
2025-07-12 16:15:00+00:00,2025-07-14 08:30:00+00:00,sell,506.88000000000005,516.9599999999999,496.8000000000002,516.9599999999999,13.770486634578985,-138.8065052765544,13741.844022378884,loss,10.07999999999987,3741.8440223788793
2025-07-14 10:10:00+00:00,2025-07-14 10:30:00+00:00,buy,512.79,510.1,515.4799999999999,515.4799999999999,51.084922016279506,137.41844022378885,13879.262462602674,win,2.689999999999941,3879.262462602668
2025-07-14 10:40:00+00:00,2025-07-14 10:50:00+00:00,buy,516.2099999999999,512.2,520.2199999999998,520.2199999999998,34.61162708878578,138.79262462602674,14018.0550872287,win,4.009999999999877,4018.055087228695
2025-07-14 20:25:00+00:00,2025-07-14 21:15:00+00:00,sell,503.97,506.11999999999995,501.8200000000001,501.8200000000001,65.20025621967079,140.180550872287,14158.235638100987,win,-2.1499999999999204,4158.235638100982
2025-07-14 21:35:00+00:00,2025-07-14 23:15:00+00:00,sell,501.62,504.17999999999995,499.06000000000006,499.06000000000006,55.30560796133316,141.58235638100987,14299.817994481997,win,-2.5599999999999454,4299.817994481992
2025-07-15 03:05:00+00:00,2025-07-15 03:25:00+00:00,sell,502.28000000000003,503.9,500.6600000000001,503.9,88.2704814474226,-142.99817994481998,14156.819814537177,loss,1.6199999999999477,4156.8198145371725
2025-07-15 03:35:00+00:00,2025-07-15 03:45:00+00:00,sell,501.98,504.38,499.58000000000004,499.58000000000004,58.9867492272388,141.56819814537178,14298.38801268255,win,-2.3999999999999773,4298.388012682544
2025-07-15 03:55:00+00:00,2025-07-15 05:15:00+00:00,sell,499.15000000000003,504.38,493.9200000000001,493.9200000000001,27.33917402042573,142.9838801268255,14441.371892809375,win,-5.229999999999961,4441.3718928093695
2025-07-15 05:25:00+00:00,2025-07-15 17:50:00+00:00,sell,490.85,500.27,481.43000000000006,481.43000000000006,15.33054341062573,144.41371892809374,14585.785611737469,win,-9.419999999999959,4585.785611737463
2025-07-15 21:25:00+00:00,2025-07-15 21:30:00+00:00,sell,490.93,493.59,488.27000000000004,488.27000000000004,54.8337804952543,145.8578561173747,14731.643467854843,win,-2.659999999999968,4731.643467854838
2025-07-15 21:40:00+00:00,2025-07-16 02:00:00+00:00,sell,487.56,495.03,480.09000000000003,495.03,19.72107559284458,-147.31643467854843,14584.327033176294,loss,7.46999999999997,4584.327033176289
2025-07-16 04:15:00+00:00,2025-07-16 05:40:00+00:00,buy,500.91999999999996,496.8,505.0399999999999,496.8,35.398852022273005,-145.84327033176294,14438.483762844531,loss,-4.119999999999948,4438.483762844526
2025-07-16 07:15:00+00:00,2025-07-16 09:10:00+00:00,buy,496.59,494.96000000000004,498.2199999999999,494.96000000000004,88.57965498677962,-144.38483762844533,14294.098925216085,loss,-1.6299999999999386,4294.098925216081
2025-07-16 10:00:00+00:00,2025-07-16 12:10:00+00:00,buy,497.05999999999995,494.31,499.8099999999999,499.8099999999999,51.97854154624138,142.94098925216085,14437.039914468247,win,2.749999999999943,4437.0399144682415
2025-07-16 12:20:00+00:00,2025-07-16 15:25:00+00:00,buy,499.84999999999997,497.69000000000005,502.0099999999999,497.69000000000005,66.83814775217056,-144.37039914468247,14292.669515323565,loss,-2.1599999999999113,4292.669515323559
2025-07-16 17:40:00+00:00,2025-07-16 17:45:00+00:00,buy,496.15999999999997,493.34000000000003,498.9799999999999,498.9799999999999,50.68322523164499,142.92669515323564,14435.5962104768,win,2.8199999999999363,4435.596210476794
2025-07-16 18:05:00+00:00,2025-07-16 18:35:00+00:00,buy,499.03,492.48,505.5799999999999,492.48,22.039078183934198,-144.355962104768,14291.240248372033,loss,-6.5499999999999545,4291.240248372026
2025-07-16 19:05:00+00:00,2025-07-16 20:20:00+00:00,buy,494.32,489.51000000000005,499.12999999999994,499.12999999999994,29.711518187883986,142.91240248372034,14434.152650855753,win,4.809999999999945,4434.152650855746
2025-07-16 20:35:00+00:00,2025-07-16 21:25:00+00:00,buy,499.71,497.35,502.06999999999994,502.06999999999994,61.16166377481363,144.34152650855754,14578.49417736431,win,2.359999999999957,4578.494177364304
2025-07-16 21:35:00+00:00,2025-07-16 21:55:00+00:00,buy,502.09999999999997,500.18,504.0199999999999,500.18,75.92965717377407,-145.7849417736431,14432.709235590666,loss,-1.919999999999959,4432.709235590661
2025-07-16 23:10:00+00:00,2025-07-16 23:25:00+00:00,buy,500.54999999999995,497.63000000000005,503.46999999999986,503.46999999999986,49.427086423257364,144.32709235590667,14577.036327946573,win,2.9199999999999022,4577.036327946567
2025-07-16 23:35:00+00:00,2025-07-17 01:45:00+00:00,buy,504.91999999999996,499.52000000000004,510.3199999999999,499.52000000000004,26.994511718419975,-145.77036327946573,14431.265964667107,loss,-5.39999999999992,4431.265964667102
2025-07-17 06:15:00+00:00,2025-07-17 06:25:00+00:00,sell,490.87,493.40999999999997,488.33000000000004,488.33000000000004,56.816007734910684,144.31265964667108,14575.578624313779,win,-2.5399999999999636,4575.578624313773
2025-07-17 06:35:00+00:00,2025-07-17 08:30:00+00:00,sell,487.98,492.53,483.43000000000006,492.53,32.03423873475588,-145.7557862431378,14429.82283807064,loss,4.5499999999999545,4429.822838070635
2025-07-17 10:05:00+00:00,2025-07-17 10:10:00+00:00,sell,494.66,496.55999999999995,492.7600000000001,492.7600000000001,75.94643598984865,144.2982283807064,14574.121066451347,win,-1.8999999999999204,4574.121066451342
2025-07-17 10:20:00+00:00,2025-07-17 12:05:00+00:00,sell,492.37,496.55999999999995,488.18000000000006,496.55999999999995,34.78310517052877,-145.7412106645135,14428.379855786834,loss,4.189999999999941,4428.379855786829
2025-07-17 13:05:00+00:00,2025-07-17 13:25:00+00:00,sell,499.83000000000004,502.92999999999995,496.73000000000013,496.73000000000013,46.54316082512019,144.28379855786835,14572.663654344702,win,-3.099999999999909,4572.663654344697
2025-07-17 13:35:00+00:00,2025-07-17 15:05:00+00:00,sell,496.0,499.2,492.8,492.8,45.53957391982736,145.72663654344703,14718.390290888148,win,-3.1999999999999886,4718.390290888144
2025-07-17 16:15:00+00:00,2025-07-17 16:45:00+00:00,sell,493.51000000000005,497.71999999999997,489.3000000000001,489.3000000000001,34.96054700923615,147.1839029088815,14865.57419379703,win,-4.209999999999923,4865.574193797025
2025-07-17 18:00:00+00:00,2025-07-17 18:05:00+00:00,sell,494.17,495.94,492.40000000000003,492.40000000000003,83.98629488021008,148.6557419379703,15014.229935735,win,-1.7699999999999818,5014.229935734996
2025-07-17 18:15:00+00:00,2025-07-17 20:50:00+00:00,sell,492.0,495.38,488.62,495.38,44.42079862643497,-150.14229935735,14864.08763637765,loss,3.3799999999999955,4864.087636377646
2025-07-17 22:25:00+00:00,2025-07-17 22:40:00+00:00,sell,495.08000000000004,496.59,493.5700000000001,493.5700000000001,98.43766646608145,148.6408763637765,15012.728512741427,win,-1.509999999999934,5012.7285127414225
2025-07-17 22:50:00+00:00,2025-07-17 22:55:00+00:00,sell,493.40000000000003,496.36999999999995,490.4300000000001,490.4300000000001,50.5479074503093,150.12728512741427,15162.85579786884,win,-2.9699999999999136,5162.855797868837
2025-07-17 23:05:00+00:00,2025-07-18 00:10:00+00:00,sell,489.01000000000005,495.29999999999995,482.72000000000014,495.29999999999995,24.106289026818864,-151.6285579786884,15011.227239890151,loss,6.289999999999907,5011.227239890149
2025-07-18 03:20:00+00:00,2025-07-18 03:30:00+00:00,buy,501.63,497.70000000000005,505.55999999999995,505.55999999999995,38.196506971731154,150.11227239890152,15161.339512289052,win,3.92999999999995,5161.339512289051
2025-07-18 03:40:00+00:00,2025-07-18 07:35:00+00:00,buy,506.36999999999995,497.49,515.2499999999999,515.2499999999999,17.073580531857157,151.6133951228905,15312.952907411944,win,8.879999999999939,5312.952907411941
2025-07-18 07:45:00+00:00,2025-07-18 08:20:00+00:00,buy,519.41,510.27000000000004,528.55,528.55,16.75377779804383,153.1295290741204,15466.082436486064,win,9.139999999999986,5466.082436486061
2025-07-18 08:30:00+00:00,2025-07-18 08:45:00+00:00,buy,528.62,520.5400000000001,536.6999999999999,536.6999999999999,19.141191134265103,154.66082436486064,15620.743260850924,win,8.079999999999927,5620.743260850922
2025-07-18 09:30:00+00:00,2025-07-18 10:50:00+00:00,buy,537.54,526.19,548.8899999999999,526.19,13.762769392820307,-156.20743260850924,15464.535828242415,loss,-11.349999999999909,5464.535828242412
2025-07-18 12:10:00+00:00,2025-07-18 13:10:00+00:00,buy,529.81,524.85,534.7699999999999,534.7699999999999,31.178499653715033,154.64535828242416,15619.181186524838,win,4.959999999999923,5619.181186524836
2025-07-18 15:00:00+00:00,2025-07-18 16:15:00+00:00,buy,532.29,527.26,537.3199999999999,527.26,31.05205007261416,-156.19181186524838,15462.98937465959,loss,-5.029999999999973,5462.989374659588
2025-07-19 03:55:00+00:00,2025-07-19 04:00:00+00:00,sell,511.27000000000004,513.42,509.1200000000001,509.1200000000001,71.92088081237286,154.6298937465959,15617.619268406186,win,-2.1499999999999204,5617.619268406184
2025-07-19 09:25:00+00:00,2025-07-19 10:30:00+00:00,sell,513.27,514.88,511.65999999999997,511.65999999999997,97.00384638761525,156.17619268406187,15773.795461090249,win,-1.6100000000000136,5773.795461090246
2025-07-19 10:40:00+00:00,2025-07-19 10:55:00+00:00,sell,510.90000000000003,514.67,507.1300000000001,507.1300000000001,41.8403062628397,157.7379546109025,15931.533415701151,win,-3.769999999999925,5931.533415701148
2025-07-19 11:15:00+00:00,2025-07-19 17:30:00+00:00,sell,506.35,511.84,500.86000000000007,500.86000000000007,29.019186549546976,159.3153341570115,16090.848749858164,win,-5.489999999999952,6090.84874985816
2025-07-19 17:40:00+00:00,2025-07-19 18:15:00+00:00,sell,500.52000000000004,503.7,497.3400000000001,503.7,50.600153301441566,-160.90848749858165,15929.940262359582,loss,3.17999999999995,5929.940262359578
2025-07-19 19:00:00+00:00,2025-07-19 19:25:00+00:00,sell,501.42,504.05999999999995,498.7800000000001,504.05999999999995,60.34068281196973,-159.29940262359582,15770.640859735986,loss,2.6399999999999295,5770.640859735982
2025-07-19 20:40:00+00:00,2025-07-19 21:20:00+00:00,sell,502.62,503.92999999999995,501.31000000000006,503.92999999999995,120.38657144837131,-157.70640859735985,15612.934451138626,loss,1.3099999999999454,5612.9344511386225
2025-07-20 03:30:00+00:00,2025-07-20 03:35:00+00:00,buy,512.43,511.68,513.1799999999998,513.1799999999998,208.17245934853082,156.12934451137446,15769.063795650001,win,0.7499999999998863,5769.063795649997
2025-07-20 04:50:00+00:00,2025-07-20 05:25:00+00:00,buy,521.3199999999999,519.25,523.3899999999999,519.25,76.1790521529009,-157.6906379565,15611.3731576935,loss,-2.0699999999999363,5611.373157693497
2025-07-20 05:40:00+00:00,2025-07-20 07:50:00+00:00,buy,521.4599999999999,518.6800000000001,524.2399999999998,524.2399999999998,56.15601855285717,156.113731576935,15767.486889270436,win,2.779999999999859,5767.486889270432
2025-07-20 08:00:00+00:00,2025-07-20 16:15:00+00:00,buy,529.5899999999999,520.76,538.4199999999998,538.4199999999998,17.856723543907776,157.67486889270435,15925.16175816314,win,8.829999999999927,5925.161758163136
2025-07-20 16:50:00+00:00,2025-07-20 18:05:00+00:00,buy,543.16,535.59,550.7299999999999,550.7299999999999,21.037201794139065,159.2516175816314,16084.41337574477,win,7.569999999999936,6084.413375744768
2025-07-20 18:15:00+00:00,2025-07-21 00:05:00+00:00,buy,551.77,544.63,558.91,544.63,22.527189601883475,-160.8441337574477,15923.569241987323,loss,-7.139999999999986,5923.56924198732
2025-07-21 01:35:00+00:00,2025-07-21 03:20:00+00:00,buy,545.47,539.87,551.07,539.87,28.434945074977247,-159.23569241987323,15764.33354956745,loss,-5.600000000000023,5764.333549567447
2025-07-21 11:15:00+00:00,2025-07-21 11:50:00+00:00,sell,528.51,532.31,524.71,524.71,41.485088288335895,157.6433354956745,15921.976885063124,win,-3.7999999999999545,5921.976885063122
2025-07-21 13:30:00+00:00,2025-07-21 14:20:00+00:00,sell,526.84,530.76,522.9200000000001,530.76,40.617287972100236,-159.21976885063125,15762.757116212493,loss,3.919999999999959,5762.7571162124905
2025-07-21 17:45:00+00:00,2025-07-21 18:40:00+00:00,sell,530.23,534.86,525.6,525.6,34.04483178447626,157.62757116212492,15920.384687374619,win,-4.6299999999999955,5920.384687374615
2025-07-21 19:05:00+00:00,2025-07-21 19:15:00+00:00,sell,525.4,530.85,519.9499999999999,519.9499999999999,29.21171502270548,159.2038468737462,16079.588534248365,win,-5.4500000000000455,6079.588534248362
2025-07-21 21:40:00+00:00,2025-07-21 21:50:00+00:00,sell,525.61,528.25,522.97,522.97,60.907532326698664,160.79588534248364,16240.38441959085,win,-2.6399999999999864,6240.384419590845
2025-07-21 22:00:00+00:00,2025-07-21 22:30:00+00:00,sell,522.86,527.65,518.07,518.07,33.90476914319619,162.40384419590853,16402.78826378676,win,-4.789999999999964,6402.788263786753
2025-07-21 23:00:00+00:00,2025-07-23 00:50:00+00:00,sell,517.03,524.54,509.52,524.54,21.84126266815816,-164.02788263786758,16238.760381148892,loss,7.509999999999991,6238.760381148886
2025-07-23 02:10:00+00:00,2025-07-23 02:15:00+00:00,buy,523.4399999999999,521.5600000000001,525.3199999999998,525.3199999999998,86.37638500611656,162.38760381148893,16401.147984960382,win,1.8799999999998818,6401.147984960375
2025-07-23 04:35:00+00:00,2025-07-23 06:10:00+00:00,buy,522.3399999999999,519.5,525.1799999999998,525.1799999999998,57.75052107380583,164.01147984960383,16565.159464809985,win,2.839999999999918,6565.159464809979
2025-07-23 06:50:00+00:00,2025-07-23 12:20:00+00:00,buy,527.22,522.22,532.22,522.22,33.130318929619975,-165.6515946480999,16399.507870161884,loss,-5.0,6399.5078701618795
2025-07-23 13:35:00+00:00,2025-07-23 15:40:00+00:00,buy,526.02,522.6,529.4399999999999,522.6,47.95177739813474,-163.99507870161884,16235.512791460265,loss,-3.419999999999959,6235.512791460261
2025-07-23 16:40:00+00:00,2025-07-23 16:50:00+00:00,sell,513.5600000000001,523.77,503.35000000000014,503.35000000000014,15.9015796194519,162.35512791460266,16397.86791937487,win,-10.209999999999923,6397.867919374863
2025-07-23 18:05:00+00:00,2025-07-23 18:10:00+00:00,sell,510.32000000000005,512.87,507.7700000000001,507.7700000000001,64.30536438970651,163.9786791937487,16561.846598568616,win,-2.5499999999999545,6561.846598568612
2025-07-23 19:35:00+00:00,2025-07-23 20:05:00+00:00,sell,508.96000000000004,515.14,502.7800000000001,502.7800000000001,26.799104528428398,165.61846598568616,16727.4650645543,win,-6.17999999999995,6727.465064554298
2025-07-23 20:15:00+00:00,2025-07-23 21:05:00+00:00,sell,502.49,509.54999999999995,495.43000000000006,509.54999999999995,23.693293292570015,-167.274650645543,16560.190413908756,loss,7.059999999999945,6560.190413908755
2025-07-23 22:30:00+00:00,2025-07-23 22:55:00+00:00,sell,511.69000000000005,513.39,509.9900000000001,509.9900000000001,97.41288478770248,165.60190413908757,16725.792318047843,win,-1.6999999999999318,6725.792318047842
2025-07-23 23:10:00+00:00,2025-07-23 23:25:00+00:00,sell,508.89000000000004,513.36,504.4200000000001,504.4200000000001,37.41787990614755,167.25792318047843,16893.05024122832,win,-4.46999999999997,6893.05024122832
2025-07-23 23:35:00+00:00,2025-07-24 00:35:00+00:00,sell,504.25,510.84,497.66,497.66,25.634370624018793,168.9305024122832,17061.980743640604,win,-6.589999999999975,7061.980743640604
2025-07-24 03:00:00+00:00,2025-07-24 03:15:00+00:00,sell,509.75,511.69,507.81,511.69,87.948354348663,-170.61980743640603,16891.360936204197,loss,1.9399999999999977,6891.360936204198
2025-07-24 07:05:00+00:00,2025-07-24 07:40:00+00:00,sell,513.02,517.9399999999999,508.1,508.1,34.33203442317955,168.913609362042,17060.27454556624,win,-4.919999999999959,7060.27454556624
2025-07-24 07:50:00+00:00,2025-07-24 08:50:00+00:00,sell,505.69000000000005,512.4399999999999,498.94000000000017,498.94000000000017,25.27448080824671,170.60274545566241,17230.8772910219,win,-6.749999999999886,7230.877291021902
2025-07-24 09:00:00+00:00,2025-07-24 09:40:00+00:00,sell,497.07000000000005,502.91999999999996,491.22000000000014,491.22000000000014,29.45449109576439,172.308772910219,17403.18606393212,win,-5.849999999999909,7403.186063932121
2025-07-24 09:50:00+00:00,2025-07-24 10:55:00+00:00,sell,490.57000000000005,501.09,480.0500000000001,501.09,16.542952532254983,-174.03186063932117,17229.154203292797,loss,10.519999999999925,7229.1542032928
2025-07-24 17:40:00+00:00,2025-07-24 18:00:00+00:00,buy,520.56,516.11,525.0099999999999,525.0099999999999,38.71720045683834,172.291542032928,17401.445745325724,win,4.449999999999932,7401.445745325728
2025-07-24 18:10:00+00:00,2025-07-24 18:55:00+00:00,buy,525.62,518.87,532.37,518.87,25.779919622704778,-174.01445745325725,17227.431287872467,loss,-6.75,7227.431287872471
2025-07-24 20:10:00+00:00,2025-07-24 20:25:00+00:00,buy,515.63,512.9200000000001,518.3399999999999,518.3399999999999,63.56985715082272,172.27431287872466,17399.705600751193,win,2.7099999999999227,7399.705600751196
2025-07-24 20:35:00+00:00,2025-07-24 22:35:00+00:00,buy,518.68,515.27,522.0899999999999,515.27,51.02552962097172,-173.99705600751193,17225.70854474368,loss,-3.409999999999968,7225.708544743684
2025-07-24 23:15:00+00:00,2025-07-24 23:40:00+00:00,buy,516.04,513.94,518.1399999999999,518.1399999999999,82.02718354640203,172.2570854474368,17397.965630191116,win,2.099999999999909,7397.965630191121
2025-07-25 04:35:00+00:00,2025-07-25 04:40:00+00:00,buy,514.49,508.95000000000005,520.03,520.03,31.40427009059789,173.97965630191118,17571.945286493028,win,5.539999999999964,7571.945286493032
2025-07-25 04:50:00+00:00,2025-07-25 12:30:00+00:00,buy,522.41,508.1,536.7199999999999,536.7199999999999,12.279486573370436,175.71945286493028,17747.66473935796,win,14.309999999999945,7747.664739357962
2025-07-25 13:05:00+00:00,2025-07-27 04:40:00+00:00,buy,545.39,525.4100000000001,565.3699999999999,565.3699999999999,8.882715084763785,177.47664739357955,17925.141386751537,win,19.979999999999905,7925.141386751542
2025-07-27 04:50:00+00:00,2025-07-27 13:15:00+00:00,buy,572.24,557.3000000000001,587.18,587.18,11.99808660425141,179.25141386751537,18104.39280061905,win,14.93999999999994,8104.392800619057
2025-07-27 13:25:00+00:00,2025-07-27 15:15:00+00:00,buy,588.62,582.97,594.27,594.27,32.043173098440924,181.0439280061905,18285.43672862524,win,5.649999999999977,8285.436728625247
2025-07-27 15:25:00+00:00,2025-07-27 15:30:00+00:00,buy,595.16,591.2900000000001,599.0299999999999,599.0299999999999,47.249190513244855,182.85436728625243,18468.291095911492,win,3.869999999999891,8468.2910959115
2025-07-27 15:50:00+00:00,2025-07-27 19:05:00+00:00,buy,601.0799999999999,592.4300000000001,609.7299999999998,592.4300000000001,21.350625544406686,-184.6829109591149,18283.608184952376,loss,-8.649999999999864,8283.608184952385
2025-07-27 19:15:00+00:00,2025-07-28 02:05:00+00:00,buy,600.03,592.35,607.7099999999999,592.35,23.80678149082356,-182.83608184952377,18100.772103102852,loss,-7.67999999999995,8100.772103102861
2025-07-28 04:20:00+00:00,2025-07-28 04:40:00+00:00,buy,590.61,587.2,594.02,594.02,53.08144311760417,181.00772103102852,18281.779824133882,win,3.409999999999968,8281.77982413389
2025-07-28 16:20:00+00:00,2025-07-28 16:55:00+00:00,sell,583.15,588.03,578.27,578.27,37.462663574044875,182.8177982413388,18464.597622375222,win,-4.8799999999999955,8464.597622375228
2025-07-28 17:25:00+00:00,2025-07-28 17:40:00+00:00,sell,577.87,583.86,571.88,583.86,30.82570554653622,-184.64597622375223,18279.95164615147,loss,5.990000000000009,8279.951646151476
2025-07-28 20:00:00+00:00,2025-07-28 22:25:00+00:00,sell,581.94,585.0799999999999,578.8000000000002,578.8000000000002,58.21640651640831,182.79951646151468,18462.75116261298,win,-3.1399999999998727,8462.75116261299
2025-07-28 22:35:00+00:00,2025-07-28 22:45:00+00:00,sell,578.4100000000001,581.9,574.9200000000002,574.9200000000002,52.901865795454256,184.62751162612983,18647.378674239113,win,-3.4899999999998954,8647.37867423912
2025-07-28 23:15:00+00:00,2025-07-29 01:55:00+00:00,sell,574.01,580.06,567.96,567.96,30.82211351113926,186.47378674239113,18833.852460981503,win,-6.0499999999999545,8833.852460981512
2025-07-29 05:10:00+00:00,2025-07-29 05:40:00+00:00,sell,578.57,582.54,574.6000000000001,574.6000000000001,47.44043441053379,188.33852460981504,19022.190985591318,win,-3.9699999999999136,9022.190985591327
2025-07-29 08:05:00+00:00,2025-07-29 08:55:00+00:00,sell,579.99,582.6,577.38,577.38,72.88195779920008,190.2219098559132,19212.412895447233,win,-2.6100000000000136,9212.41289544724
2025-07-29 09:05:00+00:00,2025-07-29 09:40:00+00:00,sell,576.94,580.5699999999999,573.3100000000002,573.3100000000002,52.92675728773515,192.12412895447233,19404.537024401703,win,-3.6299999999998818,9404.537024401712
2025-07-29 10:55:00+00:00,2025-07-29 11:05:00+00:00,sell,575.7900000000001,578.81,572.7700000000002,572.7700000000002,64.25343385563758,194.04537024401702,19598.58239464572,win,-3.019999999999868,9598.58239464573
2025-07-29 11:15:00+00:00,2025-07-29 13:55:00+00:00,sell,572.08,578.81,565.3500000000001,565.3500000000001,29.12122198312927,195.9858239464572,19794.568218592176,win,-6.7299999999999045,9794.568218592187
2025-07-29 14:35:00+00:00,2025-07-29 16:15:00+00:00,sell,564.07,569.99,558.1500000000001,569.99,33.436770639514044,-197.94568218592178,19596.622536406256,loss,5.919999999999959,9596.622536406265
2025-07-29 16:55:00+00:00,2025-07-29 17:45:00+00:00,sell,567.15,572.1999999999999,562.1,562.1,38.805193141398874,195.96622536406255,19792.58876177032,win,-5.0499999999999545,9792.588761770327
2025-07-29 17:55:00+00:00,2025-07-29 20:30:00+00:00,sell,561.5,567.31,555.69,567.31,34.06641783437264,-197.9258876177032,19594.662874152615,loss,5.809999999999945,9594.662874152624
2025-07-29 20:45:00+00:00,2025-07-29 21:00:00+00:00,sell,565.25,567.42,563.08,563.08,90.29798559517505,195.94662874152615,19790.60950289414,win,-2.169999999999959,9790.609502894149
2025-07-29 21:10:00+00:00,2025-07-29 22:15:00+00:00,sell,563.0400000000001,566.4,559.6800000000002,566.4,58.900623520520035,-197.90609502894142,19592.7034078652,loss,3.3599999999999,9592.703407865207
2025-07-29 22:25:00+00:00,2025-07-29 23:10:00+00:00,sell,564.35,567.8,560.9000000000001,560.9000000000001,56.79044466047997,195.927034078652,19788.630441943853,win,-3.449999999999932,9788.630441943858
2025-07-29 23:35:00+00:00,2025-07-30 00:50:00+00:00,sell,559.19,563.49,554.8900000000001,563.49,46.02007079521875,-197.88630441943855,19590.744137524416,loss,4.2999999999999545,9590.74413752442
2025-07-30 01:10:00+00:00,2025-07-30 04:00:00+00:00,sell,561.82,565.35,558.2900000000001,565.35,55.49785874652852,-195.90744137524416,19394.83669614917,loss,3.5299999999999727,9394.836696149176
2025-07-30 07:05:00+00:00,2025-07-30 07:30:00+00:00,sell,567.1700000000001,569.04,565.3000000000002,565.3000000000002,103.71570425748824,193.9483669614917,19588.785063110663,win,-1.8699999999998909,9588.785063110667
2025-07-30 07:40:00+00:00,2025-07-30 10:00:00+00:00,sell,564.51,567.6,561.42,567.6,63.394126417833206,-195.88785063110663,19392.897212479555,loss,3.090000000000032,9392.89721247956
2025-07-30 10:35:00+00:00,2025-07-30 10:55:00+00:00,sell,566.15,568.14,564.16,564.16,97.45174478632899,193.92897212479556,19586.82618460435,win,-1.990000000000009,9586.826184604355
2025-07-30 12:20:00+00:00,2025-07-30 12:35:00+00:00,sell,565.4300000000001,567.9,562.9600000000002,562.9600000000002,79.29889143564792,195.8682618460435,19782.694446450394,win,-2.4699999999999136,9782.6944464504
2025-07-30 12:45:00+00:00,2025-07-30 13:40:00+00:00,sell,561.8000000000001,566.42,557.1800000000002,566.42,42.81968494902784,-197.82694446450395,19584.86750198589,loss,4.619999999999891,9584.867501985895
2025-07-30 13:55:00+00:00,2025-07-30 14:45:00+00:00,sell,563.38,566.78,559.98,559.98,57.60255147642947,195.8486750198589,19780.716177005746,win,-3.3999999999999773,9780.716177005754
2025-07-30 14:55:00+00:00,2025-07-30 15:10:00+00:00,sell,559.1,563.3,554.9000000000001,563.3,47.096943278585876,-197.80716177005746,19582.909015235688,loss,4.199999999999932,9582.909015235697
2025-07-30 22:05:00+00:00,2025-07-30 22:10:00+00:00,sell,561.32,570.12,552.5200000000001,552.5200000000001,22.25330569913158,195.82909015235688,19778.738105388045,win,-8.799999999999955,9778.738105388053
2025-07-31 02:05:00+00:00,2025-07-31 02:10:00+00:00,buy,568.14,566.0500000000001,570.2299999999999,570.2299999999999,94.63511055209962,197.78738105388047,19976.525486441926,win,2.089999999999918,9976.525486441933
2025-07-31 02:20:00+00:00,2025-07-31 21:00:00+00:00,buy,587.68,566.0500000000001,609.3099999999998,566.0500000000001,9.235564256330113,-199.76525486441926,19776.760231577508,loss,-21.62999999999988,9776.760231577513
2025-07-31 21:10:00+00:00,2025-07-31 23:05:00+00:00,sell,565.5400000000001,570.56,560.5200000000002,560.5200000000002,39.3959367162909,197.76760231577512,19974.527833893284,win,-5.019999999999868,9974.527833893288
2025-08-01 01:25:00+00:00,2025-08-01 03:40:00+00:00,sell,563.1600000000001,570.41,555.9100000000002,555.9100000000002,27.551072874335997,199.74527833893285,20174.27311223222,win,-7.249999999999886,10174.27311223222
2025-08-01 03:50:00+00:00,2025-08-01 06:20:00+00:00,sell,555.84,563.63,548.0500000000001,563.63,25.897654829566513,-201.7427311223222,19972.530381109897,loss,7.789999999999964,9972.530381109898
2025-08-01 07:05:00+00:00,2025-08-01 08:00:00+00:00,sell,567.14,569.6999999999999,564.58,564.58,78.0176968012122,199.72530381109897,20172.255684920994,win,-2.5599999999999454,10172.255684920998
2025-08-01 08:15:00+00:00,2025-08-01 09:00:00+00:00,sell,564.5500000000001,567.72,561.3800000000001,561.3800000000001,63.63487597766957,201.72255684920995,20373.978241770204,win,-3.169999999999959,10373.978241770208
2025-08-01 09:20:00+00:00,2025-08-01 10:50:00+00:00,sell,561.09,565.6,556.58,556.58,45.17511805270565,203.73978241770206,20577.718024187907,win,-4.509999999999991,10577.71802418791
2025-08-01 11:00:00+00:00,2025-08-01 11:05:00+00:00,sell,555.44,560.27,550.6100000000001,550.6100000000001,42.60397106457188,205.77718024187908,20783.495204429786,win,-4.829999999999927,10783.49520442979
2025-08-01 13:00:00+00:00,2025-08-01 14:00:00+00:00,sell,551.64,556.18,547.1,547.1,45.77862379830386,207.83495204429786,20991.330156474083,win,-4.539999999999964,10991.330156474087
2025-08-01 15:30:00+00:00,2025-08-01 15:35:00+00:00,sell,553.03,558.18,547.88,558.18,40.759864381503256,-209.91330156474083,20781.41685490934,loss,5.149999999999977,10781.416854909347
2025-08-01 16:30:00+00:00,2025-08-01 16:50:00+00:00,sell,552.24,559.4399999999999,545.0400000000001,545.0400000000001,28.863078965152138,207.8141685490934,20989.231023458433,win,-7.199999999999932,10989.23102345844
2025-08-01 18:05:00+00:00,2025-08-01 18:15:00+00:00,sell,553.03,557.9599999999999,548.1,548.1,42.57450511857738,209.89231023458433,21199.123333693016,win,-4.92999999999995,11199.123333693024
2025-08-01 19:45:00+00:00,2025-08-01 19:55:00+00:00,sell,550.12,555.0899999999999,545.1500000000001,545.1500000000001,42.65417169757221,211.9912333369302,21411.114567029945,win,-4.969999999999914,11411.114567029954
2025-08-01 20:05:00+00:00,2025-08-01 21:15:00+00:00,sell,545.08,552.6,537.5600000000001,537.5600000000001,28.472226817859042,214.11114567029946,21625.225712700245,win,-7.519999999999982,11625.225712700254
2025-08-01 22:10:00+00:00,2025-08-01 23:40:00+00:00,sell,537.02,542.86,531.18,531.18,37.029496083390626,216.25225712700242,21841.477969827247,win,-5.840000000000032,11841.477969827256
2025-08-02 01:05:00+00:00,2025-08-02 01:25:00+00:00,sell,534.84,538.5,531.1800000000001,531.1800000000001,59.6761693164684,218.41477969827247,22059.89274952552,win,-3.659999999999968,12059.892749525528
2025-08-02 01:35:00+00:00,2025-08-02 03:15:00+00:00,sell,530.58,536.6899999999999,524.4700000000001,536.6899999999999,36.10457078482141,-220.59892749525523,21839.293822030264,loss,6.1099999999999,11839.293822030273
2025-08-02 04:30:00+00:00,2025-08-02 07:40:00+00:00,sell,538.9100000000001,541.99,535.8300000000002,541.99,70.90679812347656,-218.39293822030265,21620.90088380996,loss,3.0799999999999272,11620.90088380997
2025-08-02 08:15:00+00:00,2025-08-02 09:00:00+00:00,sell,538.34,542.4599999999999,534.2200000000001,542.4599999999999,52.477914766530425,-216.20900883809963,21404.69187497186,loss,4.119999999999891,11404.691874971872
2025-08-02 09:20:00+00:00,2025-08-02 12:35:00+00:00,sell,537.87,542.74,533.0,533.0,43.95213937365881,214.0469187497186,21618.73879372158,win,-4.8700000000000045,11618.73879372159
2025-08-02 12:50:00+00:00,2025-08-02 16:20:00+00:00,sell,531.99,537.12,526.86,537.12,42.1417910208998,-216.1873879372158,21402.551405784365,loss,5.1299999999999955,11402.551405784374
2025-08-02 17:15:00+00:00,2025-08-02 17:30:00+00:00,sell,534.8100000000001,537.37,532.2500000000001,532.2500000000001,83.60371642884695,214.02551405784362,21616.57691984221,win,-2.5599999999999454,11616.576919842217
2025-08-02 17:40:00+00:00,2025-08-02 19:10:00+00:00,sell,531.9,537.26,526.54,526.54,40.329434551944324,216.16576919842214,21832.74268904063,win,-5.360000000000014,11832.742689040639
2025-08-02 19:30:00+00:00,2025-08-02 19:40:00+00:00,sell,526.22,529.15,523.2900000000001,529.15,74.51448016737544,-218.32742689040631,21614.415262150225,loss,2.92999999999995,11614.415262150233
2025-08-02 20:55:00+00:00,2025-08-03 02:20:00+00:00,sell,526.33,533.3299999999999,519.3300000000002,519.3300000000002,30.877736088786538,216.14415262150226,21830.559414771727,win,-6.999999999999886,11830.559414771735
2025-08-03 02:30:00+00:00,2025-08-03 03:25:00+00:00,sell,519.2900000000001,522.8399999999999,515.7400000000002,515.7400000000002,61.49453356274002,218.30559414771727,22048.865008919445,win,-3.549999999999841,12048.865008919453
2025-08-03 03:35:00+00:00,2025-08-03 03:45:00+00:00,sell,515.1700000000001,520.5799999999999,509.7600000000002,520.5799999999999,40.75575787231061,-220.48865008919446,21828.37635883025,loss,5.4099999999998545,11828.376358830257
2025-08-03 13:15:00+00:00,2025-08-03 13:20:00+00:00,buy,538.86,537.3000000000001,540.42,537.3000000000001,139.92548947968598,-218.2837635883025,21610.092595241946,loss,-1.5599999999999454,11610.092595241955
2025-08-03 13:45:00+00:00,2025-08-03 14:00:00+00:00,buy,539.03,537.12,540.9399999999999,540.9399999999999,113.14184604838904,216.10092595241946,21826.193521194364,win,1.9099999999999682,11826.193521194375
2025-08-03 14:10:00+00:00,2025-08-03 14:35:00+00:00,buy,541.01,538.3000000000001,543.7199999999999,538.3000000000001,80.53945948780438,-218.26193521194364,21607.93158598242,loss,-2.7099999999999227,11607.931585982431
2025-08-03 15:50:00+00:00,2025-08-04 00:15:00+00:00,buy,539.74,536.2900000000001,543.1899999999999,543.1899999999999,62.63168575647202,216.0793158598242,21824.010901842244,win,3.449999999999932,11824.010901842255
2025-08-04 00:30:00+00:00,2025-08-04 00:55:00+00:00,buy,543.4399999999999,541.7900000000001,545.0899999999998,545.0899999999998,132.26673273844878,218.24010901842243,22042.251010860666,win,1.6499999999998636,12042.251010860678
2025-08-04 02:10:00+00:00,2025-08-04 02:15:00+00:00,buy,542.26,540.3000000000001,544.2199999999999,544.2199999999999,112.46046434113029,220.42251010860667,22262.67352096927,win,1.9599999999999227,12262.673520969285
2025-08-04 03:20:00+00:00,2025-08-04 03:50:00+00:00,buy,545.15,540.3000000000001,549.9999999999999,549.9999999999999,45.90241963086533,222.6267352096927,22485.30025617896,win,4.849999999999909,12485.300256178978
2025-08-04 04:00:00+00:00,2025-08-04 17:00:00+00:00,buy,550.11,544.25,555.97,555.97,38.37081954979336,224.85300256178962,22710.153258740753,win,5.860000000000014,12710.153258740767
2025-08-04 17:10:00+00:00,2025-08-04 17:15:00+00:00,buy,557.85,551.48,564.22,564.22,35.651731960346524,227.10153258740752,22937.25479132816,win,6.3700000000000045,12937.254791328174
2025-08-04 18:05:00+00:00,2025-08-05 21:45:00+00:00,buy,573.48,552.9100000000001,594.05,552.9100000000001,11.150828775560639,-229.37254791328164,22707.88224341488,loss,-20.569999999999936,12707.882243414893
2025-08-05 22:10:00+00:00,2025-08-05 22:45:00+00:00,sell,551.4,557.31,545.49,545.49,38.42281259461083,227.0788224341488,22934.961065849027,win,-5.909999999999968,12934.961065849042
2025-08-05 22:55:00+00:00,2025-08-06 00:20:00+00:00,sell,543.5500000000001,547.62,539.4800000000001,547.62,56.35125569004764,-229.3496106584903,22705.611455190538,loss,4.069999999999936,12705.611455190552
2025-08-06 03:05:00+00:00,2025-08-06 04:10:00+00:00,sell,548.0500000000001,550.28,545.8200000000002,550.28,101.81888544928928,-227.05611455190538,22478.55534063863,loss,2.2299999999999045,12478.555340638646
2025-08-06 06:30:00+00:00,2025-08-06 06:35:00+00:00,sell,552.49,554.74,550.24,554.74,99.90469040283837,-224.78555340638633,22253.769787232246,loss,2.25,12253.76978723226
2025-08-06 07:35:00+00:00,2025-08-06 08:05:00+00:00,sell,552.1800000000001,556.4499999999999,547.9100000000002,556.4499999999999,52.11655687876566,-222.53769787232247,22031.232089359924,loss,4.269999999999868,12031.232089359939
2025-08-06 17:05:00+00:00,2025-08-06 17:55:00+00:00,buy,559.43,555.2,563.6599999999999,563.6599999999999,52.08329099139579,220.31232089359924,22251.544410253522,win,4.2299999999999045,12251.544410253538
2025-08-06 18:35:00+00:00,2025-08-06 19:00:00+00:00,buy,564.81,558.4,571.2199999999999,571.2199999999999,34.71379783190894,222.5154441025352,22474.05985435606,win,6.409999999999968,12474.059854356074
2025-08-06 20:20:00+00:00,2025-08-07 09:00:00+00:00,buy,568.74,564.69,572.79,572.79,55.49150581322546,224.7405985435606,22698.80045289962,win,4.0499999999999545,12698.800452899633
2025-08-07 09:10:00+00:00,2025-08-07 12:35:00+00:00,buy,573.0699999999999,566.9,579.2399999999999,566.9,36.78897966434323,-226.9880045289962,22471.812448370623,loss,-6.169999999999959,12471.812448370638
2025-08-07 12:45:00+00:00,2025-08-07 12:50:00+00:00,buy,569.4499999999999,566.49,572.4099999999999,572.4099999999999,75.9182852985514,224.71812448370628,22696.530572854328,win,2.9599999999999227,12696.530572854344
2025-08-07 13:00:00+00:00,2025-08-07 13:30:00+00:00,buy,572.8399999999999,565.59,580.0899999999998,580.0899999999998,31.305559410834046,226.96530572854329,22923.49587858287,win,7.249999999999886,12923.495878582888
2025-08-07 13:40:00+00:00,2025-08-07 14:15:00+00:00,buy,580.2099999999999,576.1600000000001,584.2599999999998,576.1600000000001,56.60122439156487,-229.23495878582872,22694.26091979704,loss,-4.049999999999841,12694.26091979706
2025-08-07 16:50:00+00:00,2025-08-07 19:45:00+00:00,buy,577.99,571.47,584.51,571.47,34.80714864999556,-226.94260919797043,22467.318310599072,loss,-6.519999999999982,12467.318310599088
2025-08-07 22:20:00+00:00,2025-08-07 22:45:00+00:00,buy,575.99,574.51,577.47,577.47,151.8062048013432,224.6731831059907,22691.991493705063,win,1.4800000000000182,12691.99149370508
2025-08-07 22:55:00+00:00,2025-08-08 03:05:00+00:00,buy,578.5799999999999,575.5600000000001,581.5999999999998,581.5999999999998,75.13904468114588,226.91991493705063,22918.911408642114,win,3.019999999999868,12918.91140864213
2025-08-08 03:35:00+00:00,2025-08-08 04:00:00+00:00,buy,582.49,579.82,585.16,579.82,85.83861950802421,-229.1891140864211,22689.722294555693,loss,-2.669999999999959,12689.72229455571
2025-08-08 10:10:00+00:00,2025-08-08 17:05:00+00:00,buy,577.92,573.52,582.3199999999999,582.3199999999999,51.567550669445026,226.89722294555693,22916.61951750125,win,4.399999999999977,12916.619517501267
2025-08-08 19:45:00+00:00,2025-08-08 20:30:00+00:00,buy,580.01,577.45,582.5699999999999,582.5699999999999,89.51804499024118,229.16619517501255,23145.785712676265,win,2.5599999999999454,13145.78571267628
2025-08-08 20:40:00+00:00,2025-08-09 08:20:00+00:00,buy,584.74,580.4300000000001,589.05,589.05,53.702519054934015,231.45785712676266,23377.243569803028,win,4.309999999999945,13377.243569803042
2025-08-09 08:30:00+00:00,2025-08-09 16:10:00+00:00,buy,589.0799999999999,582.7900000000001,595.3699999999998,582.7900000000001,37.165729045792666,-233.7724356980303,23143.471134105,loss,-6.28999999999985,13143.471134105012
2025-08-09 17:50:00+00:00,2025-08-09 17:55:00+00:00,sell,572.75,575.4599999999999,570.0400000000001,570.0400000000001,85.40026248747476,231.43471134105,23374.90584544605,win,-2.7099999999999227,13374.905845446061
2025-08-09 18:05:00+00:00,2025-08-10 04:10:00+00:00,sell,565.86,574.63,557.09,574.63,26.6532563802122,-233.74905845446048,23141.15678699159,loss,8.769999999999982,13141.1567869916
2025-08-10 05:30:00+00:00,2025-08-10 06:05:00+00:00,sell,571.38,573.64,569.12,573.64,102.39449905748532,-231.4115678699159,22909.745219121673,loss,2.259999999999991,12909.745219121683
2025-08-10 08:05:00+00:00,2025-08-10 08:10:00+00:00,sell,577.6700000000001,579.06,576.2800000000002,576.2800000000002,164.818310928948,229.09745219121672,23138.84267131289,win,-1.3899999999998727,13138.842671312901
2025-08-10 08:20:00+00:00,2025-08-10 08:25:00+00:00,sell,575.96,578.8199999999999,573.1000000000001,573.1000000000001,80.90504430529265,231.3884267131289,23370.23109802602,win,-2.8599999999999,13370.23109802603
2025-08-10 08:50:00+00:00,2025-08-10 11:00:00+00:00,sell,568.5600000000001,577.9499999999999,559.1700000000002,559.1700000000002,24.88842502452219,233.7023109802602,23603.93340900628,win,-9.389999999999873,13603.93340900629
2025-08-10 13:30:00+00:00,2025-08-10 14:55:00+00:00,sell,563.03,566.48,559.5799999999999,566.48,68.41719828697381,-236.03933409006277,23367.894074916218,loss,3.4500000000000455,13367.894074916227
2025-08-10 16:15:00+00:00,2025-08-10 16:40:00+00:00,sell,567.11,569.67,564.5500000000001,564.5500000000001,91.28083623014342,233.67894074916217,23601.57301566538,win,-2.5599999999999454,13601.573015665388
2025-08-10 16:55:00+00:00,2025-08-10 17:25:00+00:00,sell,564.28,567.16,561.4,567.16,81.9499063043938,-236.0157301566538,23365.557285508727,loss,2.8799999999999955,13365.557285508734
2025-08-11 00:05:00+00:00,2025-08-11 00:10:00+00:00,sell,568.4300000000001,569.62,567.2400000000001,567.2400000000001,196.3492208866377,233.65557285508726,23599.212858363815,win,-1.1899999999999409,13599.21285836382
2025-08-11 00:35:00+00:00,2025-08-11 01:55:00+00:00,sell,565.6,569.36,561.84,569.36,62.7638639850103,-235.99212858363816,23363.220729780176,loss,3.759999999999991,13363.220729780182
2025-08-11 05:05:00+00:00,2025-08-11 05:20:00+00:00,buy,572.64,569.44,575.8399999999999,575.8399999999999,73.0100647805646,233.63220729780176,23596.852937077976,win,3.199999999999932,13596.852937077983
2025-08-11 05:35:00+00:00,2025-08-11 11:00:00+00:00,buy,576.4499999999999,570.64,582.2599999999999,570.64,40.614204710977965,-235.96852937077975,23360.884407707195,loss,-5.809999999999945,13360.884407707204
2025-08-11 11:35:00+00:00,2025-08-11 12:40:00+00:00,buy,574.68,570.1800000000001,579.1799999999998,570.1800000000001,51.91307646157286,-233.60884407707195,23127.275563630123,loss,-4.499999999999886,13127.275563630132
2025-08-11 12:50:00+00:00,2025-08-11 12:55:00+00:00,buy,577.48,569.88,585.08,585.08,30.430625741618492,231.27275563630124,23358.548319266425,win,7.600000000000023,13358.548319266432
2025-08-11 13:05:00+00:00,2025-08-12 20:30:00+00:00,buy,591.11,569.88,612.34,612.34,11.002613433474519,233.58548319266424,23592.133802459088,win,21.230000000000018,13592.133802459097
2025-08-12 20:40:00+00:00,2025-08-13 08:40:00+00:00,buy,614.81,605.39,624.2299999999999,605.39,25.04472802808831,-235.92133802459088,23356.2124644345,loss,-9.419999999999959,13356.212464434506
2025-08-13 16:15:00+00:00,2025-08-13 16:25:00+00:00,buy,607.81,605.35,610.2699999999999,610.2699999999999,94.94395310746029,233.56212464434498,23589.774589078843,win,2.4599999999999227,13589.77458907885
2025-08-13 16:35:00+00:00,2025-08-13 16:40:00+00:00,buy,616.51,606.15,626.87,626.87,22.770052692161016,235.89774589078843,23825.672334969633,win,10.360000000000014,13825.672334969639
2025-08-14 01:05:00+00:00,2025-08-14 01:15:00+00:00,buy,611.4,609.37,613.43,613.43,117.36784401463031,238.25672334969633,24063.92905831933,win,2.0299999999999727,14063.929058319334
2025-08-14 01:30:00+00:00,2025-08-14 02:35:00+00:00,buy,613.51,609.98,617.04,617.04,68.16977070345472,240.6392905831933,24304.56834890252,win,3.5299999999999727,14304.568348902527
2025-08-14 03:25:00+00:00,2025-08-14 04:20:00+00:00,buy,617.2099999999999,614.64,619.7799999999999,619.7799999999999,94.57030485954523,243.04568348902524,24547.614032391546,win,2.5699999999999363,14547.614032391552
2025-08-14 04:30:00+00:00,2025-08-14 05:00:00+00:00,buy,620.3399999999999,616.7900000000001,623.8899999999998,623.8899999999998,69.14820854195112,245.47614032391547,24793.090172715463,win,3.549999999999841,14793.090172715467
2025-08-14 06:15:00+00:00,2025-08-14 08:20:00+00:00,buy,622.56,618.6700000000001,626.4499999999998,618.6700000000001,63.735450315466004,-247.93090172715463,24545.159270988308,loss,-3.8899999999998727,14545.159270988312
2025-08-14 13:40:00+00:00,2025-08-14 15:30:00+00:00,sell,605.52,609.92,601.12,601.12,55.784452888610076,245.45159270988307,24790.61086369819,win,-4.399999999999977,14790.610863698195
2025-08-14 16:00:00+00:00,2025-08-19 17:20:00+00:00,sell,582.8100000000001,608.61,557.0100000000001,557.0100000000001,9.60876390065823,247.9061086369819,25038.516972335172,win,-25.799999999999955,15038.516972335177
2025-08-19 17:30:00+00:00,2025-08-19 19:35:00+00:00,sell,556.82,562.5799999999999,551.0600000000002,551.0600000000002,43.46964752141616,250.38516972335174,25288.902142058523,win,-5.759999999999877,15288.902142058529
2025-08-19 19:50:00+00:00,2025-08-19 22:30:00+00:00,sell,550.08,554.87,545.2900000000001,554.87,52.795202801792726,-252.88902142058524,25036.013120637937,loss,4.789999999999964,15036.013120637943
2025-08-20 01:00:00+00:00,2025-08-20 01:10:00+00:00,sell,553.1600000000001,554.79,551.5300000000002,551.5300000000002,153.5951725192623,250.36013120637938,25286.373251844318,win,-1.6299999999998818,15286.373251844323
2025-08-20 01:20:00+00:00,2025-08-20 02:25:00+00:00,sell,551.36,554.6899999999999,548.0300000000001,548.0300000000001,75.93505481034495,252.86373251844316,25539.23698436276,win,-3.3299999999999272,15539.236984362766
2025-08-20 02:35:00+00:00,2025-08-20 03:10:00+00:00,sell,547.7900000000001,550.04,545.5400000000002,550.04,113.5077199305069,-255.39236984362762,25283.844614519134,loss,2.2499999999998863,15283.844614519137
2025-08-20 04:30:00+00:00,2025-08-20 04:35:00+00:00,sell,548.7,551.92,545.4800000000001,545.4800000000001,78.52125656683171,252.8384461451913,25536.683060664323,win,-3.2199999999999136,15536.683060664329
2025-08-20 05:55:00+00:00,2025-08-20 06:30:00+00:00,sell,549.76,551.75,547.77,551.75,128.3250405058503,-255.36683060664325,25281.31623005768,loss,1.990000000000009,15281.316230057686
2025-08-20 08:15:00+00:00,2025-08-20 08:35:00+00:00,sell,549.5400000000001,551.25,547.8300000000002,551.25,147.8439545617475,-252.81316230057678,25028.503067757105,loss,1.7099999999999227,15028.503067757109
2025-08-20 09:50:00+00:00,2025-08-20 10:30:00+00:00,sell,551.44,553.61,549.2700000000001,549.2700000000001,115.33872381455105,250.28503067757106,25278.788098434678,win,-2.169999999999959,15278.78809843468
2025-08-20 10:40:00+00:00,2025-08-20 14:40:00+00:00,sell,549.0600000000001,553.02,545.1000000000001,545.1000000000001,63.835323480896896,252.78788098434677,25531.575979419023,win,-3.9599999999999227,15531.575979419025
2025-08-20 16:10:00+00:00,2025-08-20 16:45:00+00:00,sell,548.4100000000001,551.05,545.7700000000002,545.7700000000002,96.71051507356157,255.31575979419023,25786.891739213213,win,-2.6399999999998727,15786.891739213215
2025-08-20 16:55:00+00:00,2025-08-20 17:50:00+00:00,sell,544.7,550.41,538.9900000000001,550.41,45.16093124205527,-257.8689173921321,25529.02282182108,loss,5.709999999999923,15529.022821821083
2025-08-20 22:05:00+00:00,2025-08-20 22:20:00+00:00,buy,554.93,551.63,558.2299999999999,558.2299999999999,77.3606752176407,255.2902282182108,25784.31305003929,win,3.2999999999999545,15784.313050039294
2025-08-20 22:45:00+00:00,2025-08-21 12:00:00+00:00,buy,559.0799999999999,554.14,564.0199999999999,554.14,52.19496568833927,-257.84313050039293,25526.469919538897,loss,-4.939999999999941,15526.469919538902
2025-08-21 15:10:00+00:00,2025-08-21 16:35:00+00:00,sell,552.27,555.56,548.98,555.56,77.58805446668444,-255.26469919538897,25271.20522034351,loss,3.2899999999999636,15271.205220343512
2025-08-21 17:40:00+00:00,2025-08-21 21:50:00+00:00,sell,550.95,556.06,545.8400000000001,556.06,49.45441334705284,-252.71205220343506,25018.493168140074,loss,5.1099999999999,15018.493168140078
2025-08-21 23:30:00+00:00,2025-08-21 23:35:00+00:00,sell,554.01,556.13,551.89,551.89,118.01176022707557,250.18493168140074,25268.678099821474,win,-2.1200000000000045,15268.678099821478
2025-08-22 00:00:00+00:00,2025-08-22 03:20:00+00:00,sell,551.59,555.78,547.4000000000001,555.78,60.30710763680628,-252.68678099821474,25015.99131882326,loss,4.189999999999941,15015.991318823264
2025-08-22 05:05:00+00:00,2025-08-22 05:25:00+00:00,buy,557.73,554.95,560.51,560.51,89.9855802835378,250.15991318823262,25266.151232011493,win,2.7799999999999727,15266.151232011496
2025-08-22 05:40:00+00:00,2025-08-22 06:05:00+00:00,buy,560.62,557.4300000000001,563.81,563.81,79.2042358370281,252.66151232011492,25518.812744331608,win,3.189999999999941,15518.812744331612
2025-08-22 07:20:00+00:00,2025-08-22 08:25:00+00:00,buy,560.18,557.2,563.1599999999999,557.2,85.63359981319606,-255.18812744331606,25263.624616888294,loss,-2.9799999999999045,15263.624616888295
2025-08-22 09:10:00+00:00,2025-08-22 09:40:00+00:00,buy,559.62,557.1700000000001,562.0699999999999,557.1700000000001,103.11683517097549,-252.63624616888293,25010.98837071941,loss,-2.449999999999932,15010.988370719413
2025-08-22 10:35:00+00:00,2025-08-22 13:30:00+00:00,buy,560.86,556.2,565.52,556.2,53.6716488642051,-250.1098837071941,24760.878487012214,loss,-4.659999999999968,14760.878487012218
2025-08-22 17:05:00+00:00,2025-08-22 17:10:00+00:00,buy,559.89,553.38,566.4,566.4,38.03514360524155,247.60878487012215,25008.487271882335,win,6.509999999999991,15008.48727188234
2025-08-22 17:25:00+00:00,2025-08-22 19:05:00+00:00,buy,578.1899999999999,555.63,600.7499999999999,600.7499999999999,11.085322372288296,250.08487271882336,25258.57214460116,win,22.559999999999945,15258.572144601165
2025-08-22 19:20:00+00:00,2025-08-23 04:15:00+00:00,buy,600.97,593.61,608.33,593.61,34.31871215299064,-252.5857214460116,25005.986423155147,loss,-7.360000000000014,15005.986423155153
2025-08-23 07:40:00+00:00,2025-08-23 11:00:00+00:00,buy,590.8199999999999,587.87,593.7699999999999,587.87,84.76605567171433,-250.05986423155147,24755.926558923595,loss,-2.949999999999932,14755.926558923602
2025-08-23 12:35:00+00:00,2025-08-23 13:15:00+00:00,buy,589.35,587.5600000000001,591.14,587.5600000000001,138.3012656923134,-247.55926558923593,24508.36729333436,loss,-1.7899999999999636,14508.367293334366
2025-08-24 01:05:00+00:00,2025-08-24 01:10:00+00:00,buy,587.16,586.59,587.7299999999999,587.7299999999999,429.9713560234578,245.0836729333436,24753.4509662677,win,0.5699999999999363,14753.45096626771
2025-08-24 01:35:00+00:00,2025-08-24 02:20:00+00:00,buy,588.64,586.7,590.5799999999999,590.5799999999999,127.59510807354874,247.534509662677,25000.985475930378,win,1.9399999999999409,15000.985475930387
2025-08-24 03:00:00+00:00,2025-08-24 03:20:00+00:00,buy,590.61,589.69,591.53,591.53,271.7498421296901,250.00985475930375,25250.995330689682,win,0.9199999999999591,15250.995330689691
2025-08-24 03:30:00+00:00,2025-08-24 04:50:00+00:00,buy,592.73,589.9100000000001,595.55,595.55,89.54253663365337,252.5099533068968,25503.50528399658,win,2.8199999999999363,15503.505283996588
2025-08-24 06:15:00+00:00,2025-08-24 06:40:00+00:00,buy,594.7099999999999,592.97,596.4499999999998,592.97,146.571869448265,-255.03505283996577,25248.470231156614,loss,-1.7399999999998954,15248.470231156623
2025-08-24 07:00:00+00:00,2025-08-24 08:50:00+00:00,buy,595.56,592.8000000000001,598.3199999999998,592.8000000000001,91.47996460564397,-252.48470231156614,24995.98552884505,loss,-2.759999999999877,14995.985528845058
2025-08-24 11:05:00+00:00,2025-08-24 11:10:00+00:00,buy,590.66,589.4,591.92,591.92,198.38083753051768,249.95985528845048,25245.945384133498,win,1.259999999999991,15245.945384133509
2025-08-24 12:25:00+00:00,2025-08-24 13:00:00+00:00,buy,592.89,591.64,594.14,594.14,201.967563073068,252.459453841335,25498.404837974835,win,1.25,15498.404837974844
2025-08-24 13:55:00+00:00,2025-08-24 16:35:00+00:00,buy,594.53,591.88,597.18,591.88,96.2203956150002,-254.98404837974834,25243.420789595086,loss,-2.6499999999999773,15243.420789595095
2025-08-24 18:00:00+00:00,2025-08-24 20:40:00+00:00,buy,593.0799999999999,590.21,595.9499999999998,595.9499999999998,87.9561699985925,252.43420789595086,25495.85499749104,win,2.869999999999891,15495.854997491046
2025-08-24 21:35:00+00:00,2025-08-24 22:30:00+00:00,buy,596.9399999999999,593.0400000000001,600.8399999999998,593.0400000000001,65.37398717305624,-254.9585499749104,25240.896447516126,loss,-3.8999999999998636,15240.896447516136
2025-08-25 00:05:00+00:00,2025-08-25 00:30:00+00:00,sell,584.9300000000001,588.1899999999999,581.6700000000002,588.1899999999999,77.42606272244502,-252.40896447516127,24988.487483040964,loss,3.259999999999877,14988.487483040974
2025-08-25 01:20:00+00:00,2025-08-25 03:05:00+00:00,sell,584.0500000000001,588.9499999999999,579.1500000000002,579.1500000000002,50.99691323069727,249.88487483040964,25238.372357871373,win,-4.899999999999864,15238.372357871383
2025-08-25 03:35:00+00:00,2025-08-25 03:40:00+00:00,sell,578.73,583.66,573.8000000000001,573.8000000000001,51.19345305856314,252.38372357871373,25490.756081450087,win,-4.92999999999995,15490.756081450098
2025-08-25 06:00:00+00:00,2025-08-25 06:30:00+00:00,sell,583.89,585.86,581.92,581.92,129.39470092106464,254.90756081450087,25745.663642264586,win,-1.9700000000000273,15745.663642264599
2025-08-25 06:55:00+00:00,2025-08-25 07:35:00+00:00,sell,580.72,585.05,576.3900000000001,576.3900000000001,59.45880748790998,257.4566364226459,26003.12027868723,win,-4.329999999999927,16003.120278687245
2025-08-25 08:50:00+00:00,2025-08-25 08:55:00+00:00,sell,575.84,579.27,572.4100000000001,572.4100000000001,75.81084629354989,260.0312027868723,26263.151481474102,win,-3.42999999999995,16263.151481474119
2025-08-25 09:05:00+00:00,2025-08-25 10:10:00+00:00,sell,572.12,577.9,566.34,566.34,45.43797834165091,262.631514814741,26525.782996288843,win,-5.779999999999973,16525.78299628886
2025-08-25 10:50:00+00:00,2025-08-25 13:25:00+00:00,sell,565.15,571.02,559.28,559.28,45.18872742127568,265.2578299628884,26791.04082625173,win,-5.8700000000000045,16791.04082625175
2025-08-25 14:25:00+00:00,2025-08-25 15:10:00+00:00,sell,559.19,564.15,554.2300000000001,564.15,54.01419521421804,-267.9104082625173,26523.130417989214,loss,4.959999999999923,16523.130417989232
2025-08-25 16:40:00+00:00,2025-08-25 16:45:00+00:00,sell,562.62,564.3299999999999,560.9100000000001,564.3299999999999,155.10602583620127,-265.23130417989216,26257.899113809322,loss,1.7099999999999227,16257.89911380934
2025-08-25 18:10:00+00:00,2025-08-25 18:25:00+00:00,sell,561.5,563.38,559.62,563.38,139.66967613728397,-262.5789911380932,25995.32012267123,loss,1.8799999999999955,15995.320122671248
2025-08-25 18:35:00+00:00,2025-08-25 18:50:00+00:00,sell,561.08,563.88,558.2800000000001,558.2800000000001,92.84042900954161,259.9532012267123,26255.27332389794,win,-2.7999999999999545,16255.27332389796
2025-08-25 19:00:00+00:00,2025-08-25 22:55:00+00:00,sell,557.21,563.0699999999999,551.3500000000001,551.3500000000001,44.80422068924641,262.55273323897944,26517.82605713692,win,-5.8599999999999,16517.82605713694
2025-08-25 23:05:00+00:00,2025-08-25 23:10:00+00:00,sell,549.3000000000001,554.79,543.8100000000002,543.8100000000002,48.30205110589695,265.1782605713692,26783.00431770829,win,-5.489999999999895,16783.00431770831
2025-08-25 23:30:00+00:00,2025-08-26 14:15:00+00:00,sell,543.6600000000001,553.8199999999999,533.5000000000002,533.5000000000002,26.36122472215421,267.8300431770829,27050.834360885376,win,-10.159999999999854,17050.834360885394
2025-08-26 14:25:00+00:00,2025-08-26 15:35:00+00:00,sell,533.46,537.24,529.6800000000001,537.24,71.56305386477663,-270.50834360885375,26780.326017276522,loss,3.7799999999999727,16780.32601727654
2025-08-26 16:50:00+00:00,2025-08-26 17:20:00+00:00,sell,536.3000000000001,540.42,532.1800000000002,540.42,65.00079130407096,-267.80326017276525,26512.522757103758,loss,4.119999999999891,16512.522757103776
2025-08-26 18:35:00+00:00,2025-08-26 20:40:00+00:00,sell,536.63,541.76,531.5,531.5,51.68133091053368,265.12522757103756,26777.647984674793,win,-5.1299999999999955,16777.64798467481
2025-08-26 20:55:00+00:00,2025-08-26 21:25:00+00:00,sell,531.15,534.7099999999999,527.59,534.7099999999999,75.21811231650338,-267.7764798467479,26509.871504828046,loss,3.5599999999999454,16509.871504828065
2025-08-26 23:45:00+00:00,2025-08-27 00:05:00+00:00,sell,539.8000000000001,541.77,537.8300000000002,537.8300000000002,134.56787565903153,265.0987150482805,26774.970219876326,win,-1.9699999999999136,16774.970219876344
2025-08-27 00:15:00+00:00,2025-08-27 01:10:00+00:00,sell,537.5500000000001,540.97,534.1300000000001,540.97,78.28938660782646,-267.74970219876326,26507.220517677564,loss,3.419999999999959,16507.220517677582
2025-08-27 05:25:00+00:00,2025-08-27 06:55:00+00:00,buy,547.4599999999999,542.5,552.4199999999998,552.4199999999998,53.44197685015721,265.07220517677564,26772.29272285434,win,4.959999999999923,16772.29272285436
2025-08-27 07:05:00+00:00,2025-08-28 11:00:00+00:00,buy,554.49,545.03,563.95,563.95,28.300520848683128,267.7229272285434,27040.015650082885,win,9.460000000000036,17040.015650082903
2025-08-28 17:10:00+00:00,2025-08-28 19:55:00+00:00,buy,554.47,551.35,557.59,551.35,86.66671682718861,-270.40015650082887,26769.615493582056,loss,-3.1200000000000045,16769.615493582074
2025-08-28 21:10:00+00:00,2025-08-28 21:25:00+00:00,sell,551.24,552.9599999999999,549.5200000000001,552.9599999999999,155.63729938129885,-267.6961549358206,26501.919338646236,loss,1.7199999999999136,16501.919338646254
2025-08-28 22:40:00+00:00,2025-08-28 22:50:00+00:00,sell,551.14,552.5699999999999,549.71,549.71,185.32810726326687,265.01919338646235,26766.9385320327,win,-1.42999999999995,16766.938532032716
2025-08-28 23:00:00+00:00,2025-08-29 01:05:00+00:00,sell,549.49,552.0899999999999,546.8900000000001,552.0899999999999,102.94976358474474,-267.66938532032697,26499.26914671237,loss,2.599999999999909,16499.269146712388
2025-08-29 03:05:00+00:00,2025-08-29 03:25:00+00:00,buy,556.5799999999999,555.35,557.8099999999998,557.8099999999998,215.44121257491403,264.9926914671237,26764.261838179493,win,1.2299999999999045,16764.26183817951
2025-08-29 04:55:00+00:00,2025-08-29 05:20:00+00:00,sell,550.83,554.53,547.1300000000001,554.53,72.33584280589186,-267.64261838179493,26496.619219797696,loss,3.699999999999932,16496.619219797714
2025-08-29 06:05:00+00:00,2025-08-29 07:10:00+00:00,buy,555.5899999999999,550.01,561.1699999999998,550.01,47.484980680641655,-264.96619219797697,26231.653027599717,loss,-5.579999999999927,16231.653027599737
2025-08-29 08:35:00+00:00,2025-08-29 09:10:00+00:00,buy,554.8299999999999,549.6800000000001,559.9799999999998,549.6800000000001,50.93524859728236,-262.3165302759972,25969.33649732372,loss,-5.149999999999864,15969.33649732374
2025-08-29 09:20:00+00:00,2025-08-29 09:40:00+00:00,sell,549.08,555.1899999999999,542.9700000000001,542.9700000000001,42.50300572393477,259.6933649732372,26229.029862296957,win,-6.1099999999999,16229.029862296977
2025-08-29 09:50:00+00:00,2025-08-29 11:15:00+00:00,sell,541.6,548.77,534.4300000000001,534.4300000000001,36.58163160710893,262.29029862296954,26491.320160919928,win,-7.169999999999959,16491.320160919946
2025-08-29 11:25:00+00:00,2025-08-29 12:00:00+00:00,sell,533.9,538.35,529.4499999999999,529.4499999999999,59.53105654139249,264.9132016091993,26756.23336252913,win,-4.4500000000000455,16756.233362529147
2025-08-29 13:15:00+00:00,2025-08-29 13:40:00+00:00,sell,533.73,536.35,531.11,536.35,102.12302810125604,-267.5623336252913,26488.67102890384,loss,2.6200000000000045,16488.671028903856
2025-08-29 13:50:00+00:00,2025-08-29 15:30:00+00:00,sell,532.9,536.79,529.01,536.79,68.09426999718234,-264.8867102890384,26223.7843186148,loss,3.8899999999999864,16223.784318614818
2025-08-29 16:30:00+00:00,2025-08-30 04:55:00+00:00,sell,533.11,542.78,523.44,523.44,27.118701467026792,262.237843186148,26486.022161800945,win,-9.669999999999959,16486.022161800967
2025-08-30 07:15:00+00:00,2025-08-30 08:40:00+00:00,sell,530.1700000000001,531.67,528.6700000000002,531.67,176.57348107868637,-264.86022161800946,26221.161940182938,loss,1.4999999999998863,16221.161940182958
2025-08-30 11:30:00+00:00,2025-08-30 13:15:00+00:00,sell,530.7,532.26,529.1400000000001,532.26,168.08437141143494,-262.21161940182935,25958.950320781107,loss,1.5599999999999454,15958.950320781129
2025-08-30 18:15:00+00:00,2025-08-31 03:00:00+00:00,buy,542.92,532.76,553.0799999999999,553.0799999999999,25.55014795352479,259.58950320781105,26218.53982398892,win,10.159999999999968,16218.53982398894
2025-08-31 03:45:00+00:00,2025-08-31 04:00:00+00:00,buy,553.23,551.25,555.21,551.25,132.4168677979226,-262.1853982398892,25956.35442574903,loss,-1.9800000000000182,15956.35442574905
2025-08-31 08:50:00+00:00,2025-08-31 09:50:00+00:00,buy,547.93,546.69,549.1699999999998,549.1699999999998,209.32543891734852,259.56354425749026,26215.917970006518,win,1.2399999999998954,16215.91797000654
2025-08-31 10:05:00+00:00,2025-08-31 10:50:00+00:00,buy,549.3,547.57,551.0299999999999,551.0299999999999,151.53709809253158,262.1591797000652,26478.077149706583,win,1.7299999999999045,16478.077149706605
2025-08-31 11:10:00+00:00,2025-08-31 12:30:00+00:00,buy,551.42,549.87,552.9699999999999,549.87,170.82630419166037,-264.7807714970658,26213.296378209518,loss,-1.5499999999999545,16213.29637820954
2025-08-31 22:05:00+00:00,2025-08-31 23:25:00+00:00,sell,542.27,543.15,541.39,543.15,297.87836793420064,-262.1329637820952,25951.16341442742,loss,0.8799999999999955,15951.163414427445
2025-09-01 02:05:00+00:00,2025-09-01 02:20:00+00:00,sell,544.96,546.8299999999999,543.0900000000001,543.0900000000001,138.77627494347027,259.51163414427424,26210.675048571695,win,-1.8699999999998909,16210.675048571718
2025-09-01 02:30:00+00:00,2025-09-01 03:35:00+00:00,sell,542.6700000000001,546.0799999999999,539.2600000000002,539.2600000000002,76.86414970255956,262.10675048571693,26472.78179905741,win,-3.4099999999998545,16472.781799057437
2025-09-01 04:05:00+00:00,2025-09-01 05:25:00+00:00,sell,539.12,543.6,534.64,534.64,59.0910308014672,264.7278179905741,26737.509617047985,win,-4.480000000000018,16737.50961704801
2025-09-01 05:35:00+00:00,2025-09-01 10:25:00+00:00,sell,532.86,538.37,527.35,538.37,48.52542580226503,-267.3750961704799,26470.134520877506,loss,5.509999999999991,16470.13452087753
2025-09-01 14:05:00+00:00,2025-09-01 14:15:00+00:00,buy,545.3199999999999,542.37,548.2699999999999,548.2699999999999,89.72926956229871,264.7013452087751,26734.83586608628,win,2.949999999999932,16734.835866086305
2025-09-01 17:40:00+00:00,2025-09-01 17:45:00+00:00,buy,544.55,542.6700000000001,546.4299999999998,542.6700000000001,142.20657375578702,-267.3483586608628,26467.487507425416,loss,-1.8799999999998818,16467.48750742544
2025-09-01 21:05:00+00:00,2025-09-01 21:10:00+00:00,buy,542.52,540.4200000000001,544.6199999999999,544.6199999999999,126.03565479726933,264.67487507425415,26732.16238249967,win,2.099999999999909,16732.162382499697
2025-09-01 22:25:00+00:00,2025-09-01 22:30:00+00:00,buy,543.3,542.0400000000001,544.5599999999998,544.5599999999998,212.16001890874824,267.3216238249967,26999.484006324667,win,1.2599999999998772,16999.484006324692
2025-09-02 00:35:00+00:00,2025-09-02 02:45:00+00:00,sell,535.57,542.04,529.1000000000001,542.04,41.730268943315345,-269.99484006324667,26729.48916626142,loss,6.469999999999914,16729.489166261446
2025-09-02 04:05:00+00:00,2025-09-02 04:25:00+00:00,buy,544.16,541.73,546.5899999999999,546.5899999999999,109.9978978035472,267.2948916626142,26996.784057924036,win,2.42999999999995,16996.784057924062
2025-09-02 04:40:00+00:00,2025-09-02 05:45:00+00:00,buy,551.9599999999999,543.5600000000001,560.3599999999998,560.3599999999998,32.13902864038628,269.9678405792404,27266.751898503277,win,8.399999999999864,17266.751898503302
2025-09-02 05:55:00+00:00,2025-09-02 08:00:00+00:00,buy,562.74,555.61,569.87,569.87,38.24228877770448,272.66751898503276,27539.41941748831,win,7.1299999999999955,17539.419417488334
2025-09-02 09:30:00+00:00,2025-09-02 12:55:00+00:00,buy,567.75,565.03,570.47,570.47,101.2478655054707,275.39419417488307,27814.81361166319,win,2.7200000000000273,17814.813611663216
2025-09-02 13:05:00+00:00,2025-09-02 13:45:00+00:00,buy,571.53,567.88,575.18,567.88,76.20496879907772,-278.1481361166319,27536.665475546557,loss,-3.6499999999999773,17536.665475546582
2025-09-02 16:05:00+00:00,2025-09-02 16:35:00+00:00,buy,561.91,556.82,566.9999999999999,566.9999999999999,54.09953924468959,275.36665475546556,27812.03213030202,win,5.089999999999918,17812.032130302046
2025-09-02 16:45:00+00:00,2025-09-02 16:50:00+00:00,buy,568.66,562.94,574.3799999999999,574.3799999999999,48.622433794235036,278.1203213030202,28090.15245160504,win,5.719999999999914,18090.152451605067
2025-09-02 17:00:00+00:00,2025-09-03 07:30:00+00:00,buy,577.02,563.83,590.2099999999999,590.2099999999999,21.2965522756673,280.9015245160504,28371.053976121093,win,13.18999999999994,18371.05397612112
2025-09-03 08:15:00+00:00,2025-09-03 08:40:00+00:00,buy,590.99,587.15,594.83,594.83,73.88295306281474,283.71053976121095,28654.764515882303,win,3.840000000000032,18654.76451588233
2025-09-03 10:45:00+00:00,2025-09-03 18:45:00+00:00,buy,598.52,591.62,605.42,591.62,41.52864422591652,-286.54764515882306,28368.21687072348,loss,-6.899999999999977,18368.216870723507
2025-09-03 20:10:00+00:00,2025-09-03 20:15:00+00:00,buy,590.9599999999999,589.01,592.9099999999999,592.9099999999999,145.47803523448448,283.68216870723484,28651.899039430715,win,1.9499999999999318,18651.89903943074
2025-09-03 20:25:00+00:00,2025-09-03 20:35:00+00:00,buy,593.77,589.49,598.05,598.05,66.94368934446472,286.51899039430714,28938.41802982502,win,4.279999999999973,18938.418029825047
2025-09-03 21:55:00+00:00,2025-09-04 01:00:00+00:00,buy,596.54,592.9100000000001,600.1699999999998,600.1699999999998,79.72015986177952,289.3841802982502,29227.80221012327,win,3.6299999999998818,19227.802210123296
2025-09-04 01:10:00+00:00,2025-09-04 01:20:00+00:00,buy,600.36,597.44,603.28,603.28,100.09521304836876,292.2780221012327,29520.080232224504,win,2.919999999999959,19520.08023222453
2025-09-04 03:00:00+00:00,2025-09-04 04:10:00+00:00,buy,602.89,595.07,610.7099999999999,595.07,37.74946321256362,-295.20080232224507,29224.87942990226,loss,-7.819999999999936,19224.879429902285
2025-09-04 08:45:00+00:00,2025-09-04 09:00:00+00:00,sell,584.36,585.91,582.8100000000001,585.91,188.54760922518142,-292.2487942990226,28932.630635603236,loss,1.5499999999999545,18932.630635603262
2025-09-04 09:25:00+00:00,2025-09-04 10:35:00+00:00,sell,584.14,586.0699999999999,582.21,586.0699999999999,149.91000329328492,-289.3263063560324,28643.304329247203,loss,1.92999999999995,18643.30432924723
2025-09-04 11:10:00+00:00,2025-09-04 13:10:00+00:00,sell,584.1700000000001,586.64,581.7000000000002,586.64,115.9647948552559,-286.43304329247206,28356.87128595473,loss,2.4699999999999136,18356.871285954756
2025-09-04 13:45:00+00:00,2025-09-04 14:05:00+00:00,sell,584.62,587.1899999999999,582.0500000000001,587.1899999999999,110.33802056791997,-283.5687128595473,28073.302573095185,loss,2.5699999999999363,18073.302573095207
2025-09-04 16:20:00+00:00,2025-09-04 17:05:00+00:00,sell,587.15,589.64,584.66,584.66,112.7441870405425,280.73302573095185,28354.035598826136,win,-2.490000000000009,18354.035598826158
2025-09-04 18:10:00+00:00,2025-09-04 23:30:00+00:00,sell,583.65,587.91,579.39,587.91,66.5587690113291,-283.54035598826135,28070.495242837875,loss,4.259999999999991,18070.495242837897
2025-09-05 03:05:00+00:00,2025-09-05 03:10:00+00:00,sell,584.49,585.6999999999999,583.2800000000001,585.6999999999999,231.98756399041048,-280.70495242837876,27789.790290409495,loss,1.2099999999999227,17789.790290409517
2025-09-05 03:40:00+00:00,2025-09-05 04:25:00+00:00,sell,584.22,586.37,582.07,586.37,129.25483856004553,-277.89790290409496,27511.8923875054,loss,2.1499999999999773,17511.89238750542
2025-09-05 06:05:00+00:00,2025-09-05 10:05:00+00:00,buy,591.4499999999999,588.77,594.1299999999999,594.1299999999999,102.6563148787534,275.118923875054,27787.011311380455,win,2.67999999999995,17787.011311380476
2025-09-05 10:15:00+00:00,2025-09-05 15:30:00+00:00,buy,596.3199999999999,589.5600000000001,603.0799999999998,603.0799999999998,41.10504631861089,277.87011311380456,28064.88142449426,win,6.759999999999877,18064.88142449428
2025-09-05 16:05:00+00:00,2025-09-06 13:25:00+00:00,buy,608.03,594.13,621.93,594.13,20.19056217589518,-280.64881424494257,27784.232610249317,loss,-13.899999999999977,17784.23261024934
2025-09-06 15:30:00+00:00,2025-09-06 15:55:00+00:00,sell,586.46,589.02,583.9000000000001,589.02,108.53215863378871,-277.8423261024932,27506.390284146823,loss,2.5599999999999454,17506.390284146844
2025-09-06 18:05:00+00:00,2025-09-06 18:15:00+00:00,sell,590.65,594.0,587.3,594.0,82.10862771387056,-275.06390284146823,27231.326381305353,loss,3.3500000000000227,17231.326381305375
2025-09-06 21:45:00+00:00,2025-09-06 22:05:00+00:00,sell,596.11,597.6899999999999,594.5300000000001,594.5300000000001,172.350166970295,272.31326381305354,27503.639645118405,win,-1.5799999999999272,17503.639645118426
2025-09-06 22:15:00+00:00,2025-09-06 23:35:00+00:00,sell,594.1700000000001,596.68,591.6600000000002,591.6600000000002,109.57625356621413,275.03639645118403,27778.67604156959,win,-2.509999999999877,17778.67604156961
2025-09-06 23:45:00+00:00,2025-09-07 02:25:00+00:00,sell,591.45,593.4499999999999,589.4500000000002,593.4499999999999,138.89338020785584,-277.7867604156959,27500.889281153894,loss,1.9999999999998863,17500.889281153915
2025-09-07 04:55:00+00:00,2025-09-07 05:55:00+00:00,sell,592.7900000000001,593.9,591.6800000000002,593.9,247.75575928969704,-275.00889281153894,27225.880388342353,loss,1.1099999999999,17225.880388342375
2025-09-07 14:05:00+00:00,2025-09-07 14:10:00+00:00,buy,597.8399999999999,596.83,598.8499999999998,598.8499999999998,269.5631721618382,272.2588038834235,27498.139192225775,win,1.0099999999998772,17498.139192225797
2025-09-07 14:20:00+00:00,2025-09-08 09:10:00+00:00,buy,601.98,597.3000000000001,606.66,597.3000000000001,58.75670767569674,-274.9813919222578,27223.157800303517,loss,-4.67999999999995,17223.15780030354
2025-09-08 10:30:00+00:00,2025-09-08 10:40:00+00:00,sell,589.45,591.56,587.3400000000001,591.56,129.01970521471472,-272.23157800303517,26950.92622230048,loss,2.1099999999999,16950.926222300503
2025-09-08 11:55:00+00:00,2025-09-08 12:00:00+00:00,sell,590.44,593.3299999999999,587.5500000000002,587.5500000000002,93.25580007716842,269.50926222300484,27220.435484523485,win,-2.8899999999998727,17220.435484523507
2025-09-08 14:05:00+00:00,2025-09-08 14:10:00+00:00,sell,593.12,596.29,589.95,589.95,85.86888165464931,272.20435484523483,27492.63983936872,win,-3.169999999999959,17492.63983936874
2025-09-08 16:30:00+00:00,2025-09-08 18:45:00+00:00,sell,592.1,595.4399999999999,588.7600000000001,588.7600000000001,82.31329293224368,274.9263983936872,27767.566237762407,win,-3.339999999999918,17767.56623776243
2025-09-08 18:55:00+00:00,2025-09-08 20:40:00+00:00,sell,588.07,591.42,584.7200000000001,584.7200000000001,82.88825742615869,277.67566237762406,28045.24190014003,win,-3.349999999999909,18045.241900140052
2025-09-08 22:20:00+00:00,2025-09-08 23:40:00+00:00,sell,585.9100000000001,588.1899999999999,583.6300000000002,583.6300000000002,123.00544693044634,280.4524190014003,28325.694319141432,win,-2.279999999999859,18325.694319141454
2025-09-09 02:00:00+00:00,2025-09-09 03:05:00+00:00,sell,586.47,587.79,585.1500000000001,587.79,214.5885933268394,-283.25694319141434,28042.43737595002,loss,1.3199999999999363,18042.43737595004
2025-09-09 03:15:00+00:00,2025-09-09 04:25:00+00:00,sell,585.96,587.91,584.0100000000001,587.91,143.8073711587231,-280.4243737595002,27762.01300219052,loss,1.9499999999999318,17762.013002190542
2025-09-09 05:05:00+00:00,2025-09-09 08:05:00+00:00,sell,584.4200000000001,589.11,579.7300000000001,579.7300000000001,59.19405757396774,277.6201300219052,28039.633132212424,win,-4.689999999999941,18039.633132212446
2025-09-09 08:15:00+00:00,2025-09-09 08:30:00+00:00,sell,579.7,583.79,575.6100000000001,575.6100000000001,68.55656022545962,280.39633132212424,28320.02946353455,win,-4.089999999999918,18320.02946353457
2025-09-09 09:45:00+00:00,2025-09-09 11:00:00+00:00,sell,582.38,584.88,579.88,584.88,113.28011785413818,-283.2002946353455,28036.829168899203,loss,2.5,18036.829168899225
2025-09-09 11:20:00+00:00,2025-09-09 12:10:00+00:00,sell,582.74,585.0699999999999,580.4100000000001,585.0699999999999,120.32973892231793,-280.36829168899203,27756.46087721021,loss,2.3299999999999272,17756.460877210233
2025-09-09 12:20:00+00:00,2025-09-09 12:25:00+00:00,sell,582.77,585.23,580.31,585.23,112.83114177727562,-277.56460877210213,27478.896268438108,loss,2.4600000000000364,17478.89626843813
2025-09-09 13:30:00+00:00,2025-09-09 17:30:00+00:00,sell,581.8000000000001,587.3299999999999,576.2700000000002,576.2700000000002,49.69058999717687,274.7889626843811,27753.68523112249,win,-5.529999999999859,17753.685231122512
2025-09-09 20:25:00+00:00,2025-09-09 22:00:00+00:00,sell,574.61,576.24,572.98,576.24,170.26800755289918,-277.5368523112249,27476.148378811264,loss,1.6299999999999955,17476.148378811286
2025-09-09 23:15:00+00:00,2025-09-10 14:05:00+00:00,sell,576.48,585.1,567.86,585.1,31.874882109989848,-274.7614837881126,27201.38689502315,loss,8.620000000000005,17201.386895023174
2025-09-10 14:25:00+00:00,2025-09-10 15:25:00+00:00,buy,585.77,582.87,588.67,582.87,93.79788584490817,-272.01386895023154,26929.37302607292,loss,-2.8999999999999773,16929.373026072943
2025-09-10 16:00:00+00:00,2025-09-10 16:45:00+00:00,buy,584.51,582.0,587.02,587.02,107.2883387492949,269.2937302607292,27198.66675633365,win,2.509999999999991,17198.66675633367
2025-09-10 17:05:00+00:00,2025-09-10 18:20:00+00:00,buy,587.39,582.2,592.5799999999999,582.2,52.40590897174173,-271.9866675633365,26926.680088770314,loss,-5.189999999999941,16926.680088770336
2025-09-10 19:20:00+00:00,2025-09-10 20:40:00+00:00,buy,580.38,577.69,583.0699999999999,577.69,100.0991824861372,-269.26680088770314,26657.41328788261,loss,-2.689999999999941,16657.41328788263
2025-09-10 22:05:00+00:00,2025-09-10 23:10:00+00:00,sell,577.4,579.51,575.29,579.51,126.33845160133858,-266.5741328788261,26390.839155003785,loss,2.1100000000000136,16390.839155003807
2025-09-11 00:25:00+00:00,2025-09-11 01:10:00+00:00,sell,578.28,579.73,576.8299999999999,579.73,182.00578727588245,-263.90839155003783,26126.930763453747,loss,1.4500000000000455,16126.930763453769
2025-09-11 02:50:00+00:00,2025-09-11 05:05:00+00:00,sell,578.46,580.05,576.8700000000001,576.8700000000001,164.32031926701316,261.2693076345375,26388.200071088286,win,-1.5899999999999181,16388.200071088308
2025-09-11 05:15:00+00:00,2025-09-11 05:20:00+00:00,sell,576.6600000000001,578.4399999999999,574.8800000000002,574.8800000000002,148.2483150061257,263.88200071088283,26652.08207179917,win,-1.779999999999859,16652.082071799192
2025-09-11 07:05:00+00:00,2025-09-11 07:25:00+00:00,buy,583.49,576.45,590.53,590.53,37.858071124714925,266.5208207179917,26918.602892517163,win,7.039999999999964,16918.602892517185
2025-09-11 07:35:00+00:00,2025-09-13 12:30:00+00:00,buy,592.85,582.34,603.36,603.36,25.612371924374106,269.1860289251716,27187.788921442334,win,10.509999999999991,17187.788921442356
2025-09-13 13:00:00+00:00,2025-09-13 14:05:00+00:00,buy,603.93,602.0400000000001,605.8199999999998,602.0400000000001,143.85073503409612,-271.87788921442336,26915.911032227912,loss,-1.8899999999998727,16915.911032227934
2025-09-13 15:20:00+00:00,2025-09-13 16:05:00+00:00,buy,603.1899999999999,601.88,604.4999999999999,601.88,205.46496971167198,-269.1591103222791,26646.751921905634,loss,-1.3099999999999454,16646.751921905656
2025-09-13 17:20:00+00:00,2025-09-13 19:45:00+00:00,buy,600.27,595.01,605.53,595.01,50.65922418613247,-266.4675192190563,26380.28440268658,loss,-5.259999999999991,16380.284402686599
2025-09-14 03:35:00+00:00,2025-09-14 03:45:00+00:00,sell,596.74,597.61,595.87,595.87,303.22165980099356,263.8028440268658,26644.087246713443,win,-0.8700000000000045,16644.087246713465
2025-09-14 03:55:00+00:00,2025-09-14 04:05:00+00:00,sell,595.24,597.51,592.97,592.97,117.37483368596325,266.44087246713445,26910.528119180577,win,-2.269999999999982,16910.5281191806
2025-09-14 04:15:00+00:00,2025-09-14 06:55:00+00:00,sell,592.5500000000001,596.28,588.8200000000002,588.8200000000002,72.14618798708115,269.1052811918058,27179.633400372382,win,-3.7299999999999045,17179.633400372404
2025-09-14 07:10:00+00:00,2025-09-14 07:40:00+00:00,sell,588.64,591.4399999999999,585.84,591.4399999999999,97.0701192870458,-271.7963340037238,26907.83706636866,loss,2.7999999999999545,16907.83706636868
2025-09-14 09:30:00+00:00,2025-09-14 14:50:00+00:00,sell,591.53,593.85,589.2099999999999,593.85,115.98205632055206,-269.0783706636866,26638.75869570497,loss,2.32000000000005,16638.758695704993
2025-09-14 15:50:00+00:00,2025-09-14 16:10:00+00:00,sell,590.74,594.14,587.34,594.14,78.34929028148574,-266.38758695704973,26372.37110874792,loss,3.3999999999999773,16372.371108747944
2025-09-14 17:40:00+00:00,2025-09-14 20:50:00+00:00,sell,590.7,595.0899999999999,586.3100000000002,595.0899999999999,60.07373828872138,-263.7237110874792,26108.647397660443,loss,4.389999999999873,16108.647397660465
2025-09-14 21:15:00+00:00,2025-09-14 22:00:00+00:00,sell,593.96,595.72,592.2,592.2,148.34458748670784,261.08647397660445,26369.733871637047,win,-1.759999999999991,16369.733871637069
2025-09-15 01:45:00+00:00,2025-09-15 01:50:00+00:00,buy,594.11,592.95,595.27,595.27,227.32529199687735,263.6973387163705,26633.431210353418,win,1.1599999999999682,16633.43121035344
2025-09-15 03:05:00+00:00,2025-09-15 06:30:00+00:00,buy,600.88,597.2,604.56,597.2,72.37345437596136,-266.33431210353416,26367.09689824988,loss,-3.67999999999995,16367.096898249905
2025-09-15 07:10:00+00:00,2025-09-15 10:40:00+00:00,buy,600.99,597.09,604.89,597.09,67.60794076474369,-263.67096898249883,26103.42592926738,loss,-3.8999999999999773,16103.425929267407
2025-09-15 13:05:00+00:00,2025-09-15 13:10:00+00:00,sell,592.12,594.88,589.36,589.36,94.57763017850532,261.0342592926738,26364.460188560057,win,-2.759999999999991,16364.46018856008
2025-09-15 15:30:00+00:00,2025-09-15 15:35:00+00:00,sell,590.69,593.27,588.1100000000001,588.1100000000001,102.18783018822016,263.6446018856006,26628.104790445657,win,-2.5799999999999272,16628.104790445683
2025-09-15 17:55:00+00:00,2025-09-15 18:10:00+00:00,sell,591.33,593.3299999999999,589.3300000000002,589.3300000000002,133.14052395223584,266.28104790445656,26894.385838350114,win,-1.9999999999998863,16894.38583835014
2025-09-15 19:05:00+00:00,2025-09-15 22:05:00+00:00,sell,588.09,591.9,584.2800000000001,591.9,70.58893920826903,-268.94385838350115,26625.441979966614,loss,3.8099999999999454,16625.44197996664
2025-09-15 22:20:00+00:00,2025-09-15 23:15:00+00:00,sell,589.36,592.04,586.6800000000001,592.04,99.3486641043549,-266.25441979966615,26359.18756016695,loss,2.67999999999995,16359.187560166973
2025-09-16 01:35:00+00:00,2025-09-16 02:45:00+00:00,sell,591.6700000000001,592.6999999999999,590.6400000000002,592.6999999999999,255.91444233175295,-263.59187560166947,26095.59568456528,loss,1.029999999999859,16095.595684565304
2025-09-16 03:05:00+00:00,2025-09-16 03:30:00+00:00,sell,591.9,593.0,590.8,590.8,237.23268804149762,260.9559568456528,26356.551641410933,win,-1.1000000000000227,16356.551641410957
2025-09-16 04:45:00+00:00,2025-09-16 05:40:00+00:00,sell,591.25,593.03,589.47,589.47,148.07051483938952,263.5655164141093,26620.117157825043,win,-1.7799999999999727,16620.117157825065
2025-09-16 05:50:00+00:00,2025-09-16 08:35:00+00:00,sell,589.14,591.92,586.36,591.92,95.7558171144795,-266.2011715782504,26353.915986246793,loss,2.7799999999999727,16353.915986246815
2025-09-16 14:05:00+00:00,2025-09-16 16:35:00+00:00,sell,590.49,592.23,588.75,592.23,151.45928727727963,-263.53915986246795,26090.376826384327,loss,1.740000000000009,16090.376826384347
2025-09-16 17:10:00+00:00,2025-09-16 18:40:00+00:00,sell,588.98,593.12,584.84,593.12,63.020233880155594,-260.9037682638433,25829.473058120482,loss,4.139999999999986,15829.473058120504
2025-09-16 19:10:00+00:00,2025-09-16 20:10:00+00:00,buy,594.76,592.12,597.4,597.4,97.83891309894173,258.2947305812048,26087.767788701687,win,2.6399999999999864,16087.767788701709
2025-09-16 20:20:00+00:00,2025-09-17 04:30:00+00:00,buy,599.5,595.02,603.98,595.02,58.231624528351745,-260.8776778870169,25826.89011081467,loss,-4.480000000000018,15826.890110814693
2025-09-17 05:10:00+00:00,2025-09-17 05:15:00+00:00,buy,595.8299999999999,594.6600000000001,596.9999999999998,594.6600000000001,220.7426505198127,-258.26890110814674,25568.621209706525,loss,-1.1699999999998454,15568.621209706545
2025-09-17 05:35:00+00:00,2025-09-17 07:00:00+00:00,buy,596.92,593.76,600.0799999999999,593.76,80.91335825856578,-255.6862120970653,25312.93499760946,loss,-3.159999999999968,15312.93499760948
2025-09-17 08:15:00+00:00,2025-09-17 09:50:00+00:00,buy,595.92,592.94,598.8999999999999,598.8999999999999,84.94273489130964,253.12934997609463,25566.064347585554,win,2.9799999999999045,15566.064347585574
2025-09-17 10:00:00+00:00,2025-09-17 10:45:00+00:00,buy,599.02,597.11,600.93,600.93,133.85374003971717,255.66064347585552,25821.72499106141,win,1.9099999999999682,15821.72499106143
2025-09-17 11:25:00+00:00,2025-09-17 11:40:00+00:00,buy,601.0899999999999,599.38,602.7999999999998,599.38,151.00423971381625,-258.2172499106141,25563.507741150795,loss,-1.7099999999999227,15563.507741150815
2025-09-17 11:55:00+00:00,2025-09-17 12:45:00+00:00,buy,601.14,599.09,603.1899999999999,599.09,124.70003776171396,-255.63507741150795,25307.872663739287,loss,-2.0499999999999545,15307.872663739308
2025-09-17 15:05:00+00:00,2025-09-17 16:40:00+00:00,buy,598.11,596.59,599.63,596.59,166.49916226144467,-253.07872663739286,25054.793937101895,loss,-1.5199999999999818,15054.793937101915
2025-09-17 19:05:00+00:00,2025-09-17 19:15:00+00:00,sell,591.53,593.8199999999999,589.24,589.24,109.40958051136373,250.54793937101897,25305.341876472914,win,-2.2899999999999636,15305.341876472934
2025-09-17 20:30:00+00:00,2025-09-17 20:35:00+00:00,sell,589.9100000000001,591.29,588.5300000000002,591.29,183.37204258315276,-253.05341876472914,25052.288457708186,loss,1.3799999999998818,15052.288457708204
2025-09-17 20:55:00+00:00,2025-09-17 21:00:00+00:00,sell,589.77,592.9399999999999,586.6,592.9399999999999,79.02930112841801,-250.52288457708187,24801.765573131102,loss,3.169999999999959,14801.765573131122
2025-09-18 00:10:00+00:00,2025-09-18 00:45:00+00:00,buy,599.6,596.9100000000001,602.29,602.29,92.19987201907676,248.01765573131104,25049.783228862412,win,2.689999999999941,15049.783228862434
2025-09-18 00:55:00+00:00,2025-09-18 01:00:00+00:00,buy,603.31,599.47,607.1499999999999,607.1499999999999,65.2338104918306,250.49783228862415,25300.281061151036,win,3.839999999999918,15300.281061151058
2025-09-18 01:10:00+00:00,2025-09-18 01:30:00+00:00,buy,607.3299999999999,600.82,613.8399999999998,613.8399999999998,38.863718987943955,253.00281061151037,25553.283871762545,win,6.509999999999877,15553.283871762567
2025-09-18 01:40:00+00:00,2025-09-18 06:25:00+00:00,buy,615.98,606.69,625.27,625.27,27.50622591147755,255.53283871762545,25808.816710480172,win,9.289999999999964,15808.816710480192
2025-09-18 06:35:00+00:00,2025-09-18 06:40:00+00:00,buy,627.22,618.57,635.87,635.87,29.836782324254617,258.08816710480176,26066.904877584973,win,8.649999999999977,16066.904877584993
2025-09-18 06:50:00+00:00,2025-09-19 02:00:00+00:00,buy,638.05,618.9100000000001,657.1899999999998,618.9100000000001,13.619072558821914,-260.6690487758497,25806.235828809124,loss,-19.139999999999873,15806.235828809144
2025-09-19 06:50:00+00:00,2025-09-19 17:45:00+00:00,sell,612.3100000000001,627.73,596.8900000000001,596.8900000000001,16.735561497282223,258.0623582880912,26064.298187097214,win,-15.419999999999959,16064.298187097234
2025-09-19 20:10:00+00:00,2025-09-19 22:40:00+00:00,sell,601.9300000000001,604.0899999999999,599.7700000000002,599.7700000000002,120.66804716249524,260.64298187097216,26324.941168968187,win,-2.1599999999998545,16324.941168968207
2025-09-19 23:15:00+00:00,2025-09-20 05:20:00+00:00,sell,599.2,603.18,595.2200000000001,603.18,66.14306826374076,-263.2494116896819,26061.691757278506,loss,3.9799999999999045,16061.691757278526
2025-09-20 06:35:00+00:00,2025-09-20 06:40:00+00:00,sell,604.95,605.37,604.5300000000001,604.5300000000001,620.5164704114534,260.61691757278504,26322.30867485129,win,-0.4199999999999591,16322.30867485131
2025-09-20 06:50:00+00:00,2025-09-20 07:00:00+00:00,sell,603.89,605.4399999999999,602.34,602.34,169.82134628936817,263.2230867485129,26585.531761599803,win,-1.5499999999999545,16585.531761599825
2025-09-20 07:25:00+00:00,2025-09-20 08:10:00+00:00,sell,602.2,604.67,599.7300000000001,604.67,107.63373182834306,-265.85531761599805,26319.676443983804,loss,2.4699999999999136,16319.676443983826
2025-09-20 08:30:00+00:00,2025-09-20 10:40:00+00:00,sell,603.21,604.74,601.6800000000001,604.74,172.02402904564883,-263.19676443983803,26056.479679543965,loss,1.5299999999999727,16056.479679543989
2025-09-20 11:05:00+00:00,2025-09-20 11:10:00+00:00,sell,604.1700000000001,605.1,603.2400000000001,603.2400000000001,280.17720085532653,260.56479679543963,26317.044476339404,win,-0.92999999999995,16317.044476339428
2025-09-20 11:20:00+00:00,2025-09-20 12:30:00+00:00,sell,602.57,605.1,600.0400000000001,600.0400000000001,104.01993864165885,263.1704447633941,26580.214921102797,win,-2.5299999999999727,16580.214921102823
2025-09-20 12:40:00+00:00,2025-09-20 18:05:00+00:00,sell,599.5400000000001,602.17,596.9100000000002,602.17,101.06545597377945,-265.802149211028,26314.41277189177,loss,2.6299999999998818,16314.412771891795
2025-09-20 20:10:00+00:00,2025-09-20 20:25:00+00:00,sell,602.1,603.4,600.8000000000001,600.8000000000001,202.41855978378996,263.14412771891773,26577.55689961069,win,-1.2999999999999545,16577.556899610714
2025-09-20 20:40:00+00:00,2025-09-20 22:55:00+00:00,sell,600.71,602.78,598.6400000000001,598.6400000000001,128.39399468411355,265.77556899610687,26843.332468606797,win,-2.0699999999999363,16843.332468606823
2025-09-20 23:05:00+00:00,2025-09-21 01:10:00+00:00,sell,597.6600000000001,601.0,594.3200000000002,594.3200000000002,80.36925888804628,268.433324686068,27111.765793292867,win,-3.339999999999918,17111.765793292892
2025-09-21 02:25:00+00:00,2025-09-21 02:30:00+00:00,sell,594.6700000000001,595.97,593.3700000000001,593.3700000000001,208.5520445637986,271.1176579329287,27382.883451225796,win,-1.2999999999999545,17382.88345122582
2025-09-21 03:35:00+00:00,2025-09-21 03:50:00+00:00,sell,592.9200000000001,595.36,590.4800000000001,595.36,112.22493217715763,-273.82883451225797,27109.05461671354,loss,2.439999999999941,17109.054616713565
2025-09-21 06:15:00+00:00,2025-09-21 06:20:00+00:00,sell,597.9200000000001,598.31,597.5300000000002,597.5300000000002,695.1039645313434,271.0905461671354,27380.145162880675,win,-0.38999999999987267,17380.1451628807
2025-09-21 09:50:00+00:00,2025-09-21 11:10:00+00:00,sell,597.89,599.64,596.14,596.14,156.45797235931815,273.8014516288068,27653.94661450948,win,-1.75,17653.946614509507
2025-09-21 11:20:00+00:00,2025-09-21 12:25:00+00:00,sell,595.9100000000001,597.26,594.5600000000002,594.5600000000002,204.84404899638034,276.5394661450948,27930.486080654577,win,-1.349999999999909,17930.486080654602
2025-09-21 12:35:00+00:00,2025-09-21 12:50:00+00:00,sell,594.13,596.24,592.02,596.24,132.37197194622937,-279.3048608065458,27651.18121984803,loss,2.1100000000000136,17651.181219848055
2025-09-21 17:05:00+00:00,2025-09-21 17:10:00+00:00,sell,598.58,599.86,597.3000000000001,597.3000000000001,216.02485328006733,276.5118121984803,27927.69303204651,win,-1.2799999999999727,17927.693032046536
2025-09-21 17:20:00+00:00,2025-09-21 17:55:00+00:00,sell,597.26,599.27,595.25,595.25,138.94374642809274,279.2769303204651,28206.969962366977,win,-2.009999999999991,18206.969962367002
2025-09-21 18:25:00+00:00,2025-09-22 02:10:00+00:00,sell,595.1800000000001,597.54,592.8200000000002,592.8200000000002,119.52105916257699,282.06969962366975,28489.039661990646,win,-2.3599999999999,18489.03966199067
2025-09-22 02:20:00+00:00,2025-09-22 03:30:00+00:00,sell,592.58,596.02,589.1400000000001,589.1400000000001,82.81697576160215,284.8903966199065,28773.930058610553,win,-3.439999999999941,18773.93005861058
2025-09-22 05:30:00+00:00,2025-09-22 08:55:00+00:00,sell,584.99,588.9599999999999,581.0200000000001,581.0200000000001,72.47841324587199,287.7393005861055,29061.669359196658,win,-3.9699999999999136,19061.669359196683
2025-09-22 09:05:00+00:00,2025-09-22 09:10:00+00:00,sell,575.53,584.3299999999999,566.73,566.73,33.02462427181455,290.61669359196657,29352.286052788626,win,-8.799999999999955,19352.28605278865
2025-09-22 11:00:00+00:00,2025-09-22 20:00:00+00:00,sell,569.4100000000001,574.74,564.0800000000002,564.0800000000002,55.06995507089874,293.5228605278863,29645.808913316512,win,-5.329999999999927,19645.808913316538
2025-09-22 20:15:00+00:00,2025-09-22 22:15:00+00:00,sell,563.89,566.38,561.4,561.4,119.05947354745544,296.4580891331651,29942.267002449677,win,-2.490000000000009,19942.267002449702
2025-09-22 22:35:00+00:00,2025-09-22 23:30:00+00:00,sell,561.01,563.37,558.65,563.37,126.87401272224366,-299.42267002449677,29642.84433242518,loss,2.3600000000000136,19642.844332425204
2025-09-23 01:50:00+00:00,2025-09-23 02:10:00+00:00,sell,564.19,565.13,563.2500000000001,565.13,315.3494077917771,-296.4284433242518,29346.41588910093,loss,0.9399999999999409,19346.415889100954
2025-09-23 03:45:00+00:00,2025-09-23 04:00:00+00:00,sell,565.62,568.38,562.86,562.86,106.32759380109067,293.4641588910093,29639.880047991937,win,-2.759999999999991,19639.880047991963
2025-09-23 05:15:00+00:00,2025-09-23 05:20:00+00:00,sell,563.19,565.31,561.0700000000002,561.0700000000002,139.8107549433654,296.3988004799194,29936.278848471855,win,-2.119999999999891,19936.278848471884
2025-09-23 05:30:00+00:00,2025-09-23 20:50:00+00:00,sell,559.71,565.29,554.1300000000001,554.1300000000001,53.64924524815815,299.3627884847186,30235.641636956574,win,-5.579999999999927,20235.641636956603
2025-09-23 21:50:00+00:00,2025-09-23 22:15:00+00:00,sell,552.6600000000001,556.4499999999999,548.8700000000002,556.4499999999999,79.7774185671709,-302.35641636956575,29933.285220587008,loss,3.78999999999985,19933.285220587037
2025-09-23 22:50:00+00:00,2025-09-24 00:35:00+00:00,sell,552.62,556.55,548.69,556.55,76.16612015416639,-299.3328522058701,29633.95236838114,loss,3.92999999999995,19633.952368381168
2025-09-24 02:25:00+00:00,2025-09-24 03:15:00+00:00,sell,554.5500000000001,556.43,552.6700000000002,556.43,157.6274062148032,-296.33952368381136,29337.612844697327,loss,1.8799999999998818,19337.612844697356
2025-09-24 05:10:00+00:00,2025-09-24 05:15:00+00:00,sell,558.0400000000001,559.39,556.6900000000002,556.6900000000002,217.31565070147633,293.37612844697327,29630.9889731443,win,-1.349999999999909,19630.98897314433
2025-09-24 05:55:00+00:00,2025-09-24 06:25:00+00:00,sell,555.53,559.6,551.4599999999999,551.4599999999999,72.80341271042735,296.309889731443,29927.29886287574,win,-4.07000000000005,19927.29886287577
2025-09-24 07:00:00+00:00,2025-09-24 07:35:00+00:00,sell,551.07,557.39,544.7500000000001,557.39,47.353320985563364,-299.27298862875745,29628.025874246985,loss,6.319999999999936,19628.025874247014
2025-09-24 21:10:00+00:00,2025-09-24 22:30:00+00:00,sell,556.85,559.01,554.69,554.69,137.1667864548492,296.28025874246987,29924.306132989455,win,-2.159999999999968,19924.306132989484
2025-09-24 23:35:00+00:00,2025-09-25 04:30:00+00:00,sell,554.2900000000001,556.89,551.6900000000002,551.6900000000002,115.09348512688655,299.24306132989454,30223.54919431935,win,-2.599999999999909,20223.549194319377
2025-09-25 04:40:00+00:00,2025-09-25 05:30:00+00:00,sell,551.46,554.3,548.6200000000001,554.3,106.42094786732471,-302.2354919431935,29921.313702376156,loss,2.839999999999918,19921.313702376185
2025-09-25 07:15:00+00:00,2025-09-25 07:50:00+00:00,sell,549.07,553.4,544.7400000000001,544.7400000000001,69.10234111403386,299.2131370237616,30220.526839399918,win,-4.329999999999927,20220.526839399947
2025-09-25 09:05:00+00:00,2025-09-25 09:10:00+00:00,sell,548.97,550.53,547.4100000000001,547.4100000000001,193.721325893596,302.2052683939992,30522.732107793916,win,-1.5599999999999454,20522.732107793945
2025-09-25 09:20:00+00:00,2025-09-25 15:25:00+00:00,sell,546.0500000000001,550.53,541.5700000000002,541.5700000000002,68.13109845489859,305.22732107793917,30827.959428871854,win,-4.4799999999999045,20827.959428871884
2025-09-25 19:20:00+00:00,2025-09-25 19:25:00+00:00,sell,550.38,552.37,548.39,548.39,154.9143689893051,308.27959428871856,31136.23902316057,win,-1.990000000000009,21136.2390231606
2025-09-25 19:40:00+00:00,2025-09-25 20:10:00+00:00,sell,547.7,552.38,543.0200000000001,543.0200000000001,66.53042526316433,311.36239023160573,31447.601413392178,win,-4.67999999999995,21447.601413392207
2025-09-25 20:20:00+00:00,2025-09-25 20:35:00+00:00,sell,541.99,547.9,536.08,536.08,53.21083149474171,314.4760141339218,31762.0774275261,win,-5.909999999999968,21762.07742752613
2025-09-25 20:55:00+00:00,2025-09-25 21:50:00+00:00,sell,536.0500000000001,544.5799999999999,527.5200000000002,544.5799999999999,37.235729692293816,-317.620774275261,31444.45665325084,loss,8.529999999999859,21444.45665325087
2025-09-25 22:50:00+00:00,2025-09-26 00:45:00+00:00,sell,540.86,545.43,536.2900000000001,536.2900000000001,68.80625088238791,314.44456653250836,31758.901219783347,win,-4.569999999999936,21758.901219783376
2025-09-26 01:45:00+00:00,2025-09-26 04:15:00+00:00,sell,535.01,541.14,528.88,541.14,51.808974257395384,-317.5890121978335,31441.312207585514,loss,6.1299999999999955,21441.312207585543
2025-09-26 05:30:00+00:00,2025-09-26 08:50:00+00:00,sell,538.49,541.76,535.22,535.22,96.1508018580602,314.41312207585514,31755.725329661367,win,-3.269999999999982,21755.725329661396
2025-09-26 09:10:00+00:00,2025-09-26 09:25:00+00:00,sell,534.9100000000001,539.47,530.3500000000001,539.47,69.63974852995997,-317.5572532966137,31438.168076364753,loss,4.559999999999945,21438.168076364782
2025-09-26 13:05:00+00:00,2025-09-26 13:15:00+00:00,sell,539.99,542.35,537.63,537.63,133.21257659476512,314.3816807636475,31752.5497571284,win,-2.3600000000000136,21752.54975712843
2025-09-26 13:30:00+00:00,2025-09-26 14:35:00+00:00,sell,537.49,541.43,533.5500000000001,541.43,80.59022780997176,-317.525497571284,31435.024259557114,loss,3.939999999999941,21435.024259557144
2025-09-26 21:15:00+00:00,2025-09-26 22:05:00+00:00,buy,546.64,544.53,548.75,544.53,148.9811576282318,-314.35024259557116,31120.674016961544,loss,-2.1100000000000136,21120.674016961573
2025-09-26 23:25:00+00:00,2025-09-27 03:35:00+00:00,buy,546.39,544.62,548.16,544.62,175.8230170449823,-311.20674016961544,30809.46727679193,loss,-1.7699999999999818,20809.46727679196
2025-09-27 11:10:00+00:00,2025-09-27 11:45:00+00:00,sell,541.63,542.51,540.75,540.75,350.1075826908192,308.0946727679193,31117.561949559848,win,-0.8799999999999955,21117.561949559877
2025-09-27 11:55:00+00:00,2025-09-27 12:30:00+00:00,sell,540.4300000000001,541.64,539.2200000000001,541.64,257.1699334674532,-311.1756194955985,30806.386330064248,loss,1.2099999999999227,20806.386330064277
2025-09-27 15:45:00+00:00,2025-09-27 15:55:00+00:00,buy,544.54,543.7900000000001,545.2899999999998,545.2899999999998,410.75181773425226,308.0638633006425,31114.45019336489,win,0.7499999999998863,21114.45019336492
2025-09-27 19:05:00+00:00,2025-09-27 19:50:00+00:00,sell,541.88,542.6899999999999,541.07,541.07,384.1290147329257,311.1445019336489,31425.59469529854,win,-0.8099999999999454,21425.59469529857
2025-09-27 20:00:00+00:00,2025-09-27 20:15:00+00:00,sell,540.78,542.0899999999999,539.47,539.47,239.8900358419836,314.2559469529854,31739.850642251524,win,-1.3099999999999454,21739.850642251553
2025-09-27 22:05:00+00:00,2025-09-27 22:30:00+00:00,sell,539.72,540.65,538.7900000000001,540.65,341.2887165833681,-317.39850642251525,31422.452135829008,loss,0.92999999999995,21422.452135829037
2025-09-28 03:05:00+00:00,2025-09-28 03:10:00+00:00,sell,542.4200000000001,543.4499999999999,541.3900000000002,541.3900000000002,305.0723508333331,314.2245213582901,31736.676657187298,win,-1.029999999999859,21736.676657187327
2025-09-28 04:25:00+00:00,2025-09-28 05:40:00+00:00,sell,541.1600000000001,542.98,539.3400000000001,539.3400000000001,174.37734427026598,317.366766571873,32054.04342375917,win,-1.8199999999999363,22054.043423759198
2025-09-28 05:50:00+00:00,2025-09-28 05:55:00+00:00,sell,538.98,540.5,537.46,537.46,210.88186462999704,320.5404342375917,32374.58385799676,win,-1.5199999999999818,22374.58385799679
2025-09-28 06:35:00+00:00,2025-09-28 10:30:00+00:00,sell,536.09,540.15,532.0300000000001,540.15,79.74035433004235,-323.7458385799676,32050.83801941679,loss,4.059999999999945,22050.83801941682
2025-09-28 11:55:00+00:00,2025-09-28 13:00:00+00:00,sell,538.45,540.43,536.4700000000001,536.4700000000001,161.8729192899916,320.5083801941679,32371.34639961096,win,-1.9799999999999045,22371.34639961099
2025-09-28 14:15:00+00:00,2025-09-28 14:25:00+00:00,sell,537.4200000000001,538.1,536.7400000000001,536.7400000000001,476.0492117590198,323.7134639961096,32695.05986360707,win,-0.67999999999995,22695.0598636071
2025-09-28 14:35:00+00:00,2025-09-28 16:15:00+00:00,sell,536.38,538.1,534.66,538.1,190.08755734654972,-326.9505986360707,32368.109264971,loss,1.7200000000000273,22368.10926497103
2025-09-28 19:05:00+00:00,2025-09-28 20:05:00+00:00,buy,543.8299999999999,541.15,546.5099999999999,546.5099999999999,120.77652710810301,323.68109264971,32691.79035762071,win,2.67999999999995,22691.79035762074
2025-09-28 20:25:00+00:00,2025-09-28 22:30:00+00:00,buy,546.89,544.57,549.2099999999999,549.2099999999999,140.91288947250692,326.9179035762071,33018.708261196916,win,2.3199999999999363,23018.708261196945
2025-09-28 22:40:00+00:00,2025-09-28 23:40:00+00:00,buy,549.97,547.51,552.4300000000001,552.4300000000001,134.22239130567655,330.1870826119692,33348.89534380889,win,2.4600000000000364,23348.895343808916
2025-09-28 23:50:00+00:00,2025-09-29 00:30:00+00:00,buy,553.1899999999999,549.48,556.8999999999999,549.48,89.88920577846248,-333.48895343808886,33015.4063903708,loss,-3.7099999999999227,23015.406390370827
2025-09-29 01:05:00+00:00,2025-09-29 01:50:00+00:00,buy,552.5699999999999,549.39,555.7499999999999,555.7499999999999,103.82203267412365,330.154063903708,33345.560454274506,win,3.17999999999995,23345.560454274535
2025-09-29 02:00:00+00:00,2025-09-29 02:25:00+00:00,buy,556.06,553.7,558.4199999999998,553.7,141.29474768760983,-333.45560454274505,33012.10484973176,loss,-2.3599999999999,23012.10484973179
2025-09-29 05:20:00+00:00,2025-09-29 05:25:00+00:00,buy,554.17,552.65,555.6899999999999,555.6899999999999,217.18490032718523,330.1210484973176,33342.22589822908,win,1.5199999999999818,23342.225898229106
2025-09-29 06:00:00+00:00,2025-09-29 12:15:00+00:00,buy,555.91,551.15,560.67,551.15,70.04669306350661,-333.4222589822908,33008.80363924679,loss,-4.759999999999991,23008.803639246817
2025-09-29 14:15:00+00:00,2025-09-29 14:25:00+00:00,buy,550.8399999999999,549.73,551.9499999999998,551.9499999999998,297.3766093626105,330.0880363924679,33338.89167563926,win,1.1099999999999,23338.891675639283
2025-09-29 16:15:00+00:00,2025-09-29 16:40:00+00:00,buy,550.79,548.4300000000001,553.1499999999999,553.1499999999999,141.26649015101978,333.3889167563926,33672.28059239565,win,2.3599999999999,23672.280592395677
2025-09-29 16:50:00+00:00,2025-09-29 23:30:00+00:00,buy,554.99,549.39,560.59,560.59,60.129072486420554,336.72280592395646,34009.003398319604,win,5.600000000000023,24009.003398319634
2025-09-29 23:40:00+00:00,2025-09-30 04:40:00+00:00,buy,560.64,558.7900000000001,562.4899999999999,558.7900000000001,183.83245080173663,-340.09003398319607,33668.91336433641,loss,-1.849999999999909,23668.913364336437
2025-09-30 06:05:00+00:00,2025-09-30 06:15:00+00:00,buy,558.65,557.34,559.9599999999999,559.9599999999999,257.01460583463984,336.6891336433642,34005.60249797977,win,1.3099999999999454,24005.602497979802
2025-09-30 06:25:00+00:00,2025-09-30 10:05:00+00:00,buy,560.05,557.7900000000001,562.3099999999998,557.7900000000001,150.46726769018414,-340.0560249797977,33665.54647299997,loss,-2.259999999999877,23665.546473000006
2025-09-30 13:05:00+00:00,2025-09-30 13:20:00+00:00,sell,553.59,555.76,551.4200000000001,551.4200000000001,155.14076715668483,336.6554647299997,34002.20193772997,win,-2.169999999999959,24002.201937730006
2025-09-30 13:55:00+00:00,2025-09-30 22:10:00+00:00,sell,551.15,555.03,547.27,555.03,87.63454107662375,-340.0220193772997,33662.179918352675,loss,3.8799999999999955,23662.179918352707
2025-10-01 00:05:00+00:00,2025-10-01 01:35:00+00:00,buy,559.85,557.57,562.13,557.57,147.64113999277666,-336.6217991835268,33325.558119169145,loss,-2.2799999999999727,23325.55811916918
2025-10-01 02:50:00+00:00,2025-10-01 03:00:00+00:00,buy,558.13,556.4,559.86,559.86,192.6332839258312,333.2555811916915,33658.813700360835,win,1.7300000000000182,23658.81370036087
2025-10-01 03:10:00+00:00,2025-10-01 07:20:00+00:00,buy,559.97,556.4,563.5400000000001,563.5400000000001,94.28239131753604,336.5881370036084,33995.40183736444,win,3.57000000000005,23995.40183736448
2025-10-01 07:30:00+00:00,2025-10-01 09:50:00+00:00,buy,563.8,558.57,569.0299999999999,558.57,65.00076833148196,-339.9540183736445,33655.4478189908,loss,-5.2299999999999045,23655.447818990833
2025-10-01 11:05:00+00:00,2025-10-01 11:10:00+00:00,buy,560.62,559.14,562.1,562.1,227.40167445263774,336.55447818990797,33992.002297180705,win,1.4800000000000182,23992.00229718074
2025-10-01 11:20:00+00:00,2025-10-01 11:30:00+00:00,buy,562.3,559.45,565.1499999999999,565.1499999999999,119.27018349888347,339.92002297180704,34331.92232015251,win,2.849999999999909,24331.92232015255
2025-10-01 11:40:00+00:00,2025-10-01 11:45:00+00:00,buy,565.3,560.9300000000001,569.6699999999998,569.6699999999998,78.56275130469878,343.31922320152506,34675.24154335404,win,4.369999999999891,24675.241543354074
2025-10-01 11:55:00+00:00,2025-10-01 12:10:00+00:00,buy,575.5799999999999,560.94,590.2199999999998,590.2199999999998,23.685274278247498,346.75241543354036,35021.99395878758,win,14.639999999999873,25021.993958787614
2025-10-01 13:25:00+00:00,2025-10-01 13:30:00+00:00,buy,588.4,585.6,591.1999999999999,591.1999999999999,125.07854985281482,350.2199395878758,35372.213898375456,win,2.7999999999999545,25372.21389837549
2025-10-01 17:35:00+00:00,2025-10-01 18:25:00+00:00,buy,585.28,581.58,588.9799999999999,581.58,95.60057810371922,-353.7221389837546,35018.4917593917,loss,-3.699999999999932,25018.491759391734
2025-10-01 21:30:00+00:00,2025-10-01 22:10:00+00:00,buy,582.11,580.39,583.83,583.83,203.59588232204152,350.18491759391696,35368.67667698562,win,1.7200000000000273,25368.67667698565
2025-10-01 22:20:00+00:00,2025-10-02 00:55:00+00:00,buy,584.6899999999999,580.96,588.4199999999998,588.4199999999998,94.82218948253761,353.6867667698562,35722.36344375547,win,3.7299999999999045,25722.36344375551
2025-10-02 01:05:00+00:00,2025-10-02 02:40:00+00:00,buy,588.4599999999999,585.59,591.3299999999998,591.3299999999998,124.46816530925724,357.2236344375547,36079.58707819303,win,2.869999999999891,26079.587078193064
2025-10-02 04:40:00+00:00,2025-10-02 05:50:00+00:00,buy,594.0,588.36,599.64,588.36,63.97089907481048,-360.79587078193026,35718.7912074111,loss,-5.639999999999986,25718.791207411134
2025-10-02 10:15:00+00:00,2025-10-02 11:05:00+00:00,buy,584.24,582.1600000000001,586.3199999999999,582.1600000000001,171.724957727944,-357.187912074111,35361.60329533699,loss,-2.0799999999999272,25361.603295337023
2025-10-02 12:20:00+00:00,2025-10-02 13:00:00+00:00,buy,584.3399999999999,582.98,585.6999999999998,585.6999999999998,260.0117889363205,353.6160329533699,35715.21932829035,win,1.3599999999999,25715.219328290394
2025-10-02 13:10:00+00:00,2025-10-02 13:30:00+00:00,buy,586.11,584.23,587.99,584.23,189.97457089516192,-357.15219328290357,35358.06713500745,loss,-1.8799999999999955,25358.06713500749
2025-10-02 13:45:00+00:00,2025-10-02 18:00:00+00:00,buy,587.52,581.47,593.5699999999999,581.47,58.44308617356647,-353.5806713500745,35004.48646365738,loss,-6.0499999999999545,25004.486463657417
2025-10-02 19:05:00+00:00,2025-10-03 07:15:00+00:00,buy,587.37,576.96,597.78,597.78,33.62582753473342,350.04486463657383,35354.53132829395,win,10.409999999999968,25354.53132829399
2025-10-03 07:25:00+00:00,2025-10-03 18:40:00+00:00,buy,599.37,593.69,605.05,605.05,62.24389318361667,353.54531328293956,35708.076641576896,win,5.67999999999995,25708.07664157693
2025-10-03 18:55:00+00:00,2025-10-03 20:00:00+00:00,buy,608.3,600.13,616.4699999999999,600.13,43.70633615860107,-357.08076641576895,35350.99587516113,loss,-8.169999999999959,25350.99587516116
2025-10-03 21:15:00+00:00,2025-10-04 04:35:00+00:00,buy,604.7099999999999,600.03,609.3899999999999,600.03,75.53631597256732,-353.5099587516113,34997.48591640952,loss,-4.67999999999995,24997.485916409547
2025-10-04 09:00:00+00:00,2025-10-04 09:05:00+00:00,sell,593.25,594.0899999999999,592.4100000000001,592.4100000000001,416.6367371001539,349.97485916409516,35347.460775573614,win,-0.8399999999999181,25347.460775573643
2025-10-04 10:00:00+00:00,2025-10-04 11:35:00+00:00,sell,591.48,594.31,588.6500000000001,588.6500000000001,124.9026882529135,353.47460775573614,35700.93538332935,win,-2.8299999999999272,25700.93538332938
2025-10-04 11:45:00+00:00,2025-10-04 16:35:00+00:00,sell,588.12,590.4499999999999,585.7900000000001,590.4499999999999,153.22289864090328,-357.0093538332935,35343.926029496055,loss,2.3299999999999272,25343.926029496084
2025-10-04 17:50:00+00:00,2025-10-04 17:55:00+00:00,sell,588.74,590.42,587.0600000000001,587.0600000000001,210.3805120803399,353.43926029496055,35697.365289791014,win,-1.67999999999995,25697.365289791043
2025-10-04 18:15:00+00:00,2025-10-04 18:50:00+00:00,sell,585.4100000000001,589.3399999999999,581.4800000000002,589.3399999999999,90.83299055926845,-356.97365289791014,35340.3916368931,loss,3.9299999999998363,25340.39163689313
2025-10-04 20:45:00+00:00,2025-10-04 21:30:00+00:00,sell,590.37,593.62,587.12,587.12,108.73966657505571,353.40391636893105,35693.79555326203,win,-3.25,25693.79555326206
2025-10-04 22:35:00+00:00,2025-10-05 05:25:00+00:00,sell,586.94,591.25,582.6300000000001,591.25,82.81623098204753,-356.9379555326203,35336.85759772941,loss,4.309999999999945,25336.857597729442
2025-10-05 06:05:00+00:00,2025-10-05 06:15:00+00:00,buy,602.23,595.64,608.82,608.82,53.621938691546646,353.3685759772941,35690.2261737067,win,6.590000000000032,25690.226173706735
2025-10-05 06:25:00+00:00,2025-10-05 07:10:00+00:00,buy,610.23,599.85,620.61,599.85,34.38364756619144,-356.902261737067,35333.32391196964,loss,-10.379999999999995,25333.323911969666
2025-10-05 07:50:00+00:00,2025-10-05 09:05:00+00:00,buy,606.03,599.7900000000001,612.2699999999999,599.7900000000001,56.623916525593316,-353.3332391196964,34979.99067284994,loss,-6.239999999999895,24979.99067284997
2025-10-05 10:20:00+00:00,2025-10-05 12:30:00+00:00,buy,602.4499999999999,598.9100000000001,605.9899999999998,598.9100000000001,98.81353297415657,-349.7999067284994,34630.19076612144,loss,-3.53999999999985,24630.190766121472
2025-10-05 14:50:00+00:00,2025-10-05 15:10:00+00:00,buy,599.6,597.58,601.62,597.58,171.4365879510978,-346.30190766121444,34283.88885846023,loss,-2.019999999999982,24283.888858460257
2025-10-05 23:45:00+00:00,2025-10-06 04:40:00+00:00,sell,593.07,597.52,588.6200000000001,597.52,77.04244687294552,-342.83888858460233,33941.04996987563,loss,4.449999999999932,23941.049969875654
2025-10-06 08:30:00+00:00,2025-10-06 10:40:00+00:00,buy,597.9399999999999,595.24,600.6399999999999,595.24,125.70759248102404,-339.4104996987563,33601.63947017687,loss,-2.699999999999932,23601.6394701769
2025-10-06 11:55:00+00:00,2025-10-06 14:40:00+00:00,buy,596.55,593.2900000000001,599.8099999999998,599.8099999999998,103.07251371220288,336.0163947017687,33937.655864878645,win,3.259999999999877,23937.655864878667
2025-10-06 14:50:00+00:00,2025-10-06 16:50:00+00:00,buy,599.8399999999999,597.5500000000001,602.1299999999998,597.5500000000001,148.19937058899941,-339.37655864878644,33598.27930622986,loss,-2.28999999999985,23598.27930622988
2025-10-06 17:00:00+00:00,2025-10-06 18:05:00+00:00,buy,600.38,597.2,603.56,597.2,105.65496637179366,-335.9827930622986,33262.29651316756,loss,-3.17999999999995,23262.29651316758
2025-10-06 18:15:00+00:00,2025-10-06 19:25:00+00:00,buy,599.63,596.6600000000001,602.5999999999999,596.6600000000001,111.99426435410278,-332.6229651316756,32929.673548035884,loss,-2.9699999999999136,22929.673548035906
2025-10-06 19:35:00+00:00,2025-10-06 19:45:00+00:00,buy,599.12,596.37,601.87,596.37,119.74426744740322,-329.29673548035885,32600.376812555525,loss,-2.75,22600.376812555547
2025-10-06 20:20:00+00:00,2025-10-06 22:45:00+00:00,buy,600.01,595.51,604.51,604.51,72.44528180567895,326.00376812555527,32926.38058068108,win,4.5,22926.380580681103
2025-10-07 00:00:00+00:00,2025-10-07 01:30:00+00:00,buy,602.98,600.35,605.61,600.35,125.1953634246431,-329.2638058068108,32597.116774874266,loss,-2.6299999999999955,22597.116774874292
2025-10-07 07:15:00+00:00,2025-10-07 07:35:00+00:00,sell,593.28,594.8399999999999,591.72,594.8399999999999,208.95587676202186,-325.9711677487427,32271.145607125523,loss,1.5599999999999454,22271.14560712555
2025-10-07 09:20:00+00:00,2025-10-07 09:40:00+00:00,sell,593.8000000000001,596.36,591.2400000000001,591.2400000000001,126.05916252783676,322.7114560712552,32593.857063196778,win,-2.5599999999999454,22593.857063196803
2025-10-07 11:20:00+00:00,2025-10-07 15:10:00+00:00,sell,592.4200000000001,595.22,589.6200000000001,589.6200000000001,116.4066323685618,325.93857063196776,32919.79563382875,win,-2.7999999999999545,22919.79563382877
2025-10-07 16:15:00+00:00,2025-10-07 16:40:00+00:00,sell,589.5400000000001,592.03,587.0500000000002,587.0500000000002,132.2080145936953,329.1979563382875,33248.99359016703,win,-2.4899999999998954,23248.993590167058
2025-10-07 17:10:00+00:00,2025-10-07 18:05:00+00:00,sell,583.09,591.64,574.5400000000001,574.5400000000001,38.88771180136516,332.4899359016703,33581.4835260687,win,-8.549999999999955,23581.48352606873
2025-10-07 18:50:00+00:00,2025-10-08 20:15:00+00:00,sell,572.95,583.05,562.8500000000001,583.05,33.24899359016734,-335.81483526068706,33245.668690808016,loss,10.099999999999909,23245.66869080804
2025-10-08 22:30:00+00:00,2025-10-08 23:45:00+00:00,buy,586.4,584.0600000000001,588.7399999999999,584.0600000000001,142.07550722568024,-332.45668690808014,32913.212003899935,loss,-2.339999999999918,22913.21200389996
2025-10-09 01:10:00+00:00,2025-10-09 02:00:00+00:00,buy,583.13,580.85,585.41,580.85,144.35619299956284,-329.13212003899935,32584.079883860933,loss,-2.2799999999999727,22584.079883860963
2025-10-09 05:05:00+00:00,2025-10-09 05:35:00+00:00,sell,578.19,580.8,575.5800000000002,575.5800000000002,124.84321794583211,325.8407988386093,32909.92068269954,win,-2.6099999999999,22909.920682699572
2025-10-09 05:45:00+00:00,2025-10-09 06:10:00+00:00,sell,574.86,578.12,571.6,578.12,100.95067694079643,-329.09920682699544,32580.821475872548,loss,3.259999999999991,22580.821475872577
2025-10-09 08:00:00+00:00,2025-10-09 09:05:00+00:00,sell,578.96,580.74,577.1800000000001,577.1800000000001,183.03832289816322,325.8082147587255,32906.62969063127,win,-1.7799999999999727,22906.629690631304
2025-10-09 09:15:00+00:00,2025-10-09 11:15:00+00:00,sell,576.9200000000001,579.06,574.7800000000002,574.7800000000002,153.76929761978147,329.06629690631274,33235.69598753758,win,-2.1399999999998727,23235.695987537616
2025-10-09 11:25:00+00:00,2025-10-09 11:55:00+00:00,sell,573.27,577.53,569.01,569.01,78.0180656984452,332.3569598753758,33568.05294741296,win,-4.259999999999991,23568.05294741299
2025-10-09 13:15:00+00:00,2025-10-09 13:40:00+00:00,sell,571.4,573.37,569.43,573.37,170.39620785488574,-335.68052947412957,33232.37241793883,loss,1.9700000000000273,23232.372417938863
2025-10-09 16:35:00+00:00,2025-10-09 17:30:00+00:00,sell,575.59,579.43,571.7500000000001,571.7500000000001,86.54263650505088,332.3237241793883,33564.69614211822,win,-3.839999999999918,23564.69614211825
2025-10-09 17:40:00+00:00,2025-10-09 18:00:00+00:00,sell,570.12,576.39,563.85,576.39,53.53221075297977,-335.6469614211822,33229.04918069704,loss,6.269999999999982,23229.049180697068
2025-10-09 19:20:00+00:00,2025-10-09 19:55:00+00:00,sell,572.7900000000001,576.15,569.4300000000002,569.4300000000002,98.89597970445843,332.2904918069704,33561.33967250401,win,-3.3599999999999,23561.339672504037
2025-10-09 23:35:00+00:00,2025-10-10 01:20:00+00:00,sell,573.1800000000001,576.51,569.8500000000001,576.51,100.78480382133557,-335.6133967250401,33225.726275778965,loss,3.3299999999999272,23225.726275778998
2025-10-10 03:05:00+00:00,2025-10-10 03:50:00+00:00,buy,579.54,577.74,581.3399999999999,581.3399999999999,184.5873681987767,332.25726275778965,33557.983538536755,win,1.7999999999999545,23557.983538536788
2025-10-10 04:00:00+00:00,2025-10-10 04:55:00+00:00,buy,582.28,579.8100000000001,584.7499999999999,584.7499999999999,135.86228153254223,335.5798353853676,33893.56337392212,win,2.4699999999999136,23893.563373922156
2025-10-10 05:15:00+00:00,2025-10-10 06:05:00+00:00,buy,586.4599999999999,582.65,590.2699999999999,582.65,88.95948392105672,-338.93563373922126,33554.6277401829,loss,-3.8099999999999454,23554.627740182936
2025-10-10 06:20:00+00:00,2025-10-10 06:30:00+00:00,buy,587.25,582.57,591.93,591.93,71.6979225217591,335.546277401829,33890.17401758473,win,4.67999999999995,23890.174017584766
2025-10-10 06:40:00+00:00,2025-10-10 10:00:00+00:00,buy,592.6899999999999,583.38,601.9999999999999,583.38,36.40190549686888,-338.90174017584724,33551.27227740888,loss,-9.309999999999945,23551.27227740892
2025-10-10 11:15:00+00:00,2025-10-10 12:00:00+00:00,buy,586.8199999999999,583.61,590.0299999999999,590.0299999999999,104.52109743741337,335.51272277408884,33886.78500018297,win,3.2099999999999227,23886.78500018301
2025-10-10 12:10:00+00:00,2025-10-10 12:25:00+00:00,buy,590.3299999999999,586.8000000000001,593.8599999999998,593.8599999999998,95.99655807417656,338.8678500018297,34225.6528501848,win,3.529999999999859,24225.652850184837
2025-10-10 12:45:00+00:00,2025-10-10 12:55:00+00:00,buy,595.51,589.6700000000001,601.3499999999999,589.6700000000001,58.605569948947405,-342.25652850184804,33883.39632168295,loss,-5.839999999999918,23883.39632168299
2025-10-10 14:10:00+00:00,2025-10-10 15:10:00+00:00,buy,593.04,590.0600000000001,596.0199999999999,590.0600000000001,113.70267222041622,-338.8339632168295,33544.56235846612,loss,-2.9799999999999045,23544.562358466163
2025-10-10 16:25:00+00:00,2025-10-10 16:35:00+00:00,buy,593.26,591.21,595.31,591.21,163.63201150471642,-335.44562358466123,33209.11673488146,loss,-2.0499999999999545,23209.1167348815
2025-10-10 17:50:00+00:00,2025-10-10 17:55:00+00:00,buy,594.65,591.89,597.41,591.89,120.3228867205854,-332.0911673488146,32877.02556753265,loss,-2.759999999999991,22877.025567532684
2025-10-10 20:05:00+00:00,2025-10-10 21:30:00+00:00,sell,572.6700000000001,580.6,564.7400000000001,564.7400000000001,41.45904863497208,328.7702556753265,33205.795823207976,win,-7.92999999999995,23205.79582320801
2025-10-10 21:40:00+00:00,2025-10-10 22:05:00+00:00,sell,564.34,567.3199999999999,561.3600000000001,561.3600000000001,111.42884504432564,332.0579582320798,33537.853781440055,win,-2.9799999999999045,23537.853781440088
2025-10-10 22:20:00+00:00,2025-10-10 23:50:00+00:00,sell,559.39,566.26,552.52,552.52,48.817836654206744,335.37853781440054,33873.23231925446,win,-6.8700000000000045,23873.23231925449
2025-10-11 00:00:00+00:00,2025-10-11 00:10:00+00:00,sell,546.77,564.0799999999999,529.46,529.46,19.568591750002636,338.7323231925445,34211.964642447005,win,-17.309999999999945,24211.964642447034
2025-10-11 00:20:00+00:00,2025-10-17 11:15:00+00:00,sell,507.38000000000005,563.68,451.08000000000015,451.08000000000015,6.07672551375614,342.11964642447003,34554.084288871476,win,-56.2999999999999,24554.084288871505
2025-10-17 15:15:00+00:00,2025-10-17 15:55:00+00:00,sell,462.83000000000004,470.60999999999996,455.0500000000001,455.0500000000001,44.41399008852423,345.5408428887148,34899.62513176019,win,-7.779999999999916,24899.62513176022
2025-10-17 17:20:00+00:00,2025-10-17 18:45:00+00:00,sell,456.75,464.07,449.43,464.07,47.67708351333364,-348.99625131760195,34550.62888044259,loss,7.319999999999993,24550.628880442615
2025-10-17 20:05:00+00:00,2025-10-17 23:20:00+00:00,sell,463.38000000000005,467.98999999999995,458.77000000000015,467.98999999999995,74.94713423089662,-345.50628880442594,34205.122591638166,loss,4.6099999999999,24205.122591638188
2025-10-18 01:10:00+00:00,2025-10-18 02:40:00+00:00,sell,470.49,472.23999999999995,468.74000000000007,468.74000000000007,195.45784338079588,342.05122591638167,34547.17381755455,win,-1.7499999999999432,24547.17381755457
2025-10-18 02:55:00+00:00,2025-10-18 03:25:00+00:00,sell,468.47,470.34,466.6000000000001,470.34,184.74424501366585,-345.47173817554545,34201.702079379,loss,1.8699999999999477,24201.70207937902
2025-10-18 05:45:00+00:00,2025-10-18 06:15:00+00:00,sell,470.91,473.09999999999997,468.7200000000001,473.09999999999997,156.17215561360695,-342.01702079379,33859.68505858521,loss,2.189999999999941,23859.68505858523
2025-10-18 15:05:00+00:00,2025-10-18 15:20:00+00:00,sell,470.44000000000005,472.55999999999995,468.32000000000016,468.32000000000016,159.7154955593724,338.5968505858521,34198.28190917106,win,-2.119999999999891,24198.28190917108
2025-10-18 15:30:00+00:00,2025-10-18 15:35:00+00:00,sell,467.96000000000004,471.2,464.7200000000001,464.7200000000001,105.55025280608508,341.9828190917106,34540.26472826277,win,-3.2399999999999523,24540.26472826279
2025-10-18 15:45:00+00:00,2025-10-19 09:35:00+00:00,sell,464.47,469.80999999999995,459.1300000000001,459.1300000000001,64.68214368588634,345.4026472826278,34885.6673755454,win,-5.339999999999918,24885.667375545418
2025-10-19 09:50:00+00:00,2025-10-19 11:15:00+00:00,sell,458.04,461.85999999999996,454.2200000000001,461.85999999999996,91.32373658519892,-348.85667375545404,34536.810701789946,loss,3.8199999999999363,24536.810701789964
2025-10-19 11:25:00+00:00,2025-10-19 12:45:00+00:00,sell,459.48,463.47999999999996,455.4800000000001,463.47999999999996,86.3420267544761,-345.3681070178995,34191.442594772045,loss,3.999999999999943,24191.442594772063
2025-10-19 16:05:00+00:00,2025-10-19 16:30:00+00:00,buy,470.28,468.89000000000004,471.6699999999999,471.6699999999999,245.98160140125023,341.9144259477205,34533.35702071976,win,1.3899999999999295,24533.357020719784
2025-10-19 16:40:00+00:00,2025-10-19 16:50:00+00:00,buy,472.53999999999996,469.59000000000003,475.4899999999999,475.4899999999999,117.06222718888326,345.3335702071976,34878.69059092696,win,2.949999999999932,24878.69059092698
2025-10-19 17:00:00+00:00,2025-10-20 00:10:00+00:00,buy,475.9,471.3,480.49999999999994,471.3,75.82324041505917,-348.7869059092696,34529.90368501769,loss,-4.599999999999966,24529.90368501771
2025-10-20 01:25:00+00:00,2025-10-20 02:40:00+00:00,buy,473.84,471.53000000000003,476.1499999999999,471.53000000000003,149.48010253254768,-345.29903685017695,34184.604648167515,loss,-2.3099999999999454,24184.604648167533
2025-10-20 06:45:00+00:00,2025-10-20 06:50:00+00:00,buy,472.53999999999996,469.25,475.8299999999999,475.8299999999999,103.90457339868661,341.84604648167516,34526.45069464919,win,3.2899999999999636,24526.450694649207
2025-10-20 07:00:00+00:00,2025-10-21 07:00:00+00:00,buy,477.34999999999997,469.0,485.69999999999993,469.0,41.34904274808303,-345.2645069464919,34181.1861877027,loss,-8.349999999999966,24181.186187702715
2025-10-21 07:10:00+00:00,2025-10-21 07:35:00+00:00,sell,468.47,472.80999999999995,464.1300000000001,464.1300000000001,78.75849352005378,341.81186187702696,34522.99804957972,win,-4.339999999999918,24522.998049579743
2025-10-21 11:00:00+00:00,2025-10-21 11:20:00+00:00,sell,466.32000000000005,467.96999999999997,464.67000000000013,464.67000000000013,209.23029120958418,345.22998049579724,34868.228030075516,win,-1.6499999999999204,24868.22803007554
2025-10-21 11:30:00+00:00,2025-10-21 13:35:00+00:00,sell,463.44000000000005,468.0,458.8800000000001,468.0,76.46541234665774,-348.6822803007551,34519.54574977476,loss,4.559999999999945,24519.545749774785
2025-10-21 15:05:00+00:00,2025-10-21 15:20:00+00:00,sell,469.86,473.02,466.70000000000005,473.02,109.23906882840224,-345.1954574977476,34174.35029227701,loss,3.159999999999968,24174.35029227704
2025-10-21 17:05:00+00:00,2025-10-21 17:10:00+00:00,buy,477.28,471.81,482.74999999999994,482.74999999999994,62.47596031494917,341.7435029227701,34516.093795199784,win,5.46999999999997,24516.09379519981
2025-10-21 17:20:00+00:00,2025-10-21 17:55:00+00:00,buy,483.21,473.61,492.80999999999995,492.80999999999995,35.9542643699999,345.16093795199777,34861.254733151785,win,9.599999999999966,24861.254733151807
2025-10-21 18:05:00+00:00,2025-10-21 19:15:00+00:00,buy,498.94,486.18,511.7,511.7,27.320732549492014,348.6125473315179,35209.867280483304,win,12.759999999999991,25209.867280483326
2025-10-21 19:25:00+00:00,2025-10-21 19:40:00+00:00,buy,512.3,504.78000000000003,519.8199999999999,504.78000000000003,46.821632021919754,-352.09867280483303,34857.768607678474,loss,-7.519999999999925,24857.768607678492
2025-10-21 22:05:00+00:00,2025-10-21 22:20:00+00:00,buy,497.90999999999997,494.90000000000003,500.9199999999999,494.90000000000003,115.80654022484796,-348.57768607678474,34509.19092160169,loss,-3.009999999999934,24509.19092160171
2025-10-22 10:10:00+00:00,2025-10-22 10:35:00+00:00,sell,475.05,477.09999999999997,473.00000000000006,477.09999999999997,168.33751669074366,-345.09190921601686,34164.09901238567,loss,2.0499999999999545,24164.09901238569
2025-10-22 11:50:00+00:00,2025-10-22 12:10:00+00:00,sell,475.5,477.41999999999996,473.58000000000004,473.58000000000004,177.93801568951247,341.6409901238567,34505.74000250953,win,-1.919999999999959,24505.74000250955
2025-10-22 12:20:00+00:00,2025-10-22 14:00:00+00:00,sell,472.6,476.21,468.99000000000007,468.99000000000007,95.58376731997213,345.05740002509526,34850.79740253462,win,-3.609999999999957,24850.797402534645
2025-10-22 16:30:00+00:00,2025-10-22 16:55:00+00:00,sell,470.11,473.39,466.83000000000004,473.39,106.25243110528936,-348.5079740253462,34502.28942850927,loss,3.2799999999999727,24502.2894285093
2025-10-22 17:05:00+00:00,2025-10-22 18:00:00+00:00,sell,469.16,474.47999999999996,463.8400000000001,474.47999999999996,64.85392749719865,-345.0228942850927,34157.266534224174,loss,5.319999999999936,24157.266534224207
2025-10-22 18:20:00+00:00,2025-10-23 05:35:00+00:00,sell,467.29,476.34,458.24000000000007,476.34,37.74283594941917,-341.57266534224175,33815.693868881935,loss,9.049999999999955,23815.693868881965
2025-10-23 08:10:00+00:00,2025-10-23 09:15:00+00:00,buy,483.47999999999996,479.09000000000003,487.8699999999999,487.8699999999999,77.0289154188667,338.1569386888194,34153.85080757076,win,4.3899999999999295,24153.850807570783
2025-10-23 11:35:00+00:00,2025-10-23 12:10:00+00:00,buy,487.10999999999996,483.1,491.1199999999999,483.1,85.17169777449206,-341.53850807570757,33812.31229949505,loss,-4.009999999999934,23812.312299495075
2025-10-23 14:55:00+00:00,2025-10-23 15:00:00+00:00,buy,483.48999999999995,480.55,486.4299999999999,480.55,115.0078649642712,-338.12312299495056,33474.189176500106,loss,-2.939999999999941,23474.189176500124
2025-10-23 15:15:00+00:00,2025-10-23 23:00:00+00:00,buy,483.61999999999995,480.25,486.9899999999999,480.25,99.32993820920068,-334.74189176500107,33139.447284735106,loss,-3.3699999999999477,23139.447284735124
2025-10-24 07:10:00+00:00,2025-10-24 07:20:00+00:00,buy,481.75,480.34000000000003,483.15999999999997,483.15999999999997,235.03154102649543,331.3944728473511,33470.84175758246,win,1.4099999999999682,23470.841757582475
2025-10-24 07:30:00+00:00,2025-10-24 09:40:00+00:00,buy,483.64,479.05,488.22999999999996,488.22999999999996,72.92122387272906,334.70841757582457,33805.55017515828,win,4.589999999999975,23805.5501751583
2025-10-24 09:50:00+00:00,2025-10-24 10:05:00+00:00,buy,488.59999999999997,486.01000000000005,491.1899999999999,491.1899999999999,130.52335974964998,338.05550175158277,34143.60567690986,win,2.589999999999918,24143.605676909883
2025-10-24 10:15:00+00:00,2025-10-24 11:05:00+00:00,buy,491.79999999999995,487.77000000000004,495.82999999999987,487.77000000000004,84.72358728761928,-341.43605676909857,33802.16962014076,loss,-4.029999999999916,23802.169620140783
2025-10-24 11:40:00+00:00,2025-10-24 11:50:00+00:00,buy,489.91999999999996,487.46000000000004,492.3799999999999,492.3799999999999,137.4071935778123,338.0216962014077,34140.19131634217,win,2.4599999999999227,24140.191316342192
2025-10-24 12:15:00+00:00,2025-10-24 15:20:00+00:00,buy,492.53,486.68,498.37999999999994,498.37999999999994,58.359301395457045,341.40191316342174,34481.59322950559,win,5.849999999999966,24481.593229505615
2025-10-24 15:30:00+00:00,2025-10-24 15:45:00+00:00,buy,499.02,493.34000000000003,504.69999999999993,504.69999999999993,60.70703033363714,344.8159322950559,34826.40916180064,win,5.67999999999995,24826.40916180067
2025-10-24 17:00:00+00:00,2025-10-24 17:25:00+00:00,buy,498.91999999999996,495.15000000000003,502.6899999999999,495.15000000000003,92.37774313475155,-348.26409161800643,34478.14507018263,loss,-3.769999999999925,24478.145070182665
2025-10-24 19:45:00+00:00,2025-10-24 19:50:00+00:00,buy,498.65999999999997,495.67,501.6499999999999,501.6499999999999,115.3115219738568,344.7814507018263,34822.92652088446,win,2.9899999999999523,24822.92652088449
2025-10-24 20:00:00+00:00,2025-10-24 20:45:00+00:00,buy,501.9,497.54,506.25999999999993,497.54,79.86909752496514,-348.2292652088446,34474.697255675615,loss,-4.359999999999957,24474.69725567565
2025-10-24 21:30:00+00:00,2025-10-24 21:50:00+00:00,buy,500.21999999999997,497.45000000000005,502.9899999999999,497.45000000000005,124.45739081471677,-344.74697255675613,34129.95028311886,loss,-2.769999999999925,24129.95028311889
2025-10-24 23:10:00+00:00,2025-10-25 01:25:00+00:00,buy,500.11999999999995,497.67,502.5699999999999,502.5699999999999,139.30591952293798,341.29950283118853,34471.24978595004,win,2.449999999999932,24471.24978595008
2025-10-25 02:55:00+00:00,2025-10-25 03:00:00+00:00,buy,502.19,501.24,503.14,501.24,362.85526090474167,-344.71249785950044,34126.53728809054,loss,-0.9499999999999886,24126.537288090578
2025-10-25 03:30:00+00:00,2025-10-25 04:25:00+00:00,buy,502.46999999999997,500.44000000000005,504.4999999999999,504.4999999999999,168.1110211236057,341.26537288090543,34467.80266097144,win,2.029999999999916,24467.802660971483
2025-10-25 04:35:00+00:00,2025-10-25 05:35:00+00:00,buy,504.83,502.04,507.61999999999995,502.04,123.54051132964837,-344.67802660971444,34123.12463436173,loss,-2.7899999999999636,24123.124634361768
2025-10-25 07:15:00+00:00,2025-10-25 07:25:00+00:00,buy,503.07,502.06,504.08,504.08,337.8527191520994,341.23124634361733,34464.35588070535,win,1.009999999999991,24464.355880705385
2025-10-25 07:35:00+00:00,2025-10-25 09:20:00+00:00,buy,504.26,501.37,507.15,507.15,119.25382657683568,344.64355880705347,34808.9994395124,win,2.8899999999999864,24808.999439512438
2025-10-25 11:20:00+00:00,2025-10-25 13:00:00+00:00,buy,508.46,506.47,510.44999999999993,506.47,174.91959517343335,-348.089994395124,34460.90944511728,loss,-1.9899999999999523,24460.909445117315
2025-10-25 15:05:00+00:00,2025-10-25 15:25:00+00:00,buy,499.54999999999995,497.90000000000003,501.1999999999999,501.1999999999999,208.8539966370845,344.6090944511728,34805.51853956845,win,1.6499999999999204,24805.51853956849
2025-10-25 15:35:00+00:00,2025-10-25 15:40:00+00:00,buy,502.97999999999996,499.22,506.7399999999999,506.7399999999999,92.5678684563007,348.05518539568453,35153.57372496414,win,3.759999999999934,25153.573724964175
2025-10-25 16:25:00+00:00,2025-10-26 04:00:00+00:00,buy,506.96999999999997,499.75,514.1899999999999,514.1899999999999,48.68916028388405,351.5357372496414,35505.10946221378,win,7.21999999999997,25505.109462213815
2025-10-26 07:05:00+00:00,2025-10-26 09:15:00+00:00,buy,510.5,506.95000000000005,514.05,514.05,100.01439285130772,355.05109462213784,35860.16055683592,win,3.5499999999999545,25860.160556835952
2025-10-26 09:25:00+00:00,2025-10-26 11:40:00+00:00,buy,515.39,509.18,521.5999999999999,521.5999999999999,57.74583020424483,358.6016055683559,36218.76216240428,win,6.209999999999923,26218.76216240431
2025-10-26 11:50:00+00:00,2025-10-26 13:30:00+00:00,buy,521.6999999999999,517.5500000000001,525.8499999999998,525.8499999999998,87.27412569254331,362.18762162404283,36580.94978402832,win,4.149999999999864,26580.94978402835
2025-10-26 13:40:00+00:00,2025-10-26 14:00:00+00:00,buy,531.67,523.2900000000001,540.0499999999998,540.0499999999998,43.652684706478325,365.8094978402832,36946.7592818686,win,8.379999999999882,26946.759281868635
2025-10-26 14:10:00+00:00,2025-10-26 14:25:00+00:00,buy,546.22,530.19,562.25,562.25,23.048508597547517,369.46759281868606,37316.22687468729,win,16.029999999999973,27316.22687468732
2025-10-26 18:00:00+00:00,2025-10-26 18:45:00+00:00,buy,547.93,544.0600000000001,551.7999999999998,551.7999999999998,96.42435884932388,373.1622687468729,37689.38914343416,win,3.869999999999891,27689.389143434193
2025-10-26 20:00:00+00:00,2025-10-26 20:05:00+00:00,buy,550.93,549.4,552.4599999999999,552.4599999999999,246.335876754476,376.8938914343416,38066.283034868495,win,1.5299999999999727,28066.283034868535
2025-10-26 20:30:00+00:00,2025-10-26 23:25:00+00:00,buy,554.13,549.65,558.61,549.65,84.96938177425969,-380.66283034868496,37685.62020451981,loss,-4.480000000000018,27685.62020451985
2025-10-26 23:40:00+00:00,2025-10-26 23:50:00+00:00,buy,551.78,549.34,554.2199999999999,549.34,154.44926313328165,-376.8562020451981,37308.76400247461,loss,-2.439999999999941,27308.764002474654
2025-10-27 00:00:00+00:00,2025-10-27 00:05:00+00:00,buy,551.86,546.63,557.09,557.09,71.33606883838333,373.0876400247461,37681.85164249935,win,5.230000000000018,27681.8516424994
2025-10-27 01:55:00+00:00,2025-10-27 02:00:00+00:00,buy,557.5699999999999,555.3000000000001,559.8399999999998,559.8399999999998,165.99934644273807,376.81851642499356,38058.670158924346,win,2.269999999999868,28058.670158924397
2025-10-27 02:10:00+00:00,2025-10-27 05:30:00+00:00,buy,560.01,554.6700000000001,565.3499999999999,554.6700000000001,71.27091790060848,-380.58670158924343,37678.0834573351,loss,-5.339999999999918,27678.083457335153
2025-10-27 08:20:00+00:00,2025-10-27 08:40:00+00:00,buy,558.47,555.9300000000001,561.01,561.01,148.33891124935292,376.780834573351,38054.86429190845,win,2.5399999999999636,28054.864291908503
2025-10-27 08:50:00+00:00,2025-10-27 10:30:00+00:00,buy,561.28,555.8000000000001,566.7599999999999,555.8000000000001,69.4431830144327,-380.5486429190846,37674.315648989366,loss,-5.4799999999999045,27674.315648989417
2025-10-27 12:50:00+00:00,2025-10-27 13:20:00+00:00,buy,559.02,556.58,561.4599999999999,556.58,154.40293298766508,-376.7431564898937,37297.57249249947,loss,-2.439999999999941,27297.572492499523
2025-10-27 13:30:00+00:00,2025-10-27 14:15:00+00:00,buy,558.89,555.6,562.18,562.18,113.36648174012123,372.9757249249947,37670.54821742447,win,3.2899999999999636,27670.54821742452
2025-10-27 14:25:00+00:00,2025-10-27 15:00:00+00:00,buy,562.24,559.5,564.98,559.5,137.48375261833704,-376.7054821742447,37293.842735250226,loss,-2.740000000000009,27293.842735250273
2025-10-27 15:45:00+00:00,2025-10-27 18:20:00+00:00,buy,564.61,558.4100000000001,570.81,558.4100000000001,60.151359250404255,-372.9384273525023,36920.90430789773,loss,-6.199999999999932,26920.90430789777
2025-10-28 06:05:00+00:00,2025-10-28 06:35:00+00:00,buy,558.51,556.32,560.6999999999999,556.32,168.5886041456563,-369.2090430789773,36551.69526481875,loss,-2.189999999999941,26551.695264818794
2025-10-28 06:45:00+00:00,2025-10-28 07:05:00+00:00,buy,560.67,555.71,565.6299999999999,555.71,73.69293400165185,-365.5169526481875,36186.17831217057,loss,-4.959999999999923,26186.178312170607
2025-10-28 15:10:00+00:00,2025-10-28 15:45:00+00:00,buy,559.43,554.07,564.7899999999998,564.7899999999998,67.51152670181202,361.8617831217056,36548.04009529227,win,5.3599999999999,26548.040095292312
2025-10-28 16:05:00+00:00,2025-10-28 16:45:00+00:00,buy,565.18,559.76,570.5999999999999,559.76,67.43180829389769,-365.4804009529227,36182.55969433935,loss,-5.419999999999959,26182.55969433939
2025-10-28 18:00:00+00:00,2025-10-28 18:30:00+00:00,buy,560.39,558.03,562.75,562.75,153.31593090821667,361.82559694339346,36544.38529128274,win,2.3600000000000136,26544.385291282782
2025-10-28 19:20:00+00:00,2025-10-28 19:30:00+00:00,buy,563.1999999999999,559.63,566.7699999999999,559.63,102.36522490555572,-365.4438529128274,36178.94143836992,loss,-3.5699999999999363,26178.941438369955
2025-10-28 21:05:00+00:00,2025-10-28 21:15:00+00:00,buy,562.61,559.45,565.77,559.45,114.4903210075009,-361.7894143836992,35817.15202398622,loss,-3.159999999999968,25817.152023986255
2025-10-29 00:10:00+00:00,2025-10-29 00:25:00+00:00,buy,557.31,553.37,561.2499999999999,561.2499999999999,90.90647721824051,358.1715202398622,36175.323544226085,win,3.939999999999941,26175.323544226118
2025-10-29 02:15:00+00:00,2025-10-29 02:30:00+00:00,buy,557.63,555.08,560.18,560.18,141.86401389892836,361.75323544226086,36537.07677966834,win,2.5499999999999545,26537.07677966838
2025-10-29 02:55:00+00:00,2025-10-29 10:35:00+00:00,buy,561.8299999999999,554.98,568.6799999999998,554.98,53.33879821849464,-365.3707677966834,36171.70601187166,loss,-6.849999999999909,26171.706011871694
2025-10-29 11:15:00+00:00,2025-10-29 11:40:00+00:00,sell,554.34,556.99,551.69,551.69,136.4970038183848,361.71706011871663,36533.42307199038,win,-2.6499999999999773,26533.42307199041
2025-10-29 12:55:00+00:00,2025-10-29 13:00:00+00:00,sell,553.1600000000001,555.4399999999999,550.8800000000002,550.8800000000002,160.23431171926597,365.3342307199038,36898.757302710284,win,-2.279999999999859,26898.757302710317
2025-10-29 13:35:00+00:00,2025-10-29 14:35:00+00:00,sell,548.5600000000001,555.4399999999999,541.6800000000002,555.4399999999999,53.63191468417284,-368.9875730271028,36529.76972968318,loss,6.879999999999882,26529.769729683216
2025-10-29 16:00:00+00:00,2025-10-29 16:55:00+00:00,sell,552.33,556.28,548.3800000000001,556.28,92.48042969540205,-365.2976972968318,36164.47203238635,loss,3.949999999999932,26164.472032386384
2025-10-29 23:10:00+00:00,2025-10-30 01:10:00+00:00,buy,559.12,557.5400000000001,560.6999999999999,557.5400000000001,228.88906349612668,-361.6447203238635,35802.82731206249,loss,-1.5799999999999272,25802.82731206252
2025-10-30 02:25:00+00:00,2025-10-30 06:15:00+00:00,buy,558.7099999999999,553.58,563.8399999999998,553.58,69.79108637829106,-358.0282731206249,35444.79903894186,loss,-5.129999999999882,25444.799038941896
2025-10-30 06:30:00+00:00,2025-10-30 07:40:00+00:00,buy,558.99,552.62,565.36,565.36,55.64332659174543,354.44799038941864,35799.24702933128,win,6.3700000000000045,25799.247029331313
2025-10-30 08:40:00+00:00,2025-10-30 14:15:00+00:00,buy,566.93,558.11,575.7499999999999,558.11,40.588715452756844,-357.9924702933128,35441.25455903797,loss,-8.819999999999936,25441.254559038
2025-10-30 15:20:00+00:00,2025-10-30 15:35:00+00:00,sell,538.9300000000001,545.5899999999999,532.2700000000002,532.2700000000002,53.21509693549361,354.4125455903797,35795.667104628345,win,-6.6599999999998545,25795.66710462838
2025-10-30 17:15:00+00:00,2025-10-30 17:50:00+00:00,sell,535.5400000000001,540.4499999999999,530.6300000000002,530.6300000000002,72.90359899109859,357.9566710462835,36153.62377567463,win,-4.9099999999998545,26153.623775674663
2025-10-30 19:05:00+00:00,2025-10-30 19:45:00+00:00,sell,530.95,534.8,527.1000000000001,534.8,93.9055163004558,-361.5362377567463,35792.08753791788,loss,3.849999999999909,25792.087537917916
2025-10-30 21:00:00+00:00,2025-10-30 21:40:00+00:00,sell,530.32,534.4,526.2400000000001,526.2400000000001,87.7257047498003,357.9208753791788,36150.00841329706,win,-4.079999999999927,26150.008413297095
2025-10-31 09:10:00+00:00,2025-10-31 09:15:00+00:00,buy,551.53,548.24,554.8199999999999,554.8199999999999,109.87844502522024,361.5000841329706,36511.508497430026,win,3.2899999999999636,26511.508497430066
2025-10-31 10:00:00+00:00,2025-10-31 11:20:00+00:00,buy,555.02,550.45,559.5899999999999,550.45,79.89389167927906,-365.11508497430026,36146.39341245573,loss,-4.569999999999936,26146.393412455767
2025-10-31 12:45:00+00:00,2025-10-31 12:55:00+00:00,buy,553.31,551.34,555.2799999999999,551.34,183.4842305200879,-361.4639341245573,35784.92947833117,loss,-1.9699999999999136,25784.92947833121
2025-10-31 13:55:00+00:00,2025-10-31 15:20:00+00:00,buy,553.51,550.82,556.1999999999999,556.1999999999999,133.02947761461695,357.84929478331173,36142.778773114485,win,2.689999999999941,26142.77877311452
2025-10-31 16:50:00+00:00,2025-10-31 17:55:00+00:00,buy,552.8399999999999,549.64,556.0399999999998,556.0399999999998,112.94618366598517,361.42778773114486,36504.20656084563,win,3.199999999999932,26504.206560845665
2025-10-31 20:05:00+00:00,2025-10-31 20:25:00+00:00,sell,545.32,547.85,542.7900000000001,542.7900000000001,144.28540142626886,365.0420656084563,36869.248626454086,win,-2.5299999999999727,26869.248626454122
2025-10-31 20:35:00+00:00,2025-10-31 21:05:00+00:00,sell,542.47,546.74,538.2,538.2,86.34484455844085,368.6924862645409,37237.941112718625,win,-4.269999999999982,27237.94111271866
2025-10-31 22:50:00+00:00,2025-11-01 00:55:00+00:00,sell,542.77,546.02,539.52,539.52,114.57828034682653,372.37941112718624,37610.32052384581,win,-3.25,27610.320523845847
2025-11-01 01:05:00+00:00,2025-11-01 01:50:00+00:00,sell,539.14,542.75,535.53,535.53,104.18371336245337,376.1032052384581,37986.42372908427,win,-3.6100000000000136,27986.423729084305
2025-11-01 02:00:00+00:00,2025-11-01 03:30:00+00:00,sell,534.3100000000001,540.0899999999999,528.5300000000002,540.0899999999999,65.72045627869412,-379.8642372908427,37606.55949179343,loss,5.779999999999859,27606.55949179346
2025-11-01 11:05:00+00:00,2025-11-01 11:10:00+00:00,buy,550.47,548.88,552.0600000000001,552.0600000000001,236.51924208674637,376.0655949179343,37982.62508671136,win,1.5900000000000318,27982.625086711396
2025-11-01 11:20:00+00:00,2025-11-01 11:45:00+00:00,buy,552.8299999999999,549.46,556.1999999999998,556.1999999999998,112.70808631071986,379.82625086711363,38362.45133757847,win,3.369999999999891,28362.45133757851
2025-11-01 12:00:00+00:00,2025-11-01 15:40:00+00:00,buy,558.31,553.0600000000001,563.5599999999998,553.0600000000001,73.07133588110344,-383.6245133757847,37978.82682420269,loss,-5.249999999999886,27978.826824202726
2025-11-01 17:05:00+00:00,2025-11-01 17:20:00+00:00,buy,552.6999999999999,551.07,554.3299999999998,551.07,232.99893757181255,-379.7882682420269,37599.038555960666,loss,-1.6299999999998818,27599.0385559607
2025-11-01 18:15:00+00:00,2025-11-01 19:00:00+00:00,buy,553.74,549.57,557.91,549.57,90.16556008623749,-375.99038555960664,37223.04817040106,loss,-4.169999999999959,27223.048170401093
2025-11-01 20:45:00+00:00,2025-11-01 22:35:00+00:00,buy,553.5,551.87,555.13,551.87,228.3622587141176,-372.23048170401063,36850.81768869705,loss,-1.6299999999999955,26850.817688697083
2025-11-02 00:10:00+00:00,2025-11-02 00:50:00+00:00,buy,551.79,550.22,553.3599999999999,553.3599999999999,234.71858400444933,368.5081768869705,37219.32586558402,win,1.5699999999999363,27219.325865584055
2025-11-02 01:00:00+00:00,2025-11-02 03:45:00+00:00,buy,553.72,551.28,556.1600000000001,551.28,152.53822076058682,-372.19325865584017,36847.13260692818,loss,-2.4400000000000546,26847.132606928215
2025-11-02 08:05:00+00:00,2025-11-02 09:35:00+00:00,sell,546.49,548.79,544.19,548.79,160.20492437795178,-368.4713260692818,36478.6612808589,loss,2.2999999999999545,26478.661280858934
2025-11-02 11:55:00+00:00,2025-11-02 12:05:00+00:00,sell,549.1600000000001,551.93,546.3900000000002,546.3900000000002,131.69191798144632,364.7866128085889,36843.447893667486,win,-2.769999999999868,26843.447893667522
2025-11-02 12:15:00+00:00,2025-11-02 12:20:00+00:00,sell,545.6600000000001,549.86,541.4600000000002,541.4600000000002,87.72249498492401,368.43447893667485,37211.88237260416,win,-4.199999999999932,27211.882372604196
2025-11-02 12:30:00+00:00,2025-11-02 12:35:00+00:00,sell,539.9200000000001,549.62,530.2200000000001,530.2200000000001,38.36276533258188,372.1188237260416,37584.0011963302,win,-9.699999999999932,27584.00119633024
2025-11-02 14:05:00+00:00,2025-11-02 14:50:00+00:00,sell,530.61,533.13,528.09,533.13,149.1428618902003,-375.840011963302,37208.1611843669,loss,2.519999999999982,27208.161184366938
2025-11-02 15:20:00+00:00,2025-11-02 18:20:00+00:00,sell,530.9300000000001,534.31,527.5500000000002,534.31,110.08331711351539,-372.081611843669,36836.07957252323,loss,3.3799999999998818,26836.079572523267
2025-11-02 20:10:00+00:00,2025-11-02 22:45:00+00:00,sell,531.48,533.05,529.9100000000001,533.05,234.62471065302373,-368.3607957252323,36467.718776798,loss,1.5699999999999363,26467.718776798036
2025-11-02 23:35:00+00:00,2025-11-03 00:30:00+00:00,sell,531.35,533.0899999999999,529.6100000000001,529.6100000000001,209.58459067126546,364.67718776798,36832.39596456598,win,-1.7399999999998954,26832.395964566014
2025-11-03 02:55:00+00:00,2025-11-03 04:25:00+00:00,sell,532.34,534.9599999999999,529.7200000000001,529.7200000000001,140.58166398689892,368.32395964565984,37200.71992421164,win,-2.619999999999891,27200.719924211673
2025-11-03 04:35:00+00:00,2025-11-03 04:55:00+00:00,sell,529.1600000000001,531.9399999999999,526.3800000000002,531.9399999999999,133.81553929573212,-372.0071992421164,36828.712724969526,loss,2.779999999999859,26828.712724969555
2025-11-03 05:10:00+00:00,2025-11-03 06:15:00+00:00,sell,527.9,532.15,523.65,523.65,86.65579464698713,368.2871272496953,37196.99985221922,win,-4.25,27196.99985221925
2025-11-03 07:40:00+00:00,2025-11-03 08:40:00+00:00,sell,528.97,533.05,524.8900000000001,524.8900000000001,91.16911728485266,371.9699985221922,37568.96985074141,win,-4.079999999999927,27568.969850741443
2025-11-03 08:50:00+00:00,2025-11-03 10:45:00+00:00,sell,523.86,527.7099999999999,520.0100000000001,520.0100000000001,97.58173987205791,375.68969850741405,37944.65954924882,win,-3.849999999999909,27944.659549248856
2025-11-03 11:20:00+00:00,2025-11-03 14:15:00+00:00,sell,519.76,525.93,513.59,525.93,61.49863784319136,-379.4465954924882,37565.21295375633,loss,6.169999999999959,27565.212953756367
2025-11-03 14:35:00+00:00,2025-11-03 14:40:00+00:00,sell,522.0600000000001,526.11,518.0100000000001,518.0100000000001,92.75361223149815,375.6521295375633,37940.865083293895,win,-4.0499999999999545,27940.86508329393
2025-11-03 15:55:00+00:00,2025-11-03 17:25:00+00:00,sell,518.86,524.23,513.49,513.49,70.65338004337778,379.408650832939,38320.27373412684,win,-5.3700000000000045,28320.27373412687
2025-11-03 17:35:00+00:00,2025-11-04 10:05:00+00:00,sell,504.36,520.79,487.93000000000006,487.93000000000006,23.32335589417344,383.2027373412684,38703.47647146811,win,-16.42999999999995,28703.476471468137
2025-11-04 10:15:00+00:00,2025-11-04 10:25:00+00:00,sell,487.37,493.71,481.03000000000003,493.71,61.046492857205465,-387.0347647146811,38316.44170675342,loss,6.339999999999975,28316.441706753456
2025-11-04 11:45:00+00:00,2025-11-04 13:00:00+00:00,sell,493.71000000000004,496.77,490.6500000000001,496.77,125.21712976063435,-383.16441706753426,37933.27728968589,loss,3.0599999999999454,27933.27728968592
2025-11-04 14:15:00+00:00,2025-11-04 14:35:00+00:00,sell,496.62,499.27,493.97,493.97,143.1444426025895,379.3327728968589,38312.610062582746,win,-2.6499999999999773,28312.61006258278
2025-11-04 15:05:00+00:00,2025-11-04 16:00:00+00:00,sell,493.78000000000003,497.27,490.2900000000001,490.2900000000001,109.77825232831883,383.12610062582746,38695.736163208574,win,-3.4899999999999523,28695.736163208607
2025-11-04 18:20:00+00:00,2025-11-04 18:45:00+00:00,sell,495.14000000000004,501.84999999999997,488.4300000000001,488.4300000000001,57.66875732221911,386.95736163208574,39082.69352484066,win,-6.709999999999923,29082.69352484069
2025-11-04 18:55:00+00:00,2025-11-04 19:15:00+00:00,sell,488.13000000000005,497.77,478.4900000000001,478.4900000000001,40.542213200042475,390.8269352484066,39473.520460089065,win,-9.63999999999993,29473.520460089097
2025-11-04 20:30:00+00:00,2025-11-04 22:15:00+00:00,sell,477.0,485.4,468.6,468.6,46.99228626201092,394.73520460089065,39868.255664689954,win,-8.399999999999977,29868.255664689987
2025-11-04 23:30:00+00:00,2025-11-04 23:35:00+00:00,sell,466.68,474.61999999999995,458.74000000000007,458.74000000000007,50.211908897594775,398.68255664689957,40266.93822133685,win,-7.939999999999941,30266.938221336884
2025-11-05 01:55:00+00:00,2025-11-05 02:30:00+00:00,sell,478.38000000000005,480.88,475.8800000000001,475.8800000000001,161.06775288535107,402.6693822133685,40669.60760355022,win,-2.499999999999943,30669.607603550252
2025-11-05 02:40:00+00:00,2025-11-05 03:05:00+00:00,sell,474.74,480.28999999999996,469.19000000000005,469.19000000000005,73.27857225864965,406.6960760355022,41076.30367958572,win,-5.5499999999999545,31076.303679585755
2025-11-05 03:15:00+00:00,2025-11-05 03:25:00+00:00,sell,467.03000000000003,473.71999999999997,460.3400000000001,460.3400000000001,61.3995570696354,410.7630367958572,41487.066716381574,win,-6.689999999999941,31487.06671638161
2025-11-05 03:35:00+00:00,2025-11-05 03:50:00+00:00,sell,460.16,471.22999999999996,449.0900000000001,471.22999999999996,37.47702503738195,-414.87066716381577,41072.19604921776,loss,11.069999999999936,31072.196049217793
2025-11-05 06:10:00+00:00,2025-11-05 06:15:00+00:00,sell,484.90000000000003,487.34999999999997,482.4500000000001,482.4500000000001,167.6416165274241,410.72196049217763,41482.91800970994,win,-2.449999999999932,31482.91800970997
2025-11-05 06:25:00+00:00,2025-11-05 07:10:00+00:00,sell,482.08000000000004,487.34999999999997,476.8100000000001,487.34999999999997,78.71521443967842,-414.82918009709937,41068.08882961284,loss,5.269999999999925,31068.088829612872
2025-11-05 08:05:00+00:00,2025-11-05 10:15:00+00:00,sell,483.64000000000004,487.83,479.4500000000001,479.4500000000001,98.01453181291986,410.6808882961284,41478.76971790897,win,-4.189999999999941,31478.769717909
2025-11-05 10:25:00+00:00,2025-11-05 13:25:00+00:00,sell,479.20000000000005,483.86999999999995,474.53000000000014,483.86999999999995,88.8196353702566,-414.78769717908966,41063.982020729876,loss,4.669999999999902,31063.98202072991
2025-11-05 14:55:00+00:00,2025-11-05 15:40:00+00:00,sell,483.29,486.26,480.32000000000005,486.26,138.2625657263646,-410.63982020729884,40653.34220052258,loss,2.9699999999999704,30653.34220052261
2025-11-05 19:20:00+00:00,2025-11-05 21:45:00+00:00,buy,491.0,487.92,494.08,487.92,131.99137078091815,-406.5334220052258,40246.808778517356,loss,-3.079999999999984,30246.808778517385
2025-11-06 00:05:00+00:00,2025-11-06 00:20:00+00:00,buy,486.96999999999997,484.71000000000004,489.2299999999999,489.2299999999999,178.0832246837103,402.46808778517357,40649.27686630253,win,2.259999999999934,30649.27686630256
2025-11-06 00:45:00+00:00,2025-11-06 02:00:00+00:00,buy,489.46999999999997,486.18,492.75999999999993,486.18,123.55403302827654,-406.4927686630253,40242.7840976395,loss,-3.2899999999999636,30242.784097639535
2025-11-06 07:05:00+00:00,2025-11-06 07:10:00+00:00,sell,484.44000000000005,486.2,482.6800000000001,482.6800000000001,228.65218237296028,402.42784097639503,40645.211938615896,win,-1.759999999999934,30645.21193861593
2025-11-06 07:20:00+00:00,2025-11-06 10:00:00+00:00,sell,481.61,486.80999999999995,476.4100000000001,476.4100000000001,78.1638691127239,406.452119386159,41051.664058002054,win,-5.199999999999932,31051.664058002087
2025-11-06 10:10:00+00:00,2025-11-06 12:15:00+00:00,sell,475.67,479.73999999999995,471.6000000000001,479.73999999999995,100.86403945455207,-410.5166405800205,40641.147417422035,loss,4.069999999999936,30641.147417422068
2025-11-06 14:00:00+00:00,2025-11-06 15:15:00+00:00,sell,477.03000000000003,480.11999999999995,473.9400000000001,480.11999999999995,131.5247489236994,-406.4114741742204,40234.73594324781,loss,3.089999999999918,30234.735943247848
2025-11-06 16:20:00+00:00,2025-11-06 17:40:00+00:00,sell,474.88000000000005,480.90999999999997,468.85000000000014,468.85000000000014,66.72427187935054,402.34735943247813,40637.08330268029,win,-6.029999999999916,30637.083302680327
2025-11-06 17:50:00+00:00,2025-11-07 02:45:00+00:00,sell,468.14000000000004,475.13,461.1500000000001,475.13,58.13602761470753,-406.37083302680287,40230.71246965348,loss,6.989999999999952,30230.712469653525
2025-11-07 07:05:00+00:00,2025-11-07 07:10:00+00:00,buy,478.39,475.62,481.15999999999997,481.15999999999997,145.237229132324,402.3071246965348,40633.019594350015,win,2.769999999999982,30633.01959435006
2025-11-07 07:25:00+00:00,2025-11-07 08:05:00+00:00,buy,483.32,476.33000000000004,490.30999999999995,476.33000000000004,58.13021401194605,-406.33019594350014,40226.68939840652,loss,-6.989999999999952,30226.689398406557
2025-11-07 09:20:00+00:00,2025-11-07 09:45:00+00:00,buy,481.28999999999996,478.64000000000004,483.9399999999999,483.9399999999999,151.79882791851972,402.2668939840652,40628.95629239058,win,2.6499999999999204,30628.956292390623
2025-11-07 09:55:00+00:00,2025-11-07 13:00:00+00:00,buy,484.36999999999995,478.79,489.9499999999999,478.79,72.81174962794107,-406.28956292390586,40222.66672946668,loss,-5.579999999999927,30222.666729466717
2025-11-07 17:10:00+00:00,2025-11-07 18:30:00+00:00,buy,481.03,466.67,495.38999999999993,495.38999999999993,28.01021359990724,402.22666729466675,40624.89339676134,win,14.359999999999957,30624.893396761385
2025-11-07 18:40:00+00:00,2025-11-07 20:10:00+00:00,buy,495.46,481.96000000000004,508.9599999999999,508.9599999999999,30.09251362723075,406.2489339676134,41031.14233072895,win,13.499999999999943,31031.142330729
2025-11-07 23:15:00+00:00,2025-11-07 23:55:00+00:00,buy,512.42,508.01000000000005,516.8299999999999,516.8299999999999,93.04113907194962,410.31142330729483,41441.45375403624,win,4.409999999999968,31441.453754036294
2025-11-08 02:15:00+00:00,2025-11-08 02:30:00+00:00,buy,512.8,508.98,516.6199999999999,508.98,108.4854810315103,-414.41453754036246,41027.03921649588,loss,-3.8199999999999363,31027.03921649593
2025-11-08 04:20:00+00:00,2025-11-08 04:50:00+00:00,buy,512.0699999999999,508.35,515.7899999999998,508.35,110.28773982929256,-410.2703921649588,40616.768824330924,loss,-3.7199999999999136,30616.76882433097
2025-11-08 08:35:00+00:00,2025-11-08 09:25:00+00:00,buy,500.78999999999996,498.89000000000004,502.6899999999999,498.89000000000004,213.7724674964875,-406.16768824330927,40210.601136087615,loss,-1.8999999999999204,30210.601136087662
2025-11-08 09:55:00+00:00,2025-11-08 12:10:00+00:00,buy,502.07,498.74,505.4,498.74,120.75255596422765,-402.10601136087615,39808.49512472674,loss,-3.329999999999984,29808.495124726785
2025-11-08 16:05:00+00:00,2025-11-08 17:40:00+00:00,sell,489.0,492.51,485.49,485.49,113.41451602486279,398.0849512472674,40206.58007597401,win,-3.509999999999991,30206.580075974052
2025-11-08 18:05:00+00:00,2025-11-08 18:20:00+00:00,sell,484.97,488.44,481.50000000000006,488.44,115.86910684718833,-402.0658007597401,39804.51427521427,loss,3.4699999999999704,29804.51427521431
2025-11-08 21:15:00+00:00,2025-11-08 21:20:00+00:00,sell,490.20000000000005,492.82,487.5800000000001,487.5800000000001,151.92562700463768,398.04514275214274,40202.55941796641,win,-2.6199999999999477,30202.559417966455
2025-11-09 02:10:00+00:00,2025-11-09 03:45:00+00:00,sell,492.81,495.34,490.28000000000003,495.34,158.90339690895985,-402.0255941796641,39800.53382378675,loss,2.5299999999999727,29800.53382378679
2025-11-09 04:40:00+00:00,2025-11-09 05:20:00+00:00,sell,492.6,495.53,489.6700000000001,489.6700000000001,135.8379993985919,398.0053382378675,40198.539162024616,win,-2.92999999999995,30198.53916202466
2025-11-09 05:30:00+00:00,2025-11-09 06:15:00+00:00,sell,488.97,493.85999999999996,484.0800000000001,493.85999999999996,82.20560155833374,-401.9853916202462,39796.55377040437,loss,4.8899999999999295,29796.553770404415
2025-11-09 10:05:00+00:00,2025-11-09 10:15:00+00:00,sell,492.85,494.22999999999996,491.4700000000001,491.4700000000001,288.3808244232329,397.96553770404375,40194.519308108414,win,-1.3799999999999386,30194.519308108458
2025-11-09 10:25:00+00:00,2025-11-09 11:05:00+00:00,sell,491.12,493.29999999999995,488.94000000000005,493.29999999999995,184.37852893628136,-401.94519308108414,39792.57411502733,loss,2.17999999999995,29792.574115027375
2025-11-09 12:00:00+00:00,2025-11-09 12:50:00+00:00,sell,489.95000000000005,493.89,486.0100000000001,493.89,100.99638100260896,-397.9257411502733,39394.648373877055,loss,3.939999999999941,29394.648373877102
2025-11-09 15:05:00+00:00,2025-11-09 15:20:00+00:00,buy,495.45,494.18,496.71999999999997,494.18,310.19408168407574,-393.94648373877055,39000.70189013828,loss,-1.2699999999999818,29000.70189013833
2025-11-09 15:30:00+00:00,2025-11-09 15:35:00+00:00,buy,495.52,493.73,497.30999999999995,497.30999999999995,217.88101614602834,390.0070189013828,39390.70890903967,win,1.7899999999999636,29390.708909039713
2025-11-09 16:10:00+00:00,2025-11-09 16:25:00+00:00,buy,497.94,493.73,502.15,502.15,93.56462923762437,393.9070890903967,39784.615998130066,win,4.2099999999999795,29784.61599813011
2025-11-09 18:50:00+00:00,2025-11-09 19:20:00+00:00,buy,498.14,495.58000000000004,500.69999999999993,495.58000000000004,155.4086562426989,-397.8461599813007,39386.769838148764,loss,-2.5599999999999454,29386.769838148808
2025-11-09 20:35:00+00:00,2025-11-09 20:45:00+00:00,buy,497.51,496.35,498.66999999999996,498.66999999999996,339.54111929439523,393.8676983814877,39780.63753653025,win,1.1599999999999682,29780.637536530296
2025-11-09 20:55:00+00:00,2025-11-09 21:50:00+00:00,buy,499.61999999999995,496.79,502.4499999999999,502.4499999999999,140.56762380399744,397.80637536530253,40178.443911895556,win,2.8299999999999272,30178.4439118956
2025-11-09 22:00:00+00:00,2025-11-10 00:05:00+00:00,buy,502.57,500.28000000000003,504.85999999999996,500.28000000000003,175.4517201392847,-401.78443911895556,39776.6594727766,loss,-2.2899999999999636,29776.659472776642
2025-11-10 01:00:00+00:00,2025-11-10 01:25:00+00:00,buy,503.51,499.62,507.4,499.62,102.25362332333353,-397.766594727766,39378.892878048835,loss,-3.8899999999999864,29378.892878048875
2025-11-10 02:20:00+00:00,2025-11-10 02:50:00+00:00,buy,503.36999999999995,499.34000000000003,507.39999999999986,507.39999999999986,97.71437438721999,393.78892878048833,39772.68180682932,win,4.029999999999916,29772.681806829365
2025-11-10 05:00:00+00:00,2025-11-10 06:15:00+00:00,buy,505.57,502.29,508.84999999999997,502.29,121.25817624033431,-397.7268180682932,39374.95498876103,loss,-3.2799999999999727,29374.95498876107
2025-11-10 08:40:00+00:00,2025-11-10 09:35:00+00:00,buy,502.7,499.71000000000004,505.68999999999994,505.68999999999994,131.68881267144366,393.74954988761027,39768.704538648635,win,2.9899999999999523,29768.70453864868
2025-11-10 09:45:00+00:00,2025-11-10 11:35:00+00:00,buy,508.57,503.72,513.42,513.42,81.99732894566787,397.6870453864864,40166.39158403512,win,4.849999999999966,30166.391584035166
2025-11-10 11:45:00+00:00,2025-11-10 15:30:00+00:00,buy,514.02,506.23,521.81,521.81,51.56147828502607,401.6639158403512,40568.05549987547,win,7.789999999999964,30568.055499875518
2025-11-10 19:05:00+00:00,2025-11-10 19:45:00+00:00,buy,508.53,504.93,512.1299999999999,512.1299999999999,112.6890430552107,405.6805549987483,40973.736054874214,win,3.599999999999909,30973.736054874265
2025-11-11 01:05:00+00:00,2025-11-11 01:10:00+00:00,buy,509.45,506.01000000000005,512.8899999999999,512.8899999999999,119.10969783393872,409.7373605487354,41383.47341542295,win,3.439999999999884,31383.473415423
2025-11-11 02:40:00+00:00,2025-11-11 03:05:00+00:00,buy,517.93,514.28,521.5799999999999,521.5799999999999,113.37937922033757,413.8347341542295,41797.308149577184,win,3.6499999999999773,31797.308149577228
2025-11-11 03:15:00+00:00,2025-11-11 03:20:00+00:00,buy,522.28,516.78,527.78,527.78,75.99510572650398,417.9730814957719,42215.28123107296,win,5.5,32215.281231073
2025-11-11 04:35:00+00:00,2025-11-11 04:40:00+00:00,buy,518.37,514.83,521.91,521.91,119.25220686743896,422.1528123107296,42637.434043383684,win,3.5399999999999636,32637.43404338373
2025-11-11 05:20:00+00:00,2025-11-11 09:20:00+00:00,buy,525.86,515.52,536.2,515.52,41.23542944234386,-426.3743404338368,42211.059702949846,loss,-10.340000000000032,32211.059702949893
2025-11-11 12:05:00+00:00,2025-11-11 12:20:00+00:00,buy,512.86,509.86,515.86,515.86,140.70353234316616,422.1105970294985,42633.17029997934,win,3.0,32633.170299979392
2025-11-11 12:45:00+00:00,2025-11-11 16:00:00+00:00,buy,515.9399999999999,510.09000000000003,521.7899999999998,510.09000000000003,72.87721418800001,-426.33170299979344,42206.83859697955,loss,-5.849999999999909,32206.8385969796
2025-11-11 19:25:00+00:00,2025-11-11 21:05:00+00:00,sell,509.01000000000005,511.88,506.1400000000001,506.1400000000001,147.06215539017532,422.0683859697955,42628.906982949346,win,-2.8699999999999477,32628.906982949396
2025-11-11 23:30:00+00:00,2025-11-12 00:00:00+00:00,sell,505.74,508.44,503.04,503.04,157.88484067759086,426.28906982949354,43055.19605277884,win,-2.6999999999999886,33055.19605277889
2025-11-12 01:15:00+00:00,2025-11-12 01:50:00+00:00,sell,506.12,509.48999999999995,502.75000000000006,502.75000000000006,127.7602256759036,430.5519605277884,43485.74801330663,win,-3.3699999999999477,33485.74801330668
2025-11-12 02:10:00+00:00,2025-11-12 02:15:00+00:00,sell,502.5,505.47999999999996,499.52000000000004,505.47999999999996,145.9253289037154,-434.8574801330663,43050.89053317356,loss,2.9799999999999613,33050.89053317361
2025-11-12 04:35:00+00:00,2025-11-12 06:00:00+00:00,sell,504.04,508.09999999999997,499.9800000000001,508.09999999999997,106.03667619008408,-430.5089053317356,42620.38162784182,loss,4.059999999999945,32620.381627841874
2025-11-12 06:25:00+00:00,2025-11-12 06:35:00+00:00,sell,506.43,508.2,504.66,504.66,240.7931165414817,426.20381627841823,43046.58544412024,win,-1.7699999999999818,33046.58544412029
2025-11-12 08:00:00+00:00,2025-11-12 09:50:00+00:00,sell,508.22,510.39,506.05000000000007,506.05000000000007,198.3713614936454,430.4658544412024,43477.05129856144,win,-2.169999999999959,33477.05129856149
2025-11-12 12:45:00+00:00,2025-11-12 14:20:00+00:00,buy,519.78,516.6600000000001,522.8999999999999,522.8999999999999,139.34952339283,434.7705129856144,43911.82181154705,win,3.119999999999891,33911.8218115471
2025-11-12 14:45:00+00:00,2025-11-12 16:45:00+00:00,buy,527.04,520.48,533.5999999999999,520.48,66.93875276150521,-439.11821811547054,43472.70359343158,loss,-6.559999999999945,33472.70359343163
2025-11-12 17:10:00+00:00,2025-11-12 17:35:00+00:00,buy,528.22,520.24,536.2,520.24,54.4770721722199,-434.7270359343158,43037.97655749726,loss,-7.980000000000018,33037.97655749731
2025-11-12 21:05:00+00:00,2025-11-12 21:15:00+00:00,sell,503.33000000000004,507.48999999999995,499.17000000000013,499.17000000000013,103.45667441706293,430.3797655749726,43468.356323072236,win,-4.159999999999911,33468.35632307229
2025-11-12 21:25:00+00:00,2025-11-12 22:10:00+00:00,sell,498.62,504.57,492.67,504.57,73.05606104718036,-434.6835632307223,43033.67275984152,loss,5.949999999999989,33033.67275984157
2025-11-13 00:05:00+00:00,2025-11-13 02:35:00+00:00,sell,504.97,508.55999999999995,501.3800000000001,508.55999999999995,119.87095476279248,-430.33672759841517,42603.3360322431,loss,3.589999999999918,32603.33603224315
2025-11-13 05:40:00+00:00,2025-11-13 08:00:00+00:00,buy,520.79,514.4200000000001,527.1599999999999,527.1599999999999,66.88121826097934,426.03336032243107,43029.36939256553,win,6.369999999999891,33029.36939256558
2025-11-13 08:10:00+00:00,2025-11-13 09:05:00+00:00,buy,527.56,524.01,531.1099999999999,524.01,121.20949124666502,-430.2936939256553,42599.07569863988,loss,-3.5499999999999545,32599.07569863993
2025-11-13 09:25:00+00:00,2025-11-13 09:35:00+00:00,buy,526.27,523.5500000000001,528.9899999999999,523.5500000000001,156.61424889206336,-425.9907569863988,42173.08494165348,loss,-2.7199999999999136,32173.08494165353
2025-11-13 10:00:00+00:00,2025-11-13 11:05:00+00:00,buy,526.37,523.37,529.37,523.37,140.5769498055116,-421.73084941653474,41751.35409223694,loss,-3.0,31751.354092236998
2025-11-13 12:20:00+00:00,2025-11-13 14:00:00+00:00,buy,524.66,521.72,527.5999999999999,527.5999999999999,142.01140847699926,417.51354092236943,42168.867633159316,win,2.939999999999941,32168.867633159367
2025-11-13 14:10:00+00:00,2025-11-13 14:50:00+00:00,buy,528.3199999999999,525.65,530.9899999999999,525.65,157.93583383205979,-421.6886763315932,41747.17895682772,loss,-2.669999999999959,31747.178956827775
2025-11-13 16:30:00+00:00,2025-11-13 16:50:00+00:00,buy,521.16,518.2,524.1199999999999,524.1199999999999,141.0377667460433,417.4717895682773,42164.650746396,win,2.9599999999999227,32164.65074639605
2025-11-13 20:05:00+00:00,2025-11-13 20:25:00+00:00,sell,510.02000000000004,514.99,505.05000000000007,505.05000000000007,84.8383314816826,421.64650746396,42586.29725385996,win,-4.96999999999997,32586.29725386001
2025-11-13 20:35:00+00:00,2025-11-13 22:25:00+00:00,sell,502.76000000000005,511.92999999999995,493.59000000000015,493.59000000000015,46.440891225583876,425.8629725385996,43012.160226398555,win,-9.169999999999902,33012.16022639861
2025-11-13 23:40:00+00:00,2025-11-14 00:10:00+00:00,sell,493.40000000000003,497.44,489.36000000000007,497.44,106.46574313465085,-430.12160226398555,42582.03862413457,loss,4.039999999999964,32582.038624134628
2025-11-14 03:05:00+00:00,2025-11-14 03:25:00+00:00,sell,505.96000000000004,510.39,501.5300000000001,510.39,96.121983350192,-425.8203862413457,42156.21823789323,loss,4.42999999999995,32156.21823789328
2025-11-14 05:05:00+00:00,2025-11-14 05:35:00+00:00,sell,510.16,513.65,506.6700000000001,506.6700000000001,120.79145626903669,421.5621823789323,42577.78042027216,win,-3.4899999999999523,32577.780420272215
2025-11-14 05:45:00+00:00,2025-11-14 05:50:00+00:00,sell,506.39000000000004,508.72999999999996,504.0500000000001,508.72999999999996,181.95632658236602,-425.7778042027216,42152.00261606944,loss,2.339999999999918,32152.002616069494
2025-11-14 06:15:00+00:00,2025-11-14 06:35:00+00:00,sell,506.21000000000004,508.77,503.6500000000001,503.6500000000001,164.65626021902474,421.5200261606944,42573.522642230135,win,-2.5599999999999454,32573.52264223019
2025-11-14 07:10:00+00:00,2025-11-14 14:10:00+00:00,sell,494.73,507.94,481.52000000000004,481.52000000000004,32.22825332492824,425.73522642230137,42999.257868652436,win,-13.20999999999998,32999.257868652494
2025-11-14 14:30:00+00:00,2025-11-14 15:45:00+00:00,sell,481.18,486.22999999999996,476.13000000000005,476.13000000000005,85.14704528446104,429.9925786865244,43429.25044733896,win,-5.0499999999999545,33429.25044733902
2025-11-14 19:45:00+00:00,2025-11-14 20:35:00+00:00,sell,492.98,497.69,488.27000000000004,488.27000000000004,92.20647653362879,434.2925044733897,43863.54295181236,win,-4.7099999999999795,33863.542951812415
2025-11-14 20:45:00+00:00,2025-11-14 22:45:00+00:00,sell,488.16,495.96999999999997,480.3500000000001,480.3500000000001,56.16330723663594,438.6354295181236,44302.17838133048,win,-7.809999999999945,34302.17838133054
2025-11-14 23:00:00+00:00,2025-11-15 04:25:00+00:00,sell,480.14000000000004,487.23999999999995,473.04000000000013,487.23999999999995,62.39743433990289,-443.0217838133048,43859.156597517176,loss,7.099999999999909,33859.156597517234
2025-11-15 13:45:00+00:00,2025-11-15 14:10:00+00:00,buy,494.9,491.54,498.25999999999993,498.25999999999993,130.533204159279,438.59156597517176,44297.748163492346,win,3.359999999999957,34297.748163492404
2025-11-15 14:20:00+00:00,2025-11-15 15:15:00+00:00,buy,501.89,494.3,509.47999999999996,509.47999999999996,58.36330456323122,442.9774816349235,44740.72564512727,win,7.589999999999975,34740.72564512733
2025-11-15 15:25:00+00:00,2025-11-15 17:00:00+00:00,buy,512.79,505.04,520.54,505.04,57.72996857435819,-447.4072564512727,44293.318388675994,loss,-7.749999999999943,34293.31838867605
2025-11-15 21:35:00+00:00,2025-11-15 22:15:00+00:00,buy,505.04999999999995,503.05,507.0499999999999,503.05,221.46659194338625,-442.93318388675993,43850.385204789236,loss,-1.9999999999999432,33850.385204789294
2025-11-16 01:10:00+00:00,2025-11-16 01:15:00+00:00,buy,498.73999999999995,497.67,499.8099999999999,499.8099999999999,409.81668415693315,438.5038520478924,44288.88905683713,win,1.0699999999999363,34288.889056837186
2025-11-16 01:25:00+00:00,2025-11-16 02:20:00+00:00,buy,500.21,497.89000000000004,502.5299999999999,497.89000000000004,190.9003838656825,-442.88889056837127,43846.00016626876,loss,-2.3199999999999363,33846.000166268816
2025-11-16 02:50:00+00:00,2025-11-16 03:00:00+00:00,buy,501.26,497.79,504.72999999999996,497.79,126.3573491823318,-438.4600016626876,43407.54016460607,loss,-3.4699999999999704,33407.54016460613
2025-11-16 04:45:00+00:00,2025-11-16 13:20:00+00:00,buy,500.60999999999996,496.53000000000003,504.6899999999999,496.53000000000003,106.39102981521285,-434.0754016460607,42973.46476296001,loss,-4.079999999999927,32973.464762960066
2025-11-16 13:30:00+00:00,2025-11-16 15:35:00+00:00,sell,494.33000000000004,499.9,488.7600000000001,488.7600000000001,77.15164230334021,429.73464762960003,43403.19941058961,win,-5.569999999999936,33403.19941058967
2025-11-16 15:45:00+00:00,2025-11-16 17:50:00+00:00,sell,487.59000000000003,491.08,484.1000000000001,484.1000000000001,124.36446822518683,434.0319941058961,43837.23140469551,win,-3.4899999999999523,33837.231404695565
2025-11-16 18:00:00+00:00,2025-11-16 19:15:00+00:00,sell,481.33000000000004,487.71999999999997,474.9400000000001,474.9400000000001,68.60286604803754,438.37231404695507,44275.60371874246,win,-6.3899999999999295,34275.60371874252
2025-11-16 19:30:00+00:00,2025-11-16 20:00:00+00:00,sell,474.33000000000004,478.60999999999996,470.0500000000001,478.60999999999996,103.44767224005452,-442.7560371874246,43832.84768155503,loss,4.279999999999916,33832.84768155509
2025-11-16 22:45:00+00:00,2025-11-17 00:05:00+00:00,sell,476.59000000000003,479.7,473.4800000000001,473.4800000000001,140.94163241657762,438.3284768155503,44271.17615837058,win,-3.109999999999957,34271.17615837064
2025-11-17 01:00:00+00:00,2025-11-17 01:05:00+00:00,sell,472.97,476.38,469.56000000000006,476.38,129.8274960656041,-442.7117615837058,43828.464396786876,loss,3.409999999999968,33828.464396786934
2025-11-17 03:15:00+00:00,2025-11-17 04:10:00+00:00,sell,484.75,488.30999999999995,481.19000000000005,488.30999999999995,123.11366403592008,-438.28464396786876,43390.17975281901,loss,3.5599999999999454,33390.179752819065
2025-11-17 11:10:00+00:00,2025-11-17 11:15:00+00:00,buy,493.13,491.40000000000003,494.85999999999996,494.85999999999996,250.81028758855476,433.90179752819006,43824.0815503472,win,1.7299999999999613,33824.081550347255
2025-11-17 11:25:00+00:00,2025-11-17 13:50:00+00:00,buy,495.72999999999996,491.15000000000003,500.3099999999999,500.3099999999999,95.68576757717881,438.240815503472,44262.32236585067,win,4.579999999999927,34262.32236585073
2025-11-17 14:10:00+00:00,2025-11-17 15:10:00+00:00,buy,500.45,496.54,504.35999999999996,496.54,113.20287050089777,-442.6232236585067,43819.69914219216,loss,-3.909999999999968,33819.69914219222
2025-11-17 16:30:00+00:00,2025-11-17 16:35:00+00:00,buy,499.9,492.11,507.68999999999994,507.68999999999994,56.25121841103,438.19699142192167,44257.896133614086,win,7.789999999999964,34257.896133614144
2025-11-17 16:45:00+00:00,2025-11-17 18:15:00+00:00,buy,508.59999999999997,496.25,520.9499999999999,496.25,35.83635314462689,-442.5789613361409,43815.317172277944,loss,-12.349999999999966,33815.317172278
2025-11-17 18:30:00+00:00,2025-11-17 19:00:00+00:00,buy,502.5,494.70000000000005,510.29999999999995,510.29999999999995,56.173483554202825,438.15317172277946,44253.47034400072,win,7.7999999999999545,34253.47034400078
2025-11-18 02:15:00+00:00,2025-11-18 02:25:00+00:00,sell,486.8,489.45,484.15000000000003,484.15000000000003,166.9942277132117,442.5347034400072,44696.005047440725,win,-2.6499999999999773,34696.00504744078
2025-11-18 02:35:00+00:00,2025-11-18 02:45:00+00:00,sell,483.94000000000005,489.03999999999996,478.84000000000015,478.84000000000015,87.63922558321867,446.9600504744073,45142.965097915134,win,-5.099999999999909,35142.96509791519
2025-11-18 04:15:00+00:00,2025-11-18 04:25:00+00:00,sell,481.8,487.84999999999997,475.75000000000006,487.84999999999997,74.61647123622393,-451.4296509791514,44691.53544693598,loss,6.0499999999999545,34691.53544693604
2025-11-18 05:00:00+00:00,2025-11-18 05:40:00+00:00,sell,479.08000000000004,488.03999999999996,470.1200000000001,488.03999999999996,49.87894581131291,-446.91535446935984,44244.62009246662,loss,8.959999999999923,34244.62009246668
2025-11-18 06:45:00+00:00,2025-11-18 11:45:00+00:00,sell,479.64000000000004,489.48999999999995,469.79000000000013,489.48999999999995,44.91839603296145,-442.4462009246662,43802.173891541956,loss,9.849999999999909,33802.173891542014
2025-11-18 13:10:00+00:00,2025-11-18 14:10:00+00:00,sell,485.97,489.13,482.81000000000006,482.81000000000006,138.61447434032405,438.0217389154196,44240.195630457376,win,-3.159999999999968,34240.195630457434
2025-11-18 15:25:00+00:00,2025-11-18 15:35:00+00:00,sell,483.14000000000004,484.85999999999996,481.42000000000013,481.42000000000013,257.2104397119744,442.40195630457373,44682.59758676195,win,-1.7199999999999136,34682.59758676201
2025-11-18 17:20:00+00:00,2025-11-18 18:30:00+00:00,buy,500.61999999999995,487.95000000000005,513.2899999999998,513.2899999999998,35.26645429105153,446.82597586761943,45129.42356262957,win,12.669999999999902,35129.42356262963
2025-11-18 18:40:00+00:00,2025-11-18 22:00:00+00:00,buy,517.63,503.82000000000005,531.4399999999999,531.4399999999999,32.678800552230086,451.2942356262957,45580.717798255864,win,13.809999999999945,35580.71779825592
2025-11-18 22:10:00+00:00,2025-11-18 22:30:00+00:00,buy,532.0,525.62,538.38,525.62,71.44313134522868,-455.80717798255864,45124.91062027331,loss,-6.3799999999999955,35124.91062027337
2025-11-19 00:05:00+00:00,2025-11-19 00:10:00+00:00,buy,524.3,521.73,526.8699999999999,526.8699999999999,175.5833098065153,451.2491062027332,45576.15972647604,win,2.5699999999999363,35576.1597264761
2025-11-19 00:20:00+00:00,2025-11-19 01:25:00+00:00,buy,529.4599999999999,520.6800000000001,538.2399999999998,520.6800000000001,51.90906574769564,-455.76159726476044,45120.39812921128,loss,-8.779999999999859,35120.39812921134
2025-11-19 10:10:00+00:00,2025-11-19 14:00:00+00:00,sell,496.53000000000003,501.29999999999995,491.7600000000001,491.7600000000001,94.59202962098949,451.20398129211276,45571.602110503394,win,-4.769999999999925,35571.60211050345
2025-11-19 14:10:00+00:00,2025-11-19 15:50:00+00:00,sell,491.73,494.77,488.69000000000005,488.69000000000005,149.9065858898156,455.716021105034,46027.31813160843,win,-3.0399999999999636,36027.31813160849
2025-11-19 16:00:00+00:00,2025-11-19 16:25:00+00:00,sell,488.1,491.10999999999996,485.0900000000001,485.0900000000001,152.91467817810445,460.27318131608433,46487.59131292452,win,-3.009999999999934,36487.591312924575
2025-11-19 17:30:00+00:00,2025-11-19 19:00:00+00:00,sell,483.96000000000004,487.84,480.0800000000001,480.0800000000001,119.81337967248777,464.8759131292452,46952.46722605376,win,-3.8799999999999386,36952.46722605382
2025-11-19 19:10:00+00:00,2025-11-19 20:15:00+00:00,sell,478.45000000000005,483.01,473.8900000000001,473.8900000000001,102.96593689924194,469.5246722605376,47421.9918983143,win,-4.559999999999945,37421.99189831436
2025-11-19 20:25:00+00:00,2025-11-19 22:55:00+00:00,sell,471.67,478.54999999999995,464.7900000000001,478.54999999999995,68.92731380569,-474.21991898314303,46947.771979331155,loss,6.879999999999939,36947.77197933121
2025-11-20 00:10:00+00:00,2025-11-20 01:05:00+00:00,sell,482.76000000000005,485.82,479.7000000000001,485.82,153.42409143572547,-469.47771979331156,46478.29425953784,loss,3.0599999999999454,36478.2942595379
2025-11-20 04:10:00+00:00,2025-11-20 04:50:00+00:00,sell,489.05,491.60999999999996,486.49000000000007,486.49000000000007,181.55583695132356,464.7829425953784,46943.077202133216,win,-2.5599999999999454,36943.077202133274
2025-11-20 05:00:00+00:00,2025-11-20 06:55:00+00:00,sell,486.11,490.63,481.59000000000003,490.63,103.85636549144559,-469.4307720213322,46473.64643011188,loss,4.519999999999982,36473.64643011194
2025-11-20 07:05:00+00:00,2025-11-20 18:10:00+00:00,buy,503.66999999999996,483.15000000000003,524.1899999999998,483.15000000000003,22.647975843134528,-464.7364643011188,46008.909965810766,loss,-20.519999999999925,36008.909965810824
2025-11-20 19:05:00+00:00,2025-11-21 00:55:00+00:00,sell,475.98,484.75,467.21000000000004,484.75,52.461698934790036,-460.08909965810767,45548.82086615266,loss,8.769999999999982,35548.82086615272
2025-11-21 01:05:00+00:00,2025-11-21 04:50:00+00:00,sell,481.06,484.90999999999997,477.21000000000004,477.21000000000004,118.3086256263716,455.4882086615266,46004.309074814184,win,-3.849999999999966,36004.30907481424
2025-11-21 05:00:00+00:00,2025-11-21 05:05:00+00:00,sell,476.81,482.28999999999996,471.33000000000004,482.28999999999996,83.94946911462502,-460.0430907481419,45544.26598406604,loss,5.479999999999961,35544.2659840661
2025-11-21 06:20:00+00:00,2025-11-21 06:30:00+00:00,sell,479.85,481.80999999999995,477.8900000000001,477.8900000000001,232.36870400034613,455.44265984066044,45999.7086439067,win,-1.9599999999999227,35999.70864390676
2025-11-21 06:40:00+00:00,2025-11-21 06:45:00+00:00,sell,477.06,481.21,472.91,481.21,110.8426714311011,-459.997086439067,45539.711557467635,loss,4.149999999999977,35539.71155746769
2025-11-21 08:05:00+00:00,2025-11-21 08:35:00+00:00,sell,477.36,480.60999999999996,474.11000000000007,474.11000000000007,140.1221894075952,455.3971155746764,45995.10867304231,win,-3.249999999999943,35995.10867304237
2025-11-21 09:10:00+00:00,2025-11-21 09:30:00+00:00,sell,473.38000000000005,478.73999999999995,468.02000000000015,468.02000000000015,85.81176991239397,459.95108673042307,46455.05975977273,win,-5.3599999999999,36455.05975977279
2025-11-21 10:45:00+00:00,2025-11-21 13:45:00+00:00,sell,464.47,472.65999999999997,456.2800000000001,456.2800000000001,56.72168468836761,464.55059759772735,46919.61035737046,win,-8.18999999999994,36919.61035737052
2025-11-21 13:55:00+00:00,2025-11-21 14:20:00+00:00,sell,454.78000000000003,461.84,447.7200000000001,447.7200000000001,66.45837161100683,469.19610357370453,47388.806460944164,win,-7.059999999999945,37388.80646094422
2025-11-21 19:05:00+00:00,2025-11-21 23:25:00+00:00,buy,503.98999999999995,486.98,520.9999999999999,520.9999999999999,27.85938063547581,473.88806460944164,47862.694525553605,win,17.009999999999934,37862.69452555366
2025-11-21 23:35:00+00:00,2025-11-21 23:50:00+00:00,buy,522.9599999999999,504.82000000000005,541.0999999999998,541.0999999999998,26.385167875167554,478.62694525553604,48341.32147080914,win,18.139999999999873,38341.3214708092
2025-11-22 00:00:00+00:00,2025-11-22 07:15:00+00:00,buy,542.91,520.48,565.3399999999999,520.48,21.552082688724585,-483.41321470809135,47857.90825610105,loss,-22.42999999999995,37857.90825610111
2025-11-22 08:30:00+00:00,2025-11-22 08:55:00+00:00,buy,526.78,522.1800000000001,531.3799999999999,531.3799999999999,104.03893099152609,478.5790825610105,48336.48733866206,win,4.599999999999909,38336.48733866212
2025-11-22 09:05:00+00:00,2025-11-22 12:50:00+00:00,buy,531.8,526.37,537.2299999999999,537.2299999999999,89.01747207856815,483.36487338662056,48819.85221204868,win,5.42999999999995,38819.85221204874
2025-11-22 13:00:00+00:00,2025-11-22 13:10:00+00:00,buy,537.66,531.39,543.93,543.93,77.8626032090093,488.19852212048687,49308.05073416917,win,6.269999999999982,39308.05073416923
2025-11-22 13:20:00+00:00,2025-11-22 13:25:00+00:00,buy,545.05,535.02,555.0799999999999,555.0799999999999,49.160569027088044,493.08050734169177,49801.13124151086,win,10.029999999999973,39801.13124151092
2025-11-22 13:45:00+00:00,2025-11-22 15:35:00+00:00,buy,556.97,537.72,576.22,537.72,25.870717528057593,-498.01131241510865,49303.11992909575,loss,-19.25,39303.11992909581
2025-11-22 16:30:00+00:00,2025-11-22 17:20:00+00:00,buy,549.23,537.47,560.99,537.47,41.92442170841479,-493.03119929095755,48810.0887298048,loss,-11.759999999999991,38810.088729804855
2025-11-22 18:35:00+00:00,2025-11-22 20:45:00+00:00,buy,545.99,537.1600000000001,554.8199999999999,554.8199999999999,55.277563680413586,488.10088729804795,49298.18961710284,win,8.829999999999927,39298.1896171029
2025-11-22 21:05:00+00:00,2025-11-22 21:40:00+00:00,buy,558.48,551.0,565.96,565.96,65.9066706110999,492.98189617102844,49791.17151327387,win,7.480000000000018,39791.17151327393
2025-11-22 22:15:00+00:00,2025-11-22 22:40:00+00:00,buy,566.37,557.5400000000001,575.1999999999999,557.5400000000001,56.3886427103899,-497.9117151327387,49293.25979814113,loss,-8.829999999999927,39293.25979814119
2025-11-23 00:50:00+00:00,2025-11-23 02:15:00+00:00,buy,558.98,551.71,566.25,551.71,67.80365859441713,-492.9325979814113,48800.32720015972,loss,-7.269999999999982,38800.32720015978
2025-11-23 10:05:00+00:00,2025-11-23 14:50:00+00:00,buy,551.92,544.51,559.3299999999999,544.51,65.8573916331443,-488.00327200159717,48312.32392815813,loss,-7.409999999999968,38312.323928158185
2025-11-23 15:15:00+00:00,2025-11-23 16:40:00+00:00,buy,549.5699999999999,543.37,555.7699999999999,543.37,77.92310310993332,-483.1232392815813,47829.200688876546,loss,-6.199999999999932,37829.200688876605
2025-11-23 22:05:00+00:00,2025-11-23 22:10:00+00:00,buy,546.63,544.59,548.67,548.67,234.45686612194802,478.29200688876546,48307.492695765315,win,2.0399999999999636,38307.49269576537
2025-11-23 22:45:00+00:00,2025-11-23 23:50:00+00:00,buy,549.29,545.6600000000001,552.9199999999998,552.9199999999998,133.0784922748399,483.07492695765313,48790.56762272297,win,3.6299999999998818,38790.56762272303
2025-11-24 00:00:00+00:00,2025-11-24 00:10:00+00:00,buy,553.23,549.65,556.8100000000001,549.65,136.28650173944808,-487.9056762272297,48302.66194649574,loss,-3.580000000000041,38302.6619464958
2025-11-24 02:05:00+00:00,2025-11-24 02:10:00+00:00,sell,535.5400000000001,539.13,531.9500000000002,539.13,134.54780486489372,-483.02661946495743,47819.63532703078,loss,3.589999999999918,37819.63532703084
2025-11-24 04:05:00+00:00,2025-11-24 04:20:00+00:00,buy,552.0899999999999,543.95,560.2299999999998,560.2299999999998,58.746480745738985,478.19635327030784,48297.83168030109,win,8.139999999999873,38297.83168030115
2025-11-24 04:30:00+00:00,2025-11-24 05:50:00+00:00,buy,561.36,550.13,572.59,550.13,43.007864363580595,-482.97831680301084,47814.85336349808,loss,-11.230000000000018,37814.853363498136
2025-11-24 11:20:00+00:00,2025-11-24 13:05:00+00:00,sell,543.47,550.3199999999999,536.6200000000001,536.6200000000001,69.8027056401441,478.1485336349807,48293.00189713306,win,-6.849999999999909,38293.001897133116
2025-11-24 14:20:00+00:00,2025-11-24 14:25:00+00:00,sell,540.02,542.27,537.77,542.27,214.63556398725802,-482.9300189713306,47810.071878161725,loss,2.25,37810.07187816178
2025-11-24 18:05:00+00:00,2025-11-24 18:10:00+00:00,buy,550.6,547.0500000000001,554.15,554.15,134.6762588117249,478.1007187816172,48288.17259694334,win,3.5499999999999545,38288.1725969434
2025-11-24 18:45:00+00:00,2025-11-25 01:50:00+00:00,buy,554.1999999999999,547.0500000000001,561.3499999999998,547.0500000000001,67.53590572999197,-482.8817259694334,47805.290870973906,loss,-7.149999999999864,37805.290870973964
2025-11-25 04:20:00+00:00,2025-11-25 04:35:00+00:00,sell,541.84,544.04,539.6400000000001,539.6400000000001,217.29677668625177,478.0529087097391,48283.343779683644,win,-2.199999999999932,38283.3437796837
2025-11-25 05:50:00+00:00,2025-11-25 07:15:00+00:00,sell,539.85,543.15,536.5500000000001,536.5500000000001,146.31316296874033,482.83343779683645,48766.17721748048,win,-3.2999999999999545,38766.17721748054
2025-11-25 07:25:00+00:00,2025-11-25 09:00:00+00:00,sell,535.5400000000001,540.5899999999999,530.4900000000002,530.4900000000002,96.56668755937034,487.6617721748048,49253.83898965528,win,-5.049999999999841,39253.83898965534
2025-11-25 09:25:00+00:00,2025-11-25 09:45:00+00:00,sell,529.7900000000001,535.73,523.8500000000001,523.8500000000001,82.91892085800636,492.53838989655287,49746.377379551835,win,-5.939999999999941,39746.377379551894
2025-11-25 10:05:00+00:00,2025-11-26 08:00:00+00:00,sell,522.99,531.35,514.63,531.35,59.505236099942294,-497.4637737955184,49248.913605756316,loss,8.360000000000014,39248.913605756374
2025-11-26 11:50:00+00:00,2025-11-26 12:05:00+00:00,buy,531.7099999999999,529.35,534.0699999999998,534.0699999999998,208.6818373125356,492.48913605756314,49741.40274181388,win,2.3599999999999,39741.40274181394
2025-11-26 13:25:00+00:00,2025-11-26 13:45:00+00:00,buy,533.22,531.2900000000001,535.15,531.2900000000001,257.7274753461926,-497.4140274181388,49243.98871439574,loss,-1.92999999999995,39243.9887143958
2025-11-26 15:10:00+00:00,2025-11-26 15:25:00+00:00,buy,531.5,528.46,534.54,534.54,161.98680498156688,492.43988714395744,49736.428601539694,win,3.0399999999999636,39736.42860153975
2025-11-26 15:40:00+00:00,2025-11-26 16:15:00+00:00,buy,534.7099999999999,529.5600000000001,539.8599999999998,529.5600000000001,96.57558951755536,-497.36428601539694,49239.064315524294,loss,-5.149999999999864,39239.06431552435
2025-11-26 16:35:00+00:00,2025-11-28 21:40:00+00:00,buy,537.29,523.12,551.4599999999999,551.4599999999999,34.74881038498549,492.39064315524297,49731.45495867954,win,14.169999999999959,39731.4549586796
2025-11-28 21:50:00+00:00,2025-11-28 23:20:00+00:00,buy,551.97,546.22,557.72,546.22,86.48948688466007,-497.3145495867954,49234.140409092746,loss,-5.75,39234.140409092804
2025-11-29 00:50:00+00:00,2025-11-29 01:15:00+00:00,buy,545.5699999999999,542.32,548.8199999999998,548.8199999999998,151.48966279721375,492.3414040909275,49726.48181318367,win,3.2499999999998863,39726.48181318373
2025-11-29 06:05:00+00:00,2025-11-29 07:10:00+00:00,sell,532.51,534.72,530.3,534.72,225.0067050370265,-497.26481813183676,49229.21699505184,loss,2.2100000000000364,39229.216995051895
2025-11-29 08:05:00+00:00,2025-11-29 08:45:00+00:00,sell,533.0400000000001,535.27,530.8100000000002,530.8100000000002,220.75882060562307,492.29216995051837,49721.50916500235,win,-2.2299999999999045,39721.50916500241
2025-11-29 10:00:00+00:00,2025-11-29 12:20:00+00:00,sell,530.5600000000001,533.15,527.9700000000001,527.9700000000001,191.97493886101904,497.2150916500236,50218.72425665238,win,-2.589999999999918,40218.72425665244
2025-11-29 14:00:00+00:00,2025-11-29 14:20:00+00:00,sell,527.8000000000001,528.62,526.9800000000001,526.9800000000001,612.4234665445888,502.1872425665238,50720.9114992189,win,-0.8199999999999363,40720.91149921896
2025-11-29 14:30:00+00:00,2025-11-29 18:35:00+00:00,sell,526.53,528.67,524.39,524.39,237.01360513653842,507.209114992189,51228.12061421109,win,-2.1399999999999864,41228.12061421115
2025-11-29 19:15:00+00:00,2025-11-29 20:40:00+00:00,sell,522.35,526.73,517.97,517.97,116.95917948450034,512.2812061421109,51740.4018203532,win,-4.3799999999999955,41740.40182035326
2025-11-29 20:50:00+00:00,2025-11-29 21:25:00+00:00,sell,517.69,521.4499999999999,513.9300000000002,521.4499999999999,137.60745164988003,-517.404018203532,51222.99780214967,loss,3.759999999999877,41222.99780214973
2025-11-29 22:05:00+00:00,2025-11-30 00:45:00+00:00,sell,517.61,521.6899999999999,513.5300000000001,521.6899999999999,125.54656324056518,-512.2299780214968,50710.767824128176,loss,4.079999999999927,40710.767824128234
2025-11-30 02:40:00+00:00,2025-11-30 03:30:00+00:00,sell,519.13,521.8,516.46,521.8,189.9279693787601,-507.10767824128175,50203.6601458869,loss,2.669999999999959,40203.660145886955
2025-11-30 04:45:00+00:00,2025-11-30 04:50:00+00:00,sell,523.5,525.1999999999999,521.8000000000001,521.8000000000001,295.3156479169936,502.036601458869,50705.69674734576,win,-1.6999999999999318,40705.69674734582
2025-11-30 07:15:00+00:00,2025-11-30 07:50:00+00:00,sell,523.22,526.25,520.19,520.19,167.34553381962448,507.0569674734576,51212.75371481922,win,-3.0299999999999727,41212.75371481928
2025-11-30 08:00:00+00:00,2025-11-30 09:40:00+00:00,sell,519.77,523.0,516.54,523.0,158.55341707374282,-512.1275371481922,50700.62617767103,loss,3.230000000000018,40700.62617767109
2025-11-30 12:05:00+00:00,2025-11-30 15:35:00+00:00,buy,535.48,524.4,546.5600000000001,546.5600000000001,45.75868788598452,507.00626177671035,51207.63243944774,win,11.080000000000041,41207.6324394478
2025-11-30 15:45:00+00:00,2025-12-01 01:30:00+00:00,buy,550.79,539.98,561.5999999999999,539.98,47.370612802449585,-512.0763243944774,50695.55611505327,loss,-10.809999999999945,40695.556115053325
2025-12-01 05:05:00+00:00,2025-12-01 06:10:00+00:00,sell,523.72,529.53,517.9100000000001,517.9100000000001,87.25569038735584,506.9555611505327,51202.5116762038,win,-5.809999999999945,41202.51167620386
2025-12-01 06:20:00+00:00,2025-12-01 06:35:00+00:00,sell,517.86,521.93,513.7900000000001,513.7900000000001,125.8046969931317,512.025116762038,51714.53679296584,win,-4.069999999999936,41714.5367929659
2025-12-01 10:15:00+00:00,2025-12-01 11:35:00+00:00,sell,518.84,521.14,516.5400000000001,521.14,224.84581214333417,-517.1453679296584,51197.39142503618,loss,2.2999999999999545,41197.391425036236
2025-12-01 13:00:00+00:00,2025-12-01 14:25:00+00:00,sell,520.45,523.0699999999999,517.8300000000002,517.8300000000002,195.40989093526073,511.9739142503618,51709.36533928654,win,-2.619999999999891,41709.365339286596
2025-12-01 14:45:00+00:00,2025-12-01 14:50:00+00:00,sell,516.9300000000001,520.2099999999999,513.6500000000002,520.2099999999999,157.65050408319743,-517.0936533928653,51192.27168589367,loss,3.279999999999859,41192.27168589373
2025-12-01 16:45:00+00:00,2025-12-01 17:15:00+00:00,sell,520.61,523.25,517.97,517.97,193.91012002232551,511.9227168589367,51704.194402752604,win,-2.6399999999999864,41704.19440275266
2025-12-01 17:25:00+00:00,2025-12-01 17:30:00+00:00,sell,517.47,521.26,513.6800000000001,513.6800000000001,136.4226765244145,517.041944027526,52221.23634678013,win,-3.7899999999999636,42221.23634678019
2025-12-01 21:20:00+00:00,2025-12-01 23:05:00+00:00,sell,509.91,515.35,504.47,515.35,95.99491975511057,-522.2123634678013,51699.023983312334,loss,5.439999999999998,41699.02398331239
2025-12-02 12:05:00+00:00,2025-12-02 12:15:00+00:00,buy,523.78,521.5600000000001,525.9999999999999,525.9999999999999,232.8784864113259,516.9902398331234,52216.01422314546,win,2.2199999999999136,42216.01422314552
2025-12-02 12:50:00+00:00,2025-12-02 16:45:00+00:00,buy,527.42,522.0600000000001,532.7799999999999,532.7799999999999,97.41793698348216,522.1601422314546,52738.174365376915,win,5.3599999999999,42738.17436537697
2025-12-02 17:00:00+00:00,2025-12-02 17:40:00+00:00,buy,533.51,526.5600000000001,540.4599999999999,540.4599999999999,75.88226527392436,527.3817436537691,53265.55610903069,win,6.949999999999932,43265.556109030746
2025-12-02 17:50:00+00:00,2025-12-02 20:00:00+00:00,buy,541.4599999999999,535.82,547.0999999999998,547.0999999999998,94.44247537062391,532.6555610903068,53798.211670120996,win,5.639999999999873,43798.211670121054
2025-12-02 20:10:00+00:00,2025-12-02 21:30:00+00:00,buy,548.39,543.6800000000001,553.0999999999999,553.0999999999999,114.22125619983414,537.98211670121,54336.19378682221,win,4.709999999999923,44336.19378682227
2025-12-02 22:00:00+00:00,2025-12-03 00:10:00+00:00,buy,554.18,548.46,559.8999999999999,548.46,94.99334578115914,-543.3619378682221,53792.83184895399,loss,-5.719999999999914,43792.83184895405
2025-12-03 00:20:00+00:00,2025-12-03 00:25:00+00:00,buy,550.6999999999999,548.36,553.0399999999998,553.0399999999998,229.88389679040972,537.92831848954,54330.76016744353,win,2.339999999999918,44330.76016744359
2025-12-03 02:45:00+00:00,2025-12-03 02:50:00+00:00,buy,543.62,542.02,545.22,545.22,339.56725104651724,543.3076016744353,54874.067769117966,win,1.6000000000000227,44874.067769118024
2025-12-03 03:10:00+00:00,2025-12-03 05:35:00+00:00,buy,550.1899999999999,542.03,558.3499999999999,558.3499999999999,67.24763206999778,548.7406776911797,55422.80844680915,win,8.159999999999968,45422.808446809206
2025-12-03 05:55:00+00:00,2025-12-03 06:15:00+00:00,buy,558.43,552.09,564.7699999999999,564.7699999999999,87.41767893818592,554.2280844680915,55977.03653127724,win,6.339999999999918,45977.0365312773
2025-12-03 06:25:00+00:00,2025-12-03 06:30:00+00:00,buy,567.22,557.28,577.1600000000001,577.1600000000001,56.31492608780376,559.7703653127725,56536.80689659002,win,9.940000000000055,46536.806896590075
2025-12-03 06:40:00+00:00,2025-12-03 23:55:00+00:00,buy,582.62,560.97,604.27,604.27,26.113998566554308,565.3680689659002,57102.17496555592,win,21.649999999999977,47102.174965555976
2025-12-04 02:15:00+00:00,2025-12-04 02:30:00+00:00,buy,590.91,588.62,593.1999999999999,588.62,249.3544758321259,-571.0217496555592,56531.15321590036,loss,-2.2899999999999636,46531.15321590042
2025-12-04 04:25:00+00:00,2025-12-04 05:05:00+00:00,buy,592.0699999999999,588.45,595.6899999999998,595.6899999999998,156.1634066737626,565.3115321590036,57096.46474805936,win,3.619999999999891,47096.46474805942
2025-12-04 07:25:00+00:00,2025-12-04 08:55:00+00:00,buy,590.3,587.97,592.6299999999999,592.6299999999999,245.04920492730105,570.9646474805936,57667.429395539955,win,2.3299999999999272,47667.42939554001
2025-12-04 16:35:00+00:00,2025-12-04 17:05:00+00:00,sell,575.61,578.67,572.5500000000001,578.67,188.45565161941497,-576.6742939553995,57090.75510158455,loss,3.0599999999999454,47090.75510158461
2025-12-04 18:40:00+00:00,2025-12-04 21:10:00+00:00,sell,574.62,581.1,568.14,568.14,88.10301713207468,570.9075510158456,57661.6626526004,win,-6.480000000000018,47661.662652600455
2025-12-04 21:20:00+00:00,2025-12-04 21:45:00+00:00,sell,568.0,572.5799999999999,563.4200000000001,572.5799999999999,125.89882675240462,-576.616626526004,57085.04602607439,loss,4.579999999999927,47085.04602607445
2025-12-05 00:50:00+00:00,2025-12-05 01:00:00+00:00,sell,574.02,575.89,572.15,575.89,305.26762580788375,-570.850460260744,56514.19556581365,loss,1.8700000000000045,46514.19556581371
2025-12-05 01:15:00+00:00,2025-12-05 02:15:00+00:00,sell,573.1700000000001,576.85,569.4900000000001,576.85,153.57118360275658,-565.1419556581366,55949.05361015551,loss,3.67999999999995,45949.05361015557
2025-12-05 04:10:00+00:00,2025-12-05 06:45:00+00:00,sell,575.94,580.3,571.5800000000002,571.5800000000002,128.32351745448807,559.4905361015551,56508.54414625707,win,-4.3599999999999,46508.544146257125
2025-12-05 07:20:00+00:00,2025-12-05 09:05:00+00:00,sell,570.57,576.3,564.8400000000001,576.3,98.61875069154975,-565.0854414625707,55943.458704794495,loss,5.7299999999999045,45943.45870479455
2025-12-05 10:05:00+00:00,2025-12-05 11:15:00+00:00,sell,573.47,577.1,569.84,569.84,154.11421130797402,559.434587047945,56502.89329184244,win,-3.6299999999999955,46502.8932918425
2025-12-05 11:25:00+00:00,2025-12-05 13:50:00+00:00,sell,568.46,573.6899999999999,563.2300000000001,573.6899999999999,108.0361248410009,-565.0289329184244,55937.86435892402,loss,5.2299999999999045,45937.864358924075
2025-12-05 15:15:00+00:00,2025-12-05 15:40:00+00:00,sell,577.1800000000001,581.76,572.6000000000001,572.6000000000001,122.13507501948669,559.3786435892401,56497.243002513256,win,-4.579999999999927,46497.243002513314
2025-12-05 16:40:00+00:00,2025-12-05 17:05:00+00:00,sell,571.78,580.43,563.13,580.43,65.31473179481318,-564.9724300251326,55932.27057248812,loss,8.649999999999977,45932.27057248818
2025-12-05 18:05:00+00:00,2025-12-06 11:35:00+00:00,sell,568.26,581.23,555.29,581.23,43.12434122782422,-559.3227057248813,55372.94786676324,loss,12.970000000000027,45372.9478667633
2025-12-06 11:45:00+00:00,2025-12-06 12:55:00+00:00,buy,582.23,575.3100000000001,589.15,589.15,80.01871079012076,553.7294786676324,55926.67734543088,win,6.919999999999959,45926.67734543094
2025-12-06 13:35:00+00:00,2025-12-06 17:15:00+00:00,buy,589.22,582.38,596.0600000000001,582.38,81.76414816583424,-559.2667734543088,55367.41057197657,loss,-6.840000000000032,45367.41057197663
2025-12-06 19:35:00+00:00,2025-12-06 19:45:00+00:00,buy,585.4499999999999,582.96,587.9399999999998,587.9399999999998,222.3590786023249,553.6741057197657,55921.08467769634,win,2.4899999999998954,45921.084677696395
2025-12-06 20:20:00+00:00,2025-12-06 21:05:00+00:00,buy,588.1999999999999,584.1700000000001,592.2299999999998,584.1700000000001,138.76199671885433,-559.2108467769634,55361.87383091937,loss,-4.029999999999859,45361.87383091943
2025-12-06 21:25:00+00:00,2025-12-07 01:15:00+00:00,buy,588.22,583.7,592.74,583.7,122.48202174982212,-553.6187383091938,54808.255092610176,loss,-4.519999999999982,44808.255092610234
2025-12-07 04:10:00+00:00,2025-12-07 04:15:00+00:00,buy,584.16,580.62,587.6999999999999,587.6999999999999,154.82557935765746,548.0825509261018,55356.33764353628,win,3.5399999999999636,45356.33764353634
2025-12-07 05:30:00+00:00,2025-12-07 05:45:00+00:00,buy,585.12,582.69,587.55,582.69,227.8038586153803,-553.5633764353628,54802.77426710092,loss,-2.42999999999995,44802.77426710098
2025-12-07 05:55:00+00:00,2025-12-07 06:30:00+00:00,buy,586.05,582.63,589.4699999999999,582.63,160.24203002076482,-548.0277426710092,54254.74652442991,loss,-3.419999999999959,44254.74652442997
2025-12-07 06:55:00+00:00,2025-12-07 07:40:00+00:00,buy,585.56,582.32,588.7999999999998,588.7999999999998,167.45292137170267,542.5474652442991,54797.29398967421,win,3.2399999999998954,44797.29398967427
2025-12-07 07:50:00+00:00,2025-12-07 08:40:00+00:00,buy,588.9,586.23,591.5699999999999,591.5699999999999,205.233310822753,547.9729398967421,55345.26692957095,win,2.669999999999959,45345.26692957101
2025-12-07 10:35:00+00:00,2025-12-07 11:20:00+00:00,buy,590.54,585.78,595.3,585.78,116.27156917977112,-553.4526692957095,54791.81426027524,loss,-4.759999999999991,44791.8142602753
2025-12-07 14:30:00+00:00,2025-12-07 15:20:00+00:00,sell,576.7900000000001,579.9,573.6800000000002,573.6800000000002,176.1794670748457,547.9181426027525,55339.73240287799,win,-3.1099999999999,45339.73240287805
2025-12-07 16:20:00+00:00,2025-12-07 18:00:00+00:00,sell,572.5400000000001,579.1999999999999,565.8800000000002,579.1999999999999,83.09269129561443,-553.39732402878,54786.33507884921,loss,6.6599999999998545,44786.33507884927
2025-12-07 19:15:00+00:00,2025-12-07 19:45:00+00:00,buy,585.88,578.9200000000001,592.8399999999999,592.8399999999999,78.71599867650836,547.8633507884921,55334.198429637705,win,6.959999999999923,45334.19842963776
2025-12-07 19:55:00+00:00,2025-12-08 00:00:00+00:00,buy,599.17,587.46,610.8799999999999,587.46,47.2537988297507,-553.3419842963771,54780.85644534133,loss,-11.709999999999923,44780.856445341386
2025-12-08 01:15:00+00:00,2025-12-08 01:20:00+00:00,buy,591.88,587.62,596.14,596.14,128.59355973084845,547.8085644534133,55328.66500979474,win,4.259999999999991,45328.6650097948
2025-12-08 01:55:00+00:00,2025-12-08 14:40:00+00:00,buy,597.0699999999999,588.82,605.3199999999998,588.82,67.06504849672183,-553.2866500979475,54775.37835969679,loss,-8.249999999999886,44775.37835969685
2025-12-08 18:05:00+00:00,2025-12-08 18:25:00+00:00,sell,586.61,589.53,583.69,583.69,187.58691219074504,547.7537835969679,55323.13214329376,win,-2.919999999999959,45323.13214329382
2025-12-08 18:45:00+00:00,2025-12-08 19:50:00+00:00,sell,583.1,588.85,577.35,577.35,96.2141428579022,553.2313214329376,55876.3634647267,win,-5.75,45876.36346472676
2025-12-08 20:25:00+00:00,2025-12-09 06:35:00+00:00,sell,577.19,583.1899999999999,571.1900000000002,571.1900000000002,93.12727244121294,558.763634647267,56435.12709937397,win,-5.999999999999886,46435.127099374025
2025-12-09 07:15:00+00:00,2025-12-09 14:50:00+00:00,sell,570.21,575.86,564.5600000000001,575.86,99.88518070685699,-564.3512709937397,55870.775828380225,loss,5.649999999999977,45870.77582838028
2025-12-09 21:15:00+00:00,2025-12-09 21:35:00+00:00,buy,580.29,578.37,582.2099999999999,582.2099999999999,290.9936241061532,558.7077582838023,56429.48358666403,win,1.919999999999959,46429.483586664086
2025-12-09 21:45:00+00:00,2025-12-09 22:55:00+00:00,buy,582.3299999999999,579.0,585.6599999999999,579.0,169.45790866866443,-564.2948358666403,55865.18875079739,loss,-3.3299999999999272,45865.188750797446
2025-12-10 00:20:00+00:00,2025-12-10 02:00:00+00:00,buy,579.1,572.8100000000001,585.39,585.39,88.815880366928,558.6518875079739,56423.84063830536,win,6.289999999999964,46423.84063830542
2025-12-10 02:10:00+00:00,2025-12-10 02:55:00+00:00,buy,585.4399999999999,582.12,588.7599999999999,582.12,169.9513272238146,-564.2384063830536,55859.602231922305,loss,-3.3199999999999363,45859.60223192236
2025-12-10 04:05:00+00:00,2025-12-10 04:20:00+00:00,sell,574.11,576.62,571.6,576.62,222.54821606343629,-558.596022319223,55301.00620960308,loss,2.509999999999991,45301.00620960314
2025-12-10 05:15:00+00:00,2025-12-10 05:20:00+00:00,sell,573.33,576.91,569.7500000000001,569.7500000000001,154.4720843843693,553.0100620960309,55854.01627169911,win,-3.5799999999999272,45854.01627169917
2025-12-10 05:30:00+00:00,2025-12-10 22:10:00+00:00,sell,557.22,576.52,537.9200000000001,576.52,28.939904803989247,-558.5401627169912,55295.47610898212,loss,19.299999999999955,45295.47610898218
2025-12-11 00:05:00+00:00,2025-12-11 00:15:00+00:00,buy,575.93,572.07,579.7899999999998,572.07,143.25252877975015,-552.9547610898212,54742.521347892296,loss,-3.8599999999999,44742.521347892354
2025-12-11 02:35:00+00:00,2025-12-11 02:50:00+00:00,sell,566.73,571.75,561.71,561.71,109.04884730655876,547.425213478923,55289.94656137122,win,-5.019999999999982,45289.946561371275
2025-12-11 03:00:00+00:00,2025-12-11 23:05:00+00:00,sell,557.75,567.63,547.87,567.63,55.96148437385754,-552.8994656137122,54737.0470957575,loss,9.879999999999995,44737.04709575756
2025-12-12 00:40:00+00:00,2025-12-12 02:15:00+00:00,buy,572.68,569.83,575.5299999999999,575.5299999999999,192.05981437108508,547.370470957575,55284.41756671508,win,2.849999999999909,45284.417566715136
2025-12-12 02:25:00+00:00,2025-12-12 02:50:00+00:00,buy,576.6899999999999,570.78,582.5999999999999,570.78,93.54385375078745,-552.8441756671508,54731.573391047925,loss,-5.909999999999968,44731.57339104798
2025-12-12 03:40:00+00:00,2025-12-14 20:25:00+00:00,buy,576.49,567.6700000000001,585.31,567.6700000000001,62.053938085088795,-547.3157339104793,54184.257657137445,loss,-8.819999999999936,44184.2576571375
2025-12-14 20:35:00+00:00,2025-12-14 21:15:00+00:00,sell,566.89,569.7099999999999,564.07,564.07,192.14275764942792,541.8425765713745,54726.10023370882,win,-2.8199999999999363,44726.10023370888
2025-12-14 21:25:00+00:00,2025-12-14 23:45:00+00:00,sell,563.6800000000001,567.18,560.1800000000002,560.1800000000002,156.3602863820303,547.2610023370883,55273.36123604591,win,-3.4999999999998863,45273.36123604597
2025-12-15 00:00:00+00:00,2025-12-15 00:30:00+00:00,sell,559.6600000000001,563.65,555.6700000000002,555.6700000000002,138.52972740864,552.7336123604591,55826.09484840637,win,-3.9899999999998954,45826.09484840643
2025-12-15 01:05:00+00:00,2025-12-15 01:35:00+00:00,sell,554.48,557.5699999999999,551.3900000000001,557.5699999999999,180.6669736194429,-558.2609484840638,55267.833899922305,loss,3.089999999999918,45267.83389992236
2025-12-15 05:00:00+00:00,2025-12-15 05:15:00+00:00,sell,566.87,569.74,564.0,564.0,192.57084982551297,552.6783389992231,55820.512238921525,win,-2.8700000000000045,45820.51223892158
2025-12-15 06:00:00+00:00,2025-12-15 12:30:00+00:00,sell,561.94,568.03,555.8500000000001,568.03,91.6592976008576,-558.2051223892153,55262.30711653231,loss,6.089999999999918,45262.30711653237
2025-12-15 12:45:00+00:00,2025-12-15 13:40:00+00:00,sell,565.73,568.5,562.96,562.96,199.5029137780963,552.6230711653232,55814.93018769764,win,-2.769999999999982,45814.9301876977
2025-12-15 13:50:00+00:00,2025-12-15 15:35:00+00:00,sell,562.76,565.6,559.92,559.92,196.53144432287684,558.1493018769764,56373.079489574615,win,-2.840000000000032,46373.07948957467
2025-12-15 15:50:00+00:00,2025-12-15 16:35:00+00:00,sell,559.77,562.93,556.61,562.93,178.39582116954173,-563.7307948957462,55809.34869467887,loss,3.159999999999968,45809.34869467893
2025-12-15 16:50:00+00:00,2025-12-15 16:55:00+00:00,sell,558.4300000000001,563.12,553.7400000000001,553.7400000000001,118.99647909313343,558.0934869467887,56367.44218162566,win,-4.689999999999941,46367.442181625716
2025-12-15 17:05:00+00:00,2025-12-15 17:40:00+00:00,sell,550.53,563.12,537.9399999999999,537.9399999999999,44.7715982379869,563.6744218162565,56931.116603441915,win,-12.590000000000032,46931.11660344197
2025-12-15 18:30:00+00:00,2025-12-15 18:45:00+00:00,sell,537.24,548.38,526.1,526.1,51.10513160093536,569.3111660344192,57500.42776947634,win,-11.139999999999986,47500.427769476395
2025-12-15 19:30:00+00:00,2025-12-16 13:30:00+00:00,sell,525.51,539.75,511.27,539.75,40.3795138830592,-575.0042776947633,56925.42349178157,loss,14.240000000000009,46925.42349178163
2025-12-16 19:10:00+00:00,2025-12-16 20:40:00+00:00,buy,545.7099999999999,542.83,548.5899999999998,548.5899999999998,197.657720457583,569.2542349178157,57494.67772669939,win,2.8799999999998818,47494.67772669945
2025-12-16 20:50:00+00:00,2025-12-16 22:50:00+00:00,buy,550.47,544.64,556.3000000000001,544.64,98.61865819330872,-574.9467772669939,56919.73094943239,loss,-5.830000000000041,46919.73094943245
2025-12-16 23:25:00+00:00,2025-12-17 00:10:00+00:00,buy,546.49,544.51,548.47,544.51,287.47338863349427,-569.1973094943239,56350.53363993807,loss,-1.9800000000000182,46350.53363993813
2025-12-17 01:40:00+00:00,2025-12-17 02:10:00+00:00,buy,544.93,543.1700000000001,546.6899999999998,543.1700000000001,320.17348659057956,-563.5053363993807,55787.02830353869,loss,-1.7599999999998772,45787.02830353875
2025-12-17 02:25:00+00:00,2025-12-17 03:15:00+00:00,buy,545.01,543.13,546.89,546.89,296.7395122528661,557.8702830353869,56344.898586574076,win,1.8799999999999955,46344.898586574134
2025-12-17 04:30:00+00:00,2025-12-17 04:40:00+00:00,buy,545.3399999999999,543.69,546.9899999999998,546.9899999999998,341.4842338580529,563.4489858657407,56908.347572439816,win,1.6499999999998636,46908.347572439874
2025-12-17 04:50:00+00:00,2025-12-17 05:25:00+00:00,buy,547.67,544.73,550.6099999999999,544.73,193.5658080695271,-569.0834757243982,56339.264096715415,loss,-2.939999999999941,46339.26409671547
2025-12-17 07:45:00+00:00,2025-12-17 08:20:00+00:00,buy,544.41,542.23,546.5899999999999,542.23,258.43699126934274,-563.3926409671542,55775.87145574826,loss,-2.17999999999995,45775.87145574832
2025-12-17 09:35:00+00:00,2025-12-17 15:00:00+00:00,buy,544.91,539.83,549.9899999999999,549.9899999999999,109.79502255068712,557.7587145574826,56333.63017030574,win,5.079999999999927,46333.6301703058
2025-12-17 15:45:00+00:00,2025-12-17 16:30:00+00:00,buy,550.5899999999999,546.59,554.5899999999998,546.59,140.83407542576836,-563.3363017030574,55770.29386860268,loss,-3.9999999999998863,45770.29386860274
2025-12-17 16:50:00+00:00,2025-12-17 17:00:00+00:00,buy,551.11,545.9300000000001,556.29,556.29,107.66465997799851,557.7029386860269,56327.99680728871,win,5.17999999999995,46327.99680728877
2025-12-17 17:10:00+00:00,2025-12-17 21:05:00+00:00,buy,556.39,541.95,570.8299999999999,541.95,39.008308038288746,-563.2799680728872,55764.71683921583,loss,-14.43999999999994,45764.716839215886
2025-12-18 04:10:00+00:00,2025-12-18 04:40:00+00:00,buy,546.12,543.0600000000001,549.18,549.18,182.23763672946674,557.6471683921583,56322.36400760798,win,3.0599999999999454,46322.36400760804
2025-12-18 04:50:00+00:00,2025-12-18 05:10:00+00:00,buy,552.04,545.8000000000001,558.2799999999999,545.8000000000001,90.26019873014252,-563.2236400760798,55759.1403675319,loss,-6.239999999999895,45759.14036753196
2025-12-18 07:10:00+00:00,2025-12-18 07:45:00+00:00,sell,543.38,545.6,541.16,541.16,251.16729895284334,557.591403675319,56316.73177120722,win,-2.2200000000000273,46316.731771207276
2025-12-18 07:55:00+00:00,2025-12-18 08:00:00+00:00,sell,540.95,543.61,538.2900000000001,538.2900000000001,211.71703673386426,563.1673177120722,56879.899088919294,win,-2.659999999999968,46879.89908891935
2025-12-18 08:10:00+00:00,2025-12-18 15:40:00+00:00,sell,533.95,543.42,524.4800000000001,543.42,60.06325141385408,-568.798990889193,56311.1000980301,loss,9.469999999999914,46311.10009803016
2025-12-18 16:05:00+00:00,2025-12-19 18:30:00+00:00,buy,569.36,538.2,600.52,600.52,18.07159823428439,563.111000980301,56874.211099010405,win,31.159999999999968,46874.21109901046
2025-12-19 19:05:00+00:00,2025-12-19 19:15:00+00:00,buy,601.1,592.53,609.6700000000001,609.6700000000001,66.36430700001175,568.742110990104,57442.95321000051,win,8.57000000000005,47442.95321000057
2025-12-19 20:05:00+00:00,2025-12-20 00:40:00+00:00,buy,610.36,593.7,627.02,627.02,34.47956375150097,574.4295321000051,58017.38274210051,win,16.659999999999968,48017.38274210057
2025-12-20 00:50:00+00:00,2025-12-20 02:05:00+00:00,buy,627.4,620.39,634.41,620.39,82.76374142953009,-580.1738274210052,57437.208914679504,loss,-7.009999999999991,47437.20891467956
2025-12-20 04:35:00+00:00,2025-12-20 04:50:00+00:00,buy,607.42,604.36,610.4799999999999,610.4799999999999,187.7032971067991,574.372089146795,58011.5810038263,win,3.0599999999999454,48011.58100382636
2025-12-20 07:10:00+00:00,2025-12-20 07:15:00+00:00,buy,602.17,600.4100000000001,603.9299999999998,603.9299999999998,329.61125570358155,580.115810038263,58591.69681386456,win,1.7599999999998772,48591.69681386462
2025-12-20 07:30:00+00:00,2025-12-20 09:10:00+00:00,buy,606.8399999999999,600.57,613.1099999999998,600.57,93.44768231876523,-585.9169681386456,58005.77984572591,loss,-6.269999999999868,48005.77984572597
2025-12-20 14:05:00+00:00,2025-12-20 15:05:00+00:00,sell,591.74,593.8,589.6800000000001,589.6800000000001,281.5814555617837,580.057798457259,58585.83764418317,win,-2.0599999999999454,48585.83764418323
2025-12-20 15:15:00+00:00,2025-12-20 15:45:00+00:00,sell,589.0600000000001,591.7099999999999,586.4100000000002,591.7099999999999,221.07863261957053,-585.8583764418318,57999.97926774134,loss,2.6499999999998636,47999.9792677414
2025-12-20 16:05:00+00:00,2025-12-20 16:45:00+00:00,sell,588.59,592.16,585.0200000000001,592.16,162.464927920847,-579.9997926774134,57419.97947506393,loss,3.5699999999999363,47419.979475063985
2025-12-20 19:20:00+00:00,2025-12-20 20:10:00+00:00,sell,594.1700000000001,595.67,592.6700000000002,592.6700000000002,382.7998631671219,574.1997947506393,57994.179269814565,win,-1.4999999999998863,47994.179269814624
2025-12-20 20:40:00+00:00,2025-12-20 23:15:00+00:00,sell,592.48,594.73,590.23,594.73,257.75190786584255,-579.9417926981457,57414.23747711642,loss,2.25,47414.237477116476
2025-12-20 23:55:00+00:00,2025-12-21 01:30:00+00:00,sell,593.34,594.9599999999999,591.7200000000001,591.7200000000001,354.40887331555734,574.1423747711642,57988.379851887585,win,-1.6199999999998909,47988.37985188764
2025-12-21 01:40:00+00:00,2025-12-21 03:45:00+00:00,sell,591.26,594.53,587.99,594.53,177.33449495990186,-579.8837985188759,57408.49605336871,loss,3.269999999999982,47408.49605336877
2025-12-21 08:25:00+00:00,2025-12-21 09:50:00+00:00,sell,592.37,597.67,587.07,587.07,108.31791708182868,574.0849605336871,57982.581013902396,win,-5.2999999999999545,47982.581013902454
2025-12-21 11:05:00+00:00,2025-12-21 15:00:00+00:00,sell,585.59,589.39,581.7900000000001,581.7900000000001,152.58573951027128,579.8258101390239,58562.40682404142,win,-3.7999999999999545,48562.40682404148
2025-12-21 15:30:00+00:00,2025-12-21 22:10:00+00:00,sell,579.85,585.54,574.1600000000001,585.54,102.92162886474873,-585.6240682404142,57976.782755801,loss,5.689999999999941,47976.78275580106
2025-12-21 23:45:00+00:00,2025-12-22 00:15:00+00:00,sell,583.9100000000001,585.6899999999999,582.1300000000002,585.6899999999999,325.71226267306514,-579.76782755801,57397.01492824299,loss,1.779999999999859,47397.01492824305
2025-12-22 04:05:00+00:00,2025-12-22 04:30:00+00:00,sell,583.9100000000001,590.56,577.2600000000002,577.2600000000002,86.3113006439762,573.9701492824299,57970.98507752542,win,-6.649999999999864,47970.98507752548
2025-12-22 05:45:00+00:00,2025-12-22 07:35:00+00:00,sell,579.9,582.66,577.14,582.66,210.0398010055276,-579.7098507752543,57391.27522675017,loss,2.759999999999991,47391.27522675023
2025-12-22 07:55:00+00:00,2025-12-22 08:00:00+00:00,sell,579.12,583.0,575.24,575.24,147.91565780090266,573.9127522675017,57965.187979017675,win,-3.8799999999999955,47965.18797901773
2025-12-22 09:40:00+00:00,2025-12-22 10:20:00+00:00,sell,575.99,577.92,574.0600000000001,577.92,300.3377615493222,-579.6518797901767,57385.5360992275,loss,1.92999999999995,47385.53609922756
2025-12-22 10:50:00+00:00,2025-12-22 11:00:00+00:00,sell,575.6800000000001,578.3,573.0600000000002,578.3,219.02876373751866,-573.855360992275,56811.68073823523,loss,2.619999999999891,46811.680738235285
2025-12-22 16:45:00+00:00,2025-12-22 17:10:00+00:00,buy,589.6899999999999,587.3100000000001,592.0699999999998,587.3100000000001,238.70454091696658,-568.1168073823522,56243.56393085288,loss,-2.3799999999998818,46243.563930852935
2025-12-22 17:55:00+00:00,2025-12-22 21:00:00+00:00,buy,590.68,586.24,595.1199999999999,586.24,126.67469353795863,-562.4356393085288,55681.12829154435,loss,-4.439999999999941,45681.12829154441
2025-12-22 22:30:00+00:00,2025-12-23 06:10:00+00:00,buy,588.66,584.53,592.79,584.53,134.8211338778315,-556.8112829154435,55124.31700862891,loss,-4.1299999999999955,45124.31700862897
2025-12-23 07:30:00+00:00,2025-12-23 08:55:00+00:00,sell,577.3000000000001,580.6999999999999,573.9000000000002,580.6999999999999,162.13034414303272,-551.2431700862891,54573.07383854262,loss,3.3999999999998636,44573.07383854268
2025-12-23 12:05:00+00:00,2025-12-23 14:05:00+00:00,sell,581.57,586.03,577.1100000000001,577.1100000000001,122.36115210435777,545.7307383854262,55118.80457692805,win,-4.459999999999923,45118.80457692811
2025-12-23 14:15:00+00:00,2025-12-23 16:35:00+00:00,sell,576.26,579.3,573.22,573.22,181.3118571609497,551.1880457692805,55669.99262269733,win,-3.0399999999999636,45669.99262269739
2025-12-23 16:55:00+00:00,2025-12-23 18:00:00+00:00,sell,571.46,576.31,566.6100000000001,576.31,114.783489943708,-556.6999262269734,55113.29269647036,loss,4.849999999999909,45113.29269647042
2025-12-23 18:55:00+00:00,2025-12-23 19:55:00+00:00,sell,574.24,579.1999999999999,569.2800000000001,569.2800000000001,111.11550946869198,551.1329269647036,55664.42562343506,win,-4.959999999999923,45664.42562343512
2025-12-23 21:25:00+00:00,2025-12-23 22:40:00+00:00,sell,573.39,576.14,570.64,576.14,202.41609317612753,-556.6442562343507,55107.78136720071,loss,2.75,45107.78136720077
2025-12-23 23:05:00+00:00,2025-12-24 01:50:00+00:00,sell,573.25,576.1899999999999,570.3100000000001,570.3100000000001,187.4414332217749,551.0778136720071,55658.859180872714,win,-2.939999999999941,45658.85918087277
2025-12-24 02:05:00+00:00,2025-12-24 02:50:00+00:00,sell,569.9300000000001,572.63,567.2300000000001,572.63,206.1439228921264,-556.5885918087272,55102.270589063985,loss,2.699999999999932,45102.27058906404
2025-12-24 04:05:00+00:00,2025-12-24 04:10:00+00:00,sell,573.89,575.68,572.1,572.1,307.8339139053916,551.0227058906398,55653.29329495462,win,-1.7899999999999636,45653.29329495468
2025-12-24 04:20:00+00:00,2025-12-24 04:40:00+00:00,sell,571.71,575.26,568.1600000000001,568.1600000000001,156.76984026747982,556.5329329495462,56209.82622790417,win,-3.5499999999999545,46209.826227904225
2025-12-24 05:10:00+00:00,2025-12-24 07:25:00+00:00,sell,566.9200000000001,572.5,561.3400000000001,572.5,100.73445560556435,-562.0982622790417,55647.72796562513,loss,5.579999999999927,45647.727965625185
2025-12-24 10:00:00+00:00,2025-12-24 10:20:00+00:00,sell,570.25,572.1899999999999,568.3100000000001,572.1899999999999,286.8439585857053,-556.4772796562513,55091.25068596887,loss,1.9399999999999409,45091.25068596893
2025-12-24 10:45:00+00:00,2025-12-24 12:35:00+00:00,sell,568.03,572.31,563.75,572.31,128.71787543450753,-550.9125068596887,54540.33817910918,loss,4.279999999999973,44540.33817910924
2025-12-24 16:05:00+00:00,2025-12-24 16:25:00+00:00,sell,573.53,575.02,572.04,572.04,366.04253811482454,545.4033817910919,55085.74156090027,win,-1.490000000000009,45085.74156090033
2025-12-24 16:35:00+00:00,2025-12-24 16:40:00+00:00,sell,570.99,574.29,567.69,567.69,166.92648957848797,550.8574156090027,55636.598976509275,win,-3.2999999999999545,45636.59897650933
2025-12-24 16:50:00+00:00,2025-12-26 00:00:00+00:00,sell,566.33,573.9399999999999,558.7200000000001,573.9399999999999,73.10985410842314,-556.3659897650928,55080.23298674418,loss,7.6099999999999,45080.23298674424
2025-12-26 01:15:00+00:00,2025-12-26 04:30:00+00:00,buy,590.9,584.53,597.27,597.27,86.46818365265956,550.8023298674418,55631.035316611626,win,6.3700000000000045,45631.035316611684
2025-12-26 05:05:00+00:00,2025-12-26 05:10:00+00:00,buy,598.26,590.32,606.1999999999999,606.1999999999999,70.06427621739552,556.3103531661162,56187.345669777744,win,7.939999999999941,46187.3456697778
2025-12-26 05:35:00+00:00,2025-12-26 17:00:00+00:00,buy,609.26,594.74,623.78,594.74,38.69651905632081,-561.8734566977774,55625.472213079964,loss,-14.519999999999982,45625.47221308002
2025-12-26 21:20:00+00:00,2025-12-26 22:50:00+00:00,buy,597.36,595.07,599.65,599.65,242.90599219685961,556.2547221307997,56181.72693521076,win,2.2899999999999636,46181.72693521082
2025-12-27 04:05:00+00:00,2025-12-27 05:50:00+00:00,buy,597.68,595.28,600.0799999999999,600.0799999999999,234.09052889671372,561.8172693521076,56743.544204562866,win,2.3999999999999773,46743.544204562924
2025-12-27 06:00:00+00:00,2025-12-27 08:00:00+00:00,buy,600.5799999999999,598.37,602.7899999999998,598.37,256.7581185726916,-567.4354420456286,56176.10876251724,loss,-2.2099999999999227,46176.108762517295
2025-12-27 09:15:00+00:00,2025-12-27 09:20:00+00:00,buy,598.8299999999999,597.9,599.7599999999999,599.7599999999999,604.0441802421534,561.7610876251724,56737.86985014241,win,0.92999999999995,46737.869850142466
2025-12-27 09:30:00+00:00,2025-12-27 09:35:00+00:00,buy,599.8199999999999,597.9,601.7399999999999,597.9,295.50973880283135,-567.3786985014241,56170.491151640985,loss,-1.919999999999959,46170.49115164104
2025-12-27 10:50:00+00:00,2025-12-27 11:05:00+00:00,buy,600.49,598.45,602.53,602.53,275.3455448609902,561.70491151641,56732.1960631574,win,2.0399999999999636,46732.196063157455
2025-12-27 11:15:00+00:00,2025-12-27 11:20:00+00:00,buy,602.9,600.0500000000001,605.7499999999999,605.7499999999999,199.06033706371653,567.321960631574,57299.51802378897,win,2.849999999999909,47299.51802378903
2025-12-27 12:45:00+00:00,2025-12-27 16:05:00+00:00,buy,611.76,608.25,615.27,615.27,163.2464900962653,572.9951802378897,57872.513204026865,win,3.509999999999991,47872.51320402692
2025-12-27 16:15:00+00:00,2025-12-27 17:40:00+00:00,buy,616.5899999999999,611.9100000000001,621.2699999999998,621.2699999999998,123.65921624792499,578.7251320402687,58451.23833606714,win,4.679999999999836,48451.238336067196
2025-12-27 19:15:00+00:00,2025-12-27 20:35:00+00:00,buy,618.76,616.6700000000001,620.8499999999999,616.6700000000001,279.6709968232987,-584.5123833606714,57866.72595270647,loss,-2.089999999999918,47866.725952706525
2025-12-27 21:50:00+00:00,2025-12-28 00:15:00+00:00,buy,616.81,612.51,621.1099999999999,621.1099999999999,134.5737812853653,578.6672595270646,58445.39321223353,win,4.2999999999999545,48445.39321223359
2025-12-28 01:20:00+00:00,2025-12-28 03:15:00+00:00,buy,621.22,617.96,624.48,617.96,179.28034727679048,-584.4539321223353,57860.9392801112,loss,-3.259999999999991,47860.939280111255
2025-12-28 04:15:00+00:00,2025-12-28 04:55:00+00:00,buy,613.53,610.5400000000001,616.5199999999999,616.5199999999999,193.51484709067967,578.609392801112,58439.54867291231,win,2.9899999999998954,48439.548672912366
2025-12-28 06:20:00+00:00,2025-12-28 07:10:00+00:00,buy,615.56,612.78,618.3399999999999,612.78,210.21420385939885,-584.395486729123,57855.15318618318,loss,-2.7799999999999727,47855.15318618324
2025-12-28 08:05:00+00:00,2025-12-28 08:50:00+00:00,buy,614.2099999999999,611.4200000000001,616.9999999999998,616.9999999999998,207.3661404522806,578.5515318618318,58433.70471804502,win,2.78999999999985,48433.704718045075
2025-12-28 09:00:00+00:00,2025-12-28 16:30:00+00:00,buy,618.11,612.2900000000001,623.93,623.93,100.40155449836024,584.3370471804502,59018.04176522547,win,5.819999999999936,49018.04176522553
2025-12-28 16:40:00+00:00,2025-12-28 16:45:00+00:00,buy,624.27,620.6600000000001,627.8799999999999,627.8799999999999,163.48488023608618,590.1804176522547,59608.222182877726,win,3.6099999999999,49608.222182877784
2025-12-28 19:05:00+00:00,2025-12-28 20:00:00+00:00,buy,630.8,627.83,633.7699999999999,627.83,200.70108479083993,-596.0822218287773,59012.139961048946,loss,-2.9699999999999136,49012.139961049004
2025-12-29 08:00:00+00:00,2025-12-29 09:20:00+00:00,sell,615.14,617.4,612.88,612.88,261.1156635444654,590.1213996104894,59602.26136065944,win,-2.259999999999991,49602.2613606595
2025-12-29 11:25:00+00:00,2025-12-29 11:30:00+00:00,sell,613.33,615.6,611.0600000000001,611.0600000000001,262.56502802052825,596.0226136065943,60198.283974266036,win,-2.269999999999982,50198.283974266094
2025-12-29 11:40:00+00:00,2025-12-29 11:50:00+00:00,sell,610.2900000000001,617.8,602.7800000000002,602.7800000000002,80.15750196307194,601.9828397426604,60800.2668140087,win,-7.509999999999877,50800.266814008755
2025-12-29 12:15:00+00:00,2025-12-29 19:40:00+00:00,sell,602.4300000000001,612.47,592.3900000000001,592.3900000000001,60.55803467530768,608.0026681400869,61408.26948214878,win,-10.039999999999964,51408.26948214884
2025-12-29 20:00:00+00:00,2025-12-30 05:55:00+00:00,sell,591.61,601.6,581.62,601.6,61.4697392213701,-614.0826948214878,60794.18678732729,loss,9.990000000000009,50794.18678732735
2025-12-30 07:05:00+00:00,2025-12-30 07:30:00+00:00,sell,602.47,605.4399999999999,599.5000000000001,599.5000000000001,204.69423160716858,607.9418678732729,61402.12865520057,win,-2.9699999999999136,51402.12865520063
2025-12-30 07:40:00+00:00,2025-12-30 08:55:00+00:00,sell,599.3100000000001,602.6999999999999,595.9200000000002,595.9200000000002,181.1272231716899,614.0212865520057,62016.14994175258,win,-3.3899999999998727,52016.149941752636
2025-12-30 09:05:00+00:00,2025-12-30 14:40:00+00:00,sell,594.6700000000001,600.9599999999999,588.3800000000002,600.9599999999999,98.59483297576162,-620.1614994175258,61395.98844233505,loss,6.28999999999985,51395.98844233511
2025-12-30 19:45:00+00:00,2025-12-30 23:35:00+00:00,sell,594.59,599.27,589.9100000000001,589.9100000000001,131.18800949217032,613.9598844233506,62009.9483267584,win,-4.67999999999995,52009.94832675846
2025-12-31 01:55:00+00:00,2025-12-31 05:00:00+00:00,sell,593.6600000000001,595.85,591.4700000000001,595.85,283.1504489806396,-620.099483267584,61389.848843490814,loss,2.189999999999941,51389.84884349087
2025-12-31 06:20:00+00:00,2025-12-31 06:30:00+00:00,sell,594.94,596.37,593.5100000000001,596.37,429.2996422621885,-613.8984884349081,60775.95035505591,loss,1.42999999999995,50775.95035505597
2025-12-31 06:50:00+00:00,2025-12-31 07:35:00+00:00,sell,594.24,597.0799999999999,591.4000000000001,597.0799999999999,213.999825193865,-607.7595035505591,60168.19085150535,loss,2.839999999999918,50168.19085150541
2025-12-31 12:10:00+00:00,2025-12-31 12:15:00+00:00,buy,598.3399999999999,596.87,599.8099999999998,596.87,409.3074207585639,-601.6819085150536,59566.508942990295,loss,-1.4699999999999136,49566.50894299035
2025-12-31 13:10:00+00:00,2025-12-31 14:50:00+00:00,buy,598.86,596.03,601.69,596.03,210.4823637561464,-595.665089429903,58970.84385356039,loss,-2.830000000000041,48970.84385356045
2025-12-31 17:10:00+00:00,2025-12-31 17:20:00+00:00,sell,594.98,597.04,592.9200000000001,592.9200000000001,286.26623229884444,589.7084385356039,59560.552292096,win,-2.0599999999999454,49560.55229209606
2025-12-31 17:30:00+00:00,2025-12-31 19:25:00+00:00,sell,592.58,596.9,588.2600000000001,596.9,137.87164882429832,-595.60552292096,58964.94676917504,loss,4.319999999999936,48964.9467691751
2025-12-31 20:55:00+00:00,2025-12-31 21:35:00+00:00,sell,596.2,598.93,593.4700000000001,593.4700000000001,215.98881600431173,589.6494676917504,59554.59623686679,win,-2.7299999999999045,49554.59623686685
2025-12-31 22:10:00+00:00,2025-12-31 22:35:00+00:00,sell,593.33,595.5799999999999,591.0800000000002,595.5799999999999,264.687094386088,-595.5459623686679,58959.05027449812,loss,2.2499999999998863,48959.05027449818
2026-01-02 00:05:00+00:00,2026-01-02 00:10:00+00:00,sell,597.63,600.27,594.99,594.99,223.3297358882516,589.5905027449812,59548.640777243105,win,-2.6399999999999864,49548.64077724316
2026-01-02 00:30:00+00:00,2026-01-02 19:10:00+00:00,sell,590.26,600.27,580.25,600.27,59.489151625617545,-595.4864077724311,58953.15436947067,loss,10.009999999999991,48953.15436947073
2026-01-02 19:20:00+00:00,2026-01-03 02:40:00+00:00,buy,605.98,593.4300000000001,618.53,618.53,46.974624995594326,589.5315436947067,59542.68591316538,win,12.549999999999955,49542.685913165435
2026-01-03 02:50:00+00:00,2026-01-03 03:30:00+00:00,buy,618.9499999999999,607.08,630.8199999999998,630.8199999999998,50.16233017115917,595.4268591316538,60138.11277229703,win,11.86999999999989,50138.112772297085
2026-01-03 03:55:00+00:00,2026-01-03 22:35:00+00:00,buy,634.51,620.37,648.65,648.65,42.53048993797531,601.3811277229703,60739.493900019996,win,14.139999999999986,50739.493900020054
2026-01-03 22:45:00+00:00,2026-01-04 14:40:00+00:00,buy,656.53,637.45,675.6099999999999,637.45,31.83411629980096,-607.3949390002,60132.098961019794,loss,-19.079999999999927,50132.09896101985
2026-01-05 00:15:00+00:00,2026-01-05 00:20:00+00:00,sell,638.1,639.51,636.69,639.51,426.46878695759676,-601.3209896101979,59530.777971409596,loss,1.4099999999999682,49530.777971409654
2026-01-05 00:55:00+00:00,2026-01-05 01:05:00+00:00,sell,637.82,640.43,635.2100000000002,640.43,228.08727192111832,-595.307779714096,58935.4701916955,loss,2.6099999999999,48935.47019169556
2026-01-05 01:30:00+00:00,2026-01-05 02:10:00+00:00,sell,637.57,640.79,634.3500000000001,640.79,183.02941053322076,-589.354701916955,58346.115489778545,loss,3.2199999999999136,48346.115489778604
2026-01-05 03:05:00+00:00,2026-01-05 06:30:00+00:00,buy,649.4399999999999,644.48,654.3999999999999,654.3999999999999,117.63329735842633,583.4611548977855,58929.57664467633,win,4.959999999999923,48929.57664467639
2026-01-05 07:35:00+00:00,2026-01-05 08:10:00+00:00,buy,654.43,649.95,658.9099999999999,658.9099999999999,131.5392335818696,589.2957664467633,59518.87241112309,win,4.4799999999999045,49518.87241112315
2026-01-05 08:20:00+00:00,2026-01-05 13:30:00+00:00,buy,659.9399999999999,651.75,668.1299999999999,651.75,72.67261588659771,-595.188724111231,58923.68368701186,loss,-8.18999999999994,48923.683687011915
2026-01-05 23:05:00+00:00,2026-01-06 01:15:00+00:00,sell,646.4100000000001,649.7099999999999,643.1100000000002,643.1100000000002,178.5566172333779,589.2368368701186,59512.92052388198,win,-3.299999999999841,49512.920523882036
2026-01-06 01:30:00+00:00,2026-01-06 02:40:00+00:00,sell,642.0400000000001,646.4599999999999,637.6200000000002,637.6200000000002,134.64461656987342,595.1292052388197,60108.049729120794,win,-4.419999999999845,50108.04972912085
2026-01-06 04:30:00+00:00,2026-01-06 04:50:00+00:00,sell,646.47,648.93,644.0100000000001,644.0100000000001,244.34166556553936,601.080497291208,60709.130226412,win,-2.4599999999999227,50709.13022641206
2026-01-06 05:00:00+00:00,2026-01-06 10:10:00+00:00,sell,643.59,647.6899999999999,639.4900000000001,639.4900000000001,148.0710493327155,607.09130226412,61316.22152867612,win,-4.099999999999909,51316.22152867618
2026-01-06 10:20:00+00:00,2026-01-06 11:00:00+00:00,sell,638.7,641.4599999999999,635.9400000000002,635.9400000000002,222.16022292999583,613.1622152867612,61929.383743962884,win,-2.759999999999877,51929.38374396294
2026-01-06 13:00:00+00:00,2026-01-06 13:45:00+00:00,sell,636.28,639.3,633.26,639.3,205.0641845826598,-619.2938374396289,61310.08990652326,loss,3.019999999999982,51310.08990652332
2026-01-06 13:55:00+00:00,2026-01-06 14:40:00+00:00,sell,637.34,639.47,635.21,639.47,287.8407976832084,-613.1008990652326,60696.989007458025,loss,2.1299999999999955,50696.98900745808
2026-01-06 15:05:00+00:00,2026-01-06 15:45:00+00:00,sell,637.63,640.01,635.25,635.25,255.0293655775552,606.9698900745802,61303.958897532604,win,-2.3799999999999955,51303.95889753266
2026-01-06 17:35:00+00:00,2026-01-07 20:40:00+00:00,sell,630.89,638.65,623.13,623.13,78.99994703290294,613.0395889753261,61916.99848650793,win,-7.759999999999991,51916.99848650799
2026-01-07 20:55:00+00:00,2026-01-07 21:50:00+00:00,sell,622.51,626.4599999999999,618.5600000000001,626.4599999999999,156.75189490255443,-619.1699848650793,61297.82850164285,loss,3.949999999999932,51297.82850164291
2026-01-08 00:50:00+00:00,2026-01-08 00:55:00+00:00,sell,626.44,627.9499999999999,624.9300000000002,627.9499999999999,405.94588411687306,-612.9782850164285,60684.85021662642,loss,1.5099999999998772,50684.85021662648
2026-01-08 01:05:00+00:00,2026-01-08 01:15:00+00:00,sell,626.3000000000001,628.91,623.6900000000002,628.91,232.50900466141283,-606.8485021662642,60078.00171446016,loss,2.6099999999999,50078.00171446022
2026-01-08 03:10:00+00:00,2026-01-08 03:55:00+00:00,buy,629.72,625.76,633.6800000000001,633.6800000000001,151.71212554156466,600.7800171446016,60678.78173160476,win,3.9600000000000364,50678.78173160482
2026-01-08 05:10:00+00:00,2026-01-08 05:20:00+00:00,buy,642.22,637.96,646.48,637.96,142.43845476902555,-606.7878173160476,60071.99391428871,loss,-4.259999999999991,50071.99391428877
2026-01-08 06:35:00+00:00,2026-01-08 07:05:00+00:00,buy,637.86,633.58,642.14,642.14,140.3551259679652,600.7199391428871,60672.7138534316,win,4.279999999999973,50672.713853431655
2026-01-08 09:30:00+00:00,2026-01-08 11:20:00+00:00,buy,633.39,627.77,639.01,627.77,107.95856557550097,-606.7271385343159,60065.98671489728,loss,-5.6200000000000045,50065.986714897335
2026-01-08 12:05:00+00:00,2026-01-08 14:10:00+00:00,sell,625.71,629.47,621.95,621.95,159.74996466728038,600.6598671489728,60666.64658204625,win,-3.759999999999991,50666.646582046305
2026-01-08 14:35:00+00:00,2026-01-08 16:50:00+00:00,sell,621.77,626.8,616.74,626.8,120.60963535198127,-606.6664658204625,60059.980116225786,loss,5.029999999999973,50059.980116225845
2026-01-08 18:40:00+00:00,2026-01-08 19:00:00+00:00,buy,636.49,632.32,640.66,640.66,144.0287292955069,600.5998011622579,60660.579917388044,win,4.169999999999959,50660.5799173881
2026-01-08 19:35:00+00:00,2026-01-08 19:40:00+00:00,sell,633.0,640.6899999999999,625.3100000000001,625.3100000000001,78.88241861819051,606.6057991738804,61267.18571656192,win,-7.689999999999941,51267.18571656198
2026-01-08 21:25:00+00:00,2026-01-08 22:00:00+00:00,sell,629.4200000000001,633.17,625.6700000000002,625.6700000000002,163.37916191083676,612.6718571656193,61879.85757372754,win,-3.7499999999998863,51879.8575737276
2026-01-08 22:10:00+00:00,2026-01-09 00:05:00+00:00,sell,625.62,630.37,620.87,630.37,130.2733843657422,-618.7985757372754,61261.058997990265,loss,4.75,51261.05899799032
2026-01-09 03:05:00+00:00,2026-01-09 03:25:00+00:00,buy,631.0,628.27,633.73,633.73,224.39948350912036,612.6105899799027,61873.669587970166,win,2.730000000000018,51873.669587970224
2026-01-09 03:50:00+00:00,2026-01-09 09:55:00+00:00,buy,635.24,630.4,640.08,630.4,127.83816030572264,-618.7366958797016,61254.932892090466,loss,-4.840000000000032,51254.932892090525
2026-01-09 13:25:00+00:00,2026-01-09 14:05:00+00:00,sell,629.12,630.61,627.63,630.61,411.1069321616785,-612.5493289209047,60642.38356316956,loss,1.490000000000009,50642.38356316962
2026-01-09 14:15:00+00:00,2026-01-09 17:05:00+00:00,sell,628.6700000000001,631.66,625.6800000000002,625.6800000000002,202.81733633167786,606.4238356316956,61248.807398801255,win,-2.9899999999998954,51248.80739880131
2026-01-09 18:10:00+00:00,2026-01-09 20:25:00+00:00,buy,635.74,629.78,641.7,629.78,102.76645536711558,-612.4880739880126,60636.319324813245,loss,-5.960000000000036,50636.3193248133
2026-01-09 22:05:00+00:00,2026-01-09 23:30:00+00:00,sell,627.94,630.26,625.6200000000001,630.26,261.3634453655815,-606.3631932481325,60029.956131565115,loss,2.3199999999999363,50029.95613156517
2026-01-10 01:00:00+00:00,2026-01-10 02:45:00+00:00,buy,633.47,630.8100000000001,636.13,630.8100000000001,225.6765268103979,-600.2995613156512,59429.65657024946,loss,-2.659999999999968,49429.65657024952
2026-01-10 03:20:00+00:00,2026-01-10 03:45:00+00:00,buy,632.13,629.58,634.68,634.68,233.05747674608048,594.2965657024946,60023.95313595196,win,2.5499999999999545,50023.95313595202
2026-01-10 04:00:00+00:00,2026-01-10 05:10:00+00:00,buy,635.1,632.1600000000001,638.04,632.1600000000001,204.16310590460265,-600.2395313595197,59423.71360459244,loss,-2.939999999999941,49423.7136045925
2026-01-10 06:50:00+00:00,2026-01-10 07:25:00+00:00,buy,632.67,630.4200000000001,634.9199999999998,634.9199999999998,264.105393798202,594.2371360459244,60017.950740638364,win,2.2499999999998863,50017.95074063842
2026-01-10 07:35:00+00:00,2026-01-10 09:15:00+00:00,buy,635.0899999999999,632.8100000000001,637.3699999999998,637.3699999999998,263.2366260554477,600.1795074063837,60618.13024804475,win,2.279999999999859,50618.13024804481
2026-01-10 11:35:00+00:00,2026-01-10 12:20:00+00:00,buy,635.8399999999999,634.24,637.4399999999998,637.4399999999998,378.8633140503012,606.1813024804475,61224.3115505252,win,1.599999999999909,51224.31155052526
2026-01-10 12:30:00+00:00,2026-01-10 20:20:00+00:00,buy,638.11,634.94,641.28,641.28,193.1366294969274,612.243115505252,61836.55466603045,win,3.169999999999959,51836.55466603051
2026-01-10 21:05:00+00:00,2026-01-10 23:30:00+00:00,buy,641.35,637.4,645.3000000000001,645.3000000000001,156.54823966083478,618.3655466603045,62454.920212690755,win,3.9500000000000455,52454.92021269081
2026-01-10 23:40:00+00:00,2026-01-10 23:55:00+00:00,buy,648.29,640.85,655.7299999999999,655.7299999999999,83.9447852321119,624.5492021269075,63079.469414817664,win,7.439999999999941,53079.46941481772
2026-01-11 02:15:00+00:00,2026-01-11 02:35:00+00:00,buy,642.8199999999999,641.2,644.4399999999998,644.4399999999998,389.379440832234,630.7946941481766,63710.26410896584,win,1.6199999999998909,53710.2641089659
2026-01-11 03:05:00+00:00,2026-01-11 03:20:00+00:00,buy,644.62,642.14,647.1,642.14,256.89622624582813,-637.1026410896584,63073.16146787618,loss,-2.480000000000018,53073.16146787624
2026-01-11 04:35:00+00:00,2026-01-11 04:40:00+00:00,buy,642.87,639.9300000000001,645.81,645.81,214.5345628159097,630.7316146787618,63703.89308255495,win,2.939999999999941,53703.893082555005
2026-01-11 05:20:00+00:00,2026-01-11 07:55:00+00:00,buy,646.5899999999999,640.99,652.1899999999998,652.1899999999998,113.7569519331357,637.0389308255495,64340.932013380494,win,5.599999999999909,54340.93201338055
2026-01-11 08:05:00+00:00,2026-01-11 08:40:00+00:00,buy,655.9499999999999,646.0500000000001,665.8499999999998,646.0500000000001,64.99084041755695,-643.409320133805,63697.52269324669,loss,-9.899999999999864,53697.52269324675
2026-01-11 09:55:00+00:00,2026-01-11 12:45:00+00:00,buy,651.6899999999999,646.97,656.4099999999999,656.4099999999999,134.95237858738955,636.975226932467,64334.49792017916,win,4.719999999999914,54334.497920179216
2026-01-11 12:55:00+00:00,2026-01-11 13:10:00+00:00,buy,656.5799999999999,651.0400000000001,662.1199999999998,651.0400000000001,116.12725256350343,-643.3449792017916,63691.152940977365,loss,-5.53999999999985,53691.15294097742
2026-01-11 14:35:00+00:00,2026-01-11 14:40:00+00:00,buy,649.17,647.51,650.8299999999999,650.8299999999999,383.68164422276254,636.9115294097736,64328.06447038714,win,1.6599999999999682,54328.064470387195
2026-01-11 14:50:00+00:00,2026-01-11 18:25:00+00:00,buy,650.97,646.52,655.4200000000001,655.4200000000001,144.55744824805953,643.2806447038715,64971.34511509101,win,4.4500000000000455,54971.34511509107
2026-01-11 18:35:00+00:00,2026-01-11 22:05:00+00:00,buy,655.67,651.9300000000001,659.4099999999999,651.9300000000001,173.72017410452628,-649.7134511509101,64321.631663940105,loss,-3.7399999999998954,54321.63166394016
2026-01-11 22:55:00+00:00,2026-01-11 23:40:00+00:00,buy,654.86,650.64,659.08,650.64,152.42092811360115,-643.216316639401,63678.4153473007,loss,-4.220000000000027,53678.41534730076
2026-01-12 06:55:00+00:00,2026-01-12 07:20:00+00:00,sell,644.6,647.1,642.1,642.1,254.7136613892028,636.784153473007,64315.19950077371,win,-2.5,54315.19950077377
2026-01-12 07:35:00+00:00,2026-01-12 07:50:00+00:00,sell,641.69,644.9,638.4800000000001,638.4800000000001,200.35887694945563,643.1519950077371,64958.35149578145,win,-3.2099999999999227,54958.351495781506
2026-01-12 08:05:00+00:00,2026-01-12 08:20:00+00:00,sell,638.23,642.65,633.8100000000001,633.8100000000001,146.96459614430327,649.5835149578145,65607.93501073927,win,-4.419999999999959,55607.93501073932
2026-01-12 08:30:00+00:00,2026-01-12 09:15:00+00:00,sell,633.32,640.68,625.9600000000002,625.9600000000002,89.1412160472013,656.0793501073927,66264.01436084666,win,-7.3599999999999,56264.01436084671
2026-01-12 09:25:00+00:00,2026-01-12 09:50:00+00:00,sell,625.63,631.35,619.91,619.91,115.84617895252858,662.6401436084666,66926.65450445513,win,-5.720000000000027,56926.654504455175
2026-01-12 12:15:00+00:00,2026-01-12 16:00:00+00:00,sell,623.07,626.48,619.6600000000001,619.6600000000001,196.26584898667377,669.2665450445513,67595.92104949968,win,-3.409999999999968,57595.921049499724
2026-01-12 16:10:00+00:00,2026-01-12 16:20:00+00:00,sell,619.59,624.5,614.6800000000001,614.6800000000001,137.6699003044809,675.9592104949969,68271.88025999468,win,-4.909999999999968,58271.88025999472
2026-01-12 19:10:00+00:00,2026-01-12 22:05:00+00:00,sell,615.72,620.2099999999999,611.2300000000001,620.2099999999999,152.05318543429013,-682.7188025999468,67589.16145739473,loss,4.489999999999895,57589.16145739477
2026-01-12 22:30:00+00:00,2026-01-13 01:25:00+00:00,sell,617.46,620.77,614.1500000000001,620.77,204.1968624090509,-675.8916145739473,66913.26984282078,loss,3.3099999999999454,56913.269842820824
2026-01-13 02:40:00+00:00,2026-01-13 02:50:00+00:00,sell,618.6,620.56,616.6400000000001,620.56,341.3942338919562,-669.1326984282078,66244.13714439257,loss,1.9599999999999227,56244.13714439262
2026-01-13 05:20:00+00:00,2026-01-13 05:25:00+00:00,sell,621.75,623.87,619.63,619.63,312.472345020719,662.4413714439257,66906.5785158365,win,-2.1200000000000045,56906.57851583655
2026-01-13 05:35:00+00:00,2026-01-13 05:50:00+00:00,sell,618.5,623.47,613.53,613.53,134.62088232562604,669.0657851583651,67575.64430099487,win,-4.970000000000027,57575.644300994914
2026-01-13 06:00:00+00:00,2026-01-13 08:05:00+00:00,sell,612.6,619.05,606.1500000000001,606.1500000000001,104.76844077673735,675.7564430099487,68251.40074400482,win,-6.449999999999932,58251.400744004866
2026-01-13 08:45:00+00:00,2026-01-13 10:00:00+00:00,sell,603.95,609.6,598.3000000000001,609.6,120.79893936992052,-682.5140074400482,67568.88673656476,loss,5.649999999999977,57568.88673656482
2026-01-13 10:55:00+00:00,2026-01-13 11:05:00+00:00,sell,607.15,610.0899999999999,604.21,610.0899999999999,229.82614536246982,-675.6888673656476,66893.19786919911,loss,2.939999999999941,56893.19786919917
2026-01-13 12:30:00+00:00,2026-01-13 13:50:00+00:00,sell,609.07,611.93,606.2100000000002,606.2100000000002,233.89230024196314,668.9319786919912,67562.1298478911,win,-2.8599999999999,57562.129847891156
2026-01-13 15:05:00+00:00,2026-01-13 15:30:00+00:00,sell,607.38,609.23,605.53,609.23,365.200701880488,-675.6212984789111,66886.50854941219,loss,1.8500000000000227,56886.50854941225
2026-01-13 15:40:00+00:00,2026-01-13 16:20:00+00:00,sell,607.23,610.3,604.1600000000001,610.3,217.8713633531387,-668.8650854941219,66217.64346391807,loss,3.0699999999999363,56217.643463918124
2026-01-13 17:00:00+00:00,2026-01-13 17:15:00+00:00,sell,607.5,611.3299999999999,603.6700000000001,603.6700000000001,172.89201948804,662.1764346391807,66879.81989855725,win,-3.8299999999999272,56879.8198985573
2026-01-13 19:10:00+00:00,2026-01-14 00:05:00+00:00,sell,610.07,614.11,606.0300000000001,614.11,165.54410865979668,-668.7981989855725,66211.02169957168,loss,4.039999999999964,56211.021699571735
2026-01-14 10:25:00+00:00,2026-01-14 10:40:00+00:00,sell,612.0400000000001,613.91,610.1700000000002,610.1700000000002,354.06963475708847,662.1102169957168,66873.13191656739,win,-1.8699999999998909,56873.13191656745
2026-01-14 10:50:00+00:00,2026-01-15 03:30:00+00:00,sell,599.13,613.27,584.99,584.99,47.293586928265526,668.7313191656739,67541.86323573306,win,-14.139999999999986,57541.86323573312
2026-01-15 09:15:00+00:00,2026-01-15 09:40:00+00:00,buy,609.9599999999999,607.2,612.7199999999998,612.7199999999998,244.71689578165245,675.4186323573307,68217.2818680904,win,2.759999999999877,58217.28186809045
2026-01-15 10:55:00+00:00,2026-01-15 11:35:00+00:00,buy,611.88,608.8000000000001,614.9599999999999,614.9599999999999,221.48468138990913,682.172818680904,68899.4546867713,win,3.0799999999999272,58899.45468677136
2026-01-15 11:45:00+00:00,2026-01-15 11:50:00+00:00,buy,617.76,610.8100000000001,624.7099999999999,624.7099999999999,99.13590602413235,688.9945468677131,69588.44923363902,win,6.949999999999932,59588.44923363907
2026-01-15 12:50:00+00:00,2026-01-15 15:20:00+00:00,buy,626.5,612.85,640.15,612.85,50.980548889112924,-695.8844923363903,68892.56474130263,loss,-13.649999999999977,58892.56474130268
2026-01-15 18:05:00+00:00,2026-01-15 18:25:00+00:00,sell,594.78,599.0899999999999,590.47,590.47,159.84353768283876,688.9256474130264,69581.49038871565,win,-4.309999999999945,59581.490388715705
2026-01-15 18:35:00+00:00,2026-01-15 19:20:00+00:00,sell,589.64,596.8399999999999,582.44,582.44,96.6409588732171,695.8149038871566,70277.30529260282,win,-7.199999999999932,60277.30529260286
2026-01-15 20:35:00+00:00,2026-01-15 20:55:00+00:00,sell,581.88,586.9499999999999,576.8100000000001,576.8100000000001,138.61401438383373,702.7730529260282,70980.07834552885,win,-5.069999999999936,60980.07834552889
2026-01-15 21:05:00+00:00,2026-01-15 23:05:00+00:00,sell,576.47,582.17,570.7700000000001,582.17,124.5264532377714,-709.8007834552885,70270.27756207356,loss,5.699999999999932,60270.2775620736
2026-01-16 00:40:00+00:00,2026-01-16 01:10:00+00:00,sell,582.51,585.17,579.85,585.17,264.1739757972722,-702.7027756207356,69567.57478645282,loss,2.659999999999968,59567.57478645286
2026-01-16 02:25:00+00:00,2026-01-16 04:50:00+00:00,sell,588.39,592.16,584.62,592.16,184.5293760913877,-695.6757478645283,68871.8990385883,loss,3.769999999999982,58871.89903858833
2026-01-16 06:30:00+00:00,2026-01-16 07:25:00+00:00,sell,590.95,593.0799999999999,588.8200000000002,593.0799999999999,323.3422490074748,-688.718990385883,68183.18004820241,loss,2.1299999999998818,58183.18004820245
2026-01-16 14:05:00+00:00,2026-01-16 15:25:00+00:00,buy,598.5899999999999,597.38,599.7999999999998,599.7999999999998,563.4973557703039,681.8318004820242,68865.01184868443,win,1.2099999999999227,58865.01184868447
2026-01-16 16:40:00+00:00,2026-01-16 17:05:00+00:00,buy,598.03,597.08,598.9799999999999,598.9799999999999,724.8948615651514,688.6501184868443,69553.66196717127,win,0.9499999999999318,59553.66196717132
2026-01-16 17:50:00+00:00,2026-01-16 18:00:00+00:00,buy,599.01,597.2,600.8199999999999,597.2,384.27437550924515,-695.5366196717127,68858.12534749956,loss,-1.8099999999999454,58858.125347499605
2026-01-16 18:10:00+00:00,2026-01-16 18:20:00+00:00,buy,599.5799999999999,596.32,602.8399999999998,602.8399999999998,211.22124339724587,688.5812534749956,69546.70660097456,win,3.259999999999877,59546.7066009746
2026-01-16 18:35:00+00:00,2026-01-16 21:15:00+00:00,buy,603.35,597.15,609.5500000000001,597.15,112.1721074209259,-695.4670660097456,68851.23953496481,loss,-6.2000000000000455,58851.23953496485
2026-01-16 22:30:00+00:00,2026-01-16 23:10:00+00:00,buy,599.8199999999999,597.22,602.4199999999998,597.22,264.81245974987394,-688.5123953496482,68162.72713961516,loss,-2.599999999999909,58162.7271396152
2026-01-17 00:05:00+00:00,2026-01-17 00:55:00+00:00,buy,598.67,596.5600000000001,600.7799999999999,600.7799999999999,323.0461001877649,681.6272713961516,68844.35441101131,win,2.1099999999999,58844.35441101135
2026-01-17 02:15:00+00:00,2026-01-17 02:20:00+00:00,buy,599.16,597.6800000000001,600.6399999999999,600.6399999999999,465.16455683118755,688.4435441101132,69532.79795512142,win,1.4799999999999045,59532.79795512147
2026-01-17 04:40:00+00:00,2026-01-17 05:55:00+00:00,buy,598.52,597.7900000000001,599.2499999999999,597.7900000000001,952.5040815771305,-695.3279795512143,68837.4699755702,loss,-0.7299999999999045,58837.46997557025
2026-01-17 06:05:00+00:00,2026-01-17 06:25:00+00:00,sell,594.64,598.3,590.98,590.98,188.08051905893663,688.3746997557021,69525.8446753259,win,-3.659999999999968,59525.844675325956
2026-01-17 06:35:00+00:00,2026-01-17 07:50:00+00:00,sell,588.97,593.43,584.5100000000001,593.43,155.8875441150832,-695.2584467532589,68830.58622857265,loss,4.459999999999923,58830.5862285727
2026-01-17 09:05:00+00:00,2026-01-17 10:40:00+00:00,sell,591.98,593.22,590.74,590.74,555.0853728110657,688.3058622857264,69518.89209085837,win,-1.240000000000009,59518.892090858426
2026-01-17 10:50:00+00:00,2026-01-17 10:55:00+00:00,sell,590.58,592.72,588.44,592.72,324.8546359385926,-695.1889209085837,68823.70316994979,loss,2.1399999999999864,58823.70316994984
2026-01-17 12:30:00+00:00,2026-01-17 12:35:00+00:00,sell,594.6700000000001,595.79,593.5500000000002,593.5500000000002,614.4973497317545,688.237031699498,69511.94020164928,win,-1.1199999999998909,59511.94020164934
2026-01-17 12:50:00+00:00,2026-01-17 14:05:00+00:00,sell,593.34,595.9499999999999,590.7300000000001,595.9499999999999,266.32927280326413,-695.1194020164927,68816.82079963278,loss,2.6099999999999,58816.82079963285
2026-01-17 18:05:00+00:00,2026-01-17 18:20:00+00:00,sell,595.45,597.0,593.9000000000001,593.9000000000001,443.97948902990197,688.1682079963279,69504.9890076291,win,-1.5499999999999545,59504.98900762918
2026-01-17 18:35:00+00:00,2026-01-18 16:55:00+00:00,sell,592.26,596.6999999999999,587.82,587.82,156.54276803520276,695.0498900762909,70200.0388977054,win,-4.439999999999941,60200.03889770547
2026-01-18 17:10:00+00:00,2026-01-18 17:40:00+00:00,sell,587.45,590.22,584.6800000000001,590.22,253.42974331301752,-702.000388977054,69498.03850872834,loss,2.769999999999982,59498.038508728416
2026-01-18 18:55:00+00:00,2026-01-18 20:25:00+00:00,sell,589.97,592.0799999999999,587.8600000000001,592.0799999999999,329.3745900887755,-694.9803850872834,68803.05812364105,loss,2.1099999999999,58803.05812364113
2026-01-18 21:45:00+00:00,2026-01-19 00:35:00+00:00,sell,591.7900000000001,593.23,590.3500000000001,593.23,477.79901474752694,-688.0305812364105,68115.02754240464,loss,1.4399999999999409,58115.02754240472
2026-01-19 01:00:00+00:00,2026-01-19 01:45:00+00:00,buy,598.91,591.4,606.42,591.4,90.69910458376128,-681.1502754240464,67433.87726698059,loss,-7.509999999999991,57433.87726698068
2026-01-19 02:05:00+00:00,2026-01-19 02:10:00+00:00,sell,589.0,594.9599999999999,583.0400000000001,583.0400000000001,113.14408937412999,674.338772669806,68108.2160396504,win,-5.959999999999923,58108.216039650484
2026-01-19 03:40:00+00:00,2026-01-19 03:50:00+00:00,sell,583.25,586.14,580.36,580.36,235.6685676112482,681.082160396504,68789.2982000469,win,-2.8899999999999864,58789.298200046986
2026-01-19 05:20:00+00:00,2026-01-19 05:50:00+00:00,sell,587.1,588.8199999999999,585.3800000000001,588.8199999999999,399.9377802328509,-687.892982000469,68101.40521804644,loss,1.7199999999999136,58101.405218046515
2026-01-19 06:20:00+00:00,2026-01-19 07:30:00+00:00,sell,587.23,588.91,585.5500000000001,588.91,405.36550725028843,-681.0140521804643,67420.39116586596,loss,1.67999999999995,57420.39116586605
2026-01-19 08:15:00+00:00,2026-01-19 08:25:00+00:00,sell,587.01,589.0799999999999,584.94,589.0799999999999,325.7023727819712,-674.2039116586596,66746.18725420731,loss,2.0699999999999363,56746.18725420739
2026-01-19 09:10:00+00:00,2026-01-19 09:55:00+00:00,sell,586.86,589.28,584.44,589.28,275.81069113309275,-667.4618725420731,66078.72538166524,loss,2.419999999999959,56078.72538166532
2026-01-19 11:00:00+00:00,2026-01-19 16:55:00+00:00,sell,587.1800000000001,589.75,584.6100000000001,589.75,257.1156629636844,-660.7872538166524,65417.93812784858,loss,2.5699999999999363,55417.93812784866
2026-01-19 19:05:00+00:00,2026-01-20 00:10:00+00:00,sell,588.62,590.2099999999999,587.0300000000001,587.0300000000001,411.4335731311443,654.1793812784858,66072.11750912707,win,-1.5899999999999181,56072.11750912715
2026-01-20 00:30:00+00:00,2026-01-20 00:40:00+00:00,sell,584.87,588.3,581.44,581.44,192.63008020153947,660.7211750912708,66732.83868421834,win,-3.42999999999995,56732.83868421842
2026-01-20 01:05:00+00:00,2026-01-20 11:50:00+00:00,sell,578.72,586.87,570.57,570.57,81.88078366161781,667.3283868421834,67400.16707106052,win,-8.149999999999977,57400.167071060605
2026-01-20 14:15:00+00:00,2026-01-20 14:20:00+00:00,sell,574.52,576.52,572.52,572.52,337.0008353553026,674.0016707106053,68074.16874177114,win,-2.0,58074.16874177121
2026-01-20 14:30:00+00:00,2026-01-20 15:50:00+00:00,sell,571.8100000000001,577.03,566.5900000000001,566.5900000000001,130.41028494592388,680.7416874177113,68754.91042918885,win,-5.219999999999914,58754.91042918892
2026-01-20 16:15:00+00:00,2026-01-20 16:30:00+00:00,sell,566.4100000000001,569.5,563.3200000000002,569.5,222.50780074171738,-687.5491042918885,68067.36132489696,loss,3.089999999999918,58067.361324897036
2026-01-20 17:50:00+00:00,2026-01-21 00:30:00+00:00,sell,568.1,571.26,564.94,564.94,215.40304216739764,680.6736132489697,68748.03493814594,win,-3.159999999999968,58748.034938146004
2026-01-21 01:50:00+00:00,2026-01-21 02:05:00+00:00,sell,570.4100000000001,572.55,568.2700000000002,572.55,321.25249971098145,-687.4803493814594,68060.55458876448,loss,2.1399999999998727,58060.55458876454
2026-01-21 05:15:00+00:00,2026-01-21 05:20:00+00:00,buy,588.14,586.49,589.79,586.49,412.48820962888135,-680.6055458876449,67379.94904287683,loss,-1.6499999999999773,57379.9490428769
2026-01-21 05:35:00+00:00,2026-01-21 07:35:00+00:00,buy,588.4399999999999,583.61,593.2699999999999,593.2699999999999,139.503000088774,673.7994904287683,68053.7485333056,win,4.829999999999927,58053.74853330567
2026-01-21 07:45:00+00:00,2026-01-21 08:40:00+00:00,buy,593.67,589.1800000000001,598.1599999999999,589.1800000000001,151.56736867106278,-680.537485333056,67373.21104797254,loss,-4.489999999999895,57373.21104797261
2026-01-21 10:15:00+00:00,2026-01-21 14:10:00+00:00,buy,591.81,587.02,596.5999999999999,587.02,140.65388527760553,-673.7321104797253,66699.47893749281,loss,-4.789999999999964,56699.47893749289
2026-01-21 16:05:00+00:00,2026-01-21 16:30:00+00:00,buy,585.4499999999999,581.0500000000001,589.8499999999998,589.8499999999998,151.5897248579429,666.9947893749281,67366.47372686774,win,4.399999999999864,57366.473726867815
2026-01-21 17:10:00+00:00,2026-01-21 18:05:00+00:00,buy,590.42,586.7900000000001,594.0499999999998,586.7900000000001,185.5825722503304,-673.6647372686774,66692.80898959907,loss,-3.6299999999998818,56692.808989599136
2026-01-21 23:05:00+00:00,2026-01-22 00:25:00+00:00,buy,588.52,585.76,591.28,585.76,241.64061228115688,-666.9280898959908,66025.88089970309,loss,-2.759999999999991,56025.880899703145
2026-01-22 02:15:00+00:00,2026-01-22 03:20:00+00:00,buy,585.36,581.82,588.9,588.9,186.51378785227053,660.2588089970309,66686.13970870012,win,3.5399999999999636,56686.139708700175
2026-01-22 03:30:00+00:00,2026-01-22 04:10:00+00:00,buy,589.81,585.6,594.0199999999999,594.0199999999999,158.39938173088206,666.8613970870013,67353.00110578713,win,4.209999999999923,57353.001105787174
2026-01-22 04:25:00+00:00,2026-01-22 06:55:00+00:00,buy,594.0799999999999,589.48,598.6799999999998,589.48,146.41956762127927,-673.5300110578713,66679.47109472926,loss,-4.599999999999909,56679.471094729306
2026-01-22 08:10:00+00:00,2026-01-22 08:15:00+00:00,buy,589.8399999999999,588.45,591.2299999999998,591.2299999999998,479.7084251419811,666.7947109472926,67346.26580567655,win,1.3899999999998727,57346.2658056766
2026-01-22 08:25:00+00:00,2026-01-22 09:35:00+00:00,buy,592.43,588.65,596.2099999999999,596.2099999999999,178.16472435364295,673.4626580567655,68019.72846373332,win,3.7799999999999727,58019.728463733365
2026-01-22 10:55:00+00:00,2026-01-22 11:10:00+00:00,buy,594.3299999999999,593.0600000000001,595.5999999999998,595.5999999999998,535.588413100318,680.1972846373333,68699.92574837066,win,1.2699999999998681,58699.9257483707
2026-01-22 11:30:00+00:00,2026-01-22 13:55:00+00:00,buy,596.43,593.07,599.7899999999998,593.07,204.46406472729973,-686.9992574837066,68012.92649088695,loss,-3.3599999999999,58012.92649088699
2026-01-22 15:20:00+00:00,2026-01-22 15:40:00+00:00,buy,595.0799999999999,593.0,597.1599999999999,593.0,326.985223513891,-680.1292649088696,67332.79722597808,loss,-2.0799999999999272,57332.797225978116
2026-01-22 17:45:00+00:00,2026-01-22 19:45:00+00:00,buy,592.56,589.4200000000001,595.6999999999998,595.6999999999998,214.43565995535292,673.3279722597808,68006.12519823786,win,3.1399999999998727,58006.125198237896
2026-01-22 19:55:00+00:00,2026-01-22 21:30:00+00:00,buy,596.6,592.95,600.25,600.25,186.31815122805008,680.0612519823786,68686.18645022024,win,3.6499999999999773,58686.18645022027
2026-01-22 21:40:00+00:00,2026-01-22 22:25:00+00:00,buy,600.6,597.0400000000001,604.16,597.0400000000001,192.93872598376765,-686.8618645022024,67999.32458571803,loss,-3.5599999999999454,57999.324585718074
2026-01-23 00:45:00+00:00,2026-01-23 02:15:00+00:00,buy,595.3299999999999,592.72,597.9399999999998,597.9399999999998,260.53381067325915,679.9932458571803,68679.31783157522,win,2.6099999999999,58679.31783157525
2026-01-23 02:30:00+00:00,2026-01-23 04:15:00+00:00,buy,598.11,594.9100000000001,601.31,594.9100000000001,214.6228682236771,-686.7931783157521,67992.52465325946,loss,-3.199999999999932,57992.5246532595
2026-01-23 05:05:00+00:00,2026-01-23 07:25:00+00:00,buy,595.41,593.4,597.42,593.4,338.27126693164064,-679.9252465325947,67312.59940672686,loss,-2.009999999999991,57312.599406726906
2026-01-23 12:05:00+00:00,2026-01-23 13:15:00+00:00,sell,590.82,593.29,588.3500000000001,593.29,272.52064537137335,-673.1259940672686,66639.47341265959,loss,2.4699999999999136,56639.47341265964
2026-01-23 16:35:00+00:00,2026-01-23 17:05:00+00:00,sell,592.9300000000001,595.3199999999999,590.5400000000002,590.5400000000002,278.82624858854865,666.3947341265957,67305.86814678618,win,-2.3899999999998727,57305.86814678623
2026-01-23 17:15:00+00:00,2026-01-23 18:40:00+00:00,sell,590.11,593.78,586.44,593.78,183.39473609478728,-673.0586814678618,66632.8094653183,loss,3.669999999999959,56632.80946531837
2026-01-23 21:05:00+00:00,2026-01-23 21:15:00+00:00,sell,593.44,595.17,591.7100000000002,591.7100000000002,385.1607483544623,666.328094653183,67299.1375599715,win,-1.7299999999999045,57299.137559971554
2026-01-23 21:30:00+00:00,2026-01-23 22:30:00+00:00,sell,590.8100000000001,595.11,586.5100000000001,586.5100000000001,156.5096222324935,672.991375599715,67972.1289355712,win,-4.2999999999999545,57972.128935571265
2026-01-23 22:40:00+00:00,2026-01-23 23:20:00+00:00,sell,585.01,589.23,580.79,589.23,161.07139558192125,-679.7212893557121,67292.40764621549,loss,4.220000000000027,57292.40764621555
2026-01-24 03:05:00+00:00,2026-01-24 03:40:00+00:00,sell,592.98,595.14,590.82,590.82,311.5389242880393,672.924076462155,67965.33172267764,win,-2.159999999999968,57965.33172267771
2026-01-24 05:00:00+00:00,2026-01-24 05:05:00+00:00,sell,591.35,592.2099999999999,590.4900000000001,592.2099999999999,790.2945549149482,-679.6533172267764,67285.67840545086,loss,0.8599999999999,57285.67840545093
2026-01-24 08:05:00+00:00,2026-01-24 10:30:00+00:00,sell,590.96,593.4599999999999,588.4600000000002,593.4599999999999,269.1427136218157,-672.8567840545086,66612.82162139635,loss,2.4999999999998863,56612.821621396426
2026-01-24 12:10:00+00:00,2026-01-24 12:50:00+00:00,buy,593.9599999999999,592.71,595.2099999999998,595.2099999999998,532.9025729712192,666.1282162139635,67278.94983761031,win,1.2499999999998863,57278.94983761039
2026-01-24 13:00:00+00:00,2026-01-24 13:15:00+00:00,buy,595.31,594.03,596.5899999999999,596.5899999999999,525.6167956063418,672.7894983761032,67951.73933598642,win,1.2799999999999727,57951.73933598649
2026-01-24 13:25:00+00:00,2026-01-24 14:50:00+00:00,buy,596.73,594.71,598.75,594.71,336.3947491880547,-679.5173933598643,67272.22194262655,loss,-2.019999999999982,57272.221942626624
2026-01-24 17:10:00+00:00,2026-01-24 17:35:00+00:00,buy,595.78,594.57,596.9899999999999,594.57,555.9687763853789,-672.7222194262655,66599.49972320028,loss,-1.2099999999999227,56599.49972320036
2026-01-24 20:05:00+00:00,2026-01-24 20:40:00+00:00,buy,592.85,591.6600000000001,594.04,594.04,559.6596615395259,665.9949972320028,67265.49472043228,win,1.1899999999999409,57265.49472043236
2026-01-24 20:50:00+00:00,2026-01-24 21:25:00+00:00,buy,594.13,592.44,595.8199999999999,592.44,398.0206788191399,-672.6549472043229,66592.83977322796,loss,-1.6899999999999409,56592.839773228035
2026-01-25 01:55:00+00:00,2026-01-25 02:20:00+00:00,sell,591.97,593.2099999999999,590.7300000000001,593.2099999999999,537.039030429303,-665.9283977322796,65926.91137549568,loss,1.2399999999998954,55926.91137549576
2026-01-25 03:35:00+00:00,2026-01-25 04:15:00+00:00,sell,591.9,593.41,590.39,590.39,436.602062089378,659.2691137549568,66586.18048925063,win,-1.509999999999991,56586.18048925071
2026-01-25 05:30:00+00:00,2026-01-25 06:20:00+00:00,sell,590.5500000000001,591.81,589.2900000000002,589.2900000000002,528.4617499147391,665.8618048925064,67252.04229414315,win,-1.2599999999998772,57252.04229414322
2026-01-25 07:35:00+00:00,2026-01-25 07:55:00+00:00,sell,589.82,591.02,588.6200000000001,591.02,560.4336857845581,-672.5204229414314,66579.52187120171,loss,1.1999999999999318,56579.52187120179
2026-01-25 09:10:00+00:00,2026-01-25 10:35:00+00:00,sell,590.74,592.5899999999999,588.8900000000001,588.8900000000001,359.8893074119188,665.7952187120171,67245.31708991372,win,-1.849999999999909,57245.317089913806
2026-01-25 10:45:00+00:00,2026-01-25 13:00:00+00:00,sell,588.6700000000001,591.1,586.2400000000001,586.2400000000001,276.7296999584984,672.4531708991371,67917.77026081286,win,-2.42999999999995,57917.77026081294
2026-01-25 13:35:00+00:00,2026-01-25 14:15:00+00:00,sell,586.0,588.12,583.88,583.88,320.36684085289016,679.1777026081286,68596.94796342099,win,-2.1200000000000045,58596.947963421066
2026-01-25 14:50:00+00:00,2026-01-25 16:45:00+00:00,sell,583.85,585.87,581.83,581.83,339.58885130406736,685.9694796342098,69282.9174430552,win,-2.019999999999982,59282.917443055274
2026-01-25 16:55:00+00:00,2026-01-25 18:15:00+00:00,sell,580.6800000000001,584.43,576.9300000000002,576.9300000000002,184.75444651481945,692.8291744305519,69975.74661748574,win,-3.7499999999998863,59975.74661748583
2026-01-25 18:40:00+00:00,2026-01-25 21:20:00+00:00,sell,575.03,580.91,569.15,569.15,119.00637179844523,699.7574661748574,70675.50408366059,win,-5.8799999999999955,60675.504083660686
2026-01-25 21:30:00+00:00,2026-01-25 22:30:00+00:00,sell,568.98,573.62,564.34,564.34,152.31789673202758,706.7550408366059,71382.2591244972,win,-4.639999999999986,61382.259124497294
2026-01-25 22:45:00+00:00,2026-01-25 23:15:00+00:00,sell,564.02,569.22,558.8199999999999,569.22,137.2735752394165,-713.8225912449719,70668.43653325223,loss,5.2000000000000455,60668.43653325232
2026-01-25 23:35:00+00:00,2026-01-26 01:45:00+00:00,sell,565.24,569.47,561.01,569.47,167.0648617807374,-706.6843653325222,69961.75216791971,loss,4.230000000000018,59961.7521679198
2026-01-26 04:05:00+00:00,2026-01-26 05:30:00+00:00,sell,576.9300000000001,580.63,573.2300000000001,573.2300000000001,189.08581667005677,699.6175216791971,70661.36968959891,win,-3.699999999999932,60661.369689599
2026-01-26 05:40:00+00:00,2026-01-26 06:20:00+00:00,sell,572.1800000000001,576.8299999999999,567.5300000000002,576.8299999999999,151.95993481634622,-706.6136968959892,69954.75599270292,loss,4.649999999999864,59954.75599270301
2026-01-26 11:05:00+00:00,2026-01-26 11:15:00+00:00,sell,577.5,580.29,574.71,574.71,250.73389244696716,699.5475599270293,70654.30355262995,win,-2.7899999999999636,60654.30355263004
2026-01-26 11:25:00+00:00,2026-01-26 16:35:00+00:00,sell,574.35,578.56,570.1400000000001,578.56,167.82494905613123,-706.5430355262995,69947.76051710366,loss,4.209999999999923,59947.760517103736
2026-01-26 17:40:00+00:00,2026-01-26 18:15:00+00:00,sell,576.03,579.29,572.77,572.77,214.56368256780323,699.4776051710365,70647.23812227469,win,-3.259999999999991,60647.23812227477
2026-01-26 19:30:00+00:00,2026-01-26 20:10:00+00:00,sell,572.7900000000001,576.4599999999999,569.1200000000002,576.4599999999999,192.49928643672388,-706.4723812227469,69940.76574105195,loss,3.6699999999998454,59940.765741052026
2026-01-26 22:15:00+00:00,2026-01-27 01:30:00+00:00,sell,574.83,578.62,571.0400000000001,578.62,184.54027900013884,-699.4076574105195,69241.35808364143,loss,3.7899999999999636,59241.358083641506
2026-01-27 03:30:00+00:00,2026-01-27 04:40:00+00:00,buy,578.4499999999999,575.74,581.1599999999999,581.1599999999999,255.50316636030777,692.4135808364143,69933.77166447784,win,2.7099999999999227,59933.77166447792
2026-01-27 04:50:00+00:00,2026-01-27 22:05:00+00:00,buy,586.25,577.74,594.76,594.76,82.17834508164268,699.3377166447784,70633.10938112262,win,8.509999999999991,60633.1093811227
2026-01-27 22:15:00+00:00,2026-01-27 22:20:00+00:00,buy,594.92,593.0400000000001,596.7999999999998,596.7999999999998,375.7080286230163,706.3310938112262,71339.44047493384,win,1.8799999999998818,61339.44047493392
2026-01-27 23:00:00+00:00,2026-01-28 04:45:00+00:00,buy,597.78,593.0400000000001,602.5199999999999,593.0400000000001,150.50514868129835,-713.3944047493385,70626.0460701845,loss,-4.739999999999895,60626.04607018459
2026-01-28 05:45:00+00:00,2026-01-28 07:15:00+00:00,buy,596.77,592.9100000000001,600.6299999999999,592.9100000000001,182.96903126991276,-706.260460701845,69919.78560948266,loss,-3.8599999999999,59919.785609482744
2026-01-28 08:10:00+00:00,2026-01-28 09:40:00+00:00,buy,592.78,590.5500000000001,595.0099999999999,590.5500000000001,313.54163950441995,-699.1978560948265,69220.58775338782,loss,-2.2299999999999045,59220.58775338792
2026-01-28 13:40:00+00:00,2026-01-28 13:45:00+00:00,buy,593.7099999999999,592.46,594.9599999999998,592.46,553.764702027153,-692.2058775338783,68528.38187585394,loss,-1.2499999999998863,58528.38187585404
2026-01-28 13:55:00+00:00,2026-01-28 14:20:00+00:00,buy,594.38,592.39,596.37,592.39,344.36372801936494,-685.2838187585394,67843.0980570954,loss,-1.990000000000009,57843.0980570955
2026-01-28 15:05:00+00:00,2026-01-28 16:30:00+00:00,buy,595.52,592.33,598.7099999999999,592.33,212.67428858024033,-678.430980570954,67164.66707652445,loss,-3.189999999999941,57164.66707652454
2026-01-28 20:50:00+00:00,2026-01-29 04:30:00+00:00,sell,588.4100000000001,593.38,583.4400000000002,583.4400000000002,135.1401752042769,671.6466707652445,67836.31374728969,win,-4.969999999999914,57836.31374728979
2026-01-29 04:45:00+00:00,2026-01-29 12:00:00+00:00,sell,581.0600000000001,586.37,575.7500000000001,575.7500000000001,127.75200329056571,678.3631374728969,68514.6768847626,win,-5.309999999999945,58514.67688476268
2026-01-29 13:15:00+00:00,2026-01-29 13:45:00+00:00,sell,576.23,578.25,574.21,574.21,339.18156873645154,685.1467688476259,69199.82365361022,win,-2.019999999999982,59199.82365361031
2026-01-29 14:00:00+00:00,2026-01-29 14:50:00+00:00,sell,574.01,576.25,571.77,571.77,308.9277841679015,691.9982365361022,69891.82189014633,win,-2.240000000000009,59891.821890146406
2026-01-29 16:25:00+00:00,2026-01-29 16:30:00+00:00,sell,572.2,573.77,570.6300000000001,570.6300000000001,445.1708400646444,698.9182189014633,70590.7401090478,win,-1.5699999999999363,60590.74010904787
2026-01-29 16:40:00+00:00,2026-01-29 16:55:00+00:00,sell,570.35,574.72,565.98,565.98,161.53487439141355,705.907401090478,71296.64751013827,win,-4.3700000000000045,61296.64751013835
2026-01-29 17:05:00+00:00,2026-01-29 17:10:00+00:00,sell,563.9100000000001,571.15,556.6700000000002,556.6700000000002,98.4760324725681,712.9664751013827,72009.61398523964,win,-7.239999999999895,62009.61398523973
2026-01-29 17:20:00+00:00,2026-01-30 03:40:00+00:00,sell,553.1,568.79,537.4100000000001,537.4100000000001,45.89522879875075,720.0961398523965,72729.71012509204,win,-15.68999999999994,62729.710125092126
2026-01-30 04:25:00+00:00,2026-01-30 13:50:00+00:00,sell,532.86,549.9,515.82,549.9,42.68175476824659,-727.2971012509204,72002.41302384112,loss,17.039999999999964,62002.4130238412
2026-01-30 15:05:00+00:00,2026-01-30 15:30:00+00:00,sell,546.37,548.9599999999999,543.7800000000001,548.9599999999999,278.001594686654,-720.0241302384111,71282.3888936027,loss,2.589999999999918,61282.388893602794
2026-01-31 05:25:00+00:00,2026-01-31 05:45:00+00:00,sell,548.1,550.16,546.0400000000001,546.0400000000001,346.03101404662425,712.8238889360271,71995.21278253873,win,-2.0599999999999454,61995.21278253882
2026-01-31 07:00:00+00:00,2026-01-31 07:50:00+00:00,sell,545.87,547.5899999999999,544.1500000000001,544.1500000000001,418.57681850315316,719.9521278253873,72715.16491036411,win,-1.7199999999999136,62715.16491036421
2026-01-31 08:00:00+00:00,2026-01-31 08:20:00+00:00,sell,543.97,545.0799999999999,542.8600000000001,542.8600000000001,655.0915757691051,727.1516491036411,73442.31655946776,win,-1.1099999999999,63442.31655946785
2026-01-31 08:30:00+00:00,2026-01-31 08:35:00+00:00,sell,542.74,544.31,541.1700000000001,541.1700000000001,467.7854557928072,734.4231655946776,74176.73972506243,win,-1.5699999999999363,64176.73972506253
2026-01-31 09:30:00+00:00,2026-01-31 10:10:00+00:00,sell,539.76,543.67,535.85,535.85,189.71033177765486,741.7673972506244,74918.50712231307,win,-3.909999999999968,64918.50712231315
2026-01-31 10:25:00+00:00,2026-01-31 15:10:00+00:00,sell,535.5600000000001,540.77,530.3500000000001,530.3500000000001,143.79751846893316,749.1850712231306,75667.69219353619,win,-5.209999999999923,65667.69219353628
2026-01-31 15:20:00+00:00,2026-01-31 15:30:00+00:00,sell,529.97,532.66,527.2800000000001,527.2800000000001,281.2925360354567,756.6769219353619,76424.36911547155,win,-2.689999999999941,66424.36911547164
2026-01-31 16:05:00+00:00,2026-01-31 16:25:00+00:00,sell,526.87,531.52,522.22,522.22,164.35348196875682,764.2436911547155,77188.61280662626,win,-4.649999999999977,67188.61280662635
2026-01-31 16:35:00+00:00,2026-01-31 18:55:00+00:00,sell,518.0,529.27,506.73,506.73,68.49033966870131,771.8861280662625,77960.49893469253,win,-11.269999999999982,67960.49893469262
2026-01-31 19:05:00+00:00,2026-01-31 19:10:00+00:00,sell,506.52000000000004,515.87,497.1700000000001,497.1700000000001,83.38021276437735,779.6049893469253,78740.10392403946,win,-9.349999999999966,68740.10392403955
2026-01-31 20:25:00+00:00,2026-01-31 20:40:00+00:00,sell,482.63000000000005,488.28999999999996,476.97000000000014,476.97000000000014,139.11679138523093,787.4010392403947,79527.50496327986,win,-5.659999999999911,69527.50496327995
2026-01-31 22:25:00+00:00,2026-01-31 23:35:00+00:00,sell,481.84000000000003,489.11999999999995,474.5600000000001,489.11999999999995,109.2410782462648,-795.2750496327986,78732.22991364707,loss,7.279999999999916,68732.22991364716
2026-02-01 03:05:00+00:00,2026-02-01 03:25:00+00:00,sell,508.88000000000005,512.8199999999999,504.94000000000017,512.8199999999999,199.82799470469388,-787.3222991364707,77944.9076145106,loss,3.939999999999884,67944.90761451068
2026-02-01 11:05:00+00:00,2026-02-01 11:15:00+00:00,buy,528.88,525.96,531.8,525.96,266.9346151181907,-779.449076145106,77165.45853836549,loss,-2.919999999999959,67165.45853836558
2026-02-01 12:00:00+00:00,2026-02-01 12:35:00+00:00,buy,529.13,525.74,532.52,525.74,227.62672135211153,-771.654585383655,76393.80395298183,loss,-3.3899999999999864,66393.80395298192
2026-02-01 13:30:00+00:00,2026-02-01 15:10:00+00:00,buy,530.8199999999999,525.1800000000001,536.4599999999998,536.4599999999998,135.4500070088361,763.9380395298184,77157.74199251166,win,5.639999999999873,67157.74199251174
2026-02-01 16:50:00+00:00,2026-02-01 17:00:00+00:00,buy,532.8199999999999,527.97,537.6699999999998,527.97,159.08812781961464,-771.5774199251165,76386.16457258654,loss,-4.849999999999909,66386.16457258663
2026-02-01 20:05:00+00:00,2026-02-01 20:10:00+00:00,buy,522.15,515.94,528.3599999999999,528.3599999999999,123.00509593009258,763.8616457258654,77150.0262183124,win,6.209999999999923,67150.02621831249
2026-02-01 23:05:00+00:00,2026-02-02 01:05:00+00:00,sell,519.08,524.81,513.3500000000001,513.3500000000001,134.6422796131129,771.500262183124,77921.52648049552,win,-5.7299999999999045,67921.52648049561
2026-02-02 04:30:00+00:00,2026-02-02 05:05:00+00:00,sell,514.82,519.31,510.33000000000015,510.33000000000015,173.54460240645287,779.2152648049553,78700.74174530047,win,-4.489999999999895,68700.74174530056
2026-02-02 05:15:00+00:00,2026-02-02 05:20:00+00:00,sell,510.24,515.5699999999999,504.9100000000001,504.9100000000001,147.65617588236688,787.0074174530047,79487.74916275348,win,-5.329999999999927,69487.74916275356
2026-02-02 05:30:00+00:00,2026-02-02 06:25:00+00:00,sell,499.02000000000004,512.65,485.3900000000001,512.65,58.31823122725887,-794.8774916275348,78692.87167112595,loss,13.629999999999939,68692.87167112603
2026-02-02 07:15:00+00:00,2026-02-02 09:45:00+00:00,sell,502.79,514.0699999999999,491.5100000000001,514.0699999999999,69.76318410560863,-786.9287167112594,77905.94295441468,loss,11.279999999999916,67905.94295441477
2026-02-02 15:20:00+00:00,2026-02-02 15:25:00+00:00,buy,523.86,521.45,526.27,526.27,323.2611740847125,779.0594295441468,78685.00238395882,win,2.409999999999968,68685.00238395891
2026-02-02 16:40:00+00:00,2026-02-02 17:35:00+00:00,buy,530.85,524.9100000000001,536.79,536.79,132.46633397973,786.8500238395883,79471.85240779842,win,5.939999999999941,69471.8524077985
2026-02-02 17:45:00+00:00,2026-02-03 03:15:00+00:00,buy,538.4399999999999,530.87,546.0099999999999,530.87,104.98263197859853,-794.7185240779842,78677.13388372044,loss,-7.569999999999936,68677.13388372053
2026-02-03 05:40:00+00:00,2026-02-03 07:40:00+00:00,buy,529.23,524.35,534.11,524.35,161.223635007624,-786.7713388372044,77890.36254488323,loss,-4.8799999999999955,67890.36254488332
2026-02-03 16:20:00+00:00,2026-02-03 16:30:00+00:00,sell,524.72,526.92,522.5200000000001,522.5200000000001,354.04710247675297,778.9036254488324,78669.26617033206,win,-2.199999999999932,68669.26617033215
2026-02-03 16:40:00+00:00,2026-02-03 17:25:00+00:00,sell,521.88,525.92,517.84,525.92,194.72590636220983,-786.6926617033206,77882.57350862875,loss,4.039999999999964,67882.57350862883
2026-02-03 18:30:00+00:00,2026-02-03 20:00:00+00:00,sell,523.75,531.01,516.49,516.49,107.27627205045296,778.8257350862875,78661.39924371503,win,-7.259999999999991,68661.39924371512
2026-02-03 20:10:00+00:00,2026-02-03 20:25:00+00:00,sell,516.32,522.53,510.1100000000001,510.1100000000001,126.66891987715942,786.6139924371503,79448.01323615218,win,-6.209999999999923,69448.01323615227
2026-02-03 20:40:00+00:00,2026-02-03 21:10:00+00:00,sell,509.40000000000003,519.49,499.31000000000006,519.49,78.73935900510642,-794.4801323615218,78653.53310379066,loss,10.089999999999975,68653.53310379075
2026-02-04 01:05:00+00:00,2026-02-04 02:30:00+00:00,sell,522.83,527.85,517.8100000000001,527.85,156.68034482826883,-786.5353310379066,77866.99777275276,loss,5.019999999999982,67866.99777275285
2026-02-04 03:05:00+00:00,2026-02-04 03:25:00+00:00,buy,530.85,526.37,535.33,535.33,173.81026288560813,778.6699777275276,78645.66775048028,win,4.480000000000018,68645.66775048037
2026-02-04 05:55:00+00:00,2026-02-04 06:45:00+00:00,buy,531.78,528.88,534.68,528.88,271.19195776027897,-786.4566775048029,77859.21107297548,loss,-2.8999999999999773,67859.21107297557
2026-02-04 09:35:00+00:00,2026-02-04 10:20:00+00:00,buy,529.16,526.6700000000001,531.6499999999999,526.6700000000001,312.68759467059743,-778.592110729755,77080.61896224572,loss,-2.4899999999998954,67080.6189622458
2026-02-04 14:20:00+00:00,2026-02-04 15:40:00+00:00,sell,525.65,528.3,523.0,523.0,290.870260234892,770.8061896224572,77851.42515186817,win,-2.6499999999999773,67851.42515186826
2026-02-04 15:50:00+00:00,2026-02-04 15:55:00+00:00,sell,522.57,525.03,520.1100000000001,520.1100000000001,316.4692079344334,778.5142515186818,78629.93940338686,win,-2.4599999999999227,68629.93940338695
2026-02-04 16:15:00+00:00,2026-02-04 17:00:00+00:00,sell,519.7900000000001,524.4599999999999,515.1200000000002,515.1200000000002,168.37246124922797,786.2993940338686,79416.23879742072,win,-4.669999999999845,69416.23879742081
2026-02-04 17:35:00+00:00,2026-02-04 20:25:00+00:00,sell,513.89,522.9599999999999,504.82000000000005,522.9599999999999,87.55924894974783,-794.1623879742071,78622.07640944651,loss,9.069999999999936,68622.0764094466
2026-02-05 01:30:00+00:00,2026-02-05 03:10:00+00:00,buy,530.6899999999999,524.65,536.7299999999999,536.7299999999999,130.16900067789237,786.2207640944652,79408.29717354098,win,6.039999999999964,69408.29717354107
2026-02-05 03:25:00+00:00,2026-02-05 04:15:00+00:00,buy,537.0799999999999,530.14,544.0199999999999,530.14,114.42117748348943,-794.0829717354098,78614.21420180557,loss,-6.939999999999941,68614.21420180566
2026-02-05 04:35:00+00:00,2026-02-05 05:05:00+00:00,buy,535.15,529.49,540.81,529.49,138.89437138128272,-786.1421420180558,77828.07205978752,loss,-5.659999999999968,67828.0720597876
2026-02-05 07:05:00+00:00,2026-02-05 07:20:00+00:00,sell,522.23,526.85,517.61,517.61,168.45903043244036,778.2807205978752,78606.3527803854,win,-4.6200000000000045,68606.35278038548
2026-02-05 08:00:00+00:00,2026-02-05 09:00:00+00:00,sell,516.85,523.5699999999999,510.1300000000001,523.5699999999999,116.9737392565274,-786.063527803854,77820.28925258154,loss,6.719999999999914,67820.28925258163
2026-02-05 11:05:00+00:00,2026-02-05 11:30:00+00:00,sell,526.94,530.4399999999999,523.4400000000002,523.4400000000002,222.34368357881164,778.2028925258154,78598.49214510736,win,-3.4999999999998863,68598.49214510745
2026-02-05 11:40:00+00:00,2026-02-05 12:45:00+00:00,sell,523.11,530.04,516.1800000000001,516.1800000000001,113.41773758312833,785.9849214510737,79384.47706655844,win,-6.92999999999995,69384.47706655852
2026-02-05 12:55:00+00:00,2026-02-05 13:20:00+00:00,sell,515.88,523.43,508.33000000000004,508.33000000000004,105.14500273716413,793.8447706655844,80178.32183722402,win,-7.5499999999999545,70178.32183722411
2026-02-05 13:30:00+00:00,2026-02-05 17:00:00+00:00,sell,507.17,517.29,497.05000000000007,497.05000000000007,79.2275907482455,801.7832183722404,80980.10505559626,win,-10.119999999999948,70980.10505559634
2026-02-05 17:10:00+00:00,2026-02-05 19:20:00+00:00,sell,493.49,508.0,478.98,478.98,55.80985875644129,809.8010505559625,81789.90610615222,win,-14.509999999999991,71789.90610615231
2026-02-05 19:55:00+00:00,2026-02-05 22:20:00+00:00,sell,478.06,493.63,462.49,462.49,52.53044708166491,817.8990610615223,82607.80516721375,win,-15.569999999999993,72607.80516721384
2026-02-05 22:30:00+00:00,2026-02-06 02:05:00+00:00,sell,462.07000000000005,475.72999999999996,448.41000000000014,448.41000000000014,60.47423511509099,826.0780516721376,83433.8832188859,win,-13.659999999999911,73433.88321888598
2026-02-06 02:15:00+00:00,2026-02-06 02:20:00+00:00,sell,445.39000000000004,460.34,430.4400000000001,430.4400000000001,55.80861753771657,834.338832188859,84268.22205107476,win,-14.949999999999932,74268.22205107484
2026-02-06 04:20:00+00:00,2026-02-06 07:05:00+00:00,sell,445.78000000000003,456.03999999999996,435.5200000000001,456.03999999999996,82.13277003028782,-842.6822205107476,83425.53983056401,loss,10.259999999999934,73425.5398305641
2026-02-06 08:20:00+00:00,2026-02-06 08:40:00+00:00,sell,466.82000000000005,471.82,461.8200000000001,461.8200000000001,166.85107966112992,834.2553983056401,84259.79522886965,win,-4.999999999999943,74259.79522886974
2026-02-06 09:00:00+00:00,2026-02-06 10:05:00+00:00,sell,461.56,467.28,455.84000000000003,467.28,147.30733431620646,-842.5979522886967,83417.19727658096,loss,5.71999999999997,73417.19727658105
2026-02-06 14:05:00+00:00,2026-02-06 15:00:00+00:00,sell,468.52000000000004,471.36999999999995,465.67000000000013,471.36999999999995,292.69192026871445,-834.1719727658095,82583.02530381516,loss,2.849999999999909,72583.02530381524
2026-02-06 18:10:00+00:00,2026-02-06 19:30:00+00:00,buy,493.16999999999996,488.58000000000004,497.7599999999999,497.7599999999999,179.91944510635432,825.8302530381516,83408.8555568533,win,4.589999999999918,73408.85555685339
2026-02-06 19:45:00+00:00,2026-02-06 20:05:00+00:00,buy,499.09999999999997,494.6,503.5999999999999,494.6,185.35301234856524,-834.088555568533,82574.76700128477,loss,-4.499999999999943,72574.76700128485
2026-02-06 20:15:00+00:00,2026-02-06 20:50:00+00:00,buy,499.27,494.27000000000004,504.2699999999999,504.2699999999999,165.14953400257141,825.7476700128477,83400.51467129761,win,4.999999999999943,73400.5146712977
2026-02-06 22:35:00+00:00,2026-02-06 22:40:00+00:00,buy,501.19,496.68,505.7,496.68,184.92353585653612,-834.0051467129762,82566.50952458463,loss,-4.509999999999991,72566.50952458472
2026-02-06 23:45:00+00:00,2026-02-07 00:30:00+00:00,buy,501.42999999999995,495.75,507.1099999999999,507.1099999999999,145.36357310666438,825.6650952458464,83392.17461983048,win,5.67999999999995,73392.17461983056
2026-02-07 00:40:00+00:00,2026-02-07 00:45:00+00:00,buy,511.25,501.17,521.3299999999999,521.3299999999999,82.73033196411767,833.9217461983001,84226.09636602878,win,10.079999999999927,74226.09636602887
2026-02-07 00:55:00+00:00,2026-02-12 18:05:00+00:00,buy,524.9399999999999,501.31,548.5699999999999,501.31,35.643714077879395,-842.2609636602879,83383.8354023685,loss,-23.62999999999994,73383.83540236858
2026-02-12 18:15:00+00:00,2026-02-12 18:30:00+00:00,sell,499.45000000000005,505.44,493.4600000000001,493.4600000000001,139.2050674496981,833.838354023685,84217.67375639218,win,-5.989999999999952,74217.67375639227
2026-02-12 18:55:00+00:00,2026-02-12 21:20:00+00:00,sell,493.24,501.39,485.09000000000003,501.39,103.33456902624837,-842.1767375639218,83375.49701882826,loss,8.149999999999977,73375.49701882835
2026-02-12 22:50:00+00:00,2026-02-13 00:45:00+00:00,sell,498.49,501.78999999999996,495.19000000000005,501.78999999999996,252.65302126918004,-833.7549701882826,82541.74204863998,loss,3.2999999999999545,72541.74204864007
2026-02-13 02:05:00+00:00,2026-02-13 03:35:00+00:00,sell,500.20000000000005,505.84,494.5600000000001,505.84,146.35060646922165,-825.4174204863998,81716.32462815358,loss,5.6399999999999295,71716.32462815367
2026-02-13 09:05:00+00:00,2026-02-13 09:10:00+00:00,buy,509.09,506.58000000000004,511.5999999999999,511.5999999999999,325.56304632731366,817.1632462815359,82533.48787443512,win,2.509999999999934,72533.4878744352
2026-02-13 10:05:00+00:00,2026-02-13 10:50:00+00:00,buy,512.55,507.59000000000003,517.5099999999999,517.5099999999999,166.39816103717015,825.3348787443512,83358.82275317947,win,4.959999999999923,73358.82275317956
2026-02-13 12:10:00+00:00,2026-02-13 12:15:00+00:00,buy,517.79,515.87,519.7099999999999,519.7099999999999,434.160535172819,833.5882275317947,84192.41098071127,win,1.919999999999959,74192.41098071136
2026-02-13 12:25:00+00:00,2026-02-13 15:30:00+00:00,buy,522.41,515.78,529.04,529.04,126.98704521977575,841.9241098071127,85034.33509051838,win,6.6299999999999955,75034.33509051846
2026-02-13 16:30:00+00:00,2026-02-13 17:25:00+00:00,buy,529.47,522.87,536.07,536.07,128.83990165230014,850.3433509051839,85884.67844142356,win,6.600000000000023,75884.67844142365
2026-02-13 17:35:00+00:00,2026-02-13 18:30:00+00:00,buy,537.8299999999999,530.73,544.9299999999998,544.9299999999998,120.96433583299248,858.8467844142356,86743.52522583779,win,7.099999999999909,76743.52522583788
2026-02-13 19:45:00+00:00,2026-02-13 19:55:00+00:00,buy,544.3199999999999,541.52,547.1199999999999,547.1199999999999,309.7983043779971,867.4352522583778,87610.96047809617,win,2.7999999999999545,77610.96047809625
2026-02-13 20:05:00+00:00,2026-02-13 20:50:00+00:00,buy,548.9499999999999,542.6800000000001,555.2199999999998,555.2199999999998,139.7303994865997,876.1096047809617,88487.07008287712,win,6.269999999999868,78487.07008287721
2026-02-13 21:05:00+00:00,2026-02-13 22:20:00+00:00,buy,556.3399999999999,550.52,562.1599999999999,550.52,152.03963931765995,-884.8707008287712,87602.19938204835,loss,-5.819999999999936,77602.19938204843
2026-02-13 23:35:00+00:00,2026-02-13 23:45:00+00:00,buy,553.25,549.7,556.8,556.8,246.76675882267457,876.0219938204835,88478.22137586883,win,3.5499999999999545,78478.22137586892
2026-02-14 00:05:00+00:00,2026-02-14 00:50:00+00:00,buy,562.4599999999999,551.19,573.7299999999998,551.19,78.50773857663697,-884.7822137586883,87593.43916211014,loss,-11.269999999999868,77593.43916211023
2026-02-14 01:10:00+00:00,2026-02-14 01:15:00+00:00,buy,555.54,549.98,561.0999999999999,561.0999999999999,157.5421567663867,875.9343916211016,88469.37355373125,win,5.559999999999945,78469.37355373133
2026-02-14 03:45:00+00:00,2026-02-14 04:35:00+00:00,buy,564.87,561.34,568.4,561.34,250.62145482643606,-884.6937355373125,87584.67981819394,loss,-3.5299999999999727,77584.67981819402
2026-02-14 05:50:00+00:00,2026-02-14 07:00:00+00:00,buy,563.5799999999999,559.5600000000001,567.5999999999998,559.5600000000001,217.872337856211,-875.8467981819394,86708.833020012,loss,-4.019999999999868,76708.83302001208
2026-02-14 07:10:00+00:00,2026-02-14 07:15:00+00:00,buy,560.9599999999999,559.51,562.4099999999999,562.4099999999999,597.9919518621799,867.0883302001201,87575.92135021211,win,1.4499999999999318,77575.9213502122
2026-02-14 08:30:00+00:00,2026-02-14 10:35:00+00:00,buy,560.8,556.63,564.9699999999999,564.9699999999999,210.01419988060667,875.7592135021212,88451.68056371424,win,4.169999999999959,78451.68056371433
2026-02-14 10:45:00+00:00,2026-02-14 13:20:00+00:00,buy,566.38,562.1,570.66,570.66,206.66280505540843,884.5168056371424,89336.19736935139,win,4.279999999999973,79336.19736935147
2026-02-14 15:40:00+00:00,2026-02-14 18:10:00+00:00,buy,560.4499999999999,556.47,564.4299999999998,564.4299999999998,224.46280746068726,893.3619736935138,90229.5593430449,win,3.9799999999999045,80229.55934304498
2026-02-14 20:30:00+00:00,2026-02-14 21:05:00+00:00,buy,563.03,560.96,565.0999999999999,565.0999999999999,435.8915910292158,902.295593430449,91131.85493647534,win,2.0699999999999363,81131.85493647543
2026-02-14 21:15:00+00:00,2026-02-14 23:35:00+00:00,buy,565.66,563.09,568.2299999999999,563.09,354.59865734037976,-911.3185493647534,90220.5363871106,loss,-2.5699999999999363,80220.53638711068
2026-02-15 03:00:00+00:00,2026-02-15 03:50:00+00:00,buy,560.74,558.02,563.46,563.46,331.69314848202094,902.205363871106,91122.7417509817,win,2.7200000000000273,81122.74175098179
2026-02-15 04:05:00+00:00,2026-02-15 04:20:00+00:00,buy,563.88,560.64,567.12,560.64,281.24303009562175,-911.227417509817,90211.51433347189,loss,-3.240000000000009,80211.51433347198
2026-02-15 07:05:00+00:00,2026-02-15 07:15:00+00:00,buy,563.5899999999999,562.1800000000001,564.9999999999998,564.9999999999998,639.7979739963206,902.1151433347189,91113.62947680661,win,1.4099999999998545,81113.6294768067
2026-02-15 14:05:00+00:00,2026-02-15 14:15:00+00:00,sell,558.6600000000001,559.9399999999999,557.3800000000002,557.3800000000002,711.8252302876301,911.1362947680663,92024.76577157468,win,-1.279999999999859,82024.76577157476
2026-02-15 14:50:00+00:00,2026-02-15 14:55:00+00:00,sell,557.33,560.38,554.2800000000001,554.2800000000001,301.7205435133641,920.2476577157468,92945.01342929043,win,-3.0499999999999545,82945.01342929051
2026-02-15 15:05:00+00:00,2026-02-16 05:55:00+00:00,sell,553.11,560.9,545.32,560.9,119.31323931873025,-929.4501342929043,92015.56329499753,loss,7.789999999999964,82015.56329499761
2026-02-16 06:05:00+00:00,2026-02-16 06:20:00+00:00,buy,561.1,557.1700000000001,565.03,565.03,234.13629337149797,920.1556329499753,92935.7189279475,win,3.92999999999995,82935.71892794759
2026-02-16 06:30:00+00:00,2026-02-16 07:15:00+00:00,buy,566.7099999999999,560.6700000000001,572.7499999999998,560.6700000000001,153.86708431779772,-929.3571892794752,92006.36173866803,loss,-6.03999999999985,82006.36173866811
2026-02-16 08:50:00+00:00,2026-02-16 09:35:00+00:00,buy,559.86,556.3100000000001,563.41,556.3100000000001,259.1728499680823,-920.0636173866803,91086.29812128135,loss,-3.5499999999999545,81086.29812128143
2026-02-16 12:05:00+00:00,2026-02-16 12:25:00+00:00,sell,555.53,557.29,553.77,553.77,517.5357847800103,910.8629812128135,91997.16110249417,win,-1.759999999999991,81997.16110249425
2026-02-16 13:10:00+00:00,2026-02-16 13:25:00+00:00,sell,553.1800000000001,556.16,550.2000000000002,556.16,308.71530571307756,-919.9716110249416,91077.18949146922,loss,2.9799999999999045,81077.18949146931
2026-02-16 14:40:00+00:00,2026-02-16 15:00:00+00:00,buy,561.68,555.74,567.6199999999999,567.6199999999999,153.3286018374918,910.7718949146922,91987.96138638392,win,5.939999999999941,81987.961386384
2026-02-16 20:00:00+00:00,2026-02-16 21:15:00+00:00,buy,560.03,555.97,564.0899999999999,564.0899999999999,226.57133346400283,919.8796138638392,92907.84100024776,win,4.059999999999945,82907.84100024785
2026-02-16 21:25:00+00:00,2026-02-16 21:30:00+00:00,buy,565.61,561.71,569.51,569.51,238.22523333397,929.0784100024777,93836.91941025024,win,3.8999999999999773,83836.91941025032
2026-02-16 21:40:00+00:00,2026-02-16 22:25:00+00:00,buy,570.86,562.8100000000001,578.91,578.91,116.56760175186432,938.3691941025024,94775.28860435274,win,8.049999999999955,84775.28860435283
2026-02-16 23:40:00+00:00,2026-02-17 03:35:00+00:00,buy,569.98,565.13,574.83,574.83,195.41296619454081,947.7528860435274,95723.04149039627,win,4.850000000000023,85723.04149039635
2026-02-17 10:05:00+00:00,2026-02-17 12:50:00+00:00,sell,557.72,560.89,554.5500000000001,554.5500000000001,301.9654305690773,957.2304149039626,96680.27190530022,win,-3.169999999999959,86680.27190530031
2026-02-17 16:20:00+00:00,2026-02-17 16:35:00+00:00,sell,559.57,562.16,556.9800000000001,556.9800000000001,373.28290310927906,966.8027190530022,97647.07462435322,win,-2.589999999999918,87647.0746243533
2026-02-17 16:45:00+00:00,2026-02-17 18:15:00+00:00,sell,556.3100000000001,562.15,550.4700000000001,562.15,167.20389490471675,-976.4707462435322,96670.60387810969,loss,5.839999999999918,86670.60387810977
2026-02-17 19:40:00+00:00,2026-02-17 21:00:00+00:00,sell,561.15,565.97,556.3299999999999,565.97,200.5614188342504,-966.7060387810969,95703.8978393286,loss,4.82000000000005,85703.89783932868
2026-02-17 21:10:00+00:00,2026-02-17 21:35:00+00:00,buy,566.3399999999999,562.28,570.3999999999999,562.28,235.7238863037682,-957.0389783932861,94746.8588609353,loss,-4.059999999999945,84746.85886093539
2026-02-17 23:00:00+00:00,2026-02-17 23:30:00+00:00,buy,567.52,564.6700000000001,570.3699999999999,564.6700000000001,332.4451188103099,-947.468588609353,93799.39027232595,loss,-2.849999999999909,83799.39027232604
2026-02-18 03:05:00+00:00,2026-02-18 03:50:00+00:00,sell,558.78,561.27,556.29,556.29,376.7043786037173,937.9939027232596,94737.38417504921,win,-2.490000000000009,84737.3841750493
2026-02-18 06:05:00+00:00,2026-02-18 06:10:00+00:00,buy,562.54,560.08,564.9999999999999,564.9999999999999,385.111317784765,947.3738417504921,95684.75801679971,win,2.4599999999999227,85684.7580167998
2026-02-18 06:20:00+00:00,2026-02-18 12:00:00+00:00,buy,565.3299999999999,560.88,569.7799999999999,560.88,215.0219281276431,-956.8475801679971,94727.9104366317,loss,-4.449999999999932,84727.91043663179
2026-02-18 13:05:00+00:00,2026-02-18 13:10:00+00:00,sell,557.12,559.2099999999999,555.0300000000001,555.0300000000001,453.24359060591104,947.2791043663169,95675.18954099802,win,-2.089999999999918,85675.18954099811
2026-02-18 15:20:00+00:00,2026-02-18 16:15:00+00:00,sell,556.96,560.3399999999999,553.5800000000002,553.5800000000002,283.06269094970816,956.7518954099801,96631.941436408,win,-3.3799999999998818,86631.94143640809
2026-02-18 16:25:00+00:00,2026-02-18 16:45:00+00:00,sell,553.5400000000001,555.66,551.4200000000002,551.4200000000002,455.81104451138197,966.31941436408,97598.26085077209,win,-2.119999999999891,87598.26085077217
2026-02-18 18:05:00+00:00,2026-02-18 19:05:00+00:00,sell,554.4200000000001,561.68,547.1600000000002,561.68,134.43286618563877,-975.982608507721,96622.27824226436,loss,7.259999999999877,86622.27824226445
2026-02-18 20:05:00+00:00,2026-02-18 20:20:00+00:00,sell,560.24,563.12,557.36,557.36,335.4940216745296,966.2227824226438,97588.50102468701,win,-2.8799999999999955,87588.5010246871
2026-02-18 20:40:00+00:00,2026-02-18 21:30:00+00:00,sell,556.95,562.1,551.8000000000001,551.8000000000001,189.4922349993931,975.8850102468701,98564.38603493388,win,-5.149999999999977,88564.38603493397
2026-02-18 22:00:00+00:00,2026-02-19 03:25:00+00:00,sell,551.36,558.3199999999999,544.4000000000001,558.3199999999999,141.61549717663073,-985.6438603493389,97578.74217458453,loss,6.959999999999923,87578.74217458462
2026-02-19 04:15:00+00:00,2026-02-19 04:55:00+00:00,sell,556.5400000000001,558.99,554.0900000000001,554.0900000000001,398.28058030443776,975.7874217458453,98554.52959633038,win,-2.449999999999932,88554.52959633047
2026-02-19 07:05:00+00:00,2026-02-19 08:00:00+00:00,sell,553.85,556.31,551.3900000000001,556.31,400.6281690907865,-985.5452959633038,97568.98430036708,loss,2.4599999999999227,87568.98430036717
2026-02-19 11:30:00+00:00,2026-02-19 11:45:00+00:00,sell,552.95,555.9399999999999,549.9600000000002,549.9600000000002,326.3176732453863,975.6898430036708,98544.67414337075,win,-2.9899999999998954,88544.67414337084
2026-02-19 11:55:00+00:00,2026-02-19 15:25:00+00:00,sell,547.14,554.9,539.38,539.38,126.99055946310679,985.4467414337075,99530.12088480446,win,-7.759999999999991,89530.12088480455
2026-02-19 15:45:00+00:00,2026-02-19 16:50:00+00:00,sell,538.69,547.3199999999999,530.0600000000002,547.3199999999999,115.33038341228949,-995.3012088480447,98534.81967595642,loss,8.629999999999882,88534.8196759565
2026-02-19 18:05:00+00:00,2026-02-19 18:15:00+00:00,sell,545.22,547.56,542.8800000000001,547.56,421.08897297418747,-985.3481967595642,97549.47147919686,loss,2.339999999999918,87549.47147919695
2026-02-20 00:05:00+00:00,2026-02-20 04:55:00+00:00,buy,559.5799999999999,557.0,562.1599999999999,557.0,378.0987266635644,-975.4947147919686,96573.97676440488,loss,-2.5799999999999272,86573.97676440497
2026-02-20 05:20:00+00:00,2026-02-20 06:20:00+00:00,buy,559.31,556.76,561.8599999999999,556.76,378.7214775074769,-965.7397676440488,95608.23699676084,loss,-2.5499999999999545,85608.23699676093
2026-02-20 07:30:00+00:00,2026-02-20 10:45:00+00:00,buy,559.74,552.63,566.85,552.63,134.47009422891796,-956.0823699676085,94652.15462679323,loss,-7.110000000000014,84652.15462679332
2026-02-20 14:05:00+00:00,2026-02-20 15:00:00+00:00,sell,551.32,553.9599999999999,548.6800000000002,548.6800000000002,358.53088873787044,946.5215462679323,95598.67617306116,win,-2.6399999999998727,85598.67617306125
2026-02-20 15:10:00+00:00,2026-02-20 15:20:00+00:00,sell,547.5500000000001,551.26,543.8400000000001,543.8400000000001,257.6783724341325,955.9867617306116,96554.66293479178,win,-3.7099999999999227,86554.66293479186
2026-02-20 15:30:00+00:00,2026-02-20 17:55:00+00:00,sell,541.1600000000001,549.3,533.0200000000002,549.3,118.61752203291559,-965.5466293479178,95589.11630544387,loss,8.139999999999873,85589.11630544395
2026-02-20 20:05:00+00:00,2026-02-21 00:10:00+00:00,buy,561.75,556.21,567.29,556.21,172.54353123726443,-955.8911630544387,94633.22514238943,loss,-5.539999999999964,84633.22514238952
2026-02-21 00:30:00+00:00,2026-02-21 00:35:00+00:00,buy,558.3199999999999,556.03,560.6099999999999,556.03,413.24552463926176,-946.3322514238944,93686.89289096554,loss,-2.2899999999999636,83686.89289096562
2026-02-21 00:55:00+00:00,2026-02-21 01:30:00+00:00,buy,558.4399999999999,555.94,560.9399999999998,560.9399999999998,374.7475715638792,936.8689289096554,94623.76181987519,win,2.4999999999998863,84623.76181987528
2026-02-21 01:40:00+00:00,2026-02-21 02:25:00+00:00,buy,561.37,559.0600000000001,563.68,559.0600000000001,409.6266745449239,-946.2376181987519,93677.52420167644,loss,-2.3099999999999454,83677.52420167653
2026-02-21 03:40:00+00:00,2026-02-21 03:50:00+00:00,buy,559.39,557.1800000000001,561.5999999999999,561.5999999999999,423.88020000760054,936.7752420167644,94614.2994436932,win,2.2099999999999227,84614.2994436933
2026-02-21 04:00:00+00:00,2026-02-21 04:25:00+00:00,buy,561.9399999999999,558.5400000000001,565.3399999999998,565.3399999999998,278.2773513049912,946.1429944369322,95560.44243813014,win,3.3999999999998636,85560.44243813022
2026-02-21 06:55:00+00:00,2026-02-21 07:35:00+00:00,buy,564.52,562.9,566.14,566.14,589.8792743094436,955.6044243813014,96516.04686251144,win,1.6200000000000045,86516.04686251153
2026-02-21 07:45:00+00:00,2026-02-21 08:10:00+00:00,buy,566.72,564.22,569.22,564.22,386.0641874500458,-965.1604686251144,95550.88639388634,loss,-2.5,85550.88639388642
2026-02-21 09:25:00+00:00,2026-02-21 10:15:00+00:00,buy,562.67,561.09,564.2499999999999,564.2499999999999,604.752445530954,955.5088639388633,96506.3952578252,win,1.5799999999999272,86506.3952578253
2026-02-21 10:30:00+00:00,2026-02-21 11:25:00+00:00,buy,564.52,561.89,567.15,567.15,366.94446866093296,965.063952578252,97471.45921040345,win,2.6299999999999955,87471.45921040354
2026-02-21 11:35:00+00:00,2026-02-21 12:05:00+00:00,buy,567.26,565.35,569.17,569.17,510.3217759707072,974.7145921040345,98446.17380250749,win,1.9099999999999682,88446.17380250758
2026-02-21 13:20:00+00:00,2026-02-21 13:25:00+00:00,buy,569.13,567.86,570.4,567.86,775.1667228544007,-984.4617380250749,97461.71206448242,loss,-1.2699999999999818,87461.7120644825
2026-02-21 14:40:00+00:00,2026-02-21 14:45:00+00:00,buy,567.35,565.6,569.1,569.1,556.9240689398996,974.6171206448244,98436.32918512724,win,1.75,88436.32918512732
2026-02-21 16:20:00+00:00,2026-02-21 16:25:00+00:00,buy,569.2099999999999,567.6700000000001,570.7499999999998,570.7499999999998,639.1969427606288,984.3632918512724,99420.69247697851,win,1.53999999999985,89420.6924769786
2026-02-21 17:40:00+00:00,2026-02-21 18:05:00+00:00,buy,572.0,569.49,574.51,569.49,396.09837640230626,-994.2069247697851,98426.48555220873,loss,-2.509999999999991,88426.48555220882
2026-02-22 04:05:00+00:00,2026-02-22 04:10:00+00:00,sell,560.85,562.52,559.1800000000001,562.52,589.3801530072524,-984.2648555220874,97442.22069668665,loss,1.669999999999959,87442.22069668674
2026-02-22 04:30:00+00:00,2026-02-22 05:45:00+00:00,sell,560.4,564.05,556.75,564.05,266.9649882101021,-974.4222069668666,96467.79848971979,loss,3.6499999999999773,86467.79848971988
2026-02-22 08:00:00+00:00,2026-02-22 08:15:00+00:00,buy,567.0,565.4300000000001,568.5699999999999,568.5699999999999,614.4445763676669,964.6779848971978,97432.47647461698,win,1.5699999999999363,87432.47647461707
2026-02-22 08:25:00+00:00,2026-02-22 08:55:00+00:00,buy,571.5699999999999,565.4100000000001,577.7299999999998,577.7299999999998,158.16960466658975,974.3247647461699,98406.80123936315,win,6.1599999999998545,88406.80123936324
2026-02-22 09:10:00+00:00,2026-02-22 10:25:00+00:00,buy,578.7099999999999,570.6,586.8199999999998,570.6,121.34007551093016,-984.0680123936315,97422.73322696952,loss,-8.1099999999999,87422.7332269696
2026-02-22 10:55:00+00:00,2026-02-22 12:00:00+00:00,buy,574.54,570.32,578.7599999999999,570.32,230.85955740988513,-974.2273322696952,96448.50589469982,loss,-4.219999999999914,86448.5058946999
2026-02-22 13:15:00+00:00,2026-02-22 21:15:00+00:00,buy,571.62,566.5500000000001,576.6899999999999,566.5500000000001,190.23373943728012,-964.4850589469982,95484.02083575282,loss,-5.069999999999936,85484.0208357529
2026-02-23 00:20:00+00:00,2026-02-23 00:45:00+00:00,buy,569.8399999999999,568.34,571.3399999999998,571.3399999999998,636.5601389050671,954.8402083575282,96438.86104411035,win,1.4999999999998863,86438.86104411044
2026-02-23 00:55:00+00:00,2026-02-23 01:20:00+00:00,buy,571.42,568.37,574.4699999999999,568.37,316.1929870298747,-964.3886104411034,95474.47243366925,loss,-3.0499999999999545,85474.47243366933
2026-02-23 02:10:00+00:00,2026-02-23 02:30:00+00:00,sell,567.78,569.5799999999999,565.98,565.98,530.4137357426204,954.7447243366926,96429.21715800594,win,-1.7999999999999545,86429.21715800602
2026-02-23 02:40:00+00:00,2026-02-23 02:45:00+00:00,sell,565.9,568.63,563.17,563.17,353.2205756703491,964.2921715800594,97393.509329586,win,-2.730000000000018,87393.50932958609
2026-02-23 02:55:00+00:00,2026-02-23 03:05:00+00:00,sell,562.9100000000001,568.16,557.6600000000002,557.6600000000002,185.5114463420726,973.93509329586,98367.44442288186,win,-5.249999999999886,88367.44442288195
2026-02-23 03:15:00+00:00,2026-02-23 03:20:00+00:00,sell,554.28,564.17,544.39,544.39,99.46152115559353,983.6744442288186,99351.11886711068,win,-9.889999999999986,89351.11886711077
2026-02-23 05:15:00+00:00,2026-02-23 08:20:00+00:00,sell,539.22,542.36,536.08,542.36,316.4048371564048,-993.5111886711069,98357.60767843957,loss,3.1399999999999864,88357.60767843966
2026-02-23 10:20:00+00:00,2026-02-23 10:25:00+00:00,sell,539.4300000000001,541.27,537.5900000000001,537.5900000000001,534.5522156437171,983.5760767843957,99341.18375522396,win,-1.8399999999999181,89341.18375522405
2026-02-23 11:20:00+00:00,2026-02-23 11:30:00+00:00,sell,537.5500000000001,541.74,533.3600000000001,541.74,237.09113068072878,-993.4118375522396,98347.77191767172,loss,4.189999999999941,88347.77191767181
2026-02-23 12:45:00+00:00,2026-02-23 14:25:00+00:00,sell,539.6600000000001,542.62,536.7000000000002,536.7000000000002,332.2559862083591,983.4777191767173,99331.24963684844,win,-2.9599999999999227,89331.24963684853
2026-02-23 14:35:00+00:00,2026-02-23 16:00:00+00:00,sell,536.02,539.24,532.8,532.8,308.48214172934036,993.3124963684844,100324.56213321692,win,-3.2200000000000273,90324.56213321701
2026-02-23 16:10:00+00:00,2026-02-23 19:20:00+00:00,sell,531.74,537.1,526.38,526.38,187.17269054704605,1003.2456213321693,101327.8077545491,win,-5.360000000000014,91327.80775454918
2026-02-23 19:30:00+00:00,2026-02-23 21:45:00+00:00,sell,525.88,530.74,521.02,521.02,208.49343159372185,1013.278077545491,102341.08583209458,win,-4.860000000000014,92341.08583209467
2026-02-23 21:55:00+00:00,2026-02-23 22:00:00+00:00,sell,516.44,526.3399999999999,506.5400000000002,506.5400000000002,103.37483417383434,1023.4108583209459,103364.49669041553,win,-9.899999999999864,93364.49669041562
2026-02-23 22:10:00+00:00,2026-02-24 04:05:00+00:00,sell,505.96000000000004,526.3399999999999,485.58000000000015,485.58000000000015,50.71859503945836,1033.6449669041554,104398.14165731969,win,-20.37999999999988,94398.14165731978
2026-02-24 04:15:00+00:00,2026-02-24 13:00:00+00:00,sell,485.28000000000003,494.40999999999997,476.1500000000001,476.1500000000001,114.34626687548783,1043.9814165731968,105442.12307389289,win,-9.129999999999939,95442.12307389297
2026-02-24 13:10:00+00:00,2026-02-24 16:50:00+00:00,sell,475.24,479.78999999999996,470.69000000000005,479.78999999999996,231.74092983273394,-1054.421230738929,104387.70184315396,loss,4.5499999999999545,94387.70184315405
2026-02-24 17:05:00+00:00,2026-02-24 20:30:00+00:00,sell,473.61,480.02,467.20000000000005,480.02,162.85132892847813,-1043.8770184315397,103343.82482472243,loss,6.409999999999968,93343.82482472251
2026-02-24 21:50:00+00:00,2026-02-24 23:00:00+00:00,sell,482.19000000000005,484.47999999999996,479.90000000000015,479.90000000000015,451.2830778372342,1033.4382482472242,104377.26307296965,win,-2.2899999999999068,94377.26307296974
2026-02-25 00:15:00+00:00,2026-02-25 01:30:00+00:00,sell,482.18,484.41999999999996,479.94000000000005,484.41999999999996,465.9699244329102,-1043.7726307296966,103333.49044223996,loss,2.2399999999999523,93333.49044224004
2026-02-25 06:05:00+00:00,2026-02-25 07:25:00+00:00,buy,498.40999999999997,495.96000000000004,500.8599999999999,495.96000000000004,421.76934874384835,-1033.3349044223996,102300.15553781755,loss,-2.449999999999932,92300.15553781764
2026-02-25 11:05:00+00:00,2026-02-25 11:20:00+00:00,buy,490.84999999999997,489.22,492.4799999999999,492.4799999999999,627.6083161829534,1023.0015553781756,103323.15709319572,win,1.6299999999999386,93323.15709319581
2026-02-25 14:05:00+00:00,2026-02-25 14:10:00+00:00,buy,486.17999999999995,484.20000000000005,488.15999999999985,488.15999999999985,521.8341267333369,1033.2315709319573,104356.38866412768,win,1.9799999999999045,94356.38866412776
2026-02-25 14:20:00+00:00,2026-02-25 15:10:00+00:00,buy,488.94,484.20000000000005,493.67999999999995,493.67999999999995,220.16115751925895,1043.563886641277,105399.95255076895,win,4.739999999999952,95399.95255076904
2026-02-25 15:25:00+00:00,2026-02-25 15:40:00+00:00,buy,499.16999999999996,487.94000000000005,510.39999999999986,510.39999999999986,93.85570129186986,1053.9995255076897,106453.95207627665,win,11.229999999999905,96453.95207627674
2026-02-25 16:45:00+00:00,2026-02-26 01:30:00+00:00,buy,512.2099999999999,494.95000000000005,529.4699999999998,494.95000000000005,61.676681388341486,-1064.5395207627664,105389.41255551387,loss,-17.259999999999877,95389.41255551396
2026-02-26 12:15:00+00:00,2026-02-26 12:25:00+00:00,sell,498.69000000000005,501.38,496.0000000000001,496.0000000000001,391.7822028086104,1053.8941255551388,106443.306681069,win,-2.689999999999941,96443.3066810691
2026-02-26 13:45:00+00:00,2026-02-26 15:10:00+00:00,sell,498.87,501.46,496.28000000000003,496.28000000000003,410.97801807362947,1064.43306681069,107507.73974787969,win,-2.589999999999975,97507.73974787978
2026-02-26 15:55:00+00:00,2026-02-26 16:05:00+00:00,sell,496.11,500.84,491.38000000000005,491.38000000000005,227.28909037606886,1075.077397478797,108582.8171453585,win,-4.729999999999961,98582.81714535858
2026-02-26 16:30:00+00:00,2026-02-26 18:30:00+00:00,sell,490.48,497.95,483.01000000000005,483.01000000000005,145.35852362163175,1085.828171453585,109668.64531681208,win,-7.46999999999997,99668.64531681217
2026-02-26 18:40:00+00:00,2026-02-26 18:45:00+00:00,sell,482.46000000000004,485.79999999999995,479.1200000000001,479.1200000000001,328.34923747549334,1096.6864531681208,110765.3317699802,win,-3.339999999999918,100765.33176998029
2026-02-26 20:05:00+00:00,2026-02-26 21:00:00+00:00,sell,478.54,482.15999999999997,474.9200000000001,482.15999999999997,305.98157947508787,-1107.653317699802,109657.6784522804,loss,3.6199999999999477,99657.67845228048
2026-02-26 21:10:00+00:00,2026-02-27 00:20:00+00:00,sell,478.89000000000004,482.53999999999996,475.2400000000001,475.2400000000001,300.4319957596789,1096.576784522804,110754.2552368032,win,-3.6499999999999204,100754.25523680329
2026-02-27 02:00:00+00:00,2026-02-27 03:35:00+00:00,sell,476.19000000000005,479.0,473.3800000000001,479.0,394.14325707048175,-1107.5425523680321,109646.71268443517,loss,2.8099999999999454,99646.71268443526
2026-02-27 04:50:00+00:00,2026-02-27 05:30:00+00:00,sell,477.94000000000005,479.64,476.2400000000001,479.64,644.9806628496445,-1096.4671268443517,108550.24555759082,loss,1.6999999999999318,98550.24555759091
2026-02-27 06:45:00+00:00,2026-02-27 08:20:00+00:00,sell,483.94000000000005,488.78999999999996,479.09000000000015,479.09000000000015,223.8149392940059,1085.5024555759082,109635.74801316674,win,-4.849999999999909,99635.74801316683
2026-02-27 09:35:00+00:00,2026-02-27 09:40:00+00:00,sell,477.68,479.19,476.17,479.19,726.0645563785921,-1096.3574801316674,108539.39053303507,loss,1.509999999999991,98539.39053303516
2026-02-27 11:45:00+00:00,2026-02-27 12:10:00+00:00,sell,481.07000000000005,483.08,479.0600000000001,479.0600000000001,539.9969678260628,1085.3939053303507,109624.78443836542,win,-2.009999999999934,99624.7844383655
2026-02-27 12:35:00+00:00,2026-02-27 13:35:00+00:00,sell,477.33000000000004,481.47999999999996,473.1800000000001,473.1800000000001,264.1561070804037,1096.2478443836542,110721.03228274907,win,-4.14999999999992,100721.03228274916
2026-02-27 13:45:00+00:00,2026-02-27 15:10:00+00:00,sell,472.91,478.19,467.63000000000005,467.63000000000005,209.69892477793493,1107.2103228274907,111828.24260557657,win,-5.279999999999973,101828.24260557666
2026-02-27 15:20:00+00:00,2026-02-27 15:25:00+00:00,sell,466.88000000000005,471.64,462.1200000000001,462.1200000000001,234.93328278482798,1118.2824260557657,112946.52503163234,win,-4.759999999999934,102946.52503163242
2026-02-27 15:35:00+00:00,2026-02-28 08:15:00+00:00,sell,461.75,471.48999999999995,452.01000000000005,452.01000000000005,115.96152467313438,1129.4652503163234,114075.99028194866,win,-9.739999999999952,104075.99028194875
2026-02-28 08:30:00+00:00,2026-02-28 22:45:00+00:00,sell,446.38000000000005,458.28999999999996,434.47000000000014,458.28999999999996,95.78168789416415,-1140.7599028194866,112935.23037912918,loss,11.909999999999911,102935.23037912927
2026-03-01 04:05:00+00:00,2026-03-01 08:05:00+00:00,buy,461.82,454.1,469.53999999999996,454.1,146.28915852218861,-1129.352303791292,111805.87807533788,loss,-7.71999999999997,101805.87807533797
2026-03-01 10:15:00+00:00,2026-03-01 10:35:00+00:00,sell,451.17,452.71,449.63000000000005,449.63000000000005,726.012195294419,1118.0587807533789,112923.93685609126,win,-1.5399999999999636,102923.93685609134
2026-03-01 10:45:00+00:00,2026-03-01 10:50:00+00:00,sell,448.98,452.59999999999997,445.36000000000007,445.36000000000007,311.94457695053285,1129.2393685609127,114053.17622465217,win,-3.6199999999999477,104053.17622465226
2026-03-01 11:00:00+00:00,2026-03-01 15:50:00+00:00,sell,444.70000000000005,451.64,437.7600000000001,451.64,164.341752485091,-1140.5317622465218,112912.64446240565,loss,6.939999999999941,102912.64446240573
2026-03-01 17:05:00+00:00,2026-03-01 17:40:00+00:00,sell,445.55,448.95,442.15000000000003,448.95,332.09601312472466,-1129.1264446240564,111783.5180177816,loss,3.3999999999999773,101783.51801778168
2026-03-01 17:55:00+00:00,2026-03-01 18:45:00+00:00,sell,446.49,449.07,443.91,443.91,433.2694496813267,1117.835180177816,112901.35319795941,win,-2.579999999999984,102901.3531979595
2026-03-01 18:55:00+00:00,2026-03-02 03:10:00+00:00,sell,438.85,448.78999999999996,428.9100000000001,448.78999999999996,113.58285029975863,-1129.013531979594,111772.33966597982,loss,9.93999999999994,101772.3396659799
2026-03-02 10:05:00+00:00,2026-03-02 10:10:00+00:00,sell,438.86,440.26,437.46000000000004,437.46000000000004,798.3738547570117,1117.7233966597983,112890.06306263962,win,-1.3999999999999773,102890.0630626397
2026-03-02 10:20:00+00:00,2026-03-02 11:15:00+00:00,sell,435.94000000000005,440.09,431.79000000000013,440.09,272.02424834371516,-1128.9006306263962,111761.16243201323,loss,4.14999999999992,101761.16243201331
2026-03-02 13:05:00+00:00,2026-03-02 14:10:00+00:00,sell,435.54,438.39,432.69000000000005,438.39,392.14442958601603,-1117.6116243201323,110643.5508076931,loss,2.849999999999966,100643.55080769319
2026-03-02 16:00:00+00:00,2026-03-02 16:30:00+00:00,sell,438.0,441.15999999999997,434.84000000000003,441.15999999999997,350.13781901169057,-1106.435508076931,109537.11529961617,loss,3.159999999999968,99537.11529961626
2026-03-03 00:05:00+00:00,2026-03-03 01:20:00+00:00,buy,447.0,443.34000000000003,450.65999999999997,443.34000000000003,299.2817357913036,-1095.3711529961618,108441.74414662001,loss,-3.659999999999968,98441.7441466201
2026-03-03 02:35:00+00:00,2026-03-03 03:50:00+00:00,buy,444.89,442.63000000000005,447.1499999999999,442.63000000000005,479.83072631249195,-1084.4174414662002,107357.32670515381,loss,-2.259999999999934,97357.3267051539
2026-03-03 06:10:00+00:00,2026-03-03 06:50:00+00:00,sell,441.99,443.95,440.03000000000003,440.03000000000003,547.7414627814027,1073.573267051538,108430.89997220536,win,-1.9599999999999795,98430.89997220544
2026-03-03 07:05:00+00:00,2026-03-03 07:20:00+00:00,sell,440.0,442.89,437.11,442.89,375.1934255093629,-1084.3089997220536,107346.5909724833,loss,2.8899999999999864,97346.59097248339
2026-03-03 07:45:00+00:00,2026-03-03 09:00:00+00:00,sell,439.40000000000003,443.16999999999996,435.6300000000001,443.16999999999996,284.7389680967783,-1073.465909724833,106273.12506275847,loss,3.769999999999925,96273.12506275855
2026-03-03 10:05:00+00:00,2026-03-03 10:15:00+00:00,sell,442.69000000000005,445.84999999999997,439.53000000000014,439.53000000000014,336.3073577935489,1062.7312506275846,107335.85631338604,win,-3.1599999999999113,97335.85631338613
2026-03-03 10:25:00+00:00,2026-03-03 10:55:00+00:00,sell,439.0,443.71999999999997,434.28000000000003,434.28000000000003,227.40647524022611,1073.3585631338606,108409.21487651991,win,-4.71999999999997,98409.21487652
2026-03-03 11:25:00+00:00,2026-03-03 12:45:00+00:00,sell,433.99,438.55999999999995,429.4200000000001,438.55999999999995,237.21928857006873,-1084.092148765199,107325.12272775472,loss,4.569999999999936,97325.1227277548
2026-03-03 14:35:00+00:00,2026-03-03 15:30:00+00:00,sell,435.04,436.73999999999995,433.3400000000001,433.3400000000001,631.3242513397589,1073.251227277547,108398.37395503226,win,-1.6999999999999318,98398.37395503235
2026-03-03 15:40:00+00:00,2026-03-03 16:30:00+00:00,sell,432.04,435.10999999999996,428.9700000000001,435.10999999999996,353.08916597731115,-1083.9837395503228,107314.39021548194,loss,3.0699999999999363,97314.39021548202
2026-03-03 16:45:00+00:00,2026-03-03 17:15:00+00:00,sell,431.06,435.90999999999997,426.21000000000004,435.90999999999997,221.26678394944886,-1073.1439021548194,106241.24631332712,loss,4.849999999999966,96241.24631332721
2026-03-03 22:50:00+00:00,2026-03-04 00:00:00+00:00,sell,438.37,441.13,435.61,441.13,384.93205185988216,-1062.4124631332713,105178.83385019386,loss,2.759999999999991,95178.83385019394
2026-03-04 00:10:00+00:00,2026-03-04 01:10:00+00:00,buy,443.02,438.44000000000005,447.5999999999999,447.5999999999999,229.64810884322168,1051.7883385019386,106230.6221886958,win,4.579999999999927,96230.62218869588
2026-03-04 03:30:00+00:00,2026-03-04 05:30:00+00:00,buy,442.33,439.66,444.99999999999994,439.66,397.86749883407276,-1062.306221886958,105168.31596680883,loss,-2.669999999999959,95168.31596680892
2026-03-04 09:30:00+00:00,2026-03-04 09:45:00+00:00,buy,440.96999999999997,439.33000000000004,442.6099999999999,442.6099999999999,641.2702193098376,1051.6831596680884,106219.99912647692,win,1.6399999999999295,96219.999126477
2026-03-04 10:50:00+00:00,2026-03-04 16:45:00+00:00,buy,453.66999999999996,439.82000000000005,467.51999999999987,467.51999999999987,76.69314016352176,1062.1999912647693,107282.1991177417,win,13.849999999999909,97282.19911774178
2026-03-04 16:55:00+00:00,2026-03-05 18:05:00+00:00,buy,468.51,453.55,483.46999999999997,453.55,71.7126999450146,-1072.821991177417,106209.37712656427,loss,-14.95999999999998,96209.37712656436
2026-03-05 20:05:00+00:00,2026-03-05 21:20:00+00:00,sell,455.08000000000004,458.02,452.1400000000001,458.02,361.2563847842395,-1062.0937712656428,105147.28335529863,loss,2.939999999999941,95147.28335529871
2026-03-05 21:55:00+00:00,2026-03-05 22:30:00+00:00,sell,454.94000000000005,458.30999999999995,451.57000000000016,458.30999999999995,312.0097428940713,-1051.4728335529862,104095.81052174565,loss,3.369999999999891,94095.81052174573
2026-03-05 23:50:00+00:00,2026-03-06 00:05:00+00:00,sell,458.09000000000003,459.77,456.4100000000001,459.77,619.6179197723139,-1040.9581052174565,103054.85241652819,loss,1.67999999999995,93054.85241652827
2026-03-06 03:50:00+00:00,2026-03-06 04:10:00+00:00,buy,461.08,458.94000000000005,463.2199999999999,458.94000000000005,481.5647309183719,-1030.5485241652818,102024.3038923629,loss,-2.1399999999999295,92024.303892363
2026-03-06 04:20:00+00:00,2026-03-06 06:40:00+00:00,sell,458.73,461.67999999999995,455.7800000000001,455.7800000000001,345.84509794022125,1020.2430389236291,103044.54693128653,win,-2.949999999999932,93044.54693128662
2026-03-06 07:35:00+00:00,2026-03-06 09:40:00+00:00,sell,455.55,459.05999999999995,452.0400000000001,459.05999999999995,293.5742077814486,-1030.4454693128653,102014.10146197367,loss,3.509999999999934,92014.10146197375
2026-03-06 10:55:00+00:00,2026-03-06 11:15:00+00:00,sell,456.76000000000005,458.42999999999995,455.09000000000015,455.09000000000015,610.8628830058661,1020.1410146197368,103034.2424765934,win,-1.6699999999999022,93034.24247659348
2026-03-06 11:30:00+00:00,2026-03-06 14:00:00+00:00,sell,454.65000000000003,457.90999999999997,451.3900000000001,451.3900000000001,316.0559585171641,1030.342424765934,104064.58490135933,win,-3.259999999999934,94064.58490135941
2026-03-06 14:10:00+00:00,2026-03-06 15:55:00+00:00,sell,451.24,455.05999999999995,447.4200000000001,447.4200000000001,272.4203793229347,1040.6458490135933,105105.23075037292,win,-3.8199999999999363,95105.23075037301
2026-03-06 16:05:00+00:00,2026-03-07 22:55:00+00:00,sell,443.62,452.35999999999996,434.88000000000005,452.35999999999996,120.25770108738386,-1051.0523075037293,104054.17844286919,loss,8.739999999999952,94054.17844286928
2026-03-08 00:05:00+00:00,2026-03-08 00:15:00+00:00,sell,449.02000000000004,450.44,447.6000000000001,447.6000000000001,732.775904527269,1040.541784428692,105094.72022729788,win,-1.419999999999959,95094.72022729796
2026-03-08 00:25:00+00:00,2026-03-08 02:00:00+00:00,sell,447.26000000000005,449.84999999999997,444.67000000000013,449.84999999999997,405.7711205687305,-1050.9472022729788,104043.7730250249,loss,2.589999999999918,94043.77302502499
2026-03-08 02:30:00+00:00,2026-03-08 02:45:00+00:00,sell,448.19000000000005,450.03,446.35000000000014,446.35000000000014,565.4552881795082,1040.437730250249,105084.21075527515,win,-1.8399999999999181,95084.21075527524
2026-03-08 04:25:00+00:00,2026-03-08 04:45:00+00:00,sell,447.91,449.61999999999995,446.2000000000001,446.2000000000001,614.5275482764906,1050.8421075527515,106135.05286282791,win,-1.7099999999999227,96135.052862828
2026-03-08 04:55:00+00:00,2026-03-08 09:15:00+00:00,sell,446.15000000000003,449.29999999999995,443.0000000000001,449.29999999999995,336.93667575501775,-1061.350528628279,105073.70233419964,loss,3.1499999999999204,95073.70233419973
2026-03-08 12:05:00+00:00,2026-03-08 12:15:00+00:00,buy,450.03,448.98,451.0799999999999,451.0799999999999,1000.701926992421,1050.7370233419965,106124.43935754163,win,1.0499999999999545,96124.43935754172
2026-03-08 12:25:00+00:00,2026-03-08 12:30:00+00:00,buy,451.34999999999997,449.6,453.0999999999999,453.0999999999999,606.4253677574004,1061.2443935754163,107185.68375111705,win,1.7499999999999432,97185.68375111713
2026-03-08 15:05:00+00:00,2026-03-08 15:10:00+00:00,sell,447.66,449.11999999999995,446.2000000000001,446.2000000000001,734.1485188433063,1071.8568375111704,108257.54058862821,win,-1.4599999999999227,98257.5405886283
2026-03-08 15:25:00+00:00,2026-03-09 00:00:00+00:00,sell,445.15000000000003,449.11999999999995,441.1800000000001,441.1800000000001,272.68901911493845,1082.5754058862822,109340.11599451449,win,-3.9699999999999136,99340.11599451458
2026-03-09 01:15:00+00:00,2026-03-09 01:40:00+00:00,sell,442.89000000000004,445.30999999999995,440.47000000000014,440.47000000000014,451.81866113437565,1093.4011599451449,110433.51715445964,win,-2.4199999999999022,100433.51715445973
2026-03-09 03:05:00+00:00,2026-03-09 04:35:00+00:00,sell,441.89000000000004,446.59,437.1900000000001,446.59,234.964930115875,-1104.3351715445965,109329.18198291505,loss,4.699999999999932,99329.18198291514
2026-03-09 11:30:00+00:00,2026-03-09 11:35:00+00:00,buy,447.90999999999997,446.15000000000003,449.6699999999999,449.6699999999999,621.1885339938588,1093.2918198291504,110422.47380274419,win,1.759999999999934,100422.47380274428
2026-03-09 11:45:00+00:00,2026-03-09 12:50:00+00:00,buy,449.80999999999995,445.75,453.8699999999999,445.75,271.9765364599647,-1104.2247380274418,109318.24906471676,loss,-4.059999999999945,99318.24906471685
2026-03-09 13:55:00+00:00,2026-03-09 15:20:00+00:00,buy,448.58,445.44000000000005,451.7199999999999,451.7199999999999,348.1472900150294,1093.1824906471677,110411.43155536393,win,3.1399999999999295,100411.43155536402
2026-03-09 15:30:00+00:00,2026-03-09 15:40:00+00:00,buy,451.88,449.16,454.59999999999997,454.59999999999997,405.92438071825416,1104.1143155536392,111515.54587091757,win,2.7199999999999704,101515.54587091766
2026-03-09 18:05:00+00:00,2026-03-10 01:40:00+00:00,buy,448.46999999999997,444.16,452.7799999999999,444.16,258.736765361761,-1115.1554587091757,110400.39041220839,loss,-4.309999999999945,100400.39041220848
2026-03-10 01:50:00+00:00,2026-03-10 03:50:00+00:00,sell,443.29,446.23999999999995,440.3400000000001,446.23999999999995,374.23861156681676,-1104.003904122084,109296.3865080863,loss,2.949999999999932,99296.38650808639
2026-03-10 05:45:00+00:00,2026-03-11 15:10:00+00:00,sell,445.76000000000005,452.71999999999997,438.8000000000001,452.71999999999997,157.03503808633266,-1092.9638650808631,108203.42264300544,loss,6.959999999999923,98203.42264300553
2026-03-11 15:20:00+00:00,2026-03-11 15:25:00+00:00,buy,452.78,447.98,457.5799999999999,457.5799999999999,225.4237971729301,1082.0342264300543,109285.4568694355,win,4.7999999999999545,99285.45686943558
2026-03-11 16:40:00+00:00,2026-03-11 17:10:00+00:00,buy,454.46999999999997,451.3,457.63999999999993,451.3,344.74907529790823,-1092.854568694355,108192.60230074114,loss,-3.169999999999959,98192.60230074123
2026-03-11 18:25:00+00:00,2026-03-11 19:25:00+00:00,buy,455.48999999999995,453.66,457.3199999999999,457.3199999999999,591.2164060150025,1081.9260230074115,109274.52832374856,win,1.8299999999999272,99274.52832374864
2026-03-11 21:35:00+00:00,2026-03-11 22:30:00+00:00,buy,456.94,455.34000000000003,458.53999999999996,455.34000000000003,682.9658020234431,-1092.7452832374856,108181.78304051107,loss,-1.599999999999966,98181.78304051116
2026-03-11 23:15:00+00:00,2026-03-12 00:35:00+00:00,buy,457.08,455.16,458.99999999999994,455.16,563.4467866693406,-1081.8178304051107,107099.96521010596,loss,-1.919999999999959,97099.96521010605
2026-03-12 02:15:00+00:00,2026-03-12 02:55:00+00:00,buy,455.53999999999996,453.92,457.1599999999999,457.1599999999999,661.1108963587001,1070.9996521010596,108170.96486220702,win,1.6199999999999477,98170.96486220711
2026-03-12 10:15:00+00:00,2026-03-12 12:20:00+00:00,buy,454.63,452.56,456.7,456.7,522.5650476435139,1081.7096486220703,109252.67451082909,win,2.069999999999993,99252.67451082918
2026-03-12 12:30:00+00:00,2026-03-12 15:35:00+00:00,buy,456.9,454.64000000000004,459.1599999999999,459.1599999999999,483.4189137647446,1092.526745108291,110345.20125593738,win,2.259999999999934,100345.20125593747
2026-03-12 17:15:00+00:00,2026-03-12 18:15:00+00:00,buy,453.32,450.95000000000005,455.68999999999994,455.68999999999994,465.5915664807587,1103.4520125593738,111448.65326849675,win,2.3699999999999477,101448.65326849684
2026-03-12 18:30:00+00:00,2026-03-12 20:00:00+00:00,buy,455.77,452.73,458.80999999999995,452.73,366.60741206742796,-1114.4865326849676,110334.16673581178,loss,-3.0399999999999636,100334.16673581187
2026-03-13 02:10:00+00:00,2026-03-13 02:15:00+00:00,buy,455.13,453.34000000000003,456.91999999999996,456.91999999999996,616.3919929375085,1103.3416673581178,111437.50840316991,win,1.7899999999999636,101437.50840317
2026-03-13 02:25:00+00:00,2026-03-13 02:30:00+00:00,buy,457.7,453.14000000000004,462.25999999999993,462.25999999999993,244.38050088414747,1114.375084031699,112551.8834872016,win,4.559999999999945,102551.88348720169
2026-03-13 03:15:00+00:00,2026-03-14 12:30:00+00:00,buy,468.85999999999996,453.96000000000004,483.7599999999999,453.96000000000004,75.53817683704845,-1125.518834872016,111426.36465232959,loss,-14.89999999999992,101426.36465232968
2026-03-14 12:40:00+00:00,2026-03-14 13:00:00+00:00,sell,453.46000000000004,455.34,451.5800000000001,455.34,592.6934290017724,-1114.2636465232958,110312.1010058063,loss,1.8799999999999386,100312.10100580638
2026-03-14 14:25:00+00:00,2026-03-14 14:45:00+00:00,sell,458.91,460.67999999999995,457.1400000000001,457.1400000000001,623.2322090723783,1103.121010058063,111415.22201586436,win,-1.769999999999925,101415.22201586445
2026-03-14 16:20:00+00:00,2026-03-14 17:40:00+00:00,sell,457.46000000000004,459.32,455.6000000000001,459.32,599.0065699777792,-1114.1522201586436,110301.06979570571,loss,1.8599999999999568,100301.0697957058
2026-03-14 21:10:00+00:00,2026-03-14 22:40:00+00:00,buy,462.2,461.22,463.17999999999995,463.17999999999995,1125.5211203643885,1103.0106979570571,111404.08049366277,win,0.9799999999999613,101404.08049366286
2026-03-14 22:50:00+00:00,2026-03-15 00:10:00+00:00,buy,463.67999999999995,461.75,465.6099999999999,465.6099999999999,577.2232149930862,1114.0408049366276,112518.12129859939,win,1.92999999999995,102518.12129859948
2026-03-15 01:30:00+00:00,2026-03-15 02:10:00+00:00,buy,465.65,463.68,467.61999999999995,467.61999999999995,571.1579761350308,1125.1812129859939,113643.30251158538,win,1.9699999999999704,103643.30251158547
2026-03-15 04:00:00+00:00,2026-03-15 04:15:00+00:00,buy,463.48999999999995,462.24,464.7399999999999,464.7399999999999,909.1464200927244,1136.4330251158538,114779.73553670124,win,1.2499999999999432,104779.73553670132
2026-03-15 04:45:00+00:00,2026-03-15 08:35:00+00:00,buy,464.95,463.02000000000004,466.87999999999994,463.02000000000004,594.7136556305918,-1147.7973553670124,113631.93818133422,loss,-1.92999999999995,103631.9381813343
2026-03-15 10:00:00+00:00,2026-03-15 10:30:00+00:00,buy,464.01,462.68,465.34,465.34,854.375475047636,1136.3193818133423,114768.25756314756,win,1.329999999999984,104768.25756314765
2026-03-15 10:40:00+00:00,2026-03-15 11:00:00+00:00,buy,465.48999999999995,463.07000000000005,467.90999999999985,467.90999999999985,474.2489981948438,1147.6825756314756,115915.94013877904,win,2.4199999999999022,105915.94013877913
2026-03-15 11:10:00+00:00,2026-03-15 11:15:00+00:00,buy,468.16999999999996,466.13000000000005,470.20999999999987,466.13000000000005,568.2153928371781,-1159.1594013877905,114756.78073739125,loss,-2.0399999999999068,104756.78073739134
2026-03-15 12:45:00+00:00,2026-03-15 14:45:00+00:00,buy,467.09,465.11,469.06999999999994,465.11,579.5797006939065,-1147.5678073739125,113609.21293001734,loss,-1.9799999999999613,103609.21293001743
2026-03-15 20:45:00+00:00,2026-03-15 23:35:00+00:00,sell,460.76000000000005,463.46999999999997,458.0500000000001,463.46999999999997,419.2221879336553,-1136.0921293001734,112473.12080071717,loss,2.7099999999999227,102473.12080071725
2026-03-16 00:05:00+00:00,2026-03-16 00:10:00+00:00,buy,464.10999999999996,462.24,465.9799999999999,462.24,601.4605390412852,-1124.7312080071717,111348.38959271,loss,-1.8699999999999477,101348.38959271008
2026-03-16 00:30:00+00:00,2026-03-16 00:50:00+00:00,buy,464.90999999999997,461.75,468.06999999999994,468.06999999999994,352.36832149592124,1113.4838959270999,112461.8734886371,win,3.159999999999968,102461.87348863718
2026-03-16 01:00:00+00:00,2026-03-16 14:20:00+00:00,buy,468.51,462.65000000000003,474.36999999999995,474.36999999999995,191.91445987822172,1124.618734886371,113586.49222352347,win,5.859999999999957,103586.49222352356
2026-03-16 14:30:00+00:00,2026-03-16 15:30:00+00:00,buy,474.57,472.27000000000004,476.86999999999995,476.86999999999995,493.8543140153292,1135.8649222352346,114722.35714575871,win,2.2999999999999545,104722.3571457588
2026-03-16 15:40:00+00:00,2026-03-16 16:30:00+00:00,buy,478.09,473.62,482.55999999999995,473.62,256.649568558746,-1147.223571457587,113575.13357430113,loss,-4.46999999999997,103575.13357430122
2026-03-16 17:30:00+00:00,2026-03-17 05:40:00+00:00,buy,477.82,472.42,483.21999999999997,472.42,210.3243214338919,-1135.7513357430114,112439.38223855812,loss,-5.399999999999977,102439.3822385582
2026-03-17 11:05:00+00:00,2026-03-17 11:25:00+00:00,sell,471.05,473.36999999999995,468.7300000000001,473.36999999999995,484.6525096489707,-1124.3938223855812,111314.98841617253,loss,2.3199999999999363,101314.98841617262
2026-03-17 12:05:00+00:00,2026-03-17 13:05:00+00:00,sell,470.66,473.73999999999995,467.5800000000001,473.73999999999995,361.4123000525168,-1113.1498841617254,110201.8385320108,loss,3.0799999999999272,100201.8385320109
2026-03-17 14:35:00+00:00,2026-03-17 15:50:00+00:00,sell,472.87,474.78,470.96000000000004,470.96000000000004,576.972976607396,1102.018385320108,111303.85691733091,win,-1.9099999999999682,101303.856917331
2026-03-17 17:10:00+00:00,2026-03-17 17:35:00+00:00,sell,472.90000000000003,475.01,470.7900000000001,470.7900000000001,527.506430887835,1113.038569173309,112416.89548650422,win,-2.109999999999957,102416.8954865043
2026-03-17 20:05:00+00:00,2026-03-17 20:25:00+00:00,buy,475.41999999999996,473.74,477.0999999999999,473.74,669.1481874196879,-1124.1689548650422,111292.72653163917,loss,-1.67999999999995,101292.72653163926
2026-03-17 22:05:00+00:00,2026-03-18 01:40:00+00:00,sell,472.41,475.30999999999995,469.5100000000001,469.5100000000001,383.7680225229042,1112.9272653163916,112405.65379695556,win,-2.8999999999999204,102405.65379695565
2026-03-18 01:55:00+00:00,2026-03-18 12:45:00+00:00,sell,469.28000000000003,472.33,466.2300000000001,466.2300000000001,368.5431272031385,1124.0565379695556,113529.71033492513,win,-3.0499999999999545,103529.71033492521
2026-03-18 13:00:00+00:00,2026-03-18 13:30:00+00:00,sell,466.03000000000003,468.51,463.55000000000007,463.55000000000007,457.7810900601891,1135.2971033492513,114665.00743827438,win,-2.4799999999999613,104665.00743827446
2026-03-18 13:40:00+00:00,2026-03-18 14:30:00+00:00,sell,461.66,467.17999999999995,456.1400000000001,456.1400000000001,207.72646275049988,1146.6500743827437,115811.65751265713,win,-5.519999999999925,105811.65751265721
2026-03-18 14:45:00+00:00,2026-03-18 16:30:00+00:00,sell,455.02000000000004,460.10999999999996,449.9300000000001,449.9300000000001,227.52781436671705,1158.1165751265712,116969.77408778369,win,-5.089999999999918,106969.77408778378
2026-03-18 16:40:00+00:00,2026-03-18 17:00:00+00:00,sell,449.69000000000005,452.77,446.6100000000001,446.6100000000001,379.77199379151443,1169.6977408778368,118139.47182866152,win,-3.0799999999999272,108139.47182866161
2026-03-18 18:25:00+00:00,2026-03-18 19:20:00+00:00,sell,445.90000000000003,448.26,443.5400000000001,448.26,500.5909823248461,-1181.3947182866152,116958.07711037491,loss,2.359999999999957,106958.077110375
2026-03-18 20:50:00+00:00,2026-03-18 22:30:00+00:00,sell,451.15000000000003,453.34,448.9600000000001,453.34,534.055146622731,-1169.5807711037492,115788.49633927117,loss,2.189999999999941,105788.49633927125
2026-03-19 00:05:00+00:00,2026-03-19 01:15:00+00:00,sell,454.85,456.35999999999996,453.3400000000001,453.3400000000001,766.8112340349418,1157.8849633927116,116946.38130266388,win,-1.509999999999934,106946.38130266397
2026-03-19 02:30:00+00:00,2026-03-19 04:00:00+00:00,sell,454.43,456.14,452.72,452.72,683.8969666822532,1169.463813026639,118115.84511569052,win,-1.7099999999999795,108115.84511569061
2026-03-19 06:25:00+00:00,2026-03-19 09:00:00+00:00,sell,454.85,457.0,452.70000000000005,452.70000000000005,549.3760237939151,1181.1584511569051,119297.00356684743,win,-2.1499999999999773,109297.00356684752
2026-03-19 09:10:00+00:00,2026-03-19 09:20:00+00:00,sell,452.42,455.53,449.31000000000006,449.31000000000006,383.5916513403508,1192.9700356684743,120489.9736025159,win,-3.109999999999957,110489.973602516
2026-03-19 10:35:00+00:00,2026-03-19 10:40:00+00:00,sell,453.06,455.15,450.97,455.15,576.5070507297481,-1204.8997360251592,119285.07386649075,loss,2.089999999999975,109285.07386649084
2026-03-19 14:05:00+00:00,2026-03-19 14:50:00+00:00,sell,454.05,456.28999999999996,451.81000000000006,451.81000000000006,532.5226511897022,1192.8507386649073,120477.92460515567,win,-2.2399999999999523,110477.92460515576
2026-03-19 15:00:00+00:00,2026-03-19 15:40:00+00:00,sell,451.12,454.21,448.03000000000003,454.21,389.8961961331931,-1204.7792460515568,119273.1453591041,loss,3.089999999999975,109273.1453591042
2026-03-19 17:15:00+00:00,2026-03-19 18:15:00+00:00,sell,454.32000000000005,457.78,450.8600000000001,450.8600000000001,344.7200732922161,1192.7314535910411,120465.87681269515,win,-3.4599999999999227,110465.87681269523
2026-03-19 18:30:00+00:00,2026-03-19 19:20:00+00:00,sell,450.46000000000004,453.02,447.9000000000001,453.02,470.5698312996005,-1204.6587681269516,119261.2180445682,loss,2.5599999999999454,109261.21804456829
2026-03-19 20:35:00+00:00,2026-03-19 21:05:00+00:00,sell,453.96000000000004,455.67999999999995,452.2400000000001,455.67999999999995,693.379174677757,-1192.612180445682,118068.60586412252,loss,1.7199999999999136,108068.60586412261
2026-03-19 23:10:00+00:00,2026-03-20 00:00:00+00:00,sell,455.41,457.2,453.62000000000006,453.62000000000006,659.6011500789102,1180.6860586412254,119249.29192276375,win,-1.7899999999999636,109249.29192276383
2026-03-20 00:10:00+00:00,2026-03-20 00:25:00+00:00,sell,453.43,454.89,451.97,454.89,816.7759720737357,-1192.4929192276375,118056.79900353611,loss,1.4599999999999795,108056.7990035362
2026-03-20 00:35:00+00:00,2026-03-20 01:05:00+00:00,sell,452.63000000000005,455.0,450.2600000000001,455.0,498.1299536014292,-1180.5679900353612,116876.23101350076,loss,2.3699999999999477,106876.23101350084
2026-03-20 03:05:00+00:00,2026-03-20 03:15:00+00:00,buy,457.30999999999995,455.51000000000005,459.10999999999984,455.51000000000005,649.3123945194856,-1168.7623101350075,115707.46870336575,loss,-1.7999999999998977,105707.46870336584
2026-03-20 03:40:00+00:00,2026-03-20 04:55:00+00:00,buy,458.14,455.41,460.86999999999995,460.86999999999995,423.8368816973164,1157.0746870336575,116864.54339039941,win,2.7299999999999613,106864.5433903995
2026-03-20 05:05:00+00:00,2026-03-20 10:00:00+00:00,buy,461.69,457.63000000000005,465.74999999999994,465.74999999999994,287.84370293202215,1168.6454339039942,118033.1888243034,win,4.059999999999945,108033.18882430349
2026-03-20 10:10:00+00:00,2026-03-20 10:20:00+00:00,buy,465.96999999999997,463.20000000000005,468.7399999999999,468.7399999999999,426.1125950335978,1180.331888243034,119213.52071254644,win,2.769999999999925,109213.52071254652
2026-03-20 10:35:00+00:00,2026-03-20 11:20:00+00:00,buy,468.96999999999997,464.71000000000004,473.2299999999999,464.71000000000004,279.8439453346204,-1192.1352071254644,118021.38550542097,loss,-4.259999999999934,108021.38550542106
2026-03-20 12:35:00+00:00,2026-03-20 13:05:00+00:00,buy,462.03999999999996,460.29,463.7899999999999,463.7899999999999,674.407917173856,1180.2138550542097,119201.59936047519,win,1.7499999999999432,109201.59936047527
2026-03-20 13:15:00+00:00,2026-03-20 16:35:00+00:00,buy,465.73999999999995,461.90000000000003,469.57999999999987,469.57999999999987,310.42083166791076,1192.0159936047519,120393.61535407994,win,3.839999999999918,110393.61535408003
2026-03-20 18:55:00+00:00,2026-03-20 19:25:00+00:00,buy,466.92999999999995,465.14000000000004,468.71999999999986,465.14000000000004,672.5900299110962,-1203.9361535407995,119189.67920053915,loss,-1.7899999999999068,109189.67920053923
2026-03-20 21:00:00+00:00,2026-03-20 23:35:00+00:00,buy,466.0,462.79,469.21,469.21,371.3074118396882,1191.8967920053915,120381.57599254455,win,3.2099999999999795,110381.57599254463
2026-03-21 00:00:00+00:00,2026-03-21 01:40:00+00:00,buy,470.08,466.32000000000005,473.8399999999999,473.8399999999999,320.1637659376241,1203.8157599254455,121585.39175247,win,3.759999999999934,111585.39175247008
2026-03-21 02:05:00+00:00,2026-03-21 03:15:00+00:00,buy,473.97999999999996,470.40000000000003,477.5599999999999,470.40000000000003,339.6239993085823,-1215.8539175247,120369.5378349453,loss,-3.5799999999999272,110369.53783494538
2026-03-21 05:45:00+00:00,2026-03-21 08:45:00+00:00,buy,470.22999999999996,468.82000000000005,471.6399999999999,468.82000000000005,853.6846654961197,-1203.695378349453,119165.84245659584,loss,-1.4099999999999113,109165.84245659593
2026-03-21 10:05:00+00:00,2026-03-21 13:15:00+00:00,buy,467.5,465.75,469.25,465.75,680.9476711805477,-1191.6584245659585,117974.18403202988,loss,-1.75,107974.18403202997
2026-03-21 18:15:00+00:00,2026-03-21 20:30:00+00:00,sell,464.61,467.63,461.59000000000003,467.63,390.64299348354507,-1179.741840320299,116794.44219170958,loss,3.019999999999982,106794.44219170966
2026-03-21 21:25:00+00:00,2026-03-21 21:30:00+00:00,sell,467.68,468.66999999999996,466.69000000000005,466.69000000000005,1179.7418403203555,1167.9444219170957,117962.38661362667,win,-0.9899999999999523,107962.38661362676
2026-03-21 21:40:00+00:00,2026-03-22 01:45:00+00:00,sell,466.63000000000005,468.75,464.5100000000001,464.5100000000001,556.426351951083,1179.6238661362668,119142.01047976295,win,-2.1199999999999477,109142.01047976303
2026-03-22 01:55:00+00:00,2026-03-22 02:00:00+00:00,sell,463.31,465.65,460.97,460.97,509.1538909391633,1191.4201047976294,120333.43058456057,win,-2.339999999999975,110333.43058456066
2026-03-22 09:35:00+00:00,2026-03-22 09:40:00+00:00,sell,464.73,465.71,463.75000000000006,463.75000000000006,1227.8921488220951,1203.3343058456057,121536.76489040618,win,-0.9799999999999613,111536.76489040627
2026-03-22 09:55:00+00:00,2026-03-22 10:25:00+00:00,sell,463.68,466.22999999999996,461.13000000000005,466.22999999999996,476.61476427611115,-1215.3676489040618,120321.39724150211,loss,2.5499999999999545,110321.3972415022
2026-03-22 13:50:00+00:00,2026-03-22 14:15:00+00:00,sell,464.47,465.58,463.36000000000007,465.58,1083.9765517252865,-1203.2139724150213,119118.1832690871,loss,1.1099999999999568,109118.18326908718
2026-03-22 16:20:00+00:00,2026-03-22 17:05:00+00:00,buy,467.15,465.71000000000004,468.5899999999999,468.5899999999999,827.209606035361,1191.181832690871,120309.36510177796,win,1.4399999999999409,110309.36510177805
2026-03-22 17:15:00+00:00,2026-03-22 17:40:00+00:00,buy,468.76,466.54,470.97999999999996,466.54,541.9340770350431,-1203.0936510177796,119106.27145076018,loss,-2.2199999999999704,109106.27145076026
2026-03-22 20:10:00+00:00,2026-03-22 20:30:00+00:00,buy,466.95,466.01000000000005,467.88999999999993,466.01000000000005,1267.087994157103,-1191.0627145076019,117915.20873625258,loss,-0.9399999999999409,107915.20873625267
2026-03-23 00:25:00+00:00,2026-03-23 02:40:00+00:00,buy,466.4,462.57000000000005,470.2299999999999,462.57000000000005,307.8726076664617,-1179.152087362526,116736.05664889005,loss,-3.8299999999999272,106736.05664889014
2026-03-23 03:05:00+00:00,2026-03-23 03:15:00+00:00,buy,464.97999999999996,462.22,467.7399999999999,467.7399999999999,422.95672698874216,1167.3605664889005,117903.41721537896,win,2.759999999999934,107903.41721537904
2026-03-23 03:25:00+00:00,2026-03-23 08:35:00+00:00,buy,468.35999999999996,463.8,472.9199999999999,463.8,258.56012547232535,-1179.0341721537895,116724.38304322517,loss,-4.559999999999945,106724.38304322526
2026-03-23 11:00:00+00:00,2026-03-23 12:05:00+00:00,sell,464.16,466.41999999999996,461.9000000000001,466.41999999999996,516.4795709877371,-1167.2438304322518,115557.13921279291,loss,2.259999999999934,105557.139212793
2026-03-23 13:05:00+00:00,2026-03-23 13:10:00+00:00,buy,467.85999999999996,465.67,470.0499999999999,470.0499999999999,527.6581699214431,1155.5713921279291,116712.71060492084,win,2.189999999999941,106712.71060492093
2026-03-23 14:25:00+00:00,2026-03-23 14:45:00+00:00,buy,476.72999999999996,472.66,480.7999999999999,480.7999999999999,286.7634167197117,1167.1271060492084,117879.83771097005,win,4.069999999999936,107879.83771097014
2026-03-23 15:00:00+00:00,2026-03-23 17:20:00+00:00,buy,481.11999999999995,476.36,485.8799999999999,476.36,247.64671788019263,-1178.7983771097006,116701.03933386035,loss,-4.759999999999934,106701.03933386043
2026-03-23 18:35:00+00:00,2026-03-23 19:15:00+00:00,buy,478.14,476.39000000000004,479.88999999999993,476.39000000000004,666.8630819077952,-1167.0103933386035,115534.02894052175,loss,-1.7499999999999432,105534.02894052184
2026-03-23 20:05:00+00:00,2026-03-23 21:15:00+00:00,buy,478.96999999999997,475.68,482.25999999999993,475.68,351.16726121739526,-1155.3402894052176,114378.68865111654,loss,-3.2899999999999636,104378.68865111662
2026-03-23 22:35:00+00:00,2026-03-23 23:35:00+00:00,buy,477.10999999999996,474.84000000000003,479.3799999999999,474.84000000000003,503.8708751150675,-1143.7868865111654,113234.90176460537,loss,-2.269999999999925,103234.90176460546
2026-03-24 00:50:00+00:00,2026-03-24 01:05:00+00:00,buy,476.34999999999997,474.65000000000003,478.0499999999999,474.65000000000003,666.0876574388818,-1132.3490176460537,112102.55274695932,loss,-1.6999999999999318,102102.55274695941
2026-03-24 01:55:00+00:00,2026-03-24 02:35:00+00:00,buy,476.40999999999997,473.51000000000005,479.3099999999999,473.51000000000005,386.5605267136635,-1121.0255274695933,110981.52721948973,loss,-2.8999999999999204,100981.52721948981
2026-03-24 09:10:00+00:00,2026-03-24 11:15:00+00:00,buy,475.07,473.23,476.90999999999997,476.90999999999997,603.1604740189741,1109.8152721948973,112091.34249168463,win,1.839999999999975,102091.34249168471
2026-03-24 11:25:00+00:00,2026-03-24 12:00:00+00:00,buy,477.28999999999996,474.73,479.8499999999999,474.73,437.8568066081524,-1120.9134249168462,110970.42906676779,loss,-2.5599999999999454,100970.42906676787
2026-03-24 15:05:00+00:00,2026-03-24 15:35:00+00:00,sell,470.94000000000005,472.78999999999996,469.09000000000015,469.09000000000015,599.8401571176933,1109.704290667678,112080.13335743546,win,-1.849999999999909,102080.13335743555
2026-03-24 15:45:00+00:00,2026-03-24 16:00:00+00:00,sell,468.82000000000005,471.27,466.3700000000001,471.27,457.4699320711779,-1120.8013335743547,110959.3320238611,loss,2.449999999999932,100959.33202386119
2026-03-24 16:45:00+00:00,2026-03-24 17:25:00+00:00,sell,468.14000000000004,471.29999999999995,464.98000000000013,471.29999999999995,351.1371266577982,-1109.593320238611,109849.7387036225,loss,3.1599999999999113,99849.73870362258
2026-03-24 19:15:00+00:00,2026-03-24 19:45:00+00:00,sell,471.72,474.09999999999997,469.3400000000001,469.3400000000001,461.55352396481237,1098.497387036225,110948.23609065873,win,-2.3799999999999386,100948.23609065881
2026-03-24 21:00:00+00:00,2026-03-24 22:20:00+00:00,sell,471.36,473.65,469.07000000000005,473.65,484.4901139330152,-1109.4823609065872,109838.75372975213,loss,2.2899999999999636,99838.75372975222
2026-03-24 23:05:00+00:00,2026-03-25 05:50:00+00:00,buy,475.32,472.93,477.71,477.71,459.5763754382961,1098.3875372975215,110937.14126704965,win,2.3899999999999864,100937.14126704974
2026-03-25 06:10:00+00:00,2026-03-25 08:00:00+00:00,buy,477.98999999999995,475.87,480.1099999999999,475.87,523.2884022030773,-1109.3714126704965,109827.76985437915,loss,-2.1199999999999477,99827.76985437924
2026-03-25 09:30:00+00:00,2026-03-25 15:40:00+00:00,buy,477.14,474.46000000000004,479.81999999999994,474.46000000000004,409.80511139694477,-1098.2776985437915,108729.49215583535,loss,-2.67999999999995,98729.49215583544
2026-03-25 21:35:00+00:00,2026-03-25 23:05:00+00:00,sell,473.14000000000004,475.23999999999995,471.04000000000013,471.04000000000013,517.7594864563812,1087.2949215583533,109816.7870773937,win,-2.099999999999909,99816.78707739379
2026-03-25 23:30:00+00:00,2026-03-26 00:40:00+00:00,sell,470.51000000000005,472.84,468.1800000000001,472.84,471.31668273561,-1098.167870773937,108718.61920661977,loss,2.3299999999999272,98718.61920661986
2026-03-26 02:50:00+00:00,2026-03-26 05:10:00+00:00,sell,470.74,472.72999999999996,468.75000000000006,468.75000000000006,546.3247196312682,1087.1861920661977,109805.80539868597,win,-1.9899999999999523,99805.80539868606
2026-03-26 05:20:00+00:00,2026-03-26 07:35:00+00:00,sell,468.72,470.60999999999996,466.8300000000001,466.8300000000001,580.9830973475665,1098.0580539868597,110903.86345267283,win,-1.8899999999999295,100903.86345267291
2026-03-26 07:45:00+00:00,2026-03-26 08:45:00+00:00,sell,466.28000000000003,468.88,463.68000000000006,463.68000000000006,426.55332097182423,1109.0386345267284,112012.90208719956,win,-2.599999999999966,102012.90208719965
2026-03-26 10:00:00+00:00,2026-03-26 11:30:00+00:00,sell,465.13000000000005,466.9,463.3600000000001,463.3600000000001,632.8412547299679,1120.1290208719956,113133.03110807156,win,-1.769999999999925,103133.03110807165
2026-03-26 12:00:00+00:00,2026-03-26 21:25:00+00:00,sell,462.37,466.9,457.84000000000003,457.84000000000003,249.74179052554578,1131.3303110807155,114264.36141915228,win,-4.529999999999973,104264.36141915237
2026-03-27 00:20:00+00:00,2026-03-27 02:05:00+00:00,sell,458.6,461.16999999999996,456.0300000000001,461.16999999999996,444.608410191265,-1142.6436141915228,113121.71780496076,loss,2.5699999999999363,103121.71780496085
2026-03-27 05:05:00+00:00,2026-03-27 06:00:00+00:00,sell,462.92,464.44,461.40000000000003,461.40000000000003,744.2218276642244,1131.2171780496076,114252.93498301037,win,-1.5199999999999818,104252.93498301046
2026-03-27 12:35:00+00:00,2026-03-27 12:50:00+00:00,sell,463.09000000000003,466.54999999999995,459.6300000000001,459.6300000000001,330.21079474859226,1142.5293498301037,115395.46433284048,win,-3.4599999999999227,105395.46433284057
2026-03-27 13:00:00+00:00,2026-03-27 17:15:00+00:00,sell,459.02000000000004,465.5,452.5400000000001,465.5,178.07942026673018,-1153.9546433284047,114241.50968951208,loss,6.479999999999961,104241.50968951217
2026-03-27 18:40:00+00:00,2026-03-27 19:35:00+00:00,buy,467.73999999999995,464.68,470.7999999999999,464.68,373.33826695919646,-1142.4150968951208,113099.09459261697,loss,-3.0599999999999454,103099.09459261705
2026-03-27 20:50:00+00:00,2026-03-27 23:00:00+00:00,buy,465.63,462.57000000000005,468.68999999999994,468.68999999999994,369.6048842896045,1130.9909459261696,114230.08553854314,win,3.0599999999999454,104230.08553854322
2026-03-27 23:10:00+00:00,2026-03-28 02:00:00+00:00,buy,468.78,464.57000000000005,472.9899999999999,472.9899999999999,271.3303694502262,1142.3008553854313,115372.38639392857,win,4.209999999999923,105372.38639392865
2026-03-28 02:45:00+00:00,2026-03-28 03:40:00+00:00,buy,473.34,470.70000000000005,475.9799999999999,470.70000000000005,437.01661512852894,-1153.7238639392856,114218.66252998928,loss,-2.6399999999999295,104218.66252998936
2026-03-28 04:10:00+00:00,2026-03-28 06:15:00+00:00,buy,474.38,470.46000000000004,478.29999999999995,470.46000000000004,291.37413910711854,-1142.1866252998927,113076.47590468939,loss,-3.919999999999959,103076.47590468948
2026-03-28 07:30:00+00:00,2026-03-28 08:20:00+00:00,buy,472.71999999999997,470.68,474.75999999999993,474.75999999999993,554.2964505131931,1130.764759046894,114207.24066373629,win,2.0399999999999636,104207.24066373637
2026-03-28 08:35:00+00:00,2026-03-28 09:40:00+00:00,buy,474.90999999999997,472.38000000000005,477.4399999999999,477.4399999999999,451.4120184337553,1142.072406637363,115349.31307037365,win,2.529999999999916,105349.31307037374
2026-03-28 09:50:00+00:00,2026-03-28 10:10:00+00:00,buy,477.53999999999996,476.38000000000005,478.6999999999999,476.38000000000005,994.3906299170903,-1153.4931307037366,114195.81993966992,loss,-1.1599999999999113,104195.81993967001
2026-03-28 11:25:00+00:00,2026-03-28 12:00:00+00:00,buy,476.30999999999995,474.67,477.9499999999999,477.9499999999999,696.3159752419197,1141.9581993966992,115337.77813906662,win,1.6399999999999295,105337.77813906671
2026-03-28 13:15:00+00:00,2026-03-28 15:00:00+00:00,buy,475.85999999999996,473.90000000000003,477.8199999999999,477.8199999999999,588.4580517299551,1153.3777813906663,116491.15592045728,win,1.9599999999999227,106491.15592045737
2026-03-28 15:10:00+00:00,2026-03-28 15:40:00+00:00,buy,477.92999999999995,475.09000000000003,480.76999999999987,480.76999999999987,410.1801264804952,1164.9115592045728,117656.06747966186,win,2.839999999999918,107656.06747966194
2026-03-28 17:15:00+00:00,2026-03-29 01:20:00+00:00,buy,481.16999999999996,478.5,483.8399999999999,478.5,440.65942876278524,-1176.5606747966185,116479.50680486523,loss,-2.669999999999959,106479.50680486532
2026-03-29 02:35:00+00:00,2026-03-29 04:50:00+00:00,buy,480.64,478.95000000000005,482.3299999999999,482.3299999999999,689.2278509163865,1164.7950680486524,117644.30187291389,win,1.6899999999999409,107644.30187291397
2026-03-29 05:00:00+00:00,2026-03-29 08:00:00+00:00,buy,482.63,480.74,484.52,480.74,622.4566236662156,-1176.4430187291389,116467.85885418474,loss,-1.8899999999999864,106467.85885418483
2026-03-29 08:40:00+00:00,2026-03-29 12:50:00+00:00,buy,482.59999999999997,480.3,484.8999999999999,480.3,506.3819950182045,-1164.6785885418474,115303.18026564289,loss,-2.2999999999999545,105303.18026564298
2026-03-29 14:05:00+00:00,2026-03-29 14:20:00+00:00,buy,480.40999999999997,479.51000000000005,481.3099999999999,481.3099999999999,1281.1464473961455,1153.031802656429,116456.21206829933,win,0.8999999999999204,106456.21206829941
2026-03-29 14:30:00+00:00,2026-03-29 16:05:00+00:00,buy,481.5,479.63000000000005,483.36999999999995,479.63000000000005,622.7604923438641,-1164.5621206829933,115291.64994761633,loss,-1.8699999999999477,105291.64994761642
2026-03-29 17:05:00+00:00,2026-03-29 17:20:00+00:00,sell,476.04,478.34,473.74000000000007,473.74000000000007,501.26804325051575,1152.9164994761634,116444.5664470925,win,-2.2999999999999545,106444.56644709258
2026-03-29 17:30:00+00:00,2026-03-29 17:35:00+00:00,sell,468.59000000000003,476.75,460.43000000000006,460.43000000000006,142.70167456751588,1164.445664470925,117609.01211156342,win,-8.159999999999968,107609.01211156351
2026-03-29 17:45:00+00:00,2026-03-31 20:15:00+00:00,sell,457.52000000000004,475.22999999999996,439.8100000000001,475.22999999999996,66.4082507688108,-1176.0901211156342,116432.9219904478,loss,17.709999999999923,106432.92199044788
2026-04-01 04:05:00+00:00,2026-04-01 04:20:00+00:00,sell,462.69000000000005,464.4,460.98000000000013,460.98000000000013,680.8942806459243,1164.329219904478,117597.25121035227,win,-1.7099999999999227,107597.25121035236
2026-04-01 04:30:00+00:00,2026-04-01 09:25:00+00:00,sell,460.3,463.78999999999996,456.81000000000006,463.78999999999996,336.95487452823465,-1175.9725121035228,116421.27869824875,loss,3.4899999999999523,106421.27869824883
2026-04-01 10:25:00+00:00,2026-04-01 10:50:00+00:00,sell,461.25,463.82,458.68,458.68,453.0010844289846,1164.2127869824874,117585.49148523124,win,-2.569999999999993,107585.49148523132
2026-04-01 11:55:00+00:00,2026-04-01 21:45:00+00:00,sell,458.63000000000005,462.76,454.5000000000001,454.5000000000001,284.7106331361573,1175.8549148523123,118761.34640008355,win,-4.129999999999939,108761.34640008364
2026-04-01 22:15:00+00:00,2026-04-02 04:05:00+00:00,sell,454.41,456.96,451.86000000000007,451.86000000000007,465.7307701964144,1187.6134640008356,119948.95986408439,win,-2.5499999999999545,109948.95986408448
2026-04-02 04:15:00+00:00,2026-04-02 05:40:00+00:00,sell,450.49,454.03,446.95000000000005,446.95000000000005,338.83886967255825,1199.489598640844,121148.44946272523,win,-3.5399999999999636,111148.44946272532
2026-04-02 06:00:00+00:00,2026-04-02 07:40:00+00:00,sell,445.6,449.73999999999995,441.4600000000001,441.4600000000001,292.6291049824331,1211.4844946272524,122359.93395735248,win,-4.1399999999999295,112359.93395735256
2026-04-02 08:05:00+00:00,2026-04-02 12:30:00+00:00,sell,440.57000000000005,444.27,436.8700000000001,444.27,330.70252420906684,-1223.5993395735247,121136.33461777895,loss,3.699999999999932,111136.33461777904
2026-04-02 13:10:00+00:00,2026-04-02 16:20:00+00:00,sell,442.04,444.63,439.45000000000005,439.45000000000005,467.7078556671047,1211.3633461777895,122347.69796395674,win,-2.589999999999975,112347.69796395683
2026-04-02 18:40:00+00:00,2026-04-02 18:50:00+00:00,sell,442.35,444.02,440.68000000000006,440.68000000000006,732.6209458919744,1223.4769796395674,123571.17494359631,win,-1.669999999999959,113571.1749435964
2026-04-02 20:35:00+00:00,2026-04-02 20:50:00+00:00,sell,441.94000000000005,443.78999999999996,440.09000000000015,440.09000000000015,667.9522969924453,1235.7117494359632,124806.88669303228,win,-1.849999999999909,114806.88669303237
2026-04-02 21:00:00+00:00,2026-04-03 01:55:00+00:00,sell,439.67,443.5,435.84000000000003,443.5,325.8665448904251,-1248.0688669303229,123558.81782610196,loss,3.829999999999984,113558.81782610205
2026-04-03 02:45:00+00:00,2026-04-03 03:05:00+00:00,sell,442.49,443.72999999999996,441.25000000000006,443.72999999999996,996.4420792427962,-1235.5881782610197,122323.22964784094,loss,1.2399999999999523,112323.22964784103
2026-04-03 04:35:00+00:00,2026-04-03 05:15:00+00:00,sell,442.31,443.77,440.85,443.77,837.8303400537168,-1223.2322964784094,121099.99735136253,loss,1.4599999999999795,111099.99735136262
2026-04-03 05:25:00+00:00,2026-04-03 07:30:00+00:00,sell,441.8,443.89,439.71000000000004,443.89,579.4258246476745,-1210.9999735136253,119888.99737784891,loss,2.089999999999975,109888.997377849
2026-04-03 12:20:00+00:00,2026-04-03 15:30:00+00:00,sell,441.33000000000004,444.15999999999997,438.5000000000001,444.15999999999997,423.6360331372862,-1198.889973778489,118690.10740407041,loss,2.8299999999999272,108690.1074040705
2026-04-03 15:45:00+00:00,2026-04-05 07:55:00+00:00,sell,441.03000000000003,444.34999999999997,437.7100000000001,437.7100000000001,357.50032350624303,1186.901074040704,119877.00847811112,win,-3.3199999999999363,109877.00847811121
2026-04-05 08:10:00+00:00,2026-04-05 15:30:00+00:00,sell,433.47,439.15999999999997,427.7800000000001,427.7800000000001,210.6801554975613,1198.7700847811113,121075.77856289223,win,-5.689999999999941,111075.77856289232
2026-04-05 15:40:00+00:00,2026-04-05 18:00:00+00:00,sell,426.78000000000003,432.02,421.5400000000001,421.5400000000001,231.06064611239188,1210.7577856289224,122286.53634852116,win,-5.239999999999952,112286.53634852124
2026-04-05 18:10:00+00:00,2026-04-05 19:40:00+00:00,sell,421.3,424.47999999999996,418.12000000000006,424.47999999999996,384.54885644189653,-1222.8653634852117,121063.67098503595,loss,3.17999999999995,111063.67098503603
2026-04-05 21:20:00+00:00,2026-04-05 21:45:00+00:00,sell,424.26000000000005,426.57,421.9500000000001,426.57,524.0851557793887,-1210.6367098503595,119853.0342751856,loss,2.3099999999999454,109853.03427518568
2026-04-05 22:10:00+00:00,2026-04-06 00:15:00+00:00,sell,424.75,426.80999999999995,422.69000000000005,422.69000000000005,581.810845996062,1198.5303427518559,121051.56461793745,win,-2.0599999999999454,111051.56461793753
2026-04-06 00:25:00+00:00,2026-04-06 02:15:00+00:00,sell,422.57000000000005,425.08,420.0600000000001,425.08,482.2771498722734,-1210.5156461793745,119841.04897175806,loss,2.509999999999934,109841.04897175815
2026-04-06 09:05:00+00:00,2026-04-06 09:20:00+00:00,buy,434.78,432.93,436.62999999999994,432.93,647.7894539014069,-1198.4104897175807,118642.63848204048,loss,-1.849999999999966,108642.63848204057
2026-04-06 10:35:00+00:00,2026-04-06 12:20:00+00:00,buy,434.86999999999995,432.35,437.3899999999999,437.3899999999999,470.8041209604921,1186.4263848204048,119829.06486686088,win,2.519999999999925,109829.06486686096
2026-04-06 13:05:00+00:00,2026-04-06 20:00:00+00:00,buy,438.46999999999997,434.45000000000005,442.4899999999999,434.45000000000005,298.0822509125948,-1198.2906486686088,118630.77421819227,loss,-4.019999999999925,108630.77421819235
2026-04-06 21:15:00+00:00,2026-04-06 22:05:00+00:00,buy,436.82,435.47,438.16999999999996,435.47,878.7464756903354,-1186.3077421819228,117444.46647601035,loss,-1.349999999999966,107444.46647601044
2026-04-06 23:05:00+00:00,2026-04-07 01:40:00+00:00,buy,436.47999999999996,434.99,437.9699999999999,434.99,788.2178958121752,-1174.4446647601035,116270.02181125025,loss,-1.4899999999999523,106270.02181125034
2026-04-07 06:50:00+00:00,2026-04-07 07:45:00+00:00,sell,430.74,432.11999999999995,429.36000000000007,432.11999999999995,842.5363899366334,-1162.7002181125024,115107.32159313775,loss,1.3799999999999386,105107.32159313784
2026-04-07 08:25:00+00:00,2026-04-07 09:40:00+00:00,sell,430.65000000000003,432.15999999999997,429.1400000000001,429.1400000000001,762.3001430009456,1151.0732159313775,116258.39480906913,win,-1.509999999999934,106258.39480906921
2026-04-07 10:55:00+00:00,2026-04-07 11:10:00+00:00,sell,429.53000000000003,430.77,428.2900000000001,430.77,937.5677000731743,-1162.5839480906914,115095.81086097844,loss,1.2399999999999523,105095.81086097853
2026-04-07 13:05:00+00:00,2026-04-07 16:05:00+00:00,sell,431.06,433.08,429.04,433.08,569.781241886037,-1150.9581086097844,113944.85275236865,loss,2.019999999999982,103944.85275236874
2026-04-07 17:05:00+00:00,2026-04-07 18:30:00+00:00,sell,429.61,433.19,426.03000000000003,433.19,318.28171159879656,-1139.4485275236866,112805.40422484497,loss,3.579999999999984,102805.40422484506
2026-04-07 23:05:00+00:00,2026-04-08 00:05:00+00:00,buy,434.40999999999997,431.24,437.5799999999999,437.5799999999999,355.85301017301714,1128.0540422484498,113933.45826709342,win,3.169999999999959,103933.4582670935
2026-04-08 00:20:00+00:00,2026-04-08 02:00:00+00:00,buy,439.52,434.81,444.22999999999996,444.22999999999996,241.89693899595312,1139.3345826709342,115072.79284976436,win,4.7099999999999795,105072.79284976445
2026-04-08 02:25:00+00:00,2026-04-09 01:20:00+00:00,buy,444.65,440.18,449.11999999999995,440.18,257.4335410509287,-1150.7279284976437,113922.06492126672,loss,-4.46999999999997,103922.0649212668
2026-04-09 06:40:00+00:00,2026-04-09 07:55:00+00:00,sell,439.26000000000005,441.08,437.4400000000001,437.4400000000001,625.9454116553336,1139.2206492126672,115061.28557047939,win,-1.8199999999999363,105061.28557047948
2026-04-09 14:15:00+00:00,2026-04-09 16:05:00+00:00,sell,440.29,442.10999999999996,438.4700000000001,438.4700000000001,632.204865771887,1150.612855704794,116211.89842618418,win,-1.8199999999999363,106211.89842618427
2026-04-09 16:20:00+00:00,2026-04-09 16:45:00+00:00,sell,438.25,440.03999999999996,436.46000000000004,436.46000000000004,649.2284828278579,1162.118984261842,117374.01741044603,win,-1.7899999999999636,107374.01741044612
2026-04-09 16:55:00+00:00,2026-04-09 18:35:00+00:00,sell,433.57000000000005,439.05999999999995,428.08000000000015,439.05999999999995,213.796024427046,-1173.7401741044603,116200.27723634157,loss,5.489999999999895,106200.27723634166
2026-04-09 22:05:00+00:00,2026-04-10 00:25:00+00:00,buy,444.16999999999996,442.28000000000003,446.0599999999999,442.28000000000003,614.8162816737879,-1162.0027723634157,115038.27446397816,loss,-1.8899999999999295,105038.27446397825
2026-04-10 01:15:00+00:00,2026-04-10 01:50:00+00:00,buy,444.19,441.92,446.46,441.92,506.7765394888946,-1150.3827446397815,113887.89171933838,loss,-2.269999999999982,103887.89171933847
2026-04-10 02:05:00+00:00,2026-04-10 02:25:00+00:00,buy,443.15,441.78000000000003,444.5199999999999,441.78000000000003,831.2984797032316,-1138.8789171933838,112749.012802145,loss,-1.3699999999999477,102749.01280214508
2026-04-10 04:00:00+00:00,2026-04-10 04:35:00+00:00,buy,442.7,440.77000000000004,444.62999999999994,444.62999999999994,584.1917761769322,1127.49012802145,113876.50293016645,win,1.92999999999995,103876.50293016653
2026-04-10 08:25:00+00:00,2026-04-10 08:40:00+00:00,buy,442.35999999999996,441.01000000000005,443.70999999999987,441.01000000000005,843.5296513346232,-1138.7650293016645,112737.73790086478,loss,-1.349999999999909,102737.73790086487
2026-04-10 09:15:00+00:00,2026-04-10 10:50:00+00:00,sell,439.0,441.73999999999995,436.26000000000005,436.26000000000005,411.4515981783458,1127.377379008648,113865.11527987343,win,-2.7399999999999523,103865.11527987351
2026-04-10 11:00:00+00:00,2026-04-10 13:45:00+00:00,sell,435.51000000000005,438.34999999999997,432.67000000000013,438.34999999999997,400.93350450660813,-1138.6511527987343,112726.4641270747,loss,2.839999999999918,102726.46412707478
2026-04-10 17:10:00+00:00,2026-04-10 20:20:00+00:00,buy,442.26,440.20000000000005,444.31999999999994,444.31999999999994,547.2158452770761,1127.264641270747,113853.72876834543,win,2.0599999999999454,103853.72876834552
2026-04-10 21:55:00+00:00,2026-04-10 22:10:00+00:00,buy,444.03,442.58000000000004,445.4799999999999,445.4799999999999,785.198129436902,1138.5372876834545,114992.2660560289,win,1.4499999999999318,104992.26605602898
2026-04-10 23:55:00+00:00,2026-04-11 01:15:00+00:00,buy,445.16999999999996,443.53000000000003,446.8099999999999,443.53000000000003,701.1723540002063,-1149.922660560289,113842.3433954686,loss,-1.6399999999999295,103842.34339546869
2026-04-11 03:35:00+00:00,2026-04-11 04:00:00+00:00,buy,442.90999999999997,441.87,443.94999999999993,443.94999999999993,1094.6379172641596,1138.423433954686,114980.76682942329,win,1.0399999999999636,104980.76682942337
2026-04-11 05:25:00+00:00,2026-04-11 06:55:00+00:00,buy,443.46999999999997,442.51000000000005,444.4299999999999,442.51000000000005,1197.7163211399222,-1149.8076682942328,113830.95916112905,loss,-0.9599999999999227,103830.95916112914
2026-04-11 09:05:00+00:00,2026-04-11 12:15:00+00:00,sell,439.46000000000004,440.96999999999997,437.9500000000001,440.96999999999997,753.8474116631392,-1138.3095916112904,112692.64956951776,loss,1.509999999999934,102692.64956951785
2026-04-11 12:30:00+00:00,2026-04-11 14:25:00+00:00,sell,440.04,441.32,438.76000000000005,438.76000000000005,880.4113247618764,1126.9264956951777,113819.57606521294,win,-1.2799999999999727,103819.57606521303
2026-04-11 16:00:00+00:00,2026-04-11 16:10:00+00:00,sell,438.96000000000004,439.91999999999996,438.0000000000001,438.0000000000001,1185.6205840127302,1138.1957606521294,114957.77182586507,win,-0.9599999999999227,104957.77182586516
2026-04-11 16:30:00+00:00,2026-04-11 19:40:00+00:00,sell,437.51000000000005,439.48999999999995,435.53000000000014,439.48999999999995,580.5948072013667,-1149.5777182586507,113808.19410760642,loss,1.9799999999999045,103808.19410760651
2026-04-11 20:55:00+00:00,2026-04-11 21:30:00+00:00,sell,437.65000000000003,438.5,436.80000000000007,438.5,1338.9199306777766,-1138.0819410760644,112670.11216653037,loss,0.8499999999999659,102670.11216653045
2026-04-11 23:10:00+00:00,2026-04-11 23:15:00+00:00,sell,439.72,440.35999999999996,439.0800000000001,439.0800000000001,1760.4705026022307,1126.7011216653036,113796.81328819567,win,-0.6399999999999295,103796.81328819576
2026-04-11 23:25:00+00:00,2026-04-12 01:35:00+00:00,sell,438.57000000000005,440.32,436.8200000000001,436.8200000000001,650.2675045039964,1137.9681328819568,114934.78142107763,win,-1.7499999999999432,104934.78142107771
2026-04-12 02:00:00+00:00,2026-04-12 04:35:00+00:00,sell,436.21000000000004,439.59999999999997,432.8200000000001,432.8200000000001,339.04065315952806,1149.3478142107763,116084.1292352884,win,-3.3899999999999295,106084.12923528849
2026-04-12 04:45:00+00:00,2026-04-12 07:30:00+00:00,sell,429.73,435.78999999999996,423.6700000000001,423.6700000000001,191.5579690351311,1160.841292352884,117244.97052764129,win,-6.059999999999945,107244.97052764137
2026-04-12 07:40:00+00:00,2026-04-12 16:00:00+00:00,sell,423.27000000000004,425.88,420.6600000000001,420.6600000000001,449.214446466066,1172.449705276413,118417.4202329177,win,-2.609999999999957,108417.4202329178
2026-04-12 17:15:00+00:00,2026-04-12 23:35:00+00:00,sell,421.07000000000005,423.22999999999996,418.91000000000014,423.22999999999996,548.2287973746414,-1184.174202329177,117233.24603058853,loss,2.1599999999999113,107233.24603058862
2026-04-13 00:10:00+00:00,2026-04-13 00:15:00+00:00,sell,422.5,423.39,421.61,423.39,1317.2274834897792,-1172.3324603058854,116060.91357028265,loss,0.8899999999999864,106060.91357028273
2026-04-13 00:50:00+00:00,2026-04-13 01:00:00+00:00,sell,422.06,424.0,420.12,420.12,598.2521318055814,1160.6091357028265,117221.52270598547,win,-1.9399999999999977,107221.52270598555
2026-04-13 01:15:00+00:00,2026-04-13 03:30:00+00:00,sell,419.26000000000005,423.09999999999997,415.42000000000013,423.09999999999997,305.26438204684365,-1172.2152270598547,116049.3074789256,loss,3.839999999999918,106049.3074789257
2026-04-13 17:45:00+00:00,2026-04-14 01:10:00+00:00,buy,427.03999999999996,423.24,430.8399999999999,430.8399999999999,305.39291441822894,1160.493074789256,117209.80055371486,win,3.7999999999999545,107209.80055371494
2026-04-14 01:20:00+00:00,2026-04-14 01:25:00+00:00,buy,431.78999999999996,427.52000000000004,436.0599999999999,436.0599999999999,274.4960200321239,1172.0980055371485,118381.898559252,win,4.269999999999925,108381.89855925209
2026-04-14 01:35:00+00:00,2026-04-15 10:45:00+00:00,buy,436.22999999999996,428.34000000000003,444.1199999999999,428.34000000000003,150.04042909918005,-1183.81898559252,117198.07957365949,loss,-7.8899999999999295,107198.07957365958
2026-04-15 11:00:00+00:00,2026-04-15 11:50:00+00:00,sell,426.92,430.21999999999997,423.62000000000006,430.21999999999997,355.14569567776095,-1171.980795736595,116026.09877792289,loss,3.2999999999999545,106026.09877792298
2026-04-15 16:00:00+00:00,2026-04-15 16:50:00+00:00,sell,433.08000000000004,435.01,431.1500000000001,431.1500000000001,601.1714962586834,1160.260987779229,117186.35976570212,win,-1.92999999999995,107186.3597657022
2026-04-15 20:05:00+00:00,2026-04-15 20:50:00+00:00,buy,434.7,433.14000000000004,436.25999999999993,436.25999999999993,751.1946138827323,1171.8635976570213,118358.22336335914,win,1.5599999999999454,108358.22336335923
2026-04-15 21:00:00+00:00,2026-04-15 21:35:00+00:00,buy,436.46999999999997,434.41,438.5299999999999,438.5299999999999,574.5544823464188,1183.5822336335914,119541.80559699272,win,2.0599999999999454,109541.80559699281
2026-04-15 21:45:00+00:00,2026-04-15 22:35:00+00:00,buy,438.69,437.24,440.14,440.14,824.426245496508,1195.4180559699273,120737.22365296265,win,1.4499999999999886,110737.22365296274
2026-04-16 00:55:00+00:00,2026-04-16 01:05:00+00:00,buy,438.5,436.98,440.02,440.02,794.3238398221323,1207.3722365296267,121944.59588949228,win,1.5199999999999818,111944.59588949237
2026-04-16 01:35:00+00:00,2026-04-16 02:00:00+00:00,buy,440.51,437.87,443.15,437.87,461.91134806626104,-1219.4459588949228,120725.14993059736,loss,-2.6399999999999864,110725.14993059744
2026-04-16 04:20:00+00:00,2026-04-16 05:30:00+00:00,buy,439.59,437.75,441.42999999999995,441.42999999999995,656.1149452749945,1207.2514993059735,121932.40142990333,win,1.839999999999975,111932.40142990342
2026-04-16 05:40:00+00:00,2026-04-16 10:55:00+00:00,buy,441.71,439.35,444.06999999999994,439.35,516.6627179233286,-1219.3240142990333,120713.07741560429,loss,-2.359999999999957,110713.07741560438
2026-04-16 21:05:00+00:00,2026-04-16 21:35:00+00:00,buy,439.11999999999995,437.49,440.7499999999999,440.7499999999999,740.5710270896247,1207.130774156043,121920.20818976033,win,1.6299999999999386,111920.20818976042
2026-04-16 21:45:00+00:00,2026-04-16 21:50:00+00:00,buy,441.2,438.43,443.96999999999997,443.96999999999997,440.1451559197153,1219.2020818976034,123139.41027165794,win,2.769999999999982,113139.41027165802
2026-04-16 22:00:00+00:00,2026-04-17 02:10:00+00:00,buy,444.27,438.94000000000005,449.5999999999999,449.5999999999999,231.03078850217565,1231.3941027165795,124370.80437437452,win,5.329999999999927,114370.80437437461
2026-04-17 02:20:00+00:00,2026-04-17 02:30:00+00:00,buy,449.90999999999997,447.22,452.5999999999999,452.5999999999999,462.3449976742649,1243.7080437437453,125614.51241811826,win,2.689999999999941,115614.51241811835
2026-04-17 03:10:00+00:00,2026-04-17 06:40:00+00:00,buy,455.47999999999996,448.52000000000004,462.4399999999999,448.52000000000004,180.4806212904018,-1256.1451241811826,124358.36729393707,loss,-6.959999999999923,114358.36729393716
2026-04-17 07:15:00+00:00,2026-04-17 07:55:00+00:00,buy,450.03999999999996,447.92,452.1599999999999,447.92,586.5960721412271,-1243.5836729393707,123114.7836209977,loss,-2.1199999999999477,113114.78362099778
2026-04-17 09:10:00+00:00,2026-04-17 09:20:00+00:00,buy,447.09999999999997,445.84000000000003,448.3599999999999,448.3599999999999,977.1014573095566,1231.147836209977,124345.93145720767,win,1.259999999999934,114345.93145720776
2026-04-17 09:30:00+00:00,2026-04-17 13:25:00+00:00,buy,448.77,445.92,451.61999999999995,445.92,436.3015138849444,-1243.4593145720767,123102.4721426356,loss,-2.849999999999966,113102.47214263568
2026-04-17 14:05:00+00:00,2026-04-17 14:25:00+00:00,buy,446.90999999999997,445.16,448.6599999999999,448.6599999999999,703.4426979579406,1231.024721426356,124333.49686406195,win,1.7499999999999432,114333.49686406204
2026-04-17 14:35:00+00:00,2026-04-17 15:55:00+00:00,buy,448.71,446.46000000000004,450.9599999999999,450.9599999999999,552.5933193958449,1243.3349686406195,125576.83183270256,win,2.249999999999943,115576.83183270265
2026-04-17 16:10:00+00:00,2026-04-17 16:35:00+00:00,buy,451.33,448.75,453.90999999999997,453.90999999999997,486.7319063283075,1255.7683183270256,126832.60015102959,win,2.579999999999984,116832.60015102968
2026-04-17 16:50:00+00:00,2026-04-17 17:30:00+00:00,buy,454.36999999999995,451.08000000000004,457.65999999999985,457.65999999999985,385.50942295146865,1268.326001510296,128100.92615253989,win,3.2899999999999068,118100.92615253998
2026-04-17 17:40:00+00:00,2026-04-17 20:20:00+00:00,buy,457.89,455.13000000000005,460.6499999999999,455.13000000000005,464.1337904077643,-1281.0092615253989,126819.9168910145,loss,-2.759999999999934,116819.91689101458
2026-04-17 21:40:00+00:00,2026-04-17 23:30:00+00:00,buy,454.36999999999995,452.04,456.6999999999999,452.04,544.2914888026543,-1268.1991689101449,125551.71772210435,loss,-2.3299999999999272,115551.71772210444
2026-04-18 00:50:00+00:00,2026-04-18 01:15:00+00:00,buy,454.21,452.81,455.60999999999996,452.81,896.7979837293313,-1255.5171772210435,124296.20054488331,loss,-1.3999999999999773,114296.2005448834
2026-04-18 03:25:00+00:00,2026-04-18 11:15:00+00:00,buy,453.2,450.96000000000004,455.43999999999994,450.96000000000004,554.8937524325265,-1242.962005448833,123053.23853943447,loss,-2.2399999999999523,113053.23853943456
2026-04-18 13:05:00+00:00,2026-04-18 13:10:00+00:00,sell,448.37,450.19,446.55,446.55,676.1166952716205,1230.5323853943448,124283.77092482882,win,-1.8199999999999932,114283.7709248289
2026-04-18 13:50:00+00:00,2026-04-18 14:35:00+00:00,sell,446.42,449.03,443.81000000000006,443.81000000000006,476.1830303633366,1242.837709248288,125526.6086340771,win,-2.609999999999957,115526.60863407719
2026-04-18 15:10:00+00:00,2026-04-18 16:00:00+00:00,sell,443.51000000000005,445.52,441.5000000000001,445.52,624.5104907168219,-1255.266086340771,124271.34254773633,loss,2.009999999999934,114271.34254773642
2026-04-18 16:40:00+00:00,2026-04-18 16:50:00+00:00,sell,443.8,445.61999999999995,441.9800000000001,445.61999999999995,682.8095744381357,-1242.7134254773634,123028.62912225896,loss,1.8199999999999363,113028.62912225905
2026-04-18 18:05:00+00:00,2026-04-18 18:50:00+00:00,sell,445.66,446.66999999999996,444.6500000000001,444.6500000000001,1218.1052388343267,1230.2862912225896,124258.91541348155,win,-1.009999999999934,114258.91541348163
2026-04-18 19:00:00+00:00,2026-04-18 19:20:00+00:00,sell,444.61,446.03999999999996,443.18000000000006,446.03999999999996,868.9434644299713,-1242.5891541348155,123016.32625934674,loss,1.42999999999995,113016.32625934682
2026-04-18 20:10:00+00:00,2026-04-20 01:05:00+00:00,sell,443.96000000000004,446.80999999999995,441.1100000000001,441.1100000000001,431.6362324889497,1230.1632625934674,124246.48952194021,win,-2.849999999999909,114246.4895219403
2026-04-20 01:15:00+00:00,2026-04-21 00:05:00+00:00,sell,434.92,444.65999999999997,425.18000000000006,444.65999999999997,127.56313092601727,-1242.464895219402,123004.02462672081,loss,9.739999999999952,113004.0246267209
2026-04-21 04:00:00+00:00,2026-04-21 04:50:00+00:00,buy,443.29999999999995,442.09000000000003,444.5099999999999,442.09000000000003,1016.5621869977576,-1230.0402462672082,121773.9843804536,loss,-1.2099999999999227,111773.9843804537
2026-04-21 09:30:00+00:00,2026-04-21 10:25:00+00:00,buy,441.71999999999997,440.8,442.63999999999993,442.63999999999993,1323.6302650049895,1217.7398438045361,122991.72422425814,win,0.9199999999999591,112991.72422425823
2026-04-21 10:35:00+00:00,2026-04-21 13:45:00+00:00,buy,443.07,441.39000000000004,444.74999999999994,444.74999999999994,732.093596572987,1229.9172422425816,124221.64146650072,win,1.67999999999995,114221.6414665008
2026-04-21 13:55:00+00:00,2026-04-21 14:10:00+00:00,buy,445.76,443.48,448.03999999999996,443.48,544.8317608179922,-1242.2164146650073,122979.42505183571,loss,-2.2799999999999727,112979.4250518358
2026-04-21 16:40:00+00:00,2026-04-21 17:30:00+00:00,buy,443.42999999999995,441.96000000000004,444.89999999999986,444.89999999999986,836.5947282438295,1229.794250518357,124209.21930235407,win,1.4699999999999136,114209.21930235416
2026-04-21 17:40:00+00:00,2026-04-21 20:20:00+00:00,buy,444.94,442.15000000000003,447.72999999999996,442.15000000000003,445.1943344170455,-1242.0921930235409,122967.12710933054,loss,-2.7899999999999636,112967.12710933063
2026-04-21 20:40:00+00:00,2026-04-21 22:35:00+00:00,buy,445.35999999999996,441.74,448.9799999999999,441.74,339.68819643461967,-1229.6712710933054,121737.45583823723,loss,-3.6199999999999477,111737.45583823732
2026-04-22 00:20:00+00:00,2026-04-22 02:00:00+00:00,buy,444.42999999999995,442.63000000000005,446.22999999999985,446.22999999999985,676.3191991013565,1217.3745583823725,122954.83039661961,win,1.7999999999998977,112954.8303966197
2026-04-22 02:40:00+00:00,2026-04-22 05:15:00+00:00,buy,446.29999999999995,443.45000000000005,449.14999999999986,449.14999999999986,431.4204575320124,1229.548303966196,124184.3787005858,win,2.849999999999909,114184.37870058589
2026-04-22 05:25:00+00:00,2026-04-22 06:55:00+00:00,buy,449.78,446.94000000000005,452.6199999999999,452.6199999999999,437.26893908658235,1241.843787005858,125426.22248759166,win,2.839999999999918,115426.22248759175
2026-04-22 07:05:00+00:00,2026-04-22 08:15:00+00:00,buy,452.84999999999997,449.79,455.9099999999999,455.9099999999999,409.8896159725291,1254.2622248759167,126680.48471246757,win,3.0599999999999454,116680.48471246766
2026-04-22 08:25:00+00:00,2026-04-22 08:35:00+00:00,buy,456.65,453.51000000000005,459.7899999999999,459.7899999999999,403.4410341161478,1266.8048471246757,127947.28955959225,win,3.1399999999999295,117947.28955959233
2026-04-22 08:50:00+00:00,2026-04-23 06:00:00+00:00,buy,466.04999999999995,454.1,477.9999999999999,454.1,107.06886155614474,-1279.4728955959224,126667.81666399632,loss,-11.949999999999932,116667.8166639964
2026-04-23 08:15:00+00:00,2026-04-23 08:30:00+00:00,sell,454.76000000000005,455.96999999999997,453.5500000000001,453.5500000000001,1046.8414600330943,1266.6781666399631,127934.49483063628,win,-1.2099999999999227,117934.49483063637
2026-04-23 08:40:00+00:00,2026-04-23 09:10:00+00:00,sell,453.34000000000003,455.90999999999997,450.7700000000001,455.90999999999997,497.7995907806982,-1279.3449483063628,126655.14988232992,loss,2.5699999999999363,116655.14988233
2026-04-23 10:40:00+00:00,2026-04-23 12:05:00+00:00,sell,454.56,456.05999999999995,453.06000000000006,453.06000000000006,844.3676658822314,1266.5514988232992,127921.70138115322,win,-1.4999999999999432,117921.70138115331
2026-04-23 13:10:00+00:00,2026-04-23 14:50:00+00:00,sell,452.35,455.45,449.25000000000006,455.45,412.65064961662785,-1279.2170138115323,126642.48436734169,loss,3.099999999999966,116642.48436734178
2026-04-23 19:55:00+00:00,2026-04-23 20:35:00+00:00,sell,455.49,457.61999999999995,453.36000000000007,453.36000000000007,594.5656543067856,1266.424843673417,127908.90921101511,win,-2.1299999999999386,117908.9092110152
2026-04-23 20:45:00+00:00,2026-04-23 23:25:00+00:00,sell,452.90000000000003,457.02,448.7800000000001,457.02,310.4585175024678,-1279.0890921101511,126629.82011890496,loss,4.119999999999948,116629.82011890505
2026-04-24 02:40:00+00:00,2026-04-24 03:15:00+00:00,buy,459.23999999999995,458.23,460.2499999999999,460.2499999999999,1253.7605952367646,1266.2982011890497,127896.11832009401,win,1.009999999999934,117896.1183200941
2026-04-24 03:30:00+00:00,2026-04-24 04:20:00+00:00,buy,460.34999999999997,458.33000000000004,462.3699999999999,458.33000000000004,633.1491005945484,-1278.9611832009402,126617.15713689307,loss,-2.019999999999925,116617.15713689316
2026-04-24 09:05:00+00:00,2026-04-24 13:15:00+00:00,sell,455.12,456.55999999999995,453.68000000000006,453.68000000000006,879.2858134506824,1266.1715713689307,127883.32870826201,win,-1.4399999999999409,117883.3287082621
2026-04-24 15:15:00+00:00,2026-04-24 16:05:00+00:00,sell,455.83000000000004,457.33,454.3300000000001,457.33,852.555524721779,-1278.83328708262,126604.49542117938,loss,1.4999999999999432,116604.49542117947
2026-04-24 18:10:00+00:00,2026-04-24 18:40:00+00:00,buy,457.64,455.98,459.29999999999995,459.29999999999995,762.6776832601314,1266.0449542117938,127870.54037539118,win,1.6599999999999682,117870.54037539127
2026-04-24 18:50:00+00:00,2026-04-24 20:30:00+00:00,buy,459.78,457.08000000000004,462.4799999999999,457.08000000000004,473.5945939829423,-1278.705403753912,126591.83497163728,loss,-2.699999999999932,116591.83497163736
2026-04-25 01:10:00+00:00,2026-04-25 01:35:00+00:00,sell,455.45000000000005,456.14,454.7600000000001,454.7600000000001,1834.6642749514222,1265.9183497163729,127857.75332135365,win,-0.6899999999999409,117857.75332135374
2026-04-25 03:15:00+00:00,2026-04-25 04:15:00+00:00,sell,454.68,455.4,453.96000000000004,455.4,1775.8021294633181,-1278.5775332135365,126579.17578814011,loss,0.7199999999999704,116579.1757881402
2026-04-25 04:50:00+00:00,2026-04-25 05:00:00+00:00,sell,454.57000000000005,455.51,453.6300000000001,453.6300000000001,1346.5869764696604,1265.791757881401,127844.96754602151,win,-0.9399999999999409,117844.9675460216
2026-04-25 06:25:00+00:00,2026-04-25 09:15:00+00:00,sell,454.11,454.90999999999997,453.31000000000006,454.90999999999997,1598.0620943253598,-1278.449675460215,126566.51787056129,loss,0.7999999999999545,116566.51787056138
2026-04-25 09:25:00+00:00,2026-04-25 14:20:00+00:00,sell,454.14000000000004,455.16999999999996,453.1100000000001,453.1100000000001,1228.801144374482,1265.665178705613,127832.18304926691,win,-1.0299999999999159,117832.183049267
2026-04-25 14:30:00+00:00,2026-04-25 16:40:00+00:00,sell,453.0,453.89,452.11,453.89,1436.3166634749311,-1278.321830492669,126553.86121877424,loss,0.8899999999999864,116553.86121877433
2026-04-25 17:00:00+00:00,2026-04-25 18:15:00+00:00,sell,453.07000000000005,454.05999999999995,452.08000000000015,454.05999999999995,1278.3218304928043,-1265.5386121877425,125288.3226065865,loss,0.9899999999998954,115288.32260658659
2026-04-25 18:50:00+00:00,2026-04-26 05:00:00+00:00,sell,452.45000000000005,454.25,450.6500000000001,450.6500000000001,696.046236703276,1252.883226065865,126541.20583265237,win,-1.7999999999999545,116541.20583265246
2026-04-26 06:25:00+00:00,2026-04-26 06:35:00+00:00,sell,451.51000000000005,452.11999999999995,450.90000000000015,450.90000000000015,2074.4459972569366,1265.4120583265237,127806.61789097889,win,-0.6099999999999,117806.61789097897
2026-04-26 09:15:00+00:00,2026-04-26 13:50:00+00:00,sell,452.53000000000003,453.65,451.4100000000001,451.4100000000001,1141.1305168837935,1278.066178909789,129084.68406988868,win,-1.1199999999999477,119084.68406988877
2026-04-26 15:05:00+00:00,2026-04-26 15:45:00+00:00,sell,451.57000000000005,452.19,450.9500000000001,450.9500000000001,2082.011033385477,1290.8468406988868,130375.53091058756,win,-0.6199999999999477,120375.53091058765
2026-04-26 16:00:00+00:00,2026-04-26 21:10:00+00:00,sell,450.63000000000005,451.96,449.3000000000001,451.96,980.2671497037196,-1303.7553091058758,129071.77560148168,loss,1.3299999999999272,119071.77560148177
2026-04-27 01:05:00+00:00,2026-04-27 04:50:00+00:00,buy,453.80999999999995,451.26000000000005,456.35999999999984,456.35999999999984,506.1638258881838,1290.7177560148168,130362.4933574965,win,2.5499999999998977,120362.49335749658
2026-04-27 06:30:00+00:00,2026-04-27 06:50:00+00:00,buy,455.26,454.13000000000005,456.38999999999993,454.13000000000005,1153.650383694722,-1303.624933574965,129058.86842392154,loss,-1.1299999999999386,119058.86842392162
2026-04-27 09:05:00+00:00,2026-04-27 09:30:00+00:00,sell,446.92,448.26,445.58000000000004,445.58000000000004,963.1258837606265,1290.5886842392154,130349.45710816076,win,-1.339999999999975,120349.45710816084
2026-04-27 11:00:00+00:00,2026-04-27 12:00:00+00:00,sell,445.48,446.76,444.20000000000005,446.76,1018.3551336575276,-1303.4945710816075,129045.96253707915,loss,1.2799999999999727,119045.96253707923
2026-04-27 13:15:00+00:00,2026-04-27 15:15:00+00:00,sell,446.27000000000004,447.45,445.0900000000001,447.45,1093.6098520091916,-1290.4596253707914,127755.50291170836,loss,1.17999999999995,117755.50291170845
2026-04-27 18:05:00+00:00,2026-04-27 18:20:00+00:00,sell,451.15000000000003,454.0,448.30000000000007,448.30000000000007,448.2649224972277,1277.5550291170837,129033.05794082544,win,-2.849999999999966,119033.05794082553
2026-04-27 19:10:00+00:00,2026-04-28 18:05:00+00:00,sell,447.89000000000004,453.7,442.0800000000001,442.0800000000001,222.08787941622487,1290.3305794082544,130323.3885202337,win,-5.809999999999945,120323.38852023378
2026-04-28 19:40:00+00:00,2026-04-28 20:35:00+00:00,sell,443.88000000000005,445.65,442.1100000000001,445.65,736.2903306228204,-1303.233885202337,129020.15463503136,loss,1.769999999999925,119020.15463503145
2026-04-28 23:05:00+00:00,2026-04-28 23:10:00+00:00,buy,448.76,447.57000000000005,449.94999999999993,449.94999999999993,1084.202980126368,1290.2015463503137,130310.35618138168,win,1.1899999999999409,120310.35618138177
2026-04-28 23:20:00+00:00,2026-04-29 16:45:00+00:00,buy,452.22999999999996,447.95000000000005,456.5099999999999,447.95000000000005,304.46344902192584,-1303.103561813817,129007.25261956787,loss,-4.279999999999916,119007.25261956795
2026-04-29 21:05:00+00:00,2026-04-29 21:10:00+00:00,sell,444.77000000000004,446.80999999999995,442.73000000000013,442.73000000000013,632.3884932332047,1290.0725261956786,130297.32514576355,win,-2.0399999999999068,120297.32514576364
2026-04-30 02:35:00+00:00,2026-04-30 02:45:00+00:00,sell,445.58000000000004,446.38,444.7800000000001,446.38,1628.716564322137,-1302.9732514576356,128994.35189430592,loss,0.7999999999999545,118994.351894306
2026-04-30 04:05:00+00:00,2026-04-30 05:30:00+00:00,sell,446.37,447.76,444.98,444.98,928.0169201029294,1289.9435189430592,130284.29541324898,win,-1.3899999999999864,120284.29541324907
2026-04-30 05:40:00+00:00,2026-04-30 08:25:00+00:00,sell,444.37,447.45,441.29,441.29,423.0009591339275,1302.84295413249,131587.13836738147,win,-3.079999999999984,121587.13836738156
2026-04-30 11:50:00+00:00,2026-04-30 12:25:00+00:00,sell,443.36,444.42999999999995,442.2900000000001,444.42999999999995,1229.786339882143,-1315.8713836738148,130271.26698370765,loss,1.0699999999999363,120271.26698370774
2026-04-30 13:25:00+00:00,2026-04-30 13:50:00+00:00,sell,443.26000000000005,444.61999999999995,441.90000000000015,441.90000000000015,957.876963115568,1302.7126698370766,131573.97965354472,win,-1.3599999999999,121573.97965354481
2026-04-30 15:55:00+00:00,2026-04-30 16:05:00+00:00,sell,442.48,444.01,440.95000000000005,440.95000000000005,859.960651330373,1315.7397965354473,132889.71945008019,win,-1.5299999999999727,122889.71945008026
2026-04-30 16:15:00+00:00,2026-05-01 07:20:00+00:00,sell,440.69000000000005,443.77,437.6100000000001,443.77,431.4601280846861,-1328.8971945008018,131560.82225557938,loss,3.0799999999999272,121560.82225557945
2026-05-01 16:05:00+00:00,2026-05-01 16:15:00+00:00,buy,443.52,442.67,444.36999999999995,444.36999999999995,1547.7743794774667,1315.6082225557939,132876.43047813518,win,0.8499999999999659,122876.43047813524
2026-05-01 16:25:00+00:00,2026-05-01 16:40:00+00:00,buy,445.57,442.56,448.58,448.58,441.44993514330764,1328.764304781352,134205.19478291654,win,3.009999999999991,124205.19478291659
2026-05-01 16:50:00+00:00,2026-05-01 17:10:00+00:00,buy,449.83,445.43,454.22999999999996,454.22999999999996,305.0118063248119,1342.0519478291656,135547.2467307457,win,4.399999999999977,125547.24673074576
2026-05-01 19:10:00+00:00,2026-05-01 19:20:00+00:00,buy,451.65,450.08000000000004,453.2199999999999,450.08000000000004,863.3582594315365,-1355.4724673074572,134191.77426343824,loss,-1.5699999999999363,124191.7742634383
2026-05-01 20:35:00+00:00,2026-05-02 00:50:00+00:00,buy,451.38,449.38000000000005,453.37999999999994,449.38000000000005,670.9588713172103,-1341.9177426343824,132849.85652080385,loss,-1.9999999999999432,122849.85652080392
2026-05-02 02:10:00+00:00,2026-05-02 03:15:00+00:00,buy,449.46999999999997,448.6,450.3399999999999,450.3399999999999,1527.0098450668029,1328.4985652080386,134178.3550860119,win,0.8699999999999477,124178.35508601196
2026-05-02 03:25:00+00:00,2026-05-02 07:05:00+00:00,buy,450.64,448.83000000000004,452.44999999999993,448.83000000000004,741.3168789282649,-1341.783550860119,132836.57153515177,loss,-1.8099999999999454,122836.57153515184
2026-05-02 09:00:00+00:00,2026-05-02 09:30:00+00:00,buy,449.38,447.95000000000005,450.80999999999995,447.95000000000005,928.9270736724226,-1328.3657153515178,131508.20581980026,loss,-1.42999999999995,121508.20581980032
2026-05-02 14:05:00+00:00,2026-05-02 14:10:00+00:00,sell,446.67,447.14,446.20000000000005,446.20000000000005,2798.046932336352,1315.0820581980026,132823.28787799826,win,-0.46999999999997044,122823.28787799833
2026-05-02 14:20:00+00:00,2026-05-02 14:30:00+00:00,sell,445.42,447.01,443.83000000000004,443.83000000000004,835.3665904276752,1328.2328787799827,134151.52075677825,win,-1.589999999999975,124151.5207567783
2026-05-02 14:40:00+00:00,2026-05-02 17:50:00+00:00,sell,443.79,445.78999999999996,441.7900000000001,445.78999999999996,670.7576037839103,-1341.5152075677825,132810.00554921047,loss,1.9999999999999432,122810.00554921053
2026-05-02 20:20:00+00:00,2026-05-03 00:35:00+00:00,sell,445.11,446.34,443.88000000000005,446.34,1079.756142676542,-1328.1000554921047,131481.90549371837,loss,1.2299999999999613,121481.90549371843
2026-05-03 02:00:00+00:00,2026-05-03 03:05:00+00:00,sell,444.6,445.28,443.9200000000001,443.9200000000001,1933.5574337312946,1314.8190549371836,132796.72454865556,win,-0.67999999999995,122796.7245486556
2026-05-03 03:15:00+00:00,2026-05-03 03:50:00+00:00,sell,443.59000000000003,444.65999999999997,442.5200000000001,442.5200000000001,1241.0908836323688,1327.9672454865556,134124.69179414213,win,-1.0699999999999363,124124.69179414216
2026-05-03 04:30:00+00:00,2026-05-03 14:35:00+00:00,sell,442.24,444.15,440.33000000000004,444.15,702.2235172468291,-1341.2469179414213,132783.4448762007,loss,1.9099999999999682,122783.44487620074
2026-05-03 22:10:00+00:00,2026-05-03 22:30:00+00:00,sell,443.70000000000005,444.15999999999997,443.2400000000001,443.2400000000001,2886.596627743979,1327.834448762007,134111.2793249627,win,-0.4599999999999227,124111.27932496274
2026-05-03 22:45:00+00:00,2026-05-03 23:35:00+00:00,sell,443.19000000000005,444.09999999999997,442.28000000000014,444.09999999999997,1473.750322252481,-1341.112793249627,132770.16653171307,loss,0.9099999999999113,122770.16653171311
2026-05-03 23:45:00+00:00,2026-05-04 01:15:00+00:00,sell,443.19000000000005,444.47999999999996,441.90000000000015,444.47999999999996,1029.226097145137,-1327.7016653171306,131442.46486639592,loss,1.2899999999999068,121442.46486639598
2026-05-04 02:05:00+00:00,2026-05-04 02:20:00+00:00,sell,443.69000000000005,445.05999999999995,442.32000000000016,442.32000000000016,959.4340501197547,1314.4246486639593,132756.88951505988,win,-1.3699999999998909,122756.88951505994
2026-05-04 02:50:00+00:00,2026-05-04 04:55:00+00:00,sell,441.55,444.46,438.64000000000004,444.46,456.20924231979836,-1327.5688951505988,131429.3206199093,loss,2.909999999999968,121429.32061990934
2026-05-04 06:10:00+00:00,2026-05-04 08:25:00+00:00,buy,448.23999999999995,446.08000000000004,450.39999999999986,446.08000000000004,608.4690769440496,-1314.293206199093,130115.02741371021,loss,-2.1599999999999113,120115.02741371025
2026-05-04 11:30:00+00:00,2026-05-04 11:45:00+00:00,buy,445.78,444.58000000000004,446.9799999999999,444.58000000000004,1084.2918951143133,-1301.150274137102,128813.8771395731,loss,-1.1999999999999318,118813.87713957315
2026-05-04 14:35:00+00:00,2026-05-04 14:55:00+00:00,sell,441.26000000000005,442.75,439.7700000000001,442.75,864.5226653662902,-1288.138771395731,127525.73836817736,loss,1.4899999999999523,117525.73836817741
2026-05-04 17:00:00+00:00,2026-05-04 17:45:00+00:00,sell,441.18,443.21,439.15000000000003,443.21,628.2056077250202,-1275.2573836817737,126250.48098449559,loss,2.0299999999999727,116250.48098449563
2026-05-04 18:15:00+00:00,2026-05-04 18:50:00+00:00,sell,441.41,443.88,438.94000000000005,438.94000000000005,511.13555054452263,1262.5048098449558,127512.98579434055,win,-2.4699999999999704,117512.9857943406
2026-05-04 22:05:00+00:00,2026-05-04 23:25:00+00:00,sell,442.05,443.34999999999997,440.75000000000006,443.34999999999997,980.8691214949616,-1275.1298579434056,126237.85593639714,loss,1.2999999999999545,116237.85593639719
2026-05-05 00:45:00+00:00,2026-05-05 05:45:00+00:00,sell,442.61,443.86999999999995,441.3500000000001,441.3500000000001,1001.8877455270139,1262.3785593639714,127500.23449576112,win,-1.259999999999934,117500.23449576116
2026-05-05 07:05:00+00:00,2026-05-05 07:50:00+00:00,sell,443.59000000000003,444.55999999999995,442.6200000000001,442.6200000000001,1314.4354071729122,1275.0023449576113,128775.23684071873,win,-0.9699999999999136,118775.23684071878
2026-05-05 08:00:00+00:00,2026-05-05 08:20:00+00:00,sell,442.59000000000003,443.40999999999997,441.7700000000001,443.40999999999997,1570.4297175698625,-1287.7523684071873,127487.48447231154,loss,0.8199999999999363,117487.48447231158
2026-05-05 10:20:00+00:00,2026-05-05 10:35:00+00:00,buy,444.16999999999996,443.29,445.0499999999999,445.0499999999999,1448.7214144581867,1274.8748447231153,128762.35931703466,win,0.8799999999999386,118762.3593170347
2026-05-05 10:45:00+00:00,2026-05-05 11:25:00+00:00,buy,445.23999999999995,443.58000000000004,446.89999999999986,446.89999999999986,775.6768633556719,1287.6235931703466,130049.982910205,win,1.6599999999999113,120049.98291020504
2026-05-05 11:35:00+00:00,2026-05-05 13:35:00+00:00,buy,450.14,444.6,455.67999999999995,455.67999999999995,234.74726157076867,1300.49982910205,131350.48273930704,win,5.539999999999964,121350.48273930709
2026-05-05 13:45:00+00:00,2026-05-05 13:50:00+00:00,buy,455.96999999999997,452.89000000000004,459.0499999999999,459.0499999999999,426.4626062964615,1313.5048273930704,132663.98756670012,win,3.0799999999999272,122663.98756670016
2026-05-05 14:05:00+00:00,2026-05-05 17:20:00+00:00,buy,459.15,453.69000000000005,464.6099999999999,453.69000000000005,242.97433620275092,-1326.6398756670012,131337.34769103312,loss,-5.459999999999923,121337.34769103317
2026-05-05 18:35:00+00:00,2026-05-05 19:35:00+00:00,buy,455.23999999999995,453.15000000000003,457.32999999999987,453.15000000000003,628.4083621580778,-1313.3734769103312,130023.97421412279,loss,-2.089999999999918,120023.97421412283
2026-05-05 21:05:00+00:00,2026-05-05 21:20:00+00:00,buy,453.5,452.42,454.58,452.42,1203.9256871678213,-1300.2397421412277,128723.73447198156,loss,-1.079999999999984,118723.7344719816
2026-05-05 21:55:00+00:00,2026-05-05 23:25:00+00:00,buy,453.58,452.13000000000005,455.0299999999999,455.0299999999999,887.7498929102594,1287.2373447198156,130010.97181670138,win,1.4499999999999318,120010.97181670142
2026-05-05 23:35:00+00:00,2026-05-06 01:35:00+00:00,buy,455.10999999999996,453.15000000000003,457.0699999999999,453.15000000000003,663.3212847791149,-1300.1097181670139,128710.86209853436,loss,-1.9599999999999227,118710.8620985344
2026-05-06 01:45:00+00:00,2026-05-06 01:50:00+00:00,buy,455.35999999999996,452.90000000000003,457.8199999999999,457.8199999999999,523.2148865794244,1287.1086209853436,129997.9707195197,win,2.4599999999999227,119997.97071951974
2026-05-06 02:00:00+00:00,2026-05-06 07:35:00+00:00,buy,462.11999999999995,452.22,472.01999999999987,472.01999999999987,131.31108153486946,1299.979707195197,131297.9504267149,win,9.89999999999992,121297.95042671493
2026-05-06 07:50:00+00:00,2026-05-07 13:55:00+00:00,buy,473.34,456.61,490.06999999999994,456.61,78.48054418811428,-1312.979504267149,129984.97092244776,loss,-16.72999999999996,119984.97092244778
2026-05-07 14:25:00+00:00,2026-05-07 15:10:00+00:00,sell,456.49,457.78999999999996,455.19000000000005,457.78999999999996,999.8843917111717,-1299.8497092244777,128685.12121322328,loss,1.2999999999999545,118685.1212132233
2026-05-07 16:25:00+00:00,2026-05-07 16:30:00+00:00,sell,458.1,459.28,456.9200000000001,456.9200000000001,1090.551874688379,1286.8512121322326,129971.9724253555,win,-1.17999999999995,119971.97242535553
2026-05-07 16:40:00+00:00,2026-05-07 16:50:00+00:00,sell,456.8,459.2,454.40000000000003,454.40000000000003,541.5498851056531,1299.7197242535551,131271.69214960907,win,-2.3999999999999773,121271.6921496091
2026-05-07 17:00:00+00:00,2026-05-07 17:20:00+00:00,sell,454.21000000000004,457.65,450.7700000000001,450.7700000000001,381.6037562488701,1312.7169214960907,132584.40907110515,win,-3.439999999999941,122584.40907110518
2026-05-07 17:35:00+00:00,2026-05-08 18:15:00+00:00,sell,450.51000000000005,454.41999999999996,446.60000000000014,446.60000000000014,339.0905602841641,1325.8440907110516,133910.25316181622,win,-3.9099999999999113,123910.25316181623
2026-05-09 07:05:00+00:00,2026-05-09 07:35:00+00:00,buy,451.96,450.45000000000005,453.4699999999999,450.45000000000005,886.8228686213382,-1339.1025316181622,132571.15063019807,loss,-1.509999999999934,122571.15063019807
2026-05-09 10:25:00+00:00,2026-05-09 11:00:00+00:00,sell,448.92,449.76,448.08000000000004,449.76,1578.2279836928813,-1325.7115063019808,131245.4391238961,loss,0.839999999999975,121245.4391238961
2026-05-09 11:25:00+00:00,2026-05-09 13:05:00+00:00,sell,448.86,449.94,447.78000000000003,447.78000000000003,1215.2355474435003,1312.454391238961,132557.89351513505,win,-1.079999999999984,122557.89351513506
2026-05-09 14:30:00+00:00,2026-05-09 14:45:00+00:00,sell,448.67,449.26,448.08000000000004,449.26,2246.7439578837398,-1325.5789351513504,131232.3145799837,loss,0.589999999999975,121232.31457998371
